source_id,target_id,license,similarity,source,unbiased
DB00777,DB01069,CC0 1.0,0.7903,Dice similarity of ECFPs,true
DB00777,DB01069,CC0 1.0,0.7903,Dice similarity of ECFPs,true
DB00613,DB01103,CC0 1.0,0.5733,Dice similarity of ECFPs,true
DB00613,DB01103,CC0 1.0,0.5733,Dice similarity of ECFPs,true
DB00209,DB01231,CC0 1.0,0.5752,Dice similarity of ECFPs,true
DB00209,DB01231,CC0 1.0,0.5752,Dice similarity of ECFPs,true
DB01112,DB01327,CC0 1.0,0.5062,Dice similarity of ECFPs,true
DB01112,DB01327,CC0 1.0,0.5062,Dice similarity of ECFPs,true
DB04794,DB00257,CC0 1.0,0.6438,Dice similarity of ECFPs,true
DB04794,DB00257,CC0 1.0,0.6438,Dice similarity of ECFPs,true
DB01262,DB00432,CC0 1.0,0.5979,Dice similarity of ECFPs,true
DB01262,DB00432,CC0 1.0,0.5979,Dice similarity of ECFPs,true
DB05245,DB01299,CC0 1.0,0.5556,Dice similarity of ECFPs,true
DB05245,DB01299,CC0 1.0,0.5556,Dice similarity of ECFPs,true
DB01589,DB00690,CC0 1.0,0.7172,Dice similarity of ECFPs,true
DB01589,DB00690,CC0 1.0,0.7172,Dice similarity of ECFPs,true
DB00603,DB00741,CC0 1.0,0.5714,Dice similarity of ECFPs,true
DB00603,DB00741,CC0 1.0,0.5714,Dice similarity of ECFPs,true
DB01594,DB01489,CC0 1.0,0.5634,Dice similarity of ECFPs,true
DB01594,DB01489,CC0 1.0,0.5634,Dice similarity of ECFPs,true
DB00430,DB00567,CC0 1.0,0.5246,Dice similarity of ECFPs,true
DB00430,DB00567,CC0 1.0,0.5246,Dice similarity of ECFPs,true
DB00186,DB01594,CC0 1.0,0.6667,Dice similarity of ECFPs,true
DB00186,DB01594,CC0 1.0,0.6667,Dice similarity of ECFPs,true
DB01222,DB00635,CC0 1.0,0.6242,Dice similarity of ECFPs,true
DB01222,DB00635,CC0 1.0,0.6242,Dice similarity of ECFPs,true
DB00349,DB00408,CC0 1.0,0.5079,Dice similarity of ECFPs,true
DB00349,DB00408,CC0 1.0,0.5079,Dice similarity of ECFPs,true
DB00186,DB00683,CC0 1.0,0.544,Dice similarity of ECFPs,true
DB00186,DB00683,CC0 1.0,0.544,Dice similarity of ECFPs,true
DB08970,DB00687,CC0 1.0,0.6757,Dice similarity of ECFPs,true
DB08970,DB00687,CC0 1.0,0.6757,Dice similarity of ECFPs,true
DB01139,DB00229,CC0 1.0,0.5434,Dice similarity of ECFPs,true
DB01139,DB00229,CC0 1.0,0.5434,Dice similarity of ECFPs,true
DB00623,DB00902,CC0 1.0,0.527,Dice similarity of ECFPs,true
DB00623,DB00902,CC0 1.0,0.527,Dice similarity of ECFPs,true
DB00477,DB00680,CC0 1.0,0.5306,Dice similarity of ECFPs,true
DB00477,DB00680,CC0 1.0,0.5306,Dice similarity of ECFPs,true
DB01013,DB01234,CC0 1.0,0.795,Dice similarity of ECFPs,true
DB01013,DB01234,CC0 1.0,0.795,Dice similarity of ECFPs,true
DB01320,DB00812,CC0 1.0,0.5294,Dice similarity of ECFPs,true
DB01320,DB00812,CC0 1.0,0.5294,Dice similarity of ECFPs,true
DB00950,DB00333,CC0 1.0,0.5089,Dice similarity of ECFPs,true
DB00950,DB00333,CC0 1.0,0.5089,Dice similarity of ECFPs,true
DB00860,DB08970,CC0 1.0,0.6575,Dice similarity of ECFPs,true
DB00860,DB08970,CC0 1.0,0.6575,Dice similarity of ECFPs,true
DB00917,DB00429,CC0 1.0,0.5375,Dice similarity of ECFPs,true
DB00917,DB00429,CC0 1.0,0.5375,Dice similarity of ECFPs,true
DB01332,DB00671,CC0 1.0,0.7152,Dice similarity of ECFPs,true
DB01332,DB00671,CC0 1.0,0.7152,Dice similarity of ECFPs,true
DB00899,DB00813,CC0 1.0,0.527,Dice similarity of ECFPs,true
DB00899,DB00813,CC0 1.0,0.527,Dice similarity of ECFPs,true
DB00562,DB01021,CC0 1.0,0.5323,Dice similarity of ECFPs,true
DB00562,DB01021,CC0 1.0,0.5323,Dice similarity of ECFPs,true
DB08796,DB00850,CC0 1.0,0.5185,Dice similarity of ECFPs,true
DB08796,DB00850,CC0 1.0,0.5185,Dice similarity of ECFPs,true
DB01146,DB08954,CC0 1.0,0.5191,Dice similarity of ECFPs,true
DB01146,DB08954,CC0 1.0,0.5191,Dice similarity of ECFPs,true
DB04837,DB00748,CC0 1.0,0.531,Dice similarity of ECFPs,true
DB04837,DB00748,CC0 1.0,0.531,Dice similarity of ECFPs,true
DB08827,DB01419,CC0 1.0,0.5287,Dice similarity of ECFPs,true
DB08827,DB01419,CC0 1.0,0.5287,Dice similarity of ECFPs,true
DB00959,DB00443,CC0 1.0,0.6486,Dice similarity of ECFPs,true
DB00959,DB00443,CC0 1.0,0.6486,Dice similarity of ECFPs,true
DB01203,DB01291,CC0 1.0,0.5143,Dice similarity of ECFPs,true
DB01203,DB01291,CC0 1.0,0.5143,Dice similarity of ECFPs,true
DB00349,DB00842,CC0 1.0,0.5517,Dice similarity of ECFPs,true
DB00349,DB00842,CC0 1.0,0.5517,Dice similarity of ECFPs,true
DB00366,DB00289,CC0 1.0,0.5,Dice similarity of ECFPs,true
DB00366,DB00289,CC0 1.0,0.5,Dice similarity of ECFPs,true
DB00603,DB00324,CC0 1.0,0.527,Dice similarity of ECFPs,true
DB00603,DB00324,CC0 1.0,0.527,Dice similarity of ECFPs,true
DB00663,DB08906,CC0 1.0,0.715,Dice similarity of ECFPs,true
DB00663,DB08906,CC0 1.0,0.715,Dice similarity of ECFPs,true
DB04552,DB00784,CC0 1.0,0.5333,Dice similarity of ECFPs,true
DB04552,DB00784,CC0 1.0,0.5333,Dice similarity of ECFPs,true
DB01021,DB00999,CC0 1.0,0.7423,Dice similarity of ECFPs,true
DB01021,DB00999,CC0 1.0,0.7423,Dice similarity of ECFPs,true
DB01545,DB00231,CC0 1.0,0.5581,Dice similarity of ECFPs,true
DB01545,DB00231,CC0 1.0,0.5581,Dice similarity of ECFPs,true
DB00560,DB00759,CC0 1.0,0.6289,Dice similarity of ECFPs,true
DB00560,DB00759,CC0 1.0,0.6289,Dice similarity of ECFPs,true
DB00404,DB01489,CC0 1.0,0.6324,Dice similarity of ECFPs,true
DB00404,DB01489,CC0 1.0,0.6324,Dice similarity of ECFPs,true
DB01076,DB00872,CC0 1.0,0.5133,Dice similarity of ECFPs,true
DB01076,DB00872,CC0 1.0,0.5133,Dice similarity of ECFPs,true
DB00794,DB00754,CC0 1.0,0.5517,Dice similarity of ECFPs,true
DB00794,DB00754,CC0 1.0,0.5517,Dice similarity of ECFPs,true
DB01191,DB01550,CC0 1.0,0.506,Dice similarity of ECFPs,true
DB01191,DB01550,CC0 1.0,0.506,Dice similarity of ECFPs,true
DB00948,DB08795,CC0 1.0,0.7024,Dice similarity of ECFPs,true
DB00948,DB08795,CC0 1.0,0.7024,Dice similarity of ECFPs,true
DB01001,DB00871,CC0 1.0,0.7126,Dice similarity of ECFPs,true
DB01001,DB00871,CC0 1.0,0.7126,Dice similarity of ECFPs,true
DB04890,DB08936,CC0 1.0,0.518,Dice similarity of ECFPs,true
DB04890,DB08936,CC0 1.0,0.518,Dice similarity of ECFPs,true
DB00270,DB00393,CC0 1.0,0.671,Dice similarity of ECFPs,true
DB00270,DB00393,CC0 1.0,0.671,Dice similarity of ECFPs,true
DB00187,DB00489,CC0 1.0,0.5094,Dice similarity of ECFPs,true
DB00187,DB00489,CC0 1.0,0.5094,Dice similarity of ECFPs,true
DB01047,DB08970,CC0 1.0,0.5562,Dice similarity of ECFPs,true
DB01047,DB08970,CC0 1.0,0.5562,Dice similarity of ECFPs,true
DB01015,DB05245,CC0 1.0,0.5567,Dice similarity of ECFPs,true
DB01015,DB05245,CC0 1.0,0.5567,Dice similarity of ECFPs,true
DB00473,DB00219,CC0 1.0,0.544,Dice similarity of ECFPs,true
DB00473,DB00219,CC0 1.0,0.544,Dice similarity of ECFPs,true
DB00123,DB00125,CC0 1.0,0.6667,Dice similarity of ECFPs,true
DB00123,DB00125,CC0 1.0,0.6667,Dice similarity of ECFPs,true
DB01208,DB00978,CC0 1.0,0.6014,Dice similarity of ECFPs,true
DB01208,DB00978,CC0 1.0,0.6014,Dice similarity of ECFPs,true
DB01081,DB01501,CC0 1.0,0.9167,Dice similarity of ECFPs,true
DB01081,DB01501,CC0 1.0,0.9167,Dice similarity of ECFPs,true
DB00836,DB00257,CC0 1.0,0.538,Dice similarity of ECFPs,true
DB00836,DB00257,CC0 1.0,0.538,Dice similarity of ECFPs,true
DB01332,DB00535,CC0 1.0,0.7286,Dice similarity of ECFPs,true
DB01332,DB00535,CC0 1.0,0.7286,Dice similarity of ECFPs,true
DB01149,DB00850,CC0 1.0,0.5829,Dice similarity of ECFPs,true
DB01149,DB00850,CC0 1.0,0.5829,Dice similarity of ECFPs,true
DB00479,DB00994,CC0 1.0,0.6909,Dice similarity of ECFPs,true
DB00479,DB00994,CC0 1.0,0.6909,Dice similarity of ECFPs,true
DB01260,DB00240,CC0 1.0,0.6752,Dice similarity of ECFPs,true
DB01260,DB00240,CC0 1.0,0.6752,Dice similarity of ECFPs,true
DB01231,DB08990,CC0 1.0,0.5132,Dice similarity of ECFPs,true
DB01231,DB08990,CC0 1.0,0.5132,Dice similarity of ECFPs,true
DB00433,DB06148,CC0 1.0,0.5,Dice similarity of ECFPs,true
DB00433,DB06148,CC0 1.0,0.5,Dice similarity of ECFPs,true
DB00948,DB01604,CC0 1.0,0.6339,Dice similarity of ECFPs,true
DB00948,DB01604,CC0 1.0,0.6339,Dice similarity of ECFPs,true
DB00957,DB01420,CC0 1.0,0.5205,Dice similarity of ECFPs,true
DB00957,DB01420,CC0 1.0,0.5205,Dice similarity of ECFPs,true
DB01239,DB00850,CC0 1.0,0.5036,Dice similarity of ECFPs,true
DB01239,DB00850,CC0 1.0,0.5036,Dice similarity of ECFPs,true
DB01060,DB01061,CC0 1.0,0.6581,Dice similarity of ECFPs,true
DB01060,DB01061,CC0 1.0,0.6581,Dice similarity of ECFPs,true
DB01142,DB00726,CC0 1.0,0.5645,Dice similarity of ECFPs,true
DB01142,DB00726,CC0 1.0,0.5645,Dice similarity of ECFPs,true
DB08800,DB01620,CC0 1.0,0.5688,Dice similarity of ECFPs,true
DB08800,DB01620,CC0 1.0,0.5688,Dice similarity of ECFPs,true
DB00264,DB00571,CC0 1.0,0.6168,Dice similarity of ECFPs,true
DB00264,DB00571,CC0 1.0,0.6168,Dice similarity of ECFPs,true
DB04573,DB00977,CC0 1.0,0.7273,Dice similarity of ECFPs,true
DB04573,DB00977,CC0 1.0,0.7273,Dice similarity of ECFPs,true
DB01063,DB00850,CC0 1.0,0.8957,Dice similarity of ECFPs,true
DB01063,DB00850,CC0 1.0,0.8957,Dice similarity of ECFPs,true
DB00498,DB00676,CC0 1.0,0.5417,Dice similarity of ECFPs,true
DB00498,DB00676,CC0 1.0,0.5417,Dice similarity of ECFPs,true
DB00792,DB08799,CC0 1.0,0.5913,Dice similarity of ECFPs,true
DB00792,DB08799,CC0 1.0,0.5913,Dice similarity of ECFPs,true
DB00618,DB00256,CC0 1.0,0.6231,Dice similarity of ECFPs,true
DB00618,DB00256,CC0 1.0,0.6231,Dice similarity of ECFPs,true
DB01023,DB00393,CC0 1.0,0.6216,Dice similarity of ECFPs,true
DB01023,DB00393,CC0 1.0,0.6216,Dice similarity of ECFPs,true
DB01436,DB00136,CC0 1.0,0.8889,Dice similarity of ECFPs,true
DB01436,DB00136,CC0 1.0,0.8889,Dice similarity of ECFPs,true
DB00354,DB00836,CC0 1.0,0.5376,Dice similarity of ECFPs,true
DB00354,DB00836,CC0 1.0,0.5376,Dice similarity of ECFPs,true
DB00345,DB00634,CC0 1.0,0.56,Dice similarity of ECFPs,true
DB00345,DB00634,CC0 1.0,0.56,Dice similarity of ECFPs,true
DB08990,DB00745,CC0 1.0,0.5217,Dice similarity of ECFPs,true
DB08990,DB00745,CC0 1.0,0.5217,Dice similarity of ECFPs,true
DB00634,DB01299,CC0 1.0,0.5895,Dice similarity of ECFPs,true
DB00634,DB01299,CC0 1.0,0.5895,Dice similarity of ECFPs,true
DB01066,DB01415,CC0 1.0,0.5904,Dice similarity of ECFPs,true
DB01066,DB01415,CC0 1.0,0.5904,Dice similarity of ECFPs,true
DB00341,DB01624,CC0 1.0,0.5223,Dice similarity of ECFPs,true
DB00341,DB01624,CC0 1.0,0.5223,Dice similarity of ECFPs,true
DB01075,DB01146,CC0 1.0,0.6838,Dice similarity of ECFPs,true
DB01075,DB01146,CC0 1.0,0.6838,Dice similarity of ECFPs,true
DB04574,DB04575,CC0 1.0,0.6069,Dice similarity of ECFPs,true
DB04574,DB04575,CC0 1.0,0.6069,Dice similarity of ECFPs,true
DB01114,DB01237,CC0 1.0,0.5946,Dice similarity of ECFPs,true
DB01114,DB01237,CC0 1.0,0.5946,Dice similarity of ECFPs,true
DB01015,DB06150,CC0 1.0,0.7048,Dice similarity of ECFPs,true
DB01015,DB06150,CC0 1.0,0.7048,Dice similarity of ECFPs,true
DB00902,DB01621,CC0 1.0,0.5752,Dice similarity of ECFPs,true
DB00902,DB01621,CC0 1.0,0.5752,Dice similarity of ECFPs,true
DB00754,DB00752,CC0 1.0,0.5143,Dice similarity of ECFPs,true
DB00754,DB00752,CC0 1.0,0.5143,Dice similarity of ECFPs,true
DB00363,DB00475,CC0 1.0,0.5197,Dice similarity of ECFPs,true
DB00363,DB00475,CC0 1.0,0.5197,Dice similarity of ECFPs,true
DB00725,DB00572,CC0 1.0,0.6612,Dice similarity of ECFPs,true
DB00725,DB00572,CC0 1.0,0.6612,Dice similarity of ECFPs,true
DB00769,DB00396,CC0 1.0,0.586,Dice similarity of ECFPs,true
DB00769,DB00396,CC0 1.0,0.586,Dice similarity of ECFPs,true
DB00504,DB00652,CC0 1.0,0.6218,Dice similarity of ECFPs,true
DB00504,DB00652,CC0 1.0,0.6218,Dice similarity of ECFPs,true
DB00719,DB00540,CC0 1.0,0.5484,Dice similarity of ECFPs,true
DB00719,DB00540,CC0 1.0,0.5484,Dice similarity of ECFPs,true
DB00292,DB01364,CC0 1.0,0.5,Dice similarity of ECFPs,true
DB00292,DB01364,CC0 1.0,0.5,Dice similarity of ECFPs,true
DB01224,DB01621,CC0 1.0,0.5146,Dice similarity of ECFPs,true
DB01224,DB01621,CC0 1.0,0.5146,Dice similarity of ECFPs,true
DB00508,DB01246,CC0 1.0,0.6457,Dice similarity of ECFPs,true
DB00508,DB01246,CC0 1.0,0.6457,Dice similarity of ECFPs,true
DB00363,DB00334,CC0 1.0,0.7634,Dice similarity of ECFPs,true
DB00363,DB00334,CC0 1.0,0.7634,Dice similarity of ECFPs,true
DB01233,DB00892,CC0 1.0,0.5391,Dice similarity of ECFPs,true
DB01233,DB00892,CC0 1.0,0.5391,Dice similarity of ECFPs,true
DB00182,DB01577,CC0 1.0,0.7797,Dice similarity of ECFPs,true
DB00182,DB01577,CC0 1.0,0.7797,Dice similarity of ECFPs,true
DB01355,DB01354,CC0 1.0,0.6458,Dice similarity of ECFPs,true
DB01355,DB01354,CC0 1.0,0.6458,Dice similarity of ECFPs,true
DB00645,DB09002,CC0 1.0,0.5116,Dice similarity of ECFPs,true
DB00645,DB09002,CC0 1.0,0.5116,Dice similarity of ECFPs,true
DB01159,DB00753,CC0 1.0,0.5641,Dice similarity of ECFPs,true
DB01159,DB00753,CC0 1.0,0.5641,Dice similarity of ECFPs,true
DB00120,DB00191,CC0 1.0,0.6032,Dice similarity of ECFPs,true
DB00120,DB00191,CC0 1.0,0.6032,Dice similarity of ECFPs,true
DB00946,DB01418,CC0 1.0,0.7121,Dice similarity of ECFPs,true
DB00946,DB01418,CC0 1.0,0.7121,Dice similarity of ECFPs,true
DB00561,DB00813,CC0 1.0,0.5806,Dice similarity of ECFPs,true
DB00561,DB00813,CC0 1.0,0.5806,Dice similarity of ECFPs,true
DB00788,DB00573,CC0 1.0,0.6122,Dice similarity of ECFPs,true
DB00788,DB00573,CC0 1.0,0.6122,Dice similarity of ECFPs,true
DB00879,DB00709,CC0 1.0,0.7674,Dice similarity of ECFPs,true
DB00879,DB00709,CC0 1.0,0.7674,Dice similarity of ECFPs,true
DB00245,DB00813,CC0 1.0,0.5248,Dice similarity of ECFPs,true
DB00245,DB00813,CC0 1.0,0.5248,Dice similarity of ECFPs,true
DB01151,DB01142,CC0 1.0,0.5,Dice similarity of ECFPs,true
DB01151,DB01142,CC0 1.0,0.5,Dice similarity of ECFPs,true
DB00860,DB00288,CC0 1.0,0.5263,Dice similarity of ECFPs,true
DB00860,DB00288,CC0 1.0,0.5263,Dice similarity of ECFPs,true
DB01416,DB01327,CC0 1.0,0.5535,Dice similarity of ECFPs,true
DB01416,DB01327,CC0 1.0,0.5535,Dice similarity of ECFPs,true
DB00735,DB00539,CC0 1.0,0.5101,Dice similarity of ECFPs,true
DB00735,DB00539,CC0 1.0,0.5101,Dice similarity of ECFPs,true
DB01013,DB00547,CC0 1.0,0.717,Dice similarity of ECFPs,true
DB01013,DB00547,CC0 1.0,0.717,Dice similarity of ECFPs,true
DB00191,DB01626,CC0 1.0,0.5938,Dice similarity of ECFPs,true
DB00191,DB01626,CC0 1.0,0.5938,Dice similarity of ECFPs,true
DB00438,DB01415,CC0 1.0,0.5795,Dice similarity of ECFPs,true
DB00438,DB01415,CC0 1.0,0.5795,Dice similarity of ECFPs,true
DB00408,DB00972,CC0 1.0,0.5241,Dice similarity of ECFPs,true
DB00408,DB00972,CC0 1.0,0.5241,Dice similarity of ECFPs,true
DB01614,DB01623,CC0 1.0,0.52,Dice similarity of ECFPs,true
DB01614,DB01623,CC0 1.0,0.52,Dice similarity of ECFPs,true
DB09000,DB08996,CC0 1.0,0.5197,Dice similarity of ECFPs,true
DB09000,DB08996,CC0 1.0,0.5197,Dice similarity of ECFPs,true
DB00458,DB04837,CC0 1.0,0.5641,Dice similarity of ECFPs,true
DB00458,DB04837,CC0 1.0,0.5641,Dice similarity of ECFPs,true
DB00914,DB01550,CC0 1.0,0.5122,Dice similarity of ECFPs,true
DB00914,DB01550,CC0 1.0,0.5122,Dice similarity of ECFPs,true
DB00852,DB00217,CC0 1.0,0.5143,Dice similarity of ECFPs,true
DB00852,DB00217,CC0 1.0,0.5143,Dice similarity of ECFPs,true
DB08795,DB01603,CC0 1.0,0.6525,Dice similarity of ECFPs,true
DB08795,DB01603,CC0 1.0,0.6525,Dice similarity of ECFPs,true
DB01078,DB00390,CC0 1.0,0.8929,Dice similarity of ECFPs,true
DB01078,DB00390,CC0 1.0,0.8929,Dice similarity of ECFPs,true
DB00892,DB00721,CC0 1.0,0.7037,Dice similarity of ECFPs,true
DB00892,DB00721,CC0 1.0,0.7037,Dice similarity of ECFPs,true
DB01237,DB00321,CC0 1.0,0.5085,Dice similarity of ECFPs,true
DB01237,DB00321,CC0 1.0,0.5085,Dice similarity of ECFPs,true
DB00717,DB00396,CC0 1.0,0.5714,Dice similarity of ECFPs,true
DB00717,DB00396,CC0 1.0,0.5714,Dice similarity of ECFPs,true
DB02300,DB00153,CC0 1.0,0.7485,Dice similarity of ECFPs,true
DB02300,DB00153,CC0 1.0,0.7485,Dice similarity of ECFPs,true
DB00712,DB01595,CC0 1.0,0.5091,Dice similarity of ECFPs,true
DB00712,DB01595,CC0 1.0,0.5091,Dice similarity of ECFPs,true
DB01544,DB00829,CC0 1.0,0.7107,Dice similarity of ECFPs,true
DB01544,DB00829,CC0 1.0,0.7107,Dice similarity of ECFPs,true
DB01200,DB00247,CC0 1.0,0.5,Dice similarity of ECFPs,true
DB01200,DB00247,CC0 1.0,0.5,Dice similarity of ECFPs,true
DB00557,DB00656,CC0 1.0,0.5132,Dice similarity of ECFPs,true
DB00557,DB00656,CC0 1.0,0.5132,Dice similarity of ECFPs,true
DB01070,DB00153,CC0 1.0,0.85,Dice similarity of ECFPs,true
DB01070,DB00153,CC0 1.0,0.85,Dice similarity of ECFPs,true
DB00925,DB00813,CC0 1.0,0.5373,Dice similarity of ECFPs,true
DB00925,DB00813,CC0 1.0,0.5373,Dice similarity of ECFPs,true
DB00600,DB01576,CC0 1.0,0.5,Dice similarity of ECFPs,true
DB00600,DB01576,CC0 1.0,0.5,Dice similarity of ECFPs,true
DB00344,DB00940,CC0 1.0,0.5077,Dice similarity of ECFPs,true
DB00344,DB00940,CC0 1.0,0.5077,Dice similarity of ECFPs,true
DB00588,DB00896,CC0 1.0,0.5488,Dice similarity of ECFPs,true
DB00588,DB00896,CC0 1.0,0.5488,Dice similarity of ECFPs,true
DB01242,DB01403,CC0 1.0,0.5313,Dice similarity of ECFPs,true
DB01242,DB01403,CC0 1.0,0.5313,Dice similarity of ECFPs,true
DB00778,DB01321,CC0 1.0,0.5097,Dice similarity of ECFPs,true
DB00778,DB01321,CC0 1.0,0.5097,Dice similarity of ECFPs,true
DB06150,DB00576,CC0 1.0,0.6476,Dice similarity of ECFPs,true
DB06150,DB00576,CC0 1.0,0.6476,Dice similarity of ECFPs,true
DB01616,DB01075,CC0 1.0,0.5641,Dice similarity of ECFPs,true
DB01616,DB01075,CC0 1.0,0.5641,Dice similarity of ECFPs,true
DB00508,DB00477,CC0 1.0,0.8504,Dice similarity of ECFPs,true
DB00508,DB00477,CC0 1.0,0.8504,Dice similarity of ECFPs,true
DB01581,DB01382,CC0 1.0,0.5091,Dice similarity of ECFPs,true
DB01581,DB01382,CC0 1.0,0.5091,Dice similarity of ECFPs,true
DB01054,DB01115,CC0 1.0,0.7591,Dice similarity of ECFPs,true
DB01054,DB01115,CC0 1.0,0.7591,Dice similarity of ECFPs,true
DB00836,DB04837,CC0 1.0,0.5359,Dice similarity of ECFPs,true
DB00836,DB04837,CC0 1.0,0.5359,Dice similarity of ECFPs,true
DB01588,DB00829,CC0 1.0,0.8293,Dice similarity of ECFPs,true
DB01588,DB00829,CC0 1.0,0.8293,Dice similarity of ECFPs,true
DB01227,DB00865,CC0 1.0,0.5968,Dice similarity of ECFPs,true
DB01227,DB00865,CC0 1.0,0.5968,Dice similarity of ECFPs,true
DB00923,DB00689,CC0 1.0,0.6057,Dice similarity of ECFPs,true
DB00923,DB00689,CC0 1.0,0.6057,Dice similarity of ECFPs,true
DB00991,DB00812,CC0 1.0,0.5077,Dice similarity of ECFPs,true
DB00991,DB00812,CC0 1.0,0.5077,Dice similarity of ECFPs,true
DB00361,DB00570,CC0 1.0,0.8738,Dice similarity of ECFPs,true
DB00361,DB00570,CC0 1.0,0.8738,Dice similarity of ECFPs,true
DB00796,DB00177,CC0 1.0,0.6344,Dice similarity of ECFPs,true
DB00796,DB00177,CC0 1.0,0.6344,Dice similarity of ECFPs,true
DB00647,DB00836,CC0 1.0,0.503,Dice similarity of ECFPs,true
DB00647,DB00836,CC0 1.0,0.503,Dice similarity of ECFPs,true
DB00979,DB00572,CC0 1.0,0.5042,Dice similarity of ECFPs,true
DB00979,DB00572,CC0 1.0,0.5042,Dice similarity of ECFPs,true
DB01419,DB08976,CC0 1.0,0.6,Dice similarity of ECFPs,true
DB01419,DB08976,CC0 1.0,0.6,Dice similarity of ECFPs,true
DB01153,DB08943,CC0 1.0,0.8322,Dice similarity of ECFPs,true
DB01153,DB08943,CC0 1.0,0.8322,Dice similarity of ECFPs,true
DB00836,DB00333,CC0 1.0,0.5963,Dice similarity of ECFPs,true
DB00836,DB00333,CC0 1.0,0.5963,Dice similarity of ECFPs,true
DB01406,DB00741,CC0 1.0,0.5352,Dice similarity of ECFPs,true
DB01406,DB00741,CC0 1.0,0.5352,Dice similarity of ECFPs,true
DB01414,DB00671,CC0 1.0,0.5417,Dice similarity of ECFPs,true
DB01414,DB00671,CC0 1.0,0.5417,Dice similarity of ECFPs,true
DB00487,DB00537,CC0 1.0,0.6917,Dice similarity of ECFPs,true
DB00487,DB00537,CC0 1.0,0.6917,Dice similarity of ECFPs,true
DB00160,DB00151,CC0 1.0,0.6,Dice similarity of ECFPs,true
DB00160,DB00151,CC0 1.0,0.6,Dice similarity of ECFPs,true
DB00959,DB00838,CC0 1.0,0.5946,Dice similarity of ECFPs,true
DB00959,DB00838,CC0 1.0,0.5946,Dice similarity of ECFPs,true
DB08996,DB01403,CC0 1.0,0.5354,Dice similarity of ECFPs,true
DB08996,DB01403,CC0 1.0,0.5354,Dice similarity of ECFPs,true
DB01231,DB00376,CC0 1.0,0.6316,Dice similarity of ECFPs,true
DB01231,DB00376,CC0 1.0,0.6316,Dice similarity of ECFPs,true
DB00308,DB00489,CC0 1.0,0.6167,Dice similarity of ECFPs,true
DB00308,DB00489,CC0 1.0,0.6167,Dice similarity of ECFPs,true
DB00153,DB00136,CC0 1.0,0.642,Dice similarity of ECFPs,true
DB00153,DB00136,CC0 1.0,0.642,Dice similarity of ECFPs,true
DB00953,DB00669,CC0 1.0,0.708,Dice similarity of ECFPs,true
DB00953,DB00669,CC0 1.0,0.708,Dice similarity of ECFPs,true
DB00180,DB00838,CC0 1.0,0.6164,Dice similarity of ECFPs,true
DB00180,DB00838,CC0 1.0,0.6164,Dice similarity of ECFPs,true
DB00485,DB00578,CC0 1.0,0.6093,Dice similarity of ECFPs,true
DB00485,DB00578,CC0 1.0,0.6093,Dice similarity of ECFPs,true
DB00624,DB00894,CC0 1.0,0.5785,Dice similarity of ECFPs,true
DB00624,DB00894,CC0 1.0,0.5785,Dice similarity of ECFPs,true
DB00603,DB04839,CC0 1.0,0.6968,Dice similarity of ECFPs,true
DB00603,DB04839,CC0 1.0,0.6968,Dice similarity of ECFPs,true
DB00456,DB01415,CC0 1.0,0.5205,Dice similarity of ECFPs,true
DB00456,DB01415,CC0 1.0,0.5205,Dice similarity of ECFPs,true
DB00924,DB01069,CC0 1.0,0.5085,Dice similarity of ECFPs,true
DB00924,DB01069,CC0 1.0,0.5085,Dice similarity of ECFPs,true
DB00424,DB00422,CC0 1.0,0.5505,Dice similarity of ECFPs,true
DB00424,DB00422,CC0 1.0,0.5505,Dice similarity of ECFPs,true
DB01580,DB00195,CC0 1.0,0.5739,Dice similarity of ECFPs,true
DB01580,DB00195,CC0 1.0,0.5739,Dice similarity of ECFPs,true
DB00764,DB00223,CC0 1.0,0.7237,Dice similarity of ECFPs,true
DB00764,DB00223,CC0 1.0,0.7237,Dice similarity of ECFPs,true
DB00294,DB06710,CC0 1.0,0.5156,Dice similarity of ECFPs,true
DB00294,DB06710,CC0 1.0,0.5156,Dice similarity of ECFPs,true
DB00476,DB00735,CC0 1.0,0.5512,Dice similarity of ECFPs,true
DB00476,DB00735,CC0 1.0,0.5512,Dice similarity of ECFPs,true
DB00764,DB01234,CC0 1.0,0.84,Dice similarity of ECFPs,true
DB00764,DB01234,CC0 1.0,0.84,Dice similarity of ECFPs,true
DB01231,DB00950,CC0 1.0,0.6012,Dice similarity of ECFPs,true
DB01231,DB00950,CC0 1.0,0.6012,Dice similarity of ECFPs,true
DB00864,DB00877,CC0 1.0,0.6446,Dice similarity of ECFPs,true
DB00864,DB00877,CC0 1.0,0.6446,Dice similarity of ECFPs,true
DB08802,DB00726,CC0 1.0,0.55,Dice similarity of ECFPs,true
DB08802,DB00726,CC0 1.0,0.55,Dice similarity of ECFPs,true
DB01009,DB00676,CC0 1.0,0.56,Dice similarity of ECFPs,true
DB01009,DB00676,CC0 1.0,0.56,Dice similarity of ECFPs,true
DB01237,DB01036,CC0 1.0,0.5041,Dice similarity of ECFPs,true
DB01237,DB01036,CC0 1.0,0.5041,Dice similarity of ECFPs,true
DB00986,DB00942,CC0 1.0,0.5827,Dice similarity of ECFPs,true
DB00986,DB00942,CC0 1.0,0.5827,Dice similarity of ECFPs,true
DB00591,DB00288,CC0 1.0,0.6667,Dice similarity of ECFPs,true
DB00591,DB00288,CC0 1.0,0.6667,Dice similarity of ECFPs,true
DB00191,DB00780,CC0 1.0,0.6441,Dice similarity of ECFPs,true
DB00191,DB00780,CC0 1.0,0.6441,Dice similarity of ECFPs,true
DB00861,DB01399,CC0 1.0,0.5098,Dice similarity of ECFPs,true
DB00861,DB01399,CC0 1.0,0.5098,Dice similarity of ECFPs,true
DB00349,DB00477,CC0 1.0,0.521,Dice similarity of ECFPs,true
DB00349,DB00477,CC0 1.0,0.521,Dice similarity of ECFPs,true
DB00458,DB01151,CC0 1.0,0.8667,Dice similarity of ECFPs,true
DB00458,DB01151,CC0 1.0,0.8667,Dice similarity of ECFPs,true
DB01579,DB00752,CC0 1.0,0.5882,Dice similarity of ECFPs,true
DB01579,DB00752,CC0 1.0,0.5882,Dice similarity of ECFPs,true
DB01173,DB00573,CC0 1.0,0.5185,Dice similarity of ECFPs,true
DB01173,DB00573,CC0 1.0,0.5185,Dice similarity of ECFPs,true
DB01176,DB01231,CC0 1.0,0.5512,Dice similarity of ECFPs,true
DB01176,DB01231,CC0 1.0,0.5512,Dice similarity of ECFPs,true
DB00846,DB00896,CC0 1.0,0.5478,Dice similarity of ECFPs,true
DB00846,DB00896,CC0 1.0,0.5478,Dice similarity of ECFPs,true
DB01406,DB06718,CC0 1.0,0.5612,Dice similarity of ECFPs,true
DB01406,DB06718,CC0 1.0,0.5612,Dice similarity of ECFPs,true
DB01222,DB01130,CC0 1.0,0.6484,Dice similarity of ECFPs,true
DB01222,DB01130,CC0 1.0,0.6484,Dice similarity of ECFPs,true
DB00865,DB01550,CC0 1.0,0.5217,Dice similarity of ECFPs,true
DB00865,DB01550,CC0 1.0,0.5217,Dice similarity of ECFPs,true
DB01232,DB01252,CC0 1.0,0.5,Dice similarity of ECFPs,true
DB01232,DB01252,CC0 1.0,0.5,Dice similarity of ECFPs,true
DB00500,DB00465,CC0 1.0,0.5283,Dice similarity of ECFPs,true
DB00500,DB00465,CC0 1.0,0.5283,Dice similarity of ECFPs,true
DB00224,DB00220,CC0 1.0,0.525,Dice similarity of ECFPs,true
DB00224,DB00220,CC0 1.0,0.525,Dice similarity of ECFPs,true
DB01260,DB00288,CC0 1.0,0.6154,Dice similarity of ECFPs,true
DB01260,DB00288,CC0 1.0,0.6154,Dice similarity of ECFPs,true
DB01415,DB00535,CC0 1.0,0.6759,Dice similarity of ECFPs,true
DB01415,DB00535,CC0 1.0,0.6759,Dice similarity of ECFPs,true
DB00195,DB00856,CC0 1.0,0.5102,Dice similarity of ECFPs,true
DB00195,DB00856,CC0 1.0,0.5102,Dice similarity of ECFPs,true
DB08984,DB00784,CC0 1.0,0.5203,Dice similarity of ECFPs,true
DB08984,DB00784,CC0 1.0,0.5203,Dice similarity of ECFPs,true
DB00950,DB04843,CC0 1.0,0.5455,Dice similarity of ECFPs,true
DB00950,DB04843,CC0 1.0,0.5455,Dice similarity of ECFPs,true
DB00525,DB08998,CC0 1.0,0.528,Dice similarity of ECFPs,true
DB00525,DB08998,CC0 1.0,0.528,Dice similarity of ECFPs,true
DB04573,DB04574,CC0 1.0,0.6032,Dice similarity of ECFPs,true
DB04573,DB04574,CC0 1.0,0.6032,Dice similarity of ECFPs,true
DB00145,DB00151,CC0 1.0,0.5,Dice similarity of ECFPs,true
DB00145,DB00151,CC0 1.0,0.5,Dice similarity of ECFPs,true
DB00600,DB01428,CC0 1.0,0.5652,Dice similarity of ECFPs,true
DB00600,DB01428,CC0 1.0,0.5652,Dice similarity of ECFPs,true
DB00668,DB00190,CC0 1.0,0.557,Dice similarity of ECFPs,true
DB00668,DB00190,CC0 1.0,0.557,Dice similarity of ECFPs,true
DB06781,DB00394,CC0 1.0,0.6598,Dice similarity of ECFPs,true
DB06781,DB00394,CC0 1.0,0.6598,Dice similarity of ECFPs,true
DB01147,DB01603,CC0 1.0,0.7114,Dice similarity of ECFPs,true
DB01147,DB01603,CC0 1.0,0.7114,Dice similarity of ECFPs,true
DB00607,DB00578,CC0 1.0,0.68,Dice similarity of ECFPs,true
DB00607,DB00578,CC0 1.0,0.68,Dice similarity of ECFPs,true
DB00430,DB00229,CC0 1.0,0.5755,Dice similarity of ECFPs,true
DB00430,DB00229,CC0 1.0,0.5755,Dice similarity of ECFPs,true
DB00324,DB01047,CC0 1.0,0.6506,Dice similarity of ECFPs,true
DB00324,DB01047,CC0 1.0,0.6506,Dice similarity of ECFPs,true
DB00719,DB01619,CC0 1.0,0.5161,Dice similarity of ECFPs,true
DB00719,DB01619,CC0 1.0,0.5161,Dice similarity of ECFPs,true
DB00367,DB00717,CC0 1.0,0.8819,Dice similarity of ECFPs,true
DB00367,DB00717,CC0 1.0,0.8819,Dice similarity of ECFPs,true
DB00438,DB01112,CC0 1.0,0.5824,Dice similarity of ECFPs,true
DB00438,DB01112,CC0 1.0,0.5824,Dice similarity of ECFPs,true
DB08800,DB01239,CC0 1.0,0.5299,Dice similarity of ECFPs,true
DB08800,DB01239,CC0 1.0,0.5299,Dice similarity of ECFPs,true
DB08795,DB01326,CC0 1.0,0.5316,Dice similarity of ECFPs,true
DB08795,DB01326,CC0 1.0,0.5316,Dice similarity of ECFPs,true
DB08798,DB00576,CC0 1.0,0.7083,Dice similarity of ECFPs,true
DB08798,DB00576,CC0 1.0,0.7083,Dice similarity of ECFPs,true
DB08941,DB00867,CC0 1.0,0.6281,Dice similarity of ECFPs,true
DB08941,DB00867,CC0 1.0,0.6281,Dice similarity of ECFPs,true
DB01283,DB00586,CC0 1.0,0.7222,Dice similarity of ECFPs,true
DB01283,DB00586,CC0 1.0,0.7222,Dice similarity of ECFPs,true
DB00244,DB00968,CC0 1.0,0.5588,Dice similarity of ECFPs,true
DB00244,DB00968,CC0 1.0,0.5588,Dice similarity of ECFPs,true
DB00434,DB00719,CC0 1.0,0.6615,Dice similarity of ECFPs,true
DB00434,DB00719,CC0 1.0,0.6615,Dice similarity of ECFPs,true
DB06689,DB00632,CC0 1.0,0.6015,Dice similarity of ECFPs,true
DB06689,DB00632,CC0 1.0,0.6015,Dice similarity of ECFPs,true
DB00289,DB00571,CC0 1.0,0.5138,Dice similarity of ECFPs,true
DB00289,DB00571,CC0 1.0,0.5138,Dice similarity of ECFPs,true
DB00143,DB00155,CC0 1.0,0.506,Dice similarity of ECFPs,true
DB00143,DB00155,CC0 1.0,0.506,Dice similarity of ECFPs,true
DB00924,DB01075,CC0 1.0,0.5862,Dice similarity of ECFPs,true
DB00924,DB01075,CC0 1.0,0.5862,Dice similarity of ECFPs,true
DB00925,DB00539,CC0 1.0,0.5793,Dice similarity of ECFPs,true
DB00925,DB00539,CC0 1.0,0.5793,Dice similarity of ECFPs,true
DB08866,DB01420,CC0 1.0,0.5455,Dice similarity of ECFPs,true
DB08866,DB01420,CC0 1.0,0.5455,Dice similarity of ECFPs,true
DB01396,DB01092,CC0 1.0,0.5703,Dice similarity of ECFPs,true
DB01396,DB01092,CC0 1.0,0.5703,Dice similarity of ECFPs,true
DB00620,DB08970,CC0 1.0,0.84,Dice similarity of ECFPs,true
DB00620,DB08970,CC0 1.0,0.84,Dice similarity of ECFPs,true
DB01222,DB01047,CC0 1.0,0.5222,Dice similarity of ECFPs,true
DB01222,DB01047,CC0 1.0,0.5222,Dice similarity of ECFPs,true
DB00776,DB01246,CC0 1.0,0.5088,Dice similarity of ECFPs,true
DB00776,DB01246,CC0 1.0,0.5088,Dice similarity of ECFPs,true
DB01176,DB06148,CC0 1.0,0.5763,Dice similarity of ECFPs,true
DB01176,DB06148,CC0 1.0,0.5763,Dice similarity of ECFPs,true
DB01138,DB01081,CC0 1.0,0.5027,Dice similarity of ECFPs,true
DB01138,DB01081,CC0 1.0,0.5027,Dice similarity of ECFPs,true
DB01142,DB08996,CC0 1.0,0.5528,Dice similarity of ECFPs,true
DB01142,DB08996,CC0 1.0,0.5528,Dice similarity of ECFPs,true
DB00528,DB01023,CC0 1.0,0.5,Dice similarity of ECFPs,true
DB00528,DB01023,CC0 1.0,0.5,Dice similarity of ECFPs,true
DB00623,DB01149,CC0 1.0,0.5165,Dice similarity of ECFPs,true
DB00623,DB01149,CC0 1.0,0.5165,Dice similarity of ECFPs,true
DB00561,DB00836,CC0 1.0,0.5028,Dice similarity of ECFPs,true
DB00561,DB00836,CC0 1.0,0.5028,Dice similarity of ECFPs,true
DB08799,DB00676,CC0 1.0,0.5981,Dice similarity of ECFPs,true
DB08799,DB00676,CC0 1.0,0.5981,Dice similarity of ECFPs,true
DB06711,DB00797,CC0 1.0,0.7143,Dice similarity of ECFPs,true
DB06711,DB00797,CC0 1.0,0.7143,Dice similarity of ECFPs,true
DB01619,DB00751,CC0 1.0,0.5391,Dice similarity of ECFPs,true
DB01619,DB00751,CC0 1.0,0.5391,Dice similarity of ECFPs,true
DB06148,DB00540,CC0 1.0,0.5254,Dice similarity of ECFPs,true
DB06148,DB00540,CC0 1.0,0.5254,Dice similarity of ECFPs,true
DB00564,DB01069,CC0 1.0,0.5321,Dice similarity of ECFPs,true
DB00564,DB01069,CC0 1.0,0.5321,Dice similarity of ECFPs,true
DB01059,DB01165,CC0 1.0,0.5588,Dice similarity of ECFPs,true
DB01059,DB01165,CC0 1.0,0.5588,Dice similarity of ECFPs,true
DB01582,DB01298,CC0 1.0,0.6542,Dice similarity of ECFPs,true
DB01582,DB01298,CC0 1.0,0.6542,Dice similarity of ECFPs,true
DB00221,DB06707,CC0 1.0,0.7342,Dice similarity of ECFPs,true
DB00221,DB06707,CC0 1.0,0.7342,Dice similarity of ECFPs,true
DB09014,DB00420,CC0 1.0,0.5039,Dice similarity of ECFPs,true
DB09014,DB00420,CC0 1.0,0.5039,Dice similarity of ECFPs,true
DB00751,DB00902,CC0 1.0,0.5085,Dice similarity of ECFPs,true
DB00751,DB00902,CC0 1.0,0.5085,Dice similarity of ECFPs,true
DB00194,DB00118,CC0 1.0,0.7717,Dice similarity of ECFPs,true
DB00194,DB00118,CC0 1.0,0.7717,Dice similarity of ECFPs,true
DB00542,DB00598,CC0 1.0,0.5032,Dice similarity of ECFPs,true
DB00542,DB00598,CC0 1.0,0.5032,Dice similarity of ECFPs,true
DB06702,DB01036,CC0 1.0,0.7568,Dice similarity of ECFPs,true
DB06702,DB01036,CC0 1.0,0.7568,Dice similarity of ECFPs,true
DB00850,DB01624,CC0 1.0,0.7848,Dice similarity of ECFPs,true
DB00850,DB01624,CC0 1.0,0.7848,Dice similarity of ECFPs,true
DB08802,DB00420,CC0 1.0,0.6609,Dice similarity of ECFPs,true
DB08802,DB00420,CC0 1.0,0.6609,Dice similarity of ECFPs,true
DB00624,DB00294,CC0 1.0,0.5238,Dice similarity of ECFPs,true
DB00624,DB00294,CC0 1.0,0.5238,Dice similarity of ECFPs,true
DB00939,DB01283,CC0 1.0,0.6168,Dice similarity of ECFPs,true
DB00939,DB01283,CC0 1.0,0.6168,Dice similarity of ECFPs,true
DB00925,DB04938,CC0 1.0,0.5571,Dice similarity of ECFPs,true
DB00925,DB04938,CC0 1.0,0.5571,Dice similarity of ECFPs,true
DB01615,DB01063,CC0 1.0,0.6622,Dice similarity of ECFPs,true
DB01615,DB01063,CC0 1.0,0.6622,Dice similarity of ECFPs,true
DB01288,DB00841,CC0 1.0,0.6179,Dice similarity of ECFPs,true
DB01288,DB00841,CC0 1.0,0.6179,Dice similarity of ECFPs,true
DB00378,DB00396,CC0 1.0,0.7813,Dice similarity of ECFPs,true
DB00378,DB00396,CC0 1.0,0.7813,Dice similarity of ECFPs,true
DB01328,DB01212,CC0 1.0,0.5408,Dice similarity of ECFPs,true
DB01328,DB01212,CC0 1.0,0.5408,Dice similarity of ECFPs,true
DB01061,DB01603,CC0 1.0,0.5949,Dice similarity of ECFPs,true
DB01061,DB01603,CC0 1.0,0.5949,Dice similarity of ECFPs,true
DB00623,DB00680,CC0 1.0,0.5434,Dice similarity of ECFPs,true
DB00623,DB00680,CC0 1.0,0.5434,Dice similarity of ECFPs,true
DB01033,DB00352,CC0 1.0,0.6667,Dice similarity of ECFPs,true
DB01033,DB00352,CC0 1.0,0.6667,Dice similarity of ECFPs,true
DB01121,DB06218,CC0 1.0,0.5814,Dice similarity of ECFPs,true
DB01121,DB06218,CC0 1.0,0.5814,Dice similarity of ECFPs,true
DB00508,DB01615,CC0 1.0,0.6565,Dice similarity of ECFPs,true
DB00508,DB01615,CC0 1.0,0.6565,Dice similarity of ECFPs,true
DB00928,DB00631,CC0 1.0,0.6139,Dice similarity of ECFPs,true
DB00928,DB00631,CC0 1.0,0.6139,Dice similarity of ECFPs,true
DB00990,DB00378,CC0 1.0,0.512,Dice similarity of ECFPs,true
DB00990,DB00378,CC0 1.0,0.512,Dice similarity of ECFPs,true
DB00434,DB00564,CC0 1.0,0.5983,Dice similarity of ECFPs,true
DB00434,DB00564,CC0 1.0,0.5983,Dice similarity of ECFPs,true
DB00257,DB00333,CC0 1.0,0.5072,Dice similarity of ECFPs,true
DB00257,DB00333,CC0 1.0,0.5072,Dice similarity of ECFPs,true
DB00599,DB01351,CC0 1.0,0.5952,Dice similarity of ECFPs,true
DB00599,DB01351,CC0 1.0,0.5952,Dice similarity of ECFPs,true
DB00717,DB01420,CC0 1.0,0.5455,Dice similarity of ECFPs,true
DB00717,DB01420,CC0 1.0,0.5455,Dice similarity of ECFPs,true
DB00647,DB08996,CC0 1.0,0.5,Dice similarity of ECFPs,true
DB00647,DB08996,CC0 1.0,0.5,Dice similarity of ECFPs,true
DB00790,DB00584,CC0 1.0,0.6301,Dice similarity of ECFPs,true
DB00790,DB00584,CC0 1.0,0.6301,Dice similarity of ECFPs,true
DB00242,DB00631,CC0 1.0,0.7963,Dice similarity of ECFPs,true
DB00242,DB00631,CC0 1.0,0.7963,Dice similarity of ECFPs,true
DB00631,DB00811,CC0 1.0,0.5149,Dice similarity of ECFPs,true
DB00631,DB00811,CC0 1.0,0.5149,Dice similarity of ECFPs,true
DB00600,DB01182,CC0 1.0,0.5,Dice similarity of ECFPs,true
DB00600,DB01182,CC0 1.0,0.5,Dice similarity of ECFPs,true
DB01013,DB01047,CC0 1.0,0.6222,Dice similarity of ECFPs,true
DB01013,DB01047,CC0 1.0,0.6222,Dice similarity of ECFPs,true
DB00438,DB01066,CC0 1.0,0.6289,Dice similarity of ECFPs,true
DB00438,DB01066,CC0 1.0,0.6289,Dice similarity of ECFPs,true
DB00792,DB01075,CC0 1.0,0.6,Dice similarity of ECFPs,true
DB00792,DB01075,CC0 1.0,0.6,Dice similarity of ECFPs,true
DB06729,DB00250,CC0 1.0,0.6,Dice similarity of ECFPs,true
DB06729,DB00250,CC0 1.0,0.6,Dice similarity of ECFPs,true
DB00169,DB02300,CC0 1.0,0.6584,Dice similarity of ECFPs,true
DB00169,DB02300,CC0 1.0,0.6584,Dice similarity of ECFPs,true
DB01239,DB00777,CC0 1.0,0.5512,Dice similarity of ECFPs,true
DB01239,DB00777,CC0 1.0,0.5512,Dice similarity of ECFPs,true
DB00634,DB00839,CC0 1.0,0.5625,Dice similarity of ECFPs,true
DB00634,DB00839,CC0 1.0,0.5625,Dice similarity of ECFPs,true
DB01231,DB00836,CC0 1.0,0.5939,Dice similarity of ECFPs,true
DB01231,DB00836,CC0 1.0,0.5939,Dice similarity of ECFPs,true
DB00948,DB00713,CC0 1.0,0.6322,Dice similarity of ECFPs,true
DB00948,DB00713,CC0 1.0,0.6322,Dice similarity of ECFPs,true
DB01238,DB01166,CC0 1.0,0.5509,Dice similarity of ECFPs,true
DB01238,DB01166,CC0 1.0,0.5509,Dice similarity of ECFPs,true
DB09002,DB01148,CC0 1.0,0.5921,Dice similarity of ECFPs,true
DB09002,DB01148,CC0 1.0,0.5921,Dice similarity of ECFPs,true
DB01614,DB01621,CC0 1.0,0.641,Dice similarity of ECFPs,true
DB01614,DB01621,CC0 1.0,0.641,Dice similarity of ECFPs,true
DB00155,DB00130,CC0 1.0,0.7143,Dice similarity of ECFPs,true
DB00155,DB00130,CC0 1.0,0.7143,Dice similarity of ECFPs,true
DB01035,DB01086,CC0 1.0,0.625,Dice similarity of ECFPs,true
DB01035,DB01086,CC0 1.0,0.625,Dice similarity of ECFPs,true
DB01328,DB00274,CC0 1.0,0.5111,Dice similarity of ECFPs,true
DB01328,DB00274,CC0 1.0,0.5111,Dice similarity of ECFPs,true
DB00201,DB00277,CC0 1.0,0.6944,Dice similarity of ECFPs,true
DB00201,DB00277,CC0 1.0,0.6944,Dice similarity of ECFPs,true
DB04575,DB00655,CC0 1.0,0.5926,Dice similarity of ECFPs,true
DB04575,DB00655,CC0 1.0,0.5926,Dice similarity of ECFPs,true
DB01413,DB00229,CC0 1.0,0.5217,Dice similarity of ECFPs,true
DB01413,DB00229,CC0 1.0,0.5217,Dice similarity of ECFPs,true
DB00496,DB01625,CC0 1.0,0.5212,Dice similarity of ECFPs,true
DB00496,DB01625,CC0 1.0,0.5212,Dice similarity of ECFPs,true
DB00934,DB00192,CC0 1.0,0.5984,Dice similarity of ECFPs,true
DB00934,DB00192,CC0 1.0,0.5984,Dice similarity of ECFPs,true
DB00768,DB00458,CC0 1.0,0.5,Dice similarity of ECFPs,true
DB00768,DB00458,CC0 1.0,0.5,Dice similarity of ECFPs,true
DB00561,DB01231,CC0 1.0,0.56,Dice similarity of ECFPs,true
DB00561,DB01231,CC0 1.0,0.56,Dice similarity of ECFPs,true
DB01320,DB00252,CC0 1.0,0.736,Dice similarity of ECFPs,true
DB01320,DB00252,CC0 1.0,0.736,Dice similarity of ECFPs,true
DB00243,DB00874,CC0 1.0,0.5354,Dice similarity of ECFPs,true
DB00243,DB00874,CC0 1.0,0.5354,Dice similarity of ECFPs,true
DB06770,DB01037,CC0 1.0,0.5806,Dice similarity of ECFPs,true
DB06770,DB01037,CC0 1.0,0.5806,Dice similarity of ECFPs,true
DB00327,DB01466,CC0 1.0,0.5873,Dice similarity of ECFPs,true
DB00327,DB01466,CC0 1.0,0.5873,Dice similarity of ECFPs,true
DB01112,DB01150,CC0 1.0,0.5325,Dice similarity of ECFPs,true
DB01112,DB01150,CC0 1.0,0.5325,Dice similarity of ECFPs,true
DB01062,DB00376,CC0 1.0,0.5612,Dice similarity of ECFPs,true
DB01062,DB00376,CC0 1.0,0.5612,Dice similarity of ECFPs,true
DB01069,DB04837,CC0 1.0,0.5133,Dice similarity of ECFPs,true
DB01069,DB04837,CC0 1.0,0.5133,Dice similarity of ECFPs,true
DB00349,DB00475,CC0 1.0,0.5378,Dice similarity of ECFPs,true
DB00349,DB00475,CC0 1.0,0.5378,Dice similarity of ECFPs,true
DB00543,DB00334,CC0 1.0,0.5581,Dice similarity of ECFPs,true
DB00543,DB00334,CC0 1.0,0.5581,Dice similarity of ECFPs,true
DB00771,DB00813,CC0 1.0,0.527,Dice similarity of ECFPs,true
DB00771,DB00813,CC0 1.0,0.527,Dice similarity of ECFPs,true
DB00731,DB00722,CC0 1.0,0.5103,Dice similarity of ECFPs,true
DB00731,DB00722,CC0 1.0,0.5103,Dice similarity of ECFPs,true
DB01060,DB01140,CC0 1.0,0.7407,Dice similarity of ECFPs,true
DB01060,DB01140,CC0 1.0,0.7407,Dice similarity of ECFPs,true
DB08802,DB01239,CC0 1.0,0.5128,Dice similarity of ECFPs,true
DB08802,DB01239,CC0 1.0,0.5128,Dice similarity of ECFPs,true
DB00186,DB01558,CC0 1.0,0.5439,Dice similarity of ECFPs,true
DB00186,DB01558,CC0 1.0,0.5439,Dice similarity of ECFPs,true
DB01118,DB00527,CC0 1.0,0.6076,Dice similarity of ECFPs,true
DB01118,DB00527,CC0 1.0,0.6076,Dice similarity of ECFPs,true
DB01242,DB00477,CC0 1.0,0.7967,Dice similarity of ECFPs,true
DB01242,DB00477,CC0 1.0,0.7967,Dice similarity of ECFPs,true
DB01602,DB00689,CC0 1.0,0.6341,Dice similarity of ECFPs,true
DB01602,DB00689,CC0 1.0,0.6341,Dice similarity of ECFPs,true
DB01047,DB06781,CC0 1.0,0.7539,Dice similarity of ECFPs,true
DB01047,DB06781,CC0 1.0,0.7539,Dice similarity of ECFPs,true
DB00933,DB00680,CC0 1.0,0.5556,Dice similarity of ECFPs,true
DB00933,DB00680,CC0 1.0,0.5556,Dice similarity of ECFPs,true
DB00432,DB00649,CC0 1.0,0.5155,Dice similarity of ECFPs,true
DB00432,DB00649,CC0 1.0,0.5155,Dice similarity of ECFPs,true
DB06696,DB00452,CC0 1.0,0.5926,Dice similarity of ECFPs,true
DB06696,DB00452,CC0 1.0,0.5926,Dice similarity of ECFPs,true
DB00557,DB01176,CC0 1.0,0.6519,Dice similarity of ECFPs,true
DB00557,DB01176,CC0 1.0,0.6519,Dice similarity of ECFPs,true
DB01071,DB01621,CC0 1.0,0.55,Dice similarity of ECFPs,true
DB01071,DB01621,CC0 1.0,0.55,Dice similarity of ECFPs,true
DB00778,DB00976,CC0 1.0,0.5321,Dice similarity of ECFPs,true
DB00778,DB00976,CC0 1.0,0.5321,Dice similarity of ECFPs,true
DB00603,DB01185,CC0 1.0,0.5106,Dice similarity of ECFPs,true
DB00603,DB01185,CC0 1.0,0.5106,Dice similarity of ECFPs,true
DB01297,DB00856,CC0 1.0,0.5682,Dice similarity of ECFPs,true
DB01297,DB00856,CC0 1.0,0.5682,Dice similarity of ECFPs,true
DB06775,DB01080,CC0 1.0,0.5,Dice similarity of ECFPs,true
DB06775,DB01080,CC0 1.0,0.5,Dice similarity of ECFPs,true
DB01581,DB01299,CC0 1.0,0.6667,Dice similarity of ECFPs,true
DB01581,DB01299,CC0 1.0,0.6667,Dice similarity of ECFPs,true
DB00590,DB01162,CC0 1.0,0.7886,Dice similarity of ECFPs,true
DB00590,DB01162,CC0 1.0,0.7886,Dice similarity of ECFPs,true
DB00933,DB00902,CC0 1.0,0.6277,Dice similarity of ECFPs,true
DB00933,DB00902,CC0 1.0,0.6277,Dice similarity of ECFPs,true
DB01200,DB01049,CC0 1.0,0.6723,Dice similarity of ECFPs,true
DB01200,DB01049,CC0 1.0,0.6723,Dice similarity of ECFPs,true
DB00643,DB01009,CC0 1.0,0.6379,Dice similarity of ECFPs,true
DB00643,DB01009,CC0 1.0,0.6379,Dice similarity of ECFPs,true
DB00928,DB00171,CC0 1.0,0.5116,Dice similarity of ECFPs,true
DB00928,DB00171,CC0 1.0,0.5116,Dice similarity of ECFPs,true
DB00717,DB01395,CC0 1.0,0.518,Dice similarity of ECFPs,true
DB00717,DB01395,CC0 1.0,0.518,Dice similarity of ECFPs,true
DB00259,DB00250,CC0 1.0,0.6579,Dice similarity of ECFPs,true
DB00259,DB00250,CC0 1.0,0.6579,Dice similarity of ECFPs,true
DB00690,DB00404,CC0 1.0,0.5857,Dice similarity of ECFPs,true
DB00690,DB00404,CC0 1.0,0.5857,Dice similarity of ECFPs,true
DB00129,DB00130,CC0 1.0,0.6667,Dice similarity of ECFPs,true
DB00129,DB00130,CC0 1.0,0.6667,Dice similarity of ECFPs,true
DB01558,DB01068,CC0 1.0,0.6667,Dice similarity of ECFPs,true
DB01558,DB01068,CC0 1.0,0.6667,Dice similarity of ECFPs,true
DB06684,DB00656,CC0 1.0,0.5,Dice similarity of ECFPs,true
DB06684,DB00656,CC0 1.0,0.5,Dice similarity of ECFPs,true
DB00120,DB00117,CC0 1.0,0.5397,Dice similarity of ECFPs,true
DB00120,DB00117,CC0 1.0,0.5397,Dice similarity of ECFPs,true
DB06730,DB00304,CC0 1.0,0.5692,Dice similarity of ECFPs,true
DB06730,DB00304,CC0 1.0,0.5692,Dice similarity of ECFPs,true
DB00295,DB00844,CC0 1.0,0.5522,Dice similarity of ECFPs,true
DB00295,DB00844,CC0 1.0,0.5522,Dice similarity of ECFPs,true
DB00495,DB00322,CC0 1.0,0.6939,Dice similarity of ECFPs,true
DB00495,DB00322,CC0 1.0,0.6939,Dice similarity of ECFPs,true
DB09002,DB00427,CC0 1.0,0.5231,Dice similarity of ECFPs,true
DB09002,DB00427,CC0 1.0,0.5231,Dice similarity of ECFPs,true
DB01332,DB00567,CC0 1.0,0.5037,Dice similarity of ECFPs,true
DB01332,DB00567,CC0 1.0,0.5037,Dice similarity of ECFPs,true
DB01433,DB00777,CC0 1.0,0.5036,Dice similarity of ECFPs,true
DB01433,DB00777,CC0 1.0,0.5036,Dice similarity of ECFPs,true
DB00623,DB00777,CC0 1.0,0.5098,Dice similarity of ECFPs,true
DB00623,DB00777,CC0 1.0,0.5098,Dice similarity of ECFPs,true
DB00244,DB00190,CC0 1.0,0.5205,Dice similarity of ECFPs,true
DB00244,DB00190,CC0 1.0,0.5205,Dice similarity of ECFPs,true
DB00035,DB00781,CC0 1.0,0.5183,Dice similarity of ECFPs,true
DB00035,DB00781,CC0 1.0,0.5183,Dice similarity of ECFPs,true
DB06712,DB00393,CC0 1.0,0.8077,Dice similarity of ECFPs,true
DB06712,DB00393,CC0 1.0,0.8077,Dice similarity of ECFPs,true
DB00936,DB01398,CC0 1.0,0.7857,Dice similarity of ECFPs,true
DB00936,DB01398,CC0 1.0,0.7857,Dice similarity of ECFPs,true
DB01066,DB00671,CC0 1.0,0.7356,Dice similarity of ECFPs,true
DB01066,DB00671,CC0 1.0,0.7356,Dice similarity of ECFPs,true
DB01544,DB00546,CC0 1.0,0.5147,Dice similarity of ECFPs,true
DB01544,DB00546,CC0 1.0,0.5147,Dice similarity of ECFPs,true
DB00821,DB01009,CC0 1.0,0.5283,Dice similarity of ECFPs,true
DB00821,DB01009,CC0 1.0,0.5283,Dice similarity of ECFPs,true
DB00462,DB00747,CC0 1.0,0.7846,Dice similarity of ECFPs,true
DB00462,DB00747,CC0 1.0,0.7846,Dice similarity of ECFPs,true
DB00420,DB01403,CC0 1.0,0.6667,Dice similarity of ECFPs,true
DB00420,DB01403,CC0 1.0,0.6667,Dice similarity of ECFPs,true
DB00456,DB00671,CC0 1.0,0.5584,Dice similarity of ECFPs,true
DB00456,DB00671,CC0 1.0,0.5584,Dice similarity of ECFPs,true
DB04573,DB00655,CC0 1.0,0.7414,Dice similarity of ECFPs,true
DB04573,DB00655,CC0 1.0,0.7414,Dice similarity of ECFPs,true
DB01397,DB01428,CC0 1.0,0.5385,Dice similarity of ECFPs,true
DB01397,DB01428,CC0 1.0,0.5385,Dice similarity of ECFPs,true
DB08970,DB00838,CC0 1.0,0.56,Dice similarity of ECFPs,true
DB08970,DB00838,CC0 1.0,0.56,Dice similarity of ECFPs,true
DB00624,DB00741,CC0 1.0,0.6769,Dice similarity of ECFPs,true
DB00624,DB00741,CC0 1.0,0.6769,Dice similarity of ECFPs,true
DB06699,DB00403,CC0 1.0,0.5856,Dice similarity of ECFPs,true
DB06699,DB00403,CC0 1.0,0.5856,Dice similarity of ECFPs,true
DB00769,DB00394,CC0 1.0,0.5263,Dice similarity of ECFPs,true
DB00769,DB00394,CC0 1.0,0.5263,Dice similarity of ECFPs,true
DB01288,DB01102,CC0 1.0,0.6349,Dice similarity of ECFPs,true
DB01288,DB01102,CC0 1.0,0.6349,Dice similarity of ECFPs,true
DB01016,DB00839,CC0 1.0,0.5132,Dice similarity of ECFPs,true
DB01016,DB00839,CC0 1.0,0.5132,Dice similarity of ECFPs,true
DB00647,DB08799,CC0 1.0,0.5231,Dice similarity of ECFPs,true
DB00647,DB08799,CC0 1.0,0.5231,Dice similarity of ECFPs,true
DB00809,DB01009,CC0 1.0,0.5133,Dice similarity of ECFPs,true
DB00809,DB01009,CC0 1.0,0.5133,Dice similarity of ECFPs,true
DB00187,DB00264,CC0 1.0,0.8649,Dice similarity of ECFPs,true
DB00187,DB00264,CC0 1.0,0.8649,Dice similarity of ECFPs,true
DB00849,DB00832,CC0 1.0,0.5455,Dice similarity of ECFPs,true
DB00849,DB00832,CC0 1.0,0.5455,Dice similarity of ECFPs,true
DB00245,DB00234,CC0 1.0,0.5147,Dice similarity of ECFPs,true
DB00245,DB00234,CC0 1.0,0.5147,Dice similarity of ECFPs,true
DB01002,DB00281,CC0 1.0,0.6095,Dice similarity of ECFPs,true
DB01002,DB00281,CC0 1.0,0.6095,Dice similarity of ECFPs,true
DB01136,DB08998,CC0 1.0,0.5067,Dice similarity of ECFPs,true
DB01136,DB08998,CC0 1.0,0.5067,Dice similarity of ECFPs,true
DB00546,DB00475,CC0 1.0,0.5758,Dice similarity of ECFPs,true
DB00546,DB00475,CC0 1.0,0.5758,Dice similarity of ECFPs,true
DB01019,DB00411,CC0 1.0,0.5926,Dice similarity of ECFPs,true
DB01019,DB00411,CC0 1.0,0.5926,Dice similarity of ECFPs,true
DB00719,DB00408,CC0 1.0,0.5,Dice similarity of ECFPs,true
DB00719,DB00408,CC0 1.0,0.5,Dice similarity of ECFPs,true
DB01511,DB01553,CC0 1.0,0.6504,Dice similarity of ECFPs,true
DB01511,DB01553,CC0 1.0,0.6504,Dice similarity of ECFPs,true
DB00884,DB00710,CC0 1.0,0.5,Dice similarity of ECFPs,true
DB00884,DB00710,CC0 1.0,0.5,Dice similarity of ECFPs,true
DB01186,DB01253,CC0 1.0,0.5,Dice similarity of ECFPs,true
DB01186,DB01253,CC0 1.0,0.5,Dice similarity of ECFPs,true
DB00648,DB00748,CC0 1.0,0.5421,Dice similarity of ECFPs,true
DB00648,DB00748,CC0 1.0,0.5421,Dice similarity of ECFPs,true
DB01433,DB08990,CC0 1.0,0.5128,Dice similarity of ECFPs,true
DB01433,DB08990,CC0 1.0,0.5128,Dice similarity of ECFPs,true
DB00700,DB01420,CC0 1.0,0.5325,Dice similarity of ECFPs,true
DB00700,DB01420,CC0 1.0,0.5325,Dice similarity of ECFPs,true
DB01231,DB00257,CC0 1.0,0.507,Dice similarity of ECFPs,true
DB01231,DB00257,CC0 1.0,0.507,Dice similarity of ECFPs,true
DB00168,DB01577,CC0 1.0,0.5227,Dice similarity of ECFPs,true
DB00168,DB01577,CC0 1.0,0.5227,Dice similarity of ECFPs,true
DB00718,DB00300,CC0 1.0,0.5,Dice similarity of ECFPs,true
DB00718,DB00300,CC0 1.0,0.5,Dice similarity of ECFPs,true
DB00433,DB00349,CC0 1.0,0.5152,Dice similarity of ECFPs,true
DB00433,DB00349,CC0 1.0,0.5152,Dice similarity of ECFPs,true
DB00635,DB08971,CC0 1.0,0.5139,Dice similarity of ECFPs,true
DB00635,DB08971,CC0 1.0,0.5139,Dice similarity of ECFPs,true
DB00547,DB00394,CC0 1.0,0.5882,Dice similarity of ECFPs,true
DB00547,DB00394,CC0 1.0,0.5882,Dice similarity of ECFPs,true
DB01577,DB00914,CC0 1.0,0.5205,Dice similarity of ECFPs,true
DB01577,DB00914,CC0 1.0,0.5205,Dice similarity of ECFPs,true
DB00432,DB00242,CC0 1.0,0.5283,Dice similarity of ECFPs,true
DB00432,DB00242,CC0 1.0,0.5283,Dice similarity of ECFPs,true
DB00884,DB00399,CC0 1.0,0.6824,Dice similarity of ECFPs,true
DB00884,DB00399,CC0 1.0,0.6824,Dice similarity of ECFPs,true
DB00621,DB00421,CC0 1.0,0.507,Dice similarity of ECFPs,true
DB00621,DB00421,CC0 1.0,0.507,Dice similarity of ECFPs,true
DB06802,DB00784,CC0 1.0,0.5049,Dice similarity of ECFPs,true
DB06802,DB00784,CC0 1.0,0.5049,Dice similarity of ECFPs,true
DB00123,DB00155,CC0 1.0,0.6667,Dice similarity of ECFPs,true
DB00123,DB00155,CC0 1.0,0.6667,Dice similarity of ECFPs,true
DB06144,DB01184,CC0 1.0,0.5537,Dice similarity of ECFPs,true
DB06144,DB01184,CC0 1.0,0.5537,Dice similarity of ECFPs,true
DB00882,DB00675,CC0 1.0,0.8364,Dice similarity of ECFPs,true
DB00882,DB00675,CC0 1.0,0.8364,Dice similarity of ECFPs,true
DB08804,DB00367,CC0 1.0,0.5974,Dice similarity of ECFPs,true
DB08804,DB00367,CC0 1.0,0.5974,Dice similarity of ECFPs,true
DB00771,DB00729,CC0 1.0,0.5369,Dice similarity of ECFPs,true
DB00771,DB00729,CC0 1.0,0.5369,Dice similarity of ECFPs,true
DB00956,DB00295,CC0 1.0,0.5854,Dice similarity of ECFPs,true
DB00956,DB00295,CC0 1.0,0.5854,Dice similarity of ECFPs,true
DB01246,DB00726,CC0 1.0,0.7967,Dice similarity of ECFPs,true
DB01246,DB00726,CC0 1.0,0.7967,Dice similarity of ECFPs,true
DB00228,DB00753,CC0 1.0,0.6667,Dice similarity of ECFPs,true
DB00228,DB00753,CC0 1.0,0.6667,Dice similarity of ECFPs,true
DB00806,DB00651,CC0 1.0,0.5686,Dice similarity of ECFPs,true
DB00806,DB00651,CC0 1.0,0.5686,Dice similarity of ECFPs,true
DB01397,DB00936,CC0 1.0,0.5542,Dice similarity of ECFPs,true
DB01397,DB00936,CC0 1.0,0.5542,Dice similarity of ECFPs,true
DB01591,DB01071,CC0 1.0,0.5325,Dice similarity of ECFPs,true
DB01591,DB01071,CC0 1.0,0.5325,Dice similarity of ECFPs,true
DB04838,DB00572,CC0 1.0,0.5913,Dice similarity of ECFPs,true
DB04838,DB00572,CC0 1.0,0.5913,Dice similarity of ECFPs,true
DB01614,DB08996,CC0 1.0,0.6614,Dice similarity of ECFPs,true
DB01614,DB08996,CC0 1.0,0.6614,Dice similarity of ECFPs,true
DB01328,DB00689,CC0 1.0,0.6782,Dice similarity of ECFPs,true
DB01328,DB00689,CC0 1.0,0.6782,Dice similarity of ECFPs,true
DB04842,DB00973,CC0 1.0,0.5455,Dice similarity of ECFPs,true
DB04842,DB00973,CC0 1.0,0.5455,Dice similarity of ECFPs,true
DB00607,DB01061,CC0 1.0,0.619,Dice similarity of ECFPs,true
DB00607,DB01061,CC0 1.0,0.619,Dice similarity of ECFPs,true
DB01160,DB00287,CC0 1.0,0.5622,Dice similarity of ECFPs,true
DB01160,DB00287,CC0 1.0,0.5622,Dice similarity of ECFPs,true
DB00264,DB00866,CC0 1.0,0.6214,Dice similarity of ECFPs,true
DB00264,DB00866,CC0 1.0,0.6214,Dice similarity of ECFPs,true
DB01588,DB01489,CC0 1.0,0.6522,Dice similarity of ECFPs,true
DB01588,DB01489,CC0 1.0,0.6522,Dice similarity of ECFPs,true
DB01068,DB01567,CC0 1.0,0.6116,Dice similarity of ECFPs,true
DB01068,DB01567,CC0 1.0,0.6116,Dice similarity of ECFPs,true
DB04946,DB00317,CC0 1.0,0.5698,Dice similarity of ECFPs,true
DB04946,DB00317,CC0 1.0,0.5698,Dice similarity of ECFPs,true
DB00949,DB00120,CC0 1.0,0.5,Dice similarity of ECFPs,true
DB00949,DB00120,CC0 1.0,0.5,Dice similarity of ECFPs,true
DB00564,DB08996,CC0 1.0,0.5088,Dice similarity of ECFPs,true
DB00564,DB08996,CC0 1.0,0.5088,Dice similarity of ECFPs,true
DB00777,DB01071,CC0 1.0,0.5,Dice similarity of ECFPs,true
DB00777,DB01071,CC0 1.0,0.5,Dice similarity of ECFPs,true
DB00664,DB01581,CC0 1.0,0.7379,Dice similarity of ECFPs,true
DB00664,DB01581,CC0 1.0,0.7379,Dice similarity of ECFPs,true
DB00482,DB01628,CC0 1.0,0.5217,Dice similarity of ECFPs,true
DB00482,DB01628,CC0 1.0,0.5217,Dice similarity of ECFPs,true
DB00955,DB00798,CC0 1.0,0.5922,Dice similarity of ECFPs,true
DB00955,DB00798,CC0 1.0,0.5922,Dice similarity of ECFPs,true
DB00635,DB00896,CC0 1.0,0.625,Dice similarity of ECFPs,true
DB00635,DB00896,CC0 1.0,0.625,Dice similarity of ECFPs,true
DB00405,DB01114,CC0 1.0,0.8889,Dice similarity of ECFPs,true
DB00405,DB01114,CC0 1.0,0.8889,Dice similarity of ECFPs,true
DB00359,DB00891,CC0 1.0,0.7917,Dice similarity of ECFPs,true
DB00359,DB00891,CC0 1.0,0.7917,Dice similarity of ECFPs,true
DB00600,DB00865,CC0 1.0,0.5208,Dice similarity of ECFPs,true
DB00600,DB00865,CC0 1.0,0.5208,Dice similarity of ECFPs,true
DB08802,DB08796,CC0 1.0,0.5571,Dice similarity of ECFPs,true
DB08802,DB08796,CC0 1.0,0.5571,Dice similarity of ECFPs,true
DB00664,DB06729,CC0 1.0,0.6034,Dice similarity of ECFPs,true
DB00664,DB06729,CC0 1.0,0.6034,Dice similarity of ECFPs,true
DB00349,DB08936,CC0 1.0,0.5,Dice similarity of ECFPs,true
DB00349,DB08936,CC0 1.0,0.5,Dice similarity of ECFPs,true
DB01615,DB08996,CC0 1.0,0.5079,Dice similarity of ECFPs,true
DB01615,DB08996,CC0 1.0,0.5079,Dice similarity of ECFPs,true
DB06148,DB01146,CC0 1.0,0.5455,Dice similarity of ECFPs,true
DB06148,DB01146,CC0 1.0,0.5455,Dice similarity of ECFPs,true
DB00781,DB00093,CC0 1.0,0.5522,Dice similarity of ECFPs,true
DB00781,DB00093,CC0 1.0,0.5522,Dice similarity of ECFPs,true
DB00438,DB06590,CC0 1.0,0.5586,Dice similarity of ECFPs,true
DB00438,DB06590,CC0 1.0,0.5586,Dice similarity of ECFPs,true
DB01054,DB00270,CC0 1.0,0.6389,Dice similarity of ECFPs,true
DB01054,DB00270,CC0 1.0,0.6389,Dice similarity of ECFPs,true
DB00363,DB08936,CC0 1.0,0.5938,Dice similarity of ECFPs,true
DB00363,DB08936,CC0 1.0,0.5938,Dice similarity of ECFPs,true
DB00764,DB01185,CC0 1.0,0.5286,Dice similarity of ECFPs,true
DB00764,DB01185,CC0 1.0,0.5286,Dice similarity of ECFPs,true
DB00634,DB06729,CC0 1.0,0.54,Dice similarity of ECFPs,true
DB00634,DB06729,CC0 1.0,0.54,Dice similarity of ECFPs,true
DB01193,DB00571,CC0 1.0,0.5546,Dice similarity of ECFPs,true
DB01193,DB00571,CC0 1.0,0.5546,Dice similarity of ECFPs,true
DB00332,DB00517,CC0 1.0,0.5556,Dice similarity of ECFPs,true
DB00332,DB00517,CC0 1.0,0.5556,Dice similarity of ECFPs,true
DB00939,DB00945,CC0 1.0,0.5057,Dice similarity of ECFPs,true
DB00939,DB00945,CC0 1.0,0.5057,Dice similarity of ECFPs,true
DB00768,DB01623,CC0 1.0,0.5128,Dice similarity of ECFPs,true
DB00768,DB01623,CC0 1.0,0.5128,Dice similarity of ECFPs,true
DB00753,DB01189,CC0 1.0,0.75,Dice similarity of ECFPs,true
DB00753,DB01189,CC0 1.0,0.75,Dice similarity of ECFPs,true
DB00324,DB01384,CC0 1.0,0.585,Dice similarity of ECFPs,true
DB00324,DB01384,CC0 1.0,0.585,Dice similarity of ECFPs,true
DB00591,DB08906,CC0 1.0,0.6738,Dice similarity of ECFPs,true
DB00591,DB08906,CC0 1.0,0.6738,Dice similarity of ECFPs,true
DB00182,DB00797,CC0 1.0,0.5625,Dice similarity of ECFPs,true
DB00182,DB00797,CC0 1.0,0.5625,Dice similarity of ECFPs,true
DB01577,DB01247,CC0 1.0,0.5,Dice similarity of ECFPs,true
DB01577,DB01247,CC0 1.0,0.5,Dice similarity of ECFPs,true
DB00496,DB00561,CC0 1.0,0.5114,Dice similarity of ECFPs,true
DB00496,DB00561,CC0 1.0,0.5114,Dice similarity of ECFPs,true
DB01222,DB00741,CC0 1.0,0.586,Dice similarity of ECFPs,true
DB01222,DB00741,CC0 1.0,0.586,Dice similarity of ECFPs,true
DB00713,DB08795,CC0 1.0,0.7162,Dice similarity of ECFPs,true
DB00713,DB08795,CC0 1.0,0.7162,Dice similarity of ECFPs,true
DB00188,DB00731,CC0 1.0,0.5211,Dice similarity of ECFPs,true
DB00188,DB00731,CC0 1.0,0.5211,Dice similarity of ECFPs,true
DB00561,DB08990,CC0 1.0,0.5181,Dice similarity of ECFPs,true
DB00561,DB08990,CC0 1.0,0.5181,Dice similarity of ECFPs,true
DB00610,DB06707,CC0 1.0,0.7273,Dice similarity of ECFPs,true
DB00610,DB06707,CC0 1.0,0.7273,Dice similarity of ECFPs,true
DB00430,DB01212,CC0 1.0,0.5463,Dice similarity of ECFPs,true
DB00430,DB01212,CC0 1.0,0.5463,Dice similarity of ECFPs,true
DB00182,DB00780,CC0 1.0,0.6667,Dice similarity of ECFPs,true
DB00182,DB00780,CC0 1.0,0.6667,Dice similarity of ECFPs,true
DB00925,DB01620,CC0 1.0,0.5133,Dice similarity of ECFPs,true
DB00925,DB01620,CC0 1.0,0.5133,Dice similarity of ECFPs,true
DB01137,DB01044,CC0 1.0,0.6575,Dice similarity of ECFPs,true
DB01137,DB01044,CC0 1.0,0.6575,Dice similarity of ECFPs,true
DB00467,DB00487,CC0 1.0,0.6769,Dice similarity of ECFPs,true
DB00467,DB00487,CC0 1.0,0.6769,Dice similarity of ECFPs,true
DB00122,DB00583,CC0 1.0,0.5,Dice similarity of ECFPs,true
DB00122,DB00583,CC0 1.0,0.5,Dice similarity of ECFPs,true
DB00713,DB00485,CC0 1.0,0.8228,Dice similarity of ECFPs,true
DB00713,DB00485,CC0 1.0,0.8228,Dice similarity of ECFPs,true
DB01228,DB00283,CC0 1.0,0.5833,Dice similarity of ECFPs,true
DB01228,DB00283,CC0 1.0,0.5833,Dice similarity of ECFPs,true
DB01511,DB00543,CC0 1.0,0.5246,Dice similarity of ECFPs,true
DB01511,DB00543,CC0 1.0,0.5246,Dice similarity of ECFPs,true
DB00146,DB01436,CC0 1.0,0.775,Dice similarity of ECFPs,true
DB00146,DB01436,CC0 1.0,0.775,Dice similarity of ECFPs,true
DB00492,DB01252,CC0 1.0,0.56,Dice similarity of ECFPs,true
DB00492,DB01252,CC0 1.0,0.56,Dice similarity of ECFPs,true
DB01017,DB00560,CC0 1.0,0.7919,Dice similarity of ECFPs,true
DB01017,DB00560,CC0 1.0,0.7919,Dice similarity of ECFPs,true
DB01558,DB01567,CC0 1.0,0.5088,Dice similarity of ECFPs,true
DB01558,DB01567,CC0 1.0,0.5088,Dice similarity of ECFPs,true
DB01053,DB00417,CC0 1.0,0.8682,Dice similarity of ECFPs,true
DB01053,DB00417,CC0 1.0,0.8682,Dice similarity of ECFPs,true
DB01016,DB01393,CC0 1.0,0.5309,Dice similarity of ECFPs,true
DB01016,DB01393,CC0 1.0,0.5309,Dice similarity of ECFPs,true
DB00954,DB00778,CC0 1.0,0.8544,Dice similarity of ECFPs,true
DB00954,DB00778,CC0 1.0,0.8544,Dice similarity of ECFPs,true
DB00948,DB01061,CC0 1.0,0.8541,Dice similarity of ECFPs,true
DB00948,DB01061,CC0 1.0,0.8541,Dice similarity of ECFPs,true
DB01172,DB00581,CC0 1.0,0.5772,Dice similarity of ECFPs,true
DB01172,DB00581,CC0 1.0,0.5772,Dice similarity of ECFPs,true
DB04842,DB01430,CC0 1.0,0.5025,Dice similarity of ECFPs,true
DB04842,DB01430,CC0 1.0,0.5025,Dice similarity of ECFPs,true
DB00363,DB00831,CC0 1.0,0.5034,Dice similarity of ECFPs,true
DB00363,DB00831,CC0 1.0,0.5034,Dice similarity of ECFPs,true
DB00676,DB01428,CC0 1.0,0.5684,Dice similarity of ECFPs,true
DB00676,DB01428,CC0 1.0,0.5684,Dice similarity of ECFPs,true
DB06802,DB00745,CC0 1.0,0.5421,Dice similarity of ECFPs,true
DB06802,DB00745,CC0 1.0,0.5421,Dice similarity of ECFPs,true
DB00433,DB01063,CC0 1.0,0.7898,Dice similarity of ECFPs,true
DB00433,DB01063,CC0 1.0,0.7898,Dice similarity of ECFPs,true
DB00712,DB01399,CC0 1.0,0.5049,Dice similarity of ECFPs,true
DB00712,DB01399,CC0 1.0,0.5049,Dice similarity of ECFPs,true
DB00328,DB01393,CC0 1.0,0.5797,Dice similarity of ECFPs,true
DB00328,DB01393,CC0 1.0,0.5797,Dice similarity of ECFPs,true
DB04575,DB01431,CC0 1.0,0.5248,Dice similarity of ECFPs,true
DB04575,DB01431,CC0 1.0,0.5248,Dice similarity of ECFPs,true
DB00341,DB00737,CC0 1.0,0.7375,Dice similarity of ECFPs,true
DB00341,DB00737,CC0 1.0,0.7375,Dice similarity of ECFPs,true
DB00487,DB00978,CC0 1.0,0.6418,Dice similarity of ECFPs,true
DB00487,DB00978,CC0 1.0,0.6418,Dice similarity of ECFPs,true
DB00243,DB00423,CC0 1.0,0.5481,Dice similarity of ECFPs,true
DB00243,DB00423,CC0 1.0,0.5481,Dice similarity of ECFPs,true
DB00956,DB01452,CC0 1.0,0.6043,Dice similarity of ECFPs,true
DB00956,DB01452,CC0 1.0,0.6043,Dice similarity of ECFPs,true
DB00908,DB00468,CC0 1.0,1.0,Dice similarity of ECFPs,true
DB00908,DB00468,CC0 1.0,1.0,Dice similarity of ECFPs,true
DB00842,DB00683,CC0 1.0,0.5203,Dice similarity of ECFPs,true
DB00842,DB00683,CC0 1.0,0.5203,Dice similarity of ECFPs,true
DB00508,DB01242,CC0 1.0,0.6615,Dice similarity of ECFPs,true
DB00508,DB01242,CC0 1.0,0.6615,Dice similarity of ECFPs,true
DB01129,DB00736,CC0 1.0,0.6043,Dice similarity of ECFPs,true
DB01129,DB00736,CC0 1.0,0.6043,Dice similarity of ECFPs,true
DB01340,DB00492,CC0 1.0,0.5258,Dice similarity of ECFPs,true
DB01340,DB00492,CC0 1.0,0.5258,Dice similarity of ECFPs,true
DB08801,DB00792,CC0 1.0,0.5932,Dice similarity of ECFPs,true
DB08801,DB00792,CC0 1.0,0.5932,Dice similarity of ECFPs,true
DB08903,DB01237,CC0 1.0,0.5276,Dice similarity of ECFPs,true
DB08903,DB01237,CC0 1.0,0.5276,Dice similarity of ECFPs,true
DB00771,DB00209,CC0 1.0,0.75,Dice similarity of ECFPs,true
DB00771,DB00209,CC0 1.0,0.75,Dice similarity of ECFPs,true
DB01237,DB00289,CC0 1.0,0.5536,Dice similarity of ECFPs,true
DB01237,DB00289,CC0 1.0,0.5536,Dice similarity of ECFPs,true
DB01581,DB00359,CC0 1.0,0.7959,Dice similarity of ECFPs,true
DB01581,DB00359,CC0 1.0,0.7959,Dice similarity of ECFPs,true
DB00591,DB01384,CC0 1.0,0.6335,Dice similarity of ECFPs,true
DB00591,DB01384,CC0 1.0,0.6335,Dice similarity of ECFPs,true
DB00328,DB00788,CC0 1.0,0.5,Dice similarity of ECFPs,true
DB00328,DB00788,CC0 1.0,0.5,Dice similarity of ECFPs,true
DB00739,DB01604,CC0 1.0,0.5283,Dice similarity of ECFPs,true
DB00739,DB01604,CC0 1.0,0.5283,Dice similarity of ECFPs,true
DB00548,DB02546,CC0 1.0,0.5169,Dice similarity of ECFPs,true
DB00548,DB02546,CC0 1.0,0.5169,Dice similarity of ECFPs,true
DB00430,DB00923,CC0 1.0,0.6233,Dice similarity of ECFPs,true
DB00430,DB00923,CC0 1.0,0.6233,Dice similarity of ECFPs,true
DB01349,DB00177,CC0 1.0,0.6,Dice similarity of ECFPs,true
DB01349,DB00177,CC0 1.0,0.6,Dice similarity of ECFPs,true
DB00846,DB00240,CC0 1.0,0.5283,Dice similarity of ECFPs,true
DB00846,DB00240,CC0 1.0,0.5283,Dice similarity of ECFPs,true
DB01576,DB06218,CC0 1.0,0.5128,Dice similarity of ECFPs,true
DB01576,DB06218,CC0 1.0,0.5128,Dice similarity of ECFPs,true
DB00986,DB00387,CC0 1.0,0.5827,Dice similarity of ECFPs,true
DB00986,DB00387,CC0 1.0,0.5827,Dice similarity of ECFPs,true
DB00739,DB00319,CC0 1.0,0.5731,Dice similarity of ECFPs,true
DB00739,DB00319,CC0 1.0,0.5731,Dice similarity of ECFPs,true
DB01081,DB00836,CC0 1.0,0.6735,Dice similarity of ECFPs,true
DB01081,DB00836,CC0 1.0,0.6735,Dice similarity of ECFPs,true
DB00155,DB00138,CC0 1.0,0.5075,Dice similarity of ECFPs,true
DB00155,DB00138,CC0 1.0,0.5075,Dice similarity of ECFPs,true
DB00120,DB00731,CC0 1.0,0.5567,Dice similarity of ECFPs,true
DB00120,DB00731,CC0 1.0,0.5567,Dice similarity of ECFPs,true
DB00180,DB00741,CC0 1.0,0.5032,Dice similarity of ECFPs,true
DB00180,DB00741,CC0 1.0,0.5032,Dice similarity of ECFPs,true
DB00422,DB00572,CC0 1.0,0.5505,Dice similarity of ECFPs,true
DB00422,DB00572,CC0 1.0,0.5505,Dice similarity of ECFPs,true
DB00623,DB01071,CC0 1.0,0.529,Dice similarity of ECFPs,true
DB00623,DB01071,CC0 1.0,0.529,Dice similarity of ECFPs,true
DB01582,DB00359,CC0 1.0,0.7,Dice similarity of ECFPs,true
DB01582,DB00359,CC0 1.0,0.7,Dice similarity of ECFPs,true
DB04877,DB00570,CC0 1.0,0.5367,Dice similarity of ECFPs,true
DB04877,DB00570,CC0 1.0,0.5367,Dice similarity of ECFPs,true
DB00159,DB00132,CC0 1.0,0.7667,Dice similarity of ECFPs,true
DB00159,DB00132,CC0 1.0,0.7667,Dice similarity of ECFPs,true
DB01420,DB00396,CC0 1.0,0.8507,Dice similarity of ECFPs,true
DB01420,DB00396,CC0 1.0,0.8507,Dice similarity of ECFPs,true
DB00751,DB00540,CC0 1.0,0.5391,Dice similarity of ECFPs,true
DB00751,DB00540,CC0 1.0,0.5391,Dice similarity of ECFPs,true
DB01364,DB00289,CC0 1.0,0.5,Dice similarity of ECFPs,true
DB01364,DB00289,CC0 1.0,0.5,Dice similarity of ECFPs,true
DB00621,DB00624,CC0 1.0,0.5833,Dice similarity of ECFPs,true
DB00621,DB00624,CC0 1.0,0.5833,Dice similarity of ECFPs,true
DB00191,DB00217,CC0 1.0,0.597,Dice similarity of ECFPs,true
DB00191,DB00217,CC0 1.0,0.597,Dice similarity of ECFPs,true
DB00914,DB01626,CC0 1.0,0.5,Dice similarity of ECFPs,true
DB00914,DB01626,CC0 1.0,0.5,Dice similarity of ECFPs,true
DB00988,DB00244,CC0 1.0,0.5085,Dice similarity of ECFPs,true
DB00988,DB00244,CC0 1.0,0.5085,Dice similarity of ECFPs,true
DB00223,DB00588,CC0 1.0,0.7738,Dice similarity of ECFPs,true
DB00223,DB00588,CC0 1.0,0.7738,Dice similarity of ECFPs,true
DB00458,DB00477,CC0 1.0,0.6777,Dice similarity of ECFPs,true
DB00458,DB00477,CC0 1.0,0.6777,Dice similarity of ECFPs,true
DB01209,DB00655,CC0 1.0,0.537,Dice similarity of ECFPs,true
DB01209,DB00655,CC0 1.0,0.537,Dice similarity of ECFPs,true
DB00645,DB00502,CC0 1.0,0.5037,Dice similarity of ECFPs,true
DB00645,DB00502,CC0 1.0,0.5037,Dice similarity of ECFPs,true
DB01267,DB04946,CC0 1.0,0.618,Dice similarity of ECFPs,true
DB01267,DB04946,CC0 1.0,0.618,Dice similarity of ECFPs,true
DB01167,DB00251,CC0 1.0,0.7886,Dice similarity of ECFPs,true
DB01167,DB00251,CC0 1.0,0.7886,Dice similarity of ECFPs,true
DB00267,DB01326,CC0 1.0,0.7039,Dice similarity of ECFPs,true
DB00267,DB01326,CC0 1.0,0.7039,Dice similarity of ECFPs,true
DB01260,DB00223,CC0 1.0,0.566,Dice similarity of ECFPs,true
DB01260,DB00223,CC0 1.0,0.566,Dice similarity of ECFPs,true
DB00860,DB00687,CC0 1.0,0.6806,Dice similarity of ECFPs,true
DB00860,DB00687,CC0 1.0,0.6806,Dice similarity of ECFPs,true
DB00999,DB00232,CC0 1.0,0.6804,Dice similarity of ECFPs,true
DB00999,DB00232,CC0 1.0,0.6804,Dice similarity of ECFPs,true
DB00452,DB00994,CC0 1.0,1.0,Dice similarity of ECFPs,true
DB00452,DB00994,CC0 1.0,1.0,Dice similarity of ECFPs,true
DB00826,DB00681,CC0 1.0,0.7101,Dice similarity of ECFPs,true
DB00826,DB00681,CC0 1.0,0.7101,Dice similarity of ECFPs,true
DB01616,DB08799,CC0 1.0,0.5574,Dice similarity of ECFPs,true
DB01616,DB08799,CC0 1.0,0.5574,Dice similarity of ECFPs,true
DB01176,DB00234,CC0 1.0,0.5197,Dice similarity of ECFPs,true
DB01176,DB00234,CC0 1.0,0.5197,Dice similarity of ECFPs,true
DB00207,DB00199,CC0 1.0,0.9071,Dice similarity of ECFPs,true
DB00207,DB00199,CC0 1.0,0.9071,Dice similarity of ECFPs,true
DB01009,DB00963,CC0 1.0,0.5,Dice similarity of ECFPs,true
DB01009,DB00963,CC0 1.0,0.5,Dice similarity of ECFPs,true
DB00933,DB00477,CC0 1.0,0.637,Dice similarity of ECFPs,true
DB00933,DB00477,CC0 1.0,0.637,Dice similarity of ECFPs,true
DB04837,DB00726,CC0 1.0,0.521,Dice similarity of ECFPs,true
DB04837,DB00726,CC0 1.0,0.521,Dice similarity of ECFPs,true
DB06707,DB06262,CC0 1.0,0.7945,Dice similarity of ECFPs,true
DB06707,DB06262,CC0 1.0,0.7945,Dice similarity of ECFPs,true
DB01288,DB00871,CC0 1.0,0.6019,Dice similarity of ECFPs,true
DB01288,DB00871,CC0 1.0,0.6019,Dice similarity of ECFPs,true
DB00770,DB01240,CC0 1.0,0.6906,Dice similarity of ECFPs,true
DB00770,DB01240,CC0 1.0,0.6906,Dice similarity of ECFPs,true
DB00335,DB01168,CC0 1.0,0.5,Dice similarity of ECFPs,true
DB00335,DB01168,CC0 1.0,0.5,Dice similarity of ECFPs,true
DB00656,DB01184,CC0 1.0,0.5276,Dice similarity of ECFPs,true
DB00656,DB01184,CC0 1.0,0.5276,Dice similarity of ECFPs,true
DB00754,DB00832,CC0 1.0,0.6667,Dice similarity of ECFPs,true
DB00754,DB00832,CC0 1.0,0.6667,Dice similarity of ECFPs,true
DB01116,DB01244,CC0 1.0,0.5,Dice similarity of ECFPs,true
DB01116,DB01244,CC0 1.0,0.5,Dice similarity of ECFPs,true
DB00454,DB00849,CC0 1.0,0.5,Dice similarity of ECFPs,true
DB00454,DB00849,CC0 1.0,0.5,Dice similarity of ECFPs,true
DB01130,DB00288,CC0 1.0,0.5408,Dice similarity of ECFPs,true
DB01130,DB00288,CC0 1.0,0.5408,Dice similarity of ECFPs,true
DB01192,DB00327,CC0 1.0,0.7377,Dice similarity of ECFPs,true
DB01192,DB00327,CC0 1.0,0.7377,Dice similarity of ECFPs,true
DB00233,DB06262,CC0 1.0,0.5294,Dice similarity of ECFPs,true
DB00233,DB06262,CC0 1.0,0.5294,Dice similarity of ECFPs,true
DB01065,DB00315,CC0 1.0,0.537,Dice similarity of ECFPs,true
DB01065,DB00315,CC0 1.0,0.537,Dice similarity of ECFPs,true
DB01063,DB01624,CC0 1.0,0.6994,Dice similarity of ECFPs,true
DB01063,DB01624,CC0 1.0,0.6994,Dice similarity of ECFPs,true
DB01203,DB08808,CC0 1.0,0.6481,Dice similarity of ECFPs,true
DB01203,DB08808,CC0 1.0,0.6481,Dice similarity of ECFPs,true
DB09002,DB08936,CC0 1.0,0.6822,Dice similarity of ECFPs,true
DB09002,DB08936,CC0 1.0,0.6822,Dice similarity of ECFPs,true
DB00458,DB00792,CC0 1.0,0.5345,Dice similarity of ECFPs,true
DB00458,DB00792,CC0 1.0,0.5345,Dice similarity of ECFPs,true
DB00345,DB01035,CC0 1.0,0.6588,Dice similarity of ECFPs,true
DB00345,DB01035,CC0 1.0,0.6588,Dice similarity of ECFPs,true
DB00366,DB00420,CC0 1.0,0.5217,Dice similarity of ECFPs,true
DB00366,DB00420,CC0 1.0,0.5217,Dice similarity of ECFPs,true
DB06802,DB00465,CC0 1.0,0.5794,Dice similarity of ECFPs,true
DB06802,DB00465,CC0 1.0,0.5794,Dice similarity of ECFPs,true
DB00807,DB00527,CC0 1.0,0.5581,Dice similarity of ECFPs,true
DB00807,DB00527,CC0 1.0,0.5581,Dice similarity of ECFPs,true
DB00779,DB00978,CC0 1.0,0.5439,Dice similarity of ECFPs,true
DB00779,DB00978,CC0 1.0,0.5439,Dice similarity of ECFPs,true
DB00600,DB03255,CC0 1.0,0.5625,Dice similarity of ECFPs,true
DB00600,DB03255,CC0 1.0,0.5625,Dice similarity of ECFPs,true
DB00363,DB00972,CC0 1.0,0.5241,Dice similarity of ECFPs,true
DB00363,DB00972,CC0 1.0,0.5241,Dice similarity of ECFPs,true
DB00939,DB00936,CC0 1.0,0.5316,Dice similarity of ECFPs,true
DB00939,DB00936,CC0 1.0,0.5316,Dice similarity of ECFPs,true
DB01577,DB00397,CC0 1.0,0.5574,Dice similarity of ECFPs,true
DB01577,DB00397,CC0 1.0,0.5574,Dice similarity of ECFPs,true
DB08802,DB01246,CC0 1.0,0.7179,Dice similarity of ECFPs,true
DB08802,DB01246,CC0 1.0,0.7179,Dice similarity of ECFPs,true
DB00607,DB01607,CC0 1.0,0.5986,Dice similarity of ECFPs,true
DB00607,DB01607,CC0 1.0,0.5986,Dice similarity of ECFPs,true
DB01603,DB01602,CC0 1.0,0.5732,Dice similarity of ECFPs,true
DB01603,DB01602,CC0 1.0,0.5732,Dice similarity of ECFPs,true
DB00497,DB00327,CC0 1.0,0.64,Dice similarity of ECFPs,true
DB00497,DB00327,CC0 1.0,0.64,Dice similarity of ECFPs,true
DB00263,DB00634,CC0 1.0,0.6512,Dice similarity of ECFPs,true
DB00263,DB00634,CC0 1.0,0.6512,Dice similarity of ECFPs,true
DB01576,DB00731,CC0 1.0,0.5,Dice similarity of ECFPs,true
DB01576,DB00731,CC0 1.0,0.5,Dice similarity of ECFPs,true
DB00289,DB04837,CC0 1.0,0.5405,Dice similarity of ECFPs,true
DB00289,DB04837,CC0 1.0,0.5405,Dice similarity of ECFPs,true
DB00603,DB01380,CC0 1.0,0.6194,Dice similarity of ECFPs,true
DB00603,DB01380,CC0 1.0,0.6194,Dice similarity of ECFPs,true
DB00764,DB08906,CC0 1.0,0.5455,Dice similarity of ECFPs,true
DB00764,DB08906,CC0 1.0,0.5455,Dice similarity of ECFPs,true
DB01247,DB06218,CC0 1.0,0.5253,Dice similarity of ECFPs,true
DB01247,DB06218,CC0 1.0,0.5253,Dice similarity of ECFPs,true
DB00603,DB00823,CC0 1.0,0.5455,Dice similarity of ECFPs,true
DB00603,DB00823,CC0 1.0,0.5455,Dice similarity of ECFPs,true
DB08798,DB00250,CC0 1.0,0.5417,Dice similarity of ECFPs,true
DB08798,DB00250,CC0 1.0,0.5417,Dice similarity of ECFPs,true
DB01614,DB00680,CC0 1.0,0.5526,Dice similarity of ECFPs,true
DB01614,DB00680,CC0 1.0,0.5526,Dice similarity of ECFPs,true
DB00897,DB01544,CC0 1.0,0.5846,Dice similarity of ECFPs,true
DB00897,DB01544,CC0 1.0,0.5846,Dice similarity of ECFPs,true
DB06718,DB06710,CC0 1.0,0.6667,Dice similarity of ECFPs,true
DB06718,DB06710,CC0 1.0,0.6667,Dice similarity of ECFPs,true
DB00508,DB01621,CC0 1.0,0.6203,Dice similarity of ECFPs,true
DB00508,DB01621,CC0 1.0,0.6203,Dice similarity of ECFPs,true
DB00264,DB00856,CC0 1.0,0.5618,Dice similarity of ECFPs,true
DB00264,DB00856,CC0 1.0,0.5618,Dice similarity of ECFPs,true
DB00568,DB00354,CC0 1.0,0.6358,Dice similarity of ECFPs,true
DB00568,DB00354,CC0 1.0,0.6358,Dice similarity of ECFPs,true
DB01324,DB01325,CC0 1.0,0.5487,Dice similarity of ECFPs,true
DB01324,DB01325,CC0 1.0,0.5487,Dice similarity of ECFPs,true
DB01176,DB00245,CC0 1.0,0.6614,Dice similarity of ECFPs,true
DB01176,DB00245,CC0 1.0,0.6614,Dice similarity of ECFPs,true
DB04841,DB08936,CC0 1.0,0.6309,Dice similarity of ECFPs,true
DB04841,DB08936,CC0 1.0,0.6309,Dice similarity of ECFPs,true
DB00731,DB00519,CC0 1.0,0.543,Dice similarity of ECFPs,true
DB00731,DB00519,CC0 1.0,0.543,Dice similarity of ECFPs,true
DB01260,DB00860,CC0 1.0,0.7712,Dice similarity of ECFPs,true
DB01260,DB00860,CC0 1.0,0.7712,Dice similarity of ECFPs,true
DB00540,DB00289,CC0 1.0,0.5439,Dice similarity of ECFPs,true
DB00540,DB00289,CC0 1.0,0.5439,Dice similarity of ECFPs,true
DB00700,DB00741,CC0 1.0,0.5419,Dice similarity of ECFPs,true
DB00700,DB00741,CC0 1.0,0.5419,Dice similarity of ECFPs,true
DB00623,DB00420,CC0 1.0,0.5556,Dice similarity of ECFPs,true
DB00623,DB00420,CC0 1.0,0.5556,Dice similarity of ECFPs,true
DB09000,DB00420,CC0 1.0,0.6667,Dice similarity of ECFPs,true
DB09000,DB00420,CC0 1.0,0.6667,Dice similarity of ECFPs,true
DB01582,DB00634,CC0 1.0,0.6292,Dice similarity of ECFPs,true
DB01582,DB00634,CC0 1.0,0.6292,Dice similarity of ECFPs,true
DB01333,DB00689,CC0 1.0,0.6434,Dice similarity of ECFPs,true
DB01333,DB00689,CC0 1.0,0.6434,Dice similarity of ECFPs,true
DB06781,DB08970,CC0 1.0,0.5698,Dice similarity of ECFPs,true
DB06781,DB08970,CC0 1.0,0.5698,Dice similarity of ECFPs,true
DB00679,DB01624,CC0 1.0,0.5,Dice similarity of ECFPs,true
DB00679,DB01624,CC0 1.0,0.5,Dice similarity of ECFPs,true
DB00713,DB00833,CC0 1.0,0.5175,Dice similarity of ECFPs,true
DB00713,DB00833,CC0 1.0,0.5175,Dice similarity of ECFPs,true
DB00404,DB00231,CC0 1.0,0.6992,Dice similarity of ECFPs,true
DB00404,DB00231,CC0 1.0,0.6992,Dice similarity of ECFPs,true
DB00366,DB00675,CC0 1.0,0.5362,Dice similarity of ECFPs,true
DB00366,DB00675,CC0 1.0,0.5362,Dice similarity of ECFPs,true
DB01227,DB00925,CC0 1.0,0.5414,Dice similarity of ECFPs,true
DB01227,DB00925,CC0 1.0,0.5414,Dice similarity of ECFPs,true
DB00689,DB00578,CC0 1.0,0.6122,Dice similarity of ECFPs,true
DB00689,DB00578,CC0 1.0,0.6122,Dice similarity of ECFPs,true
DB00719,DB06766,CC0 1.0,0.7273,Dice similarity of ECFPs,true
DB00719,DB06766,CC0 1.0,0.7273,Dice similarity of ECFPs,true
DB00564,DB01246,CC0 1.0,0.5179,Dice similarity of ECFPs,true
DB00564,DB01246,CC0 1.0,0.5179,Dice similarity of ECFPs,true
DB00690,DB00683,CC0 1.0,0.7042,Dice similarity of ECFPs,true
DB00690,DB00683,CC0 1.0,0.7042,Dice similarity of ECFPs,true
DB01577,DB00731,CC0 1.0,0.5263,Dice similarity of ECFPs,true
DB01577,DB00731,CC0 1.0,0.5263,Dice similarity of ECFPs,true
DB01237,DB01075,CC0 1.0,0.8214,Dice similarity of ECFPs,true
DB01237,DB01075,CC0 1.0,0.8214,Dice similarity of ECFPs,true
DB01215,DB01594,CC0 1.0,0.5303,Dice similarity of ECFPs,true
DB01215,DB01594,CC0 1.0,0.5303,Dice similarity of ECFPs,true
DB00420,DB00477,CC0 1.0,0.8475,Dice similarity of ECFPs,true
DB00420,DB00477,CC0 1.0,0.8475,Dice similarity of ECFPs,true
DB01588,DB00543,CC0 1.0,0.5191,Dice similarity of ECFPs,true
DB01588,DB00543,CC0 1.0,0.5191,Dice similarity of ECFPs,true
DB08800,DB00366,CC0 1.0,0.5439,Dice similarity of ECFPs,true
DB08800,DB00366,CC0 1.0,0.5439,Dice similarity of ECFPs,true
DB01196,DB00977,CC0 1.0,0.5556,Dice similarity of ECFPs,true
DB01196,DB00977,CC0 1.0,0.5556,Dice similarity of ECFPs,true
DB01588,DB00683,CC0 1.0,0.6061,Dice similarity of ECFPs,true
DB01588,DB00683,CC0 1.0,0.6061,Dice similarity of ECFPs,true
DB00691,DB00722,CC0 1.0,0.5525,Dice similarity of ECFPs,true
DB00691,DB00722,CC0 1.0,0.5525,Dice similarity of ECFPs,true
DB00475,DB00683,CC0 1.0,0.5238,Dice similarity of ECFPs,true
DB00475,DB00683,CC0 1.0,0.5238,Dice similarity of ECFPs,true
DB01587,DB01567,CC0 1.0,0.5909,Dice similarity of ECFPs,true
DB01587,DB01567,CC0 1.0,0.5909,Dice similarity of ECFPs,true
DB00401,DB00270,CC0 1.0,0.698,Dice similarity of ECFPs,true
DB00401,DB00270,CC0 1.0,0.698,Dice similarity of ECFPs,true
DB00415,DB01604,CC0 1.0,0.7947,Dice similarity of ECFPs,true
DB00415,DB01604,CC0 1.0,0.7947,Dice similarity of ECFPs,true
DB00768,DB00540,CC0 1.0,0.5538,Dice similarity of ECFPs,true
DB00768,DB00540,CC0 1.0,0.5538,Dice similarity of ECFPs,true
DB01239,DB01489,CC0 1.0,0.5152,Dice similarity of ECFPs,true
DB01239,DB01489,CC0 1.0,0.5152,Dice similarity of ECFPs,true
DB00399,DB00720,CC0 1.0,0.5152,Dice similarity of ECFPs,true
DB00399,DB00720,CC0 1.0,0.5152,Dice similarity of ECFPs,true
DB00433,DB01614,CC0 1.0,0.6522,Dice similarity of ECFPs,true
DB00433,DB01614,CC0 1.0,0.6522,Dice similarity of ECFPs,true
DB09002,DB01231,CC0 1.0,0.6176,Dice similarity of ECFPs,true
DB09002,DB01231,CC0 1.0,0.6176,Dice similarity of ECFPs,true
DB01193,DB00264,CC0 1.0,0.5593,Dice similarity of ECFPs,true
DB01193,DB00264,CC0 1.0,0.5593,Dice similarity of ECFPs,true
DB04574,DB00990,CC0 1.0,0.5469,Dice similarity of ECFPs,true
DB04574,DB00990,CC0 1.0,0.5469,Dice similarity of ECFPs,true
DB00870,DB01600,CC0 1.0,0.7,Dice similarity of ECFPs,true
DB00870,DB01600,CC0 1.0,0.7,Dice similarity of ECFPs,true
DB00418,DB00241,CC0 1.0,0.7356,Dice similarity of ECFPs,true
DB00418,DB00241,CC0 1.0,0.7356,Dice similarity of ECFPs,true
DB00434,DB00498,CC0 1.0,0.5263,Dice similarity of ECFPs,true
DB00434,DB00498,CC0 1.0,0.5263,Dice similarity of ECFPs,true
DB00933,DB01069,CC0 1.0,0.5455,Dice similarity of ECFPs,true
DB00933,DB01069,CC0 1.0,0.5455,Dice similarity of ECFPs,true
DB01228,DB00549,CC0 1.0,0.5026,Dice similarity of ECFPs,true
DB01228,DB00549,CC0 1.0,0.5026,Dice similarity of ECFPs,true
DB00456,DB00567,CC0 1.0,0.5942,Dice similarity of ECFPs,true
DB00456,DB00567,CC0 1.0,0.5942,Dice similarity of ECFPs,true
DB01014,DB00795,CC0 1.0,0.6623,Dice similarity of ECFPs,true
DB01014,DB00795,CC0 1.0,0.6623,Dice similarity of ECFPs,true
DB01130,DB00240,CC0 1.0,0.5497,Dice similarity of ECFPs,true
DB01130,DB00240,CC0 1.0,0.5497,Dice similarity of ECFPs,true
DB00168,DB01121,CC0 1.0,0.5591,Dice similarity of ECFPs,true
DB00168,DB01121,CC0 1.0,0.5591,Dice similarity of ECFPs,true
DB00897,DB00546,CC0 1.0,0.7391,Dice similarity of ECFPs,true
DB00897,DB00546,CC0 1.0,0.7391,Dice similarity of ECFPs,true
DB00797,DB00780,CC0 1.0,0.5538,Dice similarity of ECFPs,true
DB00797,DB00780,CC0 1.0,0.5538,Dice similarity of ECFPs,true
DB00521,DB00960,CC0 1.0,0.5321,Dice similarity of ECFPs,true
DB00521,DB00960,CC0 1.0,0.5321,Dice similarity of ECFPs,true
DB01184,DB00850,CC0 1.0,0.5422,Dice similarity of ECFPs,true
DB01184,DB00850,CC0 1.0,0.5422,Dice similarity of ECFPs,true
DB01416,DB01333,CC0 1.0,0.5315,Dice similarity of ECFPs,true
DB01416,DB01333,CC0 1.0,0.5315,Dice similarity of ECFPs,true
DB00860,DB00635,CC0 1.0,0.831,Dice similarity of ECFPs,true
DB00860,DB00635,CC0 1.0,0.831,Dice similarity of ECFPs,true
DB01364,DB04838,CC0 1.0,0.5,Dice similarity of ECFPs,true
DB01364,DB04838,CC0 1.0,0.5,Dice similarity of ECFPs,true
DB01433,DB04843,CC0 1.0,0.5734,Dice similarity of ECFPs,true
DB01433,DB04843,CC0 1.0,0.5734,Dice similarity of ECFPs,true
DB00760,DB00303,CC0 1.0,0.7421,Dice similarity of ECFPs,true
DB00760,DB00303,CC0 1.0,0.7421,Dice similarity of ECFPs,true
DB01614,DB01071,CC0 1.0,0.5075,Dice similarity of ECFPs,true
DB01614,DB01071,CC0 1.0,0.5075,Dice similarity of ECFPs,true
DB06712,DB01115,CC0 1.0,0.662,Dice similarity of ECFPs,true
DB06712,DB01115,CC0 1.0,0.662,Dice similarity of ECFPs,true
DB01280,DB00118,CC0 1.0,0.5909,Dice similarity of ECFPs,true
DB01280,DB00118,CC0 1.0,0.5909,Dice similarity of ECFPs,true
DB00282,DB00720,CC0 1.0,0.6071,Dice similarity of ECFPs,true
DB00282,DB00720,CC0 1.0,0.6071,Dice similarity of ECFPs,true
DB01068,DB01553,CC0 1.0,0.5469,Dice similarity of ECFPs,true
DB01068,DB01553,CC0 1.0,0.5469,Dice similarity of ECFPs,true
DB00648,DB01511,CC0 1.0,0.5047,Dice similarity of ECFPs,true
DB00648,DB01511,CC0 1.0,0.5047,Dice similarity of ECFPs,true
DB01614,DB01246,CC0 1.0,0.672,Dice similarity of ECFPs,true
DB01614,DB01246,CC0 1.0,0.672,Dice similarity of ECFPs,true
DB01208,DB00218,CC0 1.0,0.6154,Dice similarity of ECFPs,true
DB01208,DB00218,CC0 1.0,0.6154,Dice similarity of ECFPs,true
DB01616,DB00812,CC0 1.0,0.5313,Dice similarity of ECFPs,true
DB01616,DB00812,CC0 1.0,0.5313,Dice similarity of ECFPs,true
DB00245,DB00568,CC0 1.0,0.5263,Dice similarity of ECFPs,true
DB00245,DB00568,CC0 1.0,0.5263,Dice similarity of ECFPs,true
DB01186,DB00589,CC0 1.0,0.5185,Dice similarity of ECFPs,true
DB01186,DB00589,CC0 1.0,0.5185,Dice similarity of ECFPs,true
DB00287,DB00654,CC0 1.0,0.6557,Dice similarity of ECFPs,true
DB00287,DB00654,CC0 1.0,0.6557,Dice similarity of ECFPs,true
DB00710,DB01077,CC0 1.0,0.5479,Dice similarity of ECFPs,true
DB00710,DB01077,CC0 1.0,0.5479,Dice similarity of ECFPs,true
DB00664,DB00634,CC0 1.0,0.6222,Dice similarity of ECFPs,true
DB00664,DB00634,CC0 1.0,0.6222,Dice similarity of ECFPs,true
DB08799,DB00813,CC0 1.0,0.5865,Dice similarity of ECFPs,true
DB08799,DB00813,CC0 1.0,0.5865,Dice similarity of ECFPs,true
DB00776,DB00726,CC0 1.0,0.547,Dice similarity of ECFPs,true
DB00776,DB00726,CC0 1.0,0.547,Dice similarity of ECFPs,true
DB06802,DB00586,CC0 1.0,0.5283,Dice similarity of ECFPs,true
DB06802,DB00586,CC0 1.0,0.5283,Dice similarity of ECFPs,true
DB01108,DB00858,CC0 1.0,0.6094,Dice similarity of ECFPs,true
DB01108,DB00858,CC0 1.0,0.6094,Dice similarity of ECFPs,true
DB01326,DB00274,CC0 1.0,0.6,Dice similarity of ECFPs,true
DB01326,DB00274,CC0 1.0,0.6,Dice similarity of ECFPs,true
DB00768,DB08801,CC0 1.0,0.5075,Dice similarity of ECFPs,true
DB00768,DB08801,CC0 1.0,0.5075,Dice similarity of ECFPs,true
DB00983,DB00867,CC0 1.0,0.5271,Dice similarity of ECFPs,true
DB00983,DB00867,CC0 1.0,0.5271,Dice similarity of ECFPs,true
DB01301,DB00256,CC0 1.0,0.7798,Dice similarity of ECFPs,true
DB01301,DB00256,CC0 1.0,0.7798,Dice similarity of ECFPs,true
DB00875,DB01063,CC0 1.0,0.5765,Dice similarity of ECFPs,true
DB00875,DB01063,CC0 1.0,0.5765,Dice similarity of ECFPs,true
DB00928,DB01296,CC0 1.0,0.5455,Dice similarity of ECFPs,true
DB00928,DB01296,CC0 1.0,0.5455,Dice similarity of ECFPs,true
DB00769,DB00846,CC0 1.0,0.5424,Dice similarity of ECFPs,true
DB00769,DB00846,CC0 1.0,0.5424,Dice similarity of ECFPs,true
DB08800,DB00792,CC0 1.0,0.8214,Dice similarity of ECFPs,true
DB08800,DB00792,CC0 1.0,0.8214,Dice similarity of ECFPs,true
DB00719,DB00670,CC0 1.0,0.5429,Dice similarity of ECFPs,true
DB00719,DB00670,CC0 1.0,0.5429,Dice similarity of ECFPs,true
DB00128,DB00134,CC0 1.0,0.5333,Dice similarity of ECFPs,true
DB00128,DB00134,CC0 1.0,0.5333,Dice similarity of ECFPs,true
DB08941,DB00571,CC0 1.0,0.5517,Dice similarity of ECFPs,true
DB08941,DB00571,CC0 1.0,0.5517,Dice similarity of ECFPs,true
DB00829,DB01511,CC0 1.0,0.6491,Dice similarity of ECFPs,true
DB00829,DB01511,CC0 1.0,0.6491,Dice similarity of ECFPs,true
DB08916,DB05294,CC0 1.0,0.5464,Dice similarity of ECFPs,true
DB08916,DB05294,CC0 1.0,0.5464,Dice similarity of ECFPs,true
DB08797,DB00744,CC0 1.0,0.507,Dice similarity of ECFPs,true
DB08797,DB00744,CC0 1.0,0.507,Dice similarity of ECFPs,true
DB00301,DB01061,CC0 1.0,0.5562,Dice similarity of ECFPs,true
DB00301,DB01061,CC0 1.0,0.5562,Dice similarity of ECFPs,true
DB00866,DB01359,CC0 1.0,0.5505,Dice similarity of ECFPs,true
DB00866,DB01359,CC0 1.0,0.5505,Dice similarity of ECFPs,true
DB01222,DB01410,CC0 1.0,0.7179,Dice similarity of ECFPs,true
DB01222,DB01410,CC0 1.0,0.7179,Dice similarity of ECFPs,true
DB00496,DB00813,CC0 1.0,0.5749,Dice similarity of ECFPs,true
DB00496,DB00813,CC0 1.0,0.5749,Dice similarity of ECFPs,true
DB01429,DB00813,CC0 1.0,0.5315,Dice similarity of ECFPs,true
DB01429,DB00813,CC0 1.0,0.5315,Dice similarity of ECFPs,true
DB01576,DB00397,CC0 1.0,0.6552,Dice similarity of ECFPs,true
DB01576,DB00397,CC0 1.0,0.6552,Dice similarity of ECFPs,true
DB00170,DB00832,CC0 1.0,0.5067,Dice similarity of ECFPs,true
DB00170,DB00832,CC0 1.0,0.5067,Dice similarity of ECFPs,true
DB01193,DB01297,CC0 1.0,0.6667,Dice similarity of ECFPs,true
DB01193,DB01297,CC0 1.0,0.6667,Dice similarity of ECFPs,true
DB00806,DB01482,CC0 1.0,0.5079,Dice similarity of ECFPs,true
DB00806,DB01482,CC0 1.0,0.5079,Dice similarity of ECFPs,true
DB02300,DB00910,CC0 1.0,0.7273,Dice similarity of ECFPs,true
DB02300,DB00910,CC0 1.0,0.7273,Dice similarity of ECFPs,true
DB01582,DB06729,CC0 1.0,0.5739,Dice similarity of ECFPs,true
DB01582,DB06729,CC0 1.0,0.5739,Dice similarity of ECFPs,true
DB00241,DB00306,CC0 1.0,0.7619,Dice similarity of ECFPs,true
DB00241,DB00306,CC0 1.0,0.7619,Dice similarity of ECFPs,true
DB01577,DB03255,CC0 1.0,0.549,Dice similarity of ECFPs,true
DB01577,DB03255,CC0 1.0,0.549,Dice similarity of ECFPs,true
DB00424,DB00889,CC0 1.0,0.5397,Dice similarity of ECFPs,true
DB00424,DB00889,CC0 1.0,0.5397,Dice similarity of ECFPs,true
DB00961,DB00281,CC0 1.0,0.5833,Dice similarity of ECFPs,true
DB00961,DB00281,CC0 1.0,0.5833,Dice similarity of ECFPs,true
DB02187,DB00977,CC0 1.0,0.5378,Dice similarity of ECFPs,true
DB02187,DB00977,CC0 1.0,0.5378,Dice similarity of ECFPs,true
DB00454,DB00913,CC0 1.0,0.7143,Dice similarity of ECFPs,true
DB00454,DB00913,CC0 1.0,0.7143,Dice similarity of ECFPs,true
DB00294,DB00984,CC0 1.0,0.5065,Dice similarity of ECFPs,true
DB00294,DB00984,CC0 1.0,0.5065,Dice similarity of ECFPs,true
DB00923,DB01327,CC0 1.0,0.6333,Dice similarity of ECFPs,true
DB00923,DB01327,CC0 1.0,0.6333,Dice similarity of ECFPs,true
DB06710,DB01380,CC0 1.0,0.6714,Dice similarity of ECFPs,true
DB06710,DB01380,CC0 1.0,0.6714,Dice similarity of ECFPs,true
DB06590,DB00671,CC0 1.0,0.5149,Dice similarity of ECFPs,true
DB06590,DB00671,CC0 1.0,0.5149,Dice similarity of ECFPs,true
DB00497,DB00844,CC0 1.0,0.5468,Dice similarity of ECFPs,true
DB00497,DB00844,CC0 1.0,0.5468,Dice similarity of ECFPs,true
DB00417,DB01603,CC0 1.0,0.6912,Dice similarity of ECFPs,true
DB00417,DB01603,CC0 1.0,0.6912,Dice similarity of ECFPs,true
DB01395,DB00253,CC0 1.0,0.5517,Dice similarity of ECFPs,true
DB01395,DB00253,CC0 1.0,0.5517,Dice similarity of ECFPs,true
DB00335,DB01297,CC0 1.0,0.7885,Dice similarity of ECFPs,true
DB00335,DB01297,CC0 1.0,0.7885,Dice similarity of ECFPs,true
DB01328,DB00229,CC0 1.0,0.6354,Dice similarity of ECFPs,true
DB01328,DB00229,CC0 1.0,0.6354,Dice similarity of ECFPs,true
DB01215,DB00231,CC0 1.0,0.6942,Dice similarity of ECFPs,true
DB01215,DB00231,CC0 1.0,0.6942,Dice similarity of ECFPs,true
DB01234,DB00741,CC0 1.0,0.5616,Dice similarity of ECFPs,true
DB01234,DB00741,CC0 1.0,0.5616,Dice similarity of ECFPs,true
DB01024,DB00688,CC0 1.0,0.7651,Dice similarity of ECFPs,true
DB01024,DB00688,CC0 1.0,0.7651,Dice similarity of ECFPs,true
DB01428,DB01600,CC0 1.0,0.6122,Dice similarity of ECFPs,true
DB01428,DB01600,CC0 1.0,0.6122,Dice similarity of ECFPs,true
DB00349,DB00690,CC0 1.0,0.5185,Dice similarity of ECFPs,true
DB00349,DB00690,CC0 1.0,0.5185,Dice similarity of ECFPs,true
DB01620,DB00726,CC0 1.0,0.5043,Dice similarity of ECFPs,true
DB01620,DB00726,CC0 1.0,0.5043,Dice similarity of ECFPs,true
DB04930,DB00676,CC0 1.0,0.5333,Dice similarity of ECFPs,true
DB04930,DB00676,CC0 1.0,0.5333,Dice similarity of ECFPs,true
DB01002,DB00961,CC0 1.0,0.8257,Dice similarity of ECFPs,true
DB01002,DB00961,CC0 1.0,0.8257,Dice similarity of ECFPs,true
DB01015,DB06147,CC0 1.0,0.6957,Dice similarity of ECFPs,true
DB01015,DB06147,CC0 1.0,0.6957,Dice similarity of ECFPs,true
DB08801,DB00540,CC0 1.0,0.5082,Dice similarity of ECFPs,true
DB08801,DB00540,CC0 1.0,0.5082,Dice similarity of ECFPs,true
DB00167,DB00151,CC0 1.0,0.5128,Dice similarity of ECFPs,true
DB00167,DB00151,CC0 1.0,0.5128,Dice similarity of ECFPs,true
DB00456,DB01212,CC0 1.0,0.538,Dice similarity of ECFPs,true
DB00456,DB01212,CC0 1.0,0.538,Dice similarity of ECFPs,true
DB00265,DB00750,CC0 1.0,0.5412,Dice similarity of ECFPs,true
DB00265,DB00750,CC0 1.0,0.5412,Dice similarity of ECFPs,true
DB00948,DB00319,CC0 1.0,0.8615,Dice similarity of ECFPs,true
DB00948,DB00319,CC0 1.0,0.8615,Dice similarity of ECFPs,true
DB01359,DB00874,CC0 1.0,0.5306,Dice similarity of ECFPs,true
DB01359,DB00874,CC0 1.0,0.5306,Dice similarity of ECFPs,true
DB00897,DB00186,CC0 1.0,0.64,Dice similarity of ECFPs,true
DB00897,DB00186,CC0 1.0,0.64,Dice similarity of ECFPs,true
DB09015,DB00860,CC0 1.0,0.5103,Dice similarity of ECFPs,true
DB09015,DB00860,CC0 1.0,0.5103,Dice similarity of ECFPs,true
DB01588,DB00902,CC0 1.0,0.5156,Dice similarity of ECFPs,true
DB01588,DB00902,CC0 1.0,0.5156,Dice similarity of ECFPs,true
DB00593,DB01107,CC0 1.0,0.5,Dice similarity of ECFPs,true
DB00593,DB01107,CC0 1.0,0.5,Dice similarity of ECFPs,true
DB00663,DB08970,CC0 1.0,0.5868,Dice similarity of ECFPs,true
DB00663,DB08970,CC0 1.0,0.5868,Dice similarity of ECFPs,true
DB08835,DB06151,CC0 1.0,0.5063,Dice similarity of ECFPs,true
DB08835,DB06151,CC0 1.0,0.5063,Dice similarity of ECFPs,true
DB00808,DB00524,CC0 1.0,0.5954,Dice similarity of ECFPs,true
DB00808,DB00524,CC0 1.0,0.5954,Dice similarity of ECFPs,true
DB00624,DB00421,CC0 1.0,0.5857,Dice similarity of ECFPs,true
DB00624,DB00421,CC0 1.0,0.5857,Dice similarity of ECFPs,true
DB01173,DB00392,CC0 1.0,0.5,Dice similarity of ECFPs,true
DB01173,DB00392,CC0 1.0,0.5,Dice similarity of ECFPs,true
DB01130,DB00351,CC0 1.0,0.5059,Dice similarity of ECFPs,true
DB01130,DB00351,CC0 1.0,0.5059,Dice similarity of ECFPs,true
DB00603,DB01420,CC0 1.0,0.589,Dice similarity of ECFPs,true
DB00603,DB01420,CC0 1.0,0.589,Dice similarity of ECFPs,true
DB00880,DB01021,CC0 1.0,0.6804,Dice similarity of ECFPs,true
DB00880,DB01021,CC0 1.0,0.6804,Dice similarity of ECFPs,true
DB01609,DB00966,CC0 1.0,0.5104,Dice similarity of ECFPs,true
DB01609,DB00966,CC0 1.0,0.5104,Dice similarity of ECFPs,true
DB01153,DB00239,CC0 1.0,0.6316,Dice similarity of ECFPs,true
DB01153,DB00239,CC0 1.0,0.6316,Dice similarity of ECFPs,true
DB01229,DB06772,CC0 1.0,0.8084,Dice similarity of ECFPs,true
DB01229,DB06772,CC0 1.0,0.8084,Dice similarity of ECFPs,true
DB00963,DB00870,CC0 1.0,0.5524,Dice similarity of ECFPs,true
DB00963,DB00870,CC0 1.0,0.5524,Dice similarity of ECFPs,true
DB08905,DB00894,CC0 1.0,0.5691,Dice similarity of ECFPs,true
DB08905,DB00894,CC0 1.0,0.5691,Dice similarity of ECFPs,true
DB00591,DB08970,CC0 1.0,0.6335,Dice similarity of ECFPs,true
DB00591,DB08970,CC0 1.0,0.6335,Dice similarity of ECFPs,true
DB01041,DB00480,CC0 1.0,0.6981,Dice similarity of ECFPs,true
DB01041,DB00480,CC0 1.0,0.6981,Dice similarity of ECFPs,true
DB00959,DB00223,CC0 1.0,0.6533,Dice similarity of ECFPs,true
DB00959,DB00223,CC0 1.0,0.6533,Dice similarity of ECFPs,true
DB01224,DB00850,CC0 1.0,0.6038,Dice similarity of ECFPs,true
DB01224,DB00850,CC0 1.0,0.6038,Dice similarity of ECFPs,true
DB01147,DB01602,CC0 1.0,0.5542,Dice similarity of ECFPs,true
DB01147,DB01602,CC0 1.0,0.5542,Dice similarity of ECFPs,true
DB00725,DB00979,CC0 1.0,0.5,Dice similarity of ECFPs,true
DB00725,DB00979,CC0 1.0,0.5,Dice similarity of ECFPs,true
DB00497,DB00704,CC0 1.0,0.7353,Dice similarity of ECFPs,true
DB00497,DB00704,CC0 1.0,0.7353,Dice similarity of ECFPs,true
DB01250,DB01399,CC0 1.0,0.531,Dice similarity of ECFPs,true
DB01250,DB01399,CC0 1.0,0.531,Dice similarity of ECFPs,true
DB00905,DB00654,CC0 1.0,0.7326,Dice similarity of ECFPs,true
DB00905,DB00654,CC0 1.0,0.7326,Dice similarity of ECFPs,true
DB00606,DB00999,CC0 1.0,0.6667,Dice similarity of ECFPs,true
DB00606,DB00999,CC0 1.0,0.6667,Dice similarity of ECFPs,true
DB08893,DB01102,CC0 1.0,0.5342,Dice similarity of ECFPs,true
DB08893,DB01102,CC0 1.0,0.5342,Dice similarity of ECFPs,true
DB00700,DB01395,CC0 1.0,0.5714,Dice similarity of ECFPs,true
DB00700,DB01395,CC0 1.0,0.5714,Dice similarity of ECFPs,true
DB08887,DB00132,CC0 1.0,0.6667,Dice similarity of ECFPs,true
DB08887,DB00132,CC0 1.0,0.6667,Dice similarity of ECFPs,true
DB06802,DB01399,CC0 1.0,0.566,Dice similarity of ECFPs,true
DB06802,DB01399,CC0 1.0,0.566,Dice similarity of ECFPs,true
DB01007,DB01127,CC0 1.0,0.8148,Dice similarity of ECFPs,true
DB01007,DB01127,CC0 1.0,0.8148,Dice similarity of ECFPs,true
DB09018,DB00807,CC0 1.0,0.5179,Dice similarity of ECFPs,true
DB09018,DB00807,CC0 1.0,0.5179,Dice similarity of ECFPs,true
DB01433,DB01069,CC0 1.0,0.5271,Dice similarity of ECFPs,true
DB01433,DB01069,CC0 1.0,0.5271,Dice similarity of ECFPs,true
DB00860,DB00394,CC0 1.0,0.5119,Dice similarity of ECFPs,true
DB00860,DB00394,CC0 1.0,0.5119,Dice similarity of ECFPs,true
DB06288,DB00409,CC0 1.0,0.6667,Dice similarity of ECFPs,true
DB06288,DB00409,CC0 1.0,0.6667,Dice similarity of ECFPs,true
DB01576,DB00937,CC0 1.0,0.5217,Dice similarity of ECFPs,true
DB01576,DB00937,CC0 1.0,0.5217,Dice similarity of ECFPs,true
DB00865,DB01091,CC0 1.0,0.5,Dice similarity of ECFPs,true
DB00865,DB01091,CC0 1.0,0.5,Dice similarity of ECFPs,true
DB00621,DB01420,CC0 1.0,0.5344,Dice similarity of ECFPs,true
DB00621,DB01420,CC0 1.0,0.5344,Dice similarity of ECFPs,true
DB00882,DB01429,CC0 1.0,0.5455,Dice similarity of ECFPs,true
DB00882,DB01429,CC0 1.0,0.5455,Dice similarity of ECFPs,true
DB00496,DB00209,CC0 1.0,0.5028,Dice similarity of ECFPs,true
DB00496,DB00209,CC0 1.0,0.5028,Dice similarity of ECFPs,true
DB01121,DB01626,CC0 1.0,0.5143,Dice similarity of ECFPs,true
DB01121,DB01626,CC0 1.0,0.5143,Dice similarity of ECFPs,true
DB06696,DB00684,CC0 1.0,0.7407,Dice similarity of ECFPs,true
DB06696,DB00684,CC0 1.0,0.7407,Dice similarity of ECFPs,true
DB00456,DB01331,CC0 1.0,0.7517,Dice similarity of ECFPs,true
DB00456,DB01331,CC0 1.0,0.7517,Dice similarity of ECFPs,true
DB01399,DB01600,CC0 1.0,0.5243,Dice similarity of ECFPs,true
DB01399,DB01600,CC0 1.0,0.5243,Dice similarity of ECFPs,true
DB00735,DB00857,CC0 1.0,0.6929,Dice similarity of ECFPs,true
DB00735,DB00857,CC0 1.0,0.6929,Dice similarity of ECFPs,true
DB00581,DB01296,CC0 1.0,0.5,Dice similarity of ECFPs,true
DB00581,DB01296,CC0 1.0,0.5,Dice similarity of ECFPs,true
DB01604,DB00578,CC0 1.0,0.7308,Dice similarity of ECFPs,true
DB01604,DB00578,CC0 1.0,0.7308,Dice similarity of ECFPs,true
DB06689,DB00464,CC0 1.0,0.605,Dice similarity of ECFPs,true
DB06689,DB00464,CC0 1.0,0.605,Dice similarity of ECFPs,true
DB00948,DB00417,CC0 1.0,0.6503,Dice similarity of ECFPs,true
DB00948,DB00417,CC0 1.0,0.6503,Dice similarity of ECFPs,true
DB01056,DB00296,CC0 1.0,0.6022,Dice similarity of ECFPs,true
DB01056,DB00296,CC0 1.0,0.6022,Dice similarity of ECFPs,true
DB01142,DB01623,CC0 1.0,0.5068,Dice similarity of ECFPs,true
DB01142,DB01623,CC0 1.0,0.5068,Dice similarity of ECFPs,true
DB08802,DB00933,CC0 1.0,0.5,Dice similarity of ECFPs,true
DB08802,DB00933,CC0 1.0,0.5,Dice similarity of ECFPs,true
DB00776,DB01397,CC0 1.0,0.5091,Dice similarity of ECFPs,true
DB00776,DB01397,CC0 1.0,0.5091,Dice similarity of ECFPs,true
DB00340,DB00679,CC0 1.0,0.5362,Dice similarity of ECFPs,true
DB00340,DB00679,CC0 1.0,0.5362,Dice similarity of ECFPs,true
DB00120,DB00217,CC0 1.0,0.5429,Dice similarity of ECFPs,true
DB00120,DB00217,CC0 1.0,0.5429,Dice similarity of ECFPs,true
DB00829,DB01545,CC0 1.0,0.5354,Dice similarity of ECFPs,true
DB00829,DB01545,CC0 1.0,0.5354,Dice similarity of ECFPs,true
DB00456,DB00923,CC0 1.0,0.6118,Dice similarity of ECFPs,true
DB00456,DB00923,CC0 1.0,0.6118,Dice similarity of ECFPs,true
DB01142,DB04837,CC0 1.0,0.5641,Dice similarity of ECFPs,true
DB01142,DB04837,CC0 1.0,0.5641,Dice similarity of ECFPs,true
DB00831,DB01623,CC0 1.0,0.6182,Dice similarity of ECFPs,true
DB00831,DB01623,CC0 1.0,0.6182,Dice similarity of ECFPs,true
DB00502,DB04890,CC0 1.0,0.5658,Dice similarity of ECFPs,true
DB00502,DB04890,CC0 1.0,0.5658,Dice similarity of ECFPs,true
DB00438,DB00229,CC0 1.0,0.5076,Dice similarity of ECFPs,true
DB00438,DB00229,CC0 1.0,0.5076,Dice similarity of ECFPs,true
DB09014,DB01075,CC0 1.0,0.5806,Dice similarity of ECFPs,true
DB09014,DB01075,CC0 1.0,0.5806,Dice similarity of ECFPs,true
DB01227,DB00836,CC0 1.0,0.5325,Dice similarity of ECFPs,true
DB01227,DB00836,CC0 1.0,0.5325,Dice similarity of ECFPs,true
DB00762,DB01030,CC0 1.0,0.6411,Dice similarity of ECFPs,true
DB00762,DB01030,CC0 1.0,0.6411,Dice similarity of ECFPs,true
DB00771,DB00676,CC0 1.0,0.5246,Dice similarity of ECFPs,true
DB00771,DB00676,CC0 1.0,0.5246,Dice similarity of ECFPs,true
DB01614,DB01239,CC0 1.0,0.608,Dice similarity of ECFPs,true
DB01614,DB01239,CC0 1.0,0.608,Dice similarity of ECFPs,true
DB01339,DB00728,CC0 1.0,0.724,Dice similarity of ECFPs,true
DB01339,DB00728,CC0 1.0,0.724,Dice similarity of ECFPs,true
DB00456,DB01066,CC0 1.0,0.5122,Dice similarity of ECFPs,true
DB00456,DB01066,CC0 1.0,0.5122,Dice similarity of ECFPs,true
DB00223,DB08971,CC0 1.0,0.64,Dice similarity of ECFPs,true
DB00223,DB08971,CC0 1.0,0.64,Dice similarity of ECFPs,true
DB01239,DB00475,CC0 1.0,0.5,Dice similarity of ECFPs,true
DB01239,DB00475,CC0 1.0,0.5,Dice similarity of ECFPs,true
DB00586,DB00784,CC0 1.0,0.6019,Dice similarity of ECFPs,true
DB00586,DB00784,CC0 1.0,0.6019,Dice similarity of ECFPs,true
DB00557,DB00737,CC0 1.0,0.7468,Dice similarity of ECFPs,true
DB00557,DB00737,CC0 1.0,0.7468,Dice similarity of ECFPs,true
DB00913,DB00813,CC0 1.0,0.5946,Dice similarity of ECFPs,true
DB00913,DB00813,CC0 1.0,0.5946,Dice similarity of ECFPs,true
DB00739,DB01602,CC0 1.0,0.525,Dice similarity of ECFPs,true
DB00739,DB01602,CC0 1.0,0.525,Dice similarity of ECFPs,true
DB00925,DB04837,CC0 1.0,0.5299,Dice similarity of ECFPs,true
DB00925,DB04837,CC0 1.0,0.5299,Dice similarity of ECFPs,true
DB01559,DB01567,CC0 1.0,0.678,Dice similarity of ECFPs,true
DB01559,DB01567,CC0 1.0,0.678,Dice similarity of ECFPs,true
DB00983,DB01064,CC0 1.0,0.5455,Dice similarity of ECFPs,true
DB00983,DB01064,CC0 1.0,0.5455,Dice similarity of ECFPs,true
DB01583,DB00279,CC0 1.0,0.6073,Dice similarity of ECFPs,true
DB01583,DB00279,CC0 1.0,0.6073,Dice similarity of ECFPs,true
DB00542,DB01182,CC0 1.0,0.55,Dice similarity of ECFPs,true
DB00542,DB01182,CC0 1.0,0.55,Dice similarity of ECFPs,true
DB01075,DB00726,CC0 1.0,0.5254,Dice similarity of ECFPs,true
DB01075,DB00726,CC0 1.0,0.5254,Dice similarity of ECFPs,true
DB00777,DB00477,CC0 1.0,0.6929,Dice similarity of ECFPs,true
DB00777,DB00477,CC0 1.0,0.6929,Dice similarity of ECFPs,true
DB01176,DB00568,CC0 1.0,0.7413,Dice similarity of ECFPs,true
DB01176,DB00568,CC0 1.0,0.7413,Dice similarity of ECFPs,true
DB00679,DB00420,CC0 1.0,0.5954,Dice similarity of ECFPs,true
DB00679,DB00420,CC0 1.0,0.5954,Dice similarity of ECFPs,true
DB00349,DB00404,CC0 1.0,0.5691,Dice similarity of ECFPs,true
DB00349,DB00404,CC0 1.0,0.5691,Dice similarity of ECFPs,true
DB08967,DB01069,CC0 1.0,0.7101,Dice similarity of ECFPs,true
DB08967,DB01069,CC0 1.0,0.7101,Dice similarity of ECFPs,true
DB00473,DB00937,CC0 1.0,0.5,Dice similarity of ECFPs,true
DB00473,DB00937,CC0 1.0,0.5,Dice similarity of ECFPs,true
DB00289,DB00333,CC0 1.0,0.5042,Dice similarity of ECFPs,true
DB00289,DB00333,CC0 1.0,0.5042,Dice similarity of ECFPs,true
DB01155,DB00685,CC0 1.0,0.575,Dice similarity of ECFPs,true
DB01155,DB00685,CC0 1.0,0.575,Dice similarity of ECFPs,true
DB00283,DB00216,CC0 1.0,0.5442,Dice similarity of ECFPs,true
DB00283,DB00216,CC0 1.0,0.5442,Dice similarity of ECFPs,true
DB00458,DB01237,CC0 1.0,0.5085,Dice similarity of ECFPs,true
DB00458,DB01237,CC0 1.0,0.5085,Dice similarity of ECFPs,true
DB00867,DB01393,CC0 1.0,0.5,Dice similarity of ECFPs,true
DB00867,DB01393,CC0 1.0,0.5,Dice similarity of ECFPs,true
DB01112,DB01333,CC0 1.0,0.5479,Dice similarity of ECFPs,true
DB01112,DB01333,CC0 1.0,0.5479,Dice similarity of ECFPs,true
DB01075,DB00745,CC0 1.0,0.6606,Dice similarity of ECFPs,true
DB01075,DB00745,CC0 1.0,0.6606,Dice similarity of ECFPs,true
DB00129,DB00513,CC0 1.0,0.5532,Dice similarity of ECFPs,true
DB00129,DB00513,CC0 1.0,0.5532,Dice similarity of ECFPs,true
DB00844,DB00611,CC0 1.0,0.6573,Dice similarity of ECFPs,true
DB00844,DB00611,CC0 1.0,0.6573,Dice similarity of ECFPs,true
DB01035,DB01032,CC0 1.0,0.5306,Dice similarity of ECFPs,true
DB01035,DB01032,CC0 1.0,0.5306,Dice similarity of ECFPs,true
DB01063,DB00477,CC0 1.0,0.625,Dice similarity of ECFPs,true
DB01063,DB00477,CC0 1.0,0.625,Dice similarity of ECFPs,true
DB01614,DB01403,CC0 1.0,0.7077,Dice similarity of ECFPs,true
DB01614,DB01403,CC0 1.0,0.7077,Dice similarity of ECFPs,true
DB00676,DB00991,CC0 1.0,0.5766,Dice similarity of ECFPs,true
DB00676,DB00991,CC0 1.0,0.5766,Dice similarity of ECFPs,true
DB01282,DB04894,CC0 1.0,0.5072,Dice similarity of ECFPs,true
DB01282,DB04894,CC0 1.0,0.5072,Dice similarity of ECFPs,true
DB00931,DB00759,CC0 1.0,0.6429,Dice similarity of ECFPs,true
DB00931,DB00759,CC0 1.0,0.6429,Dice similarity of ECFPs,true
DB00151,DB00133,CC0 1.0,0.7059,Dice similarity of ECFPs,true
DB00151,DB00133,CC0 1.0,0.7059,Dice similarity of ECFPs,true
DB01553,DB00579,CC0 1.0,0.5,Dice similarity of ECFPs,true
DB01553,DB00579,CC0 1.0,0.5,Dice similarity of ECFPs,true
DB06777,DB08834,CC0 1.0,0.8588,Dice similarity of ECFPs,true
DB06777,DB08834,CC0 1.0,0.8588,Dice similarity of ECFPs,true
DB01203,DB00960,CC0 1.0,0.5045,Dice similarity of ECFPs,true
DB01203,DB00960,CC0 1.0,0.5045,Dice similarity of ECFPs,true
DB04938,DB00676,CC0 1.0,0.5397,Dice similarity of ECFPs,true
DB04938,DB00676,CC0 1.0,0.5397,Dice similarity of ECFPs,true
DB00332,DB00725,CC0 1.0,0.7846,Dice similarity of ECFPs,true
DB00332,DB00725,CC0 1.0,0.7846,Dice similarity of ECFPs,true
DB01063,DB00670,CC0 1.0,0.5031,Dice similarity of ECFPs,true
DB01063,DB00670,CC0 1.0,0.5031,Dice similarity of ECFPs,true
DB00353,DB01253,CC0 1.0,0.9065,Dice similarity of ECFPs,true
DB00353,DB01253,CC0 1.0,0.9065,Dice similarity of ECFPs,true
DB00388,DB01001,CC0 1.0,0.5385,Dice similarity of ECFPs,true
DB00388,DB01001,CC0 1.0,0.5385,Dice similarity of ECFPs,true
DB00691,DB00519,CC0 1.0,0.6845,Dice similarity of ECFPs,true
DB00691,DB00519,CC0 1.0,0.6845,Dice similarity of ECFPs,true
DB00946,DB00682,CC0 1.0,0.896,Dice similarity of ECFPs,true
DB00946,DB00682,CC0 1.0,0.896,Dice similarity of ECFPs,true
DB00415,DB01328,CC0 1.0,0.5062,Dice similarity of ECFPs,true
DB00415,DB01328,CC0 1.0,0.5062,Dice similarity of ECFPs,true
DB00422,DB04838,CC0 1.0,0.5385,Dice similarity of ECFPs,true
DB00422,DB04838,CC0 1.0,0.5385,Dice similarity of ECFPs,true
DB01015,DB01299,CC0 1.0,0.6476,Dice similarity of ECFPs,true
DB01015,DB01299,CC0 1.0,0.6476,Dice similarity of ECFPs,true
DB01121,DB00780,CC0 1.0,0.6154,Dice similarity of ECFPs,true
DB01121,DB00780,CC0 1.0,0.6154,Dice similarity of ECFPs,true
DB06147,DB00263,CC0 1.0,0.6596,Dice similarity of ECFPs,true
DB06147,DB00263,CC0 1.0,0.6596,Dice similarity of ECFPs,true
DB00283,DB00679,CC0 1.0,0.5352,Dice similarity of ECFPs,true
DB00283,DB00679,CC0 1.0,0.5352,Dice similarity of ECFPs,true
DB08906,DB01384,CC0 1.0,0.5568,Dice similarity of ECFPs,true
DB08906,DB01384,CC0 1.0,0.5568,Dice similarity of ECFPs,true
DB00897,DB00690,CC0 1.0,0.6197,Dice similarity of ECFPs,true
DB00897,DB00690,CC0 1.0,0.6197,Dice similarity of ECFPs,true
DB09018,DB00892,CC0 1.0,0.5043,Dice similarity of ECFPs,true
DB09018,DB00892,CC0 1.0,0.5043,Dice similarity of ECFPs,true
DB01237,DB00748,CC0 1.0,0.7193,Dice similarity of ECFPs,true
DB01237,DB00748,CC0 1.0,0.7193,Dice similarity of ECFPs,true
DB00600,DB01125,CC0 1.0,0.5102,Dice similarity of ECFPs,true
DB00600,DB01125,CC0 1.0,0.5102,Dice similarity of ECFPs,true
DB00620,DB00596,CC0 1.0,0.6135,Dice similarity of ECFPs,true
DB00620,DB00596,CC0 1.0,0.6135,Dice similarity of ECFPs,true
DB01607,DB01604,CC0 1.0,0.6013,Dice similarity of ECFPs,true
DB01607,DB01604,CC0 1.0,0.6013,Dice similarity of ECFPs,true
DB01399,DB00682,CC0 1.0,0.5085,Dice similarity of ECFPs,true
DB01399,DB00682,CC0 1.0,0.5085,Dice similarity of ECFPs,true
DB00448,DB01129,CC0 1.0,0.8169,Dice similarity of ECFPs,true
DB00448,DB01129,CC0 1.0,0.8169,Dice similarity of ECFPs,true
DB00493,DB01414,CC0 1.0,0.7083,Dice similarity of ECFPs,true
DB00493,DB01414,CC0 1.0,0.7083,Dice similarity of ECFPs,true
DB01021,DB01324,CC0 1.0,0.6154,Dice similarity of ECFPs,true
DB01021,DB01324,CC0 1.0,0.6154,Dice similarity of ECFPs,true
DB08801,DB01246,CC0 1.0,0.5366,Dice similarity of ECFPs,true
DB08801,DB01246,CC0 1.0,0.5366,Dice similarity of ECFPs,true
DB01224,DB00902,CC0 1.0,0.5352,Dice similarity of ECFPs,true
DB01224,DB00902,CC0 1.0,0.5352,Dice similarity of ECFPs,true
DB00181,DB00856,CC0 1.0,0.5405,Dice similarity of ECFPs,true
DB00181,DB00856,CC0 1.0,0.5405,Dice similarity of ECFPs,true
DB01196,DB04573,CC0 1.0,0.5957,Dice similarity of ECFPs,true
DB01196,DB04573,CC0 1.0,0.5957,Dice similarity of ECFPs,true
DB00201,DB01482,CC0 1.0,0.5872,Dice similarity of ECFPs,true
DB00201,DB01482,CC0 1.0,0.5872,Dice similarity of ECFPs,true
DB00603,DB00700,CC0 1.0,0.5125,Dice similarity of ECFPs,true
DB00603,DB00700,CC0 1.0,0.5125,Dice similarity of ECFPs,true
DB00598,DB08954,CC0 1.0,0.5147,Dice similarity of ECFPs,true
DB00598,DB08954,CC0 1.0,0.5147,Dice similarity of ECFPs,true
DB01255,DB01576,CC0 1.0,0.6173,Dice similarity of ECFPs,true
DB01255,DB01576,CC0 1.0,0.6173,Dice similarity of ECFPs,true
DB00713,DB01604,CC0 1.0,0.6012,Dice similarity of ECFPs,true
DB00713,DB01604,CC0 1.0,0.6012,Dice similarity of ECFPs,true
DB00151,DB00134,CC0 1.0,0.6,Dice similarity of ECFPs,true
DB00151,DB00134,CC0 1.0,0.6,Dice similarity of ECFPs,true
DB00458,DB01621,CC0 1.0,0.5,Dice similarity of ECFPs,true
DB00458,DB01621,CC0 1.0,0.5,Dice similarity of ECFPs,true
DB00341,DB00850,CC0 1.0,0.5223,Dice similarity of ECFPs,true
DB00341,DB00850,CC0 1.0,0.5223,Dice similarity of ECFPs,true
DB01365,DB00797,CC0 1.0,0.5217,Dice similarity of ECFPs,true
DB01365,DB00797,CC0 1.0,0.5217,Dice similarity of ECFPs,true
DB09017,DB01511,CC0 1.0,0.5833,Dice similarity of ECFPs,true
DB09017,DB01511,CC0 1.0,0.5833,Dice similarity of ECFPs,true
DB08799,DB00991,CC0 1.0,0.5161,Dice similarity of ECFPs,true
DB08799,DB00991,CC0 1.0,0.5161,Dice similarity of ECFPs,true
DB00521,DB01359,CC0 1.0,0.6496,Dice similarity of ECFPs,true
DB00521,DB01359,CC0 1.0,0.6496,Dice similarity of ECFPs,true
DB01069,DB08996,CC0 1.0,0.6218,Dice similarity of ECFPs,true
DB01069,DB08996,CC0 1.0,0.6218,Dice similarity of ECFPs,true
DB01511,DB01595,CC0 1.0,0.7009,Dice similarity of ECFPs,true
DB01511,DB01595,CC0 1.0,0.7009,Dice similarity of ECFPs,true
DB00237,DB00312,CC0 1.0,0.8889,Dice similarity of ECFPs,true
DB00237,DB00312,CC0 1.0,0.8889,Dice similarity of ECFPs,true
DB00628,DB01511,CC0 1.0,0.6555,Dice similarity of ECFPs,true
DB00628,DB01511,CC0 1.0,0.6555,Dice similarity of ECFPs,true
DB01059,DB00978,CC0 1.0,0.6818,Dice similarity of ECFPs,true
DB01059,DB00978,CC0 1.0,0.6818,Dice similarity of ECFPs,true
DB05245,DB00250,CC0 1.0,0.5773,Dice similarity of ECFPs,true
DB05245,DB00250,CC0 1.0,0.5773,Dice similarity of ECFPs,true
DB01414,DB01140,CC0 1.0,0.5385,Dice similarity of ECFPs,true
DB01414,DB01140,CC0 1.0,0.5385,Dice similarity of ECFPs,true
DB08981,DB04794,CC0 1.0,0.5079,Dice similarity of ECFPs,true
DB08981,DB04794,CC0 1.0,0.5079,Dice similarity of ECFPs,true
DB08996,DB00392,CC0 1.0,0.592,Dice similarity of ECFPs,true
DB08996,DB00392,CC0 1.0,0.592,Dice similarity of ECFPs,true
DB00458,DB01403,CC0 1.0,0.5079,Dice similarity of ECFPs,true
DB00458,DB01403,CC0 1.0,0.5079,Dice similarity of ECFPs,true
DB01173,DB00979,CC0 1.0,0.5345,Dice similarity of ECFPs,true
DB01173,DB00979,CC0 1.0,0.5345,Dice similarity of ECFPs,true
DB01013,DB00240,CC0 1.0,0.559,Dice similarity of ECFPs,true
DB01013,DB00240,CC0 1.0,0.559,Dice similarity of ECFPs,true
DB00547,DB00838,CC0 1.0,0.7973,Dice similarity of ECFPs,true
DB00547,DB00838,CC0 1.0,0.7973,Dice similarity of ECFPs,true
DB01037,DB00191,CC0 1.0,0.5797,Dice similarity of ECFPs,true
DB01037,DB00191,CC0 1.0,0.5797,Dice similarity of ECFPs,true
DB01595,DB00475,CC0 1.0,0.5333,Dice similarity of ECFPs,true
DB01595,DB00475,CC0 1.0,0.5333,Dice similarity of ECFPs,true
DB00647,DB00812,CC0 1.0,0.5,Dice similarity of ECFPs,true
DB00647,DB00812,CC0 1.0,0.5,Dice similarity of ECFPs,true
DB01235,DB06262,CC0 1.0,0.7105,Dice similarity of ECFPs,true
DB01235,DB06262,CC0 1.0,0.7105,Dice similarity of ECFPs,true
DB00865,DB00289,CC0 1.0,0.5607,Dice similarity of ECFPs,true
DB00865,DB00289,CC0 1.0,0.5607,Dice similarity of ECFPs,true
DB01116,DB00865,CC0 1.0,0.5581,Dice similarity of ECFPs,true
DB01116,DB00865,CC0 1.0,0.5581,Dice similarity of ECFPs,true
DB00792,DB01616,CC0 1.0,0.5641,Dice similarity of ECFPs,true
DB00792,DB01616,CC0 1.0,0.5641,Dice similarity of ECFPs,true
DB00547,DB01047,CC0 1.0,0.5629,Dice similarity of ECFPs,true
DB00547,DB01047,CC0 1.0,0.5629,Dice similarity of ECFPs,true
DB00474,DB00312,CC0 1.0,0.5,Dice similarity of ECFPs,true
DB00474,DB00312,CC0 1.0,0.5,Dice similarity of ECFPs,true
DB00161,DB00859,CC0 1.0,0.55,Dice similarity of ECFPs,true
DB00161,DB00859,CC0 1.0,0.55,Dice similarity of ECFPs,true
DB00387,DB00219,CC0 1.0,0.5909,Dice similarity of ECFPs,true
DB00387,DB00219,CC0 1.0,0.5909,Dice similarity of ECFPs,true
DB00841,DB00867,CC0 1.0,0.6777,Dice similarity of ECFPs,true
DB00841,DB00867,CC0 1.0,0.6777,Dice similarity of ECFPs,true
DB00985,DB01237,CC0 1.0,0.5235,Dice similarity of ECFPs,true
DB00985,DB01237,CC0 1.0,0.5235,Dice similarity of ECFPs,true
DB00645,DB08992,CC0 1.0,0.6435,Dice similarity of ECFPs,true
DB00645,DB08992,CC0 1.0,0.6435,Dice similarity of ECFPs,true
DB01614,DB01069,CC0 1.0,0.6557,Dice similarity of ECFPs,true
DB01614,DB01069,CC0 1.0,0.6557,Dice similarity of ECFPs,true
DB01144,DB01325,CC0 1.0,0.5,Dice similarity of ECFPs,true
DB01144,DB01325,CC0 1.0,0.5,Dice similarity of ECFPs,true
DB06710,DB00873,CC0 1.0,0.5185,Dice similarity of ECFPs,true
DB06710,DB00873,CC0 1.0,0.5185,Dice similarity of ECFPs,true
DB00959,DB08971,CC0 1.0,0.7123,Dice similarity of ECFPs,true
DB00959,DB08971,CC0 1.0,0.7123,Dice similarity of ECFPs,true
DB02959,DB01065,CC0 1.0,0.5652,Dice similarity of ECFPs,true
DB02959,DB01065,CC0 1.0,0.5652,Dice similarity of ECFPs,true
DB01064,DB00489,CC0 1.0,0.6136,Dice similarity of ECFPs,true
DB01064,DB00489,CC0 1.0,0.6136,Dice similarity of ECFPs,true
DB00957,DB00984,CC0 1.0,0.5276,Dice similarity of ECFPs,true
DB00957,DB00984,CC0 1.0,0.5276,Dice similarity of ECFPs,true
DB00925,DB00745,CC0 1.0,0.5217,Dice similarity of ECFPs,true
DB00925,DB00745,CC0 1.0,0.5217,Dice similarity of ECFPs,true
DB09000,DB01621,CC0 1.0,0.5641,Dice similarity of ECFPs,true
DB09000,DB01621,CC0 1.0,0.5641,Dice similarity of ECFPs,true
DB00642,DB00116,CC0 1.0,0.72,Dice similarity of ECFPs,true
DB00642,DB00116,CC0 1.0,0.72,Dice similarity of ECFPs,true
DB00182,DB08924,CC0 1.0,0.6667,Dice similarity of ECFPs,true
DB00182,DB08924,CC0 1.0,0.6667,Dice similarity of ECFPs,true
DB00448,DB00338,CC0 1.0,0.5693,Dice similarity of ECFPs,true
DB00448,DB00338,CC0 1.0,0.5693,Dice similarity of ECFPs,true
DB01176,DB08990,CC0 1.0,0.6014,Dice similarity of ECFPs,true
DB01176,DB08990,CC0 1.0,0.6014,Dice similarity of ECFPs,true
DB06213,DB00811,CC0 1.0,0.5484,Dice similarity of ECFPs,true
DB06213,DB00811,CC0 1.0,0.5484,Dice similarity of ECFPs,true
DB01021,DB01144,CC0 1.0,0.5217,Dice similarity of ECFPs,true
DB01021,DB01144,CC0 1.0,0.5217,Dice similarity of ECFPs,true
DB01146,DB00729,CC0 1.0,0.5,Dice similarity of ECFPs,true
DB01146,DB00729,CC0 1.0,0.5,Dice similarity of ECFPs,true
DB00150,DB00117,CC0 1.0,0.5278,Dice similarity of ECFPs,true
DB00150,DB00117,CC0 1.0,0.5278,Dice similarity of ECFPs,true
DB00850,DB00392,CC0 1.0,0.507,Dice similarity of ECFPs,true
DB00850,DB00392,CC0 1.0,0.507,Dice similarity of ECFPs,true
DB00773,DB00444,CC0 1.0,0.9004,Dice similarity of ECFPs,true
DB00773,DB00444,CC0 1.0,0.9004,Dice similarity of ECFPs,true
DB00424,DB06701,CC0 1.0,0.5505,Dice similarity of ECFPs,true
DB00424,DB06701,CC0 1.0,0.5505,Dice similarity of ECFPs,true
DB01231,DB01501,CC0 1.0,0.6087,Dice similarity of ECFPs,true
DB01231,DB01501,CC0 1.0,0.6087,Dice similarity of ECFPs,true
DB01587,DB05246,CC0 1.0,0.5439,Dice similarity of ECFPs,true
DB01587,DB05246,CC0 1.0,0.5439,Dice similarity of ECFPs,true
DB00837,DB01393,CC0 1.0,0.5113,Dice similarity of ECFPs,true
DB00837,DB01393,CC0 1.0,0.5113,Dice similarity of ECFPs,true
DB01595,DB01567,CC0 1.0,0.521,Dice similarity of ECFPs,true
DB01595,DB01567,CC0 1.0,0.521,Dice similarity of ECFPs,true
DB00223,DB00443,CC0 1.0,0.8553,Dice similarity of ECFPs,true
DB00223,DB00443,CC0 1.0,0.8553,Dice similarity of ECFPs,true
DB00628,DB01567,CC0 1.0,0.5455,Dice similarity of ECFPs,true
DB00628,DB01567,CC0 1.0,0.5455,Dice similarity of ECFPs,true
DB06148,DB00719,CC0 1.0,0.5323,Dice similarity of ECFPs,true
DB06148,DB00719,CC0 1.0,0.5323,Dice similarity of ECFPs,true
DB00493,DB01140,CC0 1.0,0.52,Dice similarity of ECFPs,true
DB00493,DB01140,CC0 1.0,0.52,Dice similarity of ECFPs,true
DB00894,DB00378,CC0 1.0,0.5238,Dice similarity of ECFPs,true
DB00894,DB00378,CC0 1.0,0.5238,Dice similarity of ECFPs,true
DB00319,DB00689,CC0 1.0,0.56,Dice similarity of ECFPs,true
DB00319,DB00689,CC0 1.0,0.56,Dice similarity of ECFPs,true
DB00675,DB04837,CC0 1.0,0.5255,Dice similarity of ECFPs,true
DB00675,DB04837,CC0 1.0,0.5255,Dice similarity of ECFPs,true
DB00476,DB08998,CC0 1.0,0.6452,Dice similarity of ECFPs,true
DB00476,DB08998,CC0 1.0,0.6452,Dice similarity of ECFPs,true
DB00925,DB01244,CC0 1.0,0.6143,Dice similarity of ECFPs,true
DB00925,DB01244,CC0 1.0,0.6143,Dice similarity of ECFPs,true
DB00385,DB00445,CC0 1.0,0.7787,Dice similarity of ECFPs,true
DB00385,DB00445,CC0 1.0,0.7787,Dice similarity of ECFPs,true
DB00675,DB00735,CC0 1.0,0.5205,Dice similarity of ECFPs,true
DB00675,DB00735,CC0 1.0,0.5205,Dice similarity of ECFPs,true
DB01010,DB01400,CC0 1.0,0.5135,Dice similarity of ECFPs,true
DB01010,DB01400,CC0 1.0,0.5135,Dice similarity of ECFPs,true
DB00933,DB01614,CC0 1.0,0.6286,Dice similarity of ECFPs,true
DB00933,DB01614,CC0 1.0,0.6286,Dice similarity of ECFPs,true
DB01282,DB00093,CC0 1.0,0.7216,Dice similarity of ECFPs,true
DB01282,DB00093,CC0 1.0,0.7216,Dice similarity of ECFPs,true
DB00624,DB06718,CC0 1.0,0.5512,Dice similarity of ECFPs,true
DB00624,DB06718,CC0 1.0,0.5512,Dice similarity of ECFPs,true
DB01110,DB08943,CC0 1.0,0.8592,Dice similarity of ECFPs,true
DB01110,DB08943,CC0 1.0,0.8592,Dice similarity of ECFPs,true
DB00552,DB00249,CC0 1.0,0.56,Dice similarity of ECFPs,true
DB00552,DB00249,CC0 1.0,0.56,Dice similarity of ECFPs,true
DB01185,DB00687,CC0 1.0,0.8551,Dice similarity of ECFPs,true
DB01185,DB00687,CC0 1.0,0.8551,Dice similarity of ECFPs,true
DB01614,DB01608,CC0 1.0,0.6241,Dice similarity of ECFPs,true
DB01614,DB01608,CC0 1.0,0.6241,Dice similarity of ECFPs,true
DB00244,DB00233,CC0 1.0,0.8621,Dice similarity of ECFPs,true
DB00244,DB00233,CC0 1.0,0.8621,Dice similarity of ECFPs,true
DB04794,DB01146,CC0 1.0,0.5075,Dice similarity of ECFPs,true
DB04794,DB01146,CC0 1.0,0.5075,Dice similarity of ECFPs,true
DB00169,DB00910,CC0 1.0,0.6125,Dice similarity of ECFPs,true
DB00169,DB00910,CC0 1.0,0.6125,Dice similarity of ECFPs,true
DB06700,DB00979,CC0 1.0,0.5714,Dice similarity of ECFPs,true
DB06700,DB00979,CC0 1.0,0.5714,Dice similarity of ECFPs,true
DB00454,DB00979,CC0 1.0,0.5273,Dice similarity of ECFPs,true
DB00454,DB00979,CC0 1.0,0.5273,Dice similarity of ECFPs,true
DB00246,DB01238,CC0 1.0,0.5917,Dice similarity of ECFPs,true
DB00246,DB01238,CC0 1.0,0.5917,Dice similarity of ECFPs,true
DB08971,DB00253,CC0 1.0,0.5532,Dice similarity of ECFPs,true
DB08971,DB00253,CC0 1.0,0.5532,Dice similarity of ECFPs,true
DB00645,DB01148,CC0 1.0,0.5103,Dice similarity of ECFPs,true
DB00645,DB01148,CC0 1.0,0.5103,Dice similarity of ECFPs,true
DB00598,DB01102,CC0 1.0,0.5455,Dice similarity of ECFPs,true
DB00598,DB01102,CC0 1.0,0.5455,Dice similarity of ECFPs,true
DB09015,DB00421,CC0 1.0,0.5419,Dice similarity of ECFPs,true
DB09015,DB00421,CC0 1.0,0.5419,Dice similarity of ECFPs,true
DB09014,DB08996,CC0 1.0,0.5038,Dice similarity of ECFPs,true
DB09014,DB08996,CC0 1.0,0.5038,Dice similarity of ECFPs,true
DB00263,DB00359,CC0 1.0,0.6392,Dice similarity of ECFPs,true
DB00263,DB00359,CC0 1.0,0.6392,Dice similarity of ECFPs,true
DB00920,DB06766,CC0 1.0,0.6718,Dice similarity of ECFPs,true
DB00920,DB06766,CC0 1.0,0.6718,Dice similarity of ECFPs,true
DB08799,DB08994,CC0 1.0,0.5231,Dice similarity of ECFPs,true
DB08799,DB08994,CC0 1.0,0.5231,Dice similarity of ECFPs,true
DB08881,DB01628,CC0 1.0,0.5031,Dice similarity of ECFPs,true
DB08881,DB01628,CC0 1.0,0.5031,Dice similarity of ECFPs,true
DB01416,DB00535,CC0 1.0,0.7703,Dice similarity of ECFPs,true
DB01416,DB00535,CC0 1.0,0.7703,Dice similarity of ECFPs,true
DB00948,DB01328,CC0 1.0,0.5052,Dice similarity of ECFPs,true
DB00948,DB01328,CC0 1.0,0.5052,Dice similarity of ECFPs,true
DB00738,DB04938,CC0 1.0,0.5067,Dice similarity of ECFPs,true
DB00738,DB04938,CC0 1.0,0.5067,Dice similarity of ECFPs,true
DB00376,DB00810,CC0 1.0,0.7368,Dice similarity of ECFPs,true
DB00376,DB00810,CC0 1.0,0.7368,Dice similarity of ECFPs,true
DB01242,DB01246,CC0 1.0,0.5203,Dice similarity of ECFPs,true
DB01242,DB01246,CC0 1.0,0.5203,Dice similarity of ECFPs,true
DB01214,DB00960,CC0 1.0,0.5321,Dice similarity of ECFPs,true
DB01214,DB00960,CC0 1.0,0.5321,Dice similarity of ECFPs,true
DB01364,DB00610,CC0 1.0,0.5231,Dice similarity of ECFPs,true
DB01364,DB00610,CC0 1.0,0.5231,Dice similarity of ECFPs,true
DB00436,DB01324,CC0 1.0,0.5507,Dice similarity of ECFPs,true
DB00436,DB01324,CC0 1.0,0.5507,Dice similarity of ECFPs,true
DB00846,DB00443,CC0 1.0,0.5031,Dice similarity of ECFPs,true
DB00846,DB00443,CC0 1.0,0.5031,Dice similarity of ECFPs,true
DB01329,DB00689,CC0 1.0,0.5327,Dice similarity of ECFPs,true
DB01329,DB00689,CC0 1.0,0.5327,Dice similarity of ECFPs,true
DB00295,DB00318,CC0 1.0,0.878,Dice similarity of ECFPs,true
DB00295,DB00318,CC0 1.0,0.878,Dice similarity of ECFPs,true
DB01614,DB00726,CC0 1.0,0.5156,Dice similarity of ECFPs,true
DB01614,DB00726,CC0 1.0,0.5156,Dice similarity of ECFPs,true
DB01301,DB00618,CC0 1.0,0.6524,Dice similarity of ECFPs,true
DB01301,DB00618,CC0 1.0,0.6524,Dice similarity of ECFPs,true
DB00600,DB01237,CC0 1.0,0.5149,Dice similarity of ECFPs,true
DB00600,DB01237,CC0 1.0,0.5149,Dice similarity of ECFPs,true
DB09000,DB01063,CC0 1.0,0.5369,Dice similarity of ECFPs,true
DB09000,DB01063,CC0 1.0,0.5369,Dice similarity of ECFPs,true
DB08801,DB01237,CC0 1.0,0.5,Dice similarity of ECFPs,true
DB08801,DB01237,CC0 1.0,0.5,Dice similarity of ECFPs,true
DB00596,DB01384,CC0 1.0,0.6135,Dice similarity of ECFPs,true
DB00596,DB01384,CC0 1.0,0.6135,Dice similarity of ECFPs,true
DB00913,DB00708,CC0 1.0,0.5882,Dice similarity of ECFPs,true
DB00913,DB00708,CC0 1.0,0.5882,Dice similarity of ECFPs,true
DB00647,DB00675,CC0 1.0,0.5563,Dice similarity of ECFPs,true
DB00647,DB00675,CC0 1.0,0.5563,Dice similarity of ECFPs,true
DB00125,DB00133,CC0 1.0,0.5,Dice similarity of ECFPs,true
DB00125,DB00133,CC0 1.0,0.5,Dice similarity of ECFPs,true
DB01053,DB00578,CC0 1.0,0.797,Dice similarity of ECFPs,true
DB01053,DB00578,CC0 1.0,0.797,Dice similarity of ECFPs,true
DB00777,DB00831,CC0 1.0,0.5442,Dice similarity of ECFPs,true
DB00777,DB00831,CC0 1.0,0.5442,Dice similarity of ECFPs,true
DB00267,DB04570,CC0 1.0,0.555,Dice similarity of ECFPs,true
DB00267,DB04570,CC0 1.0,0.555,Dice similarity of ECFPs,true
DB01224,DB00623,CC0 1.0,0.5783,Dice similarity of ECFPs,true
DB01224,DB00623,CC0 1.0,0.5783,Dice similarity of ECFPs,true
DB01013,DB00443,CC0 1.0,0.795,Dice similarity of ECFPs,true
DB01013,DB00443,CC0 1.0,0.795,Dice similarity of ECFPs,true
DB00902,DB00726,CC0 1.0,0.544,Dice similarity of ECFPs,true
DB00902,DB00726,CC0 1.0,0.544,Dice similarity of ECFPs,true
DB00295,DB01551,CC0 1.0,0.6667,Dice similarity of ECFPs,true
DB00295,DB01551,CC0 1.0,0.6667,Dice similarity of ECFPs,true
DB00192,DB08996,CC0 1.0,0.5512,Dice similarity of ECFPs,true
DB00192,DB08996,CC0 1.0,0.5512,Dice similarity of ECFPs,true
DB00933,DB01071,CC0 1.0,0.5833,Dice similarity of ECFPs,true
DB00933,DB01071,CC0 1.0,0.5833,Dice similarity of ECFPs,true
DB00624,DB08905,CC0 1.0,0.6333,Dice similarity of ECFPs,true
DB00624,DB08905,CC0 1.0,0.6333,Dice similarity of ECFPs,true
DB00928,DB00441,CC0 1.0,0.5532,Dice similarity of ECFPs,true
DB00928,DB00441,CC0 1.0,0.5532,Dice similarity of ECFPs,true
DB01395,DB00396,CC0 1.0,0.5532,Dice similarity of ECFPs,true
DB01395,DB00396,CC0 1.0,0.5532,Dice similarity of ECFPs,true
DB00186,DB01489,CC0 1.0,0.5344,Dice similarity of ECFPs,true
DB00186,DB01489,CC0 1.0,0.5344,Dice similarity of ECFPs,true
DB01112,DB01414,CC0 1.0,0.662,Dice similarity of ECFPs,true
DB01112,DB01414,CC0 1.0,0.662,Dice similarity of ECFPs,true
DB00524,DB00232,CC0 1.0,0.5299,Dice similarity of ECFPs,true
DB00524,DB00232,CC0 1.0,0.5299,Dice similarity of ECFPs,true
DB01421,DB00994,CC0 1.0,0.9558,Dice similarity of ECFPs,true
DB01421,DB00994,CC0 1.0,0.9558,Dice similarity of ECFPs,true
DB00245,DB01075,CC0 1.0,0.6504,Dice similarity of ECFPs,true
DB00245,DB01075,CC0 1.0,0.6504,Dice similarity of ECFPs,true
DB00668,DB01064,CC0 1.0,0.8267,Dice similarity of ECFPs,true
DB00668,DB01064,CC0 1.0,0.8267,Dice similarity of ECFPs,true
DB00387,DB01231,CC0 1.0,0.6462,Dice similarity of ECFPs,true
DB00387,DB01231,CC0 1.0,0.6462,Dice similarity of ECFPs,true
DB00694,DB00997,CC0 1.0,0.9378,Dice similarity of ECFPs,true
DB00694,DB00997,CC0 1.0,0.9378,Dice similarity of ECFPs,true
DB00950,DB04842,CC0 1.0,0.5121,Dice similarity of ECFPs,true
DB00950,DB04842,CC0 1.0,0.5121,Dice similarity of ECFPs,true
DB01255,DB01577,CC0 1.0,0.619,Dice similarity of ECFPs,true
DB01255,DB01577,CC0 1.0,0.619,Dice similarity of ECFPs,true
DB09017,DB00683,CC0 1.0,0.5891,Dice similarity of ECFPs,true
DB09017,DB00683,CC0 1.0,0.5891,Dice similarity of ECFPs,true
DB00628,DB00991,CC0 1.0,0.5079,Dice similarity of ECFPs,true
DB00628,DB00991,CC0 1.0,0.5079,Dice similarity of ECFPs,true
DB00897,DB00349,CC0 1.0,0.512,Dice similarity of ECFPs,true
DB00897,DB00349,CC0 1.0,0.512,Dice similarity of ECFPs,true
DB00894,DB01420,CC0 1.0,0.5455,Dice similarity of ECFPs,true
DB00894,DB01420,CC0 1.0,0.5455,Dice similarity of ECFPs,true
DB00443,DB06781,CC0 1.0,0.6047,Dice similarity of ECFPs,true
DB00443,DB06781,CC0 1.0,0.6047,Dice similarity of ECFPs,true
DB00950,DB00836,CC0 1.0,0.6238,Dice similarity of ECFPs,true
DB00950,DB00836,CC0 1.0,0.6238,Dice similarity of ECFPs,true
DB00465,DB01428,CC0 1.0,0.5686,Dice similarity of ECFPs,true
DB00465,DB01428,CC0 1.0,0.5686,Dice similarity of ECFPs,true
DB01014,DB01393,CC0 1.0,0.5248,Dice similarity of ECFPs,true
DB01014,DB01393,CC0 1.0,0.5248,Dice similarity of ECFPs,true
DB00905,DB01160,CC0 1.0,0.6437,Dice similarity of ECFPs,true
DB00905,DB01160,CC0 1.0,0.6437,Dice similarity of ECFPs,true
DB00349,DB01587,CC0 1.0,0.6667,Dice similarity of ECFPs,true
DB00349,DB01587,CC0 1.0,0.6667,Dice similarity of ECFPs,true
DB00149,DB00130,CC0 1.0,0.5106,Dice similarity of ECFPs,true
DB00149,DB00130,CC0 1.0,0.5106,Dice similarity of ECFPs,true
DB01117,DB01125,CC0 1.0,0.5625,Dice similarity of ECFPs,true
DB01117,DB01125,CC0 1.0,0.5625,Dice similarity of ECFPs,true
DB00640,DB00118,CC0 1.0,0.7717,Dice similarity of ECFPs,true
DB00640,DB00118,CC0 1.0,0.7717,Dice similarity of ECFPs,true
DB00624,DB01216,CC0 1.0,0.5113,Dice similarity of ECFPs,true
DB00624,DB01216,CC0 1.0,0.5113,Dice similarity of ECFPs,true
DB01416,DB01414,CC0 1.0,0.6187,Dice similarity of ECFPs,true
DB01416,DB01414,CC0 1.0,0.6187,Dice similarity of ECFPs,true
DB00769,DB00873,CC0 1.0,0.6347,Dice similarity of ECFPs,true
DB00769,DB00873,CC0 1.0,0.6347,Dice similarity of ECFPs,true
DB00623,DB01614,CC0 1.0,0.5828,Dice similarity of ECFPs,true
DB00623,DB01614,CC0 1.0,0.5828,Dice similarity of ECFPs,true
DB06713,DB00823,CC0 1.0,0.5479,Dice similarity of ECFPs,true
DB06713,DB00823,CC0 1.0,0.5479,Dice similarity of ECFPs,true
DB01150,DB00671,CC0 1.0,0.5513,Dice similarity of ECFPs,true
DB01150,DB00671,CC0 1.0,0.5513,Dice similarity of ECFPs,true
DB00545,DB01400,CC0 1.0,0.6494,Dice similarity of ECFPs,true
DB00545,DB01400,CC0 1.0,0.6494,Dice similarity of ECFPs,true
DB06770,DB01577,CC0 1.0,0.6667,Dice similarity of ECFPs,true
DB06770,DB01577,CC0 1.0,0.6667,Dice similarity of ECFPs,true
DB00833,DB00535,CC0 1.0,0.5401,Dice similarity of ECFPs,true
DB00833,DB00535,CC0 1.0,0.5401,Dice similarity of ECFPs,true
DB00644,DB06699,CC0 1.0,0.6146,Dice similarity of ECFPs,true
DB00644,DB06699,CC0 1.0,0.6146,Dice similarity of ECFPs,true
DB00327,DB01452,CC0 1.0,0.5441,Dice similarity of ECFPs,true
DB00327,DB01452,CC0 1.0,0.5441,Dice similarity of ECFPs,true
DB01326,DB00689,CC0 1.0,0.7195,Dice similarity of ECFPs,true
DB01326,DB00689,CC0 1.0,0.7195,Dice similarity of ECFPs,true
DB00905,DB00287,CC0 1.0,0.6519,Dice similarity of ECFPs,true
DB00905,DB00287,CC0 1.0,0.6519,Dice similarity of ECFPs,true
DB00286,DB00977,CC0 1.0,0.5954,Dice similarity of ECFPs,true
DB00286,DB00977,CC0 1.0,0.5954,Dice similarity of ECFPs,true
DB01039,DB01393,CC0 1.0,0.7007,Dice similarity of ECFPs,true
DB01039,DB01393,CC0 1.0,0.7007,Dice similarity of ECFPs,true
DB09018,DB01233,CC0 1.0,0.6852,Dice similarity of ECFPs,true
DB09018,DB01233,CC0 1.0,0.6852,Dice similarity of ECFPs,true
DB01035,DB00527,CC0 1.0,0.5763,Dice similarity of ECFPs,true
DB01035,DB00527,CC0 1.0,0.5763,Dice similarity of ECFPs,true
DB01407,DB01001,CC0 1.0,0.6067,Dice similarity of ECFPs,true
DB01407,DB01001,CC0 1.0,0.6067,Dice similarity of ECFPs,true
DB00462,DB00572,CC0 1.0,0.6929,Dice similarity of ECFPs,true
DB00462,DB00572,CC0 1.0,0.6929,Dice similarity of ECFPs,true
DB00485,DB01604,CC0 1.0,0.503,Dice similarity of ECFPs,true
DB00485,DB01604,CC0 1.0,0.503,Dice similarity of ECFPs,true
DB04920,DB00401,CC0 1.0,0.6667,Dice similarity of ECFPs,true
DB04920,DB00401,CC0 1.0,0.6667,Dice similarity of ECFPs,true
DB01255,DB01037,CC0 1.0,0.5217,Dice similarity of ECFPs,true
DB01255,DB01037,CC0 1.0,0.5217,Dice similarity of ECFPs,true
DB00929,DB00917,CC0 1.0,0.5874,Dice similarity of ECFPs,true
DB00929,DB00917,CC0 1.0,0.5874,Dice similarity of ECFPs,true
DB00607,DB01000,CC0 1.0,0.5493,Dice similarity of ECFPs,true
DB00607,DB01000,CC0 1.0,0.5493,Dice similarity of ECFPs,true
DB01299,DB00359,CC0 1.0,0.6604,Dice similarity of ECFPs,true
DB01299,DB00359,CC0 1.0,0.6604,Dice similarity of ECFPs,true
DB00678,DB00177,CC0 1.0,0.678,Dice similarity of ECFPs,true
DB00678,DB00177,CC0 1.0,0.678,Dice similarity of ECFPs,true
DB01140,DB00671,CC0 1.0,0.52,Dice similarity of ECFPs,true
DB01140,DB00671,CC0 1.0,0.52,Dice similarity of ECFPs,true
DB00902,DB00477,CC0 1.0,0.5738,Dice similarity of ECFPs,true
DB00902,DB00477,CC0 1.0,0.5738,Dice similarity of ECFPs,true
DB01190,DB01627,CC0 1.0,0.9306,Dice similarity of ECFPs,true
DB01190,DB01627,CC0 1.0,0.9306,Dice similarity of ECFPs,true
DB01392,DB01089,CC0 1.0,0.6598,Dice similarity of ECFPs,true
DB01392,DB01089,CC0 1.0,0.6598,Dice similarity of ECFPs,true
DB00925,DB01616,CC0 1.0,0.6179,Dice similarity of ECFPs,true
DB00925,DB01616,CC0 1.0,0.6179,Dice similarity of ECFPs,true
DB09017,DB01215,CC0 1.0,0.528,Dice similarity of ECFPs,true
DB09017,DB01215,CC0 1.0,0.528,Dice similarity of ECFPs,true
DB00455,DB00719,CC0 1.0,0.7273,Dice similarity of ECFPs,true
DB00455,DB00719,CC0 1.0,0.7273,Dice similarity of ECFPs,true
DB01151,DB00934,CC0 1.0,0.6116,Dice similarity of ECFPs,true
DB01151,DB00934,CC0 1.0,0.6116,Dice similarity of ECFPs,true
DB00240,DB08971,CC0 1.0,0.6351,Dice similarity of ECFPs,true
DB00240,DB08971,CC0 1.0,0.6351,Dice similarity of ECFPs,true
DB00497,DB00318,CC0 1.0,0.6094,Dice similarity of ECFPs,true
DB00497,DB00318,CC0 1.0,0.6094,Dice similarity of ECFPs,true
DB00182,DB01626,CC0 1.0,0.6129,Dice similarity of ECFPs,true
DB00182,DB01626,CC0 1.0,0.6129,Dice similarity of ECFPs,true
DB01009,DB00870,CC0 1.0,0.6602,Dice similarity of ECFPs,true
DB01009,DB00870,CC0 1.0,0.6602,Dice similarity of ECFPs,true
DB01063,DB01623,CC0 1.0,0.5562,Dice similarity of ECFPs,true
DB01063,DB01623,CC0 1.0,0.5562,Dice similarity of ECFPs,true
DB00764,DB00443,CC0 1.0,0.84,Dice similarity of ECFPs,true
DB00764,DB00443,CC0 1.0,0.84,Dice similarity of ECFPs,true
DB00959,DB08970,CC0 1.0,0.5946,Dice similarity of ECFPs,true
DB00959,DB08970,CC0 1.0,0.5946,Dice similarity of ECFPs,true
DB00917,DB01046,CC0 1.0,0.5035,Dice similarity of ECFPs,true
DB00917,DB01046,CC0 1.0,0.5035,Dice similarity of ECFPs,true
DB01328,DB00833,CC0 1.0,0.6626,Dice similarity of ECFPs,true
DB01328,DB00833,CC0 1.0,0.6626,Dice similarity of ECFPs,true
DB00327,DB00854,CC0 1.0,0.5739,Dice similarity of ECFPs,true
DB00327,DB00854,CC0 1.0,0.5739,Dice similarity of ECFPs,true
DB01173,DB01429,CC0 1.0,0.5039,Dice similarity of ECFPs,true
DB01173,DB01429,CC0 1.0,0.5039,Dice similarity of ECFPs,true
DB00267,DB01327,CC0 1.0,0.6437,Dice similarity of ECFPs,true
DB00267,DB01327,CC0 1.0,0.6437,Dice similarity of ECFPs,true
DB06713,DB00984,CC0 1.0,0.5032,Dice similarity of ECFPs,true
DB06713,DB00984,CC0 1.0,0.5032,Dice similarity of ECFPs,true
DB08967,DB00679,CC0 1.0,0.5195,Dice similarity of ECFPs,true
DB08967,DB00679,CC0 1.0,0.5195,Dice similarity of ECFPs,true
DB01114,DB00792,CC0 1.0,0.5688,Dice similarity of ECFPs,true
DB01114,DB00792,CC0 1.0,0.5688,Dice similarity of ECFPs,true
DB00363,DB01567,CC0 1.0,0.5397,Dice similarity of ECFPs,true
DB00363,DB01567,CC0 1.0,0.5397,Dice similarity of ECFPs,true
DB04920,DB00622,CC0 1.0,0.5955,Dice similarity of ECFPs,true
DB04920,DB00622,CC0 1.0,0.5955,Dice similarity of ECFPs,true
DB06701,DB00725,CC0 1.0,0.5455,Dice similarity of ECFPs,true
DB06701,DB00725,CC0 1.0,0.5455,Dice similarity of ECFPs,true
DB00221,DB00968,CC0 1.0,0.5,Dice similarity of ECFPs,true
DB00221,DB00968,CC0 1.0,0.5,Dice similarity of ECFPs,true
DB01182,DB00813,CC0 1.0,0.5241,Dice similarity of ECFPs,true
DB01182,DB00813,CC0 1.0,0.5241,Dice similarity of ECFPs,true
DB00635,DB00288,CC0 1.0,0.5029,Dice similarity of ECFPs,true
DB00635,DB00288,CC0 1.0,0.5029,Dice similarity of ECFPs,true
DB00399,DB01077,CC0 1.0,0.5758,Dice similarity of ECFPs,true
DB00399,DB01077,CC0 1.0,0.5758,Dice similarity of ECFPs,true
DB00713,DB01607,CC0 1.0,0.6111,Dice similarity of ECFPs,true
DB00713,DB01607,CC0 1.0,0.6111,Dice similarity of ECFPs,true
DB01255,DB01121,CC0 1.0,0.5169,Dice similarity of ECFPs,true
DB01255,DB01121,CC0 1.0,0.5169,Dice similarity of ECFPs,true
DB01364,DB01037,CC0 1.0,0.5,Dice similarity of ECFPs,true
DB01364,DB01037,CC0 1.0,0.5,Dice similarity of ECFPs,true
DB00182,DB01365,CC0 1.0,0.623,Dice similarity of ECFPs,true
DB00182,DB01365,CC0 1.0,0.623,Dice similarity of ECFPs,true
DB01581,DB06729,CC0 1.0,0.6372,Dice similarity of ECFPs,true
DB01581,DB06729,CC0 1.0,0.6372,Dice similarity of ECFPs,true
DB01578,DB00428,CC0 1.0,0.5846,Dice similarity of ECFPs,true
DB01578,DB00428,CC0 1.0,0.5846,Dice similarity of ECFPs,true
DB00443,DB00687,CC0 1.0,0.6757,Dice similarity of ECFPs,true
DB00443,DB00687,CC0 1.0,0.6757,Dice similarity of ECFPs,true
DB01015,DB00664,CC0 1.0,0.68,Dice similarity of ECFPs,true
DB01015,DB00664,CC0 1.0,0.68,Dice similarity of ECFPs,true
DB06148,DB00321,CC0 1.0,0.5167,Dice similarity of ECFPs,true
DB06148,DB00321,CC0 1.0,0.5167,Dice similarity of ECFPs,true
DB01173,DB01036,CC0 1.0,0.5528,Dice similarity of ECFPs,true
DB01173,DB01036,CC0 1.0,0.5528,Dice similarity of ECFPs,true
DB00802,DB00708,CC0 1.0,0.7485,Dice similarity of ECFPs,true
DB00802,DB00708,CC0 1.0,0.7485,Dice similarity of ECFPs,true
DB01297,DB00489,CC0 1.0,0.62,Dice similarity of ECFPs,true
DB01297,DB00489,CC0 1.0,0.62,Dice similarity of ECFPs,true
DB08798,DB00259,CC0 1.0,0.6154,Dice similarity of ECFPs,true
DB08798,DB00259,CC0 1.0,0.6154,Dice similarity of ECFPs,true
DB01009,DB00465,CC0 1.0,0.6168,Dice similarity of ECFPs,true
DB01009,DB00465,CC0 1.0,0.6168,Dice similarity of ECFPs,true
DB01177,DB00694,CC0 1.0,0.8856,Dice similarity of ECFPs,true
DB01177,DB00694,CC0 1.0,0.8856,Dice similarity of ECFPs,true
DB08822,DB00275,CC0 1.0,0.5421,Dice similarity of ECFPs,true
DB08822,DB00275,CC0 1.0,0.5421,Dice similarity of ECFPs,true
DB09002,DB00913,CC0 1.0,0.5175,Dice similarity of ECFPs,true
DB09002,DB00913,CC0 1.0,0.5175,Dice similarity of ECFPs,true
DB01365,DB01037,CC0 1.0,0.5556,Dice similarity of ECFPs,true
DB01365,DB01037,CC0 1.0,0.5556,Dice similarity of ECFPs,true
DB01437,DB00357,CC0 1.0,0.7826,Dice similarity of ECFPs,true
DB01437,DB00357,CC0 1.0,0.7826,Dice similarity of ECFPs,true
DB00663,DB01234,CC0 1.0,0.7186,Dice similarity of ECFPs,true
DB00663,DB01234,CC0 1.0,0.7186,Dice similarity of ECFPs,true
DB00948,DB00689,CC0 1.0,0.5402,Dice similarity of ECFPs,true
DB00948,DB00689,CC0 1.0,0.5402,Dice similarity of ECFPs,true
DB00710,DB00399,CC0 1.0,0.5169,Dice similarity of ECFPs,true
DB00710,DB00399,CC0 1.0,0.5169,Dice similarity of ECFPs,true
DB00292,DB00937,CC0 1.0,0.5,Dice similarity of ECFPs,true
DB00292,DB00937,CC0 1.0,0.5,Dice similarity of ECFPs,true
DB01234,DB00687,CC0 1.0,0.6757,Dice similarity of ECFPs,true
DB01234,DB00687,CC0 1.0,0.6757,Dice similarity of ECFPs,true
DB00662,DB01157,CC0 1.0,0.5098,Dice similarity of ECFPs,true
DB00662,DB01157,CC0 1.0,0.5098,Dice similarity of ECFPs,true
DB06335,DB04876,CC0 1.0,0.625,Dice similarity of ECFPs,true
DB06335,DB04876,CC0 1.0,0.625,Dice similarity of ECFPs,true
DB00843,DB04844,CC0 1.0,0.5241,Dice similarity of ECFPs,true
DB00843,DB04844,CC0 1.0,0.5241,Dice similarity of ECFPs,true
DB01340,DB01348,CC0 1.0,0.6395,Dice similarity of ECFPs,true
DB01340,DB01348,CC0 1.0,0.6395,Dice similarity of ECFPs,true
DB01185,DB00396,CC0 1.0,0.5891,Dice similarity of ECFPs,true
DB01185,DB00396,CC0 1.0,0.5891,Dice similarity of ECFPs,true
DB00180,DB08970,CC0 1.0,0.5283,Dice similarity of ECFPs,true
DB00180,DB08970,CC0 1.0,0.5283,Dice similarity of ECFPs,true
DB01298,DB00259,CC0 1.0,0.5714,Dice similarity of ECFPs,true
DB01298,DB00259,CC0 1.0,0.5714,Dice similarity of ECFPs,true
DB00498,DB01619,CC0 1.0,0.6667,Dice similarity of ECFPs,true
DB00498,DB01619,CC0 1.0,0.6667,Dice similarity of ECFPs,true
DB00861,DB00712,CC0 1.0,0.5657,Dice similarity of ECFPs,true
DB00861,DB00712,CC0 1.0,0.5657,Dice similarity of ECFPs,true
DB00725,DB00517,CC0 1.0,0.6441,Dice similarity of ECFPs,true
DB00725,DB00517,CC0 1.0,0.6441,Dice similarity of ECFPs,true
DB00458,DB08996,CC0 1.0,0.7642,Dice similarity of ECFPs,true
DB00458,DB08996,CC0 1.0,0.7642,Dice similarity of ECFPs,true
DB00548,DB00855,CC0 1.0,0.5172,Dice similarity of ECFPs,true
DB00548,DB00855,CC0 1.0,0.5172,Dice similarity of ECFPs,true
DB00770,DB01046,CC0 1.0,0.6294,Dice similarity of ECFPs,true
DB00770,DB01046,CC0 1.0,0.6294,Dice similarity of ECFPs,true
DB08799,DB00735,CC0 1.0,0.512,Dice similarity of ECFPs,true
DB08799,DB00735,CC0 1.0,0.512,Dice similarity of ECFPs,true
DB00959,DB01410,CC0 1.0,0.5495,Dice similarity of ECFPs,true
DB00959,DB01410,CC0 1.0,0.5495,Dice similarity of ECFPs,true
DB01227,DB01231,CC0 1.0,0.5286,Dice similarity of ECFPs,true
DB01227,DB01231,CC0 1.0,0.5286,Dice similarity of ECFPs,true
DB00133,DB00130,CC0 1.0,0.5714,Dice similarity of ECFPs,true
DB00133,DB00130,CC0 1.0,0.5714,Dice similarity of ECFPs,true
DB00598,DB01064,CC0 1.0,0.5421,Dice similarity of ECFPs,true
DB00598,DB01064,CC0 1.0,0.5421,Dice similarity of ECFPs,true
DB00562,DB00310,CC0 1.0,0.5455,Dice similarity of ECFPs,true
DB00562,DB00310,CC0 1.0,0.5455,Dice similarity of ECFPs,true
DB00247,DB00353,CC0 1.0,0.8472,Dice similarity of ECFPs,true
DB00247,DB00353,CC0 1.0,0.8472,Dice similarity of ECFPs,true
DB00626,DB01282,CC0 1.0,0.5857,Dice similarity of ECFPs,true
DB00626,DB01282,CC0 1.0,0.5857,Dice similarity of ECFPs,true
DB00897,DB01589,CC0 1.0,0.637,Dice similarity of ECFPs,true
DB00897,DB01589,CC0 1.0,0.637,Dice similarity of ECFPs,true
DB00363,DB01553,CC0 1.0,0.5414,Dice similarity of ECFPs,true
DB00363,DB01553,CC0 1.0,0.5414,Dice similarity of ECFPs,true
DB01260,DB00443,CC0 1.0,0.6369,Dice similarity of ECFPs,true
DB01260,DB00443,CC0 1.0,0.6369,Dice similarity of ECFPs,true
DB00795,DB06729,CC0 1.0,0.5634,Dice similarity of ECFPs,true
DB00795,DB06729,CC0 1.0,0.5634,Dice similarity of ECFPs,true
DB08807,DB00643,CC0 1.0,0.507,Dice similarity of ECFPs,true
DB08807,DB00643,CC0 1.0,0.507,Dice similarity of ECFPs,true
DB01338,DB00728,CC0 1.0,0.6432,Dice similarity of ECFPs,true
DB01338,DB00728,CC0 1.0,0.6432,Dice similarity of ECFPs,true
DB00182,DB00865,CC0 1.0,0.575,Dice similarity of ECFPs,true
DB00182,DB00865,CC0 1.0,0.575,Dice similarity of ECFPs,true
DB01061,DB00319,CC0 1.0,0.8495,Dice similarity of ECFPs,true
DB01061,DB00319,CC0 1.0,0.8495,Dice similarity of ECFPs,true
DB01053,DB01000,CC0 1.0,0.624,Dice similarity of ECFPs,true
DB01053,DB01000,CC0 1.0,0.624,Dice similarity of ECFPs,true
DB01116,DB00561,CC0 1.0,0.5031,Dice similarity of ECFPs,true
DB01116,DB00561,CC0 1.0,0.5031,Dice similarity of ECFPs,true
DB00668,DB00816,CC0 1.0,0.56,Dice similarity of ECFPs,true
DB00668,DB00816,CC0 1.0,0.56,Dice similarity of ECFPs,true
DB00543,DB01215,CC0 1.0,0.5039,Dice similarity of ECFPs,true
DB00543,DB01215,CC0 1.0,0.5039,Dice similarity of ECFPs,true
DB00649,DB00495,CC0 1.0,0.6458,Dice similarity of ECFPs,true
DB00649,DB00495,CC0 1.0,0.6458,Dice similarity of ECFPs,true
DB00498,DB00991,CC0 1.0,0.5133,Dice similarity of ECFPs,true
DB00498,DB00991,CC0 1.0,0.5133,Dice similarity of ECFPs,true
DB00564,DB00991,CC0 1.0,0.5,Dice similarity of ECFPs,true
DB00564,DB00991,CC0 1.0,0.5,Dice similarity of ECFPs,true
DB00433,DB01071,CC0 1.0,0.5775,Dice similarity of ECFPs,true
DB00433,DB01071,CC0 1.0,0.5775,Dice similarity of ECFPs,true
DB00221,DB01001,CC0 1.0,0.5333,Dice similarity of ECFPs,true
DB00221,DB01001,CC0 1.0,0.5333,Dice similarity of ECFPs,true
DB00245,DB00676,CC0 1.0,0.5043,Dice similarity of ECFPs,true
DB00245,DB00676,CC0 1.0,0.5043,Dice similarity of ECFPs,true
DB00880,DB01325,CC0 1.0,0.5806,Dice similarity of ECFPs,true
DB00880,DB01325,CC0 1.0,0.5806,Dice similarity of ECFPs,true
DB06775,DB00155,CC0 1.0,0.5313,Dice similarity of ECFPs,true
DB06775,DB00155,CC0 1.0,0.5313,Dice similarity of ECFPs,true
DB00338,DB00213,CC0 1.0,0.7286,Dice similarity of ECFPs,true
DB00338,DB00213,CC0 1.0,0.7286,Dice similarity of ECFPs,true
DB00207,DB01321,CC0 1.0,0.5274,Dice similarity of ECFPs,true
DB00207,DB01321,CC0 1.0,0.5274,Dice similarity of ECFPs,true
DB00737,DB00836,CC0 1.0,0.5363,Dice similarity of ECFPs,true
DB00737,DB00836,CC0 1.0,0.5363,Dice similarity of ECFPs,true
DB01055,DB01235,CC0 1.0,0.5676,Dice similarity of ECFPs,true
DB01055,DB01235,CC0 1.0,0.5676,Dice similarity of ECFPs,true
DB00600,DB08954,CC0 1.0,0.6018,Dice similarity of ECFPs,true
DB00600,DB08954,CC0 1.0,0.6018,Dice similarity of ECFPs,true
DB00783,DB00858,CC0 1.0,0.5254,Dice similarity of ECFPs,true
DB00783,DB00858,CC0 1.0,0.5254,Dice similarity of ECFPs,true
DB01201,DB01045,CC0 1.0,0.9245,Dice similarity of ECFPs,true
DB01201,DB01045,CC0 1.0,0.9245,Dice similarity of ECFPs,true
DB00679,DB01403,CC0 1.0,0.5942,Dice similarity of ECFPs,true
DB00679,DB01403,CC0 1.0,0.5942,Dice similarity of ECFPs,true
DB01037,DB08924,CC0 1.0,0.575,Dice similarity of ECFPs,true
DB01037,DB08924,CC0 1.0,0.575,Dice similarity of ECFPs,true
DB01222,DB01260,CC0 1.0,0.8452,Dice similarity of ECFPs,true
DB01222,DB01260,CC0 1.0,0.8452,Dice similarity of ECFPs,true
DB00938,DB01102,CC0 1.0,0.6447,Dice similarity of ECFPs,true
DB00938,DB01102,CC0 1.0,0.6447,Dice similarity of ECFPs,true
DB00751,DB00370,CC0 1.0,0.6087,Dice similarity of ECFPs,true
DB00751,DB00370,CC0 1.0,0.6087,Dice similarity of ECFPs,true
DB01114,DB00748,CC0 1.0,0.8468,Dice similarity of ECFPs,true
DB01114,DB00748,CC0 1.0,0.8468,Dice similarity of ECFPs,true
DB00128,DB00138,CC0 1.0,0.5862,Dice similarity of ECFPs,true
DB00128,DB00138,CC0 1.0,0.5862,Dice similarity of ECFPs,true
DB00824,DB00277,CC0 1.0,0.5676,Dice similarity of ECFPs,true
DB00824,DB00277,CC0 1.0,0.5676,Dice similarity of ECFPs,true
DB00606,DB00774,CC0 1.0,0.5254,Dice similarity of ECFPs,true
DB00606,DB00774,CC0 1.0,0.5254,Dice similarity of ECFPs,true
DB04575,DB00367,CC0 1.0,0.5455,Dice similarity of ECFPs,true
DB04575,DB00367,CC0 1.0,0.5455,Dice similarity of ECFPs,true
DB00168,DB00120,CC0 1.0,0.6444,Dice similarity of ECFPs,true
DB00168,DB00120,CC0 1.0,0.6444,Dice similarity of ECFPs,true
DB00415,DB01150,CC0 1.0,0.5612,Dice similarity of ECFPs,true
DB00415,DB01150,CC0 1.0,0.5612,Dice similarity of ECFPs,true
DB00607,DB00301,CC0 1.0,0.6708,Dice similarity of ECFPs,true
DB00607,DB00301,CC0 1.0,0.6708,Dice similarity of ECFPs,true
DB08887,DB00159,CC0 1.0,0.8788,Dice similarity of ECFPs,true
DB08887,DB00159,CC0 1.0,0.8788,Dice similarity of ECFPs,true
DB08804,DB00294,CC0 1.0,0.5,Dice similarity of ECFPs,true
DB08804,DB00294,CC0 1.0,0.5,Dice similarity of ECFPs,true
DB00195,DB00571,CC0 1.0,0.569,Dice similarity of ECFPs,true
DB00195,DB00571,CC0 1.0,0.569,Dice similarity of ECFPs,true
DB01227,DB01173,CC0 1.0,0.5426,Dice similarity of ECFPs,true
DB01227,DB01173,CC0 1.0,0.5426,Dice similarity of ECFPs,true
DB04890,DB00813,CC0 1.0,0.5033,Dice similarity of ECFPs,true
DB04890,DB00813,CC0 1.0,0.5033,Dice similarity of ECFPs,true
DB00458,DB00564,CC0 1.0,0.5133,Dice similarity of ECFPs,true
DB00458,DB00564,CC0 1.0,0.5133,Dice similarity of ECFPs,true
DB00646,DB00681,CC0 1.0,0.8272,Dice similarity of ECFPs,true
DB00646,DB00681,CC0 1.0,0.8272,Dice similarity of ECFPs,true
DB00764,DB00687,CC0 1.0,0.5541,Dice similarity of ECFPs,true
DB00764,DB00687,CC0 1.0,0.5541,Dice similarity of ECFPs,true
DB00954,DB00199,CC0 1.0,0.8194,Dice similarity of ECFPs,true
DB00954,DB00199,CC0 1.0,0.8194,Dice similarity of ECFPs,true
DB00656,DB00341,CC0 1.0,0.5195,Dice similarity of ECFPs,true
DB00656,DB00341,CC0 1.0,0.5195,Dice similarity of ECFPs,true
DB01073,DB00640,CC0 1.0,0.678,Dice similarity of ECFPs,true
DB01073,DB00640,CC0 1.0,0.678,Dice similarity of ECFPs,true
DB01615,DB01622,CC0 1.0,0.604,Dice similarity of ECFPs,true
DB01615,DB01622,CC0 1.0,0.604,Dice similarity of ECFPs,true
DB01176,DB08936,CC0 1.0,0.8333,Dice similarity of ECFPs,true
DB01176,DB08936,CC0 1.0,0.8333,Dice similarity of ECFPs,true
DB00801,DB01545,CC0 1.0,0.5109,Dice similarity of ECFPs,true
DB00801,DB01545,CC0 1.0,0.5109,Dice similarity of ECFPs,true
DB00433,DB01176,CC0 1.0,0.5,Dice similarity of ECFPs,true
DB00433,DB01176,CC0 1.0,0.5,Dice similarity of ECFPs,true
DB01182,DB00676,CC0 1.0,0.5546,Dice similarity of ECFPs,true
DB01182,DB00676,CC0 1.0,0.5546,Dice similarity of ECFPs,true
DB06730,DB06713,CC0 1.0,0.6917,Dice similarity of ECFPs,true
DB06730,DB06713,CC0 1.0,0.6917,Dice similarity of ECFPs,true
DB00719,DB00321,CC0 1.0,0.5397,Dice similarity of ECFPs,true
DB00719,DB00321,CC0 1.0,0.5397,Dice similarity of ECFPs,true
DB00833,DB00671,CC0 1.0,0.5,Dice similarity of ECFPs,true
DB00833,DB00671,CC0 1.0,0.5,Dice similarity of ECFPs,true
DB01056,DB01002,CC0 1.0,0.5833,Dice similarity of ECFPs,true
DB01056,DB01002,CC0 1.0,0.5833,Dice similarity of ECFPs,true
DB01054,DB06712,CC0 1.0,0.8,Dice similarity of ECFPs,true
DB01054,DB06712,CC0 1.0,0.8,Dice similarity of ECFPs,true
DB08804,DB08866,CC0 1.0,0.5614,Dice similarity of ECFPs,true
DB08804,DB08866,CC0 1.0,0.5614,Dice similarity of ECFPs,true
DB04574,DB00655,CC0 1.0,0.8387,Dice similarity of ECFPs,true
DB04574,DB00655,CC0 1.0,0.8387,Dice similarity of ECFPs,true
DB01023,DB00270,CC0 1.0,0.7092,Dice similarity of ECFPs,true
DB01023,DB00270,CC0 1.0,0.7092,Dice similarity of ECFPs,true
DB00805,DB00561,CC0 1.0,0.5306,Dice similarity of ECFPs,true
DB00805,DB00561,CC0 1.0,0.5306,Dice similarity of ECFPs,true
DB01065,DB00211,CC0 1.0,0.5155,Dice similarity of ECFPs,true
DB01065,DB00211,CC0 1.0,0.5155,Dice similarity of ECFPs,true
DB01067,DB01251,CC0 1.0,0.6597,Dice similarity of ECFPs,true
DB01067,DB01251,CC0 1.0,0.6597,Dice similarity of ECFPs,true
DB00777,DB08996,CC0 1.0,0.5116,Dice similarity of ECFPs,true
DB00777,DB08996,CC0 1.0,0.5116,Dice similarity of ECFPs,true
DB00525,DB00735,CC0 1.0,0.5156,Dice similarity of ECFPs,true
DB00525,DB00735,CC0 1.0,0.5156,Dice similarity of ECFPs,true
DB01384,DB01234,CC0 1.0,0.72,Dice similarity of ECFPs,true
DB01384,DB01234,CC0 1.0,0.72,Dice similarity of ECFPs,true
DB01351,DB01353,CC0 1.0,0.8049,Dice similarity of ECFPs,true
DB01351,DB01353,CC0 1.0,0.8049,Dice similarity of ECFPs,true
DB00846,DB00838,CC0 1.0,0.5157,Dice similarity of ECFPs,true
DB00846,DB00838,CC0 1.0,0.5157,Dice similarity of ECFPs,true
DB00783,DB00854,CC0 1.0,0.5,Dice similarity of ECFPs,true
DB00783,DB00854,CC0 1.0,0.5,Dice similarity of ECFPs,true
DB00180,DB00846,CC0 1.0,0.8452,Dice similarity of ECFPs,true
DB00180,DB00846,CC0 1.0,0.8452,Dice similarity of ECFPs,true
DB00542,DB00676,CC0 1.0,0.5037,Dice similarity of ECFPs,true
DB00542,DB00676,CC0 1.0,0.5037,Dice similarity of ECFPs,true
DB00241,DB00474,CC0 1.0,0.5435,Dice similarity of ECFPs,true
DB00241,DB00474,CC0 1.0,0.5435,Dice similarity of ECFPs,true
DB08990,DB08992,CC0 1.0,0.5362,Dice similarity of ECFPs,true
DB08990,DB08992,CC0 1.0,0.5362,Dice similarity of ECFPs,true
DB00367,DB00304,CC0 1.0,0.7077,Dice similarity of ECFPs,true
DB00367,DB00304,CC0 1.0,0.7077,Dice similarity of ECFPs,true
DB04841,DB00973,CC0 1.0,0.5202,Dice similarity of ECFPs,true
DB04841,DB00973,CC0 1.0,0.5202,Dice similarity of ECFPs,true
DB00769,DB00687,CC0 1.0,0.6265,Dice similarity of ECFPs,true
DB00769,DB00687,CC0 1.0,0.6265,Dice similarity of ECFPs,true
DB01410,DB00860,CC0 1.0,0.6333,Dice similarity of ECFPs,true
DB01410,DB00860,CC0 1.0,0.6333,Dice similarity of ECFPs,true
DB00567,DB00713,CC0 1.0,0.5455,Dice similarity of ECFPs,true
DB00567,DB00713,CC0 1.0,0.5455,Dice similarity of ECFPs,true
DB00366,DB01173,CC0 1.0,0.6491,Dice similarity of ECFPs,true
DB00366,DB01173,CC0 1.0,0.6491,Dice similarity of ECFPs,true
DB01035,DB01161,CC0 1.0,0.625,Dice similarity of ECFPs,true
DB01035,DB01161,CC0 1.0,0.625,Dice similarity of ECFPs,true
DB00894,DB00990,CC0 1.0,0.6829,Dice similarity of ECFPs,true
DB00894,DB00990,CC0 1.0,0.6829,Dice similarity of ECFPs,true
DB00324,DB08971,CC0 1.0,0.5517,Dice similarity of ECFPs,true
DB00324,DB08971,CC0 1.0,0.5517,Dice similarity of ECFPs,true
DB00241,DB01154,CC0 1.0,0.5977,Dice similarity of ECFPs,true
DB00241,DB01154,CC0 1.0,0.5977,Dice similarity of ECFPs,true
DB01150,DB01414,CC0 1.0,0.5147,Dice similarity of ECFPs,true
DB01150,DB01414,CC0 1.0,0.5147,Dice similarity of ECFPs,true
DB01346,DB01174,CC0 1.0,0.5767,Dice similarity of ECFPs,true
DB01346,DB01174,CC0 1.0,0.5767,Dice similarity of ECFPs,true
DB00388,DB00816,CC0 1.0,0.5479,Dice similarity of ECFPs,true
DB00388,DB00816,CC0 1.0,0.5479,Dice similarity of ECFPs,true
DB08981,DB01009,CC0 1.0,0.5794,Dice similarity of ECFPs,true
DB08981,DB01009,CC0 1.0,0.5794,Dice similarity of ECFPs,true
DB00346,DB01162,CC0 1.0,0.6918,Dice similarity of ECFPs,true
DB00346,DB01162,CC0 1.0,0.6918,Dice similarity of ECFPs,true
DB04794,DB00354,CC0 1.0,0.5217,Dice similarity of ECFPs,true
DB04794,DB00354,CC0 1.0,0.5217,Dice similarity of ECFPs,true
DB00324,DB00240,CC0 1.0,0.5442,Dice similarity of ECFPs,true
DB00324,DB00240,CC0 1.0,0.5442,Dice similarity of ECFPs,true
DB00186,DB00842,CC0 1.0,0.8448,Dice similarity of ECFPs,true
DB00186,DB00842,CC0 1.0,0.8448,Dice similarity of ECFPs,true
DB00448,DB00213,CC0 1.0,0.6294,Dice similarity of ECFPs,true
DB00448,DB00213,CC0 1.0,0.6294,Dice similarity of ECFPs,true
DB00554,DB00469,CC0 1.0,0.672,Dice similarity of ECFPs,true
DB00554,DB00469,CC0 1.0,0.672,Dice similarity of ECFPs,true
DB01226,DB01135,CC0 1.0,0.8309,Dice similarity of ECFPs,true
DB01226,DB01135,CC0 1.0,0.8309,Dice similarity of ECFPs,true
DB00880,DB01119,CC0 1.0,0.506,Dice similarity of ECFPs,true
DB00880,DB01119,CC0 1.0,0.506,Dice similarity of ECFPs,true
DB00568,DB01501,CC0 1.0,0.5763,Dice similarity of ECFPs,true
DB00568,DB01501,CC0 1.0,0.5763,Dice similarity of ECFPs,true
DB00902,DB00679,CC0 1.0,0.637,Dice similarity of ECFPs,true
DB00902,DB00679,CC0 1.0,0.637,Dice similarity of ECFPs,true
DB00865,DB01620,CC0 1.0,0.5769,Dice similarity of ECFPs,true
DB00865,DB01620,CC0 1.0,0.5769,Dice similarity of ECFPs,true
DB01215,DB00475,CC0 1.0,0.6066,Dice similarity of ECFPs,true
DB01215,DB00475,CC0 1.0,0.6066,Dice similarity of ECFPs,true
DB00496,DB00836,CC0 1.0,0.5759,Dice similarity of ECFPs,true
DB00496,DB00836,CC0 1.0,0.5759,Dice similarity of ECFPs,true
DB00669,DB00216,CC0 1.0,0.5263,Dice similarity of ECFPs,true
DB00669,DB00216,CC0 1.0,0.5263,Dice similarity of ECFPs,true
DB00957,DB00823,CC0 1.0,0.6883,Dice similarity of ECFPs,true
DB00957,DB00823,CC0 1.0,0.6883,Dice similarity of ECFPs,true
DB06775,DB00139,CC0 1.0,0.566,Dice similarity of ECFPs,true
DB06775,DB00139,CC0 1.0,0.566,Dice similarity of ECFPs,true
DB00588,DB06781,CC0 1.0,0.7234,Dice similarity of ECFPs,true
DB00588,DB06781,CC0 1.0,0.7234,Dice similarity of ECFPs,true
DB00776,DB01399,CC0 1.0,0.5234,Dice similarity of ECFPs,true
DB00776,DB01399,CC0 1.0,0.5234,Dice similarity of ECFPs,true
DB00477,DB01608,CC0 1.0,0.6471,Dice similarity of ECFPs,true
DB00477,DB01608,CC0 1.0,0.6471,Dice similarity of ECFPs,true
DB00988,DB06707,CC0 1.0,0.5938,Dice similarity of ECFPs,true
DB00988,DB06707,CC0 1.0,0.5938,Dice similarity of ECFPs,true
DB01380,DB00687,CC0 1.0,0.6316,Dice similarity of ECFPs,true
DB01380,DB00687,CC0 1.0,0.6316,Dice similarity of ECFPs,true
DB01242,DB00679,CC0 1.0,0.5,Dice similarity of ECFPs,true
DB01242,DB00679,CC0 1.0,0.5,Dice similarity of ECFPs,true
DB01384,DB00443,CC0 1.0,0.72,Dice similarity of ECFPs,true
DB01384,DB00443,CC0 1.0,0.72,Dice similarity of ECFPs,true
DB00600,DB00925,CC0 1.0,0.5524,Dice similarity of ECFPs,true
DB00600,DB00925,CC0 1.0,0.5524,Dice similarity of ECFPs,true
DB04843,DB00676,CC0 1.0,0.5424,Dice similarity of ECFPs,true
DB04843,DB00676,CC0 1.0,0.5424,Dice similarity of ECFPs,true
DB01009,DB00289,CC0 1.0,0.5,Dice similarity of ECFPs,true
DB01009,DB00289,CC0 1.0,0.5,Dice similarity of ECFPs,true
DB00125,DB00129,CC0 1.0,0.7037,Dice similarity of ECFPs,true
DB00125,DB00129,CC0 1.0,0.7037,Dice similarity of ECFPs,true
DB00508,DB01071,CC0 1.0,0.5,Dice similarity of ECFPs,true
DB00508,DB01071,CC0 1.0,0.5,Dice similarity of ECFPs,true
DB00458,DB01069,CC0 1.0,0.6102,Dice similarity of ECFPs,true
DB00458,DB01069,CC0 1.0,0.6102,Dice similarity of ECFPs,true
DB01209,DB00611,CC0 1.0,0.5833,Dice similarity of ECFPs,true
DB01209,DB00611,CC0 1.0,0.5833,Dice similarity of ECFPs,true
DB00948,DB01607,CC0 1.0,0.622,Dice similarity of ECFPs,true
DB00948,DB01607,CC0 1.0,0.622,Dice similarity of ECFPs,true
DB08800,DB00405,CC0 1.0,0.6126,Dice similarity of ECFPs,true
DB08800,DB00405,CC0 1.0,0.6126,Dice similarity of ECFPs,true
DB00661,DB01113,CC0 1.0,0.6049,Dice similarity of ECFPs,true
DB00661,DB01113,CC0 1.0,0.6049,Dice similarity of ECFPs,true
DB01165,DB00218,CC0 1.0,0.5882,Dice similarity of ECFPs,true
DB01165,DB00218,CC0 1.0,0.5882,Dice similarity of ECFPs,true
DB00946,DB00676,CC0 1.0,0.5047,Dice similarity of ECFPs,true
DB00946,DB00676,CC0 1.0,0.5047,Dice similarity of ECFPs,true
DB01348,DB00178,CC0 1.0,0.7719,Dice similarity of ECFPs,true
DB01348,DB00178,CC0 1.0,0.7719,Dice similarity of ECFPs,true
DB01013,DB00394,CC0 1.0,0.8197,Dice similarity of ECFPs,true
DB01013,DB00394,CC0 1.0,0.8197,Dice similarity of ECFPs,true
DB00508,DB09000,CC0 1.0,0.6818,Dice similarity of ECFPs,true
DB00508,DB09000,CC0 1.0,0.6818,Dice similarity of ECFPs,true
DB00745,DB00573,CC0 1.0,0.5333,Dice similarity of ECFPs,true
DB00745,DB00573,CC0 1.0,0.5333,Dice similarity of ECFPs,true
DB00151,DB06151,CC0 1.0,0.5238,Dice similarity of ECFPs,true
DB00151,DB06151,CC0 1.0,0.5238,Dice similarity of ECFPs,true
DB01044,DB00218,CC0 1.0,0.8258,Dice similarity of ECFPs,true
DB01044,DB00218,CC0 1.0,0.8258,Dice similarity of ECFPs,true
DB06147,DB06150,CC0 1.0,0.6214,Dice similarity of ECFPs,true
DB06147,DB06150,CC0 1.0,0.6214,Dice similarity of ECFPs,true
DB01139,DB01140,CC0 1.0,0.5753,Dice similarity of ECFPs,true
DB01139,DB01140,CC0 1.0,0.5753,Dice similarity of ECFPs,true
DB00691,DB00584,CC0 1.0,0.7543,Dice similarity of ECFPs,true
DB00691,DB00584,CC0 1.0,0.7543,Dice similarity of ECFPs,true
DB00624,DB01406,CC0 1.0,0.5846,Dice similarity of ECFPs,true
DB00624,DB01406,CC0 1.0,0.5846,Dice similarity of ECFPs,true
DB00792,DB00333,CC0 1.0,0.5042,Dice similarity of ECFPs,true
DB00792,DB00333,CC0 1.0,0.5042,Dice similarity of ECFPs,true
DB04837,DB01620,CC0 1.0,0.6111,Dice similarity of ECFPs,true
DB04837,DB01620,CC0 1.0,0.6111,Dice similarity of ECFPs,true
DB00186,DB01511,CC0 1.0,0.8276,Dice similarity of ECFPs,true
DB00186,DB01511,CC0 1.0,0.8276,Dice similarity of ECFPs,true
DB08967,DB01621,CC0 1.0,0.6628,Dice similarity of ECFPs,true
DB08967,DB01621,CC0 1.0,0.6628,Dice similarity of ECFPs,true
DB01262,DB00194,CC0 1.0,0.5155,Dice similarity of ECFPs,true
DB01262,DB00194,CC0 1.0,0.5155,Dice similarity of ECFPs,true
DB01576,DB00752,CC0 1.0,0.5357,Dice similarity of ECFPs,true
DB01576,DB00752,CC0 1.0,0.5357,Dice similarity of ECFPs,true
DB00119,DB06151,CC0 1.0,0.5263,Dice similarity of ECFPs,true
DB00119,DB06151,CC0 1.0,0.5263,Dice similarity of ECFPs,true
DB09000,DB00850,CC0 1.0,0.5417,Dice similarity of ECFPs,true
DB09000,DB00850,CC0 1.0,0.5417,Dice similarity of ECFPs,true
DB05246,DB00252,CC0 1.0,0.5,Dice similarity of ECFPs,true
DB05246,DB00252,CC0 1.0,0.5,Dice similarity of ECFPs,true
DB01075,DB00748,CC0 1.0,0.6607,Dice similarity of ECFPs,true
DB01075,DB00748,CC0 1.0,0.6607,Dice similarity of ECFPs,true
DB06713,DB04575,CC0 1.0,0.5342,Dice similarity of ECFPs,true
DB06713,DB04575,CC0 1.0,0.5342,Dice similarity of ECFPs,true
DB01398,DB00945,CC0 1.0,0.5625,Dice similarity of ECFPs,true
DB01398,DB00945,CC0 1.0,0.5625,Dice similarity of ECFPs,true
DB00608,DB01103,CC0 1.0,0.7376,Dice similarity of ECFPs,true
DB00608,DB01103,CC0 1.0,0.7376,Dice similarity of ECFPs,true
DB00637,DB00913,CC0 1.0,0.5029,Dice similarity of ECFPs,true
DB00637,DB00913,CC0 1.0,0.5029,Dice similarity of ECFPs,true
DB01577,DB01550,CC0 1.0,0.7324,Dice similarity of ECFPs,true
DB01577,DB01550,CC0 1.0,0.7324,Dice similarity of ECFPs,true
DB00934,DB08996,CC0 1.0,0.5484,Dice similarity of ECFPs,true
DB00934,DB08996,CC0 1.0,0.5484,Dice similarity of ECFPs,true
DB00370,DB00670,CC0 1.0,0.5672,Dice similarity of ECFPs,true
DB00370,DB00670,CC0 1.0,0.5672,Dice similarity of ECFPs,true
DB00888,DB00531,CC0 1.0,0.5,Dice similarity of ECFPs,true
DB00888,DB00531,CC0 1.0,0.5,Dice similarity of ECFPs,true
DB06718,DB00858,CC0 1.0,0.5891,Dice similarity of ECFPs,true
DB06718,DB00858,CC0 1.0,0.5891,Dice similarity of ECFPs,true
DB00712,DB00788,CC0 1.0,0.6186,Dice similarity of ECFPs,true
DB00712,DB00788,CC0 1.0,0.6186,Dice similarity of ECFPs,true
DB01234,DB00443,CC0 1.0,1.0,Dice similarity of ECFPs,true
DB01234,DB00443,CC0 1.0,1.0,Dice similarity of ECFPs,true
DB01053,DB00607,CC0 1.0,0.7273,Dice similarity of ECFPs,true
DB01053,DB00607,CC0 1.0,0.7273,Dice similarity of ECFPs,true
DB01061,DB00689,CC0 1.0,0.5697,Dice similarity of ECFPs,true
DB01061,DB00689,CC0 1.0,0.5697,Dice similarity of ECFPs,true
DB01429,DB00726,CC0 1.0,0.5113,Dice similarity of ECFPs,true
DB01429,DB00726,CC0 1.0,0.5113,Dice similarity of ECFPs,true
DB00120,DB01550,CC0 1.0,0.5753,Dice similarity of ECFPs,true
DB00120,DB01550,CC0 1.0,0.5753,Dice similarity of ECFPs,true
DB00771,DB00950,CC0 1.0,0.5333,Dice similarity of ECFPs,true
DB00771,DB00950,CC0 1.0,0.5333,Dice similarity of ECFPs,true
DB00385,DB00997,CC0 1.0,0.7787,Dice similarity of ECFPs,true
DB00385,DB00997,CC0 1.0,0.7787,Dice similarity of ECFPs,true
DB00925,DB01433,CC0 1.0,0.5414,Dice similarity of ECFPs,true
DB00925,DB01433,CC0 1.0,0.5414,Dice similarity of ECFPs,true
DB01413,DB00671,CC0 1.0,0.6667,Dice similarity of ECFPs,true
DB01413,DB00671,CC0 1.0,0.6667,Dice similarity of ECFPs,true
DB00520,DB01141,CC0 1.0,0.6049,Dice similarity of ECFPs,true
DB00520,DB01141,CC0 1.0,0.6049,Dice similarity of ECFPs,true
DB08981,DB00450,CC0 1.0,0.5185,Dice similarity of ECFPs,true
DB08981,DB00450,CC0 1.0,0.5185,Dice similarity of ECFPs,true
DB00344,DB01151,CC0 1.0,0.5932,Dice similarity of ECFPs,true
DB00344,DB01151,CC0 1.0,0.5932,Dice similarity of ECFPs,true
DB01054,DB01023,CC0 1.0,0.7737,Dice similarity of ECFPs,true
DB01054,DB01023,CC0 1.0,0.7737,Dice similarity of ECFPs,true
DB00547,DB00896,CC0 1.0,0.6164,Dice similarity of ECFPs,true
DB00547,DB00896,CC0 1.0,0.6164,Dice similarity of ECFPs,true
DB01511,DB00546,CC0 1.0,0.5581,Dice similarity of ECFPs,true
DB01511,DB00546,CC0 1.0,0.5581,Dice similarity of ECFPs,true
DB00343,DB01403,CC0 1.0,0.6027,Dice similarity of ECFPs,true
DB00343,DB01403,CC0 1.0,0.6027,Dice similarity of ECFPs,true
DB01095,DB01098,CC0 1.0,0.655,Dice similarity of ECFPs,true
DB01095,DB01098,CC0 1.0,0.655,Dice similarity of ECFPs,true
DB01583,DB00509,CC0 1.0,0.6218,Dice similarity of ECFPs,true
DB01583,DB00509,CC0 1.0,0.6218,Dice similarity of ECFPs,true
DB00865,DB01576,CC0 1.0,0.575,Dice similarity of ECFPs,true
DB00865,DB01576,CC0 1.0,0.575,Dice similarity of ECFPs,true
DB01234,DB08971,CC0 1.0,0.5541,Dice similarity of ECFPs,true
DB01234,DB08971,CC0 1.0,0.5541,Dice similarity of ECFPs,true
DB01176,DB01075,CC0 1.0,0.6316,Dice similarity of ECFPs,true
DB01176,DB01075,CC0 1.0,0.6316,Dice similarity of ECFPs,true
DB00434,DB08936,CC0 1.0,0.5079,Dice similarity of ECFPs,true
DB00434,DB08936,CC0 1.0,0.5079,Dice similarity of ECFPs,true
DB00424,DB00747,CC0 1.0,0.7642,Dice similarity of ECFPs,true
DB00424,DB00747,CC0 1.0,0.7642,Dice similarity of ECFPs,true
DB01049,DB00320,CC0 1.0,0.7603,Dice similarity of ECFPs,true
DB01049,DB00320,CC0 1.0,0.7603,Dice similarity of ECFPs,true
DB00366,DB01620,CC0 1.0,0.6972,Dice similarity of ECFPs,true
DB00366,DB01620,CC0 1.0,0.6972,Dice similarity of ECFPs,true
DB00334,DB00670,CC0 1.0,0.5468,Dice similarity of ECFPs,true
DB00334,DB00670,CC0 1.0,0.5468,Dice similarity of ECFPs,true
DB09002,DB01075,CC0 1.0,0.5854,Dice similarity of ECFPs,true
DB09002,DB01075,CC0 1.0,0.5854,Dice similarity of ECFPs,true
DB00933,DB01403,CC0 1.0,0.5857,Dice similarity of ECFPs,true
DB00933,DB01403,CC0 1.0,0.5857,Dice similarity of ECFPs,true
DB01059,DB01044,CC0 1.0,0.5797,Dice similarity of ECFPs,true
DB01059,DB01044,CC0 1.0,0.5797,Dice similarity of ECFPs,true
DB00612,DB01297,CC0 1.0,0.6724,Dice similarity of ECFPs,true
DB00612,DB01297,CC0 1.0,0.6724,Dice similarity of ECFPs,true
DB01193,DB01580,CC0 1.0,0.5593,Dice similarity of ECFPs,true
DB01193,DB01580,CC0 1.0,0.5593,Dice similarity of ECFPs,true
DB01112,DB01413,CC0 1.0,0.5799,Dice similarity of ECFPs,true
DB01112,DB01413,CC0 1.0,0.5799,Dice similarity of ECFPs,true
DB01333,DB01326,CC0 1.0,0.549,Dice similarity of ECFPs,true
DB01333,DB01326,CC0 1.0,0.549,Dice similarity of ECFPs,true
DB00149,DB00156,CC0 1.0,0.5854,Dice similarity of ECFPs,true
DB00149,DB00156,CC0 1.0,0.5854,Dice similarity of ECFPs,true
DB00632,DB00464,CC0 1.0,0.65,Dice similarity of ECFPs,true
DB00632,DB00464,CC0 1.0,0.65,Dice similarity of ECFPs,true
DB00565,DB00732,CC0 1.0,0.875,Dice similarity of ECFPs,true
DB00565,DB00732,CC0 1.0,0.875,Dice similarity of ECFPs,true
DB00318,DB01452,CC0 1.0,0.7626,Dice similarity of ECFPs,true
DB00318,DB01452,CC0 1.0,0.7626,Dice similarity of ECFPs,true
DB01615,DB01608,CC0 1.0,0.5429,Dice similarity of ECFPs,true
DB01615,DB01608,CC0 1.0,0.5429,Dice similarity of ECFPs,true
DB01206,DB00262,CC0 1.0,0.5676,Dice similarity of ECFPs,true
DB01206,DB00262,CC0 1.0,0.5676,Dice similarity of ECFPs,true
DB01013,DB00620,CC0 1.0,0.7453,Dice similarity of ECFPs,true
DB01013,DB00620,CC0 1.0,0.7453,Dice similarity of ECFPs,true
DB01326,DB00578,CC0 1.0,0.5478,Dice similarity of ECFPs,true
DB01326,DB00578,CC0 1.0,0.5478,Dice similarity of ECFPs,true
DB00527,DB01233,CC0 1.0,0.592,Dice similarity of ECFPs,true
DB00527,DB01233,CC0 1.0,0.592,Dice similarity of ECFPs,true
DB00777,DB00420,CC0 1.0,0.64,Dice similarity of ECFPs,true
DB00777,DB00420,CC0 1.0,0.64,Dice similarity of ECFPs,true
DB00850,DB01621,CC0 1.0,0.7176,Dice similarity of ECFPs,true
DB00850,DB01621,CC0 1.0,0.7176,Dice similarity of ECFPs,true
DB01339,DB01338,CC0 1.0,0.7672,Dice similarity of ECFPs,true
DB01339,DB01338,CC0 1.0,0.7672,Dice similarity of ECFPs,true
DB01012,DB00932,CC0 1.0,0.5131,Dice similarity of ECFPs,true
DB01012,DB00932,CC0 1.0,0.5131,Dice similarity of ECFPs,true
DB00647,DB00925,CC0 1.0,0.5954,Dice similarity of ECFPs,true
DB00647,DB00925,CC0 1.0,0.5954,Dice similarity of ECFPs,true
DB08890,DB04894,CC0 1.0,0.5238,Dice similarity of ECFPs,true
DB08890,DB04894,CC0 1.0,0.5238,Dice similarity of ECFPs,true
DB01053,DB00319,CC0 1.0,0.6708,Dice similarity of ECFPs,true
DB01053,DB00319,CC0 1.0,0.6708,Dice similarity of ECFPs,true
DB00664,DB00263,CC0 1.0,0.6471,Dice similarity of ECFPs,true
DB00664,DB00263,CC0 1.0,0.6471,Dice similarity of ECFPs,true
DB00710,DB00282,CC0 1.0,0.6582,Dice similarity of ECFPs,true
DB00710,DB00282,CC0 1.0,0.6582,Dice similarity of ECFPs,true
DB00497,DB01183,CC0 1.0,0.7519,Dice similarity of ECFPs,true
DB00497,DB01183,CC0 1.0,0.7519,Dice similarity of ECFPs,true
DB00286,DB00783,CC0 1.0,0.619,Dice similarity of ECFPs,true
DB00286,DB00783,CC0 1.0,0.619,Dice similarity of ECFPs,true
DB01012,DB00571,CC0 1.0,0.5156,Dice similarity of ECFPs,true
DB01012,DB00571,CC0 1.0,0.5156,Dice similarity of ECFPs,true
DB00865,DB00726,CC0 1.0,0.5217,Dice similarity of ECFPs,true
DB00865,DB00726,CC0 1.0,0.5217,Dice similarity of ECFPs,true
DB00664,DB00891,CC0 1.0,0.6931,Dice similarity of ECFPs,true
DB00664,DB00891,CC0 1.0,0.6931,Dice similarity of ECFPs,true
DB01080,DB00130,CC0 1.0,0.5,Dice similarity of ECFPs,true
DB01080,DB00130,CC0 1.0,0.5,Dice similarity of ECFPs,true
DB00797,DB01576,CC0 1.0,0.5625,Dice similarity of ECFPs,true
DB00797,DB01576,CC0 1.0,0.5625,Dice similarity of ECFPs,true
DB01150,DB01328,CC0 1.0,0.5497,Dice similarity of ECFPs,true
DB01150,DB01328,CC0 1.0,0.5497,Dice similarity of ECFPs,true
DB01384,DB00223,CC0 1.0,0.8026,Dice similarity of ECFPs,true
DB01384,DB00223,CC0 1.0,0.8026,Dice similarity of ECFPs,true
DB01114,DB01242,CC0 1.0,0.5299,Dice similarity of ECFPs,true
DB01114,DB01242,CC0 1.0,0.5299,Dice similarity of ECFPs,true
DB00704,DB00327,CC0 1.0,0.6565,Dice similarity of ECFPs,true
DB00704,DB00327,CC0 1.0,0.6565,Dice similarity of ECFPs,true
DB00560,DB00256,CC0 1.0,0.56,Dice similarity of ECFPs,true
DB00560,DB00256,CC0 1.0,0.56,Dice similarity of ECFPs,true
DB01265,DB00495,CC0 1.0,0.8163,Dice similarity of ECFPs,true
DB01265,DB00495,CC0 1.0,0.8163,Dice similarity of ECFPs,true
DB01551,DB00327,CC0 1.0,0.6992,Dice similarity of ECFPs,true
DB01551,DB00327,CC0 1.0,0.6992,Dice similarity of ECFPs,true
DB00415,DB01602,CC0 1.0,0.7895,Dice similarity of ECFPs,true
DB00415,DB01602,CC0 1.0,0.7895,Dice similarity of ECFPs,true
DB00690,DB01242,CC0 1.0,0.5468,Dice similarity of ECFPs,true
DB00690,DB01242,CC0 1.0,0.5468,Dice similarity of ECFPs,true
DB00479,DB01082,CC0 1.0,0.5352,Dice similarity of ECFPs,true
DB00479,DB01082,CC0 1.0,0.5352,Dice similarity of ECFPs,true
DB01397,DB00564,CC0 1.0,0.5,Dice similarity of ECFPs,true
DB01397,DB00564,CC0 1.0,0.5,Dice similarity of ECFPs,true
DB06144,DB01100,CC0 1.0,0.5185,Dice similarity of ECFPs,true
DB06144,DB01100,CC0 1.0,0.5185,Dice similarity of ECFPs,true
DB01114,DB01173,CC0 1.0,0.5405,Dice similarity of ECFPs,true
DB01114,DB01173,CC0 1.0,0.5405,Dice similarity of ECFPs,true
DB00647,DB00366,CC0 1.0,0.5827,Dice similarity of ECFPs,true
DB00647,DB00366,CC0 1.0,0.5827,Dice similarity of ECFPs,true
DB08979,DB00708,CC0 1.0,0.5075,Dice similarity of ECFPs,true
DB08979,DB00708,CC0 1.0,0.5075,Dice similarity of ECFPs,true
DB04920,DB00381,CC0 1.0,0.6709,Dice similarity of ECFPs,true
DB04920,DB00381,CC0 1.0,0.6709,Dice similarity of ECFPs,true
DB00694,DB00445,CC0 1.0,0.9378,Dice similarity of ECFPs,true
DB00694,DB00445,CC0 1.0,0.9378,Dice similarity of ECFPs,true
DB01069,DB01075,CC0 1.0,0.5179,Dice similarity of ECFPs,true
DB01069,DB01075,CC0 1.0,0.5179,Dice similarity of ECFPs,true
DB01621,DB01624,CC0 1.0,0.5529,Dice similarity of ECFPs,true
DB01621,DB01624,CC0 1.0,0.5529,Dice similarity of ECFPs,true
DB01255,DB00722,CC0 1.0,0.5522,Dice similarity of ECFPs,true
DB01255,DB00722,CC0 1.0,0.5522,Dice similarity of ECFPs,true
DB09015,DB00769,CC0 1.0,0.503,Dice similarity of ECFPs,true
DB09015,DB00769,CC0 1.0,0.503,Dice similarity of ECFPs,true
DB01342,DB00796,CC0 1.0,0.5455,Dice similarity of ECFPs,true
DB01342,DB00796,CC0 1.0,0.5455,Dice similarity of ECFPs,true
DB00186,DB00690,CC0 1.0,0.5333,Dice similarity of ECFPs,true
DB00186,DB00690,CC0 1.0,0.5333,Dice similarity of ECFPs,true
DB00160,DB00149,CC0 1.0,0.6286,Dice similarity of ECFPs,true
DB00160,DB00149,CC0 1.0,0.6286,Dice similarity of ECFPs,true
DB00768,DB01239,CC0 1.0,0.6565,Dice similarity of ECFPs,true
DB00768,DB01239,CC0 1.0,0.6565,Dice similarity of ECFPs,true
DB00764,DB00240,CC0 1.0,0.68,Dice similarity of ECFPs,true
DB00764,DB00240,CC0 1.0,0.68,Dice similarity of ECFPs,true
DB00504,DB00854,CC0 1.0,0.8448,Dice similarity of ECFPs,true
DB00504,DB00854,CC0 1.0,0.8448,Dice similarity of ECFPs,true
DB00541,DB04877,CC0 1.0,0.5316,Dice similarity of ECFPs,true
DB00541,DB04877,CC0 1.0,0.5316,Dice similarity of ECFPs,true
DB01212,DB00671,CC0 1.0,0.6851,Dice similarity of ECFPs,true
DB01212,DB00671,CC0 1.0,0.6851,Dice similarity of ECFPs,true
DB00743,DB00789,CC0 1.0,0.859,Dice similarity of ECFPs,true
DB00743,DB00789,CC0 1.0,0.859,Dice similarity of ECFPs,true
DB01222,DB00288,CC0 1.0,0.5591,Dice similarity of ECFPs,true
DB01222,DB00288,CC0 1.0,0.5591,Dice similarity of ECFPs,true
DB01622,DB01624,CC0 1.0,0.5732,Dice similarity of ECFPs,true
DB01622,DB01624,CC0 1.0,0.5732,Dice similarity of ECFPs,true
DB00543,DB01624,CC0 1.0,0.5,Dice similarity of ECFPs,true
DB00543,DB01624,CC0 1.0,0.5,Dice similarity of ECFPs,true
DB00934,DB08998,CC0 1.0,0.5161,Dice similarity of ECFPs,true
DB00934,DB08998,CC0 1.0,0.5161,Dice similarity of ECFPs,true
DB01176,DB00408,CC0 1.0,0.5238,Dice similarity of ECFPs,true
DB01176,DB00408,CC0 1.0,0.5238,Dice similarity of ECFPs,true
DB00635,DB00990,CC0 1.0,0.5909,Dice similarity of ECFPs,true
DB00635,DB00990,CC0 1.0,0.5909,Dice similarity of ECFPs,true
DB06689,DB00548,CC0 1.0,0.5149,Dice similarity of ECFPs,true
DB06689,DB00548,CC0 1.0,0.5149,Dice similarity of ECFPs,true
DB00794,DB00832,CC0 1.0,0.5238,Dice similarity of ECFPs,true
DB00794,DB00832,CC0 1.0,0.5238,Dice similarity of ECFPs,true
DB01406,DB01420,CC0 1.0,0.5248,Dice similarity of ECFPs,true
DB01406,DB01420,CC0 1.0,0.5248,Dice similarity of ECFPs,true
DB01282,DB08890,CC0 1.0,0.5021,Dice similarity of ECFPs,true
DB01282,DB08890,CC0 1.0,0.5021,Dice similarity of ECFPs,true
DB08970,DB00741,CC0 1.0,0.5479,Dice similarity of ECFPs,true
DB08970,DB00741,CC0 1.0,0.5479,Dice similarity of ECFPs,true
DB00662,DB01113,CC0 1.0,0.5101,Dice similarity of ECFPs,true
DB00662,DB01113,CC0 1.0,0.5101,Dice similarity of ECFPs,true
DB00861,DB00244,CC0 1.0,0.5897,Dice similarity of ECFPs,true
DB00861,DB00244,CC0 1.0,0.5897,Dice similarity of ECFPs,true
DB01116,DB00676,CC0 1.0,0.5323,Dice similarity of ECFPs,true
DB01116,DB00676,CC0 1.0,0.5323,Dice similarity of ECFPs,true
DB08808,DB01407,CC0 1.0,0.5652,Dice similarity of ECFPs,true
DB08808,DB01407,CC0 1.0,0.5652,Dice similarity of ECFPs,true
DB01342,DB00678,CC0 1.0,0.6854,Dice similarity of ECFPs,true
DB01342,DB00678,CC0 1.0,0.6854,Dice similarity of ECFPs,true
DB01227,DB04837,CC0 1.0,0.5625,Dice similarity of ECFPs,true
DB01227,DB04837,CC0 1.0,0.5625,Dice similarity of ECFPs,true
DB01130,DB00873,CC0 1.0,0.7176,Dice similarity of ECFPs,true
DB01130,DB00873,CC0 1.0,0.7176,Dice similarity of ECFPs,true
DB00093,DB06663,CC0 1.0,0.564,Dice similarity of ECFPs,true
DB00093,DB06663,CC0 1.0,0.564,Dice similarity of ECFPs,true
DB00589,DB00353,CC0 1.0,0.7606,Dice similarity of ECFPs,true
DB00589,DB00353,CC0 1.0,0.7606,Dice similarity of ECFPs,true
DB00349,DB01567,CC0 1.0,0.6441,Dice similarity of ECFPs,true
DB00349,DB01567,CC0 1.0,0.6441,Dice similarity of ECFPs,true
DB00865,DB01069,CC0 1.0,0.5505,Dice similarity of ECFPs,true
DB00865,DB01069,CC0 1.0,0.5505,Dice similarity of ECFPs,true
DB01222,DB01384,CC0 1.0,0.6708,Dice similarity of ECFPs,true
DB01222,DB01384,CC0 1.0,0.6708,Dice similarity of ECFPs,true
DB01328,DB01333,CC0 1.0,0.5031,Dice similarity of ECFPs,true
DB01328,DB01333,CC0 1.0,0.5031,Dice similarity of ECFPs,true
DB01582,DB00891,CC0 1.0,0.64,Dice similarity of ECFPs,true
DB01582,DB00891,CC0 1.0,0.64,Dice similarity of ECFPs,true
DB00908,DB01346,CC0 1.0,0.7459,Dice similarity of ECFPs,true
DB00908,DB01346,CC0 1.0,0.7459,Dice similarity of ECFPs,true
DB08801,DB00748,CC0 1.0,0.6,Dice similarity of ECFPs,true
DB08801,DB00748,CC0 1.0,0.6,Dice similarity of ECFPs,true
DB00964,DB00575,CC0 1.0,0.7561,Dice similarity of ECFPs,true
DB00964,DB00575,CC0 1.0,0.7561,Dice similarity of ECFPs,true
DB01151,DB00289,CC0 1.0,0.5439,Dice similarity of ECFPs,true
DB01151,DB00289,CC0 1.0,0.5439,Dice similarity of ECFPs,true
DB00220,DB01232,CC0 1.0,0.696,Dice similarity of ECFPs,true
DB00220,DB01232,CC0 1.0,0.696,Dice similarity of ECFPs,true
DB00954,DB00207,CC0 1.0,0.8179,Dice similarity of ECFPs,true
DB00954,DB00207,CC0 1.0,0.8179,Dice similarity of ECFPs,true
DB00498,DB00192,CC0 1.0,0.5088,Dice similarity of ECFPs,true
DB00498,DB00192,CC0 1.0,0.5088,Dice similarity of ECFPs,true
DB01330,DB01329,CC0 1.0,0.5388,Dice similarity of ECFPs,true
DB01330,DB01329,CC0 1.0,0.5388,Dice similarity of ECFPs,true
DB08924,DB01626,CC0 1.0,0.5067,Dice similarity of ECFPs,true
DB08924,DB01626,CC0 1.0,0.5067,Dice similarity of ECFPs,true
DB01298,DB00359,CC0 1.0,0.6408,Dice similarity of ECFPs,true
DB01298,DB00359,CC0 1.0,0.6408,Dice similarity of ECFPs,true
DB00823,DB00396,CC0 1.0,0.507,Dice similarity of ECFPs,true
DB00823,DB00396,CC0 1.0,0.507,Dice similarity of ECFPs,true
DB09002,DB00481,CC0 1.0,0.503,Dice similarity of ECFPs,true
DB09002,DB00481,CC0 1.0,0.503,Dice similarity of ECFPs,true
DB00621,DB01431,CC0 1.0,0.5,Dice similarity of ECFPs,true
DB00621,DB01431,CC0 1.0,0.5,Dice similarity of ECFPs,true
DB00598,DB00573,CC0 1.0,0.5085,Dice similarity of ECFPs,true
DB00598,DB00573,CC0 1.0,0.5085,Dice similarity of ECFPs,true
DB00771,DB01625,CC0 1.0,0.5342,Dice similarity of ECFPs,true
DB00771,DB01625,CC0 1.0,0.5342,Dice similarity of ECFPs,true
DB04575,DB00286,CC0 1.0,0.585,Dice similarity of ECFPs,true
DB04575,DB00286,CC0 1.0,0.585,Dice similarity of ECFPs,true
DB00161,DB00133,CC0 1.0,0.5,Dice similarity of ECFPs,true
DB00161,DB00133,CC0 1.0,0.5,Dice similarity of ECFPs,true
DB01165,DB00487,CC0 1.0,0.7101,Dice similarity of ECFPs,true
DB01165,DB00487,CC0 1.0,0.7101,Dice similarity of ECFPs,true
DB01615,DB01403,CC0 1.0,0.7597,Dice similarity of ECFPs,true
DB01615,DB01403,CC0 1.0,0.7597,Dice similarity of ECFPs,true
DB00608,DB00527,CC0 1.0,0.5263,Dice similarity of ECFPs,true
DB00608,DB00527,CC0 1.0,0.5263,Dice similarity of ECFPs,true
DB09002,DB00748,CC0 1.0,0.592,Dice similarity of ECFPs,true
DB09002,DB00748,CC0 1.0,0.592,Dice similarity of ECFPs,true
DB00120,DB00914,CC0 1.0,0.5333,Dice similarity of ECFPs,true
DB00120,DB00914,CC0 1.0,0.5333,Dice similarity of ECFPs,true
DB00190,DB00968,CC0 1.0,0.8193,Dice similarity of ECFPs,true
DB00190,DB00968,CC0 1.0,0.8193,Dice similarity of ECFPs,true
DB00434,DB00363,CC0 1.0,0.5152,Dice similarity of ECFPs,true
DB00434,DB00363,CC0 1.0,0.5152,Dice similarity of ECFPs,true
DB00306,DB01352,CC0 1.0,0.8642,Dice similarity of ECFPs,true
DB00306,DB01352,CC0 1.0,0.8642,Dice similarity of ECFPs,true
DB01242,DB01622,CC0 1.0,0.5405,Dice similarity of ECFPs,true
DB01242,DB01622,CC0 1.0,0.5405,Dice similarity of ECFPs,true
DB00299,DB01610,CC0 1.0,0.6271,Dice similarity of ECFPs,true
DB00299,DB01610,CC0 1.0,0.6271,Dice similarity of ECFPs,true
DB01331,DB00274,CC0 1.0,0.5875,Dice similarity of ECFPs,true
DB01331,DB00274,CC0 1.0,0.5875,Dice similarity of ECFPs,true
DB00865,DB01625,CC0 1.0,0.5528,Dice similarity of ECFPs,true
DB00865,DB01625,CC0 1.0,0.5528,Dice similarity of ECFPs,true
DB00664,DB00576,CC0 1.0,0.68,Dice similarity of ECFPs,true
DB00664,DB00576,CC0 1.0,0.68,Dice similarity of ECFPs,true
DB01501,DB00836,CC0 1.0,0.6947,Dice similarity of ECFPs,true
DB01501,DB00836,CC0 1.0,0.6947,Dice similarity of ECFPs,true
DB00560,DB00618,CC0 1.0,0.6289,Dice similarity of ECFPs,true
DB00560,DB00618,CC0 1.0,0.6289,Dice similarity of ECFPs,true
DB01224,DB01063,CC0 1.0,0.5854,Dice similarity of ECFPs,true
DB01224,DB01063,CC0 1.0,0.5854,Dice similarity of ECFPs,true
DB01410,DB00288,CC0 1.0,0.6316,Dice similarity of ECFPs,true
DB01410,DB00288,CC0 1.0,0.6316,Dice similarity of ECFPs,true
DB00453,DB00618,CC0 1.0,0.7614,Dice similarity of ECFPs,true
DB00453,DB00618,CC0 1.0,0.7614,Dice similarity of ECFPs,true
DB00902,DB01403,CC0 1.0,0.5512,Dice similarity of ECFPs,true
DB00902,DB01403,CC0 1.0,0.5512,Dice similarity of ECFPs,true
DB00288,DB06781,CC0 1.0,0.6497,Dice similarity of ECFPs,true
DB00288,DB06781,CC0 1.0,0.6497,Dice similarity of ECFPs,true
DB00146,DB02300,CC0 1.0,0.6503,Dice similarity of ECFPs,true
DB00146,DB02300,CC0 1.0,0.6503,Dice similarity of ECFPs,true
DB00626,DB01111,CC0 1.0,0.5412,Dice similarity of ECFPs,true
DB00626,DB01111,CC0 1.0,0.5412,Dice similarity of ECFPs,true
DB00663,DB00547,CC0 1.0,0.5939,Dice similarity of ECFPs,true
DB00663,DB00547,CC0 1.0,0.5939,Dice similarity of ECFPs,true
DB00656,DB01622,CC0 1.0,0.5217,Dice similarity of ECFPs,true
DB00656,DB01622,CC0 1.0,0.5217,Dice similarity of ECFPs,true
DB00438,DB00833,CC0 1.0,0.5119,Dice similarity of ECFPs,true
DB00438,DB00833,CC0 1.0,0.5119,Dice similarity of ECFPs,true
DB00921,DB00844,CC0 1.0,0.6667,Dice similarity of ECFPs,true
DB00921,DB00844,CC0 1.0,0.6667,Dice similarity of ECFPs,true
DB00782,DB01625,CC0 1.0,0.6438,Dice similarity of ECFPs,true
DB00782,DB01625,CC0 1.0,0.6438,Dice similarity of ECFPs,true
DB01544,DB01545,CC0 1.0,0.5672,Dice similarity of ECFPs,true
DB01544,DB01545,CC0 1.0,0.5672,Dice similarity of ECFPs,true
DB00989,DB06204,CC0 1.0,0.5275,Dice similarity of ECFPs,true
DB00989,DB06204,CC0 1.0,0.5275,Dice similarity of ECFPs,true
DB01435,DB01424,CC0 1.0,0.7059,Dice similarity of ECFPs,true
DB01435,DB01424,CC0 1.0,0.7059,Dice similarity of ECFPs,true
DB09015,DB06710,CC0 1.0,0.6074,Dice similarity of ECFPs,true
DB09015,DB06710,CC0 1.0,0.6074,Dice similarity of ECFPs,true
DB00417,DB00833,CC0 1.0,0.5303,Dice similarity of ECFPs,true
DB00417,DB00833,CC0 1.0,0.5303,Dice similarity of ECFPs,true
DB00014,DB00403,CC0 1.0,0.6667,Dice similarity of ECFPs,true
DB00014,DB00403,CC0 1.0,0.6667,Dice similarity of ECFPs,true
DB00473,DB00422,CC0 1.0,0.5577,Dice similarity of ECFPs,true
DB00473,DB00422,CC0 1.0,0.5577,Dice similarity of ECFPs,true
DB00640,DB00928,CC0 1.0,0.7273,Dice similarity of ECFPs,true
DB00640,DB00928,CC0 1.0,0.7273,Dice similarity of ECFPs,true
DB00149,DB00230,CC0 1.0,0.64,Dice similarity of ECFPs,true
DB00149,DB00230,CC0 1.0,0.64,Dice similarity of ECFPs,true
DB00612,DB00856,CC0 1.0,0.5,Dice similarity of ECFPs,true
DB00612,DB00856,CC0 1.0,0.5,Dice similarity of ECFPs,true
DB00035,DB08890,CC0 1.0,0.5383,Dice similarity of ECFPs,true
DB00035,DB08890,CC0 1.0,0.5383,Dice similarity of ECFPs,true
DB00120,DB06218,CC0 1.0,0.5301,Dice similarity of ECFPs,true
DB00120,DB06218,CC0 1.0,0.5301,Dice similarity of ECFPs,true
DB01588,DB00231,CC0 1.0,0.72,Dice similarity of ECFPs,true
DB01588,DB00231,CC0 1.0,0.72,Dice similarity of ECFPs,true
DB01073,DB00811,CC0 1.0,0.5045,Dice similarity of ECFPs,true
DB01073,DB00811,CC0 1.0,0.5045,Dice similarity of ECFPs,true
DB01021,DB00232,CC0 1.0,0.7115,Dice similarity of ECFPs,true
DB01021,DB00232,CC0 1.0,0.7115,Dice similarity of ECFPs,true
DB01050,DB00335,CC0 1.0,0.5217,Dice similarity of ECFPs,true
DB01050,DB00335,CC0 1.0,0.5217,Dice similarity of ECFPs,true
DB00679,DB01623,CC0 1.0,0.519,Dice similarity of ECFPs,true
DB00679,DB01623,CC0 1.0,0.519,Dice similarity of ECFPs,true
DB00764,DB01260,CC0 1.0,0.5987,Dice similarity of ECFPs,true
DB00764,DB01260,CC0 1.0,0.5987,Dice similarity of ECFPs,true
DB01587,DB00546,CC0 1.0,0.5103,Dice similarity of ECFPs,true
DB01587,DB00546,CC0 1.0,0.5103,Dice similarity of ECFPs,true
DB00187,DB00335,CC0 1.0,0.8182,Dice similarity of ECFPs,true
DB00187,DB00335,CC0 1.0,0.8182,Dice similarity of ECFPs,true
DB00611,DB00514,CC0 1.0,0.5039,Dice similarity of ECFPs,true
DB00611,DB00514,CC0 1.0,0.5039,Dice similarity of ECFPs,true
DB01234,DB01047,CC0 1.0,0.6036,Dice similarity of ECFPs,true
DB01234,DB01047,CC0 1.0,0.6036,Dice similarity of ECFPs,true
DB01295,DB00571,CC0 1.0,0.512,Dice similarity of ECFPs,true
DB01295,DB00571,CC0 1.0,0.512,Dice similarity of ECFPs,true
DB00332,DB00422,CC0 1.0,0.5085,Dice similarity of ECFPs,true
DB00332,DB00422,CC0 1.0,0.5085,Dice similarity of ECFPs,true
DB00992,DB00855,CC0 1.0,0.7347,Dice similarity of ECFPs,true
DB00992,DB00855,CC0 1.0,0.7347,Dice similarity of ECFPs,true
DB01088,DB00905,CC0 1.0,0.5109,Dice similarity of ECFPs,true
DB01088,DB00905,CC0 1.0,0.5109,Dice similarity of ECFPs,true
DB01328,DB00267,CC0 1.0,0.6032,Dice similarity of ECFPs,true
DB01328,DB00267,CC0 1.0,0.6032,Dice similarity of ECFPs,true
DB00842,DB00546,CC0 1.0,0.5891,Dice similarity of ECFPs,true
DB00842,DB00546,CC0 1.0,0.5891,Dice similarity of ECFPs,true
DB01013,DB01130,CC0 1.0,0.6044,Dice similarity of ECFPs,true
DB01013,DB01130,CC0 1.0,0.6044,Dice similarity of ECFPs,true
DB01015,DB00259,CC0 1.0,0.6316,Dice similarity of ECFPs,true
DB01015,DB00259,CC0 1.0,0.6316,Dice similarity of ECFPs,true
DB01185,DB00378,CC0 1.0,0.5116,Dice similarity of ECFPs,true
DB01185,DB00378,CC0 1.0,0.5116,Dice similarity of ECFPs,true
DB00456,DB00689,CC0 1.0,0.7651,Dice similarity of ECFPs,true
DB00456,DB00689,CC0 1.0,0.7651,Dice similarity of ECFPs,true
DB01208,DB00537,CC0 1.0,0.5352,Dice similarity of ECFPs,true
DB01208,DB00537,CC0 1.0,0.5352,Dice similarity of ECFPs,true
DB01208,DB01165,CC0 1.0,0.517,Dice similarity of ECFPs,true
DB01208,DB01165,CC0 1.0,0.517,Dice similarity of ECFPs,true
DB00986,DB00219,CC0 1.0,0.6815,Dice similarity of ECFPs,true
DB00986,DB00219,CC0 1.0,0.6815,Dice similarity of ECFPs,true
DB00642,DB00563,CC0 1.0,0.6328,Dice similarity of ECFPs,true
DB00642,DB00563,CC0 1.0,0.6328,Dice similarity of ECFPs,true
DB01015,DB01298,CC0 1.0,0.7059,Dice similarity of ECFPs,true
DB01015,DB01298,CC0 1.0,0.7059,Dice similarity of ECFPs,true
DB01587,DB00404,CC0 1.0,0.5401,Dice similarity of ECFPs,true
DB01587,DB00404,CC0 1.0,0.5401,Dice similarity of ECFPs,true
DB00634,DB00672,CC0 1.0,0.6506,Dice similarity of ECFPs,true
DB00634,DB00672,CC0 1.0,0.6506,Dice similarity of ECFPs,true
DB00987,DB00928,CC0 1.0,0.8043,Dice similarity of ECFPs,true
DB00987,DB00928,CC0 1.0,0.8043,Dice similarity of ECFPs,true
DB00493,DB01066,CC0 1.0,0.7586,Dice similarity of ECFPs,true
DB00493,DB01066,CC0 1.0,0.7586,Dice similarity of ECFPs,true
DB01364,DB01576,CC0 1.0,0.5574,Dice similarity of ECFPs,true
DB01364,DB01576,CC0 1.0,0.5574,Dice similarity of ECFPs,true
DB06623,DB04953,CC0 1.0,0.8387,Dice similarity of ECFPs,true
DB06623,DB04953,CC0 1.0,0.8387,Dice similarity of ECFPs,true
DB08815,DB00246,CC0 1.0,0.5514,Dice similarity of ECFPs,true
DB08815,DB00246,CC0 1.0,0.5514,Dice similarity of ECFPs,true
DB00244,DB06262,CC0 1.0,0.5588,Dice similarity of ECFPs,true
DB00244,DB06262,CC0 1.0,0.5588,Dice similarity of ECFPs,true
DB00492,DB00584,CC0 1.0,0.5543,Dice similarity of ECFPs,true
DB00492,DB00584,CC0 1.0,0.5543,Dice similarity of ECFPs,true
DB01231,DB04843,CC0 1.0,0.6043,Dice similarity of ECFPs,true
DB01231,DB04843,CC0 1.0,0.6043,Dice similarity of ECFPs,true
DB01000,DB01060,CC0 1.0,0.6202,Dice similarity of ECFPs,true
DB01000,DB01060,CC0 1.0,0.6202,Dice similarity of ECFPs,true
DB08990,DB01146,CC0 1.0,0.5616,Dice similarity of ECFPs,true
DB08990,DB01146,CC0 1.0,0.5616,Dice similarity of ECFPs,true
DB01013,DB00288,CC0 1.0,0.6989,Dice similarity of ECFPs,true
DB01013,DB00288,CC0 1.0,0.6989,Dice similarity of ECFPs,true
DB00479,DB01172,CC0 1.0,0.8513,Dice similarity of ECFPs,true
DB00479,DB01172,CC0 1.0,0.8513,Dice similarity of ECFPs,true
DB01265,DB00552,CC0 1.0,0.56,Dice similarity of ECFPs,true
DB01265,DB00552,CC0 1.0,0.56,Dice similarity of ECFPs,true
DB06707,DB00397,CC0 1.0,0.5938,Dice similarity of ECFPs,true
DB06707,DB00397,CC0 1.0,0.5938,Dice similarity of ECFPs,true
DB00405,DB00748,CC0 1.0,0.7387,Dice similarity of ECFPs,true
DB00405,DB00748,CC0 1.0,0.7387,Dice similarity of ECFPs,true
DB01452,DB01466,CC0 1.0,0.7465,Dice similarity of ECFPs,true
DB01452,DB01466,CC0 1.0,0.7465,Dice similarity of ECFPs,true
DB08905,DB00655,CC0 1.0,0.6271,Dice similarity of ECFPs,true
DB08905,DB00655,CC0 1.0,0.6271,Dice similarity of ECFPs,true
DB04837,DB00257,CC0 1.0,0.5692,Dice similarity of ECFPs,true
DB04837,DB00257,CC0 1.0,0.5692,Dice similarity of ECFPs,true
DB00598,DB08893,CC0 1.0,0.5405,Dice similarity of ECFPs,true
DB00598,DB08893,CC0 1.0,0.5405,Dice similarity of ECFPs,true
DB00769,DB00624,CC0 1.0,0.5789,Dice similarity of ECFPs,true
DB00769,DB00624,CC0 1.0,0.5789,Dice similarity of ECFPs,true
DB01037,DB00937,CC0 1.0,0.525,Dice similarity of ECFPs,true
DB01037,DB00937,CC0 1.0,0.525,Dice similarity of ECFPs,true
DB06691,DB01403,CC0 1.0,0.512,Dice similarity of ECFPs,true
DB06691,DB01403,CC0 1.0,0.512,Dice similarity of ECFPs,true
DB00341,DB00354,CC0 1.0,0.7066,Dice similarity of ECFPs,true
DB00341,DB00354,CC0 1.0,0.7066,Dice similarity of ECFPs,true
DB00120,DB00676,CC0 1.0,0.525,Dice similarity of ECFPs,true
DB00120,DB00676,CC0 1.0,0.525,Dice similarity of ECFPs,true
DB00476,DB00289,CC0 1.0,0.6838,Dice similarity of ECFPs,true
DB00476,DB00289,CC0 1.0,0.6838,Dice similarity of ECFPs,true
DB01411,DB04938,CC0 1.0,0.5081,Dice similarity of ECFPs,true
DB01411,DB04938,CC0 1.0,0.5081,Dice similarity of ECFPs,true
DB08604,DB06803,CC0 1.0,0.5577,Dice similarity of ECFPs,true
DB08604,DB06803,CC0 1.0,0.5577,Dice similarity of ECFPs,true
DB01193,DB01214,CC0 1.0,0.5854,Dice similarity of ECFPs,true
DB01193,DB01214,CC0 1.0,0.5854,Dice similarity of ECFPs,true
DB00388,DB01064,CC0 1.0,0.5753,Dice similarity of ECFPs,true
DB00388,DB01064,CC0 1.0,0.5753,Dice similarity of ECFPs,true
DB00946,DB00573,CC0 1.0,0.5225,Dice similarity of ECFPs,true
DB00946,DB00573,CC0 1.0,0.5225,Dice similarity of ECFPs,true
DB09002,DB04890,CC0 1.0,0.6027,Dice similarity of ECFPs,true
DB09002,DB04890,CC0 1.0,0.6027,Dice similarity of ECFPs,true
DB00334,DB00408,CC0 1.0,0.7023,Dice similarity of ECFPs,true
DB00334,DB00408,CC0 1.0,0.7023,Dice similarity of ECFPs,true
DB08795,DB00301,CC0 1.0,0.6053,Dice similarity of ECFPs,true
DB08795,DB00301,CC0 1.0,0.6053,Dice similarity of ECFPs,true
DB01289,DB01251,CC0 1.0,0.5445,Dice similarity of ECFPs,true
DB01289,DB01251,CC0 1.0,0.5445,Dice similarity of ECFPs,true
DB04868,DB08901,CC0 1.0,0.5135,Dice similarity of ECFPs,true
DB04868,DB08901,CC0 1.0,0.5135,Dice similarity of ECFPs,true
DB00168,DB01252,CC0 1.0,0.5041,Dice similarity of ECFPs,true
DB00168,DB01252,CC0 1.0,0.5041,Dice similarity of ECFPs,true
DB01580,DB00960,CC0 1.0,0.6731,Dice similarity of ECFPs,true
DB01580,DB00960,CC0 1.0,0.6731,Dice similarity of ECFPs,true
DB00442,DB00787,CC0 1.0,0.6,Dice similarity of ECFPs,true
DB00442,DB00787,CC0 1.0,0.6,Dice similarity of ECFPs,true
DB00789,DB00326,CC0 1.0,0.5209,Dice similarity of ECFPs,true
DB00789,DB00326,CC0 1.0,0.5209,Dice similarity of ECFPs,true
DB00349,DB01435,CC0 1.0,0.551,Dice similarity of ECFPs,true
DB00349,DB01435,CC0 1.0,0.551,Dice similarity of ECFPs,true
DB00295,DB00704,CC0 1.0,0.5038,Dice similarity of ECFPs,true
DB00295,DB00704,CC0 1.0,0.5038,Dice similarity of ECFPs,true
DB01232,DB00212,CC0 1.0,0.5308,Dice similarity of ECFPs,true
DB01232,DB00212,CC0 1.0,0.5308,Dice similarity of ECFPs,true
DB08795,DB01604,CC0 1.0,0.6879,Dice similarity of ECFPs,true
DB08795,DB01604,CC0 1.0,0.6879,Dice similarity of ECFPs,true
DB00649,DB00322,CC0 1.0,0.5556,Dice similarity of ECFPs,true
DB00649,DB00322,CC0 1.0,0.5556,Dice similarity of ECFPs,true
DB00256,DB00254,CC0 1.0,0.6131,Dice similarity of ECFPs,true
DB00256,DB00254,CC0 1.0,0.6131,Dice similarity of ECFPs,true
DB01227,DB00777,CC0 1.0,0.5036,Dice similarity of ECFPs,true
DB01227,DB00777,CC0 1.0,0.5036,Dice similarity of ECFPs,true
DB00607,DB08795,CC0 1.0,0.6755,Dice similarity of ECFPs,true
DB00607,DB08795,CC0 1.0,0.6755,Dice similarity of ECFPs,true
DB00289,DB01146,CC0 1.0,0.5299,Dice similarity of ECFPs,true
DB00289,DB01146,CC0 1.0,0.5299,Dice similarity of ECFPs,true
DB01399,DB01398,CC0 1.0,0.5366,Dice similarity of ECFPs,true
DB01399,DB01398,CC0 1.0,0.5366,Dice similarity of ECFPs,true
DB01332,DB00355,CC0 1.0,0.5493,Dice similarity of ECFPs,true
DB01332,DB00355,CC0 1.0,0.5493,Dice similarity of ECFPs,true
DB08971,DB00896,CC0 1.0,0.6164,Dice similarity of ECFPs,true
DB08971,DB00896,CC0 1.0,0.6164,Dice similarity of ECFPs,true
DB00675,DB01075,CC0 1.0,0.6029,Dice similarity of ECFPs,true
DB00675,DB01075,CC0 1.0,0.6029,Dice similarity of ECFPs,true
DB00812,DB00252,CC0 1.0,0.562,Dice similarity of ECFPs,true
DB00812,DB00252,CC0 1.0,0.562,Dice similarity of ECFPs,true
DB00317,DB08916,CC0 1.0,0.6417,Dice similarity of ECFPs,true
DB00317,DB08916,CC0 1.0,0.6417,Dice similarity of ECFPs,true
DB00829,DB00408,CC0 1.0,0.5484,Dice similarity of ECFPs,true
DB00829,DB00408,CC0 1.0,0.5484,Dice similarity of ECFPs,true
DB00623,DB00875,CC0 1.0,0.6628,Dice similarity of ECFPs,true
DB00623,DB00875,CC0 1.0,0.6628,Dice similarity of ECFPs,true
DB01037,DB01626,CC0 1.0,0.7671,Dice similarity of ECFPs,true
DB01037,DB01626,CC0 1.0,0.7671,Dice similarity of ECFPs,true
DB00776,DB08996,CC0 1.0,0.5,Dice similarity of ECFPs,true
DB00776,DB08996,CC0 1.0,0.5,Dice similarity of ECFPs,true
DB01620,DB00979,CC0 1.0,0.5045,Dice similarity of ECFPs,true
DB01620,DB00979,CC0 1.0,0.5045,Dice similarity of ECFPs,true
DB00623,DB09000,CC0 1.0,0.5166,Dice similarity of ECFPs,true
DB00623,DB09000,CC0 1.0,0.5166,Dice similarity of ECFPs,true
DB00678,DB00966,CC0 1.0,0.5327,Dice similarity of ECFPs,true
DB00678,DB00966,CC0 1.0,0.5327,Dice similarity of ECFPs,true
DB01161,DB00892,CC0 1.0,0.6727,Dice similarity of ECFPs,true
DB01161,DB00892,CC0 1.0,0.6727,Dice similarity of ECFPs,true
DB00656,DB00433,CC0 1.0,0.604,Dice similarity of ECFPs,true
DB00656,DB00433,CC0 1.0,0.604,Dice similarity of ECFPs,true
DB09003,DB01242,CC0 1.0,0.6543,Dice similarity of ECFPs,true
DB09003,DB01242,CC0 1.0,0.6543,Dice similarity of ECFPs,true
DB01073,DB01280,CC0 1.0,0.6992,Dice similarity of ECFPs,true
DB01073,DB01280,CC0 1.0,0.6992,Dice similarity of ECFPs,true
DB00345,DB00500,CC0 1.0,0.5111,Dice similarity of ECFPs,true
DB00345,DB00500,CC0 1.0,0.5111,Dice similarity of ECFPs,true
DB00283,DB08936,CC0 1.0,0.5692,Dice similarity of ECFPs,true
DB00283,DB08936,CC0 1.0,0.5692,Dice similarity of ECFPs,true
DB08983,DB01393,CC0 1.0,0.6331,Dice similarity of ECFPs,true
DB08983,DB01393,CC0 1.0,0.6331,Dice similarity of ECFPs,true
DB00902,DB08996,CC0 1.0,0.5161,Dice similarity of ECFPs,true
DB00902,DB08996,CC0 1.0,0.5161,Dice similarity of ECFPs,true
DB01078,DB01092,CC0 1.0,0.5627,Dice similarity of ECFPs,true
DB01078,DB01092,CC0 1.0,0.5627,Dice similarity of ECFPs,true
DB01053,DB01061,CC0 1.0,0.702,Dice similarity of ECFPs,true
DB01053,DB01061,CC0 1.0,0.702,Dice similarity of ECFPs,true
DB08906,DB01047,CC0 1.0,0.6872,Dice similarity of ECFPs,true
DB08906,DB01047,CC0 1.0,0.6872,Dice similarity of ECFPs,true
DB00267,DB06590,CC0 1.0,0.5094,Dice similarity of ECFPs,true
DB00267,DB06590,CC0 1.0,0.5094,Dice similarity of ECFPs,true
DB00881,DB01429,CC0 1.0,0.5125,Dice similarity of ECFPs,true
DB00881,DB01429,CC0 1.0,0.5125,Dice similarity of ECFPs,true
DB01173,DB01142,CC0 1.0,0.5593,Dice similarity of ECFPs,true
DB01173,DB01142,CC0 1.0,0.5593,Dice similarity of ECFPs,true
DB00626,DB00803,CC0 1.0,0.6245,Dice similarity of ECFPs,true
DB00626,DB00803,CC0 1.0,0.6245,Dice similarity of ECFPs,true
DB06689,DB06811,CC0 1.0,0.6429,Dice similarity of ECFPs,true
DB06689,DB06811,CC0 1.0,0.6429,Dice similarity of ECFPs,true
DB00392,DB00726,CC0 1.0,0.6349,Dice similarity of ECFPs,true
DB00392,DB00726,CC0 1.0,0.6349,Dice similarity of ECFPs,true
DB01328,DB01140,CC0 1.0,0.5697,Dice similarity of ECFPs,true
DB01328,DB01140,CC0 1.0,0.5697,Dice similarity of ECFPs,true
DB01009,DB00788,CC0 1.0,0.56,Dice similarity of ECFPs,true
DB01009,DB00788,CC0 1.0,0.56,Dice similarity of ECFPs,true
DB01610,DB00787,CC0 1.0,0.6726,Dice similarity of ECFPs,true
DB01610,DB00787,CC0 1.0,0.6726,Dice similarity of ECFPs,true
DB01007,DB00639,CC0 1.0,0.5942,Dice similarity of ECFPs,true
DB01007,DB00639,CC0 1.0,0.5942,Dice similarity of ECFPs,true
DB00924,DB01173,CC0 1.0,0.5763,Dice similarity of ECFPs,true
DB00924,DB01173,CC0 1.0,0.5763,Dice similarity of ECFPs,true
DB06729,DB01298,CC0 1.0,0.6102,Dice similarity of ECFPs,true
DB06729,DB01298,CC0 1.0,0.6102,Dice similarity of ECFPs,true
DB00186,DB00404,CC0 1.0,0.5203,Dice similarity of ECFPs,true
DB00186,DB00404,CC0 1.0,0.5203,Dice similarity of ECFPs,true
DB00151,DB00859,CC0 1.0,0.5263,Dice similarity of ECFPs,true
DB00151,DB00859,CC0 1.0,0.5263,Dice similarity of ECFPs,true
DB01255,DB00123,CC0 1.0,0.5316,Dice similarity of ECFPs,true
DB01255,DB00123,CC0 1.0,0.5316,Dice similarity of ECFPs,true
DB00433,DB00670,CC0 1.0,0.5676,Dice similarity of ECFPs,true
DB00433,DB00670,CC0 1.0,0.5676,Dice similarity of ECFPs,true
DB01073,DB00131,CC0 1.0,0.8438,Dice similarity of ECFPs,true
DB01073,DB00131,CC0 1.0,0.8438,Dice similarity of ECFPs,true
DB01246,DB01621,CC0 1.0,0.5298,Dice similarity of ECFPs,true
DB01246,DB01621,CC0 1.0,0.5298,Dice similarity of ECFPs,true
DB00628,DB01594,CC0 1.0,0.5455,Dice similarity of ECFPs,true
DB00628,DB01594,CC0 1.0,0.5455,Dice similarity of ECFPs,true
DB00647,DB01075,CC0 1.0,0.608,Dice similarity of ECFPs,true
DB00647,DB01075,CC0 1.0,0.608,Dice similarity of ECFPs,true
DB00209,DB08897,CC0 1.0,0.5165,Dice similarity of ECFPs,true
DB00209,DB08897,CC0 1.0,0.5165,Dice similarity of ECFPs,true
DB00521,DB01210,CC0 1.0,0.8103,Dice similarity of ECFPs,true
DB00521,DB01210,CC0 1.0,0.8103,Dice similarity of ECFPs,true
DB06770,DB03255,CC0 1.0,0.6977,Dice similarity of ECFPs,true
DB06770,DB03255,CC0 1.0,0.6977,Dice similarity of ECFPs,true
DB02959,DB00279,CC0 1.0,0.5094,Dice similarity of ECFPs,true
DB02959,DB00279,CC0 1.0,0.5094,Dice similarity of ECFPs,true
DB00881,DB00647,CC0 1.0,0.5,Dice similarity of ECFPs,true
DB00881,DB00647,CC0 1.0,0.5,Dice similarity of ECFPs,true
DB00865,DB01246,CC0 1.0,0.5357,Dice similarity of ECFPs,true
DB00865,DB01246,CC0 1.0,0.5357,Dice similarity of ECFPs,true
DB01173,DB00735,CC0 1.0,0.5082,Dice similarity of ECFPs,true
DB01173,DB00735,CC0 1.0,0.5082,Dice similarity of ECFPs,true
DB00933,DB00392,CC0 1.0,0.5362,Dice similarity of ECFPs,true
DB00933,DB00392,CC0 1.0,0.5362,Dice similarity of ECFPs,true
DB01086,DB00259,CC0 1.0,0.5484,Dice similarity of ECFPs,true
DB01086,DB00259,CC0 1.0,0.5484,Dice similarity of ECFPs,true
DB00180,DB00873,CC0 1.0,0.5696,Dice similarity of ECFPs,true
DB00180,DB00873,CC0 1.0,0.5696,Dice similarity of ECFPs,true
DB00669,DB00315,CC0 1.0,0.713,Dice similarity of ECFPs,true
DB00669,DB00315,CC0 1.0,0.713,Dice similarity of ECFPs,true
DB08906,DB00394,CC0 1.0,0.5657,Dice similarity of ECFPs,true
DB08906,DB00394,CC0 1.0,0.5657,Dice similarity of ECFPs,true
DB00128,DB00130,CC0 1.0,0.6383,Dice similarity of ECFPs,true
DB00128,DB00130,CC0 1.0,0.6383,Dice similarity of ECFPs,true
DB00829,DB00712,CC0 1.0,0.5421,Dice similarity of ECFPs,true
DB00829,DB00712,CC0 1.0,0.5421,Dice similarity of ECFPs,true
DB00666,DB00183,CC0 1.0,0.5381,Dice similarity of ECFPs,true
DB00666,DB00183,CC0 1.0,0.5381,Dice similarity of ECFPs,true
DB01201,DB00615,CC0 1.0,0.7181,Dice similarity of ECFPs,true
DB01201,DB00615,CC0 1.0,0.7181,Dice similarity of ECFPs,true
DB00337,DB00877,CC0 1.0,0.6261,Dice similarity of ECFPs,true
DB00337,DB00877,CC0 1.0,0.6261,Dice similarity of ECFPs,true
DB08905,DB00286,CC0 1.0,0.5538,Dice similarity of ECFPs,true
DB08905,DB00286,CC0 1.0,0.5538,Dice similarity of ECFPs,true
DB00119,DB00258,CC0 1.0,0.5161,Dice similarity of ECFPs,true
DB00119,DB00258,CC0 1.0,0.5161,Dice similarity of ECFPs,true
DB08795,DB01602,CC0 1.0,0.6835,Dice similarity of ECFPs,true
DB08795,DB01602,CC0 1.0,0.6835,Dice similarity of ECFPs,true
DB01042,DB00135,CC0 1.0,0.6667,Dice similarity of ECFPs,true
DB01042,DB00135,CC0 1.0,0.6667,Dice similarity of ECFPs,true
DB08943,DB01007,CC0 1.0,0.8029,Dice similarity of ECFPs,true
DB08943,DB01007,CC0 1.0,0.8029,Dice similarity of ECFPs,true
DB00187,DB01580,CC0 1.0,0.5946,Dice similarity of ECFPs,true
DB00187,DB01580,CC0 1.0,0.5946,Dice similarity of ECFPs,true
DB01588,DB01587,CC0 1.0,0.5324,Dice similarity of ECFPs,true
DB01588,DB01587,CC0 1.0,0.5324,Dice similarity of ECFPs,true
DB06590,DB01066,CC0 1.0,0.5094,Dice similarity of ECFPs,true
DB06590,DB01066,CC0 1.0,0.5094,Dice similarity of ECFPs,true
DB06594,DB00461,CC0 1.0,0.6667,Dice similarity of ECFPs,true
DB06594,DB00461,CC0 1.0,0.6667,Dice similarity of ECFPs,true
DB00361,DB00309,CC0 1.0,0.7707,Dice similarity of ECFPs,true
DB00361,DB00309,CC0 1.0,0.7707,Dice similarity of ECFPs,true
DB00187,DB00866,CC0 1.0,0.5926,Dice similarity of ECFPs,true
DB00187,DB00866,CC0 1.0,0.5926,Dice similarity of ECFPs,true
DB01212,DB01327,CC0 1.0,0.5635,Dice similarity of ECFPs,true
DB01212,DB01327,CC0 1.0,0.5635,Dice similarity of ECFPs,true
DB00436,DB00999,CC0 1.0,0.5085,Dice similarity of ECFPs,true
DB00436,DB00999,CC0 1.0,0.5085,Dice similarity of ECFPs,true
DB00220,DB01252,CC0 1.0,0.5056,Dice similarity of ECFPs,true
DB00220,DB01252,CC0 1.0,0.5056,Dice similarity of ECFPs,true
DB00946,DB00252,CC0 1.0,0.5043,Dice similarity of ECFPs,true
DB00946,DB00252,CC0 1.0,0.5043,Dice similarity of ECFPs,true
DB00650,DB00563,CC0 1.0,0.5838,Dice similarity of ECFPs,true
DB00650,DB00563,CC0 1.0,0.5838,Dice similarity of ECFPs,true
DB01039,DB00636,CC0 1.0,0.6486,Dice similarity of ECFPs,true
DB01039,DB00636,CC0 1.0,0.6486,Dice similarity of ECFPs,true
DB01222,DB00223,CC0 1.0,0.5399,Dice similarity of ECFPs,true
DB01222,DB00223,CC0 1.0,0.5399,Dice similarity of ECFPs,true
DB01193,DB00866,CC0 1.0,0.5739,Dice similarity of ECFPs,true
DB01193,DB00866,CC0 1.0,0.5739,Dice similarity of ECFPs,true
DB01076,DB08860,CC0 1.0,0.505,Dice similarity of ECFPs,true
DB01076,DB08860,CC0 1.0,0.505,Dice similarity of ECFPs,true
DB01414,DB01333,CC0 1.0,0.5469,Dice similarity of ECFPs,true
DB01414,DB01333,CC0 1.0,0.5469,Dice similarity of ECFPs,true
DB00351,DB01380,CC0 1.0,0.5882,Dice similarity of ECFPs,true
DB00351,DB01380,CC0 1.0,0.5882,Dice similarity of ECFPs,true
DB00459,DB00523,CC0 1.0,0.6504,Dice similarity of ECFPs,true
DB00459,DB00523,CC0 1.0,0.6504,Dice similarity of ECFPs,true
DB00666,DB00035,CC0 1.0,0.5347,Dice similarity of ECFPs,true
DB00666,DB00035,CC0 1.0,0.5347,Dice similarity of ECFPs,true
DB00548,DB00770,CC0 1.0,0.5,Dice similarity of ECFPs,true
DB00548,DB00770,CC0 1.0,0.5,Dice similarity of ECFPs,true
DB00771,DB01433,CC0 1.0,0.5442,Dice similarity of ECFPs,true
DB00771,DB01433,CC0 1.0,0.5442,Dice similarity of ECFPs,true
DB00567,DB00319,CC0 1.0,0.5488,Dice similarity of ECFPs,true
DB00567,DB00319,CC0 1.0,0.5488,Dice similarity of ECFPs,true
DB06795,DB00634,CC0 1.0,0.5507,Dice similarity of ECFPs,true
DB06795,DB00634,CC0 1.0,0.5507,Dice similarity of ECFPs,true
DB09002,DB08796,CC0 1.0,0.5563,Dice similarity of ECFPs,true
DB09002,DB08796,CC0 1.0,0.5563,Dice similarity of ECFPs,true
DB00620,DB06781,CC0 1.0,0.593,Dice similarity of ECFPs,true
DB00620,DB06781,CC0 1.0,0.593,Dice similarity of ECFPs,true
DB00600,DB08799,CC0 1.0,0.5,Dice similarity of ECFPs,true
DB00600,DB08799,CC0 1.0,0.5,Dice similarity of ECFPs,true
DB00647,DB00539,CC0 1.0,0.5065,Dice similarity of ECFPs,true
DB00647,DB00539,CC0 1.0,0.5065,Dice similarity of ECFPs,true
DB00434,DB06148,CC0 1.0,0.5484,Dice similarity of ECFPs,true
DB00434,DB06148,CC0 1.0,0.5484,Dice similarity of ECFPs,true
DB00632,DB00815,CC0 1.0,0.5517,Dice similarity of ECFPs,true
DB00632,DB00815,CC0 1.0,0.5517,Dice similarity of ECFPs,true
DB00591,DB00663,CC0 1.0,0.7303,Dice similarity of ECFPs,true
DB00591,DB00663,CC0 1.0,0.7303,Dice similarity of ECFPs,true
DB00543,DB00231,CC0 1.0,0.5,Dice similarity of ECFPs,true
DB00543,DB00231,CC0 1.0,0.5,Dice similarity of ECFPs,true
DB01053,DB01607,CC0 1.0,0.6769,Dice similarity of ECFPs,true
DB01053,DB01607,CC0 1.0,0.6769,Dice similarity of ECFPs,true
DB00324,DB00687,CC0 1.0,0.6207,Dice similarity of ECFPs,true
DB00324,DB00687,CC0 1.0,0.6207,Dice similarity of ECFPs,true
DB01067,DB00839,CC0 1.0,0.5442,Dice similarity of ECFPs,true
DB01067,DB00839,CC0 1.0,0.5442,Dice similarity of ECFPs,true
DB00543,DB00408,CC0 1.0,0.8485,Dice similarity of ECFPs,true
DB00543,DB00408,CC0 1.0,0.8485,Dice similarity of ECFPs,true
DB00619,DB00737,CC0 1.0,0.5053,Dice similarity of ECFPs,true
DB00619,DB00737,CC0 1.0,0.5053,Dice similarity of ECFPs,true
DB01124,DB00839,CC0 1.0,0.6481,Dice similarity of ECFPs,true
DB01124,DB00839,CC0 1.0,0.6481,Dice similarity of ECFPs,true
DB00502,DB00836,CC0 1.0,0.655,Dice similarity of ECFPs,true
DB00502,DB00836,CC0 1.0,0.655,Dice similarity of ECFPs,true
DB00712,DB01428,CC0 1.0,0.5714,Dice similarity of ECFPs,true
DB00712,DB01428,CC0 1.0,0.5714,Dice similarity of ECFPs,true
DB01212,DB01415,CC0 1.0,0.5665,Dice similarity of ECFPs,true
DB01212,DB01415,CC0 1.0,0.5665,Dice similarity of ECFPs,true
DB00984,DB08866,CC0 1.0,0.5487,Dice similarity of ECFPs,true
DB00984,DB08866,CC0 1.0,0.5487,Dice similarity of ECFPs,true
DB08808,DB01241,CC0 1.0,0.5625,Dice similarity of ECFPs,true
DB08808,DB01241,CC0 1.0,0.5625,Dice similarity of ECFPs,true
DB00596,DB06781,CC0 1.0,0.7459,Dice similarity of ECFPs,true
DB00596,DB06781,CC0 1.0,0.7459,Dice similarity of ECFPs,true
DB00366,DB00792,CC0 1.0,0.6786,Dice similarity of ECFPs,true
DB00366,DB00792,CC0 1.0,0.6786,Dice similarity of ECFPs,true
DB01070,DB00136,CC0 1.0,0.5802,Dice similarity of ECFPs,true
DB01070,DB00136,CC0 1.0,0.5802,Dice similarity of ECFPs,true
DB00713,DB00319,CC0 1.0,0.64,Dice similarity of ECFPs,true
DB00713,DB00319,CC0 1.0,0.64,Dice similarity of ECFPs,true
DB00421,DB00687,CC0 1.0,0.5325,Dice similarity of ECFPs,true
DB00421,DB00687,CC0 1.0,0.5325,Dice similarity of ECFPs,true
DB06710,DB01108,CC0 1.0,0.5,Dice similarity of ECFPs,true
DB06710,DB01108,CC0 1.0,0.5,Dice similarity of ECFPs,true
DB01414,DB00535,CC0 1.0,0.5263,Dice similarity of ECFPs,true
DB01414,DB00535,CC0 1.0,0.5263,Dice similarity of ECFPs,true
DB06771,DB01059,CC0 1.0,0.5217,Dice similarity of ECFPs,true
DB06771,DB01059,CC0 1.0,0.5217,Dice similarity of ECFPs,true
DB01176,DB00946,CC0 1.0,0.5042,Dice similarity of ECFPs,true
DB01176,DB00946,CC0 1.0,0.5042,Dice similarity of ECFPs,true
DB00453,DB00254,CC0 1.0,0.6364,Dice similarity of ECFPs,true
DB00453,DB00254,CC0 1.0,0.6364,Dice similarity of ECFPs,true
DB00430,DB00274,CC0 1.0,0.52,Dice similarity of ECFPs,true
DB00430,DB00274,CC0 1.0,0.52,Dice similarity of ECFPs,true
DB01413,DB01415,CC0 1.0,0.5521,Dice similarity of ECFPs,true
DB01413,DB01415,CC0 1.0,0.5521,Dice similarity of ECFPs,true
DB06689,DB00154,CC0 1.0,0.7287,Dice similarity of ECFPs,true
DB06689,DB00154,CC0 1.0,0.7287,Dice similarity of ECFPs,true
DB01181,DB00531,CC0 1.0,0.5385,Dice similarity of ECFPs,true
DB01181,DB00531,CC0 1.0,0.5385,Dice similarity of ECFPs,true
DB01068,DB01595,CC0 1.0,0.8525,Dice similarity of ECFPs,true
DB01068,DB01595,CC0 1.0,0.8525,Dice similarity of ECFPs,true
DB01421,DB00684,CC0 1.0,0.7035,Dice similarity of ECFPs,true
DB01421,DB00684,CC0 1.0,0.7035,Dice similarity of ECFPs,true
DB01582,DB00263,CC0 1.0,0.7327,Dice similarity of ECFPs,true
DB01582,DB00263,CC0 1.0,0.7327,Dice similarity of ECFPs,true
DB00776,DB01619,CC0 1.0,0.5133,Dice similarity of ECFPs,true
DB00776,DB01619,CC0 1.0,0.5133,Dice similarity of ECFPs,true
DB01582,DB00259,CC0 1.0,0.5926,Dice similarity of ECFPs,true
DB01582,DB00259,CC0 1.0,0.5926,Dice similarity of ECFPs,true
DB00541,DB00570,CC0 1.0,0.955,Dice similarity of ECFPs,true
DB00541,DB00570,CC0 1.0,0.955,Dice similarity of ECFPs,true
DB01114,DB09020,CC0 1.0,0.5038,Dice similarity of ECFPs,true
DB01114,DB09020,CC0 1.0,0.5038,Dice similarity of ECFPs,true
DB01223,DB00277,CC0 1.0,0.614,Dice similarity of ECFPs,true
DB01223,DB00277,CC0 1.0,0.614,Dice similarity of ECFPs,true
DB00362,DB01141,CC0 1.0,0.8316,Dice similarity of ECFPs,true
DB00362,DB01141,CC0 1.0,0.8316,Dice similarity of ECFPs,true
DB01382,DB00891,CC0 1.0,0.5185,Dice similarity of ECFPs,true
DB01382,DB00891,CC0 1.0,0.5185,Dice similarity of ECFPs,true
DB00493,DB00671,CC0 1.0,0.7805,Dice similarity of ECFPs,true
DB00493,DB00671,CC0 1.0,0.7805,Dice similarity of ECFPs,true
DB01222,DB00591,CC0 1.0,0.6047,Dice similarity of ECFPs,true
DB01222,DB00591,CC0 1.0,0.6047,Dice similarity of ECFPs,true
DB00405,DB00366,CC0 1.0,0.5586,Dice similarity of ECFPs,true
DB00405,DB00366,CC0 1.0,0.5586,Dice similarity of ECFPs,true
DB00881,DB00790,CC0 1.0,0.5342,Dice similarity of ECFPs,true
DB00881,DB00790,CC0 1.0,0.5342,Dice similarity of ECFPs,true
DB00896,DB00741,CC0 1.0,0.5833,Dice similarity of ECFPs,true
DB00896,DB00741,CC0 1.0,0.5833,Dice similarity of ECFPs,true
DB00591,DB00394,CC0 1.0,0.5137,Dice similarity of ECFPs,true
DB00591,DB00394,CC0 1.0,0.5137,Dice similarity of ECFPs,true
DB01224,DB00875,CC0 1.0,0.5301,Dice similarity of ECFPs,true
DB01224,DB00875,CC0 1.0,0.5301,Dice similarity of ECFPs,true
DB00351,DB00421,CC0 1.0,0.5806,Dice similarity of ECFPs,true
DB00351,DB00421,CC0 1.0,0.5806,Dice similarity of ECFPs,true
DB00986,DB00383,CC0 1.0,0.6861,Dice similarity of ECFPs,true
DB00986,DB00383,CC0 1.0,0.6861,Dice similarity of ECFPs,true
DB04552,DB08984,CC0 1.0,0.6563,Dice similarity of ECFPs,true
DB04552,DB08984,CC0 1.0,0.6563,Dice similarity of ECFPs,true
DB00244,DB01398,CC0 1.0,0.5172,Dice similarity of ECFPs,true
DB00244,DB01398,CC0 1.0,0.5172,Dice similarity of ECFPs,true
DB00713,DB01060,CC0 1.0,0.6528,Dice similarity of ECFPs,true
DB00713,DB01060,CC0 1.0,0.6528,Dice similarity of ECFPs,true
DB00443,DB00838,CC0 1.0,0.6133,Dice similarity of ECFPs,true
DB00443,DB00838,CC0 1.0,0.6133,Dice similarity of ECFPs,true
DB01582,DB08798,CC0 1.0,0.7525,Dice similarity of ECFPs,true
DB01582,DB08798,CC0 1.0,0.7525,Dice similarity of ECFPs,true
DB01224,DB00557,CC0 1.0,0.6538,Dice similarity of ECFPs,true
DB01224,DB00557,CC0 1.0,0.6538,Dice similarity of ECFPs,true
DB08797,DB01398,CC0 1.0,0.7857,Dice similarity of ECFPs,true
DB08797,DB01398,CC0 1.0,0.7857,Dice similarity of ECFPs,true
DB00349,DB00812,CC0 1.0,0.512,Dice similarity of ECFPs,true
DB00349,DB00812,CC0 1.0,0.512,Dice similarity of ECFPs,true
DB01262,DB00987,CC0 1.0,0.5778,Dice similarity of ECFPs,true
DB01262,DB00987,CC0 1.0,0.5778,Dice similarity of ECFPs,true
DB00925,DB08941,CC0 1.0,0.5366,Dice similarity of ECFPs,true
DB00925,DB08941,CC0 1.0,0.5366,Dice similarity of ECFPs,true
DB00656,DB01063,CC0 1.0,0.525,Dice similarity of ECFPs,true
DB00656,DB01063,CC0 1.0,0.525,Dice similarity of ECFPs,true
DB01297,DB00571,CC0 1.0,0.6226,Dice similarity of ECFPs,true
DB01297,DB00571,CC0 1.0,0.6226,Dice similarity of ECFPs,true
DB09017,DB00404,CC0 1.0,0.6772,Dice similarity of ECFPs,true
DB09017,DB00404,CC0 1.0,0.6772,Dice similarity of ECFPs,true
DB00621,DB01406,CC0 1.0,0.5303,Dice similarity of ECFPs,true
DB00621,DB01406,CC0 1.0,0.5303,Dice similarity of ECFPs,true
DB00713,DB01061,CC0 1.0,0.6545,Dice similarity of ECFPs,true
DB00713,DB01061,CC0 1.0,0.6545,Dice similarity of ECFPs,true
DB00433,DB00679,CC0 1.0,0.6712,Dice similarity of ECFPs,true
DB00433,DB00679,CC0 1.0,0.6712,Dice similarity of ECFPs,true
DB00777,DB00392,CC0 1.0,0.7077,Dice similarity of ECFPs,true
DB00777,DB00392,CC0 1.0,0.7077,Dice similarity of ECFPs,true
DB01042,DB01235,CC0 1.0,0.5393,Dice similarity of ECFPs,true
DB01042,DB01235,CC0 1.0,0.5393,Dice similarity of ECFPs,true
DB00780,DB00397,CC0 1.0,0.5085,Dice similarity of ECFPs,true
DB00780,DB00397,CC0 1.0,0.5085,Dice similarity of ECFPs,true
DB01063,DB01071,CC0 1.0,0.5359,Dice similarity of ECFPs,true
DB01063,DB01071,CC0 1.0,0.5359,Dice similarity of ECFPs,true
DB01061,DB00578,CC0 1.0,0.7848,Dice similarity of ECFPs,true
DB01061,DB00578,CC0 1.0,0.7848,Dice similarity of ECFPs,true
DB00768,DB01614,CC0 1.0,0.5147,Dice similarity of ECFPs,true
DB00768,DB01614,CC0 1.0,0.5147,Dice similarity of ECFPs,true
DB00956,DB00854,CC0 1.0,0.5254,Dice similarity of ECFPs,true
DB00956,DB00854,CC0 1.0,0.5254,Dice similarity of ECFPs,true
DB00644,DB02638,CC0 1.0,0.5424,Dice similarity of ECFPs,true
DB00644,DB02638,CC0 1.0,0.5424,Dice similarity of ECFPs,true
DB01224,DB01071,CC0 1.0,0.5369,Dice similarity of ECFPs,true
DB01224,DB01071,CC0 1.0,0.5369,Dice similarity of ECFPs,true
DB00120,DB01576,CC0 1.0,0.7541,Dice similarity of ECFPs,true
DB00120,DB01576,CC0 1.0,0.7541,Dice similarity of ECFPs,true
DB01622,DB00680,CC0 1.0,0.5814,Dice similarity of ECFPs,true
DB01622,DB00680,CC0 1.0,0.5814,Dice similarity of ECFPs,true
DB00742,DB00326,CC0 1.0,0.566,Dice similarity of ECFPs,true
DB00742,DB00326,CC0 1.0,0.566,Dice similarity of ECFPs,true
DB00367,DB01431,CC0 1.0,0.6094,Dice similarity of ECFPs,true
DB00367,DB01431,CC0 1.0,0.6094,Dice similarity of ECFPs,true
DB00788,DB00870,CC0 1.0,0.5567,Dice similarity of ECFPs,true
DB00788,DB00870,CC0 1.0,0.5567,Dice similarity of ECFPs,true
DB00561,DB00680,CC0 1.0,0.5207,Dice similarity of ECFPs,true
DB00561,DB00680,CC0 1.0,0.5207,Dice similarity of ECFPs,true
DB01224,DB00363,CC0 1.0,0.5714,Dice similarity of ECFPs,true
DB01224,DB00363,CC0 1.0,0.5714,Dice similarity of ECFPs,true
DB00899,DB00708,CC0 1.0,0.6536,Dice similarity of ECFPs,true
DB00899,DB00708,CC0 1.0,0.6536,Dice similarity of ECFPs,true
DB04967,DB01118,CC0 1.0,0.5032,Dice similarity of ECFPs,true
DB04967,DB01118,CC0 1.0,0.5032,Dice similarity of ECFPs,true
DB00835,DB01036,CC0 1.0,0.5,Dice similarity of ECFPs,true
DB00835,DB01036,CC0 1.0,0.5,Dice similarity of ECFPs,true
DB00881,DB06274,CC0 1.0,0.5085,Dice similarity of ECFPs,true
DB00881,DB06274,CC0 1.0,0.5085,Dice similarity of ECFPs,true
DB08924,DB00217,CC0 1.0,0.5128,Dice similarity of ECFPs,true
DB08924,DB00217,CC0 1.0,0.5128,Dice similarity of ECFPs,true
DB00543,DB01567,CC0 1.0,0.5161,Dice similarity of ECFPs,true
DB00543,DB01567,CC0 1.0,0.5161,Dice similarity of ECFPs,true
DB01418,DB01595,CC0 1.0,0.5,Dice similarity of ECFPs,true
DB01418,DB01595,CC0 1.0,0.5,Dice similarity of ECFPs,true
DB01009,DB00745,CC0 1.0,0.5421,Dice similarity of ECFPs,true
DB01009,DB00745,CC0 1.0,0.5421,Dice similarity of ECFPs,true
DB01171,DB00502,CC0 1.0,0.5397,Dice similarity of ECFPs,true
DB01171,DB00502,CC0 1.0,0.5397,Dice similarity of ECFPs,true
DB01130,DB01410,CC0 1.0,0.6439,Dice similarity of ECFPs,true
DB01130,DB01410,CC0 1.0,0.6439,Dice similarity of ECFPs,true
DB00557,DB04890,CC0 1.0,0.5714,Dice similarity of ECFPs,true
DB00557,DB04890,CC0 1.0,0.5714,Dice similarity of ECFPs,true
DB08903,DB00735,CC0 1.0,0.5263,Dice similarity of ECFPs,true
DB08903,DB00735,CC0 1.0,0.5263,Dice similarity of ECFPs,true
DB00795,DB00891,CC0 1.0,0.6614,Dice similarity of ECFPs,true
DB00795,DB00891,CC0 1.0,0.6614,Dice similarity of ECFPs,true
DB08903,DB04837,CC0 1.0,0.5309,Dice similarity of ECFPs,true
DB08903,DB04837,CC0 1.0,0.5309,Dice similarity of ECFPs,true
DB00186,DB00231,CC0 1.0,0.661,Dice similarity of ECFPs,true
DB00186,DB00231,CC0 1.0,0.661,Dice similarity of ECFPs,true
DB00363,DB00543,CC0 1.0,0.6667,Dice similarity of ECFPs,true
DB00363,DB00543,CC0 1.0,0.6667,Dice similarity of ECFPs,true
DB01330,DB00229,CC0 1.0,0.5313,Dice similarity of ECFPs,true
DB01330,DB00229,CC0 1.0,0.5313,Dice similarity of ECFPs,true
DB01581,DB00576,CC0 1.0,0.7216,Dice similarity of ECFPs,true
DB01581,DB00576,CC0 1.0,0.7216,Dice similarity of ECFPs,true
DB00881,DB00691,CC0 1.0,0.8211,Dice similarity of ECFPs,true
DB00881,DB00691,CC0 1.0,0.8211,Dice similarity of ECFPs,true
DB00907,DB00424,CC0 1.0,0.5738,Dice similarity of ECFPs,true
DB00907,DB00424,CC0 1.0,0.5738,Dice similarity of ECFPs,true
DB00454,DB05246,CC0 1.0,0.5217,Dice similarity of ECFPs,true
DB00454,DB05246,CC0 1.0,0.5217,Dice similarity of ECFPs,true
DB01004,DB00577,CC0 1.0,0.5133,Dice similarity of ECFPs,true
DB01004,DB00577,CC0 1.0,0.5133,Dice similarity of ECFPs,true
DB01016,DB00391,CC0 1.0,0.5256,Dice similarity of ECFPs,true
DB01016,DB00391,CC0 1.0,0.5256,Dice similarity of ECFPs,true
DB00769,DB01185,CC0 1.0,0.557,Dice similarity of ECFPs,true
DB00769,DB01185,CC0 1.0,0.557,Dice similarity of ECFPs,true
DB00842,DB00231,CC0 1.0,0.8103,Dice similarity of ECFPs,true
DB00842,DB00231,CC0 1.0,0.8103,Dice similarity of ECFPs,true
DB00948,DB01060,CC0 1.0,0.622,Dice similarity of ECFPs,true
DB00948,DB01060,CC0 1.0,0.622,Dice similarity of ECFPs,true
DB01209,DB00652,CC0 1.0,0.5688,Dice similarity of ECFPs,true
DB01209,DB00652,CC0 1.0,0.5688,Dice similarity of ECFPs,true
DB00508,DB00831,CC0 1.0,0.7891,Dice similarity of ECFPs,true
DB00508,DB00831,CC0 1.0,0.7891,Dice similarity of ECFPs,true
DB06718,DB00717,CC0 1.0,0.5077,Dice similarity of ECFPs,true
DB06718,DB00717,CC0 1.0,0.5077,Dice similarity of ECFPs,true
DB00620,DB08906,CC0 1.0,0.5568,Dice similarity of ECFPs,true
DB00620,DB08906,CC0 1.0,0.5568,Dice similarity of ECFPs,true
DB00769,DB00635,CC0 1.0,0.5488,Dice similarity of ECFPs,true
DB00769,DB00635,CC0 1.0,0.5488,Dice similarity of ECFPs,true
DB01136,DB00423,CC0 1.0,0.5185,Dice similarity of ECFPs,true
DB01136,DB00423,CC0 1.0,0.5185,Dice similarity of ECFPs,true
DB00223,DB00288,CC0 1.0,0.5763,Dice similarity of ECFPs,true
DB00223,DB00288,CC0 1.0,0.5763,Dice similarity of ECFPs,true
DB01623,DB00680,CC0 1.0,0.5116,Dice similarity of ECFPs,true
DB01623,DB00680,CC0 1.0,0.5116,Dice similarity of ECFPs,true
DB01365,DB00120,CC0 1.0,0.5455,Dice similarity of ECFPs,true
DB01365,DB00120,CC0 1.0,0.5455,Dice similarity of ECFPs,true
DB00942,DB01062,CC0 1.0,0.5735,Dice similarity of ECFPs,true
DB00942,DB01062,CC0 1.0,0.5735,Dice similarity of ECFPs,true
DB01329,DB00319,CC0 1.0,0.6545,Dice similarity of ECFPs,true
DB01329,DB00319,CC0 1.0,0.6545,Dice similarity of ECFPs,true
DB00949,DB06218,CC0 1.0,0.5155,Dice similarity of ECFPs,true
DB00949,DB06218,CC0 1.0,0.5155,Dice similarity of ECFPs,true
DB00294,DB00304,CC0 1.0,0.8485,Dice similarity of ECFPs,true
DB00294,DB00304,CC0 1.0,0.8485,Dice similarity of ECFPs,true
DB00591,DB00959,CC0 1.0,0.5786,Dice similarity of ECFPs,true
DB00591,DB00959,CC0 1.0,0.5786,Dice similarity of ECFPs,true
DB01587,DB00231,CC0 1.0,0.5758,Dice similarity of ECFPs,true
DB01587,DB00231,CC0 1.0,0.5758,Dice similarity of ECFPs,true
DB01139,DB01331,CC0 1.0,0.5677,Dice similarity of ECFPs,true
DB01139,DB01331,CC0 1.0,0.5677,Dice similarity of ECFPs,true
DB00700,DB01185,CC0 1.0,0.5503,Dice similarity of ECFPs,true
DB00700,DB01185,CC0 1.0,0.5503,Dice similarity of ECFPs,true
DB04794,DB00991,CC0 1.0,0.5147,Dice similarity of ECFPs,true
DB04794,DB00991,CC0 1.0,0.5147,Dice similarity of ECFPs,true
DB06216,DB00543,CC0 1.0,0.5035,Dice similarity of ECFPs,true
DB06216,DB00543,CC0 1.0,0.5035,Dice similarity of ECFPs,true
DB01329,DB01212,CC0 1.0,0.5611,Dice similarity of ECFPs,true
DB01329,DB01212,CC0 1.0,0.5611,Dice similarity of ECFPs,true
DB00263,DB00259,CC0 1.0,0.6154,Dice similarity of ECFPs,true
DB00263,DB00259,CC0 1.0,0.6154,Dice similarity of ECFPs,true
DB00219,DB00376,CC0 1.0,0.5778,Dice similarity of ECFPs,true
DB00219,DB00376,CC0 1.0,0.5778,Dice similarity of ECFPs,true
DB00923,DB00671,CC0 1.0,0.5111,Dice similarity of ECFPs,true
DB00923,DB00671,CC0 1.0,0.5111,Dice similarity of ECFPs,true
DB01326,DB01327,CC0 1.0,0.6391,Dice similarity of ECFPs,true
DB01326,DB01327,CC0 1.0,0.6391,Dice similarity of ECFPs,true
DB00433,DB00363,CC0 1.0,0.6,Dice similarity of ECFPs,true
DB00433,DB00363,CC0 1.0,0.6,Dice similarity of ECFPs,true
DB00180,DB08906,CC0 1.0,0.5189,Dice similarity of ECFPs,true
DB00180,DB08906,CC0 1.0,0.5189,Dice similarity of ECFPs,true
DB01260,DB01130,CC0 1.0,0.6404,Dice similarity of ECFPs,true
DB01260,DB01130,CC0 1.0,0.6404,Dice similarity of ECFPs,true
DB01064,DB00871,CC0 1.0,0.5366,Dice similarity of ECFPs,true
DB01064,DB00871,CC0 1.0,0.5366,Dice similarity of ECFPs,true
DB00424,DB00572,CC0 1.0,1.0,Dice similarity of ECFPs,true
DB00424,DB00572,CC0 1.0,1.0,Dice similarity of ECFPs,true
DB00267,DB01066,CC0 1.0,0.7391,Dice similarity of ECFPs,true
DB00267,DB01066,CC0 1.0,0.7391,Dice similarity of ECFPs,true
DB01114,DB08801,CC0 1.0,0.6154,Dice similarity of ECFPs,true
DB01114,DB08801,CC0 1.0,0.6154,Dice similarity of ECFPs,true
DB06712,DB00401,CC0 1.0,0.6667,Dice similarity of ECFPs,true
DB06712,DB00401,CC0 1.0,0.6667,Dice similarity of ECFPs,true
DB00647,DB01620,CC0 1.0,0.5246,Dice similarity of ECFPs,true
DB00647,DB01620,CC0 1.0,0.5246,Dice similarity of ECFPs,true
DB01330,DB00274,CC0 1.0,0.7333,Dice similarity of ECFPs,true
DB01330,DB00274,CC0 1.0,0.7333,Dice similarity of ECFPs,true
DB00242,DB00194,CC0 1.0,0.6038,Dice similarity of ECFPs,true
DB00242,DB00194,CC0 1.0,0.6038,Dice similarity of ECFPs,true
DB01595,DB00231,CC0 1.0,0.5714,Dice similarity of ECFPs,true
DB01595,DB00231,CC0 1.0,0.5714,Dice similarity of ECFPs,true
DB08801,DB01069,CC0 1.0,0.5167,Dice similarity of ECFPs,true
DB08801,DB01069,CC0 1.0,0.5167,Dice similarity of ECFPs,true
DB01064,DB01102,CC0 1.0,0.5714,Dice similarity of ECFPs,true
DB01064,DB01102,CC0 1.0,0.5714,Dice similarity of ECFPs,true
DB00924,DB00344,CC0 1.0,0.6167,Dice similarity of ECFPs,true
DB00924,DB00344,CC0 1.0,0.6167,Dice similarity of ECFPs,true
DB01053,DB00739,CC0 1.0,0.6618,Dice similarity of ECFPs,true
DB01053,DB00739,CC0 1.0,0.6618,Dice similarity of ECFPs,true
DB01211,DB01321,CC0 1.0,0.5205,Dice similarity of ECFPs,true
DB01211,DB01321,CC0 1.0,0.5205,Dice similarity of ECFPs,true
DB01197,DB00584,CC0 1.0,0.5357,Dice similarity of ECFPs,true
DB01197,DB00584,CC0 1.0,0.5357,Dice similarity of ECFPs,true
DB01193,DB00335,CC0 1.0,0.5812,Dice similarity of ECFPs,true
DB01193,DB00335,CC0 1.0,0.5812,Dice similarity of ECFPs,true
DB01234,DB00588,CC0 1.0,0.6386,Dice similarity of ECFPs,true
DB01234,DB00588,CC0 1.0,0.6386,Dice similarity of ECFPs,true
DB00676,DB01244,CC0 1.0,0.5238,Dice similarity of ECFPs,true
DB00676,DB01244,CC0 1.0,0.5238,Dice similarity of ECFPs,true
DB00415,DB00319,CC0 1.0,0.7239,Dice similarity of ECFPs,true
DB00415,DB00319,CC0 1.0,0.7239,Dice similarity of ECFPs,true
DB00590,DB00843,CC0 1.0,0.5,Dice similarity of ECFPs,true
DB00590,DB00843,CC0 1.0,0.5,Dice similarity of ECFPs,true
DB06689,DB00770,CC0 1.0,0.5333,Dice similarity of ECFPs,true
DB06689,DB00770,CC0 1.0,0.5333,Dice similarity of ECFPs,true
DB01406,DB06713,CC0 1.0,0.518,Dice similarity of ECFPs,true
DB01406,DB06713,CC0 1.0,0.518,Dice similarity of ECFPs,true
DB00860,DB00896,CC0 1.0,0.7639,Dice similarity of ECFPs,true
DB00860,DB00896,CC0 1.0,0.7639,Dice similarity of ECFPs,true
DB00424,DB00979,CC0 1.0,0.5042,Dice similarity of ECFPs,true
DB00424,DB00979,CC0 1.0,0.5042,Dice similarity of ECFPs,true
DB00174,DB00133,CC0 1.0,0.6154,Dice similarity of ECFPs,true
DB00174,DB00133,CC0 1.0,0.6154,Dice similarity of ECFPs,true
DB00598,DB00712,CC0 1.0,0.547,Dice similarity of ECFPs,true
DB00598,DB00712,CC0 1.0,0.547,Dice similarity of ECFPs,true
DB04920,DB00393,CC0 1.0,0.6049,Dice similarity of ECFPs,true
DB04920,DB00393,CC0 1.0,0.6049,Dice similarity of ECFPs,true
DB01384,DB06781,CC0 1.0,0.5233,Dice similarity of ECFPs,true
DB01384,DB06781,CC0 1.0,0.5233,Dice similarity of ECFPs,true
DB00654,DB08819,CC0 1.0,0.7159,Dice similarity of ECFPs,true
DB00654,DB08819,CC0 1.0,0.7159,Dice similarity of ECFPs,true
DB00831,DB00680,CC0 1.0,0.5749,Dice similarity of ECFPs,true
DB00831,DB00680,CC0 1.0,0.5749,Dice similarity of ECFPs,true
DB01227,DB00280,CC0 1.0,0.5674,Dice similarity of ECFPs,true
DB01227,DB00280,CC0 1.0,0.5674,Dice similarity of ECFPs,true
DB01581,DB08798,CC0 1.0,0.7071,Dice similarity of ECFPs,true
DB01581,DB08798,CC0 1.0,0.7071,Dice similarity of ECFPs,true
DB00936,DB00233,CC0 1.0,0.6786,Dice similarity of ECFPs,true
DB00936,DB00233,CC0 1.0,0.6786,Dice similarity of ECFPs,true
DB00601,DB06228,CC0 1.0,0.5828,Dice similarity of ECFPs,true
DB00601,DB06228,CC0 1.0,0.5828,Dice similarity of ECFPs,true
DB01260,DB00687,CC0 1.0,0.5032,Dice similarity of ECFPs,true
DB01260,DB00687,CC0 1.0,0.5032,Dice similarity of ECFPs,true
DB00987,DB00118,CC0 1.0,0.5,Dice similarity of ECFPs,true
DB00987,DB00118,CC0 1.0,0.5,Dice similarity of ECFPs,true
DB01016,DB00549,CC0 1.0,0.5072,Dice similarity of ECFPs,true
DB01016,DB00549,CC0 1.0,0.5072,Dice similarity of ECFPs,true
DB00946,DB01036,CC0 1.0,0.5079,Dice similarity of ECFPs,true
DB00946,DB01036,CC0 1.0,0.5079,Dice similarity of ECFPs,true
DB06147,DB00891,CC0 1.0,0.7527,Dice similarity of ECFPs,true
DB06147,DB00891,CC0 1.0,0.7527,Dice similarity of ECFPs,true
DB00624,DB00603,CC0 1.0,0.563,Dice similarity of ECFPs,true
DB00624,DB00603,CC0 1.0,0.563,Dice similarity of ECFPs,true
DB00624,DB01395,CC0 1.0,0.5588,Dice similarity of ECFPs,true
DB00624,DB01395,CC0 1.0,0.5588,Dice similarity of ECFPs,true
DB01331,DB01330,CC0 1.0,0.5747,Dice similarity of ECFPs,true
DB01331,DB01330,CC0 1.0,0.5747,Dice similarity of ECFPs,true
DB08983,DB00636,CC0 1.0,0.6726,Dice similarity of ECFPs,true
DB08983,DB00636,CC0 1.0,0.6726,Dice similarity of ECFPs,true
DB06802,DB00573,CC0 1.0,0.5,Dice similarity of ECFPs,true
DB06802,DB00573,CC0 1.0,0.5,Dice similarity of ECFPs,true
DB00477,DB04837,CC0 1.0,0.5172,Dice similarity of ECFPs,true
DB00477,DB04837,CC0 1.0,0.5172,Dice similarity of ECFPs,true
DB00417,DB00713,CC0 1.0,0.7413,Dice similarity of ECFPs,true
DB00417,DB00713,CC0 1.0,0.7413,Dice similarity of ECFPs,true
DB01050,DB00712,CC0 1.0,0.5333,Dice similarity of ECFPs,true
DB01050,DB00712,CC0 1.0,0.5333,Dice similarity of ECFPs,true
DB01380,DB00253,CC0 1.0,0.517,Dice similarity of ECFPs,true
DB01380,DB00253,CC0 1.0,0.517,Dice similarity of ECFPs,true
DB08799,DB01075,CC0 1.0,0.5391,Dice similarity of ECFPs,true
DB08799,DB01075,CC0 1.0,0.5391,Dice similarity of ECFPs,true
DB08807,DB00521,CC0 1.0,0.5109,Dice similarity of ECFPs,true
DB08807,DB00521,CC0 1.0,0.5109,Dice similarity of ECFPs,true
DB01623,DB01624,CC0 1.0,0.7439,Dice similarity of ECFPs,true
DB01623,DB01624,CC0 1.0,0.7439,Dice similarity of ECFPs,true
DB03255,DB00397,CC0 1.0,0.6,Dice similarity of ECFPs,true
DB03255,DB00397,CC0 1.0,0.6,Dice similarity of ECFPs,true
DB00504,DB00514,CC0 1.0,0.7227,Dice similarity of ECFPs,true
DB00504,DB00514,CC0 1.0,0.7227,Dice similarity of ECFPs,true
DB01184,DB01149,CC0 1.0,0.5137,Dice similarity of ECFPs,true
DB01184,DB01149,CC0 1.0,0.5137,Dice similarity of ECFPs,true
DB01330,DB01327,CC0 1.0,0.5028,Dice similarity of ECFPs,true
DB01330,DB01327,CC0 1.0,0.5028,Dice similarity of ECFPs,true
DB00186,DB01215,CC0 1.0,0.5124,Dice similarity of ECFPs,true
DB00186,DB01215,CC0 1.0,0.5124,Dice similarity of ECFPs,true
DB01136,DB00571,CC0 1.0,0.5493,Dice similarity of ECFPs,true
DB01136,DB00571,CC0 1.0,0.5493,Dice similarity of ECFPs,true
DB00690,DB01545,CC0 1.0,0.6164,Dice similarity of ECFPs,true
DB00690,DB01545,CC0 1.0,0.6164,Dice similarity of ECFPs,true
DB01155,DB00467,CC0 1.0,0.6383,Dice similarity of ECFPs,true
DB01155,DB00467,CC0 1.0,0.6383,Dice similarity of ECFPs,true
DB00340,DB00420,CC0 1.0,0.5528,Dice similarity of ECFPs,true
DB00340,DB00420,CC0 1.0,0.5528,Dice similarity of ECFPs,true
DB00881,DB00519,CC0 1.0,0.7232,Dice similarity of ECFPs,true
DB00881,DB00519,CC0 1.0,0.7232,Dice similarity of ECFPs,true
DB01222,DB00443,CC0 1.0,0.6087,Dice similarity of ECFPs,true
DB01222,DB00443,CC0 1.0,0.6087,Dice similarity of ECFPs,true
DB00959,DB01234,CC0 1.0,0.6486,Dice similarity of ECFPs,true
DB00959,DB01234,CC0 1.0,0.6486,Dice similarity of ECFPs,true
DB00456,DB01112,CC0 1.0,0.6974,Dice similarity of ECFPs,true
DB00456,DB01112,CC0 1.0,0.6974,Dice similarity of ECFPs,true
DB04842,DB00354,CC0 1.0,0.5131,Dice similarity of ECFPs,true
DB04842,DB00354,CC0 1.0,0.5131,Dice similarity of ECFPs,true
DB01351,DB01154,CC0 1.0,0.5287,Dice similarity of ECFPs,true
DB01351,DB01154,CC0 1.0,0.5287,Dice similarity of ECFPs,true
DB02959,DB00120,CC0 1.0,0.5455,Dice similarity of ECFPs,true
DB02959,DB00120,CC0 1.0,0.5455,Dice similarity of ECFPs,true
DB00240,DB00443,CC0 1.0,0.7333,Dice similarity of ECFPs,true
DB00240,DB00443,CC0 1.0,0.7333,Dice similarity of ECFPs,true
DB00691,DB00178,CC0 1.0,0.6957,Dice similarity of ECFPs,true
DB00691,DB00178,CC0 1.0,0.6957,Dice similarity of ECFPs,true
DB06802,DB00676,CC0 1.0,0.56,Dice similarity of ECFPs,true
DB06802,DB00676,CC0 1.0,0.56,Dice similarity of ECFPs,true
DB00472,DB01173,CC0 1.0,0.5042,Dice similarity of ECFPs,true
DB00472,DB01173,CC0 1.0,0.5042,Dice similarity of ECFPs,true
DB01116,DB01616,CC0 1.0,0.518,Dice similarity of ECFPs,true
DB01116,DB01616,CC0 1.0,0.518,Dice similarity of ECFPs,true
DB01116,DB08799,CC0 1.0,0.5255,Dice similarity of ECFPs,true
DB01116,DB08799,CC0 1.0,0.5255,Dice similarity of ECFPs,true
DB00263,DB06729,CC0 1.0,0.5714,Dice similarity of ECFPs,true
DB00263,DB06729,CC0 1.0,0.5714,Dice similarity of ECFPs,true
DB00456,DB00493,CC0 1.0,0.7143,Dice similarity of ECFPs,true
DB00456,DB00493,CC0 1.0,0.7143,Dice similarity of ECFPs,true
DB01151,DB06148,CC0 1.0,0.5763,Dice similarity of ECFPs,true
DB01151,DB06148,CC0 1.0,0.5763,Dice similarity of ECFPs,true
DB01067,DB01120,CC0 1.0,0.5333,Dice similarity of ECFPs,true
DB01067,DB01120,CC0 1.0,0.5333,Dice similarity of ECFPs,true
DB01224,DB00543,CC0 1.0,0.5103,Dice similarity of ECFPs,true
DB01224,DB00543,CC0 1.0,0.5103,Dice similarity of ECFPs,true
DB00881,DB01340,CC0 1.0,0.6171,Dice similarity of ECFPs,true
DB00881,DB01340,CC0 1.0,0.6171,Dice similarity of ECFPs,true
DB01414,DB01326,CC0 1.0,0.5235,Dice similarity of ECFPs,true
DB01414,DB01326,CC0 1.0,0.5235,Dice similarity of ECFPs,true
DB00924,DB01239,CC0 1.0,0.6777,Dice similarity of ECFPs,true
DB00924,DB01239,CC0 1.0,0.6777,Dice similarity of ECFPs,true
DB00792,DB01429,CC0 1.0,0.512,Dice similarity of ECFPs,true
DB00792,DB01429,CC0 1.0,0.512,Dice similarity of ECFPs,true
DB00477,DB00831,CC0 1.0,0.6429,Dice similarity of ECFPs,true
DB00477,DB00831,CC0 1.0,0.6429,Dice similarity of ECFPs,true
DB01138,DB00257,CC0 1.0,0.5316,Dice similarity of ECFPs,true
DB01138,DB00257,CC0 1.0,0.5316,Dice similarity of ECFPs,true
DB00640,DB06213,CC0 1.0,0.687,Dice similarity of ECFPs,true
DB00640,DB06213,CC0 1.0,0.687,Dice similarity of ECFPs,true
DB06770,DB00397,CC0 1.0,0.566,Dice similarity of ECFPs,true
DB06770,DB00397,CC0 1.0,0.566,Dice similarity of ECFPs,true
DB01416,DB00355,CC0 1.0,0.5333,Dice similarity of ECFPs,true
DB01416,DB00355,CC0 1.0,0.5333,Dice similarity of ECFPs,true
DB00696,DB00589,CC0 1.0,0.5361,Dice similarity of ECFPs,true
DB00696,DB00589,CC0 1.0,0.5361,Dice similarity of ECFPs,true
DB00865,DB00813,CC0 1.0,0.56,Dice similarity of ECFPs,true
DB00865,DB00813,CC0 1.0,0.56,Dice similarity of ECFPs,true
DB00154,DB00159,CC0 1.0,0.6825,Dice similarity of ECFPs,true
DB00154,DB00159,CC0 1.0,0.6825,Dice similarity of ECFPs,true
DB00557,DB00354,CC0 1.0,0.7152,Dice similarity of ECFPs,true
DB00557,DB00354,CC0 1.0,0.7152,Dice similarity of ECFPs,true
DB01191,DB01012,CC0 1.0,0.5641,Dice similarity of ECFPs,true
DB01191,DB01012,CC0 1.0,0.5641,Dice similarity of ECFPs,true
DB01081,DB00561,CC0 1.0,0.5414,Dice similarity of ECFPs,true
DB01081,DB00561,CC0 1.0,0.5414,Dice similarity of ECFPs,true
DB01139,DB01414,CC0 1.0,0.7714,Dice similarity of ECFPs,true
DB01139,DB01414,CC0 1.0,0.7714,Dice similarity of ECFPs,true
DB01224,DB00340,CC0 1.0,0.5241,Dice similarity of ECFPs,true
DB01224,DB00340,CC0 1.0,0.5241,Dice similarity of ECFPs,true
DB00324,DB00873,CC0 1.0,0.6027,Dice similarity of ECFPs,true
DB00324,DB00873,CC0 1.0,0.6027,Dice similarity of ECFPs,true
DB00764,DB00663,CC0 1.0,0.6587,Dice similarity of ECFPs,true
DB00764,DB00663,CC0 1.0,0.6587,Dice similarity of ECFPs,true
DB01174,DB00312,CC0 1.0,0.5393,Dice similarity of ECFPs,true
DB01174,DB00312,CC0 1.0,0.5393,Dice similarity of ECFPs,true
DB01550,DB01482,CC0 1.0,0.5714,Dice similarity of ECFPs,true
DB01550,DB01482,CC0 1.0,0.5714,Dice similarity of ECFPs,true
DB00450,DB01184,CC0 1.0,0.5476,Dice similarity of ECFPs,true
DB00450,DB01184,CC0 1.0,0.5476,Dice similarity of ECFPs,true
DB00959,DB00588,CC0 1.0,0.5122,Dice similarity of ECFPs,true
DB00959,DB00588,CC0 1.0,0.5122,Dice similarity of ECFPs,true
DB05245,DB00263,CC0 1.0,0.5253,Dice similarity of ECFPs,true
DB05245,DB00263,CC0 1.0,0.5253,Dice similarity of ECFPs,true
DB08847,DB00172,CC0 1.0,0.5652,Dice similarity of ECFPs,true
DB08847,DB00172,CC0 1.0,0.5652,Dice similarity of ECFPs,true
DB01237,DB08936,CC0 1.0,0.5424,Dice similarity of ECFPs,true
DB01237,DB08936,CC0 1.0,0.5424,Dice similarity of ECFPs,true
DB09015,DB00624,CC0 1.0,0.5263,Dice similarity of ECFPs,true
DB09015,DB00624,CC0 1.0,0.5263,Dice similarity of ECFPs,true
DB00620,DB00394,CC0 1.0,0.6163,Dice similarity of ECFPs,true
DB00620,DB00394,CC0 1.0,0.6163,Dice similarity of ECFPs,true
DB00332,DB00462,CC0 1.0,0.7206,Dice similarity of ECFPs,true
DB00332,DB00462,CC0 1.0,0.7206,Dice similarity of ECFPs,true
DB00647,DB04843,CC0 1.0,0.539,Dice similarity of ECFPs,true
DB00647,DB04843,CC0 1.0,0.539,Dice similarity of ECFPs,true
DB00554,DB00814,CC0 1.0,0.7717,Dice similarity of ECFPs,true
DB00554,DB00814,CC0 1.0,0.7717,Dice similarity of ECFPs,true
DB00596,DB01130,CC0 1.0,0.5326,Dice similarity of ECFPs,true
DB00596,DB01130,CC0 1.0,0.5326,Dice similarity of ECFPs,true
DB00600,DB00182,CC0 1.0,0.5,Dice similarity of ECFPs,true
DB00600,DB00182,CC0 1.0,0.5,Dice similarity of ECFPs,true
DB01588,DB01595,CC0 1.0,0.619,Dice similarity of ECFPs,true
DB01588,DB01595,CC0 1.0,0.619,Dice similarity of ECFPs,true
DB01165,DB00537,CC0 1.0,0.5899,Dice similarity of ECFPs,true
DB01165,DB00537,CC0 1.0,0.5899,Dice similarity of ECFPs,true
DB00823,DB00367,CC0 1.0,0.5734,Dice similarity of ECFPs,true
DB00823,DB00367,CC0 1.0,0.5734,Dice similarity of ECFPs,true
DB00267,DB00535,CC0 1.0,0.6994,Dice similarity of ECFPs,true
DB00267,DB00535,CC0 1.0,0.6994,Dice similarity of ECFPs,true
DB01607,DB01602,CC0 1.0,0.5974,Dice similarity of ECFPs,true
DB01607,DB01602,CC0 1.0,0.5974,Dice similarity of ECFPs,true
DB00351,DB00687,CC0 1.0,0.5034,Dice similarity of ECFPs,true
DB00351,DB00687,CC0 1.0,0.5034,Dice similarity of ECFPs,true
DB00924,DB01246,CC0 1.0,0.5289,Dice similarity of ECFPs,true
DB00924,DB01246,CC0 1.0,0.5289,Dice similarity of ECFPs,true
DB01108,DB00396,CC0 1.0,0.5191,Dice similarity of ECFPs,true
DB01108,DB00396,CC0 1.0,0.5191,Dice similarity of ECFPs,true
DB00663,DB00394,CC0 1.0,0.6138,Dice similarity of ECFPs,true
DB00663,DB00394,CC0 1.0,0.6138,Dice similarity of ECFPs,true
DB08903,DB00675,CC0 1.0,0.5241,Dice similarity of ECFPs,true
DB08903,DB00675,CC0 1.0,0.5241,Dice similarity of ECFPs,true
DB00477,DB00726,CC0 1.0,0.5203,Dice similarity of ECFPs,true
DB00477,DB00726,CC0 1.0,0.5203,Dice similarity of ECFPs,true
DB00415,DB00485,CC0 1.0,0.6301,Dice similarity of ECFPs,true
DB00415,DB00485,CC0 1.0,0.6301,Dice similarity of ECFPs,true
DB00434,DB01146,CC0 1.0,0.5512,Dice similarity of ECFPs,true
DB00434,DB01146,CC0 1.0,0.5512,Dice similarity of ECFPs,true
DB08802,DB01403,CC0 1.0,0.6557,Dice similarity of ECFPs,true
DB08802,DB01403,CC0 1.0,0.6557,Dice similarity of ECFPs,true
DB06770,DB01364,CC0 1.0,0.5357,Dice similarity of ECFPs,true
DB06770,DB01364,CC0 1.0,0.5357,Dice similarity of ECFPs,true
DB00420,DB01075,CC0 1.0,0.5664,Dice similarity of ECFPs,true
DB00420,DB01075,CC0 1.0,0.5664,Dice similarity of ECFPs,true
DB01436,DB00153,CC0 1.0,0.6875,Dice similarity of ECFPs,true
DB01436,DB00153,CC0 1.0,0.6875,Dice similarity of ECFPs,true
DB08798,DB00891,CC0 1.0,0.6392,Dice similarity of ECFPs,true
DB08798,DB00891,CC0 1.0,0.6392,Dice similarity of ECFPs,true
DB00458,DB06148,CC0 1.0,0.5667,Dice similarity of ECFPs,true
DB00458,DB06148,CC0 1.0,0.5667,Dice similarity of ECFPs,true
DB09002,DB00810,CC0 1.0,0.5441,Dice similarity of ECFPs,true
DB09002,DB00810,CC0 1.0,0.5441,Dice similarity of ECFPs,true
DB00335,DB00856,CC0 1.0,0.5682,Dice similarity of ECFPs,true
DB00335,DB00856,CC0 1.0,0.5682,Dice similarity of ECFPs,true
DB00931,DB00254,CC0 1.0,0.7143,Dice similarity of ECFPs,true
DB00931,DB00254,CC0 1.0,0.7143,Dice similarity of ECFPs,true
DB00202,DB01245,CC0 1.0,0.52,Dice similarity of ECFPs,true
DB00202,DB01245,CC0 1.0,0.52,Dice similarity of ECFPs,true
DB08987,DB00281,CC0 1.0,0.56,Dice similarity of ECFPs,true
DB08987,DB00281,CC0 1.0,0.56,Dice similarity of ECFPs,true
DB01239,DB01142,CC0 1.0,0.6777,Dice similarity of ECFPs,true
DB01239,DB01142,CC0 1.0,0.6777,Dice similarity of ECFPs,true
DB06713,DB00977,CC0 1.0,0.5538,Dice similarity of ECFPs,true
DB06713,DB00977,CC0 1.0,0.5538,Dice similarity of ECFPs,true
DB00349,DB00801,CC0 1.0,0.5873,Dice similarity of ECFPs,true
DB00349,DB00801,CC0 1.0,0.5873,Dice similarity of ECFPs,true
DB08804,DB06713,CC0 1.0,0.5096,Dice similarity of ECFPs,true
DB08804,DB06713,CC0 1.0,0.5096,Dice similarity of ECFPs,true
DB01421,DB00284,CC0 1.0,0.6061,Dice similarity of ECFPs,true
DB01421,DB00284,CC0 1.0,0.6061,Dice similarity of ECFPs,true
DB01140,DB00689,CC0 1.0,0.7172,Dice similarity of ECFPs,true
DB01140,DB00689,CC0 1.0,0.7172,Dice similarity of ECFPs,true
DB03255,DB00780,CC0 1.0,0.5714,Dice similarity of ECFPs,true
DB03255,DB00780,CC0 1.0,0.5714,Dice similarity of ECFPs,true
DB08802,DB00392,CC0 1.0,0.7,Dice similarity of ECFPs,true
DB08802,DB00392,CC0 1.0,0.7,Dice similarity of ECFPs,true
DB01216,DB00396,CC0 1.0,0.5942,Dice similarity of ECFPs,true
DB01216,DB00396,CC0 1.0,0.5942,Dice similarity of ECFPs,true
DB01129,DB00338,CC0 1.0,0.6043,Dice similarity of ECFPs,true
DB01129,DB00338,CC0 1.0,0.6043,Dice similarity of ECFPs,true
DB01112,DB00567,CC0 1.0,0.5753,Dice similarity of ECFPs,true
DB01112,DB00567,CC0 1.0,0.5753,Dice similarity of ECFPs,true
DB01071,DB00392,CC0 1.0,0.6364,Dice similarity of ECFPs,true
DB01071,DB00392,CC0 1.0,0.6364,Dice similarity of ECFPs,true
DB01151,DB00508,CC0 1.0,0.5079,Dice similarity of ECFPs,true
DB01151,DB00508,CC0 1.0,0.5079,Dice similarity of ECFPs,true
DB00351,DB01395,CC0 1.0,0.5033,Dice similarity of ECFPs,true
DB00351,DB01395,CC0 1.0,0.5033,Dice similarity of ECFPs,true
DB01145,DB00250,CC0 1.0,0.6034,Dice similarity of ECFPs,true
DB01145,DB00250,CC0 1.0,0.6034,Dice similarity of ECFPs,true
DB02638,DB04894,CC0 1.0,0.6161,Dice similarity of ECFPs,true
DB02638,DB04894,CC0 1.0,0.6161,Dice similarity of ECFPs,true
DB00255,DB00890,CC0 1.0,0.75,Dice similarity of ECFPs,true
DB00255,DB00890,CC0 1.0,0.75,Dice similarity of ECFPs,true
DB00959,DB00990,CC0 1.0,0.5075,Dice similarity of ECFPs,true
DB00959,DB00990,CC0 1.0,0.5075,Dice similarity of ECFPs,true
DB06147,DB01299,CC0 1.0,0.6408,Dice similarity of ECFPs,true
DB06147,DB01299,CC0 1.0,0.6408,Dice similarity of ECFPs,true
DB01558,DB01595,CC0 1.0,0.6783,Dice similarity of ECFPs,true
DB01558,DB01595,CC0 1.0,0.6783,Dice similarity of ECFPs,true
DB00263,DB06150,CC0 1.0,0.6542,Dice similarity of ECFPs,true
DB00263,DB06150,CC0 1.0,0.6542,Dice similarity of ECFPs,true
DB00771,DB00836,CC0 1.0,0.5116,Dice similarity of ECFPs,true
DB00771,DB00836,CC0 1.0,0.5116,Dice similarity of ECFPs,true
DB01357,DB00783,CC0 1.0,0.6557,Dice similarity of ECFPs,true
DB01357,DB00783,CC0 1.0,0.6557,Dice similarity of ECFPs,true
DB00319,DB01603,CC0 1.0,0.5833,Dice similarity of ECFPs,true
DB00319,DB01603,CC0 1.0,0.5833,Dice similarity of ECFPs,true
DB00283,DB00836,CC0 1.0,0.5301,Dice similarity of ECFPs,true
DB00283,DB00836,CC0 1.0,0.5301,Dice similarity of ECFPs,true
DB01127,DB00239,CC0 1.0,0.6573,Dice similarity of ECFPs,true
DB01127,DB00239,CC0 1.0,0.6573,Dice similarity of ECFPs,true
DB00504,DB01183,CC0 1.0,0.5271,Dice similarity of ECFPs,true
DB00504,DB01183,CC0 1.0,0.5271,Dice similarity of ECFPs,true
DB00604,DB00317,CC0 1.0,0.5,Dice similarity of ECFPs,true
DB00604,DB00317,CC0 1.0,0.5,Dice similarity of ECFPs,true
DB01431,DB00304,CC0 1.0,0.6406,Dice similarity of ECFPs,true
DB01431,DB00304,CC0 1.0,0.6406,Dice similarity of ECFPs,true
DB01416,DB01413,CC0 1.0,0.7831,Dice similarity of ECFPs,true
DB01416,DB01413,CC0 1.0,0.7831,Dice similarity of ECFPs,true
DB01616,DB00676,CC0 1.0,0.5872,Dice similarity of ECFPs,true
DB01616,DB00676,CC0 1.0,0.5872,Dice similarity of ECFPs,true
DB00535,DB00671,CC0 1.0,0.8758,Dice similarity of ECFPs,true
DB00535,DB00671,CC0 1.0,0.8758,Dice similarity of ECFPs,true
DB04552,DB01097,CC0 1.0,0.5421,Dice similarity of ECFPs,true
DB04552,DB01097,CC0 1.0,0.5421,Dice similarity of ECFPs,true
DB00959,DB00635,CC0 1.0,0.7083,Dice similarity of ECFPs,true
DB00959,DB00635,CC0 1.0,0.7083,Dice similarity of ECFPs,true
DB00351,DB00396,CC0 1.0,0.5652,Dice similarity of ECFPs,true
DB00351,DB00396,CC0 1.0,0.5652,Dice similarity of ECFPs,true
DB00267,DB00229,CC0 1.0,0.7487,Dice similarity of ECFPs,true
DB00267,DB00229,CC0 1.0,0.7487,Dice similarity of ECFPs,true
DB01330,DB00923,CC0 1.0,0.5436,Dice similarity of ECFPs,true
DB01330,DB00923,CC0 1.0,0.5436,Dice similarity of ECFPs,true
DB01410,DB00635,CC0 1.0,0.5333,Dice similarity of ECFPs,true
DB01410,DB00635,CC0 1.0,0.5333,Dice similarity of ECFPs,true
DB00497,DB01551,CC0 1.0,0.6406,Dice similarity of ECFPs,true
DB00497,DB01551,CC0 1.0,0.6406,Dice similarity of ECFPs,true
DB01406,DB01357,CC0 1.0,0.6471,Dice similarity of ECFPs,true
DB01406,DB01357,CC0 1.0,0.6471,Dice similarity of ECFPs,true
DB00341,DB00836,CC0 1.0,0.5257,Dice similarity of ECFPs,true
DB00341,DB00836,CC0 1.0,0.5257,Dice similarity of ECFPs,true
DB01237,DB01146,CC0 1.0,0.521,Dice similarity of ECFPs,true
DB01237,DB01146,CC0 1.0,0.521,Dice similarity of ECFPs,true
DB00171,DB00118,CC0 1.0,0.6369,Dice similarity of ECFPs,true
DB00171,DB00118,CC0 1.0,0.6369,Dice similarity of ECFPs,true
DB00508,DB00420,CC0 1.0,0.8,Dice similarity of ECFPs,true
DB00508,DB00420,CC0 1.0,0.8,Dice similarity of ECFPs,true
DB04938,DB00675,CC0 1.0,0.825,Dice similarity of ECFPs,true
DB04938,DB00675,CC0 1.0,0.825,Dice similarity of ECFPs,true
DB01544,DB01589,CC0 1.0,0.6466,Dice similarity of ECFPs,true
DB01544,DB01589,CC0 1.0,0.6466,Dice similarity of ECFPs,true
DB01237,DB01142,CC0 1.0,0.5085,Dice similarity of ECFPs,true
DB01237,DB01142,CC0 1.0,0.5085,Dice similarity of ECFPs,true
DB08884,DB06705,CC0 1.0,0.6853,Dice similarity of ECFPs,true
DB08884,DB06705,CC0 1.0,0.6853,Dice similarity of ECFPs,true
DB00622,DB01115,CC0 1.0,0.6707,Dice similarity of ECFPs,true
DB00622,DB01115,CC0 1.0,0.6707,Dice similarity of ECFPs,true
DB00229,DB00671,CC0 1.0,0.5424,Dice similarity of ECFPs,true
DB00229,DB00671,CC0 1.0,0.5424,Dice similarity of ECFPs,true
DB00865,DB00735,CC0 1.0,0.5641,Dice similarity of ECFPs,true
DB00865,DB00735,CC0 1.0,0.5641,Dice similarity of ECFPs,true
DB01035,DB00807,CC0 1.0,0.5714,Dice similarity of ECFPs,true
DB01035,DB00807,CC0 1.0,0.5714,Dice similarity of ECFPs,true
DB01280,DB00131,CC0 1.0,0.6446,Dice similarity of ECFPs,true
DB01280,DB00131,CC0 1.0,0.6446,Dice similarity of ECFPs,true
DB00589,DB01253,CC0 1.0,0.7482,Dice similarity of ECFPs,true
DB00589,DB01253,CC0 1.0,0.7482,Dice similarity of ECFPs,true
DB00294,DB00717,CC0 1.0,0.7442,Dice similarity of ECFPs,true
DB00294,DB00717,CC0 1.0,0.7442,Dice similarity of ECFPs,true
DB00247,DB00696,CC0 1.0,0.5,Dice similarity of ECFPs,true
DB00247,DB00696,CC0 1.0,0.5,Dice similarity of ECFPs,true
DB01069,DB01142,CC0 1.0,0.5085,Dice similarity of ECFPs,true
DB01069,DB01142,CC0 1.0,0.5085,Dice similarity of ECFPs,true
DB00990,DB08970,CC0 1.0,0.5294,Dice similarity of ECFPs,true
DB00990,DB08970,CC0 1.0,0.5294,Dice similarity of ECFPs,true
DB01246,DB00392,CC0 1.0,0.8293,Dice similarity of ECFPs,true
DB01246,DB00392,CC0 1.0,0.8293,Dice similarity of ECFPs,true
DB00292,DB00852,CC0 1.0,0.5,Dice similarity of ECFPs,true
DB00292,DB00852,CC0 1.0,0.5,Dice similarity of ECFPs,true
DB01060,DB00319,CC0 1.0,0.6182,Dice similarity of ECFPs,true
DB01060,DB00319,CC0 1.0,0.6182,Dice similarity of ECFPs,true
DB01577,DB00937,CC0 1.0,0.5278,Dice similarity of ECFPs,true
DB01577,DB00937,CC0 1.0,0.5278,Dice similarity of ECFPs,true
DB00430,DB00689,CC0 1.0,0.5567,Dice similarity of ECFPs,true
DB00430,DB00689,CC0 1.0,0.5567,Dice similarity of ECFPs,true
DB01403,DB01622,CC0 1.0,0.6,Dice similarity of ECFPs,true
DB01403,DB01622,CC0 1.0,0.6,Dice similarity of ECFPs,true
DB01117,DB00579,CC0 1.0,0.5152,Dice similarity of ECFPs,true
DB01117,DB00579,CC0 1.0,0.5152,Dice similarity of ECFPs,true
DB00624,DB01420,CC0 1.0,0.8217,Dice similarity of ECFPs,true
DB00624,DB01420,CC0 1.0,0.8217,Dice similarity of ECFPs,true
DB00324,DB00635,CC0 1.0,0.5594,Dice similarity of ECFPs,true
DB00324,DB00635,CC0 1.0,0.5594,Dice similarity of ECFPs,true
DB00769,DB00860,CC0 1.0,0.6463,Dice similarity of ECFPs,true
DB00769,DB00860,CC0 1.0,0.6463,Dice similarity of ECFPs,true
DB01139,DB01328,CC0 1.0,0.5714,Dice similarity of ECFPs,true
DB01139,DB01328,CC0 1.0,0.5714,Dice similarity of ECFPs,true
DB00624,DB00253,CC0 1.0,0.5984,Dice similarity of ECFPs,true
DB00624,DB00253,CC0 1.0,0.5984,Dice similarity of ECFPs,true
DB00620,DB00959,CC0 1.0,0.6216,Dice similarity of ECFPs,true
DB00620,DB00959,CC0 1.0,0.6216,Dice similarity of ECFPs,true
DB06207,DB00706,CC0 1.0,0.5682,Dice similarity of ECFPs,true
DB06207,DB00706,CC0 1.0,0.5682,Dice similarity of ECFPs,true
DB01139,DB01212,CC0 1.0,0.5311,Dice similarity of ECFPs,true
DB01139,DB01212,CC0 1.0,0.5311,Dice similarity of ECFPs,true
DB00327,DB00514,CC0 1.0,0.5254,Dice similarity of ECFPs,true
DB00327,DB00514,CC0 1.0,0.5254,Dice similarity of ECFPs,true
DB01511,DB01068,CC0 1.0,0.8571,Dice similarity of ECFPs,true
DB01511,DB01068,CC0 1.0,0.8571,Dice similarity of ECFPs,true
DB01420,DB00741,CC0 1.0,0.6525,Dice similarity of ECFPs,true
DB01420,DB00741,CC0 1.0,0.6525,Dice similarity of ECFPs,true
DB01165,DB00467,CC0 1.0,0.5588,Dice similarity of ECFPs,true
DB01165,DB00467,CC0 1.0,0.5588,Dice similarity of ECFPs,true
DB00914,DB06218,CC0 1.0,0.5217,Dice similarity of ECFPs,true
DB00914,DB06218,CC0 1.0,0.5217,Dice similarity of ECFPs,true
DB06781,DB00896,CC0 1.0,0.5059,Dice similarity of ECFPs,true
DB06781,DB00896,CC0 1.0,0.5059,Dice similarity of ECFPs,true
DB01328,DB01327,CC0 1.0,0.6034,Dice similarity of ECFPs,true
DB01328,DB01327,CC0 1.0,0.6034,Dice similarity of ECFPs,true
DB00366,DB00283,CC0 1.0,0.5556,Dice similarity of ECFPs,true
DB00366,DB00283,CC0 1.0,0.5556,Dice similarity of ECFPs,true
DB04967,DB00527,CC0 1.0,0.5468,Dice similarity of ECFPs,true
DB04967,DB00527,CC0 1.0,0.5468,Dice similarity of ECFPs,true
DB01064,DB08957,CC0 1.0,0.5,Dice similarity of ECFPs,true
DB01064,DB08957,CC0 1.0,0.5,Dice similarity of ECFPs,true
DB00557,DB01149,CC0 1.0,0.5349,Dice similarity of ECFPs,true
DB00557,DB01149,CC0 1.0,0.5349,Dice similarity of ECFPs,true
DB01607,DB01603,CC0 1.0,0.6423,Dice similarity of ECFPs,true
DB01607,DB01603,CC0 1.0,0.6423,Dice similarity of ECFPs,true
DB01582,DB05245,CC0 1.0,0.549,Dice similarity of ECFPs,true
DB01582,DB05245,CC0 1.0,0.549,Dice similarity of ECFPs,true
DB00259,DB00576,CC0 1.0,0.6316,Dice similarity of ECFPs,true
DB00259,DB00576,CC0 1.0,0.6316,Dice similarity of ECFPs,true
DB00676,DB08990,CC0 1.0,0.5496,Dice similarity of ECFPs,true
DB00676,DB08990,CC0 1.0,0.5496,Dice similarity of ECFPs,true
DB01614,DB01063,CC0 1.0,0.7383,Dice similarity of ECFPs,true
DB01614,DB01063,CC0 1.0,0.7383,Dice similarity of ECFPs,true
DB01348,DB00492,CC0 1.0,0.5102,Dice similarity of ECFPs,true
DB01348,DB00492,CC0 1.0,0.5102,Dice similarity of ECFPs,true
DB01075,DB00991,CC0 1.0,0.5042,Dice similarity of ECFPs,true
DB01075,DB00991,CC0 1.0,0.5042,Dice similarity of ECFPs,true
DB01588,DB00579,CC0 1.0,0.5,Dice similarity of ECFPs,true
DB01588,DB00579,CC0 1.0,0.5,Dice similarity of ECFPs,true
DB00456,DB09008,CC0 1.0,0.5789,Dice similarity of ECFPs,true
DB00456,DB09008,CC0 1.0,0.5789,Dice similarity of ECFPs,true
DB00936,DB01428,CC0 1.0,0.5067,Dice similarity of ECFPs,true
DB00936,DB01428,CC0 1.0,0.5067,Dice similarity of ECFPs,true
DB00378,DB00687,CC0 1.0,0.5109,Dice similarity of ECFPs,true
DB00378,DB00687,CC0 1.0,0.5109,Dice similarity of ECFPs,true
DB01053,DB01602,CC0 1.0,0.6533,Dice similarity of ECFPs,true
DB01053,DB01602,CC0 1.0,0.6533,Dice similarity of ECFPs,true
DB09015,DB01380,CC0 1.0,0.5359,Dice similarity of ECFPs,true
DB09015,DB01380,CC0 1.0,0.5359,Dice similarity of ECFPs,true
DB00174,DB00155,CC0 1.0,0.6415,Dice similarity of ECFPs,true
DB00174,DB00155,CC0 1.0,0.6415,Dice similarity of ECFPs,true
DB01337,DB00728,CC0 1.0,0.6547,Dice similarity of ECFPs,true
DB01337,DB00728,CC0 1.0,0.6547,Dice similarity of ECFPs,true
DB01037,DB01577,CC0 1.0,0.6857,Dice similarity of ECFPs,true
DB01037,DB01577,CC0 1.0,0.6857,Dice similarity of ECFPs,true
DB08941,DB01036,CC0 1.0,0.5,Dice similarity of ECFPs,true
DB08941,DB01036,CC0 1.0,0.5,Dice similarity of ECFPs,true
DB01211,DB00199,CC0 1.0,0.9442,Dice similarity of ECFPs,true
DB01211,DB00199,CC0 1.0,0.9442,Dice similarity of ECFPs,true
DB00557,DB01624,CC0 1.0,0.5677,Dice similarity of ECFPs,true
DB00557,DB01624,CC0 1.0,0.5677,Dice similarity of ECFPs,true
DB08866,DB00977,CC0 1.0,0.5174,Dice similarity of ECFPs,true
DB08866,DB00977,CC0 1.0,0.5174,Dice similarity of ECFPs,true
DB04930,DB00573,CC0 1.0,0.629,Dice similarity of ECFPs,true
DB04930,DB00573,CC0 1.0,0.629,Dice similarity of ECFPs,true
DB01246,DB01071,CC0 1.0,0.6512,Dice similarity of ECFPs,true
DB01246,DB01071,CC0 1.0,0.6512,Dice similarity of ECFPs,true
DB01551,DB00854,CC0 1.0,0.5424,Dice similarity of ECFPs,true
DB01551,DB00854,CC0 1.0,0.5424,Dice similarity of ECFPs,true
DB01416,DB01332,CC0 1.0,0.8082,Dice similarity of ECFPs,true
DB01416,DB01332,CC0 1.0,0.8082,Dice similarity of ECFPs,true
DB00508,DB01063,CC0 1.0,0.596,Dice similarity of ECFPs,true
DB00508,DB01063,CC0 1.0,0.596,Dice similarity of ECFPs,true
DB00675,DB00255,CC0 1.0,0.5109,Dice similarity of ECFPs,true
DB00675,DB00255,CC0 1.0,0.5109,Dice similarity of ECFPs,true
DB00933,DB00831,CC0 1.0,0.6323,Dice similarity of ECFPs,true
DB00933,DB00831,CC0 1.0,0.6323,Dice similarity of ECFPs,true
DB01139,DB00567,CC0 1.0,0.5833,Dice similarity of ECFPs,true
DB01139,DB00567,CC0 1.0,0.5833,Dice similarity of ECFPs,true
DB00432,DB00322,CC0 1.0,0.8283,Dice similarity of ECFPs,true
DB00432,DB00322,CC0 1.0,0.8283,Dice similarity of ECFPs,true
DB00881,DB01182,CC0 1.0,0.5309,Dice similarity of ECFPs,true
DB00881,DB01182,CC0 1.0,0.5309,Dice similarity of ECFPs,true
DB06402,DB00512,CC0 1.0,0.8576,Dice similarity of ECFPs,true
DB06402,DB00512,CC0 1.0,0.8576,Dice similarity of ECFPs,true
DB01179,DB00444,CC0 1.0,0.6728,Dice similarity of ECFPs,true
DB01179,DB00444,CC0 1.0,0.6728,Dice similarity of ECFPs,true
DB00598,DB01274,CC0 1.0,0.5985,Dice similarity of ECFPs,true
DB00598,DB01274,CC0 1.0,0.5985,Dice similarity of ECFPs,true
DB00667,DB00282,CC0 1.0,0.5405,Dice similarity of ECFPs,true
DB00667,DB00282,CC0 1.0,0.5405,Dice similarity of ECFPs,true
DB01061,DB01147,CC0 1.0,0.6108,Dice similarity of ECFPs,true
DB01061,DB01147,CC0 1.0,0.6108,Dice similarity of ECFPs,true
DB01149,DB00831,CC0 1.0,0.5114,Dice similarity of ECFPs,true
DB01149,DB00831,CC0 1.0,0.5114,Dice similarity of ECFPs,true
DB00813,DB08954,CC0 1.0,0.507,Dice similarity of ECFPs,true
DB00813,DB08954,CC0 1.0,0.507,Dice similarity of ECFPs,true
DB00764,DB00741,CC0 1.0,0.5068,Dice similarity of ECFPs,true
DB00764,DB00741,CC0 1.0,0.5068,Dice similarity of ECFPs,true
DB00737,DB01146,CC0 1.0,0.5,Dice similarity of ECFPs,true
DB00737,DB01146,CC0 1.0,0.5,Dice similarity of ECFPs,true
DB01588,DB01511,CC0 1.0,0.6016,Dice similarity of ECFPs,true
DB01588,DB01511,CC0 1.0,0.6016,Dice similarity of ECFPs,true
DB00987,DB00640,CC0 1.0,0.6667,Dice similarity of ECFPs,true
DB00987,DB00640,CC0 1.0,0.6667,Dice similarity of ECFPs,true
DB01544,DB01418,CC0 1.0,0.5,Dice similarity of ECFPs,true
DB01544,DB01418,CC0 1.0,0.5,Dice similarity of ECFPs,true
DB00623,DB01615,CC0 1.0,0.5067,Dice similarity of ECFPs,true
DB00623,DB01615,CC0 1.0,0.5067,Dice similarity of ECFPs,true
DB04794,DB00745,CC0 1.0,0.5238,Dice similarity of ECFPs,true
DB04794,DB00745,CC0 1.0,0.5238,Dice similarity of ECFPs,true
DB00635,DB00741,CC0 1.0,0.6761,Dice similarity of ECFPs,true
DB00635,DB00741,CC0 1.0,0.6761,Dice similarity of ECFPs,true
DB01328,DB00578,CC0 1.0,0.515,Dice similarity of ECFPs,true
DB01328,DB00578,CC0 1.0,0.515,Dice similarity of ECFPs,true
DB01436,DB02300,CC0 1.0,0.7607,Dice similarity of ECFPs,true
DB01436,DB02300,CC0 1.0,0.7607,Dice similarity of ECFPs,true
DB00343,DB01069,CC0 1.0,0.5072,Dice similarity of ECFPs,true
DB00343,DB01069,CC0 1.0,0.5072,Dice similarity of ECFPs,true
DB00288,DB00896,CC0 1.0,0.5202,Dice similarity of ECFPs,true
DB00288,DB00896,CC0 1.0,0.5202,Dice similarity of ECFPs,true
DB00636,DB01393,CC0 1.0,0.5893,Dice similarity of ECFPs,true
DB00636,DB01393,CC0 1.0,0.5893,Dice similarity of ECFPs,true
DB00458,DB00751,CC0 1.0,0.5641,Dice similarity of ECFPs,true
DB00458,DB00751,CC0 1.0,0.5641,Dice similarity of ECFPs,true
DB00588,DB08970,CC0 1.0,0.5542,Dice similarity of ECFPs,true
DB00588,DB08970,CC0 1.0,0.5542,Dice similarity of ECFPs,true
DB00696,DB00320,CC0 1.0,0.8537,Dice similarity of ECFPs,true
DB00696,DB00320,CC0 1.0,0.8537,Dice similarity of ECFPs,true
DB00476,DB00344,CC0 1.0,0.5289,Dice similarity of ECFPs,true
DB00476,DB00344,CC0 1.0,0.5289,Dice similarity of ECFPs,true
DB00421,DB01420,CC0 1.0,0.596,Dice similarity of ECFPs,true
DB00421,DB01420,CC0 1.0,0.596,Dice similarity of ECFPs,true
DB01421,DB00452,CC0 1.0,0.9558,Dice similarity of ECFPs,true
DB01421,DB00452,CC0 1.0,0.9558,Dice similarity of ECFPs,true
DB01384,DB00635,CC0 1.0,0.5753,Dice similarity of ECFPs,true
DB01384,DB00635,CC0 1.0,0.5753,Dice similarity of ECFPs,true
DB00552,DB00194,CC0 1.0,0.5047,Dice similarity of ECFPs,true
DB00552,DB00194,CC0 1.0,0.5047,Dice similarity of ECFPs,true
DB01081,DB04843,CC0 1.0,0.5176,Dice similarity of ECFPs,true
DB01081,DB04843,CC0 1.0,0.5176,Dice similarity of ECFPs,true
DB00678,DB00876,CC0 1.0,0.5,Dice similarity of ECFPs,true
DB00678,DB00876,CC0 1.0,0.5,Dice similarity of ECFPs,true
DB01185,DB00443,CC0 1.0,0.6,Dice similarity of ECFPs,true
DB01185,DB00443,CC0 1.0,0.6,Dice similarity of ECFPs,true
DB01303,DB00651,CC0 1.0,0.58,Dice similarity of ECFPs,true
DB01303,DB00651,CC0 1.0,0.58,Dice similarity of ECFPs,true
DB00934,DB01104,CC0 1.0,0.521,Dice similarity of ECFPs,true
DB00934,DB01104,CC0 1.0,0.521,Dice similarity of ECFPs,true
DB01615,DB00392,CC0 1.0,0.6929,Dice similarity of ECFPs,true
DB01615,DB00392,CC0 1.0,0.6929,Dice similarity of ECFPs,true
DB01116,DB00813,CC0 1.0,0.5467,Dice similarity of ECFPs,true
DB01116,DB00813,CC0 1.0,0.5467,Dice similarity of ECFPs,true
DB01222,DB08971,CC0 1.0,0.6038,Dice similarity of ECFPs,true
DB01222,DB08971,CC0 1.0,0.6038,Dice similarity of ECFPs,true
DB00424,DB00332,CC0 1.0,0.7442,Dice similarity of ECFPs,true
DB00424,DB00332,CC0 1.0,0.7442,Dice similarity of ECFPs,true
DB01615,DB00679,CC0 1.0,0.5839,Dice similarity of ECFPs,true
DB01615,DB00679,CC0 1.0,0.5839,Dice similarity of ECFPs,true
DB04843,DB04837,CC0 1.0,0.5197,Dice similarity of ECFPs,true
DB04843,DB04837,CC0 1.0,0.5197,Dice similarity of ECFPs,true
DB00120,DB00279,CC0 1.0,0.5053,Dice similarity of ECFPs,true
DB00120,DB00279,CC0 1.0,0.5053,Dice similarity of ECFPs,true
DB01203,DB00521,CC0 1.0,0.7119,Dice similarity of ECFPs,true
DB01203,DB00521,CC0 1.0,0.7119,Dice similarity of ECFPs,true
DB00343,DB08996,CC0 1.0,0.5175,Dice similarity of ECFPs,true
DB00343,DB08996,CC0 1.0,0.5175,Dice similarity of ECFPs,true
DB00792,DB01626,CC0 1.0,0.5393,Dice similarity of ECFPs,true
DB00792,DB01626,CC0 1.0,0.5393,Dice similarity of ECFPs,true
DB00363,DB01511,CC0 1.0,0.5806,Dice similarity of ECFPs,true
DB00363,DB01511,CC0 1.0,0.5806,Dice similarity of ECFPs,true
DB00897,DB01594,CC0 1.0,0.5588,Dice similarity of ECFPs,true
DB00897,DB01594,CC0 1.0,0.5588,Dice similarity of ECFPs,true
DB00920,DB00455,CC0 1.0,0.5352,Dice similarity of ECFPs,true
DB00920,DB00455,CC0 1.0,0.5352,Dice similarity of ECFPs,true
DB00256,DB00759,CC0 1.0,0.804,Dice similarity of ECFPs,true
DB00256,DB00759,CC0 1.0,0.804,Dice similarity of ECFPs,true
DB01380,DB00635,CC0 1.0,0.7067,Dice similarity of ECFPs,true
DB01380,DB00635,CC0 1.0,0.7067,Dice similarity of ECFPs,true
DB00418,DB01353,CC0 1.0,0.6353,Dice similarity of ECFPs,true
DB00418,DB01353,CC0 1.0,0.6353,Dice similarity of ECFPs,true
DB01615,DB01246,CC0 1.0,0.7097,Dice similarity of ECFPs,true
DB01615,DB01246,CC0 1.0,0.7097,Dice similarity of ECFPs,true
DB08798,DB01299,CC0 1.0,0.6542,Dice similarity of ECFPs,true
DB08798,DB01299,CC0 1.0,0.6542,Dice similarity of ECFPs,true
DB01066,DB01140,CC0 1.0,0.5125,Dice similarity of ECFPs,true
DB01066,DB01140,CC0 1.0,0.5125,Dice similarity of ECFPs,true
DB06711,DB08799,CC0 1.0,0.6111,Dice similarity of ECFPs,true
DB06711,DB08799,CC0 1.0,0.6111,Dice similarity of ECFPs,true
DB00161,DB00156,CC0 1.0,0.7368,Dice similarity of ECFPs,true
DB00161,DB00156,CC0 1.0,0.7368,Dice similarity of ECFPs,true
DB00540,DB00321,CC0 1.0,0.8667,Dice similarity of ECFPs,true
DB00540,DB00321,CC0 1.0,0.8667,Dice similarity of ECFPs,true
DB00816,DB00489,CC0 1.0,0.5455,Dice similarity of ECFPs,true
DB00816,DB00489,CC0 1.0,0.5455,Dice similarity of ECFPs,true
DB00343,DB01246,CC0 1.0,0.5248,Dice similarity of ECFPs,true
DB00343,DB01246,CC0 1.0,0.5248,Dice similarity of ECFPs,true
DB00237,DB01351,CC0 1.0,0.716,Dice similarity of ECFPs,true
DB00237,DB01351,CC0 1.0,0.716,Dice similarity of ECFPs,true
DB00507,DB01399,CC0 1.0,0.5045,Dice similarity of ECFPs,true
DB00507,DB01399,CC0 1.0,0.5045,Dice similarity of ECFPs,true
DB00628,DB00712,CC0 1.0,0.5714,Dice similarity of ECFPs,true
DB00628,DB00712,CC0 1.0,0.5714,Dice similarity of ECFPs,true
DB01246,DB00679,CC0 1.0,0.5564,Dice similarity of ECFPs,true
DB01246,DB00679,CC0 1.0,0.5564,Dice similarity of ECFPs,true
DB08936,DB00670,CC0 1.0,0.5,Dice similarity of ECFPs,true
DB08936,DB00670,CC0 1.0,0.5,Dice similarity of ECFPs,true
DB01069,DB01246,CC0 1.0,0.8889,Dice similarity of ECFPs,true
DB01069,DB01246,CC0 1.0,0.8889,Dice similarity of ECFPs,true
DB08802,DB01071,CC0 1.0,0.5238,Dice similarity of ECFPs,true
DB08802,DB01071,CC0 1.0,0.5238,Dice similarity of ECFPs,true
DB01615,DB00680,CC0 1.0,0.5166,Dice similarity of ECFPs,true
DB01615,DB00680,CC0 1.0,0.5166,Dice similarity of ECFPs,true
DB01357,DB00977,CC0 1.0,0.8819,Dice similarity of ECFPs,true
DB01357,DB00977,CC0 1.0,0.8819,Dice similarity of ECFPs,true
DB00547,DB00443,CC0 1.0,0.8108,Dice similarity of ECFPs,true
DB00547,DB00443,CC0 1.0,0.8108,Dice similarity of ECFPs,true
DB09014,DB00792,CC0 1.0,0.5,Dice similarity of ECFPs,true
DB09014,DB00792,CC0 1.0,0.5,Dice similarity of ECFPs,true
DB08842,DB00583,CC0 1.0,0.5806,Dice similarity of ECFPs,true
DB08842,DB00583,CC0 1.0,0.5806,Dice similarity of ECFPs,true
DB00865,DB01182,CC0 1.0,0.5161,Dice similarity of ECFPs,true
DB00865,DB01182,CC0 1.0,0.5161,Dice similarity of ECFPs,true
DB00174,DB00130,CC0 1.0,0.766,Dice similarity of ECFPs,true
DB00174,DB00130,CC0 1.0,0.766,Dice similarity of ECFPs,true
DB00623,DB00831,CC0 1.0,0.8916,Dice similarity of ECFPs,true
DB00623,DB00831,CC0 1.0,0.8916,Dice similarity of ECFPs,true
DB00676,DB01320,CC0 1.0,0.5299,Dice similarity of ECFPs,true
DB00676,DB01320,CC0 1.0,0.5299,Dice similarity of ECFPs,true
DB01589,DB01511,CC0 1.0,0.619,Dice similarity of ECFPs,true
DB01589,DB01511,CC0 1.0,0.619,Dice similarity of ECFPs,true
DB00614,DB00336,CC0 1.0,0.6265,Dice similarity of ECFPs,true
DB00614,DB00336,CC0 1.0,0.6265,Dice similarity of ECFPs,true
DB00324,DB00223,CC0 1.0,0.7383,Dice similarity of ECFPs,true
DB00324,DB00223,CC0 1.0,0.7383,Dice similarity of ECFPs,true
DB00452,DB00684,CC0 1.0,0.6935,Dice similarity of ECFPs,true
DB00452,DB00684,CC0 1.0,0.6935,Dice similarity of ECFPs,true
DB08899,DB01128,CC0 1.0,0.5309,Dice similarity of ECFPs,true
DB08899,DB01128,CC0 1.0,0.5309,Dice similarity of ECFPs,true
DB06147,DB00359,CC0 1.0,0.7527,Dice similarity of ECFPs,true
DB06147,DB00359,CC0 1.0,0.7527,Dice similarity of ECFPs,true
DB01151,DB00192,CC0 1.0,0.5,Dice similarity of ECFPs,true
DB01151,DB00192,CC0 1.0,0.5,Dice similarity of ECFPs,true
DB01081,DB00813,CC0 1.0,0.5349,Dice similarity of ECFPs,true
DB01081,DB00813,CC0 1.0,0.5349,Dice similarity of ECFPs,true
DB00924,DB00366,CC0 1.0,0.5254,Dice similarity of ECFPs,true
DB00924,DB00366,CC0 1.0,0.5254,Dice similarity of ECFPs,true
DB01586,DB08834,CC0 1.0,0.8588,Dice similarity of ECFPs,true
DB01586,DB08834,CC0 1.0,0.8588,Dice similarity of ECFPs,true
DB00433,DB01242,CC0 1.0,0.6176,Dice similarity of ECFPs,true
DB00433,DB01242,CC0 1.0,0.6176,Dice similarity of ECFPs,true
DB01009,DB00784,CC0 1.0,0.5049,Dice similarity of ECFPs,true
DB01009,DB00784,CC0 1.0,0.5049,Dice similarity of ECFPs,true
DB01291,DB00871,CC0 1.0,0.6207,Dice similarity of ECFPs,true
DB01291,DB00871,CC0 1.0,0.6207,Dice similarity of ECFPs,true
DB01144,DB00999,CC0 1.0,0.5412,Dice similarity of ECFPs,true
DB01144,DB00999,CC0 1.0,0.5412,Dice similarity of ECFPs,true
DB00430,DB01150,CC0 1.0,0.5969,Dice similarity of ECFPs,true
DB00430,DB01150,CC0 1.0,0.5969,Dice similarity of ECFPs,true
DB00647,DB08990,CC0 1.0,0.5195,Dice similarity of ECFPs,true
DB00647,DB08990,CC0 1.0,0.5195,Dice similarity of ECFPs,true
DB08943,DB01127,CC0 1.0,0.8143,Dice similarity of ECFPs,true
DB08943,DB01127,CC0 1.0,0.8143,Dice similarity of ECFPs,true
DB00864,DB00337,CC0 1.0,0.9186,Dice similarity of ECFPs,true
DB00864,DB00337,CC0 1.0,0.9186,Dice similarity of ECFPs,true
DB00186,DB00829,CC0 1.0,0.569,Dice similarity of ECFPs,true
DB00186,DB00829,CC0 1.0,0.569,Dice similarity of ECFPs,true
DB00299,DB00787,CC0 1.0,0.7368,Dice similarity of ECFPs,true
DB00299,DB00787,CC0 1.0,0.7368,Dice similarity of ECFPs,true
DB00456,DB01332,CC0 1.0,0.5248,Dice similarity of ECFPs,true
DB00456,DB01332,CC0 1.0,0.5248,Dice similarity of ECFPs,true
DB00472,DB01012,CC0 1.0,0.5735,Dice similarity of ECFPs,true
DB00472,DB01012,CC0 1.0,0.5735,Dice similarity of ECFPs,true
DB00472,DB08984,CC0 1.0,0.5037,Dice similarity of ECFPs,true
DB00472,DB08984,CC0 1.0,0.5037,Dice similarity of ECFPs,true
DB01231,DB00676,CC0 1.0,0.5043,Dice similarity of ECFPs,true
DB01231,DB00676,CC0 1.0,0.5043,Dice similarity of ECFPs,true
DB01013,DB00596,CC0 1.0,0.8736,Dice similarity of ECFPs,true
DB01013,DB00596,CC0 1.0,0.8736,Dice similarity of ECFPs,true
DB00943,DB00709,CC0 1.0,0.7619,Dice similarity of ECFPs,true
DB00943,DB00709,CC0 1.0,0.7619,Dice similarity of ECFPs,true
DB00186,DB01588,CC0 1.0,0.544,Dice similarity of ECFPs,true
DB00186,DB01588,CC0 1.0,0.544,Dice similarity of ECFPs,true
DB01622,DB00670,CC0 1.0,0.55,Dice similarity of ECFPs,true
DB01622,DB00670,CC0 1.0,0.55,Dice similarity of ECFPs,true
DB00761,DB01164,CC0 1.0,0.5714,Dice similarity of ECFPs,true
DB00761,DB01164,CC0 1.0,0.5714,Dice similarity of ECFPs,true
DB01013,DB00838,CC0 1.0,0.5466,Dice similarity of ECFPs,true
DB01013,DB00838,CC0 1.0,0.5466,Dice similarity of ECFPs,true
DB08798,DB06729,CC0 1.0,0.5714,Dice similarity of ECFPs,true
DB08798,DB06729,CC0 1.0,0.5714,Dice similarity of ECFPs,true
DB00344,DB00340,CC0 1.0,0.5161,Dice similarity of ECFPs,true
DB00344,DB00340,CC0 1.0,0.5161,Dice similarity of ECFPs,true
DB00366,DB00333,CC0 1.0,0.5785,Dice similarity of ECFPs,true
DB00366,DB00333,CC0 1.0,0.5785,Dice similarity of ECFPs,true
DB00690,DB00613,CC0 1.0,0.517,Dice similarity of ECFPs,true
DB00690,DB00613,CC0 1.0,0.517,Dice similarity of ECFPs,true
DB00286,DB00990,CC0 1.0,0.5385,Dice similarity of ECFPs,true
DB00286,DB00990,CC0 1.0,0.5385,Dice similarity of ECFPs,true
DB00842,DB01594,CC0 1.0,0.6142,Dice similarity of ECFPs,true
DB00842,DB01594,CC0 1.0,0.6142,Dice similarity of ECFPs,true
DB06811,DB01245,CC0 1.0,0.5319,Dice similarity of ECFPs,true
DB06811,DB01245,CC0 1.0,0.5319,Dice similarity of ECFPs,true
DB00637,DB00813,CC0 1.0,0.5087,Dice similarity of ECFPs,true
DB00637,DB00813,CC0 1.0,0.5087,Dice similarity of ECFPs,true
DB00842,DB01545,CC0 1.0,0.6772,Dice similarity of ECFPs,true
DB00842,DB01545,CC0 1.0,0.6772,Dice similarity of ECFPs,true
DB00600,DB08941,CC0 1.0,0.6604,Dice similarity of ECFPs,true
DB00600,DB08941,CC0 1.0,0.6604,Dice similarity of ECFPs,true
DB00458,DB09003,CC0 1.0,0.5375,Dice similarity of ECFPs,true
DB00458,DB09003,CC0 1.0,0.5375,Dice similarity of ECFPs,true
DB00209,DB00333,CC0 1.0,0.5101,Dice similarity of ECFPs,true
DB00209,DB00333,CC0 1.0,0.5101,Dice similarity of ECFPs,true
DB00200,DB00115,CC0 1.0,0.8732,Dice similarity of ECFPs,true
DB00200,DB00115,CC0 1.0,0.8732,Dice similarity of ECFPs,true
DB01401,DB01399,CC0 1.0,0.5229,Dice similarity of ECFPs,true
DB01401,DB01399,CC0 1.0,0.5229,Dice similarity of ECFPs,true
DB00648,DB09002,CC0 1.0,0.5254,Dice similarity of ECFPs,true
DB00648,DB09002,CC0 1.0,0.5254,Dice similarity of ECFPs,true
DB01053,DB00689,CC0 1.0,0.5286,Dice similarity of ECFPs,true
DB01053,DB00689,CC0 1.0,0.5286,Dice similarity of ECFPs,true
DB04843,DB01625,CC0 1.0,0.5634,Dice similarity of ECFPs,true
DB04843,DB01625,CC0 1.0,0.5634,Dice similarity of ECFPs,true
DB09020,DB00748,CC0 1.0,0.5075,Dice similarity of ECFPs,true
DB09020,DB00748,CC0 1.0,0.5075,Dice similarity of ECFPs,true
DB00960,DB01297,CC0 1.0,0.6214,Dice similarity of ECFPs,true
DB00960,DB01297,CC0 1.0,0.6214,Dice similarity of ECFPs,true
DB01577,DB01482,CC0 1.0,0.5243,Dice similarity of ECFPs,true
DB01577,DB01482,CC0 1.0,0.5243,Dice similarity of ECFPs,true
DB01191,DB01577,CC0 1.0,0.5135,Dice similarity of ECFPs,true
DB01191,DB01577,CC0 1.0,0.5135,Dice similarity of ECFPs,true
DB02959,DB01235,CC0 1.0,0.6173,Dice similarity of ECFPs,true
DB02959,DB01235,CC0 1.0,0.6173,Dice similarity of ECFPs,true
DB00842,DB01567,CC0 1.0,0.569,Dice similarity of ECFPs,true
DB00842,DB01567,CC0 1.0,0.569,Dice similarity of ECFPs,true
DB01037,DB01550,CC0 1.0,0.6329,Dice similarity of ECFPs,true
DB01037,DB01550,CC0 1.0,0.6329,Dice similarity of ECFPs,true
DB00635,DB08970,CC0 1.0,0.6301,Dice similarity of ECFPs,true
DB00635,DB08970,CC0 1.0,0.6301,Dice similarity of ECFPs,true
DB01576,DB01550,CC0 1.0,0.6765,Dice similarity of ECFPs,true
DB01576,DB01550,CC0 1.0,0.6765,Dice similarity of ECFPs,true
DB06710,DB00378,CC0 1.0,0.576,Dice similarity of ECFPs,true
DB06710,DB00378,CC0 1.0,0.576,Dice similarity of ECFPs,true
DB00829,DB01558,CC0 1.0,0.5179,Dice similarity of ECFPs,true
DB00829,DB01558,CC0 1.0,0.5179,Dice similarity of ECFPs,true
DB01061,DB01602,CC0 1.0,0.6514,Dice similarity of ECFPs,true
DB01061,DB01602,CC0 1.0,0.6514,Dice similarity of ECFPs,true
DB00473,DB01062,CC0 1.0,0.5271,Dice similarity of ECFPs,true
DB00473,DB01062,CC0 1.0,0.5271,Dice similarity of ECFPs,true
DB01173,DB08903,CC0 1.0,0.5276,Dice similarity of ECFPs,true
DB01173,DB08903,CC0 1.0,0.5276,Dice similarity of ECFPs,true
DB01224,DB00831,CC0 1.0,0.55,Dice similarity of ECFPs,true
DB01224,DB00831,CC0 1.0,0.55,Dice similarity of ECFPs,true
DB01410,DB00394,CC0 1.0,0.5146,Dice similarity of ECFPs,true
DB01410,DB00394,CC0 1.0,0.5146,Dice similarity of ECFPs,true
DB00432,DB00249,CC0 1.0,0.8081,Dice similarity of ECFPs,true
DB00432,DB00249,CC0 1.0,0.8081,Dice similarity of ECFPs,true
DB00349,DB01489,CC0 1.0,0.5954,Dice similarity of ECFPs,true
DB00349,DB01489,CC0 1.0,0.5954,Dice similarity of ECFPs,true
DB01150,DB01329,CC0 1.0,0.5816,Dice similarity of ECFPs,true
DB01150,DB01329,CC0 1.0,0.5816,Dice similarity of ECFPs,true
DB00315,DB00216,CC0 1.0,0.5072,Dice similarity of ECFPs,true
DB00315,DB00216,CC0 1.0,0.5072,Dice similarity of ECFPs,true
DB00154,DB00132,CC0 1.0,0.8833,Dice similarity of ECFPs,true
DB00154,DB00132,CC0 1.0,0.8833,Dice similarity of ECFPs,true
DB00557,DB04841,CC0 1.0,0.622,Dice similarity of ECFPs,true
DB00557,DB04841,CC0 1.0,0.622,Dice similarity of ECFPs,true
DB01151,DB00902,CC0 1.0,0.562,Dice similarity of ECFPs,true
DB01151,DB00902,CC0 1.0,0.562,Dice similarity of ECFPs,true
DB01026,DB01167,CC0 1.0,0.6992,Dice similarity of ECFPs,true
DB01026,DB01167,CC0 1.0,0.6992,Dice similarity of ECFPs,true
DB00120,DB01235,CC0 1.0,0.6286,Dice similarity of ECFPs,true
DB00120,DB01235,CC0 1.0,0.6286,Dice similarity of ECFPs,true
DB00769,DB00700,CC0 1.0,0.5085,Dice similarity of ECFPs,true
DB00769,DB00700,CC0 1.0,0.5085,Dice similarity of ECFPs,true
DB01590,DB00337,CC0 1.0,0.6095,Dice similarity of ECFPs,true
DB01590,DB00337,CC0 1.0,0.6095,Dice similarity of ECFPs,true
DB00865,DB00745,CC0 1.0,0.566,Dice similarity of ECFPs,true
DB00865,DB00745,CC0 1.0,0.566,Dice similarity of ECFPs,true
DB01075,DB08990,CC0 1.0,0.5468,Dice similarity of ECFPs,true
DB01075,DB08990,CC0 1.0,0.5468,Dice similarity of ECFPs,true
DB01208,DB01137,CC0 1.0,0.517,Dice similarity of ECFPs,true
DB01208,DB01137,CC0 1.0,0.517,Dice similarity of ECFPs,true
DB01176,DB00561,CC0 1.0,0.5248,Dice similarity of ECFPs,true
DB01176,DB00561,CC0 1.0,0.5248,Dice similarity of ECFPs,true
DB00952,DB00918,CC0 1.0,0.6,Dice similarity of ECFPs,true
DB00952,DB00918,CC0 1.0,0.6,Dice similarity of ECFPs,true
DB00223,DB08970,CC0 1.0,0.6974,Dice similarity of ECFPs,true
DB00223,DB08970,CC0 1.0,0.6974,Dice similarity of ECFPs,true
DB00902,DB01246,CC0 1.0,0.7049,Dice similarity of ECFPs,true
DB00902,DB01246,CC0 1.0,0.7049,Dice similarity of ECFPs,true
DB01349,DB00678,CC0 1.0,0.678,Dice similarity of ECFPs,true
DB01349,DB00678,CC0 1.0,0.678,Dice similarity of ECFPs,true
DB00547,DB00894,CC0 1.0,0.5185,Dice similarity of ECFPs,true
DB00547,DB00894,CC0 1.0,0.5185,Dice similarity of ECFPs,true
DB00527,DB00892,CC0 1.0,0.6212,Dice similarity of ECFPs,true
DB00527,DB00892,CC0 1.0,0.6212,Dice similarity of ECFPs,true
DB00188,DB06218,CC0 1.0,0.5156,Dice similarity of ECFPs,true
DB00188,DB06218,CC0 1.0,0.5156,Dice similarity of ECFPs,true
DB00343,DB00420,CC0 1.0,0.5612,Dice similarity of ECFPs,true
DB00343,DB00420,CC0 1.0,0.5612,Dice similarity of ECFPs,true
DB00988,DB00179,CC0 1.0,0.5111,Dice similarity of ECFPs,true
DB00988,DB00179,CC0 1.0,0.5111,Dice similarity of ECFPs,true
DB01415,DB00671,CC0 1.0,0.7051,Dice similarity of ECFPs,true
DB01415,DB00671,CC0 1.0,0.7051,Dice similarity of ECFPs,true
DB00621,DB06718,CC0 1.0,0.7752,Dice similarity of ECFPs,true
DB00621,DB06718,CC0 1.0,0.7752,Dice similarity of ECFPs,true
DB00242,DB00442,CC0 1.0,0.537,Dice similarity of ECFPs,true
DB00242,DB00442,CC0 1.0,0.537,Dice similarity of ECFPs,true
DB01333,DB00535,CC0 1.0,0.5401,Dice similarity of ECFPs,true
DB01333,DB00535,CC0 1.0,0.5401,Dice similarity of ECFPs,true
DB00405,DB01237,CC0 1.0,0.7027,Dice similarity of ECFPs,true
DB00405,DB01237,CC0 1.0,0.7027,Dice similarity of ECFPs,true
DB00584,DB00519,CC0 1.0,0.8272,Dice similarity of ECFPs,true
DB00584,DB00519,CC0 1.0,0.8272,Dice similarity of ECFPs,true
DB00647,DB00333,CC0 1.0,0.7164,Dice similarity of ECFPs,true
DB00647,DB00333,CC0 1.0,0.7164,Dice similarity of ECFPs,true
DB00543,DB00967,CC0 1.0,0.5077,Dice similarity of ECFPs,true
DB00543,DB00967,CC0 1.0,0.5077,Dice similarity of ECFPs,true
DB00628,DB00683,CC0 1.0,0.5,Dice similarity of ECFPs,true
DB00628,DB00683,CC0 1.0,0.5,Dice similarity of ECFPs,true
DB00924,DB00498,CC0 1.0,0.5455,Dice similarity of ECFPs,true
DB00924,DB00498,CC0 1.0,0.5455,Dice similarity of ECFPs,true
DB00887,DB00695,CC0 1.0,0.5397,Dice similarity of ECFPs,true
DB00887,DB00695,CC0 1.0,0.5397,Dice similarity of ECFPs,true
DB08804,DB00717,CC0 1.0,0.596,Dice similarity of ECFPs,true
DB08804,DB00717,CC0 1.0,0.596,Dice similarity of ECFPs,true
DB00300,DB00118,CC0 1.0,0.5079,Dice similarity of ECFPs,true
DB00300,DB00118,CC0 1.0,0.5079,Dice similarity of ECFPs,true
DB00948,DB01000,CC0 1.0,0.5157,Dice similarity of ECFPs,true
DB00948,DB01000,CC0 1.0,0.5157,Dice similarity of ECFPs,true
DB06710,DB01395,CC0 1.0,0.5942,Dice similarity of ECFPs,true
DB06710,DB01395,CC0 1.0,0.5942,Dice similarity of ECFPs,true
DB00354,DB01091,CC0 1.0,0.586,Dice similarity of ECFPs,true
DB00354,DB01091,CC0 1.0,0.586,Dice similarity of ECFPs,true
DB00620,DB00741,CC0 1.0,0.5616,Dice similarity of ECFPs,true
DB00620,DB00741,CC0 1.0,0.5616,Dice similarity of ECFPs,true
DB00567,DB00535,CC0 1.0,0.5401,Dice similarity of ECFPs,true
DB00567,DB00535,CC0 1.0,0.5401,Dice similarity of ECFPs,true
DB00865,DB01075,CC0 1.0,0.6542,Dice similarity of ECFPs,true
DB00865,DB01075,CC0 1.0,0.6542,Dice similarity of ECFPs,true
DB01239,DB00748,CC0 1.0,0.5299,Dice similarity of ECFPs,true
DB01239,DB00748,CC0 1.0,0.5299,Dice similarity of ECFPs,true
DB01384,DB00838,CC0 1.0,0.6667,Dice similarity of ECFPs,true
DB01384,DB00838,CC0 1.0,0.6667,Dice similarity of ECFPs,true
DB00591,DB00838,CC0 1.0,0.6708,Dice similarity of ECFPs,true
DB00591,DB00838,CC0 1.0,0.6708,Dice similarity of ECFPs,true
DB00493,DB00535,CC0 1.0,0.7451,Dice similarity of ECFPs,true
DB00493,DB00535,CC0 1.0,0.7451,Dice similarity of ECFPs,true
DB00801,DB01511,CC0 1.0,0.5968,Dice similarity of ECFPs,true
DB00801,DB01511,CC0 1.0,0.5968,Dice similarity of ECFPs,true
DB01012,DB08998,CC0 1.0,0.5588,Dice similarity of ECFPs,true
DB01012,DB08998,CC0 1.0,0.5588,Dice similarity of ECFPs,true
DB01177,DB00445,CC0 1.0,0.8333,Dice similarity of ECFPs,true
DB01177,DB00445,CC0 1.0,0.8333,Dice similarity of ECFPs,true
DB04794,DB04938,CC0 1.0,0.5033,Dice similarity of ECFPs,true
DB04794,DB04938,CC0 1.0,0.5033,Dice similarity of ECFPs,true
DB00498,DB01125,CC0 1.0,0.7767,Dice similarity of ECFPs,true
DB00498,DB01125,CC0 1.0,0.7767,Dice similarity of ECFPs,true
DB00241,DB01352,CC0 1.0,0.7901,Dice similarity of ECFPs,true
DB00241,DB01352,CC0 1.0,0.7901,Dice similarity of ECFPs,true
DB00777,DB01063,CC0 1.0,0.6093,Dice similarity of ECFPs,true
DB00777,DB01063,CC0 1.0,0.6093,Dice similarity of ECFPs,true
DB00643,DB08974,CC0 1.0,0.6563,Dice similarity of ECFPs,true
DB00643,DB08974,CC0 1.0,0.6563,Dice similarity of ECFPs,true
DB01009,DB01600,CC0 1.0,0.7573,Dice similarity of ECFPs,true
DB01009,DB01600,CC0 1.0,0.7573,Dice similarity of ECFPs,true
DB00351,DB01185,CC0 1.0,0.5036,Dice similarity of ECFPs,true
DB00351,DB01185,CC0 1.0,0.5036,Dice similarity of ECFPs,true
DB00591,DB00180,CC0 1.0,0.8235,Dice similarity of ECFPs,true
DB00591,DB00180,CC0 1.0,0.8235,Dice similarity of ECFPs,true
DB00873,DB00443,CC0 1.0,0.5906,Dice similarity of ECFPs,true
DB00873,DB00443,CC0 1.0,0.5906,Dice similarity of ECFPs,true
DB00438,DB00671,CC0 1.0,0.6739,Dice similarity of ECFPs,true
DB00438,DB00671,CC0 1.0,0.6739,Dice similarity of ECFPs,true
DB00301,DB01060,CC0 1.0,0.6216,Dice similarity of ECFPs,true
DB00301,DB01060,CC0 1.0,0.6216,Dice similarity of ECFPs,true
DB00663,DB00443,CC0 1.0,0.7186,Dice similarity of ECFPs,true
DB00663,DB00443,CC0 1.0,0.7186,Dice similarity of ECFPs,true
DB00405,DB09020,CC0 1.0,0.5038,Dice similarity of ECFPs,true
DB00405,DB09020,CC0 1.0,0.5038,Dice similarity of ECFPs,true
DB01053,DB00485,CC0 1.0,0.6389,Dice similarity of ECFPs,true
DB01053,DB00485,CC0 1.0,0.6389,Dice similarity of ECFPs,true
DB01580,DB00866,CC0 1.0,0.835,Dice similarity of ECFPs,true
DB01580,DB00866,CC0 1.0,0.835,Dice similarity of ECFPs,true
DB00842,DB01511,CC0 1.0,0.6842,Dice similarity of ECFPs,true
DB00842,DB01511,CC0 1.0,0.6842,Dice similarity of ECFPs,true
DB00493,DB01415,CC0 1.0,0.6538,Dice similarity of ECFPs,true
DB00493,DB01415,CC0 1.0,0.6538,Dice similarity of ECFPs,true
DB00225,DB00789,CC0 1.0,0.6301,Dice similarity of ECFPs,true
DB00225,DB00789,CC0 1.0,0.6301,Dice similarity of ECFPs,true
DB00160,DB00174,CC0 1.0,0.5143,Dice similarity of ECFPs,true
DB00160,DB00174,CC0 1.0,0.5143,Dice similarity of ECFPs,true
DB01155,DB00978,CC0 1.0,0.5379,Dice similarity of ECFPs,true
DB01155,DB00978,CC0 1.0,0.5379,Dice similarity of ECFPs,true
DB00829,DB01489,CC0 1.0,0.7442,Dice similarity of ECFPs,true
DB00829,DB01489,CC0 1.0,0.7442,Dice similarity of ECFPs,true
DB08800,DB01242,CC0 1.0,0.5333,Dice similarity of ECFPs,true
DB08800,DB01242,CC0 1.0,0.5333,Dice similarity of ECFPs,true
DB08884,DB00225,CC0 1.0,0.6196,Dice similarity of ECFPs,true
DB08884,DB00225,CC0 1.0,0.6196,Dice similarity of ECFPs,true
DB01224,DB01623,CC0 1.0,0.5576,Dice similarity of ECFPs,true
DB01224,DB01623,CC0 1.0,0.5576,Dice similarity of ECFPs,true
DB01050,DB00573,CC0 1.0,0.5055,Dice similarity of ECFPs,true
DB01050,DB00573,CC0 1.0,0.5055,Dice similarity of ECFPs,true
DB00984,DB00717,CC0 1.0,0.604,Dice similarity of ECFPs,true
DB00984,DB00717,CC0 1.0,0.604,Dice similarity of ECFPs,true
DB01139,DB01416,CC0 1.0,0.5935,Dice similarity of ECFPs,true
DB01139,DB01416,CC0 1.0,0.5935,Dice similarity of ECFPs,true
DB00149,DB00859,CC0 1.0,0.5116,Dice similarity of ECFPs,true
DB00149,DB00859,CC0 1.0,0.5116,Dice similarity of ECFPs,true
DB01130,DB00894,CC0 1.0,0.5316,Dice similarity of ECFPs,true
DB01130,DB00894,CC0 1.0,0.5316,Dice similarity of ECFPs,true
DB08924,DB00191,CC0 1.0,0.5634,Dice similarity of ECFPs,true
DB08924,DB00191,CC0 1.0,0.5634,Dice similarity of ECFPs,true
DB01036,DB01620,CC0 1.0,0.5593,Dice similarity of ECFPs,true
DB01036,DB01620,CC0 1.0,0.5593,Dice similarity of ECFPs,true
DB01135,DB00565,CC0 1.0,0.6503,Dice similarity of ECFPs,true
DB01135,DB00565,CC0 1.0,0.6503,Dice similarity of ECFPs,true
DB01348,DB00691,CC0 1.0,0.7059,Dice similarity of ECFPs,true
DB01348,DB00691,CC0 1.0,0.7059,Dice similarity of ECFPs,true
DB01130,DB01234,CC0 1.0,0.5146,Dice similarity of ECFPs,true
DB01130,DB01234,CC0 1.0,0.5146,Dice similarity of ECFPs,true
DB04843,DB01501,CC0 1.0,0.5244,Dice similarity of ECFPs,true
DB04843,DB01501,CC0 1.0,0.5244,Dice similarity of ECFPs,true
DB00498,DB00321,CC0 1.0,0.5273,Dice similarity of ECFPs,true
DB00498,DB00321,CC0 1.0,0.5273,Dice similarity of ECFPs,true
DB01246,DB00321,CC0 1.0,0.5289,Dice similarity of ECFPs,true
DB01246,DB00321,CC0 1.0,0.5289,Dice similarity of ECFPs,true
DB01019,DB06709,CC0 1.0,0.8148,Dice similarity of ECFPs,true
DB01019,DB06709,CC0 1.0,0.8148,Dice similarity of ECFPs,true
DB01130,DB00180,CC0 1.0,0.5222,Dice similarity of ECFPs,true
DB01130,DB00180,CC0 1.0,0.5222,Dice similarity of ECFPs,true
DB00857,DB01091,CC0 1.0,0.6923,Dice similarity of ECFPs,true
DB00857,DB01091,CC0 1.0,0.6923,Dice similarity of ECFPs,true
DB01185,DB00894,CC0 1.0,0.5039,Dice similarity of ECFPs,true
DB01185,DB00894,CC0 1.0,0.5039,Dice similarity of ECFPs,true
DB08990,DB00333,CC0 1.0,0.5135,Dice similarity of ECFPs,true
DB08990,DB00333,CC0 1.0,0.5135,Dice similarity of ECFPs,true
DB00628,DB01068,CC0 1.0,0.5806,Dice similarity of ECFPs,true
DB00628,DB01068,CC0 1.0,0.5806,Dice similarity of ECFPs,true
DB00598,DB00841,CC0 1.0,0.5736,Dice similarity of ECFPs,true
DB00598,DB00841,CC0 1.0,0.5736,Dice similarity of ECFPs,true
DB00987,DB01296,CC0 1.0,0.5455,Dice similarity of ECFPs,true
DB00987,DB01296,CC0 1.0,0.5455,Dice similarity of ECFPs,true
DB05246,DB00754,CC0 1.0,0.5301,Dice similarity of ECFPs,true
DB05246,DB00754,CC0 1.0,0.5301,Dice similarity of ECFPs,true
DB00634,DB01124,CC0 1.0,0.6279,Dice similarity of ECFPs,true
DB00634,DB01124,CC0 1.0,0.6279,Dice similarity of ECFPs,true
DB01182,DB01399,CC0 1.0,0.512,Dice similarity of ECFPs,true
DB01182,DB01399,CC0 1.0,0.512,Dice similarity of ECFPs,true
DB01301,DB00759,CC0 1.0,0.8449,Dice similarity of ECFPs,true
DB01301,DB00759,CC0 1.0,0.8449,Dice similarity of ECFPs,true
DB00634,DB00891,CC0 1.0,0.6353,Dice similarity of ECFPs,true
DB00634,DB00891,CC0 1.0,0.6353,Dice similarity of ECFPs,true
DB00248,DB01186,CC0 1.0,0.6242,Dice similarity of ECFPs,true
DB00248,DB01186,CC0 1.0,0.6242,Dice similarity of ECFPs,true
DB03147,DB00131,CC0 1.0,0.5769,Dice similarity of ECFPs,true
DB03147,DB00131,CC0 1.0,0.5769,Dice similarity of ECFPs,true
DB08981,DB00870,CC0 1.0,0.5192,Dice similarity of ECFPs,true
DB08981,DB00870,CC0 1.0,0.5192,Dice similarity of ECFPs,true
DB01352,DB01154,CC0 1.0,0.6905,Dice similarity of ECFPs,true
DB01352,DB01154,CC0 1.0,0.6905,Dice similarity of ECFPs,true
DB00191,DB01550,CC0 1.0,0.5429,Dice similarity of ECFPs,true
DB00191,DB01550,CC0 1.0,0.5429,Dice similarity of ECFPs,true
DB00700,DB00396,CC0 1.0,0.5405,Dice similarity of ECFPs,true
DB00700,DB00396,CC0 1.0,0.5405,Dice similarity of ECFPs,true
DB00867,DB01102,CC0 1.0,0.629,Dice similarity of ECFPs,true
DB00867,DB01102,CC0 1.0,0.629,Dice similarity of ECFPs,true
DB00245,DB00209,CC0 1.0,0.5359,Dice similarity of ECFPs,true
DB00245,DB00209,CC0 1.0,0.5359,Dice similarity of ECFPs,true
DB00361,DB04877,CC0 1.0,0.526,Dice similarity of ECFPs,true
DB00361,DB04877,CC0 1.0,0.526,Dice similarity of ECFPs,true
DB00739,DB00301,CC0 1.0,0.5195,Dice similarity of ECFPs,true
DB00739,DB00301,CC0 1.0,0.5195,Dice similarity of ECFPs,true
DB00498,DB00540,CC0 1.0,0.537,Dice similarity of ECFPs,true
DB00498,DB00540,CC0 1.0,0.537,Dice similarity of ECFPs,true
DB00676,DB01075,CC0 1.0,0.5882,Dice similarity of ECFPs,true
DB00676,DB01075,CC0 1.0,0.5882,Dice similarity of ECFPs,true
DB00479,DB01421,CC0 1.0,0.7,Dice similarity of ECFPs,true
DB00479,DB01421,CC0 1.0,0.7,Dice similarity of ECFPs,true
DB01222,DB00860,CC0 1.0,0.7516,Dice similarity of ECFPs,true
DB01222,DB00860,CC0 1.0,0.7516,Dice similarity of ECFPs,true
DB01013,DB00635,CC0 1.0,0.5223,Dice similarity of ECFPs,true
DB01013,DB00635,CC0 1.0,0.5223,Dice similarity of ECFPs,true
DB00645,DB01231,CC0 1.0,0.5116,Dice similarity of ECFPs,true
DB00645,DB01231,CC0 1.0,0.5116,Dice similarity of ECFPs,true
DB01216,DB00858,CC0 1.0,0.5481,Dice similarity of ECFPs,true
DB01216,DB00858,CC0 1.0,0.5481,Dice similarity of ECFPs,true
DB00129,DB00174,CC0 1.0,0.5778,Dice similarity of ECFPs,true
DB00129,DB00174,CC0 1.0,0.5778,Dice similarity of ECFPs,true
DB01581,DB00634,CC0 1.0,0.6437,Dice similarity of ECFPs,true
DB01581,DB00634,CC0 1.0,0.6437,Dice similarity of ECFPs,true
DB00524,DB00562,CC0 1.0,0.5693,Dice similarity of ECFPs,true
DB00524,DB00562,CC0 1.0,0.5693,Dice similarity of ECFPs,true
DB01551,DB00674,CC0 1.0,0.6016,Dice similarity of ECFPs,true
DB01551,DB00674,CC0 1.0,0.6016,Dice similarity of ECFPs,true
DB06148,DB00751,CC0 1.0,0.7304,Dice similarity of ECFPs,true
DB06148,DB00751,CC0 1.0,0.7304,Dice similarity of ECFPs,true
DB00849,DB01320,CC0 1.0,0.521,Dice similarity of ECFPs,true
DB00849,DB01320,CC0 1.0,0.521,Dice similarity of ECFPs,true
DB00596,DB08971,CC0 1.0,0.559,Dice similarity of ECFPs,true
DB00596,DB08971,CC0 1.0,0.559,Dice similarity of ECFPs,true
DB00807,DB00892,CC0 1.0,0.8739,Dice similarity of ECFPs,true
DB00807,DB00892,CC0 1.0,0.8739,Dice similarity of ECFPs,true
DB00343,DB01125,CC0 1.0,0.5778,Dice similarity of ECFPs,true
DB00343,DB01125,CC0 1.0,0.5778,Dice similarity of ECFPs,true
DB01069,DB00392,CC0 1.0,0.8667,Dice similarity of ECFPs,true
DB01069,DB00392,CC0 1.0,0.8667,Dice similarity of ECFPs,true
DB00335,DB00571,CC0 1.0,0.6226,Dice similarity of ECFPs,true
DB00335,DB00571,CC0 1.0,0.6226,Dice similarity of ECFPs,true
DB00417,DB01060,CC0 1.0,0.6917,Dice similarity of ECFPs,true
DB00417,DB01060,CC0 1.0,0.6917,Dice similarity of ECFPs,true
DB01328,DB00567,CC0 1.0,0.6626,Dice similarity of ECFPs,true
DB01328,DB00567,CC0 1.0,0.6626,Dice similarity of ECFPs,true
DB00540,DB01142,CC0 1.0,0.7,Dice similarity of ECFPs,true
DB00540,DB01142,CC0 1.0,0.7,Dice similarity of ECFPs,true
DB00776,DB06802,CC0 1.0,0.5234,Dice similarity of ECFPs,true
DB00776,DB06802,CC0 1.0,0.5234,Dice similarity of ECFPs,true
DB01081,DB00950,CC0 1.0,0.5784,Dice similarity of ECFPs,true
DB01081,DB00950,CC0 1.0,0.5784,Dice similarity of ECFPs,true
DB06216,DB00408,CC0 1.0,0.5379,Dice similarity of ECFPs,true
DB06216,DB00408,CC0 1.0,0.5379,Dice similarity of ECFPs,true
DB08998,DB01091,CC0 1.0,0.5385,Dice similarity of ECFPs,true
DB08998,DB01091,CC0 1.0,0.5385,Dice similarity of ECFPs,true
DB01544,DB01559,CC0 1.0,0.6179,Dice similarity of ECFPs,true
DB01544,DB01559,CC0 1.0,0.6179,Dice similarity of ECFPs,true
DB00221,DB00816,CC0 1.0,0.5412,Dice similarity of ECFPs,true
DB00221,DB00816,CC0 1.0,0.5412,Dice similarity of ECFPs,true
DB01587,DB00829,CC0 1.0,0.6308,Dice similarity of ECFPs,true
DB01587,DB00829,CC0 1.0,0.6308,Dice similarity of ECFPs,true
DB01239,DB01624,CC0 1.0,0.7194,Dice similarity of ECFPs,true
DB01239,DB01624,CC0 1.0,0.7194,Dice similarity of ECFPs,true
DB00104,DB04894,CC0 1.0,0.8424,Dice similarity of ECFPs,true
DB00104,DB04894,CC0 1.0,0.8424,Dice similarity of ECFPs,true
DB01283,DB00784,CC0 1.0,0.5143,Dice similarity of ECFPs,true
DB01283,DB00784,CC0 1.0,0.5143,Dice similarity of ECFPs,true
DB00647,DB00865,CC0 1.0,0.6393,Dice similarity of ECFPs,true
DB00647,DB00865,CC0 1.0,0.6393,Dice similarity of ECFPs,true
DB01242,DB01608,CC0 1.0,0.5036,Dice similarity of ECFPs,true
DB01242,DB01608,CC0 1.0,0.5036,Dice similarity of ECFPs,true
DB01064,DB06707,CC0 1.0,0.7297,Dice similarity of ECFPs,true
DB01064,DB06707,CC0 1.0,0.7297,Dice similarity of ECFPs,true
DB01060,DB00485,CC0 1.0,0.6216,Dice similarity of ECFPs,true
DB01060,DB00485,CC0 1.0,0.6216,Dice similarity of ECFPs,true
DB01614,DB00902,CC0 1.0,0.5512,Dice similarity of ECFPs,true
DB01614,DB00902,CC0 1.0,0.5512,Dice similarity of ECFPs,true
DB00603,DB01395,CC0 1.0,0.5882,Dice similarity of ECFPs,true
DB00603,DB01395,CC0 1.0,0.5882,Dice similarity of ECFPs,true
DB00120,DB08924,CC0 1.0,0.5676,Dice similarity of ECFPs,true
DB00120,DB08924,CC0 1.0,0.5676,Dice similarity of ECFPs,true
DB01215,DB00579,CC0 1.0,0.5,Dice similarity of ECFPs,true
DB01215,DB00579,CC0 1.0,0.5,Dice similarity of ECFPs,true
DB01130,DB00635,CC0 1.0,0.6108,Dice similarity of ECFPs,true
DB01130,DB00635,CC0 1.0,0.6108,Dice similarity of ECFPs,true
DB01357,DB00655,CC0 1.0,0.6557,Dice similarity of ECFPs,true
DB01357,DB00655,CC0 1.0,0.6557,Dice similarity of ECFPs,true
DB01244,DB01146,CC0 1.0,0.539,Dice similarity of ECFPs,true
DB01244,DB01146,CC0 1.0,0.539,Dice similarity of ECFPs,true
DB00498,DB00170,CC0 1.0,0.5647,Dice similarity of ECFPs,true
DB00498,DB00170,CC0 1.0,0.5647,Dice similarity of ECFPs,true
DB01303,DB00277,CC0 1.0,0.5747,Dice similarity of ECFPs,true
DB01303,DB00277,CC0 1.0,0.5747,Dice similarity of ECFPs,true
DB00543,DB00579,CC0 1.0,0.5041,Dice similarity of ECFPs,true
DB00543,DB00579,CC0 1.0,0.5041,Dice similarity of ECFPs,true
DB00421,DB00396,CC0 1.0,0.6345,Dice similarity of ECFPs,true
DB00421,DB00396,CC0 1.0,0.6345,Dice similarity of ECFPs,true
DB00777,DB01621,CC0 1.0,0.5696,Dice similarity of ECFPs,true
DB00777,DB01621,CC0 1.0,0.5696,Dice similarity of ECFPs,true
DB00581,DB00284,CC0 1.0,0.514,Dice similarity of ECFPs,true
DB00581,DB00284,CC0 1.0,0.514,Dice similarity of ECFPs,true
DB01069,DB00420,CC0 1.0,0.8174,Dice similarity of ECFPs,true
DB01069,DB00420,CC0 1.0,0.8174,Dice similarity of ECFPs,true
DB00796,DB01029,CC0 1.0,0.6421,Dice similarity of ECFPs,true
DB00796,DB01029,CC0 1.0,0.6421,Dice similarity of ECFPs,true
DB00436,DB00774,CC0 1.0,0.688,Dice similarity of ECFPs,true
DB00436,DB00774,CC0 1.0,0.688,Dice similarity of ECFPs,true
DB00266,DB01418,CC0 1.0,0.5594,Dice similarity of ECFPs,true
DB00266,DB01418,CC0 1.0,0.5594,Dice similarity of ECFPs,true
DB01112,DB00923,CC0 1.0,0.5393,Dice similarity of ECFPs,true
DB01112,DB00923,CC0 1.0,0.5393,Dice similarity of ECFPs,true
DB00650,DB00158,CC0 1.0,0.7432,Dice similarity of ECFPs,true
DB00650,DB00158,CC0 1.0,0.7432,Dice similarity of ECFPs,true
DB00902,DB01071,CC0 1.0,0.7939,Dice similarity of ECFPs,true
DB00902,DB01071,CC0 1.0,0.7939,Dice similarity of ECFPs,true
DB00802,DB00899,CC0 1.0,0.65,Dice similarity of ECFPs,true
DB00802,DB00899,CC0 1.0,0.65,Dice similarity of ECFPs,true
DB00368,DB00968,CC0 1.0,0.5915,Dice similarity of ECFPs,true
DB00368,DB00968,CC0 1.0,0.5915,Dice similarity of ECFPs,true
DB01260,DB01384,CC0 1.0,0.6752,Dice similarity of ECFPs,true
DB01260,DB01384,CC0 1.0,0.6752,Dice similarity of ECFPs,true
DB01544,DB01588,CC0 1.0,0.5692,Dice similarity of ECFPs,true
DB01544,DB01588,CC0 1.0,0.5692,Dice similarity of ECFPs,true
DB08800,DB00835,CC0 1.0,0.6126,Dice similarity of ECFPs,true
DB08800,DB00835,CC0 1.0,0.6126,Dice similarity of ECFPs,true
DB00610,DB00723,CC0 1.0,0.5278,Dice similarity of ECFPs,true
DB00610,DB00723,CC0 1.0,0.5278,Dice similarity of ECFPs,true
DB00696,DB01049,CC0 1.0,0.6116,Dice similarity of ECFPs,true
DB00696,DB01049,CC0 1.0,0.6116,Dice similarity of ECFPs,true
DB01354,DB01353,CC0 1.0,0.5333,Dice similarity of ECFPs,true
DB01354,DB01353,CC0 1.0,0.5333,Dice similarity of ECFPs,true
DB01110,DB00239,CC0 1.0,0.8,Dice similarity of ECFPs,true
DB01110,DB00239,CC0 1.0,0.8,Dice similarity of ECFPs,true
DB00161,DB00151,CC0 1.0,0.5,Dice similarity of ECFPs,true
DB00161,DB00151,CC0 1.0,0.5,Dice similarity of ECFPs,true
DB01365,DB00852,CC0 1.0,0.5455,Dice similarity of ECFPs,true
DB01365,DB00852,CC0 1.0,0.5455,Dice similarity of ECFPs,true
DB00897,DB00683,CC0 1.0,0.7576,Dice similarity of ECFPs,true
DB00897,DB00683,CC0 1.0,0.7576,Dice similarity of ECFPs,true
DB00186,DB00363,CC0 1.0,0.5556,Dice similarity of ECFPs,true
DB00186,DB00363,CC0 1.0,0.5556,Dice similarity of ECFPs,true
DB01577,DB00217,CC0 1.0,0.6471,Dice similarity of ECFPs,true
DB01577,DB00217,CC0 1.0,0.6471,Dice similarity of ECFPs,true
DB00366,DB04837,CC0 1.0,0.6549,Dice similarity of ECFPs,true
DB00366,DB04837,CC0 1.0,0.6549,Dice similarity of ECFPs,true
DB01288,DB00983,CC0 1.0,0.6565,Dice similarity of ECFPs,true
DB01288,DB00983,CC0 1.0,0.6565,Dice similarity of ECFPs,true
DB00381,DB01023,CC0 1.0,0.7361,Dice similarity of ECFPs,true
DB00381,DB01023,CC0 1.0,0.7361,Dice similarity of ECFPs,true
DB00950,DB04890,CC0 1.0,0.5246,Dice similarity of ECFPs,true
DB00950,DB04890,CC0 1.0,0.5246,Dice similarity of ECFPs,true
DB00454,DB01081,CC0 1.0,0.6,Dice similarity of ECFPs,true
DB00454,DB01081,CC0 1.0,0.6,Dice similarity of ECFPs,true
DB08802,DB00902,CC0 1.0,0.5714,Dice similarity of ECFPs,true
DB08802,DB00902,CC0 1.0,0.5714,Dice similarity of ECFPs,true
DB00477,DB01621,CC0 1.0,0.649,Dice similarity of ECFPs,true
DB00477,DB01621,CC0 1.0,0.649,Dice similarity of ECFPs,true
DB01114,DB00420,CC0 1.0,0.5,Dice similarity of ECFPs,true
DB01114,DB00420,CC0 1.0,0.5,Dice similarity of ECFPs,true
DB06212,DB08828,CC0 1.0,0.5333,Dice similarity of ECFPs,true
DB06212,DB08828,CC0 1.0,0.5333,Dice similarity of ECFPs,true
DB00222,DB01251,CC0 1.0,0.6091,Dice similarity of ECFPs,true
DB00222,DB01251,CC0 1.0,0.6091,Dice similarity of ECFPs,true
DB01280,DB00242,CC0 1.0,0.6126,Dice similarity of ECFPs,true
DB01280,DB00242,CC0 1.0,0.6126,Dice similarity of ECFPs,true
DB00404,DB00475,CC0 1.0,0.6129,Dice similarity of ECFPs,true
DB00404,DB00475,CC0 1.0,0.6129,Dice similarity of ECFPs,true
DB00731,DB00178,CC0 1.0,0.5541,Dice similarity of ECFPs,true
DB00731,DB00178,CC0 1.0,0.5541,Dice similarity of ECFPs,true
DB01069,DB00333,CC0 1.0,0.562,Dice similarity of ECFPs,true
DB01069,DB00333,CC0 1.0,0.562,Dice similarity of ECFPs,true
DB00606,DB00880,CC0 1.0,0.6126,Dice similarity of ECFPs,true
DB00606,DB00880,CC0 1.0,0.6126,Dice similarity of ECFPs,true
DB00496,DB00333,CC0 1.0,0.5063,Dice similarity of ECFPs,true
DB00496,DB00333,CC0 1.0,0.5063,Dice similarity of ECFPs,true
DB00231,DB01489,CC0 1.0,0.8092,Dice similarity of ECFPs,true
DB00231,DB01489,CC0 1.0,0.8092,Dice similarity of ECFPs,true
DB00182,DB00120,CC0 1.0,0.7541,Dice similarity of ECFPs,true
DB00182,DB00120,CC0 1.0,0.7541,Dice similarity of ECFPs,true
DB09003,DB00831,CC0 1.0,0.5363,Dice similarity of ECFPs,true
DB09003,DB00831,CC0 1.0,0.5363,Dice similarity of ECFPs,true
DB00769,DB01410,CC0 1.0,0.5446,Dice similarity of ECFPs,true
DB00769,DB01410,CC0 1.0,0.5446,Dice similarity of ECFPs,true
DB00351,DB01420,CC0 1.0,0.5417,Dice similarity of ECFPs,true
DB00351,DB01420,CC0 1.0,0.5417,Dice similarity of ECFPs,true
DB00368,DB00221,CC0 1.0,0.6494,Dice similarity of ECFPs,true
DB00368,DB00221,CC0 1.0,0.6494,Dice similarity of ECFPs,true
DB00747,DB00572,CC0 1.0,0.7642,Dice similarity of ECFPs,true
DB00747,DB00572,CC0 1.0,0.7642,Dice similarity of ECFPs,true
DB00817,DB00487,CC0 1.0,0.5625,Dice similarity of ECFPs,true
DB00817,DB00487,CC0 1.0,0.5625,Dice similarity of ECFPs,true
DB00603,DB06710,CC0 1.0,0.6423,Dice similarity of ECFPs,true
DB00603,DB06710,CC0 1.0,0.6423,Dice similarity of ECFPs,true
DB00378,DB00741,CC0 1.0,0.5481,Dice similarity of ECFPs,true
DB00378,DB00741,CC0 1.0,0.5481,Dice similarity of ECFPs,true
DB01013,DB00873,CC0 1.0,0.5625,Dice similarity of ECFPs,true
DB01013,DB00873,CC0 1.0,0.5625,Dice similarity of ECFPs,true
DB01001,DB01210,CC0 1.0,0.5049,Dice similarity of ECFPs,true
DB01001,DB01210,CC0 1.0,0.5049,Dice similarity of ECFPs,true
DB00647,DB01182,CC0 1.0,0.5352,Dice similarity of ECFPs,true
DB00647,DB01182,CC0 1.0,0.5352,Dice similarity of ECFPs,true
DB04911,DB06402,CC0 1.0,0.7882,Dice similarity of ECFPs,true
DB04911,DB06402,CC0 1.0,0.7882,Dice similarity of ECFPs,true
DB01364,DB00191,CC0 1.0,0.5079,Dice similarity of ECFPs,true
DB01364,DB00191,CC0 1.0,0.5079,Dice similarity of ECFPs,true
DB01384,DB00588,CC0 1.0,0.5904,Dice similarity of ECFPs,true
DB01384,DB00588,CC0 1.0,0.5904,Dice similarity of ECFPs,true
DB00924,DB00792,CC0 1.0,0.5345,Dice similarity of ECFPs,true
DB00924,DB00792,CC0 1.0,0.5345,Dice similarity of ECFPs,true
DB00596,DB01234,CC0 1.0,0.6626,Dice similarity of ECFPs,true
DB00596,DB01234,CC0 1.0,0.6626,Dice similarity of ECFPs,true
DB01112,DB00267,CC0 1.0,0.6279,Dice similarity of ECFPs,true
DB01112,DB00267,CC0 1.0,0.6279,Dice similarity of ECFPs,true
DB00679,DB00477,CC0 1.0,0.6466,Dice similarity of ECFPs,true
DB00679,DB00477,CC0 1.0,0.6466,Dice similarity of ECFPs,true
DB00865,DB08990,CC0 1.0,0.5,Dice similarity of ECFPs,true
DB00865,DB08990,CC0 1.0,0.5,Dice similarity of ECFPs,true
DB01352,DB00312,CC0 1.0,0.6914,Dice similarity of ECFPs,true
DB01352,DB00312,CC0 1.0,0.6914,Dice similarity of ECFPs,true
DB01544,DB01587,CC0 1.0,0.5109,Dice similarity of ECFPs,true
DB01544,DB01587,CC0 1.0,0.5109,Dice similarity of ECFPs,true
DB01140,DB01326,CC0 1.0,0.6194,Dice similarity of ECFPs,true
DB01140,DB01326,CC0 1.0,0.6194,Dice similarity of ECFPs,true
DB00959,DB01380,CC0 1.0,0.5,Dice similarity of ECFPs,true
DB00959,DB01380,CC0 1.0,0.5,Dice similarity of ECFPs,true
DB01071,DB00726,CC0 1.0,0.5,Dice similarity of ECFPs,true
DB01071,DB00726,CC0 1.0,0.5,Dice similarity of ECFPs,true
DB00865,DB01626,CC0 1.0,0.5581,Dice similarity of ECFPs,true
DB00865,DB01626,CC0 1.0,0.5581,Dice similarity of ECFPs,true
DB01406,DB00977,CC0 1.0,0.6466,Dice similarity of ECFPs,true
DB01406,DB00977,CC0 1.0,0.6466,Dice similarity of ECFPs,true
DB00301,DB00578,CC0 1.0,0.6093,Dice similarity of ECFPs,true
DB00301,DB00578,CC0 1.0,0.6093,Dice similarity of ECFPs,true
DB00798,DB00684,CC0 1.0,0.5714,Dice similarity of ECFPs,true
DB00798,DB00684,CC0 1.0,0.5714,Dice similarity of ECFPs,true
DB00243,DB00571,CC0 1.0,0.507,Dice similarity of ECFPs,true
DB00243,DB00571,CC0 1.0,0.507,Dice similarity of ECFPs,true
DB00764,DB00838,CC0 1.0,0.64,Dice similarity of ECFPs,true
DB00764,DB00838,CC0 1.0,0.64,Dice similarity of ECFPs,true
DB00297,DB01002,CC0 1.0,1.0,Dice similarity of ECFPs,true
DB00297,DB01002,CC0 1.0,1.0,Dice similarity of ECFPs,true
DB00856,DB00874,CC0 1.0,0.6133,Dice similarity of ECFPs,true
DB00856,DB00874,CC0 1.0,0.6133,Dice similarity of ECFPs,true
DB00355,DB00671,CC0 1.0,0.5032,Dice similarity of ECFPs,true
DB00355,DB00671,CC0 1.0,0.5032,Dice similarity of ECFPs,true
DB01075,DB00234,CC0 1.0,0.5203,Dice similarity of ECFPs,true
DB01075,DB00234,CC0 1.0,0.5203,Dice similarity of ECFPs,true
DB00554,DB00891,CC0 1.0,0.5,Dice similarity of ECFPs,true
DB00554,DB00891,CC0 1.0,0.5,Dice similarity of ECFPs,true
DB00368,DB06707,CC0 1.0,0.7576,Dice similarity of ECFPs,true
DB00368,DB06707,CC0 1.0,0.7576,Dice similarity of ECFPs,true
DB08981,DB00676,CC0 1.0,0.5149,Dice similarity of ECFPs,true
DB08981,DB00676,CC0 1.0,0.5149,Dice similarity of ECFPs,true
DB01288,DB00179,CC0 1.0,0.562,Dice similarity of ECFPs,true
DB01288,DB00179,CC0 1.0,0.562,Dice similarity of ECFPs,true
DB01436,DB01070,CC0 1.0,0.625,Dice similarity of ECFPs,true
DB01436,DB01070,CC0 1.0,0.625,Dice similarity of ECFPs,true
DB01053,DB01121,CC0 1.0,0.5859,Dice similarity of ECFPs,true
DB01053,DB01121,CC0 1.0,0.5859,Dice similarity of ECFPs,true
DB05245,DB00576,CC0 1.0,0.5567,Dice similarity of ECFPs,true
DB05245,DB00576,CC0 1.0,0.5567,Dice similarity of ECFPs,true
DB00243,DB01063,CC0 1.0,0.5116,Dice similarity of ECFPs,true
DB00243,DB01063,CC0 1.0,0.5116,Dice similarity of ECFPs,true
DB00182,DB06218,CC0 1.0,0.5128,Dice similarity of ECFPs,true
DB00182,DB06218,CC0 1.0,0.5128,Dice similarity of ECFPs,true
DB01364,DB01577,CC0 1.0,0.6563,Dice similarity of ECFPs,true
DB01364,DB01577,CC0 1.0,0.6563,Dice similarity of ECFPs,true
DB06777,DB01586,CC0 1.0,1.0,Dice similarity of ECFPs,true
DB06777,DB01586,CC0 1.0,1.0,Dice similarity of ECFPs,true
DB00621,DB01108,CC0 1.0,0.5625,Dice similarity of ECFPs,true
DB00621,DB01108,CC0 1.0,0.5625,Dice similarity of ECFPs,true
DB00479,DB00684,CC0 1.0,0.7254,Dice similarity of ECFPs,true
DB00479,DB00684,CC0 1.0,0.7254,Dice similarity of ECFPs,true
DB01222,DB00959,CC0 1.0,0.6792,Dice similarity of ECFPs,true
DB01222,DB00959,CC0 1.0,0.6792,Dice similarity of ECFPs,true
DB01130,DB01384,CC0 1.0,0.538,Dice similarity of ECFPs,true
DB01130,DB01384,CC0 1.0,0.538,Dice similarity of ECFPs,true
DB08905,DB00741,CC0 1.0,0.5152,Dice similarity of ECFPs,true
DB08905,DB00741,CC0 1.0,0.5152,Dice similarity of ECFPs,true
DB01011,DB08983,CC0 1.0,0.5254,Dice similarity of ECFPs,true
DB01011,DB08983,CC0 1.0,0.5254,Dice similarity of ECFPs,true
DB01260,DB00394,CC0 1.0,0.5251,Dice similarity of ECFPs,true
DB01260,DB00394,CC0 1.0,0.5251,Dice similarity of ECFPs,true
DB00242,DB00131,CC0 1.0,0.5,Dice similarity of ECFPs,true
DB00242,DB00131,CC0 1.0,0.5,Dice similarity of ECFPs,true
DB00752,DB01463,CC0 1.0,0.56,Dice similarity of ECFPs,true
DB00752,DB01463,CC0 1.0,0.56,Dice similarity of ECFPs,true
DB01301,DB00931,CC0 1.0,0.5561,Dice similarity of ECFPs,true
DB01301,DB00931,CC0 1.0,0.5561,Dice similarity of ECFPs,true
DB00473,DB01252,CC0 1.0,0.5124,Dice similarity of ECFPs,true
DB00473,DB01252,CC0 1.0,0.5124,Dice similarity of ECFPs,true
DB00620,DB00860,CC0 1.0,0.6712,Dice similarity of ECFPs,true
DB00620,DB00860,CC0 1.0,0.6712,Dice similarity of ECFPs,true
DB00240,DB00741,CC0 1.0,0.5616,Dice similarity of ECFPs,true
DB00240,DB00741,CC0 1.0,0.5616,Dice similarity of ECFPs,true
DB00155,DB00134,CC0 1.0,0.5556,Dice similarity of ECFPs,true
DB00155,DB00134,CC0 1.0,0.5556,Dice similarity of ECFPs,true
DB00568,DB00737,CC0 1.0,0.6747,Dice similarity of ECFPs,true
DB00568,DB00737,CC0 1.0,0.6747,Dice similarity of ECFPs,true
DB01016,DB00222,CC0 1.0,0.6524,Dice similarity of ECFPs,true
DB01016,DB00222,CC0 1.0,0.6524,Dice similarity of ECFPs,true
DB09020,DB00835,CC0 1.0,0.5038,Dice similarity of ECFPs,true
DB09020,DB00835,CC0 1.0,0.5038,Dice similarity of ECFPs,true
DB01136,DB01182,CC0 1.0,0.6,Dice similarity of ECFPs,true
DB01136,DB01182,CC0 1.0,0.6,Dice similarity of ECFPs,true
DB00618,DB00254,CC0 1.0,0.7381,Dice similarity of ECFPs,true
DB00618,DB00254,CC0 1.0,0.7381,Dice similarity of ECFPs,true
DB00458,DB00776,CC0 1.0,0.5565,Dice similarity of ECFPs,true
DB00458,DB00776,CC0 1.0,0.5565,Dice similarity of ECFPs,true
DB01501,DB00257,CC0 1.0,0.5749,Dice similarity of ECFPs,true
DB01501,DB00257,CC0 1.0,0.5749,Dice similarity of ECFPs,true
DB01061,DB00833,CC0 1.0,0.5584,Dice similarity of ECFPs,true
DB01061,DB00833,CC0 1.0,0.5584,Dice similarity of ECFPs,true
DB00630,DB01077,CC0 1.0,0.6441,Dice similarity of ECFPs,true
DB00630,DB01077,CC0 1.0,0.6441,Dice similarity of ECFPs,true
DB00620,DB00873,CC0 1.0,0.5906,Dice similarity of ECFPs,true
DB00620,DB00873,CC0 1.0,0.5906,Dice similarity of ECFPs,true
DB01246,DB00831,CC0 1.0,0.5143,Dice similarity of ECFPs,true
DB01246,DB00831,CC0 1.0,0.5143,Dice similarity of ECFPs,true
DB08981,DB00500,CC0 1.0,0.5283,Dice similarity of ECFPs,true
DB08981,DB00500,CC0 1.0,0.5283,Dice similarity of ECFPs,true
DB00606,DB00232,CC0 1.0,0.6102,Dice similarity of ECFPs,true
DB00606,DB00232,CC0 1.0,0.6102,Dice similarity of ECFPs,true
DB01192,DB00295,CC0 1.0,0.5902,Dice similarity of ECFPs,true
DB01192,DB00295,CC0 1.0,0.5902,Dice similarity of ECFPs,true
DB00655,DB00990,CC0 1.0,0.5763,Dice similarity of ECFPs,true
DB00655,DB00990,CC0 1.0,0.5763,Dice similarity of ECFPs,true
DB06717,DB00673,CC0 1.0,0.8638,Dice similarity of ECFPs,true
DB06717,DB00673,CC0 1.0,0.8638,Dice similarity of ECFPs,true
DB08803,DB06694,CC0 1.0,0.5155,Dice similarity of ECFPs,true
DB08803,DB06694,CC0 1.0,0.5155,Dice similarity of ECFPs,true
DB00628,DB00801,CC0 1.0,0.6202,Dice similarity of ECFPs,true
DB00628,DB00801,CC0 1.0,0.6202,Dice similarity of ECFPs,true
DB01342,DB01029,CC0 1.0,0.6162,Dice similarity of ECFPs,true
DB01342,DB01029,CC0 1.0,0.6162,Dice similarity of ECFPs,true
DB00860,DB00741,CC0 1.0,0.8169,Dice similarity of ECFPs,true
DB00860,DB00741,CC0 1.0,0.8169,Dice similarity of ECFPs,true
DB00829,DB01215,CC0 1.0,0.7899,Dice similarity of ECFPs,true
DB00829,DB01215,CC0 1.0,0.7899,Dice similarity of ECFPs,true
DB00151,DB00130,CC0 1.0,0.5714,Dice similarity of ECFPs,true
DB00151,DB00130,CC0 1.0,0.5714,Dice similarity of ECFPs,true
DB01380,DB00741,CC0 1.0,0.72,Dice similarity of ECFPs,true
DB01380,DB00741,CC0 1.0,0.72,Dice similarity of ECFPs,true
DB00289,DB00192,CC0 1.0,0.5,Dice similarity of ECFPs,true
DB00289,DB00192,CC0 1.0,0.5,Dice similarity of ECFPs,true
DB06802,DB01009,CC0 1.0,0.6415,Dice similarity of ECFPs,true
DB06802,DB01009,CC0 1.0,0.6415,Dice similarity of ECFPs,true
DB00349,DB00363,CC0 1.0,0.5079,Dice similarity of ECFPs,true
DB00349,DB00363,CC0 1.0,0.5079,Dice similarity of ECFPs,true
DB00672,DB01124,CC0 1.0,0.8,Dice similarity of ECFPs,true
DB00672,DB01124,CC0 1.0,0.8,Dice similarity of ECFPs,true
DB08797,DB01399,CC0 1.0,0.55,Dice similarity of ECFPs,true
DB08797,DB01399,CC0 1.0,0.55,Dice similarity of ECFPs,true
DB00591,DB06781,CC0 1.0,0.6667,Dice similarity of ECFPs,true
DB00591,DB06781,CC0 1.0,0.6667,Dice similarity of ECFPs,true
DB01260,DB00324,CC0 1.0,0.5455,Dice similarity of ECFPs,true
DB01260,DB00324,CC0 1.0,0.5455,Dice similarity of ECFPs,true
DB01332,DB01066,CC0 1.0,0.7453,Dice similarity of ECFPs,true
DB01332,DB01066,CC0 1.0,0.7453,Dice similarity of ECFPs,true
DB01581,DB06147,CC0 1.0,0.7368,Dice similarity of ECFPs,true
DB01581,DB06147,CC0 1.0,0.7368,Dice similarity of ECFPs,true
DB01621,DB00680,CC0 1.0,0.5618,Dice similarity of ECFPs,true
DB01621,DB00680,CC0 1.0,0.5618,Dice similarity of ECFPs,true
DB00873,DB01384,CC0 1.0,0.6174,Dice similarity of ECFPs,true
DB00873,DB01384,CC0 1.0,0.6174,Dice similarity of ECFPs,true
DB01017,DB00254,CC0 1.0,0.7018,Dice similarity of ECFPs,true
DB01017,DB00254,CC0 1.0,0.7018,Dice similarity of ECFPs,true
DB01233,DB00721,CC0 1.0,0.5149,Dice similarity of ECFPs,true
DB01233,DB00721,CC0 1.0,0.5149,Dice similarity of ECFPs,true
DB00769,DB00896,CC0 1.0,0.5422,Dice similarity of ECFPs,true
DB00769,DB00896,CC0 1.0,0.5422,Dice similarity of ECFPs,true
DB00663,DB08971,CC0 1.0,0.5576,Dice similarity of ECFPs,true
DB00663,DB08971,CC0 1.0,0.5576,Dice similarity of ECFPs,true
DB00451,DB01583,CC0 1.0,0.6218,Dice similarity of ECFPs,true
DB00451,DB01583,CC0 1.0,0.6218,Dice similarity of ECFPs,true
DB01044,DB00487,CC0 1.0,0.5429,Dice similarity of ECFPs,true
DB01044,DB00487,CC0 1.0,0.5429,Dice similarity of ECFPs,true
DB00988,DB06262,CC0 1.0,0.5507,Dice similarity of ECFPs,true
DB00988,DB06262,CC0 1.0,0.5507,Dice similarity of ECFPs,true
DB00455,DB06766,CC0 1.0,0.5379,Dice similarity of ECFPs,true
DB00455,DB06766,CC0 1.0,0.5379,Dice similarity of ECFPs,true
DB00317,DB00530,CC0 1.0,0.5977,Dice similarity of ECFPs,true
DB00317,DB00530,CC0 1.0,0.5977,Dice similarity of ECFPs,true
DB01421,DB06696,CC0 1.0,0.5926,Dice similarity of ECFPs,true
DB01421,DB06696,CC0 1.0,0.5926,Dice similarity of ECFPs,true
DB06716,DB00818,CC0 1.0,0.6905,Dice similarity of ECFPs,true
DB06716,DB00818,CC0 1.0,0.6905,Dice similarity of ECFPs,true
DB00842,DB00543,CC0 1.0,0.5082,Dice similarity of ECFPs,true
DB00842,DB00543,CC0 1.0,0.5082,Dice similarity of ECFPs,true
DB00624,DB00984,CC0 1.0,0.5068,Dice similarity of ECFPs,true
DB00624,DB00984,CC0 1.0,0.5068,Dice similarity of ECFPs,true
DB01227,DB08990,CC0 1.0,0.5128,Dice similarity of ECFPs,true
DB01227,DB08990,CC0 1.0,0.5128,Dice similarity of ECFPs,true
DB09002,DB00283,CC0 1.0,0.5839,Dice similarity of ECFPs,true
DB09002,DB00283,CC0 1.0,0.5839,Dice similarity of ECFPs,true
DB00546,DB00683,CC0 1.0,0.6522,Dice similarity of ECFPs,true
DB00546,DB00683,CC0 1.0,0.6522,Dice similarity of ECFPs,true
DB04843,DB01146,CC0 1.0,0.5564,Dice similarity of ECFPs,true
DB04843,DB01146,CC0 1.0,0.5564,Dice similarity of ECFPs,true
DB01136,DB00706,CC0 1.0,0.5422,Dice similarity of ECFPs,true
DB01136,DB00706,CC0 1.0,0.5422,Dice similarity of ECFPs,true
DB00946,DB00234,CC0 1.0,0.5313,Dice similarity of ECFPs,true
DB00946,DB00234,CC0 1.0,0.5313,Dice similarity of ECFPs,true
DB01066,DB00535,CC0 1.0,0.7485,Dice similarity of ECFPs,true
DB01066,DB00535,CC0 1.0,0.7485,Dice similarity of ECFPs,true
DB00182,DB00731,CC0 1.0,0.5,Dice similarity of ECFPs,true
DB00182,DB00731,CC0 1.0,0.5,Dice similarity of ECFPs,true
DB01015,DB00250,CC0 1.0,0.5745,Dice similarity of ECFPs,true
DB01015,DB00250,CC0 1.0,0.5745,Dice similarity of ECFPs,true
DB00923,DB00267,CC0 1.0,0.6316,Dice similarity of ECFPs,true
DB00923,DB00267,CC0 1.0,0.6316,Dice similarity of ECFPs,true
DB00873,DB01420,CC0 1.0,0.5,Dice similarity of ECFPs,true
DB00873,DB01420,CC0 1.0,0.5,Dice similarity of ECFPs,true
DB00434,DB00408,CC0 1.0,0.5,Dice similarity of ECFPs,true
DB00434,DB00408,CC0 1.0,0.5,Dice similarity of ECFPs,true
DB00795,DB01250,CC0 1.0,0.6331,Dice similarity of ECFPs,true
DB00795,DB01250,CC0 1.0,0.6331,Dice similarity of ECFPs,true
DB00167,DB00149,CC0 1.0,0.6364,Dice similarity of ECFPs,true
DB00167,DB00149,CC0 1.0,0.6364,Dice similarity of ECFPs,true
DB00417,DB00578,CC0 1.0,0.7794,Dice similarity of ECFPs,true
DB00417,DB00578,CC0 1.0,0.7794,Dice similarity of ECFPs,true
DB00956,DB00674,CC0 1.0,0.5691,Dice similarity of ECFPs,true
DB00956,DB00674,CC0 1.0,0.5691,Dice similarity of ECFPs,true
DB01176,DB04843,CC0 1.0,0.5077,Dice similarity of ECFPs,true
DB01176,DB04843,CC0 1.0,0.5077,Dice similarity of ECFPs,true
DB00801,DB00231,CC0 1.0,0.6984,Dice similarity of ECFPs,true
DB00801,DB00231,CC0 1.0,0.6984,Dice similarity of ECFPs,true
DB00931,DB00618,CC0 1.0,0.619,Dice similarity of ECFPs,true
DB00931,DB00618,CC0 1.0,0.619,Dice similarity of ECFPs,true
DB00784,DB00945,CC0 1.0,0.5176,Dice similarity of ECFPs,true
DB00784,DB00945,CC0 1.0,0.5176,Dice similarity of ECFPs,true
DB00771,DB00333,CC0 1.0,0.5612,Dice similarity of ECFPs,true
DB00771,DB00333,CC0 1.0,0.5612,Dice similarity of ECFPs,true
DB01239,DB01069,CC0 1.0,0.5299,Dice similarity of ECFPs,true
DB01239,DB01069,CC0 1.0,0.5299,Dice similarity of ECFPs,true
DB00596,DB00240,CC0 1.0,0.5399,Dice similarity of ECFPs,true
DB00596,DB00240,CC0 1.0,0.5399,Dice similarity of ECFPs,true
DB01115,DB00381,CC0 1.0,0.6389,Dice similarity of ECFPs,true
DB01115,DB00381,CC0 1.0,0.6389,Dice similarity of ECFPs,true
DB00880,DB00524,CC0 1.0,0.5091,Dice similarity of ECFPs,true
DB00880,DB00524,CC0 1.0,0.5091,Dice similarity of ECFPs,true
DB00151,DB00117,CC0 1.0,0.5106,Dice similarity of ECFPs,true
DB00151,DB00117,CC0 1.0,0.5106,Dice similarity of ECFPs,true
DB01160,DB01240,CC0 1.0,0.6541,Dice similarity of ECFPs,true
DB01160,DB01240,CC0 1.0,0.6541,Dice similarity of ECFPs,true
DB00432,DB00552,CC0 1.0,0.5234,Dice similarity of ECFPs,true
DB00432,DB00552,CC0 1.0,0.5234,Dice similarity of ECFPs,true
DB01228,DB00216,CC0 1.0,0.5229,Dice similarity of ECFPs,true
DB01228,DB00216,CC0 1.0,0.5229,Dice similarity of ECFPs,true
DB00809,DB01075,CC0 1.0,0.5043,Dice similarity of ECFPs,true
DB00809,DB01075,CC0 1.0,0.5043,Dice similarity of ECFPs,true
DB00844,DB00327,CC0 1.0,0.5224,Dice similarity of ECFPs,true
DB00844,DB00327,CC0 1.0,0.5224,Dice similarity of ECFPs,true
DB00120,DB00780,CC0 1.0,0.6129,Dice similarity of ECFPs,true
DB00120,DB00780,CC0 1.0,0.6129,Dice similarity of ECFPs,true
DB01619,DB00370,CC0 1.0,0.5085,Dice similarity of ECFPs,true
DB01619,DB00370,CC0 1.0,0.5085,Dice similarity of ECFPs,true
DB01231,DB01148,CC0 1.0,0.5526,Dice similarity of ECFPs,true
DB01231,DB01148,CC0 1.0,0.5526,Dice similarity of ECFPs,true
DB01078,DB01396,CC0 1.0,0.8263,Dice similarity of ECFPs,true
DB01078,DB01396,CC0 1.0,0.8263,Dice similarity of ECFPs,true
DB01102,DB00179,CC0 1.0,0.544,Dice similarity of ECFPs,true
DB01102,DB00179,CC0 1.0,0.544,Dice similarity of ECFPs,true
DB00935,DB06694,CC0 1.0,0.78,Dice similarity of ECFPs,true
DB00935,DB06694,CC0 1.0,0.78,Dice similarity of ECFPs,true
DB00679,DB00831,CC0 1.0,0.6405,Dice similarity of ECFPs,true
DB00679,DB00831,CC0 1.0,0.6405,Dice similarity of ECFPs,true
DB01229,DB01248,CC0 1.0,0.8415,Dice similarity of ECFPs,true
DB01229,DB01248,CC0 1.0,0.8415,Dice similarity of ECFPs,true
DB00860,DB00547,CC0 1.0,0.6111,Dice similarity of ECFPs,true
DB00860,DB00547,CC0 1.0,0.6111,Dice similarity of ECFPs,true
DB04946,DB00734,CC0 1.0,0.625,Dice similarity of ECFPs,true
DB04946,DB00734,CC0 1.0,0.625,Dice similarity of ECFPs,true
DB00182,DB01255,CC0 1.0,0.6173,Dice similarity of ECFPs,true
DB00182,DB01255,CC0 1.0,0.6173,Dice similarity of ECFPs,true
DB06287,DB00877,CC0 1.0,0.9173,Dice similarity of ECFPs,true
DB06287,DB00877,CC0 1.0,0.9173,Dice similarity of ECFPs,true
DB00310,DB00579,CC0 1.0,0.5254,Dice similarity of ECFPs,true
DB00310,DB00579,CC0 1.0,0.5254,Dice similarity of ECFPs,true
DB01037,DB01576,CC0 1.0,0.6866,Dice similarity of ECFPs,true
DB01037,DB01576,CC0 1.0,0.6866,Dice similarity of ECFPs,true
DB00295,DB01466,CC0 1.0,0.8571,Dice similarity of ECFPs,true
DB00295,DB01466,CC0 1.0,0.8571,Dice similarity of ECFPs,true
DB00191,DB06218,CC0 1.0,0.5,Dice similarity of ECFPs,true
DB00191,DB06218,CC0 1.0,0.5,Dice similarity of ECFPs,true
DB01069,DB00321,CC0 1.0,0.5085,Dice similarity of ECFPs,true
DB01069,DB00321,CC0 1.0,0.5085,Dice similarity of ECFPs,true
DB00259,DB00891,CC0 1.0,0.6234,Dice similarity of ECFPs,true
DB00259,DB00891,CC0 1.0,0.6234,Dice similarity of ECFPs,true
DB00433,DB01622,CC0 1.0,0.8481,Dice similarity of ECFPs,true
DB00433,DB01622,CC0 1.0,0.8481,Dice similarity of ECFPs,true
DB00366,DB08801,CC0 1.0,0.6,Dice similarity of ECFPs,true
DB00366,DB08801,CC0 1.0,0.6,Dice similarity of ECFPs,true
DB00737,DB01149,CC0 1.0,0.5056,Dice similarity of ECFPs,true
DB00737,DB01149,CC0 1.0,0.5056,Dice similarity of ECFPs,true
DB01015,DB00634,CC0 1.0,0.6667,Dice similarity of ECFPs,true
DB01015,DB00634,CC0 1.0,0.6667,Dice similarity of ECFPs,true
DB00421,DB00741,CC0 1.0,0.5658,Dice similarity of ECFPs,true
DB00421,DB00741,CC0 1.0,0.5658,Dice similarity of ECFPs,true
DB01501,DB00333,CC0 1.0,0.5096,Dice similarity of ECFPs,true
DB01501,DB00333,CC0 1.0,0.5096,Dice similarity of ECFPs,true
DB01589,DB01567,CC0 1.0,0.7656,Dice similarity of ECFPs,true
DB01589,DB01567,CC0 1.0,0.7656,Dice similarity of ECFPs,true
DB00477,DB08996,CC0 1.0,0.6721,Dice similarity of ECFPs,true
DB00477,DB08996,CC0 1.0,0.6721,Dice similarity of ECFPs,true
DB00953,DB00918,CC0 1.0,0.6667,Dice similarity of ECFPs,true
DB00953,DB00918,CC0 1.0,0.6667,Dice similarity of ECFPs,true
DB00612,DB00571,CC0 1.0,0.5593,Dice similarity of ECFPs,true
DB00612,DB00571,CC0 1.0,0.5593,Dice similarity of ECFPs,true
DB01160,DB00429,CC0 1.0,0.7444,Dice similarity of ECFPs,true
DB01160,DB00429,CC0 1.0,0.7444,Dice similarity of ECFPs,true
DB00546,DB00231,CC0 1.0,0.6565,Dice similarity of ECFPs,true
DB00546,DB00231,CC0 1.0,0.6565,Dice similarity of ECFPs,true
DB00253,DB00896,CC0 1.0,0.539,Dice similarity of ECFPs,true
DB00253,DB00896,CC0 1.0,0.539,Dice similarity of ECFPs,true
DB01136,DB00243,CC0 1.0,0.5227,Dice similarity of ECFPs,true
DB01136,DB00243,CC0 1.0,0.5227,Dice similarity of ECFPs,true
DB00640,DB01296,CC0 1.0,0.5,Dice similarity of ECFPs,true
DB00640,DB01296,CC0 1.0,0.5,Dice similarity of ECFPs,true
DB01209,DB00854,CC0 1.0,0.6792,Dice similarity of ECFPs,true
DB01209,DB00854,CC0 1.0,0.6792,Dice similarity of ECFPs,true
DB06701,DB04838,CC0 1.0,0.5385,Dice similarity of ECFPs,true
DB06701,DB04838,CC0 1.0,0.5385,Dice similarity of ECFPs,true
DB01050,DB00788,CC0 1.0,0.5747,Dice similarity of ECFPs,true
DB01050,DB00788,CC0 1.0,0.5747,Dice similarity of ECFPs,true
DB00341,DB08936,CC0 1.0,0.7914,Dice similarity of ECFPs,true
DB00341,DB08936,CC0 1.0,0.7914,Dice similarity of ECFPs,true
DB01150,DB01326,CC0 1.0,0.5963,Dice similarity of ECFPs,true
DB01150,DB01326,CC0 1.0,0.5963,Dice similarity of ECFPs,true
DB00228,DB01189,CC0 1.0,0.625,Dice similarity of ECFPs,true
DB00228,DB01189,CC0 1.0,0.625,Dice similarity of ECFPs,true
DB01589,DB01215,CC0 1.0,0.5954,Dice similarity of ECFPs,true
DB01589,DB01215,CC0 1.0,0.5954,Dice similarity of ECFPs,true
DB00924,DB00540,CC0 1.0,0.6333,Dice similarity of ECFPs,true
DB00924,DB00540,CC0 1.0,0.6333,Dice similarity of ECFPs,true
DB06729,DB00576,CC0 1.0,0.5818,Dice similarity of ECFPs,true
DB06729,DB00576,CC0 1.0,0.5818,Dice similarity of ECFPs,true
DB00959,DB00860,CC0 1.0,0.8472,Dice similarity of ECFPs,true
DB00959,DB00860,CC0 1.0,0.8472,Dice similarity of ECFPs,true
DB00418,DB01154,CC0 1.0,0.8667,Dice similarity of ECFPs,true
DB00418,DB01154,CC0 1.0,0.8667,Dice similarity of ECFPs,true
DB01413,DB06590,CC0 1.0,0.5072,Dice similarity of ECFPs,true
DB01413,DB06590,CC0 1.0,0.5072,Dice similarity of ECFPs,true
DB01029,DB00678,CC0 1.0,0.7403,Dice similarity of ECFPs,true
DB01029,DB00678,CC0 1.0,0.7403,Dice similarity of ECFPs,true
DB01139,DB00689,CC0 1.0,0.7484,Dice similarity of ECFPs,true
DB01139,DB00689,CC0 1.0,0.7484,Dice similarity of ECFPs,true
DB08924,DB00780,CC0 1.0,0.5143,Dice similarity of ECFPs,true
DB08924,DB00780,CC0 1.0,0.5143,Dice similarity of ECFPs,true
DB01234,DB00894,CC0 1.0,0.5109,Dice similarity of ECFPs,true
DB01234,DB00894,CC0 1.0,0.5109,Dice similarity of ECFPs,true
DB00242,DB00928,CC0 1.0,0.5253,Dice similarity of ECFPs,true
DB00242,DB00928,CC0 1.0,0.5253,Dice similarity of ECFPs,true
DB00547,DB06781,CC0 1.0,0.5647,Dice similarity of ECFPs,true
DB00547,DB06781,CC0 1.0,0.5647,Dice similarity of ECFPs,true
DB00875,DB00850,CC0 1.0,0.5939,Dice similarity of ECFPs,true
DB00875,DB00850,CC0 1.0,0.5939,Dice similarity of ECFPs,true
DB00263,DB00891,CC0 1.0,0.6392,Dice similarity of ECFPs,true
DB00263,DB00891,CC0 1.0,0.6392,Dice similarity of ECFPs,true
DB00206,DB01089,CC0 1.0,0.9136,Dice similarity of ECFPs,true
DB00206,DB01089,CC0 1.0,0.9136,Dice similarity of ECFPs,true
DB00842,DB01215,CC0 1.0,0.6387,Dice similarity of ECFPs,true
DB00842,DB01215,CC0 1.0,0.6387,Dice similarity of ECFPs,true
DB01154,DB00474,CC0 1.0,0.5684,Dice similarity of ECFPs,true
DB01154,DB00474,CC0 1.0,0.5684,Dice similarity of ECFPs,true
DB00264,DB01214,CC0 1.0,0.5045,Dice similarity of ECFPs,true
DB00264,DB01214,CC0 1.0,0.5045,Dice similarity of ECFPs,true
DB00557,DB01063,CC0 1.0,0.5,Dice similarity of ECFPs,true
DB00557,DB01063,CC0 1.0,0.5,Dice similarity of ECFPs,true
DB01056,DB00750,CC0 1.0,0.5432,Dice similarity of ECFPs,true
DB01056,DB00750,CC0 1.0,0.5432,Dice similarity of ECFPs,true
DB01069,DB00831,CC0 1.0,0.5109,Dice similarity of ECFPs,true
DB01069,DB00831,CC0 1.0,0.5109,Dice similarity of ECFPs,true
DB01139,DB00267,CC0 1.0,0.5412,Dice similarity of ECFPs,true
DB01139,DB00267,CC0 1.0,0.5412,Dice similarity of ECFPs,true
DB00288,DB00394,CC0 1.0,0.6193,Dice similarity of ECFPs,true
DB00288,DB00394,CC0 1.0,0.6193,Dice similarity of ECFPs,true
DB00697,DB00575,CC0 1.0,0.6897,Dice similarity of ECFPs,true
DB00697,DB00575,CC0 1.0,0.6897,Dice similarity of ECFPs,true
DB00387,DB01062,CC0 1.0,0.5735,Dice similarity of ECFPs,true
DB00387,DB01062,CC0 1.0,0.5735,Dice similarity of ECFPs,true
DB00607,DB00415,CC0 1.0,0.7034,Dice similarity of ECFPs,true
DB00607,DB00415,CC0 1.0,0.7034,Dice similarity of ECFPs,true
DB01587,DB00683,CC0 1.0,0.5036,Dice similarity of ECFPs,true
DB01587,DB00683,CC0 1.0,0.5036,Dice similarity of ECFPs,true
DB08954,DB08936,CC0 1.0,0.5692,Dice similarity of ECFPs,true
DB08954,DB08936,CC0 1.0,0.5692,Dice similarity of ECFPs,true
DB00797,DB01121,CC0 1.0,0.5,Dice similarity of ECFPs,true
DB00797,DB01121,CC0 1.0,0.5,Dice similarity of ECFPs,true
DB04841,DB00737,CC0 1.0,0.6941,Dice similarity of ECFPs,true
DB04841,DB00737,CC0 1.0,0.6941,Dice similarity of ECFPs,true
DB00433,DB00777,CC0 1.0,0.5714,Dice similarity of ECFPs,true
DB00433,DB00777,CC0 1.0,0.5714,Dice similarity of ECFPs,true
DB08981,DB00465,CC0 1.0,0.537,Dice similarity of ECFPs,true
DB08981,DB00465,CC0 1.0,0.537,Dice similarity of ECFPs,true
DB08903,DB01091,CC0 1.0,0.5057,Dice similarity of ECFPs,true
DB08903,DB01091,CC0 1.0,0.5057,Dice similarity of ECFPs,true
DB00610,DB00852,CC0 1.0,0.5231,Dice similarity of ECFPs,true
DB00610,DB00852,CC0 1.0,0.5231,Dice similarity of ECFPs,true
DB00645,DB00481,CC0 1.0,0.5625,Dice similarity of ECFPs,true
DB00645,DB00481,CC0 1.0,0.5625,Dice similarity of ECFPs,true
DB01173,DB00792,CC0 1.0,0.5893,Dice similarity of ECFPs,true
DB01173,DB00792,CC0 1.0,0.5893,Dice similarity of ECFPs,true
DB00739,DB01147,CC0 1.0,0.5789,Dice similarity of ECFPs,true
DB00739,DB01147,CC0 1.0,0.5789,Dice similarity of ECFPs,true
DB00149,DB00174,CC0 1.0,0.5455,Dice similarity of ECFPs,true
DB00149,DB00174,CC0 1.0,0.5455,Dice similarity of ECFPs,true
DB01137,DB00978,CC0 1.0,0.6286,Dice similarity of ECFPs,true
DB01137,DB00978,CC0 1.0,0.6286,Dice similarity of ECFPs,true
DB00408,DB01624,CC0 1.0,0.5342,Dice similarity of ECFPs,true
DB00408,DB01624,CC0 1.0,0.5342,Dice similarity of ECFPs,true
DB00829,DB01595,CC0 1.0,0.6667,Dice similarity of ECFPs,true
DB00829,DB01595,CC0 1.0,0.6667,Dice similarity of ECFPs,true
DB00719,DB00967,CC0 1.0,0.7077,Dice similarity of ECFPs,true
DB00719,DB00967,CC0 1.0,0.7077,Dice similarity of ECFPs,true
DB01242,DB01621,CC0 1.0,0.5195,Dice similarity of ECFPs,true
DB01242,DB01621,CC0 1.0,0.5195,Dice similarity of ECFPs,true
DB00249,DB00242,CC0 1.0,0.5657,Dice similarity of ECFPs,true
DB00249,DB00242,CC0 1.0,0.5657,Dice similarity of ECFPs,true
DB01288,DB01274,CC0 1.0,0.6565,Dice similarity of ECFPs,true
DB01288,DB01274,CC0 1.0,0.6565,Dice similarity of ECFPs,true
DB01219,DB01595,CC0 1.0,0.512,Dice similarity of ECFPs,true
DB01219,DB01595,CC0 1.0,0.512,Dice similarity of ECFPs,true
DB01017,DB01301,CC0 1.0,0.6526,Dice similarity of ECFPs,true
DB01017,DB01301,CC0 1.0,0.6526,Dice similarity of ECFPs,true
DB00603,DB00253,CC0 1.0,0.6528,Dice similarity of ECFPs,true
DB00603,DB00253,CC0 1.0,0.6528,Dice similarity of ECFPs,true
DB00500,DB00963,CC0 1.0,0.6168,Dice similarity of ECFPs,true
DB00500,DB00963,CC0 1.0,0.6168,Dice similarity of ECFPs,true
DB06710,DB00894,CC0 1.0,0.5691,Dice similarity of ECFPs,true
DB06710,DB00894,CC0 1.0,0.5691,Dice similarity of ECFPs,true
DB01063,DB00392,CC0 1.0,0.5034,Dice similarity of ECFPs,true
DB01063,DB00392,CC0 1.0,0.5034,Dice similarity of ECFPs,true
DB00952,DB00216,CC0 1.0,0.5874,Dice similarity of ECFPs,true
DB00952,DB00216,CC0 1.0,0.5874,Dice similarity of ECFPs,true
DB00640,DB00300,CC0 1.0,0.5333,Dice similarity of ECFPs,true
DB00640,DB00300,CC0 1.0,0.5333,Dice similarity of ECFPs,true
DB06150,DB00250,CC0 1.0,0.5143,Dice similarity of ECFPs,true
DB06150,DB00250,CC0 1.0,0.5143,Dice similarity of ECFPs,true
DB09000,DB01242,CC0 1.0,0.5313,Dice similarity of ECFPs,true
DB09000,DB01242,CC0 1.0,0.5313,Dice similarity of ECFPs,true
DB00849,DB01437,CC0 1.0,0.6596,Dice similarity of ECFPs,true
DB00849,DB01437,CC0 1.0,0.6596,Dice similarity of ECFPs,true
DB01588,DB01589,CC0 1.0,0.6222,Dice similarity of ECFPs,true
DB01588,DB01589,CC0 1.0,0.6222,Dice similarity of ECFPs,true
DB08828,DB01628,CC0 1.0,0.5352,Dice similarity of ECFPs,true
DB08828,DB01628,CC0 1.0,0.5352,Dice similarity of ECFPs,true
DB01100,DB00973,CC0 1.0,0.5652,Dice similarity of ECFPs,true
DB01100,DB00973,CC0 1.0,0.5652,Dice similarity of ECFPs,true
DB08941,DB00852,CC0 1.0,0.5684,Dice similarity of ECFPs,true
DB08941,DB00852,CC0 1.0,0.5684,Dice similarity of ECFPs,true
DB06711,DB00571,CC0 1.0,0.5294,Dice similarity of ECFPs,true
DB06711,DB00571,CC0 1.0,0.5294,Dice similarity of ECFPs,true
DB09002,DB01146,CC0 1.0,0.5692,Dice similarity of ECFPs,true
DB09002,DB01146,CC0 1.0,0.5692,Dice similarity of ECFPs,true
DB00902,DB00392,CC0 1.0,0.688,Dice similarity of ECFPs,true
DB00902,DB00392,CC0 1.0,0.688,Dice similarity of ECFPs,true
DB00797,DB01626,CC0 1.0,0.5143,Dice similarity of ECFPs,true
DB00797,DB01626,CC0 1.0,0.5143,Dice similarity of ECFPs,true
DB01262,DB00442,CC0 1.0,0.5455,Dice similarity of ECFPs,true
DB01262,DB00442,CC0 1.0,0.5455,Dice similarity of ECFPs,true
DB08827,DB00872,CC0 1.0,0.5375,Dice similarity of ECFPs,true
DB08827,DB00872,CC0 1.0,0.5375,Dice similarity of ECFPs,true
DB00897,DB01489,CC0 1.0,0.5217,Dice similarity of ECFPs,true
DB00897,DB01489,CC0 1.0,0.5217,Dice similarity of ECFPs,true
DB01587,DB01489,CC0 1.0,0.5517,Dice similarity of ECFPs,true
DB01587,DB01489,CC0 1.0,0.5517,Dice similarity of ECFPs,true
DB00453,DB00256,CC0 1.0,0.744,Dice similarity of ECFPs,true
DB00453,DB00256,CC0 1.0,0.744,Dice similarity of ECFPs,true
DB00187,DB00571,CC0 1.0,0.5893,Dice similarity of ECFPs,true
DB00187,DB00571,CC0 1.0,0.5893,Dice similarity of ECFPs,true
DB00456,DB01333,CC0 1.0,0.5652,Dice similarity of ECFPs,true
DB00456,DB01333,CC0 1.0,0.5652,Dice similarity of ECFPs,true
DB00417,DB01602,CC0 1.0,0.6536,Dice similarity of ECFPs,true
DB00417,DB01602,CC0 1.0,0.6536,Dice similarity of ECFPs,true
DB01620,DB00748,CC0 1.0,0.6606,Dice similarity of ECFPs,true
DB01620,DB00748,CC0 1.0,0.6606,Dice similarity of ECFPs,true
DB00452,DB00284,CC0 1.0,0.5714,Dice similarity of ECFPs,true
DB00452,DB00284,CC0 1.0,0.5714,Dice similarity of ECFPs,true
DB00493,DB00923,CC0 1.0,0.5111,Dice similarity of ECFPs,true
DB00493,DB00923,CC0 1.0,0.5111,Dice similarity of ECFPs,true
DB04574,DB00783,CC0 1.0,0.6452,Dice similarity of ECFPs,true
DB04574,DB00783,CC0 1.0,0.6452,Dice similarity of ECFPs,true
DB00664,DB05245,CC0 1.0,0.6408,Dice similarity of ECFPs,true
DB00664,DB05245,CC0 1.0,0.6408,Dice similarity of ECFPs,true
DB04794,DB01075,CC0 1.0,0.5197,Dice similarity of ECFPs,true
DB04794,DB01075,CC0 1.0,0.5197,Dice similarity of ECFPs,true
DB00950,DB00354,CC0 1.0,0.5361,Dice similarity of ECFPs,true
DB00950,DB00354,CC0 1.0,0.5361,Dice similarity of ECFPs,true
DB00989,DB01400,CC0 1.0,0.6444,Dice similarity of ECFPs,true
DB00989,DB01400,CC0 1.0,0.6444,Dice similarity of ECFPs,true
DB00146,DB00136,CC0 1.0,0.8765,Dice similarity of ECFPs,true
DB00146,DB00136,CC0 1.0,0.8765,Dice similarity of ECFPs,true
DB00349,DB00776,CC0 1.0,0.531,Dice similarity of ECFPs,true
DB00349,DB00776,CC0 1.0,0.531,Dice similarity of ECFPs,true
DB01260,DB00591,CC0 1.0,0.75,Dice similarity of ECFPs,true
DB01260,DB00591,CC0 1.0,0.75,Dice similarity of ECFPs,true
DB01406,DB06710,CC0 1.0,0.6667,Dice similarity of ECFPs,true
DB01406,DB06710,CC0 1.0,0.6667,Dice similarity of ECFPs,true
DB00993,DB00173,CC0 1.0,0.5542,Dice similarity of ECFPs,true
DB00993,DB00173,CC0 1.0,0.5542,Dice similarity of ECFPs,true
DB00811,DB00131,CC0 1.0,0.5138,Dice similarity of ECFPs,true
DB00811,DB00131,CC0 1.0,0.5138,Dice similarity of ECFPs,true
DB00768,DB00321,CC0 1.0,0.6818,Dice similarity of ECFPs,true
DB00768,DB00321,CC0 1.0,0.6818,Dice similarity of ECFPs,true
DB00525,DB01091,CC0 1.0,0.5344,Dice similarity of ECFPs,true
DB00525,DB01091,CC0 1.0,0.5344,Dice similarity of ECFPs,true
DB01235,DB00179,CC0 1.0,0.5361,Dice similarity of ECFPs,true
DB01235,DB00179,CC0 1.0,0.5361,Dice similarity of ECFPs,true
DB00275,DB00966,CC0 1.0,0.6049,Dice similarity of ECFPs,true
DB00275,DB00966,CC0 1.0,0.6049,Dice similarity of ECFPs,true
DB08944,DB00333,CC0 1.0,0.5139,Dice similarity of ECFPs,true
DB08944,DB00333,CC0 1.0,0.5139,Dice similarity of ECFPs,true
DB00547,DB08970,CC0 1.0,0.7568,Dice similarity of ECFPs,true
DB00547,DB08970,CC0 1.0,0.7568,Dice similarity of ECFPs,true
DB01262,DB00709,CC0 1.0,0.5349,Dice similarity of ECFPs,true
DB01262,DB00709,CC0 1.0,0.5349,Dice similarity of ECFPs,true
DB01544,DB00231,CC0 1.0,0.5691,Dice similarity of ECFPs,true
DB01544,DB00231,CC0 1.0,0.5691,Dice similarity of ECFPs,true
DB01084,DB00334,CC0 1.0,0.5,Dice similarity of ECFPs,true
DB01084,DB00334,CC0 1.0,0.5,Dice similarity of ECFPs,true
DB00263,DB08798,CC0 1.0,0.7959,Dice similarity of ECFPs,true
DB00263,DB08798,CC0 1.0,0.7959,Dice similarity of ECFPs,true
DB01075,DB00813,CC0 1.0,0.5,Dice similarity of ECFPs,true
DB01075,DB00813,CC0 1.0,0.5,Dice similarity of ECFPs,true
DB00180,DB01047,CC0 1.0,0.7303,Dice similarity of ECFPs,true
DB00180,DB01047,CC0 1.0,0.7303,Dice similarity of ECFPs,true
DB01044,DB00537,CC0 1.0,0.6809,Dice similarity of ECFPs,true
DB01044,DB00537,CC0 1.0,0.6809,Dice similarity of ECFPs,true
DB00956,DB01466,CC0 1.0,0.6357,Dice similarity of ECFPs,true
DB00956,DB01466,CC0 1.0,0.6357,Dice similarity of ECFPs,true
DB00145,DB00133,CC0 1.0,0.5,Dice similarity of ECFPs,true
DB00145,DB00133,CC0 1.0,0.5,Dice similarity of ECFPs,true
DB00560,DB00254,CC0 1.0,0.567,Dice similarity of ECFPs,true
DB00560,DB00254,CC0 1.0,0.567,Dice similarity of ECFPs,true
DB00366,DB01237,CC0 1.0,0.5789,Dice similarity of ECFPs,true
DB00366,DB01237,CC0 1.0,0.5789,Dice similarity of ECFPs,true
DB00865,DB00675,CC0 1.0,0.5113,Dice similarity of ECFPs,true
DB00865,DB00675,CC0 1.0,0.5113,Dice similarity of ECFPs,true
DB01196,DB04575,CC0 1.0,0.575,Dice similarity of ECFPs,true
DB01196,DB04575,CC0 1.0,0.575,Dice similarity of ECFPs,true
DB00050,DB00403,CC0 1.0,0.61,Dice similarity of ECFPs,true
DB00050,DB00403,CC0 1.0,0.61,Dice similarity of ECFPs,true
DB08801,DB08996,CC0 1.0,0.528,Dice similarity of ECFPs,true
DB08801,DB08996,CC0 1.0,0.528,Dice similarity of ECFPs,true
DB08906,DB06781,CC0 1.0,0.6465,Dice similarity of ECFPs,true
DB08906,DB06781,CC0 1.0,0.6465,Dice similarity of ECFPs,true
DB00430,DB01326,CC0 1.0,0.7255,Dice similarity of ECFPs,true
DB00430,DB01326,CC0 1.0,0.7255,Dice similarity of ECFPs,true
DB01203,DB00374,CC0 1.0,0.5324,Dice similarity of ECFPs,true
DB01203,DB00374,CC0 1.0,0.5324,Dice similarity of ECFPs,true
DB00264,DB01295,CC0 1.0,0.5645,Dice similarity of ECFPs,true
DB00264,DB01295,CC0 1.0,0.5645,Dice similarity of ECFPs,true
DB01354,DB00312,CC0 1.0,0.5217,Dice similarity of ECFPs,true
DB01354,DB00312,CC0 1.0,0.5217,Dice similarity of ECFPs,true
DB01231,DB00333,CC0 1.0,0.5606,Dice similarity of ECFPs,true
DB01231,DB00333,CC0 1.0,0.5606,Dice similarity of ECFPs,true
DB01328,DB01329,CC0 1.0,0.6393,Dice similarity of ECFPs,true
DB01328,DB01329,CC0 1.0,0.6393,Dice similarity of ECFPs,true
DB01018,DB00586,CC0 1.0,0.5161,Dice similarity of ECFPs,true
DB01018,DB00586,CC0 1.0,0.5161,Dice similarity of ECFPs,true
DB00865,DB01433,CC0 1.0,0.5968,Dice similarity of ECFPs,true
DB00865,DB01433,CC0 1.0,0.5968,Dice similarity of ECFPs,true
DB00408,DB00831,CC0 1.0,0.5034,Dice similarity of ECFPs,true
DB00408,DB00831,CC0 1.0,0.5034,Dice similarity of ECFPs,true
DB00104,DB00781,CC0 1.0,0.5535,Dice similarity of ECFPs,true
DB00104,DB00781,CC0 1.0,0.5535,Dice similarity of ECFPs,true
DB00135,DB00279,CC0 1.0,0.5361,Dice similarity of ECFPs,true
DB00135,DB00279,CC0 1.0,0.5361,Dice similarity of ECFPs,true
DB00873,DB00240,CC0 1.0,0.6443,Dice similarity of ECFPs,true
DB00873,DB00240,CC0 1.0,0.6443,Dice similarity of ECFPs,true
DB01280,DB00171,CC0 1.0,0.5532,Dice similarity of ECFPs,true
DB01280,DB00171,CC0 1.0,0.5532,Dice similarity of ECFPs,true
DB01102,DB08957,CC0 1.0,0.6846,Dice similarity of ECFPs,true
DB01102,DB08957,CC0 1.0,0.6846,Dice similarity of ECFPs,true
DB00873,DB00896,CC0 1.0,0.7347,Dice similarity of ECFPs,true
DB00873,DB00896,CC0 1.0,0.7347,Dice similarity of ECFPs,true
DB00913,DB08979,CC0 1.0,0.5649,Dice similarity of ECFPs,true
DB00913,DB08979,CC0 1.0,0.5649,Dice similarity of ECFPs,true
DB00324,DB08970,CC0 1.0,0.6667,Dice similarity of ECFPs,true
DB00324,DB08970,CC0 1.0,0.6667,Dice similarity of ECFPs,true
DB00245,DB01146,CC0 1.0,0.8154,Dice similarity of ECFPs,true
DB00245,DB01146,CC0 1.0,0.8154,Dice similarity of ECFPs,true
DB06775,DB06151,CC0 1.0,0.5172,Dice similarity of ECFPs,true
DB06775,DB06151,CC0 1.0,0.5172,Dice similarity of ECFPs,true
DB00366,DB08996,CC0 1.0,0.521,Dice similarity of ECFPs,true
DB00366,DB08996,CC0 1.0,0.521,Dice similarity of ECFPs,true
DB01544,DB01511,CC0 1.0,0.5785,Dice similarity of ECFPs,true
DB01544,DB01511,CC0 1.0,0.5785,Dice similarity of ECFPs,true
DB00335,DB00195,CC0 1.0,0.7368,Dice similarity of ECFPs,true
DB00335,DB00195,CC0 1.0,0.7368,Dice similarity of ECFPs,true
DB01173,DB00748,CC0 1.0,0.6667,Dice similarity of ECFPs,true
DB01173,DB00748,CC0 1.0,0.6667,Dice similarity of ECFPs,true
DB00844,DB00704,CC0 1.0,0.8,Dice similarity of ECFPs,true
DB00844,DB00704,CC0 1.0,0.8,Dice similarity of ECFPs,true
DB00765,DB00316,CC0 1.0,0.597,Dice similarity of ECFPs,true
DB00765,DB00316,CC0 1.0,0.597,Dice similarity of ECFPs,true
DB01182,DB00991,CC0 1.0,0.5,Dice similarity of ECFPs,true
DB01182,DB00991,CC0 1.0,0.5,Dice similarity of ECFPs,true
DB06795,DB00250,CC0 1.0,0.5063,Dice similarity of ECFPs,true
DB06795,DB00250,CC0 1.0,0.5063,Dice similarity of ECFPs,true
DB01174,DB00306,CC0 1.0,0.5169,Dice similarity of ECFPs,true
DB01174,DB00306,CC0 1.0,0.5169,Dice similarity of ECFPs,true
DB01072,DB01601,CC0 1.0,0.5037,Dice similarity of ECFPs,true
DB01072,DB01601,CC0 1.0,0.5037,Dice similarity of ECFPs,true
DB00656,DB00850,CC0 1.0,0.5806,Dice similarity of ECFPs,true
DB00656,DB00850,CC0 1.0,0.5806,Dice similarity of ECFPs,true
DB01086,DB00634,CC0 1.0,0.5714,Dice similarity of ECFPs,true
DB01086,DB00634,CC0 1.0,0.5714,Dice similarity of ECFPs,true
DB08943,DB00639,CC0 1.0,0.6713,Dice similarity of ECFPs,true
DB08943,DB00639,CC0 1.0,0.6713,Dice similarity of ECFPs,true
DB00664,DB06150,CC0 1.0,0.6847,Dice similarity of ECFPs,true
DB00664,DB06150,CC0 1.0,0.6847,Dice similarity of ECFPs,true
DB01616,DB08994,CC0 1.0,0.5303,Dice similarity of ECFPs,true
DB01616,DB08994,CC0 1.0,0.5303,Dice similarity of ECFPs,true
DB00240,DB00394,CC0 1.0,0.5233,Dice similarity of ECFPs,true
DB00240,DB00394,CC0 1.0,0.5233,Dice similarity of ECFPs,true
DB00664,DB01582,CC0 1.0,0.6667,Dice similarity of ECFPs,true
DB00664,DB01582,CC0 1.0,0.6667,Dice similarity of ECFPs,true
DB00835,DB00748,CC0 1.0,0.7387,Dice similarity of ECFPs,true
DB00835,DB00748,CC0 1.0,0.7387,Dice similarity of ECFPs,true
DB00166,DB00513,CC0 1.0,0.5517,Dice similarity of ECFPs,true
DB00166,DB00513,CC0 1.0,0.5517,Dice similarity of ECFPs,true
DB00603,DB00396,CC0 1.0,0.6143,Dice similarity of ECFPs,true
DB00603,DB00396,CC0 1.0,0.6143,Dice similarity of ECFPs,true
DB00341,DB00502,CC0 1.0,0.5263,Dice similarity of ECFPs,true
DB00341,DB00502,CC0 1.0,0.5263,Dice similarity of ECFPs,true
DB01174,DB00754,CC0 1.0,0.5393,Dice similarity of ECFPs,true
DB01174,DB00754,CC0 1.0,0.5393,Dice similarity of ECFPs,true
DB01137,DB01165,CC0 1.0,1.0,Dice similarity of ECFPs,true
DB01137,DB01165,CC0 1.0,1.0,Dice similarity of ECFPs,true
DB00568,DB00745,CC0 1.0,0.5217,Dice similarity of ECFPs,true
DB00568,DB00745,CC0 1.0,0.5217,Dice similarity of ECFPs,true
DB01184,DB01608,CC0 1.0,0.5399,Dice similarity of ECFPs,true
DB01184,DB01608,CC0 1.0,0.5399,Dice similarity of ECFPs,true
DB01586,DB00858,CC0 1.0,0.5362,Dice similarity of ECFPs,true
DB01586,DB00858,CC0 1.0,0.5362,Dice similarity of ECFPs,true
DB00647,DB01173,CC0 1.0,0.5669,Dice similarity of ECFPs,true
DB00647,DB01173,CC0 1.0,0.5669,Dice similarity of ECFPs,true
DB00666,DB00644,CC0 1.0,0.8284,Dice similarity of ECFPs,true
DB00666,DB00644,CC0 1.0,0.8284,Dice similarity of ECFPs,true
DB00192,DB00571,CC0 1.0,0.5042,Dice similarity of ECFPs,true
DB00192,DB00571,CC0 1.0,0.5042,Dice similarity of ECFPs,true
DB00846,DB00687,CC0 1.0,0.535,Dice similarity of ECFPs,true
DB00846,DB00687,CC0 1.0,0.535,Dice similarity of ECFPs,true
DB01013,DB01410,CC0 1.0,0.5128,Dice similarity of ECFPs,true
DB01013,DB01410,CC0 1.0,0.5128,Dice similarity of ECFPs,true
DB02546,DB01121,CC0 1.0,0.5111,Dice similarity of ECFPs,true
DB02546,DB01121,CC0 1.0,0.5111,Dice similarity of ECFPs,true
DB00598,DB01428,CC0 1.0,0.5391,Dice similarity of ECFPs,true
DB00598,DB01428,CC0 1.0,0.5391,Dice similarity of ECFPs,true
DB00679,DB00680,CC0 1.0,0.55,Dice similarity of ECFPs,true
DB00679,DB00680,CC0 1.0,0.55,Dice similarity of ECFPs,true
DB06800,DB00844,CC0 1.0,0.6122,Dice similarity of ECFPs,true
DB06800,DB00844,CC0 1.0,0.6122,Dice similarity of ECFPs,true
DB01062,DB00219,CC0 1.0,0.7778,Dice similarity of ECFPs,true
DB01062,DB00219,CC0 1.0,0.7778,Dice similarity of ECFPs,true
DB01121,DB01550,CC0 1.0,0.5,Dice similarity of ECFPs,true
DB01121,DB01550,CC0 1.0,0.5,Dice similarity of ECFPs,true
DB01380,DB01185,CC0 1.0,0.5694,Dice similarity of ECFPs,true
DB01380,DB01185,CC0 1.0,0.5694,Dice similarity of ECFPs,true
DB00415,DB01061,CC0 1.0,0.7712,Dice similarity of ECFPs,true
DB00415,DB01061,CC0 1.0,0.7712,Dice similarity of ECFPs,true
DB05246,DB00832,CC0 1.0,0.65,Dice similarity of ECFPs,true
DB05246,DB00832,CC0 1.0,0.65,Dice similarity of ECFPs,true
DB00978,DB00685,CC0 1.0,0.5033,Dice similarity of ECFPs,true
DB00978,DB00685,CC0 1.0,0.5033,Dice similarity of ECFPs,true
DB01222,DB00324,CC0 1.0,0.5063,Dice similarity of ECFPs,true
DB01222,DB00324,CC0 1.0,0.5063,Dice similarity of ECFPs,true
DB00596,DB00838,CC0 1.0,0.6503,Dice similarity of ECFPs,true
DB00596,DB00838,CC0 1.0,0.6503,Dice similarity of ECFPs,true
DB01067,DB00672,CC0 1.0,0.5075,Dice similarity of ECFPs,true
DB01067,DB00672,CC0 1.0,0.5075,Dice similarity of ECFPs,true
DB00596,DB00547,CC0 1.0,0.5963,Dice similarity of ECFPs,true
DB00596,DB00547,CC0 1.0,0.5963,Dice similarity of ECFPs,true
DB01268,DB01035,CC0 1.0,0.5197,Dice similarity of ECFPs,true
DB01268,DB01035,CC0 1.0,0.5197,Dice similarity of ECFPs,true
DB01602,DB01604,CC0 1.0,0.8208,Dice similarity of ECFPs,true
DB01602,DB01604,CC0 1.0,0.8208,Dice similarity of ECFPs,true
DB00316,DB01297,CC0 1.0,0.6098,Dice similarity of ECFPs,true
DB00316,DB01297,CC0 1.0,0.6098,Dice similarity of ECFPs,true
DB00306,DB01154,CC0 1.0,0.7586,Dice similarity of ECFPs,true
DB00306,DB01154,CC0 1.0,0.7586,Dice similarity of ECFPs,true
DB01235,DB01064,CC0 1.0,0.5455,Dice similarity of ECFPs,true
DB01235,DB01064,CC0 1.0,0.5455,Dice similarity of ECFPs,true
DB01619,DB00540,CC0 1.0,0.5254,Dice similarity of ECFPs,true
DB01619,DB00540,CC0 1.0,0.5254,Dice similarity of ECFPs,true
DB01262,DB00552,CC0 1.0,0.6531,Dice similarity of ECFPs,true
DB01262,DB00552,CC0 1.0,0.6531,Dice similarity of ECFPs,true
DB01050,DB01168,CC0 1.0,0.5476,Dice similarity of ECFPs,true
DB01050,DB01168,CC0 1.0,0.5476,Dice similarity of ECFPs,true
DB00324,DB00959,CC0 1.0,0.7034,Dice similarity of ECFPs,true
DB00324,DB00959,CC0 1.0,0.7034,Dice similarity of ECFPs,true
DB00880,DB00562,CC0 1.0,0.6325,Dice similarity of ECFPs,true
DB00880,DB00562,CC0 1.0,0.6325,Dice similarity of ECFPs,true
DB01614,DB09000,CC0 1.0,0.7077,Dice similarity of ECFPs,true
DB01614,DB09000,CC0 1.0,0.7077,Dice similarity of ECFPs,true
DB00933,DB01621,CC0 1.0,0.6386,Dice similarity of ECFPs,true
DB00933,DB01621,CC0 1.0,0.6386,Dice similarity of ECFPs,true
DB00340,DB00434,CC0 1.0,0.5077,Dice similarity of ECFPs,true
DB00340,DB00434,CC0 1.0,0.5077,Dice similarity of ECFPs,true
DB06218,DB00731,CC0 1.0,0.5263,Dice similarity of ECFPs,true
DB06218,DB00731,CC0 1.0,0.5263,Dice similarity of ECFPs,true
DB00798,DB06696,CC0 1.0,0.5521,Dice similarity of ECFPs,true
DB00798,DB06696,CC0 1.0,0.5521,Dice similarity of ECFPs,true
DB00433,DB00408,CC0 1.0,0.6,Dice similarity of ECFPs,true
DB00433,DB00408,CC0 1.0,0.6,Dice similarity of ECFPs,true
DB00849,DB00474,CC0 1.0,0.5051,Dice similarity of ECFPs,true
DB00849,DB00474,CC0 1.0,0.5051,Dice similarity of ECFPs,true
DB00409,DB01425,CC0 1.0,0.5827,Dice similarity of ECFPs,true
DB00409,DB01425,CC0 1.0,0.5827,Dice similarity of ECFPs,true
DB00647,DB04837,CC0 1.0,0.5873,Dice similarity of ECFPs,true
DB00647,DB04837,CC0 1.0,0.5873,Dice similarity of ECFPs,true
DB01346,DB00468,CC0 1.0,0.7459,Dice similarity of ECFPs,true
DB01346,DB00468,CC0 1.0,0.7459,Dice similarity of ECFPs,true
DB01397,DB01399,CC0 1.0,0.7339,Dice similarity of ECFPs,true
DB01397,DB01399,CC0 1.0,0.7339,Dice similarity of ECFPs,true
DB00351,DB00253,CC0 1.0,0.5211,Dice similarity of ECFPs,true
DB00351,DB00253,CC0 1.0,0.5211,Dice similarity of ECFPs,true
DB01567,DB01489,CC0 1.0,0.626,Dice similarity of ECFPs,true
DB01567,DB01489,CC0 1.0,0.626,Dice similarity of ECFPs,true
DB01037,DB00217,CC0 1.0,0.5263,Dice similarity of ECFPs,true
DB01037,DB00217,CC0 1.0,0.5263,Dice similarity of ECFPs,true
DB00897,DB01553,CC0 1.0,0.5,Dice similarity of ECFPs,true
DB00897,DB01553,CC0 1.0,0.5,Dice similarity of ECFPs,true
DB01120,DB00839,CC0 1.0,0.7603,Dice similarity of ECFPs,true
DB01120,DB00839,CC0 1.0,0.7603,Dice similarity of ECFPs,true
DB01421,DB00581,CC0 1.0,0.5287,Dice similarity of ECFPs,true
DB01421,DB00581,CC0 1.0,0.5287,Dice similarity of ECFPs,true
DB00458,DB01173,CC0 1.0,0.5593,Dice similarity of ECFPs,true
DB00458,DB01173,CC0 1.0,0.5593,Dice similarity of ECFPs,true
DB01147,DB00578,CC0 1.0,0.6711,Dice similarity of ECFPs,true
DB01147,DB00578,CC0 1.0,0.6711,Dice similarity of ECFPs,true
DB00368,DB01064,CC0 1.0,0.75,Dice similarity of ECFPs,true
DB00368,DB01064,CC0 1.0,0.75,Dice similarity of ECFPs,true
DB00676,DB00729,CC0 1.0,0.562,Dice similarity of ECFPs,true
DB00676,DB00729,CC0 1.0,0.562,Dice similarity of ECFPs,true
DB01365,DB01121,CC0 1.0,0.5507,Dice similarity of ECFPs,true
DB01365,DB01121,CC0 1.0,0.5507,Dice similarity of ECFPs,true
DB05245,DB00891,CC0 1.0,0.6735,Dice similarity of ECFPs,true
DB05245,DB00891,CC0 1.0,0.6735,Dice similarity of ECFPs,true
DB01416,DB01066,CC0 1.0,0.7811,Dice similarity of ECFPs,true
DB01416,DB01066,CC0 1.0,0.7811,Dice similarity of ECFPs,true
DB00891,DB00576,CC0 1.0,0.6526,Dice similarity of ECFPs,true
DB00891,DB00576,CC0 1.0,0.6526,Dice similarity of ECFPs,true
DB00801,DB01594,CC0 1.0,0.5985,Dice similarity of ECFPs,true
DB00801,DB01594,CC0 1.0,0.5985,Dice similarity of ECFPs,true
DB00182,DB00914,CC0 1.0,0.5429,Dice similarity of ECFPs,true
DB00182,DB00914,CC0 1.0,0.5429,Dice similarity of ECFPs,true
DB00123,DB00513,CC0 1.0,0.64,Dice similarity of ECFPs,true
DB00123,DB00513,CC0 1.0,0.64,Dice similarity of ECFPs,true
DB00149,DB00128,CC0 1.0,0.5455,Dice similarity of ECFPs,true
DB00149,DB00128,CC0 1.0,0.5455,Dice similarity of ECFPs,true
DB05245,DB06147,CC0 1.0,0.6316,Dice similarity of ECFPs,true
DB05245,DB06147,CC0 1.0,0.6316,Dice similarity of ECFPs,true
DB01210,DB00571,CC0 1.0,0.5,Dice similarity of ECFPs,true
DB01210,DB00571,CC0 1.0,0.5,Dice similarity of ECFPs,true
DB00655,DB00783,CC0 1.0,0.7895,Dice similarity of ECFPs,true
DB00655,DB00783,CC0 1.0,0.7895,Dice similarity of ECFPs,true
DB01551,DB01452,CC0 1.0,0.6331,Dice similarity of ECFPs,true
DB01551,DB01452,CC0 1.0,0.6331,Dice similarity of ECFPs,true
DB00603,DB00846,CC0 1.0,0.5,Dice similarity of ECFPs,true
DB00603,DB00846,CC0 1.0,0.5,Dice similarity of ECFPs,true
DB00561,DB01146,CC0 1.0,0.5139,Dice similarity of ECFPs,true
DB00561,DB01146,CC0 1.0,0.5139,Dice similarity of ECFPs,true
DB09015,DB01420,CC0 1.0,0.5278,Dice similarity of ECFPs,true
DB09015,DB01420,CC0 1.0,0.5278,Dice similarity of ECFPs,true
DB00293,DB00116,CC0 1.0,0.5876,Dice similarity of ECFPs,true
DB00293,DB00116,CC0 1.0,0.5876,Dice similarity of ECFPs,true
DB00264,DB00960,CC0 1.0,0.6154,Dice similarity of ECFPs,true
DB00264,DB00960,CC0 1.0,0.6154,Dice similarity of ECFPs,true
DB00640,DB00242,CC0 1.0,0.6038,Dice similarity of ECFPs,true
DB00640,DB00242,CC0 1.0,0.6038,Dice similarity of ECFPs,true
DB00988,DB00968,CC0 1.0,0.6667,Dice similarity of ECFPs,true
DB00988,DB00968,CC0 1.0,0.6667,Dice similarity of ECFPs,true
DB00712,DB01600,CC0 1.0,0.62,Dice similarity of ECFPs,true
DB00712,DB01600,CC0 1.0,0.62,Dice similarity of ECFPs,true
DB01071,DB01622,CC0 1.0,0.5325,Dice similarity of ECFPs,true
DB01071,DB01622,CC0 1.0,0.5325,Dice similarity of ECFPs,true
DB00473,DB00383,CC0 1.0,0.5354,Dice similarity of ECFPs,true
DB00473,DB00383,CC0 1.0,0.5354,Dice similarity of ECFPs,true
DB01235,DB00233,CC0 1.0,0.5455,Dice similarity of ECFPs,true
DB01235,DB00233,CC0 1.0,0.5455,Dice similarity of ECFPs,true
DB00849,DB00252,CC0 1.0,0.5385,Dice similarity of ECFPs,true
DB00849,DB00252,CC0 1.0,0.5385,Dice similarity of ECFPs,true
DB00957,DB06730,CC0 1.0,0.6525,Dice similarity of ECFPs,true
DB00957,DB06730,CC0 1.0,0.6525,Dice similarity of ECFPs,true
DB00507,DB00945,CC0 1.0,0.6452,Dice similarity of ECFPs,true
DB00507,DB00945,CC0 1.0,0.6452,Dice similarity of ECFPs,true
DB00383,DB00942,CC0 1.0,0.6567,Dice similarity of ECFPs,true
DB00383,DB00942,CC0 1.0,0.6567,Dice similarity of ECFPs,true
DB00924,DB08996,CC0 1.0,0.5528,Dice similarity of ECFPs,true
DB00924,DB08996,CC0 1.0,0.5528,Dice similarity of ECFPs,true
DB00598,DB00938,CC0 1.0,0.5844,Dice similarity of ECFPs,true
DB00598,DB00938,CC0 1.0,0.5844,Dice similarity of ECFPs,true
DB00713,DB01147,CC0 1.0,0.8846,Dice similarity of ECFPs,true
DB00713,DB01147,CC0 1.0,0.8846,Dice similarity of ECFPs,true
DB00456,DB00535,CC0 1.0,0.5455,Dice similarity of ECFPs,true
DB00456,DB00535,CC0 1.0,0.5455,Dice similarity of ECFPs,true
DB00668,DB01291,CC0 1.0,0.5,Dice similarity of ECFPs,true
DB00668,DB01291,CC0 1.0,0.5,Dice similarity of ECFPs,true
DB01588,DB01559,CC0 1.0,0.528,Dice similarity of ECFPs,true
DB01588,DB01559,CC0 1.0,0.528,Dice similarity of ECFPs,true
DB01589,DB01545,CC0 1.0,0.5899,Dice similarity of ECFPs,true
DB01589,DB01545,CC0 1.0,0.5899,Dice similarity of ECFPs,true
DB00861,DB00233,CC0 1.0,0.5128,Dice similarity of ECFPs,true
DB00861,DB00233,CC0 1.0,0.5128,Dice similarity of ECFPs,true
DB00328,DB06594,CC0 1.0,0.5,Dice similarity of ECFPs,true
DB00328,DB06594,CC0 1.0,0.5,Dice similarity of ECFPs,true
DB01246,DB00477,CC0 1.0,0.6833,Dice similarity of ECFPs,true
DB01246,DB00477,CC0 1.0,0.6833,Dice similarity of ECFPs,true
DB01232,DB01601,CC0 1.0,0.5075,Dice similarity of ECFPs,true
DB01232,DB01601,CC0 1.0,0.5075,Dice similarity of ECFPs,true
DB00634,DB00576,CC0 1.0,0.6667,Dice similarity of ECFPs,true
DB00634,DB00576,CC0 1.0,0.6667,Dice similarity of ECFPs,true
DB01017,DB00256,CC0 1.0,0.6139,Dice similarity of ECFPs,true
DB01017,DB00256,CC0 1.0,0.6139,Dice similarity of ECFPs,true
DB06147,DB00634,CC0 1.0,0.6585,Dice similarity of ECFPs,true
DB06147,DB00634,CC0 1.0,0.6585,Dice similarity of ECFPs,true
DB00433,DB01403,CC0 1.0,0.5797,Dice similarity of ECFPs,true
DB00433,DB01403,CC0 1.0,0.5797,Dice similarity of ECFPs,true
DB00683,DB01489,CC0 1.0,0.5362,Dice similarity of ECFPs,true
DB00683,DB01489,CC0 1.0,0.5362,Dice similarity of ECFPs,true
DB00692,DB08799,CC0 1.0,0.5785,Dice similarity of ECFPs,true
DB00692,DB08799,CC0 1.0,0.5785,Dice similarity of ECFPs,true
DB00128,DB00151,CC0 1.0,0.6154,Dice similarity of ECFPs,true
DB00128,DB00151,CC0 1.0,0.6154,Dice similarity of ECFPs,true
DB06209,DB00758,CC0 1.0,0.5865,Dice similarity of ECFPs,true
DB06209,DB00758,CC0 1.0,0.5865,Dice similarity of ECFPs,true
DB09018,DB01161,CC0 1.0,0.5243,Dice similarity of ECFPs,true
DB09018,DB01161,CC0 1.0,0.5243,Dice similarity of ECFPs,true
DB00606,DB00436,CC0 1.0,0.5324,Dice similarity of ECFPs,true
DB00606,DB00436,CC0 1.0,0.5324,Dice similarity of ECFPs,true
DB00628,DB01215,CC0 1.0,0.6129,Dice similarity of ECFPs,true
DB00628,DB01215,CC0 1.0,0.6129,Dice similarity of ECFPs,true
DB00438,DB00535,CC0 1.0,0.6358,Dice similarity of ECFPs,true
DB00438,DB00535,CC0 1.0,0.6358,Dice similarity of ECFPs,true
DB00304,DB01357,CC0 1.0,0.5231,Dice similarity of ECFPs,true
DB00304,DB01357,CC0 1.0,0.5231,Dice similarity of ECFPs,true
DB01138,DB01501,CC0 1.0,0.5198,Dice similarity of ECFPs,true
DB01138,DB01501,CC0 1.0,0.5198,Dice similarity of ECFPs,true
DB00866,DB00423,CC0 1.0,0.5361,Dice similarity of ECFPs,true
DB00866,DB00423,CC0 1.0,0.5361,Dice similarity of ECFPs,true
DB00328,DB00500,CC0 1.0,0.5785,Dice similarity of ECFPs,true
DB00328,DB00500,CC0 1.0,0.5785,Dice similarity of ECFPs,true
DB00415,DB01000,CC0 1.0,0.6299,Dice similarity of ECFPs,true
DB00415,DB01000,CC0 1.0,0.6299,Dice similarity of ECFPs,true
DB01139,DB01150,CC0 1.0,0.5526,Dice similarity of ECFPs,true
DB01139,DB01150,CC0 1.0,0.5526,Dice similarity of ECFPs,true
DB01365,DB01626,CC0 1.0,0.5672,Dice similarity of ECFPs,true
DB01365,DB01626,CC0 1.0,0.5672,Dice similarity of ECFPs,true
DB00894,DB00396,CC0 1.0,0.5714,Dice similarity of ECFPs,true
DB00894,DB00396,CC0 1.0,0.5714,Dice similarity of ECFPs,true
DB01063,DB01246,CC0 1.0,0.5,Dice similarity of ECFPs,true
DB01063,DB01246,CC0 1.0,0.5,Dice similarity of ECFPs,true
DB00954,DB01321,CC0 1.0,0.5145,Dice similarity of ECFPs,true
DB00954,DB01321,CC0 1.0,0.5145,Dice similarity of ECFPs,true
DB09000,DB01608,CC0 1.0,0.6809,Dice similarity of ECFPs,true
DB09000,DB01608,CC0 1.0,0.6809,Dice similarity of ECFPs,true
DB01349,DB00275,CC0 1.0,0.5792,Dice similarity of ECFPs,true
DB01349,DB00275,CC0 1.0,0.5792,Dice similarity of ECFPs,true
DB00440,DB01157,CC0 1.0,0.6767,Dice similarity of ECFPs,true
DB00440,DB01157,CC0 1.0,0.6767,Dice similarity of ECFPs,true
DB00669,DB00918,CC0 1.0,0.7833,Dice similarity of ECFPs,true
DB00669,DB00918,CC0 1.0,0.7833,Dice similarity of ECFPs,true
DB08996,DB04837,CC0 1.0,0.5593,Dice similarity of ECFPs,true
DB08996,DB04837,CC0 1.0,0.5593,Dice similarity of ECFPs,true
DB00244,DB08797,CC0 1.0,0.5714,Dice similarity of ECFPs,true
DB00244,DB08797,CC0 1.0,0.5714,Dice similarity of ECFPs,true
DB00333,DB01625,CC0 1.0,0.7259,Dice similarity of ECFPs,true
DB00333,DB01625,CC0 1.0,0.7259,Dice similarity of ECFPs,true
DB00698,DB00336,CC0 1.0,0.6118,Dice similarity of ECFPs,true
DB00698,DB00336,CC0 1.0,0.6118,Dice similarity of ECFPs,true
DB00324,DB00253,CC0 1.0,0.5286,Dice similarity of ECFPs,true
DB00324,DB00253,CC0 1.0,0.5286,Dice similarity of ECFPs,true
DB01184,DB01100,CC0 1.0,0.6667,Dice similarity of ECFPs,true
DB01184,DB01100,CC0 1.0,0.6667,Dice similarity of ECFPs,true
DB08795,DB01061,CC0 1.0,0.7421,Dice similarity of ECFPs,true
DB08795,DB01061,CC0 1.0,0.7421,Dice similarity of ECFPs,true
DB00623,DB01063,CC0 1.0,0.8588,Dice similarity of ECFPs,true
DB00623,DB01063,CC0 1.0,0.8588,Dice similarity of ECFPs,true
DB00418,DB01352,CC0 1.0,0.8333,Dice similarity of ECFPs,true
DB00418,DB01352,CC0 1.0,0.8333,Dice similarity of ECFPs,true
DB00415,DB01607,CC0 1.0,0.7273,Dice similarity of ECFPs,true
DB00415,DB01607,CC0 1.0,0.7273,Dice similarity of ECFPs,true
DB09000,DB00477,CC0 1.0,0.72,Dice similarity of ECFPs,true
DB09000,DB00477,CC0 1.0,0.72,Dice similarity of ECFPs,true
DB08802,DB01622,CC0 1.0,0.5211,Dice similarity of ECFPs,true
DB08802,DB01622,CC0 1.0,0.5211,Dice similarity of ECFPs,true
DB08801,DB00280,CC0 1.0,0.5152,Dice similarity of ECFPs,true
DB08801,DB00280,CC0 1.0,0.5152,Dice similarity of ECFPs,true
DB00622,DB01023,CC0 1.0,0.6098,Dice similarity of ECFPs,true
DB00622,DB01023,CC0 1.0,0.6098,Dice similarity of ECFPs,true
DB01173,DB00745,CC0 1.0,0.5405,Dice similarity of ECFPs,true
DB01173,DB00745,CC0 1.0,0.5405,Dice similarity of ECFPs,true
DB00340,DB01176,CC0 1.0,0.5,Dice similarity of ECFPs,true
DB00340,DB01176,CC0 1.0,0.5,Dice similarity of ECFPs,true
DB00498,DB00252,CC0 1.0,0.5962,Dice similarity of ECFPs,true
DB00498,DB00252,CC0 1.0,0.5962,Dice similarity of ECFPs,true
DB00267,DB00689,CC0 1.0,0.5207,Dice similarity of ECFPs,true
DB00267,DB00689,CC0 1.0,0.5207,Dice similarity of ECFPs,true
DB00457,DB01162,CC0 1.0,0.7875,Dice similarity of ECFPs,true
DB00457,DB01162,CC0 1.0,0.7875,Dice similarity of ECFPs,true
DB00783,DB08866,CC0 1.0,0.5306,Dice similarity of ECFPs,true
DB00783,DB08866,CC0 1.0,0.5306,Dice similarity of ECFPs,true
DB00313,DB00517,CC0 1.0,0.506,Dice similarity of ECFPs,true
DB00313,DB00517,CC0 1.0,0.506,Dice similarity of ECFPs,true
DB00676,DB00745,CC0 1.0,0.6337,Dice similarity of ECFPs,true
DB00676,DB00745,CC0 1.0,0.6337,Dice similarity of ECFPs,true
DB00831,DB01403,CC0 1.0,0.5517,Dice similarity of ECFPs,true
DB00831,DB01403,CC0 1.0,0.5517,Dice similarity of ECFPs,true
DB00568,DB08936,CC0 1.0,0.6483,Dice similarity of ECFPs,true
DB00568,DB08936,CC0 1.0,0.6483,Dice similarity of ECFPs,true
DB01282,DB00781,CC0 1.0,0.5107,Dice similarity of ECFPs,true
DB01282,DB00781,CC0 1.0,0.5107,Dice similarity of ECFPs,true
DB00672,DB00839,CC0 1.0,0.5714,Dice similarity of ECFPs,true
DB00672,DB00839,CC0 1.0,0.5714,Dice similarity of ECFPs,true
DB06213,DB00131,CC0 1.0,0.5957,Dice similarity of ECFPs,true
DB06213,DB00131,CC0 1.0,0.5957,Dice similarity of ECFPs,true
DB01228,DB00679,CC0 1.0,0.5811,Dice similarity of ECFPs,true
DB01228,DB00679,CC0 1.0,0.5811,Dice similarity of ECFPs,true
DB00345,DB00721,CC0 1.0,0.5412,Dice similarity of ECFPs,true
DB00345,DB00721,CC0 1.0,0.5412,Dice similarity of ECFPs,true
DB00537,DB00978,CC0 1.0,0.5778,Dice similarity of ECFPs,true
DB00537,DB00978,CC0 1.0,0.5778,Dice similarity of ECFPs,true
DB01244,DB08954,CC0 1.0,0.5,Dice similarity of ECFPs,true
DB01244,DB08954,CC0 1.0,0.5,Dice similarity of ECFPs,true
DB00829,DB00543,CC0 1.0,0.5246,Dice similarity of ECFPs,true
DB00829,DB00543,CC0 1.0,0.5246,Dice similarity of ECFPs,true
DB01140,DB04570,CC0 1.0,0.515,Dice similarity of ECFPs,true
DB01140,DB04570,CC0 1.0,0.515,Dice similarity of ECFPs,true
DB01047,DB08971,CC0 1.0,0.5269,Dice similarity of ECFPs,true
DB01047,DB08971,CC0 1.0,0.5269,Dice similarity of ECFPs,true
DB00656,DB00408,CC0 1.0,0.5035,Dice similarity of ECFPs,true
DB00656,DB00408,CC0 1.0,0.5035,Dice similarity of ECFPs,true
DB00392,DB01608,CC0 1.0,0.518,Dice similarity of ECFPs,true
DB00392,DB01608,CC0 1.0,0.518,Dice similarity of ECFPs,true
DB00897,DB00404,CC0 1.0,0.8615,Dice similarity of ECFPs,true
DB00897,DB00404,CC0 1.0,0.8615,Dice similarity of ECFPs,true
DB00123,DB00133,CC0 1.0,0.5581,Dice similarity of ECFPs,true
DB00123,DB00133,CC0 1.0,0.5581,Dice similarity of ECFPs,true
DB00954,DB01211,CC0 1.0,0.8041,Dice similarity of ECFPs,true
DB00954,DB01211,CC0 1.0,0.8041,Dice similarity of ECFPs,true
DB00363,DB00670,CC0 1.0,0.5915,Dice similarity of ECFPs,true
DB00363,DB00670,CC0 1.0,0.5915,Dice similarity of ECFPs,true
DB01173,DB00835,CC0 1.0,0.5405,Dice similarity of ECFPs,true
DB01173,DB00835,CC0 1.0,0.5405,Dice similarity of ECFPs,true
DB00988,DB01064,CC0 1.0,0.5429,Dice similarity of ECFPs,true
DB00988,DB01064,CC0 1.0,0.5429,Dice similarity of ECFPs,true
DB08967,DB01615,CC0 1.0,0.7586,Dice similarity of ECFPs,true
DB08967,DB01615,CC0 1.0,0.7586,Dice similarity of ECFPs,true
DB00222,DB01067,CC0 1.0,0.6703,Dice similarity of ECFPs,true
DB00222,DB01067,CC0 1.0,0.6703,Dice similarity of ECFPs,true
DB00349,DB05246,CC0 1.0,0.52,Dice similarity of ECFPs,true
DB00349,DB05246,CC0 1.0,0.52,Dice similarity of ECFPs,true
DB06150,DB00359,CC0 1.0,0.6226,Dice similarity of ECFPs,true
DB06150,DB00359,CC0 1.0,0.6226,Dice similarity of ECFPs,true
DB00904,DB00969,CC0 1.0,0.6667,Dice similarity of ECFPs,true
DB00904,DB00969,CC0 1.0,0.6667,Dice similarity of ECFPs,true
DB01331,DB01414,CC0 1.0,0.5612,Dice similarity of ECFPs,true
DB01331,DB01414,CC0 1.0,0.5612,Dice similarity of ECFPs,true
DB00894,DB01395,CC0 1.0,0.518,Dice similarity of ECFPs,true
DB00894,DB01395,CC0 1.0,0.518,Dice similarity of ECFPs,true
DB01384,DB00896,CC0 1.0,0.7027,Dice similarity of ECFPs,true
DB01384,DB00896,CC0 1.0,0.7027,Dice similarity of ECFPs,true
DB06795,DB00259,CC0 1.0,0.7869,Dice similarity of ECFPs,true
DB06795,DB00259,CC0 1.0,0.7869,Dice similarity of ECFPs,true
DB00776,DB00808,CC0 1.0,0.5167,Dice similarity of ECFPs,true
DB00776,DB00808,CC0 1.0,0.5167,Dice similarity of ECFPs,true
DB01218,DB06708,CC0 1.0,0.5789,Dice similarity of ECFPs,true
DB01218,DB06708,CC0 1.0,0.5789,Dice similarity of ECFPs,true
DB01064,DB00179,CC0 1.0,0.52,Dice similarity of ECFPs,true
DB01064,DB00179,CC0 1.0,0.52,Dice similarity of ECFPs,true
DB00296,DB00243,CC0 1.0,0.5,Dice similarity of ECFPs,true
DB00296,DB00243,CC0 1.0,0.5,Dice similarity of ECFPs,true
DB01423,DB00870,CC0 1.0,0.5208,Dice similarity of ECFPs,true
DB01423,DB00870,CC0 1.0,0.5208,Dice similarity of ECFPs,true
DB00476,DB01012,CC0 1.0,0.5588,Dice similarity of ECFPs,true
DB00476,DB01012,CC0 1.0,0.5588,Dice similarity of ECFPs,true
DB01577,DB01626,CC0 1.0,0.5846,Dice similarity of ECFPs,true
DB01577,DB01626,CC0 1.0,0.5846,Dice similarity of ECFPs,true
DB00201,DB00651,CC0 1.0,0.7294,Dice similarity of ECFPs,true
DB00201,DB00651,CC0 1.0,0.7294,Dice similarity of ECFPs,true
DB00295,DB01183,CC0 1.0,0.5,Dice similarity of ECFPs,true
DB00295,DB01183,CC0 1.0,0.5,Dice similarity of ECFPs,true
DB06147,DB00576,CC0 1.0,0.7391,Dice similarity of ECFPs,true
DB06147,DB00576,CC0 1.0,0.7391,Dice similarity of ECFPs,true
DB00663,DB00223,CC0 1.0,0.8521,Dice similarity of ECFPs,true
DB00663,DB00223,CC0 1.0,0.8521,Dice similarity of ECFPs,true
DB00865,DB00252,CC0 1.0,0.5234,Dice similarity of ECFPs,true
DB00865,DB00252,CC0 1.0,0.5234,Dice similarity of ECFPs,true
DB04841,DB00354,CC0 1.0,0.6893,Dice similarity of ECFPs,true
DB04841,DB00354,CC0 1.0,0.6893,Dice similarity of ECFPs,true
DB00690,DB00546,CC0 1.0,0.5946,Dice similarity of ECFPs,true
DB00690,DB00546,CC0 1.0,0.5946,Dice similarity of ECFPs,true
DB04890,DB00835,CC0 1.0,0.5,Dice similarity of ECFPs,true
DB04890,DB00835,CC0 1.0,0.5,Dice similarity of ECFPs,true
DB00933,DB01063,CC0 1.0,0.6164,Dice similarity of ECFPs,true
DB00933,DB01063,CC0 1.0,0.6164,Dice similarity of ECFPs,true
DB00240,DB01384,CC0 1.0,0.8133,Dice similarity of ECFPs,true
DB00240,DB01384,CC0 1.0,0.8133,Dice similarity of ECFPs,true
DB00875,DB01624,CC0 1.0,0.6788,Dice similarity of ECFPs,true
DB00875,DB01624,CC0 1.0,0.6788,Dice similarity of ECFPs,true
DB00881,DB00168,CC0 1.0,0.5034,Dice similarity of ECFPs,true
DB00881,DB00168,CC0 1.0,0.5034,Dice similarity of ECFPs,true
DB00496,DB01081,CC0 1.0,0.5596,Dice similarity of ECFPs,true
DB00496,DB01081,CC0 1.0,0.5596,Dice similarity of ECFPs,true
DB00867,DB01274,CC0 1.0,0.5271,Dice similarity of ECFPs,true
DB00867,DB01274,CC0 1.0,0.5271,Dice similarity of ECFPs,true
DB01010,DB00610,CC0 1.0,0.5313,Dice similarity of ECFPs,true
DB01010,DB00610,CC0 1.0,0.5313,Dice similarity of ECFPs,true
DB06147,DB01298,CC0 1.0,0.66,Dice similarity of ECFPs,true
DB06147,DB01298,CC0 1.0,0.66,Dice similarity of ECFPs,true
DB00430,DB01327,CC0 1.0,0.5628,Dice similarity of ECFPs,true
DB00430,DB01327,CC0 1.0,0.5628,Dice similarity of ECFPs,true
DB02300,DB00136,CC0 1.0,0.7515,Dice similarity of ECFPs,true
DB02300,DB00136,CC0 1.0,0.7515,Dice similarity of ECFPs,true
DB00865,DB08994,CC0 1.0,0.5082,Dice similarity of ECFPs,true
DB00865,DB08994,CC0 1.0,0.5082,Dice similarity of ECFPs,true
DB00586,DB00575,CC0 1.0,0.5376,Dice similarity of ECFPs,true
DB00586,DB00575,CC0 1.0,0.5376,Dice similarity of ECFPs,true
DB00123,DB00151,CC0 1.0,0.5581,Dice similarity of ECFPs,true
DB00123,DB00151,CC0 1.0,0.5581,Dice similarity of ECFPs,true
DB00237,DB00474,CC0 1.0,0.5169,Dice similarity of ECFPs,true
DB00237,DB00474,CC0 1.0,0.5169,Dice similarity of ECFPs,true
DB08807,DB01136,CC0 1.0,0.5269,Dice similarity of ECFPs,true
DB08807,DB01136,CC0 1.0,0.5269,Dice similarity of ECFPs,true
DB00739,DB01061,CC0 1.0,0.6087,Dice similarity of ECFPs,true
DB00739,DB01061,CC0 1.0,0.6087,Dice similarity of ECFPs,true
DB01511,DB01567,CC0 1.0,0.7069,Dice similarity of ECFPs,true
DB01511,DB01567,CC0 1.0,0.7069,Dice similarity of ECFPs,true
DB00547,DB00635,CC0 1.0,0.5694,Dice similarity of ECFPs,true
DB00547,DB00635,CC0 1.0,0.5694,Dice similarity of ECFPs,true
DB00887,DB00706,CC0 1.0,0.5034,Dice similarity of ECFPs,true
DB00887,DB00706,CC0 1.0,0.5034,Dice similarity of ECFPs,true
DB04552,DB08976,CC0 1.0,0.5294,Dice similarity of ECFPs,true
DB04552,DB08976,CC0 1.0,0.5294,Dice similarity of ECFPs,true
DB00796,DB00678,CC0 1.0,0.7104,Dice similarity of ECFPs,true
DB00796,DB00678,CC0 1.0,0.7104,Dice similarity of ECFPs,true
DB00344,DB00192,CC0 1.0,0.5,Dice similarity of ECFPs,true
DB00344,DB00192,CC0 1.0,0.5,Dice similarity of ECFPs,true
DB00902,DB00370,CC0 1.0,0.5124,Dice similarity of ECFPs,true
DB00902,DB00370,CC0 1.0,0.5124,Dice similarity of ECFPs,true
DB01001,DB01291,CC0 1.0,0.7556,Dice similarity of ECFPs,true
DB01001,DB01291,CC0 1.0,0.7556,Dice similarity of ECFPs,true
DB00291,DB01042,CC0 1.0,0.8,Dice similarity of ECFPs,true
DB00291,DB01042,CC0 1.0,0.8,Dice similarity of ECFPs,true
DB01064,DB00968,CC0 1.0,0.5316,Dice similarity of ECFPs,true
DB01064,DB00968,CC0 1.0,0.5316,Dice similarity of ECFPs,true
DB00923,DB01140,CC0 1.0,0.5301,Dice similarity of ECFPs,true
DB00923,DB01140,CC0 1.0,0.5301,Dice similarity of ECFPs,true
DB06287,DB00864,CC0 1.0,0.5892,Dice similarity of ECFPs,true
DB06287,DB00864,CC0 1.0,0.5892,Dice similarity of ECFPs,true
DB00925,DB00865,CC0 1.0,0.708,Dice similarity of ECFPs,true
DB00925,DB00865,CC0 1.0,0.708,Dice similarity of ECFPs,true
DB00359,DB00250,CC0 1.0,0.5895,Dice similarity of ECFPs,true
DB00359,DB00250,CC0 1.0,0.5895,Dice similarity of ECFPs,true
DB00458,DB00902,CC0 1.0,0.5528,Dice similarity of ECFPs,true
DB00458,DB00902,CC0 1.0,0.5528,Dice similarity of ECFPs,true
DB00392,DB01622,CC0 1.0,0.5405,Dice similarity of ECFPs,true
DB00392,DB01622,CC0 1.0,0.5405,Dice similarity of ECFPs,true
DB00656,DB01624,CC0 1.0,0.529,Dice similarity of ECFPs,true
DB00656,DB01624,CC0 1.0,0.529,Dice similarity of ECFPs,true
DB00595,DB01017,CC0 1.0,0.6936,Dice similarity of ECFPs,true
DB00595,DB01017,CC0 1.0,0.6936,Dice similarity of ECFPs,true
DB00223,DB00860,CC0 1.0,0.5811,Dice similarity of ECFPs,true
DB00223,DB00860,CC0 1.0,0.5811,Dice similarity of ECFPs,true
DB00477,DB01622,CC0 1.0,0.6759,Dice similarity of ECFPs,true
DB00477,DB01622,CC0 1.0,0.6759,Dice similarity of ECFPs,true
DB00178,DB00519,CC0 1.0,0.9708,Dice similarity of ECFPs,true
DB00178,DB00519,CC0 1.0,0.9708,Dice similarity of ECFPs,true
DB00920,DB00719,CC0 1.0,0.6977,Dice similarity of ECFPs,true
DB00920,DB00719,CC0 1.0,0.6977,Dice similarity of ECFPs,true
DB01333,DB00833,CC0 1.0,0.6818,Dice similarity of ECFPs,true
DB01333,DB00833,CC0 1.0,0.6818,Dice similarity of ECFPs,true
DB01184,DB04890,CC0 1.0,0.5091,Dice similarity of ECFPs,true
DB01184,DB04890,CC0 1.0,0.5091,Dice similarity of ECFPs,true
DB08906,DB08971,CC0 1.0,0.5172,Dice similarity of ECFPs,true
DB08906,DB08971,CC0 1.0,0.5172,Dice similarity of ECFPs,true
DB00604,DB01233,CC0 1.0,0.5,Dice similarity of ECFPs,true
DB00604,DB01233,CC0 1.0,0.5,Dice similarity of ECFPs,true
DB05812,DB00624,CC0 1.0,0.5075,Dice similarity of ECFPs,true
DB05812,DB00624,CC0 1.0,0.5075,Dice similarity of ECFPs,true
DB00266,DB00682,CC0 1.0,0.6324,Dice similarity of ECFPs,true
DB00266,DB00682,CC0 1.0,0.6324,Dice similarity of ECFPs,true
DB00128,DB00566,CC0 1.0,0.5217,Dice similarity of ECFPs,true
DB00128,DB00566,CC0 1.0,0.5217,Dice similarity of ECFPs,true
DB01110,DB01153,CC0 1.0,0.8188,Dice similarity of ECFPs,true
DB01110,DB01153,CC0 1.0,0.8188,Dice similarity of ECFPs,true
DB00674,DB01466,CC0 1.0,0.5556,Dice similarity of ECFPs,true
DB00674,DB01466,CC0 1.0,0.5556,Dice similarity of ECFPs,true
DB00829,DB01239,CC0 1.0,0.5128,Dice similarity of ECFPs,true
DB00829,DB01239,CC0 1.0,0.5128,Dice similarity of ECFPs,true
DB01138,DB00568,CC0 1.0,0.5357,Dice similarity of ECFPs,true
DB01138,DB00568,CC0 1.0,0.5357,Dice similarity of ECFPs,true
DB01337,DB01338,CC0 1.0,0.7265,Dice similarity of ECFPs,true
DB01337,DB01338,CC0 1.0,0.7265,Dice similarity of ECFPs,true
DB01577,DB00852,CC0 1.0,0.6563,Dice similarity of ECFPs,true
DB01577,DB00852,CC0 1.0,0.6563,Dice similarity of ECFPs,true
DB01224,DB01622,CC0 1.0,0.5333,Dice similarity of ECFPs,true
DB01224,DB01622,CC0 1.0,0.5333,Dice similarity of ECFPs,true
DB06710,DB08905,CC0 1.0,0.623,Dice similarity of ECFPs,true
DB06710,DB08905,CC0 1.0,0.623,Dice similarity of ECFPs,true
DB01420,DB00687,CC0 1.0,0.5734,Dice similarity of ECFPs,true
DB01420,DB00687,CC0 1.0,0.5734,Dice similarity of ECFPs,true
DB01246,DB01075,CC0 1.0,0.5391,Dice similarity of ECFPs,true
DB01246,DB01075,CC0 1.0,0.5391,Dice similarity of ECFPs,true
DB00596,DB00591,CC0 1.0,0.7356,Dice similarity of ECFPs,true
DB00596,DB00591,CC0 1.0,0.7356,Dice similarity of ECFPs,true
DB01380,DB01420,CC0 1.0,0.6309,Dice similarity of ECFPs,true
DB01380,DB01420,CC0 1.0,0.6309,Dice similarity of ECFPs,true
DB00985,DB01173,CC0 1.0,0.5503,Dice similarity of ECFPs,true
DB00985,DB01173,CC0 1.0,0.5503,Dice similarity of ECFPs,true
DB00467,DB00537,CC0 1.0,0.7023,Dice similarity of ECFPs,true
DB00467,DB00537,CC0 1.0,0.7023,Dice similarity of ECFPs,true
DB01227,DB04843,CC0 1.0,0.5734,Dice similarity of ECFPs,true
DB01227,DB04843,CC0 1.0,0.5734,Dice similarity of ECFPs,true
DB01299,DB00891,CC0 1.0,0.6226,Dice similarity of ECFPs,true
DB01299,DB00891,CC0 1.0,0.6226,Dice similarity of ECFPs,true
DB00591,DB01047,CC0 1.0,0.9,Dice similarity of ECFPs,true
DB00591,DB01047,CC0 1.0,0.9,Dice similarity of ECFPs,true
DB08801,DB01239,CC0 1.0,0.5041,Dice similarity of ECFPs,true
DB08801,DB01239,CC0 1.0,0.5041,Dice similarity of ECFPs,true
DB00985,DB00245,CC0 1.0,0.525,Dice similarity of ECFPs,true
DB00985,DB00245,CC0 1.0,0.525,Dice similarity of ECFPs,true
DB01413,DB00267,CC0 1.0,0.7182,Dice similarity of ECFPs,true
DB01413,DB00267,CC0 1.0,0.7182,Dice similarity of ECFPs,true
DB00289,DB08998,CC0 1.0,0.5641,Dice similarity of ECFPs,true
DB00289,DB08998,CC0 1.0,0.5641,Dice similarity of ECFPs,true
DB01063,DB01403,CC0 1.0,0.5369,Dice similarity of ECFPs,true
DB01063,DB01403,CC0 1.0,0.5369,Dice similarity of ECFPs,true
DB01035,DB00892,CC0 1.0,0.5556,Dice similarity of ECFPs,true
DB01035,DB00892,CC0 1.0,0.5556,Dice similarity of ECFPs,true
DB00477,DB01624,CC0 1.0,0.5468,Dice similarity of ECFPs,true
DB00477,DB01624,CC0 1.0,0.5468,Dice similarity of ECFPs,true
DB00676,DB01146,CC0 1.0,0.5321,Dice similarity of ECFPs,true
DB00676,DB01146,CC0 1.0,0.5321,Dice similarity of ECFPs,true
DB00588,DB00288,CC0 1.0,0.5654,Dice similarity of ECFPs,true
DB00588,DB00288,CC0 1.0,0.5654,Dice similarity of ECFPs,true
DB00133,DB00117,CC0 1.0,0.5106,Dice similarity of ECFPs,true
DB00133,DB00117,CC0 1.0,0.5106,Dice similarity of ECFPs,true
DB00472,DB00600,CC0 1.0,0.5472,Dice similarity of ECFPs,true
DB00472,DB00600,CC0 1.0,0.5472,Dice similarity of ECFPs,true
DB08981,DB01428,CC0 1.0,0.5098,Dice similarity of ECFPs,true
DB08981,DB01428,CC0 1.0,0.5098,Dice similarity of ECFPs,true
DB01264,DB01319,CC0 1.0,0.7907,Dice similarity of ECFPs,true
DB01264,DB01319,CC0 1.0,0.7907,Dice similarity of ECFPs,true
DB06148,DB00902,CC0 1.0,0.6281,Dice similarity of ECFPs,true
DB06148,DB00902,CC0 1.0,0.6281,Dice similarity of ECFPs,true
DB00324,DB00588,CC0 1.0,0.6626,Dice similarity of ECFPs,true
DB00324,DB00588,CC0 1.0,0.6626,Dice similarity of ECFPs,true
DB01050,DB00187,CC0 1.0,0.5102,Dice similarity of ECFPs,true
DB01050,DB00187,CC0 1.0,0.5102,Dice similarity of ECFPs,true
DB00224,DB01232,CC0 1.0,0.5789,Dice similarity of ECFPs,true
DB00224,DB01232,CC0 1.0,0.5789,Dice similarity of ECFPs,true
DB01151,DB00719,CC0 1.0,0.5,Dice similarity of ECFPs,true
DB01151,DB00719,CC0 1.0,0.5,Dice similarity of ECFPs,true
DB01172,DB00684,CC0 1.0,0.8621,Dice similarity of ECFPs,true
DB01172,DB00684,CC0 1.0,0.8621,Dice similarity of ECFPs,true
DB06616,DB00317,CC0 1.0,0.6042,Dice similarity of ECFPs,true
DB06616,DB00317,CC0 1.0,0.6042,Dice similarity of ECFPs,true
DB01196,DB01357,CC0 1.0,0.5986,Dice similarity of ECFPs,true
DB01196,DB01357,CC0 1.0,0.5986,Dice similarity of ECFPs,true
DB00462,DB00725,CC0 1.0,0.6719,Dice similarity of ECFPs,true
DB00462,DB00725,CC0 1.0,0.6719,Dice similarity of ECFPs,true
DB01259,DB00317,CC0 1.0,0.5073,Dice similarity of ECFPs,true
DB01259,DB00317,CC0 1.0,0.5073,Dice similarity of ECFPs,true
DB01410,DB00240,CC0 1.0,0.5435,Dice similarity of ECFPs,true
DB01410,DB00240,CC0 1.0,0.5435,Dice similarity of ECFPs,true
DB01142,DB01075,CC0 1.0,0.5517,Dice similarity of ECFPs,true
DB01142,DB01075,CC0 1.0,0.5517,Dice similarity of ECFPs,true
DB00650,DB00642,CC0 1.0,0.7,Dice similarity of ECFPs,true
DB00650,DB00642,CC0 1.0,0.7,Dice similarity of ECFPs,true
DB00628,DB00829,CC0 1.0,0.6723,Dice similarity of ECFPs,true
DB00628,DB00829,CC0 1.0,0.6723,Dice similarity of ECFPs,true
DB06802,DB00564,CC0 1.0,0.5143,Dice similarity of ECFPs,true
DB06802,DB00564,CC0 1.0,0.5143,Dice similarity of ECFPs,true
DB01172,DB00994,CC0 1.0,0.7662,Dice similarity of ECFPs,true
DB01172,DB00994,CC0 1.0,0.7662,Dice similarity of ECFPs,true
DB01088,DB00654,CC0 1.0,0.5054,Dice similarity of ECFPs,true
DB01088,DB00654,CC0 1.0,0.5054,Dice similarity of ECFPs,true
DB00873,DB00990,CC0 1.0,0.5481,Dice similarity of ECFPs,true
DB00873,DB00990,CC0 1.0,0.5481,Dice similarity of ECFPs,true
DB00663,DB00838,CC0 1.0,0.6347,Dice similarity of ECFPs,true
DB00663,DB00838,CC0 1.0,0.6347,Dice similarity of ECFPs,true
DB00628,DB01489,CC0 1.0,0.6866,Dice similarity of ECFPs,true
DB00628,DB01489,CC0 1.0,0.6866,Dice similarity of ECFPs,true
DB00850,DB01622,CC0 1.0,0.7439,Dice similarity of ECFPs,true
DB00850,DB01622,CC0 1.0,0.7439,Dice similarity of ECFPs,true
DB00128,DB00155,CC0 1.0,0.566,Dice similarity of ECFPs,true
DB00128,DB00155,CC0 1.0,0.566,Dice similarity of ECFPs,true
DB00939,DB01399,CC0 1.0,0.5143,Dice similarity of ECFPs,true
DB00939,DB01399,CC0 1.0,0.5143,Dice similarity of ECFPs,true
DB09002,DB00737,CC0 1.0,0.6133,Dice similarity of ECFPs,true
DB09002,DB00737,CC0 1.0,0.6133,Dice similarity of ECFPs,true
DB00368,DB00190,CC0 1.0,0.5526,Dice similarity of ECFPs,true
DB00368,DB00190,CC0 1.0,0.5526,Dice similarity of ECFPs,true
DB02187,DB00655,CC0 1.0,0.7018,Dice similarity of ECFPs,true
DB02187,DB00655,CC0 1.0,0.7018,Dice similarity of ECFPs,true
DB00341,DB09002,CC0 1.0,0.7123,Dice similarity of ECFPs,true
DB00341,DB09002,CC0 1.0,0.7123,Dice similarity of ECFPs,true
DB01616,DB04837,CC0 1.0,0.5085,Dice similarity of ECFPs,true
DB01616,DB04837,CC0 1.0,0.5085,Dice similarity of ECFPs,true
DB00948,DB00833,CC0 1.0,0.5276,Dice similarity of ECFPs,true
DB00948,DB00833,CC0 1.0,0.5276,Dice similarity of ECFPs,true
DB06770,DB00182,CC0 1.0,0.7059,Dice similarity of ECFPs,true
DB06770,DB00182,CC0 1.0,0.7059,Dice similarity of ECFPs,true
DB08803,DB00797,CC0 1.0,0.5,Dice similarity of ECFPs,true
DB08803,DB00797,CC0 1.0,0.5,Dice similarity of ECFPs,true
DB01399,DB00573,CC0 1.0,0.5192,Dice similarity of ECFPs,true
DB01399,DB00573,CC0 1.0,0.5192,Dice similarity of ECFPs,true
DB01176,DB00737,CC0 1.0,0.6667,Dice similarity of ECFPs,true
DB01176,DB00737,CC0 1.0,0.6667,Dice similarity of ECFPs,true
DB00635,DB00894,CC0 1.0,0.6617,Dice similarity of ECFPs,true
DB00635,DB00894,CC0 1.0,0.6617,Dice similarity of ECFPs,true
DB01007,DB00239,CC0 1.0,0.6286,Dice similarity of ECFPs,true
DB01007,DB00239,CC0 1.0,0.6286,Dice similarity of ECFPs,true
DB00747,DB00725,CC0 1.0,0.5806,Dice similarity of ECFPs,true
DB00747,DB00725,CC0 1.0,0.5806,Dice similarity of ECFPs,true
DB08800,DB00412,CC0 1.0,0.5736,Dice similarity of ECFPs,true
DB08800,DB00412,CC0 1.0,0.5736,Dice similarity of ECFPs,true
DB01176,DB00676,CC0 1.0,0.5283,Dice similarity of ECFPs,true
DB01176,DB00676,CC0 1.0,0.5283,Dice similarity of ECFPs,true
DB01174,DB00252,CC0 1.0,0.6078,Dice similarity of ECFPs,true
DB01174,DB00252,CC0 1.0,0.6078,Dice similarity of ECFPs,true
DB06770,DB00676,CC0 1.0,0.5143,Dice similarity of ECFPs,true
DB06770,DB00676,CC0 1.0,0.5143,Dice similarity of ECFPs,true
DB01614,DB01242,CC0 1.0,0.6719,Dice similarity of ECFPs,true
DB01614,DB01242,CC0 1.0,0.6719,Dice similarity of ECFPs,true
DB06147,DB08798,CC0 1.0,0.6596,Dice similarity of ECFPs,true
DB06147,DB08798,CC0 1.0,0.6596,Dice similarity of ECFPs,true
DB00776,DB00829,CC0 1.0,0.5045,Dice similarity of ECFPs,true
DB00776,DB00829,CC0 1.0,0.5045,Dice similarity of ECFPs,true
DB00623,DB00656,CC0 1.0,0.5062,Dice similarity of ECFPs,true
DB00623,DB00656,CC0 1.0,0.5062,Dice similarity of ECFPs,true
DB01222,DB01234,CC0 1.0,0.6087,Dice similarity of ECFPs,true
DB01222,DB01234,CC0 1.0,0.6087,Dice similarity of ECFPs,true
DB00146,DB01070,CC0 1.0,0.6125,Dice similarity of ECFPs,true
DB00146,DB01070,CC0 1.0,0.6125,Dice similarity of ECFPs,true
DB00168,DB00722,CC0 1.0,0.5072,Dice similarity of ECFPs,true
DB00168,DB00722,CC0 1.0,0.5072,Dice similarity of ECFPs,true
DB01130,DB06781,CC0 1.0,0.6632,Dice similarity of ECFPs,true
DB01130,DB06781,CC0 1.0,0.6632,Dice similarity of ECFPs,true
DB00933,DB01623,CC0 1.0,0.525,Dice similarity of ECFPs,true
DB00933,DB01623,CC0 1.0,0.525,Dice similarity of ECFPs,true
DB01037,DB00865,CC0 1.0,0.6813,Dice similarity of ECFPs,true
DB01037,DB00865,CC0 1.0,0.6813,Dice similarity of ECFPs,true
DB00752,DB00780,CC0 1.0,0.5263,Dice similarity of ECFPs,true
DB00752,DB00780,CC0 1.0,0.5263,Dice similarity of ECFPs,true
DB01234,DB00838,CC0 1.0,0.6133,Dice similarity of ECFPs,true
DB01234,DB00838,CC0 1.0,0.6133,Dice similarity of ECFPs,true
DB01032,DB00634,CC0 1.0,0.5,Dice similarity of ECFPs,true
DB01032,DB00634,CC0 1.0,0.5,Dice similarity of ECFPs,true
DB00867,DB00890,CC0 1.0,0.5739,Dice similarity of ECFPs,true
DB00867,DB00890,CC0 1.0,0.5739,Dice similarity of ECFPs,true
DB01075,DB01625,CC0 1.0,0.5238,Dice similarity of ECFPs,true
DB01075,DB01625,CC0 1.0,0.5238,Dice similarity of ECFPs,true
DB01060,DB01604,CC0 1.0,0.6667,Dice similarity of ECFPs,true
DB01060,DB01604,CC0 1.0,0.6667,Dice similarity of ECFPs,true
DB01215,DB01595,CC0 1.0,0.6066,Dice similarity of ECFPs,true
DB01215,DB01595,CC0 1.0,0.6066,Dice similarity of ECFPs,true
DB01135,DB00732,CC0 1.0,0.7291,Dice similarity of ECFPs,true
DB01135,DB00732,CC0 1.0,0.7291,Dice similarity of ECFPs,true
DB01406,DB00304,CC0 1.0,0.5147,Dice similarity of ECFPs,true
DB01406,DB00304,CC0 1.0,0.5147,Dice similarity of ECFPs,true
DB01380,DB00288,CC0 1.0,0.5475,Dice similarity of ECFPs,true
DB01380,DB00288,CC0 1.0,0.5475,Dice similarity of ECFPs,true
DB00690,DB01489,CC0 1.0,0.5405,Dice similarity of ECFPs,true
DB00690,DB01489,CC0 1.0,0.5405,Dice similarity of ECFPs,true
DB01607,DB00578,CC0 1.0,0.8467,Dice similarity of ECFPs,true
DB01607,DB00578,CC0 1.0,0.8467,Dice similarity of ECFPs,true
DB01112,DB01416,CC0 1.0,0.7261,Dice similarity of ECFPs,true
DB01112,DB01416,CC0 1.0,0.7261,Dice similarity of ECFPs,true
DB01234,DB08970,CC0 1.0,0.84,Dice similarity of ECFPs,true
DB01234,DB08970,CC0 1.0,0.84,Dice similarity of ECFPs,true
DB00301,DB00485,CC0 1.0,0.9259,Dice similarity of ECFPs,true
DB00301,DB00485,CC0 1.0,0.9259,Dice similarity of ECFPs,true
DB01581,DB01298,CC0 1.0,0.7048,Dice similarity of ECFPs,true
DB01581,DB01298,CC0 1.0,0.7048,Dice similarity of ECFPs,true
DB01174,DB00794,CC0 1.0,0.7826,Dice similarity of ECFPs,true
DB01174,DB00794,CC0 1.0,0.7826,Dice similarity of ECFPs,true
DB00167,DB00133,CC0 1.0,0.5128,Dice similarity of ECFPs,true
DB00167,DB00133,CC0 1.0,0.5128,Dice similarity of ECFPs,true
DB00764,DB00873,CC0 1.0,0.6174,Dice similarity of ECFPs,true
DB00764,DB00873,CC0 1.0,0.6174,Dice similarity of ECFPs,true
DB00494,DB00323,CC0 1.0,0.5179,Dice similarity of ECFPs,true
DB00494,DB00323,CC0 1.0,0.5179,Dice similarity of ECFPs,true
DB01114,DB00835,CC0 1.0,0.8889,Dice similarity of ECFPs,true
DB01114,DB00835,CC0 1.0,0.8889,Dice similarity of ECFPs,true
DB00035,DB06663,CC0 1.0,0.5012,Dice similarity of ECFPs,true
DB00035,DB06663,CC0 1.0,0.5012,Dice similarity of ECFPs,true
DB01153,DB01007,CC0 1.0,0.8194,Dice similarity of ECFPs,true
DB01153,DB01007,CC0 1.0,0.8194,Dice similarity of ECFPs,true
DB00498,DB00754,CC0 1.0,0.5275,Dice similarity of ECFPs,true
DB00498,DB00754,CC0 1.0,0.5275,Dice similarity of ECFPs,true
DB00599,DB01154,CC0 1.0,0.8506,Dice similarity of ECFPs,true
DB00599,DB01154,CC0 1.0,0.8506,Dice similarity of ECFPs,true
DB01224,DB01149,CC0 1.0,0.5455,Dice similarity of ECFPs,true
DB01224,DB01149,CC0 1.0,0.5455,Dice similarity of ECFPs,true
DB00333,DB00745,CC0 1.0,0.5593,Dice similarity of ECFPs,true
DB00333,DB00745,CC0 1.0,0.5593,Dice similarity of ECFPs,true
DB00635,DB00687,CC0 1.0,0.625,Dice similarity of ECFPs,true
DB00635,DB00687,CC0 1.0,0.625,Dice similarity of ECFPs,true
DB01176,DB00813,CC0 1.0,0.5455,Dice similarity of ECFPs,true
DB01176,DB00813,CC0 1.0,0.5455,Dice similarity of ECFPs,true
DB00920,DB00434,CC0 1.0,0.6667,Dice similarity of ECFPs,true
DB00920,DB00434,CC0 1.0,0.6667,Dice similarity of ECFPs,true
DB00664,DB08798,CC0 1.0,0.6471,Dice similarity of ECFPs,true
DB00664,DB08798,CC0 1.0,0.6471,Dice similarity of ECFPs,true
DB00739,DB01603,CC0 1.0,0.5734,Dice similarity of ECFPs,true
DB00739,DB01603,CC0 1.0,0.5734,Dice similarity of ECFPs,true
DB00668,DB00968,CC0 1.0,0.5676,Dice similarity of ECFPs,true
DB00668,DB00968,CC0 1.0,0.5676,Dice similarity of ECFPs,true
DB00591,DB00223,CC0 1.0,0.8221,Dice similarity of ECFPs,true
DB00591,DB00223,CC0 1.0,0.8221,Dice similarity of ECFPs,true
DB00274,DB04570,CC0 1.0,0.6154,Dice similarity of ECFPs,true
DB00274,DB04570,CC0 1.0,0.6154,Dice similarity of ECFPs,true
DB01242,DB00726,CC0 1.0,0.6984,Dice similarity of ECFPs,true
DB01242,DB00726,CC0 1.0,0.6984,Dice similarity of ECFPs,true
DB00764,DB00324,CC0 1.0,0.6531,Dice similarity of ECFPs,true
DB00764,DB00324,CC0 1.0,0.6531,Dice similarity of ECFPs,true
DB00792,DB06691,CC0 1.0,0.8,Dice similarity of ECFPs,true
DB00792,DB06691,CC0 1.0,0.8,Dice similarity of ECFPs,true
DB00764,DB06781,CC0 1.0,0.5465,Dice similarity of ECFPs,true
DB00764,DB06781,CC0 1.0,0.5465,Dice similarity of ECFPs,true
DB00283,DB00354,CC0 1.0,0.5443,Dice similarity of ECFPs,true
DB00283,DB00354,CC0 1.0,0.5443,Dice similarity of ECFPs,true
DB00595,DB00618,CC0 1.0,0.7294,Dice similarity of ECFPs,true
DB00595,DB00618,CC0 1.0,0.7294,Dice similarity of ECFPs,true
DB01137,DB00537,CC0 1.0,0.5899,Dice similarity of ECFPs,true
DB01137,DB00537,CC0 1.0,0.5899,Dice similarity of ECFPs,true
DB08807,DB01009,CC0 1.0,0.5,Dice similarity of ECFPs,true
DB08807,DB01009,CC0 1.0,0.5,Dice similarity of ECFPs,true
DB01380,DB00717,CC0 1.0,0.5106,Dice similarity of ECFPs,true
DB01380,DB00717,CC0 1.0,0.5106,Dice similarity of ECFPs,true
DB00564,DB00676,CC0 1.0,0.5455,Dice similarity of ECFPs,true
DB00564,DB00676,CC0 1.0,0.5455,Dice similarity of ECFPs,true
DB00304,DB00977,CC0 1.0,0.5354,Dice similarity of ECFPs,true
DB00304,DB00977,CC0 1.0,0.5354,Dice similarity of ECFPs,true
DB00757,DB00572,CC0 1.0,0.5077,Dice similarity of ECFPs,true
DB00757,DB00572,CC0 1.0,0.5077,Dice similarity of ECFPs,true
DB00546,DB01567,CC0 1.0,0.626,Dice similarity of ECFPs,true
DB00546,DB01567,CC0 1.0,0.626,Dice similarity of ECFPs,true
DB01430,DB01100,CC0 1.0,0.52,Dice similarity of ECFPs,true
DB01430,DB01100,CC0 1.0,0.52,Dice similarity of ECFPs,true
DB06781,DB00838,CC0 1.0,0.5698,Dice similarity of ECFPs,true
DB06781,DB00838,CC0 1.0,0.5698,Dice similarity of ECFPs,true
DB00420,DB00392,CC0 1.0,0.7769,Dice similarity of ECFPs,true
DB00420,DB00392,CC0 1.0,0.7769,Dice similarity of ECFPs,true
DB00443,DB08970,CC0 1.0,0.84,Dice similarity of ECFPs,true
DB00443,DB08970,CC0 1.0,0.84,Dice similarity of ECFPs,true
DB01610,DB01004,CC0 1.0,0.6271,Dice similarity of ECFPs,true
DB01610,DB01004,CC0 1.0,0.6271,Dice similarity of ECFPs,true
DB00771,DB08897,CC0 1.0,0.6395,Dice similarity of ECFPs,true
DB00771,DB08897,CC0 1.0,0.6395,Dice similarity of ECFPs,true
DB00554,DB00776,CC0 1.0,0.5085,Dice similarity of ECFPs,true
DB00554,DB00776,CC0 1.0,0.5085,Dice similarity of ECFPs,true
DB00300,DB00171,CC0 1.0,0.5037,Dice similarity of ECFPs,true
DB00300,DB00171,CC0 1.0,0.5037,Dice similarity of ECFPs,true
DB00156,DB00133,CC0 1.0,0.5556,Dice similarity of ECFPs,true
DB00156,DB00133,CC0 1.0,0.5556,Dice similarity of ECFPs,true
DB00263,DB01299,CC0 1.0,0.6542,Dice similarity of ECFPs,true
DB00263,DB01299,CC0 1.0,0.6542,Dice similarity of ECFPs,true
DB01611,DB01103,CC0 1.0,0.6528,Dice similarity of ECFPs,true
DB01611,DB01103,CC0 1.0,0.6528,Dice similarity of ECFPs,true
DB01173,DB01176,CC0 1.0,0.5172,Dice similarity of ECFPs,true
DB01173,DB01176,CC0 1.0,0.5172,Dice similarity of ECFPs,true
DB00596,DB00180,CC0 1.0,0.5698,Dice similarity of ECFPs,true
DB00596,DB00180,CC0 1.0,0.5698,Dice similarity of ECFPs,true
DB00104,DB00035,CC0 1.0,0.5693,Dice similarity of ECFPs,true
DB00104,DB00035,CC0 1.0,0.5693,Dice similarity of ECFPs,true
DB00321,DB00726,CC0 1.0,0.6774,Dice similarity of ECFPs,true
DB00321,DB00726,CC0 1.0,0.6774,Dice similarity of ECFPs,true
DB01380,DB00396,CC0 1.0,0.6434,Dice similarity of ECFPs,true
DB01380,DB00396,CC0 1.0,0.6434,Dice similarity of ECFPs,true
DB00852,DB00397,CC0 1.0,0.7937,Dice similarity of ECFPs,true
DB00852,DB00397,CC0 1.0,0.7937,Dice similarity of ECFPs,true
DB06710,DB00977,CC0 1.0,0.5041,Dice similarity of ECFPs,true
DB06710,DB00977,CC0 1.0,0.5041,Dice similarity of ECFPs,true
DB00648,DB00579,CC0 1.0,0.5185,Dice similarity of ECFPs,true
DB00648,DB00579,CC0 1.0,0.5185,Dice similarity of ECFPs,true
DB00662,DB00661,CC0 1.0,0.5325,Dice similarity of ECFPs,true
DB00662,DB00661,CC0 1.0,0.5325,Dice similarity of ECFPs,true
DB00169,DB01070,CC0 1.0,0.6582,Dice similarity of ECFPs,true
DB00169,DB01070,CC0 1.0,0.6582,Dice similarity of ECFPs,true
DB00231,DB00683,CC0 1.0,0.592,Dice similarity of ECFPs,true
DB00231,DB00683,CC0 1.0,0.592,Dice similarity of ECFPs,true
DB01433,DB01615,CC0 1.0,0.5,Dice similarity of ECFPs,true
DB01433,DB01615,CC0 1.0,0.5,Dice similarity of ECFPs,true
DB00241,DB00237,CC0 1.0,0.642,Dice similarity of ECFPs,true
DB00241,DB00237,CC0 1.0,0.642,Dice similarity of ECFPs,true
DB01140,DB01327,CC0 1.0,0.52,Dice similarity of ECFPs,true
DB01140,DB01327,CC0 1.0,0.52,Dice similarity of ECFPs,true
DB01196,DB00624,CC0 1.0,0.5106,Dice similarity of ECFPs,true
DB01196,DB00624,CC0 1.0,0.5106,Dice similarity of ECFPs,true
DB01401,DB01397,CC0 1.0,0.7179,Dice similarity of ECFPs,true
DB01401,DB01397,CC0 1.0,0.7179,Dice similarity of ECFPs,true
DB01060,DB00689,CC0 1.0,0.5556,Dice similarity of ECFPs,true
DB01060,DB00689,CC0 1.0,0.5556,Dice similarity of ECFPs,true
DB00241,DB00312,CC0 1.0,0.619,Dice similarity of ECFPs,true
DB00241,DB00312,CC0 1.0,0.619,Dice similarity of ECFPs,true
DB00663,DB00288,CC0 1.0,0.6042,Dice similarity of ECFPs,true
DB00663,DB00288,CC0 1.0,0.6042,Dice similarity of ECFPs,true
DB01594,DB01567,CC0 1.0,0.7132,Dice similarity of ECFPs,true
DB01594,DB01567,CC0 1.0,0.7132,Dice similarity of ECFPs,true
DB00809,DB00865,CC0 1.0,0.5179,Dice similarity of ECFPs,true
DB00809,DB00865,CC0 1.0,0.5179,Dice similarity of ECFPs,true
DB00349,DB01511,CC0 1.0,0.5172,Dice similarity of ECFPs,true
DB00349,DB01511,CC0 1.0,0.5172,Dice similarity of ECFPs,true
DB00655,DB00977,CC0 1.0,0.7563,Dice similarity of ECFPs,true
DB00655,DB00977,CC0 1.0,0.7563,Dice similarity of ECFPs,true
DB00773,DB01179,CC0 1.0,0.7255,Dice similarity of ECFPs,true
DB00773,DB01179,CC0 1.0,0.7255,Dice similarity of ECFPs,true
DB00665,DB08899,CC0 1.0,0.507,Dice similarity of ECFPs,true
DB00665,DB08899,CC0 1.0,0.507,Dice similarity of ECFPs,true
DB00713,DB01602,CC0 1.0,0.5976,Dice similarity of ECFPs,true
DB00713,DB01602,CC0 1.0,0.5976,Dice similarity of ECFPs,true
DB00656,DB01149,CC0 1.0,0.7674,Dice similarity of ECFPs,true
DB00656,DB01149,CC0 1.0,0.7674,Dice similarity of ECFPs,true
DB02959,DB00117,CC0 1.0,0.5135,Dice similarity of ECFPs,true
DB02959,DB00117,CC0 1.0,0.5135,Dice similarity of ECFPs,true
DB01060,DB00578,CC0 1.0,0.7445,Dice similarity of ECFPs,true
DB01060,DB00578,CC0 1.0,0.7445,Dice similarity of ECFPs,true
DB06770,DB00752,CC0 1.0,0.549,Dice similarity of ECFPs,true
DB06770,DB00752,CC0 1.0,0.549,Dice similarity of ECFPs,true
DB00608,DB00613,CC0 1.0,0.6767,Dice similarity of ECFPs,true
DB00608,DB00613,CC0 1.0,0.6767,Dice similarity of ECFPs,true
DB00266,DB00946,CC0 1.0,0.6412,Dice similarity of ECFPs,true
DB00266,DB00946,CC0 1.0,0.6412,Dice similarity of ECFPs,true
DB01050,DB01042,CC0 1.0,0.5,Dice similarity of ECFPs,true
DB01050,DB01042,CC0 1.0,0.5,Dice similarity of ECFPs,true
DB00815,DB00464,CC0 1.0,0.8235,Dice similarity of ECFPs,true
DB00815,DB00464,CC0 1.0,0.8235,Dice similarity of ECFPs,true
DB00242,DB00322,CC0 1.0,0.5657,Dice similarity of ECFPs,true
DB00242,DB00322,CC0 1.0,0.5657,Dice similarity of ECFPs,true
DB01581,DB01582,CC0 1.0,0.8039,Dice similarity of ECFPs,true
DB01581,DB01582,CC0 1.0,0.8039,Dice similarity of ECFPs,true
DB00456,DB00267,CC0 1.0,0.5488,Dice similarity of ECFPs,true
DB00456,DB00267,CC0 1.0,0.5488,Dice similarity of ECFPs,true
DB00450,DB01100,CC0 1.0,0.6111,Dice similarity of ECFPs,true
DB00450,DB01100,CC0 1.0,0.6111,Dice similarity of ECFPs,true
DB01416,DB01326,CC0 1.0,0.5244,Dice similarity of ECFPs,true
DB01416,DB01326,CC0 1.0,0.5244,Dice similarity of ECFPs,true
DB00959,DB00547,CC0 1.0,0.6027,Dice similarity of ECFPs,true
DB00959,DB00547,CC0 1.0,0.6027,Dice similarity of ECFPs,true
DB00584,DB00731,CC0 1.0,0.5468,Dice similarity of ECFPs,true
DB00584,DB00731,CC0 1.0,0.5468,Dice similarity of ECFPs,true
DB00341,DB01176,CC0 1.0,0.6423,Dice similarity of ECFPs,true
DB00341,DB01176,CC0 1.0,0.6423,Dice similarity of ECFPs,true
DB06710,DB00396,CC0 1.0,0.768,Dice similarity of ECFPs,true
DB06710,DB00396,CC0 1.0,0.768,Dice similarity of ECFPs,true
DB08808,DB01001,CC0 1.0,0.5806,Dice similarity of ECFPs,true
DB08808,DB01001,CC0 1.0,0.5806,Dice similarity of ECFPs,true
DB01412,DB00277,CC0 1.0,0.5714,Dice similarity of ECFPs,true
DB01412,DB00277,CC0 1.0,0.5714,Dice similarity of ECFPs,true
DB00626,DB00104,CC0 1.0,0.5339,Dice similarity of ECFPs,true
DB00626,DB00104,CC0 1.0,0.5339,Dice similarity of ECFPs,true
DB01425,DB00391,CC0 1.0,0.6202,Dice similarity of ECFPs,true
DB01425,DB00391,CC0 1.0,0.6202,Dice similarity of ECFPs,true
DB01182,DB01295,CC0 1.0,0.5315,Dice similarity of ECFPs,true
DB01182,DB01295,CC0 1.0,0.5315,Dice similarity of ECFPs,true
DB01173,DB01069,CC0 1.0,0.5439,Dice similarity of ECFPs,true
DB01173,DB01069,CC0 1.0,0.5439,Dice similarity of ECFPs,true
DB08795,DB00689,CC0 1.0,0.5676,Dice similarity of ECFPs,true
DB08795,DB00689,CC0 1.0,0.5676,Dice similarity of ECFPs,true
DB00493,DB01333,CC0 1.0,0.5135,Dice similarity of ECFPs,true
DB00493,DB01333,CC0 1.0,0.5135,Dice similarity of ECFPs,true
DB00581,DB00684,CC0 1.0,0.517,Dice similarity of ECFPs,true
DB00581,DB00684,CC0 1.0,0.517,Dice similarity of ECFPs,true
DB00647,DB01231,CC0 1.0,0.5072,Dice similarity of ECFPs,true
DB00647,DB01231,CC0 1.0,0.5072,Dice similarity of ECFPs,true
DB01209,DB00783,CC0 1.0,0.5185,Dice similarity of ECFPs,true
DB01209,DB00783,CC0 1.0,0.5185,Dice similarity of ECFPs,true
DB00160,DB00859,CC0 1.0,0.5882,Dice similarity of ECFPs,true
DB00160,DB00859,CC0 1.0,0.5882,Dice similarity of ECFPs,true
DB00420,DB08996,CC0 1.0,0.7833,Dice similarity of ECFPs,true
DB00420,DB08996,CC0 1.0,0.7833,Dice similarity of ECFPs,true
DB00287,DB00429,CC0 1.0,0.5027,Dice similarity of ECFPs,true
DB00287,DB00429,CC0 1.0,0.5027,Dice similarity of ECFPs,true
DB01071,DB00850,CC0 1.0,0.5541,Dice similarity of ECFPs,true
DB01071,DB00850,CC0 1.0,0.5541,Dice similarity of ECFPs,true
DB01015,DB01581,CC0 1.0,0.7216,Dice similarity of ECFPs,true
DB01015,DB01581,CC0 1.0,0.7216,Dice similarity of ECFPs,true
DB01016,DB01289,CC0 1.0,0.663,Dice similarity of ECFPs,true
DB01016,DB01289,CC0 1.0,0.663,Dice similarity of ECFPs,true
DB01255,DB01550,CC0 1.0,0.6022,Dice similarity of ECFPs,true
DB01255,DB01550,CC0 1.0,0.6022,Dice similarity of ECFPs,true
DB00567,DB00689,CC0 1.0,0.8531,Dice similarity of ECFPs,true
DB00567,DB00689,CC0 1.0,0.8531,Dice similarity of ECFPs,true
DB00171,DB00131,CC0 1.0,0.8356,Dice similarity of ECFPs,true
DB00171,DB00131,CC0 1.0,0.8356,Dice similarity of ECFPs,true
DB01234,DB00288,CC0 1.0,0.6971,Dice similarity of ECFPs,true
DB01234,DB00288,CC0 1.0,0.6971,Dice similarity of ECFPs,true
DB00454,DB04896,CC0 1.0,0.5149,Dice similarity of ECFPs,true
DB00454,DB04896,CC0 1.0,0.5149,Dice similarity of ECFPs,true
DB06150,DB00634,CC0 1.0,0.5895,Dice similarity of ECFPs,true
DB06150,DB00634,CC0 1.0,0.5895,Dice similarity of ECFPs,true
DB01210,DB01359,CC0 1.0,0.6838,Dice similarity of ECFPs,true
DB01210,DB01359,CC0 1.0,0.6838,Dice similarity of ECFPs,true
DB00797,DB08979,CC0 1.0,0.5,Dice similarity of ECFPs,true
DB00797,DB08979,CC0 1.0,0.5,Dice similarity of ECFPs,true
DB01155,DB00537,CC0 1.0,0.5972,Dice similarity of ECFPs,true
DB01155,DB00537,CC0 1.0,0.5972,Dice similarity of ECFPs,true
DB00792,DB01244,CC0 1.0,0.5373,Dice similarity of ECFPs,true
DB00792,DB01244,CC0 1.0,0.5373,Dice similarity of ECFPs,true
DB01222,DB00547,CC0 1.0,0.5912,Dice similarity of ECFPs,true
DB01222,DB00547,CC0 1.0,0.5912,Dice similarity of ECFPs,true
DB01588,DB00404,CC0 1.0,0.7231,Dice similarity of ECFPs,true
DB01588,DB00404,CC0 1.0,0.7231,Dice similarity of ECFPs,true
DB00319,DB00578,CC0 1.0,0.7381,Dice similarity of ECFPs,true
DB00319,DB00578,CC0 1.0,0.7381,Dice similarity of ECFPs,true
DB00764,DB00894,CC0 1.0,0.5109,Dice similarity of ECFPs,true
DB00764,DB00894,CC0 1.0,0.5109,Dice similarity of ECFPs,true
DB00263,DB00576,CC0 1.0,0.7083,Dice similarity of ECFPs,true
DB00263,DB00576,CC0 1.0,0.7083,Dice similarity of ECFPs,true
DB01139,DB01327,CC0 1.0,0.5875,Dice similarity of ECFPs,true
DB01139,DB01327,CC0 1.0,0.5875,Dice similarity of ECFPs,true
DB01332,DB01333,CC0 1.0,0.5185,Dice similarity of ECFPs,true
DB01332,DB01333,CC0 1.0,0.5185,Dice similarity of ECFPs,true
DB06148,DB00370,CC0 1.0,0.8305,Dice similarity of ECFPs,true
DB06148,DB00370,CC0 1.0,0.8305,Dice similarity of ECFPs,true
DB01207,DB04552,CC0 1.0,0.5781,Dice similarity of ECFPs,true
DB01207,DB04552,CC0 1.0,0.5781,Dice similarity of ECFPs,true
DB06147,DB06729,CC0 1.0,0.6296,Dice similarity of ECFPs,true
DB06147,DB06729,CC0 1.0,0.6296,Dice similarity of ECFPs,true
DB01029,DB00275,CC0 1.0,0.5882,Dice similarity of ECFPs,true
DB01029,DB00275,CC0 1.0,0.5882,Dice similarity of ECFPs,true
DB09015,DB00378,CC0 1.0,0.7246,Dice similarity of ECFPs,true
DB09015,DB00378,CC0 1.0,0.7246,Dice similarity of ECFPs,true
DB00125,DB00130,CC0 1.0,0.6429,Dice similarity of ECFPs,true
DB00125,DB00130,CC0 1.0,0.6429,Dice similarity of ECFPs,true
DB00420,DB00850,CC0 1.0,0.5839,Dice similarity of ECFPs,true
DB00420,DB00850,CC0 1.0,0.5839,Dice similarity of ECFPs,true
DB00776,DB00420,CC0 1.0,0.5179,Dice similarity of ECFPs,true
DB00776,DB00420,CC0 1.0,0.5179,Dice similarity of ECFPs,true
DB01176,DB09002,CC0 1.0,0.5197,Dice similarity of ECFPs,true
DB01176,DB09002,CC0 1.0,0.5197,Dice similarity of ECFPs,true
DB01176,DB00902,CC0 1.0,0.5124,Dice similarity of ECFPs,true
DB01176,DB00902,CC0 1.0,0.5124,Dice similarity of ECFPs,true
DB00792,DB00676,CC0 1.0,0.5294,Dice similarity of ECFPs,true
DB00792,DB00676,CC0 1.0,0.5294,Dice similarity of ECFPs,true
DB00923,DB01326,CC0 1.0,0.7243,Dice similarity of ECFPs,true
DB00923,DB01326,CC0 1.0,0.7243,Dice similarity of ECFPs,true
DB00942,DB00376,CC0 1.0,0.9764,Dice similarity of ECFPs,true
DB00942,DB00376,CC0 1.0,0.9764,Dice similarity of ECFPs,true
DB01215,DB01068,CC0 1.0,0.5,Dice similarity of ECFPs,true
DB01215,DB01068,CC0 1.0,0.5,Dice similarity of ECFPs,true
DB01406,DB01185,CC0 1.0,0.5,Dice similarity of ECFPs,true
DB01406,DB01185,CC0 1.0,0.5,Dice similarity of ECFPs,true
DB00405,DB00792,CC0 1.0,0.5688,Dice similarity of ECFPs,true
DB00405,DB00792,CC0 1.0,0.5688,Dice similarity of ECFPs,true
DB00500,DB00425,CC0 1.0,0.5,Dice similarity of ECFPs,true
DB00500,DB00425,CC0 1.0,0.5,Dice similarity of ECFPs,true
DB01619,DB00321,CC0 1.0,0.5167,Dice similarity of ECFPs,true
DB01619,DB00321,CC0 1.0,0.5167,Dice similarity of ECFPs,true
DB01615,DB01071,CC0 1.0,0.5113,Dice similarity of ECFPs,true
DB01615,DB01071,CC0 1.0,0.5113,Dice similarity of ECFPs,true
DB01616,DB01182,CC0 1.0,0.5672,Dice similarity of ECFPs,true
DB01616,DB01182,CC0 1.0,0.5672,Dice similarity of ECFPs,true
DB01177,DB00385,CC0 1.0,0.6695,Dice similarity of ECFPs,true
DB01177,DB00385,CC0 1.0,0.6695,Dice similarity of ECFPs,true
DB08906,DB08970,CC0 1.0,0.5341,Dice similarity of ECFPs,true
DB08906,DB08970,CC0 1.0,0.5341,Dice similarity of ECFPs,true
DB08971,DB00838,CC0 1.0,0.7973,Dice similarity of ECFPs,true
DB08971,DB00838,CC0 1.0,0.7973,Dice similarity of ECFPs,true
DB00986,DB00376,CC0 1.0,0.5692,Dice similarity of ECFPs,true
DB00986,DB00376,CC0 1.0,0.5692,Dice similarity of ECFPs,true
DB00934,DB00289,CC0 1.0,0.5299,Dice similarity of ECFPs,true
DB00934,DB00289,CC0 1.0,0.5299,Dice similarity of ECFPs,true
DB00557,DB08796,CC0 1.0,0.5031,Dice similarity of ECFPs,true
DB00557,DB08796,CC0 1.0,0.5031,Dice similarity of ECFPs,true
DB00946,DB00289,CC0 1.0,0.5565,Dice similarity of ECFPs,true
DB00946,DB00289,CC0 1.0,0.5565,Dice similarity of ECFPs,true
DB00630,DB00720,CC0 1.0,0.5763,Dice similarity of ECFPs,true
DB00630,DB00720,CC0 1.0,0.5763,Dice similarity of ECFPs,true
DB01176,DB00925,CC0 1.0,0.5,Dice similarity of ECFPs,true
DB01176,DB00925,CC0 1.0,0.5,Dice similarity of ECFPs,true
DB08889,DB00503,CC0 1.0,0.5105,Dice similarity of ECFPs,true
DB08889,DB00503,CC0 1.0,0.5105,Dice similarity of ECFPs,true
DB00816,DB00871,CC0 1.0,0.7805,Dice similarity of ECFPs,true
DB00816,DB00871,CC0 1.0,0.7805,Dice similarity of ECFPs,true
DB04920,DB01115,CC0 1.0,0.6622,Dice similarity of ECFPs,true
DB04920,DB01115,CC0 1.0,0.6622,Dice similarity of ECFPs,true
DB00623,DB01623,CC0 1.0,0.5263,Dice similarity of ECFPs,true
DB00623,DB01623,CC0 1.0,0.5263,Dice similarity of ECFPs,true
DB01330,DB04570,CC0 1.0,0.6327,Dice similarity of ECFPs,true
DB01330,DB04570,CC0 1.0,0.6327,Dice similarity of ECFPs,true
DB01384,DB00547,CC0 1.0,0.5811,Dice similarity of ECFPs,true
DB01384,DB00547,CC0 1.0,0.5811,Dice similarity of ECFPs,true
DB00408,DB00475,CC0 1.0,0.5354,Dice similarity of ECFPs,true
DB00408,DB00475,CC0 1.0,0.5354,Dice similarity of ECFPs,true
DB00168,DB00519,CC0 1.0,0.5139,Dice similarity of ECFPs,true
DB00168,DB00519,CC0 1.0,0.5139,Dice similarity of ECFPs,true
DB04967,DB00690,CC0 1.0,0.5417,Dice similarity of ECFPs,true
DB04967,DB00690,CC0 1.0,0.5417,Dice similarity of ECFPs,true
DB00865,DB00245,CC0 1.0,0.5,Dice similarity of ECFPs,true
DB00865,DB00245,CC0 1.0,0.5,Dice similarity of ECFPs,true
DB00864,DB01590,CC0 1.0,0.6041,Dice similarity of ECFPs,true
DB00864,DB01590,CC0 1.0,0.6041,Dice similarity of ECFPs,true
DB00968,DB06262,CC0 1.0,0.6154,Dice similarity of ECFPs,true
DB00968,DB06262,CC0 1.0,0.6154,Dice similarity of ECFPs,true
DB01577,DB00191,CC0 1.0,0.6557,Dice similarity of ECFPs,true
DB01577,DB00191,CC0 1.0,0.6557,Dice similarity of ECFPs,true
DB08804,DB00624,CC0 1.0,0.5135,Dice similarity of ECFPs,true
DB08804,DB00624,CC0 1.0,0.5135,Dice similarity of ECFPs,true
DB00546,DB01239,CC0 1.0,0.5455,Dice similarity of ECFPs,true
DB00546,DB01239,CC0 1.0,0.5455,Dice similarity of ECFPs,true
DB00367,DB01420,CC0 1.0,0.5481,Dice similarity of ECFPs,true
DB00367,DB01420,CC0 1.0,0.5481,Dice similarity of ECFPs,true
DB01351,DB01352,CC0 1.0,0.642,Dice similarity of ECFPs,true
DB01351,DB01352,CC0 1.0,0.642,Dice similarity of ECFPs,true
DB00191,DB00397,CC0 1.0,0.5333,Dice similarity of ECFPs,true
DB00191,DB00397,CC0 1.0,0.5333,Dice similarity of ECFPs,true
DB00717,DB01357,CC0 1.0,0.6457,Dice similarity of ECFPs,true
DB00717,DB01357,CC0 1.0,0.6457,Dice similarity of ECFPs,true
DB01000,DB00578,CC0 1.0,0.5909,Dice similarity of ECFPs,true
DB01000,DB00578,CC0 1.0,0.5909,Dice similarity of ECFPs,true
DB06150,DB00891,CC0 1.0,0.6415,Dice similarity of ECFPs,true
DB06150,DB00891,CC0 1.0,0.6415,Dice similarity of ECFPs,true
DB04843,DB00729,CC0 1.0,0.5793,Dice similarity of ECFPs,true
DB04843,DB00729,CC0 1.0,0.5793,Dice similarity of ECFPs,true
DB00567,DB01060,CC0 1.0,0.6015,Dice similarity of ECFPs,true
DB00567,DB01060,CC0 1.0,0.6015,Dice similarity of ECFPs,true
DB00925,DB00333,CC0 1.0,0.56,Dice similarity of ECFPs,true
DB00925,DB00333,CC0 1.0,0.56,Dice similarity of ECFPs,true
DB00940,DB00782,CC0 1.0,0.8219,Dice similarity of ECFPs,true
DB00940,DB00782,CC0 1.0,0.8219,Dice similarity of ECFPs,true
DB00241,DB01351,CC0 1.0,0.7381,Dice similarity of ECFPs,true
DB00241,DB01351,CC0 1.0,0.7381,Dice similarity of ECFPs,true
DB01112,DB01140,CC0 1.0,0.5541,Dice similarity of ECFPs,true
DB01112,DB01140,CC0 1.0,0.5541,Dice similarity of ECFPs,true
DB01000,DB00485,CC0 1.0,0.5455,Dice similarity of ECFPs,true
DB01000,DB00485,CC0 1.0,0.5455,Dice similarity of ECFPs,true
DB00902,DB00831,CC0 1.0,0.5915,Dice similarity of ECFPs,true
DB00902,DB00831,CC0 1.0,0.5915,Dice similarity of ECFPs,true
DB01087,DB01611,CC0 1.0,0.5042,Dice similarity of ECFPs,true
DB01087,DB01611,CC0 1.0,0.5042,Dice similarity of ECFPs,true
DB00774,DB01324,CC0 1.0,0.5812,Dice similarity of ECFPs,true
DB00774,DB01324,CC0 1.0,0.5812,Dice similarity of ECFPs,true
DB00366,DB00835,CC0 1.0,0.5586,Dice similarity of ECFPs,true
DB00366,DB00835,CC0 1.0,0.5586,Dice similarity of ECFPs,true
DB08887,DB00154,CC0 1.0,0.5909,Dice similarity of ECFPs,true
DB08887,DB00154,CC0 1.0,0.5909,Dice similarity of ECFPs,true
DB00535,DB00689,CC0 1.0,0.5135,Dice similarity of ECFPs,true
DB00535,DB00689,CC0 1.0,0.5135,Dice similarity of ECFPs,true
DB00366,DB00280,CC0 1.0,0.6667,Dice similarity of ECFPs,true
DB00366,DB00280,CC0 1.0,0.6667,Dice similarity of ECFPs,true
DB01222,DB00838,CC0 1.0,0.5217,Dice similarity of ECFPs,true
DB01222,DB00838,CC0 1.0,0.5217,Dice similarity of ECFPs,true
DB00390,DB00511,CC0 1.0,0.8654,Dice similarity of ECFPs,true
DB00390,DB00511,CC0 1.0,0.8654,Dice similarity of ECFPs,true
DB06770,DB01550,CC0 1.0,0.5714,Dice similarity of ECFPs,true
DB06770,DB01550,CC0 1.0,0.5714,Dice similarity of ECFPs,true
DB05245,DB00259,CC0 1.0,0.6076,Dice similarity of ECFPs,true
DB05245,DB00259,CC0 1.0,0.6076,Dice similarity of ECFPs,true
DB00014,DB00050,CC0 1.0,0.6841,Dice similarity of ECFPs,true
DB00014,DB00050,CC0 1.0,0.6841,Dice similarity of ECFPs,true
DB00900,DB00442,CC0 1.0,0.5,Dice similarity of ECFPs,true
DB00900,DB00442,CC0 1.0,0.5,Dice similarity of ECFPs,true
DB01578,DB00271,CC0 1.0,0.5821,Dice similarity of ECFPs,true
DB01578,DB00271,CC0 1.0,0.5821,Dice similarity of ECFPs,true
DB00363,DB00246,CC0 1.0,0.5101,Dice similarity of ECFPs,true
DB00363,DB00246,CC0 1.0,0.5101,Dice similarity of ECFPs,true
DB00508,DB01239,CC0 1.0,0.5984,Dice similarity of ECFPs,true
DB00508,DB01239,CC0 1.0,0.5984,Dice similarity of ECFPs,true
DB01041,DB08910,CC0 1.0,0.8148,Dice similarity of ECFPs,true
DB01041,DB08910,CC0 1.0,0.8148,Dice similarity of ECFPs,true
DB01210,DB00373,CC0 1.0,0.5128,Dice similarity of ECFPs,true
DB01210,DB00373,CC0 1.0,0.5128,Dice similarity of ECFPs,true
DB00252,DB00682,CC0 1.0,0.5,Dice similarity of ECFPs,true
DB00252,DB00682,CC0 1.0,0.5,Dice similarity of ECFPs,true
DB08801,DB01242,CC0 1.0,0.5079,Dice similarity of ECFPs,true
DB08801,DB01242,CC0 1.0,0.5079,Dice similarity of ECFPs,true
DB01031,DB00996,CC0 1.0,0.5455,Dice similarity of ECFPs,true
DB01031,DB00996,CC0 1.0,0.5455,Dice similarity of ECFPs,true
DB00842,DB01595,CC0 1.0,0.6838,Dice similarity of ECFPs,true
DB00842,DB01595,CC0 1.0,0.6838,Dice similarity of ECFPs,true
DB00897,DB00829,CC0 1.0,0.6504,Dice similarity of ECFPs,true
DB00897,DB00829,CC0 1.0,0.6504,Dice similarity of ECFPs,true
DB00771,DB00496,CC0 1.0,0.5325,Dice similarity of ECFPs,true
DB00771,DB00496,CC0 1.0,0.5325,Dice similarity of ECFPs,true
DB01146,DB00234,CC0 1.0,0.5385,Dice similarity of ECFPs,true
DB01146,DB00234,CC0 1.0,0.5385,Dice similarity of ECFPs,true
DB00784,DB01600,CC0 1.0,0.5,Dice similarity of ECFPs,true
DB00784,DB01600,CC0 1.0,0.5,Dice similarity of ECFPs,true
DB00656,DB00363,CC0 1.0,0.5035,Dice similarity of ECFPs,true
DB00656,DB00363,CC0 1.0,0.5035,Dice similarity of ECFPs,true
DB00412,DB01132,CC0 1.0,0.75,Dice similarity of ECFPs,true
DB00412,DB01132,CC0 1.0,0.75,Dice similarity of ECFPs,true
DB00928,DB00118,CC0 1.0,0.55,Dice similarity of ECFPs,true
DB00928,DB00118,CC0 1.0,0.55,Dice similarity of ECFPs,true
DB01429,DB00321,CC0 1.0,0.5344,Dice similarity of ECFPs,true
DB01429,DB00321,CC0 1.0,0.5344,Dice similarity of ECFPs,true
DB01173,DB01237,CC0 1.0,0.7719,Dice similarity of ECFPs,true
DB01173,DB01237,CC0 1.0,0.7719,Dice similarity of ECFPs,true
DB01255,DB06218,CC0 1.0,0.5243,Dice similarity of ECFPs,true
DB01255,DB06218,CC0 1.0,0.5243,Dice similarity of ECFPs,true
DB06770,DB01247,CC0 1.0,0.5,Dice similarity of ECFPs,true
DB06770,DB01247,CC0 1.0,0.5,Dice similarity of ECFPs,true
DB01112,DB00689,CC0 1.0,0.6879,Dice similarity of ECFPs,true
DB01112,DB00689,CC0 1.0,0.6879,Dice similarity of ECFPs,true
DB00821,DB00788,CC0 1.0,0.62,Dice similarity of ECFPs,true
DB00821,DB00788,CC0 1.0,0.62,Dice similarity of ECFPs,true
DB00779,DB00817,CC0 1.0,0.6481,Dice similarity of ECFPs,true
DB00779,DB00817,CC0 1.0,0.6481,Dice similarity of ECFPs,true
DB00367,DB01357,CC0 1.0,0.5385,Dice similarity of ECFPs,true
DB00367,DB01357,CC0 1.0,0.5385,Dice similarity of ECFPs,true
DB01161,DB00721,CC0 1.0,0.7708,Dice similarity of ECFPs,true
DB01161,DB00721,CC0 1.0,0.7708,Dice similarity of ECFPs,true
DB01260,DB00846,CC0 1.0,0.7711,Dice similarity of ECFPs,true
DB01260,DB00846,CC0 1.0,0.7711,Dice similarity of ECFPs,true
DB00209,DB00725,CC0 1.0,0.5479,Dice similarity of ECFPs,true
DB00209,DB00725,CC0 1.0,0.5479,Dice similarity of ECFPs,true
DB00831,DB00670,CC0 1.0,0.5419,Dice similarity of ECFPs,true
DB00831,DB00670,CC0 1.0,0.5419,Dice similarity of ECFPs,true
DB08798,DB01298,CC0 1.0,0.6538,Dice similarity of ECFPs,true
DB08798,DB01298,CC0 1.0,0.6538,Dice similarity of ECFPs,true
DB01582,DB00576,CC0 1.0,0.7071,Dice similarity of ECFPs,true
DB01582,DB00576,CC0 1.0,0.7071,Dice similarity of ECFPs,true
DB00596,DB08906,CC0 1.0,0.7725,Dice similarity of ECFPs,true
DB00596,DB08906,CC0 1.0,0.7725,Dice similarity of ECFPs,true
DB00206,DB01180,CC0 1.0,0.9213,Dice similarity of ECFPs,true
DB00206,DB01180,CC0 1.0,0.9213,Dice similarity of ECFPs,true
DB01130,DB00959,CC0 1.0,0.6036,Dice similarity of ECFPs,true
DB01130,DB00959,CC0 1.0,0.6036,Dice similarity of ECFPs,true
DB01280,DB00640,CC0 1.0,0.7568,Dice similarity of ECFPs,true
DB01280,DB00640,CC0 1.0,0.7568,Dice similarity of ECFPs,true
DB00620,DB01384,CC0 1.0,0.64,Dice similarity of ECFPs,true
DB00620,DB01384,CC0 1.0,0.64,Dice similarity of ECFPs,true
DB01614,DB01615,CC0 1.0,0.8372,Dice similarity of ECFPs,true
DB01614,DB01615,CC0 1.0,0.8372,Dice similarity of ECFPs,true
DB01060,DB01602,CC0 1.0,0.6623,Dice similarity of ECFPs,true
DB01060,DB01602,CC0 1.0,0.6623,Dice similarity of ECFPs,true
DB01077,DB00720,CC0 1.0,0.68,Dice similarity of ECFPs,true
DB01077,DB00720,CC0 1.0,0.68,Dice similarity of ECFPs,true
DB01406,DB08905,CC0 1.0,0.5152,Dice similarity of ECFPs,true
DB01406,DB08905,CC0 1.0,0.5152,Dice similarity of ECFPs,true
DB01624,DB01608,CC0 1.0,0.5677,Dice similarity of ECFPs,true
DB01624,DB01608,CC0 1.0,0.5677,Dice similarity of ECFPs,true
DB00143,DB00130,CC0 1.0,0.5195,Dice similarity of ECFPs,true
DB00143,DB00130,CC0 1.0,0.5195,Dice similarity of ECFPs,true
DB00717,DB00741,CC0 1.0,0.5564,Dice similarity of ECFPs,true
DB00717,DB00741,CC0 1.0,0.5564,Dice similarity of ECFPs,true
DB00809,DB00946,CC0 1.0,0.5,Dice similarity of ECFPs,true
DB00809,DB00946,CC0 1.0,0.5,Dice similarity of ECFPs,true
DB00433,DB00850,CC0 1.0,0.8816,Dice similarity of ECFPs,true
DB00433,DB00850,CC0 1.0,0.8816,Dice similarity of ECFPs,true
DB00433,DB00737,CC0 1.0,0.5161,Dice similarity of ECFPs,true
DB00433,DB00737,CC0 1.0,0.5161,Dice similarity of ECFPs,true
DB04573,DB00783,CC0 1.0,0.8276,Dice similarity of ECFPs,true
DB04573,DB00783,CC0 1.0,0.8276,Dice similarity of ECFPs,true
DB00120,DB01626,CC0 1.0,0.5373,Dice similarity of ECFPs,true
DB00120,DB01626,CC0 1.0,0.5373,Dice similarity of ECFPs,true
DB00182,DB01121,CC0 1.0,0.5938,Dice similarity of ECFPs,true
DB00182,DB01121,CC0 1.0,0.5938,Dice similarity of ECFPs,true
DB00624,DB01185,CC0 1.0,0.6452,Dice similarity of ECFPs,true
DB00624,DB01185,CC0 1.0,0.6452,Dice similarity of ECFPs,true
DB06771,DB00467,CC0 1.0,0.5217,Dice similarity of ECFPs,true
DB06771,DB00467,CC0 1.0,0.5217,Dice similarity of ECFPs,true
DB00661,DB08811,CC0 1.0,0.5444,Dice similarity of ECFPs,true
DB00661,DB08811,CC0 1.0,0.5444,Dice similarity of ECFPs,true
DB01359,DB00373,CC0 1.0,0.5254,Dice similarity of ECFPs,true
DB01359,DB00373,CC0 1.0,0.5254,Dice similarity of ECFPs,true
DB00456,DB01139,CC0 1.0,0.7867,Dice similarity of ECFPs,true
DB00456,DB01139,CC0 1.0,0.7867,Dice similarity of ECFPs,true
DB01611,DB00613,CC0 1.0,0.6324,Dice similarity of ECFPs,true
DB01611,DB00613,CC0 1.0,0.6324,Dice similarity of ECFPs,true
DB01559,DB01068,CC0 1.0,0.6116,Dice similarity of ECFPs,true
DB01559,DB01068,CC0 1.0,0.6116,Dice similarity of ECFPs,true
DB06710,DB00253,CC0 1.0,0.5271,Dice similarity of ECFPs,true
DB06710,DB00253,CC0 1.0,0.5271,Dice similarity of ECFPs,true
DB08808,DB00373,CC0 1.0,0.5047,Dice similarity of ECFPs,true
DB08808,DB00373,CC0 1.0,0.5047,Dice similarity of ECFPs,true
DB01069,DB01242,CC0 1.0,0.5,Dice similarity of ECFPs,true
DB01069,DB01242,CC0 1.0,0.5,Dice similarity of ECFPs,true
DB00624,DB01108,CC0 1.0,0.6349,Dice similarity of ECFPs,true
DB00624,DB01108,CC0 1.0,0.6349,Dice similarity of ECFPs,true
DB06770,DB00914,CC0 1.0,0.5538,Dice similarity of ECFPs,true
DB06770,DB00914,CC0 1.0,0.5538,Dice similarity of ECFPs,true
DB01224,DB00656,CC0 1.0,0.5256,Dice similarity of ECFPs,true
DB01224,DB00656,CC0 1.0,0.5256,Dice similarity of ECFPs,true
DB00465,DB01399,CC0 1.0,0.5047,Dice similarity of ECFPs,true
DB00465,DB01399,CC0 1.0,0.5047,Dice similarity of ECFPs,true
DB00224,DB06274,CC0 1.0,0.5116,Dice similarity of ECFPs,true
DB00224,DB06274,CC0 1.0,0.5116,Dice similarity of ECFPs,true
DB00946,DB00812,CC0 1.0,0.5079,Dice similarity of ECFPs,true
DB00946,DB00812,CC0 1.0,0.5079,Dice similarity of ECFPs,true
DB01151,DB00726,CC0 1.0,0.7705,Dice similarity of ECFPs,true
DB01151,DB00726,CC0 1.0,0.7705,Dice similarity of ECFPs,true
DB01361,DB00207,CC0 1.0,0.5505,Dice similarity of ECFPs,true
DB01361,DB00207,CC0 1.0,0.5505,Dice similarity of ECFPs,true
DB00897,DB01215,CC0 1.0,0.6875,Dice similarity of ECFPs,true
DB00897,DB01215,CC0 1.0,0.6875,Dice similarity of ECFPs,true
DB00433,DB01624,CC0 1.0,0.6842,Dice similarity of ECFPs,true
DB00433,DB01624,CC0 1.0,0.6842,Dice similarity of ECFPs,true
DB00231,DB01567,CC0 1.0,0.6949,Dice similarity of ECFPs,true
DB00231,DB01567,CC0 1.0,0.6949,Dice similarity of ECFPs,true
DB00621,DB00717,CC0 1.0,0.5366,Dice similarity of ECFPs,true
DB00621,DB00717,CC0 1.0,0.5366,Dice similarity of ECFPs,true
DB09000,DB00726,CC0 1.0,0.6719,Dice similarity of ECFPs,true
DB09000,DB00726,CC0 1.0,0.6719,Dice similarity of ECFPs,true
DB00739,DB00578,CC0 1.0,0.6294,Dice similarity of ECFPs,true
DB00739,DB00578,CC0 1.0,0.6294,Dice similarity of ECFPs,true
DB00120,DB00135,CC0 1.0,0.7059,Dice similarity of ECFPs,true
DB00120,DB00135,CC0 1.0,0.7059,Dice similarity of ECFPs,true
DB00289,DB00682,CC0 1.0,0.5333,Dice similarity of ECFPs,true
DB00289,DB00682,CC0 1.0,0.5333,Dice similarity of ECFPs,true
DB00780,DB01550,CC0 1.0,0.6087,Dice similarity of ECFPs,true
DB00780,DB01550,CC0 1.0,0.6087,Dice similarity of ECFPs,true
DB00777,DB00850,CC0 1.0,0.5342,Dice similarity of ECFPs,true
DB00777,DB00850,CC0 1.0,0.5342,Dice similarity of ECFPs,true
DB06594,DB00211,CC0 1.0,0.5,Dice similarity of ECFPs,true
DB06594,DB00211,CC0 1.0,0.5,Dice similarity of ECFPs,true
DB01231,DB01244,CC0 1.0,0.5714,Dice similarity of ECFPs,true
DB01231,DB01244,CC0 1.0,0.5714,Dice similarity of ECFPs,true
DB00135,DB00133,CC0 1.0,0.5,Dice similarity of ECFPs,true
DB00135,DB00133,CC0 1.0,0.5,Dice similarity of ECFPs,true
DB00567,DB01602,CC0 1.0,0.6013,Dice similarity of ECFPs,true
DB00567,DB01602,CC0 1.0,0.6013,Dice similarity of ECFPs,true
DB00849,DB01355,CC0 1.0,0.5263,Dice similarity of ECFPs,true
DB00849,DB01355,CC0 1.0,0.5263,Dice similarity of ECFPs,true
DB01075,DB00682,CC0 1.0,0.5167,Dice similarity of ECFPs,true
DB01075,DB00682,CC0 1.0,0.5167,Dice similarity of ECFPs,true
DB01589,DB01559,CC0 1.0,0.5156,Dice similarity of ECFPs,true
DB01589,DB01559,CC0 1.0,0.5156,Dice similarity of ECFPs,true
DB01380,DB00700,CC0 1.0,0.5399,Dice similarity of ECFPs,true
DB01380,DB00700,CC0 1.0,0.5399,Dice similarity of ECFPs,true
DB01545,DB00683,CC0 1.0,0.6029,Dice similarity of ECFPs,true
DB01545,DB00683,CC0 1.0,0.6029,Dice similarity of ECFPs,true
DB01227,DB00366,CC0 1.0,0.5581,Dice similarity of ECFPs,true
DB01227,DB00366,CC0 1.0,0.5581,Dice similarity of ECFPs,true
DB04837,DB00333,CC0 1.0,0.6,Dice similarity of ECFPs,true
DB04837,DB00333,CC0 1.0,0.6,Dice similarity of ECFPs,true
DB06803,DB00861,CC0 1.0,0.5094,Dice similarity of ECFPs,true
DB06803,DB00861,CC0 1.0,0.5094,Dice similarity of ECFPs,true
DB00959,DB00687,CC0 1.0,0.6027,Dice similarity of ECFPs,true
DB00959,DB00687,CC0 1.0,0.6027,Dice similarity of ECFPs,true
DB01216,DB01126,CC0 1.0,0.72,Dice similarity of ECFPs,true
DB01216,DB01126,CC0 1.0,0.72,Dice similarity of ECFPs,true
DB00620,DB00591,CC0 1.0,0.6708,Dice similarity of ECFPs,true
DB00620,DB00591,CC0 1.0,0.6708,Dice similarity of ECFPs,true
DB01246,DB00420,CC0 1.0,0.8305,Dice similarity of ECFPs,true
DB01246,DB00420,CC0 1.0,0.8305,Dice similarity of ECFPs,true
DB01112,DB01331,CC0 1.0,0.6369,Dice similarity of ECFPs,true
DB01112,DB01331,CC0 1.0,0.6369,Dice similarity of ECFPs,true
DB01174,DB01437,CC0 1.0,0.6739,Dice similarity of ECFPs,true
DB01174,DB01437,CC0 1.0,0.6739,Dice similarity of ECFPs,true
DB09015,DB01395,CC0 1.0,0.5033,Dice similarity of ECFPs,true
DB09015,DB01395,CC0 1.0,0.5033,Dice similarity of ECFPs,true
DB01092,DB00511,CC0 1.0,0.5387,Dice similarity of ECFPs,true
DB01092,DB00511,CC0 1.0,0.5387,Dice similarity of ECFPs,true
DB01059,DB00467,CC0 1.0,0.8281,Dice similarity of ECFPs,true
DB01059,DB00467,CC0 1.0,0.8281,Dice similarity of ECFPs,true
DB05245,DB06729,CC0 1.0,0.5487,Dice similarity of ECFPs,true
DB05245,DB06729,CC0 1.0,0.5487,Dice similarity of ECFPs,true
DB00433,DB01151,CC0 1.0,0.5152,Dice similarity of ECFPs,true
DB00433,DB01151,CC0 1.0,0.5152,Dice similarity of ECFPs,true
DB08924,DB01550,CC0 1.0,0.5679,Dice similarity of ECFPs,true
DB08924,DB01550,CC0 1.0,0.5679,Dice similarity of ECFPs,true
DB00560,DB00453,CC0 1.0,0.5842,Dice similarity of ECFPs,true
DB00560,DB00453,CC0 1.0,0.5842,Dice similarity of ECFPs,true
DB06701,DB00979,CC0 1.0,0.5556,Dice similarity of ECFPs,true
DB06701,DB00979,CC0 1.0,0.5556,Dice similarity of ECFPs,true
DB00229,DB01414,CC0 1.0,0.535,Dice similarity of ECFPs,true
DB00229,DB01414,CC0 1.0,0.535,Dice similarity of ECFPs,true
DB01242,DB00321,CC0 1.0,0.629,Dice similarity of ECFPs,true
DB01242,DB00321,CC0 1.0,0.629,Dice similarity of ECFPs,true
DB01274,DB01064,CC0 1.0,0.5455,Dice similarity of ECFPs,true
DB01274,DB01064,CC0 1.0,0.5455,Dice similarity of ECFPs,true
DB01013,DB08906,CC0 1.0,0.6524,Dice similarity of ECFPs,true
DB01013,DB08906,CC0 1.0,0.6524,Dice similarity of ECFPs,true
DB08802,DB01614,CC0 1.0,0.6066,Dice similarity of ECFPs,true
DB08802,DB01614,CC0 1.0,0.6066,Dice similarity of ECFPs,true
DB00591,DB01234,CC0 1.0,0.6832,Dice similarity of ECFPs,true
DB00591,DB01234,CC0 1.0,0.6832,Dice similarity of ECFPs,true
DB00223,DB00635,CC0 1.0,0.527,Dice similarity of ECFPs,true
DB00223,DB00635,CC0 1.0,0.527,Dice similarity of ECFPs,true
DB06710,DB00717,CC0 1.0,0.6341,Dice similarity of ECFPs,true
DB06710,DB00717,CC0 1.0,0.6341,Dice similarity of ECFPs,true
DB08804,DB00396,CC0 1.0,0.5359,Dice similarity of ECFPs,true
DB08804,DB00396,CC0 1.0,0.5359,Dice similarity of ECFPs,true
DB06813,DB00116,CC0 1.0,0.5806,Dice similarity of ECFPs,true
DB06813,DB00116,CC0 1.0,0.5806,Dice similarity of ECFPs,true
DB04842,DB04841,CC0 1.0,0.6632,Dice similarity of ECFPs,true
DB04842,DB04841,CC0 1.0,0.6632,Dice similarity of ECFPs,true
DB00186,DB01589,CC0 1.0,0.5313,Dice similarity of ECFPs,true
DB00186,DB01589,CC0 1.0,0.5313,Dice similarity of ECFPs,true
DB00739,DB00485,CC0 1.0,0.5195,Dice similarity of ECFPs,true
DB00739,DB00485,CC0 1.0,0.5195,Dice similarity of ECFPs,true
DB00417,DB00485,CC0 1.0,0.6259,Dice similarity of ECFPs,true
DB00417,DB00485,CC0 1.0,0.6259,Dice similarity of ECFPs,true
DB00712,DB00475,CC0 1.0,0.5091,Dice similarity of ECFPs,true
DB00712,DB00475,CC0 1.0,0.5091,Dice similarity of ECFPs,true
DB01063,DB00679,CC0 1.0,0.6115,Dice similarity of ECFPs,true
DB01063,DB00679,CC0 1.0,0.6115,Dice similarity of ECFPs,true
DB04837,DB01625,CC0 1.0,0.5354,Dice similarity of ECFPs,true
DB04837,DB01625,CC0 1.0,0.5354,Dice similarity of ECFPs,true
DB00562,DB00999,CC0 1.0,0.5641,Dice similarity of ECFPs,true
DB00562,DB00999,CC0 1.0,0.5641,Dice similarity of ECFPs,true
DB00472,DB08998,CC0 1.0,0.5161,Dice similarity of ECFPs,true
DB00472,DB08998,CC0 1.0,0.5161,Dice similarity of ECFPs,true
DB00706,DB01295,CC0 1.0,0.5369,Dice similarity of ECFPs,true
DB00706,DB01295,CC0 1.0,0.5369,Dice similarity of ECFPs,true
DB00209,DB01146,CC0 1.0,0.5034,Dice similarity of ECFPs,true
DB00209,DB01146,CC0 1.0,0.5034,Dice similarity of ECFPs,true
DB01616,DB00745,CC0 1.0,0.5,Dice similarity of ECFPs,true
DB01616,DB00745,CC0 1.0,0.5,Dice similarity of ECFPs,true
DB00985,DB09002,CC0 1.0,0.5,Dice similarity of ECFPs,true
DB00985,DB09002,CC0 1.0,0.5,Dice similarity of ECFPs,true
DB01069,DB00477,CC0 1.0,0.6667,Dice similarity of ECFPs,true
DB01069,DB00477,CC0 1.0,0.6667,Dice similarity of ECFPs,true
DB06718,DB00396,CC0 1.0,0.5303,Dice similarity of ECFPs,true
DB06718,DB00396,CC0 1.0,0.5303,Dice similarity of ECFPs,true
DB01589,DB00683,CC0 1.0,0.7259,Dice similarity of ECFPs,true
DB01589,DB00683,CC0 1.0,0.7259,Dice similarity of ECFPs,true
DB00889,DB00572,CC0 1.0,0.5397,Dice similarity of ECFPs,true
DB00889,DB00572,CC0 1.0,0.5397,Dice similarity of ECFPs,true
DB06775,DB00130,CC0 1.0,0.5517,Dice similarity of ECFPs,true
DB06775,DB00130,CC0 1.0,0.5517,Dice similarity of ECFPs,true
DB01392,DB01180,CC0 1.0,0.5561,Dice similarity of ECFPs,true
DB01392,DB01180,CC0 1.0,0.5561,Dice similarity of ECFPs,true
DB01224,DB00408,CC0 1.0,0.5714,Dice similarity of ECFPs,true
DB01224,DB00408,CC0 1.0,0.5714,Dice similarity of ECFPs,true
DB00174,DB00151,CC0 1.0,0.6154,Dice similarity of ECFPs,true
DB00174,DB00151,CC0 1.0,0.6154,Dice similarity of ECFPs,true
DB00620,DB00663,CC0 1.0,0.6467,Dice similarity of ECFPs,true
DB00620,DB00663,CC0 1.0,0.6467,Dice similarity of ECFPs,true
DB01114,DB06691,CC0 1.0,0.5965,Dice similarity of ECFPs,true
DB01114,DB06691,CC0 1.0,0.5965,Dice similarity of ECFPs,true
DB00865,DB00812,CC0 1.0,0.5254,Dice similarity of ECFPs,true
DB00865,DB00812,CC0 1.0,0.5254,Dice similarity of ECFPs,true
DB01208,DB01155,CC0 1.0,0.5526,Dice similarity of ECFPs,true
DB01208,DB01155,CC0 1.0,0.5526,Dice similarity of ECFPs,true
DB00306,DB01351,CC0 1.0,0.6429,Dice similarity of ECFPs,true
DB00306,DB01351,CC0 1.0,0.6429,Dice similarity of ECFPs,true
DB01615,DB01239,CC0 1.0,0.5484,Dice similarity of ECFPs,true
DB01615,DB01239,CC0 1.0,0.5484,Dice similarity of ECFPs,true
DB01580,DB00612,CC0 1.0,0.5641,Dice similarity of ECFPs,true
DB01580,DB00612,CC0 1.0,0.5641,Dice similarity of ECFPs,true
DB00392,DB01621,CC0 1.0,0.5065,Dice similarity of ECFPs,true
DB00392,DB01621,CC0 1.0,0.5065,Dice similarity of ECFPs,true
DB01239,DB01623,CC0 1.0,0.6759,Dice similarity of ECFPs,true
DB01239,DB01623,CC0 1.0,0.6759,Dice similarity of ECFPs,true
DB00160,DB00156,CC0 1.0,0.6875,Dice similarity of ECFPs,true
DB00160,DB00156,CC0 1.0,0.6875,Dice similarity of ECFPs,true
DB01174,DB01352,CC0 1.0,0.5116,Dice similarity of ECFPs,true
DB01174,DB01352,CC0 1.0,0.5116,Dice similarity of ECFPs,true
DB00456,DB00229,CC0 1.0,0.5749,Dice similarity of ECFPs,true
DB00456,DB00229,CC0 1.0,0.5749,Dice similarity of ECFPs,true
DB00476,DB06711,CC0 1.0,0.5091,Dice similarity of ECFPs,true
DB00476,DB06711,CC0 1.0,0.5091,Dice similarity of ECFPs,true
DB00950,DB01100,CC0 1.0,0.5392,Dice similarity of ECFPs,true
DB00950,DB01100,CC0 1.0,0.5392,Dice similarity of ECFPs,true
DB00169,DB00153,CC0 1.0,0.8101,Dice similarity of ECFPs,true
DB00169,DB00153,CC0 1.0,0.8101,Dice similarity of ECFPs,true
DB01192,DB01183,CC0 1.0,0.8615,Dice similarity of ECFPs,true
DB01192,DB01183,CC0 1.0,0.8615,Dice similarity of ECFPs,true
DB01397,DB01609,CC0 1.0,0.5147,Dice similarity of ECFPs,true
DB01397,DB01609,CC0 1.0,0.5147,Dice similarity of ECFPs,true
DB08797,DB00233,CC0 1.0,0.5357,Dice similarity of ECFPs,true
DB08797,DB00233,CC0 1.0,0.5357,Dice similarity of ECFPs,true
DB00865,DB00991,CC0 1.0,0.5172,Dice similarity of ECFPs,true
DB00865,DB00991,CC0 1.0,0.5172,Dice similarity of ECFPs,true
DB01219,DB00614,CC0 1.0,0.5273,Dice similarity of ECFPs,true
DB01219,DB00614,CC0 1.0,0.5273,Dice similarity of ECFPs,true
DB00836,DB00539,CC0 1.0,0.5193,Dice similarity of ECFPs,true
DB00836,DB00539,CC0 1.0,0.5193,Dice similarity of ECFPs,true
DB04938,DB00539,CC0 1.0,0.908,Dice similarity of ECFPs,true
DB04938,DB00539,CC0 1.0,0.908,Dice similarity of ECFPs,true
DB09003,DB01622,CC0 1.0,0.5217,Dice similarity of ECFPs,true
DB09003,DB01622,CC0 1.0,0.5217,Dice similarity of ECFPs,true
DB00736,DB00338,CC0 1.0,0.9403,Dice similarity of ECFPs,true
DB00736,DB00338,CC0 1.0,0.9403,Dice similarity of ECFPs,true
DB01242,DB00748,CC0 1.0,0.5167,Dice similarity of ECFPs,true
DB01242,DB00748,CC0 1.0,0.5167,Dice similarity of ECFPs,true
DB00541,DB00309,CC0 1.0,0.8634,Dice similarity of ECFPs,true
DB00541,DB00309,CC0 1.0,0.8634,Dice similarity of ECFPs,true
DB01118,DB00807,CC0 1.0,0.5241,Dice similarity of ECFPs,true
DB01118,DB00807,CC0 1.0,0.5241,Dice similarity of ECFPs,true
DB08795,DB00319,CC0 1.0,0.6982,Dice similarity of ECFPs,true
DB08795,DB00319,CC0 1.0,0.6982,Dice similarity of ECFPs,true
DB08800,DB00477,CC0 1.0,0.547,Dice similarity of ECFPs,true
DB08800,DB00477,CC0 1.0,0.547,Dice similarity of ECFPs,true
DB01016,DB01251,CC0 1.0,0.7245,Dice similarity of ECFPs,true
DB01016,DB01251,CC0 1.0,0.7245,Dice similarity of ECFPs,true
DB00186,DB00801,CC0 1.0,0.5238,Dice similarity of ECFPs,true
DB00186,DB00801,CC0 1.0,0.5238,Dice similarity of ECFPs,true
DB01581,DB00263,CC0 1.0,0.6869,Dice similarity of ECFPs,true
DB01581,DB00263,CC0 1.0,0.6869,Dice similarity of ECFPs,true
DB00712,DB00231,CC0 1.0,0.5505,Dice similarity of ECFPs,true
DB00712,DB00231,CC0 1.0,0.5505,Dice similarity of ECFPs,true
DB01260,DB08971,CC0 1.0,0.6065,Dice similarity of ECFPs,true
DB01260,DB08971,CC0 1.0,0.6065,Dice similarity of ECFPs,true
DB01589,DB00801,CC0 1.0,0.7794,Dice similarity of ECFPs,true
DB01589,DB00801,CC0 1.0,0.7794,Dice similarity of ECFPs,true
DB00624,DB00378,CC0 1.0,0.6341,Dice similarity of ECFPs,true
DB00624,DB00378,CC0 1.0,0.6341,Dice similarity of ECFPs,true
DB00865,DB00333,CC0 1.0,0.6379,Dice similarity of ECFPs,true
DB00865,DB00333,CC0 1.0,0.6379,Dice similarity of ECFPs,true
DB00555,DB00384,CC0 1.0,0.5102,Dice similarity of ECFPs,true
DB00555,DB00384,CC0 1.0,0.5102,Dice similarity of ECFPs,true
DB01340,DB00722,CC0 1.0,0.6024,Dice similarity of ECFPs,true
DB01340,DB00722,CC0 1.0,0.6024,Dice similarity of ECFPs,true
DB01075,DB04837,CC0 1.0,0.6306,Dice similarity of ECFPs,true
DB01075,DB04837,CC0 1.0,0.6306,Dice similarity of ECFPs,true
DB01115,DB00393,CC0 1.0,0.6622,Dice similarity of ECFPs,true
DB01115,DB00393,CC0 1.0,0.6622,Dice similarity of ECFPs,true
DB01146,DB00745,CC0 1.0,0.6034,Dice similarity of ECFPs,true
DB01146,DB00745,CC0 1.0,0.6034,Dice similarity of ECFPs,true
DB00644,DB00035,CC0 1.0,0.543,Dice similarity of ECFPs,true
DB00644,DB00035,CC0 1.0,0.543,Dice similarity of ECFPs,true
DB00675,DB00836,CC0 1.0,0.5169,Dice similarity of ECFPs,true
DB00675,DB00836,CC0 1.0,0.5169,Dice similarity of ECFPs,true
DB00628,DB00842,CC0 1.0,0.8739,Dice similarity of ECFPs,true
DB00628,DB00842,CC0 1.0,0.8739,Dice similarity of ECFPs,true
DB00264,DB00195,CC0 1.0,0.8348,Dice similarity of ECFPs,true
DB00264,DB00195,CC0 1.0,0.8348,Dice similarity of ECFPs,true
DB00420,DB01621,CC0 1.0,0.604,Dice similarity of ECFPs,true
DB00420,DB01621,CC0 1.0,0.604,Dice similarity of ECFPs,true
DB09002,DB01237,CC0 1.0,0.656,Dice similarity of ECFPs,true
DB09002,DB01237,CC0 1.0,0.656,Dice similarity of ECFPs,true
DB01014,DB01250,CC0 1.0,0.7121,Dice similarity of ECFPs,true
DB01014,DB01250,CC0 1.0,0.7121,Dice similarity of ECFPs,true
DB01112,DB01326,CC0 1.0,0.5389,Dice similarity of ECFPs,true
DB01112,DB01326,CC0 1.0,0.5389,Dice similarity of ECFPs,true
DB00351,DB04839,CC0 1.0,0.719,Dice similarity of ECFPs,true
DB00351,DB04839,CC0 1.0,0.719,Dice similarity of ECFPs,true
DB00627,DB01011,CC0 1.0,0.5479,Dice similarity of ECFPs,true
DB00627,DB01011,CC0 1.0,0.5479,Dice similarity of ECFPs,true
DB01072,DB01232,CC0 1.0,0.5324,Dice similarity of ECFPs,true
DB01072,DB01232,CC0 1.0,0.5324,Dice similarity of ECFPs,true
DB08822,DB00796,CC0 1.0,0.7189,Dice similarity of ECFPs,true
DB08822,DB00796,CC0 1.0,0.7189,Dice similarity of ECFPs,true
DB06712,DB00528,CC0 1.0,0.59,Dice similarity of ECFPs,true
DB06712,DB00528,CC0 1.0,0.59,Dice similarity of ECFPs,true
DB00737,DB00972,CC0 1.0,0.5,Dice similarity of ECFPs,true
DB00737,DB00972,CC0 1.0,0.5,Dice similarity of ECFPs,true
DB06711,DB00692,CC0 1.0,0.5688,Dice similarity of ECFPs,true
DB06711,DB00692,CC0 1.0,0.5688,Dice similarity of ECFPs,true
DB01142,DB00321,CC0 1.0,0.8361,Dice similarity of ECFPs,true
DB01142,DB00321,CC0 1.0,0.8361,Dice similarity of ECFPs,true
DB00264,DB00489,CC0 1.0,0.5149,Dice similarity of ECFPs,true
DB00264,DB00489,CC0 1.0,0.5149,Dice similarity of ECFPs,true
DB00557,DB00850,CC0 1.0,0.5677,Dice similarity of ECFPs,true
DB00557,DB00850,CC0 1.0,0.5677,Dice similarity of ECFPs,true
DB06710,DB00858,CC0 1.0,0.5082,Dice similarity of ECFPs,true
DB06710,DB00858,CC0 1.0,0.5082,Dice similarity of ECFPs,true
DB01041,DB00170,CC0 1.0,0.5169,Dice similarity of ECFPs,true
DB01041,DB00170,CC0 1.0,0.5169,Dice similarity of ECFPs,true
DB09015,DB00396,CC0 1.0,0.5362,Dice similarity of ECFPs,true
DB09015,DB00396,CC0 1.0,0.5362,Dice similarity of ECFPs,true
DB00408,DB08936,CC0 1.0,0.5938,Dice similarity of ECFPs,true
DB00408,DB08936,CC0 1.0,0.5938,Dice similarity of ECFPs,true
DB01239,DB00420,CC0 1.0,0.5932,Dice similarity of ECFPs,true
DB01239,DB00420,CC0 1.0,0.5932,Dice similarity of ECFPs,true
DB00924,DB01237,CC0 1.0,0.5254,Dice similarity of ECFPs,true
DB00924,DB01237,CC0 1.0,0.5254,Dice similarity of ECFPs,true
DB00764,DB01384,CC0 1.0,0.64,Dice similarity of ECFPs,true
DB00764,DB01384,CC0 1.0,0.64,Dice similarity of ECFPs,true
DB00628,DB08981,CC0 1.0,0.5172,Dice similarity of ECFPs,true
DB00628,DB08981,CC0 1.0,0.5172,Dice similarity of ECFPs,true
DB00493,DB01416,CC0 1.0,0.9182,Dice similarity of ECFPs,true
DB00493,DB01416,CC0 1.0,0.9182,Dice similarity of ECFPs,true
DB08842,DB06709,CC0 1.0,0.6774,Dice similarity of ECFPs,true
DB08842,DB06709,CC0 1.0,0.6774,Dice similarity of ECFPs,true
DB08860,DB01098,CC0 1.0,0.6286,Dice similarity of ECFPs,true
DB08860,DB01098,CC0 1.0,0.6286,Dice similarity of ECFPs,true
DB00223,DB00838,CC0 1.0,0.7237,Dice similarity of ECFPs,true
DB00223,DB00838,CC0 1.0,0.7237,Dice similarity of ECFPs,true
DB01238,DB01149,CC0 1.0,0.5574,Dice similarity of ECFPs,true
DB01238,DB01149,CC0 1.0,0.5574,Dice similarity of ECFPs,true
DB00865,DB00392,CC0 1.0,0.5217,Dice similarity of ECFPs,true
DB00865,DB00392,CC0 1.0,0.5217,Dice similarity of ECFPs,true
DB01222,DB08970,CC0 1.0,0.5714,Dice similarity of ECFPs,true
DB01222,DB08970,CC0 1.0,0.5714,Dice similarity of ECFPs,true
DB00620,DB00687,CC0 1.0,0.6757,Dice similarity of ECFPs,true
DB00620,DB00687,CC0 1.0,0.6757,Dice similarity of ECFPs,true
DB00628,DB01545,CC0 1.0,0.7424,Dice similarity of ECFPs,true
DB00628,DB01545,CC0 1.0,0.7424,Dice similarity of ECFPs,true
DB01433,DB00745,CC0 1.0,0.5238,Dice similarity of ECFPs,true
DB01433,DB00745,CC0 1.0,0.5238,Dice similarity of ECFPs,true
DB00663,DB06781,CC0 1.0,0.7196,Dice similarity of ECFPs,true
DB00663,DB06781,CC0 1.0,0.7196,Dice similarity of ECFPs,true
DB00182,DB01576,CC0 1.0,1.0,Dice similarity of ECFPs,true
DB00182,DB01576,CC0 1.0,1.0,Dice similarity of ECFPs,true
DB09000,DB00392,CC0 1.0,0.6719,Dice similarity of ECFPs,true
DB09000,DB00392,CC0 1.0,0.6719,Dice similarity of ECFPs,true
DB00894,DB00421,CC0 1.0,0.5175,Dice similarity of ECFPs,true
DB00894,DB00421,CC0 1.0,0.5175,Dice similarity of ECFPs,true
DB01171,DB00680,CC0 1.0,0.5036,Dice similarity of ECFPs,true
DB01171,DB00680,CC0 1.0,0.5036,Dice similarity of ECFPs,true
DB00712,DB00870,CC0 1.0,0.58,Dice similarity of ECFPs,true
DB00712,DB00870,CC0 1.0,0.58,Dice similarity of ECFPs,true
DB00128,DB00139,CC0 1.0,0.5714,Dice similarity of ECFPs,true
DB00128,DB00139,CC0 1.0,0.5714,Dice similarity of ECFPs,true
DB01150,DB00689,CC0 1.0,0.6887,Dice similarity of ECFPs,true
DB01150,DB00689,CC0 1.0,0.6887,Dice similarity of ECFPs,true
DB00881,DB00178,CC0 1.0,0.7356,Dice similarity of ECFPs,true
DB00881,DB00178,CC0 1.0,0.7356,Dice similarity of ECFPs,true
DB00902,DB01608,CC0 1.0,0.5942,Dice similarity of ECFPs,true
DB00902,DB01608,CC0 1.0,0.5942,Dice similarity of ECFPs,true
DB00546,DB01594,CC0 1.0,0.5211,Dice similarity of ECFPs,true
DB00546,DB01594,CC0 1.0,0.5211,Dice similarity of ECFPs,true
DB00936,DB00945,CC0 1.0,0.6774,Dice similarity of ECFPs,true
DB00936,DB00945,CC0 1.0,0.6774,Dice similarity of ECFPs,true
DB00253,DB00741,CC0 1.0,0.6187,Dice similarity of ECFPs,true
DB00253,DB00741,CC0 1.0,0.6187,Dice similarity of ECFPs,true
DB00146,DB00153,CC0 1.0,0.7625,Dice similarity of ECFPs,true
DB00146,DB00153,CC0 1.0,0.7625,Dice similarity of ECFPs,true
DB00221,DB01064,CC0 1.0,0.7529,Dice similarity of ECFPs,true
DB00221,DB01064,CC0 1.0,0.7529,Dice similarity of ECFPs,true
DB00690,DB01068,CC0 1.0,0.5362,Dice similarity of ECFPs,true
DB00690,DB01068,CC0 1.0,0.5362,Dice similarity of ECFPs,true
DB00808,DB00310,CC0 1.0,0.6032,Dice similarity of ECFPs,true
DB00808,DB00310,CC0 1.0,0.6032,Dice similarity of ECFPs,true
DB00245,DB08990,CC0 1.0,0.5132,Dice similarity of ECFPs,true
DB00245,DB08990,CC0 1.0,0.5132,Dice similarity of ECFPs,true
DB00128,DB00174,CC0 1.0,0.7727,Dice similarity of ECFPs,true
DB00128,DB00174,CC0 1.0,0.7727,Dice similarity of ECFPs,true
DB01610,DB00577,CC0 1.0,0.8397,Dice similarity of ECFPs,true
DB01610,DB00577,CC0 1.0,0.8397,Dice similarity of ECFPs,true
DB09000,DB00679,CC0 1.0,0.5942,Dice similarity of ECFPs,true
DB09000,DB00679,CC0 1.0,0.5942,Dice similarity of ECFPs,true
DB00129,DB00155,CC0 1.0,0.7037,Dice similarity of ECFPs,true
DB00129,DB00155,CC0 1.0,0.7037,Dice similarity of ECFPs,true
DB01602,DB00578,CC0 1.0,0.7261,Dice similarity of ECFPs,true
DB01602,DB00578,CC0 1.0,0.7261,Dice similarity of ECFPs,true
DB01016,DB01120,CC0 1.0,0.5032,Dice similarity of ECFPs,true
DB01016,DB01120,CC0 1.0,0.5032,Dice similarity of ECFPs,true
DB01428,DB00788,CC0 1.0,0.5684,Dice similarity of ECFPs,true
DB01428,DB00788,CC0 1.0,0.5684,Dice similarity of ECFPs,true
DB01242,DB00831,CC0 1.0,0.5035,Dice similarity of ECFPs,true
DB01242,DB00831,CC0 1.0,0.5035,Dice similarity of ECFPs,true
DB00620,DB00288,CC0 1.0,0.6857,Dice similarity of ECFPs,true
DB00620,DB00288,CC0 1.0,0.6857,Dice similarity of ECFPs,true
DB00420,DB01608,CC0 1.0,0.597,Dice similarity of ECFPs,true
DB00420,DB01608,CC0 1.0,0.597,Dice similarity of ECFPs,true
DB00146,DB00910,CC0 1.0,0.642,Dice similarity of ECFPs,true
DB00146,DB00910,CC0 1.0,0.642,Dice similarity of ECFPs,true
DB00299,DB00442,CC0 1.0,0.5905,Dice similarity of ECFPs,true
DB00299,DB00442,CC0 1.0,0.5905,Dice similarity of ECFPs,true
DB01239,DB00477,CC0 1.0,0.7167,Dice similarity of ECFPs,true
DB01239,DB00477,CC0 1.0,0.7167,Dice similarity of ECFPs,true
DB01265,DB00242,CC0 1.0,0.5657,Dice similarity of ECFPs,true
DB01265,DB00242,CC0 1.0,0.5657,Dice similarity of ECFPs,true
DB00663,DB00180,CC0 1.0,0.5682,Dice similarity of ECFPs,true
DB00663,DB00180,CC0 1.0,0.5682,Dice similarity of ECFPs,true
DB01117,DB00498,CC0 1.0,0.5041,Dice similarity of ECFPs,true
DB01117,DB00498,CC0 1.0,0.5041,Dice similarity of ECFPs,true
DB04574,DB08905,CC0 1.0,0.5781,Dice similarity of ECFPs,true
DB04574,DB08905,CC0 1.0,0.5781,Dice similarity of ECFPs,true
DB00942,DB00219,CC0 1.0,0.5909,Dice similarity of ECFPs,true
DB00942,DB00219,CC0 1.0,0.5909,Dice similarity of ECFPs,true
DB00293,DB00158,CC0 1.0,0.6102,Dice similarity of ECFPs,true
DB00293,DB00158,CC0 1.0,0.6102,Dice similarity of ECFPs,true
DB00223,DB00547,CC0 1.0,0.68,Dice similarity of ECFPs,true
DB00223,DB00547,CC0 1.0,0.68,Dice similarity of ECFPs,true
DB06800,DB01192,CC0 1.0,0.7556,Dice similarity of ECFPs,true
DB06800,DB01192,CC0 1.0,0.7556,Dice similarity of ECFPs,true
DB00160,DB06768,CC0 1.0,0.5,Dice similarity of ECFPs,true
DB00160,DB06768,CC0 1.0,0.5,Dice similarity of ECFPs,true
DB00668,DB00449,CC0 1.0,0.5,Dice similarity of ECFPs,true
DB00668,DB00449,CC0 1.0,0.5,Dice similarity of ECFPs,true
DB00801,DB00842,CC0 1.0,0.6452,Dice similarity of ECFPs,true
DB00801,DB00842,CC0 1.0,0.6452,Dice similarity of ECFPs,true
DB00925,DB00735,CC0 1.0,0.5079,Dice similarity of ECFPs,true
DB00925,DB00735,CC0 1.0,0.5079,Dice similarity of ECFPs,true
DB00598,DB08941,CC0 1.0,0.5271,Dice similarity of ECFPs,true
DB00598,DB08941,CC0 1.0,0.5271,Dice similarity of ECFPs,true
DB00324,DB00860,CC0 1.0,0.6154,Dice similarity of ECFPs,true
DB00324,DB00860,CC0 1.0,0.6154,Dice similarity of ECFPs,true
DB00770,DB01160,CC0 1.0,0.6203,Dice similarity of ECFPs,true
DB00770,DB01160,CC0 1.0,0.6203,Dice similarity of ECFPs,true
DB00991,DB08994,CC0 1.0,0.7463,Dice similarity of ECFPs,true
DB00991,DB08994,CC0 1.0,0.7463,Dice similarity of ECFPs,true
DB00603,DB00421,CC0 1.0,0.5987,Dice similarity of ECFPs,true
DB00603,DB00421,CC0 1.0,0.5987,Dice similarity of ECFPs,true
DB08800,DB00420,CC0 1.0,0.5043,Dice similarity of ECFPs,true
DB08800,DB00420,CC0 1.0,0.5043,Dice similarity of ECFPs,true
DB01224,DB00334,CC0 1.0,0.5417,Dice similarity of ECFPs,true
DB01224,DB00334,CC0 1.0,0.5417,Dice similarity of ECFPs,true
DB01248,DB06772,CC0 1.0,0.9063,Dice similarity of ECFPs,true
DB01248,DB06772,CC0 1.0,0.9063,Dice similarity of ECFPs,true
DB01298,DB01299,CC0 1.0,0.6018,Dice similarity of ECFPs,true
DB01298,DB01299,CC0 1.0,0.6018,Dice similarity of ECFPs,true
DB01114,DB04837,CC0 1.0,0.5455,Dice similarity of ECFPs,true
DB01114,DB04837,CC0 1.0,0.5455,Dice similarity of ECFPs,true
DB00328,DB00963,CC0 1.0,0.5323,Dice similarity of ECFPs,true
DB00328,DB00963,CC0 1.0,0.5323,Dice similarity of ECFPs,true
DB01222,DB00873,CC0 1.0,0.6875,Dice similarity of ECFPs,true
DB01222,DB00873,CC0 1.0,0.6875,Dice similarity of ECFPs,true
DB00415,DB08795,CC0 1.0,0.8676,Dice similarity of ECFPs,true
DB00415,DB08795,CC0 1.0,0.8676,Dice similarity of ECFPs,true
DB00351,DB00823,CC0 1.0,0.5,Dice similarity of ECFPs,true
DB00351,DB00823,CC0 1.0,0.5,Dice similarity of ECFPs,true
DB00552,DB00640,CC0 1.0,0.5047,Dice similarity of ECFPs,true
DB00552,DB00640,CC0 1.0,0.5047,Dice similarity of ECFPs,true
DB00182,DB00191,CC0 1.0,0.6897,Dice similarity of ECFPs,true
DB00182,DB00191,CC0 1.0,0.6897,Dice similarity of ECFPs,true
DB01165,DB00978,CC0 1.0,0.6286,Dice similarity of ECFPs,true
DB01165,DB00978,CC0 1.0,0.6286,Dice similarity of ECFPs,true
DB01017,DB00759,CC0 1.0,0.7719,Dice similarity of ECFPs,true
DB01017,DB00759,CC0 1.0,0.7719,Dice similarity of ECFPs,true
DB01252,DB00178,CC0 1.0,0.5333,Dice similarity of ECFPs,true
DB01252,DB00178,CC0 1.0,0.5333,Dice similarity of ECFPs,true
DB00764,DB00635,CC0 1.0,0.5753,Dice similarity of ECFPs,true
DB00764,DB00635,CC0 1.0,0.5753,Dice similarity of ECFPs,true
DB08967,DB00933,CC0 1.0,0.5256,Dice similarity of ECFPs,true
DB08967,DB00933,CC0 1.0,0.5256,Dice similarity of ECFPs,true
DB01175,DB00215,CC0 1.0,1.0,Dice similarity of ECFPs,true
DB01175,DB00215,CC0 1.0,1.0,Dice similarity of ECFPs,true
DB01411,DB00796,CC0 1.0,0.5347,Dice similarity of ECFPs,true
DB01411,DB00796,CC0 1.0,0.5347,Dice similarity of ECFPs,true
DB00611,DB00854,CC0 1.0,0.6129,Dice similarity of ECFPs,true
DB00611,DB00854,CC0 1.0,0.6129,Dice similarity of ECFPs,true
DB00933,DB00777,CC0 1.0,0.5915,Dice similarity of ECFPs,true
DB00933,DB00777,CC0 1.0,0.5915,Dice similarity of ECFPs,true
DB00199,DB00976,CC0 1.0,0.5842,Dice similarity of ECFPs,true
DB00199,DB00976,CC0 1.0,0.5842,Dice similarity of ECFPs,true
DB01353,DB00312,CC0 1.0,0.7073,Dice similarity of ECFPs,true
DB01353,DB00312,CC0 1.0,0.7073,Dice similarity of ECFPs,true
DB01577,DB06218,CC0 1.0,0.5432,Dice similarity of ECFPs,true
DB01577,DB06218,CC0 1.0,0.5432,Dice similarity of ECFPs,true
DB00340,DB06148,CC0 1.0,0.6129,Dice similarity of ECFPs,true
DB00340,DB06148,CC0 1.0,0.6129,Dice similarity of ECFPs,true
DB00690,DB01103,CC0 1.0,0.5161,Dice similarity of ECFPs,true
DB00690,DB01103,CC0 1.0,0.5161,Dice similarity of ECFPs,true
DB01118,DB04855,CC0 1.0,0.5787,Dice similarity of ECFPs,true
DB01118,DB04855,CC0 1.0,0.5787,Dice similarity of ECFPs,true
DB00923,DB00229,CC0 1.0,0.715,Dice similarity of ECFPs,true
DB00923,DB00229,CC0 1.0,0.715,Dice similarity of ECFPs,true
DB01589,DB00546,CC0 1.0,0.5816,Dice similarity of ECFPs,true
DB01589,DB00546,CC0 1.0,0.5816,Dice similarity of ECFPs,true
DB00035,DB00093,CC0 1.0,0.8543,Dice similarity of ECFPs,true
DB00035,DB00093,CC0 1.0,0.8543,Dice similarity of ECFPs,true
DB00248,DB00589,CC0 1.0,0.5122,Dice similarity of ECFPs,true
DB00248,DB00589,CC0 1.0,0.5122,Dice similarity of ECFPs,true
DB01237,DB00539,CC0 1.0,0.5248,Dice similarity of ECFPs,true
DB01237,DB00539,CC0 1.0,0.5248,Dice similarity of ECFPs,true
DB00987,DB00194,CC0 1.0,0.6667,Dice similarity of ECFPs,true
DB00987,DB00194,CC0 1.0,0.6667,Dice similarity of ECFPs,true
DB00894,DB08970,CC0 1.0,0.5255,Dice similarity of ECFPs,true
DB00894,DB08970,CC0 1.0,0.5255,Dice similarity of ECFPs,true
DB00823,DB01431,CC0 1.0,0.5674,Dice similarity of ECFPs,true
DB00823,DB01431,CC0 1.0,0.5674,Dice similarity of ECFPs,true
DB00363,DB01623,CC0 1.0,0.5263,Dice similarity of ECFPs,true
DB00363,DB01623,CC0 1.0,0.5263,Dice similarity of ECFPs,true
DB00149,DB00151,CC0 1.0,0.6154,Dice similarity of ECFPs,true
DB00149,DB00151,CC0 1.0,0.6154,Dice similarity of ECFPs,true
DB08804,DB00984,CC0 1.0,0.75,Dice similarity of ECFPs,true
DB08804,DB00984,CC0 1.0,0.75,Dice similarity of ECFPs,true
DB00120,DB01252,CC0 1.0,0.5455,Dice similarity of ECFPs,true
DB00120,DB01252,CC0 1.0,0.5455,Dice similarity of ECFPs,true
DB01333,DB01327,CC0 1.0,0.5135,Dice similarity of ECFPs,true
DB01333,DB01327,CC0 1.0,0.5135,Dice similarity of ECFPs,true
DB00562,DB00232,CC0 1.0,0.5484,Dice similarity of ECFPs,true
DB00562,DB00232,CC0 1.0,0.5484,Dice similarity of ECFPs,true
DB00924,DB01142,CC0 1.0,0.7705,Dice similarity of ECFPs,true
DB00924,DB01142,CC0 1.0,0.7705,Dice similarity of ECFPs,true
DB00366,DB00539,CC0 1.0,0.5106,Dice similarity of ECFPs,true
DB00366,DB00539,CC0 1.0,0.5106,Dice similarity of ECFPs,true
DB01280,DB00811,CC0 1.0,0.5962,Dice similarity of ECFPs,true
DB01280,DB00811,CC0 1.0,0.5962,Dice similarity of ECFPs,true
DB01240,DB00374,CC0 1.0,0.5101,Dice similarity of ECFPs,true
DB01240,DB00374,CC0 1.0,0.5101,Dice similarity of ECFPs,true
DB00881,DB00813,CC0 1.0,0.5153,Dice similarity of ECFPs,true
DB00881,DB00813,CC0 1.0,0.5153,Dice similarity of ECFPs,true
DB00349,DB00832,CC0 1.0,0.5306,Dice similarity of ECFPs,true
DB00349,DB00832,CC0 1.0,0.5306,Dice similarity of ECFPs,true
DB00807,DB01233,CC0 1.0,0.5536,Dice similarity of ECFPs,true
DB00807,DB01233,CC0 1.0,0.5536,Dice similarity of ECFPs,true
DB00438,DB00355,CC0 1.0,0.5943,Dice similarity of ECFPs,true
DB00438,DB00355,CC0 1.0,0.5943,Dice similarity of ECFPs,true
DB08905,DB00396,CC0 1.0,0.608,Dice similarity of ECFPs,true
DB08905,DB00396,CC0 1.0,0.608,Dice similarity of ECFPs,true
DB00521,DB00571,CC0 1.0,0.5,Dice similarity of ECFPs,true
DB00521,DB00571,CC0 1.0,0.5,Dice similarity of ECFPs,true
DB00668,DB01102,CC0 1.0,0.6,Dice similarity of ECFPs,true
DB00668,DB01102,CC0 1.0,0.6,Dice similarity of ECFPs,true
DB00324,DB01234,CC0 1.0,0.7211,Dice similarity of ECFPs,true
DB00324,DB01234,CC0 1.0,0.7211,Dice similarity of ECFPs,true
DB01069,DB01622,CC0 1.0,0.5634,Dice similarity of ECFPs,true
DB01069,DB01622,CC0 1.0,0.5634,Dice similarity of ECFPs,true
DB00829,DB00579,CC0 1.0,0.5217,Dice similarity of ECFPs,true
DB00829,DB00579,CC0 1.0,0.5217,Dice similarity of ECFPs,true
DB00199,DB01321,CC0 1.0,0.5329,Dice similarity of ECFPs,true
DB00199,DB01321,CC0 1.0,0.5329,Dice similarity of ECFPs,true
DB06770,DB01626,CC0 1.0,0.6316,Dice similarity of ECFPs,true
DB06770,DB01626,CC0 1.0,0.6316,Dice similarity of ECFPs,true
DB01576,DB00852,CC0 1.0,0.5574,Dice similarity of ECFPs,true
DB01576,DB00852,CC0 1.0,0.5574,Dice similarity of ECFPs,true
DB00343,DB01615,CC0 1.0,0.5517,Dice similarity of ECFPs,true
DB00343,DB01615,CC0 1.0,0.5517,Dice similarity of ECFPs,true
DB01621,DB01622,CC0 1.0,0.8409,Dice similarity of ECFPs,true
DB01621,DB01622,CC0 1.0,0.8409,Dice similarity of ECFPs,true
DB06204,DB00610,CC0 1.0,0.6133,Dice similarity of ECFPs,true
DB06204,DB00610,CC0 1.0,0.6133,Dice similarity of ECFPs,true
DB00540,DB00726,CC0 1.0,0.6066,Dice similarity of ECFPs,true
DB00540,DB00726,CC0 1.0,0.6066,Dice similarity of ECFPs,true
DB00948,DB01329,CC0 1.0,0.5297,Dice similarity of ECFPs,true
DB00948,DB01329,CC0 1.0,0.5297,Dice similarity of ECFPs,true
DB01246,DB01403,CC0 1.0,0.832,Dice similarity of ECFPs,true
DB01246,DB01403,CC0 1.0,0.832,Dice similarity of ECFPs,true
DB00676,DB01600,CC0 1.0,0.5155,Dice similarity of ECFPs,true
DB00676,DB01600,CC0 1.0,0.5155,Dice similarity of ECFPs,true
DB08798,DB00359,CC0 1.0,0.6392,Dice similarity of ECFPs,true
DB08798,DB00359,CC0 1.0,0.6392,Dice similarity of ECFPs,true
DB00462,DB01409,CC0 1.0,0.6667,Dice similarity of ECFPs,true
DB00462,DB01409,CC0 1.0,0.6667,Dice similarity of ECFPs,true
DB00902,DB01063,CC0 1.0,0.5479,Dice similarity of ECFPs,true
DB00902,DB01063,CC0 1.0,0.5479,Dice similarity of ECFPs,true
DB00959,DB01384,CC0 1.0,0.7973,Dice similarity of ECFPs,true
DB00959,DB01384,CC0 1.0,0.7973,Dice similarity of ECFPs,true
DB00502,DB00579,CC0 1.0,0.5152,Dice similarity of ECFPs,true
DB00502,DB00579,CC0 1.0,0.5152,Dice similarity of ECFPs,true
DB00405,DB04837,CC0 1.0,0.5091,Dice similarity of ECFPs,true
DB00405,DB04837,CC0 1.0,0.5091,Dice similarity of ECFPs,true
DB00186,DB01559,CC0 1.0,0.5424,Dice similarity of ECFPs,true
DB00186,DB01559,CC0 1.0,0.5424,Dice similarity of ECFPs,true
DB01173,DB00675,CC0 1.0,0.5797,Dice similarity of ECFPs,true
DB01173,DB00675,CC0 1.0,0.5797,Dice similarity of ECFPs,true
DB01624,DB00680,CC0 1.0,0.506,Dice similarity of ECFPs,true
DB01624,DB00680,CC0 1.0,0.506,Dice similarity of ECFPs,true
DB08799,DB00252,CC0 1.0,0.5217,Dice similarity of ECFPs,true
DB08799,DB00252,CC0 1.0,0.5217,Dice similarity of ECFPs,true
DB00524,DB01325,CC0 1.0,0.6195,Dice similarity of ECFPs,true
DB00524,DB01325,CC0 1.0,0.6195,Dice similarity of ECFPs,true
DB01406,DB00894,CC0 1.0,0.5263,Dice similarity of ECFPs,true
DB01406,DB00894,CC0 1.0,0.5263,Dice similarity of ECFPs,true
DB00186,DB00586,CC0 1.0,0.5,Dice similarity of ECFPs,true
DB00186,DB00586,CC0 1.0,0.5,Dice similarity of ECFPs,true
DB08804,DB06730,CC0 1.0,0.5325,Dice similarity of ECFPs,true
DB08804,DB06730,CC0 1.0,0.5325,Dice similarity of ECFPs,true
DB00343,DB06691,CC0 1.0,0.539,Dice similarity of ECFPs,true
DB00343,DB06691,CC0 1.0,0.539,Dice similarity of ECFPs,true
DB00555,DB00205,CC0 1.0,0.5055,Dice similarity of ECFPs,true
DB00555,DB00205,CC0 1.0,0.5055,Dice similarity of ECFPs,true
DB00596,DB08970,CC0 1.0,0.5767,Dice similarity of ECFPs,true
DB00596,DB08970,CC0 1.0,0.5767,Dice similarity of ECFPs,true
DB00599,DB01352,CC0 1.0,0.5432,Dice similarity of ECFPs,true
DB00599,DB01352,CC0 1.0,0.5432,Dice similarity of ECFPs,true
DB00493,DB00567,CC0 1.0,0.5135,Dice similarity of ECFPs,true
DB00493,DB00567,CC0 1.0,0.5135,Dice similarity of ECFPs,true
DB00420,DB04837,CC0 1.0,0.5789,Dice similarity of ECFPs,true
DB00420,DB04837,CC0 1.0,0.5789,Dice similarity of ECFPs,true
DB00777,DB01403,CC0 1.0,0.7576,Dice similarity of ECFPs,true
DB00777,DB01403,CC0 1.0,0.7576,Dice similarity of ECFPs,true
DB00923,DB00833,CC0 1.0,0.561,Dice similarity of ECFPs,true
DB00923,DB00833,CC0 1.0,0.561,Dice similarity of ECFPs,true
DB00179,DB08957,CC0 1.0,0.5556,Dice similarity of ECFPs,true
DB00179,DB08957,CC0 1.0,0.5556,Dice similarity of ECFPs,true
DB00933,DB08796,CC0 1.0,0.519,Dice similarity of ECFPs,true
DB00933,DB08796,CC0 1.0,0.519,Dice similarity of ECFPs,true
DB00324,DB00896,CC0 1.0,0.5655,Dice similarity of ECFPs,true
DB00324,DB00896,CC0 1.0,0.5655,Dice similarity of ECFPs,true
DB00323,DB00500,CC0 1.0,0.566,Dice similarity of ECFPs,true
DB00323,DB00500,CC0 1.0,0.566,Dice similarity of ECFPs,true
DB00438,DB00267,CC0 1.0,0.6495,Dice similarity of ECFPs,true
DB00438,DB00267,CC0 1.0,0.6495,Dice similarity of ECFPs,true
DB00873,DB08970,CC0 1.0,0.5772,Dice similarity of ECFPs,true
DB00873,DB08970,CC0 1.0,0.5772,Dice similarity of ECFPs,true
DB00957,DB08804,CC0 1.0,0.5455,Dice similarity of ECFPs,true
DB00957,DB08804,CC0 1.0,0.5455,Dice similarity of ECFPs,true
DB09003,DB01063,CC0 1.0,0.5464,Dice similarity of ECFPs,true
DB09003,DB01063,CC0 1.0,0.5464,Dice similarity of ECFPs,true
DB00454,DB00292,CC0 1.0,0.5098,Dice similarity of ECFPs,true
DB00454,DB00292,CC0 1.0,0.5098,Dice similarity of ECFPs,true
DB00776,DB06148,CC0 1.0,0.5664,Dice similarity of ECFPs,true
DB00776,DB06148,CC0 1.0,0.5664,Dice similarity of ECFPs,true
DB01114,DB01620,CC0 1.0,0.8113,Dice similarity of ECFPs,true
DB01114,DB01620,CC0 1.0,0.8113,Dice similarity of ECFPs,true
DB01001,DB06707,CC0 1.0,0.5063,Dice similarity of ECFPs,true
DB01001,DB06707,CC0 1.0,0.5063,Dice similarity of ECFPs,true
DB00415,DB00417,CC0 1.0,0.8092,Dice similarity of ECFPs,true
DB00415,DB00417,CC0 1.0,0.8092,Dice similarity of ECFPs,true
DB00591,DB08971,CC0 1.0,0.5912,Dice similarity of ECFPs,true
DB00591,DB08971,CC0 1.0,0.5912,Dice similarity of ECFPs,true
DB01018,DB01121,CC0 1.0,0.5,Dice similarity of ECFPs,true
DB01018,DB01121,CC0 1.0,0.5,Dice similarity of ECFPs,true
DB08807,DB08808,CC0 1.0,0.5039,Dice similarity of ECFPs,true
DB08807,DB08808,CC0 1.0,0.5039,Dice similarity of ECFPs,true
DB08828,DB00398,CC0 1.0,0.5122,Dice similarity of ECFPs,true
DB08828,DB00398,CC0 1.0,0.5122,Dice similarity of ECFPs,true
DB00884,DB00667,CC0 1.0,0.5057,Dice similarity of ECFPs,true
DB00884,DB00667,CC0 1.0,0.5057,Dice similarity of ECFPs,true
DB00844,DB01551,CC0 1.0,0.5401,Dice similarity of ECFPs,true
DB00844,DB01551,CC0 1.0,0.5401,Dice similarity of ECFPs,true
DB00790,DB00519,CC0 1.0,0.8354,Dice similarity of ECFPs,true
DB00790,DB00519,CC0 1.0,0.8354,Dice similarity of ECFPs,true
DB08970,DB08971,CC0 1.0,0.5,Dice similarity of ECFPs,true
DB08970,DB08971,CC0 1.0,0.5,Dice similarity of ECFPs,true
DB00867,DB00255,CC0 1.0,0.6087,Dice similarity of ECFPs,true
DB00867,DB00255,CC0 1.0,0.6087,Dice similarity of ECFPs,true
DB04841,DB01100,CC0 1.0,0.6417,Dice similarity of ECFPs,true
DB04841,DB01100,CC0 1.0,0.6417,Dice similarity of ECFPs,true
DB00223,DB00687,CC0 1.0,0.5733,Dice similarity of ECFPs,true
DB00223,DB00687,CC0 1.0,0.5733,Dice similarity of ECFPs,true
DB01151,DB01614,CC0 1.0,0.5161,Dice similarity of ECFPs,true
DB01151,DB01614,CC0 1.0,0.5161,Dice similarity of ECFPs,true
DB00776,DB00670,CC0 1.0,0.5116,Dice similarity of ECFPs,true
DB00776,DB00670,CC0 1.0,0.5116,Dice similarity of ECFPs,true
DB00168,DB00178,CC0 1.0,0.5248,Dice similarity of ECFPs,true
DB00168,DB00178,CC0 1.0,0.5248,Dice similarity of ECFPs,true
DB00301,DB00319,CC0 1.0,0.5475,Dice similarity of ECFPs,true
DB00301,DB00319,CC0 1.0,0.5475,Dice similarity of ECFPs,true
DB00557,DB08954,CC0 1.0,0.5241,Dice similarity of ECFPs,true
DB00557,DB08954,CC0 1.0,0.5241,Dice similarity of ECFPs,true
DB09014,DB00748,CC0 1.0,0.5238,Dice similarity of ECFPs,true
DB09014,DB00748,CC0 1.0,0.5238,Dice similarity of ECFPs,true
DB01283,DB00963,CC0 1.0,0.5091,Dice similarity of ECFPs,true
DB01283,DB00963,CC0 1.0,0.5091,Dice similarity of ECFPs,true
DB00873,DB01380,CC0 1.0,0.5621,Dice similarity of ECFPs,true
DB00873,DB01380,CC0 1.0,0.5621,Dice similarity of ECFPs,true
DB00622,DB06712,CC0 1.0,0.6744,Dice similarity of ECFPs,true
DB00622,DB06712,CC0 1.0,0.6744,Dice similarity of ECFPs,true
DB00598,DB01009,CC0 1.0,0.5,Dice similarity of ECFPs,true
DB00598,DB01009,CC0 1.0,0.5,Dice similarity of ECFPs,true
DB01615,DB00420,CC0 1.0,0.6393,Dice similarity of ECFPs,true
DB01615,DB00420,CC0 1.0,0.6393,Dice similarity of ECFPs,true
DB01010,DB01158,CC0 1.0,0.5373,Dice similarity of ECFPs,true
DB01010,DB01158,CC0 1.0,0.5373,Dice similarity of ECFPs,true
DB00324,DB08906,CC0 1.0,0.6127,Dice similarity of ECFPs,true
DB00324,DB08906,CC0 1.0,0.6127,Dice similarity of ECFPs,true
DB00168,DB00731,CC0 1.0,0.5785,Dice similarity of ECFPs,true
DB00168,DB00731,CC0 1.0,0.5785,Dice similarity of ECFPs,true
DB01174,DB00849,CC0 1.0,0.7917,Dice similarity of ECFPs,true
DB01174,DB00849,CC0 1.0,0.7917,Dice similarity of ECFPs,true
DB00959,DB00896,CC0 1.0,0.6986,Dice similarity of ECFPs,true
DB00959,DB00896,CC0 1.0,0.6986,Dice similarity of ECFPs,true
DB00458,DB01142,CC0 1.0,0.6066,Dice similarity of ECFPs,true
DB00458,DB01142,CC0 1.0,0.6066,Dice similarity of ECFPs,true
DB00369,DB00300,CC0 1.0,0.52,Dice similarity of ECFPs,true
DB00369,DB00300,CC0 1.0,0.52,Dice similarity of ECFPs,true
DB01209,DB02187,CC0 1.0,0.5185,Dice similarity of ECFPs,true
DB01209,DB02187,CC0 1.0,0.5185,Dice similarity of ECFPs,true
DB00764,DB00288,CC0 1.0,0.6171,Dice similarity of ECFPs,true
DB00764,DB00288,CC0 1.0,0.6171,Dice similarity of ECFPs,true
DB01242,DB00850,CC0 1.0,0.5775,Dice similarity of ECFPs,true
DB01242,DB00850,CC0 1.0,0.5775,Dice similarity of ECFPs,true
DB01222,DB00620,CC0 1.0,0.5963,Dice similarity of ECFPs,true
DB01222,DB00620,CC0 1.0,0.5963,Dice similarity of ECFPs,true
DB00456,DB01327,CC0 1.0,0.5844,Dice similarity of ECFPs,true
DB00456,DB01327,CC0 1.0,0.5844,Dice similarity of ECFPs,true
DB00789,DB00538,CC0 1.0,0.6017,Dice similarity of ECFPs,true
DB00789,DB00538,CC0 1.0,0.6017,Dice similarity of ECFPs,true
DB01545,DB01567,CC0 1.0,0.6667,Dice similarity of ECFPs,true
DB01545,DB01567,CC0 1.0,0.6667,Dice similarity of ECFPs,true
DB00459,DB00755,CC0 1.0,0.6504,Dice similarity of ECFPs,true
DB00459,DB00755,CC0 1.0,0.6504,Dice similarity of ECFPs,true
DB00917,DB01240,CC0 1.0,0.7338,Dice similarity of ECFPs,true
DB00917,DB01240,CC0 1.0,0.7338,Dice similarity of ECFPs,true
DB06802,DB00643,CC0 1.0,0.569,Dice similarity of ECFPs,true
DB06802,DB00643,CC0 1.0,0.569,Dice similarity of ECFPs,true
DB00507,DB00814,CC0 1.0,0.5455,Dice similarity of ECFPs,true
DB00507,DB00814,CC0 1.0,0.5455,Dice similarity of ECFPs,true
DB00418,DB01351,CC0 1.0,0.6667,Dice similarity of ECFPs,true
DB00418,DB01351,CC0 1.0,0.6667,Dice similarity of ECFPs,true
DB00433,DB00392,CC0 1.0,0.5441,Dice similarity of ECFPs,true
DB00433,DB00392,CC0 1.0,0.5441,Dice similarity of ECFPs,true
DB01150,DB01333,CC0 1.0,0.6571,Dice similarity of ECFPs,true
DB01150,DB01333,CC0 1.0,0.6571,Dice similarity of ECFPs,true
DB00739,DB01607,CC0 1.0,0.5143,Dice similarity of ECFPs,true
DB00739,DB01607,CC0 1.0,0.5143,Dice similarity of ECFPs,true
DB00880,DB00999,CC0 1.0,0.7333,Dice similarity of ECFPs,true
DB00880,DB00999,CC0 1.0,0.7333,Dice similarity of ECFPs,true
DB00458,DB01246,CC0 1.0,0.6281,Dice similarity of ECFPs,true
DB00458,DB01246,CC0 1.0,0.6281,Dice similarity of ECFPs,true
DB01196,DB04574,CC0 1.0,0.604,Dice similarity of ECFPs,true
DB01196,DB04574,CC0 1.0,0.604,Dice similarity of ECFPs,true
DB00667,DB00630,CC0 1.0,0.5195,Dice similarity of ECFPs,true
DB00667,DB00630,CC0 1.0,0.5195,Dice similarity of ECFPs,true
DB00412,DB06691,CC0 1.0,0.6212,Dice similarity of ECFPs,true
DB00412,DB06691,CC0 1.0,0.6212,Dice similarity of ECFPs,true
DB00769,DB00421,CC0 1.0,0.5172,Dice similarity of ECFPs,true
DB00769,DB00421,CC0 1.0,0.5172,Dice similarity of ECFPs,true
DB00777,DB01622,CC0 1.0,0.6053,Dice similarity of ECFPs,true
DB00777,DB01622,CC0 1.0,0.6053,Dice similarity of ECFPs,true
DB01069,DB00726,CC0 1.0,0.6833,Dice similarity of ECFPs,true
DB01069,DB00726,CC0 1.0,0.6833,Dice similarity of ECFPs,true
DB00764,DB00394,CC0 1.0,0.7442,Dice similarity of ECFPs,true
DB00764,DB00394,CC0 1.0,0.7442,Dice similarity of ECFPs,true
DB00777,DB00679,CC0 1.0,0.5857,Dice similarity of ECFPs,true
DB00777,DB00679,CC0 1.0,0.5857,Dice similarity of ECFPs,true
DB04794,DB08936,CC0 1.0,0.5263,Dice similarity of ECFPs,true
DB04794,DB08936,CC0 1.0,0.5263,Dice similarity of ECFPs,true
DB08802,DB00777,CC0 1.0,0.7258,Dice similarity of ECFPs,true
DB08802,DB00777,CC0 1.0,0.7258,Dice similarity of ECFPs,true
DB00458,DB08801,CC0 1.0,0.5645,Dice similarity of ECFPs,true
DB00458,DB08801,CC0 1.0,0.5645,Dice similarity of ECFPs,true
DB00656,DB01238,CC0 1.0,0.5276,Dice similarity of ECFPs,true
DB00656,DB01238,CC0 1.0,0.5276,Dice similarity of ECFPs,true
DB01280,DB00928,CC0 1.0,0.7308,Dice similarity of ECFPs,true
DB01280,DB00928,CC0 1.0,0.7308,Dice similarity of ECFPs,true
DB06267,DB00203,CC0 1.0,0.7565,Dice similarity of ECFPs,true
DB06267,DB00203,CC0 1.0,0.7565,Dice similarity of ECFPs,true
DB01137,DB00487,CC0 1.0,0.7101,Dice similarity of ECFPs,true
DB01137,DB00487,CC0 1.0,0.7101,Dice similarity of ECFPs,true
DB00143,DB08835,CC0 1.0,0.5849,Dice similarity of ECFPs,true
DB00143,DB08835,CC0 1.0,0.5849,Dice similarity of ECFPs,true
DB00284,DB00994,CC0 1.0,0.5714,Dice similarity of ECFPs,true
DB00284,DB00994,CC0 1.0,0.5714,Dice similarity of ECFPs,true
DB01047,DB00896,CC0 1.0,0.515,Dice similarity of ECFPs,true
DB01047,DB00896,CC0 1.0,0.515,Dice similarity of ECFPs,true
DB00363,DB00829,CC0 1.0,0.5323,Dice similarity of ECFPs,true
DB00363,DB00829,CC0 1.0,0.5323,Dice similarity of ECFPs,true
DB01220,DB00615,CC0 1.0,0.7335,Dice similarity of ECFPs,true
DB01220,DB00615,CC0 1.0,0.7335,Dice similarity of ECFPs,true
DB00675,DB00333,CC0 1.0,0.5379,Dice similarity of ECFPs,true
DB00675,DB00333,CC0 1.0,0.5379,Dice similarity of ECFPs,true
DB00476,DB00571,CC0 1.0,0.6034,Dice similarity of ECFPs,true
DB00476,DB00571,CC0 1.0,0.6034,Dice similarity of ECFPs,true
DB00217,DB01626,CC0 1.0,0.5352,Dice similarity of ECFPs,true
DB00217,DB01626,CC0 1.0,0.5352,Dice similarity of ECFPs,true
DB01151,DB08998,CC0 1.0,0.5289,Dice similarity of ECFPs,true
DB01151,DB08998,CC0 1.0,0.5289,Dice similarity of ECFPs,true
DB01151,DB00564,CC0 1.0,0.5225,Dice similarity of ECFPs,true
DB01151,DB00564,CC0 1.0,0.5225,Dice similarity of ECFPs,true
DB00873,DB00687,CC0 1.0,0.5714,Dice similarity of ECFPs,true
DB00873,DB00687,CC0 1.0,0.5714,Dice similarity of ECFPs,true
DB01081,DB00333,CC0 1.0,0.5153,Dice similarity of ECFPs,true
DB01081,DB00333,CC0 1.0,0.5153,Dice similarity of ECFPs,true
DB01182,DB08893,CC0 1.0,0.5229,Dice similarity of ECFPs,true
DB01182,DB08893,CC0 1.0,0.5229,Dice similarity of ECFPs,true
DB01365,DB03255,CC0 1.0,0.5283,Dice similarity of ECFPs,true
DB01365,DB03255,CC0 1.0,0.5283,Dice similarity of ECFPs,true
DB08905,DB01380,CC0 1.0,0.5143,Dice similarity of ECFPs,true
DB08905,DB01380,CC0 1.0,0.5143,Dice similarity of ECFPs,true
DB01014,DB00963,CC0 1.0,0.5039,Dice similarity of ECFPs,true
DB01014,DB00963,CC0 1.0,0.5039,Dice similarity of ECFPs,true
DB04574,DB00977,CC0 1.0,0.6202,Dice similarity of ECFPs,true
DB04574,DB00977,CC0 1.0,0.6202,Dice similarity of ECFPs,true
DB01407,DB01291,CC0 1.0,0.5393,Dice similarity of ECFPs,true
DB01407,DB01291,CC0 1.0,0.5393,Dice similarity of ECFPs,true
DB00417,DB00319,CC0 1.0,0.6585,Dice similarity of ECFPs,true
DB00417,DB00319,CC0 1.0,0.6585,Dice similarity of ECFPs,true
DB00988,DB00368,CC0 1.0,0.6774,Dice similarity of ECFPs,true
DB00988,DB00368,CC0 1.0,0.6774,Dice similarity of ECFPs,true
DB01260,DB01013,CC0 1.0,0.5595,Dice similarity of ECFPs,true
DB01260,DB01013,CC0 1.0,0.5595,Dice similarity of ECFPs,true
DB04838,DB00979,CC0 1.0,0.5263,Dice similarity of ECFPs,true
DB04838,DB00979,CC0 1.0,0.5263,Dice similarity of ECFPs,true
DB00628,DB01595,CC0 1.0,0.6721,Dice similarity of ECFPs,true
DB00628,DB01595,CC0 1.0,0.6721,Dice similarity of ECFPs,true
DB00897,DB01588,CC0 1.0,0.5909,Dice similarity of ECFPs,true
DB00897,DB01588,CC0 1.0,0.5909,Dice similarity of ECFPs,true
DB00420,DB00835,CC0 1.0,0.5,Dice similarity of ECFPs,true
DB00420,DB00835,CC0 1.0,0.5,Dice similarity of ECFPs,true
DB00473,DB00986,CC0 1.0,0.5167,Dice similarity of ECFPs,true
DB00473,DB00986,CC0 1.0,0.5167,Dice similarity of ECFPs,true
DB01615,DB00850,CC0 1.0,0.5315,Dice similarity of ECFPs,true
DB01615,DB00850,CC0 1.0,0.5315,Dice similarity of ECFPs,true
DB00217,DB01550,CC0 1.0,0.5195,Dice similarity of ECFPs,true
DB00217,DB01550,CC0 1.0,0.5195,Dice similarity of ECFPs,true
DB00120,DB01577,CC0 1.0,0.6563,Dice similarity of ECFPs,true
DB00120,DB01577,CC0 1.0,0.6563,Dice similarity of ECFPs,true
DB09002,DB00376,CC0 1.0,0.5263,Dice similarity of ECFPs,true
DB09002,DB00376,CC0 1.0,0.5263,Dice similarity of ECFPs,true
DB06771,DB01165,CC0 1.0,0.6164,Dice similarity of ECFPs,true
DB06771,DB01165,CC0 1.0,0.6164,Dice similarity of ECFPs,true
DB01326,DB00833,CC0 1.0,0.7059,Dice similarity of ECFPs,true
DB01326,DB00833,CC0 1.0,0.7059,Dice similarity of ECFPs,true
DB09000,DB01239,CC0 1.0,0.576,Dice similarity of ECFPs,true
DB09000,DB01239,CC0 1.0,0.576,Dice similarity of ECFPs,true
DB01380,DB00421,CC0 1.0,0.5875,Dice similarity of ECFPs,true
DB01380,DB00421,CC0 1.0,0.5875,Dice similarity of ECFPs,true
DB01139,DB00923,CC0 1.0,0.6136,Dice similarity of ECFPs,true
DB01139,DB00923,CC0 1.0,0.6136,Dice similarity of ECFPs,true
DB01075,DB00735,CC0 1.0,0.5333,Dice similarity of ECFPs,true
DB01075,DB00735,CC0 1.0,0.5333,Dice similarity of ECFPs,true
DB00946,DB00991,CC0 1.0,0.5323,Dice similarity of ECFPs,true
DB00946,DB00991,CC0 1.0,0.5323,Dice similarity of ECFPs,true
DB01239,DB01594,CC0 1.0,0.5077,Dice similarity of ECFPs,true
DB01239,DB01594,CC0 1.0,0.5077,Dice similarity of ECFPs,true
DB01582,DB01299,CC0 1.0,0.6727,Dice similarity of ECFPs,true
DB01582,DB01299,CC0 1.0,0.6727,Dice similarity of ECFPs,true
DB01176,DB01620,CC0 1.0,0.5045,Dice similarity of ECFPs,true
DB01176,DB01620,CC0 1.0,0.5045,Dice similarity of ECFPs,true
DB08804,DB01420,CC0 1.0,0.6415,Dice similarity of ECFPs,true
DB08804,DB01420,CC0 1.0,0.6415,Dice similarity of ECFPs,true
DB01172,DB01421,CC0 1.0,0.7761,Dice similarity of ECFPs,true
DB01172,DB01421,CC0 1.0,0.7761,Dice similarity of ECFPs,true
DB01419,DB01148,CC0 1.0,0.5025,Dice similarity of ECFPs,true
DB01419,DB01148,CC0 1.0,0.5025,Dice similarity of ECFPs,true
DB00882,DB04938,CC0 1.0,0.7975,Dice similarity of ECFPs,true
DB00882,DB04938,CC0 1.0,0.7975,Dice similarity of ECFPs,true
DB06804,DB00868,CC0 1.0,0.744,Dice similarity of ECFPs,true
DB06804,DB00868,CC0 1.0,0.744,Dice similarity of ECFPs,true
DB08800,DB01114,CC0 1.0,0.7207,Dice similarity of ECFPs,true
DB08800,DB01114,CC0 1.0,0.7207,Dice similarity of ECFPs,true
DB00341,DB04841,CC0 1.0,0.6145,Dice similarity of ECFPs,true
DB00341,DB04841,CC0 1.0,0.6145,Dice similarity of ECFPs,true
DB06770,DB00780,CC0 1.0,0.6923,Dice similarity of ECFPs,true
DB06770,DB00780,CC0 1.0,0.6923,Dice similarity of ECFPs,true
DB01010,DB00388,CC0 1.0,0.5538,Dice similarity of ECFPs,true
DB01010,DB00388,CC0 1.0,0.5538,Dice similarity of ECFPs,true
DB01112,DB00535,CC0 1.0,0.5695,Dice similarity of ECFPs,true
DB01112,DB00535,CC0 1.0,0.5695,Dice similarity of ECFPs,true
DB00650,DB06813,CC0 1.0,0.5654,Dice similarity of ECFPs,true
DB00650,DB06813,CC0 1.0,0.5654,Dice similarity of ECFPs,true
DB06803,DB01068,CC0 1.0,0.521,Dice similarity of ECFPs,true
DB06803,DB01068,CC0 1.0,0.521,Dice similarity of ECFPs,true
DB01348,DB00584,CC0 1.0,0.8272,Dice similarity of ECFPs,true
DB01348,DB00584,CC0 1.0,0.8272,Dice similarity of ECFPs,true
DB00937,DB01600,CC0 1.0,0.5055,Dice similarity of ECFPs,true
DB00937,DB01600,CC0 1.0,0.5055,Dice similarity of ECFPs,true
DB01348,DB00168,CC0 1.0,0.5139,Dice similarity of ECFPs,true
DB01348,DB00168,CC0 1.0,0.5139,Dice similarity of ECFPs,true
DB01384,DB00253,CC0 1.0,0.5175,Dice similarity of ECFPs,true
DB01384,DB00253,CC0 1.0,0.5175,Dice similarity of ECFPs,true
DB00938,DB01182,CC0 1.0,0.5157,Dice similarity of ECFPs,true
DB00938,DB01182,CC0 1.0,0.5157,Dice similarity of ECFPs,true
DB00946,DB01075,CC0 1.0,0.5391,Dice similarity of ECFPs,true
DB00946,DB01075,CC0 1.0,0.5391,Dice similarity of ECFPs,true
DB00498,DB01320,CC0 1.0,0.521,Dice similarity of ECFPs,true
DB00498,DB01320,CC0 1.0,0.521,Dice similarity of ECFPs,true
DB08796,DB00680,CC0 1.0,0.5647,Dice similarity of ECFPs,true
DB08796,DB00680,CC0 1.0,0.5647,Dice similarity of ECFPs,true
DB00405,DB00420,CC0 1.0,0.5,Dice similarity of ECFPs,true
DB00405,DB00420,CC0 1.0,0.5,Dice similarity of ECFPs,true
DB01150,DB00833,CC0 1.0,0.7286,Dice similarity of ECFPs,true
DB01150,DB00833,CC0 1.0,0.7286,Dice similarity of ECFPs,true
DB06267,DB00862,CC0 1.0,0.602,Dice similarity of ECFPs,true
DB06267,DB00862,CC0 1.0,0.602,Dice similarity of ECFPs,true
DB00411,DB00122,CC0 1.0,0.5455,Dice similarity of ECFPs,true
DB00411,DB00122,CC0 1.0,0.5455,Dice similarity of ECFPs,true
DB00467,DB00978,CC0 1.0,0.6818,Dice similarity of ECFPs,true
DB00467,DB00978,CC0 1.0,0.6818,Dice similarity of ECFPs,true
DB01588,DB00475,CC0 1.0,0.5873,Dice similarity of ECFPs,true
DB01588,DB00475,CC0 1.0,0.5873,Dice similarity of ECFPs,true
DB00387,DB00942,CC0 1.0,1.0,Dice similarity of ECFPs,true
DB00387,DB00942,CC0 1.0,1.0,Dice similarity of ECFPs,true
DB00846,DB01047,CC0 1.0,0.6404,Dice similarity of ECFPs,true
DB00846,DB01047,CC0 1.0,0.6404,Dice similarity of ECFPs,true
DB00676,DB00333,CC0 1.0,0.5766,Dice similarity of ECFPs,true
DB00676,DB00333,CC0 1.0,0.5766,Dice similarity of ECFPs,true
DB01588,DB00842,CC0 1.0,0.6667,Dice similarity of ECFPs,true
DB01588,DB00842,CC0 1.0,0.6667,Dice similarity of ECFPs,true
DB01068,DB00683,CC0 1.0,0.5469,Dice similarity of ECFPs,true
DB01068,DB00683,CC0 1.0,0.5469,Dice similarity of ECFPs,true
DB08967,DB09000,CC0 1.0,0.6575,Dice similarity of ECFPs,true
DB08967,DB09000,CC0 1.0,0.6575,Dice similarity of ECFPs,true
DB00769,DB01260,CC0 1.0,0.5143,Dice similarity of ECFPs,true
DB00769,DB01260,CC0 1.0,0.5143,Dice similarity of ECFPs,true
DB00344,DB00289,CC0 1.0,0.5614,Dice similarity of ECFPs,true
DB00344,DB00289,CC0 1.0,0.5614,Dice similarity of ECFPs,true
DB00931,DB00453,CC0 1.0,0.5455,Dice similarity of ECFPs,true
DB00931,DB00453,CC0 1.0,0.5455,Dice similarity of ECFPs,true
DB00675,DB00539,CC0 1.0,0.9212,Dice similarity of ECFPs,true
DB00675,DB00539,CC0 1.0,0.9212,Dice similarity of ECFPs,true
DB00180,DB00288,CC0 1.0,0.5543,Dice similarity of ECFPs,true
DB00180,DB00288,CC0 1.0,0.5543,Dice similarity of ECFPs,true
DB01511,DB01559,CC0 1.0,0.6379,Dice similarity of ECFPs,true
DB01511,DB01559,CC0 1.0,0.6379,Dice similarity of ECFPs,true
DB00467,DB01044,CC0 1.0,0.5797,Dice similarity of ECFPs,true
DB00467,DB01044,CC0 1.0,0.5797,Dice similarity of ECFPs,true
DB00438,DB00567,CC0 1.0,0.5238,Dice similarity of ECFPs,true
DB00438,DB00567,CC0 1.0,0.5238,Dice similarity of ECFPs,true
DB00792,DB01237,CC0 1.0,0.5357,Dice similarity of ECFPs,true
DB00792,DB01237,CC0 1.0,0.5357,Dice similarity of ECFPs,true
DB01224,DB01624,CC0 1.0,0.6415,Dice similarity of ECFPs,true
DB01224,DB01624,CC0 1.0,0.6415,Dice similarity of ECFPs,true
DB00478,DB00915,CC0 1.0,0.7536,Dice similarity of ECFPs,true
DB00478,DB00915,CC0 1.0,0.7536,Dice similarity of ECFPs,true
DB00247,DB01253,CC0 1.0,0.7518,Dice similarity of ECFPs,true
DB00247,DB01253,CC0 1.0,0.7518,Dice similarity of ECFPs,true
DB04890,DB00748,CC0 1.0,0.637,Dice similarity of ECFPs,true
DB04890,DB00748,CC0 1.0,0.637,Dice similarity of ECFPs,true
DB00458,DB00420,CC0 1.0,0.7899,Dice similarity of ECFPs,true
DB00458,DB00420,CC0 1.0,0.7899,Dice similarity of ECFPs,true
DB01193,DB00195,CC0 1.0,0.5039,Dice similarity of ECFPs,true
DB01193,DB00195,CC0 1.0,0.5039,Dice similarity of ECFPs,true
DB00295,DB01452,CC0 1.0,0.7059,Dice similarity of ECFPs,true
DB00295,DB01452,CC0 1.0,0.7059,Dice similarity of ECFPs,true
DB00596,DB00394,CC0 1.0,0.7243,Dice similarity of ECFPs,true
DB00596,DB00394,CC0 1.0,0.7243,Dice similarity of ECFPs,true
DB00467,DB00817,CC0 1.0,0.5238,Dice similarity of ECFPs,true
DB00467,DB00817,CC0 1.0,0.5238,Dice similarity of ECFPs,true
DB00341,DB00950,CC0 1.0,0.5027,Dice similarity of ECFPs,true
DB00341,DB00950,CC0 1.0,0.5027,Dice similarity of ECFPs,true
DB01625,DB00745,CC0 1.0,0.56,Dice similarity of ECFPs,true
DB01625,DB00745,CC0 1.0,0.56,Dice similarity of ECFPs,true
DB00957,DB00367,CC0 1.0,0.766,Dice similarity of ECFPs,true
DB00957,DB00367,CC0 1.0,0.766,Dice similarity of ECFPs,true
DB00783,DB00947,CC0 1.0,0.5497,Dice similarity of ECFPs,true
DB00783,DB00947,CC0 1.0,0.5497,Dice similarity of ECFPs,true
DB00861,DB01250,CC0 1.0,0.5872,Dice similarity of ECFPs,true
DB00861,DB01250,CC0 1.0,0.5872,Dice similarity of ECFPs,true
DB00542,DB01151,CC0 1.0,0.5442,Dice similarity of ECFPs,true
DB00542,DB01151,CC0 1.0,0.5442,Dice similarity of ECFPs,true
DB00584,DB00722,CC0 1.0,0.7564,Dice similarity of ECFPs,true
DB00584,DB00722,CC0 1.0,0.7564,Dice similarity of ECFPs,true
DB01073,DB00242,CC0 1.0,0.5763,Dice similarity of ECFPs,true
DB01073,DB00242,CC0 1.0,0.5763,Dice similarity of ECFPs,true
DB01395,DB00741,CC0 1.0,0.5405,Dice similarity of ECFPs,true
DB01395,DB00741,CC0 1.0,0.5405,Dice similarity of ECFPs,true
DB01501,DB00813,CC0 1.0,0.5181,Dice similarity of ECFPs,true
DB01501,DB00813,CC0 1.0,0.5181,Dice similarity of ECFPs,true
DB08802,DB09000,CC0 1.0,0.6557,Dice similarity of ECFPs,true
DB08802,DB09000,CC0 1.0,0.6557,Dice similarity of ECFPs,true
DB00155,DB00133,CC0 1.0,0.5,Dice similarity of ECFPs,true
DB00155,DB00133,CC0 1.0,0.5,Dice similarity of ECFPs,true
DB00842,DB00404,CC0 1.0,0.6281,Dice similarity of ECFPs,true
DB00842,DB00404,CC0 1.0,0.6281,Dice similarity of ECFPs,true
DB00554,DB06725,CC0 1.0,0.6299,Dice similarity of ECFPs,true
DB00554,DB06725,CC0 1.0,0.6299,Dice similarity of ECFPs,true
DB04920,DB01023,CC0 1.0,0.8649,Dice similarity of ECFPs,true
DB04920,DB01023,CC0 1.0,0.8649,Dice similarity of ECFPs,true
DB00792,DB00865,CC0 1.0,0.6355,Dice similarity of ECFPs,true
DB00792,DB00865,CC0 1.0,0.6355,Dice similarity of ECFPs,true
DB00924,DB00564,CC0 1.0,0.6018,Dice similarity of ECFPs,true
DB00924,DB00564,CC0 1.0,0.6018,Dice similarity of ECFPs,true
DB00865,DB04837,CC0 1.0,0.5741,Dice similarity of ECFPs,true
DB00865,DB04837,CC0 1.0,0.5741,Dice similarity of ECFPs,true
DB00418,DB00237,CC0 1.0,0.7381,Dice similarity of ECFPs,true
DB00418,DB00237,CC0 1.0,0.7381,Dice similarity of ECFPs,true
DB01246,DB01620,CC0 1.0,0.5179,Dice similarity of ECFPs,true
DB01246,DB01620,CC0 1.0,0.5179,Dice similarity of ECFPs,true
DB00225,DB06705,CC0 1.0,0.5022,Dice similarity of ECFPs,true
DB00225,DB06705,CC0 1.0,0.5022,Dice similarity of ECFPs,true
DB08804,DB00823,CC0 1.0,0.515,Dice similarity of ECFPs,true
DB08804,DB00823,CC0 1.0,0.515,Dice similarity of ECFPs,true
DB01150,DB00923,CC0 1.0,0.5116,Dice similarity of ECFPs,true
DB01150,DB00923,CC0 1.0,0.5116,Dice similarity of ECFPs,true
DB01069,DB01071,CC0 1.0,0.6667,Dice similarity of ECFPs,true
DB01069,DB01071,CC0 1.0,0.6667,Dice similarity of ECFPs,true
DB01280,DB06213,CC0 1.0,0.6912,Dice similarity of ECFPs,true
DB01280,DB06213,CC0 1.0,0.6912,Dice similarity of ECFPs,true
DB00443,DB00896,CC0 1.0,0.6486,Dice similarity of ECFPs,true
DB00443,DB00896,CC0 1.0,0.6486,Dice similarity of ECFPs,true
DB00956,DB01551,CC0 1.0,0.8095,Dice similarity of ECFPs,true
DB00956,DB01551,CC0 1.0,0.8095,Dice similarity of ECFPs,true
DB01224,DB00341,CC0 1.0,0.557,Dice similarity of ECFPs,true
DB01224,DB00341,CC0 1.0,0.557,Dice similarity of ECFPs,true
DB00982,DB00523,CC0 1.0,1.0,Dice similarity of ECFPs,true
DB00982,DB00523,CC0 1.0,1.0,Dice similarity of ECFPs,true
DB00647,DB00792,CC0 1.0,0.56,Dice similarity of ECFPs,true
DB00647,DB00792,CC0 1.0,0.56,Dice similarity of ECFPs,true
DB00345,DB01393,CC0 1.0,0.5047,Dice similarity of ECFPs,true
DB00345,DB01393,CC0 1.0,0.5047,Dice similarity of ECFPs,true
DB00894,DB00655,CC0 1.0,0.5042,Dice similarity of ECFPs,true
DB00894,DB00655,CC0 1.0,0.5042,Dice similarity of ECFPs,true
DB08796,DB01608,CC0 1.0,0.5157,Dice similarity of ECFPs,true
DB08796,DB01608,CC0 1.0,0.5157,Dice similarity of ECFPs,true
DB06696,DB00994,CC0 1.0,0.5926,Dice similarity of ECFPs,true
DB06696,DB00994,CC0 1.0,0.5926,Dice similarity of ECFPs,true
DB01433,DB00676,CC0 1.0,0.5546,Dice similarity of ECFPs,true
DB01433,DB00676,CC0 1.0,0.5546,Dice similarity of ECFPs,true
DB00508,DB00902,CC0 1.0,0.5426,Dice similarity of ECFPs,true
DB00508,DB00902,CC0 1.0,0.5426,Dice similarity of ECFPs,true
DB00910,DB01070,CC0 1.0,0.7284,Dice similarity of ECFPs,true
DB00910,DB01070,CC0 1.0,0.7284,Dice similarity of ECFPs,true
DB00207,DB00778,CC0 1.0,0.8483,Dice similarity of ECFPs,true
DB00207,DB00778,CC0 1.0,0.8483,Dice similarity of ECFPs,true
DB01212,DB01414,CC0 1.0,0.5217,Dice similarity of ECFPs,true
DB01212,DB01414,CC0 1.0,0.5217,Dice similarity of ECFPs,true
DB01065,DB00461,CC0 1.0,0.5625,Dice similarity of ECFPs,true
DB01065,DB00461,CC0 1.0,0.5625,Dice similarity of ECFPs,true
DB00182,DB00937,CC0 1.0,0.5217,Dice similarity of ECFPs,true
DB00182,DB00937,CC0 1.0,0.5217,Dice similarity of ECFPs,true
DB01203,DB01001,CC0 1.0,0.5333,Dice similarity of ECFPs,true
DB01203,DB01001,CC0 1.0,0.5333,Dice similarity of ECFPs,true
DB00542,DB01591,CC0 1.0,0.5,Dice similarity of ECFPs,true
DB00542,DB01591,CC0 1.0,0.5,Dice similarity of ECFPs,true
DB00768,DB01142,CC0 1.0,0.803,Dice similarity of ECFPs,true
DB00768,DB01142,CC0 1.0,0.803,Dice similarity of ECFPs,true
DB08905,DB01395,CC0 1.0,0.5072,Dice similarity of ECFPs,true
DB08905,DB01395,CC0 1.0,0.5072,Dice similarity of ECFPs,true
DB00225,DB00538,CC0 1.0,0.8023,Dice similarity of ECFPs,true
DB00225,DB00538,CC0 1.0,0.8023,Dice similarity of ECFPs,true
DB08800,DB01237,CC0 1.0,0.5088,Dice similarity of ECFPs,true
DB08800,DB01237,CC0 1.0,0.5088,Dice similarity of ECFPs,true
DB00821,DB00712,CC0 1.0,0.5825,Dice similarity of ECFPs,true
DB00821,DB00712,CC0 1.0,0.5825,Dice similarity of ECFPs,true
DB00622,DB00528,CC0 1.0,0.7568,Dice similarity of ECFPs,true
DB00622,DB00528,CC0 1.0,0.7568,Dice similarity of ECFPs,true
DB00713,DB01603,CC0 1.0,0.7211,Dice similarity of ECFPs,true
DB00713,DB01603,CC0 1.0,0.7211,Dice similarity of ECFPs,true
DB01053,DB01060,CC0 1.0,0.7077,Dice similarity of ECFPs,true
DB01053,DB01060,CC0 1.0,0.7077,Dice similarity of ECFPs,true
DB01173,DB09002,CC0 1.0,0.544,Dice similarity of ECFPs,true
DB01173,DB09002,CC0 1.0,0.544,Dice similarity of ECFPs,true
DB02187,DB00286,CC0 1.0,0.5397,Dice similarity of ECFPs,true
DB02187,DB00286,CC0 1.0,0.5397,Dice similarity of ECFPs,true
DB01207,DB00176,CC0 1.0,0.5373,Dice similarity of ECFPs,true
DB01207,DB00176,CC0 1.0,0.5373,Dice similarity of ECFPs,true
DB00225,DB00743,CC0 1.0,0.5041,Dice similarity of ECFPs,true
DB00225,DB00743,CC0 1.0,0.5041,Dice similarity of ECFPs,true
DB00306,DB00312,CC0 1.0,0.7381,Dice similarity of ECFPs,true
DB00306,DB00312,CC0 1.0,0.7381,Dice similarity of ECFPs,true
DB01620,DB00745,CC0 1.0,0.5283,Dice similarity of ECFPs,true
DB01620,DB00745,CC0 1.0,0.5283,Dice similarity of ECFPs,true
DB01117,DB01588,CC0 1.0,0.5,Dice similarity of ECFPs,true
DB01117,DB01588,CC0 1.0,0.5,Dice similarity of ECFPs,true
DB00363,DB01068,CC0 1.0,0.5116,Dice similarity of ECFPs,true
DB00363,DB01068,CC0 1.0,0.5116,Dice similarity of ECFPs,true
DB01015,DB00576,CC0 1.0,0.7234,Dice similarity of ECFPs,true
DB01015,DB00576,CC0 1.0,0.7234,Dice similarity of ECFPs,true
DB00421,DB01395,CC0 1.0,0.6456,Dice similarity of ECFPs,true
DB00421,DB01395,CC0 1.0,0.6456,Dice similarity of ECFPs,true
DB00433,DB00420,CC0 1.0,0.626,Dice similarity of ECFPs,true
DB00433,DB00420,CC0 1.0,0.626,Dice similarity of ECFPs,true
DB01403,DB01608,CC0 1.0,0.5532,Dice similarity of ECFPs,true
DB01403,DB01608,CC0 1.0,0.5532,Dice similarity of ECFPs,true
DB00664,DB00259,CC0 1.0,0.5854,Dice similarity of ECFPs,true
DB00664,DB00259,CC0 1.0,0.5854,Dice similarity of ECFPs,true
DB00567,DB00578,CC0 1.0,0.6176,Dice similarity of ECFPs,true
DB00567,DB00578,CC0 1.0,0.6176,Dice similarity of ECFPs,true
DB00690,DB01559,CC0 1.0,0.5926,Dice similarity of ECFPs,true
DB00690,DB01559,CC0 1.0,0.5926,Dice similarity of ECFPs,true
DB00741,DB00687,CC0 1.0,0.7917,Dice similarity of ECFPs,true
DB00741,DB00687,CC0 1.0,0.7917,Dice similarity of ECFPs,true
DB00542,DB00178,CC0 1.0,0.593,Dice similarity of ECFPs,true
DB00542,DB00178,CC0 1.0,0.593,Dice similarity of ECFPs,true
DB00954,DB01361,CC0 1.0,0.5556,Dice similarity of ECFPs,true
DB00954,DB01361,CC0 1.0,0.5556,Dice similarity of ECFPs,true
DB01185,DB00288,CC0 1.0,0.5455,Dice similarity of ECFPs,true
DB01185,DB00288,CC0 1.0,0.5455,Dice similarity of ECFPs,true
DB09015,DB00603,CC0 1.0,0.56,Dice similarity of ECFPs,true
DB09015,DB00603,CC0 1.0,0.56,Dice similarity of ECFPs,true
DB00985,DB01146,CC0 1.0,0.5455,Dice similarity of ECFPs,true
DB00985,DB01146,CC0 1.0,0.5455,Dice similarity of ECFPs,true
DB01577,DB01576,CC0 1.0,0.7797,Dice similarity of ECFPs,true
DB01577,DB01576,CC0 1.0,0.7797,Dice similarity of ECFPs,true
DB00551,DB00119,CC0 1.0,0.5,Dice similarity of ECFPs,true
DB00551,DB00119,CC0 1.0,0.5,Dice similarity of ECFPs,true
DB00933,DB00679,CC0 1.0,0.8784,Dice similarity of ECFPs,true
DB00933,DB00679,CC0 1.0,0.8784,Dice similarity of ECFPs,true
DB00884,DB00630,CC0 1.0,0.5897,Dice similarity of ECFPs,true
DB00884,DB00630,CC0 1.0,0.5897,Dice similarity of ECFPs,true
DB00986,DB01062,CC0 1.0,0.6619,Dice similarity of ECFPs,true
DB00986,DB01062,CC0 1.0,0.6619,Dice similarity of ECFPs,true
DB00498,DB00682,CC0 1.0,0.5439,Dice similarity of ECFPs,true
DB00498,DB00682,CC0 1.0,0.5439,Dice similarity of ECFPs,true
DB00744,DB01600,CC0 1.0,0.5106,Dice similarity of ECFPs,true
DB00744,DB01600,CC0 1.0,0.5106,Dice similarity of ECFPs,true
DB00630,DB00282,CC0 1.0,0.8923,Dice similarity of ECFPs,true
DB00630,DB00282,CC0 1.0,0.8923,Dice similarity of ECFPs,true
DB00309,DB04877,CC0 1.0,0.5298,Dice similarity of ECFPs,true
DB00309,DB04877,CC0 1.0,0.5298,Dice similarity of ECFPs,true
DB00628,DB00231,CC0 1.0,0.7273,Dice similarity of ECFPs,true
DB00628,DB00231,CC0 1.0,0.7273,Dice similarity of ECFPs,true
DB00913,DB01501,CC0 1.0,0.6071,Dice similarity of ECFPs,true
DB00913,DB01501,CC0 1.0,0.6071,Dice similarity of ECFPs,true
DB01615,DB00777,CC0 1.0,0.916,Dice similarity of ECFPs,true
DB01615,DB00777,CC0 1.0,0.916,Dice similarity of ECFPs,true
DB00776,DB00321,CC0 1.0,0.5217,Dice similarity of ECFPs,true
DB00776,DB00321,CC0 1.0,0.5217,Dice similarity of ECFPs,true
DB00404,DB01595,CC0 1.0,0.5968,Dice similarity of ECFPs,true
DB00404,DB01595,CC0 1.0,0.5968,Dice similarity of ECFPs,true
DB00999,DB01324,CC0 1.0,0.6,Dice similarity of ECFPs,true
DB00999,DB01324,CC0 1.0,0.6,Dice similarity of ECFPs,true
DB00698,DB01219,CC0 1.0,0.75,Dice similarity of ECFPs,true
DB00698,DB01219,CC0 1.0,0.75,Dice similarity of ECFPs,true
DB01139,DB01329,CC0 1.0,0.53,Dice similarity of ECFPs,true
DB01139,DB01329,CC0 1.0,0.53,Dice similarity of ECFPs,true
DB09014,DB01173,CC0 1.0,0.5873,Dice similarity of ECFPs,true
DB09014,DB01173,CC0 1.0,0.5873,Dice similarity of ECFPs,true
DB06204,DB01010,CC0 1.0,0.56,Dice similarity of ECFPs,true
DB06204,DB01010,CC0 1.0,0.56,Dice similarity of ECFPs,true
DB00465,DB01600,CC0 1.0,0.6346,Dice similarity of ECFPs,true
DB00465,DB01600,CC0 1.0,0.6346,Dice similarity of ECFPs,true
DB01053,DB01604,CC0 1.0,0.6577,Dice similarity of ECFPs,true
DB01053,DB01604,CC0 1.0,0.6577,Dice similarity of ECFPs,true
DB01331,DB00689,CC0 1.0,0.5714,Dice similarity of ECFPs,true
DB01331,DB00689,CC0 1.0,0.5714,Dice similarity of ECFPs,true
DB01174,DB01354,CC0 1.0,0.6186,Dice similarity of ECFPs,true
DB01174,DB01354,CC0 1.0,0.6186,Dice similarity of ECFPs,true
DB01416,DB01140,CC0 1.0,0.5379,Dice similarity of ECFPs,true
DB01416,DB01140,CC0 1.0,0.5379,Dice similarity of ECFPs,true
DB01614,DB00850,CC0 1.0,0.6111,Dice similarity of ECFPs,true
DB01614,DB00850,CC0 1.0,0.6111,Dice similarity of ECFPs,true
DB00370,DB08936,CC0 1.0,0.5,Dice similarity of ECFPs,true
DB00370,DB08936,CC0 1.0,0.5,Dice similarity of ECFPs,true
DB00297,DB00281,CC0 1.0,0.6095,Dice similarity of ECFPs,true
DB00297,DB00281,CC0 1.0,0.6095,Dice similarity of ECFPs,true
DB00682,DB00573,CC0 1.0,0.5345,Dice similarity of ECFPs,true
DB00682,DB00573,CC0 1.0,0.5345,Dice similarity of ECFPs,true
DB01071,DB01403,CC0 1.0,0.5075,Dice similarity of ECFPs,true
DB01071,DB01403,CC0 1.0,0.5075,Dice similarity of ECFPs,true
DB00180,DB00547,CC0 1.0,0.535,Dice similarity of ECFPs,true
DB00180,DB00547,CC0 1.0,0.535,Dice similarity of ECFPs,true
DB01182,DB00571,CC0 1.0,0.5714,Dice similarity of ECFPs,true
DB01182,DB00571,CC0 1.0,0.5714,Dice similarity of ECFPs,true
DB08905,DB00990,CC0 1.0,0.623,Dice similarity of ECFPs,true
DB08905,DB00990,CC0 1.0,0.623,Dice similarity of ECFPs,true
DB00675,DB08996,CC0 1.0,0.5035,Dice similarity of ECFPs,true
DB00675,DB08996,CC0 1.0,0.5035,Dice similarity of ECFPs,true
DB01237,DB04837,CC0 1.0,0.5664,Dice similarity of ECFPs,true
DB01237,DB04837,CC0 1.0,0.5664,Dice similarity of ECFPs,true
DB00141,DB00742,CC0 1.0,0.5882,Dice similarity of ECFPs,true
DB00141,DB00742,CC0 1.0,0.5882,Dice similarity of ECFPs,true
DB04575,DB00977,CC0 1.0,0.8,Dice similarity of ECFPs,true
DB04575,DB00977,CC0 1.0,0.8,Dice similarity of ECFPs,true
DB00182,DB01550,CC0 1.0,0.6765,Dice similarity of ECFPs,true
DB00182,DB01550,CC0 1.0,0.6765,Dice similarity of ECFPs,true
DB00288,DB08970,CC0 1.0,0.6514,Dice similarity of ECFPs,true
DB00288,DB08970,CC0 1.0,0.6514,Dice similarity of ECFPs,true
DB00607,DB01060,CC0 1.0,0.6667,Dice similarity of ECFPs,true
DB00607,DB01060,CC0 1.0,0.6667,Dice similarity of ECFPs,true
DB00984,DB00396,CC0 1.0,0.5298,Dice similarity of ECFPs,true
DB00984,DB00396,CC0 1.0,0.5298,Dice similarity of ECFPs,true
DB05246,DB00849,CC0 1.0,0.6667,Dice similarity of ECFPs,true
DB05246,DB00849,CC0 1.0,0.6667,Dice similarity of ECFPs,true
DB01177,DB00997,CC0 1.0,0.8333,Dice similarity of ECFPs,true
DB01177,DB00997,CC0 1.0,0.8333,Dice similarity of ECFPs,true
DB00925,DB01625,CC0 1.0,0.5,Dice similarity of ECFPs,true
DB00925,DB01625,CC0 1.0,0.5,Dice similarity of ECFPs,true
DB01150,DB01066,CC0 1.0,0.5663,Dice similarity of ECFPs,true
DB01150,DB01066,CC0 1.0,0.5663,Dice similarity of ECFPs,true
DB01329,DB01061,CC0 1.0,0.5143,Dice similarity of ECFPs,true
DB01329,DB01061,CC0 1.0,0.5143,Dice similarity of ECFPs,true
DB00568,DB00735,CC0 1.0,0.5638,Dice similarity of ECFPs,true
DB00568,DB00735,CC0 1.0,0.5638,Dice similarity of ECFPs,true
DB01216,DB00253,CC0 1.0,0.507,Dice similarity of ECFPs,true
DB01216,DB00253,CC0 1.0,0.507,Dice similarity of ECFPs,true
DB01357,DB00514,CC0 1.0,0.5203,Dice similarity of ECFPs,true
DB01357,DB00514,CC0 1.0,0.5203,Dice similarity of ECFPs,true
DB00948,DB00567,CC0 1.0,0.5399,Dice similarity of ECFPs,true
DB00948,DB00567,CC0 1.0,0.5399,Dice similarity of ECFPs,true
DB01400,DB00944,CC0 1.0,0.5132,Dice similarity of ECFPs,true
DB01400,DB00944,CC0 1.0,0.5132,Dice similarity of ECFPs,true
DB01114,DB01239,CC0 1.0,0.5439,Dice similarity of ECFPs,true
DB01114,DB01239,CC0 1.0,0.5439,Dice similarity of ECFPs,true
DB01282,DB00035,CC0 1.0,0.7532,Dice similarity of ECFPs,true
DB01282,DB00035,CC0 1.0,0.7532,Dice similarity of ECFPs,true
DB01615,DB00902,CC0 1.0,0.5556,Dice similarity of ECFPs,true
DB01615,DB00902,CC0 1.0,0.5556,Dice similarity of ECFPs,true
DB00956,DB00704,CC0 1.0,0.5522,Dice similarity of ECFPs,true
DB00956,DB00704,CC0 1.0,0.5522,Dice similarity of ECFPs,true
DB01150,DB00535,CC0 1.0,0.5931,Dice similarity of ECFPs,true
DB01150,DB00535,CC0 1.0,0.5931,Dice similarity of ECFPs,true
DB01222,DB01013,CC0 1.0,0.5465,Dice similarity of ECFPs,true
DB01222,DB01013,CC0 1.0,0.5465,Dice similarity of ECFPs,true
DB00628,DB00498,CC0 1.0,0.5045,Dice similarity of ECFPs,true
DB00628,DB00498,CC0 1.0,0.5045,Dice similarity of ECFPs,true
DB00897,DB00842,CC0 1.0,0.5041,Dice similarity of ECFPs,true
DB00897,DB00842,CC0 1.0,0.5041,Dice similarity of ECFPs,true
DB00957,DB00717,CC0 1.0,0.6812,Dice similarity of ECFPs,true
DB00957,DB00717,CC0 1.0,0.6812,Dice similarity of ECFPs,true
DB00790,DB00178,CC0 1.0,0.8,Dice similarity of ECFPs,true
DB00790,DB00178,CC0 1.0,0.8,Dice similarity of ECFPs,true
DB00417,DB01000,CC0 1.0,0.6094,Dice similarity of ECFPs,true
DB00417,DB01000,CC0 1.0,0.6094,Dice similarity of ECFPs,true
DB00620,DB00635,CC0 1.0,0.6164,Dice similarity of ECFPs,true
DB00620,DB00635,CC0 1.0,0.6164,Dice similarity of ECFPs,true
DB08796,DB00670,CC0 1.0,0.5316,Dice similarity of ECFPs,true
DB08796,DB00670,CC0 1.0,0.5316,Dice similarity of ECFPs,true
DB00703,DB00819,CC0 1.0,0.5714,Dice similarity of ECFPs,true
DB00703,DB00819,CC0 1.0,0.5714,Dice similarity of ECFPs,true
DB01262,DB00441,CC0 1.0,0.5652,Dice similarity of ECFPs,true
DB01262,DB00441,CC0 1.0,0.5652,Dice similarity of ECFPs,true
DB00508,DB08996,CC0 1.0,0.6357,Dice similarity of ECFPs,true
DB00508,DB08996,CC0 1.0,0.6357,Dice similarity of ECFPs,true
DB01433,DB01231,CC0 1.0,0.5286,Dice similarity of ECFPs,true
DB01433,DB01231,CC0 1.0,0.5286,Dice similarity of ECFPs,true
DB08996,DB00321,CC0 1.0,0.5528,Dice similarity of ECFPs,true
DB08996,DB00321,CC0 1.0,0.5528,Dice similarity of ECFPs,true
DB00883,DB01020,CC0 1.0,0.75,Dice similarity of ECFPs,true
DB00883,DB01020,CC0 1.0,0.75,Dice similarity of ECFPs,true
DB01075,DB00252,CC0 1.0,0.5091,Dice similarity of ECFPs,true
DB01075,DB00252,CC0 1.0,0.5091,Dice similarity of ECFPs,true
DB00829,DB01567,CC0 1.0,0.8448,Dice similarity of ECFPs,true
DB00829,DB01567,CC0 1.0,0.8448,Dice similarity of ECFPs,true
DB08967,DB00508,CC0 1.0,0.5811,Dice similarity of ECFPs,true
DB08967,DB00508,CC0 1.0,0.5811,Dice similarity of ECFPs,true
DB09017,DB01567,CC0 1.0,0.541,Dice similarity of ECFPs,true
DB09017,DB01567,CC0 1.0,0.541,Dice similarity of ECFPs,true
DB09015,DB00635,CC0 1.0,0.5103,Dice similarity of ECFPs,true
DB09015,DB00635,CC0 1.0,0.5103,Dice similarity of ECFPs,true
DB01410,DB00896,CC0 1.0,0.6593,Dice similarity of ECFPs,true
DB01410,DB00896,CC0 1.0,0.6593,Dice similarity of ECFPs,true
DB01589,DB00231,CC0 1.0,0.5469,Dice similarity of ECFPs,true
DB01589,DB00231,CC0 1.0,0.5469,Dice similarity of ECFPs,true
DB01174,DB01353,CC0 1.0,0.5517,Dice similarity of ECFPs,true
DB01174,DB01353,CC0 1.0,0.5517,Dice similarity of ECFPs,true
DB01118,DB00892,CC0 1.0,0.5541,Dice similarity of ECFPs,true
DB01118,DB00892,CC0 1.0,0.5541,Dice similarity of ECFPs,true
DB08981,DB00712,CC0 1.0,0.5577,Dice similarity of ECFPs,true
DB08981,DB00712,CC0 1.0,0.5577,Dice similarity of ECFPs,true
DB06689,DB00815,CC0 1.0,0.5565,Dice similarity of ECFPs,true
DB06689,DB00815,CC0 1.0,0.5565,Dice similarity of ECFPs,true
DB00664,DB00250,CC0 1.0,0.56,Dice similarity of ECFPs,true
DB00664,DB00250,CC0 1.0,0.56,Dice similarity of ECFPs,true
DB00882,DB01075,CC0 1.0,0.518,Dice similarity of ECFPs,true
DB00882,DB01075,CC0 1.0,0.518,Dice similarity of ECFPs,true
DB09003,DB01608,CC0 1.0,0.5257,Dice similarity of ECFPs,true
DB09003,DB01608,CC0 1.0,0.5257,Dice similarity of ECFPs,true
DB00846,DB00288,CC0 1.0,0.5217,Dice similarity of ECFPs,true
DB00846,DB00288,CC0 1.0,0.5217,Dice similarity of ECFPs,true
DB08604,DB01127,CC0 1.0,0.5172,Dice similarity of ECFPs,true
DB08604,DB01127,CC0 1.0,0.5172,Dice similarity of ECFPs,true
DB00666,DB00403,CC0 1.0,0.697,Dice similarity of ECFPs,true
DB00666,DB00403,CC0 1.0,0.697,Dice similarity of ECFPs,true
DB04575,DB00304,CC0 1.0,0.5315,Dice similarity of ECFPs,true
DB04575,DB00304,CC0 1.0,0.5315,Dice similarity of ECFPs,true
DB00456,DB01150,CC0 1.0,0.5479,Dice similarity of ECFPs,true
DB00456,DB01150,CC0 1.0,0.5479,Dice similarity of ECFPs,true
DB00713,DB00578,CC0 1.0,0.7211,Dice similarity of ECFPs,true
DB00713,DB00578,CC0 1.0,0.7211,Dice similarity of ECFPs,true
DB00628,DB01558,CC0 1.0,0.5299,Dice similarity of ECFPs,true
DB00628,DB01558,CC0 1.0,0.5299,Dice similarity of ECFPs,true
DB00832,DB00830,CC0 1.0,0.5195,Dice similarity of ECFPs,true
DB00832,DB00830,CC0 1.0,0.5195,Dice similarity of ECFPs,true
DB00620,DB01130,CC0 1.0,0.5029,Dice similarity of ECFPs,true
DB00620,DB01130,CC0 1.0,0.5029,Dice similarity of ECFPs,true
DB00493,DB01326,CC0 1.0,0.5089,Dice similarity of ECFPs,true
DB00493,DB01326,CC0 1.0,0.5089,Dice similarity of ECFPs,true
DB01412,DB00651,CC0 1.0,0.5542,Dice similarity of ECFPs,true
DB01412,DB00651,CC0 1.0,0.5542,Dice similarity of ECFPs,true
DB01615,DB00726,CC0 1.0,0.5512,Dice similarity of ECFPs,true
DB01615,DB00726,CC0 1.0,0.5512,Dice similarity of ECFPs,true
DB06770,DB01365,CC0 1.0,0.6429,Dice similarity of ECFPs,true
DB06770,DB01365,CC0 1.0,0.6429,Dice similarity of ECFPs,true
DB01140,DB00833,CC0 1.0,0.7612,Dice similarity of ECFPs,true
DB01140,DB00833,CC0 1.0,0.7612,Dice similarity of ECFPs,true
DB00456,DB01328,CC0 1.0,0.5444,Dice similarity of ECFPs,true
DB00456,DB01328,CC0 1.0,0.5444,Dice similarity of ECFPs,true
DB01268,DB01233,CC0 1.0,0.5075,Dice similarity of ECFPs,true
DB01268,DB01233,CC0 1.0,0.5075,Dice similarity of ECFPs,true
DB00806,DB00201,CC0 1.0,0.7033,Dice similarity of ECFPs,true
DB00806,DB00201,CC0 1.0,0.7033,Dice similarity of ECFPs,true
DB00650,DB00116,CC0 1.0,0.8525,Dice similarity of ECFPs,true
DB00650,DB00116,CC0 1.0,0.8525,Dice similarity of ECFPs,true
DB01013,DB08970,CC0 1.0,0.7081,Dice similarity of ECFPs,true
DB01013,DB08970,CC0 1.0,0.7081,Dice similarity of ECFPs,true
DB01328,DB01414,CC0 1.0,0.5031,Dice similarity of ECFPs,true
DB01328,DB01414,CC0 1.0,0.5031,Dice similarity of ECFPs,true
DB00764,DB00588,CC0 1.0,0.5783,Dice similarity of ECFPs,true
DB00764,DB00588,CC0 1.0,0.5783,Dice similarity of ECFPs,true
DB00160,DB00134,CC0 1.0,0.5556,Dice similarity of ECFPs,true
DB00160,DB00134,CC0 1.0,0.5556,Dice similarity of ECFPs,true
DB00417,DB00567,CC0 1.0,0.5455,Dice similarity of ECFPs,true
DB00417,DB00567,CC0 1.0,0.5455,Dice similarity of ECFPs,true
DB00784,DB08976,CC0 1.0,0.5344,Dice similarity of ECFPs,true
DB00784,DB08976,CC0 1.0,0.5344,Dice similarity of ECFPs,true
DB00933,DB01622,CC0 1.0,0.6375,Dice similarity of ECFPs,true
DB00933,DB01622,CC0 1.0,0.6375,Dice similarity of ECFPs,true
DB00642,DB00158,CC0 1.0,0.7314,Dice similarity of ECFPs,true
DB00642,DB00158,CC0 1.0,0.7314,Dice similarity of ECFPs,true
DB00472,DB08941,CC0 1.0,0.5,Dice similarity of ECFPs,true
DB00472,DB08941,CC0 1.0,0.5,Dice similarity of ECFPs,true
DB00340,DB01146,CC0 1.0,0.5197,Dice similarity of ECFPs,true
DB00340,DB01146,CC0 1.0,0.5197,Dice similarity of ECFPs,true
DB01327,DB00535,CC0 1.0,0.5098,Dice similarity of ECFPs,true
DB01327,DB00535,CC0 1.0,0.5098,Dice similarity of ECFPs,true
DB01150,DB01140,CC0 1.0,0.8873,Dice similarity of ECFPs,true
DB01150,DB01140,CC0 1.0,0.8873,Dice similarity of ECFPs,true
DB00662,DB01394,CC0 1.0,0.5063,Dice similarity of ECFPs,true
DB00662,DB01394,CC0 1.0,0.5063,Dice similarity of ECFPs,true
DB01054,DB00528,CC0 1.0,0.6564,Dice similarity of ECFPs,true
DB01054,DB00528,CC0 1.0,0.6564,Dice similarity of ECFPs,true
DB00367,DB00977,CC0 1.0,0.5512,Dice similarity of ECFPs,true
DB00367,DB00977,CC0 1.0,0.5512,Dice similarity of ECFPs,true
DB01000,DB08795,CC0 1.0,0.5865,Dice similarity of ECFPs,true
DB01000,DB08795,CC0 1.0,0.5865,Dice similarity of ECFPs,true
DB01113,DB00440,CC0 1.0,0.5271,Dice similarity of ECFPs,true
DB01113,DB00440,CC0 1.0,0.5271,Dice similarity of ECFPs,true
DB04920,DB01054,CC0 1.0,0.6755,Dice similarity of ECFPs,true
DB04920,DB01054,CC0 1.0,0.6755,Dice similarity of ECFPs,true
DB00443,DB00288,CC0 1.0,0.6971,Dice similarity of ECFPs,true
DB00443,DB00288,CC0 1.0,0.6971,Dice similarity of ECFPs,true
DB01083,DB00464,CC0 1.0,0.5166,Dice similarity of ECFPs,true
DB01083,DB00464,CC0 1.0,0.5166,Dice similarity of ECFPs,true
DB00475,DB01567,CC0 1.0,0.5378,Dice similarity of ECFPs,true
DB00475,DB01567,CC0 1.0,0.5378,Dice similarity of ECFPs,true
DB01151,DB00321,CC0 1.0,0.6167,Dice similarity of ECFPs,true
DB01151,DB00321,CC0 1.0,0.6167,Dice similarity of ECFPs,true
DB00829,DB00832,CC0 1.0,0.5,Dice similarity of ECFPs,true
DB00829,DB00832,CC0 1.0,0.5,Dice similarity of ECFPs,true
DB06802,DB01121,CC0 1.0,0.5393,Dice similarity of ECFPs,true
DB06802,DB01121,CC0 1.0,0.5393,Dice similarity of ECFPs,true
DB00194,DB00811,CC0 1.0,0.6263,Dice similarity of ECFPs,true
DB00194,DB00811,CC0 1.0,0.6263,Dice similarity of ECFPs,true
DB00792,DB00835,CC0 1.0,0.5688,Dice similarity of ECFPs,true
DB00792,DB00835,CC0 1.0,0.5688,Dice similarity of ECFPs,true
DB00623,DB00477,CC0 1.0,0.6027,Dice similarity of ECFPs,true
DB00623,DB00477,CC0 1.0,0.6027,Dice similarity of ECFPs,true
DB01130,DB00394,CC0 1.0,0.6839,Dice similarity of ECFPs,true
DB01130,DB00394,CC0 1.0,0.6839,Dice similarity of ECFPs,true
DB01059,DB00218,CC0 1.0,0.5241,Dice similarity of ECFPs,true
DB01059,DB00218,CC0 1.0,0.5241,Dice similarity of ECFPs,true
DB00498,DB00745,CC0 1.0,0.5243,Dice similarity of ECFPs,true
DB00498,DB00745,CC0 1.0,0.5243,Dice similarity of ECFPs,true
DB01069,DB01403,CC0 1.0,0.7213,Dice similarity of ECFPs,true
DB01069,DB01403,CC0 1.0,0.7213,Dice similarity of ECFPs,true
DB01349,DB00796,CC0 1.0,0.6667,Dice similarity of ECFPs,true
DB01349,DB00796,CC0 1.0,0.6667,Dice similarity of ECFPs,true
DB06150,DB08798,CC0 1.0,0.6729,Dice similarity of ECFPs,true
DB06150,DB08798,CC0 1.0,0.6729,Dice similarity of ECFPs,true
DB00415,DB01147,CC0 1.0,0.6944,Dice similarity of ECFPs,true
DB00415,DB01147,CC0 1.0,0.6944,Dice similarity of ECFPs,true
DB00596,DB00288,CC0 1.0,0.5851,Dice similarity of ECFPs,true
DB00596,DB00288,CC0 1.0,0.5851,Dice similarity of ECFPs,true
DB00368,DB06262,CC0 1.0,0.7042,Dice similarity of ECFPs,true
DB00368,DB06262,CC0 1.0,0.7042,Dice similarity of ECFPs,true
DB00603,DB00687,CC0 1.0,0.5101,Dice similarity of ECFPs,true
DB00603,DB00687,CC0 1.0,0.5101,Dice similarity of ECFPs,true
DB00959,DB00240,CC0 1.0,0.7162,Dice similarity of ECFPs,true
DB00959,DB00240,CC0 1.0,0.7162,Dice similarity of ECFPs,true
DB00836,DB01625,CC0 1.0,0.5476,Dice similarity of ECFPs,true
DB00836,DB01625,CC0 1.0,0.5476,Dice similarity of ECFPs,true
DB00502,DB00913,CC0 1.0,0.5235,Dice similarity of ECFPs,true
DB00502,DB00913,CC0 1.0,0.5235,Dice similarity of ECFPs,true
DB00443,DB00741,CC0 1.0,0.5616,Dice similarity of ECFPs,true
DB00443,DB00741,CC0 1.0,0.5616,Dice similarity of ECFPs,true
DB00479,DB00452,CC0 1.0,0.6909,Dice similarity of ECFPs,true
DB00479,DB00452,CC0 1.0,0.6909,Dice similarity of ECFPs,true
DB00324,DB00180,CC0 1.0,0.5513,Dice similarity of ECFPs,true
DB00324,DB00180,CC0 1.0,0.5513,Dice similarity of ECFPs,true
DB00415,DB01603,CC0 1.0,0.6815,Dice similarity of ECFPs,true
DB00415,DB01603,CC0 1.0,0.6815,Dice similarity of ECFPs,true
DB00752,DB03255,CC0 1.0,0.5833,Dice similarity of ECFPs,true
DB00752,DB03255,CC0 1.0,0.5833,Dice similarity of ECFPs,true
DB00918,DB00315,CC0 1.0,0.672,Dice similarity of ECFPs,true
DB00918,DB00315,CC0 1.0,0.672,Dice similarity of ECFPs,true
DB01139,DB00493,CC0 1.0,0.675,Dice similarity of ECFPs,true
DB01139,DB00493,CC0 1.0,0.675,Dice similarity of ECFPs,true
DB00943,DB00900,CC0 1.0,0.6374,Dice similarity of ECFPs,true
DB00943,DB00900,CC0 1.0,0.6374,Dice similarity of ECFPs,true
DB01588,DB00408,CC0 1.0,0.5113,Dice similarity of ECFPs,true
DB01588,DB00408,CC0 1.0,0.5113,Dice similarity of ECFPs,true
DB01511,DB01558,CC0 1.0,0.6964,Dice similarity of ECFPs,true
DB01511,DB01558,CC0 1.0,0.6964,Dice similarity of ECFPs,true
DB00933,DB09000,CC0 1.0,0.5857,Dice similarity of ECFPs,true
DB00933,DB09000,CC0 1.0,0.5857,Dice similarity of ECFPs,true
DB00557,DB09002,CC0 1.0,0.7222,Dice similarity of ECFPs,true
DB00557,DB09002,CC0 1.0,0.7222,Dice similarity of ECFPs,true
DB00634,DB01120,CC0 1.0,0.5455,Dice similarity of ECFPs,true
DB00634,DB01120,CC0 1.0,0.5455,Dice similarity of ECFPs,true
DB09014,DB00405,CC0 1.0,0.5366,Dice similarity of ECFPs,true
DB09014,DB00405,CC0 1.0,0.5366,Dice similarity of ECFPs,true
DB01329,DB04570,CC0 1.0,0.6425,Dice similarity of ECFPs,true
DB01329,DB04570,CC0 1.0,0.6425,Dice similarity of ECFPs,true
DB00492,DB00722,CC0 1.0,0.5368,Dice similarity of ECFPs,true
DB00492,DB00722,CC0 1.0,0.5368,Dice similarity of ECFPs,true
DB00923,DB04570,CC0 1.0,0.5381,Dice similarity of ECFPs,true
DB00923,DB04570,CC0 1.0,0.5381,Dice similarity of ECFPs,true
DB00551,DB03166,CC0 1.0,0.5263,Dice similarity of ECFPs,true
DB00551,DB03166,CC0 1.0,0.5263,Dice similarity of ECFPs,true
DB01032,DB01124,CC0 1.0,0.56,Dice similarity of ECFPs,true
DB01032,DB01124,CC0 1.0,0.56,Dice similarity of ECFPs,true
DB00496,DB01501,CC0 1.0,0.5775,Dice similarity of ECFPs,true
DB00496,DB01501,CC0 1.0,0.5775,Dice similarity of ECFPs,true
DB08795,DB00578,CC0 1.0,0.8369,Dice similarity of ECFPs,true
DB08795,DB00578,CC0 1.0,0.8369,Dice similarity of ECFPs,true
DB01580,DB01297,CC0 1.0,0.5905,Dice similarity of ECFPs,true
DB01580,DB01297,CC0 1.0,0.5905,Dice similarity of ECFPs,true
DB00206,DB04877,CC0 1.0,0.5368,Dice similarity of ECFPs,true
DB00206,DB04877,CC0 1.0,0.5368,Dice similarity of ECFPs,true
DB00622,DB00401,CC0 1.0,0.6744,Dice similarity of ECFPs,true
DB00622,DB00401,CC0 1.0,0.6744,Dice similarity of ECFPs,true
DB00486,DB00470,CC0 1.0,0.6667,Dice similarity of ECFPs,true
DB00486,DB00470,CC0 1.0,0.6667,Dice similarity of ECFPs,true
DB00567,DB01327,CC0 1.0,0.5135,Dice similarity of ECFPs,true
DB00567,DB01327,CC0 1.0,0.5135,Dice similarity of ECFPs,true
DB01171,DB01035,CC0 1.0,0.5051,Dice similarity of ECFPs,true
DB01171,DB01035,CC0 1.0,0.5051,Dice similarity of ECFPs,true
DB00186,DB01239,CC0 1.0,0.521,Dice similarity of ECFPs,true
DB00186,DB01239,CC0 1.0,0.521,Dice similarity of ECFPs,true
DB00858,DB01420,CC0 1.0,0.5496,Dice similarity of ECFPs,true
DB00858,DB01420,CC0 1.0,0.5496,Dice similarity of ECFPs,true
DB00795,DB08828,CC0 1.0,0.5455,Dice similarity of ECFPs,true
DB00795,DB08828,CC0 1.0,0.5455,Dice similarity of ECFPs,true
DB00467,DB00685,CC0 1.0,0.5578,Dice similarity of ECFPs,true
DB00467,DB00685,CC0 1.0,0.5578,Dice similarity of ECFPs,true
DB01086,DB00721,CC0 1.0,0.75,Dice similarity of ECFPs,true
DB01086,DB00721,CC0 1.0,0.75,Dice similarity of ECFPs,true
DB01264,DB00701,CC0 1.0,0.878,Dice similarity of ECFPs,true
DB01264,DB00701,CC0 1.0,0.878,Dice similarity of ECFPs,true
DB00495,DB00249,CC0 1.0,0.6939,Dice similarity of ECFPs,true
DB00495,DB00249,CC0 1.0,0.6939,Dice similarity of ECFPs,true
DB00453,DB00759,CC0 1.0,0.7955,Dice similarity of ECFPs,true
DB00453,DB00759,CC0 1.0,0.7955,Dice similarity of ECFPs,true
DB01231,DB00942,CC0 1.0,0.6462,Dice similarity of ECFPs,true
DB01231,DB00942,CC0 1.0,0.6462,Dice similarity of ECFPs,true
DB00842,DB00712,CC0 1.0,0.5421,Dice similarity of ECFPs,true
DB00842,DB00712,CC0 1.0,0.5421,Dice similarity of ECFPs,true
DB00402,DB01198,CC0 1.0,1.0,Dice similarity of ECFPs,true
DB00402,DB01198,CC0 1.0,1.0,Dice similarity of ECFPs,true
DB00796,DB00966,CC0 1.0,0.625,Dice similarity of ECFPs,true
DB00796,DB00966,CC0 1.0,0.625,Dice similarity of ECFPs,true
DB00787,DB00577,CC0 1.0,0.7407,Dice similarity of ECFPs,true
DB00787,DB00577,CC0 1.0,0.7407,Dice similarity of ECFPs,true
DB00254,DB00759,CC0 1.0,0.7738,Dice similarity of ECFPs,true
DB00254,DB00759,CC0 1.0,0.7738,Dice similarity of ECFPs,true
DB06712,DB01023,CC0 1.0,0.5775,Dice similarity of ECFPs,true
DB06712,DB01023,CC0 1.0,0.5775,Dice similarity of ECFPs,true
DB00801,DB01068,CC0 1.0,0.5116,Dice similarity of ECFPs,true
DB00801,DB01068,CC0 1.0,0.5116,Dice similarity of ECFPs,true
DB00149,DB00123,CC0 1.0,0.5,Dice similarity of ECFPs,true
DB00149,DB00123,CC0 1.0,0.5,Dice similarity of ECFPs,true
DB00987,DB00131,CC0 1.0,0.5505,Dice similarity of ECFPs,true
DB00987,DB00131,CC0 1.0,0.5505,Dice similarity of ECFPs,true
DB01004,DB00787,CC0 1.0,0.6316,Dice similarity of ECFPs,true
DB01004,DB00787,CC0 1.0,0.6316,Dice similarity of ECFPs,true
DB00282,DB01077,CC0 1.0,0.6786,Dice similarity of ECFPs,true
DB00282,DB01077,CC0 1.0,0.6786,Dice similarity of ECFPs,true
DB00551,DB01005,CC0 1.0,0.6364,Dice similarity of ECFPs,true
DB00551,DB01005,CC0 1.0,0.6364,Dice similarity of ECFPs,true
DB08897,DB01409,CC0 1.0,0.5497,Dice similarity of ECFPs,true
DB08897,DB01409,CC0 1.0,0.5497,Dice similarity of ECFPs,true
DB01239,DB01246,CC0 1.0,0.55,Dice similarity of ECFPs,true
DB01239,DB01246,CC0 1.0,0.55,Dice similarity of ECFPs,true
DB00267,DB00274,CC0 1.0,0.6171,Dice similarity of ECFPs,true
DB00267,DB00274,CC0 1.0,0.6171,Dice similarity of ECFPs,true
DB00340,DB01071,CC0 1.0,0.6269,Dice similarity of ECFPs,true
DB00340,DB01071,CC0 1.0,0.6269,Dice similarity of ECFPs,true
DB00498,DB00946,CC0 1.0,0.5505,Dice similarity of ECFPs,true
DB00498,DB00946,CC0 1.0,0.5505,Dice similarity of ECFPs,true
DB08604,DB00239,CC0 1.0,0.5455,Dice similarity of ECFPs,true
DB08604,DB00239,CC0 1.0,0.5455,Dice similarity of ECFPs,true
DB01173,DB08996,CC0 1.0,0.5714,Dice similarity of ECFPs,true
DB01173,DB08996,CC0 1.0,0.5714,Dice similarity of ECFPs,true
DB01112,DB01212,CC0 1.0,0.6145,Dice similarity of ECFPs,true
DB01112,DB01212,CC0 1.0,0.6145,Dice similarity of ECFPs,true
DB00498,DB00842,CC0 1.0,0.5094,Dice similarity of ECFPs,true
DB00498,DB00842,CC0 1.0,0.5094,Dice similarity of ECFPs,true
DB00873,DB00860,CC0 1.0,0.8828,Dice similarity of ECFPs,true
DB00873,DB00860,CC0 1.0,0.8828,Dice similarity of ECFPs,true
DB00417,DB01147,CC0 1.0,0.6897,Dice similarity of ECFPs,true
DB00417,DB01147,CC0 1.0,0.6897,Dice similarity of ECFPs,true
DB00293,DB06813,CC0 1.0,0.5297,Dice similarity of ECFPs,true
DB00293,DB06813,CC0 1.0,0.5297,Dice similarity of ECFPs,true
DB00458,DB01075,CC0 1.0,0.5517,Dice similarity of ECFPs,true
DB00458,DB01075,CC0 1.0,0.5517,Dice similarity of ECFPs,true
DB00458,DB00366,CC0 1.0,0.5085,Dice similarity of ECFPs,true
DB00458,DB00366,CC0 1.0,0.5085,Dice similarity of ECFPs,true
DB01196,DB00286,CC0 1.0,0.5828,Dice similarity of ECFPs,true
DB01196,DB00286,CC0 1.0,0.5828,Dice similarity of ECFPs,true
DB00612,DB00195,CC0 1.0,0.746,Dice similarity of ECFPs,true
DB00612,DB00195,CC0 1.0,0.746,Dice similarity of ECFPs,true
DB01380,DB06781,CC0 1.0,0.5,Dice similarity of ECFPs,true
DB01380,DB06781,CC0 1.0,0.5,Dice similarity of ECFPs,true
DB01246,DB01622,CC0 1.0,0.5655,Dice similarity of ECFPs,true
DB01246,DB01622,CC0 1.0,0.5655,Dice similarity of ECFPs,true
DB00679,DB01622,CC0 1.0,0.6329,Dice similarity of ECFPs,true
DB00679,DB01622,CC0 1.0,0.6329,Dice similarity of ECFPs,true
DB00771,DB01081,CC0 1.0,0.5057,Dice similarity of ECFPs,true
DB00771,DB01081,CC0 1.0,0.5057,Dice similarity of ECFPs,true
DB00887,DB00808,CC0 1.0,0.5333,Dice similarity of ECFPs,true
DB00887,DB00808,CC0 1.0,0.5333,Dice similarity of ECFPs,true
DB00599,DB01353,CC0 1.0,0.561,Dice similarity of ECFPs,true
DB00599,DB01353,CC0 1.0,0.561,Dice similarity of ECFPs,true
DB06288,DB01425,CC0 1.0,0.6418,Dice similarity of ECFPs,true
DB06288,DB01425,CC0 1.0,0.6418,Dice similarity of ECFPs,true
DB01015,DB00263,CC0 1.0,0.7708,Dice similarity of ECFPs,true
DB01015,DB00263,CC0 1.0,0.7708,Dice similarity of ECFPs,true
DB01614,DB00679,CC0 1.0,0.6232,Dice similarity of ECFPs,true
DB01614,DB00679,CC0 1.0,0.6232,Dice similarity of ECFPs,true
DB01061,DB01607,CC0 1.0,0.6581,Dice similarity of ECFPs,true
DB01061,DB01607,CC0 1.0,0.6581,Dice similarity of ECFPs,true
DB01115,DB00528,CC0 1.0,0.5729,Dice similarity of ECFPs,true
DB01115,DB00528,CC0 1.0,0.5729,Dice similarity of ECFPs,true
DB00882,DB00539,CC0 1.0,0.8333,Dice similarity of ECFPs,true
DB00882,DB00539,CC0 1.0,0.8333,Dice similarity of ECFPs,true
DB01361,DB01211,CC0 1.0,0.5784,Dice similarity of ECFPs,true
DB01361,DB01211,CC0 1.0,0.5784,Dice similarity of ECFPs,true
DB00623,DB01622,CC0 1.0,0.7135,Dice similarity of ECFPs,true
DB00623,DB01622,CC0 1.0,0.7135,Dice similarity of ECFPs,true
DB00764,DB01013,CC0 1.0,0.7578,Dice similarity of ECFPs,true
DB00764,DB01013,CC0 1.0,0.7578,Dice similarity of ECFPs,true
DB06212,DB00549,CC0 1.0,0.5243,Dice similarity of ECFPs,true
DB06212,DB00549,CC0 1.0,0.5243,Dice similarity of ECFPs,true
DB00479,DB00581,CC0 1.0,0.5357,Dice similarity of ECFPs,true
DB00479,DB00581,CC0 1.0,0.5357,Dice similarity of ECFPs,true
DB00675,DB00676,CC0 1.0,0.5313,Dice similarity of ECFPs,true
DB00675,DB00676,CC0 1.0,0.5313,Dice similarity of ECFPs,true
DB01545,DB01489,CC0 1.0,0.5634,Dice similarity of ECFPs,true
DB01545,DB01489,CC0 1.0,0.5634,Dice similarity of ECFPs,true
DB00333,DB01620,CC0 1.0,0.5345,Dice similarity of ECFPs,true
DB00333,DB01620,CC0 1.0,0.5345,Dice similarity of ECFPs,true
DB00764,DB00596,CC0 1.0,0.6503,Dice similarity of ECFPs,true
DB00764,DB00596,CC0 1.0,0.6503,Dice similarity of ECFPs,true
DB00948,DB00739,CC0 1.0,0.5765,Dice similarity of ECFPs,true
DB00948,DB00739,CC0 1.0,0.5765,Dice similarity of ECFPs,true
DB00808,DB00695,CC0 1.0,0.5041,Dice similarity of ECFPs,true
DB00808,DB00695,CC0 1.0,0.5041,Dice similarity of ECFPs,true
DB01433,DB00675,CC0 1.0,0.5098,Dice similarity of ECFPs,true
DB01433,DB00675,CC0 1.0,0.5098,Dice similarity of ECFPs,true
DB00186,DB00543,CC0 1.0,0.5,Dice similarity of ECFPs,true
DB00186,DB00543,CC0 1.0,0.5,Dice similarity of ECFPs,true
DB00546,DB00404,CC0 1.0,0.8676,Dice similarity of ECFPs,true
DB00546,DB00404,CC0 1.0,0.8676,Dice similarity of ECFPs,true
DB00829,DB01242,CC0 1.0,0.5,Dice similarity of ECFPs,true
DB00829,DB01242,CC0 1.0,0.5,Dice similarity of ECFPs,true
DB00924,DB00865,CC0 1.0,0.531,Dice similarity of ECFPs,true
DB00924,DB00865,CC0 1.0,0.531,Dice similarity of ECFPs,true
DB01365,DB00914,CC0 1.0,0.5067,Dice similarity of ECFPs,true
DB01365,DB00914,CC0 1.0,0.5067,Dice similarity of ECFPs,true
DB00542,DB00584,CC0 1.0,0.6258,Dice similarity of ECFPs,true
DB00542,DB00584,CC0 1.0,0.6258,Dice similarity of ECFPs,true
DB00178,DB00722,CC0 1.0,0.6303,Dice similarity of ECFPs,true
DB00178,DB00722,CC0 1.0,0.6303,Dice similarity of ECFPs,true
DB01265,DB00249,CC0 1.0,0.8696,Dice similarity of ECFPs,true
DB01265,DB00249,CC0 1.0,0.8696,Dice similarity of ECFPs,true
DB00104,DB06663,CC0 1.0,0.6651,Dice similarity of ECFPs,true
DB00104,DB06663,CC0 1.0,0.6651,Dice similarity of ECFPs,true
DB01199,DB01336,CC0 1.0,0.7955,Dice similarity of ECFPs,true
DB01199,DB01336,CC0 1.0,0.7955,Dice similarity of ECFPs,true
DB00807,DB01161,CC0 1.0,0.6916,Dice similarity of ECFPs,true
DB00807,DB01161,CC0 1.0,0.6916,Dice similarity of ECFPs,true
DB01594,DB00683,CC0 1.0,0.6471,Dice similarity of ECFPs,true
DB01594,DB00683,CC0 1.0,0.6471,Dice similarity of ECFPs,true
DB01173,DB01620,CC0 1.0,0.6789,Dice similarity of ECFPs,true
DB01173,DB01620,CC0 1.0,0.6789,Dice similarity of ECFPs,true
DB01153,DB01127,CC0 1.0,0.7891,Dice similarity of ECFPs,true
DB01153,DB01127,CC0 1.0,0.7891,Dice similarity of ECFPs,true
DB01607,DB00485,CC0 1.0,0.5946,Dice similarity of ECFPs,true
DB01607,DB00485,CC0 1.0,0.5946,Dice similarity of ECFPs,true
DB01035,DB00721,CC0 1.0,0.8085,Dice similarity of ECFPs,true
DB01035,DB00721,CC0 1.0,0.8085,Dice similarity of ECFPs,true
DB00628,DB00349,CC0 1.0,0.5455,Dice similarity of ECFPs,true
DB00628,DB00349,CC0 1.0,0.5455,Dice similarity of ECFPs,true
DB01242,DB00420,CC0 1.0,0.6777,Dice similarity of ECFPs,true
DB01242,DB00420,CC0 1.0,0.6777,Dice similarity of ECFPs,true
DB01580,DB00874,CC0 1.0,0.6522,Dice similarity of ECFPs,true
DB01580,DB00874,CC0 1.0,0.6522,Dice similarity of ECFPs,true
DB01260,DB01410,CC0 1.0,0.7016,Dice similarity of ECFPs,true
DB01260,DB01410,CC0 1.0,0.7016,Dice similarity of ECFPs,true
DB01299,DB00259,CC0 1.0,0.5517,Dice similarity of ECFPs,true
DB01299,DB00259,CC0 1.0,0.5517,Dice similarity of ECFPs,true
DB01235,DB00190,CC0 1.0,0.6914,Dice similarity of ECFPs,true
DB01235,DB00190,CC0 1.0,0.6914,Dice similarity of ECFPs,true
DB01588,DB01545,CC0 1.0,0.5147,Dice similarity of ECFPs,true
DB01588,DB01545,CC0 1.0,0.5147,Dice similarity of ECFPs,true
DB01155,DB01059,CC0 1.0,0.5248,Dice similarity of ECFPs,true
DB01155,DB01059,CC0 1.0,0.5248,Dice similarity of ECFPs,true
DB01239,DB00321,CC0 1.0,0.6777,Dice similarity of ECFPs,true
DB01239,DB00321,CC0 1.0,0.6777,Dice similarity of ECFPs,true
DB00561,DB01501,CC0 1.0,0.5257,Dice similarity of ECFPs,true
DB00561,DB01501,CC0 1.0,0.5257,Dice similarity of ECFPs,true
DB00417,DB01604,CC0 1.0,0.6579,Dice similarity of ECFPs,true
DB00417,DB01604,CC0 1.0,0.6579,Dice similarity of ECFPs,true
DB04573,DB02187,CC0 1.0,0.5517,Dice similarity of ECFPs,true
DB04573,DB02187,CC0 1.0,0.5517,Dice similarity of ECFPs,true
DB00857,DB00571,CC0 1.0,0.5172,Dice similarity of ECFPs,true
DB00857,DB00571,CC0 1.0,0.5172,Dice similarity of ECFPs,true
DB01589,DB01068,CC0 1.0,0.5344,Dice similarity of ECFPs,true
DB01589,DB01068,CC0 1.0,0.5344,Dice similarity of ECFPs,true
DB00424,DB04838,CC0 1.0,0.5913,Dice similarity of ECFPs,true
DB00424,DB04838,CC0 1.0,0.5913,Dice similarity of ECFPs,true
DB01224,DB01608,CC0 1.0,0.5256,Dice similarity of ECFPs,true
DB01224,DB01608,CC0 1.0,0.5256,Dice similarity of ECFPs,true
DB08941,DB08954,CC0 1.0,0.6412,Dice similarity of ECFPs,true
DB08941,DB08954,CC0 1.0,0.6412,Dice similarity of ECFPs,true
DB01619,DB00902,CC0 1.0,0.5455,Dice similarity of ECFPs,true
DB01619,DB00902,CC0 1.0,0.5455,Dice similarity of ECFPs,true
DB01196,DB00783,CC0 1.0,0.7338,Dice similarity of ECFPs,true
DB01196,DB00783,CC0 1.0,0.7338,Dice similarity of ECFPs,true
DB01260,DB08970,CC0 1.0,0.5987,Dice similarity of ECFPs,true
DB01260,DB08970,CC0 1.0,0.5987,Dice similarity of ECFPs,true
DB00620,DB01047,CC0 1.0,0.5917,Dice similarity of ECFPs,true
DB00620,DB01047,CC0 1.0,0.5917,Dice similarity of ECFPs,true
DB00120,DB00797,CC0 1.0,0.5217,Dice similarity of ECFPs,true
DB00120,DB00797,CC0 1.0,0.5217,Dice similarity of ECFPs,true
DB01044,DB00978,CC0 1.0,0.7746,Dice similarity of ECFPs,true
DB01044,DB00978,CC0 1.0,0.7746,Dice similarity of ECFPs,true
DB08822,DB01349,CC0 1.0,0.5024,Dice similarity of ECFPs,true
DB08822,DB01349,CC0 1.0,0.5024,Dice similarity of ECFPs,true
DB08796,DB01148,CC0 1.0,0.5629,Dice similarity of ECFPs,true
DB08796,DB01148,CC0 1.0,0.5629,Dice similarity of ECFPs,true
DB00829,DB01594,CC0 1.0,0.5827,Dice similarity of ECFPs,true
DB00829,DB01594,CC0 1.0,0.5827,Dice similarity of ECFPs,true
DB01115,DB00270,CC0 1.0,0.6809,Dice similarity of ECFPs,true
DB01115,DB00270,CC0 1.0,0.6809,Dice similarity of ECFPs,true
DB01227,DB01620,CC0 1.0,0.5,Dice similarity of ECFPs,true
DB01227,DB01620,CC0 1.0,0.5,Dice similarity of ECFPs,true
DB00598,DB00983,CC0 1.0,0.5985,Dice similarity of ECFPs,true
DB00598,DB00983,CC0 1.0,0.5985,Dice similarity of ECFPs,true
DB00417,DB08795,CC0 1.0,0.7737,Dice similarity of ECFPs,true
DB00417,DB08795,CC0 1.0,0.7737,Dice similarity of ECFPs,true
DB00873,DB00741,CC0 1.0,0.7034,Dice similarity of ECFPs,true
DB00873,DB00741,CC0 1.0,0.7034,Dice similarity of ECFPs,true
DB01000,DB00713,CC0 1.0,0.5612,Dice similarity of ECFPs,true
DB01000,DB00713,CC0 1.0,0.5612,Dice similarity of ECFPs,true
DB00306,DB01353,CC0 1.0,0.6098,Dice similarity of ECFPs,true
DB00306,DB01353,CC0 1.0,0.6098,Dice similarity of ECFPs,true
DB00243,DB08990,CC0 1.0,0.5349,Dice similarity of ECFPs,true
DB00243,DB08990,CC0 1.0,0.5349,Dice similarity of ECFPs,true
DB00666,DB06699,CC0 1.0,0.7081,Dice similarity of ECFPs,true
DB00666,DB06699,CC0 1.0,0.7081,Dice similarity of ECFPs,true
DB00498,DB00832,CC0 1.0,0.5455,Dice similarity of ECFPs,true
DB00498,DB00832,CC0 1.0,0.5455,Dice similarity of ECFPs,true
DB01227,DB01069,CC0 1.0,0.5271,Dice similarity of ECFPs,true
DB01227,DB01069,CC0 1.0,0.5271,Dice similarity of ECFPs,true
DB06218,DB00780,CC0 1.0,0.5063,Dice similarity of ECFPs,true
DB06218,DB00780,CC0 1.0,0.5063,Dice similarity of ECFPs,true
DB00794,DB00252,CC0 1.0,0.54,Dice similarity of ECFPs,true
DB00794,DB00252,CC0 1.0,0.54,Dice similarity of ECFPs,true
DB00769,DB00741,CC0 1.0,0.8049,Dice similarity of ECFPs,true
DB00769,DB00741,CC0 1.0,0.8049,Dice similarity of ECFPs,true
DB00776,DB01151,CC0 1.0,0.5664,Dice similarity of ECFPs,true
DB00776,DB01151,CC0 1.0,0.5664,Dice similarity of ECFPs,true
DB00918,DB00216,CC0 1.0,0.5734,Dice similarity of ECFPs,true
DB00918,DB00216,CC0 1.0,0.5734,Dice similarity of ECFPs,true
DB00418,DB00474,CC0 1.0,0.6105,Dice similarity of ECFPs,true
DB00418,DB00474,CC0 1.0,0.6105,Dice similarity of ECFPs,true
DB01296,DB00428,CC0 1.0,0.641,Dice similarity of ECFPs,true
DB01296,DB00428,CC0 1.0,0.641,Dice similarity of ECFPs,true
DB00120,DB03255,CC0 1.0,0.566,Dice similarity of ECFPs,true
DB00120,DB03255,CC0 1.0,0.566,Dice similarity of ECFPs,true
DB00690,DB00477,CC0 1.0,0.5441,Dice similarity of ECFPs,true
DB00690,DB00477,CC0 1.0,0.5441,Dice similarity of ECFPs,true
DB01413,DB01066,CC0 1.0,0.6851,Dice similarity of ECFPs,true
DB01413,DB01066,CC0 1.0,0.6851,Dice similarity of ECFPs,true
DB06196,DB00644,CC0 1.0,0.5558,Dice similarity of ECFPs,true
DB06196,DB00644,CC0 1.0,0.5558,Dice similarity of ECFPs,true
DB00508,DB00850,CC0 1.0,0.6027,Dice similarity of ECFPs,true
DB00508,DB00850,CC0 1.0,0.6027,Dice similarity of ECFPs,true
DB01227,DB00675,CC0 1.0,0.5098,Dice similarity of ECFPs,true
DB01227,DB00675,CC0 1.0,0.5098,Dice similarity of ECFPs,true
DB00222,DB00672,CC0 1.0,0.5,Dice similarity of ECFPs,true
DB00222,DB00672,CC0 1.0,0.5,Dice similarity of ECFPs,true
DB00884,DB01077,CC0 1.0,0.5507,Dice similarity of ECFPs,true
DB00884,DB01077,CC0 1.0,0.5507,Dice similarity of ECFPs,true
DB00180,DB00240,CC0 1.0,0.6415,Dice similarity of ECFPs,true
DB00180,DB00240,CC0 1.0,0.6415,Dice similarity of ECFPs,true
DB04838,DB00725,CC0 1.0,0.6897,Dice similarity of ECFPs,true
DB04838,DB00725,CC0 1.0,0.6897,Dice similarity of ECFPs,true
DB06594,DB00788,CC0 1.0,0.5918,Dice similarity of ECFPs,true
DB06594,DB00788,CC0 1.0,0.5918,Dice similarity of ECFPs,true
DB01580,DB01214,CC0 1.0,0.5225,Dice similarity of ECFPs,true
DB01580,DB01214,CC0 1.0,0.5225,Dice similarity of ECFPs,true
DB00882,DB00676,CC0 1.0,0.5191,Dice similarity of ECFPs,true
DB00882,DB00676,CC0 1.0,0.5191,Dice similarity of ECFPs,true
DB08967,DB01246,CC0 1.0,0.6241,Dice similarity of ECFPs,true
DB08967,DB01246,CC0 1.0,0.6241,Dice similarity of ECFPs,true
DB06684,DB01238,CC0 1.0,0.5027,Dice similarity of ECFPs,true
DB06684,DB01238,CC0 1.0,0.5027,Dice similarity of ECFPs,true
DB06730,DB00984,CC0 1.0,0.5526,Dice similarity of ECFPs,true
DB06730,DB00984,CC0 1.0,0.5526,Dice similarity of ECFPs,true
DB06711,DB00857,CC0 1.0,0.5455,Dice similarity of ECFPs,true
DB06711,DB00857,CC0 1.0,0.5455,Dice similarity of ECFPs,true
DB00596,DB00896,CC0 1.0,0.5714,Dice similarity of ECFPs,true
DB00596,DB00896,CC0 1.0,0.5714,Dice similarity of ECFPs,true
DB00552,DB00242,CC0 1.0,0.5981,Dice similarity of ECFPs,true
DB00552,DB00242,CC0 1.0,0.5981,Dice similarity of ECFPs,true
DB00485,DB01603,CC0 1.0,0.7152,Dice similarity of ECFPs,true
DB00485,DB01603,CC0 1.0,0.7152,Dice similarity of ECFPs,true
DB01125,DB01428,CC0 1.0,0.549,Dice similarity of ECFPs,true
DB01125,DB01428,CC0 1.0,0.549,Dice similarity of ECFPs,true
DB00229,DB01327,CC0 1.0,0.6667,Dice similarity of ECFPs,true
DB00229,DB01327,CC0 1.0,0.6667,Dice similarity of ECFPs,true
DB00801,DB01567,CC0 1.0,0.6984,Dice similarity of ECFPs,true
DB00801,DB01567,CC0 1.0,0.6984,Dice similarity of ECFPs,true
DB00829,DB01559,CC0 1.0,0.6207,Dice similarity of ECFPs,true
DB00829,DB01559,CC0 1.0,0.6207,Dice similarity of ECFPs,true
DB00242,DB01048,CC0 1.0,0.531,Dice similarity of ECFPs,true
DB00242,DB01048,CC0 1.0,0.531,Dice similarity of ECFPs,true
DB00842,DB01553,CC0 1.0,0.5366,Dice similarity of ECFPs,true
DB00842,DB01553,CC0 1.0,0.5366,Dice similarity of ECFPs,true
DB08803,DB00692,CC0 1.0,0.5138,Dice similarity of ECFPs,true
DB08803,DB00692,CC0 1.0,0.5138,Dice similarity of ECFPs,true
DB01587,DB00801,CC0 1.0,0.5286,Dice similarity of ECFPs,true
DB01587,DB00801,CC0 1.0,0.5286,Dice similarity of ECFPs,true
DB01053,DB01603,CC0 1.0,0.6917,Dice similarity of ECFPs,true
DB01053,DB01603,CC0 1.0,0.6917,Dice similarity of ECFPs,true
DB00366,DB01625,CC0 1.0,0.5,Dice similarity of ECFPs,true
DB00366,DB01625,CC0 1.0,0.5,Dice similarity of ECFPs,true
DB00902,DB01069,CC0 1.0,0.7227,Dice similarity of ECFPs,true
DB00902,DB01069,CC0 1.0,0.7227,Dice similarity of ECFPs,true
DB00537,DB00685,CC0 1.0,0.5067,Dice similarity of ECFPs,true
DB00537,DB00685,CC0 1.0,0.5067,Dice similarity of ECFPs,true
DB00237,DB01353,CC0 1.0,0.6835,Dice similarity of ECFPs,true
DB00237,DB01353,CC0 1.0,0.6835,Dice similarity of ECFPs,true
DB01112,DB01332,CC0 1.0,0.6174,Dice similarity of ECFPs,true
DB01112,DB01332,CC0 1.0,0.6174,Dice similarity of ECFPs,true
DB01262,DB00631,CC0 1.0,0.5253,Dice similarity of ECFPs,true
DB01262,DB00631,CC0 1.0,0.5253,Dice similarity of ECFPs,true
DB01237,DB00573,CC0 1.0,0.5,Dice similarity of ECFPs,true
DB01237,DB00573,CC0 1.0,0.5,Dice similarity of ECFPs,true
DB00523,DB00755,CC0 1.0,1.0,Dice similarity of ECFPs,true
DB00523,DB00755,CC0 1.0,1.0,Dice similarity of ECFPs,true
DB00867,DB08954,CC0 1.0,0.5625,Dice similarity of ECFPs,true
DB00867,DB08954,CC0 1.0,0.5625,Dice similarity of ECFPs,true
DB00880,DB01324,CC0 1.0,0.6,Dice similarity of ECFPs,true
DB00880,DB01324,CC0 1.0,0.6,Dice similarity of ECFPs,true
DB01581,DB06150,CC0 1.0,0.6667,Dice similarity of ECFPs,true
DB01581,DB06150,CC0 1.0,0.6667,Dice similarity of ECFPs,true
DB01433,DB04837,CC0 1.0,0.5625,Dice similarity of ECFPs,true
DB01433,DB04837,CC0 1.0,0.5625,Dice similarity of ECFPs,true
DB00245,DB08936,CC0 1.0,0.5116,Dice similarity of ECFPs,true
DB00245,DB08936,CC0 1.0,0.5116,Dice similarity of ECFPs,true
DB00496,DB01231,CC0 1.0,0.5679,Dice similarity of ECFPs,true
DB00496,DB01231,CC0 1.0,0.5679,Dice similarity of ECFPs,true
DB00343,DB09000,CC0 1.0,0.5068,Dice similarity of ECFPs,true
DB00343,DB09000,CC0 1.0,0.5068,Dice similarity of ECFPs,true
DB00600,DB08981,CC0 1.0,0.5306,Dice similarity of ECFPs,true
DB00600,DB08981,CC0 1.0,0.5306,Dice similarity of ECFPs,true
DB01000,DB00301,CC0 1.0,0.5455,Dice similarity of ECFPs,true
DB01000,DB00301,CC0 1.0,0.5455,Dice similarity of ECFPs,true
DB00676,DB00573,CC0 1.0,0.5306,Dice similarity of ECFPs,true
DB00676,DB00573,CC0 1.0,0.5306,Dice similarity of ECFPs,true
DB01160,DB00654,CC0 1.0,0.5,Dice similarity of ECFPs,true
DB01160,DB00654,CC0 1.0,0.5,Dice similarity of ECFPs,true
DB02959,DB00135,CC0 1.0,0.6582,Dice similarity of ECFPs,true
DB02959,DB00135,CC0 1.0,0.6582,Dice similarity of ECFPs,true
DB06710,DB00687,CC0 1.0,0.6119,Dice similarity of ECFPs,true
DB06710,DB00687,CC0 1.0,0.6119,Dice similarity of ECFPs,true
DB01173,DB01433,CC0 1.0,0.5426,Dice similarity of ECFPs,true
DB01173,DB01433,CC0 1.0,0.5426,Dice similarity of ECFPs,true
DB01626,DB01550,CC0 1.0,0.5676,Dice similarity of ECFPs,true
DB01626,DB01550,CC0 1.0,0.5676,Dice similarity of ECFPs,true
DB00647,DB00726,CC0 1.0,0.5263,Dice similarity of ECFPs,true
DB00647,DB00726,CC0 1.0,0.5263,Dice similarity of ECFPs,true
DB00651,DB00277,CC0 1.0,0.6024,Dice similarity of ECFPs,true
DB00651,DB00277,CC0 1.0,0.6024,Dice similarity of ECFPs,true
DB00187,DB00856,CC0 1.0,0.5319,Dice similarity of ECFPs,true
DB00187,DB00856,CC0 1.0,0.5319,Dice similarity of ECFPs,true
DB00641,DB00175,CC0 1.0,0.5276,Dice similarity of ECFPs,true
DB00641,DB00175,CC0 1.0,0.5276,Dice similarity of ECFPs,true
DB00987,DB00441,CC0 1.0,0.7234,Dice similarity of ECFPs,true
DB00987,DB00441,CC0 1.0,0.7234,Dice similarity of ECFPs,true
DB00846,DB08971,CC0 1.0,0.586,Dice similarity of ECFPs,true
DB00846,DB08971,CC0 1.0,0.586,Dice similarity of ECFPs,true
DB00120,DB08797,CC0 1.0,0.5333,Dice similarity of ECFPs,true
DB00120,DB08797,CC0 1.0,0.5333,Dice similarity of ECFPs,true
DB08990,DB00737,CC0 1.0,0.506,Dice similarity of ECFPs,true
DB08990,DB00737,CC0 1.0,0.506,Dice similarity of ECFPs,true
DB08796,DB01071,CC0 1.0,0.5132,Dice similarity of ECFPs,true
DB08796,DB01071,CC0 1.0,0.5132,Dice similarity of ECFPs,true
DB00855,DB00513,CC0 1.0,0.5532,Dice similarity of ECFPs,true
DB00855,DB00513,CC0 1.0,0.5532,Dice similarity of ECFPs,true
DB01053,DB00301,CC0 1.0,0.6389,Dice similarity of ECFPs,true
DB01053,DB00301,CC0 1.0,0.6389,Dice similarity of ECFPs,true
DB00321,DB01623,CC0 1.0,0.5205,Dice similarity of ECFPs,true
DB00321,DB01623,CC0 1.0,0.5205,Dice similarity of ECFPs,true
DB00340,DB00392,CC0 1.0,0.5313,Dice similarity of ECFPs,true
DB00340,DB00392,CC0 1.0,0.5313,Dice similarity of ECFPs,true
DB00801,DB01489,CC0 1.0,0.6331,Dice similarity of ECFPs,true
DB00801,DB01489,CC0 1.0,0.6331,Dice similarity of ECFPs,true
DB00252,DB00745,CC0 1.0,0.5505,Dice similarity of ECFPs,true
DB00252,DB00745,CC0 1.0,0.5505,Dice similarity of ECFPs,true
DB00831,DB01621,CC0 1.0,0.6667,Dice similarity of ECFPs,true
DB00831,DB01621,CC0 1.0,0.6667,Dice similarity of ECFPs,true
DB06711,DB00735,CC0 1.0,0.5487,Dice similarity of ECFPs,true
DB06711,DB00735,CC0 1.0,0.5487,Dice similarity of ECFPs,true
DB01060,DB01333,CC0 1.0,0.5113,Dice similarity of ECFPs,true
DB01060,DB01333,CC0 1.0,0.5113,Dice similarity of ECFPs,true
DB01224,DB00420,CC0 1.0,0.5217,Dice similarity of ECFPs,true
DB01224,DB00420,CC0 1.0,0.5217,Dice similarity of ECFPs,true
DB00415,DB00713,CC0 1.0,0.7465,Dice similarity of ECFPs,true
DB00415,DB00713,CC0 1.0,0.7465,Dice similarity of ECFPs,true
DB01231,DB04837,CC0 1.0,0.5806,Dice similarity of ECFPs,true
DB01231,DB04837,CC0 1.0,0.5806,Dice similarity of ECFPs,true
DB01365,DB06218,CC0 1.0,0.506,Dice similarity of ECFPs,true
DB01365,DB06218,CC0 1.0,0.506,Dice similarity of ECFPs,true
DB01148,DB00481,CC0 1.0,0.5246,Dice similarity of ECFPs,true
DB01148,DB00481,CC0 1.0,0.5246,Dice similarity of ECFPs,true
DB00345,DB00963,CC0 1.0,0.5376,Dice similarity of ECFPs,true
DB00345,DB00963,CC0 1.0,0.5376,Dice similarity of ECFPs,true
DB00769,DB01130,CC0 1.0,0.6561,Dice similarity of ECFPs,true
DB00769,DB01130,CC0 1.0,0.6561,Dice similarity of ECFPs,true
DB01203,DB01359,CC0 1.0,0.6555,Dice similarity of ECFPs,true
DB01203,DB01359,CC0 1.0,0.6555,Dice similarity of ECFPs,true
DB01297,DB00195,CC0 1.0,0.6667,Dice similarity of ECFPs,true
DB01297,DB00195,CC0 1.0,0.6667,Dice similarity of ECFPs,true
DB08802,DB08996,CC0 1.0,0.5042,Dice similarity of ECFPs,true
DB08802,DB08996,CC0 1.0,0.5042,Dice similarity of ECFPs,true
DB00923,DB00274,CC0 1.0,0.5304,Dice similarity of ECFPs,true
DB00923,DB00274,CC0 1.0,0.5304,Dice similarity of ECFPs,true
DB00123,DB00130,CC0 1.0,0.6275,Dice similarity of ECFPs,true
DB00123,DB00130,CC0 1.0,0.6275,Dice similarity of ECFPs,true
DB06811,DB00464,CC0 1.0,0.7677,Dice similarity of ECFPs,true
DB06811,DB00464,CC0 1.0,0.7677,Dice similarity of ECFPs,true
DB00250,DB00576,CC0 1.0,0.5532,Dice similarity of ECFPs,true
DB00250,DB00576,CC0 1.0,0.5532,Dice similarity of ECFPs,true
DB00335,DB00612,CC0 1.0,0.7241,Dice similarity of ECFPs,true
DB00335,DB00612,CC0 1.0,0.7241,Dice similarity of ECFPs,true
DB01414,DB01327,CC0 1.0,0.5833,Dice similarity of ECFPs,true
DB01414,DB01327,CC0 1.0,0.5833,Dice similarity of ECFPs,true
DB01619,DB08936,CC0 1.0,0.5,Dice similarity of ECFPs,true
DB01619,DB08936,CC0 1.0,0.5,Dice similarity of ECFPs,true
DB00595,DB00256,CC0 1.0,0.6965,Dice similarity of ECFPs,true
DB00595,DB00256,CC0 1.0,0.6965,Dice similarity of ECFPs,true
DB00223,DB01047,CC0 1.0,0.7368,Dice similarity of ECFPs,true
DB00223,DB01047,CC0 1.0,0.7368,Dice similarity of ECFPs,true
DB00496,DB00950,CC0 1.0,0.603,Dice similarity of ECFPs,true
DB00496,DB00950,CC0 1.0,0.603,Dice similarity of ECFPs,true
DB00458,DB00392,CC0 1.0,0.5806,Dice similarity of ECFPs,true
DB00458,DB00392,CC0 1.0,0.5806,Dice similarity of ECFPs,true
DB00779,DB00467,CC0 1.0,0.6364,Dice similarity of ECFPs,true
DB00779,DB00467,CC0 1.0,0.6364,Dice similarity of ECFPs,true
DB01263,DB00251,CC0 1.0,0.5976,Dice similarity of ECFPs,true
DB01263,DB00251,CC0 1.0,0.5976,Dice similarity of ECFPs,true
DB01212,DB00535,CC0 1.0,0.6706,Dice similarity of ECFPs,true
DB01212,DB00535,CC0 1.0,0.6706,Dice similarity of ECFPs,true
DB00341,DB00283,CC0 1.0,0.5306,Dice similarity of ECFPs,true
DB00341,DB00283,CC0 1.0,0.5306,Dice similarity of ECFPs,true
DB01544,DB01567,CC0 1.0,0.8618,Dice similarity of ECFPs,true
DB01544,DB01567,CC0 1.0,0.8618,Dice similarity of ECFPs,true
DB06144,DB00502,CC0 1.0,0.5,Dice similarity of ECFPs,true
DB06144,DB00502,CC0 1.0,0.5,Dice similarity of ECFPs,true
DB00383,DB00219,CC0 1.0,0.7042,Dice similarity of ECFPs,true
DB00383,DB00219,CC0 1.0,0.7042,Dice similarity of ECFPs,true
DB00712,DB00784,CC0 1.0,0.52,Dice similarity of ECFPs,true
DB00712,DB00784,CC0 1.0,0.52,Dice similarity of ECFPs,true
DB00150,DB00135,CC0 1.0,0.5714,Dice similarity of ECFPs,true
DB00150,DB00135,CC0 1.0,0.5714,Dice similarity of ECFPs,true
DB00180,DB00860,CC0 1.0,0.6323,Dice similarity of ECFPs,true
DB00180,DB00860,CC0 1.0,0.6323,Dice similarity of ECFPs,true
DB01012,DB08976,CC0 1.0,0.5032,Dice similarity of ECFPs,true
DB01012,DB08976,CC0 1.0,0.5032,Dice similarity of ECFPs,true
DB00493,DB00267,CC0 1.0,0.8046,Dice similarity of ECFPs,true
DB00493,DB00267,CC0 1.0,0.8046,Dice similarity of ECFPs,true
DB00433,DB01608,CC0 1.0,0.7517,Dice similarity of ECFPs,true
DB00433,DB01608,CC0 1.0,0.7517,Dice similarity of ECFPs,true
DB00341,DB08990,CC0 1.0,0.5556,Dice similarity of ECFPs,true
DB00341,DB08990,CC0 1.0,0.5556,Dice similarity of ECFPs,true
DB00704,DB00611,CC0 1.0,0.6143,Dice similarity of ECFPs,true
DB00704,DB00611,CC0 1.0,0.6143,Dice similarity of ECFPs,true
DB00493,DB01332,CC0 1.0,0.7815,Dice similarity of ECFPs,true
DB00493,DB01332,CC0 1.0,0.7815,Dice similarity of ECFPs,true
DB00781,DB02638,CC0 1.0,0.5622,Dice similarity of ECFPs,true
DB00781,DB02638,CC0 1.0,0.5622,Dice similarity of ECFPs,true
DB00186,DB01567,CC0 1.0,0.6102,Dice similarity of ECFPs,true
DB00186,DB01567,CC0 1.0,0.6102,Dice similarity of ECFPs,true
DB01600,DB00573,CC0 1.0,0.6139,Dice similarity of ECFPs,true
DB01600,DB00573,CC0 1.0,0.6139,Dice similarity of ECFPs,true
DB08967,DB00477,CC0 1.0,0.6099,Dice similarity of ECFPs,true
DB08967,DB00477,CC0 1.0,0.6099,Dice similarity of ECFPs,true
DB01212,DB00689,CC0 1.0,0.5114,Dice similarity of ECFPs,true
DB01212,DB00689,CC0 1.0,0.5114,Dice similarity of ECFPs,true
DB00831,DB00850,CC0 1.0,0.7673,Dice similarity of ECFPs,true
DB00831,DB00850,CC0 1.0,0.7673,Dice similarity of ECFPs,true
DB00777,DB00726,CC0 1.0,0.5538,Dice similarity of ECFPs,true
DB00777,DB00726,CC0 1.0,0.5538,Dice similarity of ECFPs,true
DB00987,DB00709,CC0 1.0,0.6591,Dice similarity of ECFPs,true
DB00987,DB00709,CC0 1.0,0.6591,Dice similarity of ECFPs,true
DB08801,DB01620,CC0 1.0,0.6783,Dice similarity of ECFPs,true
DB08801,DB01620,CC0 1.0,0.6783,Dice similarity of ECFPs,true
DB00928,DB00194,CC0 1.0,0.7273,Dice similarity of ECFPs,true
DB00928,DB00194,CC0 1.0,0.7273,Dice similarity of ECFPs,true
DB09017,DB01559,CC0 1.0,0.6721,Dice similarity of ECFPs,true
DB09017,DB01559,CC0 1.0,0.6721,Dice similarity of ECFPs,true
DB00498,DB01399,CC0 1.0,0.5098,Dice similarity of ECFPs,true
DB00498,DB01399,CC0 1.0,0.5098,Dice similarity of ECFPs,true
DB00349,DB00498,CC0 1.0,0.5,Dice similarity of ECFPs,true
DB00349,DB00498,CC0 1.0,0.5,Dice similarity of ECFPs,true
DB06802,DB01397,CC0 1.0,0.5505,Dice similarity of ECFPs,true
DB06802,DB01397,CC0 1.0,0.5505,Dice similarity of ECFPs,true
DB00608,DB01611,CC0 1.0,0.8976,Dice similarity of ECFPs,true
DB00608,DB01611,CC0 1.0,0.8976,Dice similarity of ECFPs,true
DB01239,DB04837,CC0 1.0,0.5172,Dice similarity of ECFPs,true
DB01239,DB04837,CC0 1.0,0.5172,Dice similarity of ECFPs,true
DB09000,DB01403,CC0 1.0,0.8615,Dice similarity of ECFPs,true
DB09000,DB01403,CC0 1.0,0.8615,Dice similarity of ECFPs,true
DB00624,DB00367,CC0 1.0,0.5806,Dice similarity of ECFPs,true
DB00624,DB00367,CC0 1.0,0.5806,Dice similarity of ECFPs,true
DB00924,DB08801,CC0 1.0,0.5645,Dice similarity of ECFPs,true
DB00924,DB08801,CC0 1.0,0.5645,Dice similarity of ECFPs,true
DB00448,DB00736,CC0 1.0,0.5693,Dice similarity of ECFPs,true
DB00448,DB00736,CC0 1.0,0.5693,Dice similarity of ECFPs,true
DB00283,DB04837,CC0 1.0,0.512,Dice similarity of ECFPs,true
DB00283,DB04837,CC0 1.0,0.512,Dice similarity of ECFPs,true
DB00803,DB00781,CC0 1.0,0.9196,Dice similarity of ECFPs,true
DB00803,DB00781,CC0 1.0,0.9196,Dice similarity of ECFPs,true
DB01428,DB00573,CC0 1.0,0.5859,Dice similarity of ECFPs,true
DB01428,DB00573,CC0 1.0,0.5859,Dice similarity of ECFPs,true
DB00222,DB01120,CC0 1.0,0.5256,Dice similarity of ECFPs,true
DB00222,DB01120,CC0 1.0,0.5256,Dice similarity of ECFPs,true
DB00634,DB00259,CC0 1.0,0.7273,Dice similarity of ECFPs,true
DB00634,DB00259,CC0 1.0,0.7273,Dice similarity of ECFPs,true
DB01244,DB00813,CC0 1.0,0.6053,Dice similarity of ECFPs,true
DB01244,DB00813,CC0 1.0,0.6053,Dice similarity of ECFPs,true
DB00120,DB00573,CC0 1.0,0.5,Dice similarity of ECFPs,true
DB00120,DB00573,CC0 1.0,0.5,Dice similarity of ECFPs,true
DB00988,DB00221,CC0 1.0,0.5067,Dice similarity of ECFPs,true
DB00988,DB00221,CC0 1.0,0.5067,Dice similarity of ECFPs,true
DB00774,DB01021,CC0 1.0,0.5769,Dice similarity of ECFPs,true
DB00774,DB01021,CC0 1.0,0.5769,Dice similarity of ECFPs,true
DB00433,DB00508,CC0 1.0,0.6429,Dice similarity of ECFPs,true
DB00433,DB00508,CC0 1.0,0.6429,Dice similarity of ECFPs,true
DB00698,DB00614,CC0 1.0,0.7391,Dice similarity of ECFPs,true
DB00698,DB00614,CC0 1.0,0.7391,Dice similarity of ECFPs,true
DB01416,DB00267,CC0 1.0,0.8284,Dice similarity of ECFPs,true
DB01416,DB00267,CC0 1.0,0.8284,Dice similarity of ECFPs,true
DB06813,DB00158,CC0 1.0,0.6989,Dice similarity of ECFPs,true
DB06813,DB00158,CC0 1.0,0.6989,Dice similarity of ECFPs,true
DB00939,DB00784,CC0 1.0,0.7255,Dice similarity of ECFPs,true
DB00939,DB00784,CC0 1.0,0.7255,Dice similarity of ECFPs,true
DB01416,DB00689,CC0 1.0,0.5974,Dice similarity of ECFPs,true
DB01416,DB00689,CC0 1.0,0.5974,Dice similarity of ECFPs,true
DB00557,DB00568,CC0 1.0,0.6375,Dice similarity of ECFPs,true
DB00557,DB00568,CC0 1.0,0.6375,Dice similarity of ECFPs,true
DB00363,DB00719,CC0 1.0,0.5152,Dice similarity of ECFPs,true
DB00363,DB00719,CC0 1.0,0.5152,Dice similarity of ECFPs,true
DB00134,DB00130,CC0 1.0,0.625,Dice similarity of ECFPs,true
DB00134,DB00130,CC0 1.0,0.625,Dice similarity of ECFPs,true
DB00639,DB00239,CC0 1.0,0.5753,Dice similarity of ECFPs,true
DB00639,DB00239,CC0 1.0,0.5753,Dice similarity of ECFPs,true
DB08981,DB01600,CC0 1.0,0.5577,Dice similarity of ECFPs,true
DB08981,DB01600,CC0 1.0,0.5577,Dice similarity of ECFPs,true
DB01437,DB00754,CC0 1.0,0.5517,Dice similarity of ECFPs,true
DB01437,DB00754,CC0 1.0,0.5517,Dice similarity of ECFPs,true
DB00180,DB00588,CC0 1.0,0.5486,Dice similarity of ECFPs,true
DB00180,DB00588,CC0 1.0,0.5486,Dice similarity of ECFPs,true
DB00599,DB00312,CC0 1.0,0.8571,Dice similarity of ECFPs,true
DB00599,DB00312,CC0 1.0,0.8571,Dice similarity of ECFPs,true
DB00349,DB01242,CC0 1.0,0.5246,Dice similarity of ECFPs,true
DB00349,DB01242,CC0 1.0,0.5246,Dice similarity of ECFPs,true
DB00381,DB00270,CC0 1.0,0.5563,Dice similarity of ECFPs,true
DB00381,DB00270,CC0 1.0,0.5563,Dice similarity of ECFPs,true
DB00796,DB00275,CC0 1.0,0.6455,Dice similarity of ECFPs,true
DB00796,DB00275,CC0 1.0,0.6455,Dice similarity of ECFPs,true
DB00186,DB01545,CC0 1.0,0.7287,Dice similarity of ECFPs,true
DB00186,DB01545,CC0 1.0,0.7287,Dice similarity of ECFPs,true
DB00842,DB01489,CC0 1.0,0.6667,Dice similarity of ECFPs,true
DB00842,DB01489,CC0 1.0,0.6667,Dice similarity of ECFPs,true
DB01059,DB00537,CC0 1.0,0.8397,Dice similarity of ECFPs,true
DB01059,DB00537,CC0 1.0,0.8397,Dice similarity of ECFPs,true
DB00663,DB00896,CC0 1.0,0.5455,Dice similarity of ECFPs,true
DB00663,DB00896,CC0 1.0,0.5455,Dice similarity of ECFPs,true
DB00458,DB00726,CC0 1.0,0.8387,Dice similarity of ECFPs,true
DB00458,DB00726,CC0 1.0,0.8387,Dice similarity of ECFPs,true
DB00420,DB01622,CC0 1.0,0.6294,Dice similarity of ECFPs,true
DB00420,DB01622,CC0 1.0,0.6294,Dice similarity of ECFPs,true
DB00120,DB00712,CC0 1.0,0.506,Dice similarity of ECFPs,true
DB00120,DB00712,CC0 1.0,0.506,Dice similarity of ECFPs,true
DB01380,DB00860,CC0 1.0,0.5733,Dice similarity of ECFPs,true
DB01380,DB00860,CC0 1.0,0.5733,Dice similarity of ECFPs,true
DB00624,DB00990,CC0 1.0,0.5,Dice similarity of ECFPs,true
DB00624,DB00990,CC0 1.0,0.5,Dice similarity of ECFPs,true
DB01427,DB00817,CC0 1.0,0.5294,Dice similarity of ECFPs,true
DB01427,DB00817,CC0 1.0,0.5294,Dice similarity of ECFPs,true
DB00286,DB01357,CC0 1.0,0.6418,Dice similarity of ECFPs,true
DB00286,DB01357,CC0 1.0,0.6418,Dice similarity of ECFPs,true
DB01587,DB01553,CC0 1.0,0.5324,Dice similarity of ECFPs,true
DB01587,DB01553,CC0 1.0,0.5324,Dice similarity of ECFPs,true
DB00880,DB00232,CC0 1.0,0.6804,Dice similarity of ECFPs,true
DB00880,DB00232,CC0 1.0,0.6804,Dice similarity of ECFPs,true
DB01121,DB00731,CC0 1.0,0.5,Dice similarity of ECFPs,true
DB01121,DB00731,CC0 1.0,0.5,Dice similarity of ECFPs,true
DB01054,DB00393,CC0 1.0,0.8344,Dice similarity of ECFPs,true
DB01054,DB00393,CC0 1.0,0.8344,Dice similarity of ECFPs,true
DB00764,DB08970,CC0 1.0,0.6933,Dice similarity of ECFPs,true
DB00764,DB08970,CC0 1.0,0.6933,Dice similarity of ECFPs,true
DB00668,DB08957,CC0 1.0,0.5042,Dice similarity of ECFPs,true
DB00668,DB08957,CC0 1.0,0.5042,Dice similarity of ECFPs,true
DB06710,DB00421,CC0 1.0,0.6479,Dice similarity of ECFPs,true
DB06710,DB00421,CC0 1.0,0.6479,Dice similarity of ECFPs,true
DB01235,DB00135,CC0 1.0,0.7222,Dice similarity of ECFPs,true
DB01235,DB00135,CC0 1.0,0.7222,Dice similarity of ECFPs,true
DB04573,DB00286,CC0 1.0,0.5781,Dice similarity of ECFPs,true
DB04573,DB00286,CC0 1.0,0.5781,Dice similarity of ECFPs,true
DB00347,DB00617,CC0 1.0,0.7547,Dice similarity of ECFPs,true
DB00347,DB00617,CC0 1.0,0.7547,Dice similarity of ECFPs,true
DB00764,DB00591,CC0 1.0,0.5839,Dice similarity of ECFPs,true
DB00764,DB00591,CC0 1.0,0.5839,Dice similarity of ECFPs,true
DB00528,DB00393,CC0 1.0,0.6214,Dice similarity of ECFPs,true
DB00528,DB00393,CC0 1.0,0.6214,Dice similarity of ECFPs,true
DB00764,DB01130,CC0 1.0,0.5146,Dice similarity of ECFPs,true
DB00764,DB01130,CC0 1.0,0.5146,Dice similarity of ECFPs,true
DB01274,DB01102,CC0 1.0,0.563,Dice similarity of ECFPs,true
DB01274,DB01102,CC0 1.0,0.563,Dice similarity of ECFPs,true
DB00644,DB00014,CC0 1.0,0.9039,Dice similarity of ECFPs,true
DB00644,DB00014,CC0 1.0,0.9039,Dice similarity of ECFPs,true
DB01192,DB00704,CC0 1.0,0.8421,Dice similarity of ECFPs,true
DB01192,DB00704,CC0 1.0,0.8421,Dice similarity of ECFPs,true
DB01623,DB01622,CC0 1.0,0.8,Dice similarity of ECFPs,true
DB01623,DB01622,CC0 1.0,0.8,Dice similarity of ECFPs,true
DB00363,DB01176,CC0 1.0,0.5238,Dice similarity of ECFPs,true
DB00363,DB01176,CC0 1.0,0.5238,Dice similarity of ECFPs,true
DB01614,DB00420,CC0 1.0,0.813,Dice similarity of ECFPs,true
DB01614,DB00420,CC0 1.0,0.813,Dice similarity of ECFPs,true
DB00696,DB00353,CC0 1.0,0.5979,Dice similarity of ECFPs,true
DB00696,DB00353,CC0 1.0,0.5979,Dice similarity of ECFPs,true
DB00473,DB06701,CC0 1.0,0.5577,Dice similarity of ECFPs,true
DB00473,DB06701,CC0 1.0,0.5577,Dice similarity of ECFPs,true
DB00769,DB00959,CC0 1.0,0.5663,Dice similarity of ECFPs,true
DB00769,DB00959,CC0 1.0,0.5663,Dice similarity of ECFPs,true
DB00988,DB00190,CC0 1.0,0.6216,Dice similarity of ECFPs,true
DB00988,DB00190,CC0 1.0,0.6216,Dice similarity of ECFPs,true
DB00427,DB08992,CC0 1.0,0.5172,Dice similarity of ECFPs,true
DB00427,DB08992,CC0 1.0,0.5172,Dice similarity of ECFPs,true
DB00937,DB00392,CC0 1.0,0.5385,Dice similarity of ECFPs,true
DB00937,DB00392,CC0 1.0,0.5385,Dice similarity of ECFPs,true
DB00897,DB00801,CC0 1.0,0.5865,Dice similarity of ECFPs,true
DB00897,DB00801,CC0 1.0,0.5865,Dice similarity of ECFPs,true
DB00508,DB01403,CC0 1.0,0.6818,Dice similarity of ECFPs,true
DB00508,DB01403,CC0 1.0,0.6818,Dice similarity of ECFPs,true
DB00604,DB00662,CC0 1.0,0.5119,Dice similarity of ECFPs,true
DB00604,DB00662,CC0 1.0,0.5119,Dice similarity of ECFPs,true
DB01149,DB01622,CC0 1.0,0.5083,Dice similarity of ECFPs,true
DB01149,DB01622,CC0 1.0,0.5083,Dice similarity of ECFPs,true
DB00607,DB01602,CC0 1.0,0.6108,Dice similarity of ECFPs,true
DB00607,DB01602,CC0 1.0,0.6108,Dice similarity of ECFPs,true
DB00771,DB01501,CC0 1.0,0.5119,Dice similarity of ECFPs,true
DB00771,DB01501,CC0 1.0,0.5119,Dice similarity of ECFPs,true
DB00813,DB00333,CC0 1.0,0.5401,Dice similarity of ECFPs,true
DB00813,DB00333,CC0 1.0,0.5401,Dice similarity of ECFPs,true
DB00182,DB00852,CC0 1.0,0.5574,Dice similarity of ECFPs,true
DB00182,DB00852,CC0 1.0,0.5574,Dice similarity of ECFPs,true
DB00776,DB00498,CC0 1.0,0.5825,Dice similarity of ECFPs,true
DB00776,DB00498,CC0 1.0,0.5825,Dice similarity of ECFPs,true
DB00366,DB00321,CC0 1.0,0.5085,Dice similarity of ECFPs,true
DB00366,DB00321,CC0 1.0,0.5085,Dice similarity of ECFPs,true
DB00591,DB00240,CC0 1.0,0.5466,Dice similarity of ECFPs,true
DB00591,DB00240,CC0 1.0,0.5466,Dice similarity of ECFPs,true
DB08801,DB00835,CC0 1.0,0.6154,Dice similarity of ECFPs,true
DB08801,DB00835,CC0 1.0,0.6154,Dice similarity of ECFPs,true
DB08828,DB00891,CC0 1.0,0.5203,Dice similarity of ECFPs,true
DB08828,DB00891,CC0 1.0,0.5203,Dice similarity of ECFPs,true
DB09000,DB00831,CC0 1.0,0.5517,Dice similarity of ECFPs,true
DB09000,DB00831,CC0 1.0,0.5517,Dice similarity of ECFPs,true
DB00874,DB00571,CC0 1.0,0.5591,Dice similarity of ECFPs,true
DB00874,DB00571,CC0 1.0,0.5591,Dice similarity of ECFPs,true
DB01069,DB00850,CC0 1.0,0.5,Dice similarity of ECFPs,true
DB01069,DB00850,CC0 1.0,0.5,Dice similarity of ECFPs,true
DB01155,DB01165,CC0 1.0,0.5369,Dice similarity of ECFPs,true
DB01155,DB01165,CC0 1.0,0.5369,Dice similarity of ECFPs,true
DB00881,DB01348,CC0 1.0,0.7458,Dice similarity of ECFPs,true
DB00881,DB01348,CC0 1.0,0.7458,Dice similarity of ECFPs,true
DB01414,DB00833,CC0 1.0,0.5313,Dice similarity of ECFPs,true
DB01414,DB00833,CC0 1.0,0.5313,Dice similarity of ECFPs,true
DB00750,DB00937,CC0 1.0,0.5176,Dice similarity of ECFPs,true
DB00750,DB00937,CC0 1.0,0.5176,Dice similarity of ECFPs,true
DB01410,DB00741,CC0 1.0,0.5111,Dice similarity of ECFPs,true
DB01410,DB00741,CC0 1.0,0.5111,Dice similarity of ECFPs,true
DB00502,DB00450,CC0 1.0,0.6194,Dice similarity of ECFPs,true
DB00502,DB00450,CC0 1.0,0.6194,Dice similarity of ECFPs,true
DB00267,DB01415,CC0 1.0,0.5783,Dice similarity of ECFPs,true
DB00267,DB01415,CC0 1.0,0.5783,Dice similarity of ECFPs,true
DB01110,DB01127,CC0 1.0,0.8429,Dice similarity of ECFPs,true
DB01110,DB01127,CC0 1.0,0.8429,Dice similarity of ECFPs,true
DB00430,DB00267,CC0 1.0,0.6411,Dice similarity of ECFPs,true
DB00430,DB00267,CC0 1.0,0.6411,Dice similarity of ECFPs,true
DB01209,DB00514,CC0 1.0,0.5505,Dice similarity of ECFPs,true
DB01209,DB00514,CC0 1.0,0.5505,Dice similarity of ECFPs,true
DB01116,DB00812,CC0 1.0,0.5035,Dice similarity of ECFPs,true
DB01116,DB00812,CC0 1.0,0.5035,Dice similarity of ECFPs,true
DB01433,DB01620,CC0 1.0,0.5,Dice similarity of ECFPs,true
DB01433,DB01620,CC0 1.0,0.5,Dice similarity of ECFPs,true
DB01289,DB00222,CC0 1.0,0.5934,Dice similarity of ECFPs,true
DB01289,DB00222,CC0 1.0,0.5934,Dice similarity of ECFPs,true
DB00366,DB00748,CC0 1.0,0.5965,Dice similarity of ECFPs,true
DB00366,DB00748,CC0 1.0,0.5965,Dice similarity of ECFPs,true
DB01072,DB00503,CC0 1.0,0.5338,Dice similarity of ECFPs,true
DB01072,DB00503,CC0 1.0,0.5338,Dice similarity of ECFPs,true
DB00415,DB01326,CC0 1.0,0.5526,Dice similarity of ECFPs,true
DB00415,DB01326,CC0 1.0,0.5526,Dice similarity of ECFPs,true
DB06800,DB00921,CC0 1.0,0.5389,Dice similarity of ECFPs,true
DB06800,DB00921,CC0 1.0,0.5389,Dice similarity of ECFPs,true
DB08799,DB04837,CC0 1.0,0.5,Dice similarity of ECFPs,true
DB08799,DB04837,CC0 1.0,0.5,Dice similarity of ECFPs,true
DB06213,DB00118,CC0 1.0,0.5921,Dice similarity of ECFPs,true
DB06213,DB00118,CC0 1.0,0.5921,Dice similarity of ECFPs,true
DB00186,DB00475,CC0 1.0,0.5042,Dice similarity of ECFPs,true
DB00186,DB00475,CC0 1.0,0.5042,Dice similarity of ECFPs,true
DB01130,DB00896,CC0 1.0,0.6982,Dice similarity of ECFPs,true
DB01130,DB00896,CC0 1.0,0.6982,Dice similarity of ECFPs,true
DB00568,DB08990,CC0 1.0,0.5476,Dice similarity of ECFPs,true
DB00568,DB08990,CC0 1.0,0.5476,Dice similarity of ECFPs,true
DB01616,DB00813,CC0 1.0,0.5778,Dice similarity of ECFPs,true
DB01616,DB00813,CC0 1.0,0.5778,Dice similarity of ECFPs,true
DB01037,DB00120,CC0 1.0,0.5833,Dice similarity of ECFPs,true
DB01037,DB00120,CC0 1.0,0.5833,Dice similarity of ECFPs,true
DB01364,DB00217,CC0 1.0,0.5143,Dice similarity of ECFPs,true
DB01364,DB00217,CC0 1.0,0.5143,Dice similarity of ECFPs,true
DB00294,DB06713,CC0 1.0,0.7259,Dice similarity of ECFPs,true
DB00294,DB06713,CC0 1.0,0.7259,Dice similarity of ECFPs,true
DB01416,DB00671,CC0 1.0,0.7673,Dice similarity of ECFPs,true
DB01416,DB00671,CC0 1.0,0.7673,Dice similarity of ECFPs,true
DB00627,DB00936,CC0 1.0,0.5,Dice similarity of ECFPs,true
DB00627,DB00936,CC0 1.0,0.5,Dice similarity of ECFPs,true
DB00596,DB00443,CC0 1.0,0.6626,Dice similarity of ECFPs,true
DB00596,DB00443,CC0 1.0,0.6626,Dice similarity of ECFPs,true
DB01151,DB00751,CC0 1.0,0.5739,Dice similarity of ECFPs,true
DB01151,DB00751,CC0 1.0,0.5739,Dice similarity of ECFPs,true
DB04794,DB00568,CC0 1.0,0.5769,Dice similarity of ECFPs,true
DB04794,DB00568,CC0 1.0,0.5769,Dice similarity of ECFPs,true
DB00508,DB00777,CC0 1.0,0.6567,Dice similarity of ECFPs,true
DB00508,DB00777,CC0 1.0,0.6567,Dice similarity of ECFPs,true
DB00564,DB00726,CC0 1.0,0.5043,Dice similarity of ECFPs,true
DB00564,DB00726,CC0 1.0,0.5043,Dice similarity of ECFPs,true
DB00263,DB00250,CC0 1.0,0.5417,Dice similarity of ECFPs,true
DB00263,DB00250,CC0 1.0,0.5417,Dice similarity of ECFPs,true
DB00959,DB00180,CC0 1.0,0.7134,Dice similarity of ECFPs,true
DB00959,DB00180,CC0 1.0,0.7134,Dice similarity of ECFPs,true
DB00621,DB06710,CC0 1.0,0.7049,Dice similarity of ECFPs,true
DB00621,DB06710,CC0 1.0,0.7049,Dice similarity of ECFPs,true
DB09009,DB00750,CC0 1.0,0.5053,Dice similarity of ECFPs,true
DB09009,DB00750,CC0 1.0,0.5053,Dice similarity of ECFPs,true
DB00598,DB01399,CC0 1.0,0.5,Dice similarity of ECFPs,true
DB00598,DB01399,CC0 1.0,0.5,Dice similarity of ECFPs,true
DB00894,DB00896,CC0 1.0,0.563,Dice similarity of ECFPs,true
DB00894,DB00896,CC0 1.0,0.563,Dice similarity of ECFPs,true
DB00567,DB01333,CC0 1.0,0.7727,Dice similarity of ECFPs,true
DB00567,DB01333,CC0 1.0,0.7727,Dice similarity of ECFPs,true
DB00436,DB00562,CC0 1.0,0.6207,Dice similarity of ECFPs,true
DB00436,DB00562,CC0 1.0,0.6207,Dice similarity of ECFPs,true
DB01139,DB01112,CC0 1.0,0.6582,Dice similarity of ECFPs,true
DB01139,DB01112,CC0 1.0,0.6582,Dice similarity of ECFPs,true
DB00801,DB01595,CC0 1.0,0.6142,Dice similarity of ECFPs,true
DB00801,DB01595,CC0 1.0,0.6142,Dice similarity of ECFPs,true
DB01408,DB01407,CC0 1.0,0.5179,Dice similarity of ECFPs,true
DB01408,DB01407,CC0 1.0,0.5179,Dice similarity of ECFPs,true
DB01329,DB01140,CC0 1.0,0.6,Dice similarity of ECFPs,true
DB01329,DB01140,CC0 1.0,0.6,Dice similarity of ECFPs,true
DB00422,DB00979,CC0 1.0,0.5556,Dice similarity of ECFPs,true
DB00422,DB00979,CC0 1.0,0.5556,Dice similarity of ECFPs,true
DB08807,DB00676,CC0 1.0,0.5079,Dice similarity of ECFPs,true
DB08807,DB00676,CC0 1.0,0.5079,Dice similarity of ECFPs,true
DB06770,DB01576,CC0 1.0,0.7059,Dice similarity of ECFPs,true
DB06770,DB01576,CC0 1.0,0.7059,Dice similarity of ECFPs,true
DB01227,DB01081,CC0 1.0,0.5029,Dice similarity of ECFPs,true
DB01227,DB01081,CC0 1.0,0.5029,Dice similarity of ECFPs,true
DB01212,DB01326,CC0 1.0,0.5699,Dice similarity of ECFPs,true
DB01212,DB01326,CC0 1.0,0.5699,Dice similarity of ECFPs,true
DB00643,DB00518,CC0 1.0,0.6316,Dice similarity of ECFPs,true
DB00643,DB00518,CC0 1.0,0.6316,Dice similarity of ECFPs,true
DB00462,DB04838,CC0 1.0,0.5574,Dice similarity of ECFPs,true
DB00462,DB04838,CC0 1.0,0.5574,Dice similarity of ECFPs,true
DB00697,DB00964,CC0 1.0,0.6292,Dice similarity of ECFPs,true
DB00697,DB00964,CC0 1.0,0.6292,Dice similarity of ECFPs,true
DB00636,DB00856,CC0 1.0,0.5316,Dice similarity of ECFPs,true
DB00636,DB00856,CC0 1.0,0.5316,Dice similarity of ECFPs,true
DB00120,DB01247,CC0 1.0,0.5122,Dice similarity of ECFPs,true
DB00120,DB01247,CC0 1.0,0.5122,Dice similarity of ECFPs,true
DB01215,DB00683,CC0 1.0,0.6406,Dice similarity of ECFPs,true
DB01215,DB00683,CC0 1.0,0.6406,Dice similarity of ECFPs,true
DB00294,DB04575,CC0 1.0,0.5103,Dice similarity of ECFPs,true
DB00294,DB04575,CC0 1.0,0.5103,Dice similarity of ECFPs,true
DB00415,DB00739,CC0 1.0,0.6522,Dice similarity of ECFPs,true
DB00415,DB00739,CC0 1.0,0.6522,Dice similarity of ECFPs,true
DB01263,DB01167,CC0 1.0,0.8028,Dice similarity of ECFPs,true
DB01263,DB01167,CC0 1.0,0.8028,Dice similarity of ECFPs,true
DB00367,DB00741,CC0 1.0,0.5147,Dice similarity of ECFPs,true
DB00367,DB00741,CC0 1.0,0.5147,Dice similarity of ECFPs,true
DB01260,DB00838,CC0 1.0,0.5223,Dice similarity of ECFPs,true
DB01260,DB00838,CC0 1.0,0.5223,Dice similarity of ECFPs,true
DB00897,DB01239,CC0 1.0,0.5079,Dice similarity of ECFPs,true
DB00897,DB01239,CC0 1.0,0.5079,Dice similarity of ECFPs,true
DB01413,DB01332,CC0 1.0,0.7089,Dice similarity of ECFPs,true
DB01413,DB01332,CC0 1.0,0.7089,Dice similarity of ECFPs,true
DB00295,DB00674,CC0 1.0,0.5,Dice similarity of ECFPs,true
DB00295,DB00674,CC0 1.0,0.5,Dice similarity of ECFPs,true
DB08967,DB01623,CC0 1.0,0.5783,Dice similarity of ECFPs,true
DB08967,DB01623,CC0 1.0,0.5783,Dice similarity of ECFPs,true
DB00324,DB00394,CC0 1.0,0.5562,Dice similarity of ECFPs,true
DB00324,DB00394,CC0 1.0,0.5562,Dice similarity of ECFPs,true
DB01614,DB00831,CC0 1.0,0.6207,Dice similarity of ECFPs,true
DB01614,DB00831,CC0 1.0,0.6207,Dice similarity of ECFPs,true
DB00643,DB00465,CC0 1.0,0.5299,Dice similarity of ECFPs,true
DB00643,DB00465,CC0 1.0,0.5299,Dice similarity of ECFPs,true
DB00664,DB00359,CC0 1.0,0.7525,Dice similarity of ECFPs,true
DB00664,DB00359,CC0 1.0,0.7525,Dice similarity of ECFPs,true
DB00454,DB00899,CC0 1.0,0.5238,Dice similarity of ECFPs,true
DB00454,DB00899,CC0 1.0,0.5238,Dice similarity of ECFPs,true
DB00264,DB00612,CC0 1.0,0.7863,Dice similarity of ECFPs,true
DB00264,DB00612,CC0 1.0,0.7863,Dice similarity of ECFPs,true
DB00120,DB01042,CC0 1.0,0.5647,Dice similarity of ECFPs,true
DB00120,DB01042,CC0 1.0,0.5647,Dice similarity of ECFPs,true
DB00123,DB00128,CC0 1.0,0.5,Dice similarity of ECFPs,true
DB00123,DB00128,CC0 1.0,0.5,Dice similarity of ECFPs,true
DB03255,DB00852,CC0 1.0,0.566,Dice similarity of ECFPs,true
DB03255,DB00852,CC0 1.0,0.566,Dice similarity of ECFPs,true
DB01009,DB00682,CC0 1.0,0.5424,Dice similarity of ECFPs,true
DB01009,DB00682,CC0 1.0,0.5424,Dice similarity of ECFPs,true
DB00296,DB00281,CC0 1.0,0.6078,Dice similarity of ECFPs,true
DB00296,DB00281,CC0 1.0,0.6078,Dice similarity of ECFPs,true
DB00663,DB00959,CC0 1.0,0.5455,Dice similarity of ECFPs,true
DB00663,DB00959,CC0 1.0,0.5455,Dice similarity of ECFPs,true
DB00829,DB00690,CC0 1.0,0.6617,Dice similarity of ECFPs,true
DB00829,DB00690,CC0 1.0,0.6617,Dice similarity of ECFPs,true
DB01214,DB01297,CC0 1.0,0.5636,Dice similarity of ECFPs,true
DB01214,DB01297,CC0 1.0,0.5636,Dice similarity of ECFPs,true
DB01151,DB01429,CC0 1.0,0.5271,Dice similarity of ECFPs,true
DB01151,DB01429,CC0 1.0,0.5271,Dice similarity of ECFPs,true
DB01050,DB00135,CC0 1.0,0.6133,Dice similarity of ECFPs,true
DB01050,DB00135,CC0 1.0,0.6133,Dice similarity of ECFPs,true
DB08905,DB00717,CC0 1.0,0.5041,Dice similarity of ECFPs,true
DB08905,DB00717,CC0 1.0,0.5041,Dice similarity of ECFPs,true
DB00240,DB00223,CC0 1.0,0.7105,Dice similarity of ECFPs,true
DB00240,DB00223,CC0 1.0,0.7105,Dice similarity of ECFPs,true
DB00607,DB01603,CC0 1.0,0.7333,Dice similarity of ECFPs,true
DB00607,DB01603,CC0 1.0,0.7333,Dice similarity of ECFPs,true
DB00905,DB08819,CC0 1.0,0.6782,Dice similarity of ECFPs,true
DB00905,DB08819,CC0 1.0,0.6782,Dice similarity of ECFPs,true
DB00611,DB00652,CC0 1.0,0.5039,Dice similarity of ECFPs,true
DB00611,DB00652,CC0 1.0,0.5039,Dice similarity of ECFPs,true
DB00542,DB06274,CC0 1.0,0.5143,Dice similarity of ECFPs,true
DB00542,DB06274,CC0 1.0,0.5143,Dice similarity of ECFPs,true
DB01060,DB01147,CC0 1.0,0.6438,Dice similarity of ECFPs,true
DB01060,DB01147,CC0 1.0,0.6438,Dice similarity of ECFPs,true
DB00610,DB00397,CC0 1.0,0.7097,Dice similarity of ECFPs,true
DB00610,DB00397,CC0 1.0,0.7097,Dice similarity of ECFPs,true
DB03147,DB00140,CC0 1.0,0.633,Dice similarity of ECFPs,true
DB03147,DB00140,CC0 1.0,0.633,Dice similarity of ECFPs,true
DB01623,DB00670,CC0 1.0,0.5375,Dice similarity of ECFPs,true
DB01623,DB00670,CC0 1.0,0.5375,Dice similarity of ECFPs,true
DB08905,DB01420,CC0 1.0,0.5802,Dice similarity of ECFPs,true
DB08905,DB01420,CC0 1.0,0.5802,Dice similarity of ECFPs,true
DB00240,DB00896,CC0 1.0,0.7027,Dice similarity of ECFPs,true
DB00240,DB00896,CC0 1.0,0.7027,Dice similarity of ECFPs,true
DB09014,DB01114,CC0 1.0,0.5366,Dice similarity of ECFPs,true
DB09014,DB01114,CC0 1.0,0.5366,Dice similarity of ECFPs,true
DB00655,DB08866,CC0 1.0,0.5,Dice similarity of ECFPs,true
DB00655,DB08866,CC0 1.0,0.5,Dice similarity of ECFPs,true
DB01403,DB01621,CC0 1.0,0.5641,Dice similarity of ECFPs,true
DB01403,DB01621,CC0 1.0,0.5641,Dice similarity of ECFPs,true
DB00341,DB04890,CC0 1.0,0.6282,Dice similarity of ECFPs,true
DB00341,DB04890,CC0 1.0,0.6282,Dice similarity of ECFPs,true
DB00924,DB04837,CC0 1.0,0.5812,Dice similarity of ECFPs,true
DB00924,DB04837,CC0 1.0,0.5812,Dice similarity of ECFPs,true
DB00624,DB00655,CC0 1.0,0.5,Dice similarity of ECFPs,true
DB00624,DB00655,CC0 1.0,0.5,Dice similarity of ECFPs,true
DB00737,DB08936,CC0 1.0,0.7832,Dice similarity of ECFPs,true
DB00737,DB08936,CC0 1.0,0.7832,Dice similarity of ECFPs,true
DB09000,DB01622,CC0 1.0,0.6,Dice similarity of ECFPs,true
DB09000,DB01622,CC0 1.0,0.6,Dice similarity of ECFPs,true
DB00952,DB00669,CC0 1.0,0.6167,Dice similarity of ECFPs,true
DB00952,DB00669,CC0 1.0,0.6167,Dice similarity of ECFPs,true
DB01252,DB00731,CC0 1.0,0.5846,Dice similarity of ECFPs,true
DB01252,DB00731,CC0 1.0,0.5846,Dice similarity of ECFPs,true
DB00925,DB00676,CC0 1.0,0.6111,Dice similarity of ECFPs,true
DB00925,DB00676,CC0 1.0,0.6111,Dice similarity of ECFPs,true
DB00784,DB01428,CC0 1.0,0.5306,Dice similarity of ECFPs,true
DB00784,DB01428,CC0 1.0,0.5306,Dice similarity of ECFPs,true
DB01280,DB00194,CC0 1.0,0.7568,Dice similarity of ECFPs,true
DB01280,DB00194,CC0 1.0,0.7568,Dice similarity of ECFPs,true
DB00418,DB00306,CC0 1.0,0.8966,Dice similarity of ECFPs,true
DB00418,DB00306,CC0 1.0,0.8966,Dice similarity of ECFPs,true
DB01013,DB06781,CC0 1.0,0.6667,Dice similarity of ECFPs,true
DB01013,DB06781,CC0 1.0,0.6667,Dice similarity of ECFPs,true
DB00769,DB00253,CC0 1.0,0.559,Dice similarity of ECFPs,true
DB00769,DB00253,CC0 1.0,0.559,Dice similarity of ECFPs,true
DB01081,DB01433,CC0 1.0,0.5029,Dice similarity of ECFPs,true
DB01081,DB01433,CC0 1.0,0.5029,Dice similarity of ECFPs,true
DB00319,DB01602,CC0 1.0,0.6486,Dice similarity of ECFPs,true
DB00319,DB01602,CC0 1.0,0.6486,Dice similarity of ECFPs,true
DB00735,DB04837,CC0 1.0,0.5124,Dice similarity of ECFPs,true
DB00735,DB04837,CC0 1.0,0.5124,Dice similarity of ECFPs,true
DB01588,DB01215,CC0 1.0,0.7344,Dice similarity of ECFPs,true
DB01588,DB01215,CC0 1.0,0.7344,Dice similarity of ECFPs,true
DB00624,DB00700,CC0 1.0,0.5035,Dice similarity of ECFPs,true
DB00624,DB00700,CC0 1.0,0.5035,Dice similarity of ECFPs,true
DB00557,DB08936,CC0 1.0,0.8029,Dice similarity of ECFPs,true
DB00557,DB08936,CC0 1.0,0.8029,Dice similarity of ECFPs,true
DB00850,DB00680,CC0 1.0,0.5663,Dice similarity of ECFPs,true
DB00850,DB00680,CC0 1.0,0.5663,Dice similarity of ECFPs,true
DB00631,DB00131,CC0 1.0,0.5763,Dice similarity of ECFPs,true
DB00631,DB00131,CC0 1.0,0.5763,Dice similarity of ECFPs,true
DB00956,DB00514,CC0 1.0,0.5785,Dice similarity of ECFPs,true
DB00956,DB00514,CC0 1.0,0.5785,Dice similarity of ECFPs,true
DB08984,DB08976,CC0 1.0,0.6364,Dice similarity of ECFPs,true
DB08984,DB08976,CC0 1.0,0.6364,Dice similarity of ECFPs,true
DB08967,DB01403,CC0 1.0,0.6712,Dice similarity of ECFPs,true
DB08967,DB01403,CC0 1.0,0.6712,Dice similarity of ECFPs,true
DB00368,DB01102,CC0 1.0,0.5567,Dice similarity of ECFPs,true
DB00368,DB01102,CC0 1.0,0.5567,Dice similarity of ECFPs,true
DB00223,DB00896,CC0 1.0,0.5733,Dice similarity of ECFPs,true
DB00223,DB00896,CC0 1.0,0.5733,Dice similarity of ECFPs,true
DB01340,DB00519,CC0 1.0,0.7093,Dice similarity of ECFPs,true
DB01340,DB00519,CC0 1.0,0.7093,Dice similarity of ECFPs,true
DB04573,DB04575,CC0 1.0,0.5693,Dice similarity of ECFPs,true
DB04573,DB04575,CC0 1.0,0.5693,Dice similarity of ECFPs,true
DB05246,DB00794,CC0 1.0,0.6047,Dice similarity of ECFPs,true
DB05246,DB00794,CC0 1.0,0.6047,Dice similarity of ECFPs,true
DB01384,DB01047,CC0 1.0,0.5562,Dice similarity of ECFPs,true
DB01384,DB01047,CC0 1.0,0.5562,Dice similarity of ECFPs,true
DB00405,DB01620,CC0 1.0,0.8113,Dice similarity of ECFPs,true
DB00405,DB01620,CC0 1.0,0.8113,Dice similarity of ECFPs,true
DB00588,DB00394,CC0 1.0,0.6809,Dice similarity of ECFPs,true
DB00588,DB00394,CC0 1.0,0.6809,Dice similarity of ECFPs,true
DB01039,DB00328,CC0 1.0,0.5401,Dice similarity of ECFPs,true
DB01039,DB00328,CC0 1.0,0.5401,Dice similarity of ECFPs,true
DB00663,DB01047,CC0 1.0,0.7742,Dice similarity of ECFPs,true
DB00663,DB01047,CC0 1.0,0.7742,Dice similarity of ECFPs,true
DB00676,DB01625,CC0 1.0,0.5424,Dice similarity of ECFPs,true
DB00676,DB01625,CC0 1.0,0.5424,Dice similarity of ECFPs,true
DB01511,DB00690,CC0 1.0,0.6165,Dice similarity of ECFPs,true
DB01511,DB00690,CC0 1.0,0.6165,Dice similarity of ECFPs,true
DB00784,DB01399,CC0 1.0,0.5631,Dice similarity of ECFPs,true
DB00784,DB01399,CC0 1.0,0.5631,Dice similarity of ECFPs,true
DB00498,DB00289,CC0 1.0,0.5,Dice similarity of ECFPs,true
DB00498,DB00289,CC0 1.0,0.5,Dice similarity of ECFPs,true
DB01576,DB03255,CC0 1.0,0.5833,Dice similarity of ECFPs,true
DB01576,DB03255,CC0 1.0,0.5833,Dice similarity of ECFPs,true
DB00764,DB00860,CC0 1.0,0.6164,Dice similarity of ECFPs,true
DB00764,DB00860,CC0 1.0,0.6164,Dice similarity of ECFPs,true
DB00433,DB09003,CC0 1.0,0.6279,Dice similarity of ECFPs,true
DB00433,DB09003,CC0 1.0,0.6279,Dice similarity of ECFPs,true
DB09000,DB01246,CC0 1.0,0.832,Dice similarity of ECFPs,true
DB09000,DB01246,CC0 1.0,0.832,Dice similarity of ECFPs,true
DB01545,DB01068,CC0 1.0,0.5909,Dice similarity of ECFPs,true
DB01545,DB01068,CC0 1.0,0.5909,Dice similarity of ECFPs,true
DB00881,DB00722,CC0 1.0,0.5848,Dice similarity of ECFPs,true
DB00881,DB00722,CC0 1.0,0.5848,Dice similarity of ECFPs,true
DB00884,DB00282,CC0 1.0,0.6133,Dice similarity of ECFPs,true
DB00884,DB00282,CC0 1.0,0.6133,Dice similarity of ECFPs,true
DB01185,DB00421,CC0 1.0,0.5342,Dice similarity of ECFPs,true
DB01185,DB00421,CC0 1.0,0.5342,Dice similarity of ECFPs,true
DB01348,DB00790,CC0 1.0,0.5696,Dice similarity of ECFPs,true
DB01348,DB00790,CC0 1.0,0.5696,Dice similarity of ECFPs,true
DB00618,DB00759,CC0 1.0,0.7857,Dice similarity of ECFPs,true
DB00618,DB00759,CC0 1.0,0.7857,Dice similarity of ECFPs,true
DB00668,DB06262,CC0 1.0,0.6486,Dice similarity of ECFPs,true
DB00668,DB06262,CC0 1.0,0.6486,Dice similarity of ECFPs,true
DB00620,DB00838,CC0 1.0,0.5867,Dice similarity of ECFPs,true
DB00620,DB00838,CC0 1.0,0.5867,Dice similarity of ECFPs,true
DB05521,DB08873,CC0 1.0,0.5086,Dice similarity of ECFPs,true
DB05521,DB08873,CC0 1.0,0.5086,Dice similarity of ECFPs,true
DB01237,DB00835,CC0 1.0,0.7027,Dice similarity of ECFPs,true
DB01237,DB00835,CC0 1.0,0.7027,Dice similarity of ECFPs,true
DB08909,DB01616,CC0 1.0,0.5568,Dice similarity of ECFPs,true
DB08909,DB01616,CC0 1.0,0.5568,Dice similarity of ECFPs,true
DB06710,DB01420,CC0 1.0,0.7328,Dice similarity of ECFPs,true
DB06710,DB01420,CC0 1.0,0.7328,Dice similarity of ECFPs,true
DB05246,DB01435,CC0 1.0,0.55,Dice similarity of ECFPs,true
DB05246,DB01435,CC0 1.0,0.55,Dice similarity of ECFPs,true
DB00924,DB00321,CC0 1.0,0.7705,Dice similarity of ECFPs,true
DB00924,DB00321,CC0 1.0,0.7705,Dice similarity of ECFPs,true
DB00187,DB01182,CC0 1.0,0.5231,Dice similarity of ECFPs,true
DB00187,DB01182,CC0 1.0,0.5231,Dice similarity of ECFPs,true
DB01228,DB01125,CC0 1.0,0.5116,Dice similarity of ECFPs,true
DB01228,DB01125,CC0 1.0,0.5116,Dice similarity of ECFPs,true
DB00221,DB06262,CC0 1.0,0.6429,Dice similarity of ECFPs,true
DB00221,DB06262,CC0 1.0,0.6429,Dice similarity of ECFPs,true
DB01327,DB00274,CC0 1.0,0.5333,Dice similarity of ECFPs,true
DB01327,DB00274,CC0 1.0,0.5333,Dice similarity of ECFPs,true
DB03255,DB01398,CC0 1.0,0.5306,Dice similarity of ECFPs,true
DB03255,DB01398,CC0 1.0,0.5306,Dice similarity of ECFPs,true
DB01365,DB08924,CC0 1.0,0.5405,Dice similarity of ECFPs,true
DB01365,DB08924,CC0 1.0,0.5405,Dice similarity of ECFPs,true
DB00956,DB06800,CC0 1.0,0.5294,Dice similarity of ECFPs,true
DB00956,DB06800,CC0 1.0,0.5294,Dice similarity of ECFPs,true
DB00622,DB00381,CC0 1.0,0.5632,Dice similarity of ECFPs,true
DB00622,DB00381,CC0 1.0,0.5632,Dice similarity of ECFPs,true
DB01154,DB00312,CC0 1.0,0.7126,Dice similarity of ECFPs,true
DB01154,DB00312,CC0 1.0,0.7126,Dice similarity of ECFPs,true
DB08889,DB01601,CC0 1.0,0.5091,Dice similarity of ECFPs,true
DB08889,DB01601,CC0 1.0,0.5091,Dice similarity of ECFPs,true
DB00169,DB00136,CC0 1.0,0.7625,Dice similarity of ECFPs,true
DB00169,DB00136,CC0 1.0,0.7625,Dice similarity of ECFPs,true
DB08981,DB01399,CC0 1.0,0.5234,Dice similarity of ECFPs,true
DB08981,DB01399,CC0 1.0,0.5234,Dice similarity of ECFPs,true
DB00978,DB00218,CC0 1.0,0.604,Dice similarity of ECFPs,true
DB00978,DB00218,CC0 1.0,0.604,Dice similarity of ECFPs,true
DB01588,DB00546,CC0 1.0,0.6957,Dice similarity of ECFPs,true
DB01588,DB00546,CC0 1.0,0.6957,Dice similarity of ECFPs,true
DB00648,DB01114,CC0 1.0,0.5577,Dice similarity of ECFPs,true
DB00648,DB01114,CC0 1.0,0.5577,Dice similarity of ECFPs,true
DB00125,DB00151,CC0 1.0,0.5,Dice similarity of ECFPs,true
DB00125,DB00151,CC0 1.0,0.5,Dice similarity of ECFPs,true
DB00994,DB00684,CC0 1.0,0.6935,Dice similarity of ECFPs,true
DB00994,DB00684,CC0 1.0,0.6935,Dice similarity of ECFPs,true
DB00923,DB01328,CC0 1.0,0.7385,Dice similarity of ECFPs,true
DB00923,DB01328,CC0 1.0,0.7385,Dice similarity of ECFPs,true
DB06718,DB01420,CC0 1.0,0.5072,Dice similarity of ECFPs,true
DB06718,DB01420,CC0 1.0,0.5072,Dice similarity of ECFPs,true
DB00829,DB00842,CC0 1.0,0.7018,Dice similarity of ECFPs,true
DB00829,DB00842,CC0 1.0,0.7018,Dice similarity of ECFPs,true
DB00991,DB00745,CC0 1.0,0.5424,Dice similarity of ECFPs,true
DB00991,DB00745,CC0 1.0,0.5424,Dice similarity of ECFPs,true
DB00921,DB00704,CC0 1.0,0.6667,Dice similarity of ECFPs,true
DB00921,DB00704,CC0 1.0,0.6667,Dice similarity of ECFPs,true
DB00415,DB00689,CC0 1.0,0.6761,Dice similarity of ECFPs,true
DB00415,DB00689,CC0 1.0,0.6761,Dice similarity of ECFPs,true
DB00540,DB01242,CC0 1.0,0.5246,Dice similarity of ECFPs,true
DB00540,DB01242,CC0 1.0,0.5246,Dice similarity of ECFPs,true
DB01412,DB00201,CC0 1.0,0.7222,Dice similarity of ECFPs,true
DB01412,DB00201,CC0 1.0,0.7222,Dice similarity of ECFPs,true
DB08996,DB01622,CC0 1.0,0.5034,Dice similarity of ECFPs,true
DB08996,DB01622,CC0 1.0,0.5034,Dice similarity of ECFPs,true
DB01173,DB00245,CC0 1.0,0.528,Dice similarity of ECFPs,true
DB01173,DB00245,CC0 1.0,0.528,Dice similarity of ECFPs,true
DB01227,DB00647,CC0 1.0,0.6761,Dice similarity of ECFPs,true
DB01227,DB00647,CC0 1.0,0.6761,Dice similarity of ECFPs,true
DB01422,DB01243,CC0 1.0,0.56,Dice similarity of ECFPs,true
DB01422,DB01243,CC0 1.0,0.56,Dice similarity of ECFPs,true
DB00368,DB01001,CC0 1.0,0.5714,Dice similarity of ECFPs,true
DB00368,DB01001,CC0 1.0,0.5714,Dice similarity of ECFPs,true
DB00237,DB01354,CC0 1.0,0.5393,Dice similarity of ECFPs,true
DB00237,DB01354,CC0 1.0,0.5393,Dice similarity of ECFPs,true
DB00250,DB00891,CC0 1.0,0.6316,Dice similarity of ECFPs,true
DB00250,DB00891,CC0 1.0,0.6316,Dice similarity of ECFPs,true
DB01340,DB00790,CC0 1.0,0.5128,Dice similarity of ECFPs,true
DB01340,DB00790,CC0 1.0,0.5128,Dice similarity of ECFPs,true
DB01433,DB01075,CC0 1.0,0.5827,Dice similarity of ECFPs,true
DB01433,DB01075,CC0 1.0,0.5827,Dice similarity of ECFPs,true
DB09000,DB00777,CC0 1.0,0.7424,Dice similarity of ECFPs,true
DB09000,DB00777,CC0 1.0,0.7424,Dice similarity of ECFPs,true
DB00833,DB01604,CC0 1.0,0.5921,Dice similarity of ECFPs,true
DB00833,DB01604,CC0 1.0,0.5921,Dice similarity of ECFPs,true
DB00349,DB00546,CC0 1.0,0.5344,Dice similarity of ECFPs,true
DB00349,DB00546,CC0 1.0,0.5344,Dice similarity of ECFPs,true
DB00438,DB01332,CC0 1.0,0.6433,Dice similarity of ECFPs,true
DB00438,DB01332,CC0 1.0,0.6433,Dice similarity of ECFPs,true
DB00626,DB00093,CC0 1.0,0.5835,Dice similarity of ECFPs,true
DB00626,DB00093,CC0 1.0,0.5835,Dice similarity of ECFPs,true
DB01589,DB01594,CC0 1.0,0.6763,Dice similarity of ECFPs,true
DB01589,DB01594,CC0 1.0,0.6763,Dice similarity of ECFPs,true
DB00933,DB01615,CC0 1.0,0.5899,Dice similarity of ECFPs,true
DB00933,DB01615,CC0 1.0,0.5899,Dice similarity of ECFPs,true
DB00417,DB00689,CC0 1.0,0.5315,Dice similarity of ECFPs,true
DB00417,DB00689,CC0 1.0,0.5315,Dice similarity of ECFPs,true
DB00458,DB00540,CC0 1.0,0.6167,Dice similarity of ECFPs,true
DB00458,DB00540,CC0 1.0,0.6167,Dice similarity of ECFPs,true
DB00956,DB01192,CC0 1.0,0.624,Dice similarity of ECFPs,true
DB00956,DB01192,CC0 1.0,0.624,Dice similarity of ECFPs,true
DB01414,DB00689,CC0 1.0,0.7338,Dice similarity of ECFPs,true
DB01414,DB00689,CC0 1.0,0.7338,Dice similarity of ECFPs,true
DB01055,DB00135,CC0 1.0,0.5556,Dice similarity of ECFPs,true
DB01055,DB00135,CC0 1.0,0.5556,Dice similarity of ECFPs,true
DB00343,DB00508,CC0 1.0,0.527,Dice similarity of ECFPs,true
DB00343,DB00508,CC0 1.0,0.527,Dice similarity of ECFPs,true
DB01433,DB01625,CC0 1.0,0.6713,Dice similarity of ECFPs,true
DB01433,DB01625,CC0 1.0,0.6713,Dice similarity of ECFPs,true
DB00914,DB01121,CC0 1.0,0.6154,Dice similarity of ECFPs,true
DB00914,DB01121,CC0 1.0,0.6154,Dice similarity of ECFPs,true
DB01151,DB01071,CC0 1.0,0.5156,Dice similarity of ECFPs,true
DB01151,DB01071,CC0 1.0,0.5156,Dice similarity of ECFPs,true
DB00769,DB01420,CC0 1.0,0.6135,Dice similarity of ECFPs,true
DB00769,DB01420,CC0 1.0,0.6135,Dice similarity of ECFPs,true
DB00865,DB01244,CC0 1.0,0.6107,Dice similarity of ECFPs,true
DB00865,DB01244,CC0 1.0,0.6107,Dice similarity of ECFPs,true
DB00752,DB00397,CC0 1.0,0.5172,Dice similarity of ECFPs,true
DB00752,DB00397,CC0 1.0,0.5172,Dice similarity of ECFPs,true
DB00676,DB00539,CC0 1.0,0.5191,Dice similarity of ECFPs,true
DB00676,DB00539,CC0 1.0,0.5191,Dice similarity of ECFPs,true
DB00676,DB00813,CC0 1.0,0.5833,Dice similarity of ECFPs,true
DB00676,DB00813,CC0 1.0,0.5833,Dice similarity of ECFPs,true
DB00674,DB00318,CC0 1.0,0.6341,Dice similarity of ECFPs,true
DB00674,DB00318,CC0 1.0,0.6341,Dice similarity of ECFPs,true
DB08979,DB00813,CC0 1.0,0.5271,Dice similarity of ECFPs,true
DB08979,DB00813,CC0 1.0,0.5271,Dice similarity of ECFPs,true
DB00769,DB00603,CC0 1.0,0.568,Dice similarity of ECFPs,true
DB00769,DB00603,CC0 1.0,0.568,Dice similarity of ECFPs,true
DB01114,DB04890,CC0 1.0,0.5909,Dice similarity of ECFPs,true
DB01114,DB04890,CC0 1.0,0.5909,Dice similarity of ECFPs,true
DB01288,DB00867,CC0 1.0,0.6333,Dice similarity of ECFPs,true
DB01288,DB00867,CC0 1.0,0.6333,Dice similarity of ECFPs,true
DB00584,DB00178,CC0 1.0,0.8428,Dice similarity of ECFPs,true
DB00584,DB00178,CC0 1.0,0.8428,Dice similarity of ECFPs,true
DB01173,DB01075,CC0 1.0,0.8393,Dice similarity of ECFPs,true
DB01173,DB01075,CC0 1.0,0.8393,Dice similarity of ECFPs,true
DB01416,DB01415,CC0 1.0,0.6358,Dice similarity of ECFPs,true
DB01416,DB01415,CC0 1.0,0.6358,Dice similarity of ECFPs,true
DB01246,DB01608,CC0 1.0,0.5147,Dice similarity of ECFPs,true
DB01246,DB01608,CC0 1.0,0.5147,Dice similarity of ECFPs,true
DB00860,DB08971,CC0 1.0,0.6111,Dice similarity of ECFPs,true
DB00860,DB08971,CC0 1.0,0.6111,Dice similarity of ECFPs,true
DB00567,DB00833,CC0 1.0,0.9091,Dice similarity of ECFPs,true
DB00567,DB00833,CC0 1.0,0.9091,Dice similarity of ECFPs,true
DB01227,DB01433,CC0 1.0,1.0,Dice similarity of ECFPs,true
DB01227,DB01433,CC0 1.0,1.0,Dice similarity of ECFPs,true
DB00754,DB00830,CC0 1.0,0.5,Dice similarity of ECFPs,true
DB00754,DB00830,CC0 1.0,0.5,Dice similarity of ECFPs,true
DB00598,DB01288,CC0 1.0,0.5625,Dice similarity of ECFPs,true
DB00598,DB01288,CC0 1.0,0.5625,Dice similarity of ECFPs,true
DB01172,DB06696,CC0 1.0,0.7016,Dice similarity of ECFPs,true
DB01172,DB06696,CC0 1.0,0.7016,Dice similarity of ECFPs,true
DB01063,DB01622,CC0 1.0,0.7456,Dice similarity of ECFPs,true
DB01063,DB01622,CC0 1.0,0.7456,Dice similarity of ECFPs,true
DB01173,DB00676,CC0 1.0,0.5192,Dice similarity of ECFPs,true
DB01173,DB00676,CC0 1.0,0.5192,Dice similarity of ECFPs,true
DB00540,DB08998,CC0 1.0,0.5455,Dice similarity of ECFPs,true
DB00540,DB08998,CC0 1.0,0.5455,Dice similarity of ECFPs,true
DB08882,DB06203,CC0 1.0,0.5799,Dice similarity of ECFPs,true
DB08882,DB06203,CC0 1.0,0.5799,Dice similarity of ECFPs,true
DB01035,DB01233,CC0 1.0,0.6337,Dice similarity of ECFPs,true
DB01035,DB01233,CC0 1.0,0.6337,Dice similarity of ECFPs,true
DB08906,DB00838,CC0 1.0,0.5909,Dice similarity of ECFPs,true
DB08906,DB00838,CC0 1.0,0.5909,Dice similarity of ECFPs,true
DB00769,DB00351,CC0 1.0,0.5269,Dice similarity of ECFPs,true
DB00769,DB00351,CC0 1.0,0.5269,Dice similarity of ECFPs,true
DB00332,DB06701,CC0 1.0,0.5085,Dice similarity of ECFPs,true
DB00332,DB06701,CC0 1.0,0.5085,Dice similarity of ECFPs,true
DB00603,DB00959,CC0 1.0,0.5101,Dice similarity of ECFPs,true
DB00603,DB00959,CC0 1.0,0.5101,Dice similarity of ECFPs,true
DB00387,DB00383,CC0 1.0,0.6567,Dice similarity of ECFPs,true
DB00387,DB00383,CC0 1.0,0.6567,Dice similarity of ECFPs,true
DB00543,DB00475,CC0 1.0,0.528,Dice similarity of ECFPs,true
DB00543,DB00475,CC0 1.0,0.528,Dice similarity of ECFPs,true
DB01416,DB01150,CC0 1.0,0.5166,Dice similarity of ECFPs,true
DB01416,DB01150,CC0 1.0,0.5166,Dice similarity of ECFPs,true
DB01329,DB01327,CC0 1.0,0.5392,Dice similarity of ECFPs,true
DB01329,DB01327,CC0 1.0,0.5392,Dice similarity of ECFPs,true
DB01299,DB00250,CC0 1.0,0.5143,Dice similarity of ECFPs,true
DB01299,DB00250,CC0 1.0,0.5143,Dice similarity of ECFPs,true
DB04948,DB00964,CC0 1.0,0.5057,Dice similarity of ECFPs,true
DB04948,DB00964,CC0 1.0,0.5057,Dice similarity of ECFPs,true
DB00341,DB01237,CC0 1.0,0.5185,Dice similarity of ECFPs,true
DB00341,DB01237,CC0 1.0,0.5185,Dice similarity of ECFPs,true
DB01231,DB00810,CC0 1.0,0.6471,Dice similarity of ECFPs,true
DB01231,DB00810,CC0 1.0,0.6471,Dice similarity of ECFPs,true
DB01397,DB01009,CC0 1.0,0.5138,Dice similarity of ECFPs,true
DB01397,DB01009,CC0 1.0,0.5138,Dice similarity of ECFPs,true
DB01088,DB08819,CC0 1.0,0.5213,Dice similarity of ECFPs,true
DB01088,DB08819,CC0 1.0,0.5213,Dice similarity of ECFPs,true
DB01260,DB01047,CC0 1.0,0.6591,Dice similarity of ECFPs,true
DB01260,DB01047,CC0 1.0,0.6591,Dice similarity of ECFPs,true
DB01012,DB08984,CC0 1.0,0.5306,Dice similarity of ECFPs,true
DB01012,DB08984,CC0 1.0,0.5306,Dice similarity of ECFPs,true
DB00902,DB01146,CC0 1.0,0.5323,Dice similarity of ECFPs,true
DB00902,DB01146,CC0 1.0,0.5323,Dice similarity of ECFPs,true
DB00245,DB00289,CC0 1.0,0.5041,Dice similarity of ECFPs,true
DB00245,DB00289,CC0 1.0,0.5041,Dice similarity of ECFPs,true
DB00166,DB00121,CC0 1.0,0.5316,Dice similarity of ECFPs,true
DB00166,DB00121,CC0 1.0,0.5316,Dice similarity of ECFPs,true
DB01151,DB00477,CC0 1.0,0.5378,Dice similarity of ECFPs,true
DB01151,DB00477,CC0 1.0,0.5378,Dice similarity of ECFPs,true
DB00959,DB01047,CC0 1.0,0.503,Dice similarity of ECFPs,true
DB00959,DB01047,CC0 1.0,0.503,Dice similarity of ECFPs,true
DB00567,DB01140,CC0 1.0,0.8507,Dice similarity of ECFPs,true
DB00567,DB01140,CC0 1.0,0.8507,Dice similarity of ECFPs,true
DB01397,DB01250,CC0 1.0,0.5172,Dice similarity of ECFPs,true
DB01397,DB01250,CC0 1.0,0.5172,Dice similarity of ECFPs,true
DB00344,DB00564,CC0 1.0,0.6126,Dice similarity of ECFPs,true
DB00344,DB00564,CC0 1.0,0.6126,Dice similarity of ECFPs,true
DB00710,DB00630,CC0 1.0,0.6829,Dice similarity of ECFPs,true
DB00710,DB00630,CC0 1.0,0.6829,Dice similarity of ECFPs,true
DB00498,DB00812,CC0 1.0,0.5565,Dice similarity of ECFPs,true
DB00498,DB00812,CC0 1.0,0.5565,Dice similarity of ECFPs,true
DB00712,DB00573,CC0 1.0,0.7129,Dice similarity of ECFPs,true
DB00712,DB00573,CC0 1.0,0.7129,Dice similarity of ECFPs,true
DB01397,DB08797,CC0 1.0,0.5301,Dice similarity of ECFPs,true
DB01397,DB08797,CC0 1.0,0.5301,Dice similarity of ECFPs,true
DB01200,DB00320,CC0 1.0,0.595,Dice similarity of ECFPs,true
DB01200,DB00320,CC0 1.0,0.595,Dice similarity of ECFPs,true
DB00972,DB00579,CC0 1.0,0.5,Dice similarity of ECFPs,true
DB00972,DB00579,CC0 1.0,0.5,Dice similarity of ECFPs,true
DB00332,DB00572,CC0 1.0,0.7442,Dice similarity of ECFPs,true
DB00332,DB00572,CC0 1.0,0.7442,Dice similarity of ECFPs,true
DB01235,DB00117,CC0 1.0,0.5075,Dice similarity of ECFPs,true
DB01235,DB00117,CC0 1.0,0.5075,Dice similarity of ECFPs,true
DB00813,DB00708,CC0 1.0,0.6225,Dice similarity of ECFPs,true
DB00813,DB00708,CC0 1.0,0.6225,Dice similarity of ECFPs,true
DB01151,DB01246,CC0 1.0,0.5546,Dice similarity of ECFPs,true
DB01151,DB01246,CC0 1.0,0.5546,Dice similarity of ECFPs,true
DB01139,DB01326,CC0 1.0,0.5939,Dice similarity of ECFPs,true
DB01139,DB01326,CC0 1.0,0.5939,Dice similarity of ECFPs,true
DB04841,DB01430,CC0 1.0,0.6455,Dice similarity of ECFPs,true
DB04841,DB01430,CC0 1.0,0.6455,Dice similarity of ECFPs,true
DB01255,DB00168,CC0 1.0,0.6182,Dice similarity of ECFPs,true
DB01255,DB00168,CC0 1.0,0.6182,Dice similarity of ECFPs,true
DB00240,DB00860,CC0 1.0,0.7123,Dice similarity of ECFPs,true
DB00240,DB00860,CC0 1.0,0.7123,Dice similarity of ECFPs,true
DB01589,DB00404,CC0 1.0,0.6015,Dice similarity of ECFPs,true
DB01589,DB00404,CC0 1.0,0.6015,Dice similarity of ECFPs,true
DB06150,DB01299,CC0 1.0,0.7414,Dice similarity of ECFPs,true
DB06150,DB01299,CC0 1.0,0.7414,Dice similarity of ECFPs,true
DB01222,DB00240,CC0 1.0,0.6708,Dice similarity of ECFPs,true
DB01222,DB00240,CC0 1.0,0.6708,Dice similarity of ECFPs,true
DB01403,DB00726,CC0 1.0,0.6719,Dice similarity of ECFPs,true
DB01403,DB00726,CC0 1.0,0.6719,Dice similarity of ECFPs,true
DB00343,DB00777,CC0 1.0,0.5405,Dice similarity of ECFPs,true
DB00343,DB00777,CC0 1.0,0.5405,Dice similarity of ECFPs,true
DB00340,DB00933,CC0 1.0,0.5286,Dice similarity of ECFPs,true
DB00340,DB00933,CC0 1.0,0.5286,Dice similarity of ECFPs,true
DB00737,DB08954,CC0 1.0,0.5298,Dice similarity of ECFPs,true
DB00737,DB08954,CC0 1.0,0.5298,Dice similarity of ECFPs,true
DB01173,DB00539,CC0 1.0,0.5532,Dice similarity of ECFPs,true
DB01173,DB00539,CC0 1.0,0.5532,Dice similarity of ECFPs,true
DB00866,DB01214,CC0 1.0,0.5185,Dice similarity of ECFPs,true
DB00866,DB01214,CC0 1.0,0.5185,Dice similarity of ECFPs,true
DB00801,DB00546,CC0 1.0,0.6906,Dice similarity of ECFPs,true
DB00801,DB00546,CC0 1.0,0.6906,Dice similarity of ECFPs,true
DB09017,DB00897,CC0 1.0,0.7907,Dice similarity of ECFPs,true
DB09017,DB00897,CC0 1.0,0.7907,Dice similarity of ECFPs,true
DB01226,DB00565,CC0 1.0,0.7406,Dice similarity of ECFPs,true
DB01226,DB00565,CC0 1.0,0.7406,Dice similarity of ECFPs,true
DB00345,DB08981,CC0 1.0,0.5,Dice similarity of ECFPs,true
DB00345,DB08981,CC0 1.0,0.5,Dice similarity of ECFPs,true
DB01333,DB00671,CC0 1.0,0.5,Dice similarity of ECFPs,true
DB01333,DB00671,CC0 1.0,0.5,Dice similarity of ECFPs,true
DB00668,DB00388,CC0 1.0,0.7353,Dice similarity of ECFPs,true
DB00668,DB00388,CC0 1.0,0.7353,Dice similarity of ECFPs,true
DB00035,DB04894,CC0 1.0,0.5986,Dice similarity of ECFPs,true
DB00035,DB04894,CC0 1.0,0.5986,Dice similarity of ECFPs,true
DB00938,DB01001,CC0 1.0,0.5,Dice similarity of ECFPs,true
DB00938,DB01001,CC0 1.0,0.5,Dice similarity of ECFPs,true
DB01112,DB01415,CC0 1.0,0.5195,Dice similarity of ECFPs,true
DB01112,DB01415,CC0 1.0,0.5195,Dice similarity of ECFPs,true
DB01137,DB01155,CC0 1.0,0.5369,Dice similarity of ECFPs,true
DB01137,DB01155,CC0 1.0,0.5369,Dice similarity of ECFPs,true
DB00180,DB01234,CC0 1.0,0.566,Dice similarity of ECFPs,true
DB00180,DB01234,CC0 1.0,0.566,Dice similarity of ECFPs,true
DB00415,DB00567,CC0 1.0,0.7328,Dice similarity of ECFPs,true
DB00415,DB00567,CC0 1.0,0.7328,Dice similarity of ECFPs,true
DB00771,DB01231,CC0 1.0,0.5874,Dice similarity of ECFPs,true
DB00771,DB01231,CC0 1.0,0.5874,Dice similarity of ECFPs,true
DB00801,DB00690,CC0 1.0,0.6713,Dice similarity of ECFPs,true
DB00801,DB00690,CC0 1.0,0.6713,Dice similarity of ECFPs,true
DB00988,DB01235,CC0 1.0,0.6866,Dice similarity of ECFPs,true
DB00988,DB01235,CC0 1.0,0.6866,Dice similarity of ECFPs,true
DB00476,DB01091,CC0 1.0,0.5231,Dice similarity of ECFPs,true
DB00476,DB01091,CC0 1.0,0.5231,Dice similarity of ECFPs,true
DB01144,DB00232,CC0 1.0,0.5217,Dice similarity of ECFPs,true
DB01144,DB00232,CC0 1.0,0.5217,Dice similarity of ECFPs,true
DB01365,DB00780,CC0 1.0,0.6129,Dice similarity of ECFPs,true
DB01365,DB00780,CC0 1.0,0.6129,Dice similarity of ECFPs,true
DB00938,DB08957,CC0 1.0,0.5848,Dice similarity of ECFPs,true
DB00938,DB08957,CC0 1.0,0.5848,Dice similarity of ECFPs,true
DB00547,DB01234,CC0 1.0,0.8108,Dice similarity of ECFPs,true
DB00547,DB01234,CC0 1.0,0.8108,Dice similarity of ECFPs,true
DB00672,DB01120,CC0 1.0,0.5556,Dice similarity of ECFPs,true
DB00672,DB01120,CC0 1.0,0.5556,Dice similarity of ECFPs,true
DB00679,DB01071,CC0 1.0,0.5915,Dice similarity of ECFPs,true
DB00679,DB01071,CC0 1.0,0.5915,Dice similarity of ECFPs,true
DB00415,DB01140,CC0 1.0,0.5865,Dice similarity of ECFPs,true
DB00415,DB01140,CC0 1.0,0.5865,Dice similarity of ECFPs,true
DB00829,DB00475,CC0 1.0,0.6496,Dice similarity of ECFPs,true
DB00829,DB00475,CC0 1.0,0.6496,Dice similarity of ECFPs,true
DB01233,DB01161,CC0 1.0,0.6214,Dice similarity of ECFPs,true
DB01233,DB01161,CC0 1.0,0.6214,Dice similarity of ECFPs,true
DB01399,DB00945,CC0 1.0,0.6818,Dice similarity of ECFPs,true
DB01399,DB00945,CC0 1.0,0.6818,Dice similarity of ECFPs,true
DB01581,DB00891,CC0 1.0,0.7347,Dice similarity of ECFPs,true
DB01581,DB00891,CC0 1.0,0.7347,Dice similarity of ECFPs,true
DB01340,DB00731,CC0 1.0,0.5101,Dice similarity of ECFPs,true
DB01340,DB00731,CC0 1.0,0.5101,Dice similarity of ECFPs,true
DB00568,DB04841,CC0 1.0,0.7674,Dice similarity of ECFPs,true
DB00568,DB04841,CC0 1.0,0.7674,Dice similarity of ECFPs,true
DB01220,DB01045,CC0 1.0,0.8115,Dice similarity of ECFPs,true
DB01220,DB01045,CC0 1.0,0.8115,Dice similarity of ECFPs,true
DB01364,DB03255,CC0 1.0,0.566,Dice similarity of ECFPs,true
DB01364,DB03255,CC0 1.0,0.566,Dice similarity of ECFPs,true
DB00319,DB00485,CC0 1.0,0.5475,Dice similarity of ECFPs,true
DB00319,DB00485,CC0 1.0,0.5475,Dice similarity of ECFPs,true
DB01009,DB01428,CC0 1.0,0.6337,Dice similarity of ECFPs,true
DB01009,DB01428,CC0 1.0,0.6337,Dice similarity of ECFPs,true
DB00911,DB00916,CC0 1.0,0.7297,Dice similarity of ECFPs,true
DB00911,DB00916,CC0 1.0,0.7297,Dice similarity of ECFPs,true
DB00865,DB00539,CC0 1.0,0.5,Dice similarity of ECFPs,true
DB00865,DB00539,CC0 1.0,0.5,Dice similarity of ECFPs,true
DB01035,DB00281,CC0 1.0,0.5161,Dice similarity of ECFPs,true
DB01035,DB00281,CC0 1.0,0.5161,Dice similarity of ECFPs,true
DB06710,DB00700,CC0 1.0,0.5379,Dice similarity of ECFPs,true
DB06710,DB00700,CC0 1.0,0.5379,Dice similarity of ECFPs,true
DB00676,DB00812,CC0 1.0,0.531,Dice similarity of ECFPs,true
DB00676,DB00812,CC0 1.0,0.531,Dice similarity of ECFPs,true
DB01002,DB00243,CC0 1.0,0.5034,Dice similarity of ECFPs,true
DB01002,DB00243,CC0 1.0,0.5034,Dice similarity of ECFPs,true
DB00924,DB00675,CC0 1.0,0.507,Dice similarity of ECFPs,true
DB00924,DB00675,CC0 1.0,0.507,Dice similarity of ECFPs,true
DB00508,DB01622,CC0 1.0,0.6447,Dice similarity of ECFPs,true
DB00508,DB01622,CC0 1.0,0.6447,Dice similarity of ECFPs,true
DB00383,DB00376,CC0 1.0,0.6423,Dice similarity of ECFPs,true
DB00383,DB00376,CC0 1.0,0.6423,Dice similarity of ECFPs,true
DB01059,DB00779,CC0 1.0,0.5636,Dice similarity of ECFPs,true
DB01059,DB00779,CC0 1.0,0.5636,Dice similarity of ECFPs,true
DB00700,DB00421,CC0 1.0,0.6909,Dice similarity of ECFPs,true
DB00700,DB00421,CC0 1.0,0.6909,Dice similarity of ECFPs,true
DB01366,DB00221,CC0 1.0,0.6667,Dice similarity of ECFPs,true
DB01366,DB00221,CC0 1.0,0.6667,Dice similarity of ECFPs,true
DB00950,DB01501,CC0 1.0,0.596,Dice similarity of ECFPs,true
DB00950,DB01501,CC0 1.0,0.596,Dice similarity of ECFPs,true
DB09017,DB01068,CC0 1.0,0.56,Dice similarity of ECFPs,true
DB09017,DB01068,CC0 1.0,0.56,Dice similarity of ECFPs,true
DB01588,DB00690,CC0 1.0,0.662,Dice similarity of ECFPs,true
DB01588,DB00690,CC0 1.0,0.662,Dice similarity of ECFPs,true
DB04842,DB01100,CC0 1.0,0.7662,Dice similarity of ECFPs,true
DB04842,DB01100,CC0 1.0,0.7662,Dice similarity of ECFPs,true
DB00739,DB08795,CC0 1.0,0.625,Dice similarity of ECFPs,true
DB00739,DB08795,CC0 1.0,0.625,Dice similarity of ECFPs,true
DB00608,DB00690,CC0 1.0,0.5072,Dice similarity of ECFPs,true
DB00608,DB00690,CC0 1.0,0.5072,Dice similarity of ECFPs,true
DB00623,DB00433,CC0 1.0,0.7673,Dice similarity of ECFPs,true
DB00623,DB00433,CC0 1.0,0.7673,Dice similarity of ECFPs,true
DB00794,DB01437,CC0 1.0,0.6889,Dice similarity of ECFPs,true
DB00794,DB01437,CC0 1.0,0.6889,Dice similarity of ECFPs,true
DB00957,DB00304,CC0 1.0,0.5816,Dice similarity of ECFPs,true
DB00957,DB00304,CC0 1.0,0.5816,Dice similarity of ECFPs,true
DB00280,DB01625,CC0 1.0,0.7,Dice similarity of ECFPs,true
DB00280,DB01625,CC0 1.0,0.7,Dice similarity of ECFPs,true
DB01608,DB00680,CC0 1.0,0.5767,Dice similarity of ECFPs,true
DB01608,DB00680,CC0 1.0,0.5767,Dice similarity of ECFPs,true
DB08990,DB00813,CC0 1.0,0.5605,Dice similarity of ECFPs,true
DB08990,DB00813,CC0 1.0,0.5605,Dice similarity of ECFPs,true
DB01054,DB00622,CC0 1.0,0.7904,Dice similarity of ECFPs,true
DB01054,DB00622,CC0 1.0,0.7904,Dice similarity of ECFPs,true
DB01186,DB00353,CC0 1.0,0.5185,Dice similarity of ECFPs,true
DB01186,DB00353,CC0 1.0,0.5185,Dice similarity of ECFPs,true
DB01209,DB00504,CC0 1.0,0.625,Dice similarity of ECFPs,true
DB01209,DB00504,CC0 1.0,0.625,Dice similarity of ECFPs,true
DB04868,DB00619,CC0 1.0,0.6758,Dice similarity of ECFPs,true
DB04868,DB00619,CC0 1.0,0.6758,Dice similarity of ECFPs,true
DB00957,DB00294,CC0 1.0,0.6294,Dice similarity of ECFPs,true
DB00957,DB00294,CC0 1.0,0.6294,Dice similarity of ECFPs,true
DB01614,DB00477,CC0 1.0,0.864,Dice similarity of ECFPs,true
DB01614,DB00477,CC0 1.0,0.864,Dice similarity of ECFPs,true
DB01544,DB01594,CC0 1.0,0.597,Dice similarity of ECFPs,true
DB01544,DB01594,CC0 1.0,0.597,Dice similarity of ECFPs,true
DB00925,DB08799,CC0 1.0,0.595,Dice similarity of ECFPs,true
DB00925,DB08799,CC0 1.0,0.595,Dice similarity of ECFPs,true
DB00341,DB01149,CC0 1.0,0.5287,Dice similarity of ECFPs,true
DB00341,DB01149,CC0 1.0,0.5287,Dice similarity of ECFPs,true
DB06813,DB00563,CC0 1.0,0.8404,Dice similarity of ECFPs,true
DB06813,DB00563,CC0 1.0,0.8404,Dice similarity of ECFPs,true
DB00957,DB01431,CC0 1.0,0.5468,Dice similarity of ECFPs,true
DB00957,DB01431,CC0 1.0,0.5468,Dice similarity of ECFPs,true
DB00928,DB06213,CC0 1.0,0.6129,Dice similarity of ECFPs,true
DB00928,DB06213,CC0 1.0,0.6129,Dice similarity of ECFPs,true
DB01622,DB01608,CC0 1.0,0.6957,Dice similarity of ECFPs,true
DB01622,DB01608,CC0 1.0,0.6957,Dice similarity of ECFPs,true
DB01410,DB00873,CC0 1.0,0.6339,Dice similarity of ECFPs,true
DB01410,DB00873,CC0 1.0,0.6339,Dice similarity of ECFPs,true
DB00790,DB00691,CC0 1.0,0.5146,Dice similarity of ECFPs,true
DB00790,DB00691,CC0 1.0,0.5146,Dice similarity of ECFPs,true
DB01354,DB01351,CC0 1.0,0.5217,Dice similarity of ECFPs,true
DB01354,DB01351,CC0 1.0,0.5217,Dice similarity of ECFPs,true
DB00415,DB00578,CC0 1.0,0.8741,Dice similarity of ECFPs,true
DB00415,DB00578,CC0 1.0,0.8741,Dice similarity of ECFPs,true
DB01614,DB00392,CC0 1.0,0.625,Dice similarity of ECFPs,true
DB01614,DB00392,CC0 1.0,0.625,Dice similarity of ECFPs,true
DB00458,DB01242,CC0 1.0,0.8548,Dice similarity of ECFPs,true
DB00458,DB01242,CC0 1.0,0.8548,Dice similarity of ECFPs,true
DB00668,DB01235,CC0 1.0,0.5833,Dice similarity of ECFPs,true
DB00668,DB01235,CC0 1.0,0.5833,Dice similarity of ECFPs,true
DB01615,DB00477,CC0 1.0,0.6935,Dice similarity of ECFPs,true
DB01615,DB00477,CC0 1.0,0.6935,Dice similarity of ECFPs,true
DB00209,DB04843,CC0 1.0,0.7564,Dice similarity of ECFPs,true
DB00209,DB04843,CC0 1.0,0.7564,Dice similarity of ECFPs,true
DB01433,DB00280,CC0 1.0,0.5674,Dice similarity of ECFPs,true
DB01433,DB00280,CC0 1.0,0.5674,Dice similarity of ECFPs,true
DB00957,DB00396,CC0 1.0,0.5143,Dice similarity of ECFPs,true
DB00957,DB00396,CC0 1.0,0.5143,Dice similarity of ECFPs,true
DB00286,DB00655,CC0 1.0,0.8095,Dice similarity of ECFPs,true
DB00286,DB00655,CC0 1.0,0.8095,Dice similarity of ECFPs,true
DB00296,DB01002,CC0 1.0,0.9391,Dice similarity of ECFPs,true
DB00296,DB01002,CC0 1.0,0.9391,Dice similarity of ECFPs,true
DB08936,DB00748,CC0 1.0,0.5085,Dice similarity of ECFPs,true
DB08936,DB00748,CC0 1.0,0.5085,Dice similarity of ECFPs,true
DB00866,DB01297,CC0 1.0,0.6078,Dice similarity of ECFPs,true
DB00866,DB01297,CC0 1.0,0.6078,Dice similarity of ECFPs,true
DB01171,DB01393,CC0 1.0,0.5124,Dice similarity of ECFPs,true
DB01171,DB01393,CC0 1.0,0.5124,Dice similarity of ECFPs,true
DB00823,DB04839,CC0 1.0,0.5096,Dice similarity of ECFPs,true
DB00823,DB04839,CC0 1.0,0.5096,Dice similarity of ECFPs,true
DB00849,DB00754,CC0 1.0,0.5714,Dice similarity of ECFPs,true
DB00849,DB00754,CC0 1.0,0.5714,Dice similarity of ECFPs,true
DB01607,DB01147,CC0 1.0,0.6027,Dice similarity of ECFPs,true
DB01607,DB01147,CC0 1.0,0.6027,Dice similarity of ECFPs,true
DB00607,DB00417,CC0 1.0,0.7397,Dice similarity of ECFPs,true
DB00607,DB00417,CC0 1.0,0.7397,Dice similarity of ECFPs,true
DB01288,DB00135,CC0 1.0,0.5,Dice similarity of ECFPs,true
DB01288,DB00135,CC0 1.0,0.5,Dice similarity of ECFPs,true
DB00739,DB00713,CC0 1.0,0.6267,Dice similarity of ECFPs,true
DB00739,DB00713,CC0 1.0,0.6267,Dice similarity of ECFPs,true
DB00497,DB01466,CC0 1.0,0.5344,Dice similarity of ECFPs,true
DB00497,DB01466,CC0 1.0,0.5344,Dice similarity of ECFPs,true
DB00430,DB01140,CC0 1.0,0.627,Dice similarity of ECFPs,true
DB00430,DB01140,CC0 1.0,0.627,Dice similarity of ECFPs,true
DB00289,DB01036,CC0 1.0,0.5124,Dice similarity of ECFPs,true
DB00289,DB01036,CC0 1.0,0.5124,Dice similarity of ECFPs,true
DB00247,DB00589,CC0 1.0,0.625,Dice similarity of ECFPs,true
DB00247,DB00589,CC0 1.0,0.625,Dice similarity of ECFPs,true
DB00240,DB01234,CC0 1.0,0.7333,Dice similarity of ECFPs,true
DB00240,DB01234,CC0 1.0,0.7333,Dice similarity of ECFPs,true
DB00180,DB06781,CC0 1.0,0.5193,Dice similarity of ECFPs,true
DB00180,DB06781,CC0 1.0,0.5193,Dice similarity of ECFPs,true
DB00294,DB01406,CC0 1.0,0.5362,Dice similarity of ECFPs,true
DB00294,DB01406,CC0 1.0,0.5362,Dice similarity of ECFPs,true
DB00461,DB00788,CC0 1.0,0.7368,Dice similarity of ECFPs,true
DB00461,DB00788,CC0 1.0,0.7368,Dice similarity of ECFPs,true
DB00620,DB00240,CC0 1.0,0.6533,Dice similarity of ECFPs,true
DB00620,DB00240,CC0 1.0,0.6533,Dice similarity of ECFPs,true
DB00764,DB01047,CC0 1.0,0.5444,Dice similarity of ECFPs,true
DB00764,DB01047,CC0 1.0,0.5444,Dice similarity of ECFPs,true
DB00595,DB00453,CC0 1.0,0.6854,Dice similarity of ECFPs,true
DB00595,DB00453,CC0 1.0,0.6854,Dice similarity of ECFPs,true
DB00345,DB01086,CC0 1.0,0.6479,Dice similarity of ECFPs,true
DB00345,DB01086,CC0 1.0,0.6479,Dice similarity of ECFPs,true
DB01019,DB08842,CC0 1.0,0.5806,Dice similarity of ECFPs,true
DB01019,DB08842,CC0 1.0,0.5806,Dice similarity of ECFPs,true
DB01151,DB08996,CC0 1.0,0.6281,Dice similarity of ECFPs,true
DB01151,DB08996,CC0 1.0,0.6281,Dice similarity of ECFPs,true
DB00546,DB00477,CC0 1.0,0.5303,Dice similarity of ECFPs,true
DB00546,DB00477,CC0 1.0,0.5303,Dice similarity of ECFPs,true
DB00792,DB00675,CC0 1.0,0.5,Dice similarity of ECFPs,true
DB00792,DB00675,CC0 1.0,0.5,Dice similarity of ECFPs,true
DB00527,DB01161,CC0 1.0,0.5167,Dice similarity of ECFPs,true
DB00527,DB01161,CC0 1.0,0.5167,Dice similarity of ECFPs,true
DB00665,DB00348,CC0 1.0,0.5254,Dice similarity of ECFPs,true
DB00665,DB00348,CC0 1.0,0.5254,Dice similarity of ECFPs,true
DB01588,DB00801,CC0 1.0,0.8271,Dice similarity of ECFPs,true
DB01588,DB00801,CC0 1.0,0.8271,Dice similarity of ECFPs,true
DB01089,DB01180,CC0 1.0,0.8353,Dice similarity of ECFPs,true
DB01089,DB01180,CC0 1.0,0.8353,Dice similarity of ECFPs,true
DB01222,DB00764,CC0 1.0,0.5714,Dice similarity of ECFPs,true
DB01222,DB00764,CC0 1.0,0.5714,Dice similarity of ECFPs,true
DB06213,DB00194,CC0 1.0,0.687,Dice similarity of ECFPs,true
DB06213,DB00194,CC0 1.0,0.687,Dice similarity of ECFPs,true
DB00433,DB01246,CC0 1.0,0.5414,Dice similarity of ECFPs,true
DB00433,DB01246,CC0 1.0,0.5414,Dice similarity of ECFPs,true
DB08896,DB00398,CC0 1.0,0.8778,Dice similarity of ECFPs,true
DB08896,DB00398,CC0 1.0,0.8778,Dice similarity of ECFPs,true
DB00188,DB00168,CC0 1.0,0.5333,Dice similarity of ECFPs,true
DB00188,DB00168,CC0 1.0,0.5333,Dice similarity of ECFPs,true
DB01544,DB01068,CC0 1.0,0.7302,Dice similarity of ECFPs,true
DB01544,DB01068,CC0 1.0,0.7302,Dice similarity of ECFPs,true
DB00135,DB00117,CC0 1.0,0.5231,Dice similarity of ECFPs,true
DB00135,DB00117,CC0 1.0,0.5231,Dice similarity of ECFPs,true
DB00931,DB00256,CC0 1.0,0.5427,Dice similarity of ECFPs,true
DB00931,DB00256,CC0 1.0,0.5427,Dice similarity of ECFPs,true
DB01137,DB00218,CC0 1.0,0.5882,Dice similarity of ECFPs,true
DB01137,DB00218,CC0 1.0,0.5882,Dice similarity of ECFPs,true
DB00475,DB01489,CC0 1.0,0.5606,Dice similarity of ECFPs,true
DB00475,DB01489,CC0 1.0,0.5606,Dice similarity of ECFPs,true
DB00503,DB01601,CC0 1.0,0.6347,Dice similarity of ECFPs,true
DB00503,DB01601,CC0 1.0,0.6347,Dice similarity of ECFPs,true
DB01588,DB01567,CC0 1.0,0.688,Dice similarity of ECFPs,true
DB01588,DB01567,CC0 1.0,0.688,Dice similarity of ECFPs,true
DB00417,DB00739,CC0 1.0,0.6475,Dice similarity of ECFPs,true
DB00417,DB00739,CC0 1.0,0.6475,Dice similarity of ECFPs,true
DB01511,DB00310,CC0 1.0,0.5128,Dice similarity of ECFPs,true
DB01511,DB00310,CC0 1.0,0.5128,Dice similarity of ECFPs,true
DB00149,DB00134,CC0 1.0,0.5778,Dice similarity of ECFPs,true
DB00149,DB00134,CC0 1.0,0.5778,Dice similarity of ECFPs,true
DB00925,DB00675,CC0 1.0,0.5352,Dice similarity of ECFPs,true
DB00925,DB00675,CC0 1.0,0.5352,Dice similarity of ECFPs,true
DB00769,DB06710,CC0 1.0,0.6104,Dice similarity of ECFPs,true
DB00769,DB06710,CC0 1.0,0.6104,Dice similarity of ECFPs,true
DB00412,DB00204,CC0 1.0,0.5,Dice similarity of ECFPs,true
DB00412,DB00204,CC0 1.0,0.5,Dice similarity of ECFPs,true
DB00598,DB01036,CC0 1.0,0.5263,Dice similarity of ECFPs,true
DB00598,DB01036,CC0 1.0,0.5263,Dice similarity of ECFPs,true
DB00588,DB01047,CC0 1.0,0.7243,Dice similarity of ECFPs,true
DB00588,DB01047,CC0 1.0,0.7243,Dice similarity of ECFPs,true
DB01384,DB08971,CC0 1.0,0.8108,Dice similarity of ECFPs,true
DB01384,DB08971,CC0 1.0,0.8108,Dice similarity of ECFPs,true
DB00939,DB06803,CC0 1.0,0.5138,Dice similarity of ECFPs,true
DB00939,DB06803,CC0 1.0,0.5138,Dice similarity of ECFPs,true
DB08990,DB01244,CC0 1.0,0.5399,Dice similarity of ECFPs,true
DB08990,DB01244,CC0 1.0,0.5399,Dice similarity of ECFPs,true
DB01252,DB00519,CC0 1.0,0.5752,Dice similarity of ECFPs,true
DB01252,DB00519,CC0 1.0,0.5752,Dice similarity of ECFPs,true
DB01009,DB01399,CC0 1.0,0.5472,Dice similarity of ECFPs,true
DB01009,DB01399,CC0 1.0,0.5472,Dice similarity of ECFPs,true
DB01615,DB01621,CC0 1.0,0.5677,Dice similarity of ECFPs,true
DB01615,DB01621,CC0 1.0,0.5677,Dice similarity of ECFPs,true
DB01015,DB06729,CC0 1.0,0.6,Dice similarity of ECFPs,true
DB01015,DB06729,CC0 1.0,0.6,Dice similarity of ECFPs,true
DB00408,DB01623,CC0 1.0,0.5132,Dice similarity of ECFPs,true
DB00408,DB01623,CC0 1.0,0.5132,Dice similarity of ECFPs,true
DB00451,DB00509,CC0 1.0,1.0,Dice similarity of ECFPs,true
DB00451,DB00509,CC0 1.0,1.0,Dice similarity of ECFPs,true
DB00960,DB00874,CC0 1.0,0.5111,Dice similarity of ECFPs,true
DB00960,DB00874,CC0 1.0,0.5111,Dice similarity of ECFPs,true
DB00860,DB00443,CC0 1.0,0.6712,Dice similarity of ECFPs,true
DB00860,DB00443,CC0 1.0,0.6712,Dice similarity of ECFPs,true
DB01050,DB00181,CC0 1.0,0.5128,Dice similarity of ECFPs,true
DB01050,DB00181,CC0 1.0,0.5128,Dice similarity of ECFPs,true
DB00620,DB00896,CC0 1.0,0.5946,Dice similarity of ECFPs,true
DB00620,DB00896,CC0 1.0,0.5946,Dice similarity of ECFPs,true
DB00340,DB00902,CC0 1.0,0.7244,Dice similarity of ECFPs,true
DB00340,DB00902,CC0 1.0,0.7244,Dice similarity of ECFPs,true
DB01185,DB08970,CC0 1.0,0.5857,Dice similarity of ECFPs,true
DB01185,DB08970,CC0 1.0,0.5857,Dice similarity of ECFPs,true
DB01237,DB00420,CC0 1.0,0.5217,Dice similarity of ECFPs,true
DB01237,DB00420,CC0 1.0,0.5217,Dice similarity of ECFPs,true
DB00809,DB00573,CC0 1.0,0.5225,Dice similarity of ECFPs,true
DB00809,DB00573,CC0 1.0,0.5225,Dice similarity of ECFPs,true
DB08941,DB01237,CC0 1.0,0.5378,Dice similarity of ECFPs,true
DB08941,DB01237,CC0 1.0,0.5378,Dice similarity of ECFPs,true
DB00493,DB00229,CC0 1.0,0.5989,Dice similarity of ECFPs,true
DB00493,DB00229,CC0 1.0,0.5989,Dice similarity of ECFPs,true
DB00595,DB00254,CC0 1.0,0.8471,Dice similarity of ECFPs,true
DB00595,DB00254,CC0 1.0,0.8471,Dice similarity of ECFPs,true
DB00368,DB01235,CC0 1.0,0.6377,Dice similarity of ECFPs,true
DB00368,DB01235,CC0 1.0,0.6377,Dice similarity of ECFPs,true
DB08795,DB00485,CC0 1.0,0.6053,Dice similarity of ECFPs,true
DB08795,DB00485,CC0 1.0,0.6053,Dice similarity of ECFPs,true
DB00948,DB00485,CC0 1.0,0.5393,Dice similarity of ECFPs,true
DB00948,DB00485,CC0 1.0,0.5393,Dice similarity of ECFPs,true
DB01009,DB06274,CC0 1.0,0.5,Dice similarity of ECFPs,true
DB01009,DB06274,CC0 1.0,0.5,Dice similarity of ECFPs,true
DB01364,DB01365,CC0 1.0,0.5455,Dice similarity of ECFPs,true
DB01364,DB01365,CC0 1.0,0.5455,Dice similarity of ECFPs,true
DB06800,DB00497,CC0 1.0,0.6522,Dice similarity of ECFPs,true
DB06800,DB00497,CC0 1.0,0.6522,Dice similarity of ECFPs,true
DB06204,DB00388,CC0 1.0,0.5789,Dice similarity of ECFPs,true
DB06204,DB00388,CC0 1.0,0.5789,Dice similarity of ECFPs,true
DB00960,DB01064,CC0 1.0,0.5055,Dice similarity of ECFPs,true
DB00960,DB01064,CC0 1.0,0.5055,Dice similarity of ECFPs,true
DB00985,DB00745,CC0 1.0,0.5205,Dice similarity of ECFPs,true
DB00985,DB00745,CC0 1.0,0.5205,Dice similarity of ECFPs,true
DB00717,DB00304,CC0 1.0,0.6142,Dice similarity of ECFPs,true
DB00717,DB00304,CC0 1.0,0.6142,Dice similarity of ECFPs,true
DB01413,DB01212,CC0 1.0,0.6915,Dice similarity of ECFPs,true
DB01413,DB01212,CC0 1.0,0.6915,Dice similarity of ECFPs,true
DB00863,DB00585,CC0 1.0,0.7586,Dice similarity of ECFPs,true
DB00863,DB00585,CC0 1.0,0.7586,Dice similarity of ECFPs,true
DB00765,DB01050,CC0 1.0,0.5195,Dice similarity of ECFPs,true
DB00765,DB01050,CC0 1.0,0.5195,Dice similarity of ECFPs,true
DB01237,DB01620,CC0 1.0,0.6239,Dice similarity of ECFPs,true
DB01237,DB01620,CC0 1.0,0.6239,Dice similarity of ECFPs,true
DB00880,DB00774,CC0 1.0,0.5567,Dice similarity of ECFPs,true
DB00880,DB00774,CC0 1.0,0.5567,Dice similarity of ECFPs,true
DB00324,DB00838,CC0 1.0,0.6122,Dice similarity of ECFPs,true
DB00324,DB00838,CC0 1.0,0.6122,Dice similarity of ECFPs,true
DB00264,DB01297,CC0 1.0,0.7429,Dice similarity of ECFPs,true
DB00264,DB01297,CC0 1.0,0.7429,Dice similarity of ECFPs,true
DB00168,DB01576,CC0 1.0,0.5647,Dice similarity of ECFPs,true
DB00168,DB01576,CC0 1.0,0.5647,Dice similarity of ECFPs,true
DB00458,DB00934,CC0 1.0,0.5041,Dice similarity of ECFPs,true
DB00458,DB00934,CC0 1.0,0.5041,Dice similarity of ECFPs,true
DB00155,DB00151,CC0 1.0,0.5,Dice similarity of ECFPs,true
DB00155,DB00151,CC0 1.0,0.5,Dice similarity of ECFPs,true
DB00289,DB00573,CC0 1.0,0.5283,Dice similarity of ECFPs,true
DB00289,DB00573,CC0 1.0,0.5283,Dice similarity of ECFPs,true
DB00925,DB00812,CC0 1.0,0.5039,Dice similarity of ECFPs,true
DB00925,DB00812,CC0 1.0,0.5039,Dice similarity of ECFPs,true
DB00182,DB03255,CC0 1.0,0.5833,Dice similarity of ECFPs,true
DB00182,DB03255,CC0 1.0,0.5833,Dice similarity of ECFPs,true
DB00792,DB00925,CC0 1.0,0.5862,Dice similarity of ECFPs,true
DB00792,DB00925,CC0 1.0,0.5862,Dice similarity of ECFPs,true
DB01129,DB00213,CC0 1.0,0.6345,Dice similarity of ECFPs,true
DB01129,DB00213,CC0 1.0,0.6345,Dice similarity of ECFPs,true
DB01176,DB04794,CC0 1.0,0.5649,Dice similarity of ECFPs,true
DB01176,DB04794,CC0 1.0,0.5649,Dice similarity of ECFPs,true
DB00417,DB01061,CC0 1.0,0.6883,Dice similarity of ECFPs,true
DB00417,DB01061,CC0 1.0,0.6883,Dice similarity of ECFPs,true
DB00873,DB00547,CC0 1.0,0.5714,Dice similarity of ECFPs,true
DB00873,DB00547,CC0 1.0,0.5714,Dice similarity of ECFPs,true
DB01580,DB00571,CC0 1.0,0.7103,Dice similarity of ECFPs,true
DB01580,DB00571,CC0 1.0,0.7103,Dice similarity of ECFPs,true
DB01416,DB00567,CC0 1.0,0.5315,Dice similarity of ECFPs,true
DB01416,DB00567,CC0 1.0,0.5315,Dice similarity of ECFPs,true
DB01329,DB00267,CC0 1.0,0.6168,Dice similarity of ECFPs,true
DB01329,DB00267,CC0 1.0,0.6168,Dice similarity of ECFPs,true
DB08936,DB00579,CC0 1.0,0.521,Dice similarity of ECFPs,true
DB08936,DB00579,CC0 1.0,0.521,Dice similarity of ECFPs,true
DB01351,DB00312,CC0 1.0,0.7381,Dice similarity of ECFPs,true
DB01351,DB00312,CC0 1.0,0.7381,Dice similarity of ECFPs,true
DB00498,DB00564,CC0 1.0,0.5149,Dice similarity of ECFPs,true
DB00498,DB00564,CC0 1.0,0.5149,Dice similarity of ECFPs,true
DB01579,DB01463,CC0 1.0,0.5057,Dice similarity of ECFPs,true
DB01579,DB01463,CC0 1.0,0.5057,Dice similarity of ECFPs,true
DB00607,DB00485,CC0 1.0,0.6708,Dice similarity of ECFPs,true
DB00607,DB00485,CC0 1.0,0.6708,Dice similarity of ECFPs,true
DB01047,DB00838,CC0 1.0,0.6036,Dice similarity of ECFPs,true
DB01047,DB00838,CC0 1.0,0.6036,Dice similarity of ECFPs,true
DB01582,DB06150,CC0 1.0,0.7273,Dice similarity of ECFPs,true
DB01582,DB06150,CC0 1.0,0.7273,Dice similarity of ECFPs,true
DB01296,DB00194,CC0 1.0,0.5,Dice similarity of ECFPs,true
DB01296,DB00194,CC0 1.0,0.5,Dice similarity of ECFPs,true
DB00666,DB04894,CC0 1.0,0.5,Dice similarity of ECFPs,true
DB00666,DB04894,CC0 1.0,0.5,Dice similarity of ECFPs,true
DB08796,DB01063,CC0 1.0,0.5389,Dice similarity of ECFPs,true
DB08796,DB01063,CC0 1.0,0.5389,Dice similarity of ECFPs,true
DB00295,DB00854,CC0 1.0,0.5043,Dice similarity of ECFPs,true
DB00295,DB00854,CC0 1.0,0.5043,Dice similarity of ECFPs,true
DB00623,DB01624,CC0 1.0,0.6909,Dice similarity of ECFPs,true
DB00623,DB01624,CC0 1.0,0.6909,Dice similarity of ECFPs,true
DB00223,DB01234,CC0 1.0,0.8553,Dice similarity of ECFPs,true
DB00223,DB01234,CC0 1.0,0.8553,Dice similarity of ECFPs,true
DB01231,DB08799,CC0 1.0,0.5,Dice similarity of ECFPs,true
DB01231,DB08799,CC0 1.0,0.5,Dice similarity of ECFPs,true
DB00229,DB01066,CC0 1.0,0.5455,Dice similarity of ECFPs,true
DB00229,DB01066,CC0 1.0,0.5455,Dice similarity of ECFPs,true
DB04896,DB08918,CC0 1.0,1.0,Dice similarity of ECFPs,true
DB04896,DB08918,CC0 1.0,1.0,Dice similarity of ECFPs,true
DB01576,DB00191,CC0 1.0,0.6897,Dice similarity of ECFPs,true
DB01576,DB00191,CC0 1.0,0.6897,Dice similarity of ECFPs,true
DB01017,DB00618,CC0 1.0,0.7836,Dice similarity of ECFPs,true
DB01017,DB00618,CC0 1.0,0.7836,Dice similarity of ECFPs,true
DB00433,DB01615,CC0 1.0,0.5693,Dice similarity of ECFPs,true
DB00433,DB01615,CC0 1.0,0.5693,Dice similarity of ECFPs,true
DB00432,DB00495,CC0 1.0,0.6476,Dice similarity of ECFPs,true
DB00432,DB00495,CC0 1.0,0.6476,Dice similarity of ECFPs,true
DB01576,DB00217,CC0 1.0,0.5846,Dice similarity of ECFPs,true
DB01576,DB00217,CC0 1.0,0.5846,Dice similarity of ECFPs,true
DB01544,DB01215,CC0 1.0,0.5238,Dice similarity of ECFPs,true
DB01544,DB01215,CC0 1.0,0.5238,Dice similarity of ECFPs,true
DB00542,DB01340,CC0 1.0,0.6821,Dice similarity of ECFPs,true
DB00542,DB01340,CC0 1.0,0.6821,Dice similarity of ECFPs,true
DB00628,DB00363,CC0 1.0,0.5271,Dice similarity of ECFPs,true
DB00628,DB00363,CC0 1.0,0.5271,Dice similarity of ECFPs,true
DB01060,DB01607,CC0 1.0,0.7313,Dice similarity of ECFPs,true
DB01060,DB01607,CC0 1.0,0.7313,Dice similarity of ECFPs,true
DB00240,DB00547,CC0 1.0,0.5946,Dice similarity of ECFPs,true
DB00240,DB00547,CC0 1.0,0.5946,Dice similarity of ECFPs,true
DB01037,DB00780,CC0 1.0,0.5588,Dice similarity of ECFPs,true
DB01037,DB00780,CC0 1.0,0.5588,Dice similarity of ECFPs,true
DB01416,DB00923,CC0 1.0,0.5029,Dice similarity of ECFPs,true
DB01416,DB00923,CC0 1.0,0.5029,Dice similarity of ECFPs,true
DB00344,DB00434,CC0 1.0,0.5645,Dice similarity of ECFPs,true
DB00344,DB00434,CC0 1.0,0.5645,Dice similarity of ECFPs,true
DB00771,DB00647,CC0 1.0,0.5103,Dice similarity of ECFPs,true
DB00771,DB00647,CC0 1.0,0.5103,Dice similarity of ECFPs,true
DB00344,DB00540,CC0 1.0,0.5424,Dice similarity of ECFPs,true
DB00344,DB00540,CC0 1.0,0.5424,Dice similarity of ECFPs,true
DB00181,DB00672,CC0 1.0,0.5,Dice similarity of ECFPs,true
DB00181,DB00672,CC0 1.0,0.5,Dice similarity of ECFPs,true
DB00678,DB00275,CC0 1.0,0.6778,Dice similarity of ECFPs,true
DB00678,DB00275,CC0 1.0,0.6778,Dice similarity of ECFPs,true
DB00120,DB01600,CC0 1.0,0.506,Dice similarity of ECFPs,true
DB00120,DB01600,CC0 1.0,0.506,Dice similarity of ECFPs,true
DB00844,DB01183,CC0 1.0,0.6761,Dice similarity of ECFPs,true
DB00844,DB01183,CC0 1.0,0.6761,Dice similarity of ECFPs,true
DB01352,DB00474,CC0 1.0,0.6067,Dice similarity of ECFPs,true
DB01352,DB00474,CC0 1.0,0.6067,Dice similarity of ECFPs,true
DB00641,DB00227,CC0 1.0,0.8765,Dice similarity of ECFPs,true
DB00641,DB00227,CC0 1.0,0.8765,Dice similarity of ECFPs,true
DB00928,DB00131,CC0 1.0,0.6055,Dice similarity of ECFPs,true
DB00928,DB00131,CC0 1.0,0.6055,Dice similarity of ECFPs,true
DB01615,DB01242,CC0 1.0,0.5039,Dice similarity of ECFPs,true
DB01615,DB01242,CC0 1.0,0.5039,Dice similarity of ECFPs,true
DB01147,DB01604,CC0 1.0,0.5576,Dice similarity of ECFPs,true
DB01147,DB01604,CC0 1.0,0.5576,Dice similarity of ECFPs,true
DB00160,DB00145,CC0 1.0,0.5,Dice similarity of ECFPs,true
DB00160,DB00145,CC0 1.0,0.5,Dice similarity of ECFPs,true
DB01173,DB01246,CC0 1.0,0.5641,Dice similarity of ECFPs,true
DB01173,DB01246,CC0 1.0,0.5641,Dice similarity of ECFPs,true
DB01364,DB08941,CC0 1.0,0.5684,Dice similarity of ECFPs,true
DB01364,DB08941,CC0 1.0,0.5684,Dice similarity of ECFPs,true
DB01176,DB00354,CC0 1.0,0.6216,Dice similarity of ECFPs,true
DB01176,DB00354,CC0 1.0,0.6216,Dice similarity of ECFPs,true
DB00420,DB01071,CC0 1.0,0.6614,Dice similarity of ECFPs,true
DB00420,DB01071,CC0 1.0,0.6614,Dice similarity of ECFPs,true
DB01332,DB01415,CC0 1.0,0.7972,Dice similarity of ECFPs,true
DB01332,DB01415,CC0 1.0,0.7972,Dice similarity of ECFPs,true
DB01348,DB00731,CC0 1.0,0.5033,Dice similarity of ECFPs,true
DB01348,DB00731,CC0 1.0,0.5033,Dice similarity of ECFPs,true
DB01589,DB00829,CC0 1.0,0.619,Dice similarity of ECFPs,true
DB01589,DB00829,CC0 1.0,0.619,Dice similarity of ECFPs,true
DB01138,DB00812,CC0 1.0,0.7733,Dice similarity of ECFPs,true
DB01138,DB00812,CC0 1.0,0.7733,Dice similarity of ECFPs,true
DB00615,DB01045,CC0 1.0,0.7531,Dice similarity of ECFPs,true
DB00615,DB01045,CC0 1.0,0.7531,Dice similarity of ECFPs,true
DB01053,DB08795,CC0 1.0,0.791,Dice similarity of ECFPs,true
DB01053,DB08795,CC0 1.0,0.791,Dice similarity of ECFPs,true
DB06775,DB00128,CC0 1.0,0.5455,Dice similarity of ECFPs,true
DB06775,DB00128,CC0 1.0,0.5455,Dice similarity of ECFPs,true
DB00300,DB00131,CC0 1.0,0.5913,Dice similarity of ECFPs,true
DB00300,DB00131,CC0 1.0,0.5913,Dice similarity of ECFPs,true
DB06710,DB01185,CC0 1.0,0.7302,Dice similarity of ECFPs,true
DB06710,DB01185,CC0 1.0,0.7302,Dice similarity of ECFPs,true
DB01114,DB00366,CC0 1.0,0.5586,Dice similarity of ECFPs,true
DB01114,DB00366,CC0 1.0,0.5586,Dice similarity of ECFPs,true
DB01353,DB01352,CC0 1.0,0.5823,Dice similarity of ECFPs,true
DB01353,DB01352,CC0 1.0,0.5823,Dice similarity of ECFPs,true
DB00897,DB01511,CC0 1.0,0.7317,Dice similarity of ECFPs,true
DB00897,DB01511,CC0 1.0,0.7317,Dice similarity of ECFPs,true
DB00985,DB01482,CC0 1.0,0.5122,Dice similarity of ECFPs,true
DB00985,DB01482,CC0 1.0,0.5122,Dice similarity of ECFPs,true
DB01227,DB01075,CC0 1.0,0.5827,Dice similarity of ECFPs,true
DB01227,DB01075,CC0 1.0,0.5827,Dice similarity of ECFPs,true
DB09000,DB00902,CC0 1.0,0.5512,Dice similarity of ECFPs,true
DB09000,DB00902,CC0 1.0,0.5512,Dice similarity of ECFPs,true
DB01544,DB01595,CC0 1.0,0.6774,Dice similarity of ECFPs,true
DB01544,DB01595,CC0 1.0,0.6774,Dice similarity of ECFPs,true
DB00956,DB00327,CC0 1.0,0.878,Dice similarity of ECFPs,true
DB00956,DB00327,CC0 1.0,0.878,Dice similarity of ECFPs,true
DB00540,DB00192,CC0 1.0,0.5323,Dice similarity of ECFPs,true
DB00540,DB00192,CC0 1.0,0.5323,Dice similarity of ECFPs,true
DB00873,DB01234,CC0 1.0,0.5906,Dice similarity of ECFPs,true
DB00873,DB01234,CC0 1.0,0.5906,Dice similarity of ECFPs,true
DB00676,DB00252,CC0 1.0,0.5686,Dice similarity of ECFPs,true
DB00676,DB00252,CC0 1.0,0.5686,Dice similarity of ECFPs,true
DB08981,DB00573,CC0 1.0,0.5143,Dice similarity of ECFPs,true
DB08981,DB00573,CC0 1.0,0.5143,Dice similarity of ECFPs,true
DB01227,DB00333,CC0 1.0,0.8088,Dice similarity of ECFPs,true
DB01227,DB00333,CC0 1.0,0.8088,Dice similarity of ECFPs,true
DB00548,DB00139,CC0 1.0,0.6545,Dice similarity of ECFPs,true
DB00548,DB00139,CC0 1.0,0.6545,Dice similarity of ECFPs,true
DB08808,DB01210,CC0 1.0,0.6604,Dice similarity of ECFPs,true
DB08808,DB01210,CC0 1.0,0.6604,Dice similarity of ECFPs,true
DB00229,DB01326,CC0 1.0,0.6374,Dice similarity of ECFPs,true
DB00229,DB01326,CC0 1.0,0.6374,Dice similarity of ECFPs,true
DB01063,DB01608,CC0 1.0,0.7125,Dice similarity of ECFPs,true
DB01063,DB01608,CC0 1.0,0.7125,Dice similarity of ECFPs,true
DB08802,DB08801,CC0 1.0,0.5333,Dice similarity of ECFPs,true
DB08802,DB08801,CC0 1.0,0.5333,Dice similarity of ECFPs,true
DB00127,DB00375,CC0 1.0,0.5556,Dice similarity of ECFPs,true
DB00127,DB00375,CC0 1.0,0.5556,Dice similarity of ECFPs,true
DB00567,DB01604,CC0 1.0,0.6053,Dice similarity of ECFPs,true
DB00567,DB01604,CC0 1.0,0.6053,Dice similarity of ECFPs,true
DB00712,DB00682,CC0 1.0,0.5043,Dice similarity of ECFPs,true
DB00712,DB00682,CC0 1.0,0.5043,Dice similarity of ECFPs,true
DB00485,DB01602,CC0 1.0,0.5,Dice similarity of ECFPs,true
DB00485,DB01602,CC0 1.0,0.5,Dice similarity of ECFPs,true
DB01110,DB00639,CC0 1.0,0.6294,Dice similarity of ECFPs,true
DB01110,DB00639,CC0 1.0,0.6294,Dice similarity of ECFPs,true
DB00209,DB00332,CC0 1.0,0.5195,Dice similarity of ECFPs,true
DB00209,DB00332,CC0 1.0,0.5195,Dice similarity of ECFPs,true
DB08797,DB01121,CC0 1.0,0.5079,Dice similarity of ECFPs,true
DB08797,DB01121,CC0 1.0,0.5079,Dice similarity of ECFPs,true
DB00163,DB01022,CC0 1.0,0.5714,Dice similarity of ECFPs,true
DB00163,DB01022,CC0 1.0,0.5714,Dice similarity of ECFPs,true
DB00318,DB00514,CC0 1.0,0.5124,Dice similarity of ECFPs,true
DB00318,DB00514,CC0 1.0,0.5124,Dice similarity of ECFPs,true
DB01361,DB00199,CC0 1.0,0.5704,Dice similarity of ECFPs,true
DB01361,DB00199,CC0 1.0,0.5704,Dice similarity of ECFPs,true
DB01136,DB00874,CC0 1.0,0.5354,Dice similarity of ECFPs,true
DB01136,DB00874,CC0 1.0,0.5354,Dice similarity of ECFPs,true
DB00983,DB00841,CC0 1.0,0.5303,Dice similarity of ECFPs,true
DB00983,DB00841,CC0 1.0,0.5303,Dice similarity of ECFPs,true
DB06771,DB00537,CC0 1.0,0.6525,Dice similarity of ECFPs,true
DB06771,DB00537,CC0 1.0,0.6525,Dice similarity of ECFPs,true
DB01545,DB01239,CC0 1.0,0.5077,Dice similarity of ECFPs,true
DB01545,DB01239,CC0 1.0,0.5077,Dice similarity of ECFPs,true
DB00129,DB00151,CC0 1.0,0.6,Dice similarity of ECFPs,true
DB00129,DB00151,CC0 1.0,0.6,Dice similarity of ECFPs,true
DB01153,DB00639,CC0 1.0,0.64,Dice similarity of ECFPs,true
DB01153,DB00639,CC0 1.0,0.64,Dice similarity of ECFPs,true
DB00933,DB00216,CC0 1.0,0.5098,Dice similarity of ECFPs,true
DB00933,DB00216,CC0 1.0,0.5098,Dice similarity of ECFPs,true
DB00620,DB01185,CC0 1.0,0.5857,Dice similarity of ECFPs,true
DB00620,DB01185,CC0 1.0,0.5857,Dice similarity of ECFPs,true
DB01193,DB00612,CC0 1.0,0.5271,Dice similarity of ECFPs,true
DB01193,DB00612,CC0 1.0,0.5271,Dice similarity of ECFPs,true
DB01280,DB00987,CC0 1.0,0.6346,Dice similarity of ECFPs,true
DB01280,DB00987,CC0 1.0,0.6346,Dice similarity of ECFPs,true
DB00134,DB00133,CC0 1.0,0.6,Dice similarity of ECFPs,true
DB00134,DB00133,CC0 1.0,0.6,Dice similarity of ECFPs,true
DB00344,DB00934,CC0 1.0,0.6612,Dice similarity of ECFPs,true
DB00344,DB00934,CC0 1.0,0.6612,Dice similarity of ECFPs,true
DB00866,DB00612,CC0 1.0,0.5614,Dice similarity of ECFPs,true
DB00866,DB00612,CC0 1.0,0.5614,Dice similarity of ECFPs,true
DB00910,DB00136,CC0 1.0,0.6829,Dice similarity of ECFPs,true
DB00910,DB00136,CC0 1.0,0.6829,Dice similarity of ECFPs,true
DB08827,DB00950,CC0 1.0,0.5182,Dice similarity of ECFPs,true
DB08827,DB00950,CC0 1.0,0.5182,Dice similarity of ECFPs,true
DB00493,DB01331,CC0 1.0,0.5535,Dice similarity of ECFPs,true
DB00493,DB01331,CC0 1.0,0.5535,Dice similarity of ECFPs,true
DB01075,DB00835,CC0 1.0,0.5321,Dice similarity of ECFPs,true
DB01075,DB00835,CC0 1.0,0.5321,Dice similarity of ECFPs,true
DB00436,DB01021,CC0 1.0,0.56,Dice similarity of ECFPs,true
DB00436,DB01021,CC0 1.0,0.56,Dice similarity of ECFPs,true
DB04794,DB00737,CC0 1.0,0.5584,Dice similarity of ECFPs,true
DB04794,DB00737,CC0 1.0,0.5584,Dice similarity of ECFPs,true
DB00520,DB00781,CC0 1.0,0.5079,Dice similarity of ECFPs,true
DB00520,DB00781,CC0 1.0,0.5079,Dice similarity of ECFPs,true
DB01215,DB01489,CC0 1.0,0.6269,Dice similarity of ECFPs,true
DB01215,DB01489,CC0 1.0,0.6269,Dice similarity of ECFPs,true
DB00764,DB00180,CC0 1.0,0.5157,Dice similarity of ECFPs,true
DB00764,DB00180,CC0 1.0,0.5157,Dice similarity of ECFPs,true
DB00676,DB00682,CC0 1.0,0.5179,Dice similarity of ECFPs,true
DB00676,DB00682,CC0 1.0,0.5179,Dice similarity of ECFPs,true
DB00745,DB00682,CC0 1.0,0.5714,Dice similarity of ECFPs,true
DB00745,DB00682,CC0 1.0,0.5714,Dice similarity of ECFPs,true
DB00626,DB02638,CC0 1.0,0.6024,Dice similarity of ECFPs,true
DB00626,DB02638,CC0 1.0,0.6024,Dice similarity of ECFPs,true
DB00568,DB01146,CC0 1.0,0.5753,Dice similarity of ECFPs,true
DB00568,DB01146,CC0 1.0,0.5753,Dice similarity of ECFPs,true
DB00493,DB00689,CC0 1.0,0.6792,Dice similarity of ECFPs,true
DB00493,DB00689,CC0 1.0,0.6792,Dice similarity of ECFPs,true
DB00933,DB00508,CC0 1.0,0.6056,Dice similarity of ECFPs,true
DB00933,DB00508,CC0 1.0,0.6056,Dice similarity of ECFPs,true
DB01303,DB00201,CC0 1.0,0.5843,Dice similarity of ECFPs,true
DB01303,DB00201,CC0 1.0,0.5843,Dice similarity of ECFPs,true
DB00160,DB00129,CC0 1.0,0.5,Dice similarity of ECFPs,true
DB00160,DB00129,CC0 1.0,0.5,Dice similarity of ECFPs,true
DB00752,DB00830,CC0 1.0,0.6061,Dice similarity of ECFPs,true
DB00752,DB00830,CC0 1.0,0.6061,Dice similarity of ECFPs,true
DB00796,DB01609,CC0 1.0,0.5341,Dice similarity of ECFPs,true
DB00796,DB01609,CC0 1.0,0.5341,Dice similarity of ECFPs,true
DB01615,DB00831,CC0 1.0,0.5417,Dice similarity of ECFPs,true
DB01615,DB00831,CC0 1.0,0.5417,Dice similarity of ECFPs,true
DB01412,DB00806,CC0 1.0,0.5843,Dice similarity of ECFPs,true
DB01412,DB00806,CC0 1.0,0.5843,Dice similarity of ECFPs,true
DB00865,DB01577,CC0 1.0,0.5783,Dice similarity of ECFPs,true
DB00865,DB01577,CC0 1.0,0.5783,Dice similarity of ECFPs,true
DB01081,DB08990,CC0 1.0,0.5027,Dice similarity of ECFPs,true
DB01081,DB08990,CC0 1.0,0.5027,Dice similarity of ECFPs,true
DB00319,DB00833,CC0 1.0,0.5366,Dice similarity of ECFPs,true
DB00319,DB00833,CC0 1.0,0.5366,Dice similarity of ECFPs,true
DB00776,DB00192,CC0 1.0,0.521,Dice similarity of ECFPs,true
DB00776,DB00192,CC0 1.0,0.521,Dice similarity of ECFPs,true
DB01227,DB01625,CC0 1.0,0.6713,Dice similarity of ECFPs,true
DB01227,DB01625,CC0 1.0,0.6713,Dice similarity of ECFPs,true
DB01081,DB01231,CC0 1.0,0.5868,Dice similarity of ECFPs,true
DB01081,DB01231,CC0 1.0,0.5868,Dice similarity of ECFPs,true
DB01616,DB00333,CC0 1.0,0.5238,Dice similarity of ECFPs,true
DB01616,DB00333,CC0 1.0,0.5238,Dice similarity of ECFPs,true
DB06707,DB00968,CC0 1.0,0.5753,Dice similarity of ECFPs,true
DB06707,DB00968,CC0 1.0,0.5753,Dice similarity of ECFPs,true
DB00183,DB00014,CC0 1.0,0.5473,Dice similarity of ECFPs,true
DB00183,DB00014,CC0 1.0,0.5473,Dice similarity of ECFPs,true
DB00603,DB00378,CC0 1.0,0.5714,Dice similarity of ECFPs,true
DB00603,DB00378,CC0 1.0,0.5714,Dice similarity of ECFPs,true
DB01017,DB00931,CC0 1.0,0.5848,Dice similarity of ECFPs,true
DB01017,DB00931,CC0 1.0,0.5848,Dice similarity of ECFPs,true
DB01115,DB01023,CC0 1.0,0.7164,Dice similarity of ECFPs,true
DB01115,DB01023,CC0 1.0,0.7164,Dice similarity of ECFPs,true
DB04911,DB00512,CC0 1.0,0.876,Dice similarity of ECFPs,true
DB04911,DB00512,CC0 1.0,0.876,Dice similarity of ECFPs,true
DB00547,DB00588,CC0 1.0,0.5854,Dice similarity of ECFPs,true
DB00547,DB00588,CC0 1.0,0.5854,Dice similarity of ECFPs,true
DB01365,DB00217,CC0 1.0,0.6286,Dice similarity of ECFPs,true
DB01365,DB00217,CC0 1.0,0.6286,Dice similarity of ECFPs,true
DB01365,DB01576,CC0 1.0,0.623,Dice similarity of ECFPs,true
DB01365,DB01576,CC0 1.0,0.623,Dice similarity of ECFPs,true
DB01130,DB00860,CC0 1.0,0.7186,Dice similarity of ECFPs,true
DB01130,DB00860,CC0 1.0,0.7186,Dice similarity of ECFPs,true
DB00493,DB01327,CC0 1.0,0.5366,Dice similarity of ECFPs,true
DB00493,DB01327,CC0 1.0,0.5366,Dice similarity of ECFPs,true
DB00335,DB00960,CC0 1.0,0.6214,Dice similarity of ECFPs,true
DB00335,DB00960,CC0 1.0,0.6214,Dice similarity of ECFPs,true
DB01604,DB00689,CC0 1.0,0.638,Dice similarity of ECFPs,true
DB01604,DB00689,CC0 1.0,0.638,Dice similarity of ECFPs,true
DB04575,DB00717,CC0 1.0,0.6429,Dice similarity of ECFPs,true
DB04575,DB00717,CC0 1.0,0.6429,Dice similarity of ECFPs,true
DB00301,DB01604,CC0 1.0,0.503,Dice similarity of ECFPs,true
DB00301,DB01604,CC0 1.0,0.503,Dice similarity of ECFPs,true
DB00564,DB00252,CC0 1.0,0.5047,Dice similarity of ECFPs,true
DB00564,DB00252,CC0 1.0,0.5047,Dice similarity of ECFPs,true
DB00405,DB04890,CC0 1.0,0.5,Dice similarity of ECFPs,true
DB00405,DB04890,CC0 1.0,0.5,Dice similarity of ECFPs,true
DB00496,DB00913,CC0 1.0,0.5089,Dice similarity of ECFPs,true
DB00496,DB00913,CC0 1.0,0.5089,Dice similarity of ECFPs,true
DB01242,DB01142,CC0 1.0,0.5323,Dice similarity of ECFPs,true
DB01242,DB01142,CC0 1.0,0.5323,Dice similarity of ECFPs,true
DB00319,DB01326,CC0 1.0,0.5081,Dice similarity of ECFPs,true
DB00319,DB01326,CC0 1.0,0.5081,Dice similarity of ECFPs,true
DB00552,DB00928,CC0 1.0,0.52,Dice similarity of ECFPs,true
DB00552,DB00928,CC0 1.0,0.52,Dice similarity of ECFPs,true
DB01113,DB08811,CC0 1.0,0.6577,Dice similarity of ECFPs,true
DB01113,DB08811,CC0 1.0,0.6577,Dice similarity of ECFPs,true
DB00424,DB00757,CC0 1.0,0.5077,Dice similarity of ECFPs,true
DB00424,DB00757,CC0 1.0,0.5077,Dice similarity of ECFPs,true
DB04837,DB00539,CC0 1.0,0.5286,Dice similarity of ECFPs,true
DB04837,DB00539,CC0 1.0,0.5286,Dice similarity of ECFPs,true
DB00809,DB01620,CC0 1.0,0.5357,Dice similarity of ECFPs,true
DB00809,DB01620,CC0 1.0,0.5357,Dice similarity of ECFPs,true
DB00480,DB08910,CC0 1.0,0.7778,Dice similarity of ECFPs,true
DB00480,DB08910,CC0 1.0,0.7778,Dice similarity of ECFPs,true
DB00120,DB00937,CC0 1.0,0.5135,Dice similarity of ECFPs,true
DB00120,DB00937,CC0 1.0,0.5135,Dice similarity of ECFPs,true
DB00149,DB00129,CC0 1.0,0.5333,Dice similarity of ECFPs,true
DB00149,DB00129,CC0 1.0,0.5333,Dice similarity of ECFPs,true
DB04843,DB08897,CC0 1.0,0.5238,Dice similarity of ECFPs,true
DB04843,DB08897,CC0 1.0,0.5238,Dice similarity of ECFPs,true
DB08795,DB01607,CC0 1.0,0.6957,Dice similarity of ECFPs,true
DB08795,DB01607,CC0 1.0,0.6957,Dice similarity of ECFPs,true
DB00458,DB01614,CC0 1.0,0.6508,Dice similarity of ECFPs,true
DB00458,DB01614,CC0 1.0,0.6508,Dice similarity of ECFPs,true
DB00780,DB01626,CC0 1.0,0.6032,Dice similarity of ECFPs,true
DB00780,DB01626,CC0 1.0,0.6032,Dice similarity of ECFPs,true
DB00561,DB00913,CC0 1.0,0.535,Dice similarity of ECFPs,true
DB00561,DB00913,CC0 1.0,0.535,Dice similarity of ECFPs,true
DB00475,DB00231,CC0 1.0,0.6218,Dice similarity of ECFPs,true
DB00475,DB00231,CC0 1.0,0.6218,Dice similarity of ECFPs,true
DB00404,DB00408,CC0 1.0,0.5038,Dice similarity of ECFPs,true
DB00404,DB00408,CC0 1.0,0.5038,Dice similarity of ECFPs,true
DB08967,DB00420,CC0 1.0,0.5612,Dice similarity of ECFPs,true
DB08967,DB00420,CC0 1.0,0.5612,Dice similarity of ECFPs,true
DB00438,DB00493,CC0 1.0,0.7174,Dice similarity of ECFPs,true
DB00438,DB00493,CC0 1.0,0.7174,Dice similarity of ECFPs,true
DB00959,DB00846,CC0 1.0,0.586,Dice similarity of ECFPs,true
DB00959,DB00846,CC0 1.0,0.586,Dice similarity of ECFPs,true
DB00651,DB01482,CC0 1.0,0.6167,Dice similarity of ECFPs,true
DB00651,DB01482,CC0 1.0,0.6167,Dice similarity of ECFPs,true
DB04967,DB01035,CC0 1.0,0.5217,Dice similarity of ECFPs,true
DB04967,DB01035,CC0 1.0,0.5217,Dice similarity of ECFPs,true
DB06147,DB00250,CC0 1.0,0.587,Dice similarity of ECFPs,true
DB06147,DB00250,CC0 1.0,0.587,Dice similarity of ECFPs,true
DB01075,DB08996,CC0 1.0,0.547,Dice similarity of ECFPs,true
DB01075,DB08996,CC0 1.0,0.547,Dice similarity of ECFPs,true
DB08860,DB01095,CC0 1.0,0.7647,Dice similarity of ECFPs,true
DB08860,DB01095,CC0 1.0,0.7647,Dice similarity of ECFPs,true
DB00423,DB00571,CC0 1.0,0.5149,Dice similarity of ECFPs,true
DB00423,DB00571,CC0 1.0,0.5149,Dice similarity of ECFPs,true
DB00829,DB00404,CC0 1.0,0.7934,Dice similarity of ECFPs,true
DB00829,DB00404,CC0 1.0,0.7934,Dice similarity of ECFPs,true
DB00341,DB08954,CC0 1.0,0.517,Dice similarity of ECFPs,true
DB00341,DB08954,CC0 1.0,0.517,Dice similarity of ECFPs,true
DB00668,DB01001,CC0 1.0,0.65,Dice similarity of ECFPs,true
DB00668,DB01001,CC0 1.0,0.65,Dice similarity of ECFPs,true
DB06768,DB03166,CC0 1.0,0.5217,Dice similarity of ECFPs,true
DB06768,DB03166,CC0 1.0,0.5217,Dice similarity of ECFPs,true
DB00224,DB01601,CC0 1.0,0.5116,Dice similarity of ECFPs,true
DB00224,DB01601,CC0 1.0,0.5116,Dice similarity of ECFPs,true
DB00865,DB01616,CC0 1.0,0.6667,Dice similarity of ECFPs,true
DB00865,DB01616,CC0 1.0,0.6667,Dice similarity of ECFPs,true
DB01289,DB01067,CC0 1.0,0.7159,Dice similarity of ECFPs,true
DB01289,DB01067,CC0 1.0,0.7159,Dice similarity of ECFPs,true
DB01026,DB00251,CC0 1.0,0.8077,Dice similarity of ECFPs,true
DB01026,DB00251,CC0 1.0,0.8077,Dice similarity of ECFPs,true
DB00123,DB00129,CC0 1.0,0.898,Dice similarity of ECFPs,true
DB00123,DB00129,CC0 1.0,0.898,Dice similarity of ECFPs,true
DB00318,DB01466,CC0 1.0,0.9147,Dice similarity of ECFPs,true
DB00318,DB01466,CC0 1.0,0.9147,Dice similarity of ECFPs,true
DB01203,DB01210,CC0 1.0,0.7119,Dice similarity of ECFPs,true
DB01203,DB01210,CC0 1.0,0.7119,Dice similarity of ECFPs,true
DB01399,DB01428,CC0 1.0,0.5743,Dice similarity of ECFPs,true
DB01399,DB01428,CC0 1.0,0.5743,Dice similarity of ECFPs,true
DB00433,DB00341,CC0 1.0,0.5298,Dice similarity of ECFPs,true
DB00433,DB00341,CC0 1.0,0.5298,Dice similarity of ECFPs,true
DB01063,DB00831,CC0 1.0,0.7561,Dice similarity of ECFPs,true
DB01063,DB00831,CC0 1.0,0.7561,Dice similarity of ECFPs,true
DB00640,DB00194,CC0 1.0,1.0,Dice similarity of ECFPs,true
DB00640,DB00194,CC0 1.0,1.0,Dice similarity of ECFPs,true
DB00982,DB00162,CC0 1.0,0.8621,Dice similarity of ECFPs,true
DB00982,DB00162,CC0 1.0,0.8621,Dice similarity of ECFPs,true
DB09000,DB01069,CC0 1.0,0.7213,Dice similarity of ECFPs,true
DB09000,DB01069,CC0 1.0,0.7213,Dice similarity of ECFPs,true
DB00764,DB00620,CC0 1.0,0.76,Dice similarity of ECFPs,true
DB00764,DB00620,CC0 1.0,0.76,Dice similarity of ECFPs,true
DB00797,DB08799,CC0 1.0,0.6667,Dice similarity of ECFPs,true
DB00797,DB08799,CC0 1.0,0.6667,Dice similarity of ECFPs,true
DB01301,DB00254,CC0 1.0,0.6417,Dice similarity of ECFPs,true
DB01301,DB00254,CC0 1.0,0.6417,Dice similarity of ECFPs,true
DB01176,DB00745,CC0 1.0,0.6195,Dice similarity of ECFPs,true
DB01176,DB00745,CC0 1.0,0.6195,Dice similarity of ECFPs,true
DB00805,DB00680,CC0 1.0,0.5263,Dice similarity of ECFPs,true
DB00805,DB00680,CC0 1.0,0.5263,Dice similarity of ECFPs,true
DB00642,DB06813,CC0 1.0,0.623,Dice similarity of ECFPs,true
DB00642,DB06813,CC0 1.0,0.623,Dice similarity of ECFPs,true
DB01365,DB00191,CC0 1.0,0.7937,Dice similarity of ECFPs,true
DB01365,DB00191,CC0 1.0,0.7937,Dice similarity of ECFPs,true
DB00598,DB08797,CC0 1.0,0.5106,Dice similarity of ECFPs,true
DB00598,DB08797,CC0 1.0,0.5106,Dice similarity of ECFPs,true
DB00830,DB01463,CC0 1.0,0.5176,Dice similarity of ECFPs,true
DB00830,DB01463,CC0 1.0,0.5176,Dice similarity of ECFPs,true
DB00812,DB00333,CC0 1.0,0.5077,Dice similarity of ECFPs,true
DB00812,DB00333,CC0 1.0,0.5077,Dice similarity of ECFPs,true
DB06803,DB00323,CC0 1.0,0.5405,Dice similarity of ECFPs,true
DB06803,DB00323,CC0 1.0,0.5405,Dice similarity of ECFPs,true
DB00568,DB00257,CC0 1.0,0.519,Dice similarity of ECFPs,true
DB00568,DB00257,CC0 1.0,0.519,Dice similarity of ECFPs,true
DB00430,DB04570,CC0 1.0,0.6667,Dice similarity of ECFPs,true
DB00430,DB04570,CC0 1.0,0.6667,Dice similarity of ECFPs,true
DB01384,DB00741,CC0 1.0,0.5616,Dice similarity of ECFPs,true
DB01384,DB00741,CC0 1.0,0.5616,Dice similarity of ECFPs,true
DB06713,DB01357,CC0 1.0,0.5263,Dice similarity of ECFPs,true
DB06713,DB01357,CC0 1.0,0.5263,Dice similarity of ECFPs,true
DB00265,DB00937,CC0 1.0,0.5122,Dice similarity of ECFPs,true
DB00265,DB00937,CC0 1.0,0.5122,Dice similarity of ECFPs,true
DB01406,DB00635,CC0 1.0,0.507,Dice similarity of ECFPs,true
DB01406,DB00635,CC0 1.0,0.507,Dice similarity of ECFPs,true
DB01623,DB01608,CC0 1.0,0.5093,Dice similarity of ECFPs,true
DB01623,DB01608,CC0 1.0,0.5093,Dice similarity of ECFPs,true
DB00562,DB01324,CC0 1.0,0.5401,Dice similarity of ECFPs,true
DB00562,DB01324,CC0 1.0,0.5401,Dice similarity of ECFPs,true
DB01063,DB01149,CC0 1.0,0.5444,Dice similarity of ECFPs,true
DB01063,DB01149,CC0 1.0,0.5444,Dice similarity of ECFPs,true
DB00187,DB01297,CC0 1.0,0.7636,Dice similarity of ECFPs,true
DB00187,DB01297,CC0 1.0,0.7636,Dice similarity of ECFPs,true
DB00434,DB06766,CC0 1.0,0.5909,Dice similarity of ECFPs,true
DB00434,DB06766,CC0 1.0,0.5909,Dice similarity of ECFPs,true
DB00949,DB01121,CC0 1.0,0.5542,Dice similarity of ECFPs,true
DB00949,DB01121,CC0 1.0,0.5542,Dice similarity of ECFPs,true
DB00561,DB00812,CC0 1.0,0.5405,Dice similarity of ECFPs,true
DB00561,DB00812,CC0 1.0,0.5405,Dice similarity of ECFPs,true
DB00792,DB04837,CC0 1.0,0.5946,Dice similarity of ECFPs,true
DB00792,DB04837,CC0 1.0,0.5946,Dice similarity of ECFPs,true
DB00415,DB00833,CC0 1.0,0.7176,Dice similarity of ECFPs,true
DB00415,DB00833,CC0 1.0,0.7176,Dice similarity of ECFPs,true
DB00777,DB01608,CC0 1.0,0.5455,Dice similarity of ECFPs,true
DB00777,DB01608,CC0 1.0,0.5455,Dice similarity of ECFPs,true
DB09014,DB01620,CC0 1.0,0.562,Dice similarity of ECFPs,true
DB09014,DB01620,CC0 1.0,0.562,Dice similarity of ECFPs,true
DB00479,DB06696,CC0 1.0,0.8381,Dice similarity of ECFPs,true
DB00479,DB06696,CC0 1.0,0.8381,Dice similarity of ECFPs,true
DB00905,DB00917,CC0 1.0,0.5974,Dice similarity of ECFPs,true
DB00905,DB00917,CC0 1.0,0.5974,Dice similarity of ECFPs,true
DB01073,DB00171,CC0 1.0,0.7027,Dice similarity of ECFPs,true
DB01073,DB00171,CC0 1.0,0.7027,Dice similarity of ECFPs,true
DB01151,DB01069,CC0 1.0,0.5517,Dice similarity of ECFPs,true
DB01151,DB01069,CC0 1.0,0.5517,Dice similarity of ECFPs,true
DB01032,DB00721,CC0 1.0,0.5306,Dice similarity of ECFPs,true
DB01032,DB00721,CC0 1.0,0.5306,Dice similarity of ECFPs,true
DB06802,DB01600,CC0 1.0,0.6019,Dice similarity of ECFPs,true
DB06802,DB01600,CC0 1.0,0.6019,Dice similarity of ECFPs,true
DB00610,DB06262,CC0 1.0,0.5352,Dice similarity of ECFPs,true
DB00610,DB06262,CC0 1.0,0.5352,Dice similarity of ECFPs,true
DB00606,DB00562,CC0 1.0,0.5072,Dice similarity of ECFPs,true
DB00606,DB00562,CC0 1.0,0.5072,Dice similarity of ECFPs,true
DB01228,DB06594,CC0 1.0,0.5079,Dice similarity of ECFPs,true
DB01228,DB06594,CC0 1.0,0.5079,Dice similarity of ECFPs,true
DB01260,DB00873,CC0 1.0,0.7051,Dice similarity of ECFPs,true
DB01260,DB00873,CC0 1.0,0.7051,Dice similarity of ECFPs,true
DB01231,DB01146,CC0 1.0,0.5385,Dice similarity of ECFPs,true
DB01231,DB01146,CC0 1.0,0.5385,Dice similarity of ECFPs,true
DB06775,DB08835,CC0 1.0,0.6437,Dice similarity of ECFPs,true
DB06775,DB08835,CC0 1.0,0.6437,Dice similarity of ECFPs,true
DB00459,DB00982,CC0 1.0,0.6504,Dice similarity of ECFPs,true
DB00459,DB00982,CC0 1.0,0.6504,Dice similarity of ECFPs,true
DB00186,DB01068,CC0 1.0,0.6942,Dice similarity of ECFPs,true
DB00186,DB01068,CC0 1.0,0.6942,Dice similarity of ECFPs,true
DB01050,DB00489,CC0 1.0,0.5227,Dice similarity of ECFPs,true
DB01050,DB00489,CC0 1.0,0.5227,Dice similarity of ECFPs,true
DB08981,DB00991,CC0 1.0,0.6102,Dice similarity of ECFPs,true
DB08981,DB00991,CC0 1.0,0.6102,Dice similarity of ECFPs,true
DB08824,DB00907,CC0 1.0,0.5197,Dice similarity of ECFPs,true
DB08824,DB00907,CC0 1.0,0.5197,Dice similarity of ECFPs,true
DB00340,DB00370,CC0 1.0,0.5323,Dice similarity of ECFPs,true
DB00340,DB00370,CC0 1.0,0.5323,Dice similarity of ECFPs,true
DB01000,DB01061,CC0 1.0,0.5467,Dice similarity of ECFPs,true
DB01000,DB01061,CC0 1.0,0.5467,Dice similarity of ECFPs,true
DB00223,DB06781,CC0 1.0,0.6897,Dice similarity of ECFPs,true
DB00223,DB06781,CC0 1.0,0.6897,Dice similarity of ECFPs,true
DB00298,DB00734,CC0 1.0,0.5316,Dice similarity of ECFPs,true
DB00298,DB00734,CC0 1.0,0.5316,Dice similarity of ECFPs,true
DB00591,DB00547,CC0 1.0,0.6289,Dice similarity of ECFPs,true
DB00591,DB00547,CC0 1.0,0.6289,Dice similarity of ECFPs,true
DB01332,DB01212,CC0 1.0,0.7024,Dice similarity of ECFPs,true
DB01332,DB01212,CC0 1.0,0.7024,Dice similarity of ECFPs,true
DB00455,DB00967,CC0 1.0,0.7832,Dice similarity of ECFPs,true
DB00455,DB00967,CC0 1.0,0.7832,Dice similarity of ECFPs,true
DB00456,DB01414,CC0 1.0,0.806,Dice similarity of ECFPs,true
DB00456,DB01414,CC0 1.0,0.806,Dice similarity of ECFPs,true
DB09002,DB00942,CC0 1.0,0.5385,Dice similarity of ECFPs,true
DB09002,DB00942,CC0 1.0,0.5385,Dice similarity of ECFPs,true
DB00180,DB00896,CC0 1.0,0.6497,Dice similarity of ECFPs,true
DB00180,DB00896,CC0 1.0,0.6497,Dice similarity of ECFPs,true
DB00957,DB00624,CC0 1.0,0.5037,Dice similarity of ECFPs,true
DB00957,DB00624,CC0 1.0,0.5037,Dice similarity of ECFPs,true
DB00865,DB08799,CC0 1.0,0.6429,Dice similarity of ECFPs,true
DB00865,DB08799,CC0 1.0,0.6429,Dice similarity of ECFPs,true
DB00267,DB01414,CC0 1.0,0.5325,Dice similarity of ECFPs,true
DB00267,DB01414,CC0 1.0,0.5325,Dice similarity of ECFPs,true
DB00509,DB00279,CC0 1.0,0.8413,Dice similarity of ECFPs,true
DB00509,DB00279,CC0 1.0,0.8413,Dice similarity of ECFPs,true
DB08800,DB00748,CC0 1.0,0.7018,Dice similarity of ECFPs,true
DB08800,DB00748,CC0 1.0,0.7018,Dice similarity of ECFPs,true
DB01325,DB00232,CC0 1.0,0.62,Dice similarity of ECFPs,true
DB01325,DB00232,CC0 1.0,0.62,Dice similarity of ECFPs,true
DB00405,DB06691,CC0 1.0,0.5965,Dice similarity of ECFPs,true
DB00405,DB06691,CC0 1.0,0.5965,Dice similarity of ECFPs,true
DB00607,DB00713,CC0 1.0,0.7516,Dice similarity of ECFPs,true
DB00607,DB00713,CC0 1.0,0.7516,Dice similarity of ECFPs,true
DB00923,DB01212,CC0 1.0,0.5584,Dice similarity of ECFPs,true
DB00923,DB01212,CC0 1.0,0.5584,Dice similarity of ECFPs,true
DB00182,DB01037,CC0 1.0,0.6866,Dice similarity of ECFPs,true
DB00182,DB01037,CC0 1.0,0.6866,Dice similarity of ECFPs,true
DB01073,DB00987,CC0 1.0,0.5405,Dice similarity of ECFPs,true
DB01073,DB00987,CC0 1.0,0.5405,Dice similarity of ECFPs,true
DB01184,DB01621,CC0 1.0,0.5169,Dice similarity of ECFPs,true
DB01184,DB01621,CC0 1.0,0.5169,Dice similarity of ECFPs,true
DB00913,DB06274,CC0 1.0,0.5062,Dice similarity of ECFPs,true
DB00913,DB06274,CC0 1.0,0.5062,Dice similarity of ECFPs,true
DB00624,DB00783,CC0 1.0,0.6034,Dice similarity of ECFPs,true
DB00624,DB00783,CC0 1.0,0.6034,Dice similarity of ECFPs,true
DB01265,DB00649,CC0 1.0,0.6889,Dice similarity of ECFPs,true
DB01265,DB00649,CC0 1.0,0.6889,Dice similarity of ECFPs,true
DB01208,DB06771,CC0 1.0,0.5906,Dice similarity of ECFPs,true
DB01208,DB06771,CC0 1.0,0.5906,Dice similarity of ECFPs,true
DB01114,DB00477,CC0 1.0,0.5439,Dice similarity of ECFPs,true
DB01114,DB00477,CC0 1.0,0.5439,Dice similarity of ECFPs,true
DB00477,DB00392,CC0 1.0,0.6341,Dice similarity of ECFPs,true
DB00477,DB00392,CC0 1.0,0.6341,Dice similarity of ECFPs,true
DB00167,DB00161,CC0 1.0,0.7317,Dice similarity of ECFPs,true
DB00167,DB00161,CC0 1.0,0.7317,Dice similarity of ECFPs,true
DB00792,DB00420,CC0 1.0,0.5487,Dice similarity of ECFPs,true
DB00792,DB00420,CC0 1.0,0.5487,Dice similarity of ECFPs,true
DB00123,DB00134,CC0 1.0,0.6122,Dice similarity of ECFPs,true
DB00123,DB00134,CC0 1.0,0.6122,Dice similarity of ECFPs,true
DB00340,DB01619,CC0 1.0,0.5645,Dice similarity of ECFPs,true
DB00340,DB01619,CC0 1.0,0.5645,Dice similarity of ECFPs,true
DB08901,DB00619,CC0 1.0,0.6393,Dice similarity of ECFPs,true
DB08901,DB00619,CC0 1.0,0.6393,Dice similarity of ECFPs,true
DB01580,DB00335,CC0 1.0,0.6095,Dice similarity of ECFPs,true
DB01580,DB00335,CC0 1.0,0.6095,Dice similarity of ECFPs,true
DB00186,DB00310,CC0 1.0,0.521,Dice similarity of ECFPs,true
DB00186,DB00310,CC0 1.0,0.521,Dice similarity of ECFPs,true
DB06800,DB00704,CC0 1.0,0.8056,Dice similarity of ECFPs,true
DB06800,DB00704,CC0 1.0,0.8056,Dice similarity of ECFPs,true
DB00394,DB00896,CC0 1.0,0.6118,Dice similarity of ECFPs,true
DB00394,DB00896,CC0 1.0,0.6118,Dice similarity of ECFPs,true
DB00624,DB00717,CC0 1.0,0.6116,Dice similarity of ECFPs,true
DB00624,DB00717,CC0 1.0,0.6116,Dice similarity of ECFPs,true
DB01247,DB00217,CC0 1.0,0.5581,Dice similarity of ECFPs,true
DB01247,DB00217,CC0 1.0,0.5581,Dice similarity of ECFPs,true
DB00943,DB00987,CC0 1.0,0.6591,Dice similarity of ECFPs,true
DB00943,DB00987,CC0 1.0,0.6591,Dice similarity of ECFPs,true
DB00652,DB00854,CC0 1.0,0.5664,Dice similarity of ECFPs,true
DB00652,DB00854,CC0 1.0,0.5664,Dice similarity of ECFPs,true
DB00831,DB00392,CC0 1.0,0.5175,Dice similarity of ECFPs,true
DB00831,DB00392,CC0 1.0,0.5175,Dice similarity of ECFPs,true
DB00191,DB00852,CC0 1.0,0.5079,Dice similarity of ECFPs,true
DB00191,DB00852,CC0 1.0,0.5079,Dice similarity of ECFPs,true
DB00496,DB00257,CC0 1.0,0.5119,Dice similarity of ECFPs,true
DB00496,DB00257,CC0 1.0,0.5119,Dice similarity of ECFPs,true
DB00366,DB01433,CC0 1.0,0.5581,Dice similarity of ECFPs,true
DB00366,DB01433,CC0 1.0,0.5581,Dice similarity of ECFPs,true
DB08799,DB00333,CC0 1.0,0.5,Dice similarity of ECFPs,true
DB08799,DB00333,CC0 1.0,0.5,Dice similarity of ECFPs,true
DB00349,DB00231,CC0 1.0,0.6441,Dice similarity of ECFPs,true
DB00349,DB00231,CC0 1.0,0.6441,Dice similarity of ECFPs,true
DB00182,DB00168,CC0 1.0,0.5647,Dice similarity of ECFPs,true
DB00182,DB00168,CC0 1.0,0.5647,Dice similarity of ECFPs,true
DB01139,DB00671,CC0 1.0,0.525,Dice similarity of ECFPs,true
DB01139,DB00671,CC0 1.0,0.525,Dice similarity of ECFPs,true
DB00988,DB00841,CC0 1.0,0.5435,Dice similarity of ECFPs,true
DB00988,DB00841,CC0 1.0,0.5435,Dice similarity of ECFPs,true
DB01116,DB01146,CC0 1.0,0.5036,Dice similarity of ECFPs,true
DB01116,DB01146,CC0 1.0,0.5036,Dice similarity of ECFPs,true
DB06713,DB00717,CC0 1.0,0.7692,Dice similarity of ECFPs,true
DB06713,DB00717,CC0 1.0,0.7692,Dice similarity of ECFPs,true
DB09014,DB01237,CC0 1.0,0.6508,Dice similarity of ECFPs,true
DB09014,DB01237,CC0 1.0,0.6508,Dice similarity of ECFPs,true
DB00161,DB00149,CC0 1.0,0.6829,Dice similarity of ECFPs,true
DB00161,DB00149,CC0 1.0,0.6829,Dice similarity of ECFPs,true
DB00777,DB01246,CC0 1.0,0.7087,Dice similarity of ECFPs,true
DB00777,DB01246,CC0 1.0,0.7087,Dice similarity of ECFPs,true
DB01112,DB00671,CC0 1.0,0.6049,Dice similarity of ECFPs,true
DB01112,DB00671,CC0 1.0,0.6049,Dice similarity of ECFPs,true
DB00597,DB06703,CC0 1.0,0.8293,Dice similarity of ECFPs,true
DB00597,DB06703,CC0 1.0,0.8293,Dice similarity of ECFPs,true
DB01435,DB00832,CC0 1.0,0.5385,Dice similarity of ECFPs,true
DB01435,DB00832,CC0 1.0,0.5385,Dice similarity of ECFPs,true
DB00620,DB00588,CC0 1.0,0.5904,Dice similarity of ECFPs,true
DB00620,DB00588,CC0 1.0,0.5904,Dice similarity of ECFPs,true
DB00924,DB01620,CC0 1.0,0.5487,Dice similarity of ECFPs,true
DB00924,DB01620,CC0 1.0,0.5487,Dice similarity of ECFPs,true
DB00405,DB08801,CC0 1.0,0.6154,Dice similarity of ECFPs,true
DB00405,DB08801,CC0 1.0,0.6154,Dice similarity of ECFPs,true
DB00160,DB00128,CC0 1.0,0.5143,Dice similarity of ECFPs,true
DB00160,DB00128,CC0 1.0,0.5143,Dice similarity of ECFPs,true
DB01172,DB00452,CC0 1.0,0.7662,Dice similarity of ECFPs,true
DB01172,DB00452,CC0 1.0,0.7662,Dice similarity of ECFPs,true
DB00631,DB06213,CC0 1.0,0.6466,Dice similarity of ECFPs,true
DB00631,DB06213,CC0 1.0,0.6466,Dice similarity of ECFPs,true
DB00637,DB01100,CC0 1.0,0.603,Dice similarity of ECFPs,true
DB00637,DB01100,CC0 1.0,0.603,Dice similarity of ECFPs,true
DB00590,DB00346,CC0 1.0,0.5402,Dice similarity of ECFPs,true
DB00590,DB00346,CC0 1.0,0.5402,Dice similarity of ECFPs,true
DB05245,DB06150,CC0 1.0,0.5185,Dice similarity of ECFPs,true
DB05245,DB06150,CC0 1.0,0.5185,Dice similarity of ECFPs,true
DB01000,DB01147,CC0 1.0,0.5532,Dice similarity of ECFPs,true
DB01000,DB01147,CC0 1.0,0.5532,Dice similarity of ECFPs,true
DB00792,DB01620,CC0 1.0,0.7103,Dice similarity of ECFPs,true
DB00792,DB01620,CC0 1.0,0.7103,Dice similarity of ECFPs,true
DB00493,DB01413,CC0 1.0,0.7602,Dice similarity of ECFPs,true
DB00493,DB01413,CC0 1.0,0.7602,Dice similarity of ECFPs,true
DB08795,DB01060,CC0 1.0,0.7246,Dice similarity of ECFPs,true
DB08795,DB01060,CC0 1.0,0.7246,Dice similarity of ECFPs,true
DB06725,DB00469,CC0 1.0,0.8387,Dice similarity of ECFPs,true
DB06725,DB00469,CC0 1.0,0.8387,Dice similarity of ECFPs,true
DB00301,DB01607,CC0 1.0,0.5946,Dice similarity of ECFPs,true
DB00301,DB01607,CC0 1.0,0.5946,Dice similarity of ECFPs,true
DB00194,DB00171,CC0 1.0,0.7206,Dice similarity of ECFPs,true
DB00194,DB00171,CC0 1.0,0.7206,Dice similarity of ECFPs,true
DB00860,DB00838,CC0 1.0,0.5205,Dice similarity of ECFPs,true
DB00860,DB00838,CC0 1.0,0.5205,Dice similarity of ECFPs,true
DB00953,DB01065,CC0 1.0,0.5283,Dice similarity of ECFPs,true
DB00953,DB01065,CC0 1.0,0.5283,Dice similarity of ECFPs,true
DB01406,DB00717,CC0 1.0,0.6316,Dice similarity of ECFPs,true
DB01406,DB00717,CC0 1.0,0.6316,Dice similarity of ECFPs,true
DB00913,DB00836,CC0 1.0,0.5349,Dice similarity of ECFPs,true
DB00913,DB00836,CC0 1.0,0.5349,Dice similarity of ECFPs,true
DB00854,DB00514,CC0 1.0,0.8673,Dice similarity of ECFPs,true
DB00854,DB00514,CC0 1.0,0.8673,Dice similarity of ECFPs,true
DB00430,DB01330,CC0 1.0,0.5421,Dice similarity of ECFPs,true
DB00430,DB01330,CC0 1.0,0.5421,Dice similarity of ECFPs,true
DB00120,DB01121,CC0 1.0,0.6377,Dice similarity of ECFPs,true
DB00120,DB01121,CC0 1.0,0.6377,Dice similarity of ECFPs,true
DB06718,DB01108,CC0 1.0,0.5481,Dice similarity of ECFPs,true
DB06718,DB01108,CC0 1.0,0.5481,Dice similarity of ECFPs,true
DB06775,DB00143,CC0 1.0,0.5647,Dice similarity of ECFPs,true
DB06775,DB00143,CC0 1.0,0.5647,Dice similarity of ECFPs,true
DB00168,DB00584,CC0 1.0,0.5606,Dice similarity of ECFPs,true
DB00168,DB00584,CC0 1.0,0.5606,Dice similarity of ECFPs,true
DB00409,DB00391,CC0 1.0,0.7097,Dice similarity of ECFPs,true
DB00409,DB00391,CC0 1.0,0.7097,Dice similarity of ECFPs,true
DB06196,DB00014,CC0 1.0,0.5039,Dice similarity of ECFPs,true
DB06196,DB00014,CC0 1.0,0.5039,Dice similarity of ECFPs,true
DB06811,DB00815,CC0 1.0,0.7368,Dice similarity of ECFPs,true
DB06811,DB00815,CC0 1.0,0.7368,Dice similarity of ECFPs,true
DB00542,DB00519,CC0 1.0,0.5829,Dice similarity of ECFPs,true
DB00542,DB00519,CC0 1.0,0.5829,Dice similarity of ECFPs,true
DB00434,DB00902,CC0 1.0,0.5039,Dice similarity of ECFPs,true
DB00434,DB00902,CC0 1.0,0.5039,Dice similarity of ECFPs,true
DB01324,DB00232,CC0 1.0,0.8034,Dice similarity of ECFPs,true
DB01324,DB00232,CC0 1.0,0.8034,Dice similarity of ECFPs,true
DB00664,DB01382,CC0 1.0,0.5133,Dice similarity of ECFPs,true
DB00664,DB01382,CC0 1.0,0.5133,Dice similarity of ECFPs,true
DB00774,DB00232,CC0 1.0,0.5192,Dice similarity of ECFPs,true
DB00774,DB00232,CC0 1.0,0.5192,Dice similarity of ECFPs,true
DB01059,DB00817,CC0 1.0,0.5714,Dice similarity of ECFPs,true
DB01059,DB00817,CC0 1.0,0.5714,Dice similarity of ECFPs,true
DB00946,DB04837,CC0 1.0,0.5,Dice similarity of ECFPs,true
DB00946,DB04837,CC0 1.0,0.5,Dice similarity of ECFPs,true
DB01173,DB01616,CC0 1.0,0.5042,Dice similarity of ECFPs,true
DB01173,DB01616,CC0 1.0,0.5042,Dice similarity of ECFPs,true
DB01246,DB01142,CC0 1.0,0.5289,Dice similarity of ECFPs,true
DB01246,DB01142,CC0 1.0,0.5289,Dice similarity of ECFPs,true
DB00319,DB01607,CC0 1.0,0.6182,Dice similarity of ECFPs,true
DB00319,DB01607,CC0 1.0,0.6182,Dice similarity of ECFPs,true
DB00120,DB00397,CC0 1.0,0.5714,Dice similarity of ECFPs,true
DB00120,DB00397,CC0 1.0,0.5714,Dice similarity of ECFPs,true
DB00778,DB01211,CC0 1.0,0.8552,Dice similarity of ECFPs,true
DB00778,DB01211,CC0 1.0,0.8552,Dice similarity of ECFPs,true
DB00897,DB01068,CC0 1.0,0.6094,Dice similarity of ECFPs,true
DB00897,DB01068,CC0 1.0,0.6094,Dice similarity of ECFPs,true
DB00457,DB00346,CC0 1.0,0.566,Dice similarity of ECFPs,true
DB00457,DB00346,CC0 1.0,0.566,Dice similarity of ECFPs,true
DB01235,DB00968,CC0 1.0,0.7368,Dice similarity of ECFPs,true
DB01235,DB00968,CC0 1.0,0.7368,Dice similarity of ECFPs,true
DB01416,DB06590,CC0 1.0,0.5076,Dice similarity of ECFPs,true
DB01416,DB06590,CC0 1.0,0.5076,Dice similarity of ECFPs,true
DB00669,DB01065,CC0 1.0,0.5825,Dice similarity of ECFPs,true
DB00669,DB01065,CC0 1.0,0.5825,Dice similarity of ECFPs,true
DB00477,DB01071,CC0 1.0,0.5271,Dice similarity of ECFPs,true
DB00477,DB01071,CC0 1.0,0.5271,Dice similarity of ECFPs,true
DB01111,DB00781,CC0 1.0,0.7171,Dice similarity of ECFPs,true
DB01111,DB00781,CC0 1.0,0.7171,Dice similarity of ECFPs,true
DB00318,DB00327,CC0 1.0,0.6016,Dice similarity of ECFPs,true
DB00318,DB00327,CC0 1.0,0.6016,Dice similarity of ECFPs,true
DB00666,DB00014,CC0 1.0,0.8046,Dice similarity of ECFPs,true
DB00666,DB00014,CC0 1.0,0.8046,Dice similarity of ECFPs,true
DB00443,DB08971,CC0 1.0,0.5541,Dice similarity of ECFPs,true
DB00443,DB08971,CC0 1.0,0.5541,Dice similarity of ECFPs,true
DB06713,DB01431,CC0 1.0,0.5954,Dice similarity of ECFPs,true
DB06713,DB01431,CC0 1.0,0.5954,Dice similarity of ECFPs,true
DB06730,DB00717,CC0 1.0,0.7244,Dice similarity of ECFPs,true
DB06730,DB00717,CC0 1.0,0.7244,Dice similarity of ECFPs,true
DB02638,DB06663,CC0 1.0,0.5077,Dice similarity of ECFPs,true
DB02638,DB06663,CC0 1.0,0.5077,Dice similarity of ECFPs,true
DB01603,DB00578,CC0 1.0,0.6571,Dice similarity of ECFPs,true
DB01603,DB00578,CC0 1.0,0.6571,Dice similarity of ECFPs,true
DB01130,DB01380,CC0 1.0,0.5486,Dice similarity of ECFPs,true
DB01130,DB01380,CC0 1.0,0.5486,Dice similarity of ECFPs,true
DB08907,DB06292,CC0 1.0,0.6292,Dice similarity of ECFPs,true
DB08907,DB06292,CC0 1.0,0.6292,Dice similarity of ECFPs,true
DB00547,DB00288,CC0 1.0,0.6474,Dice similarity of ECFPs,true
DB00547,DB00288,CC0 1.0,0.6474,Dice similarity of ECFPs,true
DB00351,DB00741,CC0 1.0,0.5241,Dice similarity of ECFPs,true
DB00351,DB00741,CC0 1.0,0.5241,Dice similarity of ECFPs,true
DB00829,DB01068,CC0 1.0,0.5546,Dice similarity of ECFPs,true
DB00829,DB01068,CC0 1.0,0.5546,Dice similarity of ECFPs,true
DB00690,DB01215,CC0 1.0,0.5652,Dice similarity of ECFPs,true
DB00690,DB01215,CC0 1.0,0.5652,Dice similarity of ECFPs,true
DB04890,DB01146,CC0 1.0,0.5429,Dice similarity of ECFPs,true
DB04890,DB01146,CC0 1.0,0.5429,Dice similarity of ECFPs,true
DB01342,DB00275,CC0 1.0,0.5109,Dice similarity of ECFPs,true
DB01342,DB00275,CC0 1.0,0.5109,Dice similarity of ECFPs,true
DB01155,DB00218,CC0 1.0,0.6203,Dice similarity of ECFPs,true
DB01155,DB00218,CC0 1.0,0.6203,Dice similarity of ECFPs,true
DB00324,DB00663,CC0 1.0,0.6829,Dice similarity of ECFPs,true
DB00324,DB00663,CC0 1.0,0.6829,Dice similarity of ECFPs,true
DB01137,DB01059,CC0 1.0,0.5588,Dice similarity of ECFPs,true
DB01137,DB01059,CC0 1.0,0.5588,Dice similarity of ECFPs,true
DB01511,DB00231,CC0 1.0,0.569,Dice similarity of ECFPs,true
DB01511,DB00231,CC0 1.0,0.569,Dice similarity of ECFPs,true
DB04711,DB00271,CC0 1.0,0.5106,Dice similarity of ECFPs,true
DB04711,DB00271,CC0 1.0,0.5106,Dice similarity of ECFPs,true
DB01222,DB00394,CC0 1.0,0.5246,Dice similarity of ECFPs,true
DB01222,DB00394,CC0 1.0,0.5246,Dice similarity of ECFPs,true
DB08802,DB08967,CC0 1.0,0.6522,Dice similarity of ECFPs,true
DB08802,DB08967,CC0 1.0,0.6522,Dice similarity of ECFPs,true
DB01069,DB00679,CC0 1.0,0.5538,Dice similarity of ECFPs,true
DB01069,DB00679,CC0 1.0,0.5538,Dice similarity of ECFPs,true
DB08981,DB00963,CC0 1.0,0.5505,Dice similarity of ECFPs,true
DB08981,DB00963,CC0 1.0,0.5505,Dice similarity of ECFPs,true
DB00913,DB00899,CC0 1.0,0.52,Dice similarity of ECFPs,true
DB00913,DB00899,CC0 1.0,0.52,Dice similarity of ECFPs,true
DB00430,DB00833,CC0 1.0,0.5027,Dice similarity of ECFPs,true
DB00430,DB00833,CC0 1.0,0.5027,Dice similarity of ECFPs,true
DB00752,DB00832,CC0 1.0,0.5672,Dice similarity of ECFPs,true
DB00752,DB00832,CC0 1.0,0.5672,Dice similarity of ECFPs,true
DB00557,DB00341,CC0 1.0,0.8961,Dice similarity of ECFPs,true
DB00557,DB00341,CC0 1.0,0.8961,Dice similarity of ECFPs,true
DB00415,DB00301,CC0 1.0,0.6301,Dice similarity of ECFPs,true
DB00415,DB00301,CC0 1.0,0.6301,Dice similarity of ECFPs,true
DB00690,DB01567,CC0 1.0,0.8,Dice similarity of ECFPs,true
DB00690,DB01567,CC0 1.0,0.8,Dice similarity of ECFPs,true
DB00596,DB00324,CC0 1.0,0.675,Dice similarity of ECFPs,true
DB00596,DB00324,CC0 1.0,0.675,Dice similarity of ECFPs,true
DB01320,DB00745,CC0 1.0,0.5,Dice similarity of ECFPs,true
DB01320,DB00745,CC0 1.0,0.5,Dice similarity of ECFPs,true
DB01192,DB00497,CC0 1.0,0.8819,Dice similarity of ECFPs,true
DB01192,DB00497,CC0 1.0,0.8819,Dice similarity of ECFPs,true
DB00873,DB00253,CC0 1.0,0.507,Dice similarity of ECFPs,true
DB00873,DB00253,CC0 1.0,0.507,Dice similarity of ECFPs,true
DB01224,DB08796,CC0 1.0,0.6012,Dice similarity of ECFPs,true
DB01224,DB08796,CC0 1.0,0.6012,Dice similarity of ECFPs,true
DB00229,DB00535,CC0 1.0,0.5663,Dice similarity of ECFPs,true
DB00229,DB00535,CC0 1.0,0.5663,Dice similarity of ECFPs,true
DB00648,DB08936,CC0 1.0,0.5586,Dice similarity of ECFPs,true
DB00648,DB08936,CC0 1.0,0.5586,Dice similarity of ECFPs,true
DB00628,DB00186,CC0 1.0,0.7273,Dice similarity of ECFPs,true
DB00628,DB00186,CC0 1.0,0.7273,Dice similarity of ECFPs,true
DB01511,DB01215,CC0 1.0,0.5882,Dice similarity of ECFPs,true
DB01511,DB01215,CC0 1.0,0.5882,Dice similarity of ECFPs,true
DB09015,DB00741,CC0 1.0,0.5655,Dice similarity of ECFPs,true
DB09015,DB00741,CC0 1.0,0.5655,Dice similarity of ECFPs,true
DB01262,DB00640,CC0 1.0,0.5155,Dice similarity of ECFPs,true
DB01262,DB00640,CC0 1.0,0.5155,Dice similarity of ECFPs,true
DB00438,DB00689,CC0 1.0,0.5698,Dice similarity of ECFPs,true
DB00438,DB00689,CC0 1.0,0.5698,Dice similarity of ECFPs,true
DB00433,DB09000,CC0 1.0,0.5797,Dice similarity of ECFPs,true
DB00433,DB09000,CC0 1.0,0.5797,Dice similarity of ECFPs,true
DB06213,DB00171,CC0 1.0,0.5217,Dice similarity of ECFPs,true
DB06213,DB00171,CC0 1.0,0.5217,Dice similarity of ECFPs,true
DB01340,DB00691,CC0 1.0,0.5838,Dice similarity of ECFPs,true
DB01340,DB00691,CC0 1.0,0.5838,Dice similarity of ECFPs,true
DB00829,DB00683,CC0 1.0,0.6667,Dice similarity of ECFPs,true
DB00829,DB00683,CC0 1.0,0.6667,Dice similarity of ECFPs,true
DB00797,DB00191,CC0 1.0,0.5455,Dice similarity of ECFPs,true
DB00797,DB00191,CC0 1.0,0.5455,Dice similarity of ECFPs,true
DB00243,DB01295,CC0 1.0,0.5157,Dice similarity of ECFPs,true
DB00243,DB01295,CC0 1.0,0.5157,Dice similarity of ECFPs,true
DB00620,DB01234,CC0 1.0,0.92,Dice similarity of ECFPs,true
DB00620,DB01234,CC0 1.0,0.92,Dice similarity of ECFPs,true
DB01298,DB00891,CC0 1.0,0.699,Dice similarity of ECFPs,true
DB01298,DB00891,CC0 1.0,0.699,Dice similarity of ECFPs,true
DB00665,DB00499,CC0 1.0,0.6226,Dice similarity of ECFPs,true
DB00665,DB00499,CC0 1.0,0.6226,Dice similarity of ECFPs,true
DB00366,DB00865,CC0 1.0,0.5321,Dice similarity of ECFPs,true
DB00366,DB00865,CC0 1.0,0.5321,Dice similarity of ECFPs,true
DB00569,DB00407,CC0 1.0,0.6389,Dice similarity of ECFPs,true
DB00569,DB00407,CC0 1.0,0.6389,Dice similarity of ECFPs,true
DB01265,DB00322,CC0 1.0,0.8696,Dice similarity of ECFPs,true
DB01265,DB00322,CC0 1.0,0.8696,Dice similarity of ECFPs,true
DB00321,DB01620,CC0 1.0,0.531,Dice similarity of ECFPs,true
DB00321,DB01620,CC0 1.0,0.531,Dice similarity of ECFPs,true
DB00907,DB00473,CC0 1.0,0.5128,Dice similarity of ECFPs,true
DB00907,DB00473,CC0 1.0,0.5128,Dice similarity of ECFPs,true
DB01165,DB01044,CC0 1.0,0.6575,Dice similarity of ECFPs,true
DB01165,DB01044,CC0 1.0,0.6575,Dice similarity of ECFPs,true
DB00645,DB08796,CC0 1.0,0.5139,Dice similarity of ECFPs,true
DB00645,DB08796,CC0 1.0,0.5139,Dice similarity of ECFPs,true
DB00623,DB01621,CC0 1.0,0.6893,Dice similarity of ECFPs,true
DB00623,DB01621,CC0 1.0,0.6893,Dice similarity of ECFPs,true
DB04920,DB06712,CC0 1.0,0.5385,Dice similarity of ECFPs,true
DB04920,DB06712,CC0 1.0,0.5385,Dice similarity of ECFPs,true
DB00813,DB00812,CC0 1.0,0.518,Dice similarity of ECFPs,true
DB00813,DB00812,CC0 1.0,0.518,Dice similarity of ECFPs,true
DB00897,DB00475,CC0 1.0,0.5079,Dice similarity of ECFPs,true
DB00897,DB00475,CC0 1.0,0.5079,Dice similarity of ECFPs,true
DB00607,DB00319,CC0 1.0,0.6292,Dice similarity of ECFPs,true
DB00607,DB00319,CC0 1.0,0.6292,Dice similarity of ECFPs,true
DB00676,DB01121,CC0 1.0,0.506,Dice similarity of ECFPs,true
DB00676,DB01121,CC0 1.0,0.506,Dice similarity of ECFPs,true
DB00498,DB01142,CC0 1.0,0.5273,Dice similarity of ECFPs,true
DB00498,DB01142,CC0 1.0,0.5273,Dice similarity of ECFPs,true
DB06700,DB00285,CC0 1.0,0.8624,Dice similarity of ECFPs,true
DB06700,DB00285,CC0 1.0,0.8624,Dice similarity of ECFPs,true
DB00841,DB01274,CC0 1.0,0.5303,Dice similarity of ECFPs,true
DB00841,DB01274,CC0 1.0,0.5303,Dice similarity of ECFPs,true
DB00924,DB00735,CC0 1.0,0.5079,Dice similarity of ECFPs,true
DB00924,DB00735,CC0 1.0,0.5079,Dice similarity of ECFPs,true
DB00168,DB06218,CC0 1.0,0.6168,Dice similarity of ECFPs,true
DB00168,DB06218,CC0 1.0,0.6168,Dice similarity of ECFPs,true
DB01013,DB00588,CC0 1.0,0.7797,Dice similarity of ECFPs,true
DB01013,DB00588,CC0 1.0,0.7797,Dice similarity of ECFPs,true
DB00169,DB00146,CC0 1.0,0.8861,Dice similarity of ECFPs,true
DB00169,DB00146,CC0 1.0,0.8861,Dice similarity of ECFPs,true
DB01146,DB08936,CC0 1.0,0.6016,Dice similarity of ECFPs,true
DB01146,DB08936,CC0 1.0,0.6016,Dice similarity of ECFPs,true
DB01064,DB06262,CC0 1.0,0.6329,Dice similarity of ECFPs,true
DB01064,DB06262,CC0 1.0,0.6329,Dice similarity of ECFPs,true
DB00381,DB00393,CC0 1.0,0.5443,Dice similarity of ECFPs,true
DB00381,DB00393,CC0 1.0,0.5443,Dice similarity of ECFPs,true
DB01195,DB00358,CC0 1.0,0.5,Dice similarity of ECFPs,true
DB01195,DB00358,CC0 1.0,0.5,Dice similarity of ECFPs,true
DB00293,DB00563,CC0 1.0,0.6034,Dice similarity of ECFPs,true
DB00293,DB00563,CC0 1.0,0.6034,Dice similarity of ECFPs,true
DB00873,DB01185,CC0 1.0,0.5036,Dice similarity of ECFPs,true
DB00873,DB01185,CC0 1.0,0.5036,Dice similarity of ECFPs,true
DB00600,DB00676,CC0 1.0,0.6154,Dice similarity of ECFPs,true
DB00600,DB00676,CC0 1.0,0.6154,Dice similarity of ECFPs,true
DB01176,DB00865,CC0 1.0,0.5405,Dice similarity of ECFPs,true
DB01176,DB00865,CC0 1.0,0.5405,Dice similarity of ECFPs,true
DB00564,DB00751,CC0 1.0,0.5185,Dice similarity of ECFPs,true
DB00564,DB00751,CC0 1.0,0.5185,Dice similarity of ECFPs,true
DB01234,DB00394,CC0 1.0,0.6628,Dice similarity of ECFPs,true
DB01234,DB00394,CC0 1.0,0.6628,Dice similarity of ECFPs,true
DB08944,DB01433,CC0 1.0,0.5132,Dice similarity of ECFPs,true
DB08944,DB01433,CC0 1.0,0.5132,Dice similarity of ECFPs,true
DB01364,DB00397,CC0 1.0,0.7937,Dice similarity of ECFPs,true
DB01364,DB00397,CC0 1.0,0.7937,Dice similarity of ECFPs,true
DB00948,DB01602,CC0 1.0,0.6304,Dice similarity of ECFPs,true
DB00948,DB01602,CC0 1.0,0.6304,Dice similarity of ECFPs,true
DB00294,DB00977,CC0 1.0,0.5426,Dice similarity of ECFPs,true
DB00294,DB00977,CC0 1.0,0.5426,Dice similarity of ECFPs,true
DB00739,DB00754,CC0 1.0,0.5217,Dice similarity of ECFPs,true
DB00739,DB00754,CC0 1.0,0.5217,Dice similarity of ECFPs,true
DB04575,DB01357,CC0 1.0,0.8392,Dice similarity of ECFPs,true
DB04575,DB01357,CC0 1.0,0.8392,Dice similarity of ECFPs,true
DB01009,DB00729,CC0 1.0,0.5039,Dice similarity of ECFPs,true
DB01009,DB00729,CC0 1.0,0.5039,Dice similarity of ECFPs,true
DB00598,DB00192,CC0 1.0,0.5152,Dice similarity of ECFPs,true
DB00598,DB00192,CC0 1.0,0.5152,Dice similarity of ECFPs,true
DB01580,DB00264,CC0 1.0,0.6226,Dice similarity of ECFPs,true
DB01580,DB00264,CC0 1.0,0.6226,Dice similarity of ECFPs,true
DB01013,DB00860,CC0 1.0,0.5478,Dice similarity of ECFPs,true
DB01013,DB00860,CC0 1.0,0.5478,Dice similarity of ECFPs,true
DB00120,DB00150,CC0 1.0,0.6933,Dice similarity of ECFPs,true
DB00120,DB00150,CC0 1.0,0.6933,Dice similarity of ECFPs,true
DB01406,DB01108,CC0 1.0,0.5072,Dice similarity of ECFPs,true
DB01406,DB01108,CC0 1.0,0.5072,Dice similarity of ECFPs,true
DB00292,DB00809,CC0 1.0,0.5225,Dice similarity of ECFPs,true
DB00292,DB00809,CC0 1.0,0.5225,Dice similarity of ECFPs,true
DB08996,DB00726,CC0 1.0,0.624,Dice similarity of ECFPs,true
DB08996,DB00726,CC0 1.0,0.624,Dice similarity of ECFPs,true
DB00244,DB01250,CC0 1.0,0.5169,Dice similarity of ECFPs,true
DB00244,DB01250,CC0 1.0,0.5169,Dice similarity of ECFPs,true
DB00454,DB06738,CC0 1.0,0.6931,Dice similarity of ECFPs,true
DB00454,DB06738,CC0 1.0,0.6931,Dice similarity of ECFPs,true
DB01114,DB08936,CC0 1.0,0.5217,Dice similarity of ECFPs,true
DB01114,DB08936,CC0 1.0,0.5217,Dice similarity of ECFPs,true
DB00918,DB01065,CC0 1.0,0.5133,Dice similarity of ECFPs,true
DB00918,DB01065,CC0 1.0,0.5133,Dice similarity of ECFPs,true
DB01289,DB01120,CC0 1.0,0.56,Dice similarity of ECFPs,true
DB01289,DB01120,CC0 1.0,0.56,Dice similarity of ECFPs,true
DB00433,DB01184,CC0 1.0,0.5625,Dice similarity of ECFPs,true
DB00433,DB01184,CC0 1.0,0.5625,Dice similarity of ECFPs,true
DB01262,DB00249,CC0 1.0,0.6444,Dice similarity of ECFPs,true
DB01262,DB00249,CC0 1.0,0.6444,Dice similarity of ECFPs,true
DB00671,DB00689,CC0 1.0,0.5283,Dice similarity of ECFPs,true
DB00671,DB00689,CC0 1.0,0.5283,Dice similarity of ECFPs,true
DB01155,DB00487,CC0 1.0,0.5175,Dice similarity of ECFPs,true
DB01155,DB00487,CC0 1.0,0.5175,Dice similarity of ECFPs,true
DB00161,DB00230,CC0 1.0,0.5106,Dice similarity of ECFPs,true
DB00161,DB00230,CC0 1.0,0.5106,Dice similarity of ECFPs,true
DB08808,DB01291,CC0 1.0,0.5376,Dice similarity of ECFPs,true
DB08808,DB01291,CC0 1.0,0.5376,Dice similarity of ECFPs,true
DB00145,DB00513,CC0 1.0,0.5143,Dice similarity of ECFPs,true
DB00145,DB00513,CC0 1.0,0.5143,Dice similarity of ECFPs,true
DB00324,DB00741,CC0 1.0,0.5175,Dice similarity of ECFPs,true
DB00324,DB00741,CC0 1.0,0.5175,Dice similarity of ECFPs,true
DB00648,DB00639,CC0 1.0,0.5082,Dice similarity of ECFPs,true
DB00648,DB00639,CC0 1.0,0.5082,Dice similarity of ECFPs,true
DB00297,DB00243,CC0 1.0,0.5034,Dice similarity of ECFPs,true
DB00297,DB00243,CC0 1.0,0.5034,Dice similarity of ECFPs,true
DB01544,DB00349,CC0 1.0,0.5528,Dice similarity of ECFPs,true
DB01544,DB00349,CC0 1.0,0.5528,Dice similarity of ECFPs,true
DB00319,DB01604,CC0 1.0,0.6413,Dice similarity of ECFPs,true
DB00319,DB01604,CC0 1.0,0.6413,Dice similarity of ECFPs,true
DB01056,DB00297,CC0 1.0,0.5833,Dice similarity of ECFPs,true
DB01056,DB00297,CC0 1.0,0.5833,Dice similarity of ECFPs,true
DB00415,DB01333,CC0 1.0,0.5038,Dice similarity of ECFPs,true
DB00415,DB01333,CC0 1.0,0.5038,Dice similarity of ECFPs,true
DB00882,DB01616,CC0 1.0,0.5342,Dice similarity of ECFPs,true
DB00882,DB01616,CC0 1.0,0.5342,Dice similarity of ECFPs,true
DB01545,DB01594,CC0 1.0,0.6571,Dice similarity of ECFPs,true
DB01545,DB01594,CC0 1.0,0.6571,Dice similarity of ECFPs,true
DB01235,DB00150,CC0 1.0,0.557,Dice similarity of ECFPs,true
DB01235,DB00150,CC0 1.0,0.557,Dice similarity of ECFPs,true
DB00841,DB00179,CC0 1.0,0.6066,Dice similarity of ECFPs,true
DB00841,DB00179,CC0 1.0,0.6066,Dice similarity of ECFPs,true
DB00292,DB00573,CC0 1.0,0.5098,Dice similarity of ECFPs,true
DB00292,DB00573,CC0 1.0,0.5098,Dice similarity of ECFPs,true
DB00596,DB01047,CC0 1.0,0.7473,Dice similarity of ECFPs,true
DB00596,DB01047,CC0 1.0,0.7473,Dice similarity of ECFPs,true
DB06770,DB00852,CC0 1.0,0.5357,Dice similarity of ECFPs,true
DB06770,DB00852,CC0 1.0,0.5357,Dice similarity of ECFPs,true
DB00420,DB00726,CC0 1.0,0.6281,Dice similarity of ECFPs,true
DB00420,DB00726,CC0 1.0,0.6281,Dice similarity of ECFPs,true
DB01176,DB08799,CC0 1.0,0.5042,Dice similarity of ECFPs,true
DB01176,DB08799,CC0 1.0,0.5042,Dice similarity of ECFPs,true
DB08906,DB00547,CC0 1.0,0.5517,Dice similarity of ECFPs,true
DB08906,DB00547,CC0 1.0,0.5517,Dice similarity of ECFPs,true
DB05246,DB01424,CC0 1.0,0.5057,Dice similarity of ECFPs,true
DB05246,DB01424,CC0 1.0,0.5057,Dice similarity of ECFPs,true
DB00603,DB00351,CC0 1.0,0.8,Dice similarity of ECFPs,true
DB00603,DB00351,CC0 1.0,0.8,Dice similarity of ECFPs,true
DB00093,DB04894,CC0 1.0,0.6197,Dice similarity of ECFPs,true
DB00093,DB04894,CC0 1.0,0.6197,Dice similarity of ECFPs,true
DB03255,DB01121,CC0 1.0,0.5,Dice similarity of ECFPs,true
DB03255,DB01121,CC0 1.0,0.5,Dice similarity of ECFPs,true
DB06148,DB01619,CC0 1.0,0.5932,Dice similarity of ECFPs,true
DB06148,DB01619,CC0 1.0,0.5932,Dice similarity of ECFPs,true
DB01327,DB00689,CC0 1.0,0.5157,Dice similarity of ECFPs,true
DB01327,DB00689,CC0 1.0,0.5157,Dice similarity of ECFPs,true
DB01511,DB01545,CC0 1.0,0.6614,Dice similarity of ECFPs,true
DB01511,DB01545,CC0 1.0,0.6614,Dice similarity of ECFPs,true
DB00280,DB01620,CC0 1.0,0.5785,Dice similarity of ECFPs,true
DB00280,DB01620,CC0 1.0,0.5785,Dice similarity of ECFPs,true
DB00563,DB00158,CC0 1.0,0.7222,Dice similarity of ECFPs,true
DB00563,DB00158,CC0 1.0,0.7222,Dice similarity of ECFPs,true
DB08811,DB01394,CC0 1.0,0.5316,Dice similarity of ECFPs,true
DB08811,DB01394,CC0 1.0,0.5316,Dice similarity of ECFPs,true
DB00598,DB00881,CC0 1.0,0.5096,Dice similarity of ECFPs,true
DB00598,DB00881,CC0 1.0,0.5096,Dice similarity of ECFPs,true
DB01340,DB00584,CC0 1.0,0.7375,Dice similarity of ECFPs,true
DB01340,DB00584,CC0 1.0,0.7375,Dice similarity of ECFPs,true
DB06710,DB00635,CC0 1.0,0.5303,Dice similarity of ECFPs,true
DB06710,DB00635,CC0 1.0,0.5303,Dice similarity of ECFPs,true
DB02300,DB01070,CC0 1.0,0.6994,Dice similarity of ECFPs,true
DB02300,DB01070,CC0 1.0,0.6994,Dice similarity of ECFPs,true
DB00866,DB00195,CC0 1.0,0.5714,Dice similarity of ECFPs,true
DB00866,DB00195,CC0 1.0,0.5714,Dice similarity of ECFPs,true
DB00875,DB00831,CC0 1.0,0.5663,Dice similarity of ECFPs,true
DB00875,DB00831,CC0 1.0,0.5663,Dice similarity of ECFPs,true
DB04942,DB00307,CC0 1.0,0.766,Dice similarity of ECFPs,true
DB04942,DB00307,CC0 1.0,0.766,Dice similarity of ECFPs,true
DB00324,DB00547,CC0 1.0,0.6759,Dice similarity of ECFPs,true
DB00324,DB00547,CC0 1.0,0.6759,Dice similarity of ECFPs,true
DB00300,DB00194,CC0 1.0,0.5333,Dice similarity of ECFPs,true
DB00300,DB00194,CC0 1.0,0.5333,Dice similarity of ECFPs,true
DB00542,DB00813,CC0 1.0,0.5342,Dice similarity of ECFPs,true
DB00542,DB00813,CC0 1.0,0.5342,Dice similarity of ECFPs,true
DB00149,DB00133,CC0 1.0,0.6154,Dice similarity of ECFPs,true
DB00149,DB00133,CC0 1.0,0.6154,Dice similarity of ECFPs,true
DB00860,DB01185,CC0 1.0,0.5147,Dice similarity of ECFPs,true
DB00860,DB01185,CC0 1.0,0.5147,Dice similarity of ECFPs,true
DB00349,DB00829,CC0 1.0,0.7069,Dice similarity of ECFPs,true
DB00349,DB00829,CC0 1.0,0.7069,Dice similarity of ECFPs,true
DB00833,DB00578,CC0 1.0,0.6029,Dice similarity of ECFPs,true
DB00833,DB00578,CC0 1.0,0.6029,Dice similarity of ECFPs,true
DB00316,DB00135,CC0 1.0,0.5846,Dice similarity of ECFPs,true
DB00316,DB00135,CC0 1.0,0.5846,Dice similarity of ECFPs,true
DB00606,DB01021,CC0 1.0,0.6949,Dice similarity of ECFPs,true
DB00606,DB01021,CC0 1.0,0.6949,Dice similarity of ECFPs,true
DB00366,DB01142,CC0 1.0,0.5085,Dice similarity of ECFPs,true
DB00366,DB01142,CC0 1.0,0.5085,Dice similarity of ECFPs,true
DB01429,DB01616,CC0 1.0,0.6061,Dice similarity of ECFPs,true
DB01429,DB01616,CC0 1.0,0.6061,Dice similarity of ECFPs,true
DB00295,DB00327,CC0 1.0,0.7,Dice similarity of ECFPs,true
DB00295,DB00327,CC0 1.0,0.7,Dice similarity of ECFPs,true
DB00987,DB00631,CC0 1.0,0.5347,Dice similarity of ECFPs,true
DB00987,DB00631,CC0 1.0,0.5347,Dice similarity of ECFPs,true
DB00424,DB00725,CC0 1.0,0.6612,Dice similarity of ECFPs,true
DB00424,DB00725,CC0 1.0,0.6612,Dice similarity of ECFPs,true
DB00158,DB00116,CC0 1.0,0.764,Dice similarity of ECFPs,true
DB00158,DB00116,CC0 1.0,0.764,Dice similarity of ECFPs,true
DB01183,DB00327,CC0 1.0,0.6406,Dice similarity of ECFPs,true
DB01183,DB00327,CC0 1.0,0.6406,Dice similarity of ECFPs,true
DB01173,DB00726,CC0 1.0,0.55,Dice similarity of ECFPs,true
DB01173,DB00726,CC0 1.0,0.55,Dice similarity of ECFPs,true
DB00948,DB00578,CC0 1.0,0.7425,Dice similarity of ECFPs,true
DB00948,DB00578,CC0 1.0,0.7425,Dice similarity of ECFPs,true
DB08801,DB00726,CC0 1.0,0.5714,Dice similarity of ECFPs,true
DB08801,DB00726,CC0 1.0,0.5714,Dice similarity of ECFPs,true
DB00367,DB00396,CC0 1.0,0.5426,Dice similarity of ECFPs,true
DB00367,DB00396,CC0 1.0,0.5426,Dice similarity of ECFPs,true
DB01615,DB01069,CC0 1.0,0.8099,Dice similarity of ECFPs,true
DB01615,DB01069,CC0 1.0,0.8099,Dice similarity of ECFPs,true
DB00378,DB00253,CC0 1.0,0.6667,Dice similarity of ECFPs,true
DB00378,DB00253,CC0 1.0,0.6667,Dice similarity of ECFPs,true
DB08808,DB00960,CC0 1.0,0.5051,Dice similarity of ECFPs,true
DB08808,DB00960,CC0 1.0,0.5051,Dice similarity of ECFPs,true
DB00496,DB04843,CC0 1.0,0.5333,Dice similarity of ECFPs,true
DB00496,DB04843,CC0 1.0,0.5333,Dice similarity of ECFPs,true
DB00508,DB00392,CC0 1.0,0.6,Dice similarity of ECFPs,true
DB00508,DB00392,CC0 1.0,0.6,Dice similarity of ECFPs,true
DB01364,DB00852,CC0 1.0,1.0,Dice similarity of ECFPs,true
DB01364,DB00852,CC0 1.0,1.0,Dice similarity of ECFPs,true
DB01086,DB00676,CC0 1.0,0.5,Dice similarity of ECFPs,true
DB01086,DB00676,CC0 1.0,0.5,Dice similarity of ECFPs,true
DB00245,DB00572,CC0 1.0,0.6875,Dice similarity of ECFPs,true
DB00245,DB00572,CC0 1.0,0.6875,Dice similarity of ECFPs,true
DB00950,DB00813,CC0 1.0,0.5618,Dice similarity of ECFPs,true
DB00950,DB00813,CC0 1.0,0.5618,Dice similarity of ECFPs,true
DB01013,DB00324,CC0 1.0,0.6582,Dice similarity of ECFPs,true
DB01013,DB00324,CC0 1.0,0.6582,Dice similarity of ECFPs,true
DB00324,DB00443,CC0 1.0,0.7211,Dice similarity of ECFPs,true
DB00324,DB00443,CC0 1.0,0.7211,Dice similarity of ECFPs,true
DB00180,DB01384,CC0 1.0,0.8176,Dice similarity of ECFPs,true
DB00180,DB01384,CC0 1.0,0.8176,Dice similarity of ECFPs,true
DB00802,DB00813,CC0 1.0,0.5063,Dice similarity of ECFPs,true
DB00802,DB00813,CC0 1.0,0.5063,Dice similarity of ECFPs,true
DB00430,DB01329,CC0 1.0,0.795,Dice similarity of ECFPs,true
DB00430,DB01329,CC0 1.0,0.795,Dice similarity of ECFPs,true
DB01328,DB04570,CC0 1.0,0.5408,Dice similarity of ECFPs,true
DB01328,DB04570,CC0 1.0,0.5408,Dice similarity of ECFPs,true
DB00902,DB00680,CC0 1.0,0.5101,Dice similarity of ECFPs,true
DB00902,DB00680,CC0 1.0,0.5101,Dice similarity of ECFPs,true
DB00557,DB00433,CC0 1.0,0.5369,Dice similarity of ECFPs,true
DB00557,DB00433,CC0 1.0,0.5369,Dice similarity of ECFPs,true
DB01214,DB00571,CC0 1.0,0.5179,Dice similarity of ECFPs,true
DB01214,DB00571,CC0 1.0,0.5179,Dice similarity of ECFPs,true
DB00443,DB01047,CC0 1.0,0.6036,Dice similarity of ECFPs,true
DB00443,DB01047,CC0 1.0,0.6036,Dice similarity of ECFPs,true
DB00241,DB01353,CC0 1.0,0.6585,Dice similarity of ECFPs,true
DB00241,DB01353,CC0 1.0,0.6585,Dice similarity of ECFPs,true
DB01061,DB01326,CC0 1.0,0.5143,Dice similarity of ECFPs,true
DB01061,DB01326,CC0 1.0,0.5143,Dice similarity of ECFPs,true
DB08800,DB08801,CC0 1.0,0.5333,Dice similarity of ECFPs,true
DB08800,DB08801,CC0 1.0,0.5333,Dice similarity of ECFPs,true
DB01013,DB00663,CC0 1.0,0.6629,Dice similarity of ECFPs,true
DB01013,DB00663,CC0 1.0,0.6629,Dice similarity of ECFPs,true
DB01150,DB01060,CC0 1.0,0.7092,Dice similarity of ECFPs,true
DB01150,DB01060,CC0 1.0,0.7092,Dice similarity of ECFPs,true
DB01075,DB00573,CC0 1.0,0.5094,Dice similarity of ECFPs,true
DB01075,DB00573,CC0 1.0,0.5094,Dice similarity of ECFPs,true
DB00306,DB00474,CC0 1.0,0.6304,Dice similarity of ECFPs,true
DB00306,DB00474,CC0 1.0,0.6304,Dice similarity of ECFPs,true
DB00910,DB00153,CC0 1.0,0.716,Dice similarity of ECFPs,true
DB00910,DB00153,CC0 1.0,0.716,Dice similarity of ECFPs,true
DB01237,DB00675,CC0 1.0,0.5362,Dice similarity of ECFPs,true
DB01237,DB00675,CC0 1.0,0.5362,Dice similarity of ECFPs,true
DB00846,DB00860,CC0 1.0,0.5548,Dice similarity of ECFPs,true
DB00846,DB00860,CC0 1.0,0.5548,Dice similarity of ECFPs,true
DB01551,DB00514,CC0 1.0,0.5785,Dice similarity of ECFPs,true
DB01551,DB00514,CC0 1.0,0.5785,Dice similarity of ECFPs,true
DB01056,DB00961,CC0 1.0,0.6437,Dice similarity of ECFPs,true
DB01056,DB00961,CC0 1.0,0.6437,Dice similarity of ECFPs,true
DB02638,DB00093,CC0 1.0,0.8552,Dice similarity of ECFPs,true
DB02638,DB00093,CC0 1.0,0.8552,Dice similarity of ECFPs,true
DB00813,DB00836,CC0 1.0,0.5294,Dice similarity of ECFPs,true
DB00813,DB00836,CC0 1.0,0.5294,Dice similarity of ECFPs,true
DB01403,DB00680,CC0 1.0,0.5,Dice similarity of ECFPs,true
DB01403,DB00680,CC0 1.0,0.5,Dice similarity of ECFPs,true
DB00596,DB00663,CC0 1.0,0.7889,Dice similarity of ECFPs,true
DB00596,DB00663,CC0 1.0,0.7889,Dice similarity of ECFPs,true
DB01026,DB01127,CC0 1.0,0.5202,Dice similarity of ECFPs,true
DB01026,DB01127,CC0 1.0,0.5202,Dice similarity of ECFPs,true
DB06800,DB01183,CC0 1.0,0.7234,Dice similarity of ECFPs,true
DB06800,DB01183,CC0 1.0,0.7234,Dice similarity of ECFPs,true
DB01160,DB00917,CC0 1.0,0.7215,Dice similarity of ECFPs,true
DB01160,DB00917,CC0 1.0,0.7215,Dice similarity of ECFPs,true
DB01121,DB00217,CC0 1.0,0.5479,Dice similarity of ECFPs,true
DB01121,DB00217,CC0 1.0,0.5479,Dice similarity of ECFPs,true
DB00860,DB00253,CC0 1.0,0.518,Dice similarity of ECFPs,true
DB00860,DB00253,CC0 1.0,0.518,Dice similarity of ECFPs,true
DB00905,DB01240,CC0 1.0,0.5419,Dice similarity of ECFPs,true
DB00905,DB01240,CC0 1.0,0.5419,Dice similarity of ECFPs,true
DB01620,DB00682,CC0 1.0,0.5299,Dice similarity of ECFPs,true
DB01620,DB00682,CC0 1.0,0.5299,Dice similarity of ECFPs,true
DB00679,DB00392,CC0 1.0,0.5441,Dice similarity of ECFPs,true
DB00679,DB00392,CC0 1.0,0.5441,Dice similarity of ECFPs,true
DB03255,DB00191,CC0 1.0,0.56,Dice similarity of ECFPs,true
DB03255,DB00191,CC0 1.0,0.56,Dice similarity of ECFPs,true
DB00443,DB00394,CC0 1.0,0.6628,Dice similarity of ECFPs,true
DB00443,DB00394,CC0 1.0,0.6628,Dice similarity of ECFPs,true
DB00628,DB01588,CC0 1.0,0.6406,Dice similarity of ECFPs,true
DB00628,DB01588,CC0 1.0,0.6406,Dice similarity of ECFPs,true
DB01142,DB01620,CC0 1.0,0.531,Dice similarity of ECFPs,true
DB01142,DB01620,CC0 1.0,0.531,Dice similarity of ECFPs,true
DB00289,DB01075,CC0 1.0,0.6182,Dice similarity of ECFPs,true
DB00289,DB01075,CC0 1.0,0.6182,Dice similarity of ECFPs,true
DB00177,DB00275,CC0 1.0,0.5902,Dice similarity of ECFPs,true
DB00177,DB00275,CC0 1.0,0.5902,Dice similarity of ECFPs,true
DB01361,DB01321,CC0 1.0,0.5537,Dice similarity of ECFPs,true
DB01361,DB01321,CC0 1.0,0.5537,Dice similarity of ECFPs,true
DB08807,DB01182,CC0 1.0,0.5033,Dice similarity of ECFPs,true
DB08807,DB01182,CC0 1.0,0.5033,Dice similarity of ECFPs,true
DB01418,DB00682,CC0 1.0,0.8175,Dice similarity of ECFPs,true
DB01418,DB00682,CC0 1.0,0.8175,Dice similarity of ECFPs,true
DB00622,DB00393,CC0 1.0,0.7416,Dice similarity of ECFPs,true
DB00622,DB00393,CC0 1.0,0.7416,Dice similarity of ECFPs,true
DB00604,DB04946,CC0 1.0,0.581,Dice similarity of ECFPs,true
DB00604,DB04946,CC0 1.0,0.581,Dice similarity of ECFPs,true
DB00354,DB08936,CC0 1.0,0.7467,Dice similarity of ECFPs,true
DB00354,DB08936,CC0 1.0,0.7467,Dice similarity of ECFPs,true
DB00546,DB01595,CC0 1.0,0.5606,Dice similarity of ECFPs,true
DB00546,DB01595,CC0 1.0,0.5606,Dice similarity of ECFPs,true
DB01173,DB08801,CC0 1.0,0.55,Dice similarity of ECFPs,true
DB01173,DB08801,CC0 1.0,0.55,Dice similarity of ECFPs,true
DB00792,DB00280,CC0 1.0,0.5484,Dice similarity of ECFPs,true
DB00792,DB00280,CC0 1.0,0.5484,Dice similarity of ECFPs,true
DB01429,DB08799,CC0 1.0,0.5231,Dice similarity of ECFPs,true
DB01429,DB08799,CC0 1.0,0.5231,Dice similarity of ECFPs,true
DB01567,DB00579,CC0 1.0,0.5128,Dice similarity of ECFPs,true
DB01567,DB00579,CC0 1.0,0.5128,Dice similarity of ECFPs,true
DB06771,DB01155,CC0 1.0,0.6225,Dice similarity of ECFPs,true
DB06771,DB01155,CC0 1.0,0.6225,Dice similarity of ECFPs,true
DB08967,DB00777,CC0 1.0,0.7432,Dice similarity of ECFPs,true
DB08967,DB00777,CC0 1.0,0.7432,Dice similarity of ECFPs,true
DB00843,DB00691,CC0 1.0,0.5414,Dice similarity of ECFPs,true
DB00843,DB00691,CC0 1.0,0.5414,Dice similarity of ECFPs,true
DB01000,DB01603,CC0 1.0,0.5909,Dice similarity of ECFPs,true
DB01000,DB01603,CC0 1.0,0.5909,Dice similarity of ECFPs,true
DB01330,DB01328,CC0 1.0,0.5155,Dice similarity of ECFPs,true
DB01330,DB01328,CC0 1.0,0.5155,Dice similarity of ECFPs,true
DB01576,DB00780,CC0 1.0,0.6667,Dice similarity of ECFPs,true
DB01576,DB00780,CC0 1.0,0.6667,Dice similarity of ECFPs,true
DB01582,DB00250,CC0 1.0,0.5455,Dice similarity of ECFPs,true
DB01582,DB00250,CC0 1.0,0.5455,Dice similarity of ECFPs,true
DB01511,DB01239,CC0 1.0,0.5299,Dice similarity of ECFPs,true
DB01511,DB01239,CC0 1.0,0.5299,Dice similarity of ECFPs,true
DB00933,DB01246,CC0 1.0,0.5481,Dice similarity of ECFPs,true
DB00933,DB01246,CC0 1.0,0.5481,Dice similarity of ECFPs,true
DB01054,DB00401,CC0 1.0,0.7586,Dice similarity of ECFPs,true
DB01054,DB00401,CC0 1.0,0.7586,Dice similarity of ECFPs,true
DB00297,DB00961,CC0 1.0,0.8257,Dice similarity of ECFPs,true
DB00297,DB00961,CC0 1.0,0.8257,Dice similarity of ECFPs,true
DB00492,DB00519,CC0 1.0,0.6327,Dice similarity of ECFPs,true
DB00492,DB00519,CC0 1.0,0.6327,Dice similarity of ECFPs,true
DB00324,DB06781,CC0 1.0,0.6982,Dice similarity of ECFPs,true
DB00324,DB06781,CC0 1.0,0.6982,Dice similarity of ECFPs,true
DB01437,DB00832,CC0 1.0,0.5238,Dice similarity of ECFPs,true
DB01437,DB00832,CC0 1.0,0.5238,Dice similarity of ECFPs,true
DB00764,DB00959,CC0 1.0,0.5946,Dice similarity of ECFPs,true
DB00764,DB00959,CC0 1.0,0.5946,Dice similarity of ECFPs,true
DB01406,DB00396,CC0 1.0,0.5481,Dice similarity of ECFPs,true
DB01406,DB00396,CC0 1.0,0.5481,Dice similarity of ECFPs,true
DB00319,DB01147,CC0 1.0,0.5989,Dice similarity of ECFPs,true
DB00319,DB01147,CC0 1.0,0.5989,Dice similarity of ECFPs,true
DB00860,DB00990,CC0 1.0,0.5606,Dice similarity of ECFPs,true
DB00860,DB00990,CC0 1.0,0.5606,Dice similarity of ECFPs,true
DB00335,DB00489,CC0 1.0,0.52,Dice similarity of ECFPs,true
DB00335,DB00489,CC0 1.0,0.52,Dice similarity of ECFPs,true
DB08906,DB00223,CC0 1.0,0.7303,Dice similarity of ECFPs,true
DB08906,DB00223,CC0 1.0,0.7303,Dice similarity of ECFPs,true
DB01081,DB00568,CC0 1.0,0.5574,Dice similarity of ECFPs,true
DB01081,DB00568,CC0 1.0,0.5574,Dice similarity of ECFPs,true
DB00396,DB00687,CC0 1.0,0.5839,Dice similarity of ECFPs,true
DB00396,DB00687,CC0 1.0,0.5839,Dice similarity of ECFPs,true
DB00333,DB00392,CC0 1.0,0.5039,Dice similarity of ECFPs,true
DB00333,DB00392,CC0 1.0,0.5039,Dice similarity of ECFPs,true
DB00420,DB01620,CC0 1.0,0.5455,Dice similarity of ECFPs,true
DB00420,DB01620,CC0 1.0,0.5455,Dice similarity of ECFPs,true
DB00663,DB00588,CC0 1.0,0.765,Dice similarity of ECFPs,true
DB00663,DB00588,CC0 1.0,0.765,Dice similarity of ECFPs,true
DB00564,DB01399,CC0 1.0,0.5143,Dice similarity of ECFPs,true
DB00564,DB01399,CC0 1.0,0.5143,Dice similarity of ECFPs,true
DB01222,DB00180,CC0 1.0,0.7294,Dice similarity of ECFPs,true
DB01222,DB00180,CC0 1.0,0.7294,Dice similarity of ECFPs,true
DB00838,DB00394,CC0 1.0,0.5465,Dice similarity of ECFPs,true
DB00838,DB00394,CC0 1.0,0.5465,Dice similarity of ECFPs,true
DB00192,DB01625,CC0 1.0,0.5,Dice similarity of ECFPs,true
DB00192,DB01625,CC0 1.0,0.5,Dice similarity of ECFPs,true
DB00340,DB01246,CC0 1.0,0.544,Dice similarity of ECFPs,true
DB00340,DB01246,CC0 1.0,0.544,Dice similarity of ECFPs,true
DB00125,DB00155,CC0 1.0,0.8387,Dice similarity of ECFPs,true
DB00125,DB00155,CC0 1.0,0.8387,Dice similarity of ECFPs,true
DB00591,DB00324,CC0 1.0,0.6835,Dice similarity of ECFPs,true
DB00591,DB00324,CC0 1.0,0.6835,Dice similarity of ECFPs,true
DB00405,DB01036,CC0 1.0,0.5,Dice similarity of ECFPs,true
DB00405,DB01036,CC0 1.0,0.5,Dice similarity of ECFPs,true
DB08801,DB01075,CC0 1.0,0.5254,Dice similarity of ECFPs,true
DB08801,DB01075,CC0 1.0,0.5254,Dice similarity of ECFPs,true
DB01396,DB00511,CC0 1.0,0.9355,Dice similarity of ECFPs,true
DB01396,DB00511,CC0 1.0,0.9355,Dice similarity of ECFPs,true
DB00404,DB01567,CC0 1.0,0.6667,Dice similarity of ECFPs,true
DB00404,DB01567,CC0 1.0,0.6667,Dice similarity of ECFPs,true
DB01580,DB01359,CC0 1.0,0.5357,Dice similarity of ECFPs,true
DB01580,DB01359,CC0 1.0,0.5357,Dice similarity of ECFPs,true
DB00956,DB01183,CC0 1.0,0.5344,Dice similarity of ECFPs,true
DB00956,DB01183,CC0 1.0,0.5344,Dice similarity of ECFPs,true
DB00547,DB08971,CC0 1.0,0.7123,Dice similarity of ECFPs,true
DB00547,DB08971,CC0 1.0,0.7123,Dice similarity of ECFPs,true
DB00656,DB00831,CC0 1.0,0.5256,Dice similarity of ECFPs,true
DB00656,DB00831,CC0 1.0,0.5256,Dice similarity of ECFPs,true
DB00567,DB01326,CC0 1.0,0.719,Dice similarity of ECFPs,true
DB00567,DB01326,CC0 1.0,0.719,Dice similarity of ECFPs,true
DB00647,DB00280,CC0 1.0,0.5612,Dice similarity of ECFPs,true
DB00647,DB00280,CC0 1.0,0.5612,Dice similarity of ECFPs,true
DB00267,DB00671,CC0 1.0,0.7011,Dice similarity of ECFPs,true
DB00267,DB00671,CC0 1.0,0.7011,Dice similarity of ECFPs,true
DB00792,DB00748,CC0 1.0,0.5536,Dice similarity of ECFPs,true
DB00792,DB00748,CC0 1.0,0.5536,Dice similarity of ECFPs,true
DB00776,DB00902,CC0 1.0,0.5172,Dice similarity of ECFPs,true
DB00776,DB00902,CC0 1.0,0.5172,Dice similarity of ECFPs,true
DB00736,DB00213,CC0 1.0,0.6714,Dice similarity of ECFPs,true
DB00736,DB00213,CC0 1.0,0.6714,Dice similarity of ECFPs,true
DB01301,DB00560,CC0 1.0,0.554,Dice similarity of ECFPs,true
DB01301,DB00560,CC0 1.0,0.554,Dice similarity of ECFPs,true
DB00774,DB00999,CC0 1.0,0.8041,Dice similarity of ECFPs,true
DB00774,DB00999,CC0 1.0,0.8041,Dice similarity of ECFPs,true
DB00591,DB00687,CC0 1.0,0.5157,Dice similarity of ECFPs,true
DB00591,DB00687,CC0 1.0,0.5157,Dice similarity of ECFPs,true
DB02959,DB00150,CC0 1.0,0.7907,Dice similarity of ECFPs,true
DB02959,DB00150,CC0 1.0,0.7907,Dice similarity of ECFPs,true
DB00865,DB01231,CC0 1.0,0.5,Dice similarity of ECFPs,true
DB00865,DB01231,CC0 1.0,0.5,Dice similarity of ECFPs,true
DB06699,DB00014,CC0 1.0,0.6401,Dice similarity of ECFPs,true
DB06699,DB00014,CC0 1.0,0.6401,Dice similarity of ECFPs,true
DB00701,DB01319,CC0 1.0,0.9029,Dice similarity of ECFPs,true
DB00701,DB01319,CC0 1.0,0.9029,Dice similarity of ECFPs,true
DB00508,DB01069,CC0 1.0,0.629,Dice similarity of ECFPs,true
DB00508,DB01069,CC0 1.0,0.629,Dice similarity of ECFPs,true
DB01410,DB01047,CC0 1.0,0.5517,Dice similarity of ECFPs,true
DB01410,DB01047,CC0 1.0,0.5517,Dice similarity of ECFPs,true
DB00770,DB00917,CC0 1.0,0.8261,Dice similarity of ECFPs,true
DB00770,DB00917,CC0 1.0,0.8261,Dice similarity of ECFPs,true
DB00477,DB01623,CC0 1.0,0.5103,Dice similarity of ECFPs,true
DB00477,DB01623,CC0 1.0,0.5103,Dice similarity of ECFPs,true
DB00508,DB00680,CC0 1.0,0.5065,Dice similarity of ECFPs,true
DB00508,DB00680,CC0 1.0,0.5065,Dice similarity of ECFPs,true
DB00607,DB01604,CC0 1.0,0.5904,Dice similarity of ECFPs,true
DB00607,DB01604,CC0 1.0,0.5904,Dice similarity of ECFPs,true
DB08906,DB00443,CC0 1.0,0.6023,Dice similarity of ECFPs,true
DB08906,DB00443,CC0 1.0,0.6023,Dice similarity of ECFPs,true
DB01342,DB00177,CC0 1.0,0.5635,Dice similarity of ECFPs,true
DB01342,DB00177,CC0 1.0,0.5635,Dice similarity of ECFPs,true
DB09015,DB00351,CC0 1.0,0.7568,Dice similarity of ECFPs,true
DB09015,DB00351,CC0 1.0,0.7568,Dice similarity of ECFPs,true
DB00606,DB01325,CC0 1.0,0.5263,Dice similarity of ECFPs,true
DB00606,DB01325,CC0 1.0,0.5263,Dice similarity of ECFPs,true
DB04574,DB01357,CC0 1.0,0.6667,Dice similarity of ECFPs,true
DB04574,DB01357,CC0 1.0,0.6667,Dice similarity of ECFPs,true
DB00433,DB00933,CC0 1.0,0.6622,Dice similarity of ECFPs,true
DB00433,DB00933,CC0 1.0,0.6622,Dice similarity of ECFPs,true
DB06689,DB01083,CC0 1.0,0.5,Dice similarity of ECFPs,true
DB06689,DB01083,CC0 1.0,0.5,Dice similarity of ECFPs,true
DB09017,DB00546,CC0 1.0,0.5778,Dice similarity of ECFPs,true
DB09017,DB00546,CC0 1.0,0.5778,Dice similarity of ECFPs,true
DB00363,DB00579,CC0 1.0,0.512,Dice similarity of ECFPs,true
DB00363,DB00579,CC0 1.0,0.512,Dice similarity of ECFPs,true
DB00280,DB00333,CC0 1.0,0.6165,Dice similarity of ECFPs,true
DB00280,DB00333,CC0 1.0,0.6165,Dice similarity of ECFPs,true
DB06771,DB01044,CC0 1.0,0.7297,Dice similarity of ECFPs,true
DB06771,DB01044,CC0 1.0,0.7297,Dice similarity of ECFPs,true
DB01288,DB00816,CC0 1.0,0.6931,Dice similarity of ECFPs,true
DB01288,DB00816,CC0 1.0,0.6931,Dice similarity of ECFPs,true
DB00936,DB03255,CC0 1.0,0.5532,Dice similarity of ECFPs,true
DB00936,DB03255,CC0 1.0,0.5532,Dice similarity of ECFPs,true
DB01262,DB01265,CC0 1.0,0.6444,Dice similarity of ECFPs,true
DB01262,DB01265,CC0 1.0,0.6444,Dice similarity of ECFPs,true
DB09002,DB00972,CC0 1.0,0.5068,Dice similarity of ECFPs,true
DB09002,DB00972,CC0 1.0,0.5068,Dice similarity of ECFPs,true
DB01333,DB01140,CC0 1.0,0.7612,Dice similarity of ECFPs,true
DB01333,DB01140,CC0 1.0,0.7612,Dice similarity of ECFPs,true
DB00865,DB00676,CC0 1.0,0.6465,Dice similarity of ECFPs,true
DB00865,DB00676,CC0 1.0,0.6465,Dice similarity of ECFPs,true
DB01016,DB01067,CC0 1.0,0.7956,Dice similarity of ECFPs,true
DB01016,DB01067,CC0 1.0,0.7956,Dice similarity of ECFPs,true
DB00387,DB09002,CC0 1.0,0.5385,Dice similarity of ECFPs,true
DB00387,DB09002,CC0 1.0,0.5385,Dice similarity of ECFPs,true
DB01260,DB00894,CC0 1.0,0.5417,Dice similarity of ECFPs,true
DB01260,DB00894,CC0 1.0,0.5417,Dice similarity of ECFPs,true
DB04843,DB00333,CC0 1.0,0.5926,Dice similarity of ECFPs,true
DB04843,DB00333,CC0 1.0,0.5926,Dice similarity of ECFPs,true
DB00388,DB00610,CC0 1.0,0.7077,Dice similarity of ECFPs,true
DB00388,DB00610,CC0 1.0,0.7077,Dice similarity of ECFPs,true
DB00568,DB09002,CC0 1.0,0.5,Dice similarity of ECFPs,true
DB00568,DB09002,CC0 1.0,0.5,Dice similarity of ECFPs,true
DB00287,DB08819,CC0 1.0,0.7892,Dice similarity of ECFPs,true
DB00287,DB08819,CC0 1.0,0.7892,Dice similarity of ECFPs,true
DB00813,DB01146,CC0 1.0,0.5778,Dice similarity of ECFPs,true
DB00813,DB01146,CC0 1.0,0.5778,Dice similarity of ECFPs,true
DB00564,DB00745,CC0 1.0,0.5472,Dice similarity of ECFPs,true
DB00564,DB00745,CC0 1.0,0.5472,Dice similarity of ECFPs,true
DB01193,DB00187,CC0 1.0,0.6016,Dice similarity of ECFPs,true
DB01193,DB00187,CC0 1.0,0.6016,Dice similarity of ECFPs,true
DB00568,DB01075,CC0 1.0,0.518,Dice similarity of ECFPs,true
DB00568,DB01075,CC0 1.0,0.518,Dice similarity of ECFPs,true
DB00949,DB00423,CC0 1.0,0.5745,Dice similarity of ECFPs,true
DB00949,DB00423,CC0 1.0,0.5745,Dice similarity of ECFPs,true
DB00458,DB00508,CC0 1.0,0.6406,Dice similarity of ECFPs,true
DB00458,DB00508,CC0 1.0,0.6406,Dice similarity of ECFPs,true
DB00792,DB08996,CC0 1.0,0.5299,Dice similarity of ECFPs,true
DB00792,DB08996,CC0 1.0,0.5299,Dice similarity of ECFPs,true
DB00626,DB04894,CC0 1.0,0.5291,Dice similarity of ECFPs,true
DB00626,DB04894,CC0 1.0,0.5291,Dice similarity of ECFPs,true
DB01576,DB00914,CC0 1.0,0.5429,Dice similarity of ECFPs,true
DB01576,DB00914,CC0 1.0,0.5429,Dice similarity of ECFPs,true
DB00620,DB00223,CC0 1.0,0.7763,Dice similarity of ECFPs,true
DB00620,DB00223,CC0 1.0,0.7763,Dice similarity of ECFPs,true
DB00777,DB01623,CC0 1.0,0.5,Dice similarity of ECFPs,true
DB00777,DB01623,CC0 1.0,0.5,Dice similarity of ECFPs,true
DB04842,DB00737,CC0 1.0,0.5109,Dice similarity of ECFPs,true
DB04842,DB00737,CC0 1.0,0.5109,Dice similarity of ECFPs,true
DB00983,DB01274,CC0 1.0,1.0,Dice similarity of ECFPs,true
DB00983,DB01274,CC0 1.0,1.0,Dice similarity of ECFPs,true
DB00925,DB01182,CC0 1.0,0.5564,Dice similarity of ECFPs,true
DB00925,DB01182,CC0 1.0,0.5564,Dice similarity of ECFPs,true
DB01580,DB00423,CC0 1.0,0.6,Dice similarity of ECFPs,true
DB01580,DB00423,CC0 1.0,0.6,Dice similarity of ECFPs,true
DB08943,DB00239,CC0 1.0,0.6759,Dice similarity of ECFPs,true
DB08943,DB00239,CC0 1.0,0.6759,Dice similarity of ECFPs,true
DB01427,DB00235,CC0 1.0,0.6118,Dice similarity of ECFPs,true
DB01427,DB00235,CC0 1.0,0.6118,Dice similarity of ECFPs,true
DB01193,DB00960,CC0 1.0,0.569,Dice similarity of ECFPs,true
DB01193,DB00960,CC0 1.0,0.569,Dice similarity of ECFPs,true
DB01260,DB00635,CC0 1.0,0.6405,Dice similarity of ECFPs,true
DB01260,DB00635,CC0 1.0,0.6405,Dice similarity of ECFPs,true
DB00456,DB00833,CC0 1.0,0.5797,Dice similarity of ECFPs,true
DB00456,DB00833,CC0 1.0,0.5797,Dice similarity of ECFPs,true
DB01210,DB00960,CC0 1.0,0.5138,Dice similarity of ECFPs,true
DB01210,DB00960,CC0 1.0,0.5138,Dice similarity of ECFPs,true
DB01234,DB01185,CC0 1.0,0.6,Dice similarity of ECFPs,true
DB01234,DB01185,CC0 1.0,0.6,Dice similarity of ECFPs,true
DB00456,DB01416,CC0 1.0,0.6309,Dice similarity of ECFPs,true
DB00456,DB01416,CC0 1.0,0.6309,Dice similarity of ECFPs,true
DB00846,DB00223,CC0 1.0,0.5466,Dice similarity of ECFPs,true
DB00846,DB00223,CC0 1.0,0.5466,Dice similarity of ECFPs,true
DB06287,DB01590,CC0 1.0,0.9323,Dice similarity of ECFPs,true
DB06287,DB01590,CC0 1.0,0.9323,Dice similarity of ECFPs,true
DB01053,DB01147,CC0 1.0,0.7042,Dice similarity of ECFPs,true
DB01053,DB01147,CC0 1.0,0.7042,Dice similarity of ECFPs,true
DB00240,DB00635,CC0 1.0,0.589,Dice similarity of ECFPs,true
DB00240,DB00635,CC0 1.0,0.589,Dice similarity of ECFPs,true
DB00647,DB00745,CC0 1.0,0.5323,Dice similarity of ECFPs,true
DB00647,DB00745,CC0 1.0,0.5323,Dice similarity of ECFPs,true
DB00465,DB00870,CC0 1.0,0.5,Dice similarity of ECFPs,true
DB00465,DB00870,CC0 1.0,0.5,Dice similarity of ECFPs,true
DB01235,DB06707,CC0 1.0,0.6197,Dice similarity of ECFPs,true
DB01235,DB06707,CC0 1.0,0.6197,Dice similarity of ECFPs,true
DB00643,DB01600,CC0 1.0,0.5664,Dice similarity of ECFPs,true
DB00643,DB01600,CC0 1.0,0.5664,Dice similarity of ECFPs,true
DB00620,DB00547,CC0 1.0,0.7838,Dice similarity of ECFPs,true
DB00620,DB00547,CC0 1.0,0.7838,Dice similarity of ECFPs,true
DB06691,DB01237,CC0 1.0,0.5128,Dice similarity of ECFPs,true
DB06691,DB01237,CC0 1.0,0.5128,Dice similarity of ECFPs,true
DB00556,DB01236,CC0 1.0,0.5556,Dice similarity of ECFPs,true
DB00556,DB01236,CC0 1.0,0.5556,Dice similarity of ECFPs,true
DB01262,DB00879,CC0 1.0,0.5227,Dice similarity of ECFPs,true
DB01262,DB00879,CC0 1.0,0.5227,Dice similarity of ECFPs,true
DB01412,DB00824,CC0 1.0,0.5135,Dice similarity of ECFPs,true
DB01412,DB00824,CC0 1.0,0.5135,Dice similarity of ECFPs,true
DB01577,DB01121,CC0 1.0,0.5672,Dice similarity of ECFPs,true
DB01577,DB01121,CC0 1.0,0.5672,Dice similarity of ECFPs,true
DB01053,DB00713,CC0 1.0,0.7571,Dice similarity of ECFPs,true
DB01053,DB00713,CC0 1.0,0.7571,Dice similarity of ECFPs,true
DB01234,DB00635,CC0 1.0,0.6164,Dice similarity of ECFPs,true
DB01234,DB00635,CC0 1.0,0.6164,Dice similarity of ECFPs,true
DB01579,DB00830,CC0 1.0,0.7436,Dice similarity of ECFPs,true
DB01579,DB00830,CC0 1.0,0.7436,Dice similarity of ECFPs,true
DB06712,DB00381,CC0 1.0,0.5263,Dice similarity of ECFPs,true
DB06712,DB00381,CC0 1.0,0.5263,Dice similarity of ECFPs,true
DB01053,DB00833,CC0 1.0,0.5426,Dice similarity of ECFPs,true
DB01053,DB00833,CC0 1.0,0.5426,Dice similarity of ECFPs,true
DB00433,DB08796,CC0 1.0,0.5256,Dice similarity of ECFPs,true
DB00433,DB08796,CC0 1.0,0.5256,Dice similarity of ECFPs,true
DB06770,DB00797,CC0 1.0,0.6102,Dice similarity of ECFPs,true
DB06770,DB00797,CC0 1.0,0.6102,Dice similarity of ECFPs,true
DB00233,DB00968,CC0 1.0,0.5294,Dice similarity of ECFPs,true
DB00233,DB00968,CC0 1.0,0.5294,Dice similarity of ECFPs,true
DB06710,DB00860,CC0 1.0,0.5303,Dice similarity of ECFPs,true
DB06710,DB00860,CC0 1.0,0.5303,Dice similarity of ECFPs,true
DB00567,DB08795,CC0 1.0,0.6131,Dice similarity of ECFPs,true
DB00567,DB08795,CC0 1.0,0.6131,Dice similarity of ECFPs,true
DB01173,DB04837,CC0 1.0,0.6372,Dice similarity of ECFPs,true
DB01173,DB04837,CC0 1.0,0.6372,Dice similarity of ECFPs,true
DB00647,DB01433,CC0 1.0,0.6761,Dice similarity of ECFPs,true
DB00647,DB01433,CC0 1.0,0.6761,Dice similarity of ECFPs,true
DB00418,DB01174,CC0 1.0,0.5,Dice similarity of ECFPs,true
DB00418,DB01174,CC0 1.0,0.5,Dice similarity of ECFPs,true
DB00599,DB00418,CC0 1.0,0.7126,Dice similarity of ECFPs,true
DB00599,DB00418,CC0 1.0,0.7126,Dice similarity of ECFPs,true
DB04838,DB00852,CC0 1.0,0.5,Dice similarity of ECFPs,true
DB04838,DB00852,CC0 1.0,0.5,Dice similarity of ECFPs,true
DB00887,DB00573,CC0 1.0,0.5167,Dice similarity of ECFPs,true
DB00887,DB00573,CC0 1.0,0.5167,Dice similarity of ECFPs,true
DB00897,DB01567,CC0 1.0,0.704,Dice similarity of ECFPs,true
DB00897,DB01567,CC0 1.0,0.704,Dice similarity of ECFPs,true
DB00943,DB00879,CC0 1.0,0.5349,Dice similarity of ECFPs,true
DB00943,DB00879,CC0 1.0,0.5349,Dice similarity of ECFPs,true
DB00530,DB05294,CC0 1.0,0.5412,Dice similarity of ECFPs,true
DB00530,DB05294,CC0 1.0,0.5412,Dice similarity of ECFPs,true
DB01581,DB00250,CC0 1.0,0.5979,Dice similarity of ECFPs,true
DB01581,DB00250,CC0 1.0,0.5979,Dice similarity of ECFPs,true
DB00777,DB00680,CC0 1.0,0.5325,Dice similarity of ECFPs,true
DB00777,DB00680,CC0 1.0,0.5325,Dice similarity of ECFPs,true
DB00186,DB01595,CC0 1.0,0.5546,Dice similarity of ECFPs,true
DB00186,DB01595,CC0 1.0,0.5546,Dice similarity of ECFPs,true
DB00823,DB00717,CC0 1.0,0.6429,Dice similarity of ECFPs,true
DB00823,DB00717,CC0 1.0,0.6429,Dice similarity of ECFPs,true
DB00591,DB00860,CC0 1.0,0.5223,Dice similarity of ECFPs,true
DB00591,DB00860,CC0 1.0,0.5223,Dice similarity of ECFPs,true
DB00434,DB00321,CC0 1.0,0.5397,Dice similarity of ECFPs,true
DB00434,DB00321,CC0 1.0,0.5397,Dice similarity of ECFPs,true
DB00897,DB00231,CC0 1.0,0.576,Dice similarity of ECFPs,true
DB00897,DB00231,CC0 1.0,0.576,Dice similarity of ECFPs,true
DB00222,DB01124,CC0 1.0,0.5315,Dice similarity of ECFPs,true
DB00222,DB01124,CC0 1.0,0.5315,Dice similarity of ECFPs,true
DB00917,DB00154,CC0 1.0,0.5152,Dice similarity of ECFPs,true
DB00917,DB00154,CC0 1.0,0.5152,Dice similarity of ECFPs,true
DB01614,DB01622,CC0 1.0,0.68,Dice similarity of ECFPs,true
DB01614,DB01622,CC0 1.0,0.68,Dice similarity of ECFPs,true
DB00162,DB00523,CC0 1.0,0.8621,Dice similarity of ECFPs,true
DB00162,DB00523,CC0 1.0,0.8621,Dice similarity of ECFPs,true
DB01053,DB00415,CC0 1.0,0.8281,Dice similarity of ECFPs,true
DB01053,DB00415,CC0 1.0,0.8281,Dice similarity of ECFPs,true
DB01114,DB01036,CC0 1.0,0.5,Dice similarity of ECFPs,true
DB01114,DB01036,CC0 1.0,0.5,Dice similarity of ECFPs,true
DB00959,DB00253,CC0 1.0,0.5957,Dice similarity of ECFPs,true
DB00959,DB00253,CC0 1.0,0.5957,Dice similarity of ECFPs,true
DB00835,DB04837,CC0 1.0,0.5091,Dice similarity of ECFPs,true
DB00835,DB04837,CC0 1.0,0.5091,Dice similarity of ECFPs,true
DB08998,DB00276,CC0 1.0,0.507,Dice similarity of ECFPs,true
DB08998,DB00276,CC0 1.0,0.507,Dice similarity of ECFPs,true
DB00321,DB04837,CC0 1.0,0.5641,Dice similarity of ECFPs,true
DB00321,DB04837,CC0 1.0,0.5641,Dice similarity of ECFPs,true
DB01012,DB00735,CC0 1.0,0.5324,Dice similarity of ECFPs,true
DB01012,DB00735,CC0 1.0,0.5324,Dice similarity of ECFPs,true
DB00663,DB01384,CC0 1.0,0.6707,Dice similarity of ECFPs,true
DB00663,DB01384,CC0 1.0,0.6707,Dice similarity of ECFPs,true
DB00557,DB00283,CC0 1.0,0.5379,Dice similarity of ECFPs,true
DB00557,DB00283,CC0 1.0,0.5379,Dice similarity of ECFPs,true
DB01588,DB01553,CC0 1.0,0.5,Dice similarity of ECFPs,true
DB01588,DB01553,CC0 1.0,0.5,Dice similarity of ECFPs,true
DB00640,DB00631,CC0 1.0,0.7037,Dice similarity of ECFPs,true
DB00640,DB00631,CC0 1.0,0.7037,Dice similarity of ECFPs,true
DB00309,DB00570,CC0 1.0,0.9028,Dice similarity of ECFPs,true
DB00309,DB00570,CC0 1.0,0.9028,Dice similarity of ECFPs,true
DB00458,DB00433,CC0 1.0,0.5075,Dice similarity of ECFPs,true
DB00458,DB00433,CC0 1.0,0.5075,Dice similarity of ECFPs,true
DB00451,DB00279,CC0 1.0,0.8413,Dice similarity of ECFPs,true
DB00451,DB00279,CC0 1.0,0.8413,Dice similarity of ECFPs,true
DB00545,DB00989,CC0 1.0,0.5301,Dice similarity of ECFPs,true
DB00545,DB00989,CC0 1.0,0.5301,Dice similarity of ECFPs,true
DB08796,DB00831,CC0 1.0,0.5031,Dice similarity of ECFPs,true
DB08796,DB00831,CC0 1.0,0.5031,Dice similarity of ECFPs,true
DB01139,DB00833,CC0 1.0,0.5694,Dice similarity of ECFPs,true
DB01139,DB00833,CC0 1.0,0.5694,Dice similarity of ECFPs,true
DB06802,DB01428,CC0 1.0,0.6337,Dice similarity of ECFPs,true
DB06802,DB01428,CC0 1.0,0.6337,Dice similarity of ECFPs,true
DB00801,DB00404,CC0 1.0,0.7176,Dice similarity of ECFPs,true
DB00801,DB00404,CC0 1.0,0.7176,Dice similarity of ECFPs,true
DB00621,DB00396,CC0 1.0,0.56,Dice similarity of ECFPs,true
DB00621,DB00396,CC0 1.0,0.56,Dice similarity of ECFPs,true
DB01621,DB01623,CC0 1.0,0.6591,Dice similarity of ECFPs,true
DB01621,DB01623,CC0 1.0,0.6591,Dice similarity of ECFPs,true
DB00626,DB00781,CC0 1.0,0.6786,Dice similarity of ECFPs,true
DB00626,DB00781,CC0 1.0,0.6786,Dice similarity of ECFPs,true
DB00690,DB01239,CC0 1.0,0.5441,Dice similarity of ECFPs,true
DB00690,DB01239,CC0 1.0,0.5441,Dice similarity of ECFPs,true
DB00129,DB00133,CC0 1.0,0.6,Dice similarity of ECFPs,true
DB00129,DB00133,CC0 1.0,0.6,Dice similarity of ECFPs,true
DB01211,DB00976,CC0 1.0,0.5918,Dice similarity of ECFPs,true
DB01211,DB00976,CC0 1.0,0.5918,Dice similarity of ECFPs,true
DB00467,DB00218,CC0 1.0,0.5241,Dice similarity of ECFPs,true
DB00467,DB00218,CC0 1.0,0.5241,Dice similarity of ECFPs,true
DB01260,DB00741,CC0 1.0,0.6013,Dice similarity of ECFPs,true
DB01260,DB00741,CC0 1.0,0.6013,Dice similarity of ECFPs,true
DB01222,DB00894,CC0 1.0,0.527,Dice similarity of ECFPs,true
DB01222,DB00894,CC0 1.0,0.527,Dice similarity of ECFPs,true
DB01511,DB00408,CC0 1.0,0.5,Dice similarity of ECFPs,true
DB01511,DB00408,CC0 1.0,0.5,Dice similarity of ECFPs,true
DB00415,DB01060,CC0 1.0,0.8485,Dice similarity of ECFPs,true
DB00415,DB01060,CC0 1.0,0.8485,Dice similarity of ECFPs,true
DB00902,DB01622,CC0 1.0,0.5714,Dice similarity of ECFPs,true
DB00902,DB01622,CC0 1.0,0.5714,Dice similarity of ECFPs,true
DB00620,DB08971,CC0 1.0,0.527,Dice similarity of ECFPs,true
DB00620,DB08971,CC0 1.0,0.527,Dice similarity of ECFPs,true
DB00640,DB00811,CC0 1.0,0.6263,Dice similarity of ECFPs,true
DB00640,DB00811,CC0 1.0,0.6263,Dice similarity of ECFPs,true
DB01176,DB00289,CC0 1.0,0.5263,Dice similarity of ECFPs,true
DB01176,DB00289,CC0 1.0,0.5263,Dice similarity of ECFPs,true
DB00429,DB08819,CC0 1.0,0.5333,Dice similarity of ECFPs,true
DB00429,DB08819,CC0 1.0,0.5333,Dice similarity of ECFPs,true
DB01263,DB01026,CC0 1.0,0.5179,Dice similarity of ECFPs,true
DB01263,DB01026,CC0 1.0,0.5179,Dice similarity of ECFPs,true
DB00991,DB00682,CC0 1.0,0.5426,Dice similarity of ECFPs,true
DB00991,DB00682,CC0 1.0,0.5426,Dice similarity of ECFPs,true
DB00866,DB00335,CC0 1.0,0.6275,Dice similarity of ECFPs,true
DB00866,DB00335,CC0 1.0,0.6275,Dice similarity of ECFPs,true
DB01092,DB00390,CC0 1.0,0.5585,Dice similarity of ECFPs,true
DB01092,DB00390,CC0 1.0,0.5585,Dice similarity of ECFPs,true
DB00622,DB00270,CC0 1.0,0.5497,Dice similarity of ECFPs,true
DB00622,DB00270,CC0 1.0,0.5497,Dice similarity of ECFPs,true
DB01222,DB00896,CC0 1.0,0.7547,Dice similarity of ECFPs,true
DB01222,DB00896,CC0 1.0,0.7547,Dice similarity of ECFPs,true
DB01200,DB00696,CC0 1.0,0.719,Dice similarity of ECFPs,true
DB01200,DB00696,CC0 1.0,0.719,Dice similarity of ECFPs,true
DB01511,DB00404,CC0 1.0,0.595,Dice similarity of ECFPs,true
DB01511,DB00404,CC0 1.0,0.595,Dice similarity of ECFPs,true
DB01227,DB00745,CC0 1.0,0.5238,Dice similarity of ECFPs,true
DB01227,DB00745,CC0 1.0,0.5238,Dice similarity of ECFPs,true
DB01142,DB00192,CC0 1.0,0.5079,Dice similarity of ECFPs,true
DB01142,DB00192,CC0 1.0,0.5079,Dice similarity of ECFPs,true
DB00544,DB00791,CC0 1.0,0.5538,Dice similarity of ECFPs,true
DB00544,DB00791,CC0 1.0,0.5538,Dice similarity of ECFPs,true
DB00542,DB00726,CC0 1.0,0.5166,Dice similarity of ECFPs,true
DB00542,DB00726,CC0 1.0,0.5166,Dice similarity of ECFPs,true
DB00770,DB00154,CC0 1.0,0.5303,Dice similarity of ECFPs,true
DB00770,DB00154,CC0 1.0,0.5303,Dice similarity of ECFPs,true
DB00924,DB00420,CC0 1.0,0.5714,Dice similarity of ECFPs,true
DB00924,DB00420,CC0 1.0,0.5714,Dice similarity of ECFPs,true
DB01194,DB00869,CC0 1.0,0.7143,Dice similarity of ECFPs,true
DB01194,DB00869,CC0 1.0,0.7143,Dice similarity of ECFPs,true
DB00547,DB00741,CC0 1.0,0.5,Dice similarity of ECFPs,true
DB00547,DB00741,CC0 1.0,0.5,Dice similarity of ECFPs,true
DB00345,DB01014,CC0 1.0,0.5091,Dice similarity of ECFPs,true
DB00345,DB01014,CC0 1.0,0.5091,Dice similarity of ECFPs,true
DB00104,DB02638,CC0 1.0,0.5899,Dice similarity of ECFPs,true
DB00104,DB02638,CC0 1.0,0.5899,Dice similarity of ECFPs,true
DB01436,DB00910,CC0 1.0,0.6543,Dice similarity of ECFPs,true
DB01436,DB00910,CC0 1.0,0.6543,Dice similarity of ECFPs,true
DB00493,DB01212,CC0 1.0,0.7845,Dice similarity of ECFPs,true
DB00493,DB01212,CC0 1.0,0.7845,Dice similarity of ECFPs,true
DB00849,DB01435,CC0 1.0,0.5,Dice similarity of ECFPs,true
DB00849,DB01435,CC0 1.0,0.5,Dice similarity of ECFPs,true
DB06811,DB00632,CC0 1.0,0.6549,Dice similarity of ECFPs,true
DB06811,DB00632,CC0 1.0,0.6549,Dice similarity of ECFPs,true
DB01086,DB00357,CC0 1.0,0.5,Dice similarity of ECFPs,true
DB01086,DB00357,CC0 1.0,0.5,Dice similarity of ECFPs,true
DB06288,DB00391,CC0 1.0,0.7786,Dice similarity of ECFPs,true
DB06288,DB00391,CC0 1.0,0.7786,Dice similarity of ECFPs,true
DB00648,DB01127,CC0 1.0,0.5042,Dice similarity of ECFPs,true
DB00648,DB01127,CC0 1.0,0.5042,Dice similarity of ECFPs,true
DB00221,DB01235,CC0 1.0,0.5122,Dice similarity of ECFPs,true
DB00221,DB01235,CC0 1.0,0.5122,Dice similarity of ECFPs,true
DB01009,DB00946,CC0 1.0,0.5133,Dice similarity of ECFPs,true
DB01009,DB00946,CC0 1.0,0.5133,Dice similarity of ECFPs,true
DB08970,DB00394,CC0 1.0,0.5814,Dice similarity of ECFPs,true
DB08970,DB00394,CC0 1.0,0.5814,Dice similarity of ECFPs,true
DB00405,DB00835,CC0 1.0,1.0,Dice similarity of ECFPs,true
DB00405,DB00835,CC0 1.0,1.0,Dice similarity of ECFPs,true
DB00881,DB00584,CC0 1.0,0.8,Dice similarity of ECFPs,true
DB00881,DB00584,CC0 1.0,0.8,Dice similarity of ECFPs,true
DB00306,DB01354,CC0 1.0,0.5,Dice similarity of ECFPs,true
DB00306,DB01354,CC0 1.0,0.5,Dice similarity of ECFPs,true
DB01000,DB00319,CC0 1.0,0.5125,Dice similarity of ECFPs,true
DB01000,DB00319,CC0 1.0,0.5125,Dice similarity of ECFPs,true
DB01296,DB00811,CC0 1.0,0.5455,Dice similarity of ECFPs,true
DB01296,DB00811,CC0 1.0,0.5455,Dice similarity of ECFPs,true
DB00948,DB01147,CC0 1.0,0.5909,Dice similarity of ECFPs,true
DB00948,DB01147,CC0 1.0,0.5909,Dice similarity of ECFPs,true
DB01071,DB00680,CC0 1.0,0.5,Dice similarity of ECFPs,true
DB01071,DB00680,CC0 1.0,0.5,Dice similarity of ECFPs,true
DB09003,DB00850,CC0 1.0,0.618,Dice similarity of ECFPs,true
DB09003,DB00850,CC0 1.0,0.618,Dice similarity of ECFPs,true
DB01239,DB01242,CC0 1.0,0.5854,Dice similarity of ECFPs,true
DB01239,DB01242,CC0 1.0,0.5854,Dice similarity of ECFPs,true
DB01173,DB00865,CC0 1.0,0.5872,Dice similarity of ECFPs,true
DB01173,DB00865,CC0 1.0,0.5872,Dice similarity of ECFPs,true
DB00194,DB00131,CC0 1.0,0.8448,Dice similarity of ECFPs,true
DB00194,DB00131,CC0 1.0,0.8448,Dice similarity of ECFPs,true
DB00846,DB01384,CC0 1.0,0.6541,Dice similarity of ECFPs,true
DB00846,DB01384,CC0 1.0,0.6541,Dice similarity of ECFPs,true
DB01246,DB00333,CC0 1.0,0.5161,Dice similarity of ECFPs,true
DB01246,DB00333,CC0 1.0,0.5161,Dice similarity of ECFPs,true
DB08802,DB00679,CC0 1.0,0.5077,Dice similarity of ECFPs,true
DB08802,DB00679,CC0 1.0,0.5077,Dice similarity of ECFPs,true
DB00343,DB01614,CC0 1.0,0.6027,Dice similarity of ECFPs,true
DB00343,DB01614,CC0 1.0,0.6027,Dice similarity of ECFPs,true
DB06730,DB01431,CC0 1.0,0.5,Dice similarity of ECFPs,true
DB06730,DB01431,CC0 1.0,0.5,Dice similarity of ECFPs,true
DB08801,DB00321,CC0 1.0,0.6129,Dice similarity of ECFPs,true
DB08801,DB00321,CC0 1.0,0.6129,Dice similarity of ECFPs,true
DB06713,DB00367,CC0 1.0,0.8872,Dice similarity of ECFPs,true
DB06713,DB00367,CC0 1.0,0.8872,Dice similarity of ECFPs,true
DB01173,DB00333,CC0 1.0,0.562,Dice similarity of ECFPs,true
DB01173,DB00333,CC0 1.0,0.562,Dice similarity of ECFPs,true
DB00434,DB01619,CC0 1.0,0.6129,Dice similarity of ECFPs,true
DB00434,DB01619,CC0 1.0,0.6129,Dice similarity of ECFPs,true
DB00289,DB00745,CC0 1.0,0.5505,Dice similarity of ECFPs,true
DB00289,DB00745,CC0 1.0,0.5505,Dice similarity of ECFPs,true
DB05246,DB01437,CC0 1.0,0.6047,Dice similarity of ECFPs,true
DB05246,DB01437,CC0 1.0,0.6047,Dice similarity of ECFPs,true
DB00588,DB00838,CC0 1.0,0.6265,Dice similarity of ECFPs,true
DB00588,DB00838,CC0 1.0,0.6265,Dice similarity of ECFPs,true
DB00937,DB04896,CC0 1.0,0.5714,Dice similarity of ECFPs,true
DB00937,DB04896,CC0 1.0,0.5714,Dice similarity of ECFPs,true
DB00458,DB01429,CC0 1.0,0.5649,Dice similarity of ECFPs,true
DB00458,DB01429,CC0 1.0,0.5649,Dice similarity of ECFPs,true
DB00419,DB00491,CC0 1.0,0.8312,Dice similarity of ECFPs,true
DB00419,DB00491,CC0 1.0,0.8312,Dice similarity of ECFPs,true
DB06150,DB01298,CC0 1.0,0.6549,Dice similarity of ECFPs,true
DB06150,DB01298,CC0 1.0,0.6549,Dice similarity of ECFPs,true
DB00595,DB00931,CC0 1.0,0.6941,Dice similarity of ECFPs,true
DB00595,DB00931,CC0 1.0,0.6941,Dice similarity of ECFPs,true
DB00771,DB04843,CC0 1.0,0.8082,Dice similarity of ECFPs,true
DB00771,DB04843,CC0 1.0,0.8082,Dice similarity of ECFPs,true
DB01289,DB01124,CC0 1.0,0.5109,Dice similarity of ECFPs,true
DB01289,DB01124,CC0 1.0,0.5109,Dice similarity of ECFPs,true
DB00858,DB00253,CC0 1.0,0.5426,Dice similarity of ECFPs,true
DB00858,DB00253,CC0 1.0,0.5426,Dice similarity of ECFPs,true
DB01150,DB00567,CC0 1.0,0.7429,Dice similarity of ECFPs,true
DB01150,DB00567,CC0 1.0,0.7429,Dice similarity of ECFPs,true
DB00805,DB00317,CC0 1.0,0.5032,Dice similarity of ECFPs,true
DB00805,DB00317,CC0 1.0,0.5032,Dice similarity of ECFPs,true
DB00348,DB00499,CC0 1.0,0.5091,Dice similarity of ECFPs,true
DB00348,DB00499,CC0 1.0,0.5091,Dice similarity of ECFPs,true
DB00960,DB00195,CC0 1.0,0.5664,Dice similarity of ECFPs,true
DB00960,DB00195,CC0 1.0,0.5664,Dice similarity of ECFPs,true
DB00477,DB01403,CC0 1.0,0.72,Dice similarity of ECFPs,true
DB00477,DB01403,CC0 1.0,0.72,Dice similarity of ECFPs,true
DB00289,DB00676,CC0 1.0,0.5294,Dice similarity of ECFPs,true
DB00289,DB00676,CC0 1.0,0.5294,Dice similarity of ECFPs,true
DB01149,DB01624,CC0 1.0,0.5143,Dice similarity of ECFPs,true
DB01149,DB01624,CC0 1.0,0.5143,Dice similarity of ECFPs,true
DB00438,DB01413,CC0 1.0,0.6911,Dice similarity of ECFPs,true
DB00438,DB01413,CC0 1.0,0.6911,Dice similarity of ECFPs,true
DB06590,DB01212,CC0 1.0,0.5205,Dice similarity of ECFPs,true
DB06590,DB01212,CC0 1.0,0.5205,Dice similarity of ECFPs,true
DB00928,DB00811,CC0 1.0,0.6957,Dice similarity of ECFPs,true
DB00928,DB00811,CC0 1.0,0.6957,Dice similarity of ECFPs,true
DB00368,DB00388,CC0 1.0,0.5231,Dice similarity of ECFPs,true
DB00368,DB00388,CC0 1.0,0.5231,Dice similarity of ECFPs,true
DB00960,DB00612,CC0 1.0,0.5565,Dice similarity of ECFPs,true
DB00960,DB00612,CC0 1.0,0.5565,Dice similarity of ECFPs,true
DB00776,DB01069,CC0 1.0,0.5225,Dice similarity of ECFPs,true
DB00776,DB01069,CC0 1.0,0.5225,Dice similarity of ECFPs,true
DB00434,DB01176,CC0 1.0,0.5645,Dice similarity of ECFPs,true
DB00434,DB01176,CC0 1.0,0.5645,Dice similarity of ECFPs,true
DB01235,DB00244,CC0 1.0,0.5758,Dice similarity of ECFPs,true
DB01235,DB00244,CC0 1.0,0.5758,Dice similarity of ECFPs,true
DB01056,DB00281,CC0 1.0,0.6747,Dice similarity of ECFPs,true
DB01056,DB00281,CC0 1.0,0.6747,Dice similarity of ECFPs,true
DB01176,DB04841,CC0 1.0,0.585,Dice similarity of ECFPs,true
DB01176,DB04841,CC0 1.0,0.585,Dice similarity of ECFPs,true
DB01403,DB00850,CC0 1.0,0.5417,Dice similarity of ECFPs,true
DB01403,DB00850,CC0 1.0,0.5417,Dice similarity of ECFPs,true
DB00599,DB00306,CC0 1.0,0.5952,Dice similarity of ECFPs,true
DB00599,DB00306,CC0 1.0,0.5952,Dice similarity of ECFPs,true
DB03147,DB00171,CC0 1.0,0.6491,Dice similarity of ECFPs,true
DB03147,DB00171,CC0 1.0,0.6491,Dice similarity of ECFPs,true
DB00433,DB00477,CC0 1.0,0.7669,Dice similarity of ECFPs,true
DB00433,DB00477,CC0 1.0,0.7669,Dice similarity of ECFPs,true
DB01330,DB01326,CC0 1.0,0.587,Dice similarity of ECFPs,true
DB01330,DB01326,CC0 1.0,0.587,Dice similarity of ECFPs,true
DB00640,DB00131,CC0 1.0,0.8448,Dice similarity of ECFPs,true
DB00640,DB00131,CC0 1.0,0.8448,Dice similarity of ECFPs,true
DB01130,DB00741,CC0 1.0,0.5629,Dice similarity of ECFPs,true
DB01130,DB00741,CC0 1.0,0.5629,Dice similarity of ECFPs,true
DB00417,DB01607,CC0 1.0,0.6617,Dice similarity of ECFPs,true
DB00417,DB01607,CC0 1.0,0.6617,Dice similarity of ECFPs,true
DB06729,DB00482,CC0 1.0,0.5075,Dice similarity of ECFPs,true
DB06729,DB00482,CC0 1.0,0.5075,Dice similarity of ECFPs,true
DB00454,DB01437,CC0 1.0,0.5208,Dice similarity of ECFPs,true
DB00454,DB01437,CC0 1.0,0.5208,Dice similarity of ECFPs,true
DB00183,DB00403,CC0 1.0,0.6618,Dice similarity of ECFPs,true
DB00183,DB00403,CC0 1.0,0.6618,Dice similarity of ECFPs,true
DB01613,DB00727,CC0 1.0,0.7473,Dice similarity of ECFPs,true
DB01613,DB00727,CC0 1.0,0.7473,Dice similarity of ECFPs,true
DB06777,DB00858,CC0 1.0,0.5362,Dice similarity of ECFPs,true
DB06777,DB00858,CC0 1.0,0.5362,Dice similarity of ECFPs,true
DB00561,DB00252,CC0 1.0,0.5547,Dice similarity of ECFPs,true
DB00561,DB00252,CC0 1.0,0.5547,Dice similarity of ECFPs,true
DB02638,DB08890,CC0 1.0,0.5263,Dice similarity of ECFPs,true
DB02638,DB08890,CC0 1.0,0.5263,Dice similarity of ECFPs,true
DB00690,DB01594,CC0 1.0,0.6986,Dice similarity of ECFPs,true
DB00690,DB01594,CC0 1.0,0.6986,Dice similarity of ECFPs,true
DB09014,DB00835,CC0 1.0,0.5366,Dice similarity of ECFPs,true
DB09014,DB00835,CC0 1.0,0.5366,Dice similarity of ECFPs,true
DB00293,DB00650,CC0 1.0,0.5714,Dice similarity of ECFPs,true
DB00293,DB00650,CC0 1.0,0.5714,Dice similarity of ECFPs,true
DB00846,DB01234,CC0 1.0,0.5031,Dice similarity of ECFPs,true
DB00846,DB01234,CC0 1.0,0.5031,Dice similarity of ECFPs,true
DB01340,DB01252,CC0 1.0,0.543,Dice similarity of ECFPs,true
DB01340,DB01252,CC0 1.0,0.543,Dice similarity of ECFPs,true
DB00206,DB01392,CC0 1.0,0.5729,Dice similarity of ECFPs,true
DB00206,DB01392,CC0 1.0,0.5729,Dice similarity of ECFPs,true
DB00591,DB00588,CC0 1.0,0.7119,Dice similarity of ECFPs,true
DB00591,DB00588,CC0 1.0,0.7119,Dice similarity of ECFPs,true
DB01060,DB01603,CC0 1.0,0.6715,Dice similarity of ECFPs,true
DB01060,DB01603,CC0 1.0,0.6715,Dice similarity of ECFPs,true
DB00399,DB00630,CC0 1.0,0.6133,Dice similarity of ECFPs,true
DB00399,DB00630,CC0 1.0,0.6133,Dice similarity of ECFPs,true
DB00288,DB01047,CC0 1.0,0.7629,Dice similarity of ECFPs,true
DB00288,DB01047,CC0 1.0,0.7629,Dice similarity of ECFPs,true
DB01403,DB00392,CC0 1.0,0.6719,Dice similarity of ECFPs,true
DB01403,DB00392,CC0 1.0,0.6719,Dice similarity of ECFPs,true
DB01231,DB01625,CC0 1.0,0.5468,Dice similarity of ECFPs,true
DB01231,DB01625,CC0 1.0,0.5468,Dice similarity of ECFPs,true
DB01111,DB00803,CC0 1.0,0.761,Dice similarity of ECFPs,true
DB01111,DB00803,CC0 1.0,0.761,Dice similarity of ECFPs,true
DB00242,DB06213,CC0 1.0,0.5649,Dice similarity of ECFPs,true
DB00242,DB06213,CC0 1.0,0.5649,Dice similarity of ECFPs,true
DB00925,DB00289,CC0 1.0,0.5172,Dice similarity of ECFPs,true
DB00925,DB00289,CC0 1.0,0.5172,Dice similarity of ECFPs,true
DB00924,DB00726,CC0 1.0,0.5161,Dice similarity of ECFPs,true
DB00924,DB00726,CC0 1.0,0.5161,Dice similarity of ECFPs,true
DB01180,DB04877,CC0 1.0,0.5324,Dice similarity of ECFPs,true
DB01180,DB04877,CC0 1.0,0.5324,Dice similarity of ECFPs,true
DB00341,DB00568,CC0 1.0,0.6296,Dice similarity of ECFPs,true
DB00341,DB00568,CC0 1.0,0.6296,Dice similarity of ECFPs,true
DB00508,DB01614,CC0 1.0,0.8182,Dice similarity of ECFPs,true
DB00508,DB01614,CC0 1.0,0.8182,Dice similarity of ECFPs,true
DB01015,DB00359,CC0 1.0,0.6737,Dice similarity of ECFPs,true
DB01015,DB00359,CC0 1.0,0.6737,Dice similarity of ECFPs,true
DB01013,DB00223,CC0 1.0,0.6626,Dice similarity of ECFPs,true
DB01013,DB00223,CC0 1.0,0.6626,Dice similarity of ECFPs,true
DB00850,DB01608,CC0 1.0,0.7355,Dice similarity of ECFPs,true
DB00850,DB01608,CC0 1.0,0.7355,Dice similarity of ECFPs,true
DB01208,DB01044,CC0 1.0,0.6577,Dice similarity of ECFPs,true
DB01208,DB01044,CC0 1.0,0.6577,Dice similarity of ECFPs,true
DB00801,DB01559,CC0 1.0,0.5238,Dice similarity of ECFPs,true
DB00801,DB01559,CC0 1.0,0.5238,Dice similarity of ECFPs,true
DB08798,DB00634,CC0 1.0,0.6512,Dice similarity of ECFPs,true
DB08798,DB00634,CC0 1.0,0.6512,Dice similarity of ECFPs,true
DB01001,DB01064,CC0 1.0,0.6353,Dice similarity of ECFPs,true
DB01001,DB01064,CC0 1.0,0.6353,Dice similarity of ECFPs,true
DB00596,DB00959,CC0 1.0,0.5342,Dice similarity of ECFPs,true
DB00596,DB00959,CC0 1.0,0.5342,Dice similarity of ECFPs,true
DB00739,DB01060,CC0 1.0,0.5571,Dice similarity of ECFPs,true
DB00739,DB01060,CC0 1.0,0.5571,Dice similarity of ECFPs,true
DB09015,DB01185,CC0 1.0,0.518,Dice similarity of ECFPs,true
DB09015,DB01185,CC0 1.0,0.518,Dice similarity of ECFPs,true
DB01015,DB00891,CC0 1.0,0.7158,Dice similarity of ECFPs,true
DB01015,DB00891,CC0 1.0,0.7158,Dice similarity of ECFPs,true
DB00654,DB00374,CC0 1.0,0.506,Dice similarity of ECFPs,true
DB00654,DB00374,CC0 1.0,0.506,Dice similarity of ECFPs,true
DB06218,DB00217,CC0 1.0,0.6207,Dice similarity of ECFPs,true
DB06218,DB00217,CC0 1.0,0.6207,Dice similarity of ECFPs,true
DB01551,DB00318,CC0 1.0,0.7937,Dice similarity of ECFPs,true
DB01551,DB00318,CC0 1.0,0.7937,Dice similarity of ECFPs,true
DB00383,DB01062,CC0 1.0,0.6849,Dice similarity of ECFPs,true
DB00383,DB01062,CC0 1.0,0.6849,Dice similarity of ECFPs,true
DB00902,DB00420,CC0 1.0,0.7167,Dice similarity of ECFPs,true
DB00902,DB00420,CC0 1.0,0.7167,Dice similarity of ECFPs,true
DB00991,DB00333,CC0 1.0,0.5156,Dice similarity of ECFPs,true
DB00991,DB00333,CC0 1.0,0.5156,Dice similarity of ECFPs,true
DB01227,DB01615,CC0 1.0,0.5,Dice similarity of ECFPs,true
DB01227,DB01615,CC0 1.0,0.5,Dice similarity of ECFPs,true
DB06729,DB00359,CC0 1.0,0.6486,Dice similarity of ECFPs,true
DB06729,DB00359,CC0 1.0,0.6486,Dice similarity of ECFPs,true
DB01081,DB00257,CC0 1.0,0.5549,Dice similarity of ECFPs,true
DB01081,DB00257,CC0 1.0,0.5549,Dice similarity of ECFPs,true
DB01231,DB08796,CC0 1.0,0.5166,Dice similarity of ECFPs,true
DB01231,DB08796,CC0 1.0,0.5166,Dice similarity of ECFPs,true
DB00035,DB02638,CC0 1.0,0.85,Dice similarity of ECFPs,true
DB00035,DB02638,CC0 1.0,0.85,Dice similarity of ECFPs,true
DB00801,DB00829,CC0 1.0,0.8226,Dice similarity of ECFPs,true
DB00801,DB00829,CC0 1.0,0.8226,Dice similarity of ECFPs,true
DB09002,DB00836,CC0 1.0,0.5091,Dice similarity of ECFPs,true
DB09002,DB00836,CC0 1.0,0.5091,Dice similarity of ECFPs,true
DB00647,DB01616,CC0 1.0,0.5606,Dice similarity of ECFPs,true
DB00647,DB01616,CC0 1.0,0.5606,Dice similarity of ECFPs,true
DB00628,DB01553,CC0 1.0,0.5156,Dice similarity of ECFPs,true
DB00628,DB01553,CC0 1.0,0.5156,Dice similarity of ECFPs,true
DB06689,DB00132,CC0 1.0,0.6179,Dice similarity of ECFPs,true
DB06689,DB00132,CC0 1.0,0.6179,Dice similarity of ECFPs,true
DB00801,DB00475,CC0 1.0,0.5827,Dice similarity of ECFPs,true
DB00801,DB00475,CC0 1.0,0.5827,Dice similarity of ECFPs,true
DB00865,DB00946,CC0 1.0,0.5,Dice similarity of ECFPs,true
DB00865,DB00946,CC0 1.0,0.5,Dice similarity of ECFPs,true
DB06710,DB00367,CC0 1.0,0.5556,Dice similarity of ECFPs,true
DB06710,DB00367,CC0 1.0,0.5556,Dice similarity of ECFPs,true
DB00120,DB00936,CC0 1.0,0.5333,Dice similarity of ECFPs,true
DB00120,DB00936,CC0 1.0,0.5333,Dice similarity of ECFPs,true
DB01227,DB08944,CC0 1.0,0.5132,Dice similarity of ECFPs,true
DB01227,DB08944,CC0 1.0,0.5132,Dice similarity of ECFPs,true
DB01228,DB01428,CC0 1.0,0.5041,Dice similarity of ECFPs,true
DB01228,DB01428,CC0 1.0,0.5041,Dice similarity of ECFPs,true
DB00557,DB08990,CC0 1.0,0.525,Dice similarity of ECFPs,true
DB00557,DB08990,CC0 1.0,0.525,Dice similarity of ECFPs,true
DB00882,DB00721,CC0 1.0,0.5038,Dice similarity of ECFPs,true
DB00882,DB00721,CC0 1.0,0.5038,Dice similarity of ECFPs,true
DB08981,DB01014,CC0 1.0,0.5079,Dice similarity of ECFPs,true
DB08981,DB01014,CC0 1.0,0.5079,Dice similarity of ECFPs,true
DB00752,DB00191,CC0 1.0,0.5172,Dice similarity of ECFPs,true
DB00752,DB00191,CC0 1.0,0.5172,Dice similarity of ECFPs,true
DB01086,DB00636,CC0 1.0,0.5263,Dice similarity of ECFPs,true
DB01086,DB00636,CC0 1.0,0.5263,Dice similarity of ECFPs,true
DB00586,DB00963,CC0 1.0,0.5556,Dice similarity of ECFPs,true
DB00586,DB00963,CC0 1.0,0.5556,Dice similarity of ECFPs,true
DB01332,DB00229,CC0 1.0,0.5122,Dice similarity of ECFPs,true
DB01332,DB00229,CC0 1.0,0.5122,Dice similarity of ECFPs,true
DB00433,DB00680,CC0 1.0,0.6,Dice similarity of ECFPs,true
DB00433,DB00680,CC0 1.0,0.6,Dice similarity of ECFPs,true
DB08967,DB01614,CC0 1.0,0.6164,Dice similarity of ECFPs,true
DB08967,DB01614,CC0 1.0,0.6164,Dice similarity of ECFPs,true
DB00937,DB08918,CC0 1.0,0.5714,Dice similarity of ECFPs,true
DB00937,DB08918,CC0 1.0,0.5714,Dice similarity of ECFPs,true
DB00957,DB06713,CC0 1.0,0.8472,Dice similarity of ECFPs,true
DB00957,DB06713,CC0 1.0,0.8472,Dice similarity of ECFPs,true
DB00433,DB08967,CC0 1.0,0.5065,Dice similarity of ECFPs,true
DB00433,DB08967,CC0 1.0,0.5065,Dice similarity of ECFPs,true
DB00521,DB01001,CC0 1.0,0.5049,Dice similarity of ECFPs,true
DB00521,DB01001,CC0 1.0,0.5049,Dice similarity of ECFPs,true
DB06710,DB00741,CC0 1.0,0.697,Dice similarity of ECFPs,true
DB06710,DB00741,CC0 1.0,0.697,Dice similarity of ECFPs,true
DB01265,DB00432,CC0 1.0,0.8081,Dice similarity of ECFPs,true
DB01265,DB00432,CC0 1.0,0.8081,Dice similarity of ECFPs,true
DB00405,DB01173,CC0 1.0,0.5405,Dice similarity of ECFPs,true
DB00405,DB01173,CC0 1.0,0.5405,Dice similarity of ECFPs,true
DB00807,DB00721,CC0 1.0,0.7238,Dice similarity of ECFPs,true
DB00807,DB00721,CC0 1.0,0.7238,Dice similarity of ECFPs,true
DB01237,DB08996,CC0 1.0,0.5042,Dice similarity of ECFPs,true
DB01237,DB08996,CC0 1.0,0.5042,Dice similarity of ECFPs,true
DB01416,DB00229,CC0 1.0,0.6163,Dice similarity of ECFPs,true
DB01416,DB00229,CC0 1.0,0.6163,Dice similarity of ECFPs,true
DB01511,DB00683,CC0 1.0,0.6341,Dice similarity of ECFPs,true
DB01511,DB00683,CC0 1.0,0.6341,Dice similarity of ECFPs,true
DB00620,DB00443,CC0 1.0,0.92,Dice similarity of ECFPs,true
DB00620,DB00443,CC0 1.0,0.92,Dice similarity of ECFPs,true
DB08604,DB01110,CC0 1.0,0.5593,Dice similarity of ECFPs,true
DB08604,DB01110,CC0 1.0,0.5593,Dice similarity of ECFPs,true
DB00985,DB01075,CC0 1.0,0.6395,Dice similarity of ECFPs,true
DB00985,DB01075,CC0 1.0,0.6395,Dice similarity of ECFPs,true
DB00546,DB01489,CC0 1.0,0.6528,Dice similarity of ECFPs,true
DB00546,DB01489,CC0 1.0,0.6528,Dice similarity of ECFPs,true
DB04575,DB00823,CC0 1.0,0.5,Dice similarity of ECFPs,true
DB04575,DB00823,CC0 1.0,0.5,Dice similarity of ECFPs,true
DB01501,DB01625,CC0 1.0,0.5,Dice similarity of ECFPs,true
DB01501,DB01625,CC0 1.0,0.5,Dice similarity of ECFPs,true
DB00663,DB00240,CC0 1.0,0.5868,Dice similarity of ECFPs,true
DB00663,DB00240,CC0 1.0,0.5868,Dice similarity of ECFPs,true
DB01397,DB01398,CC0 1.0,0.6353,Dice similarity of ECFPs,true
DB01397,DB01398,CC0 1.0,0.6353,Dice similarity of ECFPs,true
DB08990,DB00729,CC0 1.0,0.5063,Dice similarity of ECFPs,true
DB08990,DB00729,CC0 1.0,0.5063,Dice similarity of ECFPs,true
DB00936,DB00244,CC0 1.0,0.6786,Dice similarity of ECFPs,true
DB00936,DB00244,CC0 1.0,0.6786,Dice similarity of ECFPs,true
DB01013,DB00591,CC0 1.0,0.6047,Dice similarity of ECFPs,true
DB01013,DB00591,CC0 1.0,0.6047,Dice similarity of ECFPs,true
DB06730,DB00294,CC0 1.0,0.7121,Dice similarity of ECFPs,true
DB06730,DB00294,CC0 1.0,0.7121,Dice similarity of ECFPs,true
DB01130,DB00588,CC0 1.0,0.5134,Dice similarity of ECFPs,true
DB01130,DB00588,CC0 1.0,0.5134,Dice similarity of ECFPs,true
DB08801,DB04837,CC0 1.0,0.521,Dice similarity of ECFPs,true
DB08801,DB04837,CC0 1.0,0.521,Dice similarity of ECFPs,true
DB00624,DB00858,CC0 1.0,0.6833,Dice similarity of ECFPs,true
DB00624,DB00858,CC0 1.0,0.6833,Dice similarity of ECFPs,true
DB01176,DB01619,CC0 1.0,0.5593,Dice similarity of ECFPs,true
DB01176,DB01619,CC0 1.0,0.5593,Dice similarity of ECFPs,true
DB00557,DB01237,CC0 1.0,0.5263,Dice similarity of ECFPs,true
DB00557,DB01237,CC0 1.0,0.5263,Dice similarity of ECFPs,true
DB01616,DB01244,CC0 1.0,0.5248,Dice similarity of ECFPs,true
DB01616,DB01244,CC0 1.0,0.5248,Dice similarity of ECFPs,true
DB01329,DB00274,CC0 1.0,0.5171,Dice similarity of ECFPs,true
DB01329,DB00274,CC0 1.0,0.5171,Dice similarity of ECFPs,true
DB01544,DB00690,CC0 1.0,0.6857,Dice similarity of ECFPs,true
DB01544,DB00690,CC0 1.0,0.6857,Dice similarity of ECFPs,true
DB00679,DB01621,CC0 1.0,0.6341,Dice similarity of ECFPs,true
DB00679,DB01621,CC0 1.0,0.6341,Dice similarity of ECFPs,true
DB00504,DB00611,CC0 1.0,0.6308,Dice similarity of ECFPs,true
DB00504,DB00611,CC0 1.0,0.6308,Dice similarity of ECFPs,true
DB01594,DB00231,CC0 1.0,0.6977,Dice similarity of ECFPs,true
DB01594,DB00231,CC0 1.0,0.6977,Dice similarity of ECFPs,true
DB00600,DB00573,CC0 1.0,0.5263,Dice similarity of ECFPs,true
DB00600,DB00573,CC0 1.0,0.5263,Dice similarity of ECFPs,true
DB00445,DB00997,CC0 1.0,1.0,Dice similarity of ECFPs,true
DB00445,DB00997,CC0 1.0,1.0,Dice similarity of ECFPs,true
DB00567,DB01061,CC0 1.0,0.5714,Dice similarity of ECFPs,true
DB00567,DB01061,CC0 1.0,0.5714,Dice similarity of ECFPs,true
DB00187,DB00195,CC0 1.0,0.7667,Dice similarity of ECFPs,true
DB00187,DB00195,CC0 1.0,0.7667,Dice similarity of ECFPs,true
DB01582,DB06147,CC0 1.0,0.6598,Dice similarity of ECFPs,true
DB01582,DB06147,CC0 1.0,0.6598,Dice similarity of ECFPs,true
DB08941,DB00397,CC0 1.0,0.5,Dice similarity of ECFPs,true
DB08941,DB00397,CC0 1.0,0.5,Dice similarity of ECFPs,true
DB00294,DB01357,CC0 1.0,0.5303,Dice similarity of ECFPs,true
DB00294,DB01357,CC0 1.0,0.5303,Dice similarity of ECFPs,true
DB00401,DB00393,CC0 1.0,0.7179,Dice similarity of ECFPs,true
DB00401,DB00393,CC0 1.0,0.7179,Dice similarity of ECFPs,true
DB00929,DB01046,CC0 1.0,0.5946,Dice similarity of ECFPs,true
DB00929,DB01046,CC0 1.0,0.5946,Dice similarity of ECFPs,true
DB00719,DB00370,CC0 1.0,0.6129,Dice similarity of ECFPs,true
DB00719,DB00370,CC0 1.0,0.6129,Dice similarity of ECFPs,true
DB00180,DB00223,CC0 1.0,0.646,Dice similarity of ECFPs,true
DB00180,DB00223,CC0 1.0,0.646,Dice similarity of ECFPs,true
DB00865,DB00420,CC0 1.0,0.5091,Dice similarity of ECFPs,true
DB00865,DB00420,CC0 1.0,0.5091,Dice similarity of ECFPs,true
DB06770,DB01121,CC0 1.0,0.6102,Dice similarity of ECFPs,true
DB06770,DB01121,CC0 1.0,0.6102,Dice similarity of ECFPs,true
DB01112,DB00493,CC0 1.0,0.7654,Dice similarity of ECFPs,true
DB01112,DB00493,CC0 1.0,0.7654,Dice similarity of ECFPs,true
DB01216,DB01420,CC0 1.0,0.5278,Dice similarity of ECFPs,true
DB01216,DB01420,CC0 1.0,0.5278,Dice similarity of ECFPs,true
DB01151,DB00420,CC0 1.0,0.6496,Dice similarity of ECFPs,true
DB01151,DB00420,CC0 1.0,0.6496,Dice similarity of ECFPs,true
DB00359,DB00576,CC0 1.0,0.6737,Dice similarity of ECFPs,true
DB00359,DB00576,CC0 1.0,0.6737,Dice similarity of ECFPs,true
DB00247,DB00699,CC0 1.0,0.5217,Dice similarity of ECFPs,true
DB00247,DB00699,CC0 1.0,0.5217,Dice similarity of ECFPs,true
DB00180,DB08971,CC0 1.0,0.7516,Dice similarity of ECFPs,true
DB00180,DB08971,CC0 1.0,0.7516,Dice similarity of ECFPs,true
DB00924,DB00192,CC0 1.0,0.5079,Dice similarity of ECFPs,true
DB00924,DB00192,CC0 1.0,0.5079,Dice similarity of ECFPs,true
DB00443,DB00894,CC0 1.0,0.5109,Dice similarity of ECFPs,true
DB00443,DB00894,CC0 1.0,0.5109,Dice similarity of ECFPs,true
DB01260,DB00959,CC0 1.0,0.6968,Dice similarity of ECFPs,true
DB01260,DB00959,CC0 1.0,0.6968,Dice similarity of ECFPs,true
DB01222,DB00769,CC0 1.0,0.5251,Dice similarity of ECFPs,true
DB01222,DB00769,CC0 1.0,0.5251,Dice similarity of ECFPs,true
DB00873,DB00288,CC0 1.0,0.5287,Dice similarity of ECFPs,true
DB00873,DB00288,CC0 1.0,0.5287,Dice similarity of ECFPs,true
DB01173,DB00925,CC0 1.0,0.5424,Dice similarity of ECFPs,true
DB01173,DB00925,CC0 1.0,0.5424,Dice similarity of ECFPs,true
DB01289,DB00672,CC0 1.0,0.5075,Dice similarity of ECFPs,true
DB01289,DB00672,CC0 1.0,0.5075,Dice similarity of ECFPs,true
DB00378,DB01420,CC0 1.0,0.6418,Dice similarity of ECFPs,true
DB00378,DB01420,CC0 1.0,0.6418,Dice similarity of ECFPs,true
DB06616,DB05294,CC0 1.0,0.5213,Dice similarity of ECFPs,true
DB06616,DB05294,CC0 1.0,0.5213,Dice similarity of ECFPs,true
DB08799,DB01244,CC0 1.0,0.6331,Dice similarity of ECFPs,true
DB08799,DB01244,CC0 1.0,0.6331,Dice similarity of ECFPs,true
DB00359,DB00259,CC0 1.0,0.6234,Dice similarity of ECFPs,true
DB00359,DB00259,CC0 1.0,0.6234,Dice similarity of ECFPs,true
DB00408,DB01567,CC0 1.0,0.5397,Dice similarity of ECFPs,true
DB00408,DB01567,CC0 1.0,0.5397,Dice similarity of ECFPs,true
DB00187,DB01214,CC0 1.0,0.5345,Dice similarity of ECFPs,true
DB00187,DB01214,CC0 1.0,0.5345,Dice similarity of ECFPs,true
DB01382,DB00359,CC0 1.0,0.5741,Dice similarity of ECFPs,true
DB01382,DB00359,CC0 1.0,0.5741,Dice similarity of ECFPs,true
DB05245,DB08798,CC0 1.0,0.5253,Dice similarity of ECFPs,true
DB05245,DB08798,CC0 1.0,0.5253,Dice similarity of ECFPs,true
DB01029,DB00177,CC0 1.0,0.6522,Dice similarity of ECFPs,true
DB01029,DB00177,CC0 1.0,0.6522,Dice similarity of ECFPs,true
DB00412,DB00792,CC0 1.0,0.5039,Dice similarity of ECFPs,true
DB00412,DB00792,CC0 1.0,0.5039,Dice similarity of ECFPs,true
DB06691,DB01620,CC0 1.0,0.5536,Dice similarity of ECFPs,true
DB06691,DB01620,CC0 1.0,0.5536,Dice similarity of ECFPs,true
DB01058,DB00377,CC0 1.0,0.5,Dice similarity of ECFPs,true
DB01058,DB00377,CC0 1.0,0.5,Dice similarity of ECFPs,true
DB00192,DB00321,CC0 1.0,0.5079,Dice similarity of ECFPs,true
DB00192,DB00321,CC0 1.0,0.5079,Dice similarity of ECFPs,true
DB00925,DB00392,CC0 1.0,0.5,Dice similarity of ECFPs,true
DB00925,DB00392,CC0 1.0,0.5,Dice similarity of ECFPs,true
DB00985,DB01176,CC0 1.0,0.5166,Dice similarity of ECFPs,true
DB00985,DB01176,CC0 1.0,0.5166,Dice similarity of ECFPs,true
DB00289,DB08990,CC0 1.0,0.518,Dice similarity of ECFPs,true
DB00289,DB08990,CC0 1.0,0.518,Dice similarity of ECFPs,true
DB01408,DB00871,CC0 1.0,0.5636,Dice similarity of ECFPs,true
DB01408,DB00871,CC0 1.0,0.5636,Dice similarity of ECFPs,true
DB00433,DB01149,CC0 1.0,0.5799,Dice similarity of ECFPs,true
DB00433,DB01149,CC0 1.0,0.5799,Dice similarity of ECFPs,true
DB01073,DB00194,CC0 1.0,0.678,Dice similarity of ECFPs,true
DB01073,DB00194,CC0 1.0,0.678,Dice similarity of ECFPs,true
DB00647,DB00813,CC0 1.0,0.5734,Dice similarity of ECFPs,true
DB00647,DB00813,CC0 1.0,0.5734,Dice similarity of ECFPs,true
DB01018,DB00629,CC0 1.0,0.5385,Dice similarity of ECFPs,true
DB01018,DB00629,CC0 1.0,0.5385,Dice similarity of ECFPs,true
DB06710,DB01357,CC0 1.0,0.5079,Dice similarity of ECFPs,true
DB06710,DB01357,CC0 1.0,0.5079,Dice similarity of ECFPs,true
DB00846,DB00253,CC0 1.0,0.6447,Dice similarity of ECFPs,true
DB00846,DB00253,CC0 1.0,0.6447,Dice similarity of ECFPs,true
DB00925,DB01075,CC0 1.0,0.6034,Dice similarity of ECFPs,true
DB00925,DB01075,CC0 1.0,0.6034,Dice similarity of ECFPs,true
DB01332,DB00267,CC0 1.0,0.7329,Dice similarity of ECFPs,true
DB01332,DB00267,CC0 1.0,0.7329,Dice similarity of ECFPs,true
DB00129,DB00134,CC0 1.0,0.6522,Dice similarity of ECFPs,true
DB00129,DB00134,CC0 1.0,0.6522,Dice similarity of ECFPs,true
DB01053,DB00567,CC0 1.0,0.5581,Dice similarity of ECFPs,true
DB01053,DB00567,CC0 1.0,0.5581,Dice similarity of ECFPs,true
DB00182,DB01364,CC0 1.0,0.5574,Dice similarity of ECFPs,true
DB00182,DB01364,CC0 1.0,0.5574,Dice similarity of ECFPs,true
DB00823,DB01420,CC0 1.0,0.5,Dice similarity of ECFPs,true
DB00823,DB01420,CC0 1.0,0.5,Dice similarity of ECFPs,true
DB00438,DB01416,CC0 1.0,0.7039,Dice similarity of ECFPs,true
DB00438,DB01416,CC0 1.0,0.7039,Dice similarity of ECFPs,true
DB00792,DB00321,CC0 1.0,0.5172,Dice similarity of ECFPs,true
DB00792,DB00321,CC0 1.0,0.5172,Dice similarity of ECFPs,true
DB01588,DB00972,CC0 1.0,0.5139,Dice similarity of ECFPs,true
DB01588,DB00972,CC0 1.0,0.5139,Dice similarity of ECFPs,true
DB01176,DB01244,CC0 1.0,0.5507,Dice similarity of ECFPs,true
DB01176,DB01244,CC0 1.0,0.5507,Dice similarity of ECFPs,true
DB00469,DB00814,CC0 1.0,0.5645,Dice similarity of ECFPs,true
DB00469,DB00814,CC0 1.0,0.5645,Dice similarity of ECFPs,true
DB00345,DB00259,CC0 1.0,0.5373,Dice similarity of ECFPs,true
DB00345,DB00259,CC0 1.0,0.5373,Dice similarity of ECFPs,true
DB01260,DB00180,CC0 1.0,0.8675,Dice similarity of ECFPs,true
DB01260,DB00180,CC0 1.0,0.8675,Dice similarity of ECFPs,true
DB01114,DB01075,CC0 1.0,0.5321,Dice similarity of ECFPs,true
DB01114,DB01075,CC0 1.0,0.5321,Dice similarity of ECFPs,true
DB00607,DB01147,CC0 1.0,0.7296,Dice similarity of ECFPs,true
DB00607,DB01147,CC0 1.0,0.7296,Dice similarity of ECFPs,true
DB00646,DB00826,CC0 1.0,0.6144,Dice similarity of ECFPs,true
DB00646,DB00826,CC0 1.0,0.6144,Dice similarity of ECFPs,true
DB06288,DB01233,CC0 1.0,0.5738,Dice similarity of ECFPs,true
DB06288,DB01233,CC0 1.0,0.5738,Dice similarity of ECFPs,true
DB00207,DB01211,CC0 1.0,0.8676,Dice similarity of ECFPs,true
DB00207,DB01211,CC0 1.0,0.8676,Dice similarity of ECFPs,true
DB00169,DB01436,CC0 1.0,0.8734,Dice similarity of ECFPs,true
DB00169,DB01436,CC0 1.0,0.8734,Dice similarity of ECFPs,true
DB01433,DB00836,CC0 1.0,0.5325,Dice similarity of ECFPs,true
DB01433,DB00836,CC0 1.0,0.5325,Dice similarity of ECFPs,true
DB04794,DB01006,CC0 1.0,0.5,Dice similarity of ECFPs,true
DB04794,DB01006,CC0 1.0,0.5,Dice similarity of ECFPs,true
DB01283,DB00500,CC0 1.0,0.5047,Dice similarity of ECFPs,true
DB01283,DB00500,CC0 1.0,0.5047,Dice similarity of ECFPs,true
DB00776,DB00682,CC0 1.0,0.5042,Dice similarity of ECFPs,true
DB00776,DB00682,CC0 1.0,0.5042,Dice similarity of ECFPs,true
DB01301,DB00453,CC0 1.0,0.7795,Dice similarity of ECFPs,true
DB01301,DB00453,CC0 1.0,0.7795,Dice similarity of ECFPs,true
DB01234,DB00896,CC0 1.0,0.6486,Dice similarity of ECFPs,true
DB01234,DB00896,CC0 1.0,0.6486,Dice similarity of ECFPs,true
DB00771,DB00986,CC0 1.0,0.5714,Dice similarity of ECFPs,true
DB00771,DB00986,CC0 1.0,0.5714,Dice similarity of ECFPs,true
DB00776,DB00745,CC0 1.0,0.5185,Dice similarity of ECFPs,true
DB00776,DB00745,CC0 1.0,0.5185,Dice similarity of ECFPs,true
DB00418,DB00312,CC0 1.0,0.8506,Dice similarity of ECFPs,true
DB00418,DB00312,CC0 1.0,0.8506,Dice similarity of ECFPs,true
DB01298,DB00576,CC0 1.0,0.6471,Dice similarity of ECFPs,true
DB01298,DB00576,CC0 1.0,0.6471,Dice similarity of ECFPs,true
DB06775,DB00855,CC0 1.0,0.5,Dice similarity of ECFPs,true
DB06775,DB00855,CC0 1.0,0.5,Dice similarity of ECFPs,true
DB01349,DB01029,CC0 1.0,0.6957,Dice similarity of ECFPs,true
DB01349,DB01029,CC0 1.0,0.6957,Dice similarity of ECFPs,true
DB01016,DB00672,CC0 1.0,0.5468,Dice similarity of ECFPs,true
DB01016,DB00672,CC0 1.0,0.5468,Dice similarity of ECFPs,true
DB01066,DB01333,CC0 1.0,0.5063,Dice similarity of ECFPs,true
DB01066,DB01333,CC0 1.0,0.5063,Dice similarity of ECFPs,true
DB00182,DB00397,CC0 1.0,0.6552,Dice similarity of ECFPs,true
DB00182,DB00397,CC0 1.0,0.6552,Dice similarity of ECFPs,true
DB00167,DB00160,CC0 1.0,0.6286,Dice similarity of ECFPs,true
DB00167,DB00160,CC0 1.0,0.6286,Dice similarity of ECFPs,true
DB01185,DB01420,CC0 1.0,0.563,Dice similarity of ECFPs,true
DB01185,DB01420,CC0 1.0,0.563,Dice similarity of ECFPs,true
DB01173,DB00234,CC0 1.0,0.528,Dice similarity of ECFPs,true
DB01173,DB00234,CC0 1.0,0.528,Dice similarity of ECFPs,true
DB01429,DB04837,CC0 1.0,0.5079,Dice similarity of ECFPs,true
DB01429,DB04837,CC0 1.0,0.5079,Dice similarity of ECFPs,true
DB00546,DB01215,CC0 1.0,0.7761,Dice similarity of ECFPs,true
DB00546,DB01215,CC0 1.0,0.7761,Dice similarity of ECFPs,true
DB00623,DB00679,CC0 1.0,0.5912,Dice similarity of ECFPs,true
DB00623,DB00679,CC0 1.0,0.5912,Dice similarity of ECFPs,true
DB01061,DB00485,CC0 1.0,0.5562,Dice similarity of ECFPs,true
DB01061,DB00485,CC0 1.0,0.5562,Dice similarity of ECFPs,true
DB01089,DB04877,CC0 1.0,0.5843,Dice similarity of ECFPs,true
DB01089,DB04877,CC0 1.0,0.5843,Dice similarity of ECFPs,true
DB08797,DB01428,CC0 1.0,0.5067,Dice similarity of ECFPs,true
DB08797,DB01428,CC0 1.0,0.5067,Dice similarity of ECFPs,true
DB06594,DB01428,CC0 1.0,0.5455,Dice similarity of ECFPs,true
DB06594,DB01428,CC0 1.0,0.5455,Dice similarity of ECFPs,true
DB00668,DB00221,CC0 1.0,0.675,Dice similarity of ECFPs,true
DB00668,DB00221,CC0 1.0,0.675,Dice similarity of ECFPs,true
DB01009,DB00573,CC0 1.0,0.7692,Dice similarity of ECFPs,true
DB01009,DB00573,CC0 1.0,0.7692,Dice similarity of ECFPs,true
DB01413,DB00535,CC0 1.0,0.6625,Dice similarity of ECFPs,true
DB01413,DB00535,CC0 1.0,0.6625,Dice similarity of ECFPs,true
DB00948,DB01603,CC0 1.0,0.5749,Dice similarity of ECFPs,true
DB00948,DB01603,CC0 1.0,0.5749,Dice similarity of ECFPs,true
DB00858,DB00396,CC0 1.0,0.576,Dice similarity of ECFPs,true
DB00858,DB00396,CC0 1.0,0.576,Dice similarity of ECFPs,true
DB01416,DB00833,CC0 1.0,0.5175,Dice similarity of ECFPs,true
DB01416,DB00833,CC0 1.0,0.5175,Dice similarity of ECFPs,true
DB00712,DB01009,CC0 1.0,0.699,Dice similarity of ECFPs,true
DB00712,DB01009,CC0 1.0,0.699,Dice similarity of ECFPs,true
DB01151,DB01242,CC0 1.0,0.7213,Dice similarity of ECFPs,true
DB01151,DB01242,CC0 1.0,0.7213,Dice similarity of ECFPs,true
DB00599,DB00237,CC0 1.0,0.7407,Dice similarity of ECFPs,true
DB00599,DB00237,CC0 1.0,0.7407,Dice similarity of ECFPs,true
DB08936,DB00972,CC0 1.0,0.5612,Dice similarity of ECFPs,true
DB08936,DB00972,CC0 1.0,0.5612,Dice similarity of ECFPs,true
DB00387,DB00810,CC0 1.0,0.7538,Dice similarity of ECFPs,true
DB00387,DB00810,CC0 1.0,0.7538,Dice similarity of ECFPs,true
DB01068,DB00404,CC0 1.0,0.5079,Dice similarity of ECFPs,true
DB01068,DB00404,CC0 1.0,0.5079,Dice similarity of ECFPs,true
DB01588,DB01594,CC0 1.0,0.6029,Dice similarity of ECFPs,true
DB01588,DB01594,CC0 1.0,0.6029,Dice similarity of ECFPs,true
DB09014,DB04837,CC0 1.0,0.512,Dice similarity of ECFPs,true
DB09014,DB04837,CC0 1.0,0.512,Dice similarity of ECFPs,true
DB00493,DB01150,CC0 1.0,0.5,Dice similarity of ECFPs,true
DB00493,DB01150,CC0 1.0,0.5,Dice similarity of ECFPs,true
DB01117,DB00972,CC0 1.0,0.5132,Dice similarity of ECFPs,true
DB01117,DB00972,CC0 1.0,0.5132,Dice similarity of ECFPs,true
DB06712,DB00270,CC0 1.0,0.6577,Dice similarity of ECFPs,true
DB06712,DB00270,CC0 1.0,0.6577,Dice similarity of ECFPs,true
DB00697,DB00484,CC0 1.0,0.6186,Dice similarity of ECFPs,true
DB00697,DB00484,CC0 1.0,0.6186,Dice similarity of ECFPs,true
DB00454,DB08918,CC0 1.0,0.5149,Dice similarity of ECFPs,true
DB00454,DB08918,CC0 1.0,0.5149,Dice similarity of ECFPs,true
DB01114,DB09002,CC0 1.0,0.5082,Dice similarity of ECFPs,true
DB01114,DB09002,CC0 1.0,0.5082,Dice similarity of ECFPs,true
DB00850,DB01623,CC0 1.0,0.5488,Dice similarity of ECFPs,true
DB00850,DB01623,CC0 1.0,0.5488,Dice similarity of ECFPs,true
DB01173,DB06691,CC0 1.0,0.5128,Dice similarity of ECFPs,true
DB01173,DB06691,CC0 1.0,0.5128,Dice similarity of ECFPs,true
DB00237,DB01352,CC0 1.0,0.7179,Dice similarity of ECFPs,true
DB00237,DB01352,CC0 1.0,0.7179,Dice similarity of ECFPs,true
DB00598,DB01182,CC0 1.0,0.5612,Dice similarity of ECFPs,true
DB00598,DB01182,CC0 1.0,0.5612,Dice similarity of ECFPs,true
DB00500,DB00870,CC0 1.0,0.549,Dice similarity of ECFPs,true
DB00500,DB00870,CC0 1.0,0.549,Dice similarity of ECFPs,true
DB00829,DB01553,CC0 1.0,0.5041,Dice similarity of ECFPs,true
DB00829,DB01553,CC0 1.0,0.5041,Dice similarity of ECFPs,true
DB00424,DB00245,CC0 1.0,0.6875,Dice similarity of ECFPs,true
DB00424,DB00245,CC0 1.0,0.6875,Dice similarity of ECFPs,true
DB00792,DB01142,CC0 1.0,0.5172,Dice similarity of ECFPs,true
DB00792,DB01142,CC0 1.0,0.5172,Dice similarity of ECFPs,true
DB00281,DB01161,CC0 1.0,0.5053,Dice similarity of ECFPs,true
DB00281,DB01161,CC0 1.0,0.5053,Dice similarity of ECFPs,true
DB01075,DB00539,CC0 1.0,0.5899,Dice similarity of ECFPs,true
DB01075,DB00539,CC0 1.0,0.5899,Dice similarity of ECFPs,true
DB00333,DB00726,CC0 1.0,0.5039,Dice similarity of ECFPs,true
DB00333,DB00726,CC0 1.0,0.5039,Dice similarity of ECFPs,true
DB00187,DB00612,CC0 1.0,0.7377,Dice similarity of ECFPs,true
DB00187,DB00612,CC0 1.0,0.7377,Dice similarity of ECFPs,true
DB00595,DB00759,CC0 1.0,0.8588,Dice similarity of ECFPs,true
DB00595,DB00759,CC0 1.0,0.8588,Dice similarity of ECFPs,true
DB01407,DB00871,CC0 1.0,0.6744,Dice similarity of ECFPs,true
DB01407,DB00871,CC0 1.0,0.6744,Dice similarity of ECFPs,true
DB00936,DB08797,CC0 1.0,0.8148,Dice similarity of ECFPs,true
DB00936,DB08797,CC0 1.0,0.8148,Dice similarity of ECFPs,true
DB06713,DB00304,CC0 1.0,0.6917,Dice similarity of ECFPs,true
DB06713,DB00304,CC0 1.0,0.6917,Dice similarity of ECFPs,true
DB00332,DB00747,CC0 1.0,0.6667,Dice similarity of ECFPs,true
DB00332,DB00747,CC0 1.0,0.6667,Dice similarity of ECFPs,true
DB00547,DB00687,CC0 1.0,0.589,Dice similarity of ECFPs,true
DB00547,DB00687,CC0 1.0,0.589,Dice similarity of ECFPs,true
DB01136,DB01295,CC0 1.0,0.5786,Dice similarity of ECFPs,true
DB01136,DB01295,CC0 1.0,0.5786,Dice similarity of ECFPs,true
DB06827,DB00314,CC0 1.0,0.5483,Dice similarity of ECFPs,true
DB06827,DB00314,CC0 1.0,0.5483,Dice similarity of ECFPs,true
DB01173,DB00946,CC0 1.0,0.547,Dice similarity of ECFPs,true
DB01173,DB00946,CC0 1.0,0.547,Dice similarity of ECFPs,true
DB00123,DB00174,CC0 1.0,0.5417,Dice similarity of ECFPs,true
DB00123,DB00174,CC0 1.0,0.5417,Dice similarity of ECFPs,true
DB01215,DB00404,CC0 1.0,0.8254,Dice similarity of ECFPs,true
DB01215,DB00404,CC0 1.0,0.8254,Dice similarity of ECFPs,true
DB04574,DB00286,CC0 1.0,0.9118,Dice similarity of ECFPs,true
DB04574,DB00286,CC0 1.0,0.9118,Dice similarity of ECFPs,true
DB00498,DB00231,CC0 1.0,0.5,Dice similarity of ECFPs,true
DB00498,DB00231,CC0 1.0,0.5,Dice similarity of ECFPs,true
DB00296,DB00961,CC0 1.0,0.8491,Dice similarity of ECFPs,true
DB00296,DB00961,CC0 1.0,0.8491,Dice similarity of ECFPs,true
DB00595,DB00560,CC0 1.0,0.5612,Dice similarity of ECFPs,true
DB00595,DB00560,CC0 1.0,0.5612,Dice similarity of ECFPs,true
DB01075,DB08994,CC0 1.0,0.512,Dice similarity of ECFPs,true
DB01075,DB08994,CC0 1.0,0.512,Dice similarity of ECFPs,true
DB00624,DB06710,CC0 1.0,0.8,Dice similarity of ECFPs,true
DB00624,DB06710,CC0 1.0,0.8,Dice similarity of ECFPs,true
DB00363,DB00842,CC0 1.0,0.5484,Dice similarity of ECFPs,true
DB00363,DB00842,CC0 1.0,0.5484,Dice similarity of ECFPs,true
DB01239,DB00683,CC0 1.0,0.5079,Dice similarity of ECFPs,true
DB01239,DB00683,CC0 1.0,0.5079,Dice similarity of ECFPs,true
DB01614,DB00777,CC0 1.0,0.7727,Dice similarity of ECFPs,true
DB01614,DB00777,CC0 1.0,0.7727,Dice similarity of ECFPs,true
DB00623,DB00508,CC0 1.0,0.7451,Dice similarity of ECFPs,true
DB00623,DB00508,CC0 1.0,0.7451,Dice similarity of ECFPs,true
DB00925,DB08994,CC0 1.0,0.5191,Dice similarity of ECFPs,true
DB00925,DB08994,CC0 1.0,0.5191,Dice similarity of ECFPs,true
DB00668,DB00368,CC0 1.0,0.806,Dice similarity of ECFPs,true
DB00668,DB00368,CC0 1.0,0.806,Dice similarity of ECFPs,true
DB01012,DB01091,CC0 1.0,0.5634,Dice similarity of ECFPs,true
DB01012,DB01091,CC0 1.0,0.5634,Dice similarity of ECFPs,true
DB01192,DB00921,CC0 1.0,0.5385,Dice similarity of ECFPs,true
DB01192,DB00921,CC0 1.0,0.5385,Dice similarity of ECFPs,true
DB01021,DB01325,CC0 1.0,0.6,Dice similarity of ECFPs,true
DB01021,DB01325,CC0 1.0,0.6,Dice similarity of ECFPs,true
DB00299,DB01004,CC0 1.0,0.66,Dice similarity of ECFPs,true
DB00299,DB01004,CC0 1.0,0.66,Dice similarity of ECFPs,true
DB00537,DB00218,CC0 1.0,0.6351,Dice similarity of ECFPs,true
DB00537,DB00218,CC0 1.0,0.6351,Dice similarity of ECFPs,true
DB00624,DB01380,CC0 1.0,0.6087,Dice similarity of ECFPs,true
DB00624,DB01380,CC0 1.0,0.6087,Dice similarity of ECFPs,true
DB04573,DB01357,CC0 1.0,0.6129,Dice similarity of ECFPs,true
DB04573,DB01357,CC0 1.0,0.6129,Dice similarity of ECFPs,true
DB00420,DB01142,CC0 1.0,0.5714,Dice similarity of ECFPs,true
DB00420,DB01142,CC0 1.0,0.5714,Dice similarity of ECFPs,true
DB00542,DB01348,CC0 1.0,0.5714,Dice similarity of ECFPs,true
DB00542,DB01348,CC0 1.0,0.5714,Dice similarity of ECFPs,true
DB00174,DB00138,CC0 1.0,0.5517,Dice similarity of ECFPs,true
DB00174,DB00138,CC0 1.0,0.5517,Dice similarity of ECFPs,true
DB01116,DB01176,CC0 1.0,0.5,Dice similarity of ECFPs,true
DB01116,DB01176,CC0 1.0,0.5,Dice similarity of ECFPs,true
DB01399,DB01609,CC0 1.0,0.5113,Dice similarity of ECFPs,true
DB01399,DB01609,CC0 1.0,0.5113,Dice similarity of ECFPs,true
DB00923,DB01329,CC0 1.0,0.6182,Dice similarity of ECFPs,true
DB00923,DB01329,CC0 1.0,0.6182,Dice similarity of ECFPs,true
DB00696,DB01253,CC0 1.0,0.6073,Dice similarity of ECFPs,true
DB00696,DB01253,CC0 1.0,0.6073,Dice similarity of ECFPs,true
DB06771,DB00978,CC0 1.0,0.6056,Dice similarity of ECFPs,true
DB06771,DB00978,CC0 1.0,0.6056,Dice similarity of ECFPs,true
DB00561,DB01320,CC0 1.0,0.5395,Dice similarity of ECFPs,true
DB00561,DB01320,CC0 1.0,0.5395,Dice similarity of ECFPs,true
DB00661,DB01295,CC0 1.0,0.5432,Dice similarity of ECFPs,true
DB00661,DB01295,CC0 1.0,0.5432,Dice similarity of ECFPs,true
DB06802,DB08981,CC0 1.0,0.5421,Dice similarity of ECFPs,true
DB06802,DB08981,CC0 1.0,0.5421,Dice similarity of ECFPs,true
DB00211,DB00723,CC0 1.0,0.6966,Dice similarity of ECFPs,true
DB00211,DB00723,CC0 1.0,0.6966,Dice similarity of ECFPs,true
DB00776,DB00564,CC0 1.0,0.717,Dice similarity of ECFPs,true
DB00776,DB00564,CC0 1.0,0.717,Dice similarity of ECFPs,true
DB00768,DB01242,CC0 1.0,0.5224,Dice similarity of ECFPs,true
DB00768,DB01242,CC0 1.0,0.5224,Dice similarity of ECFPs,true
DB00984,DB00823,CC0 1.0,0.5091,Dice similarity of ECFPs,true
DB00984,DB00823,CC0 1.0,0.5091,Dice similarity of ECFPs,true
DB01013,DB00687,CC0 1.0,0.5535,Dice similarity of ECFPs,true
DB01013,DB00687,CC0 1.0,0.5535,Dice similarity of ECFPs,true
DB01227,DB00771,CC0 1.0,0.5442,Dice similarity of ECFPs,true
DB01227,DB00771,CC0 1.0,0.5442,Dice similarity of ECFPs,true
DB01246,DB04837,CC0 1.0,0.5345,Dice similarity of ECFPs,true
DB01246,DB04837,CC0 1.0,0.5345,Dice similarity of ECFPs,true
DB00458,DB00321,CC0 1.0,0.7213,Dice similarity of ECFPs,true
DB00458,DB00321,CC0 1.0,0.7213,Dice similarity of ECFPs,true
DB01619,DB01146,CC0 1.0,0.562,Dice similarity of ECFPs,true
DB01619,DB01146,CC0 1.0,0.562,Dice similarity of ECFPs,true
DB00679,DB00216,CC0 1.0,0.5033,Dice similarity of ECFPs,true
DB00679,DB00216,CC0 1.0,0.5033,Dice similarity of ECFPs,true
DB01069,DB01608,CC0 1.0,0.5113,Dice similarity of ECFPs,true
DB01069,DB01608,CC0 1.0,0.5113,Dice similarity of ECFPs,true
DB00405,DB01075,CC0 1.0,0.5321,Dice similarity of ECFPs,true
DB00405,DB01075,CC0 1.0,0.5321,Dice similarity of ECFPs,true
DB01050,DB00821,CC0 1.0,0.5161,Dice similarity of ECFPs,true
DB01050,DB00821,CC0 1.0,0.5161,Dice similarity of ECFPs,true
DB00438,DB01212,CC0 1.0,0.6368,Dice similarity of ECFPs,true
DB00438,DB01212,CC0 1.0,0.6368,Dice similarity of ECFPs,true
DB01615,DB00333,CC0 1.0,0.5156,Dice similarity of ECFPs,true
DB01615,DB00333,CC0 1.0,0.5156,Dice similarity of ECFPs,true
DB00332,DB04838,CC0 1.0,0.5806,Dice similarity of ECFPs,true
DB00332,DB04838,CC0 1.0,0.5806,Dice similarity of ECFPs,true
DB01113,DB01295,CC0 1.0,0.5352,Dice similarity of ECFPs,true
DB01113,DB01295,CC0 1.0,0.5352,Dice similarity of ECFPs,true
DB06707,DB00190,CC0 1.0,0.5385,Dice similarity of ECFPs,true
DB06707,DB00190,CC0 1.0,0.5385,Dice similarity of ECFPs,true
DB01015,DB01582,CC0 1.0,0.7273,Dice similarity of ECFPs,true
DB01015,DB01582,CC0 1.0,0.7273,Dice similarity of ECFPs,true
DB01237,DB00979,CC0 1.0,0.5345,Dice similarity of ECFPs,true
DB01237,DB00979,CC0 1.0,0.5345,Dice similarity of ECFPs,true
DB00664,DB01299,CC0 1.0,0.7928,Dice similarity of ECFPs,true
DB00664,DB01299,CC0 1.0,0.7928,Dice similarity of ECFPs,true
DB00128,DB00133,CC0 1.0,0.6667,Dice similarity of ECFPs,true
DB00128,DB00133,CC0 1.0,0.6667,Dice similarity of ECFPs,true
DB01410,DB00846,CC0 1.0,0.5285,Dice similarity of ECFPs,true
DB01410,DB00846,CC0 1.0,0.5285,Dice similarity of ECFPs,true
DB08996,DB01620,CC0 1.0,0.5263,Dice similarity of ECFPs,true
DB08996,DB01620,CC0 1.0,0.5263,Dice similarity of ECFPs,true
DB06729,DB01299,CC0 1.0,0.5455,Dice similarity of ECFPs,true
DB06729,DB01299,CC0 1.0,0.5455,Dice similarity of ECFPs,true
DB00666,DB00050,CC0 1.0,0.7776,Dice similarity of ECFPs,true
DB00666,DB00050,CC0 1.0,0.7776,Dice similarity of ECFPs,true
DB00598,DB01255,CC0 1.0,0.5167,Dice similarity of ECFPs,true
DB00598,DB01255,CC0 1.0,0.5167,Dice similarity of ECFPs,true
DB01121,DB00191,CC0 1.0,0.5758,Dice similarity of ECFPs,true
DB01121,DB00191,CC0 1.0,0.5758,Dice similarity of ECFPs,true
DB00860,DB01234,CC0 1.0,0.6712,Dice similarity of ECFPs,true
DB00860,DB01234,CC0 1.0,0.6712,Dice similarity of ECFPs,true
DB01184,DB01624,CC0 1.0,0.506,Dice similarity of ECFPs,true
DB01184,DB01624,CC0 1.0,0.506,Dice similarity of ECFPs,true
DB00458,DB01622,CC0 1.0,0.5205,Dice similarity of ECFPs,true
DB00458,DB01622,CC0 1.0,0.5205,Dice similarity of ECFPs,true
DB00751,DB00726,CC0 1.0,0.5546,Dice similarity of ECFPs,true
DB00751,DB00726,CC0 1.0,0.5546,Dice similarity of ECFPs,true
DB01013,DB00959,CC0 1.0,0.5283,Dice similarity of ECFPs,true
DB01013,DB00959,CC0 1.0,0.5283,Dice similarity of ECFPs,true
DB01039,DB08983,CC0 1.0,0.6522,Dice similarity of ECFPs,true
DB01039,DB08983,CC0 1.0,0.6522,Dice similarity of ECFPs,true
DB00860,DB00396,CC0 1.0,0.5037,Dice similarity of ECFPs,true
DB00860,DB00396,CC0 1.0,0.5037,Dice similarity of ECFPs,true
DB06701,DB00572,CC0 1.0,0.5505,Dice similarity of ECFPs,true
DB06701,DB00572,CC0 1.0,0.5505,Dice similarity of ECFPs,true
DB00620,DB00180,CC0 1.0,0.5535,Dice similarity of ECFPs,true
DB00620,DB00180,CC0 1.0,0.5535,Dice similarity of ECFPs,true
DB08884,DB00538,CC0 1.0,0.5871,Dice similarity of ECFPs,true
DB08884,DB00538,CC0 1.0,0.5871,Dice similarity of ECFPs,true
DB01222,DB00846,CC0 1.0,0.6353,Dice similarity of ECFPs,true
DB01222,DB00846,CC0 1.0,0.6353,Dice similarity of ECFPs,true
DB00821,DB00870,CC0 1.0,0.5243,Dice similarity of ECFPs,true
DB00821,DB00870,CC0 1.0,0.5243,Dice similarity of ECFPs,true
DB01200,DB01253,CC0 1.0,0.5348,Dice similarity of ECFPs,true
DB01200,DB01253,CC0 1.0,0.5348,Dice similarity of ECFPs,true
DB00959,DB06781,CC0 1.0,0.5294,Dice similarity of ECFPs,true
DB00959,DB06781,CC0 1.0,0.5294,Dice similarity of ECFPs,true
DB01246,DB08996,CC0 1.0,0.6393,Dice similarity of ECFPs,true
DB01246,DB08996,CC0 1.0,0.6393,Dice similarity of ECFPs,true
DB06770,DB08924,CC0 1.0,0.5625,Dice similarity of ECFPs,true
DB06770,DB08924,CC0 1.0,0.5625,Dice similarity of ECFPs,true
DB06691,DB00835,CC0 1.0,0.5965,Dice similarity of ECFPs,true
DB06691,DB00835,CC0 1.0,0.5965,Dice similarity of ECFPs,true
DB01247,DB01121,CC0 1.0,0.5176,Dice similarity of ECFPs,true
DB01247,DB01121,CC0 1.0,0.5176,Dice similarity of ECFPs,true
DB00433,DB01069,CC0 1.0,0.5385,Dice similarity of ECFPs,true
DB00433,DB01069,CC0 1.0,0.5385,Dice similarity of ECFPs,true
DB01255,DB00120,CC0 1.0,0.6279,Dice similarity of ECFPs,true
DB01255,DB00120,CC0 1.0,0.6279,Dice similarity of ECFPs,true
DB08903,DB01075,CC0 1.0,0.5217,Dice similarity of ECFPs,true
DB08903,DB01075,CC0 1.0,0.5217,Dice similarity of ECFPs,true
DB00542,DB00722,CC0 1.0,0.5089,Dice similarity of ECFPs,true
DB00542,DB00722,CC0 1.0,0.5089,Dice similarity of ECFPs,true
DB00624,DB06713,CC0 1.0,0.5039,Dice similarity of ECFPs,true
DB00624,DB06713,CC0 1.0,0.5039,Dice similarity of ECFPs,true
DB00240,DB00838,CC0 1.0,0.5867,Dice similarity of ECFPs,true
DB00240,DB00838,CC0 1.0,0.5867,Dice similarity of ECFPs,true
DB06730,DB00367,CC0 1.0,0.8,Dice similarity of ECFPs,true
DB06730,DB00367,CC0 1.0,0.8,Dice similarity of ECFPs,true
DB06729,DB00259,CC0 1.0,0.5217,Dice similarity of ECFPs,true
DB06729,DB00259,CC0 1.0,0.5217,Dice similarity of ECFPs,true
DB00956,DB00318,CC0 1.0,0.7143,Dice similarity of ECFPs,true
DB00956,DB00318,CC0 1.0,0.7143,Dice similarity of ECFPs,true
DB01174,DB01351,CC0 1.0,0.5393,Dice similarity of ECFPs,true
DB01174,DB01351,CC0 1.0,0.5393,Dice similarity of ECFPs,true
DB00596,DB00223,CC0 1.0,0.8,Dice similarity of ECFPs,true
DB00596,DB00223,CC0 1.0,0.8,Dice similarity of ECFPs,true
DB08903,DB00539,CC0 1.0,0.5053,Dice similarity of ECFPs,true
DB08903,DB00539,CC0 1.0,0.5053,Dice similarity of ECFPs,true
DB01406,DB04575,CC0 1.0,0.5906,Dice similarity of ECFPs,true
DB01406,DB04575,CC0 1.0,0.5906,Dice similarity of ECFPs,true
DB00668,DB06707,CC0 1.0,0.7246,Dice similarity of ECFPs,true
DB00668,DB06707,CC0 1.0,0.7246,Dice similarity of ECFPs,true
DB00873,DB00635,CC0 1.0,0.731,Dice similarity of ECFPs,true
DB00873,DB00635,CC0 1.0,0.731,Dice similarity of ECFPs,true
DB01228,DB01393,CC0 1.0,0.5,Dice similarity of ECFPs,true
DB01228,DB01393,CC0 1.0,0.5,Dice similarity of ECFPs,true
DB08967,DB00392,CC0 1.0,0.6111,Dice similarity of ECFPs,true
DB08967,DB00392,CC0 1.0,0.6111,Dice similarity of ECFPs,true
DB00634,DB01298,CC0 1.0,0.6304,Dice similarity of ECFPs,true
DB00634,DB01298,CC0 1.0,0.6304,Dice similarity of ECFPs,true
DB00317,DB05294,CC0 1.0,0.6705,Dice similarity of ECFPs,true
DB00317,DB05294,CC0 1.0,0.6705,Dice similarity of ECFPs,true
DB00280,DB04837,CC0 1.0,0.544,Dice similarity of ECFPs,true
DB00280,DB04837,CC0 1.0,0.544,Dice similarity of ECFPs,true
DB00508,DB00679,CC0 1.0,0.6143,Dice similarity of ECFPs,true
DB00508,DB00679,CC0 1.0,0.6143,Dice similarity of ECFPs,true
DB00778,DB00199,CC0 1.0,0.885,Dice similarity of ECFPs,true
DB00778,DB00199,CC0 1.0,0.885,Dice similarity of ECFPs,true
DB00833,DB01602,CC0 1.0,0.5882,Dice similarity of ECFPs,true
DB00833,DB01602,CC0 1.0,0.5882,Dice similarity of ECFPs,true
DB04894,DB06663,CC0 1.0,0.6696,Dice similarity of ECFPs,true
DB04894,DB06663,CC0 1.0,0.6696,Dice similarity of ECFPs,true
DB00621,DB01185,CC0 1.0,0.5556,Dice similarity of ECFPs,true
DB00621,DB01185,CC0 1.0,0.5556,Dice similarity of ECFPs,true
DB00366,DB06691,CC0 1.0,0.5641,Dice similarity of ECFPs,true
DB00366,DB06691,CC0 1.0,0.5641,Dice similarity of ECFPs,true
DB00543,DB01553,CC0 1.0,0.5191,Dice similarity of ECFPs,true
DB00543,DB01553,CC0 1.0,0.5191,Dice similarity of ECFPs,true
DB01068,DB00310,CC0 1.0,0.5082,Dice similarity of ECFPs,true
DB01068,DB00310,CC0 1.0,0.5082,Dice similarity of ECFPs,true
DB04575,DB00783,CC0 1.0,0.6222,Dice similarity of ECFPs,true
DB04575,DB00783,CC0 1.0,0.6222,Dice similarity of ECFPs,true
DB08801,DB00420,CC0 1.0,0.5289,Dice similarity of ECFPs,true
DB08801,DB00420,CC0 1.0,0.5289,Dice similarity of ECFPs,true
DB00477,DB00850,CC0 1.0,0.7194,Dice similarity of ECFPs,true
DB00477,DB00850,CC0 1.0,0.7194,Dice similarity of ECFPs,true
DB00301,DB01603,CC0 1.0,0.7152,Dice similarity of ECFPs,true
DB00301,DB01603,CC0 1.0,0.7152,Dice similarity of ECFPs,true
DB00846,DB01395,CC0 1.0,0.5217,Dice similarity of ECFPs,true
DB00846,DB01395,CC0 1.0,0.5217,Dice similarity of ECFPs,true
DB00628,DB00546,CC0 1.0,0.5672,Dice similarity of ECFPs,true
DB00628,DB00546,CC0 1.0,0.5672,Dice similarity of ECFPs,true
DB01390,DB03166,CC0 1.0,0.5556,Dice similarity of ECFPs,true
DB01390,DB03166,CC0 1.0,0.5556,Dice similarity of ECFPs,true
DB06148,DB00726,CC0 1.0,0.5574,Dice similarity of ECFPs,true
DB06148,DB00726,CC0 1.0,0.5574,Dice similarity of ECFPs,true
DB00361,DB00541,CC0 1.0,0.8293,Dice similarity of ECFPs,true
DB00361,DB00541,CC0 1.0,0.8293,Dice similarity of ECFPs,true
DB00780,DB00217,CC0 1.0,0.5758,Dice similarity of ECFPs,true
DB00780,DB00217,CC0 1.0,0.5758,Dice similarity of ECFPs,true
DB06148,DB08936,CC0 1.0,0.5333,Dice similarity of ECFPs,true
DB06148,DB08936,CC0 1.0,0.5333,Dice similarity of ECFPs,true
DB01228,DB00343,CC0 1.0,0.5,Dice similarity of ECFPs,true
DB01228,DB00343,CC0 1.0,0.5,Dice similarity of ECFPs,true
DB01615,DB09000,CC0 1.0,0.7442,Dice similarity of ECFPs,true
DB01615,DB09000,CC0 1.0,0.7442,Dice similarity of ECFPs,true
DB01054,DB00381,CC0 1.0,0.6395,Dice similarity of ECFPs,true
DB01054,DB00381,CC0 1.0,0.6395,Dice similarity of ECFPs,true
DB00564,DB00420,CC0 1.0,0.5273,Dice similarity of ECFPs,true
DB00564,DB00420,CC0 1.0,0.5273,Dice similarity of ECFPs,true
DB00433,DB01621,CC0 1.0,0.6951,Dice similarity of ECFPs,true
DB00433,DB01621,CC0 1.0,0.6951,Dice similarity of ECFPs,true
DB00104,DB00093,CC0 1.0,0.6416,Dice similarity of ECFPs,true
DB00104,DB00093,CC0 1.0,0.6416,Dice similarity of ECFPs,true
DB00833,DB00689,CC0 1.0,0.8392,Dice similarity of ECFPs,true
DB00833,DB00689,CC0 1.0,0.8392,Dice similarity of ECFPs,true
DB00145,DB00855,CC0 1.0,0.5882,Dice similarity of ECFPs,true
DB00145,DB00855,CC0 1.0,0.5882,Dice similarity of ECFPs,true
DB00457,DB00590,CC0 1.0,0.7886,Dice similarity of ECFPs,true
DB00457,DB00590,CC0 1.0,0.7886,Dice similarity of ECFPs,true
DB00717,DB01185,CC0 1.0,0.5197,Dice similarity of ECFPs,true
DB00717,DB01185,CC0 1.0,0.5197,Dice similarity of ECFPs,true
DB00567,DB01066,CC0 1.0,0.5063,Dice similarity of ECFPs,true
DB00567,DB01066,CC0 1.0,0.5063,Dice similarity of ECFPs,true
DB01075,DB00979,CC0 1.0,0.5439,Dice similarity of ECFPs,true
DB01075,DB00979,CC0 1.0,0.5439,Dice similarity of ECFPs,true
DB00297,DB00296,CC0 1.0,0.9391,Dice similarity of ECFPs,true
DB00297,DB00296,CC0 1.0,0.9391,Dice similarity of ECFPs,true
DB00363,DB00408,CC0 1.0,0.806,Dice similarity of ECFPs,true
DB00363,DB00408,CC0 1.0,0.806,Dice similarity of ECFPs,true
DB01249,DB01362,CC0 1.0,0.6984,Dice similarity of ECFPs,true
DB01249,DB01362,CC0 1.0,0.6984,Dice similarity of ECFPs,true
DB01433,DB00333,CC0 1.0,0.8088,Dice similarity of ECFPs,true
DB01433,DB00333,CC0 1.0,0.8088,Dice similarity of ECFPs,true
DB00781,DB04894,CC0 1.0,0.512,Dice similarity of ECFPs,true
DB00781,DB04894,CC0 1.0,0.512,Dice similarity of ECFPs,true
DB00245,DB00745,CC0 1.0,0.5738,Dice similarity of ECFPs,true
DB00245,DB00745,CC0 1.0,0.5738,Dice similarity of ECFPs,true
DB00130,DB00855,CC0 1.0,0.5,Dice similarity of ECFPs,true
DB00130,DB00855,CC0 1.0,0.5,Dice similarity of ECFPs,true
DB01234,DB06781,CC0 1.0,0.6047,Dice similarity of ECFPs,true
DB01234,DB06781,CC0 1.0,0.6047,Dice similarity of ECFPs,true
DB00223,DB00394,CC0 1.0,0.5632,Dice similarity of ECFPs,true
DB00223,DB00394,CC0 1.0,0.5632,Dice similarity of ECFPs,true
DB01063,DB00680,CC0 1.0,0.5965,Dice similarity of ECFPs,true
DB01063,DB00680,CC0 1.0,0.5965,Dice similarity of ECFPs,true
DB08998,DB00571,CC0 1.0,0.5172,Dice similarity of ECFPs,true
DB08998,DB00571,CC0 1.0,0.5172,Dice similarity of ECFPs,true
DB01037,DB00852,CC0 1.0,0.5,Dice similarity of ECFPs,true
DB01037,DB00852,CC0 1.0,0.5,Dice similarity of ECFPs,true
DB00548,DB00132,CC0 1.0,0.5435,Dice similarity of ECFPs,true
DB00548,DB00132,CC0 1.0,0.5435,Dice similarity of ECFPs,true
DB00595,DB01301,CC0 1.0,0.7196,Dice similarity of ECFPs,true
DB00595,DB01301,CC0 1.0,0.7196,Dice similarity of ECFPs,true
DB00190,DB06262,CC0 1.0,0.5783,Dice similarity of ECFPs,true
DB00190,DB06262,CC0 1.0,0.5783,Dice similarity of ECFPs,true
DB00831,DB01624,CC0 1.0,0.5912,Dice similarity of ECFPs,true
DB00831,DB01624,CC0 1.0,0.5912,Dice similarity of ECFPs,true
DB00983,DB01102,CC0 1.0,0.563,Dice similarity of ECFPs,true
DB00983,DB01102,CC0 1.0,0.563,Dice similarity of ECFPs,true
DB01075,DB01620,CC0 1.0,0.6916,Dice similarity of ECFPs,true
DB01075,DB01620,CC0 1.0,0.6916,Dice similarity of ECFPs,true
DB01015,DB08798,CC0 1.0,0.7292,Dice similarity of ECFPs,true
DB01015,DB08798,CC0 1.0,0.7292,Dice similarity of ECFPs,true
DB00093,DB08890,CC0 1.0,0.5272,Dice similarity of ECFPs,true
DB00093,DB08890,CC0 1.0,0.5272,Dice similarity of ECFPs,true
DB01577,DB00780,CC0 1.0,0.6333,Dice similarity of ECFPs,true
DB01577,DB00780,CC0 1.0,0.6333,Dice similarity of ECFPs,true
DB01032,DB00672,CC0 1.0,0.5361,Dice similarity of ECFPs,true
DB01032,DB00672,CC0 1.0,0.5361,Dice similarity of ECFPs,true
DB06701,DB00422,CC0 1.0,1.0,Dice similarity of ECFPs,true
DB06701,DB00422,CC0 1.0,1.0,Dice similarity of ECFPs,true
DB06710,DB00351,CC0 1.0,0.5926,Dice similarity of ECFPs,true
DB06710,DB00351,CC0 1.0,0.5926,Dice similarity of ECFPs,true
DB01075,DB01244,CC0 1.0,0.5224,Dice similarity of ECFPs,true
DB01075,DB01244,CC0 1.0,0.5224,Dice similarity of ECFPs,true
DB00608,DB01087,CC0 1.0,0.5172,Dice similarity of ECFPs,true
DB00608,DB01087,CC0 1.0,0.5172,Dice similarity of ECFPs,true
DB01260,DB00547,CC0 1.0,0.6065,Dice similarity of ECFPs,true
DB01260,DB00547,CC0 1.0,0.6065,Dice similarity of ECFPs,true
DB00690,DB00231,CC0 1.0,0.563,Dice similarity of ECFPs,true
DB00690,DB00231,CC0 1.0,0.563,Dice similarity of ECFPs,true
DB06150,DB00259,CC0 1.0,0.5517,Dice similarity of ECFPs,true
DB06150,DB00259,CC0 1.0,0.5517,Dice similarity of ECFPs,true
DB08906,DB00588,CC0 1.0,0.8646,Dice similarity of ECFPs,true
DB08906,DB00588,CC0 1.0,0.8646,Dice similarity of ECFPs,true
DB00662,DB00440,CC0 1.0,0.5,Dice similarity of ECFPs,true
DB00662,DB00440,CC0 1.0,0.5,Dice similarity of ECFPs,true
DB00959,DB00873,CC0 1.0,0.7347,Dice similarity of ECFPs,true
DB00959,DB00873,CC0 1.0,0.7347,Dice similarity of ECFPs,true
DB00644,DB00183,CC0 1.0,0.5685,Dice similarity of ECFPs,true
DB00644,DB00183,CC0 1.0,0.5685,Dice similarity of ECFPs,true
DB00294,DB00367,CC0 1.0,0.8333,Dice similarity of ECFPs,true
DB00294,DB00367,CC0 1.0,0.8333,Dice similarity of ECFPs,true
DB00420,DB00831,CC0 1.0,0.5942,Dice similarity of ECFPs,true
DB00420,DB00831,CC0 1.0,0.5942,Dice similarity of ECFPs,true
DB00776,DB00540,CC0 1.0,0.531,Dice similarity of ECFPs,true
DB00776,DB00540,CC0 1.0,0.531,Dice similarity of ECFPs,true
DB01242,DB08996,CC0 1.0,0.656,Dice similarity of ECFPs,true
DB01242,DB08996,CC0 1.0,0.656,Dice similarity of ECFPs,true
DB01063,DB00420,CC0 1.0,0.5775,Dice similarity of ECFPs,true
DB01063,DB00420,CC0 1.0,0.5775,Dice similarity of ECFPs,true
DB00404,DB01594,CC0 1.0,0.5373,Dice similarity of ECFPs,true
DB00404,DB01594,CC0 1.0,0.5373,Dice similarity of ECFPs,true
DB09015,DB00873,CC0 1.0,0.5,Dice similarity of ECFPs,true
DB09015,DB00873,CC0 1.0,0.5,Dice similarity of ECFPs,true
DB01019,DB00583,CC0 1.0,0.5556,Dice similarity of ECFPs,true
DB01019,DB00583,CC0 1.0,0.5556,Dice similarity of ECFPs,true
DB01173,DB00420,CC0 1.0,0.5739,Dice similarity of ECFPs,true
DB01173,DB00420,CC0 1.0,0.5739,Dice similarity of ECFPs,true
DB00138,DB00130,CC0 1.0,0.5574,Dice similarity of ECFPs,true
DB00138,DB00130,CC0 1.0,0.5574,Dice similarity of ECFPs,true
DB08808,DB01359,CC0 1.0,0.6355,Dice similarity of ECFPs,true
DB08808,DB01359,CC0 1.0,0.6355,Dice similarity of ECFPs,true
DB00591,DB00846,CC0 1.0,0.7294,Dice similarity of ECFPs,true
DB00591,DB00846,CC0 1.0,0.7294,Dice similarity of ECFPs,true
DB00655,DB00854,CC0 1.0,0.5,Dice similarity of ECFPs,true
DB00655,DB00854,CC0 1.0,0.5,Dice similarity of ECFPs,true
DB01064,DB00816,CC0 1.0,0.75,Dice similarity of ECFPs,true
DB01064,DB00816,CC0 1.0,0.75,Dice similarity of ECFPs,true
DB00567,DB00671,CC0 1.0,0.5,Dice similarity of ECFPs,true
DB00567,DB00671,CC0 1.0,0.5,Dice similarity of ECFPs,true
DB00783,DB00977,CC0 1.0,0.7731,Dice similarity of ECFPs,true
DB00783,DB00977,CC0 1.0,0.7731,Dice similarity of ECFPs,true
DB00784,DB00573,CC0 1.0,0.5149,Dice similarity of ECFPs,true
DB00784,DB00573,CC0 1.0,0.5149,Dice similarity of ECFPs,true
DB01075,DB00333,CC0 1.0,0.605,Dice similarity of ECFPs,true
DB01075,DB00333,CC0 1.0,0.605,Dice similarity of ECFPs,true
DB01172,DB01082,CC0 1.0,0.5464,Dice similarity of ECFPs,true
DB01172,DB01082,CC0 1.0,0.5464,Dice similarity of ECFPs,true
DB00626,DB00035,CC0 1.0,0.5649,Dice similarity of ECFPs,true
DB00626,DB00035,CC0 1.0,0.5649,Dice similarity of ECFPs,true
DB00156,DB00859,CC0 1.0,0.5,Dice similarity of ECFPs,true
DB00156,DB00859,CC0 1.0,0.5,Dice similarity of ECFPs,true
DB00433,DB08936,CC0 1.0,0.5672,Dice similarity of ECFPs,true
DB00433,DB08936,CC0 1.0,0.5672,Dice similarity of ECFPs,true
DB00588,DB00443,CC0 1.0,0.6386,Dice similarity of ECFPs,true
DB00588,DB00443,CC0 1.0,0.6386,Dice similarity of ECFPs,true
DB08808,DB00521,CC0 1.0,0.6604,Dice similarity of ECFPs,true
DB08808,DB00521,CC0 1.0,0.6604,Dice similarity of ECFPs,true
DB01139,DB00535,CC0 1.0,0.5101,Dice similarity of ECFPs,true
DB01139,DB00535,CC0 1.0,0.5101,Dice similarity of ECFPs,true
DB01581,DB00259,CC0 1.0,0.6076,Dice similarity of ECFPs,true
DB01581,DB00259,CC0 1.0,0.6076,Dice similarity of ECFPs,true
DB00841,DB01102,CC0 1.0,0.7244,Dice similarity of ECFPs,true
DB00841,DB01102,CC0 1.0,0.7244,Dice similarity of ECFPs,true
DB00735,DB01091,CC0 1.0,0.6767,Dice similarity of ECFPs,true
DB00735,DB01091,CC0 1.0,0.6767,Dice similarity of ECFPs,true
DB05246,DB01174,CC0 1.0,0.5682,Dice similarity of ECFPs,true
DB05246,DB01174,CC0 1.0,0.5682,Dice similarity of ECFPs,true
DB00207,DB00976,CC0 1.0,0.5306,Dice similarity of ECFPs,true
DB00207,DB00976,CC0 1.0,0.5306,Dice similarity of ECFPs,true
DB00167,DB00859,CC0 1.0,0.5116,Dice similarity of ECFPs,true
DB00167,DB00859,CC0 1.0,0.5116,Dice similarity of ECFPs,true
DB01112,DB01066,CC0 1.0,0.593,Dice similarity of ECFPs,true
DB01112,DB01066,CC0 1.0,0.593,Dice similarity of ECFPs,true
DB01384,DB08970,CC0 1.0,0.5733,Dice similarity of ECFPs,true
DB01384,DB08970,CC0 1.0,0.5733,Dice similarity of ECFPs,true
DB00567,DB01414,CC0 1.0,0.5469,Dice similarity of ECFPs,true
DB00567,DB01414,CC0 1.0,0.5469,Dice similarity of ECFPs,true
DB01337,DB01339,CC0 1.0,0.8772,Dice similarity of ECFPs,true
DB01337,DB01339,CC0 1.0,0.8772,Dice similarity of ECFPs,true
DB08795,DB00833,CC0 1.0,0.5985,Dice similarity of ECFPs,true
DB08795,DB00833,CC0 1.0,0.5985,Dice similarity of ECFPs,true
DB00458,DB01071,CC0 1.0,0.5077,Dice similarity of ECFPs,true
DB00458,DB01071,CC0 1.0,0.5077,Dice similarity of ECFPs,true
DB01245,DB00815,CC0 1.0,0.5155,Dice similarity of ECFPs,true
DB01245,DB00815,CC0 1.0,0.5155,Dice similarity of ECFPs,true
DB01075,DB00321,CC0 1.0,0.5517,Dice similarity of ECFPs,true
DB01075,DB00321,CC0 1.0,0.5517,Dice similarity of ECFPs,true
DB00187,DB01295,CC0 1.0,0.5426,Dice similarity of ECFPs,true
DB00187,DB01295,CC0 1.0,0.5426,Dice similarity of ECFPs,true
DB01406,DB00367,CC0 1.0,0.5294,Dice similarity of ECFPs,true
DB01406,DB00367,CC0 1.0,0.5294,Dice similarity of ECFPs,true
DB00245,DB01619,CC0 1.0,0.5039,Dice similarity of ECFPs,true
DB00245,DB01619,CC0 1.0,0.5039,Dice similarity of ECFPs,true
DB06699,DB00050,CC0 1.0,0.844,Dice similarity of ECFPs,true
DB06699,DB00050,CC0 1.0,0.844,Dice similarity of ECFPs,true
DB00411,DB00202,CC0 1.0,0.5063,Dice similarity of ECFPs,true
DB00411,DB00202,CC0 1.0,0.5063,Dice similarity of ECFPs,true
DB08808,DB00871,CC0 1.0,0.5333,Dice similarity of ECFPs,true
DB08808,DB00871,CC0 1.0,0.5333,Dice similarity of ECFPs,true
DB00433,DB00831,CC0 1.0,0.8758,Dice similarity of ECFPs,true
DB00433,DB00831,CC0 1.0,0.8758,Dice similarity of ECFPs,true
DB01130,DB00443,CC0 1.0,0.5146,Dice similarity of ECFPs,true
DB01130,DB00443,CC0 1.0,0.5146,Dice similarity of ECFPs,true
DB01067,DB01124,CC0 1.0,0.5109,Dice similarity of ECFPs,true
DB01067,DB01124,CC0 1.0,0.5109,Dice similarity of ECFPs,true
DB00964,DB00484,CC0 1.0,0.5,Dice similarity of ECFPs,true
DB00964,DB00484,CC0 1.0,0.5,Dice similarity of ECFPs,true
DB06702,DB00280,CC0 1.0,0.5563,Dice similarity of ECFPs,true
DB06702,DB00280,CC0 1.0,0.5563,Dice similarity of ECFPs,true
DB01063,DB01621,CC0 1.0,0.72,Dice similarity of ECFPs,true
DB01063,DB01621,CC0 1.0,0.72,Dice similarity of ECFPs,true
DB00421,DB00378,CC0 1.0,0.5517,Dice similarity of ECFPs,true
DB00421,DB00378,CC0 1.0,0.5517,Dice similarity of ECFPs,true
DB00301,DB01602,CC0 1.0,0.5,Dice similarity of ECFPs,true
DB00301,DB01602,CC0 1.0,0.5,Dice similarity of ECFPs,true
DB01110,DB01007,CC0 1.0,0.8321,Dice similarity of ECFPs,true
DB01110,DB01007,CC0 1.0,0.8321,Dice similarity of ECFPs,true
DB00387,DB00376,CC0 1.0,0.9764,Dice similarity of ECFPs,true
DB00387,DB00376,CC0 1.0,0.9764,Dice similarity of ECFPs,true
DB01605,DB01604,CC0 1.0,0.6071,Dice similarity of ECFPs,true
DB01605,DB01604,CC0 1.0,0.6071,Dice similarity of ECFPs,true
DB00477,DB00748,CC0 1.0,0.5299,Dice similarity of ECFPs,true
DB00477,DB00748,CC0 1.0,0.5299,Dice similarity of ECFPs,true
DB01420,DB01395,CC0 1.0,0.5306,Dice similarity of ECFPs,true
DB01420,DB01395,CC0 1.0,0.5306,Dice similarity of ECFPs,true
DB00768,DB00924,CC0 1.0,0.6212,Dice similarity of ECFPs,true
DB00768,DB00924,CC0 1.0,0.6212,Dice similarity of ECFPs,true
DB00647,DB01244,CC0 1.0,0.5503,Dice similarity of ECFPs,true
DB00647,DB01244,CC0 1.0,0.5503,Dice similarity of ECFPs,true
DB06691,DB00748,CC0 1.0,0.5983,Dice similarity of ECFPs,true
DB06691,DB00748,CC0 1.0,0.5983,Dice similarity of ECFPs,true
DB01366,DB05039,CC0 1.0,0.5899,Dice similarity of ECFPs,true
DB01366,DB05039,CC0 1.0,0.5899,Dice similarity of ECFPs,true
DB09015,DB00687,CC0 1.0,0.5442,Dice similarity of ECFPs,true
DB09015,DB00687,CC0 1.0,0.5442,Dice similarity of ECFPs,true
DB00986,DB00209,CC0 1.0,0.5733,Dice similarity of ECFPs,true
DB00986,DB00209,CC0 1.0,0.5733,Dice similarity of ECFPs,true
DB00180,DB00443,CC0 1.0,0.566,Dice similarity of ECFPs,true
DB00180,DB00443,CC0 1.0,0.566,Dice similarity of ECFPs,true
DB00862,DB00203,CC0 1.0,0.7807,Dice similarity of ECFPs,true
DB00862,DB00203,CC0 1.0,0.7807,Dice similarity of ECFPs,true
DB00385,DB00694,CC0 1.0,0.7718,Dice similarity of ECFPs,true
DB00385,DB00694,CC0 1.0,0.7718,Dice similarity of ECFPs,true
DB01238,DB00850,CC0 1.0,0.506,Dice similarity of ECFPs,true
DB01238,DB00850,CC0 1.0,0.506,Dice similarity of ECFPs,true
DB00634,DB00250,CC0 1.0,0.5714,Dice similarity of ECFPs,true
DB00634,DB00250,CC0 1.0,0.5714,Dice similarity of ECFPs,true
DB00821,DB00573,CC0 1.0,0.5385,Dice similarity of ECFPs,true
DB00821,DB00573,CC0 1.0,0.5385,Dice similarity of ECFPs,true
DB00683,DB00579,CC0 1.0,0.5,Dice similarity of ECFPs,true
DB00683,DB00579,CC0 1.0,0.5,Dice similarity of ECFPs,true
DB00722,DB00519,CC0 1.0,0.619,Dice similarity of ECFPs,true
DB00722,DB00519,CC0 1.0,0.619,Dice similarity of ECFPs,true
DB01262,DB01280,CC0 1.0,0.5294,Dice similarity of ECFPs,true
DB01262,DB01280,CC0 1.0,0.5294,Dice similarity of ECFPs,true
DB01013,DB00896,CC0 1.0,0.6415,Dice similarity of ECFPs,true
DB01013,DB00896,CC0 1.0,0.6415,Dice similarity of ECFPs,true
DB00712,DB00991,CC0 1.0,0.5263,Dice similarity of ECFPs,true
DB00712,DB00991,CC0 1.0,0.5263,Dice similarity of ECFPs,true
DB00921,DB01183,CC0 1.0,0.5432,Dice similarity of ECFPs,true
DB00921,DB01183,CC0 1.0,0.5432,Dice similarity of ECFPs,true
DB00352,DB00173,CC0 1.0,0.5,Dice similarity of ECFPs,true
DB00352,DB00173,CC0 1.0,0.5,Dice similarity of ECFPs,true
DB00563,DB00116,CC0 1.0,0.6,Dice similarity of ECFPs,true
DB00563,DB00116,CC0 1.0,0.6,Dice similarity of ECFPs,true
DB01075,DB00812,CC0 1.0,0.5124,Dice similarity of ECFPs,true
DB01075,DB00812,CC0 1.0,0.5124,Dice similarity of ECFPs,true
DB01116,DB00245,CC0 1.0,0.5103,Dice similarity of ECFPs,true
DB01116,DB00245,CC0 1.0,0.5103,Dice similarity of ECFPs,true
DB00493,DB00833,CC0 1.0,0.5,Dice similarity of ECFPs,true
DB00493,DB00833,CC0 1.0,0.5,Dice similarity of ECFPs,true
DB01559,DB00683,CC0 1.0,0.528,Dice similarity of ECFPs,true
DB01559,DB00683,CC0 1.0,0.528,Dice similarity of ECFPs,true
DB00438,DB01326,CC0 1.0,0.5079,Dice similarity of ECFPs,true
DB00438,DB01326,CC0 1.0,0.5079,Dice similarity of ECFPs,true
DB00897,DB01545,CC0 1.0,0.5147,Dice similarity of ECFPs,true
DB00897,DB01545,CC0 1.0,0.5147,Dice similarity of ECFPs,true
DB00289,DB00852,CC0 1.0,0.5,Dice similarity of ECFPs,true
DB00289,DB00852,CC0 1.0,0.5,Dice similarity of ECFPs,true
DB00193,DB00514,CC0 1.0,0.5045,Dice similarity of ECFPs,true
DB00193,DB00514,CC0 1.0,0.5045,Dice similarity of ECFPs,true
DB00129,DB00128,CC0 1.0,0.5333,Dice similarity of ECFPs,true
DB00129,DB00128,CC0 1.0,0.5333,Dice similarity of ECFPs,true
DB01420,DB00253,CC0 1.0,0.5797,Dice similarity of ECFPs,true
DB01420,DB00253,CC0 1.0,0.5797,Dice similarity of ECFPs,true
DB00860,DB00894,CC0 1.0,0.6316,Dice similarity of ECFPs,true
DB00860,DB00894,CC0 1.0,0.6316,Dice similarity of ECFPs,true
DB00477,DB01489,CC0 1.0,0.5,Dice similarity of ECFPs,true
DB00477,DB01489,CC0 1.0,0.5,Dice similarity of ECFPs,true
DB08998,DB00735,CC0 1.0,0.5827,Dice similarity of ECFPs,true
DB08998,DB00735,CC0 1.0,0.5827,Dice similarity of ECFPs,true
DB06150,DB06729,CC0 1.0,0.5455,Dice similarity of ECFPs,true
DB06150,DB06729,CC0 1.0,0.5455,Dice similarity of ECFPs,true
DB00547,DB01185,CC0 1.0,0.5507,Dice similarity of ECFPs,true
DB00547,DB01185,CC0 1.0,0.5507,Dice similarity of ECFPs,true
DB00540,DB00934,CC0 1.0,0.562,Dice similarity of ECFPs,true
DB00540,DB00934,CC0 1.0,0.562,Dice similarity of ECFPs,true
DB00940,DB00219,CC0 1.0,0.5674,Dice similarity of ECFPs,true
DB00940,DB00219,CC0 1.0,0.5674,Dice similarity of ECFPs,true
DB01174,DB00237,CC0 1.0,0.5581,Dice similarity of ECFPs,true
DB01174,DB00237,CC0 1.0,0.5581,Dice similarity of ECFPs,true
DB09000,DB01071,CC0 1.0,0.5075,Dice similarity of ECFPs,true
DB09000,DB01071,CC0 1.0,0.5075,Dice similarity of ECFPs,true
DB08864,DB06589,CC0 1.0,0.506,Dice similarity of ECFPs,true
DB08864,DB06589,CC0 1.0,0.506,Dice similarity of ECFPs,true
DB08924,DB01576,CC0 1.0,0.6667,Dice similarity of ECFPs,true
DB08924,DB01576,CC0 1.0,0.6667,Dice similarity of ECFPs,true
DB00354,DB00737,CC0 1.0,0.8421,Dice similarity of ECFPs,true
DB00354,DB00737,CC0 1.0,0.8421,Dice similarity of ECFPs,true
DB00448,DB00730,CC0 1.0,0.5,Dice similarity of ECFPs,true
DB00448,DB00730,CC0 1.0,0.5,Dice similarity of ECFPs,true
DB01576,DB01121,CC0 1.0,0.5938,Dice similarity of ECFPs,true
DB01576,DB01121,CC0 1.0,0.5938,Dice similarity of ECFPs,true
DB01207,DB08984,CC0 1.0,0.5479,Dice similarity of ECFPs,true
DB01207,DB08984,CC0 1.0,0.5479,Dice similarity of ECFPs,true
DB00187,DB00960,CC0 1.0,0.5872,Dice similarity of ECFPs,true
DB00187,DB00960,CC0 1.0,0.5872,Dice similarity of ECFPs,true
DB01328,DB01326,CC0 1.0,0.8804,Dice similarity of ECFPs,true
DB01328,DB01326,CC0 1.0,0.8804,Dice similarity of ECFPs,true
DB00420,DB00321,CC0 1.0,0.5714,Dice similarity of ECFPs,true
DB00420,DB00321,CC0 1.0,0.5714,Dice similarity of ECFPs,true
DB00794,DB00849,CC0 1.0,0.7021,Dice similarity of ECFPs,true
DB00794,DB00849,CC0 1.0,0.7021,Dice similarity of ECFPs,true
DB00180,DB00635,CC0 1.0,0.529,Dice similarity of ECFPs,true
DB00180,DB00635,CC0 1.0,0.529,Dice similarity of ECFPs,true
DB01511,DB00579,CC0 1.0,0.5043,Dice similarity of ECFPs,true
DB01511,DB00579,CC0 1.0,0.5043,Dice similarity of ECFPs,true
DB00433,DB01238,CC0 1.0,0.5125,Dice similarity of ECFPs,true
DB00433,DB01238,CC0 1.0,0.5125,Dice similarity of ECFPs,true
DB01348,DB00519,CC0 1.0,0.7586,Dice similarity of ECFPs,true
DB01348,DB00519,CC0 1.0,0.7586,Dice similarity of ECFPs,true
DB01172,DB00284,CC0 1.0,0.5728,Dice similarity of ECFPs,true
DB01172,DB00284,CC0 1.0,0.5728,Dice similarity of ECFPs,true
DB01567,DB00683,CC0 1.0,0.8,Dice similarity of ECFPs,true
DB01567,DB00683,CC0 1.0,0.8,Dice similarity of ECFPs,true
DB01173,DB01146,CC0 1.0,0.5546,Dice similarity of ECFPs,true
DB01173,DB01146,CC0 1.0,0.5546,Dice similarity of ECFPs,true
DB00924,DB00458,CC0 1.0,0.5574,Dice similarity of ECFPs,true
DB00924,DB00458,CC0 1.0,0.5574,Dice similarity of ECFPs,true
DB01173,DB00289,CC0 1.0,0.6786,Dice similarity of ECFPs,true
DB01173,DB00289,CC0 1.0,0.6786,Dice similarity of ECFPs,true
DB00936,DB00784,CC0 1.0,0.5455,Dice similarity of ECFPs,true
DB00936,DB00784,CC0 1.0,0.5455,Dice similarity of ECFPs,true
DB00404,DB00683,CC0 1.0,0.7231,Dice similarity of ECFPs,true
DB00404,DB00683,CC0 1.0,0.7231,Dice similarity of ECFPs,true
DB08796,DB00679,CC0 1.0,0.5128,Dice similarity of ECFPs,true
DB08796,DB00679,CC0 1.0,0.5128,Dice similarity of ECFPs,true
DB00441,DB00709,CC0 1.0,0.6444,Dice similarity of ECFPs,true
DB00441,DB00709,CC0 1.0,0.6444,Dice similarity of ECFPs,true
DB01262,DB00943,CC0 1.0,0.5349,Dice similarity of ECFPs,true
DB01262,DB00943,CC0 1.0,0.5349,Dice similarity of ECFPs,true
DB01545,DB01595,CC0 1.0,0.5231,Dice similarity of ECFPs,true
DB01545,DB01595,CC0 1.0,0.5231,Dice similarity of ECFPs,true
DB01246,DB00850,CC0 1.0,0.5036,Dice similarity of ECFPs,true
DB01246,DB00850,CC0 1.0,0.5036,Dice similarity of ECFPs,true
DB01342,DB01349,CC0 1.0,0.5635,Dice similarity of ECFPs,true
DB01342,DB01349,CC0 1.0,0.5635,Dice similarity of ECFPs,true
DB01013,DB01384,CC0 1.0,0.5342,Dice similarity of ECFPs,true
DB01013,DB01384,CC0 1.0,0.5342,Dice similarity of ECFPs,true
DB00777,DB01242,CC0 1.0,0.5077,Dice similarity of ECFPs,true
DB00777,DB01242,CC0 1.0,0.5077,Dice similarity of ECFPs,true
DB00771,DB00245,CC0 1.0,0.5315,Dice similarity of ECFPs,true
DB00771,DB00245,CC0 1.0,0.5315,Dice similarity of ECFPs,true
DB00664,DB01298,CC0 1.0,0.6481,Dice similarity of ECFPs,true
DB00664,DB01298,CC0 1.0,0.6481,Dice similarity of ECFPs,true
DB01196,DB00655,CC0 1.0,0.5899,Dice similarity of ECFPs,true
DB01196,DB00655,CC0 1.0,0.5899,Dice similarity of ECFPs,true
DB00999,DB01325,CC0 1.0,0.6022,Dice similarity of ECFPs,true
DB00999,DB01325,CC0 1.0,0.6022,Dice similarity of ECFPs,true
DB04843,DB00836,CC0 1.0,0.5357,Dice similarity of ECFPs,true
DB04843,DB00836,CC0 1.0,0.5357,Dice similarity of ECFPs,true
DB00942,DB00810,CC0 1.0,0.7538,Dice similarity of ECFPs,true
DB00942,DB00810,CC0 1.0,0.7538,Dice similarity of ECFPs,true
DB01112,DB00833,CC0 1.0,0.5616,Dice similarity of ECFPs,true
DB01112,DB00833,CC0 1.0,0.5616,Dice similarity of ECFPs,true
DB00288,DB00687,CC0 1.0,0.5665,Dice similarity of ECFPs,true
DB00288,DB00687,CC0 1.0,0.5665,Dice similarity of ECFPs,true
DB00644,DB00050,CC0 1.0,0.6692,Dice similarity of ECFPs,true
DB00644,DB00050,CC0 1.0,0.6692,Dice similarity of ECFPs,true
DB01017,DB00453,CC0 1.0,0.7039,Dice similarity of ECFPs,true
DB01017,DB00453,CC0 1.0,0.7039,Dice similarity of ECFPs,true
DB00933,DB00283,CC0 1.0,0.5278,Dice similarity of ECFPs,true
DB00933,DB00283,CC0 1.0,0.5278,Dice similarity of ECFPs,true
DB01151,DB09003,CC0 1.0,0.5443,Dice similarity of ECFPs,true
DB01151,DB09003,CC0 1.0,0.5443,Dice similarity of ECFPs,true
DB01224,DB00433,CC0 1.0,0.5752,Dice similarity of ECFPs,true
DB01224,DB00433,CC0 1.0,0.5752,Dice similarity of ECFPs,true
DB00461,DB01428,CC0 1.0,0.5417,Dice similarity of ECFPs,true
DB00461,DB01428,CC0 1.0,0.5417,Dice similarity of ECFPs,true
DB00493,DB00355,CC0 1.0,0.529,Dice similarity of ECFPs,true
DB00493,DB00355,CC0 1.0,0.529,Dice similarity of ECFPs,true
DB00229,DB00274,CC0 1.0,0.5618,Dice similarity of ECFPs,true
DB00229,DB00274,CC0 1.0,0.5618,Dice similarity of ECFPs,true
DB01437,DB00252,CC0 1.0,0.54,Dice similarity of ECFPs,true
DB01437,DB00252,CC0 1.0,0.54,Dice similarity of ECFPs,true
DB01416,DB01331,CC0 1.0,0.5195,Dice similarity of ECFPs,true
DB01416,DB01331,CC0 1.0,0.5195,Dice similarity of ECFPs,true
DB01172,DB00798,CC0 1.0,0.5311,Dice similarity of ECFPs,true
DB01172,DB00798,CC0 1.0,0.5311,Dice similarity of ECFPs,true
DB00408,DB00231,CC0 1.0,0.5238,Dice similarity of ECFPs,true
DB00408,DB00231,CC0 1.0,0.5238,Dice similarity of ECFPs,true
DB01056,DB00379,CC0 1.0,0.6389,Dice similarity of ECFPs,true
DB01056,DB00379,CC0 1.0,0.6389,Dice similarity of ECFPs,true
DB00700,DB00687,CC0 1.0,0.5478,Dice similarity of ECFPs,true
DB00700,DB00687,CC0 1.0,0.5478,Dice similarity of ECFPs,true
DB01192,DB01551,CC0 1.0,0.512,Dice similarity of ECFPs,true
DB01192,DB01551,CC0 1.0,0.512,Dice similarity of ECFPs,true
DB00873,DB08971,CC0 1.0,0.5714,Dice similarity of ECFPs,true
DB00873,DB08971,CC0 1.0,0.5714,Dice similarity of ECFPs,true
DB00542,DB00691,CC0 1.0,0.5957,Dice similarity of ECFPs,true
DB00542,DB00691,CC0 1.0,0.5957,Dice similarity of ECFPs,true
DB00797,DB01577,CC0 1.0,0.5373,Dice similarity of ECFPs,true
DB00797,DB01577,CC0 1.0,0.5373,Dice similarity of ECFPs,true
DB06147,DB00259,CC0 1.0,0.6486,Dice similarity of ECFPs,true
DB06147,DB00259,CC0 1.0,0.6486,Dice similarity of ECFPs,true
DB01581,DB05245,CC0 1.0,0.62,Dice similarity of ECFPs,true
DB01581,DB05245,CC0 1.0,0.62,Dice similarity of ECFPs,true
DB00875,DB01623,CC0 1.0,0.5146,Dice similarity of ECFPs,true
DB00875,DB01623,CC0 1.0,0.5146,Dice similarity of ECFPs,true
DB00363,DB00231,CC0 1.0,0.5079,Dice similarity of ECFPs,true
DB00363,DB00231,CC0 1.0,0.5079,Dice similarity of ECFPs,true
DB00264,DB00335,CC0 1.0,0.8,Dice similarity of ECFPs,true
DB00264,DB00335,CC0 1.0,0.8,Dice similarity of ECFPs,true
DB08807,DB00571,CC0 1.0,0.5263,Dice similarity of ECFPs,true
DB08807,DB00571,CC0 1.0,0.5263,Dice similarity of ECFPs,true
DB06710,DB01431,CC0 1.0,0.5161,Dice similarity of ECFPs,true
DB06710,DB01431,CC0 1.0,0.5161,Dice similarity of ECFPs,true
DB00542,DB00458,CC0 1.0,0.5235,Dice similarity of ECFPs,true
DB00542,DB00458,CC0 1.0,0.5235,Dice similarity of ECFPs,true
DB00948,DB01053,CC0 1.0,0.6625,Dice similarity of ECFPs,true
DB00948,DB01053,CC0 1.0,0.6625,Dice similarity of ECFPs,true
DB01125,DB00170,CC0 1.0,0.5556,Dice similarity of ECFPs,true
DB01125,DB00170,CC0 1.0,0.5556,Dice similarity of ECFPs,true
DB00770,DB00929,CC0 1.0,0.7273,Dice similarity of ECFPs,true
DB00770,DB00929,CC0 1.0,0.7273,Dice similarity of ECFPs,true
DB00872,DB01609,CC0 1.0,0.5131,Dice similarity of ECFPs,true
DB00872,DB01609,CC0 1.0,0.5131,Dice similarity of ECFPs,true
DB01073,DB00118,CC0 1.0,0.5899,Dice similarity of ECFPs,true
DB01073,DB00118,CC0 1.0,0.5899,Dice similarity of ECFPs,true
DB01059,DB00487,CC0 1.0,0.8462,Dice similarity of ECFPs,true
DB01059,DB00487,CC0 1.0,0.8462,Dice similarity of ECFPs,true
DB08801,DB01142,CC0 1.0,0.6129,Dice similarity of ECFPs,true
DB08801,DB01142,CC0 1.0,0.6129,Dice similarity of ECFPs,true
DB00809,DB00745,CC0 1.0,0.5088,Dice similarity of ECFPs,true
DB00809,DB00745,CC0 1.0,0.5088,Dice similarity of ECFPs,true
DB00349,DB01588,CC0 1.0,0.592,Dice similarity of ECFPs,true
DB00349,DB01588,CC0 1.0,0.592,Dice similarity of ECFPs,true
DB00540,DB01239,CC0 1.0,0.5378,Dice similarity of ECFPs,true
DB00540,DB01239,CC0 1.0,0.5378,Dice similarity of ECFPs,true
DB01579,DB00832,CC0 1.0,0.557,Dice similarity of ECFPs,true
DB01579,DB00832,CC0 1.0,0.557,Dice similarity of ECFPs,true
DB01140,DB00535,CC0 1.0,0.5612,Dice similarity of ECFPs,true
DB01140,DB00535,CC0 1.0,0.5612,Dice similarity of ECFPs,true
DB01587,DB01215,CC0 1.0,0.5185,Dice similarity of ECFPs,true
DB01587,DB01215,CC0 1.0,0.5185,Dice similarity of ECFPs,true
DB00472,DB01237,CC0 1.0,0.5378,Dice similarity of ECFPs,true
DB00472,DB01237,CC0 1.0,0.5378,Dice similarity of ECFPs,true
DB00765,DB00190,CC0 1.0,0.5679,Dice similarity of ECFPs,true
DB00765,DB00190,CC0 1.0,0.5679,Dice similarity of ECFPs,true
DB00582,DB00196,CC0 1.0,0.7068,Dice similarity of ECFPs,true
DB00582,DB00196,CC0 1.0,0.7068,Dice similarity of ECFPs,true
DB00623,DB00933,CC0 1.0,0.5839,Dice similarity of ECFPs,true
DB00623,DB00933,CC0 1.0,0.5839,Dice similarity of ECFPs,true
DB00675,DB00420,CC0 1.0,0.5036,Dice similarity of ECFPs,true
DB00675,DB00420,CC0 1.0,0.5036,Dice similarity of ECFPs,true
DB00984,DB01420,CC0 1.0,0.6242,Dice similarity of ECFPs,true
DB00984,DB01420,CC0 1.0,0.6242,Dice similarity of ECFPs,true
DB00324,DB01185,CC0 1.0,0.5839,Dice similarity of ECFPs,true
DB00324,DB01185,CC0 1.0,0.5839,Dice similarity of ECFPs,true
DB00644,DB00403,CC0 1.0,0.6869,Dice similarity of ECFPs,true
DB00644,DB00403,CC0 1.0,0.6869,Dice similarity of ECFPs,true
DB01073,DB03147,CC0 1.0,0.5143,Dice similarity of ECFPs,true
DB01073,DB03147,CC0 1.0,0.5143,Dice similarity of ECFPs,true
DB00870,DB00573,CC0 1.0,0.5545,Dice similarity of ECFPs,true
DB00870,DB00573,CC0 1.0,0.5545,Dice similarity of ECFPs,true
DB00433,DB00902,CC0 1.0,0.6222,Dice similarity of ECFPs,true
DB00433,DB00902,CC0 1.0,0.6222,Dice similarity of ECFPs,true
DB00383,DB00810,CC0 1.0,0.5,Dice similarity of ECFPs,true
DB00383,DB00810,CC0 1.0,0.5,Dice similarity of ECFPs,true
DB01171,DB00805,CC0 1.0,0.547,Dice similarity of ECFPs,true
DB01171,DB00805,CC0 1.0,0.547,Dice similarity of ECFPs,true
DB00240,DB00588,CC0 1.0,0.506,Dice similarity of ECFPs,true
DB00240,DB00588,CC0 1.0,0.506,Dice similarity of ECFPs,true
DB00842,DB00475,CC0 1.0,0.6154,Dice similarity of ECFPs,true
DB00842,DB00475,CC0 1.0,0.6154,Dice similarity of ECFPs,true
DB00835,DB01620,CC0 1.0,0.8113,Dice similarity of ECFPs,true
DB00835,DB01620,CC0 1.0,0.8113,Dice similarity of ECFPs,true
DB08799,DB00745,CC0 1.0,0.5088,Dice similarity of ECFPs,true
DB08799,DB00745,CC0 1.0,0.5088,Dice similarity of ECFPs,true
DB01061,DB01604,CC0 1.0,0.6552,Dice similarity of ECFPs,true
DB01061,DB01604,CC0 1.0,0.6552,Dice similarity of ECFPs,true
DB00943,DB00441,CC0 1.0,0.6444,Dice similarity of ECFPs,true
DB00943,DB00441,CC0 1.0,0.6444,Dice similarity of ECFPs,true
DB01359,DB00571,CC0 1.0,0.531,Dice similarity of ECFPs,true
DB01359,DB00571,CC0 1.0,0.531,Dice similarity of ECFPs,true
DB00399,DB00282,CC0 1.0,0.6389,Dice similarity of ECFPs,true
DB00399,DB00282,CC0 1.0,0.6389,Dice similarity of ECFPs,true
DB01544,DB00801,CC0 1.0,0.5802,Dice similarity of ECFPs,true
DB01544,DB00801,CC0 1.0,0.5802,Dice similarity of ECFPs,true
DB00310,DB01325,CC0 1.0,0.5,Dice similarity of ECFPs,true
DB00310,DB01325,CC0 1.0,0.5,Dice similarity of ECFPs,true
DB00865,DB01237,CC0 1.0,0.5138,Dice similarity of ECFPs,true
DB00865,DB01237,CC0 1.0,0.5138,Dice similarity of ECFPs,true
DB00923,DB01414,CC0 1.0,0.55,Dice similarity of ECFPs,true
DB00923,DB01414,CC0 1.0,0.55,Dice similarity of ECFPs,true
DB01033,DB00173,CC0 1.0,0.5172,Dice similarity of ECFPs,true
DB01033,DB00173,CC0 1.0,0.5172,Dice similarity of ECFPs,true
DB00162,DB00755,CC0 1.0,0.8621,Dice similarity of ECFPs,true
DB00162,DB00755,CC0 1.0,0.8621,Dice similarity of ECFPs,true
DB00704,DB01183,CC0 1.0,0.8633,Dice similarity of ECFPs,true
DB00704,DB01183,CC0 1.0,0.8633,Dice similarity of ECFPs,true
DB00647,DB01625,CC0 1.0,0.6099,Dice similarity of ECFPs,true
DB00647,DB01625,CC0 1.0,0.6099,Dice similarity of ECFPs,true
DB01227,DB00676,CC0 1.0,0.5546,Dice similarity of ECFPs,true
DB01227,DB00676,CC0 1.0,0.5546,Dice similarity of ECFPs,true
DB01050,DB00870,CC0 1.0,0.5778,Dice similarity of ECFPs,true
DB01050,DB00870,CC0 1.0,0.5778,Dice similarity of ECFPs,true
DB00628,DB00475,CC0 1.0,0.5902,Dice similarity of ECFPs,true
DB00628,DB00475,CC0 1.0,0.5902,Dice similarity of ECFPs,true
DB01260,DB01234,CC0 1.0,0.6369,Dice similarity of ECFPs,true
DB01260,DB01234,CC0 1.0,0.6369,Dice similarity of ECFPs,true
DB00713,DB00301,CC0 1.0,0.8228,Dice similarity of ECFPs,true
DB00713,DB00301,CC0 1.0,0.8228,Dice similarity of ECFPs,true
DB00557,DB00913,CC0 1.0,0.5033,Dice similarity of ECFPs,true
DB00557,DB00913,CC0 1.0,0.5033,Dice similarity of ECFPs,true
DB01173,DB00682,CC0 1.0,0.5246,Dice similarity of ECFPs,true
DB01173,DB00682,CC0 1.0,0.5246,Dice similarity of ECFPs,true
DB00960,DB00571,CC0 1.0,0.781,Dice similarity of ECFPs,true
DB00960,DB00571,CC0 1.0,0.781,Dice similarity of ECFPs,true
DB00422,DB00725,CC0 1.0,0.5455,Dice similarity of ECFPs,true
DB00422,DB00725,CC0 1.0,0.5455,Dice similarity of ECFPs,true
DB04842,DB00637,CC0 1.0,0.5149,Dice similarity of ECFPs,true
DB04842,DB00637,CC0 1.0,0.5149,Dice similarity of ECFPs,true
DB00656,DB00246,CC0 1.0,0.519,Dice similarity of ECFPs,true
DB00656,DB00246,CC0 1.0,0.519,Dice similarity of ECFPs,true
DB01215,DB01567,CC0 1.0,0.6446,Dice similarity of ECFPs,true
DB01215,DB01567,CC0 1.0,0.6446,Dice similarity of ECFPs,true
DB00621,DB00858,CC0 1.0,0.6557,Dice similarity of ECFPs,true
DB00621,DB00858,CC0 1.0,0.6557,Dice similarity of ECFPs,true
DB00624,DB00687,CC0 1.0,0.6061,Dice similarity of ECFPs,true
DB00624,DB00687,CC0 1.0,0.6061,Dice similarity of ECFPs,true
DB01588,DB01068,CC0 1.0,0.5156,Dice similarity of ECFPs,true
DB01588,DB01068,CC0 1.0,0.5156,Dice similarity of ECFPs,true
DB08906,DB01234,CC0 1.0,0.6023,Dice similarity of ECFPs,true
DB08906,DB01234,CC0 1.0,0.6023,Dice similarity of ECFPs,true
DB01231,DB00813,CC0 1.0,0.5816,Dice similarity of ECFPs,true
DB01231,DB00813,CC0 1.0,0.5816,Dice similarity of ECFPs,true
DB00902,DB00777,CC0 1.0,0.5426,Dice similarity of ECFPs,true
DB00902,DB00777,CC0 1.0,0.5426,Dice similarity of ECFPs,true
DB01348,DB00722,CC0 1.0,0.6071,Dice similarity of ECFPs,true
DB01348,DB00722,CC0 1.0,0.6071,Dice similarity of ECFPs,true
DB00600,DB06770,CC0 1.0,0.5672,Dice similarity of ECFPs,true
DB00600,DB06770,CC0 1.0,0.5672,Dice similarity of ECFPs,true
DB00959,DB00894,CC0 1.0,0.5037,Dice similarity of ECFPs,true
DB00959,DB00894,CC0 1.0,0.5037,Dice similarity of ECFPs,true
DB00801,DB00683,CC0 1.0,0.6165,Dice similarity of ECFPs,true
DB00801,DB00683,CC0 1.0,0.6165,Dice similarity of ECFPs,true
DB08802,DB01620,CC0 1.0,0.5138,Dice similarity of ECFPs,true
DB08802,DB01620,CC0 1.0,0.5138,Dice similarity of ECFPs,true
DB08970,DB00896,CC0 1.0,0.5676,Dice similarity of ECFPs,true
DB08970,DB00896,CC0 1.0,0.5676,Dice similarity of ECFPs,true
DB06148,DB01071,CC0 1.0,0.5625,Dice similarity of ECFPs,true
DB06148,DB01071,CC0 1.0,0.5625,Dice similarity of ECFPs,true
DB00438,DB09008,CC0 1.0,0.6374,Dice similarity of ECFPs,true
DB00438,DB09008,CC0 1.0,0.6374,Dice similarity of ECFPs,true
DB01071,DB00831,CC0 1.0,0.5503,Dice similarity of ECFPs,true
DB01071,DB00831,CC0 1.0,0.5503,Dice similarity of ECFPs,true
DB00619,DB00354,CC0 1.0,0.5076,Dice similarity of ECFPs,true
DB00619,DB00354,CC0 1.0,0.5076,Dice similarity of ECFPs,true
DB01329,DB00229,CC0 1.0,0.5622,Dice similarity of ECFPs,true
DB01329,DB00229,CC0 1.0,0.5622,Dice similarity of ECFPs,true
DB00161,DB00160,CC0 1.0,0.6875,Dice similarity of ECFPs,true
DB00161,DB00160,CC0 1.0,0.6875,Dice similarity of ECFPs,true
DB00873,DB00894,CC0 1.0,0.6176,Dice similarity of ECFPs,true
DB00873,DB00894,CC0 1.0,0.6176,Dice similarity of ECFPs,true
DB00340,DB01069,CC0 1.0,0.5574,Dice similarity of ECFPs,true
DB00340,DB01069,CC0 1.0,0.5574,Dice similarity of ECFPs,true
DB00953,DB00315,CC0 1.0,0.678,Dice similarity of ECFPs,true
DB00953,DB00315,CC0 1.0,0.678,Dice similarity of ECFPs,true
DB00606,DB01324,CC0 1.0,0.5496,Dice similarity of ECFPs,true
DB00606,DB01324,CC0 1.0,0.5496,Dice similarity of ECFPs,true
DB08967,DB01622,CC0 1.0,0.6867,Dice similarity of ECFPs,true
DB08967,DB01622,CC0 1.0,0.6867,Dice similarity of ECFPs,true
DB01212,DB01066,CC0 1.0,0.7225,Dice similarity of ECFPs,true
DB01212,DB01066,CC0 1.0,0.7225,Dice similarity of ECFPs,true
DB00948,DB00301,CC0 1.0,0.5393,Dice similarity of ECFPs,true
DB00948,DB00301,CC0 1.0,0.5393,Dice similarity of ECFPs,true
DB00643,DB01428,CC0 1.0,0.6126,Dice similarity of ECFPs,true
DB00643,DB01428,CC0 1.0,0.6126,Dice similarity of ECFPs,true
DB00771,DB01146,CC0 1.0,0.5401,Dice similarity of ECFPs,true
DB00771,DB01146,CC0 1.0,0.5401,Dice similarity of ECFPs,true
DB01365,DB01577,CC0 1.0,0.6875,Dice similarity of ECFPs,true
DB01365,DB01577,CC0 1.0,0.6875,Dice similarity of ECFPs,true
DB00285,DB00193,CC0 1.0,0.5872,Dice similarity of ECFPs,true
DB00285,DB00193,CC0 1.0,0.5872,Dice similarity of ECFPs,true
DB01595,DB01489,CC0 1.0,0.5303,Dice similarity of ECFPs,true
DB01595,DB01489,CC0 1.0,0.5303,Dice similarity of ECFPs,true
DB00306,DB00237,CC0 1.0,0.8395,Dice similarity of ECFPs,true
DB00306,DB00237,CC0 1.0,0.8395,Dice similarity of ECFPs,true
DB00502,DB04842,CC0 1.0,0.5341,Dice similarity of ECFPs,true
DB00502,DB04842,CC0 1.0,0.5341,Dice similarity of ECFPs,true
DB00564,DB00392,CC0 1.0,0.5043,Dice similarity of ECFPs,true
DB00564,DB00392,CC0 1.0,0.5043,Dice similarity of ECFPs,true
DB00381,DB00401,CC0 1.0,0.6447,Dice similarity of ECFPs,true
DB00381,DB00401,CC0 1.0,0.6447,Dice similarity of ECFPs,true
DB00351,DB00378,CC0 1.0,0.7536,Dice similarity of ECFPs,true
DB00351,DB00378,CC0 1.0,0.7536,Dice similarity of ECFPs,true
DB00623,DB01403,CC0 1.0,0.5166,Dice similarity of ECFPs,true
DB00623,DB01403,CC0 1.0,0.5166,Dice similarity of ECFPs,true
DB04843,DB00813,CC0 1.0,0.5278,Dice similarity of ECFPs,true
DB04843,DB00813,CC0 1.0,0.5278,Dice similarity of ECFPs,true
DB00180,DB01410,CC0 1.0,0.601,Dice similarity of ECFPs,true
DB00180,DB01410,CC0 1.0,0.601,Dice similarity of ECFPs,true
DB00354,DB00972,CC0 1.0,0.503,Dice similarity of ECFPs,true
DB00354,DB00972,CC0 1.0,0.503,Dice similarity of ECFPs,true
DB00396,DB00741,CC0 1.0,0.6667,Dice similarity of ECFPs,true
DB00396,DB00741,CC0 1.0,0.6667,Dice similarity of ECFPs,true
DB01015,DB01289,CC0 1.0,0.5037,Dice similarity of ECFPs,true
DB01015,DB01289,CC0 1.0,0.5037,Dice similarity of ECFPs,true
DB01000,DB01605,CC0 1.0,0.5139,Dice similarity of ECFPs,true
DB01000,DB01605,CC0 1.0,0.5139,Dice similarity of ECFPs,true
DB00902,DB00850,CC0 1.0,0.5532,Dice similarity of ECFPs,true
DB00902,DB00850,CC0 1.0,0.5532,Dice similarity of ECFPs,true
DB06771,DB00218,CC0 1.0,0.7226,Dice similarity of ECFPs,true
DB06771,DB00218,CC0 1.0,0.7226,Dice similarity of ECFPs,true
DB00424,DB00462,CC0 1.0,0.6929,Dice similarity of ECFPs,true
DB00424,DB00462,CC0 1.0,0.6929,Dice similarity of ECFPs,true
DB00456,DB01140,CC0 1.0,0.5714,Dice similarity of ECFPs,true
DB00456,DB01140,CC0 1.0,0.5714,Dice similarity of ECFPs,true
DB00764,DB00547,CC0 1.0,0.6892,Dice similarity of ECFPs,true
DB00764,DB00547,CC0 1.0,0.6892,Dice similarity of ECFPs,true
DB00812,DB00745,CC0 1.0,0.5167,Dice similarity of ECFPs,true
DB00812,DB00745,CC0 1.0,0.5167,Dice similarity of ECFPs,true
DB00939,DB00586,CC0 1.0,0.6857,Dice similarity of ECFPs,true
DB00939,DB00586,CC0 1.0,0.6857,Dice similarity of ECFPs,true
DB08795,DB01147,CC0 1.0,0.6667,Dice similarity of ECFPs,true
DB08795,DB01147,CC0 1.0,0.6667,Dice similarity of ECFPs,true
DB00366,DB01075,CC0 1.0,0.6429,Dice similarity of ECFPs,true
DB00366,DB01075,CC0 1.0,0.6429,Dice similarity of ECFPs,true
DB05245,DB01298,CC0 1.0,0.5333,Dice similarity of ECFPs,true
DB05245,DB01298,CC0 1.0,0.5333,Dice similarity of ECFPs,true
DB00712,DB01489,CC0 1.0,0.5082,Dice similarity of ECFPs,true
DB00712,DB01489,CC0 1.0,0.5082,Dice similarity of ECFPs,true
DB00769,DB01380,CC0 1.0,0.7326,Dice similarity of ECFPs,true
DB00769,DB01380,CC0 1.0,0.7326,Dice similarity of ECFPs,true
DB00624,DB00860,CC0 1.0,0.5077,Dice similarity of ECFPs,true
DB00624,DB00860,CC0 1.0,0.5077,Dice similarity of ECFPs,true
DB01330,DB00267,CC0 1.0,0.6243,Dice similarity of ECFPs,true
DB01330,DB00267,CC0 1.0,0.6243,Dice similarity of ECFPs,true
DB00640,DB00171,CC0 1.0,0.7206,Dice similarity of ECFPs,true
DB00640,DB00171,CC0 1.0,0.7206,Dice similarity of ECFPs,true
DB01361,DB00778,CC0 1.0,0.5443,Dice similarity of ECFPs,true
DB01361,DB00778,CC0 1.0,0.5443,Dice similarity of ECFPs,true
DB02187,DB00783,CC0 1.0,0.5614,Dice similarity of ECFPs,true
DB02187,DB00783,CC0 1.0,0.5614,Dice similarity of ECFPs,true
DB01155,DB01044,CC0 1.0,0.649,Dice similarity of ECFPs,true
DB01155,DB01044,CC0 1.0,0.649,Dice similarity of ECFPs,true
DB00829,DB00231,CC0 1.0,0.8276,Dice similarity of ECFPs,true
DB00829,DB00231,CC0 1.0,0.8276,Dice similarity of ECFPs,true
DB00946,DB01620,CC0 1.0,0.5536,Dice similarity of ECFPs,true
DB00946,DB01620,CC0 1.0,0.5536,Dice similarity of ECFPs,true
DB00253,DB00396,CC0 1.0,0.697,Dice similarity of ECFPs,true
DB00253,DB00396,CC0 1.0,0.697,Dice similarity of ECFPs,true
DB04574,DB02187,CC0 1.0,0.5645,Dice similarity of ECFPs,true
DB04574,DB02187,CC0 1.0,0.5645,Dice similarity of ECFPs,true
DB00591,DB00443,CC0 1.0,0.6832,Dice similarity of ECFPs,true
DB00591,DB00443,CC0 1.0,0.6832,Dice similarity of ECFPs,true
DB01226,DB00732,CC0 1.0,0.8312,Dice similarity of ECFPs,true
DB01226,DB00732,CC0 1.0,0.8312,Dice similarity of ECFPs,true
DB00751,DB00321,CC0 1.0,0.5299,Dice similarity of ECFPs,true
DB00751,DB00321,CC0 1.0,0.5299,Dice similarity of ECFPs,true
DB00349,DB01215,CC0 1.0,0.562,Dice similarity of ECFPs,true
DB00349,DB01215,CC0 1.0,0.562,Dice similarity of ECFPs,true
DB00956,DB00497,CC0 1.0,0.75,Dice similarity of ECFPs,true
DB00956,DB00497,CC0 1.0,0.75,Dice similarity of ECFPs,true
DB00925,DB01146,CC0 1.0,0.5041,Dice similarity of ECFPs,true
DB00925,DB01146,CC0 1.0,0.5041,Dice similarity of ECFPs,true
DB00831,DB01622,CC0 1.0,0.8121,Dice similarity of ECFPs,true
DB00831,DB01622,CC0 1.0,0.8121,Dice similarity of ECFPs,true
DB00777,DB00333,CC0 1.0,0.5496,Dice similarity of ECFPs,true
DB00777,DB00333,CC0 1.0,0.5496,Dice similarity of ECFPs,true
DB00907,DB00572,CC0 1.0,0.5738,Dice similarity of ECFPs,true
DB00907,DB00572,CC0 1.0,0.5738,Dice similarity of ECFPs,true
DB06800,DB00327,CC0 1.0,0.6316,Dice similarity of ECFPs,true
DB06800,DB00327,CC0 1.0,0.6316,Dice similarity of ECFPs,true
DB00765,DB00135,CC0 1.0,0.7222,Dice similarity of ECFPs,true
DB00765,DB00135,CC0 1.0,0.7222,Dice similarity of ECFPs,true
DB01242,DB04837,CC0 1.0,0.5042,Dice similarity of ECFPs,true
DB01242,DB04837,CC0 1.0,0.5042,Dice similarity of ECFPs,true
DB00873,DB00223,CC0 1.0,0.5033,Dice similarity of ECFPs,true
DB00873,DB00223,CC0 1.0,0.5033,Dice similarity of ECFPs,true
DB00676,DB01399,CC0 1.0,0.54,Dice similarity of ECFPs,true
DB00676,DB01399,CC0 1.0,0.54,Dice similarity of ECFPs,true
DB00623,DB01608,CC0 1.0,0.7037,Dice similarity of ECFPs,true
DB00623,DB01608,CC0 1.0,0.7037,Dice similarity of ECFPs,true
DB00948,DB00415,CC0 1.0,0.7284,Dice similarity of ECFPs,true
DB00948,DB00415,CC0 1.0,0.7284,Dice similarity of ECFPs,true
DB00668,DB00871,CC0 1.0,0.5455,Dice similarity of ECFPs,true
DB00668,DB00871,CC0 1.0,0.5455,Dice similarity of ECFPs,true
DB01408,DB00449,CC0 1.0,0.5564,Dice similarity of ECFPs,true
DB01408,DB00449,CC0 1.0,0.5564,Dice similarity of ECFPs,true
DB01340,DB00178,CC0 1.0,0.6982,Dice similarity of ECFPs,true
DB01340,DB00178,CC0 1.0,0.6982,Dice similarity of ECFPs,true
DB00924,DB00434,CC0 1.0,0.6667,Dice similarity of ECFPs,true
DB00924,DB00434,CC0 1.0,0.6667,Dice similarity of ECFPs,true
DB06707,DB00723,CC0 1.0,0.5405,Dice similarity of ECFPs,true
DB06707,DB00723,CC0 1.0,0.5405,Dice similarity of ECFPs,true
DB00285,DB00979,CC0 1.0,0.5739,Dice similarity of ECFPs,true
DB00285,DB00979,CC0 1.0,0.5739,Dice similarity of ECFPs,true
DB00936,DB01399,CC0 1.0,0.65,Dice similarity of ECFPs,true
DB00936,DB01399,CC0 1.0,0.65,Dice similarity of ECFPs,true
DB01073,DB00928,CC0 1.0,0.6126,Dice similarity of ECFPs,true
DB01073,DB00928,CC0 1.0,0.6126,Dice similarity of ECFPs,true
DB00649,DB00249,CC0 1.0,0.5556,Dice similarity of ECFPs,true
DB00649,DB00249,CC0 1.0,0.5556,Dice similarity of ECFPs,true
DB01012,DB00508,CC0 1.0,0.5248,Dice similarity of ECFPs,true
DB01012,DB00508,CC0 1.0,0.5248,Dice similarity of ECFPs,true
DB00267,DB01212,CC0 1.0,0.8482,Dice similarity of ECFPs,true
DB00267,DB01212,CC0 1.0,0.8482,Dice similarity of ECFPs,true
DB00293,DB00642,CC0 1.0,0.6437,Dice similarity of ECFPs,true
DB00293,DB00642,CC0 1.0,0.6437,Dice similarity of ECFPs,true
DB00301,DB01147,CC0 1.0,0.875,Dice similarity of ECFPs,true
DB00301,DB01147,CC0 1.0,0.875,Dice similarity of ECFPs,true
DB04948,DB00575,CC0 1.0,0.6824,Dice similarity of ECFPs,true
DB04948,DB00575,CC0 1.0,0.6824,Dice similarity of ECFPs,true
DB00417,DB00301,CC0 1.0,0.6259,Dice similarity of ECFPs,true
DB00417,DB00301,CC0 1.0,0.6259,Dice similarity of ECFPs,true
DB01280,DB01048,CC0 1.0,0.5254,Dice similarity of ECFPs,true
DB01280,DB01048,CC0 1.0,0.5254,Dice similarity of ECFPs,true
DB00600,DB04938,CC0 1.0,0.5203,Dice similarity of ECFPs,true
DB00600,DB04938,CC0 1.0,0.5203,Dice similarity of ECFPs,true
DB08984,DB01419,CC0 1.0,0.5625,Dice similarity of ECFPs,true
DB08984,DB01419,CC0 1.0,0.5625,Dice similarity of ECFPs,true
DB00987,DB06213,CC0 1.0,0.5645,Dice similarity of ECFPs,true
DB00987,DB06213,CC0 1.0,0.5645,Dice similarity of ECFPs,true
DB00982,DB00755,CC0 1.0,1.0,Dice similarity of ECFPs,true
DB00982,DB00755,CC0 1.0,1.0,Dice similarity of ECFPs,true
DB00846,DB00741,CC0 1.0,0.6323,Dice similarity of ECFPs,true
DB00846,DB00741,CC0 1.0,0.6323,Dice similarity of ECFPs,true
DB01182,DB00289,CC0 1.0,0.5512,Dice similarity of ECFPs,true
DB01182,DB00289,CC0 1.0,0.5512,Dice similarity of ECFPs,true
DB00954,DB00976,CC0 1.0,0.5112,Dice similarity of ECFPs,true
DB00954,DB00976,CC0 1.0,0.5112,Dice similarity of ECFPs,true
DB00423,DB00874,CC0 1.0,0.7907,Dice similarity of ECFPs,true
DB00423,DB00874,CC0 1.0,0.7907,Dice similarity of ECFPs,true
DB01200,DB00353,CC0 1.0,0.5158,Dice similarity of ECFPs,true
DB01200,DB00353,CC0 1.0,0.5158,Dice similarity of ECFPs,true
DB08802,DB01615,CC0 1.0,0.7438,Dice similarity of ECFPs,true
DB08802,DB01615,CC0 1.0,0.7438,Dice similarity of ECFPs,true
DB01120,DB01124,CC0 1.0,0.6306,Dice similarity of ECFPs,true
DB01120,DB01124,CC0 1.0,0.6306,Dice similarity of ECFPs,true
DB08822,DB00678,CC0 1.0,0.5,Dice similarity of ECFPs,true
DB08822,DB00678,CC0 1.0,0.5,Dice similarity of ECFPs,true
DB00631,DB00194,CC0 1.0,0.7037,Dice similarity of ECFPs,true
DB00631,DB00194,CC0 1.0,0.7037,Dice similarity of ECFPs,true
DB01511,DB01489,CC0 1.0,0.5116,Dice similarity of ECFPs,true
DB01511,DB01489,CC0 1.0,0.5116,Dice similarity of ECFPs,true
DB01081,DB00913,CC0 1.0,0.7126,Dice similarity of ECFPs,true
DB01081,DB00913,CC0 1.0,0.7126,Dice similarity of ECFPs,true
DB00340,DB00934,CC0 1.0,0.5354,Dice similarity of ECFPs,true
DB00340,DB00934,CC0 1.0,0.5354,Dice similarity of ECFPs,true
DB00388,DB00871,CC0 1.0,0.5333,Dice similarity of ECFPs,true
DB00388,DB00871,CC0 1.0,0.5333,Dice similarity of ECFPs,true
DB00679,DB00850,CC0 1.0,0.6184,Dice similarity of ECFPs,true
DB00679,DB00850,CC0 1.0,0.6184,Dice similarity of ECFPs,true
DB01280,DB00631,CC0 1.0,0.708,Dice similarity of ECFPs,true
DB01280,DB00631,CC0 1.0,0.708,Dice similarity of ECFPs,true
DB04843,DB00283,CC0 1.0,0.5,Dice similarity of ECFPs,true
DB04843,DB00283,CC0 1.0,0.5,Dice similarity of ECFPs,true
DB00362,DB00520,CC0 1.0,0.6468,Dice similarity of ECFPs,true
DB00362,DB00520,CC0 1.0,0.6468,Dice similarity of ECFPs,true
DB00624,DB00351,CC0 1.0,0.5113,Dice similarity of ECFPs,true
DB00624,DB00351,CC0 1.0,0.5113,Dice similarity of ECFPs,true
DB00434,DB00540,CC0 1.0,0.5484,Dice similarity of ECFPs,true
DB00434,DB00540,CC0 1.0,0.5484,Dice similarity of ECFPs,true
DB00527,DB01103,CC0 1.0,0.5067,Dice similarity of ECFPs,true
DB00527,DB01103,CC0 1.0,0.5067,Dice similarity of ECFPs,true
DB01255,DB00780,CC0 1.0,0.5122,Dice similarity of ECFPs,true
DB01255,DB00780,CC0 1.0,0.5122,Dice similarity of ECFPs,true
DB01071,DB01608,CC0 1.0,0.6069,Dice similarity of ECFPs,true
DB01071,DB01608,CC0 1.0,0.6069,Dice similarity of ECFPs,true
DB00764,DB08971,CC0 1.0,0.5135,Dice similarity of ECFPs,true
DB00764,DB08971,CC0 1.0,0.5135,Dice similarity of ECFPs,true
DB00831,DB01608,CC0 1.0,0.7179,Dice similarity of ECFPs,true
DB00831,DB01608,CC0 1.0,0.7179,Dice similarity of ECFPs,true
DB00227,DB00175,CC0 1.0,0.646,Dice similarity of ECFPs,true
DB00227,DB00175,CC0 1.0,0.646,Dice similarity of ECFPs,true
DB01073,DB00631,CC0 1.0,0.6667,Dice similarity of ECFPs,true
DB01073,DB00631,CC0 1.0,0.6667,Dice similarity of ECFPs,true
DB00125,DB00134,CC0 1.0,0.5556,Dice similarity of ECFPs,true
DB00125,DB00134,CC0 1.0,0.5556,Dice similarity of ECFPs,true
DB00679,DB01608,CC0 1.0,0.6577,Dice similarity of ECFPs,true
DB00679,DB01608,CC0 1.0,0.6577,Dice similarity of ECFPs,true
DB00349,DB00683,CC0 1.0,0.528,Dice similarity of ECFPs,true
DB00349,DB00683,CC0 1.0,0.528,Dice similarity of ECFPs,true
DB00795,DB00359,CC0 1.0,0.5039,Dice similarity of ECFPs,true
DB00795,DB00359,CC0 1.0,0.5039,Dice similarity of ECFPs,true
DB01329,DB01326,CC0 1.0,0.6986,Dice similarity of ECFPs,true
DB01329,DB01326,CC0 1.0,0.6986,Dice similarity of ECFPs,true
DB01365,DB01550,CC0 1.0,0.5479,Dice similarity of ECFPs,true
DB01365,DB01550,CC0 1.0,0.5479,Dice similarity of ECFPs,true
DB01147,DB00485,CC0 1.0,0.875,Dice similarity of ECFPs,true
DB01147,DB00485,CC0 1.0,0.875,Dice similarity of ECFPs,true
DB01060,DB00833,CC0 1.0,0.5865,Dice similarity of ECFPs,true
DB01060,DB00833,CC0 1.0,0.5865,Dice similarity of ECFPs,true
DB01330,DB01212,CC0 1.0,0.5204,Dice similarity of ECFPs,true
DB01330,DB01212,CC0 1.0,0.5204,Dice similarity of ECFPs,true
DB00289,DB01620,CC0 1.0,0.5981,Dice similarity of ECFPs,true
DB00289,DB01620,CC0 1.0,0.5981,Dice similarity of ECFPs,true
DB00324,DB00288,CC0 1.0,0.6047,Dice similarity of ECFPs,true
DB00324,DB00288,CC0 1.0,0.6047,Dice similarity of ECFPs,true
DB01115,DB00401,CC0 1.0,0.8873,Dice similarity of ECFPs,true
DB01115,DB00401,CC0 1.0,0.8873,Dice similarity of ECFPs,true
DB00717,DB00977,CC0 1.0,0.6613,Dice similarity of ECFPs,true
DB00717,DB00977,CC0 1.0,0.6613,Dice similarity of ECFPs,true
DB01419,DB00831,CC0 1.0,0.5025,Dice similarity of ECFPs,true
DB01419,DB00831,CC0 1.0,0.5025,Dice similarity of ECFPs,true
DB01299,DB00576,CC0 1.0,0.6476,Dice similarity of ECFPs,true
DB01299,DB00576,CC0 1.0,0.6476,Dice similarity of ECFPs,true
DB00363,DB01624,CC0 1.0,0.5342,Dice similarity of ECFPs,true
DB00363,DB01624,CC0 1.0,0.5342,Dice similarity of ECFPs,true
DB00492,DB00178,CC0 1.0,0.601,Dice similarity of ECFPs,true
DB00492,DB00178,CC0 1.0,0.601,Dice similarity of ECFPs,true
DB00165,DB00147,CC0 1.0,0.7188,Dice similarity of ECFPs,true
DB00165,DB00147,CC0 1.0,0.7188,Dice similarity of ECFPs,true
DB00635,DB00443,CC0 1.0,0.6164,Dice similarity of ECFPs,true
DB00635,DB00443,CC0 1.0,0.6164,Dice similarity of ECFPs,true
DB00283,DB00972,CC0 1.0,0.5306,Dice similarity of ECFPs,true
DB00283,DB00972,CC0 1.0,0.5306,Dice similarity of ECFPs,true
DB01239,DB00231,CC0 1.0,0.5042,Dice similarity of ECFPs,true
DB01239,DB00231,CC0 1.0,0.5042,Dice similarity of ECFPs,true
DB00548,DB00513,CC0 1.0,0.6441,Dice similarity of ECFPs,true
DB00548,DB00513,CC0 1.0,0.6441,Dice similarity of ECFPs,true
DB00623,DB00850,CC0 1.0,0.8848,Dice similarity of ECFPs,true
DB00623,DB00850,CC0 1.0,0.8848,Dice similarity of ECFPs,true
DB00591,DB00896,CC0 1.0,0.5283,Dice similarity of ECFPs,true
DB00591,DB00896,CC0 1.0,0.5283,Dice similarity of ECFPs,true
DB00882,DB00925,CC0 1.0,0.5517,Dice similarity of ECFPs,true
DB00882,DB00925,CC0 1.0,0.5517,Dice similarity of ECFPs,true
DB00676,DB04837,CC0 1.0,0.5049,Dice similarity of ECFPs,true
DB00676,DB04837,CC0 1.0,0.5049,Dice similarity of ECFPs,true
DB01137,DB06771,CC0 1.0,0.6164,Dice similarity of ECFPs,true
DB01137,DB06771,CC0 1.0,0.6164,Dice similarity of ECFPs,true
DB01544,DB01489,CC0 1.0,0.5294,Dice similarity of ECFPs,true
DB01544,DB01489,CC0 1.0,0.5294,Dice similarity of ECFPs,true
DB01139,DB00438,CC0 1.0,0.5111,Dice similarity of ECFPs,true
DB01139,DB00438,CC0 1.0,0.5111,Dice similarity of ECFPs,true
DB01137,DB00467,CC0 1.0,0.5588,Dice similarity of ECFPs,true
DB01137,DB00467,CC0 1.0,0.5588,Dice similarity of ECFPs,true
DB00873,DB00394,CC0 1.0,0.5263,Dice similarity of ECFPs,true
DB00873,DB00394,CC0 1.0,0.5263,Dice similarity of ECFPs,true
DB00866,DB00571,CC0 1.0,0.7308,Dice similarity of ECFPs,true
DB00866,DB00571,CC0 1.0,0.7308,Dice similarity of ECFPs,true
DB08800,DB04837,CC0 1.0,0.531,Dice similarity of ECFPs,true
DB08800,DB04837,CC0 1.0,0.531,Dice similarity of ECFPs,true
DB00258,DB03166,CC0 1.0,0.6154,Dice similarity of ECFPs,true
DB00258,DB03166,CC0 1.0,0.6154,Dice similarity of ECFPs,true
DB00208,DB00758,CC0 1.0,0.7091,Dice similarity of ECFPs,true
DB00208,DB00758,CC0 1.0,0.7091,Dice similarity of ECFPs,true
DB06718,DB01185,CC0 1.0,0.5263,Dice similarity of ECFPs,true
DB06718,DB01185,CC0 1.0,0.5263,Dice similarity of ECFPs,true
DB03255,DB01626,CC0 1.0,0.5185,Dice similarity of ECFPs,true
DB03255,DB01626,CC0 1.0,0.5185,Dice similarity of ECFPs,true
DB00905,DB00429,CC0 1.0,0.5455,Dice similarity of ECFPs,true
DB00905,DB00429,CC0 1.0,0.5455,Dice similarity of ECFPs,true
DB00842,DB01558,CC0 1.0,0.5536,Dice similarity of ECFPs,true
DB00842,DB01558,CC0 1.0,0.5536,Dice similarity of ECFPs,true
DB00921,DB00611,CC0 1.0,0.5153,Dice similarity of ECFPs,true
DB00921,DB00611,CC0 1.0,0.5153,Dice similarity of ECFPs,true
DB01112,DB01328,CC0 1.0,0.5085,Dice similarity of ECFPs,true
DB01112,DB01328,CC0 1.0,0.5085,Dice similarity of ECFPs,true
DB00167,DB00156,CC0 1.0,0.6829,Dice similarity of ECFPs,true
DB00167,DB00156,CC0 1.0,0.6829,Dice similarity of ECFPs,true
DB01235,DB00279,CC0 1.0,0.5859,Dice similarity of ECFPs,true
DB01235,DB00279,CC0 1.0,0.5859,Dice similarity of ECFPs,true
DB00156,DB00151,CC0 1.0,0.5,Dice similarity of ECFPs,true
DB00156,DB00151,CC0 1.0,0.5,Dice similarity of ECFPs,true
DB00433,DB00340,CC0 1.0,0.5072,Dice similarity of ECFPs,true
DB00433,DB00340,CC0 1.0,0.5072,Dice similarity of ECFPs,true
DB00801,DB01215,CC0 1.0,0.7287,Dice similarity of ECFPs,true
DB00801,DB01215,CC0 1.0,0.7287,Dice similarity of ECFPs,true
DB00634,DB00359,CC0 1.0,0.6353,Dice similarity of ECFPs,true
DB00634,DB00359,CC0 1.0,0.6353,Dice similarity of ECFPs,true
DB00624,DB00396,CC0 1.0,0.8618,Dice similarity of ECFPs,true
DB00624,DB00396,CC0 1.0,0.8618,Dice similarity of ECFPs,true
DB08801,DB06691,CC0 1.0,0.5366,Dice similarity of ECFPs,true
DB08801,DB06691,CC0 1.0,0.5366,Dice similarity of ECFPs,true
DB01380,DB00378,CC0 1.0,0.5315,Dice similarity of ECFPs,true
DB01380,DB00378,CC0 1.0,0.5315,Dice similarity of ECFPs,true
DB00588,DB08971,CC0 1.0,0.5488,Dice similarity of ECFPs,true
DB00588,DB08971,CC0 1.0,0.5488,Dice similarity of ECFPs,true
DB06729,DB00891,CC0 1.0,0.7207,Dice similarity of ECFPs,true
DB06729,DB00891,CC0 1.0,0.7207,Dice similarity of ECFPs,true
DB08802,DB00477,CC0 1.0,0.6154,Dice similarity of ECFPs,true
DB08802,DB00477,CC0 1.0,0.6154,Dice similarity of ECFPs,true
DB06287,DB00337,CC0 1.0,0.5943,Dice similarity of ECFPs,true
DB06287,DB00337,CC0 1.0,0.5943,Dice similarity of ECFPs,true
DB01151,DB00540,CC0 1.0,0.7119,Dice similarity of ECFPs,true
DB01151,DB00540,CC0 1.0,0.7119,Dice similarity of ECFPs,true
DB00479,DB00284,CC0 1.0,0.5511,Dice similarity of ECFPs,true
DB00479,DB00284,CC0 1.0,0.5511,Dice similarity of ECFPs,true
DB01621,DB01608,CC0 1.0,0.7425,Dice similarity of ECFPs,true
DB01621,DB01608,CC0 1.0,0.7425,Dice similarity of ECFPs,true
DB00631,DB00118,CC0 1.0,0.5271,Dice similarity of ECFPs,true
DB00631,DB00118,CC0 1.0,0.5271,Dice similarity of ECFPs,true
DB04920,DB00270,CC0 1.0,0.6452,Dice similarity of ECFPs,true
DB04920,DB00270,CC0 1.0,0.6452,Dice similarity of ECFPs,true
DB00598,DB00867,CC0 1.0,0.5238,Dice similarity of ECFPs,true
DB00598,DB00867,CC0 1.0,0.5238,Dice similarity of ECFPs,true
DB06770,DB00120,CC0 1.0,0.6786,Dice similarity of ECFPs,true
DB06770,DB00120,CC0 1.0,0.6786,Dice similarity of ECFPs,true
DB00897,DB01559,CC0 1.0,0.592,Dice similarity of ECFPs,true
DB00897,DB01559,CC0 1.0,0.592,Dice similarity of ECFPs,true
DB01260,DB00896,CC0 1.0,0.7871,Dice similarity of ECFPs,true
DB01260,DB00896,CC0 1.0,0.7871,Dice similarity of ECFPs,true
DB00450,DB04842,CC0 1.0,0.5137,Dice similarity of ECFPs,true
DB00450,DB04842,CC0 1.0,0.5137,Dice similarity of ECFPs,true
DB00986,DB00725,CC0 1.0,0.5397,Dice similarity of ECFPs,true
DB00986,DB00725,CC0 1.0,0.5397,Dice similarity of ECFPs,true
DB00668,DB00988,CC0 1.0,0.5846,Dice similarity of ECFPs,true
DB00668,DB00988,CC0 1.0,0.5846,Dice similarity of ECFPs,true
DB01216,DB00378,CC0 1.0,0.5652,Dice similarity of ECFPs,true
DB01216,DB00378,CC0 1.0,0.5652,Dice similarity of ECFPs,true
DB00842,DB01068,CC0 1.0,0.5882,Dice similarity of ECFPs,true
DB00842,DB01068,CC0 1.0,0.5882,Dice similarity of ECFPs,true
DB00371,DB00395,CC0 1.0,0.7907,Dice similarity of ECFPs,true
DB00371,DB00395,CC0 1.0,0.7907,Dice similarity of ECFPs,true
DB08802,DB01069,CC0 1.0,0.8246,Dice similarity of ECFPs,true
DB08802,DB01069,CC0 1.0,0.8246,Dice similarity of ECFPs,true
DB00662,DB01295,CC0 1.0,0.5235,Dice similarity of ECFPs,true
DB00662,DB01295,CC0 1.0,0.5235,Dice similarity of ECFPs,true
DB00948,DB00607,CC0 1.0,0.5989,Dice similarity of ECFPs,true
DB00948,DB00607,CC0 1.0,0.5989,Dice similarity of ECFPs,true
DB00747,DB04838,CC0 1.0,0.5593,Dice similarity of ECFPs,true
DB00747,DB04838,CC0 1.0,0.5593,Dice similarity of ECFPs,true
DB00458,DB09000,CC0 1.0,0.5079,Dice similarity of ECFPs,true
DB00458,DB09000,CC0 1.0,0.5079,Dice similarity of ECFPs,true
DB00343,DB00477,CC0 1.0,0.5532,Dice similarity of ECFPs,true
DB00343,DB00477,CC0 1.0,0.5532,Dice similarity of ECFPs,true
DB04794,DB04841,CC0 1.0,0.5,Dice similarity of ECFPs,true
DB04794,DB04841,CC0 1.0,0.5,Dice similarity of ECFPs,true
DB00647,DB00676,CC0 1.0,0.6154,Dice similarity of ECFPs,true
DB00647,DB00676,CC0 1.0,0.6154,Dice similarity of ECFPs,true
DB06725,DB00814,CC0 1.0,0.5714,Dice similarity of ECFPs,true
DB06725,DB00814,CC0 1.0,0.5714,Dice similarity of ECFPs,true
DB00923,DB00567,CC0 1.0,0.561,Dice similarity of ECFPs,true
DB00923,DB00567,CC0 1.0,0.561,Dice similarity of ECFPs,true
DB01073,DB06213,CC0 1.0,0.6434,Dice similarity of ECFPs,true
DB01073,DB06213,CC0 1.0,0.6434,Dice similarity of ECFPs,true
DB01176,DB01146,CC0 1.0,0.7603,Dice similarity of ECFPs,true
DB01176,DB01146,CC0 1.0,0.7603,Dice similarity of ECFPs,true
DB01544,DB00683,CC0 1.0,0.6769,Dice similarity of ECFPs,true
DB01544,DB00683,CC0 1.0,0.6769,Dice similarity of ECFPs,true
DB00583,DB06709,CC0 1.0,0.5556,Dice similarity of ECFPs,true
DB00583,DB06709,CC0 1.0,0.5556,Dice similarity of ECFPs,true
DB08864,DB06414,CC0 1.0,0.6203,Dice similarity of ECFPs,true
DB08864,DB06414,CC0 1.0,0.6203,Dice similarity of ECFPs,true
DB01267,DB00734,CC0 1.0,0.875,Dice similarity of ECFPs,true
DB01267,DB00734,CC0 1.0,0.875,Dice similarity of ECFPs,true
DB00765,DB00968,CC0 1.0,0.7368,Dice similarity of ECFPs,true
DB00765,DB00968,CC0 1.0,0.7368,Dice similarity of ECFPs,true
DB01410,DB08971,CC0 1.0,0.5055,Dice similarity of ECFPs,true
DB01410,DB08971,CC0 1.0,0.5055,Dice similarity of ECFPs,true
DB00245,DB04843,CC0 1.0,0.5324,Dice similarity of ECFPs,true
DB00245,DB04843,CC0 1.0,0.5324,Dice similarity of ECFPs,true
DB01239,DB01567,CC0 1.0,0.5378,Dice similarity of ECFPs,true
DB01239,DB01567,CC0 1.0,0.5378,Dice similarity of ECFPs,true
DB01551,DB01466,CC0 1.0,0.7132,Dice similarity of ECFPs,true
DB01551,DB01466,CC0 1.0,0.7132,Dice similarity of ECFPs,true
DB01160,DB08819,CC0 1.0,0.5169,Dice similarity of ECFPs,true
DB01160,DB08819,CC0 1.0,0.5169,Dice similarity of ECFPs,true
DB00497,DB00674,CC0 1.0,0.576,Dice similarity of ECFPs,true
DB00497,DB00674,CC0 1.0,0.576,Dice similarity of ECFPs,true
DB00263,DB01298,CC0 1.0,0.6346,Dice similarity of ECFPs,true
DB00263,DB01298,CC0 1.0,0.6346,Dice similarity of ECFPs,true
DB00984,DB00367,CC0 1.0,0.5921,Dice similarity of ECFPs,true
DB00984,DB00367,CC0 1.0,0.5921,Dice similarity of ECFPs,true
DB06770,DB00191,CC0 1.0,0.6792,Dice similarity of ECFPs,true
DB06770,DB00191,CC0 1.0,0.6792,Dice similarity of ECFPs,true
DB01380,DB01395,CC0 1.0,0.5128,Dice similarity of ECFPs,true
DB01380,DB01395,CC0 1.0,0.5128,Dice similarity of ECFPs,true
DB00639,DB01127,CC0 1.0,0.7234,Dice similarity of ECFPs,true
DB00639,DB01127,CC0 1.0,0.7234,Dice similarity of ECFPs,true
DB01185,DB00741,CC0 1.0,0.6324,Dice similarity of ECFPs,true
DB01185,DB00741,CC0 1.0,0.6324,Dice similarity of ECFPs,true
DB01282,DB02638,CC0 1.0,0.6714,Dice similarity of ECFPs,true
DB01282,DB02638,CC0 1.0,0.6714,Dice similarity of ECFPs,true
DB01139,DB01333,CC0 1.0,0.5417,Dice similarity of ECFPs,true
DB01139,DB01333,CC0 1.0,0.5417,Dice similarity of ECFPs,true
DB00493,DB06590,CC0 1.0,0.505,Dice similarity of ECFPs,true
DB00493,DB06590,CC0 1.0,0.505,Dice similarity of ECFPs,true
DB06802,DB00963,CC0 1.0,0.7222,Dice similarity of ECFPs,true
DB06802,DB00963,CC0 1.0,0.7222,Dice similarity of ECFPs,true
DB00433,DB01623,CC0 1.0,0.6456,Dice similarity of ECFPs,true
DB00433,DB01623,CC0 1.0,0.6456,Dice similarity of ECFPs,true
DB01289,DB00839,CC0 1.0,0.7483,Dice similarity of ECFPs,true
DB01289,DB00839,CC0 1.0,0.7483,Dice similarity of ECFPs,true
DB08889,DB00183,CC0 1.0,0.6102,Dice similarity of ECFPs,true
DB08889,DB00183,CC0 1.0,0.6102,Dice similarity of ECFPs,true
DB00237,DB01154,CC0 1.0,0.5952,Dice similarity of ECFPs,true
DB00237,DB01154,CC0 1.0,0.5952,Dice similarity of ECFPs,true
DB01262,DB00928,CC0 1.0,0.7556,Dice similarity of ECFPs,true
DB01262,DB00928,CC0 1.0,0.7556,Dice similarity of ECFPs,true
DB00524,DB00310,CC0 1.0,0.592,Dice similarity of ECFPs,true
DB00524,DB00310,CC0 1.0,0.592,Dice similarity of ECFPs,true
DB01384,DB00860,CC0 1.0,0.6986,Dice similarity of ECFPs,true
DB01384,DB00860,CC0 1.0,0.6986,Dice similarity of ECFPs,true
DB00546,DB01242,CC0 1.0,0.5333,Dice similarity of ECFPs,true
DB00546,DB01242,CC0 1.0,0.5333,Dice similarity of ECFPs,true
DB00186,DB01553,CC0 1.0,0.592,Dice similarity of ECFPs,true
DB00186,DB01553,CC0 1.0,0.592,Dice similarity of ECFPs,true
DB01410,DB01384,CC0 1.0,0.5435,Dice similarity of ECFPs,true
DB01410,DB01384,CC0 1.0,0.5435,Dice similarity of ECFPs,true
DB01416,DB01212,CC0 1.0,0.7955,Dice similarity of ECFPs,true
DB01416,DB01212,CC0 1.0,0.7955,Dice similarity of ECFPs,true
DB00792,DB00809,CC0 1.0,0.5217,Dice similarity of ECFPs,true
DB00792,DB00809,CC0 1.0,0.5217,Dice similarity of ECFPs,true
DB00634,DB00316,CC0 1.0,0.5075,Dice similarity of ECFPs,true
DB00634,DB00316,CC0 1.0,0.5075,Dice similarity of ECFPs,true
DB01000,DB01607,CC0 1.0,0.6047,Dice similarity of ECFPs,true
DB01000,DB01607,CC0 1.0,0.6047,Dice similarity of ECFPs,true
DB00838,DB00896,CC0 1.0,0.527,Dice similarity of ECFPs,true
DB00838,DB00896,CC0 1.0,0.527,Dice similarity of ECFPs,true
DB00866,DB00960,CC0 1.0,0.6931,Dice similarity of ECFPs,true
DB00866,DB00960,CC0 1.0,0.6931,Dice similarity of ECFPs,true
DB00933,DB00420,CC0 1.0,0.5865,Dice similarity of ECFPs,true
DB00933,DB00420,CC0 1.0,0.5865,Dice similarity of ECFPs,true
DB00829,DB00546,CC0 1.0,0.7442,Dice similarity of ECFPs,true
DB00829,DB00546,CC0 1.0,0.7442,Dice similarity of ECFPs,true
DB06594,DB01065,CC0 1.0,0.7677,Dice similarity of ECFPs,true
DB06594,DB01065,CC0 1.0,0.7677,Dice similarity of ECFPs,true
DB01410,DB00894,CC0 1.0,0.5029,Dice similarity of ECFPs,true
DB01410,DB00894,CC0 1.0,0.5029,Dice similarity of ECFPs,true
DB01239,DB01403,CC0 1.0,0.576,Dice similarity of ECFPs,true
DB01239,DB01403,CC0 1.0,0.576,Dice similarity of ECFPs,true
DB00946,DB00745,CC0 1.0,0.5439,Dice similarity of ECFPs,true
DB00946,DB00745,CC0 1.0,0.5439,Dice similarity of ECFPs,true
DB01576,DB01626,CC0 1.0,0.6129,Dice similarity of ECFPs,true
DB01576,DB01626,CC0 1.0,0.6129,Dice similarity of ECFPs,true
DB04841,DB00637,CC0 1.0,0.5,Dice similarity of ECFPs,true
DB04841,DB00637,CC0 1.0,0.5,Dice similarity of ECFPs,true
DB00933,DB01608,CC0 1.0,0.649,Dice similarity of ECFPs,true
DB00933,DB01608,CC0 1.0,0.649,Dice similarity of ECFPs,true
DB00620,DB00894,CC0 1.0,0.5109,Dice similarity of ECFPs,true
DB00620,DB00894,CC0 1.0,0.5109,Dice similarity of ECFPs,true
DB00139,DB00855,CC0 1.0,0.6977,Dice similarity of ECFPs,true
DB00139,DB00855,CC0 1.0,0.6977,Dice similarity of ECFPs,true
DB00623,DB09003,CC0 1.0,0.5297,Dice similarity of ECFPs,true
DB00623,DB09003,CC0 1.0,0.5297,Dice similarity of ECFPs,true
DB00612,DB01295,CC0 1.0,0.5037,Dice similarity of ECFPs,true
DB00612,DB01295,CC0 1.0,0.5037,Dice similarity of ECFPs,true
DB01511,DB01594,CC0 1.0,0.5669,Dice similarity of ECFPs,true
DB01511,DB01594,CC0 1.0,0.5669,Dice similarity of ECFPs,true
DB00914,DB00191,CC0 1.0,0.5278,Dice similarity of ECFPs,true
DB00914,DB00191,CC0 1.0,0.5278,Dice similarity of ECFPs,true
DB01047,DB00394,CC0 1.0,0.5759,Dice similarity of ECFPs,true
DB01047,DB00394,CC0 1.0,0.5759,Dice similarity of ECFPs,true
DB00249,DB00322,CC0 1.0,0.8696,Dice similarity of ECFPs,true
DB00249,DB00322,CC0 1.0,0.8696,Dice similarity of ECFPs,true
DB00607,DB00739,CC0 1.0,0.5882,Dice similarity of ECFPs,true
DB00607,DB00739,CC0 1.0,0.5882,Dice similarity of ECFPs,true
DB00866,DB00874,CC0 1.0,0.5843,Dice similarity of ECFPs,true
DB00866,DB00874,CC0 1.0,0.5843,Dice similarity of ECFPs,true
DB00675,DB00729,CC0 1.0,0.5161,Dice similarity of ECFPs,true
DB00675,DB00729,CC0 1.0,0.5161,Dice similarity of ECFPs,true
DB01544,DB00404,CC0 1.0,0.5469,Dice similarity of ECFPs,true
DB01544,DB00404,CC0 1.0,0.5469,Dice similarity of ECFPs,true
DB01035,DB00634,CC0 1.0,0.5,Dice similarity of ECFPs,true
DB01035,DB00634,CC0 1.0,0.5,Dice similarity of ECFPs,true
DB01326,DB04570,CC0 1.0,0.6129,Dice similarity of ECFPs,true
DB01326,DB04570,CC0 1.0,0.6129,Dice similarity of ECFPs,true
DB00182,DB00752,CC0 1.0,0.5357,Dice similarity of ECFPs,true
DB00182,DB00752,CC0 1.0,0.5357,Dice similarity of ECFPs,true
DB00174,DB00134,CC0 1.0,0.5333,Dice similarity of ECFPs,true
DB00174,DB00134,CC0 1.0,0.5333,Dice similarity of ECFPs,true
DB06212,DB00872,CC0 1.0,0.5274,Dice similarity of ECFPs,true
DB06212,DB00872,CC0 1.0,0.5274,Dice similarity of ECFPs,true
DB00472,DB00289,CC0 1.0,0.7179,Dice similarity of ECFPs,true
DB00472,DB00289,CC0 1.0,0.7179,Dice similarity of ECFPs,true
DB00564,DB00902,CC0 1.0,0.5088,Dice similarity of ECFPs,true
DB00564,DB00902,CC0 1.0,0.5088,Dice similarity of ECFPs,true
DB06711,DB01091,CC0 1.0,0.5345,Dice similarity of ECFPs,true
DB06711,DB01091,CC0 1.0,0.5345,Dice similarity of ECFPs,true
DB00182,DB00217,CC0 1.0,0.5846,Dice similarity of ECFPs,true
DB00182,DB00217,CC0 1.0,0.5846,Dice similarity of ECFPs,true
DB01069,DB01621,CC0 1.0,0.527,Dice similarity of ECFPs,true
DB01069,DB01621,CC0 1.0,0.527,Dice similarity of ECFPs,true
DB00245,DB09002,CC0 1.0,0.5147,Dice similarity of ECFPs,true
DB00245,DB09002,CC0 1.0,0.5147,Dice similarity of ECFPs,true
DB00299,DB00577,CC0 1.0,0.6018,Dice similarity of ECFPs,true
DB00299,DB00577,CC0 1.0,0.6018,Dice similarity of ECFPs,true
DB01511,DB00475,CC0 1.0,0.5299,Dice similarity of ECFPs,true
DB01511,DB00475,CC0 1.0,0.5299,Dice similarity of ECFPs,true
DB00987,DB00811,CC0 1.0,0.6304,Dice similarity of ECFPs,true
DB00987,DB00811,CC0 1.0,0.6304,Dice similarity of ECFPs,true
DB08796,DB01622,CC0 1.0,0.5,Dice similarity of ECFPs,true
DB08796,DB01622,CC0 1.0,0.5,Dice similarity of ECFPs,true
DB00914,DB00780,CC0 1.0,0.7042,Dice similarity of ECFPs,true
DB00914,DB00780,CC0 1.0,0.7042,Dice similarity of ECFPs,true
DB00280,DB01036,CC0 1.0,0.5778,Dice similarity of ECFPs,true
DB00280,DB01036,CC0 1.0,0.5778,Dice similarity of ECFPs,true
DB01288,DB01064,CC0 1.0,0.5347,Dice similarity of ECFPs,true
DB01288,DB01064,CC0 1.0,0.5347,Dice similarity of ECFPs,true
DB08802,DB00508,CC0 1.0,0.5806,Dice similarity of ECFPs,true
DB08802,DB00508,CC0 1.0,0.5806,Dice similarity of ECFPs,true
DB00456,DB00438,CC0 1.0,0.5402,Dice similarity of ECFPs,true
DB00456,DB00438,CC0 1.0,0.5402,Dice similarity of ECFPs,true
DB01603,DB01604,CC0 1.0,0.5769,Dice similarity of ECFPs,true
DB01603,DB01604,CC0 1.0,0.5769,Dice similarity of ECFPs,true
DB00764,DB00896,CC0 1.0,0.6486,Dice similarity of ECFPs,true
DB00764,DB00896,CC0 1.0,0.6486,Dice similarity of ECFPs,true
DB00925,DB00573,CC0 1.0,0.5179,Dice similarity of ECFPs,true
DB00925,DB00573,CC0 1.0,0.5179,Dice similarity of ECFPs,true
DB06770,DB00217,CC0 1.0,0.6,Dice similarity of ECFPs,true
DB06770,DB00217,CC0 1.0,0.6,Dice similarity of ECFPs,true
DB01192,DB00844,CC0 1.0,0.6471,Dice similarity of ECFPs,true
DB01192,DB00844,CC0 1.0,0.6471,Dice similarity of ECFPs,true
DB01396,DB00390,CC0 1.0,0.9276,Dice similarity of ECFPs,true
DB01396,DB00390,CC0 1.0,0.9276,Dice similarity of ECFPs,true
DB00813,DB00745,CC0 1.0,0.5039,Dice similarity of ECFPs,true
DB00813,DB00745,CC0 1.0,0.5039,Dice similarity of ECFPs,true
DB00363,DB01545,CC0 1.0,0.5255,Dice similarity of ECFPs,true
DB00363,DB01545,CC0 1.0,0.5255,Dice similarity of ECFPs,true
DB00476,DB00472,CC0 1.0,0.5968,Dice similarity of ECFPs,true
DB00476,DB00472,CC0 1.0,0.5968,Dice similarity of ECFPs,true
DB00621,DB08905,CC0 1.0,0.5082,Dice similarity of ECFPs,true
DB00621,DB08905,CC0 1.0,0.5082,Dice similarity of ECFPs,true
DB00344,DB00812,CC0 1.0,0.56,Dice similarity of ECFPs,true
DB00344,DB00812,CC0 1.0,0.56,Dice similarity of ECFPs,true
DB01176,DB08954,CC0 1.0,0.5,Dice similarity of ECFPs,true
DB01176,DB08954,CC0 1.0,0.5,Dice similarity of ECFPs,true
DB00959,DB00741,CC0 1.0,0.7083,Dice similarity of ECFPs,true
DB00959,DB00741,CC0 1.0,0.7083,Dice similarity of ECFPs,true
DB00865,DB01146,CC0 1.0,0.5263,Dice similarity of ECFPs,true
DB00865,DB01146,CC0 1.0,0.5263,Dice similarity of ECFPs,true
DB01108,DB00783,CC0 1.0,0.5484,Dice similarity of ECFPs,true
DB01108,DB00783,CC0 1.0,0.5484,Dice similarity of ECFPs,true
DB00933,DB00850,CC0 1.0,0.6104,Dice similarity of ECFPs,true
DB00933,DB00850,CC0 1.0,0.6104,Dice similarity of ECFPs,true
DB01151,DB00392,CC0 1.0,0.5574,Dice similarity of ECFPs,true
DB01151,DB00392,CC0 1.0,0.5574,Dice similarity of ECFPs,true
DB00459,DB00162,CC0 1.0,0.5124,Dice similarity of ECFPs,true
DB00459,DB00162,CC0 1.0,0.5124,Dice similarity of ECFPs,true
DB00647,DB01246,CC0 1.0,0.5385,Dice similarity of ECFPs,true
DB00647,DB01246,CC0 1.0,0.5385,Dice similarity of ECFPs,true
DB08822,DB00966,CC0 1.0,0.5751,Dice similarity of ECFPs,true
DB08822,DB00966,CC0 1.0,0.5751,Dice similarity of ECFPs,true
DB01023,DB00401,CC0 1.0,0.7183,Dice similarity of ECFPs,true
DB01023,DB00401,CC0 1.0,0.7183,Dice similarity of ECFPs,true
DB08797,DB03255,CC0 1.0,0.5532,Dice similarity of ECFPs,true
DB08797,DB03255,CC0 1.0,0.5532,Dice similarity of ECFPs,true
DB00484,DB00575,CC0 1.0,0.5556,Dice similarity of ECFPs,true
DB00484,DB00575,CC0 1.0,0.5556,Dice similarity of ECFPs,true
DB01298,DB00250,CC0 1.0,0.5686,Dice similarity of ECFPs,true
DB01298,DB00250,CC0 1.0,0.5686,Dice similarity of ECFPs,true
DB00776,DB01142,CC0 1.0,0.5217,Dice similarity of ECFPs,true
DB00776,DB01142,CC0 1.0,0.5217,Dice similarity of ECFPs,true
DB01078,DB00511,CC0 1.0,0.7895,Dice similarity of ECFPs,true
DB01078,DB00511,CC0 1.0,0.7895,Dice similarity of ECFPs,true
DB00811,DB00118,CC0 1.0,0.5,Dice similarity of ECFPs,true
DB00811,DB00118,CC0 1.0,0.5,Dice similarity of ECFPs,true
DB00204,DB04855,CC0 1.0,0.5263,Dice similarity of ECFPs,true
DB00204,DB04855,CC0 1.0,0.5263,Dice similarity of ECFPs,true
DB01262,DB00322,CC0 1.0,0.6444,Dice similarity of ECFPs,true
DB01262,DB00322,CC0 1.0,0.6444,Dice similarity of ECFPs,true
DB00991,DB00252,CC0 1.0,0.521,Dice similarity of ECFPs,true
DB00991,DB00252,CC0 1.0,0.521,Dice similarity of ECFPs,true
DB00880,DB01144,CC0 1.0,0.5412,Dice similarity of ECFPs,true
DB00880,DB01144,CC0 1.0,0.5412,Dice similarity of ECFPs,true
DB00408,DB00670,CC0 1.0,0.5211,Dice similarity of ECFPs,true
DB00408,DB00670,CC0 1.0,0.5211,Dice similarity of ECFPs,true
DB00308,DB04855,CC0 1.0,0.5495,Dice similarity of ECFPs,true
DB00308,DB04855,CC0 1.0,0.5495,Dice similarity of ECFPs,true
DB00430,DB01328,CC0 1.0,0.6542,Dice similarity of ECFPs,true
DB00430,DB01328,CC0 1.0,0.6542,Dice similarity of ECFPs,true
DB00508,DB01608,CC0 1.0,0.6154,Dice similarity of ECFPs,true
DB00508,DB01608,CC0 1.0,0.6154,Dice similarity of ECFPs,true
DB01431,DB00717,CC0 1.0,0.672,Dice similarity of ECFPs,true
DB01431,DB00717,CC0 1.0,0.672,Dice similarity of ECFPs,true
DB01590,DB00877,CC0 1.0,0.9477,Dice similarity of ECFPs,true
DB01590,DB00877,CC0 1.0,0.9477,Dice similarity of ECFPs,true
DB00125,DB00174,CC0 1.0,0.566,Dice similarity of ECFPs,true
DB00125,DB00174,CC0 1.0,0.566,Dice similarity of ECFPs,true
DB00289,DB00234,CC0 1.0,0.5854,Dice similarity of ECFPs,true
DB00289,DB00234,CC0 1.0,0.5854,Dice similarity of ECFPs,true
DB08924,DB01577,CC0 1.0,0.6389,Dice similarity of ECFPs,true
DB08924,DB01577,CC0 1.0,0.6389,Dice similarity of ECFPs,true
DB01406,DB01380,CC0 1.0,0.5333,Dice similarity of ECFPs,true
DB01406,DB01380,CC0 1.0,0.5333,Dice similarity of ECFPs,true
DB00160,DB00133,CC0 1.0,0.6,Dice similarity of ECFPs,true
DB00160,DB00133,CC0 1.0,0.6,Dice similarity of ECFPs,true
DB05245,DB00634,CC0 1.0,0.5517,Dice similarity of ECFPs,true
DB05245,DB00634,CC0 1.0,0.5517,Dice similarity of ECFPs,true
DB00458,DB01620,CC0 1.0,0.531,Dice similarity of ECFPs,true
DB00458,DB01620,CC0 1.0,0.531,Dice similarity of ECFPs,true
DB00322,DB00879,CC0 1.0,0.5111,Dice similarity of ECFPs,true
DB00322,DB00879,CC0 1.0,0.5111,Dice similarity of ECFPs,true
DB00131,DB00118,CC0 1.0,0.7299,Dice similarity of ECFPs,true
DB00131,DB00118,CC0 1.0,0.7299,Dice similarity of ECFPs,true
DB01228,DB00933,CC0 1.0,0.5867,Dice similarity of ECFPs,true
DB01228,DB00933,CC0 1.0,0.5867,Dice similarity of ECFPs,true
DB00240,DB08970,CC0 1.0,0.6,Dice similarity of ECFPs,true
DB00240,DB08970,CC0 1.0,0.6,Dice similarity of ECFPs,true
DB09002,DB00354,CC0 1.0,0.586,Dice similarity of ECFPs,true
DB09002,DB00354,CC0 1.0,0.586,Dice similarity of ECFPs,true
DB00603,DB01130,CC0 1.0,0.5,Dice similarity of ECFPs,true
DB00603,DB01130,CC0 1.0,0.5,Dice similarity of ECFPs,true
DB00341,DB00913,CC0 1.0,0.5359,Dice similarity of ECFPs,true
DB00341,DB00913,CC0 1.0,0.5359,Dice similarity of ECFPs,true
DB08797,DB00945,CC0 1.0,0.5806,Dice similarity of ECFPs,true
DB08797,DB00945,CC0 1.0,0.5806,Dice similarity of ECFPs,true
DB08806,DB08992,CC0 1.0,0.5079,Dice similarity of ECFPs,true
DB08806,DB08992,CC0 1.0,0.5079,Dice similarity of ECFPs,true
DB01262,DB00242,CC0 1.0,0.7216,Dice similarity of ECFPs,true
DB01262,DB00242,CC0 1.0,0.7216,Dice similarity of ECFPs,true
DB08906,DB00288,CC0 1.0,0.5473,Dice similarity of ECFPs,true
DB08906,DB00288,CC0 1.0,0.5473,Dice similarity of ECFPs,true
DB01214,DB00335,CC0 1.0,0.5273,Dice similarity of ECFPs,true
DB01214,DB00335,CC0 1.0,0.5273,Dice similarity of ECFPs,true
DB00914,DB00217,CC0 1.0,0.557,Dice similarity of ECFPs,true
DB00914,DB00217,CC0 1.0,0.557,Dice similarity of ECFPs,true
DB00344,DB08998,CC0 1.0,0.562,Dice similarity of ECFPs,true
DB00344,DB08998,CC0 1.0,0.562,Dice similarity of ECFPs,true
DB00936,DB00861,CC0 1.0,0.5263,Dice similarity of ECFPs,true
DB00936,DB00861,CC0 1.0,0.5263,Dice similarity of ECFPs,true
DB00596,DB00588,CC0 1.0,0.905,Dice similarity of ECFPs,true
DB00596,DB00588,CC0 1.0,0.905,Dice similarity of ECFPs,true
DB00779,DB00487,CC0 1.0,0.5714,Dice similarity of ECFPs,true
DB00779,DB00487,CC0 1.0,0.5714,Dice similarity of ECFPs,true
DB08941,DB00573,CC0 1.0,0.5487,Dice similarity of ECFPs,true
DB08941,DB00573,CC0 1.0,0.5487,Dice similarity of ECFPs,true
DB00229,DB01212,CC0 1.0,0.6495,Dice similarity of ECFPs,true
DB00229,DB01212,CC0 1.0,0.6495,Dice similarity of ECFPs,true
DB00628,DB00404,CC0 1.0,0.6032,Dice similarity of ECFPs,true
DB00628,DB00404,CC0 1.0,0.6032,Dice similarity of ECFPs,true
DB01260,DB00620,CC0 1.0,0.6242,Dice similarity of ECFPs,true
DB01260,DB00620,CC0 1.0,0.6242,Dice similarity of ECFPs,true
DB09002,DB08954,CC0 1.0,0.5255,Dice similarity of ECFPs,true
DB09002,DB08954,CC0 1.0,0.5255,Dice similarity of ECFPs,true
DB00528,DB00401,CC0 1.0,0.58,Dice similarity of ECFPs,true
DB00528,DB00401,CC0 1.0,0.58,Dice similarity of ECFPs,true
DB01013,DB01185,CC0 1.0,0.5298,Dice similarity of ECFPs,true
DB01013,DB01185,CC0 1.0,0.5298,Dice similarity of ECFPs,true
DB00430,DB01139,CC0 1.0,0.5333,Dice similarity of ECFPs,true
DB00430,DB01139,CC0 1.0,0.5333,Dice similarity of ECFPs,true
DB05245,DB00359,CC0 1.0,0.7755,Dice similarity of ECFPs,true
DB05245,DB00359,CC0 1.0,0.7755,Dice similarity of ECFPs,true
DB08806,DB00645,CC0 1.0,0.6165,Dice similarity of ECFPs,true
DB08806,DB00645,CC0 1.0,0.6165,Dice similarity of ECFPs,true
DB01173,DB00321,CC0 1.0,0.5593,Dice similarity of ECFPs,true
DB01173,DB00321,CC0 1.0,0.5593,Dice similarity of ECFPs,true
DB00676,DB00735,CC0 1.0,0.5,Dice similarity of ECFPs,true
DB00676,DB00735,CC0 1.0,0.5,Dice similarity of ECFPs,true
DB00351,DB06781,CC0 1.0,0.5029,Dice similarity of ECFPs,true
DB00351,DB06781,CC0 1.0,0.5029,Dice similarity of ECFPs,true
DB00797,DB03255,CC0 1.0,0.5,Dice similarity of ECFPs,true
DB00797,DB03255,CC0 1.0,0.5,Dice similarity of ECFPs,true
DB00542,DB00881,CC0 1.0,0.7191,Dice similarity of ECFPs,true
DB00542,DB00881,CC0 1.0,0.7191,Dice similarity of ECFPs,true
DB01059,DB00685,CC0 1.0,0.5034,Dice similarity of ECFPs,true
DB01059,DB00685,CC0 1.0,0.5034,Dice similarity of ECFPs,true
DB00456,DB01326,CC0 1.0,0.566,Dice similarity of ECFPs,true
DB00456,DB01326,CC0 1.0,0.566,Dice similarity of ECFPs,true
DB01064,DB00190,CC0 1.0,0.5238,Dice similarity of ECFPs,true
DB01064,DB00190,CC0 1.0,0.5238,Dice similarity of ECFPs,true
DB00433,DB01239,CC0 1.0,0.5414,Dice similarity of ECFPs,true
DB00433,DB01239,CC0 1.0,0.5414,Dice similarity of ECFPs,true
DB06771,DB00487,CC0 1.0,0.5143,Dice similarity of ECFPs,true
DB06771,DB00487,CC0 1.0,0.5143,Dice similarity of ECFPs,true
DB01220,DB01201,CC0 1.0,0.773,Dice similarity of ECFPs,true
DB01220,DB01201,CC0 1.0,0.773,Dice similarity of ECFPs,true
DB00552,DB00322,CC0 1.0,0.56,Dice similarity of ECFPs,true
DB00552,DB00322,CC0 1.0,0.56,Dice similarity of ECFPs,true
DB01076,DB01095,CC0 1.0,0.5657,Dice similarity of ECFPs,true
DB01076,DB01095,CC0 1.0,0.5657,Dice similarity of ECFPs,true
DB00664,DB06147,CC0 1.0,0.7143,Dice similarity of ECFPs,true
DB00664,DB06147,CC0 1.0,0.7143,Dice similarity of ECFPs,true
DB00986,DB04843,CC0 1.0,0.6765,Dice similarity of ECFPs,true
DB00986,DB04843,CC0 1.0,0.6765,Dice similarity of ECFPs,true
DB00620,DB00324,CC0 1.0,0.6939,Dice similarity of ECFPs,true
DB00620,DB00324,CC0 1.0,0.6939,Dice similarity of ECFPs,true
DB00776,DB00751,CC0 1.0,0.6182,Dice similarity of ECFPs,true
DB00776,DB00751,CC0 1.0,0.6182,Dice similarity of ECFPs,true
DB08800,DB06691,CC0 1.0,0.8718,Dice similarity of ECFPs,true
DB08800,DB06691,CC0 1.0,0.8718,Dice similarity of ECFPs,true
