id,name,license,source,url
C0023448,Lymphocytic leukaemia,CC BY-NC-SA 4.0,UMLS via SIDER 4.1,http://identifiers.org/umls/C0023448
C0575810,Hands weakness of,CC BY-NC-SA 4.0,UMLS via SIDER 4.1,http://identifiers.org/umls/C0575810
C0025193,Melancholia,CC BY-NC-SA 4.0,UMLS via SIDER 4.1,http://identifiers.org/umls/C0025193
C0578687,Sore eye,CC BY-NC-SA 4.0,UMLS via SIDER 4.1,http://identifiers.org/umls/C0578687
C0919671,Subileus,CC BY-NC-SA 4.0,UMLS via SIDER 4.1,http://identifiers.org/umls/C0919671
C0237849,Skin exfoliation,CC BY-NC-SA 4.0,UMLS via SIDER 4.1,http://identifiers.org/umls/C0237849
C0042267,Vaginal inflammation,CC BY-NC-SA 4.0,UMLS via SIDER 4.1,http://identifiers.org/umls/C0042267
C1141885,Sclerosing encapsulating peritonitis,CC BY-NC-SA 4.0,UMLS via SIDER 4.1,http://identifiers.org/umls/C1141885
C0339807,House dust allergy,CC BY-NC-SA 4.0,UMLS via SIDER 4.1,http://identifiers.org/umls/C0339807
C0235222,Diastolic hypertension,CC BY-NC-SA 4.0,UMLS via SIDER 4.1,http://identifiers.org/umls/C0235222
C0850638,Infected bites,CC BY-NC-SA 4.0,UMLS via SIDER 4.1,http://identifiers.org/umls/C0850638
C1456329,Stomach dilation procedure,CC BY-NC-SA 4.0,UMLS via SIDER 4.1,http://identifiers.org/umls/C1456329
C0017181,Gastrointestinal haemorrhage,CC BY-NC-SA 4.0,UMLS via SIDER 4.1,http://identifiers.org/umls/C0017181
C3160759,Tumour cell mobilisation,CC BY-NC-SA 4.0,UMLS via SIDER 4.1,http://identifiers.org/umls/C3160759
C0684275,Haemophilia,CC BY-NC-SA 4.0,UMLS via SIDER 4.1,http://identifiers.org/umls/C0684275
C0743668,Limb injury,CC BY-NC-SA 4.0,UMLS via SIDER 4.1,http://identifiers.org/umls/C0743668
C0085612,Ventricular arrhythmia,CC BY-NC-SA 4.0,UMLS via SIDER 4.1,http://identifiers.org/umls/C0085612
C0040210,VT,CC BY-NC-SA 4.0,UMLS via SIDER 4.1,http://identifiers.org/umls/C0040210
C0392676,Hyperpyrexia,CC BY-NC-SA 4.0,UMLS via SIDER 4.1,http://identifiers.org/umls/C0392676
C0003079,Pupils unequal,CC BY-NC-SA 4.0,UMLS via SIDER 4.1,http://identifiers.org/umls/C0003079
C1175175,Severe acute respiratory syndrome,CC BY-NC-SA 4.0,UMLS via SIDER 4.1,http://identifiers.org/umls/C1175175
C0151500,Anticholinergic syndrome,CC BY-NC-SA 4.0,UMLS via SIDER 4.1,http://identifiers.org/umls/C0151500
C1963790,Vulvovaginal burning sensation,CC BY-NC-SA 4.0,UMLS via SIDER 4.1,http://identifiers.org/umls/C1963790
C0040261,Onychomycosis,CC BY-NC-SA 4.0,UMLS via SIDER 4.1,http://identifiers.org/umls/C0040261
C0014358,Pseudomembranous enterocolitis,CC BY-NC-SA 4.0,UMLS via SIDER 4.1,http://identifiers.org/umls/C0014358
C0233763,"Hallucination, visual",CC BY-NC-SA 4.0,UMLS via SIDER 4.1,http://identifiers.org/umls/C0233763
C0857112,Glaucoma both eyes,CC BY-NC-SA 4.0,UMLS via SIDER 4.1,http://identifiers.org/umls/C0857112
C0521634,Genital itching female,CC BY-NC-SA 4.0,UMLS via SIDER 4.1,http://identifiers.org/umls/C0521634
C0853011,Diabetic hyperglycaemic coma,CC BY-NC-SA 4.0,UMLS via SIDER 4.1,http://identifiers.org/umls/C0853011
C0853875,Myoglobin urine present,CC BY-NC-SA 4.0,UMLS via SIDER 4.1,http://identifiers.org/umls/C0853875
C0522224,Paralysis,CC BY-NC-SA 4.0,UMLS via SIDER 4.1,http://identifiers.org/umls/C0522224
C0344304,Abdominal pain generalised,CC BY-NC-SA 4.0,UMLS via SIDER 4.1,http://identifiers.org/umls/C0344304
C0006849,Oral candidiasis,CC BY-NC-SA 4.0,UMLS via SIDER 4.1,http://identifiers.org/umls/C0006849
C0151529,Bleeding time prolonged,CC BY-NC-SA 4.0,UMLS via SIDER 4.1,http://identifiers.org/umls/C0151529
C3160947,CNS toxicity,CC BY-NC-SA 4.0,UMLS via SIDER 4.1,http://identifiers.org/umls/C3160947
C0016867,Furunculosis,CC BY-NC-SA 4.0,UMLS via SIDER 4.1,http://identifiers.org/umls/C0016867
C0542051,Instability vasomotor,CC BY-NC-SA 4.0,UMLS via SIDER 4.1,http://identifiers.org/umls/C0542051
C0750887,Adrenal gland cancer,CC BY-NC-SA 4.0,UMLS via SIDER 4.1,http://identifiers.org/umls/C0750887
C0020579,Hypervitaminosis A,CC BY-NC-SA 4.0,UMLS via SIDER 4.1,http://identifiers.org/umls/C0020579
C0853023,Blood parathyroid hormone increased,CC BY-NC-SA 4.0,UMLS via SIDER 4.1,http://identifiers.org/umls/C0853023
C0025312,Meningomyelocele,CC BY-NC-SA 4.0,UMLS via SIDER 4.1,http://identifiers.org/umls/C0025312
C3495931,Vestibular toxicity,CC BY-NC-SA 4.0,UMLS via SIDER 4.1,http://identifiers.org/umls/C3495931
C0856099,Hemorrhoids aggravated,CC BY-NC-SA 4.0,UMLS via SIDER 4.1,http://identifiers.org/umls/C0856099
C0854530,Human herpesvirus 6 infection,CC BY-NC-SA 4.0,UMLS via SIDER 4.1,http://identifiers.org/umls/C0854530
C0007193,Congestive cardiomyopathy,CC BY-NC-SA 4.0,UMLS via SIDER 4.1,http://identifiers.org/umls/C0007193
C0009663,Anogenital warts,CC BY-NC-SA 4.0,UMLS via SIDER 4.1,http://identifiers.org/umls/C0009663
C1112469,Cytomegalovirus syndrome,CC BY-NC-SA 4.0,UMLS via SIDER 4.1,http://identifiers.org/umls/C1112469
C0234655,Burning sensation in eye,CC BY-NC-SA 4.0,UMLS via SIDER 4.1,http://identifiers.org/umls/C0234655
C0522067,Hepatic pain,CC BY-NC-SA 4.0,UMLS via SIDER 4.1,http://identifiers.org/umls/C0522067
C0857087,Dizzy spells,CC BY-NC-SA 4.0,UMLS via SIDER 4.1,http://identifiers.org/umls/C0857087
C2745924,Platelet aggregation increased,CC BY-NC-SA 4.0,UMLS via SIDER 4.1,http://identifiers.org/umls/C2745924
C0863070,Catheter site related reaction,CC BY-NC-SA 4.0,UMLS via SIDER 4.1,http://identifiers.org/umls/C0863070
C0023518,Leukocytosis,CC BY-NC-SA 4.0,UMLS via SIDER 4.1,http://identifiers.org/umls/C0023518
C0220854,Hyperpnea,CC BY-NC-SA 4.0,UMLS via SIDER 4.1,http://identifiers.org/umls/C0220854
C0002884,Hypochromic anaemia,CC BY-NC-SA 4.0,UMLS via SIDER 4.1,http://identifiers.org/umls/C0002884
C0034642,Rales,CC BY-NC-SA 4.0,UMLS via SIDER 4.1,http://identifiers.org/umls/C0034642
C0427564,Platelet count normal,CC BY-NC-SA 4.0,UMLS via SIDER 4.1,http://identifiers.org/umls/C0427564
C0086525,Lassitude,CC BY-NC-SA 4.0,UMLS via SIDER 4.1,http://identifiers.org/umls/C0086525
C0152267,Hodgkin's disease lymphocyte depletion type stage unspecified,CC BY-NC-SA 4.0,UMLS via SIDER 4.1,http://identifiers.org/umls/C0152267
C0549350,Conjunctivitis exacerbated,CC BY-NC-SA 4.0,UMLS via SIDER 4.1,http://identifiers.org/umls/C0549350
C0018811,Foetal heart rate,CC BY-NC-SA 4.0,UMLS via SIDER 4.1,http://identifiers.org/umls/C0018811
C0022504,Kaposi's varicelliform eruption,CC BY-NC-SA 4.0,UMLS via SIDER 4.1,http://identifiers.org/umls/C0022504
C0029261,Orgasm abnormal,CC BY-NC-SA 4.0,UMLS via SIDER 4.1,http://identifiers.org/umls/C0029261
C0020541,Portal hypertension,CC BY-NC-SA 4.0,UMLS via SIDER 4.1,http://identifiers.org/umls/C0020541
C0234962,Pulmonary vasculitis,CC BY-NC-SA 4.0,UMLS via SIDER 4.1,http://identifiers.org/umls/C0234962
C0085298,Sudden cardiac death,CC BY-NC-SA 4.0,UMLS via SIDER 4.1,http://identifiers.org/umls/C0085298
C0241254,Mucous stools,CC BY-NC-SA 4.0,UMLS via SIDER 4.1,http://identifiers.org/umls/C0241254
C2938903,HDL cholesterol increased,CC BY-NC-SA 4.0,UMLS via SIDER 4.1,http://identifiers.org/umls/C2938903
C1321581,Bezoar,CC BY-NC-SA 4.0,UMLS via SIDER 4.1,http://identifiers.org/umls/C1321581
C0853124,Blood follicle stimulating hormone increased,CC BY-NC-SA 4.0,UMLS via SIDER 4.1,http://identifiers.org/umls/C0853124
C0155118,Corneal degeneration,CC BY-NC-SA 4.0,UMLS via SIDER 4.1,http://identifiers.org/umls/C0155118
C0085932,Dermatitis bullous,CC BY-NC-SA 4.0,UMLS via SIDER 4.1,http://identifiers.org/umls/C0085932
C0595900,Blood chloride increased,CC BY-NC-SA 4.0,UMLS via SIDER 4.1,http://identifiers.org/umls/C0595900
C0860160,Diabetes mellitus inadequate control,CC BY-NC-SA 4.0,UMLS via SIDER 4.1,http://identifiers.org/umls/C0860160
C0009782,Connective tissue disorder,CC BY-NC-SA 4.0,UMLS via SIDER 4.1,http://identifiers.org/umls/C0009782
C0151684,Granuloma skin,CC BY-NC-SA 4.0,UMLS via SIDER 4.1,http://identifiers.org/umls/C0151684
C0013592,Ectropion,CC BY-NC-SA 4.0,UMLS via SIDER 4.1,http://identifiers.org/umls/C0013592
C0694549,Community acquired pneumonia,CC BY-NC-SA 4.0,UMLS via SIDER 4.1,http://identifiers.org/umls/C0694549
C0423271,Scleral hyperaemia,CC BY-NC-SA 4.0,UMLS via SIDER 4.1,http://identifiers.org/umls/C0423271
C0235093,Paralysis of bladder,CC BY-NC-SA 4.0,UMLS via SIDER 4.1,http://identifiers.org/umls/C0235093
C0743575,Oesophageal irritation,CC BY-NC-SA 4.0,UMLS via SIDER 4.1,http://identifiers.org/umls/C0743575
C0423153,Lacrimation,CC BY-NC-SA 4.0,UMLS via SIDER 4.1,http://identifiers.org/umls/C0423153
C0549229,Nail discomfort,CC BY-NC-SA 4.0,UMLS via SIDER 4.1,http://identifiers.org/umls/C0549229
C0151824,Biliary colic,CC BY-NC-SA 4.0,UMLS via SIDER 4.1,http://identifiers.org/umls/C0151824
C0152086,Traumatic arthropathy,CC BY-NC-SA 4.0,UMLS via SIDER 4.1,http://identifiers.org/umls/C0152086
C0392378,Gingival ulceration,CC BY-NC-SA 4.0,UMLS via SIDER 4.1,http://identifiers.org/umls/C0392378
C1318314,Epithelial cells urine,CC BY-NC-SA 4.0,UMLS via SIDER 4.1,http://identifiers.org/umls/C1318314
C0011849,Diabetes mellitus,CC BY-NC-SA 4.0,UMLS via SIDER 4.1,http://identifiers.org/umls/C0011849
C0022876,Premature labour,CC BY-NC-SA 4.0,UMLS via SIDER 4.1,http://identifiers.org/umls/C0022876
C0859037,Feeling of residual urine,CC BY-NC-SA 4.0,UMLS via SIDER 4.1,http://identifiers.org/umls/C0859037
C0860453,Loss of skin markings,CC BY-NC-SA 4.0,UMLS via SIDER 4.1,http://identifiers.org/umls/C0860453
C0017551,Gilbert's syndrome,CC BY-NC-SA 4.0,UMLS via SIDER 4.1,http://identifiers.org/umls/C0017551
C0860209,Gallbladder sludge,CC BY-NC-SA 4.0,UMLS via SIDER 4.1,http://identifiers.org/umls/C0860209
C0029443,Osteomyelitis,CC BY-NC-SA 4.0,UMLS via SIDER 4.1,http://identifiers.org/umls/C0029443
C0267834,Hepatic cyst,CC BY-NC-SA 4.0,UMLS via SIDER 4.1,http://identifiers.org/umls/C0267834
C0853035,Blood creatinine normal,CC BY-NC-SA 4.0,UMLS via SIDER 4.1,http://identifiers.org/umls/C0853035
C0162119,Haemoglobin decreased,CC BY-NC-SA 4.0,UMLS via SIDER 4.1,http://identifiers.org/umls/C0162119
C0686347,Tardive dyskinesia,CC BY-NC-SA 4.0,UMLS via SIDER 4.1,http://identifiers.org/umls/C0686347
C0580317,Platelet count abnormal,CC BY-NC-SA 4.0,UMLS via SIDER 4.1,http://identifiers.org/umls/C0580317
C0392674,Exhaustion,CC BY-NC-SA 4.0,UMLS via SIDER 4.1,http://identifiers.org/umls/C0392674
C0342592,Anion gap increased,CC BY-NC-SA 4.0,UMLS via SIDER 4.1,http://identifiers.org/umls/C0342592
C0004659,Bacteriuria,CC BY-NC-SA 4.0,UMLS via SIDER 4.1,http://identifiers.org/umls/C0004659
C0032781,Postnasal drip,CC BY-NC-SA 4.0,UMLS via SIDER 4.1,http://identifiers.org/umls/C0032781
C1112746,Hepatic lymphoma,CC BY-NC-SA 4.0,UMLS via SIDER 4.1,http://identifiers.org/umls/C1112746
C0032019,Pituitary tumour,CC BY-NC-SA 4.0,UMLS via SIDER 4.1,http://identifiers.org/umls/C0032019
C0042721,Hepatitis viral,CC BY-NC-SA 4.0,UMLS via SIDER 4.1,http://identifiers.org/umls/C0042721
C0564768,Genital infection male,CC BY-NC-SA 4.0,UMLS via SIDER 4.1,http://identifiers.org/umls/C0564768
C0687675,Pregnancy loss,CC BY-NC-SA 4.0,UMLS via SIDER 4.1,http://identifiers.org/umls/C0687675
C0042138,Uterine neoplasm,CC BY-NC-SA 4.0,UMLS via SIDER 4.1,http://identifiers.org/umls/C0042138
C0854382,Libido disorder,CC BY-NC-SA 4.0,UMLS via SIDER 4.1,http://identifiers.org/umls/C0854382
C0036130,Salpingitis,CC BY-NC-SA 4.0,UMLS via SIDER 4.1,http://identifiers.org/umls/C0036130
C0863129,AGEP,CC BY-NC-SA 4.0,UMLS via SIDER 4.1,http://identifiers.org/umls/C0863129
C1565489,Renal impairment,CC BY-NC-SA 4.0,UMLS via SIDER 4.1,http://identifiers.org/umls/C1565489
C0026884,Mutism,CC BY-NC-SA 4.0,UMLS via SIDER 4.1,http://identifiers.org/umls/C0026884
C1142172,Incision site complication,CC BY-NC-SA 4.0,UMLS via SIDER 4.1,http://identifiers.org/umls/C1142172
C0853891,Tumour flare,CC BY-NC-SA 4.0,UMLS via SIDER 4.1,http://identifiers.org/umls/C0853891
C0002896,Sideroblastic anaemia,CC BY-NC-SA 4.0,UMLS via SIDER 4.1,http://identifiers.org/umls/C0002896
C0007113,Rectal cancer,CC BY-NC-SA 4.0,UMLS via SIDER 4.1,http://identifiers.org/umls/C0007113
C1510450,Dysacusis,CC BY-NC-SA 4.0,UMLS via SIDER 4.1,http://identifiers.org/umls/C1510450
C0009241,Cognitive disorder,CC BY-NC-SA 4.0,UMLS via SIDER 4.1,http://identifiers.org/umls/C0009241
C0553704,Serum potassium increased,CC BY-NC-SA 4.0,UMLS via SIDER 4.1,http://identifiers.org/umls/C0553704
C0235238,Cycloplegia,CC BY-NC-SA 4.0,UMLS via SIDER 4.1,http://identifiers.org/umls/C0235238
C0010414,Cryptococcosis,CC BY-NC-SA 4.0,UMLS via SIDER 4.1,http://identifiers.org/umls/C0010414
C0149744,Oral lesion,CC BY-NC-SA 4.0,UMLS via SIDER 4.1,http://identifiers.org/umls/C0149744
C0338573,Intracranial venous sinus thrombosis,CC BY-NC-SA 4.0,UMLS via SIDER 4.1,http://identifiers.org/umls/C0338573
C1142135,Muscle relaxant therapy,CC BY-NC-SA 4.0,UMLS via SIDER 4.1,http://identifiers.org/umls/C1142135
C0016242,Vitreous floaters,CC BY-NC-SA 4.0,UMLS via SIDER 4.1,http://identifiers.org/umls/C0016242
C0853811,Croup infectious,CC BY-NC-SA 4.0,UMLS via SIDER 4.1,http://identifiers.org/umls/C0853811
C0015644,Fasciculation,CC BY-NC-SA 4.0,UMLS via SIDER 4.1,http://identifiers.org/umls/C0015644
C0855440,Pancreatic enzymes abnormal,CC BY-NC-SA 4.0,UMLS via SIDER 4.1,http://identifiers.org/umls/C0855440
C0854453,Escherichia sepsis,CC BY-NC-SA 4.0,UMLS via SIDER 4.1,http://identifiers.org/umls/C0854453
C0235169,Excitability,CC BY-NC-SA 4.0,UMLS via SIDER 4.1,http://identifiers.org/umls/C0235169
C0700639,Congenital hypertrophic pyloric stenosis,CC BY-NC-SA 4.0,UMLS via SIDER 4.1,http://identifiers.org/umls/C0700639
C0010346,Crohn's disease,CC BY-NC-SA 4.0,UMLS via SIDER 4.1,http://identifiers.org/umls/C0010346
C0038000,Splenic rupture,CC BY-NC-SA 4.0,UMLS via SIDER 4.1,http://identifiers.org/umls/C0038000
C0154251,Lipid metabolism disorder,CC BY-NC-SA 4.0,UMLS via SIDER 4.1,http://identifiers.org/umls/C0154251
C0589616,Genitourinary chlamydia infection,CC BY-NC-SA 4.0,UMLS via SIDER 4.1,http://identifiers.org/umls/C0589616
C0000772,Multiple congenital abnormalities,CC BY-NC-SA 4.0,UMLS via SIDER 4.1,http://identifiers.org/umls/C0000772
C0085620,Paralysis flaccid,CC BY-NC-SA 4.0,UMLS via SIDER 4.1,http://identifiers.org/umls/C0085620
C0750426,White blood cell count increased,CC BY-NC-SA 4.0,UMLS via SIDER 4.1,http://identifiers.org/umls/C0750426
C0023182,Cerebrospinal fluid leakage,CC BY-NC-SA 4.0,UMLS via SIDER 4.1,http://identifiers.org/umls/C0023182
C0025209,Melanosis,CC BY-NC-SA 4.0,UMLS via SIDER 4.1,http://identifiers.org/umls/C0025209
C0520575,Pyelonephritis acute,CC BY-NC-SA 4.0,UMLS via SIDER 4.1,http://identifiers.org/umls/C0520575
C1295715,Fibrinogen decreased,CC BY-NC-SA 4.0,UMLS via SIDER 4.1,http://identifiers.org/umls/C1295715
C0854058,pH urine increased,CC BY-NC-SA 4.0,UMLS via SIDER 4.1,http://identifiers.org/umls/C0854058
C0032460,Polycystic ovaries,CC BY-NC-SA 4.0,UMLS via SIDER 4.1,http://identifiers.org/umls/C0032460
C0231451,Joint hyperextension,CC BY-NC-SA 4.0,UMLS via SIDER 4.1,http://identifiers.org/umls/C0231451
C0149770,Rectal abscess,CC BY-NC-SA 4.0,UMLS via SIDER 4.1,http://identifiers.org/umls/C0149770
C0581883,Complete hearing loss,CC BY-NC-SA 4.0,UMLS via SIDER 4.1,http://identifiers.org/umls/C0581883
C0151310,Paresthesia generalized,CC BY-NC-SA 4.0,UMLS via SIDER 4.1,http://identifiers.org/umls/C0151310
C0919726,Postoperative hypertension,CC BY-NC-SA 4.0,UMLS via SIDER 4.1,http://identifiers.org/umls/C0919726
C0520854,Mean arterial pressure decreased,CC BY-NC-SA 4.0,UMLS via SIDER 4.1,http://identifiers.org/umls/C0520854
C0700225,Serum creatinine increased,CC BY-NC-SA 4.0,UMLS via SIDER 4.1,http://identifiers.org/umls/C0700225
C3665473,Deafness bilateral,CC BY-NC-SA 4.0,UMLS via SIDER 4.1,http://identifiers.org/umls/C3665473
C0919909,Tonic clonic movements,CC BY-NC-SA 4.0,UMLS via SIDER 4.1,http://identifiers.org/umls/C0919909
C0948089,Acute coronary syndrome,CC BY-NC-SA 4.0,UMLS via SIDER 4.1,http://identifiers.org/umls/C0948089
C0751900,Motor tic,CC BY-NC-SA 4.0,UMLS via SIDER 4.1,http://identifiers.org/umls/C0751900
C0151474,Alcohol intolerance,CC BY-NC-SA 4.0,UMLS via SIDER 4.1,http://identifiers.org/umls/C0151474
C0549250,Jaw stiffness,CC BY-NC-SA 4.0,UMLS via SIDER 4.1,http://identifiers.org/umls/C0549250
C0152021,Heart disease congenital,CC BY-NC-SA 4.0,UMLS via SIDER 4.1,http://identifiers.org/umls/C0152021
C0151582,Urate crystalluria,CC BY-NC-SA 4.0,UMLS via SIDER 4.1,http://identifiers.org/umls/C0151582
C1611162,Plateletcrit decreased,CC BY-NC-SA 4.0,UMLS via SIDER 4.1,http://identifiers.org/umls/C1611162
C0033581,Prostatitis,CC BY-NC-SA 4.0,UMLS via SIDER 4.1,http://identifiers.org/umls/C0033581
C1739363,Prostatic hypertrophy,CC BY-NC-SA 4.0,UMLS via SIDER 4.1,http://identifiers.org/umls/C1739363
C0020305,Hydrops foetalis,CC BY-NC-SA 4.0,UMLS via SIDER 4.1,http://identifiers.org/umls/C0020305
C0239652,Paraesthesia foot,CC BY-NC-SA 4.0,UMLS via SIDER 4.1,http://identifiers.org/umls/C0239652
C0020255,Hydrocephalus,CC BY-NC-SA 4.0,UMLS via SIDER 4.1,http://identifiers.org/umls/C0020255
C0015468,Facial pain,CC BY-NC-SA 4.0,UMLS via SIDER 4.1,http://identifiers.org/umls/C0015468
C0010399,Crying,CC BY-NC-SA 4.0,UMLS via SIDER 4.1,http://identifiers.org/umls/C0010399
C1619727,Decompensated cirrhosis,CC BY-NC-SA 4.0,UMLS via SIDER 4.1,http://identifiers.org/umls/C1619727
C0043541,Zygomycosis,CC BY-NC-SA 4.0,UMLS via SIDER 4.1,http://identifiers.org/umls/C0043541
C2586050,Oesophagitis ulcerative,CC BY-NC-SA 4.0,UMLS via SIDER 4.1,http://identifiers.org/umls/C2586050
C0023067,Laryngitis,CC BY-NC-SA 4.0,UMLS via SIDER 4.1,http://identifiers.org/umls/C0023067
C0580546,Blood glucose abnormal,CC BY-NC-SA 4.0,UMLS via SIDER 4.1,http://identifiers.org/umls/C0580546
C0155503,Vertigo CNS origin,CC BY-NC-SA 4.0,UMLS via SIDER 4.1,http://identifiers.org/umls/C0155503
C0206698,Cholangiocarcinoma,CC BY-NC-SA 4.0,UMLS via SIDER 4.1,http://identifiers.org/umls/C0206698
C0584995,Writing impaired,CC BY-NC-SA 4.0,UMLS via SIDER 4.1,http://identifiers.org/umls/C0584995
C0006144,Breast cyst,CC BY-NC-SA 4.0,UMLS via SIDER 4.1,http://identifiers.org/umls/C0006144
C0027438,Nasopharyngeal disorder,CC BY-NC-SA 4.0,UMLS via SIDER 4.1,http://identifiers.org/umls/C0027438
C0012833,Dizziness,CC BY-NC-SA 4.0,UMLS via SIDER 4.1,http://identifiers.org/umls/C0012833
C0854210,Incomplete precocious puberty,CC BY-NC-SA 4.0,UMLS via SIDER 4.1,http://identifiers.org/umls/C0854210
C0853084,High density lipoprotein increased,CC BY-NC-SA 4.0,UMLS via SIDER 4.1,http://identifiers.org/umls/C0853084
C0549150,Pseudofolliculitis barbae,CC BY-NC-SA 4.0,UMLS via SIDER 4.1,http://identifiers.org/umls/C0549150
C0151463,Breast abscess,CC BY-NC-SA 4.0,UMLS via SIDER 4.1,http://identifiers.org/umls/C0151463
C0038534,Subconjunctival hemorrhage,CC BY-NC-SA 4.0,UMLS via SIDER 4.1,http://identifiers.org/umls/C0038534
C0854135,Infection pseudomonas aeruginosa,CC BY-NC-SA 4.0,UMLS via SIDER 4.1,http://identifiers.org/umls/C0854135
C0152008,Vulvovaginal disorder,CC BY-NC-SA 4.0,UMLS via SIDER 4.1,http://identifiers.org/umls/C0152008
C0035344,Retinopathy of prematurity,CC BY-NC-SA 4.0,UMLS via SIDER 4.1,http://identifiers.org/umls/C0035344
C0242362,Intervertebral disc protrusion,CC BY-NC-SA 4.0,UMLS via SIDER 4.1,http://identifiers.org/umls/C0242362
C1328428,Mycobacterium test,CC BY-NC-SA 4.0,UMLS via SIDER 4.1,http://identifiers.org/umls/C1328428
C0015393,Congenital eye disorder,CC BY-NC-SA 4.0,UMLS via SIDER 4.1,http://identifiers.org/umls/C0015393
C2242711,Arteritic anterior ischaemic optic neuropathy,CC BY-NC-SA 4.0,UMLS via SIDER 4.1,http://identifiers.org/umls/C2242711
C0233469,Blunted affect,CC BY-NC-SA 4.0,UMLS via SIDER 4.1,http://identifiers.org/umls/C0233469
C1384597,Acquired megacolon,CC BY-NC-SA 4.0,UMLS via SIDER 4.1,http://identifiers.org/umls/C1384597
C1142113,Hyperalbuminaemia,CC BY-NC-SA 4.0,UMLS via SIDER 4.1,http://identifiers.org/umls/C1142113
C1112274,Genital discharge,CC BY-NC-SA 4.0,UMLS via SIDER 4.1,http://identifiers.org/umls/C1112274
C0037023,Sialoadenitis,CC BY-NC-SA 4.0,UMLS via SIDER 4.1,http://identifiers.org/umls/C0037023
C0178416,Hypoplastic anaemia,CC BY-NC-SA 4.0,UMLS via SIDER 4.1,http://identifiers.org/umls/C0178416
C0271211,Erythropsia,CC BY-NC-SA 4.0,UMLS via SIDER 4.1,http://identifiers.org/umls/C0271211
C0558348,Gastroenteritis bacterial,CC BY-NC-SA 4.0,UMLS via SIDER 4.1,http://identifiers.org/umls/C0558348
C0522245,Feeling hot and cold,CC BY-NC-SA 4.0,UMLS via SIDER 4.1,http://identifiers.org/umls/C0522245
C0856968,Raised serum lipid levels,CC BY-NC-SA 4.0,UMLS via SIDER 4.1,http://identifiers.org/umls/C0856968
C1504405,Pyramidal tract syndrome,CC BY-NC-SA 4.0,UMLS via SIDER 4.1,http://identifiers.org/umls/C1504405
C0410256,Muscle injury,CC BY-NC-SA 4.0,UMLS via SIDER 4.1,http://identifiers.org/umls/C0410256
C0018944,Haematoma,CC BY-NC-SA 4.0,UMLS via SIDER 4.1,http://identifiers.org/umls/C0018944
C0877336,Blood bilirubin decreased,CC BY-NC-SA 4.0,UMLS via SIDER 4.1,http://identifiers.org/umls/C0877336
C0156339,Vulval ulceration,CC BY-NC-SA 4.0,UMLS via SIDER 4.1,http://identifiers.org/umls/C0156339
C0023529,Periventricular leukomalacia,CC BY-NC-SA 4.0,UMLS via SIDER 4.1,http://identifiers.org/umls/C0023529
C0857400,Retrosternal discomfort,CC BY-NC-SA 4.0,UMLS via SIDER 4.1,http://identifiers.org/umls/C0857400
C0016059,Fibrosis,CC BY-NC-SA 4.0,UMLS via SIDER 4.1,http://identifiers.org/umls/C0016059
C0542184,Reaction gastrointestinal,CC BY-NC-SA 4.0,UMLS via SIDER 4.1,http://identifiers.org/umls/C0542184
C0311220,Lymphocytoma cutis,CC BY-NC-SA 4.0,UMLS via SIDER 4.1,http://identifiers.org/umls/C0311220
C0235401,Glucose tolerance abnormal,CC BY-NC-SA 4.0,UMLS via SIDER 4.1,http://identifiers.org/umls/C0235401
C0917816,Mental deficiency,CC BY-NC-SA 4.0,UMLS via SIDER 4.1,http://identifiers.org/umls/C0917816
C0235560,Respiratory tract haemorrhage,CC BY-NC-SA 4.0,UMLS via SIDER 4.1,http://identifiers.org/umls/C0235560
C0005697,Neurogenic bladder,CC BY-NC-SA 4.0,UMLS via SIDER 4.1,http://identifiers.org/umls/C0005697
C1096250,Gastrointestinal discomfort,CC BY-NC-SA 4.0,UMLS via SIDER 4.1,http://identifiers.org/umls/C1096250
C0241934,Hypomania,CC BY-NC-SA 4.0,UMLS via SIDER 4.1,http://identifiers.org/umls/C0241934
C0036982,Shock haemorrhagic,CC BY-NC-SA 4.0,UMLS via SIDER 4.1,http://identifiers.org/umls/C0036982
C0014511,Cyst epidermal,CC BY-NC-SA 4.0,UMLS via SIDER 4.1,http://identifiers.org/umls/C0014511
C0011609,Drug eruption,CC BY-NC-SA 4.0,UMLS via SIDER 4.1,http://identifiers.org/umls/C0011609
C0151898,Schizophrenic reaction,CC BY-NC-SA 4.0,UMLS via SIDER 4.1,http://identifiers.org/umls/C0151898
C0521622,Bilateral hydronephrosis,CC BY-NC-SA 4.0,UMLS via SIDER 4.1,http://identifiers.org/umls/C0521622
C0344365,Incomplete bladder emptying,CC BY-NC-SA 4.0,UMLS via SIDER 4.1,http://identifiers.org/umls/C0344365
C0022107,Irritability,CC BY-NC-SA 4.0,UMLS via SIDER 4.1,http://identifiers.org/umls/C0022107
C0002170,Alopecia,CC BY-NC-SA 4.0,UMLS via SIDER 4.1,http://identifiers.org/umls/C0002170
C0032633,Dyshidrotic eczema,CC BY-NC-SA 4.0,UMLS via SIDER 4.1,http://identifiers.org/umls/C0032633
C1328411,Post procedural haematoma,CC BY-NC-SA 4.0,UMLS via SIDER 4.1,http://identifiers.org/umls/C1328411
C0948395,Gastrointestinal hypermotility,CC BY-NC-SA 4.0,UMLS via SIDER 4.1,http://identifiers.org/umls/C0948395
C0036454,Scotoma,CC BY-NC-SA 4.0,UMLS via SIDER 4.1,http://identifiers.org/umls/C0036454
C0278134,Sensory loss,CC BY-NC-SA 4.0,UMLS via SIDER 4.1,http://identifiers.org/umls/C0278134
C0860803,Glucose increased,CC BY-NC-SA 4.0,UMLS via SIDER 4.1,http://identifiers.org/umls/C0860803
C0030305,Pancreatitis,CC BY-NC-SA 4.0,UMLS via SIDER 4.1,http://identifiers.org/umls/C0030305
C0919924,Pulmonary toxicity,CC BY-NC-SA 4.0,UMLS via SIDER 4.1,http://identifiers.org/umls/C0919924
C0079744,Diffuse large B-cell lymphoma,CC BY-NC-SA 4.0,UMLS via SIDER 4.1,http://identifiers.org/umls/C0079744
C0877027,Joint range of motion decreased,CC BY-NC-SA 4.0,UMLS via SIDER 4.1,http://identifiers.org/umls/C0877027
C0231303,Distress,CC BY-NC-SA 4.0,UMLS via SIDER 4.1,http://identifiers.org/umls/C0231303
C0521499,Injection site pigmentation changes,CC BY-NC-SA 4.0,UMLS via SIDER 4.1,http://identifiers.org/umls/C0521499
C0235069,Tetanus-like,CC BY-NC-SA 4.0,UMLS via SIDER 4.1,http://identifiers.org/umls/C0235069
C0159056,Abnormal chest sounds NOS,CC BY-NC-SA 4.0,UMLS via SIDER 4.1,http://identifiers.org/umls/C0159056
C0037317,Sleep disturbance,CC BY-NC-SA 4.0,UMLS via SIDER 4.1,http://identifiers.org/umls/C0037317
C0854697,Dermatitis flare-up,CC BY-NC-SA 4.0,UMLS via SIDER 4.1,http://identifiers.org/umls/C0854697
C0241619,Vaginal cyst,CC BY-NC-SA 4.0,UMLS via SIDER 4.1,http://identifiers.org/umls/C0241619
C0221345,Nail discolouration,CC BY-NC-SA 4.0,UMLS via SIDER 4.1,http://identifiers.org/umls/C0221345
C0332798,Open wound,CC BY-NC-SA 4.0,UMLS via SIDER 4.1,http://identifiers.org/umls/C0332798
C0595938,Increased effect,CC BY-NC-SA 4.0,UMLS via SIDER 4.1,http://identifiers.org/umls/C0595938
C0008370,Cholestasis,CC BY-NC-SA 4.0,UMLS via SIDER 4.1,http://identifiers.org/umls/C0008370
C0919600,Application site hyperaesthesia,CC BY-NC-SA 4.0,UMLS via SIDER 4.1,http://identifiers.org/umls/C0919600
C0021368,Inflammation,CC BY-NC-SA 4.0,UMLS via SIDER 4.1,http://identifiers.org/umls/C0021368
C0003868,Gouty arthritis,CC BY-NC-SA 4.0,UMLS via SIDER 4.1,http://identifiers.org/umls/C0003868
C1168225,Inner ear infection,CC BY-NC-SA 4.0,UMLS via SIDER 4.1,http://identifiers.org/umls/C1168225
C0151726,Injection site hypersensitivity,CC BY-NC-SA 4.0,UMLS via SIDER 4.1,http://identifiers.org/umls/C0151726
C0021177,Libido increased,CC BY-NC-SA 4.0,UMLS via SIDER 4.1,http://identifiers.org/umls/C0021177
C0854532,Myopericarditis,CC BY-NC-SA 4.0,UMLS via SIDER 4.1,http://identifiers.org/umls/C0854532
C0221203,Rash vesicular,CC BY-NC-SA 4.0,UMLS via SIDER 4.1,http://identifiers.org/umls/C0221203
C0240802,Pregnancy test positive,CC BY-NC-SA 4.0,UMLS via SIDER 4.1,http://identifiers.org/umls/C0240802
C0877117,Cytomegalovirus gastritis,CC BY-NC-SA 4.0,UMLS via SIDER 4.1,http://identifiers.org/umls/C0877117
C0235472,Pulse abnormal,CC BY-NC-SA 4.0,UMLS via SIDER 4.1,http://identifiers.org/umls/C0235472
C0232132,Thready pulse,CC BY-NC-SA 4.0,UMLS via SIDER 4.1,http://identifiers.org/umls/C0232132
C0454643,Word finding difficulty,CC BY-NC-SA 4.0,UMLS via SIDER 4.1,http://identifiers.org/umls/C0454643
C0151673,Gonadotropins NOS low,CC BY-NC-SA 4.0,UMLS via SIDER 4.1,http://identifiers.org/umls/C0151673
C0035457,Perennial allergic rhinitis,CC BY-NC-SA 4.0,UMLS via SIDER 4.1,http://identifiers.org/umls/C0035457
C0243010,Encephalitis viral,CC BY-NC-SA 4.0,UMLS via SIDER 4.1,http://identifiers.org/umls/C0243010
C0240327,Taste metallic,CC BY-NC-SA 4.0,UMLS via SIDER 4.1,http://identifiers.org/umls/C0240327
C1737211,Hypoglycaemic unconsciousness,CC BY-NC-SA 4.0,UMLS via SIDER 4.1,http://identifiers.org/umls/C1737211
C0151465,Renal abscess,CC BY-NC-SA 4.0,UMLS via SIDER 4.1,http://identifiers.org/umls/C0151465
C0302809,Hepatitis fulminant,CC BY-NC-SA 4.0,UMLS via SIDER 4.1,http://identifiers.org/umls/C0302809
C0853040,Reaction to drug excipients,CC BY-NC-SA 4.0,UMLS via SIDER 4.1,http://identifiers.org/umls/C0853040
C0020550,Hyperthyroidism,CC BY-NC-SA 4.0,UMLS via SIDER 4.1,http://identifiers.org/umls/C0020550
C0277986,Gingival oedema,CC BY-NC-SA 4.0,UMLS via SIDER 4.1,http://identifiers.org/umls/C0277986
C0855775,Pulmonary function test decreased,CC BY-NC-SA 4.0,UMLS via SIDER 4.1,http://identifiers.org/umls/C0855775
C0852795,Blood insulin increased,CC BY-NC-SA 4.0,UMLS via SIDER 4.1,http://identifiers.org/umls/C0852795
C0040923,Trichomonal vaginitis,CC BY-NC-SA 4.0,UMLS via SIDER 4.1,http://identifiers.org/umls/C0040923
C0580413,Prothrombin time shortened,CC BY-NC-SA 4.0,UMLS via SIDER 4.1,http://identifiers.org/umls/C0580413
C0267940,Pancreatitis haemorrhagic,CC BY-NC-SA 4.0,UMLS via SIDER 4.1,http://identifiers.org/umls/C0267940
C0919702,Ventricular hypokinesia,CC BY-NC-SA 4.0,UMLS via SIDER 4.1,http://identifiers.org/umls/C0919702
C0853118,Blood testosterone increased,CC BY-NC-SA 4.0,UMLS via SIDER 4.1,http://identifiers.org/umls/C0853118
C0857331,Acute liver damage,CC BY-NC-SA 4.0,UMLS via SIDER 4.1,http://identifiers.org/umls/C0857331
C0852878,Non-accidental injury,CC BY-NC-SA 4.0,UMLS via SIDER 4.1,http://identifiers.org/umls/C0852878
C0521495,Application site rash,CC BY-NC-SA 4.0,UMLS via SIDER 4.1,http://identifiers.org/umls/C0521495
C0149726,Pulmonary mass,CC BY-NC-SA 4.0,UMLS via SIDER 4.1,http://identifiers.org/umls/C0149726
C3665444,Neutrophilia,CC BY-NC-SA 4.0,UMLS via SIDER 4.1,http://identifiers.org/umls/C3665444
C0438142,Urine analysis abnormal,CC BY-NC-SA 4.0,UMLS via SIDER 4.1,http://identifiers.org/umls/C0438142
C1704327,Bone sarcoma,CC BY-NC-SA 4.0,UMLS via SIDER 4.1,http://identifiers.org/umls/C1704327
C0206624,Hepatoblastoma,CC BY-NC-SA 4.0,UMLS via SIDER 4.1,http://identifiers.org/umls/C0206624
C0948976,Leukaemia cutis,CC BY-NC-SA 4.0,UMLS via SIDER 4.1,http://identifiers.org/umls/C0948976
C0153452,Gallbladder cancer,CC BY-NC-SA 4.0,UMLS via SIDER 4.1,http://identifiers.org/umls/C0153452
C0011570,Depression,CC BY-NC-SA 4.0,UMLS via SIDER 4.1,http://identifiers.org/umls/C0011570
C0027497,Nausea,CC BY-NC-SA 4.0,UMLS via SIDER 4.1,http://identifiers.org/umls/C0027497
C0425449,Gasping,CC BY-NC-SA 4.0,UMLS via SIDER 4.1,http://identifiers.org/umls/C0425449
C1261562,Detrusor instability,CC BY-NC-SA 4.0,UMLS via SIDER 4.1,http://identifiers.org/umls/C1261562
C2363722,Steroid psychosis,CC BY-NC-SA 4.0,UMLS via SIDER 4.1,http://identifiers.org/umls/C2363722
C0948595,Ocular discomfort,CC BY-NC-SA 4.0,UMLS via SIDER 4.1,http://identifiers.org/umls/C0948595
C0018926,Haematemesis,CC BY-NC-SA 4.0,UMLS via SIDER 4.1,http://identifiers.org/umls/C0018926
C1761613,Conjunctival hyperaemia,CC BY-NC-SA 4.0,UMLS via SIDER 4.1,http://identifiers.org/umls/C1761613
C0266241,Congenital absence of bile ducts,CC BY-NC-SA 4.0,UMLS via SIDER 4.1,http://identifiers.org/umls/C0266241
C0029124,Optic atrophy,CC BY-NC-SA 4.0,UMLS via SIDER 4.1,http://identifiers.org/umls/C0029124
C0268407,Cardiac amyloidosis,CC BY-NC-SA 4.0,UMLS via SIDER 4.1,http://identifiers.org/umls/C0268407
C0033247,Proctocolitis,CC BY-NC-SA 4.0,UMLS via SIDER 4.1,http://identifiers.org/umls/C0033247
C0859290,Black spot,CC BY-NC-SA 4.0,UMLS via SIDER 4.1,http://identifiers.org/umls/C0859290
C0575805,Hand swelling,CC BY-NC-SA 4.0,UMLS via SIDER 4.1,http://identifiers.org/umls/C0575805
C0542215,Slough injection site,CC BY-NC-SA 4.0,UMLS via SIDER 4.1,http://identifiers.org/umls/C0542215
C0521161,Vasculitic rash,CC BY-NC-SA 4.0,UMLS via SIDER 4.1,http://identifiers.org/umls/C0521161
C0860204,Cholestatic liver disease,CC BY-NC-SA 4.0,UMLS via SIDER 4.1,http://identifiers.org/umls/C0860204
C0948610,Abdominal strangulated hernia,CC BY-NC-SA 4.0,UMLS via SIDER 4.1,http://identifiers.org/umls/C0948610
C0853312,Osteoarthritis aggravated,CC BY-NC-SA 4.0,UMLS via SIDER 4.1,http://identifiers.org/umls/C0853312
C1168149,Perioral tingling,CC BY-NC-SA 4.0,UMLS via SIDER 4.1,http://identifiers.org/umls/C1168149
C0854146,Blood test abnormal,CC BY-NC-SA 4.0,UMLS via SIDER 4.1,http://identifiers.org/umls/C0854146
C0004245,Atrioventricular block,CC BY-NC-SA 4.0,UMLS via SIDER 4.1,http://identifiers.org/umls/C0004245
C0017412,Genital disorder male,CC BY-NC-SA 4.0,UMLS via SIDER 4.1,http://identifiers.org/umls/C0017412
C0155550,Neural hearing loss,CC BY-NC-SA 4.0,UMLS via SIDER 4.1,http://identifiers.org/umls/C0155550
C1095923,Febrile bone marrow aplasia,CC BY-NC-SA 4.0,UMLS via SIDER 4.1,http://identifiers.org/umls/C1095923
C0847033,Allergic oedema,CC BY-NC-SA 4.0,UMLS via SIDER 4.1,http://identifiers.org/umls/C0847033
C0035522,Rib fracture,CC BY-NC-SA 4.0,UMLS via SIDER 4.1,http://identifiers.org/umls/C0035522
C0948715,Infusion related reaction,CC BY-NC-SA 4.0,UMLS via SIDER 4.1,http://identifiers.org/umls/C0948715
C0031212,Personality disorder,CC BY-NC-SA 4.0,UMLS via SIDER 4.1,http://identifiers.org/umls/C0031212
C0426390,Bladder spasm,CC BY-NC-SA 4.0,UMLS via SIDER 4.1,http://identifiers.org/umls/C0426390
C2981158,Loss of libido,CC BY-NC-SA 4.0,UMLS via SIDER 4.1,http://identifiers.org/umls/C2981158
C0266008,Breast malformation,CC BY-NC-SA 4.0,UMLS via SIDER 4.1,http://identifiers.org/umls/C0266008
C0948425,Large intestinal haemorrhage,CC BY-NC-SA 4.0,UMLS via SIDER 4.1,http://identifiers.org/umls/C0948425
C0178829,Reproductive tract disorder,CC BY-NC-SA 4.0,UMLS via SIDER 4.1,http://identifiers.org/umls/C0178829
C0919661,Heart alternation,CC BY-NC-SA 4.0,UMLS via SIDER 4.1,http://identifiers.org/umls/C0919661
C0235055,Skeletal muscle paralysis,CC BY-NC-SA 4.0,UMLS via SIDER 4.1,http://identifiers.org/umls/C0235055
C0341503,Peritonitis bacterial,CC BY-NC-SA 4.0,UMLS via SIDER 4.1,http://identifiers.org/umls/C0341503
C0153594,Testis cancer,CC BY-NC-SA 4.0,UMLS via SIDER 4.1,http://identifiers.org/umls/C0153594
C0263383,Keratosis pilaris,CC BY-NC-SA 4.0,UMLS via SIDER 4.1,http://identifiers.org/umls/C0263383
C0854059,pH urine decreased,CC BY-NC-SA 4.0,UMLS via SIDER 4.1,http://identifiers.org/umls/C0854059
C0009081,Congenital clubfoot,CC BY-NC-SA 4.0,UMLS via SIDER 4.1,http://identifiers.org/umls/C0009081
C0566948,Vaginal swelling,CC BY-NC-SA 4.0,UMLS via SIDER 4.1,http://identifiers.org/umls/C0566948
C0554976,Bradyphrenia,CC BY-NC-SA 4.0,UMLS via SIDER 4.1,http://identifiers.org/umls/C0554976
C0235996,Hepatic enzyme increased,CC BY-NC-SA 4.0,UMLS via SIDER 4.1,http://identifiers.org/umls/C0235996
C0026766,Multi-organ failure,CC BY-NC-SA 4.0,UMLS via SIDER 4.1,http://identifiers.org/umls/C0026766
C1142349,Eyelid pain,CC BY-NC-SA 4.0,UMLS via SIDER 4.1,http://identifiers.org/umls/C1142349
C0560024,Swelling of eyelid,CC BY-NC-SA 4.0,UMLS via SIDER 4.1,http://identifiers.org/umls/C0560024
C0008513,Chorioretinitis,CC BY-NC-SA 4.0,UMLS via SIDER 4.1,http://identifiers.org/umls/C0008513
C0024117,Chronic obstructive pulmonary disease,CC BY-NC-SA 4.0,UMLS via SIDER 4.1,http://identifiers.org/umls/C0024117
C3203358,Hypoventilation,CC BY-NC-SA 4.0,UMLS via SIDER 4.1,http://identifiers.org/umls/C3203358
C1704272,Benign prostatic hyperplasia,CC BY-NC-SA 4.0,UMLS via SIDER 4.1,http://identifiers.org/umls/C1704272
C0233569,Physical wandering,CC BY-NC-SA 4.0,UMLS via SIDER 4.1,http://identifiers.org/umls/C0233569
C0007859,Neck pain,CC BY-NC-SA 4.0,UMLS via SIDER 4.1,http://identifiers.org/umls/C0007859
C0085641,Rash pustular,CC BY-NC-SA 4.0,UMLS via SIDER 4.1,http://identifiers.org/umls/C0085641
C0581395,Penile infection,CC BY-NC-SA 4.0,UMLS via SIDER 4.1,http://identifiers.org/umls/C0581395
C0751295,Memory loss,CC BY-NC-SA 4.0,UMLS via SIDER 4.1,http://identifiers.org/umls/C0751295
C0037188,Sinoatrial block,CC BY-NC-SA 4.0,UMLS via SIDER 4.1,http://identifiers.org/umls/C0037188
C0036337,Schizoaffective disorder,CC BY-NC-SA 4.0,UMLS via SIDER 4.1,http://identifiers.org/umls/C0036337
C0948521,Oral pruritus,CC BY-NC-SA 4.0,UMLS via SIDER 4.1,http://identifiers.org/umls/C0948521
C0013456,Ear pain,CC BY-NC-SA 4.0,UMLS via SIDER 4.1,http://identifiers.org/umls/C0013456
C0576091,Knee deformity,CC BY-NC-SA 4.0,UMLS via SIDER 4.1,http://identifiers.org/umls/C0576091
C0024314,Lymphoproliferative disorder,CC BY-NC-SA 4.0,UMLS via SIDER 4.1,http://identifiers.org/umls/C0024314
C0699828,Serotonin syndrome,CC BY-NC-SA 4.0,UMLS via SIDER 4.1,http://identifiers.org/umls/C0699828
C0423729,Painful respiration,CC BY-NC-SA 4.0,UMLS via SIDER 4.1,http://identifiers.org/umls/C0423729
C0031315,Phantom limb pain,CC BY-NC-SA 4.0,UMLS via SIDER 4.1,http://identifiers.org/umls/C0031315
C0234131,Motor dysfunction,CC BY-NC-SA 4.0,UMLS via SIDER 4.1,http://identifiers.org/umls/C0234131
C1306580,Bone mass decreased,CC BY-NC-SA 4.0,UMLS via SIDER 4.1,http://identifiers.org/umls/C1306580
C0542239,Tired and heavy,CC BY-NC-SA 4.0,UMLS via SIDER 4.1,http://identifiers.org/umls/C0542239
C0740852,Upper airway obstruction,CC BY-NC-SA 4.0,UMLS via SIDER 4.1,http://identifiers.org/umls/C0740852
C0239302,Oestrogen low,CC BY-NC-SA 4.0,UMLS via SIDER 4.1,http://identifiers.org/umls/C0239302
C0151594,Diarrhoea haemorrhagic,CC BY-NC-SA 4.0,UMLS via SIDER 4.1,http://identifiers.org/umls/C0151594
C0026987,Myelofibrosis,CC BY-NC-SA 4.0,UMLS via SIDER 4.1,http://identifiers.org/umls/C0026987
C0237314,Heart rate irregular,CC BY-NC-SA 4.0,UMLS via SIDER 4.1,http://identifiers.org/umls/C0237314
C0856110,Oedema aggravated,CC BY-NC-SA 4.0,UMLS via SIDER 4.1,http://identifiers.org/umls/C0856110
C0235984,Salivary duct obstruction,CC BY-NC-SA 4.0,UMLS via SIDER 4.1,http://identifiers.org/umls/C0235984
C0429059,Electrocardiogram T wave amplitude decreased,CC BY-NC-SA 4.0,UMLS via SIDER 4.1,http://identifiers.org/umls/C0429059
C0240972,Scrotal erythema,CC BY-NC-SA 4.0,UMLS via SIDER 4.1,http://identifiers.org/umls/C0240972
C1112436,QRS axis abnormal,CC BY-NC-SA 4.0,UMLS via SIDER 4.1,http://identifiers.org/umls/C1112436
C1455782,Vagotonia,CC BY-NC-SA 4.0,UMLS via SIDER 4.1,http://identifiers.org/umls/C1455782
C0007134,Renal cell carcinoma,CC BY-NC-SA 4.0,UMLS via SIDER 4.1,http://identifiers.org/umls/C0007134
C0007120,Bronchioloalveolar carcinoma,CC BY-NC-SA 4.0,UMLS via SIDER 4.1,http://identifiers.org/umls/C0007120
C0520736,Coombs positive haemolytic anaemia,CC BY-NC-SA 4.0,UMLS via SIDER 4.1,http://identifiers.org/umls/C0520736
C0021294,Premature baby,CC BY-NC-SA 4.0,UMLS via SIDER 4.1,http://identifiers.org/umls/C0021294
C0042018,Calculus urinary,CC BY-NC-SA 4.0,UMLS via SIDER 4.1,http://identifiers.org/umls/C0042018
C0221281,Poikilocytosis,CC BY-NC-SA 4.0,UMLS via SIDER 4.1,http://identifiers.org/umls/C0221281
C0040053,Thrombosis,CC BY-NC-SA 4.0,UMLS via SIDER 4.1,http://identifiers.org/umls/C0040053
C0014457,Eosinophilia,CC BY-NC-SA 4.0,UMLS via SIDER 4.1,http://identifiers.org/umls/C0014457
C1258215,Ileus,CC BY-NC-SA 4.0,UMLS via SIDER 4.1,http://identifiers.org/umls/C1258215
C0235980,Scleral discolouration,CC BY-NC-SA 4.0,UMLS via SIDER 4.1,http://identifiers.org/umls/C0235980
C0868908,Pancolitis,CC BY-NC-SA 4.0,UMLS via SIDER 4.1,http://identifiers.org/umls/C0868908
C0006112,Metabolic encephalopathy,CC BY-NC-SA 4.0,UMLS via SIDER 4.1,http://identifiers.org/umls/C0006112
C0024228,Lymphatic disorder,CC BY-NC-SA 4.0,UMLS via SIDER 4.1,http://identifiers.org/umls/C0024228
C0027022,Myeloproliferative disorder,CC BY-NC-SA 4.0,UMLS via SIDER 4.1,http://identifiers.org/umls/C0027022
C0008313,Cholangitis sclerosing,CC BY-NC-SA 4.0,UMLS via SIDER 4.1,http://identifiers.org/umls/C0008313
C0853198,Gastroenteritis yersinia,CC BY-NC-SA 4.0,UMLS via SIDER 4.1,http://identifiers.org/umls/C0853198
C0001144,Acne vulgaris,CC BY-NC-SA 4.0,UMLS via SIDER 4.1,http://identifiers.org/umls/C0001144
C0242350,Erectile dysfunction,CC BY-NC-SA 4.0,UMLS via SIDER 4.1,http://identifiers.org/umls/C0242350
C0041972,Urethral obstruction,CC BY-NC-SA 4.0,UMLS via SIDER 4.1,http://identifiers.org/umls/C0041972
C0851341,Infestation NOS,CC BY-NC-SA 4.0,UMLS via SIDER 4.1,http://identifiers.org/umls/C0851341
C0234373,Tremor fine,CC BY-NC-SA 4.0,UMLS via SIDER 4.1,http://identifiers.org/umls/C0234373
C0282193,Iron overload,CC BY-NC-SA 4.0,UMLS via SIDER 4.1,http://identifiers.org/umls/C0282193
C1533591,Deposit calcium,CC BY-NC-SA 4.0,UMLS via SIDER 4.1,http://identifiers.org/umls/C1533591
C0235263,Conjunctival congestion,CC BY-NC-SA 4.0,UMLS via SIDER 4.1,http://identifiers.org/umls/C0235263
C0085570,Alkalosis hypokalaemic,CC BY-NC-SA 4.0,UMLS via SIDER 4.1,http://identifiers.org/umls/C0085570
C0002891,Anaemia neonatal,CC BY-NC-SA 4.0,UMLS via SIDER 4.1,http://identifiers.org/umls/C0002891
C0851886,Pneumocystis carinii infection,CC BY-NC-SA 4.0,UMLS via SIDER 4.1,http://identifiers.org/umls/C0851886
C0854080,Painful response to normal stimuli,CC BY-NC-SA 4.0,UMLS via SIDER 4.1,http://identifiers.org/umls/C0854080
C0236000,Pain in jaw,CC BY-NC-SA 4.0,UMLS via SIDER 4.1,http://identifiers.org/umls/C0236000
C0027051,Myocardial infarction,CC BY-NC-SA 4.0,UMLS via SIDER 4.1,http://identifiers.org/umls/C0027051
C0276684,Balanitis candida,CC BY-NC-SA 4.0,UMLS via SIDER 4.1,http://identifiers.org/umls/C0276684
C0855625,Bilirubin conjugated increased,CC BY-NC-SA 4.0,UMLS via SIDER 4.1,http://identifiers.org/umls/C0855625
C0342548,Early menarche,CC BY-NC-SA 4.0,UMLS via SIDER 4.1,http://identifiers.org/umls/C0342548
C0008489,Chorea,CC BY-NC-SA 4.0,UMLS via SIDER 4.1,http://identifiers.org/umls/C0008489
C0855620,Alanine aminotransferase normal,CC BY-NC-SA 4.0,UMLS via SIDER 4.1,http://identifiers.org/umls/C0855620
C0152115,Orofacial dyskinesia,CC BY-NC-SA 4.0,UMLS via SIDER 4.1,http://identifiers.org/umls/C0152115
C0854097,Hypoaesthesia eye,CC BY-NC-SA 4.0,UMLS via SIDER 4.1,http://identifiers.org/umls/C0854097
C0858226,Plasma cholesterol increased,CC BY-NC-SA 4.0,UMLS via SIDER 4.1,http://identifiers.org/umls/C0858226
C1262170,Herpes dermatitis,CC BY-NC-SA 4.0,UMLS via SIDER 4.1,http://identifiers.org/umls/C1262170
C0595862,Vasodilatation,CC BY-NC-SA 4.0,UMLS via SIDER 4.1,http://identifiers.org/umls/C0595862
C0877089,Vaginal mucosal blistering,CC BY-NC-SA 4.0,UMLS via SIDER 4.1,http://identifiers.org/umls/C0877089
C0262414,Cervical vertebral fracture,CC BY-NC-SA 4.0,UMLS via SIDER 4.1,http://identifiers.org/umls/C0262414
C1285577,Acute confusional state,CC BY-NC-SA 4.0,UMLS via SIDER 4.1,http://identifiers.org/umls/C1285577
C0851536,Administration site reaction,CC BY-NC-SA 4.0,UMLS via SIDER 4.1,http://identifiers.org/umls/C0851536
C0003460,Anuria,CC BY-NC-SA 4.0,UMLS via SIDER 4.1,http://identifiers.org/umls/C0003460
C2242737,Anorectal discomfort,CC BY-NC-SA 4.0,UMLS via SIDER 4.1,http://identifiers.org/umls/C2242737
C0858307,Bilirubin normal,CC BY-NC-SA 4.0,UMLS via SIDER 4.1,http://identifiers.org/umls/C0858307
C0014848,Oesophageal achalasia,CC BY-NC-SA 4.0,UMLS via SIDER 4.1,http://identifiers.org/umls/C0014848
C0276253,Pneumonia cytomegaloviral,CC BY-NC-SA 4.0,UMLS via SIDER 4.1,http://identifiers.org/umls/C0276253
C0206160,Reticulocytosis,CC BY-NC-SA 4.0,UMLS via SIDER 4.1,http://identifiers.org/umls/C0206160
C1736186,Postoperative shivering,CC BY-NC-SA 4.0,UMLS via SIDER 4.1,http://identifiers.org/umls/C1736186
C0206504,Tympanic membrane perforation,CC BY-NC-SA 4.0,UMLS via SIDER 4.1,http://identifiers.org/umls/C0206504
C0151609,Scrotal oedema,CC BY-NC-SA 4.0,UMLS via SIDER 4.1,http://identifiers.org/umls/C0151609
C0040427,Tooth malformation,CC BY-NC-SA 4.0,UMLS via SIDER 4.1,http://identifiers.org/umls/C0040427
C0948288,Conjunctival discharge,CC BY-NC-SA 4.0,UMLS via SIDER 4.1,http://identifiers.org/umls/C0948288
C0403592,Chronic allograft nephropathy,CC BY-NC-SA 4.0,UMLS via SIDER 4.1,http://identifiers.org/umls/C0403592
C0541820,Carbohydrate tolerance decreased,CC BY-NC-SA 4.0,UMLS via SIDER 4.1,http://identifiers.org/umls/C0541820
C0341742,Acute retention of urine,CC BY-NC-SA 4.0,UMLS via SIDER 4.1,http://identifiers.org/umls/C0341742
C0151598,Drug level decreased,CC BY-NC-SA 4.0,UMLS via SIDER 4.1,http://identifiers.org/umls/C0151598
C0018780,High frequency deafness,CC BY-NC-SA 4.0,UMLS via SIDER 4.1,http://identifiers.org/umls/C0018780
C0435002,Ligament sprain,CC BY-NC-SA 4.0,UMLS via SIDER 4.1,http://identifiers.org/umls/C0435002
C1868919,Upper abdominal discomfort,CC BY-NC-SA 4.0,UMLS via SIDER 4.1,http://identifiers.org/umls/C1868919
C0151614,Electrolyte depletion,CC BY-NC-SA 4.0,UMLS via SIDER 4.1,http://identifiers.org/umls/C0151614
C0007462,Causalgia,CC BY-NC-SA 4.0,UMLS via SIDER 4.1,http://identifiers.org/umls/C0007462
C1142080,Injection site stinging,CC BY-NC-SA 4.0,UMLS via SIDER 4.1,http://identifiers.org/umls/C1142080
C1142335,Bilirubin abnormal,CC BY-NC-SA 4.0,UMLS via SIDER 4.1,http://identifiers.org/umls/C1142335
C0751523,Nonconvulsive status epilepticus,CC BY-NC-SA 4.0,UMLS via SIDER 4.1,http://identifiers.org/umls/C0751523
C0154002,Benign vaginal neoplasm,CC BY-NC-SA 4.0,UMLS via SIDER 4.1,http://identifiers.org/umls/C0154002
C0264714,Cardiac failure acute,CC BY-NC-SA 4.0,UMLS via SIDER 4.1,http://identifiers.org/umls/C0264714
C0021359,Infertility,CC BY-NC-SA 4.0,UMLS via SIDER 4.1,http://identifiers.org/umls/C0021359
C0240735,Personality change,CC BY-NC-SA 4.0,UMLS via SIDER 4.1,http://identifiers.org/umls/C0240735
C0021670,Insulinoma,CC BY-NC-SA 4.0,UMLS via SIDER 4.1,http://identifiers.org/umls/C0021670
C0025297,Meningitis viral,CC BY-NC-SA 4.0,UMLS via SIDER 4.1,http://identifiers.org/umls/C0025297
C0856597,Pulmonary alveolitis,CC BY-NC-SA 4.0,UMLS via SIDER 4.1,http://identifiers.org/umls/C0856597
C0016722,Frigidity,CC BY-NC-SA 4.0,UMLS via SIDER 4.1,http://identifiers.org/umls/C0016722
C0438215,Laboratory test abnormal,CC BY-NC-SA 4.0,UMLS via SIDER 4.1,http://identifiers.org/umls/C0438215
C0332579,Lividity,CC BY-NC-SA 4.0,UMLS via SIDER 4.1,http://identifiers.org/umls/C0332579
C0948782,Uterine cramps,CC BY-NC-SA 4.0,UMLS via SIDER 4.1,http://identifiers.org/umls/C0948782
C0751564,Pill rolling,CC BY-NC-SA 4.0,UMLS via SIDER 4.1,http://identifiers.org/umls/C0751564
C1322281,Rhinitis seasonal,CC BY-NC-SA 4.0,UMLS via SIDER 4.1,http://identifiers.org/umls/C1322281
C0004352,Autism,CC BY-NC-SA 4.0,UMLS via SIDER 4.1,http://identifiers.org/umls/C0004352
C0023480,Chronic myelomonocytic leukaemia,CC BY-NC-SA 4.0,UMLS via SIDER 4.1,http://identifiers.org/umls/C0023480
C1096116,Acquired haemophilia,CC BY-NC-SA 4.0,UMLS via SIDER 4.1,http://identifiers.org/umls/C1096116
C0403673,Retrograde ejaculation,CC BY-NC-SA 4.0,UMLS via SIDER 4.1,http://identifiers.org/umls/C0403673
C0151680,Gonadotropic luteinizing hormone increased,CC BY-NC-SA 4.0,UMLS via SIDER 4.1,http://identifiers.org/umls/C0151680
C0858979,Oral mucosa sore,CC BY-NC-SA 4.0,UMLS via SIDER 4.1,http://identifiers.org/umls/C0858979
C0578455,Abscess limb,CC BY-NC-SA 4.0,UMLS via SIDER 4.1,http://identifiers.org/umls/C0578455
C0221069,Anterior spinal artery syndrome,CC BY-NC-SA 4.0,UMLS via SIDER 4.1,http://identifiers.org/umls/C0221069
C0392703,Shakiness,CC BY-NC-SA 4.0,UMLS via SIDER 4.1,http://identifiers.org/umls/C0392703
C0600327,Toxic shock syndrome,CC BY-NC-SA 4.0,UMLS via SIDER 4.1,http://identifiers.org/umls/C0600327
C1328395,Vaginal contraceptive device expelled,CC BY-NC-SA 4.0,UMLS via SIDER 4.1,http://identifiers.org/umls/C1328395
C0859032,Moaning,CC BY-NC-SA 4.0,UMLS via SIDER 4.1,http://identifiers.org/umls/C0859032
C0003466,Anal atresia,CC BY-NC-SA 4.0,UMLS via SIDER 4.1,http://identifiers.org/umls/C0003466
C0010034,Corneal disorder,CC BY-NC-SA 4.0,UMLS via SIDER 4.1,http://identifiers.org/umls/C0010034
C0041948,Uremia,CC BY-NC-SA 4.0,UMLS via SIDER 4.1,http://identifiers.org/umls/C0041948
C0235195,Sedation,CC BY-NC-SA 4.0,UMLS via SIDER 4.1,http://identifiers.org/umls/C0235195
C0236022,Neoplasm malignant aggravated,CC BY-NC-SA 4.0,UMLS via SIDER 4.1,http://identifiers.org/umls/C0236022
C0011876,Cataract diabetic,CC BY-NC-SA 4.0,UMLS via SIDER 4.1,http://identifiers.org/umls/C0011876
C0752347,Dementia with Lewy bodies,CC BY-NC-SA 4.0,UMLS via SIDER 4.1,http://identifiers.org/umls/C0752347
C0031085,Abscess periodontal,CC BY-NC-SA 4.0,UMLS via SIDER 4.1,http://identifiers.org/umls/C0031085
C0265294,Metaphyseal dysplasia,CC BY-NC-SA 4.0,UMLS via SIDER 4.1,http://identifiers.org/umls/C0265294
C0235025,Peripheral motor neuropathy,CC BY-NC-SA 4.0,UMLS via SIDER 4.1,http://identifiers.org/umls/C0235025
C0424000,Suicidal ideation,CC BY-NC-SA 4.0,UMLS via SIDER 4.1,http://identifiers.org/umls/C0424000
C0577115,Soft stools,CC BY-NC-SA 4.0,UMLS via SIDER 4.1,http://identifiers.org/umls/C0577115
C0010930,Dacryocystitis,CC BY-NC-SA 4.0,UMLS via SIDER 4.1,http://identifiers.org/umls/C0010930
C0342257,Diabetic complication,CC BY-NC-SA 4.0,UMLS via SIDER 4.1,http://identifiers.org/umls/C0342257
C0085595,Body odor,CC BY-NC-SA 4.0,UMLS via SIDER 4.1,http://identifiers.org/umls/C0085595
C0042345,Varicose vein,CC BY-NC-SA 4.0,UMLS via SIDER 4.1,http://identifiers.org/umls/C0042345
C0685707,Muscular ventricular septal defect,CC BY-NC-SA 4.0,UMLS via SIDER 4.1,http://identifiers.org/umls/C0685707
C0085621,Spastic paralysis,CC BY-NC-SA 4.0,UMLS via SIDER 4.1,http://identifiers.org/umls/C0085621
C0002874,Aplastic anaemia,CC BY-NC-SA 4.0,UMLS via SIDER 4.1,http://identifiers.org/umls/C0002874
C0521481,Oedema mucosal,CC BY-NC-SA 4.0,UMLS via SIDER 4.1,http://identifiers.org/umls/C0521481
C0919907,Pleural infection,CC BY-NC-SA 4.0,UMLS via SIDER 4.1,http://identifiers.org/umls/C0919907
C1328308,Increased upper airway secretion,CC BY-NC-SA 4.0,UMLS via SIDER 4.1,http://identifiers.org/umls/C1328308
C1112256,Peripheral sensorimotor neuropathy,CC BY-NC-SA 4.0,UMLS via SIDER 4.1,http://identifiers.org/umls/C1112256
C0520532,Subcutaneous haematoma,CC BY-NC-SA 4.0,UMLS via SIDER 4.1,http://identifiers.org/umls/C0520532
C0028778,Obstruction,CC BY-NC-SA 4.0,UMLS via SIDER 4.1,http://identifiers.org/umls/C0028778
C1868879,Endotracheal tube obstruction,CC BY-NC-SA 4.0,UMLS via SIDER 4.1,http://identifiers.org/umls/C1868879
C1328561,Postmenopausal spotting,CC BY-NC-SA 4.0,UMLS via SIDER 4.1,http://identifiers.org/umls/C1328561
C0855642,Blood uric acid abnormal,CC BY-NC-SA 4.0,UMLS via SIDER 4.1,http://identifiers.org/umls/C0855642
C0281803,Endotracheal intubation complication,CC BY-NC-SA 4.0,UMLS via SIDER 4.1,http://identifiers.org/umls/C0281803
C1561643,Chronic kidney disease,CC BY-NC-SA 4.0,UMLS via SIDER 4.1,http://identifiers.org/umls/C1561643
C0302592,Cervix carcinoma,CC BY-NC-SA 4.0,UMLS via SIDER 4.1,http://identifiers.org/umls/C0302592
C0343361,Gastroenteritis adenovirus,CC BY-NC-SA 4.0,UMLS via SIDER 4.1,http://identifiers.org/umls/C0343361
C0853595,Blood cholesterol abnormal,CC BY-NC-SA 4.0,UMLS via SIDER 4.1,http://identifiers.org/umls/C0853595
C1112366,Eyelid irritation,CC BY-NC-SA 4.0,UMLS via SIDER 4.1,http://identifiers.org/umls/C1112366
C0002895,Sickle cell anaemia,CC BY-NC-SA 4.0,UMLS via SIDER 4.1,http://identifiers.org/umls/C0002895
C0221154,Hypertension paroxysmal,CC BY-NC-SA 4.0,UMLS via SIDER 4.1,http://identifiers.org/umls/C0221154
C0278106,Ejaculation failure,CC BY-NC-SA 4.0,UMLS via SIDER 4.1,http://identifiers.org/umls/C0278106
C0858041,Plasma triglycerides increased,CC BY-NC-SA 4.0,UMLS via SIDER 4.1,http://identifiers.org/umls/C0858041
C0233976,Clitoral engorgement,CC BY-NC-SA 4.0,UMLS via SIDER 4.1,http://identifiers.org/umls/C0233976
C0026857,Musculoskeletal disorder,CC BY-NC-SA 4.0,UMLS via SIDER 4.1,http://identifiers.org/umls/C0026857
C0221158,Multifocal atrial tachycardia,CC BY-NC-SA 4.0,UMLS via SIDER 4.1,http://identifiers.org/umls/C0221158
C0476089,Endometrial cancer,CC BY-NC-SA 4.0,UMLS via SIDER 4.1,http://identifiers.org/umls/C0476089
C2973529,Leukocytoclastic vasculitis,CC BY-NC-SA 4.0,UMLS via SIDER 4.1,http://identifiers.org/umls/C2973529
C0027080,Myoglobinuria,CC BY-NC-SA 4.0,UMLS via SIDER 4.1,http://identifiers.org/umls/C0027080
C1306577,Death,CC BY-NC-SA 4.0,UMLS via SIDER 4.1,http://identifiers.org/umls/C1306577
C1704373,Compulsive personality disorder,CC BY-NC-SA 4.0,UMLS via SIDER 4.1,http://identifiers.org/umls/C1704373
C2242576,Oropharyngeal blistering,CC BY-NC-SA 4.0,UMLS via SIDER 4.1,http://identifiers.org/umls/C2242576
C0023370,Leriche syndrome,CC BY-NC-SA 4.0,UMLS via SIDER 4.1,http://identifiers.org/umls/C0023370
C0265057,Superficial thrombophlebitis of leg,CC BY-NC-SA 4.0,UMLS via SIDER 4.1,http://identifiers.org/umls/C0265057
C0206180,Anaplastic large-cell lymphoma,CC BY-NC-SA 4.0,UMLS via SIDER 4.1,http://identifiers.org/umls/C0206180
C0729552,Genital infection,CC BY-NC-SA 4.0,UMLS via SIDER 4.1,http://identifiers.org/umls/C0729552
C0233528,Asocial behaviour,CC BY-NC-SA 4.0,UMLS via SIDER 4.1,http://identifiers.org/umls/C0233528
C0856623,Orofacial oedema,CC BY-NC-SA 4.0,UMLS via SIDER 4.1,http://identifiers.org/umls/C0856623
C0281981,Skin mass,CC BY-NC-SA 4.0,UMLS via SIDER 4.1,http://identifiers.org/umls/C0281981
C0085606,Micturition urgency,CC BY-NC-SA 4.0,UMLS via SIDER 4.1,http://identifiers.org/umls/C0085606
C1868893,Genital irritation,CC BY-NC-SA 4.0,UMLS via SIDER 4.1,http://identifiers.org/umls/C1868893
C0266316,Congenital hydronephrosis,CC BY-NC-SA 4.0,UMLS via SIDER 4.1,http://identifiers.org/umls/C0266316
C0521845,Drug effect decreased,CC BY-NC-SA 4.0,UMLS via SIDER 4.1,http://identifiers.org/umls/C0521845
C0014850,Oesophageal atresia,CC BY-NC-SA 4.0,UMLS via SIDER 4.1,http://identifiers.org/umls/C0014850
C0345907,Hepatic angiosarcoma,CC BY-NC-SA 4.0,UMLS via SIDER 4.1,http://identifiers.org/umls/C0345907
C0231686,Unsteady gait,CC BY-NC-SA 4.0,UMLS via SIDER 4.1,http://identifiers.org/umls/C0231686
C0428167,Fraction of inspired oxygen,CC BY-NC-SA 4.0,UMLS via SIDER 4.1,http://identifiers.org/umls/C0428167
C0750466,Yeast infection,CC BY-NC-SA 4.0,UMLS via SIDER 4.1,http://identifiers.org/umls/C0750466
C0018621,Seasonal allergy,CC BY-NC-SA 4.0,UMLS via SIDER 4.1,http://identifiers.org/umls/C0018621
C1096225,Vessel puncture site haemorrhage,CC BY-NC-SA 4.0,UMLS via SIDER 4.1,http://identifiers.org/umls/C1096225
C0740304,COPD exacerbation,CC BY-NC-SA 4.0,UMLS via SIDER 4.1,http://identifiers.org/umls/C0740304
C0006413,Burkitt's lymphoma,CC BY-NC-SA 4.0,UMLS via SIDER 4.1,http://identifiers.org/umls/C0006413
C0022408,Arthropathy,CC BY-NC-SA 4.0,UMLS via SIDER 4.1,http://identifiers.org/umls/C0022408
C0278151,Facial spasm,CC BY-NC-SA 4.0,UMLS via SIDER 4.1,http://identifiers.org/umls/C0278151
C0236061,Haptoglobin increased,CC BY-NC-SA 4.0,UMLS via SIDER 4.1,http://identifiers.org/umls/C0236061
C0038367,Ulcerative stomatitis,CC BY-NC-SA 4.0,UMLS via SIDER 4.1,http://identifiers.org/umls/C0038367
C0221470,Aphagia,CC BY-NC-SA 4.0,UMLS via SIDER 4.1,http://identifiers.org/umls/C0221470
C0242379,Lung neoplasm malignant,CC BY-NC-SA 4.0,UMLS via SIDER 4.1,http://identifiers.org/umls/C0242379
C0235620,Haemorrhage urinary tract,CC BY-NC-SA 4.0,UMLS via SIDER 4.1,http://identifiers.org/umls/C0235620
C0233467,Inappropriate affect,CC BY-NC-SA 4.0,UMLS via SIDER 4.1,http://identifiers.org/umls/C0233467
C0036749,Serositis,CC BY-NC-SA 4.0,UMLS via SIDER 4.1,http://identifiers.org/umls/C0036749
C0221717,Contact lens intolerance,CC BY-NC-SA 4.0,UMLS via SIDER 4.1,http://identifiers.org/umls/C0221717
C0242584,Autoimmune thrombocytopenia,CC BY-NC-SA 4.0,UMLS via SIDER 4.1,http://identifiers.org/umls/C0242584
C0001969,Alcohol intoxication,CC BY-NC-SA 4.0,UMLS via SIDER 4.1,http://identifiers.org/umls/C0001969
C0520573,Buffalo hump,CC BY-NC-SA 4.0,UMLS via SIDER 4.1,http://identifiers.org/umls/C0520573
C0235467,Angina pectoris aggravated,CC BY-NC-SA 4.0,UMLS via SIDER 4.1,http://identifiers.org/umls/C0235467
C1263855,Lumbar radiculopathy,CC BY-NC-SA 4.0,UMLS via SIDER 4.1,http://identifiers.org/umls/C1263855
C0024225,Lymphangitis,CC BY-NC-SA 4.0,UMLS via SIDER 4.1,http://identifiers.org/umls/C0024225
C0234144,Dysgraphia,CC BY-NC-SA 4.0,UMLS via SIDER 4.1,http://identifiers.org/umls/C0234144
C0006152,Breast swelling,CC BY-NC-SA 4.0,UMLS via SIDER 4.1,http://identifiers.org/umls/C0006152
C1153706,Endometrial adenocarcinoma,CC BY-NC-SA 4.0,UMLS via SIDER 4.1,http://identifiers.org/umls/C1153706
C0003507,Aortic valve stenosis,CC BY-NC-SA 4.0,UMLS via SIDER 4.1,http://identifiers.org/umls/C0003507
C0042847,Vitamin B12 deficiency,CC BY-NC-SA 4.0,UMLS via SIDER 4.1,http://identifiers.org/umls/C0042847
C0235957,Muscle necrosis,CC BY-NC-SA 4.0,UMLS via SIDER 4.1,http://identifiers.org/umls/C0235957
C0152964,Streptococcal sepsis,CC BY-NC-SA 4.0,UMLS via SIDER 4.1,http://identifiers.org/umls/C0152964
C0520821,Pleurothotonus,CC BY-NC-SA 4.0,UMLS via SIDER 4.1,http://identifiers.org/umls/C0520821
C0030569,Secondary parkinsonism,CC BY-NC-SA 4.0,UMLS via SIDER 4.1,http://identifiers.org/umls/C0030569
C1536146,Eyelash darkening,CC BY-NC-SA 4.0,UMLS via SIDER 4.1,http://identifiers.org/umls/C1536146
C0085593,Chills,CC BY-NC-SA 4.0,UMLS via SIDER 4.1,http://identifiers.org/umls/C0085593
C0948294,Eyelid margin crusting,CC BY-NC-SA 4.0,UMLS via SIDER 4.1,http://identifiers.org/umls/C0948294
C0581164,Digoxin level increased,CC BY-NC-SA 4.0,UMLS via SIDER 4.1,http://identifiers.org/umls/C0581164
C1608950,Device dislocation,CC BY-NC-SA 4.0,UMLS via SIDER 4.1,http://identifiers.org/umls/C1608950
C0006287,Bronchopulmonary dysplasia,CC BY-NC-SA 4.0,UMLS via SIDER 4.1,http://identifiers.org/umls/C0006287
C0233519,Suspiciousness,CC BY-NC-SA 4.0,UMLS via SIDER 4.1,http://identifiers.org/umls/C0233519
C0042880,Vitamin K deficiency,CC BY-NC-SA 4.0,UMLS via SIDER 4.1,http://identifiers.org/umls/C0042880
C0002390,Alveolitis allergic,CC BY-NC-SA 4.0,UMLS via SIDER 4.1,http://identifiers.org/umls/C0002390
C1142011,Orchitis noninfective,CC BY-NC-SA 4.0,UMLS via SIDER 4.1,http://identifiers.org/umls/C1142011
C1863751,Wound healing normal,CC BY-NC-SA 4.0,UMLS via SIDER 4.1,http://identifiers.org/umls/C1863751
C0031099,Periodontitis,CC BY-NC-SA 4.0,UMLS via SIDER 4.1,http://identifiers.org/umls/C0031099
C0343387,Neutropenic enterocolitis,CC BY-NC-SA 4.0,UMLS via SIDER 4.1,http://identifiers.org/umls/C0343387
C0857175,Postinfarction,CC BY-NC-SA 4.0,UMLS via SIDER 4.1,http://identifiers.org/umls/C0857175
C2937350,Abnormal ejaculation,CC BY-NC-SA 4.0,UMLS via SIDER 4.1,http://identifiers.org/umls/C2937350
C0521496,Application site infection,CC BY-NC-SA 4.0,UMLS via SIDER 4.1,http://identifiers.org/umls/C0521496
C0410740,Finger deformity,CC BY-NC-SA 4.0,UMLS via SIDER 4.1,http://identifiers.org/umls/C0410740
C1735368,Acute dystonia,CC BY-NC-SA 4.0,UMLS via SIDER 4.1,http://identifiers.org/umls/C1735368
C0151510,Adrenal cortex atrophy,CC BY-NC-SA 4.0,UMLS via SIDER 4.1,http://identifiers.org/umls/C0151510
C0022667,Renal papillary necrosis,CC BY-NC-SA 4.0,UMLS via SIDER 4.1,http://identifiers.org/umls/C0022667
C0079773,Cutaneous T-cell lymphoma,CC BY-NC-SA 4.0,UMLS via SIDER 4.1,http://identifiers.org/umls/C0079773
C0020624,Hypomenorrhoea,CC BY-NC-SA 4.0,UMLS via SIDER 4.1,http://identifiers.org/umls/C0020624
C0541923,Lip oedema,CC BY-NC-SA 4.0,UMLS via SIDER 4.1,http://identifiers.org/umls/C0541923
C0018418,Gynaecomastia,CC BY-NC-SA 4.0,UMLS via SIDER 4.1,http://identifiers.org/umls/C0018418
C0221758,Stiff back,CC BY-NC-SA 4.0,UMLS via SIDER 4.1,http://identifiers.org/umls/C0221758
C0151595,Digitalis intoxication (NOS),CC BY-NC-SA 4.0,UMLS via SIDER 4.1,http://identifiers.org/umls/C0151595
C0861111,Cardioactive drug level increased,CC BY-NC-SA 4.0,UMLS via SIDER 4.1,http://identifiers.org/umls/C0861111
C0521839,Influenza like illness,CC BY-NC-SA 4.0,UMLS via SIDER 4.1,http://identifiers.org/umls/C0521839
C0234047,Ejaculation delayed,CC BY-NC-SA 4.0,UMLS via SIDER 4.1,http://identifiers.org/umls/C0234047
C0920103,Haematotoxicity,CC BY-NC-SA 4.0,UMLS via SIDER 4.1,http://identifiers.org/umls/C0920103
C0043349,Xerophthalmia,CC BY-NC-SA 4.0,UMLS via SIDER 4.1,http://identifiers.org/umls/C0043349
C1442903,Exostosis,CC BY-NC-SA 4.0,UMLS via SIDER 4.1,http://identifiers.org/umls/C1442903
C0877203,Respiratory tract infection viral,CC BY-NC-SA 4.0,UMLS via SIDER 4.1,http://identifiers.org/umls/C0877203
C0004134,Ataxia,CC BY-NC-SA 4.0,UMLS via SIDER 4.1,http://identifiers.org/umls/C0004134
C0854107,Haemorrhage subcutaneous,CC BY-NC-SA 4.0,UMLS via SIDER 4.1,http://identifiers.org/umls/C0854107
C0013182,Drug hypersensitivity,CC BY-NC-SA 4.0,UMLS via SIDER 4.1,http://identifiers.org/umls/C0013182
C2004491,Scar,CC BY-NC-SA 4.0,UMLS via SIDER 4.1,http://identifiers.org/umls/C2004491
C1279296,Chronic leukaemia,CC BY-NC-SA 4.0,UMLS via SIDER 4.1,http://identifiers.org/umls/C1279296
C0595929,Cholesterol serum elevated,CC BY-NC-SA 4.0,UMLS via SIDER 4.1,http://identifiers.org/umls/C0595929
C0014866,Oesophageal stenosis,CC BY-NC-SA 4.0,UMLS via SIDER 4.1,http://identifiers.org/umls/C0014866
C0456511,Sleep paralysis,CC BY-NC-SA 4.0,UMLS via SIDER 4.1,http://identifiers.org/umls/C0456511
C0855333,Electrocardiogram QT corrected interval prolonged,CC BY-NC-SA 4.0,UMLS via SIDER 4.1,http://identifiers.org/umls/C0855333
C0030319,Panic disorder,CC BY-NC-SA 4.0,UMLS via SIDER 4.1,http://identifiers.org/umls/C0030319
C0853813,Local reaction,CC BY-NC-SA 4.0,UMLS via SIDER 4.1,http://identifiers.org/umls/C0853813
C0020312,Hydrothorax,CC BY-NC-SA 4.0,UMLS via SIDER 4.1,http://identifiers.org/umls/C0020312
C0026858,Musculoskeletal pain,CC BY-NC-SA 4.0,UMLS via SIDER 4.1,http://identifiers.org/umls/C0026858
C0031133,Vermiculation,CC BY-NC-SA 4.0,UMLS via SIDER 4.1,http://identifiers.org/umls/C0031133
C0345326,Phimosis,CC BY-NC-SA 4.0,UMLS via SIDER 4.1,http://identifiers.org/umls/C0345326
C0852911,Blood alkaline phosphatase increased,CC BY-NC-SA 4.0,UMLS via SIDER 4.1,http://identifiers.org/umls/C0852911
C0748055,Psychiatric decompensation,CC BY-NC-SA 4.0,UMLS via SIDER 4.1,http://identifiers.org/umls/C0748055
C0038463,Strongyloidiasis,CC BY-NC-SA 4.0,UMLS via SIDER 4.1,http://identifiers.org/umls/C0038463
C0677660,Emotional problems,CC BY-NC-SA 4.0,UMLS via SIDER 4.1,http://identifiers.org/umls/C0677660
C1142160,Application site discolouration,CC BY-NC-SA 4.0,UMLS via SIDER 4.1,http://identifiers.org/umls/C1142160
C0031036,Polyarteritis nodosa,CC BY-NC-SA 4.0,UMLS via SIDER 4.1,http://identifiers.org/umls/C0031036
C0853225,International normalised ratio increased,CC BY-NC-SA 4.0,UMLS via SIDER 4.1,http://identifiers.org/umls/C0853225
C0034152,Henoch-Schonlein purpura,CC BY-NC-SA 4.0,UMLS via SIDER 4.1,http://identifiers.org/umls/C0034152
C0272386,Tonsillar hypertrophy,CC BY-NC-SA 4.0,UMLS via SIDER 4.1,http://identifiers.org/umls/C0272386
C1868752,Procedural nausea,CC BY-NC-SA 4.0,UMLS via SIDER 4.1,http://identifiers.org/umls/C1868752
C0020039,Hostility,CC BY-NC-SA 4.0,UMLS via SIDER 4.1,http://identifiers.org/umls/C0020039
C0008449,Chondrodystrophy,CC BY-NC-SA 4.0,UMLS via SIDER 4.1,http://identifiers.org/umls/C0008449
C0011848,Diabetes insipidus,CC BY-NC-SA 4.0,UMLS via SIDER 4.1,http://identifiers.org/umls/C0011848
C0019521,Hiccups,CC BY-NC-SA 4.0,UMLS via SIDER 4.1,http://identifiers.org/umls/C0019521
C1704436,Peripheral arterial disease,CC BY-NC-SA 4.0,UMLS via SIDER 4.1,http://identifiers.org/umls/C1704436
C0241705,Strangury,CC BY-NC-SA 4.0,UMLS via SIDER 4.1,http://identifiers.org/umls/C0241705
C0042165,Anterior uveitis,CC BY-NC-SA 4.0,UMLS via SIDER 4.1,http://identifiers.org/umls/C0042165
C0239026,Chest X-ray normal,CC BY-NC-SA 4.0,UMLS via SIDER 4.1,http://identifiers.org/umls/C0239026
C0863113,Hypotension symptomatic,CC BY-NC-SA 4.0,UMLS via SIDER 4.1,http://identifiers.org/umls/C0863113
C0278079,Dependence psychological,CC BY-NC-SA 4.0,UMLS via SIDER 4.1,http://identifiers.org/umls/C0278079
C0005818,Platelet disorder,CC BY-NC-SA 4.0,UMLS via SIDER 4.1,http://identifiers.org/umls/C0005818
C0860493,Refractory hypertension,CC BY-NC-SA 4.0,UMLS via SIDER 4.1,http://identifiers.org/umls/C0860493
C0877717,Burning mouth,CC BY-NC-SA 4.0,UMLS via SIDER 4.1,http://identifiers.org/umls/C0877717
C0854388,Caustic injury,CC BY-NC-SA 4.0,UMLS via SIDER 4.1,http://identifiers.org/umls/C0854388
C0740481,Hypotension asymptomatic,CC BY-NC-SA 4.0,UMLS via SIDER 4.1,http://identifiers.org/umls/C0740481
C0877048,Oral fungal infection,CC BY-NC-SA 4.0,UMLS via SIDER 4.1,http://identifiers.org/umls/C0877048
C0236663,Alcohol withdrawal syndrome,CC BY-NC-SA 4.0,UMLS via SIDER 4.1,http://identifiers.org/umls/C0236663
C1455780,Aortic valve sclerosis,CC BY-NC-SA 4.0,UMLS via SIDER 4.1,http://identifiers.org/umls/C1455780
C0391996,Hepatic atrophy,CC BY-NC-SA 4.0,UMLS via SIDER 4.1,http://identifiers.org/umls/C0391996
C0851883,Neisseria infection,CC BY-NC-SA 4.0,UMLS via SIDER 4.1,http://identifiers.org/umls/C0851883
C0016579,Formication,CC BY-NC-SA 4.0,UMLS via SIDER 4.1,http://identifiers.org/umls/C0016579
C0013295,Duodenal ulcer,CC BY-NC-SA 4.0,UMLS via SIDER 4.1,http://identifiers.org/umls/C0013295
C0856152,Buccal mucosal roughening,CC BY-NC-SA 4.0,UMLS via SIDER 4.1,http://identifiers.org/umls/C0856152
C0332601,Cushingoid,CC BY-NC-SA 4.0,UMLS via SIDER 4.1,http://identifiers.org/umls/C0332601
C0151491,Congenital musculoskeletal anomaly,CC BY-NC-SA 4.0,UMLS via SIDER 4.1,http://identifiers.org/umls/C0151491
C0273115,Traumatic lung injury,CC BY-NC-SA 4.0,UMLS via SIDER 4.1,http://identifiers.org/umls/C0273115
C0948179,Postoperative constipation,CC BY-NC-SA 4.0,UMLS via SIDER 4.1,http://identifiers.org/umls/C0948179
C0220981,Metabolic acidosis,CC BY-NC-SA 4.0,UMLS via SIDER 4.1,http://identifiers.org/umls/C0220981
C0034882,Rectal disorder,CC BY-NC-SA 4.0,UMLS via SIDER 4.1,http://identifiers.org/umls/C0034882
C2242574,Compulsive sexual behaviour,CC BY-NC-SA 4.0,UMLS via SIDER 4.1,http://identifiers.org/umls/C2242574
C0235266,Eye irritation,CC BY-NC-SA 4.0,UMLS via SIDER 4.1,http://identifiers.org/umls/C0235266
C0239833,Hand pain,CC BY-NC-SA 4.0,UMLS via SIDER 4.1,http://identifiers.org/umls/C0239833
C0853700,Application site erythema,CC BY-NC-SA 4.0,UMLS via SIDER 4.1,http://identifiers.org/umls/C0853700
C0156543,Abortion,CC BY-NC-SA 4.0,UMLS via SIDER 4.1,http://identifiers.org/umls/C0156543
C0853087,Nail abnormality NOS,CC BY-NC-SA 4.0,UMLS via SIDER 4.1,http://identifiers.org/umls/C0853087
C0235551,Laryngotracheal oedema,CC BY-NC-SA 4.0,UMLS via SIDER 4.1,http://identifiers.org/umls/C0235551
C0018134,Graft versus host reaction,CC BY-NC-SA 4.0,UMLS via SIDER 4.1,http://identifiers.org/umls/C0018134
C0595930,Blood cholesterol increased,CC BY-NC-SA 4.0,UMLS via SIDER 4.1,http://identifiers.org/umls/C0595930
C0575090,Balance disorder,CC BY-NC-SA 4.0,UMLS via SIDER 4.1,http://identifiers.org/umls/C0575090
C0239935,Haematocrit increased,CC BY-NC-SA 4.0,UMLS via SIDER 4.1,http://identifiers.org/umls/C0239935
C0281913,Muscle swelling,CC BY-NC-SA 4.0,UMLS via SIDER 4.1,http://identifiers.org/umls/C0281913
C0677483,Carcinoma testes,CC BY-NC-SA 4.0,UMLS via SIDER 4.1,http://identifiers.org/umls/C0677483
C1868730,Genital discomfort,CC BY-NC-SA 4.0,UMLS via SIDER 4.1,http://identifiers.org/umls/C1868730
C0857183,Pre-menstrual tension syndrome,CC BY-NC-SA 4.0,UMLS via SIDER 4.1,http://identifiers.org/umls/C0857183
C0235475,Electrocardiogram QRS complex prolonged,CC BY-NC-SA 4.0,UMLS via SIDER 4.1,http://identifiers.org/umls/C0235475
C0007131,Non-small cell lung cancer,CC BY-NC-SA 4.0,UMLS via SIDER 4.1,http://identifiers.org/umls/C0007131
C0149793,Amaurosis fugax,CC BY-NC-SA 4.0,UMLS via SIDER 4.1,http://identifiers.org/umls/C0149793
C0030326,Panniculitis,CC BY-NC-SA 4.0,UMLS via SIDER 4.1,http://identifiers.org/umls/C0030326
C0234632,Visual acuity reduced,CC BY-NC-SA 4.0,UMLS via SIDER 4.1,http://identifiers.org/umls/C0234632
C0275378,Tobacco poisoning,CC BY-NC-SA 4.0,UMLS via SIDER 4.1,http://identifiers.org/umls/C0275378
C0521506,Injection site paraesthesia,CC BY-NC-SA 4.0,UMLS via SIDER 4.1,http://identifiers.org/umls/C0521506
C0162429,Malnutrition,CC BY-NC-SA 4.0,UMLS via SIDER 4.1,http://identifiers.org/umls/C0162429
C0023484,Plasma cell leukaemia,CC BY-NC-SA 4.0,UMLS via SIDER 4.1,http://identifiers.org/umls/C0023484
C2945558,Vulvovaginitis trichomonal,CC BY-NC-SA 4.0,UMLS via SIDER 4.1,http://identifiers.org/umls/C2945558
C0264383,Organising pneumonia,CC BY-NC-SA 4.0,UMLS via SIDER 4.1,http://identifiers.org/umls/C0264383
C1260926,Abnormal pigmentation,CC BY-NC-SA 4.0,UMLS via SIDER 4.1,http://identifiers.org/umls/C1260926
C3495832,Rheumatic disorder,CC BY-NC-SA 4.0,UMLS via SIDER 4.1,http://identifiers.org/umls/C3495832
C0270823,"Petit mal status, epileptic",CC BY-NC-SA 4.0,UMLS via SIDER 4.1,http://identifiers.org/umls/C0270823
C1542178,Lower limb fracture,CC BY-NC-SA 4.0,UMLS via SIDER 4.1,http://identifiers.org/umls/C1542178
C0002418,Amblyopia,CC BY-NC-SA 4.0,UMLS via SIDER 4.1,http://identifiers.org/umls/C0002418
C0269596,Haemorrhage in pregnancy,CC BY-NC-SA 4.0,UMLS via SIDER 4.1,http://identifiers.org/umls/C0269596
C0234022,Anorgasmia,CC BY-NC-SA 4.0,UMLS via SIDER 4.1,http://identifiers.org/umls/C0234022
C0740804,Adnexal torsion,CC BY-NC-SA 4.0,UMLS via SIDER 4.1,http://identifiers.org/umls/C0740804
C3665624,Blood calcium decreased,CC BY-NC-SA 4.0,UMLS via SIDER 4.1,http://identifiers.org/umls/C3665624
C0040213,Costochondritis,CC BY-NC-SA 4.0,UMLS via SIDER 4.1,http://identifiers.org/umls/C0040213
C0426584,Appetite exaggerated,CC BY-NC-SA 4.0,UMLS via SIDER 4.1,http://identifiers.org/umls/C0426584
C0151773,Bone marrow depression,CC BY-NC-SA 4.0,UMLS via SIDER 4.1,http://identifiers.org/umls/C0151773
C2930821,Keratitis sicca,CC BY-NC-SA 4.0,UMLS via SIDER 4.1,http://identifiers.org/umls/C2930821
C0860988,Phosphate increased,CC BY-NC-SA 4.0,UMLS via SIDER 4.1,http://identifiers.org/umls/C0860988
C0026848,Myopathy,CC BY-NC-SA 4.0,UMLS via SIDER 4.1,http://identifiers.org/umls/C0026848
C0022906,Lacrimal duct obstruction,CC BY-NC-SA 4.0,UMLS via SIDER 4.1,http://identifiers.org/umls/C0022906
C0028841,Hypotony of eye,CC BY-NC-SA 4.0,UMLS via SIDER 4.1,http://identifiers.org/umls/C0028841
C0085669,Acute leukaemia,CC BY-NC-SA 4.0,UMLS via SIDER 4.1,http://identifiers.org/umls/C0085669
C1504561,Hypophagia,CC BY-NC-SA 4.0,UMLS via SIDER 4.1,http://identifiers.org/umls/C1504561
C0151190,Palpable purpura,CC BY-NC-SA 4.0,UMLS via SIDER 4.1,http://identifiers.org/umls/C0151190
C0016927,Gagging,CC BY-NC-SA 4.0,UMLS via SIDER 4.1,http://identifiers.org/umls/C0016927
C0042755,Virilism,CC BY-NC-SA 4.0,UMLS via SIDER 4.1,http://identifiers.org/umls/C0042755
C0425591,Dropped beats,CC BY-NC-SA 4.0,UMLS via SIDER 4.1,http://identifiers.org/umls/C0425591
C0700613,Anxiety state,CC BY-NC-SA 4.0,UMLS via SIDER 4.1,http://identifiers.org/umls/C0700613
C0011649,Dermoid cyst,CC BY-NC-SA 4.0,UMLS via SIDER 4.1,http://identifiers.org/umls/C0011649
C0392163,Corneal erosion,CC BY-NC-SA 4.0,UMLS via SIDER 4.1,http://identifiers.org/umls/C0392163
C0151526,Premature delivery,CC BY-NC-SA 4.0,UMLS via SIDER 4.1,http://identifiers.org/umls/C0151526
C0235876,Depression aggravated,CC BY-NC-SA 4.0,UMLS via SIDER 4.1,http://identifiers.org/umls/C0235876
C0028432,Nasal disorder,CC BY-NC-SA 4.0,UMLS via SIDER 4.1,http://identifiers.org/umls/C0028432
C0020514,Hyperprolactinaemia,CC BY-NC-SA 4.0,UMLS via SIDER 4.1,http://identifiers.org/umls/C0020514
C0751674,Lymphangioleiomyomatosis,CC BY-NC-SA 4.0,UMLS via SIDER 4.1,http://identifiers.org/umls/C0751674
C0240211,Lip swelling,CC BY-NC-SA 4.0,UMLS via SIDER 4.1,http://identifiers.org/umls/C0240211
C0233657,Flight of ideas,CC BY-NC-SA 4.0,UMLS via SIDER 4.1,http://identifiers.org/umls/C0233657
C0234925,Oily skin,CC BY-NC-SA 4.0,UMLS via SIDER 4.1,http://identifiers.org/umls/C0234925
C0522165,Feeling of relaxation,CC BY-NC-SA 4.0,UMLS via SIDER 4.1,http://identifiers.org/umls/C0522165
C0015402,Eye haemorrhage,CC BY-NC-SA 4.0,UMLS via SIDER 4.1,http://identifiers.org/umls/C0015402
C0860805,Urine ketone body present,CC BY-NC-SA 4.0,UMLS via SIDER 4.1,http://identifiers.org/umls/C0860805
C0018128,Vascular graft occlusion,CC BY-NC-SA 4.0,UMLS via SIDER 4.1,http://identifiers.org/umls/C0018128
C1504419,Pelvic haemorrhage,CC BY-NC-SA 4.0,UMLS via SIDER 4.1,http://identifiers.org/umls/C1504419
C3495700,Atypical fracture,CC BY-NC-SA 4.0,UMLS via SIDER 4.1,http://identifiers.org/umls/C3495700
C0016689,Ephelides,CC BY-NC-SA 4.0,UMLS via SIDER 4.1,http://identifiers.org/umls/C0016689
C1956089,Bone spur,CC BY-NC-SA 4.0,UMLS via SIDER 4.1,http://identifiers.org/umls/C1956089
C1142158,Hepatic vein occlusion,CC BY-NC-SA 4.0,UMLS via SIDER 4.1,http://identifiers.org/umls/C1142158
C0740409,Psychotic behaviour,CC BY-NC-SA 4.0,UMLS via SIDER 4.1,http://identifiers.org/umls/C0740409
C0857980,Serum prolactin increased,CC BY-NC-SA 4.0,UMLS via SIDER 4.1,http://identifiers.org/umls/C0857980
C0751265,Learning disability,CC BY-NC-SA 4.0,UMLS via SIDER 4.1,http://identifiers.org/umls/C0751265
C0032461,Polycythaemia,CC BY-NC-SA 4.0,UMLS via SIDER 4.1,http://identifiers.org/umls/C0032461
C2004487,Vaginismus,CC BY-NC-SA 4.0,UMLS via SIDER 4.1,http://identifiers.org/umls/C2004487
C0234936,Application site oedema,CC BY-NC-SA 4.0,UMLS via SIDER 4.1,http://identifiers.org/umls/C0234936
C0853711,Sperm count decreased,CC BY-NC-SA 4.0,UMLS via SIDER 4.1,http://identifiers.org/umls/C0853711
C0740457,Renal cancer,CC BY-NC-SA 4.0,UMLS via SIDER 4.1,http://identifiers.org/umls/C0740457
C0425492,Respiration irregularity,CC BY-NC-SA 4.0,UMLS via SIDER 4.1,http://identifiers.org/umls/C0425492
C0239571,Foetor hepaticus,CC BY-NC-SA 4.0,UMLS via SIDER 4.1,http://identifiers.org/umls/C0239571
C0235490,Peripheral ischaemia,CC BY-NC-SA 4.0,UMLS via SIDER 4.1,http://identifiers.org/umls/C0235490
C0239819,Edema hands,CC BY-NC-SA 4.0,UMLS via SIDER 4.1,http://identifiers.org/umls/C0239819
C0153618,Malignant neoplasm of renal pelvis,CC BY-NC-SA 4.0,UMLS via SIDER 4.1,http://identifiers.org/umls/C0153618
C0022656,Renal cortical necrosis,CC BY-NC-SA 4.0,UMLS via SIDER 4.1,http://identifiers.org/umls/C0022656
C0017565,Gingival bleeding,CC BY-NC-SA 4.0,UMLS via SIDER 4.1,http://identifiers.org/umls/C0017565
C0233697,Obsessive rumination,CC BY-NC-SA 4.0,UMLS via SIDER 4.1,http://identifiers.org/umls/C0233697
C0220994,Hyperammonaemia,CC BY-NC-SA 4.0,UMLS via SIDER 4.1,http://identifiers.org/umls/C0220994
C0240897,Retinal exudates,CC BY-NC-SA 4.0,UMLS via SIDER 4.1,http://identifiers.org/umls/C0240897
C1325847,Sensitisation,CC BY-NC-SA 4.0,UMLS via SIDER 4.1,http://identifiers.org/umls/C1325847
C0700184,Throat irritation,CC BY-NC-SA 4.0,UMLS via SIDER 4.1,http://identifiers.org/umls/C0700184
C0520463,Hepatitis chronic active,CC BY-NC-SA 4.0,UMLS via SIDER 4.1,http://identifiers.org/umls/C0520463
C0234922,Rash scaly,CC BY-NC-SA 4.0,UMLS via SIDER 4.1,http://identifiers.org/umls/C0234922
C0311468,Blood bilirubin increased,CC BY-NC-SA 4.0,UMLS via SIDER 4.1,http://identifiers.org/umls/C0311468
C0241442,Protrusion tongue,CC BY-NC-SA 4.0,UMLS via SIDER 4.1,http://identifiers.org/umls/C0241442
C0025274,Menarche,CC BY-NC-SA 4.0,UMLS via SIDER 4.1,http://identifiers.org/umls/C0025274
C0521616,Pseudoporphyria,CC BY-NC-SA 4.0,UMLS via SIDER 4.1,http://identifiers.org/umls/C0521616
C0877617,Intestinal cramps,CC BY-NC-SA 4.0,UMLS via SIDER 4.1,http://identifiers.org/umls/C0877617
C0232409,Hair growth abnormal,CC BY-NC-SA 4.0,UMLS via SIDER 4.1,http://identifiers.org/umls/C0232409
C0231530,Muscle twitching,CC BY-NC-SA 4.0,UMLS via SIDER 4.1,http://identifiers.org/umls/C0231530
C1740793,Post-tussive vomiting,CC BY-NC-SA 4.0,UMLS via SIDER 4.1,http://identifiers.org/umls/C1740793
C0151639,Fertility female decreased,CC BY-NC-SA 4.0,UMLS via SIDER 4.1,http://identifiers.org/umls/C0151639
C0032227,Pleural effusion,CC BY-NC-SA 4.0,UMLS via SIDER 4.1,http://identifiers.org/umls/C0032227
C0002888,Anaemia megaloblastic,CC BY-NC-SA 4.0,UMLS via SIDER 4.1,http://identifiers.org/umls/C0002888
C0005758,Blister,CC BY-NC-SA 4.0,UMLS via SIDER 4.1,http://identifiers.org/umls/C0005758
C0149523,Acute cystitis,CC BY-NC-SA 4.0,UMLS via SIDER 4.1,http://identifiers.org/umls/C0149523
C1142499,Gastrointestinal toxicity,CC BY-NC-SA 4.0,UMLS via SIDER 4.1,http://identifiers.org/umls/C1142499
C0151571,Corneal lesion,CC BY-NC-SA 4.0,UMLS via SIDER 4.1,http://identifiers.org/umls/C0151571
C0276908,Pneumocystis jirovecii infection,CC BY-NC-SA 4.0,UMLS via SIDER 4.1,http://identifiers.org/umls/C0276908
C0028738,Nystagmus,CC BY-NC-SA 4.0,UMLS via SIDER 4.1,http://identifiers.org/umls/C0028738
C0039437,Teething,CC BY-NC-SA 4.0,UMLS via SIDER 4.1,http://identifiers.org/umls/C0039437
C0858520,Serum gastrin increased,CC BY-NC-SA 4.0,UMLS via SIDER 4.1,http://identifiers.org/umls/C0858520
C0042994,Vulval disorder,CC BY-NC-SA 4.0,UMLS via SIDER 4.1,http://identifiers.org/umls/C0042994
C0040262,Tinea versicolour,CC BY-NC-SA 4.0,UMLS via SIDER 4.1,http://identifiers.org/umls/C0040262
C0221785,Ache wrists,CC BY-NC-SA 4.0,UMLS via SIDER 4.1,http://identifiers.org/umls/C0221785
C0392160,Application site atrophy,CC BY-NC-SA 4.0,UMLS via SIDER 4.1,http://identifiers.org/umls/C0392160
C0235198,Cerebration impaired,CC BY-NC-SA 4.0,UMLS via SIDER 4.1,http://identifiers.org/umls/C0235198
C0867389,Chronic graft versus host disease,CC BY-NC-SA 4.0,UMLS via SIDER 4.1,http://identifiers.org/umls/C0867389
C0001396,Adams-Stokes syndrome,CC BY-NC-SA 4.0,UMLS via SIDER 4.1,http://identifiers.org/umls/C0001396
C0852970,Dacryoadenitis acquired,CC BY-NC-SA 4.0,UMLS via SIDER 4.1,http://identifiers.org/umls/C0852970
C0021290,Neonatal disorder,CC BY-NC-SA 4.0,UMLS via SIDER 4.1,http://identifiers.org/umls/C0021290
C0010308,Congenital hypothyroidism,CC BY-NC-SA 4.0,UMLS via SIDER 4.1,http://identifiers.org/umls/C0010308
C0398625,Protein C deficiency,CC BY-NC-SA 4.0,UMLS via SIDER 4.1,http://identifiers.org/umls/C0398625
C1168175,Incision site haematoma,CC BY-NC-SA 4.0,UMLS via SIDER 4.1,http://identifiers.org/umls/C1168175
C0085623,Akinesia,CC BY-NC-SA 4.0,UMLS via SIDER 4.1,http://identifiers.org/umls/C0085623
C0267509,Chronic idiopathic constipation,CC BY-NC-SA 4.0,UMLS via SIDER 4.1,http://identifiers.org/umls/C0267509
C0024523,Malabsorption,CC BY-NC-SA 4.0,UMLS via SIDER 4.1,http://identifiers.org/umls/C0024523
C0949070,Upper respiratory tract congestion,CC BY-NC-SA 4.0,UMLS via SIDER 4.1,http://identifiers.org/umls/C0949070
C0239549,Fat intolerance,CC BY-NC-SA 4.0,UMLS via SIDER 4.1,http://identifiers.org/umls/C0239549
C0264909,Defect conduction intraventricular,CC BY-NC-SA 4.0,UMLS via SIDER 4.1,http://identifiers.org/umls/C0264909
C0750194,Non-sustained ventricular tachycardia,CC BY-NC-SA 4.0,UMLS via SIDER 4.1,http://identifiers.org/umls/C0750194
C0751436,Tetrahydrobiopterin deficiency,CC BY-NC-SA 4.0,UMLS via SIDER 4.1,http://identifiers.org/umls/C0751436
C0853857,Cellulitis staphylococcal,CC BY-NC-SA 4.0,UMLS via SIDER 4.1,http://identifiers.org/umls/C0853857
C0859350,Serum transaminase increased,CC BY-NC-SA 4.0,UMLS via SIDER 4.1,http://identifiers.org/umls/C0859350
C0553732,Prothrombin level decreased,CC BY-NC-SA 4.0,UMLS via SIDER 4.1,http://identifiers.org/umls/C0553732
C1269955,Tumour invasion,CC BY-NC-SA 4.0,UMLS via SIDER 4.1,http://identifiers.org/umls/C1269955
C0151786,Muscular weakness,CC BY-NC-SA 4.0,UMLS via SIDER 4.1,http://identifiers.org/umls/C0151786
C0026918,Mycobacterial infection,CC BY-NC-SA 4.0,UMLS via SIDER 4.1,http://identifiers.org/umls/C0026918
C1368107,Bone marrow aplastic,CC BY-NC-SA 4.0,UMLS via SIDER 4.1,http://identifiers.org/umls/C1368107
C1096343,Infusion site reaction,CC BY-NC-SA 4.0,UMLS via SIDER 4.1,http://identifiers.org/umls/C1096343
C1096082,Oesophageal discomfort,CC BY-NC-SA 4.0,UMLS via SIDER 4.1,http://identifiers.org/umls/C1096082
C0151683,Neutrophil count increased,CC BY-NC-SA 4.0,UMLS via SIDER 4.1,http://identifiers.org/umls/C0151683
C0009324,Colitis ulcerative,CC BY-NC-SA 4.0,UMLS via SIDER 4.1,http://identifiers.org/umls/C0009324
C0546343,Mucosal erosion,CC BY-NC-SA 4.0,UMLS via SIDER 4.1,http://identifiers.org/umls/C0546343
C0027609,Drug withdrawal syndrome neonatal,CC BY-NC-SA 4.0,UMLS via SIDER 4.1,http://identifiers.org/umls/C0027609
C0233571,Excitement,CC BY-NC-SA 4.0,UMLS via SIDER 4.1,http://identifiers.org/umls/C0233571
C0234162,Dysmetria,CC BY-NC-SA 4.0,UMLS via SIDER 4.1,http://identifiers.org/umls/C0234162
C0338656,Cognitive impairment,CC BY-NC-SA 4.0,UMLS via SIDER 4.1,http://identifiers.org/umls/C0338656
C0344431,Monomorphic ventricular tachycardia,CC BY-NC-SA 4.0,UMLS via SIDER 4.1,http://identifiers.org/umls/C0344431
C0520474,Aseptic necrosis of bone,CC BY-NC-SA 4.0,UMLS via SIDER 4.1,http://identifiers.org/umls/C0520474
C0239340,Edema of lower extremities,CC BY-NC-SA 4.0,UMLS via SIDER 4.1,http://identifiers.org/umls/C0239340
C1141959,ECG signs of myocardial ischaemia,CC BY-NC-SA 4.0,UMLS via SIDER 4.1,http://identifiers.org/umls/C1141959
C0403639,Chemical cystitis,CC BY-NC-SA 4.0,UMLS via SIDER 4.1,http://identifiers.org/umls/C0403639
C0002965,Angina unstable,CC BY-NC-SA 4.0,UMLS via SIDER 4.1,http://identifiers.org/umls/C0002965
C0025063,Mediastinum neoplasm,CC BY-NC-SA 4.0,UMLS via SIDER 4.1,http://identifiers.org/umls/C0025063
C0853753,Blood phosphate increased,CC BY-NC-SA 4.0,UMLS via SIDER 4.1,http://identifiers.org/umls/C0853753
C0919892,Blood pressure inadequately controlled,CC BY-NC-SA 4.0,UMLS via SIDER 4.1,http://identifiers.org/umls/C0919892
C0858249,Increased agitation,CC BY-NC-SA 4.0,UMLS via SIDER 4.1,http://identifiers.org/umls/C0858249
C0392618,Postoperative infection,CC BY-NC-SA 4.0,UMLS via SIDER 4.1,http://identifiers.org/umls/C0392618
C0018799,Cardiac disorder,CC BY-NC-SA 4.0,UMLS via SIDER 4.1,http://identifiers.org/umls/C0018799
C2607914,Rhinitis allergic,CC BY-NC-SA 4.0,UMLS via SIDER 4.1,http://identifiers.org/umls/C2607914
C0854425,Sputum discoloured,CC BY-NC-SA 4.0,UMLS via SIDER 4.1,http://identifiers.org/umls/C0854425
C0221100,Hangover,CC BY-NC-SA 4.0,UMLS via SIDER 4.1,http://identifiers.org/umls/C0221100
C0151281,Genital ulceration,CC BY-NC-SA 4.0,UMLS via SIDER 4.1,http://identifiers.org/umls/C0151281
C0027540,Necrosis,CC BY-NC-SA 4.0,UMLS via SIDER 4.1,http://identifiers.org/umls/C0027540
C0022572,Keratoacanthoma,CC BY-NC-SA 4.0,UMLS via SIDER 4.1,http://identifiers.org/umls/C0022572
C0018818,Ventricular septal defect,CC BY-NC-SA 4.0,UMLS via SIDER 4.1,http://identifiers.org/umls/C0018818
C0521158,Neoplasm recurrence,CC BY-NC-SA 4.0,UMLS via SIDER 4.1,http://identifiers.org/umls/C0521158
C0021061,Immunology test,CC BY-NC-SA 4.0,UMLS via SIDER 4.1,http://identifiers.org/umls/C0021061
C0748536,Scleral haemorrhage,CC BY-NC-SA 4.0,UMLS via SIDER 4.1,http://identifiers.org/umls/C0748536
C0034735,Raynaud's phenomenon,CC BY-NC-SA 4.0,UMLS via SIDER 4.1,http://identifiers.org/umls/C0034735
C0541760,Hepatic adenoma,CC BY-NC-SA 4.0,UMLS via SIDER 4.1,http://identifiers.org/umls/C0541760
C0403632,Cystitis noninfective,CC BY-NC-SA 4.0,UMLS via SIDER 4.1,http://identifiers.org/umls/C0403632
C1963818,Gastrointestinal sounds abnormal,CC BY-NC-SA 4.0,UMLS via SIDER 4.1,http://identifiers.org/umls/C1963818
C0150055,Chronic pain,CC BY-NC-SA 4.0,UMLS via SIDER 4.1,http://identifiers.org/umls/C0150055
C0029408,Osteoarthritis,CC BY-NC-SA 4.0,UMLS via SIDER 4.1,http://identifiers.org/umls/C0029408
C0040460,Toothache,CC BY-NC-SA 4.0,UMLS via SIDER 4.1,http://identifiers.org/umls/C0040460
C0026846,Muscle atrophy,CC BY-NC-SA 4.0,UMLS via SIDER 4.1,http://identifiers.org/umls/C0026846
C0234458,Abnormal dreams,CC BY-NC-SA 4.0,UMLS via SIDER 4.1,http://identifiers.org/umls/C0234458
C1527311,Brain oedema,CC BY-NC-SA 4.0,UMLS via SIDER 4.1,http://identifiers.org/umls/C1527311
C0853759,Blood potassium abnormal,CC BY-NC-SA 4.0,UMLS via SIDER 4.1,http://identifiers.org/umls/C0853759
C1443060,Feeling abnormal,CC BY-NC-SA 4.0,UMLS via SIDER 4.1,http://identifiers.org/umls/C1443060
C0237020,Dermoid cyst of ovary,CC BY-NC-SA 4.0,UMLS via SIDER 4.1,http://identifiers.org/umls/C0237020
C1456822,Claudication,CC BY-NC-SA 4.0,UMLS via SIDER 4.1,http://identifiers.org/umls/C1456822
C0748023,Bacterial prostatitis,CC BY-NC-SA 4.0,UMLS via SIDER 4.1,http://identifiers.org/umls/C0748023
C2748362,Vulvovaginal erythema,CC BY-NC-SA 4.0,UMLS via SIDER 4.1,http://identifiers.org/umls/C2748362
C1736172,Acute cytolytic hepatitis,CC BY-NC-SA 4.0,UMLS via SIDER 4.1,http://identifiers.org/umls/C1736172
C2938970,Penile curvature,CC BY-NC-SA 4.0,UMLS via SIDER 4.1,http://identifiers.org/umls/C2938970
C0221185,Xanthopsia,CC BY-NC-SA 4.0,UMLS via SIDER 4.1,http://identifiers.org/umls/C0221185
C0024440,Cystoid macular oedema,CC BY-NC-SA 4.0,UMLS via SIDER 4.1,http://identifiers.org/umls/C0024440
C0267821,Hepatic congestion,CC BY-NC-SA 4.0,UMLS via SIDER 4.1,http://identifiers.org/umls/C0267821
C0038999,Swelling,CC BY-NC-SA 4.0,UMLS via SIDER 4.1,http://identifiers.org/umls/C0038999
C0238425,Sickle cell anaemia with crisis,CC BY-NC-SA 4.0,UMLS via SIDER 4.1,http://identifiers.org/umls/C0238425
C0011168,Dysphagia,CC BY-NC-SA 4.0,UMLS via SIDER 4.1,http://identifiers.org/umls/C0011168
C0017650,Globus hystericus,CC BY-NC-SA 4.0,UMLS via SIDER 4.1,http://identifiers.org/umls/C0017650
C0151919,Bladder stenosis,CC BY-NC-SA 4.0,UMLS via SIDER 4.1,http://identifiers.org/umls/C0151919
C0522570,Inflammation localised,CC BY-NC-SA 4.0,UMLS via SIDER 4.1,http://identifiers.org/umls/C0522570
C1262168,Cholecystitis infective,CC BY-NC-SA 4.0,UMLS via SIDER 4.1,http://identifiers.org/umls/C1262168
C0277885,Blood pressure systolic decreased,CC BY-NC-SA 4.0,UMLS via SIDER 4.1,http://identifiers.org/umls/C0277885
C0221706,Road traffic accident,CC BY-NC-SA 4.0,UMLS via SIDER 4.1,http://identifiers.org/umls/C0221706
C3665770,Acquired lipoatrophic diabetes,CC BY-NC-SA 4.0,UMLS via SIDER 4.1,http://identifiers.org/umls/C3665770
C0877097,Application site vesicles,CC BY-NC-SA 4.0,UMLS via SIDER 4.1,http://identifiers.org/umls/C0877097
C0233558,Temper tantrum,CC BY-NC-SA 4.0,UMLS via SIDER 4.1,http://identifiers.org/umls/C0233558
C0853021,Blood oestrogen decreased,CC BY-NC-SA 4.0,UMLS via SIDER 4.1,http://identifiers.org/umls/C0853021
C0856054,Mental status changes,CC BY-NC-SA 4.0,UMLS via SIDER 4.1,http://identifiers.org/umls/C0856054
C0151995,Degeneration of uterine fibroid,CC BY-NC-SA 4.0,UMLS via SIDER 4.1,http://identifiers.org/umls/C0151995
C0040479,Torsade de pointes,CC BY-NC-SA 4.0,UMLS via SIDER 4.1,http://identifiers.org/umls/C0040479
C0854111,Blood triglycerides decreased,CC BY-NC-SA 4.0,UMLS via SIDER 4.1,http://identifiers.org/umls/C0854111
C0025061,Mediastinal disorder,CC BY-NC-SA 4.0,UMLS via SIDER 4.1,http://identifiers.org/umls/C0025061
C1112257,Oral pustule,CC BY-NC-SA 4.0,UMLS via SIDER 4.1,http://identifiers.org/umls/C1112257
C0001925,Albuminuria,CC BY-NC-SA 4.0,UMLS via SIDER 4.1,http://identifiers.org/umls/C0001925
C0521491,Application site pain,CC BY-NC-SA 4.0,UMLS via SIDER 4.1,http://identifiers.org/umls/C0521491
C0235960,Parkinsonism aggravated,CC BY-NC-SA 4.0,UMLS via SIDER 4.1,http://identifiers.org/umls/C0235960
C0435001,Ligament injury,CC BY-NC-SA 4.0,UMLS via SIDER 4.1,http://identifiers.org/umls/C0435001
C0008035,Chest wall pain,CC BY-NC-SA 4.0,UMLS via SIDER 4.1,http://identifiers.org/umls/C0008035
C0034069,Pulmonary fibrosis,CC BY-NC-SA 4.0,UMLS via SIDER 4.1,http://identifiers.org/umls/C0034069
C0860646,Morbid dreams,CC BY-NC-SA 4.0,UMLS via SIDER 4.1,http://identifiers.org/umls/C0860646
C0231874,Wheezing inspiratory,CC BY-NC-SA 4.0,UMLS via SIDER 4.1,http://identifiers.org/umls/C0231874
C0007780,Cerebral artery embolism,CC BY-NC-SA 4.0,UMLS via SIDER 4.1,http://identifiers.org/umls/C0007780
C0853123,Blood luteinising hormone increased,CC BY-NC-SA 4.0,UMLS via SIDER 4.1,http://identifiers.org/umls/C0853123
C0079924,Oligohydramnios,CC BY-NC-SA 4.0,UMLS via SIDER 4.1,http://identifiers.org/umls/C0079924
C0035078,Renal failure,CC BY-NC-SA 4.0,UMLS via SIDER 4.1,http://identifiers.org/umls/C0035078
C2004521,Anaemia vitamin B12 deficiency,CC BY-NC-SA 4.0,UMLS via SIDER 4.1,http://identifiers.org/umls/C2004521
C0235848,Skin cold clammy,CC BY-NC-SA 4.0,UMLS via SIDER 4.1,http://identifiers.org/umls/C0235848
C0268621,Hypermethioninaemia,CC BY-NC-SA 4.0,UMLS via SIDER 4.1,http://identifiers.org/umls/C0268621
C0262576,Nerve paralysis,CC BY-NC-SA 4.0,UMLS via SIDER 4.1,http://identifiers.org/umls/C0262576
C0857172,Persistent dry cough,CC BY-NC-SA 4.0,UMLS via SIDER 4.1,http://identifiers.org/umls/C0857172
C0221278,Anisocytosis,CC BY-NC-SA 4.0,UMLS via SIDER 4.1,http://identifiers.org/umls/C0221278
C1261473,Sarcoma,CC BY-NC-SA 4.0,UMLS via SIDER 4.1,http://identifiers.org/umls/C1261473
C1142068,Arcus lipoides,CC BY-NC-SA 4.0,UMLS via SIDER 4.1,http://identifiers.org/umls/C1142068
C0003892,Neuropathic arthropathy,CC BY-NC-SA 4.0,UMLS via SIDER 4.1,http://identifiers.org/umls/C0003892
C0311245,Congenital cystic kidney disease,CC BY-NC-SA 4.0,UMLS via SIDER 4.1,http://identifiers.org/umls/C0311245
C0020555,Hypertrichosis,CC BY-NC-SA 4.0,UMLS via SIDER 4.1,http://identifiers.org/umls/C0020555
C0854431,Injection site vesicles,CC BY-NC-SA 4.0,UMLS via SIDER 4.1,http://identifiers.org/umls/C0854431
C0235746,Saliva altered,CC BY-NC-SA 4.0,UMLS via SIDER 4.1,http://identifiers.org/umls/C0235746
C0030332,Panophthalmitis,CC BY-NC-SA 4.0,UMLS via SIDER 4.1,http://identifiers.org/umls/C0030332
C0236826,Expressive language disorder,CC BY-NC-SA 4.0,UMLS via SIDER 4.1,http://identifiers.org/umls/C0236826
C0151971,Intestinal ulcer,CC BY-NC-SA 4.0,UMLS via SIDER 4.1,http://identifiers.org/umls/C0151971
C0877325,Anal sphincter atony,CC BY-NC-SA 4.0,UMLS via SIDER 4.1,http://identifiers.org/umls/C0877325
C0522063,Impaired gastric emptying,CC BY-NC-SA 4.0,UMLS via SIDER 4.1,http://identifiers.org/umls/C0522063
C1112559,Pancreatitis due to biliary obstruction,CC BY-NC-SA 4.0,UMLS via SIDER 4.1,http://identifiers.org/umls/C1112559
C0018552,Hamartoma,CC BY-NC-SA 4.0,UMLS via SIDER 4.1,http://identifiers.org/umls/C0018552
C0521492,Application site ulcer,CC BY-NC-SA 4.0,UMLS via SIDER 4.1,http://identifiers.org/umls/C0521492
C0042420,Syncope vasovagal,CC BY-NC-SA 4.0,UMLS via SIDER 4.1,http://identifiers.org/umls/C0042420
C0037287,Skin nodule,CC BY-NC-SA 4.0,UMLS via SIDER 4.1,http://identifiers.org/umls/C0037287
C1698818,Photodamaged skin,CC BY-NC-SA 4.0,UMLS via SIDER 4.1,http://identifiers.org/umls/C1698818
C0262977,Skin depigmentation,CC BY-NC-SA 4.0,UMLS via SIDER 4.1,http://identifiers.org/umls/C0262977
C0012746,Dissociative disorder,CC BY-NC-SA 4.0,UMLS via SIDER 4.1,http://identifiers.org/umls/C0012746
C0151544,Gastrointestinal carcinoma,CC BY-NC-SA 4.0,UMLS via SIDER 4.1,http://identifiers.org/umls/C0151544
C2748540,Mucosal bleeding,CC BY-NC-SA 4.0,UMLS via SIDER 4.1,http://identifiers.org/umls/C2748540
C0005959,Marrow hyperplasia,CC BY-NC-SA 4.0,UMLS via SIDER 4.1,http://identifiers.org/umls/C0005959
C0016436,Folliculitis,CC BY-NC-SA 4.0,UMLS via SIDER 4.1,http://identifiers.org/umls/C0016436
C0340278,Atrial hypertrophy,CC BY-NC-SA 4.0,UMLS via SIDER 4.1,http://identifiers.org/umls/C0340278
C0235698,Abdominal distension gaseous,CC BY-NC-SA 4.0,UMLS via SIDER 4.1,http://identifiers.org/umls/C0235698
C0026266,Mitral valve incompetence,CC BY-NC-SA 4.0,UMLS via SIDER 4.1,http://identifiers.org/umls/C0026266
C0033778,Pruritus vulvae,CC BY-NC-SA 4.0,UMLS via SIDER 4.1,http://identifiers.org/umls/C0033778
C0235046,Paraesthesia skin,CC BY-NC-SA 4.0,UMLS via SIDER 4.1,http://identifiers.org/umls/C0235046
C0744221,Friction rub,CC BY-NC-SA 4.0,UMLS via SIDER 4.1,http://identifiers.org/umls/C0744221
C1112625,Cerebellar oedema,CC BY-NC-SA 4.0,UMLS via SIDER 4.1,http://identifiers.org/umls/C1112625
C0235883,Uterine inflammation,CC BY-NC-SA 4.0,UMLS via SIDER 4.1,http://identifiers.org/umls/C0235883
C0003838,Arterial occlusive disease,CC BY-NC-SA 4.0,UMLS via SIDER 4.1,http://identifiers.org/umls/C0003838
C0542101,Nasal burning,CC BY-NC-SA 4.0,UMLS via SIDER 4.1,http://identifiers.org/umls/C0542101
C0026764,Plasma cell myeloma,CC BY-NC-SA 4.0,UMLS via SIDER 4.1,http://identifiers.org/umls/C0026764
C0151754,Lactic dehydrogenase activity increased,CC BY-NC-SA 4.0,UMLS via SIDER 4.1,http://identifiers.org/umls/C0151754
C1504494,Tingling of extremity,CC BY-NC-SA 4.0,UMLS via SIDER 4.1,http://identifiers.org/umls/C1504494
C1096274,Corneal thinning,CC BY-NC-SA 4.0,UMLS via SIDER 4.1,http://identifiers.org/umls/C1096274
C0034186,Pyelonephritis,CC BY-NC-SA 4.0,UMLS via SIDER 4.1,http://identifiers.org/umls/C0034186
C0855619,Alanine aminotransferase abnormal,CC BY-NC-SA 4.0,UMLS via SIDER 4.1,http://identifiers.org/umls/C0855619
C0234935,Acute urticaria,CC BY-NC-SA 4.0,UMLS via SIDER 4.1,http://identifiers.org/umls/C0234935
C0013395,Dyspepsia,CC BY-NC-SA 4.0,UMLS via SIDER 4.1,http://identifiers.org/umls/C0013395
C0016397,Localised infection,CC BY-NC-SA 4.0,UMLS via SIDER 4.1,http://identifiers.org/umls/C0016397
C0016807,Intestinal functional disorder,CC BY-NC-SA 4.0,UMLS via SIDER 4.1,http://identifiers.org/umls/C0016807
C0917799,Hypersomnia,CC BY-NC-SA 4.0,UMLS via SIDER 4.1,http://identifiers.org/umls/C0917799
C0024115,Lung disorder,CC BY-NC-SA 4.0,UMLS via SIDER 4.1,http://identifiers.org/umls/C0024115
C0877406,Performance status decreased,CC BY-NC-SA 4.0,UMLS via SIDER 4.1,http://identifiers.org/umls/C0877406
C0749249,Wide complex tachycardia,CC BY-NC-SA 4.0,UMLS via SIDER 4.1,http://identifiers.org/umls/C0749249
C0153349,Tongue neoplasm malignant stage unspecified,CC BY-NC-SA 4.0,UMLS via SIDER 4.1,http://identifiers.org/umls/C0153349
C0262385,Autonomic nervous system imbalance,CC BY-NC-SA 4.0,UMLS via SIDER 4.1,http://identifiers.org/umls/C0262385
C0854725,Cyanopsia,CC BY-NC-SA 4.0,UMLS via SIDER 4.1,http://identifiers.org/umls/C0854725
C1260871,Acetonaemia,CC BY-NC-SA 4.0,UMLS via SIDER 4.1,http://identifiers.org/umls/C1260871
C0005687,Bladder distension,CC BY-NC-SA 4.0,UMLS via SIDER 4.1,http://identifiers.org/umls/C0005687
C0025281,Meniere's disease,CC BY-NC-SA 4.0,UMLS via SIDER 4.1,http://identifiers.org/umls/C0025281
C0424296,Disinhibition,CC BY-NC-SA 4.0,UMLS via SIDER 4.1,http://identifiers.org/umls/C0424296
C0152202,Acquired night blindness,CC BY-NC-SA 4.0,UMLS via SIDER 4.1,http://identifiers.org/umls/C0152202
C2747813,Bacterial colonisation,CC BY-NC-SA 4.0,UMLS via SIDER 4.1,http://identifiers.org/umls/C2747813
C0341245,Duodenitis haemorrhagic,CC BY-NC-SA 4.0,UMLS via SIDER 4.1,http://identifiers.org/umls/C0341245
C0568180,Lithium poisoning,CC BY-NC-SA 4.0,UMLS via SIDER 4.1,http://identifiers.org/umls/C0568180
C0025289,Meningitis,CC BY-NC-SA 4.0,UMLS via SIDER 4.1,http://identifiers.org/umls/C0025289
C0035288,Reticuloendotheliosis,CC BY-NC-SA 4.0,UMLS via SIDER 4.1,http://identifiers.org/umls/C0035288
C0036974,Shock,CC BY-NC-SA 4.0,UMLS via SIDER 4.1,http://identifiers.org/umls/C0036974
C0521554,Congenital vesicoureteric reflux,CC BY-NC-SA 4.0,UMLS via SIDER 4.1,http://identifiers.org/umls/C0521554
C0152517,Viral diarrhoea,CC BY-NC-SA 4.0,UMLS via SIDER 4.1,http://identifiers.org/umls/C0152517
C0272426,Mouth injury,CC BY-NC-SA 4.0,UMLS via SIDER 4.1,http://identifiers.org/umls/C0272426
C0272753,Femur shaft fracture,CC BY-NC-SA 4.0,UMLS via SIDER 4.1,http://identifiers.org/umls/C0272753
C0231365,Urination impaired,CC BY-NC-SA 4.0,UMLS via SIDER 4.1,http://identifiers.org/umls/C0231365
C0920157,Mesenteric ischemia,CC BY-NC-SA 4.0,UMLS via SIDER 4.1,http://identifiers.org/umls/C0920157
C1096300,Genital burning sensation,CC BY-NC-SA 4.0,UMLS via SIDER 4.1,http://identifiers.org/umls/C1096300
C0580493,Serum albumin decreased,CC BY-NC-SA 4.0,UMLS via SIDER 4.1,http://identifiers.org/umls/C0580493
C0038002,Splenomegaly,CC BY-NC-SA 4.0,UMLS via SIDER 4.1,http://identifiers.org/umls/C0038002
C0002962,Angina pectoris,CC BY-NC-SA 4.0,UMLS via SIDER 4.1,http://identifiers.org/umls/C0002962
C0000924,Accident,CC BY-NC-SA 4.0,UMLS via SIDER 4.1,http://identifiers.org/umls/C0000924
C0000786,Abortion spontaneous,CC BY-NC-SA 4.0,UMLS via SIDER 4.1,http://identifiers.org/umls/C0000786
C0152010,Withdrawal bleed,CC BY-NC-SA 4.0,UMLS via SIDER 4.1,http://identifiers.org/umls/C0152010
C1621958,Glioblastoma multiforme,CC BY-NC-SA 4.0,UMLS via SIDER 4.1,http://identifiers.org/umls/C1621958
C1140716,Hypoxic-ischaemic encephalopathy,CC BY-NC-SA 4.0,UMLS via SIDER 4.1,http://identifiers.org/umls/C1140716
C0038354,Gastric disorder,CC BY-NC-SA 4.0,UMLS via SIDER 4.1,http://identifiers.org/umls/C0038354
C0008924,Cleft lip,CC BY-NC-SA 4.0,UMLS via SIDER 4.1,http://identifiers.org/umls/C0008924
C0267792,Hepatobiliary disease,CC BY-NC-SA 4.0,UMLS via SIDER 4.1,http://identifiers.org/umls/C0267792
C0034212,Pyoderma,CC BY-NC-SA 4.0,UMLS via SIDER 4.1,http://identifiers.org/umls/C0034212
C0028850,Eye movement disorder,CC BY-NC-SA 4.0,UMLS via SIDER 4.1,http://identifiers.org/umls/C0028850
C0549335,Bone pain aggravated,CC BY-NC-SA 4.0,UMLS via SIDER 4.1,http://identifiers.org/umls/C0549335
C0037672,Somnambulism,CC BY-NC-SA 4.0,UMLS via SIDER 4.1,http://identifiers.org/umls/C0037672
C0392175,Renal haemorrhage,CC BY-NC-SA 4.0,UMLS via SIDER 4.1,http://identifiers.org/umls/C0392175
C0015927,Foetal death,CC BY-NC-SA 4.0,UMLS via SIDER 4.1,http://identifiers.org/umls/C0015927
C0029434,Osteogenesis imperfecta,CC BY-NC-SA 4.0,UMLS via SIDER 4.1,http://identifiers.org/umls/C0029434
C0853074,Anxiety NEC,CC BY-NC-SA 4.0,UMLS via SIDER 4.1,http://identifiers.org/umls/C0853074
C0347941,Chest mass NOS,CC BY-NC-SA 4.0,UMLS via SIDER 4.1,http://identifiers.org/umls/C0347941
C0221490,Epigastric distress,CC BY-NC-SA 4.0,UMLS via SIDER 4.1,http://identifiers.org/umls/C0221490
C3267047,Immune-mediated necrotising myopathy,CC BY-NC-SA 4.0,UMLS via SIDER 4.1,http://identifiers.org/umls/C3267047
C0458247,Allodynia,CC BY-NC-SA 4.0,UMLS via SIDER 4.1,http://identifiers.org/umls/C0458247
C0238124,Necrotising fasciitis,CC BY-NC-SA 4.0,UMLS via SIDER 4.1,http://identifiers.org/umls/C0238124
C2363731,Oropharyngeal pain,CC BY-NC-SA 4.0,UMLS via SIDER 4.1,http://identifiers.org/umls/C2363731
C0277961,Oily hair,CC BY-NC-SA 4.0,UMLS via SIDER 4.1,http://identifiers.org/umls/C0277961
C1275515,Venomous bite,CC BY-NC-SA 4.0,UMLS via SIDER 4.1,http://identifiers.org/umls/C1275515
C0349464,Wernicke-Korsakoff syndrome,CC BY-NC-SA 4.0,UMLS via SIDER 4.1,http://identifiers.org/umls/C0349464
C0020492,Hyperostosis,CC BY-NC-SA 4.0,UMLS via SIDER 4.1,http://identifiers.org/umls/C0020492
C1096185,Dacryostenosis acquired,CC BY-NC-SA 4.0,UMLS via SIDER 4.1,http://identifiers.org/umls/C1096185
C0043096,Weight decreased,CC BY-NC-SA 4.0,UMLS via SIDER 4.1,http://identifiers.org/umls/C0043096
C0151846,Disorder periosteal,CC BY-NC-SA 4.0,UMLS via SIDER 4.1,http://identifiers.org/umls/C0151846
C0549433,Surgical intervention,CC BY-NC-SA 4.0,UMLS via SIDER 4.1,http://identifiers.org/umls/C0549433
C0948586,Protein urine present,CC BY-NC-SA 4.0,UMLS via SIDER 4.1,http://identifiers.org/umls/C0948586
C0859061,Bilirubin value increased,CC BY-NC-SA 4.0,UMLS via SIDER 4.1,http://identifiers.org/umls/C0859061
C1388177,Aortic arteriosclerosis,CC BY-NC-SA 4.0,UMLS via SIDER 4.1,http://identifiers.org/umls/C1388177
C0151480,Antinuclear antibody positive,CC BY-NC-SA 4.0,UMLS via SIDER 4.1,http://identifiers.org/umls/C0151480
C0813230,Serum triglycerides increased,CC BY-NC-SA 4.0,UMLS via SIDER 4.1,http://identifiers.org/umls/C0813230
C0596240,Cancer pain,CC BY-NC-SA 4.0,UMLS via SIDER 4.1,http://identifiers.org/umls/C0596240
C0020625,Hyponatraemia,CC BY-NC-SA 4.0,UMLS via SIDER 4.1,http://identifiers.org/umls/C0020625
C0153567,Uterine cancer,CC BY-NC-SA 4.0,UMLS via SIDER 4.1,http://identifiers.org/umls/C0153567
C0007384,Cataplexy,CC BY-NC-SA 4.0,UMLS via SIDER 4.1,http://identifiers.org/umls/C0007384
C1168034,Gastric pH decreased,CC BY-NC-SA 4.0,UMLS via SIDER 4.1,http://identifiers.org/umls/C1168034
C0240273,Lymph node tenderness,CC BY-NC-SA 4.0,UMLS via SIDER 4.1,http://identifiers.org/umls/C0240273
C0553713,Breast pain female,CC BY-NC-SA 4.0,UMLS via SIDER 4.1,http://identifiers.org/umls/C0553713
C0334492,Malignant mesenchymoma,CC BY-NC-SA 4.0,UMLS via SIDER 4.1,http://identifiers.org/umls/C0334492
C0853772,Blood calcium abnormal,CC BY-NC-SA 4.0,UMLS via SIDER 4.1,http://identifiers.org/umls/C0853772
C0241712,Vulval erythema,CC BY-NC-SA 4.0,UMLS via SIDER 4.1,http://identifiers.org/umls/C0241712
C0006840,Candida infection,CC BY-NC-SA 4.0,UMLS via SIDER 4.1,http://identifiers.org/umls/C0006840
C0017668,Focal segmental glomerulosclerosis,CC BY-NC-SA 4.0,UMLS via SIDER 4.1,http://identifiers.org/umls/C0017668
C0023434,Chronic lymphocytic leukaemia,CC BY-NC-SA 4.0,UMLS via SIDER 4.1,http://identifiers.org/umls/C0023434
C0078911,HIV associated nephropathy,CC BY-NC-SA 4.0,UMLS via SIDER 4.1,http://identifiers.org/umls/C0078911
C1112712,Haematology test abnormal,CC BY-NC-SA 4.0,UMLS via SIDER 4.1,http://identifiers.org/umls/C1112712
C0030489,Paraproteinaemia,CC BY-NC-SA 4.0,UMLS via SIDER 4.1,http://identifiers.org/umls/C0030489
C0041671,Attention deficit disorder,CC BY-NC-SA 4.0,UMLS via SIDER 4.1,http://identifiers.org/umls/C0041671
C0424605,Developmental delay,CC BY-NC-SA 4.0,UMLS via SIDER 4.1,http://identifiers.org/umls/C0424605
C0023903,Hepatic neoplasm,CC BY-NC-SA 4.0,UMLS via SIDER 4.1,http://identifiers.org/umls/C0023903
C0424823,Parotid swelling,CC BY-NC-SA 4.0,UMLS via SIDER 4.1,http://identifiers.org/umls/C0424823
C0013369,Dysentery,CC BY-NC-SA 4.0,UMLS via SIDER 4.1,http://identifiers.org/umls/C0013369
C0262662,Ventricular bigeminy,CC BY-NC-SA 4.0,UMLS via SIDER 4.1,http://identifiers.org/umls/C0262662
C0240059,Intraventricular haemorrhage,CC BY-NC-SA 4.0,UMLS via SIDER 4.1,http://identifiers.org/umls/C0240059
C0423798,Increased tendency to bruise,CC BY-NC-SA 4.0,UMLS via SIDER 4.1,http://identifiers.org/umls/C0423798
C0086543,Cataract,CC BY-NC-SA 4.0,UMLS via SIDER 4.1,http://identifiers.org/umls/C0086543
C0555970,Nose infection NOS,CC BY-NC-SA 4.0,UMLS via SIDER 4.1,http://identifiers.org/umls/C0555970
C0852914,Bacteriuria NOS present,CC BY-NC-SA 4.0,UMLS via SIDER 4.1,http://identifiers.org/umls/C0852914
C0524909,Chronic hepatitis B,CC BY-NC-SA 4.0,UMLS via SIDER 4.1,http://identifiers.org/umls/C0524909
C0239182,Watery diarrhoea,CC BY-NC-SA 4.0,UMLS via SIDER 4.1,http://identifiers.org/umls/C0239182
C0005779,Coagulopathy,CC BY-NC-SA 4.0,UMLS via SIDER 4.1,http://identifiers.org/umls/C0005779
C0270934,Toxic neuropathy,CC BY-NC-SA 4.0,UMLS via SIDER 4.1,http://identifiers.org/umls/C0270934
C0432487,Post transplant lymphoproliferative disorder,CC BY-NC-SA 4.0,UMLS via SIDER 4.1,http://identifiers.org/umls/C0432487
C0549336,Asthma aggravated,CC BY-NC-SA 4.0,UMLS via SIDER 4.1,http://identifiers.org/umls/C0549336
C0015230,Rash,CC BY-NC-SA 4.0,UMLS via SIDER 4.1,http://identifiers.org/umls/C0015230
C0036601,Self mutilation,CC BY-NC-SA 4.0,UMLS via SIDER 4.1,http://identifiers.org/umls/C0036601
C0023524,Progressive multifocal leukoencephalopathy,CC BY-NC-SA 4.0,UMLS via SIDER 4.1,http://identifiers.org/umls/C0023524
C0425481,Respiratory sighs,CC BY-NC-SA 4.0,UMLS via SIDER 4.1,http://identifiers.org/umls/C0425481
C0024441,Macular hole,CC BY-NC-SA 4.0,UMLS via SIDER 4.1,http://identifiers.org/umls/C0024441
C0854134,Blood bilirubin unconjugated increased,CC BY-NC-SA 4.0,UMLS via SIDER 4.1,http://identifiers.org/umls/C0854134
C0242231,Coronary artery stenosis,CC BY-NC-SA 4.0,UMLS via SIDER 4.1,http://identifiers.org/umls/C0242231
C1800706,Idiopathic pulmonary fibrosis,CC BY-NC-SA 4.0,UMLS via SIDER 4.1,http://identifiers.org/umls/C1800706
C0003486,Aortic aneurysm,CC BY-NC-SA 4.0,UMLS via SIDER 4.1,http://identifiers.org/umls/C0003486
C0035400,Reye's syndrome,CC BY-NC-SA 4.0,UMLS via SIDER 4.1,http://identifiers.org/umls/C0035400
C0877338,Breast discomfort,CC BY-NC-SA 4.0,UMLS via SIDER 4.1,http://identifiers.org/umls/C0877338
C0014733,Erysipelas,CC BY-NC-SA 4.0,UMLS via SIDER 4.1,http://identifiers.org/umls/C0014733
C0006852,Vaginal moniliasis,CC BY-NC-SA 4.0,UMLS via SIDER 4.1,http://identifiers.org/umls/C0006852
C0234428,Consciousness abnormal,CC BY-NC-SA 4.0,UMLS via SIDER 4.1,http://identifiers.org/umls/C0234428
C0152031,Joint swelling,CC BY-NC-SA 4.0,UMLS via SIDER 4.1,http://identifiers.org/umls/C0152031
C0021092,Cerumen impaction,CC BY-NC-SA 4.0,UMLS via SIDER 4.1,http://identifiers.org/umls/C0021092
C0340613,Arterial aneurysm,CC BY-NC-SA 4.0,UMLS via SIDER 4.1,http://identifiers.org/umls/C0340613
C0080276,Urogenital disorder,CC BY-NC-SA 4.0,UMLS via SIDER 4.1,http://identifiers.org/umls/C0080276
C0042075,Urinary tract disorder,CC BY-NC-SA 4.0,UMLS via SIDER 4.1,http://identifiers.org/umls/C0042075
C0014550,Myoclonic epilepsy,CC BY-NC-SA 4.0,UMLS via SIDER 4.1,http://identifiers.org/umls/C0014550
C0238334,Pancreatic abscess,CC BY-NC-SA 4.0,UMLS via SIDER 4.1,http://identifiers.org/umls/C0238334
C0238707,Impairment of attention,CC BY-NC-SA 4.0,UMLS via SIDER 4.1,http://identifiers.org/umls/C0238707
C0948873,Flu symptoms,CC BY-NC-SA 4.0,UMLS via SIDER 4.1,http://identifiers.org/umls/C0948873
C0423361,Posterior vitreous detachment,CC BY-NC-SA 4.0,UMLS via SIDER 4.1,http://identifiers.org/umls/C0423361
C0018798,Heart malformation,CC BY-NC-SA 4.0,UMLS via SIDER 4.1,http://identifiers.org/umls/C0018798
C0017567,Gingival hypertrophy,CC BY-NC-SA 4.0,UMLS via SIDER 4.1,http://identifiers.org/umls/C0017567
C0549473,Thyroid carcinoma,CC BY-NC-SA 4.0,UMLS via SIDER 4.1,http://identifiers.org/umls/C0549473
C0948268,Haemodynamic instability,CC BY-NC-SA 4.0,UMLS via SIDER 4.1,http://identifiers.org/umls/C0948268
C1696574,Application site erosion,CC BY-NC-SA 4.0,UMLS via SIDER 4.1,http://identifiers.org/umls/C1696574
C0232808,Shutdown renal,CC BY-NC-SA 4.0,UMLS via SIDER 4.1,http://identifiers.org/umls/C0232808
C0936215,Vitamin B6 deficiency,CC BY-NC-SA 4.0,UMLS via SIDER 4.1,http://identifiers.org/umls/C0936215
C0522064,Regurgitation of food,CC BY-NC-SA 4.0,UMLS via SIDER 4.1,http://identifiers.org/umls/C0522064
C0018994,Haemobilia,CC BY-NC-SA 4.0,UMLS via SIDER 4.1,http://identifiers.org/umls/C0018994
C0042256,Vaginal itching,CC BY-NC-SA 4.0,UMLS via SIDER 4.1,http://identifiers.org/umls/C0042256
C0005681,Blackwater fever,CC BY-NC-SA 4.0,UMLS via SIDER 4.1,http://identifiers.org/umls/C0005681
C0015467,Facial neuralgia,CC BY-NC-SA 4.0,UMLS via SIDER 4.1,http://identifiers.org/umls/C0015467
C0007280,Carotid bruit,CC BY-NC-SA 4.0,UMLS via SIDER 4.1,http://identifiers.org/umls/C0007280
C0005686,Bladder disorder,CC BY-NC-SA 4.0,UMLS via SIDER 4.1,http://identifiers.org/umls/C0005686
C0037195,Sinus headache,CC BY-NC-SA 4.0,UMLS via SIDER 4.1,http://identifiers.org/umls/C0037195
C0241379,Increased thirst,CC BY-NC-SA 4.0,UMLS via SIDER 4.1,http://identifiers.org/umls/C0241379
C0852995,Injection site pruritus,CC BY-NC-SA 4.0,UMLS via SIDER 4.1,http://identifiers.org/umls/C0852995
C0231785,Carpo-pedal spasm,CC BY-NC-SA 4.0,UMLS via SIDER 4.1,http://identifiers.org/umls/C0231785
C0238461,Anaplastic thyroid cancer,CC BY-NC-SA 4.0,UMLS via SIDER 4.1,http://identifiers.org/umls/C0238461
C0272126,Evans syndrome,CC BY-NC-SA 4.0,UMLS via SIDER 4.1,http://identifiers.org/umls/C0272126
C0239266,Pain in elbow,CC BY-NC-SA 4.0,UMLS via SIDER 4.1,http://identifiers.org/umls/C0239266
C0014571,Epiphysiolysis,CC BY-NC-SA 4.0,UMLS via SIDER 4.1,http://identifiers.org/umls/C0014571
C0019079,Haemoptysis,CC BY-NC-SA 4.0,UMLS via SIDER 4.1,http://identifiers.org/umls/C0019079
C0015663,Fasting,CC BY-NC-SA 4.0,UMLS via SIDER 4.1,http://identifiers.org/umls/C0015663
C0152459,Skin striae,CC BY-NC-SA 4.0,UMLS via SIDER 4.1,http://identifiers.org/umls/C0152459
C0877173,Food aversion,CC BY-NC-SA 4.0,UMLS via SIDER 4.1,http://identifiers.org/umls/C0877173
C0542008,Injection site haematoma,CC BY-NC-SA 4.0,UMLS via SIDER 4.1,http://identifiers.org/umls/C0542008
C1096646,Transaminitis,CC BY-NC-SA 4.0,UMLS via SIDER 4.1,http://identifiers.org/umls/C1096646
C0021167,Incontinence,CC BY-NC-SA 4.0,UMLS via SIDER 4.1,http://identifiers.org/umls/C0021167
C0085681,Hyperphosphataemia,CC BY-NC-SA 4.0,UMLS via SIDER 4.1,http://identifiers.org/umls/C0085681
C0740299,Blood culture positive,CC BY-NC-SA 4.0,UMLS via SIDER 4.1,http://identifiers.org/umls/C0740299
C0542223,Speech loss,CC BY-NC-SA 4.0,UMLS via SIDER 4.1,http://identifiers.org/umls/C0542223
C1608399,Dark circles under eyes,CC BY-NC-SA 4.0,UMLS via SIDER 4.1,http://identifiers.org/umls/C1608399
C0272285,Heparin-induced thrombocytopenia,CC BY-NC-SA 4.0,UMLS via SIDER 4.1,http://identifiers.org/umls/C0272285
C0264267,Nasal ulcer,CC BY-NC-SA 4.0,UMLS via SIDER 4.1,http://identifiers.org/umls/C0264267
C1971624,Appetite absent,CC BY-NC-SA 4.0,UMLS via SIDER 4.1,http://identifiers.org/umls/C1971624
C0149526,Allergic urticaria,CC BY-NC-SA 4.0,UMLS via SIDER 4.1,http://identifiers.org/umls/C0149526
C0241513,Thyrotropin low,CC BY-NC-SA 4.0,UMLS via SIDER 4.1,http://identifiers.org/umls/C0241513
C0263978,Soft tissue disorder,CC BY-NC-SA 4.0,UMLS via SIDER 4.1,http://identifiers.org/umls/C0263978
C0036690,Septicemia,CC BY-NC-SA 4.0,UMLS via SIDER 4.1,http://identifiers.org/umls/C0036690
C0423618,Throbbing headache,CC BY-NC-SA 4.0,UMLS via SIDER 4.1,http://identifiers.org/umls/C0423618
C1696943,Hypoaesthesia facial,CC BY-NC-SA 4.0,UMLS via SIDER 4.1,http://identifiers.org/umls/C1696943
C1142163,Intestinal mass,CC BY-NC-SA 4.0,UMLS via SIDER 4.1,http://identifiers.org/umls/C1142163
C0877172,Spinal epidural haematoma,CC BY-NC-SA 4.0,UMLS via SIDER 4.1,http://identifiers.org/umls/C0877172
C1696700,C1 esterase deficiency acquired,CC BY-NC-SA 4.0,UMLS via SIDER 4.1,http://identifiers.org/umls/C1696700
C0232201,Sinus rhythm,CC BY-NC-SA 4.0,UMLS via SIDER 4.1,http://identifiers.org/umls/C0232201
C0857073,Cold hands & feet,CC BY-NC-SA 4.0,UMLS via SIDER 4.1,http://identifiers.org/umls/C0857073
C0948692,Necrotising colitis,CC BY-NC-SA 4.0,UMLS via SIDER 4.1,http://identifiers.org/umls/C0948692
C0030593,Pars planitis,CC BY-NC-SA 4.0,UMLS via SIDER 4.1,http://identifiers.org/umls/C0030593
C2609269,Fasting hyperglycaemia,CC BY-NC-SA 4.0,UMLS via SIDER 4.1,http://identifiers.org/umls/C2609269
C0014534,Epididymitis,CC BY-NC-SA 4.0,UMLS via SIDER 4.1,http://identifiers.org/umls/C0014534
C0011880,Diabetic ketoacidosis,CC BY-NC-SA 4.0,UMLS via SIDER 4.1,http://identifiers.org/umls/C0011880
C0263536,Nail hypertrophy,CC BY-NC-SA 4.0,UMLS via SIDER 4.1,http://identifiers.org/umls/C0263536
C0021364,Infertility male,CC BY-NC-SA 4.0,UMLS via SIDER 4.1,http://identifiers.org/umls/C0021364
C0856049,Peripheral embolism,CC BY-NC-SA 4.0,UMLS via SIDER 4.1,http://identifiers.org/umls/C0856049
C0850060,Nasal itching,CC BY-NC-SA 4.0,UMLS via SIDER 4.1,http://identifiers.org/umls/C0850060
C0236174,Reticuloendothelial system stimulated,CC BY-NC-SA 4.0,UMLS via SIDER 4.1,http://identifiers.org/umls/C0236174
C0000889,Acanthosis nigricans,CC BY-NC-SA 4.0,UMLS via SIDER 4.1,http://identifiers.org/umls/C0000889
C0860851,Oestradiol increased,CC BY-NC-SA 4.0,UMLS via SIDER 4.1,http://identifiers.org/umls/C0860851
C0151818,Opisthotonus,CC BY-NC-SA 4.0,UMLS via SIDER 4.1,http://identifiers.org/umls/C0151818
C0878544,Cardiomyopathy,CC BY-NC-SA 4.0,UMLS via SIDER 4.1,http://identifiers.org/umls/C0878544
C1442835,Solar dermatitis,CC BY-NC-SA 4.0,UMLS via SIDER 4.1,http://identifiers.org/umls/C1442835
C0239981,Hypoalbuminaemia,CC BY-NC-SA 4.0,UMLS via SIDER 4.1,http://identifiers.org/umls/C0239981
C0032961,Pregnancy,CC BY-NC-SA 4.0,UMLS via SIDER 4.1,http://identifiers.org/umls/C0032961
C0033774,Pruritus,CC BY-NC-SA 4.0,UMLS via SIDER 4.1,http://identifiers.org/umls/C0033774
C0242453,Prostatism,CC BY-NC-SA 4.0,UMLS via SIDER 4.1,http://identifiers.org/umls/C0242453
C0520863,Diastolic dysfunction,CC BY-NC-SA 4.0,UMLS via SIDER 4.1,http://identifiers.org/umls/C0520863
C0240811,Prostate infection,CC BY-NC-SA 4.0,UMLS via SIDER 4.1,http://identifiers.org/umls/C0240811
C3495559,Juvenile idiopathic arthritis,CC BY-NC-SA 4.0,UMLS via SIDER 4.1,http://identifiers.org/umls/C3495559
C0700361,Emotional distress,CC BY-NC-SA 4.0,UMLS via SIDER 4.1,http://identifiers.org/umls/C0700361
C0035067,Renal artery stenosis,CC BY-NC-SA 4.0,UMLS via SIDER 4.1,http://identifiers.org/umls/C0035067
C0595877,Blood glucose increased,CC BY-NC-SA 4.0,UMLS via SIDER 4.1,http://identifiers.org/umls/C0595877
C0158252,Intervertebral disc disorder,CC BY-NC-SA 4.0,UMLS via SIDER 4.1,http://identifiers.org/umls/C0158252
C0085650,Purpura fulminans,CC BY-NC-SA 4.0,UMLS via SIDER 4.1,http://identifiers.org/umls/C0085650
C0007815,Cerebrospinal fluid rhinorrhea,CC BY-NC-SA 4.0,UMLS via SIDER 4.1,http://identifiers.org/umls/C0007815
C0235290,Taste bitter,CC BY-NC-SA 4.0,UMLS via SIDER 4.1,http://identifiers.org/umls/C0235290
C1253936,Joint effusion,CC BY-NC-SA 4.0,UMLS via SIDER 4.1,http://identifiers.org/umls/C1253936
C0860945,Creatinine normal,CC BY-NC-SA 4.0,UMLS via SIDER 4.1,http://identifiers.org/umls/C0860945
C0235950,Zinc deficiency,CC BY-NC-SA 4.0,UMLS via SIDER 4.1,http://identifiers.org/umls/C0235950
C1306587,Encephalopathy acute,CC BY-NC-SA 4.0,UMLS via SIDER 4.1,http://identifiers.org/umls/C1306587
C0235409,Increased insulin requirement,CC BY-NC-SA 4.0,UMLS via SIDER 4.1,http://identifiers.org/umls/C0235409
C0019655,Histoplasmosis,CC BY-NC-SA 4.0,UMLS via SIDER 4.1,http://identifiers.org/umls/C0019655
C0040028,Essential thrombocythaemia,CC BY-NC-SA 4.0,UMLS via SIDER 4.1,http://identifiers.org/umls/C0040028
C0085652,Pyoderma gangrenosum,CC BY-NC-SA 4.0,UMLS via SIDER 4.1,http://identifiers.org/umls/C0085652
C2243088,Gastritis erosive,CC BY-NC-SA 4.0,UMLS via SIDER 4.1,http://identifiers.org/umls/C2243088
C0548823,Distress gastrointestinal,CC BY-NC-SA 4.0,UMLS via SIDER 4.1,http://identifiers.org/umls/C0548823
C2225524,Breast enlargement,CC BY-NC-SA 4.0,UMLS via SIDER 4.1,http://identifiers.org/umls/C2225524
C0745761,Liver nodule,CC BY-NC-SA 4.0,UMLS via SIDER 4.1,http://identifiers.org/umls/C0745761
C0562483,Persistent cough,CC BY-NC-SA 4.0,UMLS via SIDER 4.1,http://identifiers.org/umls/C0562483
C0234953,Tongue spasm,CC BY-NC-SA 4.0,UMLS via SIDER 4.1,http://identifiers.org/umls/C0234953
C0162296,Polyarthralgia,CC BY-NC-SA 4.0,UMLS via SIDER 4.1,http://identifiers.org/umls/C0162296
C0031736,Polymorphic light eruption,CC BY-NC-SA 4.0,UMLS via SIDER 4.1,http://identifiers.org/umls/C0031736
C0231527,Muscular incoordination,CC BY-NC-SA 4.0,UMLS via SIDER 4.1,http://identifiers.org/umls/C0231527
C0392034,Gastrooesophagitis,CC BY-NC-SA 4.0,UMLS via SIDER 4.1,http://identifiers.org/umls/C0392034
C0600142,Hot flush,CC BY-NC-SA 4.0,UMLS via SIDER 4.1,http://identifiers.org/umls/C0600142
C0009806,Constipation,CC BY-NC-SA 4.0,UMLS via SIDER 4.1,http://identifiers.org/umls/C0009806
C0023474,Chronic phase chronic myeloid leukemia,CC BY-NC-SA 4.0,UMLS via SIDER 4.1,http://identifiers.org/umls/C0023474
C0006105,Brain abscess,CC BY-NC-SA 4.0,UMLS via SIDER 4.1,http://identifiers.org/umls/C0006105
C0235006,Hypersensation skin,CC BY-NC-SA 4.0,UMLS via SIDER 4.1,http://identifiers.org/umls/C0235006
C0042135,Uterine atony,CC BY-NC-SA 4.0,UMLS via SIDER 4.1,http://identifiers.org/umls/C0042135
C0017665,Glomerulonephritis membranous,CC BY-NC-SA 4.0,UMLS via SIDER 4.1,http://identifiers.org/umls/C0017665
C0312422,Blacked-out (not amnesia),CC BY-NC-SA 4.0,UMLS via SIDER 4.1,http://identifiers.org/umls/C0312422
C0856604,Rubber sensitivity,CC BY-NC-SA 4.0,UMLS via SIDER 4.1,http://identifiers.org/umls/C0856604
C1963933,Punding,CC BY-NC-SA 4.0,UMLS via SIDER 4.1,http://identifiers.org/umls/C1963933
C0023533,Leukorrhea,CC BY-NC-SA 4.0,UMLS via SIDER 4.1,http://identifiers.org/umls/C0023533
C2712122,Blood pressure normal,CC BY-NC-SA 4.0,UMLS via SIDER 4.1,http://identifiers.org/umls/C2712122
C0231666,Wrist drop,CC BY-NC-SA 4.0,UMLS via SIDER 4.1,http://identifiers.org/umls/C0231666
C1142112,Eyelash thickening,CC BY-NC-SA 4.0,UMLS via SIDER 4.1,http://identifiers.org/umls/C1142112
C0035085,Renal infarct,CC BY-NC-SA 4.0,UMLS via SIDER 4.1,http://identifiers.org/umls/C0035085
C0854693,Anaesthetic complication neurological,CC BY-NC-SA 4.0,UMLS via SIDER 4.1,http://identifiers.org/umls/C0854693
C0231529,Tendon pain,CC BY-NC-SA 4.0,UMLS via SIDER 4.1,http://identifiers.org/umls/C0231529
C0426576,Gastrointestinal symptom NOS,CC BY-NC-SA 4.0,UMLS via SIDER 4.1,http://identifiers.org/umls/C0426576
C0863147,Glucose urine increased,CC BY-NC-SA 4.0,UMLS via SIDER 4.1,http://identifiers.org/umls/C0863147
C0269806,Failed induction of labour,CC BY-NC-SA 4.0,UMLS via SIDER 4.1,http://identifiers.org/umls/C0269806
C2047937,Ill-defined disorder,CC BY-NC-SA 4.0,UMLS via SIDER 4.1,http://identifiers.org/umls/C2047937
C0239296,Oesophageal obstruction,CC BY-NC-SA 4.0,UMLS via SIDER 4.1,http://identifiers.org/umls/C0239296
C0853117,Blood testosterone decreased,CC BY-NC-SA 4.0,UMLS via SIDER 4.1,http://identifiers.org/umls/C0853117
C0877232,Peripheral swelling,CC BY-NC-SA 4.0,UMLS via SIDER 4.1,http://identifiers.org/umls/C0877232
C0151599,Drug level increased,CC BY-NC-SA 4.0,UMLS via SIDER 4.1,http://identifiers.org/umls/C0151599
C0235592,Lymphadenopathy cervical,CC BY-NC-SA 4.0,UMLS via SIDER 4.1,http://identifiers.org/umls/C0235592
C1136085,Monoclonal gammopathy,CC BY-NC-SA 4.0,UMLS via SIDER 4.1,http://identifiers.org/umls/C1136085
C0019284,Diaphragmatic hernia,CC BY-NC-SA 4.0,UMLS via SIDER 4.1,http://identifiers.org/umls/C0019284
C1302752,Abrasion NOS,CC BY-NC-SA 4.0,UMLS via SIDER 4.1,http://identifiers.org/umls/C1302752
C0920070,Cervical smear test positive,CC BY-NC-SA 4.0,UMLS via SIDER 4.1,http://identifiers.org/umls/C0920070
C0031542,Phlebitis,CC BY-NC-SA 4.0,UMLS via SIDER 4.1,http://identifiers.org/umls/C0031542
C0239816,Hand dermatitis,CC BY-NC-SA 4.0,UMLS via SIDER 4.1,http://identifiers.org/umls/C0239816
C0740319,Physical assault,CC BY-NC-SA 4.0,UMLS via SIDER 4.1,http://identifiers.org/umls/C0740319
C0852628,Embolism arterial (limb),CC BY-NC-SA 4.0,UMLS via SIDER 4.1,http://identifiers.org/umls/C0852628
C0001486,Adenovirus infection,CC BY-NC-SA 4.0,UMLS via SIDER 4.1,http://identifiers.org/umls/C0001486
C0031111,Periostitis,CC BY-NC-SA 4.0,UMLS via SIDER 4.1,http://identifiers.org/umls/C0031111
C0877107,Sinobronchitis,CC BY-NC-SA 4.0,UMLS via SIDER 4.1,http://identifiers.org/umls/C0877107
C0853986,Lymphocyte count decreased,CC BY-NC-SA 4.0,UMLS via SIDER 4.1,http://identifiers.org/umls/C0853986
C0030793,Pelvic neoplasm,CC BY-NC-SA 4.0,UMLS via SIDER 4.1,http://identifiers.org/umls/C0030793
C0152168,Spasm of sphincter of Oddi,CC BY-NC-SA 4.0,UMLS via SIDER 4.1,http://identifiers.org/umls/C0152168
C0521498,Injection site irritation,CC BY-NC-SA 4.0,UMLS via SIDER 4.1,http://identifiers.org/umls/C0521498
C0006145,Breast disorder,CC BY-NC-SA 4.0,UMLS via SIDER 4.1,http://identifiers.org/umls/C0006145
C0744131,Foot infection fungal NOS,CC BY-NC-SA 4.0,UMLS via SIDER 4.1,http://identifiers.org/umls/C0744131
C0238033,Breast cancer male,CC BY-NC-SA 4.0,UMLS via SIDER 4.1,http://identifiers.org/umls/C0238033
C0021053,Immune system disorder,CC BY-NC-SA 4.0,UMLS via SIDER 4.1,http://identifiers.org/umls/C0021053
C0859023,Talkativeness,CC BY-NC-SA 4.0,UMLS via SIDER 4.1,http://identifiers.org/umls/C0859023
C0024312,Lymphopenia,CC BY-NC-SA 4.0,UMLS via SIDER 4.1,http://identifiers.org/umls/C0024312
C0010093,Corpus luteum cyst,CC BY-NC-SA 4.0,UMLS via SIDER 4.1,http://identifiers.org/umls/C0010093
C0345904,Hepatic cancer,CC BY-NC-SA 4.0,UMLS via SIDER 4.1,http://identifiers.org/umls/C0345904
C0085649,Oedema peripheral,CC BY-NC-SA 4.0,UMLS via SIDER 4.1,http://identifiers.org/umls/C0085649
C0149892,Gingival abscess,CC BY-NC-SA 4.0,UMLS via SIDER 4.1,http://identifiers.org/umls/C0149892
C0014335,Enteritis,CC BY-NC-SA 4.0,UMLS via SIDER 4.1,http://identifiers.org/umls/C0014335
C0040259,Tinea pedis,CC BY-NC-SA 4.0,UMLS via SIDER 4.1,http://identifiers.org/umls/C0040259
C0014752,Erythrasma,CC BY-NC-SA 4.0,UMLS via SIDER 4.1,http://identifiers.org/umls/C0014752
C0221392,Vaginitis atrophic,CC BY-NC-SA 4.0,UMLS via SIDER 4.1,http://identifiers.org/umls/C0221392
C0497202,Abnormal eye movements NOS,CC BY-NC-SA 4.0,UMLS via SIDER 4.1,http://identifiers.org/umls/C0497202
C0024138,Discoid lupus erythematosus,CC BY-NC-SA 4.0,UMLS via SIDER 4.1,http://identifiers.org/umls/C0024138
C1276146,Lymphoma cutis,CC BY-NC-SA 4.0,UMLS via SIDER 4.1,http://identifiers.org/umls/C1276146
C0577822,Heart sounds abnormal,CC BY-NC-SA 4.0,UMLS via SIDER 4.1,http://identifiers.org/umls/C0577822
C0272195,Eosinopenia,CC BY-NC-SA 4.0,UMLS via SIDER 4.1,http://identifiers.org/umls/C0272195
C0949103,Catheter site pain,CC BY-NC-SA 4.0,UMLS via SIDER 4.1,http://identifiers.org/umls/C0949103
C0267516,Colon atonic,CC BY-NC-SA 4.0,UMLS via SIDER 4.1,http://identifiers.org/umls/C0267516
C0040580,Tracheal disorder,CC BY-NC-SA 4.0,UMLS via SIDER 4.1,http://identifiers.org/umls/C0040580
C0151589,Partial transitory deafness,CC BY-NC-SA 4.0,UMLS via SIDER 4.1,http://identifiers.org/umls/C0151589
C0854069,Tumour pain,CC BY-NC-SA 4.0,UMLS via SIDER 4.1,http://identifiers.org/umls/C0854069
C0241136,Pain of skin,CC BY-NC-SA 4.0,UMLS via SIDER 4.1,http://identifiers.org/umls/C0241136
C0341177,Gastric erosions,CC BY-NC-SA 4.0,UMLS via SIDER 4.1,http://identifiers.org/umls/C0341177
C0542203,Water retention,CC BY-NC-SA 4.0,UMLS via SIDER 4.1,http://identifiers.org/umls/C0542203
C0240130,Swelling of knees,CC BY-NC-SA 4.0,UMLS via SIDER 4.1,http://identifiers.org/umls/C0240130
C0426649,Bowel spasm,CC BY-NC-SA 4.0,UMLS via SIDER 4.1,http://identifiers.org/umls/C0426649
C0268104,Purine metabolism disorder,CC BY-NC-SA 4.0,UMLS via SIDER 4.1,http://identifiers.org/umls/C0268104
C0852875,Eye allergy,CC BY-NC-SA 4.0,UMLS via SIDER 4.1,http://identifiers.org/umls/C0852875
C0549257,Loss of confidence,CC BY-NC-SA 4.0,UMLS via SIDER 4.1,http://identifiers.org/umls/C0549257
C0041349,Tubulointerstitial nephritis,CC BY-NC-SA 4.0,UMLS via SIDER 4.1,http://identifiers.org/umls/C0041349
C0751576,Vocal cord paresis,CC BY-NC-SA 4.0,UMLS via SIDER 4.1,http://identifiers.org/umls/C0751576
C0267465,Intestinal stenosis,CC BY-NC-SA 4.0,UMLS via SIDER 4.1,http://identifiers.org/umls/C0267465
C0917798,Cerebral ischaemia,CC BY-NC-SA 4.0,UMLS via SIDER 4.1,http://identifiers.org/umls/C0917798
C0876998,Intracardiac thrombus,CC BY-NC-SA 4.0,UMLS via SIDER 4.1,http://identifiers.org/umls/C0876998
C0851807,Aspergillus infection,CC BY-NC-SA 4.0,UMLS via SIDER 4.1,http://identifiers.org/umls/C0851807
C0151908,Dry skin,CC BY-NC-SA 4.0,UMLS via SIDER 4.1,http://identifiers.org/umls/C0151908
C3160771,Sperm concentration decreased,CC BY-NC-SA 4.0,UMLS via SIDER 4.1,http://identifiers.org/umls/C3160771
C0855644,Blood uric acid decreased,CC BY-NC-SA 4.0,UMLS via SIDER 4.1,http://identifiers.org/umls/C0855644
C0034933,Reflexes abnormal,CC BY-NC-SA 4.0,UMLS via SIDER 4.1,http://identifiers.org/umls/C0034933
C0232124,Skipped beats,CC BY-NC-SA 4.0,UMLS via SIDER 4.1,http://identifiers.org/umls/C0232124
C0043167,Pertussis,CC BY-NC-SA 4.0,UMLS via SIDER 4.1,http://identifiers.org/umls/C0043167
C0033575,Prostatic disorder,CC BY-NC-SA 4.0,UMLS via SIDER 4.1,http://identifiers.org/umls/C0033575
C0232461,Increased appetite,CC BY-NC-SA 4.0,UMLS via SIDER 4.1,http://identifiers.org/umls/C0232461
C0580417,International normalised ratio abnormal,CC BY-NC-SA 4.0,UMLS via SIDER 4.1,http://identifiers.org/umls/C0580417
C1142072,Oral toxicity,CC BY-NC-SA 4.0,UMLS via SIDER 4.1,http://identifiers.org/umls/C1142072
C0034013,Precocious puberty,CC BY-NC-SA 4.0,UMLS via SIDER 4.1,http://identifiers.org/umls/C0034013
C0010692,Cystitis,CC BY-NC-SA 4.0,UMLS via SIDER 4.1,http://identifiers.org/umls/C0010692
C0011615,Dermatitis atopic,CC BY-NC-SA 4.0,UMLS via SIDER 4.1,http://identifiers.org/umls/C0011615
C0016770,Frustration,CC BY-NC-SA 4.0,UMLS via SIDER 4.1,http://identifiers.org/umls/C0016770
C0085631,Agitation,CC BY-NC-SA 4.0,UMLS via SIDER 4.1,http://identifiers.org/umls/C0085631
C0877613,Rectal cramps,CC BY-NC-SA 4.0,UMLS via SIDER 4.1,http://identifiers.org/umls/C0877613
C0392390,Hepatitis B e antigen positive,CC BY-NC-SA 4.0,UMLS via SIDER 4.1,http://identifiers.org/umls/C0392390
C0151512,Injection site atrophy,CC BY-NC-SA 4.0,UMLS via SIDER 4.1,http://identifiers.org/umls/C0151512
C0152018,Oesophageal carcinoma,CC BY-NC-SA 4.0,UMLS via SIDER 4.1,http://identifiers.org/umls/C0152018
C0231807,Dyspnoea exertional,CC BY-NC-SA 4.0,UMLS via SIDER 4.1,http://identifiers.org/umls/C0231807
C1271398,Pigment dispersion syndrome,CC BY-NC-SA 4.0,UMLS via SIDER 4.1,http://identifiers.org/umls/C1271398
C0263540,Onychomadesis,CC BY-NC-SA 4.0,UMLS via SIDER 4.1,http://identifiers.org/umls/C0263540
C0427546,Lymphocyte abnormal,CC BY-NC-SA 4.0,UMLS via SIDER 4.1,http://identifiers.org/umls/C0427546
C0520723,Periorbital haematoma,CC BY-NC-SA 4.0,UMLS via SIDER 4.1,http://identifiers.org/umls/C0520723
C0700053,Idiopathic hypertrophic subaortic stenosis,CC BY-NC-SA 4.0,UMLS via SIDER 4.1,http://identifiers.org/umls/C0700053
C1458140,Bleeding tendency,CC BY-NC-SA 4.0,UMLS via SIDER 4.1,http://identifiers.org/umls/C1458140
C0858524,Tachycardia nervous,CC BY-NC-SA 4.0,UMLS via SIDER 4.1,http://identifiers.org/umls/C0858524
C0403723,Candiduria,CC BY-NC-SA 4.0,UMLS via SIDER 4.1,http://identifiers.org/umls/C0403723
C0424109,Tearfulness,CC BY-NC-SA 4.0,UMLS via SIDER 4.1,http://identifiers.org/umls/C0424109
C0001883,Airway obstruction NOS,CC BY-NC-SA 4.0,UMLS via SIDER 4.1,http://identifiers.org/umls/C0001883
C1262038,Post procedural nausea,CC BY-NC-SA 4.0,UMLS via SIDER 4.1,http://identifiers.org/umls/C1262038
C0948050,Small bowel angioedema,CC BY-NC-SA 4.0,UMLS via SIDER 4.1,http://identifiers.org/umls/C0948050
C0001349,Acute phase reaction,CC BY-NC-SA 4.0,UMLS via SIDER 4.1,http://identifiers.org/umls/C0001349
C2609073,Splenic peliosis,CC BY-NC-SA 4.0,UMLS via SIDER 4.1,http://identifiers.org/umls/C2609073
C0749106,Submandibular mass,CC BY-NC-SA 4.0,UMLS via SIDER 4.1,http://identifiers.org/umls/C0749106
C0235818,Bullous eruption,CC BY-NC-SA 4.0,UMLS via SIDER 4.1,http://identifiers.org/umls/C0235818
C0043117,Idiopathic thrombocytopenic purpura,CC BY-NC-SA 4.0,UMLS via SIDER 4.1,http://identifiers.org/umls/C0043117
C0020452,Hyperaemia,CC BY-NC-SA 4.0,UMLS via SIDER 4.1,http://identifiers.org/umls/C0020452
C0744403,Gingival infection,CC BY-NC-SA 4.0,UMLS via SIDER 4.1,http://identifiers.org/umls/C0744403
C0541767,Platelet aggregation abnormal,CC BY-NC-SA 4.0,UMLS via SIDER 4.1,http://identifiers.org/umls/C0541767
C1442837,Myocardial necrosis,CC BY-NC-SA 4.0,UMLS via SIDER 4.1,http://identifiers.org/umls/C1442837
C0239279,Epididymal tenderness,CC BY-NC-SA 4.0,UMLS via SIDER 4.1,http://identifiers.org/umls/C0239279
C0006147,Breast feeding,CC BY-NC-SA 4.0,UMLS via SIDER 4.1,http://identifiers.org/umls/C0006147
C1867423,Vascular resistance pulmonary increased,CC BY-NC-SA 4.0,UMLS via SIDER 4.1,http://identifiers.org/umls/C1867423
C0235462,Anginal attack,CC BY-NC-SA 4.0,UMLS via SIDER 4.1,http://identifiers.org/umls/C0235462
C0151830,Urethral pain,CC BY-NC-SA 4.0,UMLS via SIDER 4.1,http://identifiers.org/umls/C0151830
C0233477,Dysphoria,CC BY-NC-SA 4.0,UMLS via SIDER 4.1,http://identifiers.org/umls/C0233477
C0241165,Skin thickening,CC BY-NC-SA 4.0,UMLS via SIDER 4.1,http://identifiers.org/umls/C0241165
C0476486,Generalized lymphadenopathy,CC BY-NC-SA 4.0,UMLS via SIDER 4.1,http://identifiers.org/umls/C0476486
C0751955,Brain infarction,CC BY-NC-SA 4.0,UMLS via SIDER 4.1,http://identifiers.org/umls/C0751955
C0035258,Restless legs syndrome,CC BY-NC-SA 4.0,UMLS via SIDER 4.1,http://identifiers.org/umls/C0035258
C0542035,Hypoplasia erythroid,CC BY-NC-SA 4.0,UMLS via SIDER 4.1,http://identifiers.org/umls/C0542035
C0740277,Bile duct cancer,CC BY-NC-SA 4.0,UMLS via SIDER 4.1,http://identifiers.org/umls/C0740277
C0239885,Headache dull,CC BY-NC-SA 4.0,UMLS via SIDER 4.1,http://identifiers.org/umls/C0239885
C0860434,Fluid and electrolyte imbalance,CC BY-NC-SA 4.0,UMLS via SIDER 4.1,http://identifiers.org/umls/C0860434
C0085637,Oculogyric crisis,CC BY-NC-SA 4.0,UMLS via SIDER 4.1,http://identifiers.org/umls/C0085637
C0877126,Application site inflammation,CC BY-NC-SA 4.0,UMLS via SIDER 4.1,http://identifiers.org/umls/C0877126
C0235723,Reaction febrile,CC BY-NC-SA 4.0,UMLS via SIDER 4.1,http://identifiers.org/umls/C0235723
C0015970,Fever of unknown origin,CC BY-NC-SA 4.0,UMLS via SIDER 4.1,http://identifiers.org/umls/C0015970
C0231688,Gait shuffling,CC BY-NC-SA 4.0,UMLS via SIDER 4.1,http://identifiers.org/umls/C0231688
C0853946,Pain worsened,CC BY-NC-SA 4.0,UMLS via SIDER 4.1,http://identifiers.org/umls/C0853946
C0151698,Injection site haemorrhage,CC BY-NC-SA 4.0,UMLS via SIDER 4.1,http://identifiers.org/umls/C0151698
C0036117,Salmonellosis,CC BY-NC-SA 4.0,UMLS via SIDER 4.1,http://identifiers.org/umls/C0036117
C0271298,Chemosis,CC BY-NC-SA 4.0,UMLS via SIDER 4.1,http://identifiers.org/umls/C0271298
C0011644,Scleroderma,CC BY-NC-SA 4.0,UMLS via SIDER 4.1,http://identifiers.org/umls/C0011644
C0178415,Prostatic specific antigen increased,CC BY-NC-SA 4.0,UMLS via SIDER 4.1,http://identifiers.org/umls/C0178415
C0151788,Eosinophilic myocarditis,CC BY-NC-SA 4.0,UMLS via SIDER 4.1,http://identifiers.org/umls/C0151788
C0429097,QRS complex,CC BY-NC-SA 4.0,UMLS via SIDER 4.1,http://identifiers.org/umls/C0429097
C3241936,Non-cardiogenic pulmonary oedema,CC BY-NC-SA 4.0,UMLS via SIDER 4.1,http://identifiers.org/umls/C3241936
C0426498,Tongue dry,CC BY-NC-SA 4.0,UMLS via SIDER 4.1,http://identifiers.org/umls/C0426498
C0020599,Hypocalciuria,CC BY-NC-SA 4.0,UMLS via SIDER 4.1,http://identifiers.org/umls/C0020599
C0853402,Exposure to poisonous plant,CC BY-NC-SA 4.0,UMLS via SIDER 4.1,http://identifiers.org/umls/C0853402
C0024032,Birth weight low,CC BY-NC-SA 4.0,UMLS via SIDER 4.1,http://identifiers.org/umls/C0024032
C0018784,Deafness neurosensory,CC BY-NC-SA 4.0,UMLS via SIDER 4.1,http://identifiers.org/umls/C0018784
C0235360,Spasm biliary,CC BY-NC-SA 4.0,UMLS via SIDER 4.1,http://identifiers.org/umls/C0235360
C0270769,Radiation myelopathy,CC BY-NC-SA 4.0,UMLS via SIDER 4.1,http://identifiers.org/umls/C0270769
C0281863,Hepatitis C antibody positive,CC BY-NC-SA 4.0,UMLS via SIDER 4.1,http://identifiers.org/umls/C0281863
C0877094,Application site haemorrhage,CC BY-NC-SA 4.0,UMLS via SIDER 4.1,http://identifiers.org/umls/C0877094
C1096393,Body fat disorder,CC BY-NC-SA 4.0,UMLS via SIDER 4.1,http://identifiers.org/umls/C1096393
C0034886,Proctalgia,CC BY-NC-SA 4.0,UMLS via SIDER 4.1,http://identifiers.org/umls/C0034886
C0151945,Cerebral venous thrombosis,CC BY-NC-SA 4.0,UMLS via SIDER 4.1,http://identifiers.org/umls/C0151945
C0525045,Affective disorder,CC BY-NC-SA 4.0,UMLS via SIDER 4.1,http://identifiers.org/umls/C0525045
C0151790,Nasal septum disorder,CC BY-NC-SA 4.0,UMLS via SIDER 4.1,http://identifiers.org/umls/C0151790
C0520589,Vulvovaginal dryness,CC BY-NC-SA 4.0,UMLS via SIDER 4.1,http://identifiers.org/umls/C0520589
C0473120,Intra-abdominal haematoma,CC BY-NC-SA 4.0,UMLS via SIDER 4.1,http://identifiers.org/umls/C0473120
C0403529,Goodpasture's syndrome,CC BY-NC-SA 4.0,UMLS via SIDER 4.1,http://identifiers.org/umls/C0403529
C0919986,Infusion site oedema,CC BY-NC-SA 4.0,UMLS via SIDER 4.1,http://identifiers.org/umls/C0919986
C1994994,Excessive thirst,CC BY-NC-SA 4.0,UMLS via SIDER 4.1,http://identifiers.org/umls/C1994994
C0343084,Capillary leak syndrome,CC BY-NC-SA 4.0,UMLS via SIDER 4.1,http://identifiers.org/umls/C0343084
C0034880,Hyperacusis,CC BY-NC-SA 4.0,UMLS via SIDER 4.1,http://identifiers.org/umls/C0034880
C0740330,Genital infection fungal,CC BY-NC-SA 4.0,UMLS via SIDER 4.1,http://identifiers.org/umls/C0740330
C0235108,Feeling tense,CC BY-NC-SA 4.0,UMLS via SIDER 4.1,http://identifiers.org/umls/C0235108
C1262165,High turnover osteopathy,CC BY-NC-SA 4.0,UMLS via SIDER 4.1,http://identifiers.org/umls/C1262165
C0438243,Serum creatinine abnormal,CC BY-NC-SA 4.0,UMLS via SIDER 4.1,http://identifiers.org/umls/C0438243
C0005940,Bone disorder,CC BY-NC-SA 4.0,UMLS via SIDER 4.1,http://identifiers.org/umls/C0005940
C0427108,Unsteadiness,CC BY-NC-SA 4.0,UMLS via SIDER 4.1,http://identifiers.org/umls/C0427108
C0020981,Angioimmunoblastic T-cell lymphoma,CC BY-NC-SA 4.0,UMLS via SIDER 4.1,http://identifiers.org/umls/C0020981
C0239375,Numbness of limbs,CC BY-NC-SA 4.0,UMLS via SIDER 4.1,http://identifiers.org/umls/C0239375
C0700075,Motor restlessness,CC BY-NC-SA 4.0,UMLS via SIDER 4.1,http://identifiers.org/umls/C0700075
C0005699,Blast cell crisis,CC BY-NC-SA 4.0,UMLS via SIDER 4.1,http://identifiers.org/umls/C0005699
C0032371,Poliomyelitis,CC BY-NC-SA 4.0,UMLS via SIDER 4.1,http://identifiers.org/umls/C0032371
C0423232,Corneal staining,CC BY-NC-SA 4.0,UMLS via SIDER 4.1,http://identifiers.org/umls/C0423232
C0410919,Bradycardia foetal,CC BY-NC-SA 4.0,UMLS via SIDER 4.1,http://identifiers.org/umls/C0410919
C0858598,Taste salty,CC BY-NC-SA 4.0,UMLS via SIDER 4.1,http://identifiers.org/umls/C0858598
C0235063,Respiratory depression,CC BY-NC-SA 4.0,UMLS via SIDER 4.1,http://identifiers.org/umls/C0235063
C0235527,Cardiac failure right,CC BY-NC-SA 4.0,UMLS via SIDER 4.1,http://identifiers.org/umls/C0235527
C0242770,Bronchiolitis obliterans with organizing pneumonia,CC BY-NC-SA 4.0,UMLS via SIDER 4.1,http://identifiers.org/umls/C0242770
C0017411,Genital disorder female,CC BY-NC-SA 4.0,UMLS via SIDER 4.1,http://identifiers.org/umls/C0017411
C0795692,Hyperlactacidaemia,CC BY-NC-SA 4.0,UMLS via SIDER 4.1,http://identifiers.org/umls/C0795692
C0281774,Acute psychosis,CC BY-NC-SA 4.0,UMLS via SIDER 4.1,http://identifiers.org/umls/C0281774
C0282074,Biliary sludge,CC BY-NC-SA 4.0,UMLS via SIDER 4.1,http://identifiers.org/umls/C0282074
C0221239,Glomerulonephritis rapidly progressive,CC BY-NC-SA 4.0,UMLS via SIDER 4.1,http://identifiers.org/umls/C0221239
C0030578,Paronychia,CC BY-NC-SA 4.0,UMLS via SIDER 4.1,http://identifiers.org/umls/C0030578
C0162297,Respiratory arrest,CC BY-NC-SA 4.0,UMLS via SIDER 4.1,http://identifiers.org/umls/C0162297
C0427055,Facial paresis,CC BY-NC-SA 4.0,UMLS via SIDER 4.1,http://identifiers.org/umls/C0427055
C0349217,Depressive episode,CC BY-NC-SA 4.0,UMLS via SIDER 4.1,http://identifiers.org/umls/C0349217
C1096387,Chemical eye injury,CC BY-NC-SA 4.0,UMLS via SIDER 4.1,http://identifiers.org/umls/C1096387
C0039584,Testicular disorder,CC BY-NC-SA 4.0,UMLS via SIDER 4.1,http://identifiers.org/umls/C0039584
C0020453,Hyperaesthesia,CC BY-NC-SA 4.0,UMLS via SIDER 4.1,http://identifiers.org/umls/C0020453
C0239937,Microscopic hematuria,CC BY-NC-SA 4.0,UMLS via SIDER 4.1,http://identifiers.org/umls/C0239937
C1394290,Cyanotic heart disease,CC BY-NC-SA 4.0,UMLS via SIDER 4.1,http://identifiers.org/umls/C1394290
C0036396,Sciatica,CC BY-NC-SA 4.0,UMLS via SIDER 4.1,http://identifiers.org/umls/C0036396
C1096035,Infusion site pain,CC BY-NC-SA 4.0,UMLS via SIDER 4.1,http://identifiers.org/umls/C1096035
C0003462,Anus disorder,CC BY-NC-SA 4.0,UMLS via SIDER 4.1,http://identifiers.org/umls/C0003462
C0520886,Electrocardiogram ST segment elevation,CC BY-NC-SA 4.0,UMLS via SIDER 4.1,http://identifiers.org/umls/C0520886
C0004763,Barrett's oesophagus,CC BY-NC-SA 4.0,UMLS via SIDER 4.1,http://identifiers.org/umls/C0004763
C0042401,Vasodilation,CC BY-NC-SA 4.0,UMLS via SIDER 4.1,http://identifiers.org/umls/C0042401
C0242648,Vertical infection transmission,CC BY-NC-SA 4.0,UMLS via SIDER 4.1,http://identifiers.org/umls/C0242648
C0006325,Bruxism,CC BY-NC-SA 4.0,UMLS via SIDER 4.1,http://identifiers.org/umls/C0006325
C0221248,Gouty tophus,CC BY-NC-SA 4.0,UMLS via SIDER 4.1,http://identifiers.org/umls/C0221248
C1096506,Free prostate-specific antigen increased,CC BY-NC-SA 4.0,UMLS via SIDER 4.1,http://identifiers.org/umls/C1096506
C0235315,Faeces discoloured,CC BY-NC-SA 4.0,UMLS via SIDER 4.1,http://identifiers.org/umls/C0235315
C1510471,Hypovitaminosis,CC BY-NC-SA 4.0,UMLS via SIDER 4.1,http://identifiers.org/umls/C1510471
C0010417,Cryptorchism,CC BY-NC-SA 4.0,UMLS via SIDER 4.1,http://identifiers.org/umls/C0010417
C0852925,Gastrointestinal necrosis,CC BY-NC-SA 4.0,UMLS via SIDER 4.1,http://identifiers.org/umls/C0852925
C0860564,Retinoic acid syndrome,CC BY-NC-SA 4.0,UMLS via SIDER 4.1,http://identifiers.org/umls/C0860564
C0018824,Cardiac valve disease,CC BY-NC-SA 4.0,UMLS via SIDER 4.1,http://identifiers.org/umls/C0018824
C0333472,Epidermolysis,CC BY-NC-SA 4.0,UMLS via SIDER 4.1,http://identifiers.org/umls/C0333472
C0221727,Oesophageal pain,CC BY-NC-SA 4.0,UMLS via SIDER 4.1,http://identifiers.org/umls/C0221727
C1142111,Eyelash discolouration,CC BY-NC-SA 4.0,UMLS via SIDER 4.1,http://identifiers.org/umls/C1142111
C0406479,Steroid acne,CC BY-NC-SA 4.0,UMLS via SIDER 4.1,http://identifiers.org/umls/C0406479
C0025323,Menorrhagia,CC BY-NC-SA 4.0,UMLS via SIDER 4.1,http://identifiers.org/umls/C0025323
C0010032,Corneal abrasion,CC BY-NC-SA 4.0,UMLS via SIDER 4.1,http://identifiers.org/umls/C0010032
C0857983,Serum testosterone decreased,CC BY-NC-SA 4.0,UMLS via SIDER 4.1,http://identifiers.org/umls/C0857983
C0038218,Status asthmaticus,CC BY-NC-SA 4.0,UMLS via SIDER 4.1,http://identifiers.org/umls/C0038218
C0151763,Hepatocellular injury,CC BY-NC-SA 4.0,UMLS via SIDER 4.1,http://identifiers.org/umls/C0151763
C1328377,Oculo-respiratory syndrome,CC BY-NC-SA 4.0,UMLS via SIDER 4.1,http://identifiers.org/umls/C1328377
C0476273,Respiratory distress,CC BY-NC-SA 4.0,UMLS via SIDER 4.1,http://identifiers.org/umls/C0476273
C0151626,Necrolysis epidermal,CC BY-NC-SA 4.0,UMLS via SIDER 4.1,http://identifiers.org/umls/C0151626
C0039240,Supraventricular tachycardia,CC BY-NC-SA 4.0,UMLS via SIDER 4.1,http://identifiers.org/umls/C0039240
C0162283,Nephrogenic diabetes insipidus,CC BY-NC-SA 4.0,UMLS via SIDER 4.1,http://identifiers.org/umls/C0162283
C0027424,Nasal congestion,CC BY-NC-SA 4.0,UMLS via SIDER 4.1,http://identifiers.org/umls/C0027424
C0026826,Hypertonia,CC BY-NC-SA 4.0,UMLS via SIDER 4.1,http://identifiers.org/umls/C0026826
C1141930,Post procedural complication,CC BY-NC-SA 4.0,UMLS via SIDER 4.1,http://identifiers.org/umls/C1141930
C0002631,Amniotic cavity infection,CC BY-NC-SA 4.0,UMLS via SIDER 4.1,http://identifiers.org/umls/C0002631
C1142159,Intentional misuse,CC BY-NC-SA 4.0,UMLS via SIDER 4.1,http://identifiers.org/umls/C1142159
C1536074,Osteoarticular pain,CC BY-NC-SA 4.0,UMLS via SIDER 4.1,http://identifiers.org/umls/C1536074
C0340909,Arteriovenous fistula thrombosis,CC BY-NC-SA 4.0,UMLS via SIDER 4.1,http://identifiers.org/umls/C0340909
C1322253,Eczema infected,CC BY-NC-SA 4.0,UMLS via SIDER 4.1,http://identifiers.org/umls/C1322253
C0014175,Endometriosis,CC BY-NC-SA 4.0,UMLS via SIDER 4.1,http://identifiers.org/umls/C0014175
C0266453,Exencephaly,CC BY-NC-SA 4.0,UMLS via SIDER 4.1,http://identifiers.org/umls/C0266453
C0031485,Phenylketonuria,CC BY-NC-SA 4.0,UMLS via SIDER 4.1,http://identifiers.org/umls/C0031485
C1142530,Vitamin K decreased,CC BY-NC-SA 4.0,UMLS via SIDER 4.1,http://identifiers.org/umls/C1142530
C0877401,Sensorimotor disorder,CC BY-NC-SA 4.0,UMLS via SIDER 4.1,http://identifiers.org/umls/C0877401
C0152032,Urinary hesitation,CC BY-NC-SA 4.0,UMLS via SIDER 4.1,http://identifiers.org/umls/C0152032
C0023801,Lipomatosis,CC BY-NC-SA 4.0,UMLS via SIDER 4.1,http://identifiers.org/umls/C0023801
C1697943,Epidermal growth factor receptor decreased,CC BY-NC-SA 4.0,UMLS via SIDER 4.1,http://identifiers.org/umls/C1697943
C1704320,Glomerulonephritis minimal lesion,CC BY-NC-SA 4.0,UMLS via SIDER 4.1,http://identifiers.org/umls/C1704320
C0546947,Choking sensation,CC BY-NC-SA 4.0,UMLS via SIDER 4.1,http://identifiers.org/umls/C0546947
C0221773,Hyperamylasaemia,CC BY-NC-SA 4.0,UMLS via SIDER 4.1,http://identifiers.org/umls/C0221773
C0427008,Stiffness,CC BY-NC-SA 4.0,UMLS via SIDER 4.1,http://identifiers.org/umls/C0427008
C0265072,Inferior vena cava syndrome,CC BY-NC-SA 4.0,UMLS via SIDER 4.1,http://identifiers.org/umls/C0265072
C0750016,Generalized urticaria,CC BY-NC-SA 4.0,UMLS via SIDER 4.1,http://identifiers.org/umls/C0750016
C0476427,Smear cervix abnormal,CC BY-NC-SA 4.0,UMLS via SIDER 4.1,http://identifiers.org/umls/C0476427
C0404521,Vaginal infection,CC BY-NC-SA 4.0,UMLS via SIDER 4.1,http://identifiers.org/umls/C0404521
C0393759,Transient insomnia,CC BY-NC-SA 4.0,UMLS via SIDER 4.1,http://identifiers.org/umls/C0393759
C0006905,Capillary fragility,CC BY-NC-SA 4.0,UMLS via SIDER 4.1,http://identifiers.org/umls/C0006905
C0847631,Dry scalp,CC BY-NC-SA 4.0,UMLS via SIDER 4.1,http://identifiers.org/umls/C0847631
C0020523,Type I hypersensitivity,CC BY-NC-SA 4.0,UMLS via SIDER 4.1,http://identifiers.org/umls/C0020523
C1527340,Voice disturbance,CC BY-NC-SA 4.0,UMLS via SIDER 4.1,http://identifiers.org/umls/C1527340
C0019569,Congenital megacolon,CC BY-NC-SA 4.0,UMLS via SIDER 4.1,http://identifiers.org/umls/C0019569
C0027651,Neoplasm,CC BY-NC-SA 4.0,UMLS via SIDER 4.1,http://identifiers.org/umls/C0027651
C0030920,Peptic ulcer,CC BY-NC-SA 4.0,UMLS via SIDER 4.1,http://identifiers.org/umls/C0030920
C0280313,Oropharyngeal squamous cell carcinoma,CC BY-NC-SA 4.0,UMLS via SIDER 4.1,http://identifiers.org/umls/C0280313
C0002894,Refractory anaemia with an excess of blasts,CC BY-NC-SA 4.0,UMLS via SIDER 4.1,http://identifiers.org/umls/C0002894
C0020473,Hyperlipidaemia,CC BY-NC-SA 4.0,UMLS via SIDER 4.1,http://identifiers.org/umls/C0020473
C0015934,Microsomia,CC BY-NC-SA 4.0,UMLS via SIDER 4.1,http://identifiers.org/umls/C0015934
C0003962,Ascites,CC BY-NC-SA 4.0,UMLS via SIDER 4.1,http://identifiers.org/umls/C0003962
C0032914,Pre-eclampsia,CC BY-NC-SA 4.0,UMLS via SIDER 4.1,http://identifiers.org/umls/C0032914
C0030486,Paraplegia,CC BY-NC-SA 4.0,UMLS via SIDER 4.1,http://identifiers.org/umls/C0030486
C0155428,Otosalpingitis,CC BY-NC-SA 4.0,UMLS via SIDER 4.1,http://identifiers.org/umls/C0155428
C0006663,Calcinosis,CC BY-NC-SA 4.0,UMLS via SIDER 4.1,http://identifiers.org/umls/C0006663
C0178703,Hypertrophic osteoarthropathy,CC BY-NC-SA 4.0,UMLS via SIDER 4.1,http://identifiers.org/umls/C0178703
C0266813,Faecal occult blood positive,CC BY-NC-SA 4.0,UMLS via SIDER 4.1,http://identifiers.org/umls/C0266813
C1695895,Angiodermatitis,CC BY-NC-SA 4.0,UMLS via SIDER 4.1,http://identifiers.org/umls/C1695895
C0235351,Tongue ulceration,CC BY-NC-SA 4.0,UMLS via SIDER 4.1,http://identifiers.org/umls/C0235351
C0743525,Enterobacter sepsis,CC BY-NC-SA 4.0,UMLS via SIDER 4.1,http://identifiers.org/umls/C0743525
C0235912,Hepatic haemorrhage,CC BY-NC-SA 4.0,UMLS via SIDER 4.1,http://identifiers.org/umls/C0235912
C0919591,Urogenital haemorrhage,CC BY-NC-SA 4.0,UMLS via SIDER 4.1,http://identifiers.org/umls/C0919591
C0235398,Diabetes mellitus exacerbated,CC BY-NC-SA 4.0,UMLS via SIDER 4.1,http://identifiers.org/umls/C0235398
C1510475,Diverticulum intestinal,CC BY-NC-SA 4.0,UMLS via SIDER 4.1,http://identifiers.org/umls/C1510475
C0018800,Cardiomegaly,CC BY-NC-SA 4.0,UMLS via SIDER 4.1,http://identifiers.org/umls/C0018800
C0398370,Lipoedema,CC BY-NC-SA 4.0,UMLS via SIDER 4.1,http://identifiers.org/umls/C0398370
C0497327,Dementia,CC BY-NC-SA 4.0,UMLS via SIDER 4.1,http://identifiers.org/umls/C0497327
C0263386,Ichthyosis acquired,CC BY-NC-SA 4.0,UMLS via SIDER 4.1,http://identifiers.org/umls/C0263386
C0003615,Appendicitis,CC BY-NC-SA 4.0,UMLS via SIDER 4.1,http://identifiers.org/umls/C0003615
C1096282,Medication residue,CC BY-NC-SA 4.0,UMLS via SIDER 4.1,http://identifiers.org/umls/C1096282
C0858775,Myopia transient,CC BY-NC-SA 4.0,UMLS via SIDER 4.1,http://identifiers.org/umls/C0858775
C0162292,External ophthalmoplegia,CC BY-NC-SA 4.0,UMLS via SIDER 4.1,http://identifiers.org/umls/C0162292
C0085605,Hepatic failure,CC BY-NC-SA 4.0,UMLS via SIDER 4.1,http://identifiers.org/umls/C0085605
C1735322,Injection site pallor,CC BY-NC-SA 4.0,UMLS via SIDER 4.1,http://identifiers.org/umls/C1735322
C0026751,Multiparous,CC BY-NC-SA 4.0,UMLS via SIDER 4.1,http://identifiers.org/umls/C0026751
C0034124,Pupillary disorder,CC BY-NC-SA 4.0,UMLS via SIDER 4.1,http://identifiers.org/umls/C0034124
C0018834,Heartburn,CC BY-NC-SA 4.0,UMLS via SIDER 4.1,http://identifiers.org/umls/C0018834
C0028840,Ocular hypertension,CC BY-NC-SA 4.0,UMLS via SIDER 4.1,http://identifiers.org/umls/C0028840
C0149925,Small cell lung cancer,CC BY-NC-SA 4.0,UMLS via SIDER 4.1,http://identifiers.org/umls/C0149925
C0001623,Adrenal insufficiency,CC BY-NC-SA 4.0,UMLS via SIDER 4.1,http://identifiers.org/umls/C0001623
C0270274,Vomiting neonatal,CC BY-NC-SA 4.0,UMLS via SIDER 4.1,http://identifiers.org/umls/C0270274
C0235086,Muscle contractions involuntary,CC BY-NC-SA 4.0,UMLS via SIDER 4.1,http://identifiers.org/umls/C0235086
C0162532,Variegate porphyria,CC BY-NC-SA 4.0,UMLS via SIDER 4.1,http://identifiers.org/umls/C0162532
C0016053,Fibromyalgia,CC BY-NC-SA 4.0,UMLS via SIDER 4.1,http://identifiers.org/umls/C0016053
C1167870,Graft dysfunction,CC BY-NC-SA 4.0,UMLS via SIDER 4.1,http://identifiers.org/umls/C1167870
C0028961,Oliguria,CC BY-NC-SA 4.0,UMLS via SIDER 4.1,http://identifiers.org/umls/C0028961
C2937358,Cerebral haemorrhage,CC BY-NC-SA 4.0,UMLS via SIDER 4.1,http://identifiers.org/umls/C2937358
C0347390,Skin papilloma,CC BY-NC-SA 4.0,UMLS via SIDER 4.1,http://identifiers.org/umls/C0347390
C0015409,Eye penetration,CC BY-NC-SA 4.0,UMLS via SIDER 4.1,http://identifiers.org/umls/C0015409
C0555724,Lip dry,CC BY-NC-SA 4.0,UMLS via SIDER 4.1,http://identifiers.org/umls/C0555724
C0235641,Perineal pain female,CC BY-NC-SA 4.0,UMLS via SIDER 4.1,http://identifiers.org/umls/C0235641
C0036220,Kaposi's sarcoma,CC BY-NC-SA 4.0,UMLS via SIDER 4.1,http://identifiers.org/umls/C0036220
C0156394,Enlarged clitoris,CC BY-NC-SA 4.0,UMLS via SIDER 4.1,http://identifiers.org/umls/C0156394
C1609536,Allergic bronchospasm,CC BY-NC-SA 4.0,UMLS via SIDER 4.1,http://identifiers.org/umls/C1609536
C0853784,Blood iron increased,CC BY-NC-SA 4.0,UMLS via SIDER 4.1,http://identifiers.org/umls/C0853784
C0852203,Fluoride increased,CC BY-NC-SA 4.0,UMLS via SIDER 4.1,http://identifiers.org/umls/C0852203
C0264268,Nasal septum ulceration,CC BY-NC-SA 4.0,UMLS via SIDER 4.1,http://identifiers.org/umls/C0264268
C0241950,Intestinal infarction,CC BY-NC-SA 4.0,UMLS via SIDER 4.1,http://identifiers.org/umls/C0241950
C0151951,Thromboplastin decreased,CC BY-NC-SA 4.0,UMLS via SIDER 4.1,http://identifiers.org/umls/C0151951
C0271710,Hypoglycemic reaction,CC BY-NC-SA 4.0,UMLS via SIDER 4.1,http://identifiers.org/umls/C0271710
C0010520,Cyanosis,CC BY-NC-SA 4.0,UMLS via SIDER 4.1,http://identifiers.org/umls/C0010520
C0235395,Fluid loss,CC BY-NC-SA 4.0,UMLS via SIDER 4.1,http://identifiers.org/umls/C0235395
C0239940,Glycosylated haemoglobin increased,CC BY-NC-SA 4.0,UMLS via SIDER 4.1,http://identifiers.org/umls/C0239940
C0948048,Malignant neoplasm progression,CC BY-NC-SA 4.0,UMLS via SIDER 4.1,http://identifiers.org/umls/C0948048
C0750197,Sustained ventricular tachycardia,CC BY-NC-SA 4.0,UMLS via SIDER 4.1,http://identifiers.org/umls/C0750197
C1096543,Superficial punctate keratopathy,CC BY-NC-SA 4.0,UMLS via SIDER 4.1,http://identifiers.org/umls/C1096543
C0001622,Hyperadrenocorticism,CC BY-NC-SA 4.0,UMLS via SIDER 4.1,http://identifiers.org/umls/C0001622
C0549536,Monocyte count decreased,CC BY-NC-SA 4.0,UMLS via SIDER 4.1,http://identifiers.org/umls/C0549536
C3536794,Feeling sad,CC BY-NC-SA 4.0,UMLS via SIDER 4.1,http://identifiers.org/umls/C3536794
C0020621,Hypokalaemia,CC BY-NC-SA 4.0,UMLS via SIDER 4.1,http://identifiers.org/umls/C0020621
C0541766,Aggravation of existing disorder,CC BY-NC-SA 4.0,UMLS via SIDER 4.1,http://identifiers.org/umls/C0541766
C0022362,Jaw disorder,CC BY-NC-SA 4.0,UMLS via SIDER 4.1,http://identifiers.org/umls/C0022362
C0029132,Optic nerve disorder,CC BY-NC-SA 4.0,UMLS via SIDER 4.1,http://identifiers.org/umls/C0029132
C2721737,Application site stinging,CC BY-NC-SA 4.0,UMLS via SIDER 4.1,http://identifiers.org/umls/C2721737
C0496901,Pituitary tumour benign,CC BY-NC-SA 4.0,UMLS via SIDER 4.1,http://identifiers.org/umls/C0496901
C0015395,Eye burns,CC BY-NC-SA 4.0,UMLS via SIDER 4.1,http://identifiers.org/umls/C0015395
C0020443,Hypercholesterolaemia,CC BY-NC-SA 4.0,UMLS via SIDER 4.1,http://identifiers.org/umls/C0020443
C0236068,Swollen tongue,CC BY-NC-SA 4.0,UMLS via SIDER 4.1,http://identifiers.org/umls/C0236068
C1328537,Palmar-plantar erythema,CC BY-NC-SA 4.0,UMLS via SIDER 4.1,http://identifiers.org/umls/C1328537
C0014867,Varices oesophageal,CC BY-NC-SA 4.0,UMLS via SIDER 4.1,http://identifiers.org/umls/C0014867
C0151563,Coagulation time prolonged,CC BY-NC-SA 4.0,UMLS via SIDER 4.1,http://identifiers.org/umls/C0151563
C0271240,Blindness unilateral,CC BY-NC-SA 4.0,UMLS via SIDER 4.1,http://identifiers.org/umls/C0271240
C0016169,Fistula,CC BY-NC-SA 4.0,UMLS via SIDER 4.1,http://identifiers.org/umls/C0016169
C0521620,Hydroureter,CC BY-NC-SA 4.0,UMLS via SIDER 4.1,http://identifiers.org/umls/C0521620
C0020604,Hypochondriasis,CC BY-NC-SA 4.0,UMLS via SIDER 4.1,http://identifiers.org/umls/C0020604
C2363980,Cross resistance,CC BY-NC-SA 4.0,UMLS via SIDER 4.1,http://identifiers.org/umls/C2363980
C0424535,Vasovagal symptoms,CC BY-NC-SA 4.0,UMLS via SIDER 4.1,http://identifiers.org/umls/C0424535
C0005778,Clotting,CC BY-NC-SA 4.0,UMLS via SIDER 4.1,http://identifiers.org/umls/C0005778
C0344432,Multifocal ventricular tachycardia,CC BY-NC-SA 4.0,UMLS via SIDER 4.1,http://identifiers.org/umls/C0344432
C0343378,Helicobacter gastritis,CC BY-NC-SA 4.0,UMLS via SIDER 4.1,http://identifiers.org/umls/C0343378
C1704381,Glucose decreased,CC BY-NC-SA 4.0,UMLS via SIDER 4.1,http://identifiers.org/umls/C1704381
C0677865,Brain stem glioma,CC BY-NC-SA 4.0,UMLS via SIDER 4.1,http://identifiers.org/umls/C0677865
C0854466,Implant expulsion,CC BY-NC-SA 4.0,UMLS via SIDER 4.1,http://identifiers.org/umls/C0854466
C0017979,Glycosuria,CC BY-NC-SA 4.0,UMLS via SIDER 4.1,http://identifiers.org/umls/C0017979
C0522757,Exposure to toxic agent,CC BY-NC-SA 4.0,UMLS via SIDER 4.1,http://identifiers.org/umls/C0522757
C0521208,Accident at home,CC BY-NC-SA 4.0,UMLS via SIDER 4.1,http://identifiers.org/umls/C0521208
C0009938,Contusion,CC BY-NC-SA 4.0,UMLS via SIDER 4.1,http://identifiers.org/umls/C0009938
C0948342,Citrate toxicity,CC BY-NC-SA 4.0,UMLS via SIDER 4.1,http://identifiers.org/umls/C0948342
C0025345,Menstrual disorder,CC BY-NC-SA 4.0,UMLS via SIDER 4.1,http://identifiers.org/umls/C0025345
C0013922,Embolism,CC BY-NC-SA 4.0,UMLS via SIDER 4.1,http://identifiers.org/umls/C0013922
C1608942,Complication of device insertion,CC BY-NC-SA 4.0,UMLS via SIDER 4.1,http://identifiers.org/umls/C1608942
C0948014,Red cell distribution width increased,CC BY-NC-SA 4.0,UMLS via SIDER 4.1,http://identifiers.org/umls/C0948014
C0239134,Productive cough,CC BY-NC-SA 4.0,UMLS via SIDER 4.1,http://identifiers.org/umls/C0239134
C0266998,Oral soft tissue disorder NOS,CC BY-NC-SA 4.0,UMLS via SIDER 4.1,http://identifiers.org/umls/C0266998
C0006384,Bundle branch block,CC BY-NC-SA 4.0,UMLS via SIDER 4.1,http://identifiers.org/umls/C0006384
C1387528,Acute haemolytic anaemia,CC BY-NC-SA 4.0,UMLS via SIDER 4.1,http://identifiers.org/umls/C1387528
C0235299,Right upper quadrant pain,CC BY-NC-SA 4.0,UMLS via SIDER 4.1,http://identifiers.org/umls/C0235299
C0400822,Lymphocytic colitis,CC BY-NC-SA 4.0,UMLS via SIDER 4.1,http://identifiers.org/umls/C0400822
C0858765,Vascular pain,CC BY-NC-SA 4.0,UMLS via SIDER 4.1,http://identifiers.org/umls/C0858765
C0154822,Serous retinal detachment,CC BY-NC-SA 4.0,UMLS via SIDER 4.1,http://identifiers.org/umls/C0154822
C0476397,Electroretinogram abnormal,CC BY-NC-SA 4.0,UMLS via SIDER 4.1,http://identifiers.org/umls/C0476397
C0040558,Toxoplasmosis,CC BY-NC-SA 4.0,UMLS via SIDER 4.1,http://identifiers.org/umls/C0040558
C0233479,Elevated mood,CC BY-NC-SA 4.0,UMLS via SIDER 4.1,http://identifiers.org/umls/C0233479
C0746961,Oxygen saturation decreased,CC BY-NC-SA 4.0,UMLS via SIDER 4.1,http://identifiers.org/umls/C0746961
C0855618,Alanine aminotransferase decreased,CC BY-NC-SA 4.0,UMLS via SIDER 4.1,http://identifiers.org/umls/C0855618
C0206093,Neuroectodermal neoplasm,CC BY-NC-SA 4.0,UMLS via SIDER 4.1,http://identifiers.org/umls/C0206093
C0234906,Erythema annulare,CC BY-NC-SA 4.0,UMLS via SIDER 4.1,http://identifiers.org/umls/C0234906
C1141926,Abdominal sepsis,CC BY-NC-SA 4.0,UMLS via SIDER 4.1,http://identifiers.org/umls/C1141926
C0037286,Neoplasm skin,CC BY-NC-SA 4.0,UMLS via SIDER 4.1,http://identifiers.org/umls/C0037286
C0852361,Skin haemorrhage,CC BY-NC-SA 4.0,UMLS via SIDER 4.1,http://identifiers.org/umls/C0852361
C0521546,Congenital joint malformation,CC BY-NC-SA 4.0,UMLS via SIDER 4.1,http://identifiers.org/umls/C0521546
C0242784,Food interaction,CC BY-NC-SA 4.0,UMLS via SIDER 4.1,http://identifiers.org/umls/C0242784
C0541900,Disulfiram like reaction,CC BY-NC-SA 4.0,UMLS via SIDER 4.1,http://identifiers.org/umls/C0541900
C0035021,Relapsing fever,CC BY-NC-SA 4.0,UMLS via SIDER 4.1,http://identifiers.org/umls/C0035021
C0009326,Collagen disorder,CC BY-NC-SA 4.0,UMLS via SIDER 4.1,http://identifiers.org/umls/C0009326
C0740411,Delayed gastric emptying,CC BY-NC-SA 4.0,UMLS via SIDER 4.1,http://identifiers.org/umls/C0740411
C0264893,Nodal arrhythmia,CC BY-NC-SA 4.0,UMLS via SIDER 4.1,http://identifiers.org/umls/C0264893
C0919593,Injection site coldness,CC BY-NC-SA 4.0,UMLS via SIDER 4.1,http://identifiers.org/umls/C0919593
C0235353,Tooth caries aggravated NOS,CC BY-NC-SA 4.0,UMLS via SIDER 4.1,http://identifiers.org/umls/C0235353
C0032231,Pleurisy,CC BY-NC-SA 4.0,UMLS via SIDER 4.1,http://identifiers.org/umls/C0032231
C0242459,Loeffler's syndrome,CC BY-NC-SA 4.0,UMLS via SIDER 4.1,http://identifiers.org/umls/C0242459
C0151623,Enterocolitis haemorrhagic,CC BY-NC-SA 4.0,UMLS via SIDER 4.1,http://identifiers.org/umls/C0151623
C0333355,Mucosal inflammation,CC BY-NC-SA 4.0,UMLS via SIDER 4.1,http://identifiers.org/umls/C0333355
C0456103,Sepsis neonatal,CC BY-NC-SA 4.0,UMLS via SIDER 4.1,http://identifiers.org/umls/C0456103
C0687713,Gastrointestinal pain,CC BY-NC-SA 4.0,UMLS via SIDER 4.1,http://identifiers.org/umls/C0687713
C0011974,Dermatitis diaper,CC BY-NC-SA 4.0,UMLS via SIDER 4.1,http://identifiers.org/umls/C0011974
C0235168,Nervous tremulousness,CC BY-NC-SA 4.0,UMLS via SIDER 4.1,http://identifiers.org/umls/C0235168
C0151477,Hormone level abnormal,CC BY-NC-SA 4.0,UMLS via SIDER 4.1,http://identifiers.org/umls/C0151477
C0233754,Derealisation,CC BY-NC-SA 4.0,UMLS via SIDER 4.1,http://identifiers.org/umls/C0233754
C0029163,Mouth haemorrhage,CC BY-NC-SA 4.0,UMLS via SIDER 4.1,http://identifiers.org/umls/C0029163
C0235762,Rheumatoid arthritis aggravated,CC BY-NC-SA 4.0,UMLS via SIDER 4.1,http://identifiers.org/umls/C0235762
C0021807,Intertrigo,CC BY-NC-SA 4.0,UMLS via SIDER 4.1,http://identifiers.org/umls/C0021807
C0003635,Apraxia,CC BY-NC-SA 4.0,UMLS via SIDER 4.1,http://identifiers.org/umls/C0003635
C0521662,Hemiplegia transient,CC BY-NC-SA 4.0,UMLS via SIDER 4.1,http://identifiers.org/umls/C0521662
C1608954,Infusion site extravasation,CC BY-NC-SA 4.0,UMLS via SIDER 4.1,http://identifiers.org/umls/C1608954
C0232462,Decreased appetite,CC BY-NC-SA 4.0,UMLS via SIDER 4.1,http://identifiers.org/umls/C0232462
C0476254,Dyslexia,CC BY-NC-SA 4.0,UMLS via SIDER 4.1,http://identifiers.org/umls/C0476254
C0085642,Livedo reticularis,CC BY-NC-SA 4.0,UMLS via SIDER 4.1,http://identifiers.org/umls/C0085642
C0234535,Clonic convulsion,CC BY-NC-SA 4.0,UMLS via SIDER 4.1,http://identifiers.org/umls/C0234535
C0013928,Fat embolism,CC BY-NC-SA 4.0,UMLS via SIDER 4.1,http://identifiers.org/umls/C0013928
C0694563,Excessive daytime sleepiness,CC BY-NC-SA 4.0,UMLS via SIDER 4.1,http://identifiers.org/umls/C0694563
C0151478,Neurotransmitter level altered,CC BY-NC-SA 4.0,UMLS via SIDER 4.1,http://identifiers.org/umls/C0151478
C0221045,Cardiac failure high output,CC BY-NC-SA 4.0,UMLS via SIDER 4.1,http://identifiers.org/umls/C0221045
C0476289,Gas pain,CC BY-NC-SA 4.0,UMLS via SIDER 4.1,http://identifiers.org/umls/C0476289
C1963951,Acute overdose,CC BY-NC-SA 4.0,UMLS via SIDER 4.1,http://identifiers.org/umls/C1963951
C0005424,Biliary tract disorder,CC BY-NC-SA 4.0,UMLS via SIDER 4.1,http://identifiers.org/umls/C0005424
C0151859,Polyserositis,CC BY-NC-SA 4.0,UMLS via SIDER 4.1,http://identifiers.org/umls/C0151859
C0231218,Malaise,CC BY-NC-SA 4.0,UMLS via SIDER 4.1,http://identifiers.org/umls/C0231218
C0017105,Gas gangrene,CC BY-NC-SA 4.0,UMLS via SIDER 4.1,http://identifiers.org/umls/C0017105
C0030252,Palpitations,CC BY-NC-SA 4.0,UMLS via SIDER 4.1,http://identifiers.org/umls/C0030252
C0860594,Metastatic malignant melanoma,CC BY-NC-SA 4.0,UMLS via SIDER 4.1,http://identifiers.org/umls/C0860594
C0037998,Splenic infarction,CC BY-NC-SA 4.0,UMLS via SIDER 4.1,http://identifiers.org/umls/C0037998
C0019270,Hernia,CC BY-NC-SA 4.0,UMLS via SIDER 4.1,http://identifiers.org/umls/C0019270
C0877179,Injection site joint pain,CC BY-NC-SA 4.0,UMLS via SIDER 4.1,http://identifiers.org/umls/C0877179
C0017672,Glossodynia,CC BY-NC-SA 4.0,UMLS via SIDER 4.1,http://identifiers.org/umls/C0017672
C0038165,Staphylococcal scalded skin syndrome,CC BY-NC-SA 4.0,UMLS via SIDER 4.1,http://identifiers.org/umls/C0038165
C0852879,Pulmonary alveolar haemorrhage,CC BY-NC-SA 4.0,UMLS via SIDER 4.1,http://identifiers.org/umls/C0852879
C0040588,Tracheo-oesophageal fistula,CC BY-NC-SA 4.0,UMLS via SIDER 4.1,http://identifiers.org/umls/C0040588
C0338591,Transient global amnesia,CC BY-NC-SA 4.0,UMLS via SIDER 4.1,http://identifiers.org/umls/C0338591
C0236075,Menopausal symptoms,CC BY-NC-SA 4.0,UMLS via SIDER 4.1,http://identifiers.org/umls/C0236075
C0020639,Hypoproteinaemia,CC BY-NC-SA 4.0,UMLS via SIDER 4.1,http://identifiers.org/umls/C0020639
C0018975,Blindness day,CC BY-NC-SA 4.0,UMLS via SIDER 4.1,http://identifiers.org/umls/C0018975
C1142086,Vitamin E decreased,CC BY-NC-SA 4.0,UMLS via SIDER 4.1,http://identifiers.org/umls/C1142086
C0030196,Pain in extremity,CC BY-NC-SA 4.0,UMLS via SIDER 4.1,http://identifiers.org/umls/C0030196
C0162386,Femur fracture subtrochanteric,CC BY-NC-SA 4.0,UMLS via SIDER 4.1,http://identifiers.org/umls/C0162386
C2752009,White matter lesion,CC BY-NC-SA 4.0,UMLS via SIDER 4.1,http://identifiers.org/umls/C2752009
C0332575,Redness,CC BY-NC-SA 4.0,UMLS via SIDER 4.1,http://identifiers.org/umls/C0332575
C0015300,Exophthalmos,CC BY-NC-SA 4.0,UMLS via SIDER 4.1,http://identifiers.org/umls/C0015300
C0851140,Cervix carcinoma stage 0,CC BY-NC-SA 4.0,UMLS via SIDER 4.1,http://identifiers.org/umls/C0851140
C0855237,Social avoidant behaviour,CC BY-NC-SA 4.0,UMLS via SIDER 4.1,http://identifiers.org/umls/C0855237
C0235946,Cerebral atrophy,CC BY-NC-SA 4.0,UMLS via SIDER 4.1,http://identifiers.org/umls/C0235946
C0155943,Arthralgia of temporomandibular joint,CC BY-NC-SA 4.0,UMLS via SIDER 4.1,http://identifiers.org/umls/C0155943
C0429029,Electrocardiogram ST segment,CC BY-NC-SA 4.0,UMLS via SIDER 4.1,http://identifiers.org/umls/C0429029
C0085622,Monoplegia,CC BY-NC-SA 4.0,UMLS via SIDER 4.1,http://identifiers.org/umls/C0085622
C2242494,Haemorrhagic erosive gastritis,CC BY-NC-SA 4.0,UMLS via SIDER 4.1,http://identifiers.org/umls/C2242494
C0151564,Cogwheel rigidity,CC BY-NC-SA 4.0,UMLS via SIDER 4.1,http://identifiers.org/umls/C0151564
C0157733,Abnormalities of the hair,CC BY-NC-SA 4.0,UMLS via SIDER 4.1,http://identifiers.org/umls/C0157733
C0152159,Uterine hypotonus,CC BY-NC-SA 4.0,UMLS via SIDER 4.1,http://identifiers.org/umls/C0152159
C2242582,Cholestatic liver injury,CC BY-NC-SA 4.0,UMLS via SIDER 4.1,http://identifiers.org/umls/C2242582
C0853705,Blood immunoglobulin G decreased,CC BY-NC-SA 4.0,UMLS via SIDER 4.1,http://identifiers.org/umls/C0853705
C0005586,Bipolar disorder,CC BY-NC-SA 4.0,UMLS via SIDER 4.1,http://identifiers.org/umls/C0005586
C0400821,Colitis microscopic,CC BY-NC-SA 4.0,UMLS via SIDER 4.1,http://identifiers.org/umls/C0400821
C0585186,Cutaneous hypersensitivity,CC BY-NC-SA 4.0,UMLS via SIDER 4.1,http://identifiers.org/umls/C0585186
C0015376,Extravasation,CC BY-NC-SA 4.0,UMLS via SIDER 4.1,http://identifiers.org/umls/C0015376
C0428982,Nodal tachycardia,CC BY-NC-SA 4.0,UMLS via SIDER 4.1,http://identifiers.org/umls/C0428982
C0854268,Foetal damage,CC BY-NC-SA 4.0,UMLS via SIDER 4.1,http://identifiers.org/umls/C0854268
C0278034,Cloudy urine,CC BY-NC-SA 4.0,UMLS via SIDER 4.1,http://identifiers.org/umls/C0278034
C0426623,Excessive flatulence,CC BY-NC-SA 4.0,UMLS via SIDER 4.1,http://identifiers.org/umls/C0426623
C0856088,Constipation aggravated,CC BY-NC-SA 4.0,UMLS via SIDER 4.1,http://identifiers.org/umls/C0856088
C0032285,Pneumonia,CC BY-NC-SA 4.0,UMLS via SIDER 4.1,http://identifiers.org/umls/C0032285
C0558489,Renal pain,CC BY-NC-SA 4.0,UMLS via SIDER 4.1,http://identifiers.org/umls/C0558489
C0239735,Gingival erythema,CC BY-NC-SA 4.0,UMLS via SIDER 4.1,http://identifiers.org/umls/C0239735
C1142175,Shunt thrombosis,CC BY-NC-SA 4.0,UMLS via SIDER 4.1,http://identifiers.org/umls/C1142175
C0563238,Gastritis viral,CC BY-NC-SA 4.0,UMLS via SIDER 4.1,http://identifiers.org/umls/C0563238
C0011057,Sudden hearing loss,CC BY-NC-SA 4.0,UMLS via SIDER 4.1,http://identifiers.org/umls/C0011057
C0333139,Pneumatosis,CC BY-NC-SA 4.0,UMLS via SIDER 4.1,http://identifiers.org/umls/C0333139
C0521500,Injection site extravasation,CC BY-NC-SA 4.0,UMLS via SIDER 4.1,http://identifiers.org/umls/C0521500
C0241060,Dermal cyst,CC BY-NC-SA 4.0,UMLS via SIDER 4.1,http://identifiers.org/umls/C0241060
C0040414,Tongue hairy,CC BY-NC-SA 4.0,UMLS via SIDER 4.1,http://identifiers.org/umls/C0040414
C0520540,Rebound hypertension,CC BY-NC-SA 4.0,UMLS via SIDER 4.1,http://identifiers.org/umls/C0520540
C0728725,Low pH,CC BY-NC-SA 4.0,UMLS via SIDER 4.1,http://identifiers.org/umls/C0728725
C0858684,Telangiectasis facial,CC BY-NC-SA 4.0,UMLS via SIDER 4.1,http://identifiers.org/umls/C0858684
C0231170,Disability,CC BY-NC-SA 4.0,UMLS via SIDER 4.1,http://identifiers.org/umls/C0231170
C0038506,Stuttering,CC BY-NC-SA 4.0,UMLS via SIDER 4.1,http://identifiers.org/umls/C0038506
C0235761,Nasal septum perforation,CC BY-NC-SA 4.0,UMLS via SIDER 4.1,http://identifiers.org/umls/C0235761
C0205929,Anal fistula,CC BY-NC-SA 4.0,UMLS via SIDER 4.1,http://identifiers.org/umls/C0205929
C0853018,Blood thyroid stimulating hormone decreased,CC BY-NC-SA 4.0,UMLS via SIDER 4.1,http://identifiers.org/umls/C0853018
C0034372,Quadriplegia,CC BY-NC-SA 4.0,UMLS via SIDER 4.1,http://identifiers.org/umls/C0034372
C0333271,Bloody discharge,CC BY-NC-SA 4.0,UMLS via SIDER 4.1,http://identifiers.org/umls/C0333271
C0854467,Myelosuppression,CC BY-NC-SA 4.0,UMLS via SIDER 4.1,http://identifiers.org/umls/C0854467
C0558401,Skin laceration,CC BY-NC-SA 4.0,UMLS via SIDER 4.1,http://identifiers.org/umls/C0558401
C0151904,Aspartate aminotransferase increased,CC BY-NC-SA 4.0,UMLS via SIDER 4.1,http://identifiers.org/umls/C0151904
C0233633,Bradypsychic response,CC BY-NC-SA 4.0,UMLS via SIDER 4.1,http://identifiers.org/umls/C0233633
C1504411,Post procedural oedema,CC BY-NC-SA 4.0,UMLS via SIDER 4.1,http://identifiers.org/umls/C1504411
C0036973,Shivering,CC BY-NC-SA 4.0,UMLS via SIDER 4.1,http://identifiers.org/umls/C0036973
C0041834,Erythema,CC BY-NC-SA 4.0,UMLS via SIDER 4.1,http://identifiers.org/umls/C0041834
C0151826,Retrosternal pain,CC BY-NC-SA 4.0,UMLS via SIDER 4.1,http://identifiers.org/umls/C0151826
C0151505,Application site reaction,CC BY-NC-SA 4.0,UMLS via SIDER 4.1,http://identifiers.org/umls/C0151505
C1096188,Puncture site reaction,CC BY-NC-SA 4.0,UMLS via SIDER 4.1,http://identifiers.org/umls/C1096188
C0017563,Gingival disorder,CC BY-NC-SA 4.0,UMLS via SIDER 4.1,http://identifiers.org/umls/C0017563
C0020877,Ileitis,CC BY-NC-SA 4.0,UMLS via SIDER 4.1,http://identifiers.org/umls/C0020877
C0424813,Orbital oedema,CC BY-NC-SA 4.0,UMLS via SIDER 4.1,http://identifiers.org/umls/C0424813
C0009676,Confusional state,CC BY-NC-SA 4.0,UMLS via SIDER 4.1,http://identifiers.org/umls/C0009676
C1610622,Coital bleeding,CC BY-NC-SA 4.0,UMLS via SIDER 4.1,http://identifiers.org/umls/C1610622
C0742007,Catheter sepsis,CC BY-NC-SA 4.0,UMLS via SIDER 4.1,http://identifiers.org/umls/C0742007
C0497209,Conjunctivitis infective,CC BY-NC-SA 4.0,UMLS via SIDER 4.1,http://identifiers.org/umls/C0497209
C0549410,Palmar-plantar erythrodysaesthesia syndrome,CC BY-NC-SA 4.0,UMLS via SIDER 4.1,http://identifiers.org/umls/C0549410
C0349782,Ischaemic cardiomyopathy,CC BY-NC-SA 4.0,UMLS via SIDER 4.1,http://identifiers.org/umls/C0349782
C0033893,Tension headache,CC BY-NC-SA 4.0,UMLS via SIDER 4.1,http://identifiers.org/umls/C0033893
C0853698,Lymphocyte count increased,CC BY-NC-SA 4.0,UMLS via SIDER 4.1,http://identifiers.org/umls/C0853698
C1306600,Radial nerve palsy,CC BY-NC-SA 4.0,UMLS via SIDER 4.1,http://identifiers.org/umls/C1306600
C0007103,Endometrial neoplasm malignant,CC BY-NC-SA 4.0,UMLS via SIDER 4.1,http://identifiers.org/umls/C0007103
C0233481,Worry,CC BY-NC-SA 4.0,UMLS via SIDER 4.1,http://identifiers.org/umls/C0233481
C1096732,Fungus sputum test positive,CC BY-NC-SA 4.0,UMLS via SIDER 4.1,http://identifiers.org/umls/C1096732
C0854985,Lung adenocarcinoma stage I,CC BY-NC-SA 4.0,UMLS via SIDER 4.1,http://identifiers.org/umls/C0854985
C0695236,Tracheostomy infection,CC BY-NC-SA 4.0,UMLS via SIDER 4.1,http://identifiers.org/umls/C0695236
C0857256,Unwell,CC BY-NC-SA 4.0,UMLS via SIDER 4.1,http://identifiers.org/umls/C0857256
C0235524,Vein pain,CC BY-NC-SA 4.0,UMLS via SIDER 4.1,http://identifiers.org/umls/C0235524
C2609174,Tongue pigmentation,CC BY-NC-SA 4.0,UMLS via SIDER 4.1,http://identifiers.org/umls/C2609174
C1096001,Application site swelling,CC BY-NC-SA 4.0,UMLS via SIDER 4.1,http://identifiers.org/umls/C1096001
C0235369,Hepatitis granulomatous,CC BY-NC-SA 4.0,UMLS via SIDER 4.1,http://identifiers.org/umls/C0235369
C0555971,Oral infection,CC BY-NC-SA 4.0,UMLS via SIDER 4.1,http://identifiers.org/umls/C0555971
C0863093,Cold symptoms,CC BY-NC-SA 4.0,UMLS via SIDER 4.1,http://identifiers.org/umls/C0863093
C0020429,Hyperpathia,CC BY-NC-SA 4.0,UMLS via SIDER 4.1,http://identifiers.org/umls/C0020429
C0425946,Short period,CC BY-NC-SA 4.0,UMLS via SIDER 4.1,http://identifiers.org/umls/C0425946
C0001807,Aggression,CC BY-NC-SA 4.0,UMLS via SIDER 4.1,http://identifiers.org/umls/C0001807
C0856880,Urea increased,CC BY-NC-SA 4.0,UMLS via SIDER 4.1,http://identifiers.org/umls/C0856880
C0016664,Stress fracture,CC BY-NC-SA 4.0,UMLS via SIDER 4.1,http://identifiers.org/umls/C0016664
C0302313,Osteolytic lesion,CC BY-NC-SA 4.0,UMLS via SIDER 4.1,http://identifiers.org/umls/C0302313
C0877609,Alertness decreased,CC BY-NC-SA 4.0,UMLS via SIDER 4.1,http://identifiers.org/umls/C0877609
C0235234,Dry throat,CC BY-NC-SA 4.0,UMLS via SIDER 4.1,http://identifiers.org/umls/C0235234
C0151689,Hair discoloration,CC BY-NC-SA 4.0,UMLS via SIDER 4.1,http://identifiers.org/umls/C0151689
C1735634,Acute allograft rejection,CC BY-NC-SA 4.0,UMLS via SIDER 4.1,http://identifiers.org/umls/C1735634
C0035222,Acute respiratory distress syndrome,CC BY-NC-SA 4.0,UMLS via SIDER 4.1,http://identifiers.org/umls/C0035222
C0016512,Foot pain,CC BY-NC-SA 4.0,UMLS via SIDER 4.1,http://identifiers.org/umls/C0016512
C0267373,Intestinal haemorrhage,CC BY-NC-SA 4.0,UMLS via SIDER 4.1,http://identifiers.org/umls/C0267373
C0235487,Embolism limb,CC BY-NC-SA 4.0,UMLS via SIDER 4.1,http://identifiers.org/umls/C0235487
C0221265,Microcytosis,CC BY-NC-SA 4.0,UMLS via SIDER 4.1,http://identifiers.org/umls/C0221265
C0276252,Cytomegalovirus hepatitis,CC BY-NC-SA 4.0,UMLS via SIDER 4.1,http://identifiers.org/umls/C0276252
C0024623,Gastric cancer,CC BY-NC-SA 4.0,UMLS via SIDER 4.1,http://identifiers.org/umls/C0024623
C1536070,Renal insufficiency aggravated,CC BY-NC-SA 4.0,UMLS via SIDER 4.1,http://identifiers.org/umls/C1536070
C0035305,Retinal detachment,CC BY-NC-SA 4.0,UMLS via SIDER 4.1,http://identifiers.org/umls/C0035305
C0751711,Anterior ischemic optic neuropathy,CC BY-NC-SA 4.0,UMLS via SIDER 4.1,http://identifiers.org/umls/C0751711
C0236141,Electrocardiogram abnormal specific,CC BY-NC-SA 4.0,UMLS via SIDER 4.1,http://identifiers.org/umls/C0236141
C0339434,Choroidal effusion,CC BY-NC-SA 4.0,UMLS via SIDER 4.1,http://identifiers.org/umls/C0339434
C1696157,Gastrointestinal stoma complication,CC BY-NC-SA 4.0,UMLS via SIDER 4.1,http://identifiers.org/umls/C1696157
C1963964,Periungual erythema,CC BY-NC-SA 4.0,UMLS via SIDER 4.1,http://identifiers.org/umls/C1963964
C0037384,Snoring,CC BY-NC-SA 4.0,UMLS via SIDER 4.1,http://identifiers.org/umls/C0037384
C0241157,Pustule,CC BY-NC-SA 4.0,UMLS via SIDER 4.1,http://identifiers.org/umls/C0241157
C0030807,Pemphigus,CC BY-NC-SA 4.0,UMLS via SIDER 4.1,http://identifiers.org/umls/C0030807
C0013220,Drug tolerance,CC BY-NC-SA 4.0,UMLS via SIDER 4.1,http://identifiers.org/umls/C0013220
C0270276,Grey syndrome neonatal,CC BY-NC-SA 4.0,UMLS via SIDER 4.1,http://identifiers.org/umls/C0270276
C0424790,Rigors,CC BY-NC-SA 4.0,UMLS via SIDER 4.1,http://identifiers.org/umls/C0424790
C1142523,Hypothrombinaemia,CC BY-NC-SA 4.0,UMLS via SIDER 4.1,http://identifiers.org/umls/C1142523
C0271321,Madarosis,CC BY-NC-SA 4.0,UMLS via SIDER 4.1,http://identifiers.org/umls/C0271321
C0017152,Gastritis,CC BY-NC-SA 4.0,UMLS via SIDER 4.1,http://identifiers.org/umls/C0017152
C0151828,Injection site pain,CC BY-NC-SA 4.0,UMLS via SIDER 4.1,http://identifiers.org/umls/C0151828
C0856150,Spinal haematoma,CC BY-NC-SA 4.0,UMLS via SIDER 4.1,http://identifiers.org/umls/C0856150
C0029119,Opportunistic mycosis,CC BY-NC-SA 4.0,UMLS via SIDER 4.1,http://identifiers.org/umls/C0029119
C0037763,Muscle spasms,CC BY-NC-SA 4.0,UMLS via SIDER 4.1,http://identifiers.org/umls/C0037763
C0015403,Eye infection,CC BY-NC-SA 4.0,UMLS via SIDER 4.1,http://identifiers.org/umls/C0015403
C0027796,Neuralgia,CC BY-NC-SA 4.0,UMLS via SIDER 4.1,http://identifiers.org/umls/C0027796
C3544060,Accidental exposure to product,CC BY-NC-SA 4.0,UMLS via SIDER 4.1,http://identifiers.org/umls/C3544060
C0232285,Chest pressure sensation of,CC BY-NC-SA 4.0,UMLS via SIDER 4.1,http://identifiers.org/umls/C0232285
C0233767,"Hallucination, tactile",CC BY-NC-SA 4.0,UMLS via SIDER 4.1,http://identifiers.org/umls/C0233767
C0241910,Autoimmune hepatitis,CC BY-NC-SA 4.0,UMLS via SIDER 4.1,http://identifiers.org/umls/C0241910
C1168188,Intermittent headache,CC BY-NC-SA 4.0,UMLS via SIDER 4.1,http://identifiers.org/umls/C1168188
C2242577,Oromandibular dystonia,CC BY-NC-SA 4.0,UMLS via SIDER 4.1,http://identifiers.org/umls/C2242577
C0036416,Scleritis,CC BY-NC-SA 4.0,UMLS via SIDER 4.1,http://identifiers.org/umls/C0036416
C0339383,Chorioretinopathy,CC BY-NC-SA 4.0,UMLS via SIDER 4.1,http://identifiers.org/umls/C0339383
C0855622,Aspartate aminotransferase decreased,CC BY-NC-SA 4.0,UMLS via SIDER 4.1,http://identifiers.org/umls/C0855622
C0002792,Anaphylactic shock,CC BY-NC-SA 4.0,UMLS via SIDER 4.1,http://identifiers.org/umls/C0002792
C0038325,Stevens-Johnson syndrome,CC BY-NC-SA 4.0,UMLS via SIDER 4.1,http://identifiers.org/umls/C0038325
C0034068,Pulmonary eosinophilia,CC BY-NC-SA 4.0,UMLS via SIDER 4.1,http://identifiers.org/umls/C0034068
C1142272,Neutrophilic dermatosis,CC BY-NC-SA 4.0,UMLS via SIDER 4.1,http://identifiers.org/umls/C1142272
C1096311,Mucosal discolouration,CC BY-NC-SA 4.0,UMLS via SIDER 4.1,http://identifiers.org/umls/C1096311
C0039685,Fallot's tetralogy,CC BY-NC-SA 4.0,UMLS via SIDER 4.1,http://identifiers.org/umls/C0039685
C1963789,Genital swelling,CC BY-NC-SA 4.0,UMLS via SIDER 4.1,http://identifiers.org/umls/C1963789
C2712871,Gout attack,CC BY-NC-SA 4.0,UMLS via SIDER 4.1,http://identifiers.org/umls/C2712871
C0858589,Coordination disturbance,CC BY-NC-SA 4.0,UMLS via SIDER 4.1,http://identifiers.org/umls/C0858589
C0877377,Skin tear,CC BY-NC-SA 4.0,UMLS via SIDER 4.1,http://identifiers.org/umls/C0877377
C0455899,Pharyngeal erythema,CC BY-NC-SA 4.0,UMLS via SIDER 4.1,http://identifiers.org/umls/C0455899
C0520564,Ileal ulcer,CC BY-NC-SA 4.0,UMLS via SIDER 4.1,http://identifiers.org/umls/C0520564
C0853326,Dyspnoea exacerbated,CC BY-NC-SA 4.0,UMLS via SIDER 4.1,http://identifiers.org/umls/C0853326
C0240035,Lung fibrosis interstitial,CC BY-NC-SA 4.0,UMLS via SIDER 4.1,http://identifiers.org/umls/C0240035
C1760428,Suicidal behaviour,CC BY-NC-SA 4.0,UMLS via SIDER 4.1,http://identifiers.org/umls/C1760428
C0032987,Ectopic pregnancy,CC BY-NC-SA 4.0,UMLS via SIDER 4.1,http://identifiers.org/umls/C0032987
C0438242,Blood urea abnormal,CC BY-NC-SA 4.0,UMLS via SIDER 4.1,http://identifiers.org/umls/C0438242
C0263338,Urticaria chronic,CC BY-NC-SA 4.0,UMLS via SIDER 4.1,http://identifiers.org/umls/C0263338
C0422974,Halo vision,CC BY-NC-SA 4.0,UMLS via SIDER 4.1,http://identifiers.org/umls/C0422974
C0030824,Penicillin allergy,CC BY-NC-SA 4.0,UMLS via SIDER 4.1,http://identifiers.org/umls/C0030824
C0265031,Haemorrhoidal haemorrhage,CC BY-NC-SA 4.0,UMLS via SIDER 4.1,http://identifiers.org/umls/C0265031
C0008350,Cholelithiasis,CC BY-NC-SA 4.0,UMLS via SIDER 4.1,http://identifiers.org/umls/C0008350
C0235735,Unexpected therapeutic effect,CC BY-NC-SA 4.0,UMLS via SIDER 4.1,http://identifiers.org/umls/C0235735
C0282612,Prostatic intraepithelial neoplasia,CC BY-NC-SA 4.0,UMLS via SIDER 4.1,http://identifiers.org/umls/C0282612
C0024790,Paroxysmal nocturnal haemoglobinuria,CC BY-NC-SA 4.0,UMLS via SIDER 4.1,http://identifiers.org/umls/C0024790
C0151936,Tendon disorder,CC BY-NC-SA 4.0,UMLS via SIDER 4.1,http://identifiers.org/umls/C0151936
C0221406,Pituitary-dependent Cushing's syndrome,CC BY-NC-SA 4.0,UMLS via SIDER 4.1,http://identifiers.org/umls/C0221406
C0541913,Duodenal ulcer aggravated,CC BY-NC-SA 4.0,UMLS via SIDER 4.1,http://identifiers.org/umls/C0541913
C0549277,Gastritis aggravated,CC BY-NC-SA 4.0,UMLS via SIDER 4.1,http://identifiers.org/umls/C0549277
C0861149,Proarrhythmic effect,CC BY-NC-SA 4.0,UMLS via SIDER 4.1,http://identifiers.org/umls/C0861149
C0009763,Conjunctivitis,CC BY-NC-SA 4.0,UMLS via SIDER 4.1,http://identifiers.org/umls/C0009763
C0857153,Nodal block,CC BY-NC-SA 4.0,UMLS via SIDER 4.1,http://identifiers.org/umls/C0857153
C0240173,Shift to the left,CC BY-NC-SA 4.0,UMLS via SIDER 4.1,http://identifiers.org/umls/C0240173
C0853068,Glomerular filtration rate decreased,CC BY-NC-SA 4.0,UMLS via SIDER 4.1,http://identifiers.org/umls/C0853068
C0521464,Skin oedema,CC BY-NC-SA 4.0,UMLS via SIDER 4.1,http://identifiers.org/umls/C0521464
C0027960,Nevus,CC BY-NC-SA 4.0,UMLS via SIDER 4.1,http://identifiers.org/umls/C0027960
C0027709,Nephrocalcinosis,CC BY-NC-SA 4.0,UMLS via SIDER 4.1,http://identifiers.org/umls/C0027709
C0149642,Cervical adenitis,CC BY-NC-SA 4.0,UMLS via SIDER 4.1,http://identifiers.org/umls/C0149642
C0205875,Papillomatosis,CC BY-NC-SA 4.0,UMLS via SIDER 4.1,http://identifiers.org/umls/C0205875
C0152219,Cyclophoria,CC BY-NC-SA 4.0,UMLS via SIDER 4.1,http://identifiers.org/umls/C0152219
C0423285,Keratic precipitates,CC BY-NC-SA 4.0,UMLS via SIDER 4.1,http://identifiers.org/umls/C0423285
C0473117,Ischaemic hepatitis,CC BY-NC-SA 4.0,UMLS via SIDER 4.1,http://identifiers.org/umls/C0473117
C0151691,High density lipoprotein decreased,CC BY-NC-SA 4.0,UMLS via SIDER 4.1,http://identifiers.org/umls/C0151691
C0263008,Skin fibrosis,CC BY-NC-SA 4.0,UMLS via SIDER 4.1,http://identifiers.org/umls/C0263008
C0235270,Keratopathy,CC BY-NC-SA 4.0,UMLS via SIDER 4.1,http://identifiers.org/umls/C0235270
C0001511,Adhesion,CC BY-NC-SA 4.0,UMLS via SIDER 4.1,http://identifiers.org/umls/C0001511
C0155713,Papillary muscle rupture,CC BY-NC-SA 4.0,UMLS via SIDER 4.1,http://identifiers.org/umls/C0155713
C0162823,Dermatitis irritant contact,CC BY-NC-SA 4.0,UMLS via SIDER 4.1,http://identifiers.org/umls/C0162823
C0857496,Thromboembolic event,CC BY-NC-SA 4.0,UMLS via SIDER 4.1,http://identifiers.org/umls/C0857496
C0270629,Extradural abscess,CC BY-NC-SA 4.0,UMLS via SIDER 4.1,http://identifiers.org/umls/C0270629
C0269189,Ectropion of cervix,CC BY-NC-SA 4.0,UMLS via SIDER 4.1,http://identifiers.org/umls/C0269189
C0860967,Calcium low,CC BY-NC-SA 4.0,UMLS via SIDER 4.1,http://identifiers.org/umls/C0860967
C0334660,Intravascular large B-cell lymphoma,CC BY-NC-SA 4.0,UMLS via SIDER 4.1,http://identifiers.org/umls/C0334660
C0235267,Eye redness,CC BY-NC-SA 4.0,UMLS via SIDER 4.1,http://identifiers.org/umls/C0235267
C0007194,Hypertrophic cardiomyopathy,CC BY-NC-SA 4.0,UMLS via SIDER 4.1,http://identifiers.org/umls/C0007194
C0750876,Phlebitis superficial,CC BY-NC-SA 4.0,UMLS via SIDER 4.1,http://identifiers.org/umls/C0750876
C0152149,Ovulation pain,CC BY-NC-SA 4.0,UMLS via SIDER 4.1,http://identifiers.org/umls/C0152149
C0264522,Pneumonia hypostatic,CC BY-NC-SA 4.0,UMLS via SIDER 4.1,http://identifiers.org/umls/C0264522
C0281784,Meningioma benign,CC BY-NC-SA 4.0,UMLS via SIDER 4.1,http://identifiers.org/umls/C0281784
C0028084,Nightmare,CC BY-NC-SA 4.0,UMLS via SIDER 4.1,http://identifiers.org/umls/C0028084
C0262666,Vulval abscess,CC BY-NC-SA 4.0,UMLS via SIDER 4.1,http://identifiers.org/umls/C0262666
C0858899,Attention concentration difficulty,CC BY-NC-SA 4.0,UMLS via SIDER 4.1,http://identifiers.org/umls/C0858899
C0344320,Vivid dreams,CC BY-NC-SA 4.0,UMLS via SIDER 4.1,http://identifiers.org/umls/C0344320
C0085786,Hamman-Rich syndrome,CC BY-NC-SA 4.0,UMLS via SIDER 4.1,http://identifiers.org/umls/C0085786
C0001125,Lactic acidosis,CC BY-NC-SA 4.0,UMLS via SIDER 4.1,http://identifiers.org/umls/C0001125
C0581386,Chronic anxiety,CC BY-NC-SA 4.0,UMLS via SIDER 4.1,http://identifiers.org/umls/C0581386
C0151981,Peptic ulcer reactivated,CC BY-NC-SA 4.0,UMLS via SIDER 4.1,http://identifiers.org/umls/C0151981
C0036093,Salivary gland disorder,CC BY-NC-SA 4.0,UMLS via SIDER 4.1,http://identifiers.org/umls/C0036093
C0520539,Hypertensive episode,CC BY-NC-SA 4.0,UMLS via SIDER 4.1,http://identifiers.org/umls/C0520539
C0553668,Labored breathing,CC BY-NC-SA 4.0,UMLS via SIDER 4.1,http://identifiers.org/umls/C0553668
C0041657,Loss of consciousness,CC BY-NC-SA 4.0,UMLS via SIDER 4.1,http://identifiers.org/umls/C0041657
C1306503,Exomphalos,CC BY-NC-SA 4.0,UMLS via SIDER 4.1,http://identifiers.org/umls/C1306503
C0151559,CNS depression NOS,CC BY-NC-SA 4.0,UMLS via SIDER 4.1,http://identifiers.org/umls/C0151559
C0239276,Eosinophiluria,CC BY-NC-SA 4.0,UMLS via SIDER 4.1,http://identifiers.org/umls/C0239276
C2363949,Injection site exfoliation,CC BY-NC-SA 4.0,UMLS via SIDER 4.1,http://identifiers.org/umls/C2363949
C1519353,Rash papular,CC BY-NC-SA 4.0,UMLS via SIDER 4.1,http://identifiers.org/umls/C1519353
C0740394,Hyperuricaemia,CC BY-NC-SA 4.0,UMLS via SIDER 4.1,http://identifiers.org/umls/C0740394
C0391870,Red blood cell abnormality,CC BY-NC-SA 4.0,UMLS via SIDER 4.1,http://identifiers.org/umls/C0391870
C0014858,Oesophageal motility disorder,CC BY-NC-SA 4.0,UMLS via SIDER 4.1,http://identifiers.org/umls/C0014858
C1696704,Ovarian haemorrhage,CC BY-NC-SA 4.0,UMLS via SIDER 4.1,http://identifiers.org/umls/C1696704
C0002726,Amyloidosis,CC BY-NC-SA 4.0,UMLS via SIDER 4.1,http://identifiers.org/umls/C0002726
C0948349,Respiratory tract congestion,CC BY-NC-SA 4.0,UMLS via SIDER 4.1,http://identifiers.org/umls/C0948349
C0857117,Hand rash,CC BY-NC-SA 4.0,UMLS via SIDER 4.1,http://identifiers.org/umls/C0857117
C0080233,Tooth loss,CC BY-NC-SA 4.0,UMLS via SIDER 4.1,http://identifiers.org/umls/C0080233
C1260922,Respiration abnormal,CC BY-NC-SA 4.0,UMLS via SIDER 4.1,http://identifiers.org/umls/C1260922
C0559031,Functional gastrointestinal disorder,CC BY-NC-SA 4.0,UMLS via SIDER 4.1,http://identifiers.org/umls/C0559031
C0860645,Bizarre dreams,CC BY-NC-SA 4.0,UMLS via SIDER 4.1,http://identifiers.org/umls/C0860645
C0235630,Renal failure aggravated,CC BY-NC-SA 4.0,UMLS via SIDER 4.1,http://identifiers.org/umls/C0235630
C0037036,Salivary hypersecretion,CC BY-NC-SA 4.0,UMLS via SIDER 4.1,http://identifiers.org/umls/C0037036
C0920289,Sluggishness,CC BY-NC-SA 4.0,UMLS via SIDER 4.1,http://identifiers.org/umls/C0920289
C0264523,Pulmonary ossification,CC BY-NC-SA 4.0,UMLS via SIDER 4.1,http://identifiers.org/umls/C0264523
C0040434,Tooth discolouration,CC BY-NC-SA 4.0,UMLS via SIDER 4.1,http://identifiers.org/umls/C0040434
C0031154,Peritonitis,CC BY-NC-SA 4.0,UMLS via SIDER 4.1,http://identifiers.org/umls/C0031154
C0434437,Joint sprain,CC BY-NC-SA 4.0,UMLS via SIDER 4.1,http://identifiers.org/umls/C0434437
C3665418,Labile hypertension,CC BY-NC-SA 4.0,UMLS via SIDER 4.1,http://identifiers.org/umls/C3665418
C1698400,Incision site oedema,CC BY-NC-SA 4.0,UMLS via SIDER 4.1,http://identifiers.org/umls/C1698400
C0877661,Application site burn,CC BY-NC-SA 4.0,UMLS via SIDER 4.1,http://identifiers.org/umls/C0877661
C0235678,Vaginal odour,CC BY-NC-SA 4.0,UMLS via SIDER 4.1,http://identifiers.org/umls/C0235678
C0423636,Cardiac pain,CC BY-NC-SA 4.0,UMLS via SIDER 4.1,http://identifiers.org/umls/C0423636
C0038663,Suicide attempt,CC BY-NC-SA 4.0,UMLS via SIDER 4.1,http://identifiers.org/umls/C0038663
C0027830,Neurofibroma,CC BY-NC-SA 4.0,UMLS via SIDER 4.1,http://identifiers.org/umls/C0027830
C0853050,Blood acid phosphatase increased,CC BY-NC-SA 4.0,UMLS via SIDER 4.1,http://identifiers.org/umls/C0853050
C0085615,Bundle branch block right,CC BY-NC-SA 4.0,UMLS via SIDER 4.1,http://identifiers.org/umls/C0085615
C0857257,Bloated feeling,CC BY-NC-SA 4.0,UMLS via SIDER 4.1,http://identifiers.org/umls/C0857257
C0021843,Intestinal obstruction,CC BY-NC-SA 4.0,UMLS via SIDER 4.1,http://identifiers.org/umls/C0021843
C0438241,Blood urea normal,CC BY-NC-SA 4.0,UMLS via SIDER 4.1,http://identifiers.org/umls/C0438241
C0025500,Mesothelioma,CC BY-NC-SA 4.0,UMLS via SIDER 4.1,http://identifiers.org/umls/C0025500
C0240873,Rectal mass,CC BY-NC-SA 4.0,UMLS via SIDER 4.1,http://identifiers.org/umls/C0240873
C0853761,Blood potassium decreased,CC BY-NC-SA 4.0,UMLS via SIDER 4.1,http://identifiers.org/umls/C0853761
C0038353,Gastric dilatation,CC BY-NC-SA 4.0,UMLS via SIDER 4.1,http://identifiers.org/umls/C0038353
C0745091,Hypereosinophilia,CC BY-NC-SA 4.0,UMLS via SIDER 4.1,http://identifiers.org/umls/C0745091
C1610069,Circulatory depression,CC BY-NC-SA 4.0,UMLS via SIDER 4.1,http://identifiers.org/umls/C1610069
C1291077,Abdominal bloating,CC BY-NC-SA 4.0,UMLS via SIDER 4.1,http://identifiers.org/umls/C1291077
C0549374,Lumbar disc lesion,CC BY-NC-SA 4.0,UMLS via SIDER 4.1,http://identifiers.org/umls/C0549374
C0033075,Presbyopia,CC BY-NC-SA 4.0,UMLS via SIDER 4.1,http://identifiers.org/umls/C0033075
C0232861,Penile discharge,CC BY-NC-SA 4.0,UMLS via SIDER 4.1,http://identifiers.org/umls/C0232861
C0302314,Xanthoma,CC BY-NC-SA 4.0,UMLS via SIDER 4.1,http://identifiers.org/umls/C0302314
C0270922,Demyelinating polyneuropathy,CC BY-NC-SA 4.0,UMLS via SIDER 4.1,http://identifiers.org/umls/C0270922
C0149881,Epididymo-orchitis,CC BY-NC-SA 4.0,UMLS via SIDER 4.1,http://identifiers.org/umls/C0149881
C0079043,Bronchoconstriction,CC BY-NC-SA 4.0,UMLS via SIDER 4.1,http://identifiers.org/umls/C0079043
C0016033,Fibrocystic disease,CC BY-NC-SA 4.0,UMLS via SIDER 4.1,http://identifiers.org/umls/C0016033
C0235942,Skull malformation,CC BY-NC-SA 4.0,UMLS via SIDER 4.1,http://identifiers.org/umls/C0235942
C0549385,Feeling of body temperature change,CC BY-NC-SA 4.0,UMLS via SIDER 4.1,http://identifiers.org/umls/C0549385
C0007766,Intracranial aneurysm,CC BY-NC-SA 4.0,UMLS via SIDER 4.1,http://identifiers.org/umls/C0007766
C0270729,Drug-induced parkinsonism,CC BY-NC-SA 4.0,UMLS via SIDER 4.1,http://identifiers.org/umls/C0270729
C0237326,Dyschezia,CC BY-NC-SA 4.0,UMLS via SIDER 4.1,http://identifiers.org/umls/C0237326
C1510412,Vascular pseudoaneurysm,CC BY-NC-SA 4.0,UMLS via SIDER 4.1,http://identifiers.org/umls/C1510412
C0542571,Face oedema,CC BY-NC-SA 4.0,UMLS via SIDER 4.1,http://identifiers.org/umls/C0542571
C0005743,Blepharoconjunctivitis,CC BY-NC-SA 4.0,UMLS via SIDER 4.1,http://identifiers.org/umls/C0005743
C0269842,Uterine hypertonus,CC BY-NC-SA 4.0,UMLS via SIDER 4.1,http://identifiers.org/umls/C0269842
C0235988,Serum iron decreased,CC BY-NC-SA 4.0,UMLS via SIDER 4.1,http://identifiers.org/umls/C0235988
C0687133,Drug interaction,CC BY-NC-SA 4.0,UMLS via SIDER 4.1,http://identifiers.org/umls/C0687133
C0549322,Eyelid infection,CC BY-NC-SA 4.0,UMLS via SIDER 4.1,http://identifiers.org/umls/C0549322
C0234939,Inflammatory swelling,CC BY-NC-SA 4.0,UMLS via SIDER 4.1,http://identifiers.org/umls/C0234939
C0028043,Nicotine dependence,CC BY-NC-SA 4.0,UMLS via SIDER 4.1,http://identifiers.org/umls/C0028043
C0151649,Injection site fibrosis,CC BY-NC-SA 4.0,UMLS via SIDER 4.1,http://identifiers.org/umls/C0151649
C0085610,Sinus bradycardia,CC BY-NC-SA 4.0,UMLS via SIDER 4.1,http://identifiers.org/umls/C0085610
C0740399,Auditory and visual hallucinations,CC BY-NC-SA 4.0,UMLS via SIDER 4.1,http://identifiers.org/umls/C0740399
C0013336,Dwarfism,CC BY-NC-SA 4.0,UMLS via SIDER 4.1,http://identifiers.org/umls/C0013336
C0588128,Implant infection,CC BY-NC-SA 4.0,UMLS via SIDER 4.1,http://identifiers.org/umls/C0588128
C0015732,Faecal incontinence,CC BY-NC-SA 4.0,UMLS via SIDER 4.1,http://identifiers.org/umls/C0015732
C0006118,Brain neoplasm,CC BY-NC-SA 4.0,UMLS via SIDER 4.1,http://identifiers.org/umls/C0006118
C0233773,Hypnagogic hallucination,CC BY-NC-SA 4.0,UMLS via SIDER 4.1,http://identifiers.org/umls/C0233773
C1610049,Application site exfoliation,CC BY-NC-SA 4.0,UMLS via SIDER 4.1,http://identifiers.org/umls/C1610049
C0240182,Leukonychia,CC BY-NC-SA 4.0,UMLS via SIDER 4.1,http://identifiers.org/umls/C0240182
C0013415,Dysthymic disorder,CC BY-NC-SA 4.0,UMLS via SIDER 4.1,http://identifiers.org/umls/C0013415
C0027092,Myopia,CC BY-NC-SA 4.0,UMLS via SIDER 4.1,http://identifiers.org/umls/C0027092
C0263355,Rash scarlatiniform,CC BY-NC-SA 4.0,UMLS via SIDER 4.1,http://identifiers.org/umls/C0263355
C0235520,Femoral artery thrombosis,CC BY-NC-SA 4.0,UMLS via SIDER 4.1,http://identifiers.org/umls/C0235520
C0042907,Vitreous detachment,CC BY-NC-SA 4.0,UMLS via SIDER 4.1,http://identifiers.org/umls/C0042907
C0018817,Atrial septal defect,CC BY-NC-SA 4.0,UMLS via SIDER 4.1,http://identifiers.org/umls/C0018817
C0231856,Breath sounds abnormal,CC BY-NC-SA 4.0,UMLS via SIDER 4.1,http://identifiers.org/umls/C0231856
C0574068,Rib pain,CC BY-NC-SA 4.0,UMLS via SIDER 4.1,http://identifiers.org/umls/C0574068
C1112369,Paranasal sinus hypersecretion,CC BY-NC-SA 4.0,UMLS via SIDER 4.1,http://identifiers.org/umls/C1112369
C1167863,Retinogram abnormal,CC BY-NC-SA 4.0,UMLS via SIDER 4.1,http://identifiers.org/umls/C1167863
C0854717,Corneal epithelium disorder,CC BY-NC-SA 4.0,UMLS via SIDER 4.1,http://identifiers.org/umls/C0854717
C0041976,Urethritis,CC BY-NC-SA 4.0,UMLS via SIDER 4.1,http://identifiers.org/umls/C0041976
C0080179,Spinal fracture,CC BY-NC-SA 4.0,UMLS via SIDER 4.1,http://identifiers.org/umls/C0080179
C0877167,Psychomotor skills impaired,CC BY-NC-SA 4.0,UMLS via SIDER 4.1,http://identifiers.org/umls/C0877167
C0004096,Asthma,CC BY-NC-SA 4.0,UMLS via SIDER 4.1,http://identifiers.org/umls/C0004096
C0948396,Frequent headaches,CC BY-NC-SA 4.0,UMLS via SIDER 4.1,http://identifiers.org/umls/C0948396
C0006826,Neoplasm malignant,CC BY-NC-SA 4.0,UMLS via SIDER 4.1,http://identifiers.org/umls/C0006826
C0151966,Duodenal ulcer haemorrhage,CC BY-NC-SA 4.0,UMLS via SIDER 4.1,http://identifiers.org/umls/C0151966
C0235248,Vasoconstriction peripheral,CC BY-NC-SA 4.0,UMLS via SIDER 4.1,http://identifiers.org/umls/C0235248
C0007682,Central nervous system disorder,CC BY-NC-SA 4.0,UMLS via SIDER 4.1,http://identifiers.org/umls/C0007682
C0521508,Injection site bruising,CC BY-NC-SA 4.0,UMLS via SIDER 4.1,http://identifiers.org/umls/C0521508
C1861172,Venous thromboembolism,CC BY-NC-SA 4.0,UMLS via SIDER 4.1,http://identifiers.org/umls/C1861172
C1688637,Intraoperative floppy iris syndrome,CC BY-NC-SA 4.0,UMLS via SIDER 4.1,http://identifiers.org/umls/C1688637
C0595939,Stillbirth,CC BY-NC-SA 4.0,UMLS via SIDER 4.1,http://identifiers.org/umls/C0595939
C0281773,Acute glaucoma,CC BY-NC-SA 4.0,UMLS via SIDER 4.1,http://identifiers.org/umls/C0281773
C0549391,Bladder discomfort,CC BY-NC-SA 4.0,UMLS via SIDER 4.1,http://identifiers.org/umls/C0549391
C0039242,Tachyphylaxis,CC BY-NC-SA 4.0,UMLS via SIDER 4.1,http://identifiers.org/umls/C0039242
C0003862,Arthralgia,CC BY-NC-SA 4.0,UMLS via SIDER 4.1,http://identifiers.org/umls/C0003862
C0456495,Ear canal erythema,CC BY-NC-SA 4.0,UMLS via SIDER 4.1,http://identifiers.org/umls/C0456495
C0235074,Tongue paralysis,CC BY-NC-SA 4.0,UMLS via SIDER 4.1,http://identifiers.org/umls/C0235074
C3203457,Procedural haemorrhage,CC BY-NC-SA 4.0,UMLS via SIDER 4.1,http://identifiers.org/umls/C3203457
C0920166,Catheter site haemorrhage,CC BY-NC-SA 4.0,UMLS via SIDER 4.1,http://identifiers.org/umls/C0920166
C0027441,Nasopharyngitis,CC BY-NC-SA 4.0,UMLS via SIDER 4.1,http://identifiers.org/umls/C0027441
C0232943,Menometrorrhagia,CC BY-NC-SA 4.0,UMLS via SIDER 4.1,http://identifiers.org/umls/C0232943
C0221742,Serum sickness-like reaction,CC BY-NC-SA 4.0,UMLS via SIDER 4.1,http://identifiers.org/umls/C0221742
C0263465,Skin xerosis,CC BY-NC-SA 4.0,UMLS via SIDER 4.1,http://identifiers.org/umls/C0263465
C1096368,Mean platelet volume decreased,CC BY-NC-SA 4.0,UMLS via SIDER 4.1,http://identifiers.org/umls/C1096368
C0235416,Blood uric acid increased,CC BY-NC-SA 4.0,UMLS via SIDER 4.1,http://identifiers.org/umls/C0235416
C1384606,Dyspareunia,CC BY-NC-SA 4.0,UMLS via SIDER 4.1,http://identifiers.org/umls/C1384606
C0264995,Arterial occlusion,CC BY-NC-SA 4.0,UMLS via SIDER 4.1,http://identifiers.org/umls/C0264995
C0152006,Vitreous opacities,CC BY-NC-SA 4.0,UMLS via SIDER 4.1,http://identifiers.org/umls/C0152006
C0312414,Spotting menstrual,CC BY-NC-SA 4.0,UMLS via SIDER 4.1,http://identifiers.org/umls/C0312414
C0013312,Dupuytren's contracture,CC BY-NC-SA 4.0,UMLS via SIDER 4.1,http://identifiers.org/umls/C0013312
C0235511,Superficial phlebothrombosis,CC BY-NC-SA 4.0,UMLS via SIDER 4.1,http://identifiers.org/umls/C0235511
C0149985,Secondary syphilis,CC BY-NC-SA 4.0,UMLS via SIDER 4.1,http://identifiers.org/umls/C0149985
C0020162,Humerus fracture,CC BY-NC-SA 4.0,UMLS via SIDER 4.1,http://identifiers.org/umls/C0020162
C1112210,Catheter site infection,CC BY-NC-SA 4.0,UMLS via SIDER 4.1,http://identifiers.org/umls/C1112210
C0022638,Ketosis,CC BY-NC-SA 4.0,UMLS via SIDER 4.1,http://identifiers.org/umls/C0022638
C0264907,Wenckebach phenomenon,CC BY-NC-SA 4.0,UMLS via SIDER 4.1,http://identifiers.org/umls/C0264907
C0018816,Cardiac septal defect,CC BY-NC-SA 4.0,UMLS via SIDER 4.1,http://identifiers.org/umls/C0018816
C0428196,Bicarbonate level,CC BY-NC-SA 4.0,UMLS via SIDER 4.1,http://identifiers.org/umls/C0428196
C0206062,Interstitial lung disease,CC BY-NC-SA 4.0,UMLS via SIDER 4.1,http://identifiers.org/umls/C0206062
C0023449,Acute lymphocytic leukaemia,CC BY-NC-SA 4.0,UMLS via SIDER 4.1,http://identifiers.org/umls/C0023449
C0267596,Rectal haemorrhage,CC BY-NC-SA 4.0,UMLS via SIDER 4.1,http://identifiers.org/umls/C0267596
C0035309,Retinal disorder,CC BY-NC-SA 4.0,UMLS via SIDER 4.1,http://identifiers.org/umls/C0035309
C0427086,Movements involuntary,CC BY-NC-SA 4.0,UMLS via SIDER 4.1,http://identifiers.org/umls/C0427086
C1096176,Mitochondrial toxicity,CC BY-NC-SA 4.0,UMLS via SIDER 4.1,http://identifiers.org/umls/C1096176
C1262144,Increased bronchial secretion,CC BY-NC-SA 4.0,UMLS via SIDER 4.1,http://identifiers.org/umls/C1262144
C0878588,Sphincter of Oddi dysfunction,CC BY-NC-SA 4.0,UMLS via SIDER 4.1,http://identifiers.org/umls/C0878588
C0522035,Upper limb oedema,CC BY-NC-SA 4.0,UMLS via SIDER 4.1,http://identifiers.org/umls/C0522035
C1096717,Pain during injection,CC BY-NC-SA 4.0,UMLS via SIDER 4.1,http://identifiers.org/umls/C1096717
C0877517,Blood phosphorus decreased,CC BY-NC-SA 4.0,UMLS via SIDER 4.1,http://identifiers.org/umls/C0877517
C0023212,Left ventricular failure,CC BY-NC-SA 4.0,UMLS via SIDER 4.1,http://identifiers.org/umls/C0023212
C0026769,Multiple sclerosis,CC BY-NC-SA 4.0,UMLS via SIDER 4.1,http://identifiers.org/umls/C0026769
C0854456,Cellulitis gangrenous,CC BY-NC-SA 4.0,UMLS via SIDER 4.1,http://identifiers.org/umls/C0854456
C0085655,Polymyositis,CC BY-NC-SA 4.0,UMLS via SIDER 4.1,http://identifiers.org/umls/C0085655
C0034359,Pyuria,CC BY-NC-SA 4.0,UMLS via SIDER 4.1,http://identifiers.org/umls/C0034359
C1096460,Infusion site phlebitis,CC BY-NC-SA 4.0,UMLS via SIDER 4.1,http://identifiers.org/umls/C1096460
C0242656,Disease progression,CC BY-NC-SA 4.0,UMLS via SIDER 4.1,http://identifiers.org/umls/C0242656
C0235272,Retinal damage,CC BY-NC-SA 4.0,UMLS via SIDER 4.1,http://identifiers.org/umls/C0235272
C0022660,Renal failure acute,CC BY-NC-SA 4.0,UMLS via SIDER 4.1,http://identifiers.org/umls/C0022660
C0259817,Xerosis,CC BY-NC-SA 4.0,UMLS via SIDER 4.1,http://identifiers.org/umls/C0259817
C0877038,Electrocardiogram poor R-wave progression,CC BY-NC-SA 4.0,UMLS via SIDER 4.1,http://identifiers.org/umls/C0877038
C0428886,Mean arterial pressure,CC BY-NC-SA 4.0,UMLS via SIDER 4.1,http://identifiers.org/umls/C0428886
C0848377,Abdominal injury,CC BY-NC-SA 4.0,UMLS via SIDER 4.1,http://identifiers.org/umls/C0848377
C0521509,Injection site induration,CC BY-NC-SA 4.0,UMLS via SIDER 4.1,http://identifiers.org/umls/C0521509
C0001231,Ectopic ACTH syndrome,CC BY-NC-SA 4.0,UMLS via SIDER 4.1,http://identifiers.org/umls/C0001231
C1112632,Cross reactive drug hypersensitivity,CC BY-NC-SA 4.0,UMLS via SIDER 4.1,http://identifiers.org/umls/C1112632
C2939094,Skin sensitisation,CC BY-NC-SA 4.0,UMLS via SIDER 4.1,http://identifiers.org/umls/C2939094
C0151666,Gammaglobulins decreased,CC BY-NC-SA 4.0,UMLS via SIDER 4.1,http://identifiers.org/umls/C0151666
C0152427,Polydactyly,CC BY-NC-SA 4.0,UMLS via SIDER 4.1,http://identifiers.org/umls/C0152427
C2939447,Right ventricular failure,CC BY-NC-SA 4.0,UMLS via SIDER 4.1,http://identifiers.org/umls/C2939447
C0340608,Renal artery thrombosis,CC BY-NC-SA 4.0,UMLS via SIDER 4.1,http://identifiers.org/umls/C0340608
C0022904,Lacrimal disorder,CC BY-NC-SA 4.0,UMLS via SIDER 4.1,http://identifiers.org/umls/C0022904
C0178879,Urinary tract obstruction,CC BY-NC-SA 4.0,UMLS via SIDER 4.1,http://identifiers.org/umls/C0178879
C1096708,Vessel puncture site inflammation,CC BY-NC-SA 4.0,UMLS via SIDER 4.1,http://identifiers.org/umls/C1096708
C0158328,Trigger finger,CC BY-NC-SA 4.0,UMLS via SIDER 4.1,http://identifiers.org/umls/C0158328
C0269608,Antepartum hemorrhage,CC BY-NC-SA 4.0,UMLS via SIDER 4.1,http://identifiers.org/umls/C0269608
C0014591,Epistaxis,CC BY-NC-SA 4.0,UMLS via SIDER 4.1,http://identifiers.org/umls/C0014591
C0156369,Uterine polyp,CC BY-NC-SA 4.0,UMLS via SIDER 4.1,http://identifiers.org/umls/C0156369
C0151795,Injection site necrosis,CC BY-NC-SA 4.0,UMLS via SIDER 4.1,http://identifiers.org/umls/C0151795
C1096509,Blood pancreatic amylase increased,CC BY-NC-SA 4.0,UMLS via SIDER 4.1,http://identifiers.org/umls/C1096509
C0853034,Blood creatine phosphokinase increased,CC BY-NC-SA 4.0,UMLS via SIDER 4.1,http://identifiers.org/umls/C0853034
C0038644,Sudden infant death syndrome,CC BY-NC-SA 4.0,UMLS via SIDER 4.1,http://identifiers.org/umls/C0038644
C0020459,Hyperinsulinism,CC BY-NC-SA 4.0,UMLS via SIDER 4.1,http://identifiers.org/umls/C0020459
C0003467,Anxiety,CC BY-NC-SA 4.0,UMLS via SIDER 4.1,http://identifiers.org/umls/C0003467
C0085393,Immunocompromised,CC BY-NC-SA 4.0,UMLS via SIDER 4.1,http://identifiers.org/umls/C0085393
C1510472,Drug dependence,CC BY-NC-SA 4.0,UMLS via SIDER 4.1,http://identifiers.org/umls/C1510472
C0013604,Oedema,CC BY-NC-SA 4.0,UMLS via SIDER 4.1,http://identifiers.org/umls/C0013604
C0269268,Breast induration,CC BY-NC-SA 4.0,UMLS via SIDER 4.1,http://identifiers.org/umls/C0269268
C0235131,Floating feeling,CC BY-NC-SA 4.0,UMLS via SIDER 4.1,http://identifiers.org/umls/C0235131
C0543698,Hypersensitive syndrome,CC BY-NC-SA 4.0,UMLS via SIDER 4.1,http://identifiers.org/umls/C0543698
C0015624,Fanconi syndrome,CC BY-NC-SA 4.0,UMLS via SIDER 4.1,http://identifiers.org/umls/C0015624
C0853755,Blood osmolarity decreased,CC BY-NC-SA 4.0,UMLS via SIDER 4.1,http://identifiers.org/umls/C0853755
C0740279,Cerebellar atrophy,CC BY-NC-SA 4.0,UMLS via SIDER 4.1,http://identifiers.org/umls/C0740279
C0852967,Exacerbation of acne,CC BY-NC-SA 4.0,UMLS via SIDER 4.1,http://identifiers.org/umls/C0852967
C1292769,B-cell type acute leukaemia,CC BY-NC-SA 4.0,UMLS via SIDER 4.1,http://identifiers.org/umls/C1292769
C0852922,Crohns disease aggravated,CC BY-NC-SA 4.0,UMLS via SIDER 4.1,http://identifiers.org/umls/C0852922
C0030805,Pemphigoid,CC BY-NC-SA 4.0,UMLS via SIDER 4.1,http://identifiers.org/umls/C0030805
C0744727,Haematocrit decreased,CC BY-NC-SA 4.0,UMLS via SIDER 4.1,http://identifiers.org/umls/C0744727
C1737214,Injection site injury,CC BY-NC-SA 4.0,UMLS via SIDER 4.1,http://identifiers.org/umls/C1737214
C0085633,Mood swings,CC BY-NC-SA 4.0,UMLS via SIDER 4.1,http://identifiers.org/umls/C0085633
C0267716,Incisional hernia,CC BY-NC-SA 4.0,UMLS via SIDER 4.1,http://identifiers.org/umls/C0267716
C0034091,Pulmonary veno-occlusive disease,CC BY-NC-SA 4.0,UMLS via SIDER 4.1,http://identifiers.org/umls/C0034091
C1279945,Acute interstitial pneumonitis,CC BY-NC-SA 4.0,UMLS via SIDER 4.1,http://identifiers.org/umls/C1279945
C0701821,Onychia,CC BY-NC-SA 4.0,UMLS via SIDER 4.1,http://identifiers.org/umls/C0701821
C0028242,Nocardiosis,CC BY-NC-SA 4.0,UMLS via SIDER 4.1,http://identifiers.org/umls/C0028242
C1383860,Cardiac hypertrophy,CC BY-NC-SA 4.0,UMLS via SIDER 4.1,http://identifiers.org/umls/C1383860
C0344329,Collapse,CC BY-NC-SA 4.0,UMLS via SIDER 4.1,http://identifiers.org/umls/C0344329
C0019294,Inguinal hernia,CC BY-NC-SA 4.0,UMLS via SIDER 4.1,http://identifiers.org/umls/C0019294
C0231710,Buttock pain,CC BY-NC-SA 4.0,UMLS via SIDER 4.1,http://identifiers.org/umls/C0231710
C0259756,Jarisch-Herxheimer reaction,CC BY-NC-SA 4.0,UMLS via SIDER 4.1,http://identifiers.org/umls/C0259756
C0014065,Encephalocele,CC BY-NC-SA 4.0,UMLS via SIDER 4.1,http://identifiers.org/umls/C0014065
C0030232,Pallor,CC BY-NC-SA 4.0,UMLS via SIDER 4.1,http://identifiers.org/umls/C0030232
C0877077,Myocardial haemorrhage,CC BY-NC-SA 4.0,UMLS via SIDER 4.1,http://identifiers.org/umls/C0877077
C0151849,Phosphatase alkaline increased,CC BY-NC-SA 4.0,UMLS via SIDER 4.1,http://identifiers.org/umls/C0151849
C0030312,Pancytopenia,CC BY-NC-SA 4.0,UMLS via SIDER 4.1,http://identifiers.org/umls/C0030312
C0040441,Tooth fracture,CC BY-NC-SA 4.0,UMLS via SIDER 4.1,http://identifiers.org/umls/C0040441
C0857432,Serum osmolality increased,CC BY-NC-SA 4.0,UMLS via SIDER 4.1,http://identifiers.org/umls/C0857432
C0497156,Lymphadenopathy,CC BY-NC-SA 4.0,UMLS via SIDER 4.1,http://identifiers.org/umls/C0497156
C0008925,Cleft palate,CC BY-NC-SA 4.0,UMLS via SIDER 4.1,http://identifiers.org/umls/C0008925
C0860713,Carbon dioxide increased,CC BY-NC-SA 4.0,UMLS via SIDER 4.1,http://identifiers.org/umls/C0860713
C0013927,Amniotic fluid embolism,CC BY-NC-SA 4.0,UMLS via SIDER 4.1,http://identifiers.org/umls/C0013927
C0007642,Cellulitis,CC BY-NC-SA 4.0,UMLS via SIDER 4.1,http://identifiers.org/umls/C0007642
C0235886,Leg edema,CC BY-NC-SA 4.0,UMLS via SIDER 4.1,http://identifiers.org/umls/C0235886
C0005747,Blepharospasm,CC BY-NC-SA 4.0,UMLS via SIDER 4.1,http://identifiers.org/umls/C0005747
C1868998,Cytotoxic oedema,CC BY-NC-SA 4.0,UMLS via SIDER 4.1,http://identifiers.org/umls/C1868998
C0015469,Facial paralysis,CC BY-NC-SA 4.0,UMLS via SIDER 4.1,http://identifiers.org/umls/C0015469
C1868917,Heart racing,CC BY-NC-SA 4.0,UMLS via SIDER 4.1,http://identifiers.org/umls/C1868917
C1504431,Idiopathic pneumonia syndrome,CC BY-NC-SA 4.0,UMLS via SIDER 4.1,http://identifiers.org/umls/C1504431
C1739418,Acute cardiac toxicity,CC BY-NC-SA 4.0,UMLS via SIDER 4.1,http://identifiers.org/umls/C1739418
C0029089,Ophthalmoplegia,CC BY-NC-SA 4.0,UMLS via SIDER 4.1,http://identifiers.org/umls/C0029089
C0264863,Subacute endocarditis,CC BY-NC-SA 4.0,UMLS via SIDER 4.1,http://identifiers.org/umls/C0264863
C0438254,Urine electrolytes abnormal,CC BY-NC-SA 4.0,UMLS via SIDER 4.1,http://identifiers.org/umls/C0438254
C0008372,Cholestasis intrahepatic,CC BY-NC-SA 4.0,UMLS via SIDER 4.1,http://identifiers.org/umls/C0008372
C0151911,Generalised spasm,CC BY-NC-SA 4.0,UMLS via SIDER 4.1,http://identifiers.org/umls/C0151911
C0264315,Glottic edema,CC BY-NC-SA 4.0,UMLS via SIDER 4.1,http://identifiers.org/umls/C0264315
C0020615,Hypoglycaemia,CC BY-NC-SA 4.0,UMLS via SIDER 4.1,http://identifiers.org/umls/C0020615
C0015802,Femur fracture,CC BY-NC-SA 4.0,UMLS via SIDER 4.1,http://identifiers.org/umls/C0015802
C1112182,Parkinsonian rest tremor,CC BY-NC-SA 4.0,UMLS via SIDER 4.1,http://identifiers.org/umls/C1112182
C0272315,Coagulation factor decreased,CC BY-NC-SA 4.0,UMLS via SIDER 4.1,http://identifiers.org/umls/C0272315
C0438173,Electrocardiogram QRS complex abnormal,CC BY-NC-SA 4.0,UMLS via SIDER 4.1,http://identifiers.org/umls/C0438173
C0221333,Hypouricaemia,CC BY-NC-SA 4.0,UMLS via SIDER 4.1,http://identifiers.org/umls/C0221333
C0162678,Neurofibromatosis,CC BY-NC-SA 4.0,UMLS via SIDER 4.1,http://identifiers.org/umls/C0162678
C0549124,Embolism arterial,CC BY-NC-SA 4.0,UMLS via SIDER 4.1,http://identifiers.org/umls/C0549124
C0001824,Agranulocytosis,CC BY-NC-SA 4.0,UMLS via SIDER 4.1,http://identifiers.org/umls/C0001824
C0919894,Nasal mucosal disorder,CC BY-NC-SA 4.0,UMLS via SIDER 4.1,http://identifiers.org/umls/C0919894
C0302590,Disorder calcium (NOS),CC BY-NC-SA 4.0,UMLS via SIDER 4.1,http://identifiers.org/umls/C0302590
C0022680,Polycystic kidney,CC BY-NC-SA 4.0,UMLS via SIDER 4.1,http://identifiers.org/umls/C0022680
C1696110,Vessel puncture site haematoma,CC BY-NC-SA 4.0,UMLS via SIDER 4.1,http://identifiers.org/umls/C1696110
C0037293,Acrochordon,CC BY-NC-SA 4.0,UMLS via SIDER 4.1,http://identifiers.org/umls/C0037293
C0428409,Progesterone levels,CC BY-NC-SA 4.0,UMLS via SIDER 4.1,http://identifiers.org/umls/C0428409
C0853958,Blood creatine phosphokinase MB increased,CC BY-NC-SA 4.0,UMLS via SIDER 4.1,http://identifiers.org/umls/C0853958
C0149976,Proctitis herpes,CC BY-NC-SA 4.0,UMLS via SIDER 4.1,http://identifiers.org/umls/C0149976
C1280433,Lipoatrophy,CC BY-NC-SA 4.0,UMLS via SIDER 4.1,http://identifiers.org/umls/C1280433
C0233715,Speech impairment NOS,CC BY-NC-SA 4.0,UMLS via SIDER 4.1,http://identifiers.org/umls/C0233715
C0010054,Arteriosclerosis coronary artery,CC BY-NC-SA 4.0,UMLS via SIDER 4.1,http://identifiers.org/umls/C0010054
C0034902,Aplasia pure red cell,CC BY-NC-SA 4.0,UMLS via SIDER 4.1,http://identifiers.org/umls/C0034902
C0520872,Stroke volume increased,CC BY-NC-SA 4.0,UMLS via SIDER 4.1,http://identifiers.org/umls/C0520872
C0042568,Vertebrobasilar insufficiency,CC BY-NC-SA 4.0,UMLS via SIDER 4.1,http://identifiers.org/umls/C0042568
C0346306,Pituitary microadenoma,CC BY-NC-SA 4.0,UMLS via SIDER 4.1,http://identifiers.org/umls/C0346306
C0027543,Necrosis ischaemic,CC BY-NC-SA 4.0,UMLS via SIDER 4.1,http://identifiers.org/umls/C0027543
C0019048,Haemoglobinuria,CC BY-NC-SA 4.0,UMLS via SIDER 4.1,http://identifiers.org/umls/C0019048
C0004767,Bartholin's cyst,CC BY-NC-SA 4.0,UMLS via SIDER 4.1,http://identifiers.org/umls/C0004767
C0221232,Welts,CC BY-NC-SA 4.0,UMLS via SIDER 4.1,http://identifiers.org/umls/C0221232
C0235214,Ejaculation inhibited,CC BY-NC-SA 4.0,UMLS via SIDER 4.1,http://identifiers.org/umls/C0235214
C0520758,Neuromuscular block prolonged,CC BY-NC-SA 4.0,UMLS via SIDER 4.1,http://identifiers.org/umls/C0520758
C0238097,Encephalitis cytomegalovirus,CC BY-NC-SA 4.0,UMLS via SIDER 4.1,http://identifiers.org/umls/C0238097
C0023467,Acute myeloid leukaemia,CC BY-NC-SA 4.0,UMLS via SIDER 4.1,http://identifiers.org/umls/C0023467
C0151854,Abnormal platelets,CC BY-NC-SA 4.0,UMLS via SIDER 4.1,http://identifiers.org/umls/C0151854
C0039231,Tachycardia,CC BY-NC-SA 4.0,UMLS via SIDER 4.1,http://identifiers.org/umls/C0039231
C0151899,Syndrome screaming,CC BY-NC-SA 4.0,UMLS via SIDER 4.1,http://identifiers.org/umls/C0151899
C0042109,Urticaria,CC BY-NC-SA 4.0,UMLS via SIDER 4.1,http://identifiers.org/umls/C0042109
C0338575,Superior sagittal sinus thrombosis,CC BY-NC-SA 4.0,UMLS via SIDER 4.1,http://identifiers.org/umls/C0338575
C0392197,Warmth,CC BY-NC-SA 4.0,UMLS via SIDER 4.1,http://identifiers.org/umls/C0392197
C0030200,Intractable pain,CC BY-NC-SA 4.0,UMLS via SIDER 4.1,http://identifiers.org/umls/C0030200
C0547030,Visual disturbance,CC BY-NC-SA 4.0,UMLS via SIDER 4.1,http://identifiers.org/umls/C0547030
C0549334,Parotid duct obstruction,CC BY-NC-SA 4.0,UMLS via SIDER 4.1,http://identifiers.org/umls/C0549334
C0221348,Yellow nail syndrome,CC BY-NC-SA 4.0,UMLS via SIDER 4.1,http://identifiers.org/umls/C0221348
C0234918,Rash morbilliform,CC BY-NC-SA 4.0,UMLS via SIDER 4.1,http://identifiers.org/umls/C0234918
C0151891,Retinal depigmentation,CC BY-NC-SA 4.0,UMLS via SIDER 4.1,http://identifiers.org/umls/C0151891
C0333494,Phlebosclerosis,CC BY-NC-SA 4.0,UMLS via SIDER 4.1,http://identifiers.org/umls/C0333494
C0854165,Conjunctivitis papillary,CC BY-NC-SA 4.0,UMLS via SIDER 4.1,http://identifiers.org/umls/C0854165
C0267988,Hyperproteinaemia,CC BY-NC-SA 4.0,UMLS via SIDER 4.1,http://identifiers.org/umls/C0267988
C0151718,Hypocholesterolaemia,CC BY-NC-SA 4.0,UMLS via SIDER 4.1,http://identifiers.org/umls/C0151718
C0030662,Pathological gambling,CC BY-NC-SA 4.0,UMLS via SIDER 4.1,http://identifiers.org/umls/C0030662
C0919603,Application site urticaria,CC BY-NC-SA 4.0,UMLS via SIDER 4.1,http://identifiers.org/umls/C0919603
C0085594,Fever chills,CC BY-NC-SA 4.0,UMLS via SIDER 4.1,http://identifiers.org/umls/C0085594
C0264009,Osteodystrophy,CC BY-NC-SA 4.0,UMLS via SIDER 4.1,http://identifiers.org/umls/C0264009
C0574960,Sacroiliitis,CC BY-NC-SA 4.0,UMLS via SIDER 4.1,http://identifiers.org/umls/C0574960
C0857457,Digoxin effect,CC BY-NC-SA 4.0,UMLS via SIDER 4.1,http://identifiers.org/umls/C0857457
C0001198,Acrodynia,CC BY-NC-SA 4.0,UMLS via SIDER 4.1,http://identifiers.org/umls/C0001198
C1096272,Vanishing bile duct syndrome,CC BY-NC-SA 4.0,UMLS via SIDER 4.1,http://identifiers.org/umls/C1096272
C0149704,Gingivostomatitis,CC BY-NC-SA 4.0,UMLS via SIDER 4.1,http://identifiers.org/umls/C0149704
C0277941,Blanching of skin,CC BY-NC-SA 4.0,UMLS via SIDER 4.1,http://identifiers.org/umls/C0277941
C0221745,Depression suicidal,CC BY-NC-SA 4.0,UMLS via SIDER 4.1,http://identifiers.org/umls/C0221745
C1112613,Neonatal tachypnoea,CC BY-NC-SA 4.0,UMLS via SIDER 4.1,http://identifiers.org/umls/C1112613
C0023976,Long QT syndrome,CC BY-NC-SA 4.0,UMLS via SIDER 4.1,http://identifiers.org/umls/C0023976
C0854381,Genital haemorrhage,CC BY-NC-SA 4.0,UMLS via SIDER 4.1,http://identifiers.org/umls/C0854381
C0080194,Muscle strain,CC BY-NC-SA 4.0,UMLS via SIDER 4.1,http://identifiers.org/umls/C0080194
C0040034,Thrombocytopenia,CC BY-NC-SA 4.0,UMLS via SIDER 4.1,http://identifiers.org/umls/C0040034
C0043144,Wheezing,CC BY-NC-SA 4.0,UMLS via SIDER 4.1,http://identifiers.org/umls/C0043144
C0877303,Post procedural pain,CC BY-NC-SA 4.0,UMLS via SIDER 4.1,http://identifiers.org/umls/C0877303
C0919643,Urine calcium increased,CC BY-NC-SA 4.0,UMLS via SIDER 4.1,http://identifiers.org/umls/C0919643
C0936254,Polyradiculoneuritis,CC BY-NC-SA 4.0,UMLS via SIDER 4.1,http://identifiers.org/umls/C0936254
C0041582,Ulcer,CC BY-NC-SA 4.0,UMLS via SIDER 4.1,http://identifiers.org/umls/C0041582
C0151625,Enzyme abnormality,CC BY-NC-SA 4.0,UMLS via SIDER 4.1,http://identifiers.org/umls/C0151625
C0333243,Pitting edema,CC BY-NC-SA 4.0,UMLS via SIDER 4.1,http://identifiers.org/umls/C0333243
C0860942,Creatine increased,CC BY-NC-SA 4.0,UMLS via SIDER 4.1,http://identifiers.org/umls/C0860942
C0699885,Bladder carcinoma,CC BY-NC-SA 4.0,UMLS via SIDER 4.1,http://identifiers.org/umls/C0699885
C0578735,Lymphadenopathy axillary,CC BY-NC-SA 4.0,UMLS via SIDER 4.1,http://identifiers.org/umls/C0578735
C0338642,Toxic confusional state,CC BY-NC-SA 4.0,UMLS via SIDER 4.1,http://identifiers.org/umls/C0338642
C0153690,Bone cancer metastatic,CC BY-NC-SA 4.0,UMLS via SIDER 4.1,http://identifiers.org/umls/C0153690
C0080178,Spina bifida,CC BY-NC-SA 4.0,UMLS via SIDER 4.1,http://identifiers.org/umls/C0080178
C0428968,QRS voltage decreased,CC BY-NC-SA 4.0,UMLS via SIDER 4.1,http://identifiers.org/umls/C0428968
C0239521,Facial rash,CC BY-NC-SA 4.0,UMLS via SIDER 4.1,http://identifiers.org/umls/C0239521
C0262985,Dermatitis psoriasiform,CC BY-NC-SA 4.0,UMLS via SIDER 4.1,http://identifiers.org/umls/C0262985
C0023470,Myeloid leukaemia,CC BY-NC-SA 4.0,UMLS via SIDER 4.1,http://identifiers.org/umls/C0023470
C1140680,Ovarian cancer,CC BY-NC-SA 4.0,UMLS via SIDER 4.1,http://identifiers.org/umls/C1140680
C0235660,Galactorrhoea,CC BY-NC-SA 4.0,UMLS via SIDER 4.1,http://identifiers.org/umls/C0235660
C0424741,Cold feet,CC BY-NC-SA 4.0,UMLS via SIDER 4.1,http://identifiers.org/umls/C0424741
C0004364,Autoimmune disorder,CC BY-NC-SA 4.0,UMLS via SIDER 4.1,http://identifiers.org/umls/C0004364
C0586553,Thyrotropin high,CC BY-NC-SA 4.0,UMLS via SIDER 4.1,http://identifiers.org/umls/C0586553
C0341212,Gastrointestinal fistula,CC BY-NC-SA 4.0,UMLS via SIDER 4.1,http://identifiers.org/umls/C0341212
C0702109,Erythropoiesis abnormal,CC BY-NC-SA 4.0,UMLS via SIDER 4.1,http://identifiers.org/umls/C0702109
C0018500,Hair disorder,CC BY-NC-SA 4.0,UMLS via SIDER 4.1,http://identifiers.org/umls/C0018500
C1142300,Clostridium colitis,CC BY-NC-SA 4.0,UMLS via SIDER 4.1,http://identifiers.org/umls/C1142300
C0277934,Aortic bruit,CC BY-NC-SA 4.0,UMLS via SIDER 4.1,http://identifiers.org/umls/C0277934
C1737329,Dysmorphism,CC BY-NC-SA 4.0,UMLS via SIDER 4.1,http://identifiers.org/umls/C1737329
C0039520,Tenosynovitis,CC BY-NC-SA 4.0,UMLS via SIDER 4.1,http://identifiers.org/umls/C0039520
C0233795,Anterograde amnesia,CC BY-NC-SA 4.0,UMLS via SIDER 4.1,http://identifiers.org/umls/C0233795
C0236071,Throat tightness,CC BY-NC-SA 4.0,UMLS via SIDER 4.1,http://identifiers.org/umls/C0236071
C0019054,Haemolysis,CC BY-NC-SA 4.0,UMLS via SIDER 4.1,http://identifiers.org/umls/C0019054
C0040156,Thyrotoxicosis,CC BY-NC-SA 4.0,UMLS via SIDER 4.1,http://identifiers.org/umls/C0040156
C0267356,Duodenal perforation,CC BY-NC-SA 4.0,UMLS via SIDER 4.1,http://identifiers.org/umls/C0267356
C0014394,Enuresis,CC BY-NC-SA 4.0,UMLS via SIDER 4.1,http://identifiers.org/umls/C0014394
C0239093,Conjunctival irritation,CC BY-NC-SA 4.0,UMLS via SIDER 4.1,http://identifiers.org/umls/C0239093
C0233612,Waxy flexibility,CC BY-NC-SA 4.0,UMLS via SIDER 4.1,http://identifiers.org/umls/C0233612
C0003492,Coarctation of the aorta,CC BY-NC-SA 4.0,UMLS via SIDER 4.1,http://identifiers.org/umls/C0003492
C0040136,Thyroid neoplasm,CC BY-NC-SA 4.0,UMLS via SIDER 4.1,http://identifiers.org/umls/C0040136
C0022573,Keratoconjunctivitis,CC BY-NC-SA 4.0,UMLS via SIDER 4.1,http://identifiers.org/umls/C0022573
C0012739,Disseminated intravascular coagulation,CC BY-NC-SA 4.0,UMLS via SIDER 4.1,http://identifiers.org/umls/C0012739
C0342881,Homozygous familial hypercholesterolaemia,CC BY-NC-SA 4.0,UMLS via SIDER 4.1,http://identifiers.org/umls/C0342881
C0235955,Dermatitis hemorrhagic,CC BY-NC-SA 4.0,UMLS via SIDER 4.1,http://identifiers.org/umls/C0235955
C0020522,Type IV hypersensitivity reaction,CC BY-NC-SA 4.0,UMLS via SIDER 4.1,http://identifiers.org/umls/C0020522
C0235082,Tremor muscle,CC BY-NC-SA 4.0,UMLS via SIDER 4.1,http://identifiers.org/umls/C0235082
C0476327,Serum amylase increased,CC BY-NC-SA 4.0,UMLS via SIDER 4.1,http://identifiers.org/umls/C0476327
C0155216,Eyelid bleeding,CC BY-NC-SA 4.0,UMLS via SIDER 4.1,http://identifiers.org/umls/C0155216
C0149732,Muscle rupture,CC BY-NC-SA 4.0,UMLS via SIDER 4.1,http://identifiers.org/umls/C0149732
C0003578,Apnoea,CC BY-NC-SA 4.0,UMLS via SIDER 4.1,http://identifiers.org/umls/C0003578
C0241729,Weight fluctuation,CC BY-NC-SA 4.0,UMLS via SIDER 4.1,http://identifiers.org/umls/C0241729
C0024899,Mastocytosis,CC BY-NC-SA 4.0,UMLS via SIDER 4.1,http://identifiers.org/umls/C0024899
C0235446,Azotaemia of renal origin,CC BY-NC-SA 4.0,UMLS via SIDER 4.1,http://identifiers.org/umls/C0235446
C0020964,Immune status,CC BY-NC-SA 4.0,UMLS via SIDER 4.1,http://identifiers.org/umls/C0020964
C0520679,Obstructive sleep apnea syndrome,CC BY-NC-SA 4.0,UMLS via SIDER 4.1,http://identifiers.org/umls/C0520679
C0518015,Haemoglobin,CC BY-NC-SA 4.0,UMLS via SIDER 4.1,http://identifiers.org/umls/C0518015
C0235895,Implantation complication,CC BY-NC-SA 4.0,UMLS via SIDER 4.1,http://identifiers.org/umls/C0235895
C0262469,Embolic stroke,CC BY-NC-SA 4.0,UMLS via SIDER 4.1,http://identifiers.org/umls/C0262469
C0596601,Gas,CC BY-NC-SA 4.0,UMLS via SIDER 4.1,http://identifiers.org/umls/C0596601
C0600104,Compulsions,CC BY-NC-SA 4.0,UMLS via SIDER 4.1,http://identifiers.org/umls/C0600104
C1504379,Coagulation test abnormal,CC BY-NC-SA 4.0,UMLS via SIDER 4.1,http://identifiers.org/umls/C1504379
C0151713,Hyperchlorhydria,CC BY-NC-SA 4.0,UMLS via SIDER 4.1,http://identifiers.org/umls/C0151713
C0043515,Zollinger-Ellison syndrome,CC BY-NC-SA 4.0,UMLS via SIDER 4.1,http://identifiers.org/umls/C0043515
C0549393,Alcohol problem,CC BY-NC-SA 4.0,UMLS via SIDER 4.1,http://identifiers.org/umls/C0549393
C0278883,Metastatic melanoma,CC BY-NC-SA 4.0,UMLS via SIDER 4.1,http://identifiers.org/umls/C0278883
C0751908,Vestibular neuronitis,CC BY-NC-SA 4.0,UMLS via SIDER 4.1,http://identifiers.org/umls/C0751908
C1142412,Vasodilation procedure,CC BY-NC-SA 4.0,UMLS via SIDER 4.1,http://identifiers.org/umls/C1142412
C0037011,Shoulder pain,CC BY-NC-SA 4.0,UMLS via SIDER 4.1,http://identifiers.org/umls/C0037011
C0270611,Brain injury,CC BY-NC-SA 4.0,UMLS via SIDER 4.1,http://identifiers.org/umls/C0270611
C0542175,Rash pemphigoid,CC BY-NC-SA 4.0,UMLS via SIDER 4.1,http://identifiers.org/umls/C0542175
C0740858,Substance abuse,CC BY-NC-SA 4.0,UMLS via SIDER 4.1,http://identifiers.org/umls/C0740858
C2697368,Gastrointestinal tract irritation,CC BY-NC-SA 4.0,UMLS via SIDER 4.1,http://identifiers.org/umls/C2697368
C0019087,Haemorrhagic disorder,CC BY-NC-SA 4.0,UMLS via SIDER 4.1,http://identifiers.org/umls/C0019087
C0857576,Thyroid function abnormal,CC BY-NC-SA 4.0,UMLS via SIDER 4.1,http://identifiers.org/umls/C0857576
C0039075,Syndactyly,CC BY-NC-SA 4.0,UMLS via SIDER 4.1,http://identifiers.org/umls/C0039075
C0948296,Ear discomfort,CC BY-NC-SA 4.0,UMLS via SIDER 4.1,http://identifiers.org/umls/C0948296
C0023211,Bundle branch block left,CC BY-NC-SA 4.0,UMLS via SIDER 4.1,http://identifiers.org/umls/C0023211
C0340464,Extrasystoles,CC BY-NC-SA 4.0,UMLS via SIDER 4.1,http://identifiers.org/umls/C0340464
C1536145,Eyelash hyperpigmentation,CC BY-NC-SA 4.0,UMLS via SIDER 4.1,http://identifiers.org/umls/C1536145
C0392548,Cauda equina syndrome,CC BY-NC-SA 4.0,UMLS via SIDER 4.1,http://identifiers.org/umls/C0392548
C0033975,Psychotic disorder,CC BY-NC-SA 4.0,UMLS via SIDER 4.1,http://identifiers.org/umls/C0033975
C1868843,Injection site dryness,CC BY-NC-SA 4.0,UMLS via SIDER 4.1,http://identifiers.org/umls/C1868843
C0009768,Conjunctivitis bacterial,CC BY-NC-SA 4.0,UMLS via SIDER 4.1,http://identifiers.org/umls/C0009768
C0541919,Dystonic reaction,CC BY-NC-SA 4.0,UMLS via SIDER 4.1,http://identifiers.org/umls/C0541919
C0948309,Pseudohyperkalaemia,CC BY-NC-SA 4.0,UMLS via SIDER 4.1,http://identifiers.org/umls/C0948309
C0149678,Epstein-Barr virus infection,CC BY-NC-SA 4.0,UMLS via SIDER 4.1,http://identifiers.org/umls/C0149678
C2937222,Proctitis ulcerative,CC BY-NC-SA 4.0,UMLS via SIDER 4.1,http://identifiers.org/umls/C2937222
C0521160,Rash psoriaform,CC BY-NC-SA 4.0,UMLS via SIDER 4.1,http://identifiers.org/umls/C0521160
C0010068,Coronary heart disease,CC BY-NC-SA 4.0,UMLS via SIDER 4.1,http://identifiers.org/umls/C0010068
C0025007,Measles,CC BY-NC-SA 4.0,UMLS via SIDER 4.1,http://identifiers.org/umls/C0025007
C1735630,Acute cholestatic hepatitis,CC BY-NC-SA 4.0,UMLS via SIDER 4.1,http://identifiers.org/umls/C1735630
C1697883,Infusion related pain,CC BY-NC-SA 4.0,UMLS via SIDER 4.1,http://identifiers.org/umls/C1697883
C0281825,Dysequilibrium,CC BY-NC-SA 4.0,UMLS via SIDER 4.1,http://identifiers.org/umls/C0281825
C0236167,IUD complication,CC BY-NC-SA 4.0,UMLS via SIDER 4.1,http://identifiers.org/umls/C0236167
C0549259,Anxiety aggravated,CC BY-NC-SA 4.0,UMLS via SIDER 4.1,http://identifiers.org/umls/C0549259
C0238844,Respiratory sounds decreased,CC BY-NC-SA 4.0,UMLS via SIDER 4.1,http://identifiers.org/umls/C0238844
C0003621,Appetite disorder,CC BY-NC-SA 4.0,UMLS via SIDER 4.1,http://identifiers.org/umls/C0003621
C0017657,Glomerulitis,CC BY-NC-SA 4.0,UMLS via SIDER 4.1,http://identifiers.org/umls/C0017657
C0549234,Arthralgia aggravated,CC BY-NC-SA 4.0,UMLS via SIDER 4.1,http://identifiers.org/umls/C0549234
C0346421,Chronic eosinophilic leukaemia,CC BY-NC-SA 4.0,UMLS via SIDER 4.1,http://identifiers.org/umls/C0346421
C0023794,Lipidosis,CC BY-NC-SA 4.0,UMLS via SIDER 4.1,http://identifiers.org/umls/C0023794
C0234222,Sensation of pressure,CC BY-NC-SA 4.0,UMLS via SIDER 4.1,http://identifiers.org/umls/C0234222
C0018946,Subdural haematoma,CC BY-NC-SA 4.0,UMLS via SIDER 4.1,http://identifiers.org/umls/C0018946
C0233651,Perseveration,CC BY-NC-SA 4.0,UMLS via SIDER 4.1,http://identifiers.org/umls/C0233651
C0423736,Micturition burning,CC BY-NC-SA 4.0,UMLS via SIDER 4.1,http://identifiers.org/umls/C0423736
C0853954,Corneal calcification,CC BY-NC-SA 4.0,UMLS via SIDER 4.1,http://identifiers.org/umls/C0853954
C2349423,Medication overuse headache,CC BY-NC-SA 4.0,UMLS via SIDER 4.1,http://identifiers.org/umls/C2349423
C0391839,PCO2,CC BY-NC-SA 4.0,UMLS via SIDER 4.1,http://identifiers.org/umls/C0391839
C0728899,Intoxication,CC BY-NC-SA 4.0,UMLS via SIDER 4.1,http://identifiers.org/umls/C0728899
C0948226,Ureteral spasm,CC BY-NC-SA 4.0,UMLS via SIDER 4.1,http://identifiers.org/umls/C0948226
C0236024,Pharyngeal oedema,CC BY-NC-SA 4.0,UMLS via SIDER 4.1,http://identifiers.org/umls/C0236024
C0877322,Muscle tightness,CC BY-NC-SA 4.0,UMLS via SIDER 4.1,http://identifiers.org/umls/C0877322
C1167842,Tobacco withdrawal symptoms,CC BY-NC-SA 4.0,UMLS via SIDER 4.1,http://identifiers.org/umls/C1167842
C0549249,Depressed level of consciousness,CC BY-NC-SA 4.0,UMLS via SIDER 4.1,http://identifiers.org/umls/C0549249
C0007370,Catalepsy,CC BY-NC-SA 4.0,UMLS via SIDER 4.1,http://identifiers.org/umls/C0007370
C0010481,Cushing's syndrome,CC BY-NC-SA 4.0,UMLS via SIDER 4.1,http://identifiers.org/umls/C0010481
C2240374,Eosinophil count increased,CC BY-NC-SA 4.0,UMLS via SIDER 4.1,http://identifiers.org/umls/C2240374
C0235939,Crying abnormal,CC BY-NC-SA 4.0,UMLS via SIDER 4.1,http://identifiers.org/umls/C0235939
C0013447,Ear disorder,CC BY-NC-SA 4.0,UMLS via SIDER 4.1,http://identifiers.org/umls/C0013447
C0020505,Hyperphagia,CC BY-NC-SA 4.0,UMLS via SIDER 4.1,http://identifiers.org/umls/C0020505
C0234987,Dizziness postural,CC BY-NC-SA 4.0,UMLS via SIDER 4.1,http://identifiers.org/umls/C0234987
C1868771,Peritoneal cloudy effluent,CC BY-NC-SA 4.0,UMLS via SIDER 4.1,http://identifiers.org/umls/C1868771
C0855704,Vital dye staining cornea present,CC BY-NC-SA 4.0,UMLS via SIDER 4.1,http://identifiers.org/umls/C0855704
C0016658,Fracture,CC BY-NC-SA 4.0,UMLS via SIDER 4.1,http://identifiers.org/umls/C0016658
C0235293,Taste peculiar,CC BY-NC-SA 4.0,UMLS via SIDER 4.1,http://identifiers.org/umls/C0235293
C0239454,Erythema of eyelid,CC BY-NC-SA 4.0,UMLS via SIDER 4.1,http://identifiers.org/umls/C0239454
C0039591,Testicular pain,CC BY-NC-SA 4.0,UMLS via SIDER 4.1,http://identifiers.org/umls/C0039591
C1608397,Device occlusion,CC BY-NC-SA 4.0,UMLS via SIDER 4.1,http://identifiers.org/umls/C1608397
C0473124,Perirenal haematoma,CC BY-NC-SA 4.0,UMLS via SIDER 4.1,http://identifiers.org/umls/C0473124
C1096701,Medical device discomfort,CC BY-NC-SA 4.0,UMLS via SIDER 4.1,http://identifiers.org/umls/C1096701
C0242073,Pulmonary congestion,CC BY-NC-SA 4.0,UMLS via SIDER 4.1,http://identifiers.org/umls/C0242073
C0085082,Fungaemia,CC BY-NC-SA 4.0,UMLS via SIDER 4.1,http://identifiers.org/umls/C0085082
C0041601,Ulna fracture,CC BY-NC-SA 4.0,UMLS via SIDER 4.1,http://identifiers.org/umls/C0041601
C0231919,Nasal dryness,CC BY-NC-SA 4.0,UMLS via SIDER 4.1,http://identifiers.org/umls/C0231919
C0005716,Blastomycosis,CC BY-NC-SA 4.0,UMLS via SIDER 4.1,http://identifiers.org/umls/C0005716
C0151669,Gamma globulins increased,CC BY-NC-SA 4.0,UMLS via SIDER 4.1,http://identifiers.org/umls/C0151669
C0023418,Leukaemia,CC BY-NC-SA 4.0,UMLS via SIDER 4.1,http://identifiers.org/umls/C0023418
C0221743,Skin reaction,CC BY-NC-SA 4.0,UMLS via SIDER 4.1,http://identifiers.org/umls/C0221743
C1112209,Abdominal infection,CC BY-NC-SA 4.0,UMLS via SIDER 4.1,http://identifiers.org/umls/C1112209
C0235318,Fullness abdominal,CC BY-NC-SA 4.0,UMLS via SIDER 4.1,http://identifiers.org/umls/C0235318
C0011757,Developmental coordination disorder,CC BY-NC-SA 4.0,UMLS via SIDER 4.1,http://identifiers.org/umls/C0011757
C0338614,Psychotic episode,CC BY-NC-SA 4.0,UMLS via SIDER 4.1,http://identifiers.org/umls/C0338614
C0700509,Chronic peptic ulcer,CC BY-NC-SA 4.0,UMLS via SIDER 4.1,http://identifiers.org/umls/C0700509
C0005944,Bone metabolism disorder,CC BY-NC-SA 4.0,UMLS via SIDER 4.1,http://identifiers.org/umls/C0005944
C0341047,Parotid gland enlargement,CC BY-NC-SA 4.0,UMLS via SIDER 4.1,http://identifiers.org/umls/C0341047
C0595916,Nephropathy toxic,CC BY-NC-SA 4.0,UMLS via SIDER 4.1,http://identifiers.org/umls/C0595916
C0001621,Adrenal disorder,CC BY-NC-SA 4.0,UMLS via SIDER 4.1,http://identifiers.org/umls/C0001621
C3495442,Phantom pain,CC BY-NC-SA 4.0,UMLS via SIDER 4.1,http://identifiers.org/umls/C3495442
C0235706,Back distress,CC BY-NC-SA 4.0,UMLS via SIDER 4.1,http://identifiers.org/umls/C0235706
C0003708,Arachnoiditis,CC BY-NC-SA 4.0,UMLS via SIDER 4.1,http://identifiers.org/umls/C0003708
C0877266,Upper respiratory tract inflammation,CC BY-NC-SA 4.0,UMLS via SIDER 4.1,http://identifiers.org/umls/C0877266
C0521465,Toxic skin eruption,CC BY-NC-SA 4.0,UMLS via SIDER 4.1,http://identifiers.org/umls/C0521465
C0812387,Coldness,CC BY-NC-SA 4.0,UMLS via SIDER 4.1,http://identifiers.org/umls/C0812387
C1535970,Blood count abnormal,CC BY-NC-SA 4.0,UMLS via SIDER 4.1,http://identifiers.org/umls/C1535970
C0029400,Osteitis,CC BY-NC-SA 4.0,UMLS via SIDER 4.1,http://identifiers.org/umls/C0029400
C0233523,Antisocial behaviour,CC BY-NC-SA 4.0,UMLS via SIDER 4.1,http://identifiers.org/umls/C0233523
C0863083,Injection site tenderness,CC BY-NC-SA 4.0,UMLS via SIDER 4.1,http://identifiers.org/umls/C0863083
C0015544,Failure to thrive,CC BY-NC-SA 4.0,UMLS via SIDER 4.1,http://identifiers.org/umls/C0015544
C0267537,Caecitis,CC BY-NC-SA 4.0,UMLS via SIDER 4.1,http://identifiers.org/umls/C0267537
C0004331,Atrioventricular dissociation,CC BY-NC-SA 4.0,UMLS via SIDER 4.1,http://identifiers.org/umls/C0004331
C0149707,Haematospermia,CC BY-NC-SA 4.0,UMLS via SIDER 4.1,http://identifiers.org/umls/C0149707
C0003864,Arthritis,CC BY-NC-SA 4.0,UMLS via SIDER 4.1,http://identifiers.org/umls/C0003864
C0541865,Deposit eye,CC BY-NC-SA 4.0,UMLS via SIDER 4.1,http://identifiers.org/umls/C0541865
C0542224,Spots before eyes,CC BY-NC-SA 4.0,UMLS via SIDER 4.1,http://identifiers.org/umls/C0542224
C0869523,Carditis,CC BY-NC-SA 4.0,UMLS via SIDER 4.1,http://identifiers.org/umls/C0869523
C0265547,Limb reduction defect,CC BY-NC-SA 4.0,UMLS via SIDER 4.1,http://identifiers.org/umls/C0265547
C0919620,Electrocardiogram ST-T change,CC BY-NC-SA 4.0,UMLS via SIDER 4.1,http://identifiers.org/umls/C0919620
C0158986,Hypoglycaemia neonatal,CC BY-NC-SA 4.0,UMLS via SIDER 4.1,http://identifiers.org/umls/C0158986
C0029734,Other scleritis,CC BY-NC-SA 4.0,UMLS via SIDER 4.1,http://identifiers.org/umls/C0029734
C0268379,Pseudocholinesterase deficiency,CC BY-NC-SA 4.0,UMLS via SIDER 4.1,http://identifiers.org/umls/C0268379
C0877127,Application site papules,CC BY-NC-SA 4.0,UMLS via SIDER 4.1,http://identifiers.org/umls/C0877127
C1696942,Application site cellulitis,CC BY-NC-SA 4.0,UMLS via SIDER 4.1,http://identifiers.org/umls/C1696942
C0742006,Catheter infection,CC BY-NC-SA 4.0,UMLS via SIDER 4.1,http://identifiers.org/umls/C0742006
C0033948,Female orgasmic disorder,CC BY-NC-SA 4.0,UMLS via SIDER 4.1,http://identifiers.org/umls/C0033948
C0010073,Arteriospasm coronary,CC BY-NC-SA 4.0,UMLS via SIDER 4.1,http://identifiers.org/umls/C0010073
C0017185,Gastrointestinal neoplasm,CC BY-NC-SA 4.0,UMLS via SIDER 4.1,http://identifiers.org/umls/C0017185
C0268671,Korsakoff's psychosis (non-alcoholic),CC BY-NC-SA 4.0,UMLS via SIDER 4.1,http://identifiers.org/umls/C0268671
C0854303,Limb discomfort,CC BY-NC-SA 4.0,UMLS via SIDER 4.1,http://identifiers.org/umls/C0854303
C0021847,Intestinal pseudo-obstruction,CC BY-NC-SA 4.0,UMLS via SIDER 4.1,http://identifiers.org/umls/C0021847
C0159877,Ankle fracture,CC BY-NC-SA 4.0,UMLS via SIDER 4.1,http://identifiers.org/umls/C0159877
C0740281,Multiple allergies,CC BY-NC-SA 4.0,UMLS via SIDER 4.1,http://identifiers.org/umls/C0740281
C1112214,Vulvovaginal pruritus,CC BY-NC-SA 4.0,UMLS via SIDER 4.1,http://identifiers.org/umls/C1112214
C0152192,Scotoma of blind spot area,CC BY-NC-SA 4.0,UMLS via SIDER 4.1,http://identifiers.org/umls/C0152192
C0521592,Hypoaesthesia oral,CC BY-NC-SA 4.0,UMLS via SIDER 4.1,http://identifiers.org/umls/C0521592
C0151746,Kidney function abnormal,CC BY-NC-SA 4.0,UMLS via SIDER 4.1,http://identifiers.org/umls/C0151746
C0034931,Reflex sympathetic dystrophy,CC BY-NC-SA 4.0,UMLS via SIDER 4.1,http://identifiers.org/umls/C0034931
C2747852,Device related sepsis,CC BY-NC-SA 4.0,UMLS via SIDER 4.1,http://identifiers.org/umls/C2747852
C0014122,Subacute bacterial endocarditis,CC BY-NC-SA 4.0,UMLS via SIDER 4.1,http://identifiers.org/umls/C0014122
C0043246,Laceration,CC BY-NC-SA 4.0,UMLS via SIDER 4.1,http://identifiers.org/umls/C0043246
C0521991,Stress symptoms,CC BY-NC-SA 4.0,UMLS via SIDER 4.1,http://identifiers.org/umls/C0521991
C0042251,Vaginal disorder,CC BY-NC-SA 4.0,UMLS via SIDER 4.1,http://identifiers.org/umls/C0042251
C0016325,Fluorosis,CC BY-NC-SA 4.0,UMLS via SIDER 4.1,http://identifiers.org/umls/C0016325
C0221477,Vasomotor collapse,CC BY-NC-SA 4.0,UMLS via SIDER 4.1,http://identifiers.org/umls/C0221477
C0003130,Anoxia,CC BY-NC-SA 4.0,UMLS via SIDER 4.1,http://identifiers.org/umls/C0003130
C0001175,Acquired immunodeficiency syndrome,CC BY-NC-SA 4.0,UMLS via SIDER 4.1,http://identifiers.org/umls/C0001175
C1112442,Female sexual dysfunction,CC BY-NC-SA 4.0,UMLS via SIDER 4.1,http://identifiers.org/umls/C1112442
C0852921,Blood fibrinogen increased,CC BY-NC-SA 4.0,UMLS via SIDER 4.1,http://identifiers.org/umls/C0852921
C2243080,Intestinal necrosis,CC BY-NC-SA 4.0,UMLS via SIDER 4.1,http://identifiers.org/umls/C2243080
C0022661,Renal failure chronic,CC BY-NC-SA 4.0,UMLS via SIDER 4.1,http://identifiers.org/umls/C0022661
C0948333,Neutrophil percentage increased,CC BY-NC-SA 4.0,UMLS via SIDER 4.1,http://identifiers.org/umls/C0948333
C1262535,Jaundice hepatocellular,CC BY-NC-SA 4.0,UMLS via SIDER 4.1,http://identifiers.org/umls/C1262535
C0151937,Tendon rupture,CC BY-NC-SA 4.0,UMLS via SIDER 4.1,http://identifiers.org/umls/C0151937
C0036104,Salivation,CC BY-NC-SA 4.0,UMLS via SIDER 4.1,http://identifiers.org/umls/C0036104
C0151664,Gastrointestinal perforation,CC BY-NC-SA 4.0,UMLS via SIDER 4.1,http://identifiers.org/umls/C0151664
C1112773,Post procedural diarrhoea,CC BY-NC-SA 4.0,UMLS via SIDER 4.1,http://identifiers.org/umls/C1112773
C2747853,Injury associated with device,CC BY-NC-SA 4.0,UMLS via SIDER 4.1,http://identifiers.org/umls/C2747853
C0855931,Cardioactive drug level above therapeutic,CC BY-NC-SA 4.0,UMLS via SIDER 4.1,http://identifiers.org/umls/C0855931
C0542052,Coronary artery insufficiency,CC BY-NC-SA 4.0,UMLS via SIDER 4.1,http://identifiers.org/umls/C0542052
C0858618,Dyschromatopsia,CC BY-NC-SA 4.0,UMLS via SIDER 4.1,http://identifiers.org/umls/C0858618
C0039103,Synovitis,CC BY-NC-SA 4.0,UMLS via SIDER 4.1,http://identifiers.org/umls/C0039103
C0028768,Obsessive-compulsive disorder,CC BY-NC-SA 4.0,UMLS via SIDER 4.1,http://identifiers.org/umls/C0028768
C0235853,Pemphigoid reaction,CC BY-NC-SA 4.0,UMLS via SIDER 4.1,http://identifiers.org/umls/C0235853
C0549622,Sexual dysfunction,CC BY-NC-SA 4.0,UMLS via SIDER 4.1,http://identifiers.org/umls/C0549622
C0159321,Facial bones fracture,CC BY-NC-SA 4.0,UMLS via SIDER 4.1,http://identifiers.org/umls/C0159321
C0741165,Aortic embolus,CC BY-NC-SA 4.0,UMLS via SIDER 4.1,http://identifiers.org/umls/C0741165
C2830004,Somnolence,CC BY-NC-SA 4.0,UMLS via SIDER 4.1,http://identifiers.org/umls/C2830004
C0751495,Partial seizures,CC BY-NC-SA 4.0,UMLS via SIDER 4.1,http://identifiers.org/umls/C0751495
C0520878,Electrocardiogram PR shortened,CC BY-NC-SA 4.0,UMLS via SIDER 4.1,http://identifiers.org/umls/C0520878
C0028173,NPN increased,CC BY-NC-SA 4.0,UMLS via SIDER 4.1,http://identifiers.org/umls/C0028173
C0013238,Dry eye syndrome,CC BY-NC-SA 4.0,UMLS via SIDER 4.1,http://identifiers.org/umls/C0013238
C1112443,Male sexual dysfunction,CC BY-NC-SA 4.0,UMLS via SIDER 4.1,http://identifiers.org/umls/C1112443
C0155169,Ocular hyperaemia,CC BY-NC-SA 4.0,UMLS via SIDER 4.1,http://identifiers.org/umls/C0155169
C0235906,Bronchospasm aggravated,CC BY-NC-SA 4.0,UMLS via SIDER 4.1,http://identifiers.org/umls/C0235906
C0015914,Fertilization,CC BY-NC-SA 4.0,UMLS via SIDER 4.1,http://identifiers.org/umls/C0015914
C0003855,Arteriovenous fistula,CC BY-NC-SA 4.0,UMLS via SIDER 4.1,http://identifiers.org/umls/C0003855
C0014130,Endocrine disorder,CC BY-NC-SA 4.0,UMLS via SIDER 4.1,http://identifiers.org/umls/C0014130
C0004239,Atrial flutter,CC BY-NC-SA 4.0,UMLS via SIDER 4.1,http://identifiers.org/umls/C0004239
C1142305,Melanonychia,CC BY-NC-SA 4.0,UMLS via SIDER 4.1,http://identifiers.org/umls/C1142305
C0429468,Anovulatory cycle,CC BY-NC-SA 4.0,UMLS via SIDER 4.1,http://identifiers.org/umls/C0429468
C0262613,Renal mass,CC BY-NC-SA 4.0,UMLS via SIDER 4.1,http://identifiers.org/umls/C0262613
C0001818,Agoraphobia,CC BY-NC-SA 4.0,UMLS via SIDER 4.1,http://identifiers.org/umls/C0001818
C0853785,Blood iron decreased,CC BY-NC-SA 4.0,UMLS via SIDER 4.1,http://identifiers.org/umls/C0853785
C0026961,Mydriasis,CC BY-NC-SA 4.0,UMLS via SIDER 4.1,http://identifiers.org/umls/C0026961
C0853959,Device breakage,CC BY-NC-SA 4.0,UMLS via SIDER 4.1,http://identifiers.org/umls/C0853959
C0033771,Prurigo,CC BY-NC-SA 4.0,UMLS via SIDER 4.1,http://identifiers.org/umls/C0033771
C0423124,Dermatochalasis,CC BY-NC-SA 4.0,UMLS via SIDER 4.1,http://identifiers.org/umls/C0423124
C0038362,Stomatitis,CC BY-NC-SA 4.0,UMLS via SIDER 4.1,http://identifiers.org/umls/C0038362
C0332573,Macule,CC BY-NC-SA 4.0,UMLS via SIDER 4.1,http://identifiers.org/umls/C0332573
C0235213,Ejaculation decreased,CC BY-NC-SA 4.0,UMLS via SIDER 4.1,http://identifiers.org/umls/C0235213
C0003950,Ascariasis,CC BY-NC-SA 4.0,UMLS via SIDER 4.1,http://identifiers.org/umls/C0003950
C0497538,Benign gastrointestinal neoplasm,CC BY-NC-SA 4.0,UMLS via SIDER 4.1,http://identifiers.org/umls/C0497538
C0012691,Joint dislocation,CC BY-NC-SA 4.0,UMLS via SIDER 4.1,http://identifiers.org/umls/C0012691
C0855521,Semen volume decreased,CC BY-NC-SA 4.0,UMLS via SIDER 4.1,http://identifiers.org/umls/C0855521
C0155947,Dentofacial anomaly,CC BY-NC-SA 4.0,UMLS via SIDER 4.1,http://identifiers.org/umls/C0155947
C0151576,Creatine phosphokinase increased,CC BY-NC-SA 4.0,UMLS via SIDER 4.1,http://identifiers.org/umls/C0151576
C1386135,Acute depression,CC BY-NC-SA 4.0,UMLS via SIDER 4.1,http://identifiers.org/umls/C1386135
C0919691,Anastomotic leak,CC BY-NC-SA 4.0,UMLS via SIDER 4.1,http://identifiers.org/umls/C0919691
C0332534,Induration,CC BY-NC-SA 4.0,UMLS via SIDER 4.1,http://identifiers.org/umls/C0332534
C0035126,Reperfusion injury,CC BY-NC-SA 4.0,UMLS via SIDER 4.1,http://identifiers.org/umls/C0035126
C0240521,Nipple tenderness,CC BY-NC-SA 4.0,UMLS via SIDER 4.1,http://identifiers.org/umls/C0240521
C0263445,Acne fulminans,CC BY-NC-SA 4.0,UMLS via SIDER 4.1,http://identifiers.org/umls/C0263445
C0392106,Hepatic artery thrombosis,CC BY-NC-SA 4.0,UMLS via SIDER 4.1,http://identifiers.org/umls/C0392106
C0023798,Lipoma,CC BY-NC-SA 4.0,UMLS via SIDER 4.1,http://identifiers.org/umls/C0023798
C0035304,Retinal degeneration,CC BY-NC-SA 4.0,UMLS via SIDER 4.1,http://identifiers.org/umls/C0035304
C0343869,Anal candidiasis,CC BY-NC-SA 4.0,UMLS via SIDER 4.1,http://identifiers.org/umls/C0343869
C1456786,Paranoid state,CC BY-NC-SA 4.0,UMLS via SIDER 4.1,http://identifiers.org/umls/C1456786
C0232831,Hyposthenuria,CC BY-NC-SA 4.0,UMLS via SIDER 4.1,http://identifiers.org/umls/C0232831
C0239998,Recurrent infection,CC BY-NC-SA 4.0,UMLS via SIDER 4.1,http://identifiers.org/umls/C0239998
C0151872,Prothrombin level increased,CC BY-NC-SA 4.0,UMLS via SIDER 4.1,http://identifiers.org/umls/C0151872
C0001430,Adenoma benign,CC BY-NC-SA 4.0,UMLS via SIDER 4.1,http://identifiers.org/umls/C0001430
C0549253,Bladder dilatation,CC BY-NC-SA 4.0,UMLS via SIDER 4.1,http://identifiers.org/umls/C0549253
C0004377,Automatism,CC BY-NC-SA 4.0,UMLS via SIDER 4.1,http://identifiers.org/umls/C0004377
C0000737,Abdominal pain,CC BY-NC-SA 4.0,UMLS via SIDER 4.1,http://identifiers.org/umls/C0000737
C0151723,Hypomagnesaemia,CC BY-NC-SA 4.0,UMLS via SIDER 4.1,http://identifiers.org/umls/C0151723
C0234665,Eyelid retraction,CC BY-NC-SA 4.0,UMLS via SIDER 4.1,http://identifiers.org/umls/C0234665
C0855304,Glycosylated haemoglobin decreased,CC BY-NC-SA 4.0,UMLS via SIDER 4.1,http://identifiers.org/umls/C0855304
C0235819,Rash bullous,CC BY-NC-SA 4.0,UMLS via SIDER 4.1,http://identifiers.org/umls/C0235819
C1262281,Thrombosis in device,CC BY-NC-SA 4.0,UMLS via SIDER 4.1,http://identifiers.org/umls/C1262281
C0007820,Cerebrovascular disorder,CC BY-NC-SA 4.0,UMLS via SIDER 4.1,http://identifiers.org/umls/C0007820
C0522348,Ear feels clogged,CC BY-NC-SA 4.0,UMLS via SIDER 4.1,http://identifiers.org/umls/C0522348
C0158026,Monarthritis,CC BY-NC-SA 4.0,UMLS via SIDER 4.1,http://identifiers.org/umls/C0158026
C0221423,Sickness,CC BY-NC-SA 4.0,UMLS via SIDER 4.1,http://identifiers.org/umls/C0221423
C0232766,Asterixis,CC BY-NC-SA 4.0,UMLS via SIDER 4.1,http://identifiers.org/umls/C0232766
C0030785,Pelvic abscess,CC BY-NC-SA 4.0,UMLS via SIDER 4.1,http://identifiers.org/umls/C0030785
C0023066,Laryngospasm,CC BY-NC-SA 4.0,UMLS via SIDER 4.1,http://identifiers.org/umls/C0023066
C0235974,Pancreatic carcinoma,CC BY-NC-SA 4.0,UMLS via SIDER 4.1,http://identifiers.org/umls/C0235974
C0277919,Post thrombotic syndrome,CC BY-NC-SA 4.0,UMLS via SIDER 4.1,http://identifiers.org/umls/C0277919
C0232459,Digestion impaired,CC BY-NC-SA 4.0,UMLS via SIDER 4.1,http://identifiers.org/umls/C0232459
C1609496,Eyelid exfoliation,CC BY-NC-SA 4.0,UMLS via SIDER 4.1,http://identifiers.org/umls/C1609496
C0274702,Cholinergic syndrome,CC BY-NC-SA 4.0,UMLS via SIDER 4.1,http://identifiers.org/umls/C0274702
C0743323,Acute dyspnea,CC BY-NC-SA 4.0,UMLS via SIDER 4.1,http://identifiers.org/umls/C0743323
C1262091,Lymphocytic infiltration,CC BY-NC-SA 4.0,UMLS via SIDER 4.1,http://identifiers.org/umls/C1262091
C0001707,Aerophagia,CC BY-NC-SA 4.0,UMLS via SIDER 4.1,http://identifiers.org/umls/C0001707
C0948298,Tympanic membrane hyperaemia,CC BY-NC-SA 4.0,UMLS via SIDER 4.1,http://identifiers.org/umls/C0948298
C0235653,Breast cancer female,CC BY-NC-SA 4.0,UMLS via SIDER 4.1,http://identifiers.org/umls/C0235653
C0438716,Chest pressure,CC BY-NC-SA 4.0,UMLS via SIDER 4.1,http://identifiers.org/umls/C0438716
C0011991,Diarrhoea,CC BY-NC-SA 4.0,UMLS via SIDER 4.1,http://identifiers.org/umls/C0011991
C0234979,Dysdiadochokinesis,CC BY-NC-SA 4.0,UMLS via SIDER 4.1,http://identifiers.org/umls/C0234979
C1096195,Thyroglobulin increased,CC BY-NC-SA 4.0,UMLS via SIDER 4.1,http://identifiers.org/umls/C1096195
C0238304,Chronic interstitial nephritis,CC BY-NC-SA 4.0,UMLS via SIDER 4.1,http://identifiers.org/umls/C0238304
C0152965,Staphylococcal bacteraemia,CC BY-NC-SA 4.0,UMLS via SIDER 4.1,http://identifiers.org/umls/C0152965
C0549225,Myasthenic syndrome,CC BY-NC-SA 4.0,UMLS via SIDER 4.1,http://identifiers.org/umls/C0549225
C0235750,Hypertension worsened,CC BY-NC-SA 4.0,UMLS via SIDER 4.1,http://identifiers.org/umls/C0235750
C1274594,Lichenoid keratosis,CC BY-NC-SA 4.0,UMLS via SIDER 4.1,http://identifiers.org/umls/C1274594
C0085136,Central nervous system neoplasm,CC BY-NC-SA 4.0,UMLS via SIDER 4.1,http://identifiers.org/umls/C0085136
C0234967,Choreoathetoid movements,CC BY-NC-SA 4.0,UMLS via SIDER 4.1,http://identifiers.org/umls/C0234967
C0085580,Essential hypertension,CC BY-NC-SA 4.0,UMLS via SIDER 4.1,http://identifiers.org/umls/C0085580
C3665356,Food intolerance,CC BY-NC-SA 4.0,UMLS via SIDER 4.1,http://identifiers.org/umls/C3665356
C0007117,Basal cell carcinoma,CC BY-NC-SA 4.0,UMLS via SIDER 4.1,http://identifiers.org/umls/C0007117
C0392162,Sticky skin,CC BY-NC-SA 4.0,UMLS via SIDER 4.1,http://identifiers.org/umls/C0392162
C0474529,Haemoglobin normal,CC BY-NC-SA 4.0,UMLS via SIDER 4.1,http://identifiers.org/umls/C0474529
C0016514,Foot and mouth disease,CC BY-NC-SA 4.0,UMLS via SIDER 4.1,http://identifiers.org/umls/C0016514
C0272396,Lymph node abscess,CC BY-NC-SA 4.0,UMLS via SIDER 4.1,http://identifiers.org/umls/C0272396
C0014714,Ergot poisoning,CC BY-NC-SA 4.0,UMLS via SIDER 4.1,http://identifiers.org/umls/C0014714
C0001122,Acidosis,CC BY-NC-SA 4.0,UMLS via SIDER 4.1,http://identifiers.org/umls/C0001122
C0549284,Fibrillation atrial aggravated,CC BY-NC-SA 4.0,UMLS via SIDER 4.1,http://identifiers.org/umls/C0549284
C0151729,Immunoglobulins increased,CC BY-NC-SA 4.0,UMLS via SIDER 4.1,http://identifiers.org/umls/C0151729
C0236036,Oculomucocutaneous syndrome,CC BY-NC-SA 4.0,UMLS via SIDER 4.1,http://identifiers.org/umls/C0236036
C0020433,Hyperbilirubinaemia,CC BY-NC-SA 4.0,UMLS via SIDER 4.1,http://identifiers.org/umls/C0020433
C0085436,Meningitis cryptococcal,CC BY-NC-SA 4.0,UMLS via SIDER 4.1,http://identifiers.org/umls/C0085436
C0877128,Application site pustules,CC BY-NC-SA 4.0,UMLS via SIDER 4.1,http://identifiers.org/umls/C0877128
C0149741,Breast discharge,CC BY-NC-SA 4.0,UMLS via SIDER 4.1,http://identifiers.org/umls/C0149741
C0263437,Acne infantile,CC BY-NC-SA 4.0,UMLS via SIDER 4.1,http://identifiers.org/umls/C0263437
C0549239,Dizziness aggravated,CC BY-NC-SA 4.0,UMLS via SIDER 4.1,http://identifiers.org/umls/C0549239
C0020488,Hypernatraemia,CC BY-NC-SA 4.0,UMLS via SIDER 4.1,http://identifiers.org/umls/C0020488
C0221047,Bradycardia-tachycardia syndrome,CC BY-NC-SA 4.0,UMLS via SIDER 4.1,http://identifiers.org/umls/C0221047
C0877046,Tooth infection,CC BY-NC-SA 4.0,UMLS via SIDER 4.1,http://identifiers.org/umls/C0877046
C0014527,Epidermolysis bullosa,CC BY-NC-SA 4.0,UMLS via SIDER 4.1,http://identifiers.org/umls/C0014527
C1536080,Coronary stent thrombosis,CC BY-NC-SA 4.0,UMLS via SIDER 4.1,http://identifiers.org/umls/C1536080
C0232286,Precordial pain,CC BY-NC-SA 4.0,UMLS via SIDER 4.1,http://identifiers.org/umls/C0232286
C0242184,Hypoxia,CC BY-NC-SA 4.0,UMLS via SIDER 4.1,http://identifiers.org/umls/C0242184
C1536696,Overactivity,CC BY-NC-SA 4.0,UMLS via SIDER 4.1,http://identifiers.org/umls/C1536696
C0743295,Drug screen positive,CC BY-NC-SA 4.0,UMLS via SIDER 4.1,http://identifiers.org/umls/C0743295
C1282609,Granulocytosis,CC BY-NC-SA 4.0,UMLS via SIDER 4.1,http://identifiers.org/umls/C1282609
C0745528,Klebsiella sepsis,CC BY-NC-SA 4.0,UMLS via SIDER 4.1,http://identifiers.org/umls/C0745528
C0003493,Aortic disorder,CC BY-NC-SA 4.0,UMLS via SIDER 4.1,http://identifiers.org/umls/C0003493
C0019937,Horner's syndrome,CC BY-NC-SA 4.0,UMLS via SIDER 4.1,http://identifiers.org/umls/C0019937
C0008301,Choking,CC BY-NC-SA 4.0,UMLS via SIDER 4.1,http://identifiers.org/umls/C0008301
C0235656,Uterine cervical lesion,CC BY-NC-SA 4.0,UMLS via SIDER 4.1,http://identifiers.org/umls/C0235656
C0004998,Benign neoplasm of skin,CC BY-NC-SA 4.0,UMLS via SIDER 4.1,http://identifiers.org/umls/C0004998
C0011253,Delusion,CC BY-NC-SA 4.0,UMLS via SIDER 4.1,http://identifiers.org/umls/C0011253
C0036679,Separation,CC BY-NC-SA 4.0,UMLS via SIDER 4.1,http://identifiers.org/umls/C0036679
C0260662,Auditory disorder NOS,CC BY-NC-SA 4.0,UMLS via SIDER 4.1,http://identifiers.org/umls/C0260662
C0021100,Bullous impetigo,CC BY-NC-SA 4.0,UMLS via SIDER 4.1,http://identifiers.org/umls/C0021100
C0149504,Toxic encephalopathy,CC BY-NC-SA 4.0,UMLS via SIDER 4.1,http://identifiers.org/umls/C0149504
C0851647,Muscle tone disorder,CC BY-NC-SA 4.0,UMLS via SIDER 4.1,http://identifiers.org/umls/C0851647
C1112573,Delayed orgasm,CC BY-NC-SA 4.0,UMLS via SIDER 4.1,http://identifiers.org/umls/C1112573
C0018949,Spinal cord haemorrhage,CC BY-NC-SA 4.0,UMLS via SIDER 4.1,http://identifiers.org/umls/C0018949
C0241635,Vaginal erythema,CC BY-NC-SA 4.0,UMLS via SIDER 4.1,http://identifiers.org/umls/C0241635
C0019357,Ophthalmic herpes simplex,CC BY-NC-SA 4.0,UMLS via SIDER 4.1,http://identifiers.org/umls/C0019357
C0151628,Epiphyses premature fusion,CC BY-NC-SA 4.0,UMLS via SIDER 4.1,http://identifiers.org/umls/C0151628
C0595883,Blood glucose decreased,CC BY-NC-SA 4.0,UMLS via SIDER 4.1,http://identifiers.org/umls/C0595883
C0151560,Central nervous system stimulation,CC BY-NC-SA 4.0,UMLS via SIDER 4.1,http://identifiers.org/umls/C0151560
C0494559,Inner ear disorder,CC BY-NC-SA 4.0,UMLS via SIDER 4.1,http://identifiers.org/umls/C0494559
C0227791,Vaginal discharge,CC BY-NC-SA 4.0,UMLS via SIDER 4.1,http://identifiers.org/umls/C0227791
C0854212,Subepithelial opacities,CC BY-NC-SA 4.0,UMLS via SIDER 4.1,http://identifiers.org/umls/C0854212
C0006435,Chemical burn,CC BY-NC-SA 4.0,UMLS via SIDER 4.1,http://identifiers.org/umls/C0006435
C0156404,Menstruation irregular,CC BY-NC-SA 4.0,UMLS via SIDER 4.1,http://identifiers.org/umls/C0156404
C0863111,Nasal mucus blood tinged,CC BY-NC-SA 4.0,UMLS via SIDER 4.1,http://identifiers.org/umls/C0863111
C0740434,Direct bilirubin increased,CC BY-NC-SA 4.0,UMLS via SIDER 4.1,http://identifiers.org/umls/C0740434
C2609199,Product taste abnormal,CC BY-NC-SA 4.0,UMLS via SIDER 4.1,http://identifiers.org/umls/C2609199
C0271053,Cotton wool spots,CC BY-NC-SA 4.0,UMLS via SIDER 4.1,http://identifiers.org/umls/C0271053
C0011882,Diabetic neuropathy,CC BY-NC-SA 4.0,UMLS via SIDER 4.1,http://identifiers.org/umls/C0011882
C0475765,Nasal oedema,CC BY-NC-SA 4.0,UMLS via SIDER 4.1,http://identifiers.org/umls/C0475765
C0700572,Mobility decreased,CC BY-NC-SA 4.0,UMLS via SIDER 4.1,http://identifiers.org/umls/C0700572
C3251821,Catatonic reaction,CC BY-NC-SA 4.0,UMLS via SIDER 4.1,http://identifiers.org/umls/C3251821
C1963921,Chemical phlebitis,CC BY-NC-SA 4.0,UMLS via SIDER 4.1,http://identifiers.org/umls/C1963921
C0235847,Hyperhemoglobinemia,CC BY-NC-SA 4.0,UMLS via SIDER 4.1,http://identifiers.org/umls/C0235847
C0423847,Growth of eyelashes,CC BY-NC-SA 4.0,UMLS via SIDER 4.1,http://identifiers.org/umls/C0423847
C0549635,Potassium abnormal NOS,CC BY-NC-SA 4.0,UMLS via SIDER 4.1,http://identifiers.org/umls/C0549635
C0162557,Acute hepatic failure,CC BY-NC-SA 4.0,UMLS via SIDER 4.1,http://identifiers.org/umls/C0162557
C0520563,Toxic dilatation of intestine,CC BY-NC-SA 4.0,UMLS via SIDER 4.1,http://identifiers.org/umls/C0520563
C0423628,Teething pain,CC BY-NC-SA 4.0,UMLS via SIDER 4.1,http://identifiers.org/umls/C0423628
C0150045,Urge incontinence,CC BY-NC-SA 4.0,UMLS via SIDER 4.1,http://identifiers.org/umls/C0150045
C0413234,Acute allergic reaction,CC BY-NC-SA 4.0,UMLS via SIDER 4.1,http://identifiers.org/umls/C0413234
C0221165,Diplegia,CC BY-NC-SA 4.0,UMLS via SIDER 4.1,http://identifiers.org/umls/C0221165
C1695897,Infusion site irritation,CC BY-NC-SA 4.0,UMLS via SIDER 4.1,http://identifiers.org/umls/C1695897
C0019559,Coxalgia,CC BY-NC-SA 4.0,UMLS via SIDER 4.1,http://identifiers.org/umls/C0019559
C0232492,Abdominal pain upper,CC BY-NC-SA 4.0,UMLS via SIDER 4.1,http://identifiers.org/umls/C0232492
C0858854,Unrest,CC BY-NC-SA 4.0,UMLS via SIDER 4.1,http://identifiers.org/umls/C0858854
C0032797,Postpartum haemorrhage,CC BY-NC-SA 4.0,UMLS via SIDER 4.1,http://identifiers.org/umls/C0032797
C0001127,Respiratory acidosis,CC BY-NC-SA 4.0,UMLS via SIDER 4.1,http://identifiers.org/umls/C0001127
C0022078,Iris disorder,CC BY-NC-SA 4.0,UMLS via SIDER 4.1,http://identifiers.org/umls/C0022078
C0151882,Purpuric rash,CC BY-NC-SA 4.0,UMLS via SIDER 4.1,http://identifiers.org/umls/C0151882
C0020565,Hypertrophy of breast,CC BY-NC-SA 4.0,UMLS via SIDER 4.1,http://identifiers.org/umls/C0020565
C0852792,Blood cortisol decreased,CC BY-NC-SA 4.0,UMLS via SIDER 4.1,http://identifiers.org/umls/C0852792
C0700292,Hypoxemia,CC BY-NC-SA 4.0,UMLS via SIDER 4.1,http://identifiers.org/umls/C0700292
C0349398,Paranoid delusions,CC BY-NC-SA 4.0,UMLS via SIDER 4.1,http://identifiers.org/umls/C0349398
C0233407,Disorientation,CC BY-NC-SA 4.0,UMLS via SIDER 4.1,http://identifiers.org/umls/C0233407
C0270810,Peroneal nerve palsy,CC BY-NC-SA 4.0,UMLS via SIDER 4.1,http://identifiers.org/umls/C0270810
C0854193,Cognitive deterioration,CC BY-NC-SA 4.0,UMLS via SIDER 4.1,http://identifiers.org/umls/C0854193
C0948299,Application site discharge,CC BY-NC-SA 4.0,UMLS via SIDER 4.1,http://identifiers.org/umls/C0948299
C0003564,Aphonia,CC BY-NC-SA 4.0,UMLS via SIDER 4.1,http://identifiers.org/umls/C0003564
C0235532,Cyanosis peripheral,CC BY-NC-SA 4.0,UMLS via SIDER 4.1,http://identifiers.org/umls/C0235532
C0549400,Apgar score low,CC BY-NC-SA 4.0,UMLS via SIDER 4.1,http://identifiers.org/umls/C0549400
C0687707,Anorectal disorder,CC BY-NC-SA 4.0,UMLS via SIDER 4.1,http://identifiers.org/umls/C0687707
C1609538,Latent tuberculosis,CC BY-NC-SA 4.0,UMLS via SIDER 4.1,http://identifiers.org/umls/C1609538
C0241235,Sputum purulent,CC BY-NC-SA 4.0,UMLS via SIDER 4.1,http://identifiers.org/umls/C0241235
C0457436,Hemiparesis (left),CC BY-NC-SA 4.0,UMLS via SIDER 4.1,http://identifiers.org/umls/C0457436
C0425945,Prolonged menses,CC BY-NC-SA 4.0,UMLS via SIDER 4.1,http://identifiers.org/umls/C0425945
C0002447,Amelia,CC BY-NC-SA 4.0,UMLS via SIDER 4.1,http://identifiers.org/umls/C0002447
C0740435,Bilirubin unconjugated increased,CC BY-NC-SA 4.0,UMLS via SIDER 4.1,http://identifiers.org/umls/C0740435
C1112616,Loss of proprioception,CC BY-NC-SA 4.0,UMLS via SIDER 4.1,http://identifiers.org/umls/C1112616
C0009421,Coma,CC BY-NC-SA 4.0,UMLS via SIDER 4.1,http://identifiers.org/umls/C0009421
C0018378,Guillain-Barre syndrome,CC BY-NC-SA 4.0,UMLS via SIDER 4.1,http://identifiers.org/umls/C0018378
C0149514,Acute bronchitis,CC BY-NC-SA 4.0,UMLS via SIDER 4.1,http://identifiers.org/umls/C0149514
C0263449,Dermatitis perioral,CC BY-NC-SA 4.0,UMLS via SIDER 4.1,http://identifiers.org/umls/C0263449
C0346989,Metastases to peritoneum,CC BY-NC-SA 4.0,UMLS via SIDER 4.1,http://identifiers.org/umls/C0346989
C0015786,Female sexual arousal disorder,CC BY-NC-SA 4.0,UMLS via SIDER 4.1,http://identifiers.org/umls/C0015786
C0520962,Pain localised,CC BY-NC-SA 4.0,UMLS via SIDER 4.1,http://identifiers.org/umls/C0520962
C0085083,Ovarian hyperstimulation syndrome,CC BY-NC-SA 4.0,UMLS via SIDER 4.1,http://identifiers.org/umls/C0085083
C1112192,Erythrosis,CC BY-NC-SA 4.0,UMLS via SIDER 4.1,http://identifiers.org/umls/C1112192
C0221040,Dialysis dementia,CC BY-NC-SA 4.0,UMLS via SIDER 4.1,http://identifiers.org/umls/C0221040
C0000932,Traffic accident,CC BY-NC-SA 4.0,UMLS via SIDER 4.1,http://identifiers.org/umls/C0000932
C0857979,Serum prolactin decreased,CC BY-NC-SA 4.0,UMLS via SIDER 4.1,http://identifiers.org/umls/C0857979
C0023380,Lethargy,CC BY-NC-SA 4.0,UMLS via SIDER 4.1,http://identifiers.org/umls/C0023380
C1557335,Ocular surface disease,CC BY-NC-SA 4.0,UMLS via SIDER 4.1,http://identifiers.org/umls/C1557335
C0155002,Sudden visual loss,CC BY-NC-SA 4.0,UMLS via SIDER 4.1,http://identifiers.org/umls/C0155002
C0007097,Carcinoma,CC BY-NC-SA 4.0,UMLS via SIDER 4.1,http://identifiers.org/umls/C0007097
C0238463,Papillary thyroid cancer,CC BY-NC-SA 4.0,UMLS via SIDER 4.1,http://identifiers.org/umls/C0238463
C0948786,Blanching,CC BY-NC-SA 4.0,UMLS via SIDER 4.1,http://identifiers.org/umls/C0948786
C0014034,Enanthema,CC BY-NC-SA 4.0,UMLS via SIDER 4.1,http://identifiers.org/umls/C0014034
C0853762,Exacerbation of hot flushes,CC BY-NC-SA 4.0,UMLS via SIDER 4.1,http://identifiers.org/umls/C0853762
C0743680,Eye oedema,CC BY-NC-SA 4.0,UMLS via SIDER 4.1,http://identifiers.org/umls/C0743680
C1328539,Reflex tachycardia,CC BY-NC-SA 4.0,UMLS via SIDER 4.1,http://identifiers.org/umls/C1328539
C0699893,Skin carcinoma,CC BY-NC-SA 4.0,UMLS via SIDER 4.1,http://identifiers.org/umls/C0699893
C2939103,Perioral paraesthesia,CC BY-NC-SA 4.0,UMLS via SIDER 4.1,http://identifiers.org/umls/C2939103
C0015371,Extrapyramidal disorder,CC BY-NC-SA 4.0,UMLS via SIDER 4.1,http://identifiers.org/umls/C0015371
C2242621,Erection prolonged,CC BY-NC-SA 4.0,UMLS via SIDER 4.1,http://identifiers.org/umls/C2242621
C0239589,Pain in fingers,CC BY-NC-SA 4.0,UMLS via SIDER 4.1,http://identifiers.org/umls/C0239589
C2717961,Thrombotic microangiopathy,CC BY-NC-SA 4.0,UMLS via SIDER 4.1,http://identifiers.org/umls/C2717961
C0429098,Electrocardiogram QRS complex,CC BY-NC-SA 4.0,UMLS via SIDER 4.1,http://identifiers.org/umls/C0429098
C0740651,Abdominal symptom,CC BY-NC-SA 4.0,UMLS via SIDER 4.1,http://identifiers.org/umls/C0740651
C1142139,Drug reaction with eosinophilia and systemic symptoms,CC BY-NC-SA 4.0,UMLS via SIDER 4.1,http://identifiers.org/umls/C1142139
C0023218,Cramps of lower extremities,CC BY-NC-SA 4.0,UMLS via SIDER 4.1,http://identifiers.org/umls/C0023218
C0853939,Oral mucosal discolouration,CC BY-NC-SA 4.0,UMLS via SIDER 4.1,http://identifiers.org/umls/C0853939
C0221780,Rectal discharge,CC BY-NC-SA 4.0,UMLS via SIDER 4.1,http://identifiers.org/umls/C0221780
C0267566,Perirectal abscess,CC BY-NC-SA 4.0,UMLS via SIDER 4.1,http://identifiers.org/umls/C0267566
C0233565,Bradykinesia,CC BY-NC-SA 4.0,UMLS via SIDER 4.1,http://identifiers.org/umls/C0233565
C0151640,Fertility male decreased,CC BY-NC-SA 4.0,UMLS via SIDER 4.1,http://identifiers.org/umls/C0151640
C0547000,Joint lock,CC BY-NC-SA 4.0,UMLS via SIDER 4.1,http://identifiers.org/umls/C0547000
C0151315,Neck stiffness,CC BY-NC-SA 4.0,UMLS via SIDER 4.1,http://identifiers.org/umls/C0151315
C1142028,Peripheral nerve palsy,CC BY-NC-SA 4.0,UMLS via SIDER 4.1,http://identifiers.org/umls/C1142028
C0019064,Pericardial haemorrhage,CC BY-NC-SA 4.0,UMLS via SIDER 4.1,http://identifiers.org/umls/C0019064
C0340305,Inferior myocardial infarction,CC BY-NC-SA 4.0,UMLS via SIDER 4.1,http://identifiers.org/umls/C0340305
C0154833,Retinal vascular disorder,CC BY-NC-SA 4.0,UMLS via SIDER 4.1,http://identifiers.org/umls/C0154833
C0032787,Postoperative complications NOS,CC BY-NC-SA 4.0,UMLS via SIDER 4.1,http://identifiers.org/umls/C0032787
C1141863,Lymphocyte transformation test positive,CC BY-NC-SA 4.0,UMLS via SIDER 4.1,http://identifiers.org/umls/C1141863
C0026916,Mycobacterium avium complex infection,CC BY-NC-SA 4.0,UMLS via SIDER 4.1,http://identifiers.org/umls/C0026916
C0151737,Intentional injury,CC BY-NC-SA 4.0,UMLS via SIDER 4.1,http://identifiers.org/umls/C0151737
C0029464,Osteosclerosis,CC BY-NC-SA 4.0,UMLS via SIDER 4.1,http://identifiers.org/umls/C0029464
C1290398,Cerebral arterial aneurysm,CC BY-NC-SA 4.0,UMLS via SIDER 4.1,http://identifiers.org/umls/C1290398
C0853697,Neutrophil count decreased,CC BY-NC-SA 4.0,UMLS via SIDER 4.1,http://identifiers.org/umls/C0853697
C0281856,Generalized aching,CC BY-NC-SA 4.0,UMLS via SIDER 4.1,http://identifiers.org/umls/C0281856
C0007115,Thyroid cancer,CC BY-NC-SA 4.0,UMLS via SIDER 4.1,http://identifiers.org/umls/C0007115
C0242461,Purpura non-thrombocytopenic,CC BY-NC-SA 4.0,UMLS via SIDER 4.1,http://identifiers.org/umls/C0242461
C0010666,Acne cystic,CC BY-NC-SA 4.0,UMLS via SIDER 4.1,http://identifiers.org/umls/C0010666
C0877098,Application site dryness,CC BY-NC-SA 4.0,UMLS via SIDER 4.1,http://identifiers.org/umls/C0877098
C0011636,Dermatophytosis,CC BY-NC-SA 4.0,UMLS via SIDER 4.1,http://identifiers.org/umls/C0011636
C0159039,Spontaneous bruising,CC BY-NC-SA 4.0,UMLS via SIDER 4.1,http://identifiers.org/umls/C0159039
C0023895,Liver disorder,CC BY-NC-SA 4.0,UMLS via SIDER 4.1,http://identifiers.org/umls/C0023895
C0037274,Skin disorder,CC BY-NC-SA 4.0,UMLS via SIDER 4.1,http://identifiers.org/umls/C0037274
C0026272,Mixed connective tissue disease,CC BY-NC-SA 4.0,UMLS via SIDER 4.1,http://identifiers.org/umls/C0026272
C0235431,Blood creatinine increased,CC BY-NC-SA 4.0,UMLS via SIDER 4.1,http://identifiers.org/umls/C0235431
C0239511,Numbness facial,CC BY-NC-SA 4.0,UMLS via SIDER 4.1,http://identifiers.org/umls/C0239511
C0042798,Vision decreased,CC BY-NC-SA 4.0,UMLS via SIDER 4.1,http://identifiers.org/umls/C0042798
C0020437,Hypercalcaemia,CC BY-NC-SA 4.0,UMLS via SIDER 4.1,http://identifiers.org/umls/C0020437
C1301937,Talipes,CC BY-NC-SA 4.0,UMLS via SIDER 4.1,http://identifiers.org/umls/C1301937
C0549273,Abdominal pain aggravated,CC BY-NC-SA 4.0,UMLS via SIDER 4.1,http://identifiers.org/umls/C0549273
C0549395,Blood urea decreased,CC BY-NC-SA 4.0,UMLS via SIDER 4.1,http://identifiers.org/umls/C0549395
C0235901,Lacrimation abnormal NOS,CC BY-NC-SA 4.0,UMLS via SIDER 4.1,http://identifiers.org/umls/C0235901
C0085617,Arterial spasm,CC BY-NC-SA 4.0,UMLS via SIDER 4.1,http://identifiers.org/umls/C0085617
C1321133,Bronchial haemorrhage,CC BY-NC-SA 4.0,UMLS via SIDER 4.1,http://identifiers.org/umls/C1321133
C0856984,Hyperexcitation,CC BY-NC-SA 4.0,UMLS via SIDER 4.1,http://identifiers.org/umls/C0856984
C0863087,Decreased immune responsiveness,CC BY-NC-SA 4.0,UMLS via SIDER 4.1,http://identifiers.org/umls/C0863087
C0038814,Sunburn,CC BY-NC-SA 4.0,UMLS via SIDER 4.1,http://identifiers.org/umls/C0038814
C0742906,C-reactive protein increased,CC BY-NC-SA 4.0,UMLS via SIDER 4.1,http://identifiers.org/umls/C0742906
C0036420,Circumscribed scleroderma,CC BY-NC-SA 4.0,UMLS via SIDER 4.1,http://identifiers.org/umls/C0036420
C0856050,Diet refusal,CC BY-NC-SA 4.0,UMLS via SIDER 4.1,http://identifiers.org/umls/C0856050
C0024205,Lymphadenitis,CC BY-NC-SA 4.0,UMLS via SIDER 4.1,http://identifiers.org/umls/C0024205
C0206633,Angiomyolipoma,CC BY-NC-SA 4.0,UMLS via SIDER 4.1,http://identifiers.org/umls/C0206633
C1112470,Infusion site inflammation,CC BY-NC-SA 4.0,UMLS via SIDER 4.1,http://identifiers.org/umls/C1112470
C0038454,Cerebrovascular accident,CC BY-NC-SA 4.0,UMLS via SIDER 4.1,http://identifiers.org/umls/C0038454
C1536916,Blood cholesterol decreased,CC BY-NC-SA 4.0,UMLS via SIDER 4.1,http://identifiers.org/umls/C1536916
C0240464,Neck oedema of,CC BY-NC-SA 4.0,UMLS via SIDER 4.1,http://identifiers.org/umls/C0240464
C0021051,Immunodeficiency,CC BY-NC-SA 4.0,UMLS via SIDER 4.1,http://identifiers.org/umls/C0021051
C0311277,Central obesity,CC BY-NC-SA 4.0,UMLS via SIDER 4.1,http://identifiers.org/umls/C0311277
C0877324,Urinary sediment present,CC BY-NC-SA 4.0,UMLS via SIDER 4.1,http://identifiers.org/umls/C0877324
C0027719,Nephrosclerosis,CC BY-NC-SA 4.0,UMLS via SIDER 4.1,http://identifiers.org/umls/C0027719
C0004153,Atherosclerosis,CC BY-NC-SA 4.0,UMLS via SIDER 4.1,http://identifiers.org/umls/C0004153
C0347721,Back strain,CC BY-NC-SA 4.0,UMLS via SIDER 4.1,http://identifiers.org/umls/C0347721
C0854706,Neonatal infection,CC BY-NC-SA 4.0,UMLS via SIDER 4.1,http://identifiers.org/umls/C0854706
C0235573,Haemoglobinaemia,CC BY-NC-SA 4.0,UMLS via SIDER 4.1,http://identifiers.org/umls/C0235573
C0442886,Secondary infection,CC BY-NC-SA 4.0,UMLS via SIDER 4.1,http://identifiers.org/umls/C0442886
C0149866,Chemical conjunctivitis,CC BY-NC-SA 4.0,UMLS via SIDER 4.1,http://identifiers.org/umls/C0149866
C0559938,Ileal perforation,CC BY-NC-SA 4.0,UMLS via SIDER 4.1,http://identifiers.org/umls/C0559938
C0341164,Gastric ulcer haemorrhage,CC BY-NC-SA 4.0,UMLS via SIDER 4.1,http://identifiers.org/umls/C0341164
C0151569,Coombs direct test positive,CC BY-NC-SA 4.0,UMLS via SIDER 4.1,http://identifiers.org/umls/C0151569
C0264286,Pharyngitis ulcerative,CC BY-NC-SA 4.0,UMLS via SIDER 4.1,http://identifiers.org/umls/C0264286
C0233459,Emotional disorder,CC BY-NC-SA 4.0,UMLS via SIDER 4.1,http://identifiers.org/umls/C0233459
C0000729,Abdominal cramps,CC BY-NC-SA 4.0,UMLS via SIDER 4.1,http://identifiers.org/umls/C0000729
C0549405,Blood pressure fluctuation,CC BY-NC-SA 4.0,UMLS via SIDER 4.1,http://identifiers.org/umls/C0549405
C0011124,Libido decreased,CC BY-NC-SA 4.0,UMLS via SIDER 4.1,http://identifiers.org/umls/C0011124
C0520887,Electrocardiogram ST segment depression,CC BY-NC-SA 4.0,UMLS via SIDER 4.1,http://identifiers.org/umls/C0520887
C0266589,Ear malformation,CC BY-NC-SA 4.0,UMLS via SIDER 4.1,http://identifiers.org/umls/C0266589
C0021899,IUD expelled,CC BY-NC-SA 4.0,UMLS via SIDER 4.1,http://identifiers.org/umls/C0021899
C0863112,Pharyngo-oral irritation,CC BY-NC-SA 4.0,UMLS via SIDER 4.1,http://identifiers.org/umls/C0863112
C0235839,Fever neonatal,CC BY-NC-SA 4.0,UMLS via SIDER 4.1,http://identifiers.org/umls/C0235839
C0522172,Feeling drunk,CC BY-NC-SA 4.0,UMLS via SIDER 4.1,http://identifiers.org/umls/C0522172
C0085074,Granuloma annulare,CC BY-NC-SA 4.0,UMLS via SIDER 4.1,http://identifiers.org/umls/C0085074
C0002064,Respiratory alkalosis,CC BY-NC-SA 4.0,UMLS via SIDER 4.1,http://identifiers.org/umls/C0002064
C0018674,Head injury,CC BY-NC-SA 4.0,UMLS via SIDER 4.1,http://identifiers.org/umls/C0018674
C0858786,Toxic symptom,CC BY-NC-SA 4.0,UMLS via SIDER 4.1,http://identifiers.org/umls/C0858786
C0553576,Systemic mycosis,CC BY-NC-SA 4.0,UMLS via SIDER 4.1,http://identifiers.org/umls/C0553576
C0019069,Factor VIII deficiency,CC BY-NC-SA 4.0,UMLS via SIDER 4.1,http://identifiers.org/umls/C0019069
C0033038,Premature ejaculation,CC BY-NC-SA 4.0,UMLS via SIDER 4.1,http://identifiers.org/umls/C0033038
C0836924,Thrombocytosis,CC BY-NC-SA 4.0,UMLS via SIDER 4.1,http://identifiers.org/umls/C0836924
C0032302,Pneumonia mycoplasmal,CC BY-NC-SA 4.0,UMLS via SIDER 4.1,http://identifiers.org/umls/C0032302
C0037933,Spinal disorder,CC BY-NC-SA 4.0,UMLS via SIDER 4.1,http://identifiers.org/umls/C0037933
C0032266,Pneumatosis cystoides intestinalis,CC BY-NC-SA 4.0,UMLS via SIDER 4.1,http://identifiers.org/umls/C0032266
C1096049,Infusion site swelling,CC BY-NC-SA 4.0,UMLS via SIDER 4.1,http://identifiers.org/umls/C1096049
C0277890,Blood pressure diastolic decreased,CC BY-NC-SA 4.0,UMLS via SIDER 4.1,http://identifiers.org/umls/C0277890
C0242354,Disorder birth,CC BY-NC-SA 4.0,UMLS via SIDER 4.1,http://identifiers.org/umls/C0242354
C0231255,Body mass index decreased,CC BY-NC-SA 4.0,UMLS via SIDER 4.1,http://identifiers.org/umls/C0231255
C0008626,Cytogenetic abnormality,CC BY-NC-SA 4.0,UMLS via SIDER 4.1,http://identifiers.org/umls/C0008626
C0235890,Migraine aggravated,CC BY-NC-SA 4.0,UMLS via SIDER 4.1,http://identifiers.org/umls/C0235890
C0005684,Bladder cancer,CC BY-NC-SA 4.0,UMLS via SIDER 4.1,http://identifiers.org/umls/C0005684
C0856882,Potassium increased,CC BY-NC-SA 4.0,UMLS via SIDER 4.1,http://identifiers.org/umls/C0856882
C0269993,Suppressed lactation,CC BY-NC-SA 4.0,UMLS via SIDER 4.1,http://identifiers.org/umls/C0269993
C0302870,Microcytic,CC BY-NC-SA 4.0,UMLS via SIDER 4.1,http://identifiers.org/umls/C0302870
C0022353,Jaundice neonatal,CC BY-NC-SA 4.0,UMLS via SIDER 4.1,http://identifiers.org/umls/C0022353
C0234233,Tenderness,CC BY-NC-SA 4.0,UMLS via SIDER 4.1,http://identifiers.org/umls/C0234233
C0520546,Pulmonary microemboli,CC BY-NC-SA 4.0,UMLS via SIDER 4.1,http://identifiers.org/umls/C0520546
C0149521,Pancreatitis chronic,CC BY-NC-SA 4.0,UMLS via SIDER 4.1,http://identifiers.org/umls/C0149521
C0521494,Application site pigmentation changes,CC BY-NC-SA 4.0,UMLS via SIDER 4.1,http://identifiers.org/umls/C0521494
C0263443,Acne pustular,CC BY-NC-SA 4.0,UMLS via SIDER 4.1,http://identifiers.org/umls/C0263443
C0025319,Menopausal disorder,CC BY-NC-SA 4.0,UMLS via SIDER 4.1,http://identifiers.org/umls/C0025319
C0007860,Cervicitis,CC BY-NC-SA 4.0,UMLS via SIDER 4.1,http://identifiers.org/umls/C0007860
C0236178,Intra-abdominal haemorrhage,CC BY-NC-SA 4.0,UMLS via SIDER 4.1,http://identifiers.org/umls/C0236178
C1167686,Nail toxicity,CC BY-NC-SA 4.0,UMLS via SIDER 4.1,http://identifiers.org/umls/C1167686
C1522133,High cholesterol,CC BY-NC-SA 4.0,UMLS via SIDER 4.1,http://identifiers.org/umls/C1522133
C1535948,Retinal aneurysm,CC BY-NC-SA 4.0,UMLS via SIDER 4.1,http://identifiers.org/umls/C1535948
C0019338,Herpangina,CC BY-NC-SA 4.0,UMLS via SIDER 4.1,http://identifiers.org/umls/C0019338
C0857051,Bad dreams,CC BY-NC-SA 4.0,UMLS via SIDER 4.1,http://identifiers.org/umls/C0857051
C0854495,Hepatitis F,CC BY-NC-SA 4.0,UMLS via SIDER 4.1,http://identifiers.org/umls/C0854495
C1963822,Mucosal pigmentation,CC BY-NC-SA 4.0,UMLS via SIDER 4.1,http://identifiers.org/umls/C1963822
C1295666,Thyroxine decreased,CC BY-NC-SA 4.0,UMLS via SIDER 4.1,http://identifiers.org/umls/C1295666
C0948579,Bacteria urine identified,CC BY-NC-SA 4.0,UMLS via SIDER 4.1,http://identifiers.org/umls/C0948579
C0699791,Carcinoma stomach,CC BY-NC-SA 4.0,UMLS via SIDER 4.1,http://identifiers.org/umls/C0699791
C0476405,Pulmonary function test abnormal,CC BY-NC-SA 4.0,UMLS via SIDER 4.1,http://identifiers.org/umls/C0476405
C0155862,Pneumonia streptococcal,CC BY-NC-SA 4.0,UMLS via SIDER 4.1,http://identifiers.org/umls/C0155862
C0948353,Markedly reduced dietary intake,CC BY-NC-SA 4.0,UMLS via SIDER 4.1,http://identifiers.org/umls/C0948353
C0877154,Visual brightness,CC BY-NC-SA 4.0,UMLS via SIDER 4.1,http://identifiers.org/umls/C0877154
C0856069,Vasculitis gastrointestinal,CC BY-NC-SA 4.0,UMLS via SIDER 4.1,http://identifiers.org/umls/C0856069
C0040584,Tracheitis,CC BY-NC-SA 4.0,UMLS via SIDER 4.1,http://identifiers.org/umls/C0040584
C0015726,Fear,CC BY-NC-SA 4.0,UMLS via SIDER 4.1,http://identifiers.org/umls/C0015726
C0014800,Hyperplasia erythroid,CC BY-NC-SA 4.0,UMLS via SIDER 4.1,http://identifiers.org/umls/C0014800
C0019212,Hepatorenal syndrome,CC BY-NC-SA 4.0,UMLS via SIDER 4.1,http://identifiers.org/umls/C0019212
C0948070,Rhinalgia,CC BY-NC-SA 4.0,UMLS via SIDER 4.1,http://identifiers.org/umls/C0948070
C0343026,Nail infection,CC BY-NC-SA 4.0,UMLS via SIDER 4.1,http://identifiers.org/umls/C0343026
C0520966,Coordination abnormal,CC BY-NC-SA 4.0,UMLS via SIDER 4.1,http://identifiers.org/umls/C0520966
C0019243,Hereditary angioedema,CC BY-NC-SA 4.0,UMLS via SIDER 4.1,http://identifiers.org/umls/C0019243
C0026976,Myelitis transverse,CC BY-NC-SA 4.0,UMLS via SIDER 4.1,http://identifiers.org/umls/C0026976
C0155145,Chronic conjunctivitis,CC BY-NC-SA 4.0,UMLS via SIDER 4.1,http://identifiers.org/umls/C0155145
C0155964,Atrophic glossitis,CC BY-NC-SA 4.0,UMLS via SIDER 4.1,http://identifiers.org/umls/C0155964
C0235833,Congenital diaphragmatic hernia,CC BY-NC-SA 4.0,UMLS via SIDER 4.1,http://identifiers.org/umls/C0235833
C0221722,Muscle movement involuntary,CC BY-NC-SA 4.0,UMLS via SIDER 4.1,http://identifiers.org/umls/C0221722
C0039971,Thirst,CC BY-NC-SA 4.0,UMLS via SIDER 4.1,http://identifiers.org/umls/C0039971
C0018995,Haemochromatosis,CC BY-NC-SA 4.0,UMLS via SIDER 4.1,http://identifiers.org/umls/C0018995
C0029134,Optic neuritis,CC BY-NC-SA 4.0,UMLS via SIDER 4.1,http://identifiers.org/umls/C0029134
C0022575,Keratoconjunctivitis sicca,CC BY-NC-SA 4.0,UMLS via SIDER 4.1,http://identifiers.org/umls/C0022575
C0013404,Dyspnoea,CC BY-NC-SA 4.0,UMLS via SIDER 4.1,http://identifiers.org/umls/C0013404
C0265962,Netherton's syndrome,CC BY-NC-SA 4.0,UMLS via SIDER 4.1,http://identifiers.org/umls/C0265962
C0019618,Histiocytosis,CC BY-NC-SA 4.0,UMLS via SIDER 4.1,http://identifiers.org/umls/C0019618
C0162820,Allergic contact dermatitis,CC BY-NC-SA 4.0,UMLS via SIDER 4.1,http://identifiers.org/umls/C0162820
C1283048,Iron binding capacity total,CC BY-NC-SA 4.0,UMLS via SIDER 4.1,http://identifiers.org/umls/C1283048
C0010266,Cranial nerve disorder,CC BY-NC-SA 4.0,UMLS via SIDER 4.1,http://identifiers.org/umls/C0010266
C0476369,Echocardiogram abnormal,CC BY-NC-SA 4.0,UMLS via SIDER 4.1,http://identifiers.org/umls/C0476369
C1167732,Pleuropericarditis,CC BY-NC-SA 4.0,UMLS via SIDER 4.1,http://identifiers.org/umls/C1167732
C0234983,Delirium toxic,CC BY-NC-SA 4.0,UMLS via SIDER 4.1,http://identifiers.org/umls/C0234983
C1370740,Adrenal carcinoma,CC BY-NC-SA 4.0,UMLS via SIDER 4.1,http://identifiers.org/umls/C1370740
C0013146,Drug abuse,CC BY-NC-SA 4.0,UMLS via SIDER 4.1,http://identifiers.org/umls/C0013146
C0079035,Bradyarrhythmia,CC BY-NC-SA 4.0,UMLS via SIDER 4.1,http://identifiers.org/umls/C0079035
C0858217,Gastrointestinal fullness,CC BY-NC-SA 4.0,UMLS via SIDER 4.1,http://identifiers.org/umls/C0858217
C1279247,Genitourinary tract infection,CC BY-NC-SA 4.0,UMLS via SIDER 4.1,http://identifiers.org/umls/C1279247
C0152486,Salmonella sepsis,CC BY-NC-SA 4.0,UMLS via SIDER 4.1,http://identifiers.org/umls/C0152486
C1112789,Rectal spasm,CC BY-NC-SA 4.0,UMLS via SIDER 4.1,http://identifiers.org/umls/C1112789
C0036508,Seborrhoeic dermatitis,CC BY-NC-SA 4.0,UMLS via SIDER 4.1,http://identifiers.org/umls/C0036508
C1096340,Dysphemia,CC BY-NC-SA 4.0,UMLS via SIDER 4.1,http://identifiers.org/umls/C1096340
C0268919,Scrotal disorder,CC BY-NC-SA 4.0,UMLS via SIDER 4.1,http://identifiers.org/umls/C0268919
C0015695,Liver fatty,CC BY-NC-SA 4.0,UMLS via SIDER 4.1,http://identifiers.org/umls/C0015695
C0751466,Phonophobia,CC BY-NC-SA 4.0,UMLS via SIDER 4.1,http://identifiers.org/umls/C0751466
C0018790,Cardiac arrest,CC BY-NC-SA 4.0,UMLS via SIDER 4.1,http://identifiers.org/umls/C0018790
C1112303,Facial wasting,CC BY-NC-SA 4.0,UMLS via SIDER 4.1,http://identifiers.org/umls/C1112303
C0741307,Autonomic dysfunction,CC BY-NC-SA 4.0,UMLS via SIDER 4.1,http://identifiers.org/umls/C0741307
C0475858,Pruritus generalised,CC BY-NC-SA 4.0,UMLS via SIDER 4.1,http://identifiers.org/umls/C0475858
C0746731,Acute myocardial ischemia,CC BY-NC-SA 4.0,UMLS via SIDER 4.1,http://identifiers.org/umls/C0746731
C0009377,Colonic pseudo-obstruction,CC BY-NC-SA 4.0,UMLS via SIDER 4.1,http://identifiers.org/umls/C0009377
C0861157,Decreased night vision,CC BY-NC-SA 4.0,UMLS via SIDER 4.1,http://identifiers.org/umls/C0861157
C0151946,Pulmonary thrombosis,CC BY-NC-SA 4.0,UMLS via SIDER 4.1,http://identifiers.org/umls/C0151946
C0021390,Inflammatory bowel disease,CC BY-NC-SA 4.0,UMLS via SIDER 4.1,http://identifiers.org/umls/C0021390
C0860728,Osmolality increased,CC BY-NC-SA 4.0,UMLS via SIDER 4.1,http://identifiers.org/umls/C0860728
C0877090,Orthostatic collapse,CC BY-NC-SA 4.0,UMLS via SIDER 4.1,http://identifiers.org/umls/C0877090
C1456863,Vasoconstriction,CC BY-NC-SA 4.0,UMLS via SIDER 4.1,http://identifiers.org/umls/C1456863
C0694547,Systolic ejection murmur,CC BY-NC-SA 4.0,UMLS via SIDER 4.1,http://identifiers.org/umls/C0694547
C0026265,Mitral valve disease,CC BY-NC-SA 4.0,UMLS via SIDER 4.1,http://identifiers.org/umls/C0026265
C0700031,Anxiety attack,CC BY-NC-SA 4.0,UMLS via SIDER 4.1,http://identifiers.org/umls/C0700031
C0549386,Sensation of warmth,CC BY-NC-SA 4.0,UMLS via SIDER 4.1,http://identifiers.org/umls/C0549386
C0549373,Laryngeal pain,CC BY-NC-SA 4.0,UMLS via SIDER 4.1,http://identifiers.org/umls/C0549373
C0152025,Polyneuropathy,CC BY-NC-SA 4.0,UMLS via SIDER 4.1,http://identifiers.org/umls/C0152025
C0156308,Penile oedema,CC BY-NC-SA 4.0,UMLS via SIDER 4.1,http://identifiers.org/umls/C0156308
C1142115,Enterocolitis infectious,CC BY-NC-SA 4.0,UMLS via SIDER 4.1,http://identifiers.org/umls/C1142115
C0424230,Psychomotor retardation,CC BY-NC-SA 4.0,UMLS via SIDER 4.1,http://identifiers.org/umls/C0424230
C0410959,Foetal acidosis,CC BY-NC-SA 4.0,UMLS via SIDER 4.1,http://identifiers.org/umls/C0410959
C1096257,Dental discomfort,CC BY-NC-SA 4.0,UMLS via SIDER 4.1,http://identifiers.org/umls/C1096257
C0494475,Tonic-clonic seizures,CC BY-NC-SA 4.0,UMLS via SIDER 4.1,http://identifiers.org/umls/C0494475
C0919890,Hyperfibrinogenaemia,CC BY-NC-SA 4.0,UMLS via SIDER 4.1,http://identifiers.org/umls/C0919890
C0541947,Excitation cerebral,CC BY-NC-SA 4.0,UMLS via SIDER 4.1,http://identifiers.org/umls/C0541947
C0376356,Premenstrual tension,CC BY-NC-SA 4.0,UMLS via SIDER 4.1,http://identifiers.org/umls/C0376356
C0376297,Cardiac death,CC BY-NC-SA 4.0,UMLS via SIDER 4.1,http://identifiers.org/umls/C0376297
C0013491,Ecchymosis,CC BY-NC-SA 4.0,UMLS via SIDER 4.1,http://identifiers.org/umls/C0013491
C0003044,Animal bite,CC BY-NC-SA 4.0,UMLS via SIDER 4.1,http://identifiers.org/umls/C0003044
C1142420,Hepatitis B reactivation,CC BY-NC-SA 4.0,UMLS via SIDER 4.1,http://identifiers.org/umls/C1142420
C3665818,Medication residue present,CC BY-NC-SA 4.0,UMLS via SIDER 4.1,http://identifiers.org/umls/C3665818
C0520477,Prostatic adenoma,CC BY-NC-SA 4.0,UMLS via SIDER 4.1,http://identifiers.org/umls/C0520477
C0349705,Haemoglobin abnormal,CC BY-NC-SA 4.0,UMLS via SIDER 4.1,http://identifiers.org/umls/C0349705
C1142151,Scleromalacia,CC BY-NC-SA 4.0,UMLS via SIDER 4.1,http://identifiers.org/umls/C1142151
C0235763,Psoriasis flare-up,CC BY-NC-SA 4.0,UMLS via SIDER 4.1,http://identifiers.org/umls/C0235763
C0232410,Hair growth increased,CC BY-NC-SA 4.0,UMLS via SIDER 4.1,http://identifiers.org/umls/C0232410
C0026393,Molluscum contagiosum,CC BY-NC-SA 4.0,UMLS via SIDER 4.1,http://identifiers.org/umls/C0026393
C0858738,Vitamin B12 absorption decreased,CC BY-NC-SA 4.0,UMLS via SIDER 4.1,http://identifiers.org/umls/C0858738
C1096657,Prostate examination abnormal,CC BY-NC-SA 4.0,UMLS via SIDER 4.1,http://identifiers.org/umls/C1096657
C0037278,Skin infection,CC BY-NC-SA 4.0,UMLS via SIDER 4.1,http://identifiers.org/umls/C0037278
C0152436,Imperforate hymen,CC BY-NC-SA 4.0,UMLS via SIDER 4.1,http://identifiers.org/umls/C0152436
C0013298,Duodenitis,CC BY-NC-SA 4.0,UMLS via SIDER 4.1,http://identifiers.org/umls/C0013298
C0241618,Vaginal burning sensation,CC BY-NC-SA 4.0,UMLS via SIDER 4.1,http://identifiers.org/umls/C0241618
C0239783,Groin pain,CC BY-NC-SA 4.0,UMLS via SIDER 4.1,http://identifiers.org/umls/C0239783
C0011633,Dermatomyositis,CC BY-NC-SA 4.0,UMLS via SIDER 4.1,http://identifiers.org/umls/C0011633
C0021400,Influenza,CC BY-NC-SA 4.0,UMLS via SIDER 4.1,http://identifiers.org/umls/C0021400
C0524662,Dependence on opiates,CC BY-NC-SA 4.0,UMLS via SIDER 4.1,http://identifiers.org/umls/C0524662
C0042130,Uterine contractions,CC BY-NC-SA 4.0,UMLS via SIDER 4.1,http://identifiers.org/umls/C0042130
C0342649,Vascular calcification,CC BY-NC-SA 4.0,UMLS via SIDER 4.1,http://identifiers.org/umls/C0342649
C0028960,Oligospermia,CC BY-NC-SA 4.0,UMLS via SIDER 4.1,http://identifiers.org/umls/C0028960
C0235439,Ankle edema,CC BY-NC-SA 4.0,UMLS via SIDER 4.1,http://identifiers.org/umls/C0235439
C0854954,Ovarian germ cell teratoma benign,CC BY-NC-SA 4.0,UMLS via SIDER 4.1,http://identifiers.org/umls/C0854954
C0151942,Arterial thrombosis,CC BY-NC-SA 4.0,UMLS via SIDER 4.1,http://identifiers.org/umls/C0151942
C0006261,Bronchial disorder,CC BY-NC-SA 4.0,UMLS via SIDER 4.1,http://identifiers.org/umls/C0006261
C0241057,Skin burning sensation,CC BY-NC-SA 4.0,UMLS via SIDER 4.1,http://identifiers.org/umls/C0241057
C0234230,Pain burning,CC BY-NC-SA 4.0,UMLS via SIDER 4.1,http://identifiers.org/umls/C0234230
C1167965,Urine output increased,CC BY-NC-SA 4.0,UMLS via SIDER 4.1,http://identifiers.org/umls/C1167965
C0853277,Pseudo-Bartter syndrome,CC BY-NC-SA 4.0,UMLS via SIDER 4.1,http://identifiers.org/umls/C0853277
C0238113,Radiation oesophagitis,CC BY-NC-SA 4.0,UMLS via SIDER 4.1,http://identifiers.org/umls/C0238113
C0392525,Nephrolithiasis,CC BY-NC-SA 4.0,UMLS via SIDER 4.1,http://identifiers.org/umls/C0392525
C0039239,Sinus tachycardia,CC BY-NC-SA 4.0,UMLS via SIDER 4.1,http://identifiers.org/umls/C0039239
C0085096,Peripheral vascular disorder,CC BY-NC-SA 4.0,UMLS via SIDER 4.1,http://identifiers.org/umls/C0085096
C0855652,Culture negative,CC BY-NC-SA 4.0,UMLS via SIDER 4.1,http://identifiers.org/umls/C0855652
C0151313,Peripheral sensory neuropathy,CC BY-NC-SA 4.0,UMLS via SIDER 4.1,http://identifiers.org/umls/C0151313
C0558353,Carcinoma of tongue,CC BY-NC-SA 4.0,UMLS via SIDER 4.1,http://identifiers.org/umls/C0558353
C1263846,Attention deficit/hyperactivity disorder,CC BY-NC-SA 4.0,UMLS via SIDER 4.1,http://identifiers.org/umls/C1263846
C0948284,Corneal decompensation,CC BY-NC-SA 4.0,UMLS via SIDER 4.1,http://identifiers.org/umls/C0948284
C0032045,Placental disorder,CC BY-NC-SA 4.0,UMLS via SIDER 4.1,http://identifiers.org/umls/C0032045
C0751535,Cardiac syncope,CC BY-NC-SA 4.0,UMLS via SIDER 4.1,http://identifiers.org/umls/C0751535
C0085577,Normocytic anemia,CC BY-NC-SA 4.0,UMLS via SIDER 4.1,http://identifiers.org/umls/C0085577
C0037268,Congenital skin disorder,CC BY-NC-SA 4.0,UMLS via SIDER 4.1,http://identifiers.org/umls/C0037268
C0003813,Sinus arrhythmia,CC BY-NC-SA 4.0,UMLS via SIDER 4.1,http://identifiers.org/umls/C0003813
C0406317,Plaque psoriasis,CC BY-NC-SA 4.0,UMLS via SIDER 4.1,http://identifiers.org/umls/C0406317
C0026975,Myelitis,CC BY-NC-SA 4.0,UMLS via SIDER 4.1,http://identifiers.org/umls/C0026975
C0019151,Hepatic encephalopathy,CC BY-NC-SA 4.0,UMLS via SIDER 4.1,http://identifiers.org/umls/C0019151
C0085628,Stupor,CC BY-NC-SA 4.0,UMLS via SIDER 4.1,http://identifiers.org/umls/C0085628
C1167791,Skin toxicity,CC BY-NC-SA 4.0,UMLS via SIDER 4.1,http://identifiers.org/umls/C1167791
C2609264,Color vision change,CC BY-NC-SA 4.0,UMLS via SIDER 4.1,http://identifiers.org/umls/C2609264
C1142459,Application site scar,CC BY-NC-SA 4.0,UMLS via SIDER 4.1,http://identifiers.org/umls/C1142459
C0876991,Histiocytosis haematophagic,CC BY-NC-SA 4.0,UMLS via SIDER 4.1,http://identifiers.org/umls/C0876991
C0027562,Negativism,CC BY-NC-SA 4.0,UMLS via SIDER 4.1,http://identifiers.org/umls/C0027562
C0556385,Alcohol craving,CC BY-NC-SA 4.0,UMLS via SIDER 4.1,http://identifiers.org/umls/C0556385
C1135120,Breakthrough pain,CC BY-NC-SA 4.0,UMLS via SIDER 4.1,http://identifiers.org/umls/C1135120
C0948441,Venoocclusive disease,CC BY-NC-SA 4.0,UMLS via SIDER 4.1,http://identifiers.org/umls/C0948441
C1963864,Myelodysplastic syndrome transformation,CC BY-NC-SA 4.0,UMLS via SIDER 4.1,http://identifiers.org/umls/C1963864
C0948380,Colorectal cancer metastatic,CC BY-NC-SA 4.0,UMLS via SIDER 4.1,http://identifiers.org/umls/C0948380
C0151632,Red blood cell sedimentation rate increased,CC BY-NC-SA 4.0,UMLS via SIDER 4.1,http://identifiers.org/umls/C0151632
C0241166,Skin tightness,CC BY-NC-SA 4.0,UMLS via SIDER 4.1,http://identifiers.org/umls/C0241166
C0239513,Pallor facial,CC BY-NC-SA 4.0,UMLS via SIDER 4.1,http://identifiers.org/umls/C0239513
C0853149,Blood lactate dehydrogenase increased,CC BY-NC-SA 4.0,UMLS via SIDER 4.1,http://identifiers.org/umls/C0853149
C0013384,Dyskinesia,CC BY-NC-SA 4.0,UMLS via SIDER 4.1,http://identifiers.org/umls/C0013384
C0042258,Vaginal neoplasm,CC BY-NC-SA 4.0,UMLS via SIDER 4.1,http://identifiers.org/umls/C0042258
C0019147,Coma hepatic,CC BY-NC-SA 4.0,UMLS via SIDER 4.1,http://identifiers.org/umls/C0019147
C0235575,Hemolytic reaction,CC BY-NC-SA 4.0,UMLS via SIDER 4.1,http://identifiers.org/umls/C0235575
C0268948,Scrotal ulcer,CC BY-NC-SA 4.0,UMLS via SIDER 4.1,http://identifiers.org/umls/C0268948
C0018987,Hemimelia,CC BY-NC-SA 4.0,UMLS via SIDER 4.1,http://identifiers.org/umls/C0018987
C0231835,Tachypnoea,CC BY-NC-SA 4.0,UMLS via SIDER 4.1,http://identifiers.org/umls/C0231835
C0751494,Convulsive seizure,CC BY-NC-SA 4.0,UMLS via SIDER 4.1,http://identifiers.org/umls/C0751494
C0274312,Graft complication,CC BY-NC-SA 4.0,UMLS via SIDER 4.1,http://identifiers.org/umls/C0274312
C0812470,Abortion incomplete,CC BY-NC-SA 4.0,UMLS via SIDER 4.1,http://identifiers.org/umls/C0812470
C0036439,Scoliosis,CC BY-NC-SA 4.0,UMLS via SIDER 4.1,http://identifiers.org/umls/C0036439
C0235282,Ear roaring,CC BY-NC-SA 4.0,UMLS via SIDER 4.1,http://identifiers.org/umls/C0235282
C0029405,Brown tumour,CC BY-NC-SA 4.0,UMLS via SIDER 4.1,http://identifiers.org/umls/C0029405
C0034628,Radius fracture,CC BY-NC-SA 4.0,UMLS via SIDER 4.1,http://identifiers.org/umls/C0034628
C0002453,Amenorrhoea,CC BY-NC-SA 4.0,UMLS via SIDER 4.1,http://identifiers.org/umls/C0002453
C1141938,Ocular icterus,CC BY-NC-SA 4.0,UMLS via SIDER 4.1,http://identifiers.org/umls/C1141938
C1096252,Cardiac discomfort,CC BY-NC-SA 4.0,UMLS via SIDER 4.1,http://identifiers.org/umls/C1096252
C0016412,Folate deficiency,CC BY-NC-SA 4.0,UMLS via SIDER 4.1,http://identifiers.org/umls/C0016412
C0156273,Bladder diverticulum,CC BY-NC-SA 4.0,UMLS via SIDER 4.1,http://identifiers.org/umls/C0156273
C1262106,Neuromuscular toxicity,CC BY-NC-SA 4.0,UMLS via SIDER 4.1,http://identifiers.org/umls/C1262106
C0019372,Herpes virus infection,CC BY-NC-SA 4.0,UMLS via SIDER 4.1,http://identifiers.org/umls/C0019372
C0003123,Anorexia,CC BY-NC-SA 4.0,UMLS via SIDER 4.1,http://identifiers.org/umls/C0003123
C0017677,Tongue geographic,CC BY-NC-SA 4.0,UMLS via SIDER 4.1,http://identifiers.org/umls/C0017677
C0542313,Sleep talking,CC BY-NC-SA 4.0,UMLS via SIDER 4.1,http://identifiers.org/umls/C0542313
C0027343,Ingrowing nail,CC BY-NC-SA 4.0,UMLS via SIDER 4.1,http://identifiers.org/umls/C0027343
C0280100,Solid tumour,CC BY-NC-SA 4.0,UMLS via SIDER 4.1,http://identifiers.org/umls/C0280100
C0003128,Anovulation,CC BY-NC-SA 4.0,UMLS via SIDER 4.1,http://identifiers.org/umls/C0003128
C1868912,Uric acid increased,CC BY-NC-SA 4.0,UMLS via SIDER 4.1,http://identifiers.org/umls/C1868912
C0158775,Spine malformation,CC BY-NC-SA 4.0,UMLS via SIDER 4.1,http://identifiers.org/umls/C0158775
C0240557,Nasal irritation,CC BY-NC-SA 4.0,UMLS via SIDER 4.1,http://identifiers.org/umls/C0240557
C0740469,Albumin high,CC BY-NC-SA 4.0,UMLS via SIDER 4.1,http://identifiers.org/umls/C0740469
C0553721,Sweating decreased,CC BY-NC-SA 4.0,UMLS via SIDER 4.1,http://identifiers.org/umls/C0553721
C0856151,Fat redistribution,CC BY-NC-SA 4.0,UMLS via SIDER 4.1,http://identifiers.org/umls/C0856151
C0549453,Traumatic haematoma,CC BY-NC-SA 4.0,UMLS via SIDER 4.1,http://identifiers.org/umls/C0549453
C0014059,Acute disseminated encephalomyelitis,CC BY-NC-SA 4.0,UMLS via SIDER 4.1,http://identifiers.org/umls/C0014059
C0235081,Tremor limb,CC BY-NC-SA 4.0,UMLS via SIDER 4.1,http://identifiers.org/umls/C0235081
C0178298,Unspecified disorder of skin and subcutaneous tissue,CC BY-NC-SA 4.0,UMLS via SIDER 4.1,http://identifiers.org/umls/C0178298
C0392156,Akathisia,CC BY-NC-SA 4.0,UMLS via SIDER 4.1,http://identifiers.org/umls/C0392156
C0555120,White blood cells urine positive,CC BY-NC-SA 4.0,UMLS via SIDER 4.1,http://identifiers.org/umls/C0555120
C0858924,General discomfort,CC BY-NC-SA 4.0,UMLS via SIDER 4.1,http://identifiers.org/umls/C0858924
C0040797,Traumatic haemorrhage,CC BY-NC-SA 4.0,UMLS via SIDER 4.1,http://identifiers.org/umls/C0040797
C0275524,Infection mixed,CC BY-NC-SA 4.0,UMLS via SIDER 4.1,http://identifiers.org/umls/C0275524
C0038012,Spondylitis,CC BY-NC-SA 4.0,UMLS via SIDER 4.1,http://identifiers.org/umls/C0038012
C2173677,Renal cyst,CC BY-NC-SA 4.0,UMLS via SIDER 4.1,http://identifiers.org/umls/C2173677
C0549357,Abdominal adhesions,CC BY-NC-SA 4.0,UMLS via SIDER 4.1,http://identifiers.org/umls/C0549357
C0235378,Hepatotoxicity,CC BY-NC-SA 4.0,UMLS via SIDER 4.1,http://identifiers.org/umls/C0235378
C0242698,Left ventricular dysfunction,CC BY-NC-SA 4.0,UMLS via SIDER 4.1,http://identifiers.org/umls/C0242698
C1619700,Renal aplasia,CC BY-NC-SA 4.0,UMLS via SIDER 4.1,http://identifiers.org/umls/C1619700
C2939130,Other bacterial diseases,CC BY-NC-SA 4.0,UMLS via SIDER 4.1,http://identifiers.org/umls/C2939130
C0085653,Pyogenic granuloma,CC BY-NC-SA 4.0,UMLS via SIDER 4.1,http://identifiers.org/umls/C0085653
C1692886,Arthritis bacterial,CC BY-NC-SA 4.0,UMLS via SIDER 4.1,http://identifiers.org/umls/C1692886
C0231230,Fatigability,CC BY-NC-SA 4.0,UMLS via SIDER 4.1,http://identifiers.org/umls/C0231230
C0006267,Bronchiectasis,CC BY-NC-SA 4.0,UMLS via SIDER 4.1,http://identifiers.org/umls/C0006267
C0151702,Muscle haemorrhage,CC BY-NC-SA 4.0,UMLS via SIDER 4.1,http://identifiers.org/umls/C0151702
C0160390,Liver injury,CC BY-NC-SA 4.0,UMLS via SIDER 4.1,http://identifiers.org/umls/C0160390
C0235753,Haemangioma congenital,CC BY-NC-SA 4.0,UMLS via SIDER 4.1,http://identifiers.org/umls/C0235753
C0877634,Paresthesia of scalp,CC BY-NC-SA 4.0,UMLS via SIDER 4.1,http://identifiers.org/umls/C0877634
C0002622,Amnesia,CC BY-NC-SA 4.0,UMLS via SIDER 4.1,http://identifiers.org/umls/C0002622
C0235324,Gingival swelling,CC BY-NC-SA 4.0,UMLS via SIDER 4.1,http://identifiers.org/umls/C0235324
C0004626,Pneumonia bacterial,CC BY-NC-SA 4.0,UMLS via SIDER 4.1,http://identifiers.org/umls/C0004626
C0030925,Peptic ulcer perforation,CC BY-NC-SA 4.0,UMLS via SIDER 4.1,http://identifiers.org/umls/C0030925
C0271650,Glucose tolerance impaired,CC BY-NC-SA 4.0,UMLS via SIDER 4.1,http://identifiers.org/umls/C0271650
C0042749,Viraemia,CC BY-NC-SA 4.0,UMLS via SIDER 4.1,http://identifiers.org/umls/C0042749
C0853960,Bacterial disease carrier,CC BY-NC-SA 4.0,UMLS via SIDER 4.1,http://identifiers.org/umls/C0853960
C0743300,Urine drug screen positive,CC BY-NC-SA 4.0,UMLS via SIDER 4.1,http://identifiers.org/umls/C0743300
C0574002,Foot edema,CC BY-NC-SA 4.0,UMLS via SIDER 4.1,http://identifiers.org/umls/C0574002
C0277884,Blood pressure systolic increased,CC BY-NC-SA 4.0,UMLS via SIDER 4.1,http://identifiers.org/umls/C0277884
C0849913,Localized erythema,CC BY-NC-SA 4.0,UMLS via SIDER 4.1,http://identifiers.org/umls/C0849913
C0343494,Risus sardonicus,CC BY-NC-SA 4.0,UMLS via SIDER 4.1,http://identifiers.org/umls/C0343494
C0239488,Erythema facial,CC BY-NC-SA 4.0,UMLS via SIDER 4.1,http://identifiers.org/umls/C0239488
C0014541,Epiglottitis,CC BY-NC-SA 4.0,UMLS via SIDER 4.1,http://identifiers.org/umls/C0014541
C0919939,Graft thrombosis,CC BY-NC-SA 4.0,UMLS via SIDER 4.1,http://identifiers.org/umls/C0919939
C1141949,Troponin I increased,CC BY-NC-SA 4.0,UMLS via SIDER 4.1,http://identifiers.org/umls/C1141949
C0853710,Blood prolactin decreased,CC BY-NC-SA 4.0,UMLS via SIDER 4.1,http://identifiers.org/umls/C0853710
C2242708,Hypertransaminasaemia,CC BY-NC-SA 4.0,UMLS via SIDER 4.1,http://identifiers.org/umls/C2242708
C1167761,Fungal test positive,CC BY-NC-SA 4.0,UMLS via SIDER 4.1,http://identifiers.org/umls/C1167761
C0235822,Overdose effect,CC BY-NC-SA 4.0,UMLS via SIDER 4.1,http://identifiers.org/umls/C0235822
C0240449,Nasal sinus drainage,CC BY-NC-SA 4.0,UMLS via SIDER 4.1,http://identifiers.org/umls/C0240449
C0155388,External ear disorder,CC BY-NC-SA 4.0,UMLS via SIDER 4.1,http://identifiers.org/umls/C0155388
C0392171,Influenza-like symptoms,CC BY-NC-SA 4.0,UMLS via SIDER 4.1,http://identifiers.org/umls/C0392171
C0234518,Slurred speech,CC BY-NC-SA 4.0,UMLS via SIDER 4.1,http://identifiers.org/umls/C0234518
C0549430,Procedural site reaction,CC BY-NC-SA 4.0,UMLS via SIDER 4.1,http://identifiers.org/umls/C0549430
C0017086,Gangrene,CC BY-NC-SA 4.0,UMLS via SIDER 4.1,http://identifiers.org/umls/C0017086
C0151476,Alkalosis hypochloraemic,CC BY-NC-SA 4.0,UMLS via SIDER 4.1,http://identifiers.org/umls/C0151476
C0006285,Bronchopneumonia,CC BY-NC-SA 4.0,UMLS via SIDER 4.1,http://identifiers.org/umls/C0006285
C0854438,Blepharal pigmentation,CC BY-NC-SA 4.0,UMLS via SIDER 4.1,http://identifiers.org/umls/C0854438
C0235667,Mastitis acute female,CC BY-NC-SA 4.0,UMLS via SIDER 4.1,http://identifiers.org/umls/C0235667
C0238807,Bone tenderness,CC BY-NC-SA 4.0,UMLS via SIDER 4.1,http://identifiers.org/umls/C0238807
C0702166,Acne,CC BY-NC-SA 4.0,UMLS via SIDER 4.1,http://identifiers.org/umls/C0702166
C0342579,Electrolyte imbalance,CC BY-NC-SA 4.0,UMLS via SIDER 4.1,http://identifiers.org/umls/C0342579
C0242966,Systemic inflammatory response syndrome,CC BY-NC-SA 4.0,UMLS via SIDER 4.1,http://identifiers.org/umls/C0242966
C2350530,Bronchopulmonary aspergillosis,CC BY-NC-SA 4.0,UMLS via SIDER 4.1,http://identifiers.org/umls/C2350530
C0043012,Wakefulness,CC BY-NC-SA 4.0,UMLS via SIDER 4.1,http://identifiers.org/umls/C0043012
C0235344,Buccal mucosa ulceration,CC BY-NC-SA 4.0,UMLS via SIDER 4.1,http://identifiers.org/umls/C0235344
C0151798,Hepatic necrosis,CC BY-NC-SA 4.0,UMLS via SIDER 4.1,http://identifiers.org/umls/C0151798
C0581879,Felt faint,CC BY-NC-SA 4.0,UMLS via SIDER 4.1,http://identifiers.org/umls/C0581879
C0241357,Testosterone low,CC BY-NC-SA 4.0,UMLS via SIDER 4.1,http://identifiers.org/umls/C0241357
C0541896,Spermatozoa abnormal,CC BY-NC-SA 4.0,UMLS via SIDER 4.1,http://identifiers.org/umls/C0541896
C0541840,Contraction skeletal muscle,CC BY-NC-SA 4.0,UMLS via SIDER 4.1,http://identifiers.org/umls/C0541840
C0004158,Athetosis,CC BY-NC-SA 4.0,UMLS via SIDER 4.1,http://identifiers.org/umls/C0004158
C0151799,Skin necrosis,CC BY-NC-SA 4.0,UMLS via SIDER 4.1,http://identifiers.org/umls/C0151799
C0520757,Delayed recovery from anaesthesia,CC BY-NC-SA 4.0,UMLS via SIDER 4.1,http://identifiers.org/umls/C0520757
C0267797,Hepatitis acute,CC BY-NC-SA 4.0,UMLS via SIDER 4.1,http://identifiers.org/umls/C0267797
C0231613,Occipital headache,CC BY-NC-SA 4.0,UMLS via SIDER 4.1,http://identifiers.org/umls/C0231613
C0003873,Rheumatoid arthritis,CC BY-NC-SA 4.0,UMLS via SIDER 4.1,http://identifiers.org/umls/C0003873
C0039070,Syncope,CC BY-NC-SA 4.0,UMLS via SIDER 4.1,http://identifiers.org/umls/C0039070
C0541976,Gas in stomach,CC BY-NC-SA 4.0,UMLS via SIDER 4.1,http://identifiers.org/umls/C0541976
C0011071,Sudden death,CC BY-NC-SA 4.0,UMLS via SIDER 4.1,http://identifiers.org/umls/C0011071
C0234543,Postictal state,CC BY-NC-SA 4.0,UMLS via SIDER 4.1,http://identifiers.org/umls/C0234543
C0435630,Wrist fracture,CC BY-NC-SA 4.0,UMLS via SIDER 4.1,http://identifiers.org/umls/C0435630
C0184567,Acute pain,CC BY-NC-SA 4.0,UMLS via SIDER 4.1,http://identifiers.org/umls/C0184567
C0149782,Squamous cell carcinoma of lung,CC BY-NC-SA 4.0,UMLS via SIDER 4.1,http://identifiers.org/umls/C0149782
C0005694,Bladder neck obstruction,CC BY-NC-SA 4.0,UMLS via SIDER 4.1,http://identifiers.org/umls/C0005694
C1527407,Eosinophilic pneumonia,CC BY-NC-SA 4.0,UMLS via SIDER 4.1,http://identifiers.org/umls/C1527407
C0877331,Abnormal clotting factor,CC BY-NC-SA 4.0,UMLS via SIDER 4.1,http://identifiers.org/umls/C0877331
C0151479,Amylase increased,CC BY-NC-SA 4.0,UMLS via SIDER 4.1,http://identifiers.org/umls/C0151479
C0007112,Adenocarcinoma of prostate,CC BY-NC-SA 4.0,UMLS via SIDER 4.1,http://identifiers.org/umls/C0007112
C0027134,Myringitis,CC BY-NC-SA 4.0,UMLS via SIDER 4.1,http://identifiers.org/umls/C0027134
C0700198,Aspiration,CC BY-NC-SA 4.0,UMLS via SIDER 4.1,http://identifiers.org/umls/C0700198
C0006444,Bursitis,CC BY-NC-SA 4.0,UMLS via SIDER 4.1,http://identifiers.org/umls/C0006444
C0018802,Cardiac failure congestive,CC BY-NC-SA 4.0,UMLS via SIDER 4.1,http://identifiers.org/umls/C0018802
C0162423,Miliaria rubra,CC BY-NC-SA 4.0,UMLS via SIDER 4.1,http://identifiers.org/umls/C0162423
C0017168,Gastrooesophageal reflux disease,CC BY-NC-SA 4.0,UMLS via SIDER 4.1,http://identifiers.org/umls/C0017168
C0006277,Bronchitis,CC BY-NC-SA 4.0,UMLS via SIDER 4.1,http://identifiers.org/umls/C0006277
C0235774,Somnolence neonatal,CC BY-NC-SA 4.0,UMLS via SIDER 4.1,http://identifiers.org/umls/C0235774
C0233414,Disturbance in attention,CC BY-NC-SA 4.0,UMLS via SIDER 4.1,http://identifiers.org/umls/C0233414
C0855791,Mean cell volume increased,CC BY-NC-SA 4.0,UMLS via SIDER 4.1,http://identifiers.org/umls/C0855791
C0149836,Atrophic vulvovaginitis,CC BY-NC-SA 4.0,UMLS via SIDER 4.1,http://identifiers.org/umls/C0149836
C0018188,Granuloma,CC BY-NC-SA 4.0,UMLS via SIDER 4.1,http://identifiers.org/umls/C0018188
C1704437,Respiratory distress syndrome,CC BY-NC-SA 4.0,UMLS via SIDER 4.1,http://identifiers.org/umls/C1704437
C0153252,Systemic candida,CC BY-NC-SA 4.0,UMLS via SIDER 4.1,http://identifiers.org/umls/C0153252
C0263367,Koebner phenomenon,CC BY-NC-SA 4.0,UMLS via SIDER 4.1,http://identifiers.org/umls/C0263367
C0860864,Albumin low,CC BY-NC-SA 4.0,UMLS via SIDER 4.1,http://identifiers.org/umls/C0860864
C1319200,Confusion postoperative,CC BY-NC-SA 4.0,UMLS via SIDER 4.1,http://identifiers.org/umls/C1319200
C1328519,Retinal pigment epithelial tear,CC BY-NC-SA 4.0,UMLS via SIDER 4.1,http://identifiers.org/umls/C1328519
C0037299,Skin ulcer,CC BY-NC-SA 4.0,UMLS via SIDER 4.1,http://identifiers.org/umls/C0037299
C0043046,Wasting generalized,CC BY-NC-SA 4.0,UMLS via SIDER 4.1,http://identifiers.org/umls/C0043046
C0231837,Respiratory rate decreased,CC BY-NC-SA 4.0,UMLS via SIDER 4.1,http://identifiers.org/umls/C0231837
C0580412,Prothrombin time abnormal,CC BY-NC-SA 4.0,UMLS via SIDER 4.1,http://identifiers.org/umls/C0580412
C0920171,Foreign body sensation in eyes,CC BY-NC-SA 4.0,UMLS via SIDER 4.1,http://identifiers.org/umls/C0920171
C0948389,Intestinal hypomotility,CC BY-NC-SA 4.0,UMLS via SIDER 4.1,http://identifiers.org/umls/C0948389
C0521654,Neurological impairment,CC BY-NC-SA 4.0,UMLS via SIDER 4.1,http://identifiers.org/umls/C0521654
C0948352,Injury asphyxiation,CC BY-NC-SA 4.0,UMLS via SIDER 4.1,http://identifiers.org/umls/C0948352
C0231528,Myalgia,CC BY-NC-SA 4.0,UMLS via SIDER 4.1,http://identifiers.org/umls/C0231528
C0086168,Dissociation,CC BY-NC-SA 4.0,UMLS via SIDER 4.1,http://identifiers.org/umls/C0086168
C0151744,Myocardial ischaemia,CC BY-NC-SA 4.0,UMLS via SIDER 4.1,http://identifiers.org/umls/C0151744
C0016385,Cardiac flutter,CC BY-NC-SA 4.0,UMLS via SIDER 4.1,http://identifiers.org/umls/C0016385
C0030790,Pelvic infection,CC BY-NC-SA 4.0,UMLS via SIDER 4.1,http://identifiers.org/umls/C0030790
C0239062,Circumoral oedema,CC BY-NC-SA 4.0,UMLS via SIDER 4.1,http://identifiers.org/umls/C0239062
C1619712,Procedural pain,CC BY-NC-SA 4.0,UMLS via SIDER 4.1,http://identifiers.org/umls/C1619712
C0018524,Hallucination,CC BY-NC-SA 4.0,UMLS via SIDER 4.1,http://identifiers.org/umls/C0018524
C0236018,Aura,CC BY-NC-SA 4.0,UMLS via SIDER 4.1,http://identifiers.org/umls/C0236018
C0267446,Acute gastroenteritis,CC BY-NC-SA 4.0,UMLS via SIDER 4.1,http://identifiers.org/umls/C0267446
C0025517,Metabolic disorder,CC BY-NC-SA 4.0,UMLS via SIDER 4.1,http://identifiers.org/umls/C0025517
C0151596,Tongue discolouration,CC BY-NC-SA 4.0,UMLS via SIDER 4.1,http://identifiers.org/umls/C0151596
C0025218,Chloasma,CC BY-NC-SA 4.0,UMLS via SIDER 4.1,http://identifiers.org/umls/C0025218
C0151584,Injection site cyst,CC BY-NC-SA 4.0,UMLS via SIDER 4.1,http://identifiers.org/umls/C0151584
C0423820,Nail ridging,CC BY-NC-SA 4.0,UMLS via SIDER 4.1,http://identifiers.org/umls/C0423820
C0035579,Rickets,CC BY-NC-SA 4.0,UMLS via SIDER 4.1,http://identifiers.org/umls/C0035579
C0341439,Chronic liver disease,CC BY-NC-SA 4.0,UMLS via SIDER 4.1,http://identifiers.org/umls/C0341439
C0003119,Anophthalmos,CC BY-NC-SA 4.0,UMLS via SIDER 4.1,http://identifiers.org/umls/C0003119
C0426732,Prostatomegaly,CC BY-NC-SA 4.0,UMLS via SIDER 4.1,http://identifiers.org/umls/C0426732
C0877217,Abasia,CC BY-NC-SA 4.0,UMLS via SIDER 4.1,http://identifiers.org/umls/C0877217
C0240520,Nipple swelling,CC BY-NC-SA 4.0,UMLS via SIDER 4.1,http://identifiers.org/umls/C0240520
C0149745,Mouth ulceration,CC BY-NC-SA 4.0,UMLS via SIDER 4.1,http://identifiers.org/umls/C0149745
C0870082,Hyperkeratosis,CC BY-NC-SA 4.0,UMLS via SIDER 4.1,http://identifiers.org/umls/C0870082
C0001126,Renal tubular acidosis,CC BY-NC-SA 4.0,UMLS via SIDER 4.1,http://identifiers.org/umls/C0001126
C1142239,Call-Fleming syndrome,CC BY-NC-SA 4.0,UMLS via SIDER 4.1,http://identifiers.org/umls/C1142239
C2721559,Osmotic demyelination syndrome,CC BY-NC-SA 4.0,UMLS via SIDER 4.1,http://identifiers.org/umls/C2721559
C0151605,Injection site swelling,CC BY-NC-SA 4.0,UMLS via SIDER 4.1,http://identifiers.org/umls/C0151605
C0149904,Hepatitis cholestatic,CC BY-NC-SA 4.0,UMLS via SIDER 4.1,http://identifiers.org/umls/C0149904
C0853334,Thrombocytopenia aggravated,CC BY-NC-SA 4.0,UMLS via SIDER 4.1,http://identifiers.org/umls/C0853334
C0270994,Steroid myopathy,CC BY-NC-SA 4.0,UMLS via SIDER 4.1,http://identifiers.org/umls/C0270994
C0030976,Perceptual distortions,CC BY-NC-SA 4.0,UMLS via SIDER 4.1,http://identifiers.org/umls/C0030976
C0236101,Neonatal and infancy disorder,CC BY-NC-SA 4.0,UMLS via SIDER 4.1,http://identifiers.org/umls/C0236101
C0040425,Tonsillitis,CC BY-NC-SA 4.0,UMLS via SIDER 4.1,http://identifiers.org/umls/C0040425
C0853347,Venous thrombosis limb,CC BY-NC-SA 4.0,UMLS via SIDER 4.1,http://identifiers.org/umls/C0853347
C0859871,Stinging of nose,CC BY-NC-SA 4.0,UMLS via SIDER 4.1,http://identifiers.org/umls/C0859871
C1540600,Seizure cerebral,CC BY-NC-SA 4.0,UMLS via SIDER 4.1,http://identifiers.org/umls/C1540600
C0268105,Uricaciduria,CC BY-NC-SA 4.0,UMLS via SIDER 4.1,http://identifiers.org/umls/C0268105
C0151739,Small intestinal perforation,CC BY-NC-SA 4.0,UMLS via SIDER 4.1,http://identifiers.org/umls/C0151739
C0853619,Local swelling,CC BY-NC-SA 4.0,UMLS via SIDER 4.1,http://identifiers.org/umls/C0853619
C0338113,Sarcoma uterus,CC BY-NC-SA 4.0,UMLS via SIDER 4.1,http://identifiers.org/umls/C0338113
C0036341,Schizophrenia,CC BY-NC-SA 4.0,UMLS via SIDER 4.1,http://identifiers.org/umls/C0036341
C2937228,Tunnel vision,CC BY-NC-SA 4.0,UMLS via SIDER 4.1,http://identifiers.org/umls/C2937228
C0205707,Sprue,CC BY-NC-SA 4.0,UMLS via SIDER 4.1,http://identifiers.org/umls/C0205707
C0236151,Renal function test abnormal,CC BY-NC-SA 4.0,UMLS via SIDER 4.1,http://identifiers.org/umls/C0236151
C0333582,Dystrophic calcification,CC BY-NC-SA 4.0,UMLS via SIDER 4.1,http://identifiers.org/umls/C0333582
C0037052,Sick sinus syndrome,CC BY-NC-SA 4.0,UMLS via SIDER 4.1,http://identifiers.org/umls/C0037052
C0042998,Vulvovaginitis,CC BY-NC-SA 4.0,UMLS via SIDER 4.1,http://identifiers.org/umls/C0042998
C1963718,Oculorespiratory syndrome,CC BY-NC-SA 4.0,UMLS via SIDER 4.1,http://identifiers.org/umls/C1963718
C0007222,Cardiovascular disorder,CC BY-NC-SA 4.0,UMLS via SIDER 4.1,http://identifiers.org/umls/C0007222
C0948240,Thyroxine free decreased,CC BY-NC-SA 4.0,UMLS via SIDER 4.1,http://identifiers.org/umls/C0948240
C0022578,Keratoconus,CC BY-NC-SA 4.0,UMLS via SIDER 4.1,http://identifiers.org/umls/C0022578
C0001206,Acromegaly,CC BY-NC-SA 4.0,UMLS via SIDER 4.1,http://identifiers.org/umls/C0001206
C0238792,Bone lesion,CC BY-NC-SA 4.0,UMLS via SIDER 4.1,http://identifiers.org/umls/C0238792
C0235969,Ejaculation disorder,CC BY-NC-SA 4.0,UMLS via SIDER 4.1,http://identifiers.org/umls/C0235969
C0023473,Chronic myeloid leukaemia,CC BY-NC-SA 4.0,UMLS via SIDER 4.1,http://identifiers.org/umls/C0023473
C0024248,Lymphocele,CC BY-NC-SA 4.0,UMLS via SIDER 4.1,http://identifiers.org/umls/C0024248
C0027404,Narcolepsy,CC BY-NC-SA 4.0,UMLS via SIDER 4.1,http://identifiers.org/umls/C0027404
C0016542,Foreign body,CC BY-NC-SA 4.0,UMLS via SIDER 4.1,http://identifiers.org/umls/C0016542
C0040411,Tongue neoplasm,CC BY-NC-SA 4.0,UMLS via SIDER 4.1,http://identifiers.org/umls/C0040411
C0948023,Urine phosphate increased,CC BY-NC-SA 4.0,UMLS via SIDER 4.1,http://identifiers.org/umls/C0948023
C0009088,Cluster headache,CC BY-NC-SA 4.0,UMLS via SIDER 4.1,http://identifiers.org/umls/C0009088
C0085679,Hyperchloraemia,CC BY-NC-SA 4.0,UMLS via SIDER 4.1,http://identifiers.org/umls/C0085679
C0035333,Retinitis,CC BY-NC-SA 4.0,UMLS via SIDER 4.1,http://identifiers.org/umls/C0035333
C0546884,Hypovolaemia,CC BY-NC-SA 4.0,UMLS via SIDER 4.1,http://identifiers.org/umls/C0546884
C0236072,Bronchospasm paradoxical,CC BY-NC-SA 4.0,UMLS via SIDER 4.1,http://identifiers.org/umls/C0236072
C0036689,Pharyngitis streptococcal,CC BY-NC-SA 4.0,UMLS via SIDER 4.1,http://identifiers.org/umls/C0036689
C0079731,B-cell lymphoma,CC BY-NC-SA 4.0,UMLS via SIDER 4.1,http://identifiers.org/umls/C0079731
C0041969,Urethral disorder,CC BY-NC-SA 4.0,UMLS via SIDER 4.1,http://identifiers.org/umls/C0041969
C0024904,Mastoiditis,CC BY-NC-SA 4.0,UMLS via SIDER 4.1,http://identifiers.org/umls/C0024904
C0036412,Scleral disorder,CC BY-NC-SA 4.0,UMLS via SIDER 4.1,http://identifiers.org/umls/C0036412
C0086439,Hypokinesia,CC BY-NC-SA 4.0,UMLS via SIDER 4.1,http://identifiers.org/umls/C0086439
C0877211,General physical health deterioration,CC BY-NC-SA 4.0,UMLS via SIDER 4.1,http://identifiers.org/umls/C0877211
C0542044,Incoherent,CC BY-NC-SA 4.0,UMLS via SIDER 4.1,http://identifiers.org/umls/C0542044
C0155177,Eczema eyelids,CC BY-NC-SA 4.0,UMLS via SIDER 4.1,http://identifiers.org/umls/C0155177
C0272891,Knee sprain,CC BY-NC-SA 4.0,UMLS via SIDER 4.1,http://identifiers.org/umls/C0272891
C0022354,Jaundice cholestatic,CC BY-NC-SA 4.0,UMLS via SIDER 4.1,http://identifiers.org/umls/C0022354
C0235228,Lacrimal gland disorder,CC BY-NC-SA 4.0,UMLS via SIDER 4.1,http://identifiers.org/umls/C0235228
C0027868,Neuromyopathy,CC BY-NC-SA 4.0,UMLS via SIDER 4.1,http://identifiers.org/umls/C0027868
C0919866,Eye naevus,CC BY-NC-SA 4.0,UMLS via SIDER 4.1,http://identifiers.org/umls/C0919866
C0393615,Familial tremor,CC BY-NC-SA 4.0,UMLS via SIDER 4.1,http://identifiers.org/umls/C0393615
C0234913,Rash erythematous,CC BY-NC-SA 4.0,UMLS via SIDER 4.1,http://identifiers.org/umls/C0234913
C0080203,Tachyarrhythmia,CC BY-NC-SA 4.0,UMLS via SIDER 4.1,http://identifiers.org/umls/C0080203
C1704212,Embolus,CC BY-NC-SA 4.0,UMLS via SIDER 4.1,http://identifiers.org/umls/C1704212
C0019917,Hordeolum,CC BY-NC-SA 4.0,UMLS via SIDER 4.1,http://identifiers.org/umls/C0019917
C0085624,Burning sensation,CC BY-NC-SA 4.0,UMLS via SIDER 4.1,http://identifiers.org/umls/C0085624
C0002893,Refractory anemia,CC BY-NC-SA 4.0,UMLS via SIDER 4.1,http://identifiers.org/umls/C0002893
C0852810,Blood creatinine decreased,CC BY-NC-SA 4.0,UMLS via SIDER 4.1,http://identifiers.org/umls/C0852810
C0877606,Infusion site burning,CC BY-NC-SA 4.0,UMLS via SIDER 4.1,http://identifiers.org/umls/C0877606
C0235480,Paroxysmal atrial fibrillation,CC BY-NC-SA 4.0,UMLS via SIDER 4.1,http://identifiers.org/umls/C0235480
C1318520,Vasculitis necrotising,CC BY-NC-SA 4.0,UMLS via SIDER 4.1,http://identifiers.org/umls/C1318520
C0595882,Serum calcium decreased,CC BY-NC-SA 4.0,UMLS via SIDER 4.1,http://identifiers.org/umls/C0595882
C2750515,Subcutaneous bleeding,CC BY-NC-SA 4.0,UMLS via SIDER 4.1,http://identifiers.org/umls/C2750515
C0392025,Enlargement abdomen,CC BY-NC-SA 4.0,UMLS via SIDER 4.1,http://identifiers.org/umls/C0392025
C0151815,Mesenteric occlusion,CC BY-NC-SA 4.0,UMLS via SIDER 4.1,http://identifiers.org/umls/C0151815
C0041296,Tuberculosis,CC BY-NC-SA 4.0,UMLS via SIDER 4.1,http://identifiers.org/umls/C0041296
C0854100,Nitrogen balance negative,CC BY-NC-SA 4.0,UMLS via SIDER 4.1,http://identifiers.org/umls/C0854100
C1442826,Necrotising enterocolitis neonatal,CC BY-NC-SA 4.0,UMLS via SIDER 4.1,http://identifiers.org/umls/C1442826
C0232570,Epigastric fullness,CC BY-NC-SA 4.0,UMLS via SIDER 4.1,http://identifiers.org/umls/C0232570
C0521694,Retinal atrophy,CC BY-NC-SA 4.0,UMLS via SIDER 4.1,http://identifiers.org/umls/C0521694
C0553681,Hypofibrinogenaemia,CC BY-NC-SA 4.0,UMLS via SIDER 4.1,http://identifiers.org/umls/C0553681
C0151665,Globulins decreased,CC BY-NC-SA 4.0,UMLS via SIDER 4.1,http://identifiers.org/umls/C0151665
C0151848,Acid phosphatase high,CC BY-NC-SA 4.0,UMLS via SIDER 4.1,http://identifiers.org/umls/C0151848
C0853644,Eosinophil count abnormal,CC BY-NC-SA 4.0,UMLS via SIDER 4.1,http://identifiers.org/umls/C0853644
C0853263,Blood bicarbonate,CC BY-NC-SA 4.0,UMLS via SIDER 4.1,http://identifiers.org/umls/C0853263
C0400877,Postoperative ileus,CC BY-NC-SA 4.0,UMLS via SIDER 4.1,http://identifiers.org/umls/C0400877
C0263358,Erythema annulare centrifugum,CC BY-NC-SA 4.0,UMLS via SIDER 4.1,http://identifiers.org/umls/C0263358
C0001361,Acute tonsillitis,CC BY-NC-SA 4.0,UMLS via SIDER 4.1,http://identifiers.org/umls/C0001361
C0042571,Vertigo,CC BY-NC-SA 4.0,UMLS via SIDER 4.1,http://identifiers.org/umls/C0042571
C0162533,Porphyria hepatic,CC BY-NC-SA 4.0,UMLS via SIDER 4.1,http://identifiers.org/umls/C0162533
C0033817,Pseudomonas infection,CC BY-NC-SA 4.0,UMLS via SIDER 4.1,http://identifiers.org/umls/C0033817
C0700590,Sweating increased,CC BY-NC-SA 4.0,UMLS via SIDER 4.1,http://identifiers.org/umls/C0700590
C0020701,Hysteria,CC BY-NC-SA 4.0,UMLS via SIDER 4.1,http://identifiers.org/umls/C0020701
C0684249,Carcinoma of lung,CC BY-NC-SA 4.0,UMLS via SIDER 4.1,http://identifiers.org/umls/C0684249
C0241013,Serum ferritin increased,CC BY-NC-SA 4.0,UMLS via SIDER 4.1,http://identifiers.org/umls/C0241013
C0239293,Oesophageal haemorrhage,CC BY-NC-SA 4.0,UMLS via SIDER 4.1,http://identifiers.org/umls/C0239293
C0340515,Myocardial depression,CC BY-NC-SA 4.0,UMLS via SIDER 4.1,http://identifiers.org/umls/C0340515
C0549398,Meibomianitis,CC BY-NC-SA 4.0,UMLS via SIDER 4.1,http://identifiers.org/umls/C0549398
C0153676,Lung cancer metastatic,CC BY-NC-SA 4.0,UMLS via SIDER 4.1,http://identifiers.org/umls/C0153676
C0580181,Jessner's lymphocytic infiltration,CC BY-NC-SA 4.0,UMLS via SIDER 4.1,http://identifiers.org/umls/C0580181
C0497364,Localized rash,CC BY-NC-SA 4.0,UMLS via SIDER 4.1,http://identifiers.org/umls/C0497364
C0233417,Poor concentration,CC BY-NC-SA 4.0,UMLS via SIDER 4.1,http://identifiers.org/umls/C0233417
C0021141,Inappropriate antidiuretic hormone secretion,CC BY-NC-SA 4.0,UMLS via SIDER 4.1,http://identifiers.org/umls/C0021141
C0442856,Hypoperfusion,CC BY-NC-SA 4.0,UMLS via SIDER 4.1,http://identifiers.org/umls/C0442856
C0238106,Clostridium difficile colitis,CC BY-NC-SA 4.0,UMLS via SIDER 4.1,http://identifiers.org/umls/C0238106
C0553730,Chondrocalcinosis,CC BY-NC-SA 4.0,UMLS via SIDER 4.1,http://identifiers.org/umls/C0553730
C0029883,Middle ear effusion,CC BY-NC-SA 4.0,UMLS via SIDER 4.1,http://identifiers.org/umls/C0029883
C2363809,Incessant ventricular tachycardia,CC BY-NC-SA 4.0,UMLS via SIDER 4.1,http://identifiers.org/umls/C2363809
C0034150,Purpura,CC BY-NC-SA 4.0,UMLS via SIDER 4.1,http://identifiers.org/umls/C0034150
C1285373,Respiratory disorder neonatal,CC BY-NC-SA 4.0,UMLS via SIDER 4.1,http://identifiers.org/umls/C1285373
C0854375,Mucosal haemorrhage,CC BY-NC-SA 4.0,UMLS via SIDER 4.1,http://identifiers.org/umls/C0854375
C0013390,Dysmenorrhoea,CC BY-NC-SA 4.0,UMLS via SIDER 4.1,http://identifiers.org/umls/C0013390
C0037859,Spermatocele,CC BY-NC-SA 4.0,UMLS via SIDER 4.1,http://identifiers.org/umls/C0037859
C2747905,Destructive thyroiditis,CC BY-NC-SA 4.0,UMLS via SIDER 4.1,http://identifiers.org/umls/C2747905
C0853142,CD4 lymphocytes decreased,CC BY-NC-SA 4.0,UMLS via SIDER 4.1,http://identifiers.org/umls/C0853142
C0085693,Acute appendicitis,CC BY-NC-SA 4.0,UMLS via SIDER 4.1,http://identifiers.org/umls/C0085693
C0424444,Teeth clenching,CC BY-NC-SA 4.0,UMLS via SIDER 4.1,http://identifiers.org/umls/C0424444
C0281940,Pelvic peritonitis,CC BY-NC-SA 4.0,UMLS via SIDER 4.1,http://identifiers.org/umls/C0281940
C0235433,Fat tissue increased,CC BY-NC-SA 4.0,UMLS via SIDER 4.1,http://identifiers.org/umls/C0235433
C0521501,Injection site thrombosis,CC BY-NC-SA 4.0,UMLS via SIDER 4.1,http://identifiers.org/umls/C0521501
C0428282,Serum creatinine decreased,CC BY-NC-SA 4.0,UMLS via SIDER 4.1,http://identifiers.org/umls/C0428282
C0040046,Thrombophlebitis,CC BY-NC-SA 4.0,UMLS via SIDER 4.1,http://identifiers.org/umls/C0040046
C0162628,Viral skin infection,CC BY-NC-SA 4.0,UMLS via SIDER 4.1,http://identifiers.org/umls/C0162628
C0085635,Photopsia,CC BY-NC-SA 4.0,UMLS via SIDER 4.1,http://identifiers.org/umls/C0085635
C0008149,Chlamydial infection,CC BY-NC-SA 4.0,UMLS via SIDER 4.1,http://identifiers.org/umls/C0008149
C0028734,Nocturia,CC BY-NC-SA 4.0,UMLS via SIDER 4.1,http://identifiers.org/umls/C0028734
C0549429,Surgical site reaction,CC BY-NC-SA 4.0,UMLS via SIDER 4.1,http://identifiers.org/umls/C0549429
C0877314,Blood glucose fluctuation,CC BY-NC-SA 4.0,UMLS via SIDER 4.1,http://identifiers.org/umls/C0877314
C0010278,Craniosynostosis,CC BY-NC-SA 4.0,UMLS via SIDER 4.1,http://identifiers.org/umls/C0010278
C0877014,Sympathomimetic effect,CC BY-NC-SA 4.0,UMLS via SIDER 4.1,http://identifiers.org/umls/C0877014
C0020903,Illusion,CC BY-NC-SA 4.0,UMLS via SIDER 4.1,http://identifiers.org/umls/C0020903
C0235905,Myasthenia gravis-like syndrome,CC BY-NC-SA 4.0,UMLS via SIDER 4.1,http://identifiers.org/umls/C0235905
C0406650,Linear IgA disease,CC BY-NC-SA 4.0,UMLS via SIDER 4.1,http://identifiers.org/umls/C0406650
C0241742,Wound haemorrhage,CC BY-NC-SA 4.0,UMLS via SIDER 4.1,http://identifiers.org/umls/C0241742
C0151604,Oedema genital,CC BY-NC-SA 4.0,UMLS via SIDER 4.1,http://identifiers.org/umls/C0151604
C0241310,Suprapubic pain,CC BY-NC-SA 4.0,UMLS via SIDER 4.1,http://identifiers.org/umls/C0241310
C2939065,Airway edema,CC BY-NC-SA 4.0,UMLS via SIDER 4.1,http://identifiers.org/umls/C2939065
C0162638,Apoptosis,CC BY-NC-SA 4.0,UMLS via SIDER 4.1,http://identifiers.org/umls/C0162638
C0033375,Prolactinoma,CC BY-NC-SA 4.0,UMLS via SIDER 4.1,http://identifiers.org/umls/C0033375
C0028643,Numbness,CC BY-NC-SA 4.0,UMLS via SIDER 4.1,http://identifiers.org/umls/C0028643
C0541879,Detachment psychological,CC BY-NC-SA 4.0,UMLS via SIDER 4.1,http://identifiers.org/umls/C0541879
C0042133,Uterine leiomyoma,CC BY-NC-SA 4.0,UMLS via SIDER 4.1,http://identifiers.org/umls/C0042133
C0234533,Convulsions generalised,CC BY-NC-SA 4.0,UMLS via SIDER 4.1,http://identifiers.org/umls/C0234533
C0013080,Trisomy 21,CC BY-NC-SA 4.0,UMLS via SIDER 4.1,http://identifiers.org/umls/C0013080
C3203690,Deficiency of bile secretion,CC BY-NC-SA 4.0,UMLS via SIDER 4.1,http://identifiers.org/umls/C3203690
C0558148,Yellow skin,CC BY-NC-SA 4.0,UMLS via SIDER 4.1,http://identifiers.org/umls/C0558148
C0020757,Ichthyosis,CC BY-NC-SA 4.0,UMLS via SIDER 4.1,http://identifiers.org/umls/C0020757
C0011432,Sensitivity of teeth,CC BY-NC-SA 4.0,UMLS via SIDER 4.1,http://identifiers.org/umls/C0011432
C0043241,Wound infection,CC BY-NC-SA 4.0,UMLS via SIDER 4.1,http://identifiers.org/umls/C0043241
C0920192,Descemetitis,CC BY-NC-SA 4.0,UMLS via SIDER 4.1,http://identifiers.org/umls/C0920192
C0033845,Benign intracranial hypertension,CC BY-NC-SA 4.0,UMLS via SIDER 4.1,http://identifiers.org/umls/C0033845
C0151638,Syndrome Fanconi-like,CC BY-NC-SA 4.0,UMLS via SIDER 4.1,http://identifiers.org/umls/C0151638
C0040586,Tracheobronchitis,CC BY-NC-SA 4.0,UMLS via SIDER 4.1,http://identifiers.org/umls/C0040586
C0034040,Postpartum disorder,CC BY-NC-SA 4.0,UMLS via SIDER 4.1,http://identifiers.org/umls/C0034040
C0235231,Pupils pinpoint,CC BY-NC-SA 4.0,UMLS via SIDER 4.1,http://identifiers.org/umls/C0235231
C0031924,Piloerection,CC BY-NC-SA 4.0,UMLS via SIDER 4.1,http://identifiers.org/umls/C0031924
C0857322,Anemic,CC BY-NC-SA 4.0,UMLS via SIDER 4.1,http://identifiers.org/umls/C0857322
C2239176,Hepatocellular carcinoma,CC BY-NC-SA 4.0,UMLS via SIDER 4.1,http://identifiers.org/umls/C2239176
C0332687,Burns second degree,CC BY-NC-SA 4.0,UMLS via SIDER 4.1,http://identifiers.org/umls/C0332687
C0241075,Skin induration,CC BY-NC-SA 4.0,UMLS via SIDER 4.1,http://identifiers.org/umls/C0241075
C0595879,Sodium high,CC BY-NC-SA 4.0,UMLS via SIDER 4.1,http://identifiers.org/umls/C0595879
C2364082,Hyposmia,CC BY-NC-SA 4.0,UMLS via SIDER 4.1,http://identifiers.org/umls/C2364082
C0948036,Gastric ulcer helicobacter,CC BY-NC-SA 4.0,UMLS via SIDER 4.1,http://identifiers.org/umls/C0948036
C0849918,Eyelids pruritus,CC BY-NC-SA 4.0,UMLS via SIDER 4.1,http://identifiers.org/umls/C0849918
C0242973,Ventricular dysfunction,CC BY-NC-SA 4.0,UMLS via SIDER 4.1,http://identifiers.org/umls/C0242973
C0015929,Foetal disorder,CC BY-NC-SA 4.0,UMLS via SIDER 4.1,http://identifiers.org/umls/C0015929
C0032290,Pneumonia aspiration,CC BY-NC-SA 4.0,UMLS via SIDER 4.1,http://identifiers.org/umls/C0032290
C0001973,Alcoholism,CC BY-NC-SA 4.0,UMLS via SIDER 4.1,http://identifiers.org/umls/C0001973
C0268732,Nephritic syndrome,CC BY-NC-SA 4.0,UMLS via SIDER 4.1,http://identifiers.org/umls/C0268732
C0745499,Junctional bradycardia,CC BY-NC-SA 4.0,UMLS via SIDER 4.1,http://identifiers.org/umls/C0745499
C1260402,Splenic sequestration,CC BY-NC-SA 4.0,UMLS via SIDER 4.1,http://identifiers.org/umls/C1260402
C0740832,End stage AIDS,CC BY-NC-SA 4.0,UMLS via SIDER 4.1,http://identifiers.org/umls/C0740832
C0278045,Urine odour abnormal,CC BY-NC-SA 4.0,UMLS via SIDER 4.1,http://identifiers.org/umls/C0278045
C0028259,Nodule,CC BY-NC-SA 4.0,UMLS via SIDER 4.1,http://identifiers.org/umls/C0028259
C0003469,Anxiety disorder,CC BY-NC-SA 4.0,UMLS via SIDER 4.1,http://identifiers.org/umls/C0003469
C0037320,Sleep terror,CC BY-NC-SA 4.0,UMLS via SIDER 4.1,http://identifiers.org/umls/C0037320
C0030286,Pancreatic disorder,CC BY-NC-SA 4.0,UMLS via SIDER 4.1,http://identifiers.org/umls/C0030286
C0860987,Phosphate low,CC BY-NC-SA 4.0,UMLS via SIDER 4.1,http://identifiers.org/umls/C0860987
C0151624,Ulcerative enterocolitis,CC BY-NC-SA 4.0,UMLS via SIDER 4.1,http://identifiers.org/umls/C0151624
C0030201,Postoperative pain,CC BY-NC-SA 4.0,UMLS via SIDER 4.1,http://identifiers.org/umls/C0030201
C0271420,Ceruminosis,CC BY-NC-SA 4.0,UMLS via SIDER 4.1,http://identifiers.org/umls/C0271420
C0004144,Atelectasis,CC BY-NC-SA 4.0,UMLS via SIDER 4.1,http://identifiers.org/umls/C0004144
C3495947,Atypical stress fracture,CC BY-NC-SA 4.0,UMLS via SIDER 4.1,http://identifiers.org/umls/C3495947
C0522336,Eye rolling,CC BY-NC-SA 4.0,UMLS via SIDER 4.1,http://identifiers.org/umls/C0522336
C0700345,Vulvovaginal candidiasis,CC BY-NC-SA 4.0,UMLS via SIDER 4.1,http://identifiers.org/umls/C0700345
C0023532,Leukoplakia oral,CC BY-NC-SA 4.0,UMLS via SIDER 4.1,http://identifiers.org/umls/C0023532
C0085618,Venospasm,CC BY-NC-SA 4.0,UMLS via SIDER 4.1,http://identifiers.org/umls/C0085618
C0340643,Aortic dissection,CC BY-NC-SA 4.0,UMLS via SIDER 4.1,http://identifiers.org/umls/C0340643
C0334579,Anaplastic astrocytoma,CC BY-NC-SA 4.0,UMLS via SIDER 4.1,http://identifiers.org/umls/C0334579
C0042167,Posterior uveitis,CC BY-NC-SA 4.0,UMLS via SIDER 4.1,http://identifiers.org/umls/C0042167
C0151834,Papanicolaou smear suspicious,CC BY-NC-SA 4.0,UMLS via SIDER 4.1,http://identifiers.org/umls/C0151834
C0151650,Kidney fibrosis,CC BY-NC-SA 4.0,UMLS via SIDER 4.1,http://identifiers.org/umls/C0151650
C0019829,Hodgkin's disease,CC BY-NC-SA 4.0,UMLS via SIDER 4.1,http://identifiers.org/umls/C0019829
C0236053,Mucosal ulceration,CC BY-NC-SA 4.0,UMLS via SIDER 4.1,http://identifiers.org/umls/C0236053
C0016470,Food allergy,CC BY-NC-SA 4.0,UMLS via SIDER 4.1,http://identifiers.org/umls/C0016470
C0038450,Stridor,CC BY-NC-SA 4.0,UMLS via SIDER 4.1,http://identifiers.org/umls/C0038450
C0542243,Toxic reaction (NOS),CC BY-NC-SA 4.0,UMLS via SIDER 4.1,http://identifiers.org/umls/C0542243
C0010263,Cramp of limb,CC BY-NC-SA 4.0,UMLS via SIDER 4.1,http://identifiers.org/umls/C0010263
C0341512,Retroperitoneal haematoma,CC BY-NC-SA 4.0,UMLS via SIDER 4.1,http://identifiers.org/umls/C0341512
C0034888,Rectal prolapse,CC BY-NC-SA 4.0,UMLS via SIDER 4.1,http://identifiers.org/umls/C0034888
C0026636,Oral disorder,CC BY-NC-SA 4.0,UMLS via SIDER 4.1,http://identifiers.org/umls/C0026636
C1579838,Sore mouth,CC BY-NC-SA 4.0,UMLS via SIDER 4.1,http://identifiers.org/umls/C1579838
C0030353,Papilloedema,CC BY-NC-SA 4.0,UMLS via SIDER 4.1,http://identifiers.org/umls/C0030353
C0032226,Pleural disorder,CC BY-NC-SA 4.0,UMLS via SIDER 4.1,http://identifiers.org/umls/C0032226
C0026986,Myelodysplastic syndrome,CC BY-NC-SA 4.0,UMLS via SIDER 4.1,http://identifiers.org/umls/C0026986
C0007758,Cerebellar ataxia,CC BY-NC-SA 4.0,UMLS via SIDER 4.1,http://identifiers.org/umls/C0007758
C0041667,Underweight,CC BY-NC-SA 4.0,UMLS via SIDER 4.1,http://identifiers.org/umls/C0041667
C0521169,Compression fracture,CC BY-NC-SA 4.0,UMLS via SIDER 4.1,http://identifiers.org/umls/C0521169
C3489393,Hiatus hernia,CC BY-NC-SA 4.0,UMLS via SIDER 4.1,http://identifiers.org/umls/C3489393
C1368065,Vascular purpura,CC BY-NC-SA 4.0,UMLS via SIDER 4.1,http://identifiers.org/umls/C1368065
C0270549,Generalised anxiety disorder,CC BY-NC-SA 4.0,UMLS via SIDER 4.1,http://identifiers.org/umls/C0270549
C0235032,Neurotoxicity,CC BY-NC-SA 4.0,UMLS via SIDER 4.1,http://identifiers.org/umls/C0235032
C0085660,Aseptic necrosis,CC BY-NC-SA 4.0,UMLS via SIDER 4.1,http://identifiers.org/umls/C0085660
C0011581,Depressive disorder,CC BY-NC-SA 4.0,UMLS via SIDER 4.1,http://identifiers.org/umls/C0011581
C0220870,Lightheadedness,CC BY-NC-SA 4.0,UMLS via SIDER 4.1,http://identifiers.org/umls/C0220870
C3160769,Major bleed,CC BY-NC-SA 4.0,UMLS via SIDER 4.1,http://identifiers.org/umls/C3160769
C0029560,Other conjunctivitis,CC BY-NC-SA 4.0,UMLS via SIDER 4.1,http://identifiers.org/umls/C0029560
C0013589,Ectromelia,CC BY-NC-SA 4.0,UMLS via SIDER 4.1,http://identifiers.org/umls/C0013589
C0574785,Lower urinary tract symptoms,CC BY-NC-SA 4.0,UMLS via SIDER 4.1,http://identifiers.org/umls/C0574785
C0858635,Pharyngolaryngeal pain,CC BY-NC-SA 4.0,UMLS via SIDER 4.1,http://identifiers.org/umls/C0858635
C0877305,Postoperative wound complication,CC BY-NC-SA 4.0,UMLS via SIDER 4.1,http://identifiers.org/umls/C0877305
C0259768,Wound dehiscence,CC BY-NC-SA 4.0,UMLS via SIDER 4.1,http://identifiers.org/umls/C0259768
C0232488,Abdominal colic,CC BY-NC-SA 4.0,UMLS via SIDER 4.1,http://identifiers.org/umls/C0232488
C0877096,Application site paraesthesia,CC BY-NC-SA 4.0,UMLS via SIDER 4.1,http://identifiers.org/umls/C0877096
C0278061,Mental state abnormal,CC BY-NC-SA 4.0,UMLS via SIDER 4.1,http://identifiers.org/umls/C0278061
C0030469,Sinus disorder,CC BY-NC-SA 4.0,UMLS via SIDER 4.1,http://identifiers.org/umls/C0030469
C0522178,Self-injurious ideation,CC BY-NC-SA 4.0,UMLS via SIDER 4.1,http://identifiers.org/umls/C0522178
C0026837,Muscle rigidity,CC BY-NC-SA 4.0,UMLS via SIDER 4.1,http://identifiers.org/umls/C0026837
C0024894,Mastitis,CC BY-NC-SA 4.0,UMLS via SIDER 4.1,http://identifiers.org/umls/C0024894
C0854029,Blood creatine increased,CC BY-NC-SA 4.0,UMLS via SIDER 4.1,http://identifiers.org/umls/C0854029
C0037315,Sleep apnoea syndrome,CC BY-NC-SA 4.0,UMLS via SIDER 4.1,http://identifiers.org/umls/C0037315
C0235328,Colon obstruction,CC BY-NC-SA 4.0,UMLS via SIDER 4.1,http://identifiers.org/umls/C0235328
C0175683,Argininosuccinate synthetase deficiency,CC BY-NC-SA 4.0,UMLS via SIDER 4.1,http://identifiers.org/umls/C0175683
C0025320,Menopause,CC BY-NC-SA 4.0,UMLS via SIDER 4.1,http://identifiers.org/umls/C0025320
C0085273,Erythema infectiosum,CC BY-NC-SA 4.0,UMLS via SIDER 4.1,http://identifiers.org/umls/C0085273
C0302859,Euthyroid goiter,CC BY-NC-SA 4.0,UMLS via SIDER 4.1,http://identifiers.org/umls/C0302859
C0342882,Heterozygous familial hypercholesterolemia,CC BY-NC-SA 4.0,UMLS via SIDER 4.1,http://identifiers.org/umls/C0342882
C2939419,Metastatic neoplasm,CC BY-NC-SA 4.0,UMLS via SIDER 4.1,http://identifiers.org/umls/C2939419
C0234547,Drug withdrawal convulsions,CC BY-NC-SA 4.0,UMLS via SIDER 4.1,http://identifiers.org/umls/C0234547
C0877055,Acute generalised exanthematous pustulosis,CC BY-NC-SA 4.0,UMLS via SIDER 4.1,http://identifiers.org/umls/C0877055
C1535975,Pelvic discomfort,CC BY-NC-SA 4.0,UMLS via SIDER 4.1,http://identifiers.org/umls/C1535975
C0151735,Injection site reaction,CC BY-NC-SA 4.0,UMLS via SIDER 4.1,http://identifiers.org/umls/C0151735
C0151878,Electrocardiogram QT prolonged,CC BY-NC-SA 4.0,UMLS via SIDER 4.1,http://identifiers.org/umls/C0151878
C0038160,Staphylococcal infection,CC BY-NC-SA 4.0,UMLS via SIDER 4.1,http://identifiers.org/umls/C0038160
C0028866,IIIrd nerve paralysis,CC BY-NC-SA 4.0,UMLS via SIDER 4.1,http://identifiers.org/umls/C0028866
C0859253,Microhemorrhage,CC BY-NC-SA 4.0,UMLS via SIDER 4.1,http://identifiers.org/umls/C0859253
C0014118,Endocarditis,CC BY-NC-SA 4.0,UMLS via SIDER 4.1,http://identifiers.org/umls/C0014118
C0020456,Hyperglycaemia,CC BY-NC-SA 4.0,UMLS via SIDER 4.1,http://identifiers.org/umls/C0020456
C0948002,Crystal urine present,CC BY-NC-SA 4.0,UMLS via SIDER 4.1,http://identifiers.org/umls/C0948002
C0020569,Salivary gland enlargement,CC BY-NC-SA 4.0,UMLS via SIDER 4.1,http://identifiers.org/umls/C0020569
C3160770,Minor bleed,CC BY-NC-SA 4.0,UMLS via SIDER 4.1,http://identifiers.org/umls/C3160770
C0041105,Trismus,CC BY-NC-SA 4.0,UMLS via SIDER 4.1,http://identifiers.org/umls/C0041105
C0151883,Vesiculobullous rash,CC BY-NC-SA 4.0,UMLS via SIDER 4.1,http://identifiers.org/umls/C0151883
C0263888,Back disorder,CC BY-NC-SA 4.0,UMLS via SIDER 4.1,http://identifiers.org/umls/C0263888
C0221237,Angular cheilitis,CC BY-NC-SA 4.0,UMLS via SIDER 4.1,http://identifiers.org/umls/C0221237
C0233931,Nocturnal emission,CC BY-NC-SA 4.0,UMLS via SIDER 4.1,http://identifiers.org/umls/C0233931
C0271051,Macular oedema,CC BY-NC-SA 4.0,UMLS via SIDER 4.1,http://identifiers.org/umls/C0271051
C0033931,Psychosomatic disease,CC BY-NC-SA 4.0,UMLS via SIDER 4.1,http://identifiers.org/umls/C0033931
C3160858,Posterior reversible encephalopathy syndrome,CC BY-NC-SA 4.0,UMLS via SIDER 4.1,http://identifiers.org/umls/C3160858
C1328447,Brain stem syndrome,CC BY-NC-SA 4.0,UMLS via SIDER 4.1,http://identifiers.org/umls/C1328447
C0948856,Orgasmic sensation decreased,CC BY-NC-SA 4.0,UMLS via SIDER 4.1,http://identifiers.org/umls/C0948856
C0574067,Cough increased,CC BY-NC-SA 4.0,UMLS via SIDER 4.1,http://identifiers.org/umls/C0574067
C0027849,Neuroleptic malignant syndrome,CC BY-NC-SA 4.0,UMLS via SIDER 4.1,http://identifiers.org/umls/C0027849
C0035357,Retroperitoneal fibrosis,CC BY-NC-SA 4.0,UMLS via SIDER 4.1,http://identifiers.org/umls/C0035357
C0155018,Colour blindness acquired,CC BY-NC-SA 4.0,UMLS via SIDER 4.1,http://identifiers.org/umls/C0155018
C0700201,Dyssomnia,CC BY-NC-SA 4.0,UMLS via SIDER 4.1,http://identifiers.org/umls/C0700201
C0263530,Nail longitudinal striations,CC BY-NC-SA 4.0,UMLS via SIDER 4.1,http://identifiers.org/umls/C0263530
C0013221,Drug toxicity,CC BY-NC-SA 4.0,UMLS via SIDER 4.1,http://identifiers.org/umls/C0013221
C0155866,Pneumonia anthrax,CC BY-NC-SA 4.0,UMLS via SIDER 4.1,http://identifiers.org/umls/C0155866
C0702266,Basophilia,CC BY-NC-SA 4.0,UMLS via SIDER 4.1,http://identifiers.org/umls/C0702266
C0032463,Polycythaemia vera,CC BY-NC-SA 4.0,UMLS via SIDER 4.1,http://identifiers.org/umls/C0032463
C0017605,Angle closure glaucoma,CC BY-NC-SA 4.0,UMLS via SIDER 4.1,http://identifiers.org/umls/C0017605
C0410198,Proximal myopathy,CC BY-NC-SA 4.0,UMLS via SIDER 4.1,http://identifiers.org/umls/C0410198
C0232288,Chest pain exertional,CC BY-NC-SA 4.0,UMLS via SIDER 4.1,http://identifiers.org/umls/C0232288
C0026896,Myasthenia gravis,CC BY-NC-SA 4.0,UMLS via SIDER 4.1,http://identifiers.org/umls/C0026896
C0270790,Quadriparesis,CC BY-NC-SA 4.0,UMLS via SIDER 4.1,http://identifiers.org/umls/C0270790
C0406484,Sebaceous hyperplasia,CC BY-NC-SA 4.0,UMLS via SIDER 4.1,http://identifiers.org/umls/C0406484
C1112346,Prostate induration,CC BY-NC-SA 4.0,UMLS via SIDER 4.1,http://identifiers.org/umls/C1112346
C0877192,Lipodystrophy acquired,CC BY-NC-SA 4.0,UMLS via SIDER 4.1,http://identifiers.org/umls/C0877192
C0042514,Ventricular tachycardia,CC BY-NC-SA 4.0,UMLS via SIDER 4.1,http://identifiers.org/umls/C0042514
C0859978,Amylase decreased,CC BY-NC-SA 4.0,UMLS via SIDER 4.1,http://identifiers.org/umls/C0859978
C0424740,Cold hands,CC BY-NC-SA 4.0,UMLS via SIDER 4.1,http://identifiers.org/umls/C0424740
C0333516,Tumour necrosis,CC BY-NC-SA 4.0,UMLS via SIDER 4.1,http://identifiers.org/umls/C0333516
C0007274,Carotid artery thrombosis,CC BY-NC-SA 4.0,UMLS via SIDER 4.1,http://identifiers.org/umls/C0007274
C3665888,Reproductive toxicity,CC BY-NC-SA 4.0,UMLS via SIDER 4.1,http://identifiers.org/umls/C3665888
C0239725,Genital pain,CC BY-NC-SA 4.0,UMLS via SIDER 4.1,http://identifiers.org/umls/C0239725
C0035459,Rhinitis atrophic,CC BY-NC-SA 4.0,UMLS via SIDER 4.1,http://identifiers.org/umls/C0035459
C0860207,Drug-induced liver injury,CC BY-NC-SA 4.0,UMLS via SIDER 4.1,http://identifiers.org/umls/C0860207
C1868911,Uric acid abnormal,CC BY-NC-SA 4.0,UMLS via SIDER 4.1,http://identifiers.org/umls/C1868911
C0373705,Progesterone,CC BY-NC-SA 4.0,UMLS via SIDER 4.1,http://identifiers.org/umls/C0373705
C0027013,Myeloid metaplasia,CC BY-NC-SA 4.0,UMLS via SIDER 4.1,http://identifiers.org/umls/C0027013
C0858678,Alopecia reversible,CC BY-NC-SA 4.0,UMLS via SIDER 4.1,http://identifiers.org/umls/C0858678
C0015401,Foreign body in eye,CC BY-NC-SA 4.0,UMLS via SIDER 4.1,http://identifiers.org/umls/C0015401
C0235338,Salivary gland pain,CC BY-NC-SA 4.0,UMLS via SIDER 4.1,http://identifiers.org/umls/C0235338
C1290864,Abdominal disorder,CC BY-NC-SA 4.0,UMLS via SIDER 4.1,http://identifiers.org/umls/C1290864
C0751901,Vocal tic,CC BY-NC-SA 4.0,UMLS via SIDER 4.1,http://identifiers.org/umls/C0751901
C1112537,Neurological examination abnormal,CC BY-NC-SA 4.0,UMLS via SIDER 4.1,http://identifiers.org/umls/C1112537
C0858357,Oesophageal stenosis acquired,CC BY-NC-SA 4.0,UMLS via SIDER 4.1,http://identifiers.org/umls/C0858357
C0034887,Rectal polyp,CC BY-NC-SA 4.0,UMLS via SIDER 4.1,http://identifiers.org/umls/C0034887
C0438434,Scotoma annular,CC BY-NC-SA 4.0,UMLS via SIDER 4.1,http://identifiers.org/umls/C0438434
C0409974,Lupus erythematosus,CC BY-NC-SA 4.0,UMLS via SIDER 4.1,http://identifiers.org/umls/C0409974
C0151740,Intracranial pressure increased,CC BY-NC-SA 4.0,UMLS via SIDER 4.1,http://identifiers.org/umls/C0151740
C1384666,Hearing impaired,CC BY-NC-SA 4.0,UMLS via SIDER 4.1,http://identifiers.org/umls/C1384666
C0152173,Ventricular flutter,CC BY-NC-SA 4.0,UMLS via SIDER 4.1,http://identifiers.org/umls/C0152173
C0019348,Herpes simplex,CC BY-NC-SA 4.0,UMLS via SIDER 4.1,http://identifiers.org/umls/C0019348
C1868855,Post procedural infection,CC BY-NC-SA 4.0,UMLS via SIDER 4.1,http://identifiers.org/umls/C1868855
C0857448,Serum urea increased,CC BY-NC-SA 4.0,UMLS via SIDER 4.1,http://identifiers.org/umls/C0857448
C0006430,Burning mouth syndrome,CC BY-NC-SA 4.0,UMLS via SIDER 4.1,http://identifiers.org/umls/C0006430
C1269683,Major depression,CC BY-NC-SA 4.0,UMLS via SIDER 4.1,http://identifiers.org/umls/C1269683
C0392039,Ovarian enlargement,CC BY-NC-SA 4.0,UMLS via SIDER 4.1,http://identifiers.org/umls/C0392039
C0265110,Vasospasm cerebral,CC BY-NC-SA 4.0,UMLS via SIDER 4.1,http://identifiers.org/umls/C0265110
C1262141,Poor quality sleep,CC BY-NC-SA 4.0,UMLS via SIDER 4.1,http://identifiers.org/umls/C1262141
C0494491,Mononeuropathy,CC BY-NC-SA 4.0,UMLS via SIDER 4.1,http://identifiers.org/umls/C0494491
C0549448,Haemoglobin increased,CC BY-NC-SA 4.0,UMLS via SIDER 4.1,http://identifiers.org/umls/C0549448
C1510586,Autism spectrum disorder,CC BY-NC-SA 4.0,UMLS via SIDER 4.1,http://identifiers.org/umls/C1510586
C0023787,Lipodystrophy,CC BY-NC-SA 4.0,UMLS via SIDER 4.1,http://identifiers.org/umls/C0023787
C0235649,Breast oedema,CC BY-NC-SA 4.0,UMLS via SIDER 4.1,http://identifiers.org/umls/C0235649
C0855335,Electrocardiogram ST segment abnormal,CC BY-NC-SA 4.0,UMLS via SIDER 4.1,http://identifiers.org/umls/C0855335
C0857199,Red blotches,CC BY-NC-SA 4.0,UMLS via SIDER 4.1,http://identifiers.org/umls/C0857199
C0003028,Anhidrosis,CC BY-NC-SA 4.0,UMLS via SIDER 4.1,http://identifiers.org/umls/C0003028
C1258192,Vascular resistance systemic,CC BY-NC-SA 4.0,UMLS via SIDER 4.1,http://identifiers.org/umls/C1258192
C0267033,Lip ulceration,CC BY-NC-SA 4.0,UMLS via SIDER 4.1,http://identifiers.org/umls/C0267033
C0497365,Rash generalised,CC BY-NC-SA 4.0,UMLS via SIDER 4.1,http://identifiers.org/umls/C0497365
C0262417,Pancreatitis acute on chronic,CC BY-NC-SA 4.0,UMLS via SIDER 4.1,http://identifiers.org/umls/C0262417
C0242429,Throat sore,CC BY-NC-SA 4.0,UMLS via SIDER 4.1,http://identifiers.org/umls/C0242429
C0235329,Small intestinal obstruction,CC BY-NC-SA 4.0,UMLS via SIDER 4.1,http://identifiers.org/umls/C0235329
C0015408,Eye injury,CC BY-NC-SA 4.0,UMLS via SIDER 4.1,http://identifiers.org/umls/C0015408
C1744601,Heart rate abnormal,CC BY-NC-SA 4.0,UMLS via SIDER 4.1,http://identifiers.org/umls/C1744601
C0853945,Oral mucosal blistering,CC BY-NC-SA 4.0,UMLS via SIDER 4.1,http://identifiers.org/umls/C0853945
C0542165,Pseudoparkinsonism,CC BY-NC-SA 4.0,UMLS via SIDER 4.1,http://identifiers.org/umls/C0542165
C0428895,Labile blood pressure,CC BY-NC-SA 4.0,UMLS via SIDER 4.1,http://identifiers.org/umls/C0428895
C1333984,Hepatosplenic T-cell lymphoma,CC BY-NC-SA 4.0,UMLS via SIDER 4.1,http://identifiers.org/umls/C1333984
C0240417,Muscle mass,CC BY-NC-SA 4.0,UMLS via SIDER 4.1,http://identifiers.org/umls/C0240417
C1963943,Atherothrombosis,CC BY-NC-SA 4.0,UMLS via SIDER 4.1,http://identifiers.org/umls/C1963943
C0853592,Blood antidiuretic hormone abnormal,CC BY-NC-SA 4.0,UMLS via SIDER 4.1,http://identifiers.org/umls/C0853592
C0262494,Gangrenous cholecystitis,CC BY-NC-SA 4.0,UMLS via SIDER 4.1,http://identifiers.org/umls/C0262494
C0948198,Acholia,CC BY-NC-SA 4.0,UMLS via SIDER 4.1,http://identifiers.org/umls/C0948198
C0857245,Redness of face,CC BY-NC-SA 4.0,UMLS via SIDER 4.1,http://identifiers.org/umls/C0857245
C0003869,Arthritis infective,CC BY-NC-SA 4.0,UMLS via SIDER 4.1,http://identifiers.org/umls/C0003869
C0376175,Bell's palsy,CC BY-NC-SA 4.0,UMLS via SIDER 4.1,http://identifiers.org/umls/C0376175
C0852711,Hand and foot syndrome secondary to sickle cell anaemia,CC BY-NC-SA 4.0,UMLS via SIDER 4.1,http://identifiers.org/umls/C0852711
C0018681,Headache,CC BY-NC-SA 4.0,UMLS via SIDER 4.1,http://identifiers.org/umls/C0018681
C0025287,Meningism,CC BY-NC-SA 4.0,UMLS via SIDER 4.1,http://identifiers.org/umls/C0025287
C0343166,Effusion of knee,CC BY-NC-SA 4.0,UMLS via SIDER 4.1,http://identifiers.org/umls/C0343166
C0025202,Malignant melanoma,CC BY-NC-SA 4.0,UMLS via SIDER 4.1,http://identifiers.org/umls/C0025202
C0038379,Strabismus,CC BY-NC-SA 4.0,UMLS via SIDER 4.1,http://identifiers.org/umls/C0038379
C0019080,Haemorrhage,CC BY-NC-SA 4.0,UMLS via SIDER 4.1,http://identifiers.org/umls/C0019080
C0553706,Serum phosphate increased,CC BY-NC-SA 4.0,UMLS via SIDER 4.1,http://identifiers.org/umls/C0553706
C0009917,Muscle contracture,CC BY-NC-SA 4.0,UMLS via SIDER 4.1,http://identifiers.org/umls/C0009917
C0549493,Alveolitis,CC BY-NC-SA 4.0,UMLS via SIDER 4.1,http://identifiers.org/umls/C0549493
C0232981,Spermatogenesis arrest,CC BY-NC-SA 4.0,UMLS via SIDER 4.1,http://identifiers.org/umls/C0232981
C1504532,Post transplant diabetes mellitus,CC BY-NC-SA 4.0,UMLS via SIDER 4.1,http://identifiers.org/umls/C1504532
C0020620,Hypohidrosis,CC BY-NC-SA 4.0,UMLS via SIDER 4.1,http://identifiers.org/umls/C0020620
C0853895,Mental disorder due to a general medical condition,CC BY-NC-SA 4.0,UMLS via SIDER 4.1,http://identifiers.org/umls/C0853895
C0522351,Vertigo positional,CC BY-NC-SA 4.0,UMLS via SIDER 4.1,http://identifiers.org/umls/C0522351
C1096668,Instillation site irritation,CC BY-NC-SA 4.0,UMLS via SIDER 4.1,http://identifiers.org/umls/C1096668
C1720775,Renal tubular necrosis,CC BY-NC-SA 4.0,UMLS via SIDER 4.1,http://identifiers.org/umls/C1720775
C0274727,Digoxin toxicity,CC BY-NC-SA 4.0,UMLS via SIDER 4.1,http://identifiers.org/umls/C0274727
C0853692,Blood triglycerides increased,CC BY-NC-SA 4.0,UMLS via SIDER 4.1,http://identifiers.org/umls/C0853692
C2607896,Vulva discomfort,CC BY-NC-SA 4.0,UMLS via SIDER 4.1,http://identifiers.org/umls/C2607896
C0424448,Masked facies,CC BY-NC-SA 4.0,UMLS via SIDER 4.1,http://identifiers.org/umls/C0424448
C0277799,Intermittent fever,CC BY-NC-SA 4.0,UMLS via SIDER 4.1,http://identifiers.org/umls/C0277799
C0030193,Pain,CC BY-NC-SA 4.0,UMLS via SIDER 4.1,http://identifiers.org/umls/C0030193
C0242528,Azotaemia,CC BY-NC-SA 4.0,UMLS via SIDER 4.1,http://identifiers.org/umls/C0242528
C0278126,Equilibrium loss,CC BY-NC-SA 4.0,UMLS via SIDER 4.1,http://identifiers.org/umls/C0278126
C1112525,Gastrointestinal ulcer haemorrhage,CC BY-NC-SA 4.0,UMLS via SIDER 4.1,http://identifiers.org/umls/C1112525
C1262299,Oral papilloma,CC BY-NC-SA 4.0,UMLS via SIDER 4.1,http://identifiers.org/umls/C1262299
C0206762,Limb malformation,CC BY-NC-SA 4.0,UMLS via SIDER 4.1,http://identifiers.org/umls/C0206762
C0006271,Bronchiolitis,CC BY-NC-SA 4.0,UMLS via SIDER 4.1,http://identifiers.org/umls/C0006271
C0159076,Choluria,CC BY-NC-SA 4.0,UMLS via SIDER 4.1,http://identifiers.org/umls/C0159076
C0239729,Genital rash,CC BY-NC-SA 4.0,UMLS via SIDER 4.1,http://identifiers.org/umls/C0239729
C2242583,Acute liver injury,CC BY-NC-SA 4.0,UMLS via SIDER 4.1,http://identifiers.org/umls/C2242583
C0409962,Localized osteoarthritis,CC BY-NC-SA 4.0,UMLS via SIDER 4.1,http://identifiers.org/umls/C0409962
C1536459,Nettle rash,CC BY-NC-SA 4.0,UMLS via SIDER 4.1,http://identifiers.org/umls/C1536459
C0241669,Venous occlusion,CC BY-NC-SA 4.0,UMLS via SIDER 4.1,http://identifiers.org/umls/C0241669
C0235966,Dreaming excessive,CC BY-NC-SA 4.0,UMLS via SIDER 4.1,http://identifiers.org/umls/C0235966
C0000817,Abortion infected,CC BY-NC-SA 4.0,UMLS via SIDER 4.1,http://identifiers.org/umls/C0000817
C0948282,Conjunctival bleb,CC BY-NC-SA 4.0,UMLS via SIDER 4.1,http://identifiers.org/umls/C0948282
C0019322,Umbilical hernia,CC BY-NC-SA 4.0,UMLS via SIDER 4.1,http://identifiers.org/umls/C0019322
C0030783,Nicotinic acid deficiency,CC BY-NC-SA 4.0,UMLS via SIDER 4.1,http://identifiers.org/umls/C0030783
C0011881,Diabetic nephropathy,CC BY-NC-SA 4.0,UMLS via SIDER 4.1,http://identifiers.org/umls/C0011881
C0011175,Dehydration,CC BY-NC-SA 4.0,UMLS via SIDER 4.1,http://identifiers.org/umls/C0011175
C0036202,Sarcoidosis,CC BY-NC-SA 4.0,UMLS via SIDER 4.1,http://identifiers.org/umls/C0036202
C0001416,Adenitis,CC BY-NC-SA 4.0,UMLS via SIDER 4.1,http://identifiers.org/umls/C0001416
C0038395,Streptococcal infection,CC BY-NC-SA 4.0,UMLS via SIDER 4.1,http://identifiers.org/umls/C0038395
C0742545,Colonic abscess,CC BY-NC-SA 4.0,UMLS via SIDER 4.1,http://identifiers.org/umls/C0742545
C0000731,Abdominal distension,CC BY-NC-SA 4.0,UMLS via SIDER 4.1,http://identifiers.org/umls/C0000731
C0027813,Neuritis,CC BY-NC-SA 4.0,UMLS via SIDER 4.1,http://identifiers.org/umls/C0027813
C0578736,Lymphadenopathy inguinal,CC BY-NC-SA 4.0,UMLS via SIDER 4.1,http://identifiers.org/umls/C0578736
C0854359,Insulin autoimmune syndrome,CC BY-NC-SA 4.0,UMLS via SIDER 4.1,http://identifiers.org/umls/C0854359
C0263518,Telogen effluvium,CC BY-NC-SA 4.0,UMLS via SIDER 4.1,http://identifiers.org/umls/C0263518
C0017160,Gastroenteritis,CC BY-NC-SA 4.0,UMLS via SIDER 4.1,http://identifiers.org/umls/C0017160
C0858867,Reticulocytopenia,CC BY-NC-SA 4.0,UMLS via SIDER 4.1,http://identifiers.org/umls/C0858867
C1384670,Single umbilical artery,CC BY-NC-SA 4.0,UMLS via SIDER 4.1,http://identifiers.org/umls/C1384670
C0022658,Nephropathy,CC BY-NC-SA 4.0,UMLS via SIDER 4.1,http://identifiers.org/umls/C0022658
C0086132,Depressive symptom,CC BY-NC-SA 4.0,UMLS via SIDER 4.1,http://identifiers.org/umls/C0086132
C0343863,Genital candidiasis,CC BY-NC-SA 4.0,UMLS via SIDER 4.1,http://identifiers.org/umls/C0343863
C0000768,Congenital anomaly,CC BY-NC-SA 4.0,UMLS via SIDER 4.1,http://identifiers.org/umls/C0000768
C0877497,Redness gum,CC BY-NC-SA 4.0,UMLS via SIDER 4.1,http://identifiers.org/umls/C0877497
C0162835,Leukoderma,CC BY-NC-SA 4.0,UMLS via SIDER 4.1,http://identifiers.org/umls/C0162835
C0546817,Fluid overload,CC BY-NC-SA 4.0,UMLS via SIDER 4.1,http://identifiers.org/umls/C0546817
C0023070,Laryngopharyngitis,CC BY-NC-SA 4.0,UMLS via SIDER 4.1,http://identifiers.org/umls/C0023070
C0025637,Methaemoglobinaemia,CC BY-NC-SA 4.0,UMLS via SIDER 4.1,http://identifiers.org/umls/C0025637
C0149725,Lower respiratory tract infection,CC BY-NC-SA 4.0,UMLS via SIDER 4.1,http://identifiers.org/umls/C0149725
C0085740,Mendelson's syndrome,CC BY-NC-SA 4.0,UMLS via SIDER 4.1,http://identifiers.org/umls/C0085740
C0262397,Breast tenderness,CC BY-NC-SA 4.0,UMLS via SIDER 4.1,http://identifiers.org/umls/C0262397
C0858934,Injection site warmth,CC BY-NC-SA 4.0,UMLS via SIDER 4.1,http://identifiers.org/umls/C0858934
C0541832,Chromaturia,CC BY-NC-SA 4.0,UMLS via SIDER 4.1,http://identifiers.org/umls/C0541832
C0003811,Arrhythmia,CC BY-NC-SA 4.0,UMLS via SIDER 4.1,http://identifiers.org/umls/C0003811
C0860433,Irreversible renal failure,CC BY-NC-SA 4.0,UMLS via SIDER 4.1,http://identifiers.org/umls/C0860433
C0001418,Adenocarcinoma,CC BY-NC-SA 4.0,UMLS via SIDER 4.1,http://identifiers.org/umls/C0001418
C0032300,Lobar pneumonia,CC BY-NC-SA 4.0,UMLS via SIDER 4.1,http://identifiers.org/umls/C0032300
C0848548,Hypertensive nephropathy,CC BY-NC-SA 4.0,UMLS via SIDER 4.1,http://identifiers.org/umls/C0848548
C0553723,Squamous cell carcinoma of skin,CC BY-NC-SA 4.0,UMLS via SIDER 4.1,http://identifiers.org/umls/C0553723
C0024530,Malaria,CC BY-NC-SA 4.0,UMLS via SIDER 4.1,http://identifiers.org/umls/C0024530
C1504438,Cerebral artery stenosis,CC BY-NC-SA 4.0,UMLS via SIDER 4.1,http://identifiers.org/umls/C1504438
C0429028,Electrocardiogram QT interval,CC BY-NC-SA 4.0,UMLS via SIDER 4.1,http://identifiers.org/umls/C0429028
C0155365,Vitreous disorder,CC BY-NC-SA 4.0,UMLS via SIDER 4.1,http://identifiers.org/umls/C0155365
C0235117,Withdrawal emotional,CC BY-NC-SA 4.0,UMLS via SIDER 4.1,http://identifiers.org/umls/C0235117
C0236124,Gastrointestinal obstruction,CC BY-NC-SA 4.0,UMLS via SIDER 4.1,http://identifiers.org/umls/C0236124
C0017572,Gingival recession,CC BY-NC-SA 4.0,UMLS via SIDER 4.1,http://identifiers.org/umls/C0017572
C0039614,Tetanus,CC BY-NC-SA 4.0,UMLS via SIDER 4.1,http://identifiers.org/umls/C0039614
C0038986,Sweat gland disorder,CC BY-NC-SA 4.0,UMLS via SIDER 4.1,http://identifiers.org/umls/C0038986
C0401149,Constipation chronic,CC BY-NC-SA 4.0,UMLS via SIDER 4.1,http://identifiers.org/umls/C0401149
C0853141,Therapeutic response unexpected,CC BY-NC-SA 4.0,UMLS via SIDER 4.1,http://identifiers.org/umls/C0853141
C0042900,Vitiligo,CC BY-NC-SA 4.0,UMLS via SIDER 4.1,http://identifiers.org/umls/C0042900
C0855331,Electrocardiogram QT corrected interval,CC BY-NC-SA 4.0,UMLS via SIDER 4.1,http://identifiers.org/umls/C0855331
C0032001,Pituitary apoplexy,CC BY-NC-SA 4.0,UMLS via SIDER 4.1,http://identifiers.org/umls/C0032001
C0856897,Hemangioma acquired,CC BY-NC-SA 4.0,UMLS via SIDER 4.1,http://identifiers.org/umls/C0856897
C0267941,Pancreatitis necrotising,CC BY-NC-SA 4.0,UMLS via SIDER 4.1,http://identifiers.org/umls/C0267941
C0919599,Application site eczema,CC BY-NC-SA 4.0,UMLS via SIDER 4.1,http://identifiers.org/umls/C0919599
C0042134,Uterine haemorrhage,CC BY-NC-SA 4.0,UMLS via SIDER 4.1,http://identifiers.org/umls/C0042134
C0152030,Skin irritation,CC BY-NC-SA 4.0,UMLS via SIDER 4.1,http://identifiers.org/umls/C0152030
C0085077,Acute febrile neutrophilic dermatosis,CC BY-NC-SA 4.0,UMLS via SIDER 4.1,http://identifiers.org/umls/C0085077
C0019364,Ophthalmic herpes zoster,CC BY-NC-SA 4.0,UMLS via SIDER 4.1,http://identifiers.org/umls/C0019364
C0001957,Delirium tremens,CC BY-NC-SA 4.0,UMLS via SIDER 4.1,http://identifiers.org/umls/C0001957
C0235834,Upper motor neurone lesion,CC BY-NC-SA 4.0,UMLS via SIDER 4.1,http://identifiers.org/umls/C0235834
C0162311,Androgenetic alopecia,CC BY-NC-SA 4.0,UMLS via SIDER 4.1,http://identifiers.org/umls/C0162311
C0232493,Epigastric pain,CC BY-NC-SA 4.0,UMLS via SIDER 4.1,http://identifiers.org/umls/C0232493
C0151940,Hypocalcemic tetany,CC BY-NC-SA 4.0,UMLS via SIDER 4.1,http://identifiers.org/umls/C0151940
C0038013,Ankylosing spondylitis,CC BY-NC-SA 4.0,UMLS via SIDER 4.1,http://identifiers.org/umls/C0038013
C0233471,Flat affect,CC BY-NC-SA 4.0,UMLS via SIDER 4.1,http://identifiers.org/umls/C0233471
C1321686,Faecaloma,CC BY-NC-SA 4.0,UMLS via SIDER 4.1,http://identifiers.org/umls/C1321686
C0032989,Multiple pregnancy,CC BY-NC-SA 4.0,UMLS via SIDER 4.1,http://identifiers.org/umls/C0032989
C0424091,Decreased interest,CC BY-NC-SA 4.0,UMLS via SIDER 4.1,http://identifiers.org/umls/C0424091
C0149531,Pelvic fracture,CC BY-NC-SA 4.0,UMLS via SIDER 4.1,http://identifiers.org/umls/C0149531
C0001546,Adjustment disorder,CC BY-NC-SA 4.0,UMLS via SIDER 4.1,http://identifiers.org/umls/C0001546
C0030554,Paraesthesia,CC BY-NC-SA 4.0,UMLS via SIDER 4.1,http://identifiers.org/umls/C0030554
C0162285,Eyelid oedema,CC BY-NC-SA 4.0,UMLS via SIDER 4.1,http://identifiers.org/umls/C0162285
C0035243,Respiratory tract infection,CC BY-NC-SA 4.0,UMLS via SIDER 4.1,http://identifiers.org/umls/C0035243
C0004063,Assault,CC BY-NC-SA 4.0,UMLS via SIDER 4.1,http://identifiers.org/umls/C0004063
C0264309,Vocal cord disorder,CC BY-NC-SA 4.0,UMLS via SIDER 4.1,http://identifiers.org/umls/C0264309
C0011854,Type 1 diabetes mellitus,CC BY-NC-SA 4.0,UMLS via SIDER 4.1,http://identifiers.org/umls/C0011854
C0162566,Porphyria cutanea tarda,CC BY-NC-SA 4.0,UMLS via SIDER 4.1,http://identifiers.org/umls/C0162566
C2747891,Device capturing issue,CC BY-NC-SA 4.0,UMLS via SIDER 4.1,http://identifiers.org/umls/C2747891
C1504422,Application site hypersensitivity,CC BY-NC-SA 4.0,UMLS via SIDER 4.1,http://identifiers.org/umls/C1504422
C0241558,Urethral haemorrhage,CC BY-NC-SA 4.0,UMLS via SIDER 4.1,http://identifiers.org/umls/C0241558
C0521490,Application site irritation,CC BY-NC-SA 4.0,UMLS via SIDER 4.1,http://identifiers.org/umls/C0521490
C1112341,Connective tissue inflammation,CC BY-NC-SA 4.0,UMLS via SIDER 4.1,http://identifiers.org/umls/C1112341
C0748726,Allergic sinusitis,CC BY-NC-SA 4.0,UMLS via SIDER 4.1,http://identifiers.org/umls/C0748726
C1536220,ST segment elevation myocardial infarction,CC BY-NC-SA 4.0,UMLS via SIDER 4.1,http://identifiers.org/umls/C1536220
C0276143,Viral pharyngitis,CC BY-NC-SA 4.0,UMLS via SIDER 4.1,http://identifiers.org/umls/C0276143
C0022281,Eye pruritus,CC BY-NC-SA 4.0,UMLS via SIDER 4.1,http://identifiers.org/umls/C0022281
C1610080,ANA increased,CC BY-NC-SA 4.0,UMLS via SIDER 4.1,http://identifiers.org/umls/C1610080
C0022073,Iridocyclitis,CC BY-NC-SA 4.0,UMLS via SIDER 4.1,http://identifiers.org/umls/C0022073
C2938875,Upper-airway cough syndrome,CC BY-NC-SA 4.0,UMLS via SIDER 4.1,http://identifiers.org/umls/C2938875
C0162824,Photocontact dermatitis,CC BY-NC-SA 4.0,UMLS via SIDER 4.1,http://identifiers.org/umls/C0162824
C0007971,Cheilitis,CC BY-NC-SA 4.0,UMLS via SIDER 4.1,http://identifiers.org/umls/C0007971
C0266011,Supernumerary nipple,CC BY-NC-SA 4.0,UMLS via SIDER 4.1,http://identifiers.org/umls/C0266011
C0021361,Infertility female,CC BY-NC-SA 4.0,UMLS via SIDER 4.1,http://identifiers.org/umls/C0021361
C0860871,Sodium decreased,CC BY-NC-SA 4.0,UMLS via SIDER 4.1,http://identifiers.org/umls/C0860871
C0236073,Cerebellar infarction,CC BY-NC-SA 4.0,UMLS via SIDER 4.1,http://identifiers.org/umls/C0236073
C0518988,Tooth abscess,CC BY-NC-SA 4.0,UMLS via SIDER 4.1,http://identifiers.org/umls/C0518988
C0277889,Blood pressure diastolic increased,CC BY-NC-SA 4.0,UMLS via SIDER 4.1,http://identifiers.org/umls/C0277889
C0007137,Squamous cell carcinoma,CC BY-NC-SA 4.0,UMLS via SIDER 4.1,http://identifiers.org/umls/C0007137
C1145670,Respiratory failure,CC BY-NC-SA 4.0,UMLS via SIDER 4.1,http://identifiers.org/umls/C1145670
C0031090,Periodontal disease,CC BY-NC-SA 4.0,UMLS via SIDER 4.1,http://identifiers.org/umls/C0031090
C0004093,Asthenia,CC BY-NC-SA 4.0,UMLS via SIDER 4.1,http://identifiers.org/umls/C0004093
C0234656,Periorbital pain,CC BY-NC-SA 4.0,UMLS via SIDER 4.1,http://identifiers.org/umls/C0234656
C1698088,Malignant solid tumour,CC BY-NC-SA 4.0,UMLS via SIDER 4.1,http://identifiers.org/umls/C1698088
C1504383,Radiation skin injury,CC BY-NC-SA 4.0,UMLS via SIDER 4.1,http://identifiers.org/umls/C1504383
C0022893,Labyrinthitis,CC BY-NC-SA 4.0,UMLS via SIDER 4.1,http://identifiers.org/umls/C0022893
C0242422,Parkinsonism,CC BY-NC-SA 4.0,UMLS via SIDER 4.1,http://identifiers.org/umls/C0242422
C0428974,Arrhythmia supraventricular,CC BY-NC-SA 4.0,UMLS via SIDER 4.1,http://identifiers.org/umls/C0428974
C0853777,Blood albumin decreased,CC BY-NC-SA 4.0,UMLS via SIDER 4.1,http://identifiers.org/umls/C0853777
C1407280,Peripheral artery thrombosis,CC BY-NC-SA 4.0,UMLS via SIDER 4.1,http://identifiers.org/umls/C1407280
C0162279,Choroidal detachment,CC BY-NC-SA 4.0,UMLS via SIDER 4.1,http://identifiers.org/umls/C0162279
C1096529,Carotid pulse,CC BY-NC-SA 4.0,UMLS via SIDER 4.1,http://identifiers.org/umls/C1096529
C0392684,Pulse irregular,CC BY-NC-SA 4.0,UMLS via SIDER 4.1,http://identifiers.org/umls/C0392684
C0271308,Blepharitis allergic,CC BY-NC-SA 4.0,UMLS via SIDER 4.1,http://identifiers.org/umls/C0271308
C0011206,Delirium,CC BY-NC-SA 4.0,UMLS via SIDER 4.1,http://identifiers.org/umls/C0011206
C0700502,Primary hypothyroidism,CC BY-NC-SA 4.0,UMLS via SIDER 4.1,http://identifiers.org/umls/C0700502
C0231749,Knee pain,CC BY-NC-SA 4.0,UMLS via SIDER 4.1,http://identifiers.org/umls/C0231749
C0030583,Parotitis,CC BY-NC-SA 4.0,UMLS via SIDER 4.1,http://identifiers.org/umls/C0030583
C0877104,Retinal toxicity,CC BY-NC-SA 4.0,UMLS via SIDER 4.1,http://identifiers.org/umls/C0877104
C0520806,"Sudden death, cause unknown",CC BY-NC-SA 4.0,UMLS via SIDER 4.1,http://identifiers.org/umls/C0520806
C0151734,Injection site inflammation,CC BY-NC-SA 4.0,UMLS via SIDER 4.1,http://identifiers.org/umls/C0151734
C0860516,Ground glass appearance,CC BY-NC-SA 4.0,UMLS via SIDER 4.1,http://identifiers.org/umls/C0860516
C0271429,Otitis media acute,CC BY-NC-SA 4.0,UMLS via SIDER 4.1,http://identifiers.org/umls/C0271429
C0002871,Anaemia,CC BY-NC-SA 4.0,UMLS via SIDER 4.1,http://identifiers.org/umls/C0002871
C0271899,Normochromic normocytic anaemia,CC BY-NC-SA 4.0,UMLS via SIDER 4.1,http://identifiers.org/umls/C0271899
C0085611,Atrial arrhythmia,CC BY-NC-SA 4.0,UMLS via SIDER 4.1,http://identifiers.org/umls/C0085611
C0027947,Neutropenia,CC BY-NC-SA 4.0,UMLS via SIDER 4.1,http://identifiers.org/umls/C0027947
C0032994,Tubal pregnancy,CC BY-NC-SA 4.0,UMLS via SIDER 4.1,http://identifiers.org/umls/C0032994
C0042384,Vasculitis,CC BY-NC-SA 4.0,UMLS via SIDER 4.1,http://identifiers.org/umls/C0042384
C0018772,Partial hearing loss,CC BY-NC-SA 4.0,UMLS via SIDER 4.1,http://identifiers.org/umls/C0018772
C0558143,Skin maceration,CC BY-NC-SA 4.0,UMLS via SIDER 4.1,http://identifiers.org/umls/C0558143
C1328552,Extrapulmonary pneumocystosis,CC BY-NC-SA 4.0,UMLS via SIDER 4.1,http://identifiers.org/umls/C1328552
C1444565,Cardiopulmonary failure,CC BY-NC-SA 4.0,UMLS via SIDER 4.1,http://identifiers.org/umls/C1444565
C0011860,Type 2 diabetes mellitus,CC BY-NC-SA 4.0,UMLS via SIDER 4.1,http://identifiers.org/umls/C0011860
C0037383,Sneezing,CC BY-NC-SA 4.0,UMLS via SIDER 4.1,http://identifiers.org/umls/C0037383
C0232910,Teratogenicity,CC BY-NC-SA 4.0,UMLS via SIDER 4.1,http://identifiers.org/umls/C0232910
C0151996,Uterine fibroids enlarged,CC BY-NC-SA 4.0,UMLS via SIDER 4.1,http://identifiers.org/umls/C0151996
C0281914,Musculoskeletal deformity,CC BY-NC-SA 4.0,UMLS via SIDER 4.1,http://identifiers.org/umls/C0281914
C0028949,Oligomenorrhoea,CC BY-NC-SA 4.0,UMLS via SIDER 4.1,http://identifiers.org/umls/C0028949
C0026603,Motion sickness,CC BY-NC-SA 4.0,UMLS via SIDER 4.1,http://identifiers.org/umls/C0026603
C0343886,Gastrointestinal candidiasis,CC BY-NC-SA 4.0,UMLS via SIDER 4.1,http://identifiers.org/umls/C0343886
C2721563,Infectious pneumonitis,CC BY-NC-SA 4.0,UMLS via SIDER 4.1,http://identifiers.org/umls/C2721563
C0549343,Neck tightness,CC BY-NC-SA 4.0,UMLS via SIDER 4.1,http://identifiers.org/umls/C0549343
C0334082,Epidermal naevus,CC BY-NC-SA 4.0,UMLS via SIDER 4.1,http://identifiers.org/umls/C0334082
C0595885,Serum potassium decreased,CC BY-NC-SA 4.0,UMLS via SIDER 4.1,http://identifiers.org/umls/C0595885
C0162830,Photosensitivity reaction,CC BY-NC-SA 4.0,UMLS via SIDER 4.1,http://identifiers.org/umls/C0162830
C0026205,Miosis,CC BY-NC-SA 4.0,UMLS via SIDER 4.1,http://identifiers.org/umls/C0026205
C0029221,Organic brain syndrome,CC BY-NC-SA 4.0,UMLS via SIDER 4.1,http://identifiers.org/umls/C0029221
C0041959,Ureteritis,CC BY-NC-SA 4.0,UMLS via SIDER 4.1,http://identifiers.org/umls/C0041959
C0342892,Hypolipidaemia,CC BY-NC-SA 4.0,UMLS via SIDER 4.1,http://identifiers.org/umls/C0342892
C0152081,Pustular psoriasis,CC BY-NC-SA 4.0,UMLS via SIDER 4.1,http://identifiers.org/umls/C0152081
C0033578,Neoplasm prostate,CC BY-NC-SA 4.0,UMLS via SIDER 4.1,http://identifiers.org/umls/C0033578
C0156181,Peritoneal adhesions,CC BY-NC-SA 4.0,UMLS via SIDER 4.1,http://identifiers.org/umls/C0156181
C0042963,Vomiting,CC BY-NC-SA 4.0,UMLS via SIDER 4.1,http://identifiers.org/umls/C0042963
C0541782,Sinus arrest,CC BY-NC-SA 4.0,UMLS via SIDER 4.1,http://identifiers.org/umls/C0541782
C1442839,Hypervitaminosis D,CC BY-NC-SA 4.0,UMLS via SIDER 4.1,http://identifiers.org/umls/C1442839
C0231592,Joint crepitation,CC BY-NC-SA 4.0,UMLS via SIDER 4.1,http://identifiers.org/umls/C0231592
C1096267,Injection site discomfort,CC BY-NC-SA 4.0,UMLS via SIDER 4.1,http://identifiers.org/umls/C1096267
C3203695,Noninfectious peritonitis,CC BY-NC-SA 4.0,UMLS via SIDER 4.1,http://identifiers.org/umls/C3203695
C1328291,Dysaesthesia pharynx,CC BY-NC-SA 4.0,UMLS via SIDER 4.1,http://identifiers.org/umls/C1328291
C0032541,Polyneuritis,CC BY-NC-SA 4.0,UMLS via SIDER 4.1,http://identifiers.org/umls/C0032541
C0038990,Sweating,CC BY-NC-SA 4.0,UMLS via SIDER 4.1,http://identifiers.org/umls/C0038990
C0018979,Hemianopia,CC BY-NC-SA 4.0,UMLS via SIDER 4.1,http://identifiers.org/umls/C0018979
C0151574,Cough decreased,CC BY-NC-SA 4.0,UMLS via SIDER 4.1,http://identifiers.org/umls/C0151574
C0162281,Corneal deposits,CC BY-NC-SA 4.0,UMLS via SIDER 4.1,http://identifiers.org/umls/C0162281
C0376288,Amaurosis,CC BY-NC-SA 4.0,UMLS via SIDER 4.1,http://identifiers.org/umls/C0376288
C0156353,Uterovaginal prolapse,CC BY-NC-SA 4.0,UMLS via SIDER 4.1,http://identifiers.org/umls/C0156353
C0239842,Tremor of hands,CC BY-NC-SA 4.0,UMLS via SIDER 4.1,http://identifiers.org/umls/C0239842
C0020542,Pulmonary hypertension,CC BY-NC-SA 4.0,UMLS via SIDER 4.1,http://identifiers.org/umls/C0020542
C3544214,Reversible cerebral vasoconstriction syndrome,CC BY-NC-SA 4.0,UMLS via SIDER 4.1,http://identifiers.org/umls/C3544214
C0699744,Ear infection,CC BY-NC-SA 4.0,UMLS via SIDER 4.1,http://identifiers.org/umls/C0699744
C0151686,Growth retardation,CC BY-NC-SA 4.0,UMLS via SIDER 4.1,http://identifiers.org/umls/C0151686
C0542027,Hypercoagulation,CC BY-NC-SA 4.0,UMLS via SIDER 4.1,http://identifiers.org/umls/C0542027
C0024299,Lymphoma,CC BY-NC-SA 4.0,UMLS via SIDER 4.1,http://identifiers.org/umls/C0024299
C0152972,Pseudomonal sepsis,CC BY-NC-SA 4.0,UMLS via SIDER 4.1,http://identifiers.org/umls/C0152972
C0040436,Tooth erosion,CC BY-NC-SA 4.0,UMLS via SIDER 4.1,http://identifiers.org/umls/C0040436
C0079772,T-cell lymphoma,CC BY-NC-SA 4.0,UMLS via SIDER 4.1,http://identifiers.org/umls/C0079772
C0002395,Dementia Alzheimer's type,CC BY-NC-SA 4.0,UMLS via SIDER 4.1,http://identifiers.org/umls/C0002395
C0702163,Trichorrhexis,CC BY-NC-SA 4.0,UMLS via SIDER 4.1,http://identifiers.org/umls/C0702163
C2267227,Bulimia nervosa,CC BY-NC-SA 4.0,UMLS via SIDER 4.1,http://identifiers.org/umls/C2267227
C0701811,Short-term memory loss,CC BY-NC-SA 4.0,UMLS via SIDER 4.1,http://identifiers.org/umls/C0701811
C0344232,Vision blurred,CC BY-NC-SA 4.0,UMLS via SIDER 4.1,http://identifiers.org/umls/C0344232
C0541882,Difficulty thinking,CC BY-NC-SA 4.0,UMLS via SIDER 4.1,http://identifiers.org/umls/C0541882
C1321632,Venous thrombosis deep limb,CC BY-NC-SA 4.0,UMLS via SIDER 4.1,http://identifiers.org/umls/C1321632
C0349506,Photosensitivity,CC BY-NC-SA 4.0,UMLS via SIDER 4.1,http://identifiers.org/umls/C0349506
C0151955,Decreased tolerance,CC BY-NC-SA 4.0,UMLS via SIDER 4.1,http://identifiers.org/umls/C0151955
C0694575,Macular fibrosis,CC BY-NC-SA 4.0,UMLS via SIDER 4.1,http://identifiers.org/umls/C0694575
C0948991,Injection site discolouration,CC BY-NC-SA 4.0,UMLS via SIDER 4.1,http://identifiers.org/umls/C0948991
C0549445,Anaemia NOS aggravated,CC BY-NC-SA 4.0,UMLS via SIDER 4.1,http://identifiers.org/umls/C0549445
C0497471,Moniliasis genital female,CC BY-NC-SA 4.0,UMLS via SIDER 4.1,http://identifiers.org/umls/C0497471
C0267410,Mesenteric artery thrombosis,CC BY-NC-SA 4.0,UMLS via SIDER 4.1,http://identifiers.org/umls/C0267410
C0751476,Retching reflex decreased,CC BY-NC-SA 4.0,UMLS via SIDER 4.1,http://identifiers.org/umls/C0751476
C1168134,Anti-thyroid antibody positive,CC BY-NC-SA 4.0,UMLS via SIDER 4.1,http://identifiers.org/umls/C1168134
C0151610,Tongue oedema,CC BY-NC-SA 4.0,UMLS via SIDER 4.1,http://identifiers.org/umls/C0151610
C0580550,Lymphocyte count abnormal,CC BY-NC-SA 4.0,UMLS via SIDER 4.1,http://identifiers.org/umls/C0580550
C0015672,Fatigue,CC BY-NC-SA 4.0,UMLS via SIDER 4.1,http://identifiers.org/umls/C0015672
C0037290,Pigmentation skin,CC BY-NC-SA 4.0,UMLS via SIDER 4.1,http://identifiers.org/umls/C0037290
C0854113,Mucosal dryness,CC BY-NC-SA 4.0,UMLS via SIDER 4.1,http://identifiers.org/umls/C0854113
C0948857,Electrocardiogram repolarisation abnormality,CC BY-NC-SA 4.0,UMLS via SIDER 4.1,http://identifiers.org/umls/C0948857
C0235259,Cataract subcapsular,CC BY-NC-SA 4.0,UMLS via SIDER 4.1,http://identifiers.org/umls/C0235259
C0037199,Sinusitis,CC BY-NC-SA 4.0,UMLS via SIDER 4.1,http://identifiers.org/umls/C0037199
C0027073,Myofascial pain syndrome,CC BY-NC-SA 4.0,UMLS via SIDER 4.1,http://identifiers.org/umls/C0027073
C0038358,Gastric ulcer,CC BY-NC-SA 4.0,UMLS via SIDER 4.1,http://identifiers.org/umls/C0038358
C0241426,Burning tongue,CC BY-NC-SA 4.0,UMLS via SIDER 4.1,http://identifiers.org/umls/C0241426
C0851881,Enterococcal infection,CC BY-NC-SA 4.0,UMLS via SIDER 4.1,http://identifiers.org/umls/C0851881
C0086227,Enterobiasis,CC BY-NC-SA 4.0,UMLS via SIDER 4.1,http://identifiers.org/umls/C0086227
C0496870,Benign hepatic neoplasm,CC BY-NC-SA 4.0,UMLS via SIDER 4.1,http://identifiers.org/umls/C0496870
C0206063,Radiation pneumonitis,CC BY-NC-SA 4.0,UMLS via SIDER 4.1,http://identifiers.org/umls/C0206063
C0264344,Bronchitis bacterial,CC BY-NC-SA 4.0,UMLS via SIDER 4.1,http://identifiers.org/umls/C0264344
C0014544,Epilepsy,CC BY-NC-SA 4.0,UMLS via SIDER 4.1,http://identifiers.org/umls/C0014544
C0857483,Worsening of diabetes,CC BY-NC-SA 4.0,UMLS via SIDER 4.1,http://identifiers.org/umls/C0857483
C0406834,Wound secretion,CC BY-NC-SA 4.0,UMLS via SIDER 4.1,http://identifiers.org/umls/C0406834
C0587246,Limb paresis,CC BY-NC-SA 4.0,UMLS via SIDER 4.1,http://identifiers.org/umls/C0587246
C0423602,Sensation of foreign body,CC BY-NC-SA 4.0,UMLS via SIDER 4.1,http://identifiers.org/umls/C0423602
C0162871,Abdominal aortic aneurysm,CC BY-NC-SA 4.0,UMLS via SIDER 4.1,http://identifiers.org/umls/C0162871
C0595878,Blood sodium increased,CC BY-NC-SA 4.0,UMLS via SIDER 4.1,http://identifiers.org/umls/C0595878
C0001816,Agnosia,CC BY-NC-SA 4.0,UMLS via SIDER 4.1,http://identifiers.org/umls/C0001816
C0085682,Hypophosphataemia,CC BY-NC-SA 4.0,UMLS via SIDER 4.1,http://identifiers.org/umls/C0085682
C0578050,Lymph node pain,CC BY-NC-SA 4.0,UMLS via SIDER 4.1,http://identifiers.org/umls/C0578050
C0025958,Microcephaly,CC BY-NC-SA 4.0,UMLS via SIDER 4.1,http://identifiers.org/umls/C0025958
C0241005,Creatine phosphokinase serum increased,CC BY-NC-SA 4.0,UMLS via SIDER 4.1,http://identifiers.org/umls/C0241005
C1320474,Nuchal rigidity,CC BY-NC-SA 4.0,UMLS via SIDER 4.1,http://identifiers.org/umls/C1320474
C0422980,Oscillopsia,CC BY-NC-SA 4.0,UMLS via SIDER 4.1,http://identifiers.org/umls/C0422980
C0338831,Mania,CC BY-NC-SA 4.0,UMLS via SIDER 4.1,http://identifiers.org/umls/C0338831
C0236083,Burning feeling vagina,CC BY-NC-SA 4.0,UMLS via SIDER 4.1,http://identifiers.org/umls/C0236083
C0235309,Upset stomach,CC BY-NC-SA 4.0,UMLS via SIDER 4.1,http://identifiers.org/umls/C0235309
C0238621,Aminoaciduria,CC BY-NC-SA 4.0,UMLS via SIDER 4.1,http://identifiers.org/umls/C0238621
C0020503,Hyperparathyroidism secondary,CC BY-NC-SA 4.0,UMLS via SIDER 4.1,http://identifiers.org/umls/C0020503
C3257803,Tearing eyes,CC BY-NC-SA 4.0,UMLS via SIDER 4.1,http://identifiers.org/umls/C3257803
C0423008,Eye bleeding,CC BY-NC-SA 4.0,UMLS via SIDER 4.1,http://identifiers.org/umls/C0423008
C0748725,Sinus operation,CC BY-NC-SA 4.0,UMLS via SIDER 4.1,http://identifiers.org/umls/C0748725
C0042485,Venous insufficiency,CC BY-NC-SA 4.0,UMLS via SIDER 4.1,http://identifiers.org/umls/C0042485
C0542351,Battery,CC BY-NC-SA 4.0,UMLS via SIDER 4.1,http://identifiers.org/umls/C0542351
C0151701,Pulmonary haemorrhage,CC BY-NC-SA 4.0,UMLS via SIDER 4.1,http://identifiers.org/umls/C0151701
C0392386,Platelet count decreased,CC BY-NC-SA 4.0,UMLS via SIDER 4.1,http://identifiers.org/umls/C0392386
C0858617,Posterior subcapsular cataract,CC BY-NC-SA 4.0,UMLS via SIDER 4.1,http://identifiers.org/umls/C0858617
C0043325,Xanthomatosis,CC BY-NC-SA 4.0,UMLS via SIDER 4.1,http://identifiers.org/umls/C0043325
C0268731,Glomerulonephropathy,CC BY-NC-SA 4.0,UMLS via SIDER 4.1,http://identifiers.org/umls/C0268731
C0451641,Urolithiasis,CC BY-NC-SA 4.0,UMLS via SIDER 4.1,http://identifiers.org/umls/C0451641
C0006370,Bulimia,CC BY-NC-SA 4.0,UMLS via SIDER 4.1,http://identifiers.org/umls/C0006370
C2364111,Ageusia,CC BY-NC-SA 4.0,UMLS via SIDER 4.1,http://identifiers.org/umls/C2364111
C0477371,Other forms of epilepsy,CC BY-NC-SA 4.0,UMLS via SIDER 4.1,http://identifiers.org/umls/C0477371
C0031037,Periarthritis,CC BY-NC-SA 4.0,UMLS via SIDER 4.1,http://identifiers.org/umls/C0031037
C0011551,Depersonalisation,CC BY-NC-SA 4.0,UMLS via SIDER 4.1,http://identifiers.org/umls/C0011551
C0026827,Hypotonia,CC BY-NC-SA 4.0,UMLS via SIDER 4.1,http://identifiers.org/umls/C0026827
C0742339,Chest heaviness,CC BY-NC-SA 4.0,UMLS via SIDER 4.1,http://identifiers.org/umls/C0742339
C0858833,Endometrial hypertrophy,CC BY-NC-SA 4.0,UMLS via SIDER 4.1,http://identifiers.org/umls/C0858833
C0020302,Developmental glaucoma,CC BY-NC-SA 4.0,UMLS via SIDER 4.1,http://identifiers.org/umls/C0020302
C0853885,Blood electrolytes decreased,CC BY-NC-SA 4.0,UMLS via SIDER 4.1,http://identifiers.org/umls/C0853885
C0006848,Mucocutaneous candidiasis,CC BY-NC-SA 4.0,UMLS via SIDER 4.1,http://identifiers.org/umls/C0006848
C0158350,Tendinous contracture,CC BY-NC-SA 4.0,UMLS via SIDER 4.1,http://identifiers.org/umls/C0158350
C0542007,Cerebral haematoma,CC BY-NC-SA 4.0,UMLS via SIDER 4.1,http://identifiers.org/umls/C0542007
C1266194,Hodgkin's disease lymphocyte predominance type stage unspecified,CC BY-NC-SA 4.0,UMLS via SIDER 4.1,http://identifiers.org/umls/C1266194
C0541799,Bad taste,CC BY-NC-SA 4.0,UMLS via SIDER 4.1,http://identifiers.org/umls/C0541799
C0852625,Injection site erythema,CC BY-NC-SA 4.0,UMLS via SIDER 4.1,http://identifiers.org/umls/C0852625
C0151436,Allergic cutaneous angiitis,CC BY-NC-SA 4.0,UMLS via SIDER 4.1,http://identifiers.org/umls/C0151436
C0032776,Postmenopausal haemorrhage,CC BY-NC-SA 4.0,UMLS via SIDER 4.1,http://identifiers.org/umls/C0032776
C0085614,Atrioventricular block first degree,CC BY-NC-SA 4.0,UMLS via SIDER 4.1,http://identifiers.org/umls/C0085614
C0856554,Hepatic cancer metastatic,CC BY-NC-SA 4.0,UMLS via SIDER 4.1,http://identifiers.org/umls/C0856554
C0032827,Potassium deficiency,CC BY-NC-SA 4.0,UMLS via SIDER 4.1,http://identifiers.org/umls/C0032827
C0020224,Polyhydramnios,CC BY-NC-SA 4.0,UMLS via SIDER 4.1,http://identifiers.org/umls/C0020224
C0549444,Vein discolouration,CC BY-NC-SA 4.0,UMLS via SIDER 4.1,http://identifiers.org/umls/C0549444
C0027822,Neurodermatitis,CC BY-NC-SA 4.0,UMLS via SIDER 4.1,http://identifiers.org/umls/C0027822
C0678222,Carcinoma breast,CC BY-NC-SA 4.0,UMLS via SIDER 4.1,http://identifiers.org/umls/C0678222
C0220982,Ketoacidosis,CC BY-NC-SA 4.0,UMLS via SIDER 4.1,http://identifiers.org/umls/C0220982
C1735646,Rash recurrent,CC BY-NC-SA 4.0,UMLS via SIDER 4.1,http://identifiers.org/umls/C1735646
C0012797,Diuresis,CC BY-NC-SA 4.0,UMLS via SIDER 4.1,http://identifiers.org/umls/C0012797
C0549297,Auricular swelling,CC BY-NC-SA 4.0,UMLS via SIDER 4.1,http://identifiers.org/umls/C0549297
C0855675,Blood zinc decreased,CC BY-NC-SA 4.0,UMLS via SIDER 4.1,http://identifiers.org/umls/C0855675
C0271547,Growth hormone overproduction,CC BY-NC-SA 4.0,UMLS via SIDER 4.1,http://identifiers.org/umls/C0271547
C0031048,Pericarditis constrictive,CC BY-NC-SA 4.0,UMLS via SIDER 4.1,http://identifiers.org/umls/C0031048
C0007282,Carotid artery stenosis,CC BY-NC-SA 4.0,UMLS via SIDER 4.1,http://identifiers.org/umls/C0007282
C0340865,Anaphylactoid reaction,CC BY-NC-SA 4.0,UMLS via SIDER 4.1,http://identifiers.org/umls/C0340865
C0877365,Infusion site erythema,CC BY-NC-SA 4.0,UMLS via SIDER 4.1,http://identifiers.org/umls/C0877365
C0858540,Hemorrhage symptom,CC BY-NC-SA 4.0,UMLS via SIDER 4.1,http://identifiers.org/umls/C0858540
C0035410,Rhabdomyolysis,CC BY-NC-SA 4.0,UMLS via SIDER 4.1,http://identifiers.org/umls/C0035410
C0399461,Oral mucosa erosion,CC BY-NC-SA 4.0,UMLS via SIDER 4.1,http://identifiers.org/umls/C0399461
C0002878,Haemolytic anaemia,CC BY-NC-SA 4.0,UMLS via SIDER 4.1,http://identifiers.org/umls/C0002878
C0948301,Application site skin breakdown,CC BY-NC-SA 4.0,UMLS via SIDER 4.1,http://identifiers.org/umls/C0948301
C2230138,Pulse rate decrease marked,CC BY-NC-SA 4.0,UMLS via SIDER 4.1,http://identifiers.org/umls/C2230138
C0158353,Infective myositis,CC BY-NC-SA 4.0,UMLS via SIDER 4.1,http://identifiers.org/umls/C0158353
C2711248,Osteonecrosis of jaw,CC BY-NC-SA 4.0,UMLS via SIDER 4.1,http://identifiers.org/umls/C2711248
C0149887,Slipped femoral capital epiphysis,CC BY-NC-SA 4.0,UMLS via SIDER 4.1,http://identifiers.org/umls/C0149887
C0221436,Melanoderma,CC BY-NC-SA 4.0,UMLS via SIDER 4.1,http://identifiers.org/umls/C0221436
C0271453,Otitis media serous,CC BY-NC-SA 4.0,UMLS via SIDER 4.1,http://identifiers.org/umls/C0271453
C0240962,Scleral icterus,CC BY-NC-SA 4.0,UMLS via SIDER 4.1,http://identifiers.org/umls/C0240962
C3665346,Unspecified visual loss,CC BY-NC-SA 4.0,UMLS via SIDER 4.1,http://identifiers.org/umls/C3665346
C0019342,Genital herpes,CC BY-NC-SA 4.0,UMLS via SIDER 4.1,http://identifiers.org/umls/C0019342
C0542476,Forgetfulness,CC BY-NC-SA 4.0,UMLS via SIDER 4.1,http://identifiers.org/umls/C0542476
C0728993,Spotting vaginal,CC BY-NC-SA 4.0,UMLS via SIDER 4.1,http://identifiers.org/umls/C0728993
C0243026,Sepsis,CC BY-NC-SA 4.0,UMLS via SIDER 4.1,http://identifiers.org/umls/C0243026
C0018932,Haematochezia,CC BY-NC-SA 4.0,UMLS via SIDER 4.1,http://identifiers.org/umls/C0018932
C0349231,Phobia,CC BY-NC-SA 4.0,UMLS via SIDER 4.1,http://identifiers.org/umls/C0349231
C0020545,Renovascular hypertension,CC BY-NC-SA 4.0,UMLS via SIDER 4.1,http://identifiers.org/umls/C0020545
C0542237,Thrombophlebitis injection site,CC BY-NC-SA 4.0,UMLS via SIDER 4.1,http://identifiers.org/umls/C0542237
C3160944,Vulvovaginal swelling,CC BY-NC-SA 4.0,UMLS via SIDER 4.1,http://identifiers.org/umls/C3160944
C0040485,Torticollis,CC BY-NC-SA 4.0,UMLS via SIDER 4.1,http://identifiers.org/umls/C0040485
C1868790,Intranasal hypoaesthesia,CC BY-NC-SA 4.0,UMLS via SIDER 4.1,http://identifiers.org/umls/C1868790
C0264545,Pleural thickening,CC BY-NC-SA 4.0,UMLS via SIDER 4.1,http://identifiers.org/umls/C0264545
C0034183,Pyelitis,CC BY-NC-SA 4.0,UMLS via SIDER 4.1,http://identifiers.org/umls/C0034183
C0020678,Hypotrichosis,CC BY-NC-SA 4.0,UMLS via SIDER 4.1,http://identifiers.org/umls/C0020678
C3495827,Lid sulcus deepened,CC BY-NC-SA 4.0,UMLS via SIDER 4.1,http://identifiers.org/umls/C3495827
C1696701,Dermatillomania,CC BY-NC-SA 4.0,UMLS via SIDER 4.1,http://identifiers.org/umls/C1696701
C0700078,Tendon reflex decreased,CC BY-NC-SA 4.0,UMLS via SIDER 4.1,http://identifiers.org/umls/C0700078
C0277960,Dry hair,CC BY-NC-SA 4.0,UMLS via SIDER 4.1,http://identifiers.org/umls/C0277960
C1142357,Symptomatic hyperlactatemia,CC BY-NC-SA 4.0,UMLS via SIDER 4.1,http://identifiers.org/umls/C1142357
C0035435,Rheumatism,CC BY-NC-SA 4.0,UMLS via SIDER 4.1,http://identifiers.org/umls/C0035435
C0852566,Sleep phase rhythm disturbance,CC BY-NC-SA 4.0,UMLS via SIDER 4.1,http://identifiers.org/umls/C0852566
C0149721,Left ventricular hypertrophy,CC BY-NC-SA 4.0,UMLS via SIDER 4.1,http://identifiers.org/umls/C0149721
C1291078,Epigastric discomfort,CC BY-NC-SA 4.0,UMLS via SIDER 4.1,http://identifiers.org/umls/C1291078
C0271623,Secondary hypogonadism,CC BY-NC-SA 4.0,UMLS via SIDER 4.1,http://identifiers.org/umls/C0271623
C0854114,Corneal epithelium defect,CC BY-NC-SA 4.0,UMLS via SIDER 4.1,http://identifiers.org/umls/C0854114
C0740447,Diabetic peripheral neuropathy,CC BY-NC-SA 4.0,UMLS via SIDER 4.1,http://identifiers.org/umls/C0740447
C1698976,Infusion site urticaria,CC BY-NC-SA 4.0,UMLS via SIDER 4.1,http://identifiers.org/umls/C1698976
C0858277,Angina symptom,CC BY-NC-SA 4.0,UMLS via SIDER 4.1,http://identifiers.org/umls/C0858277
C0861021,Insulin C-peptide increased,CC BY-NC-SA 4.0,UMLS via SIDER 4.1,http://identifiers.org/umls/C0861021
C0149520,Cholecystitis acute,CC BY-NC-SA 4.0,UMLS via SIDER 4.1,http://identifiers.org/umls/C0149520
C0240291,Mg reduced,CC BY-NC-SA 4.0,UMLS via SIDER 4.1,http://identifiers.org/umls/C0240291
C2363730,Oropharyngeal discomfort,CC BY-NC-SA 4.0,UMLS via SIDER 4.1,http://identifiers.org/umls/C2363730
C0020598,Hypocalcaemia,CC BY-NC-SA 4.0,UMLS via SIDER 4.1,http://identifiers.org/umls/C0020598
C0520729,Subconjunctival cyst,CC BY-NC-SA 4.0,UMLS via SIDER 4.1,http://identifiers.org/umls/C0520729
C0877153,Neutropenic sepsis,CC BY-NC-SA 4.0,UMLS via SIDER 4.1,http://identifiers.org/umls/C0877153
C0042023,Pollakiuria,CC BY-NC-SA 4.0,UMLS via SIDER 4.1,http://identifiers.org/umls/C0042023
C0041974,Urethral stenosis,CC BY-NC-SA 4.0,UMLS via SIDER 4.1,http://identifiers.org/umls/C0041974
C0236078,Scrotal pain,CC BY-NC-SA 4.0,UMLS via SIDER 4.1,http://identifiers.org/umls/C0236078
C1112320,Temperature intolerance,CC BY-NC-SA 4.0,UMLS via SIDER 4.1,http://identifiers.org/umls/C1112320
C0426597,Fluid intake reduced,CC BY-NC-SA 4.0,UMLS via SIDER 4.1,http://identifiers.org/umls/C0426597
C0024305,Non-Hodgkin's lymphoma,CC BY-NC-SA 4.0,UMLS via SIDER 4.1,http://identifiers.org/umls/C0024305
C0040247,Tinea infection,CC BY-NC-SA 4.0,UMLS via SIDER 4.1,http://identifiers.org/umls/C0040247
C0003850,Arteriosclerosis,CC BY-NC-SA 4.0,UMLS via SIDER 4.1,http://identifiers.org/umls/C0003850
C0235721,Heaviness in limbs,CC BY-NC-SA 4.0,UMLS via SIDER 4.1,http://identifiers.org/umls/C0235721
C0858318,Plasmodium falciparum infection,CC BY-NC-SA 4.0,UMLS via SIDER 4.1,http://identifiers.org/umls/C0858318
C0149871,Deep vein thrombosis,CC BY-NC-SA 4.0,UMLS via SIDER 4.1,http://identifiers.org/umls/C0149871
C1611174,Post-traumatic pain,CC BY-NC-SA 4.0,UMLS via SIDER 4.1,http://identifiers.org/umls/C1611174
C2010560,Gastritis haemorrhagic,CC BY-NC-SA 4.0,UMLS via SIDER 4.1,http://identifiers.org/umls/C2010560
C0920193,Photodermatosis,CC BY-NC-SA 4.0,UMLS via SIDER 4.1,http://identifiers.org/umls/C0920193
C0221244,Dandruff,CC BY-NC-SA 4.0,UMLS via SIDER 4.1,http://identifiers.org/umls/C0221244
C0021605,Insomnia NEC,CC BY-NC-SA 4.0,UMLS via SIDER 4.1,http://identifiers.org/umls/C0021605
C0541881,Difficulty focusing eyes,CC BY-NC-SA 4.0,UMLS via SIDER 4.1,http://identifiers.org/umls/C0541881
C0522051,Acute chest pain,CC BY-NC-SA 4.0,UMLS via SIDER 4.1,http://identifiers.org/umls/C0522051
C0032617,Polyuria,CC BY-NC-SA 4.0,UMLS via SIDER 4.1,http://identifiers.org/umls/C0032617
C0854402,Mechanical complication of implant,CC BY-NC-SA 4.0,UMLS via SIDER 4.1,http://identifiers.org/umls/C0854402
C0522042,Loss of control of legs,CC BY-NC-SA 4.0,UMLS via SIDER 4.1,http://identifiers.org/umls/C0522042
C1456865,Calculus ureteric,CC BY-NC-SA 4.0,UMLS via SIDER 4.1,http://identifiers.org/umls/C1456865
C0040127,Thyrotoxic crisis,CC BY-NC-SA 4.0,UMLS via SIDER 4.1,http://identifiers.org/umls/C0040127
C0234988,Dizziness exertional,CC BY-NC-SA 4.0,UMLS via SIDER 4.1,http://identifiers.org/umls/C0234988
C0022410,Joint instability,CC BY-NC-SA 4.0,UMLS via SIDER 4.1,http://identifiers.org/umls/C0022410
C0239377,Pain in arm,CC BY-NC-SA 4.0,UMLS via SIDER 4.1,http://identifiers.org/umls/C0239377
C1384589,Tinea cruris,CC BY-NC-SA 4.0,UMLS via SIDER 4.1,http://identifiers.org/umls/C1384589
C1744587,Balance difficulty,CC BY-NC-SA 4.0,UMLS via SIDER 4.1,http://identifiers.org/umls/C1744587
C0012813,Diverticulitis,CC BY-NC-SA 4.0,UMLS via SIDER 4.1,http://identifiers.org/umls/C0012813
C3665386,Abnormal vision,CC BY-NC-SA 4.0,UMLS via SIDER 4.1,http://identifiers.org/umls/C3665386
C0521471,Systemic lupus erythematosus rash,CC BY-NC-SA 4.0,UMLS via SIDER 4.1,http://identifiers.org/umls/C0521471
C0947999,Blood urine present,CC BY-NC-SA 4.0,UMLS via SIDER 4.1,http://identifiers.org/umls/C0947999
C0036572,Convulsion,CC BY-NC-SA 4.0,UMLS via SIDER 4.1,http://identifiers.org/umls/C0036572
C1328407,Hip dysplasia,CC BY-NC-SA 4.0,UMLS via SIDER 4.1,http://identifiers.org/umls/C1328407
C0019360,Herpes zoster,CC BY-NC-SA 4.0,UMLS via SIDER 4.1,http://identifiers.org/umls/C0019360
C0877339,Cardio-respiratory distress,CC BY-NC-SA 4.0,UMLS via SIDER 4.1,http://identifiers.org/umls/C0877339
C0002957,Anger,CC BY-NC-SA 4.0,UMLS via SIDER 4.1,http://identifiers.org/umls/C0002957
C0240717,Perineal pain,CC BY-NC-SA 4.0,UMLS via SIDER 4.1,http://identifiers.org/umls/C0240717
C0020619,Hypogonadism,CC BY-NC-SA 4.0,UMLS via SIDER 4.1,http://identifiers.org/umls/C0020619
C1096256,Cryptococcal cutaneous infection,CC BY-NC-SA 4.0,UMLS via SIDER 4.1,http://identifiers.org/umls/C1096256
C0269188,Uterine cyst,CC BY-NC-SA 4.0,UMLS via SIDER 4.1,http://identifiers.org/umls/C0269188
C0162323,Polyarthritis,CC BY-NC-SA 4.0,UMLS via SIDER 4.1,http://identifiers.org/umls/C0162323
C0159028,General symptom,CC BY-NC-SA 4.0,UMLS via SIDER 4.1,http://identifiers.org/umls/C0159028
C0018839,Heat exhaustion,CC BY-NC-SA 4.0,UMLS via SIDER 4.1,http://identifiers.org/umls/C0018839
C0521008,Screaming,CC BY-NC-SA 4.0,UMLS via SIDER 4.1,http://identifiers.org/umls/C0521008
C0018794,Block heart,CC BY-NC-SA 4.0,UMLS via SIDER 4.1,http://identifiers.org/umls/C0018794
C0014804,Erythromelalgia,CC BY-NC-SA 4.0,UMLS via SIDER 4.1,http://identifiers.org/umls/C0014804
C0860700,Prothrombin level abnormal,CC BY-NC-SA 4.0,UMLS via SIDER 4.1,http://identifiers.org/umls/C0860700
C1141936,Purple glove syndrome,CC BY-NC-SA 4.0,UMLS via SIDER 4.1,http://identifiers.org/umls/C1141936
C0278488,Breast cancer stage IV,CC BY-NC-SA 4.0,UMLS via SIDER 4.1,http://identifiers.org/umls/C0278488
C0018965,Haematuria,CC BY-NC-SA 4.0,UMLS via SIDER 4.1,http://identifiers.org/umls/C0018965
C0004161,Sports injury,CC BY-NC-SA 4.0,UMLS via SIDER 4.1,http://identifiers.org/umls/C0004161
C0002902,Anencephaly,CC BY-NC-SA 4.0,UMLS via SIDER 4.1,http://identifiers.org/umls/C0002902
C0857323,Angioedema of larynx,CC BY-NC-SA 4.0,UMLS via SIDER 4.1,http://identifiers.org/umls/C0857323
C0877072,Cytomegalovirus chorioretinitis,CC BY-NC-SA 4.0,UMLS via SIDER 4.1,http://identifiers.org/umls/C0877072
C0010072,Coronary artery thrombosis,CC BY-NC-SA 4.0,UMLS via SIDER 4.1,http://identifiers.org/umls/C0010072
C0043092,Wegener's granulomatosis,CC BY-NC-SA 4.0,UMLS via SIDER 4.1,http://identifiers.org/umls/C0043092
C0020461,Hyperkalaemia,CC BY-NC-SA 4.0,UMLS via SIDER 4.1,http://identifiers.org/umls/C0020461
C0860239,Catheter related infection,CC BY-NC-SA 4.0,UMLS via SIDER 4.1,http://identifiers.org/umls/C0860239
C0038833,Superior vena cava syndrome,CC BY-NC-SA 4.0,UMLS via SIDER 4.1,http://identifiers.org/umls/C0038833
C0948008,Ischaemic stroke,CC BY-NC-SA 4.0,UMLS via SIDER 4.1,http://identifiers.org/umls/C0948008
C0027858,Neuroma,CC BY-NC-SA 4.0,UMLS via SIDER 4.1,http://identifiers.org/umls/C0027858
C0235827,Therapeutic response decreased,CC BY-NC-SA 4.0,UMLS via SIDER 4.1,http://identifiers.org/umls/C0235827
C0025874,Metrorrhagia,CC BY-NC-SA 4.0,UMLS via SIDER 4.1,http://identifiers.org/umls/C0025874
C0024902,Breast pain,CC BY-NC-SA 4.0,UMLS via SIDER 4.1,http://identifiers.org/umls/C0024902
C0019825,Hoarseness,CC BY-NC-SA 4.0,UMLS via SIDER 4.1,http://identifiers.org/umls/C0019825
C0018989,Hemiparesis,CC BY-NC-SA 4.0,UMLS via SIDER 4.1,http://identifiers.org/umls/C0018989
C0520802,Radiation recall syndrome,CC BY-NC-SA 4.0,UMLS via SIDER 4.1,http://identifiers.org/umls/C0520802
C0020510,Nodular regenerative hyperplasia,CC BY-NC-SA 4.0,UMLS via SIDER 4.1,http://identifiers.org/umls/C0020510
C0522153,Urine color abnormal,CC BY-NC-SA 4.0,UMLS via SIDER 4.1,http://identifiers.org/umls/C0522153
C0027707,Nephritis interstitial,CC BY-NC-SA 4.0,UMLS via SIDER 4.1,http://identifiers.org/umls/C0027707
C0919874,Post procedural haemorrhage,CC BY-NC-SA 4.0,UMLS via SIDER 4.1,http://identifiers.org/umls/C0919874
C0856808,Polymorphonuclear leukocytosis,CC BY-NC-SA 4.0,UMLS via SIDER 4.1,http://identifiers.org/umls/C0856808
C2242996,Tingling sensation,CC BY-NC-SA 4.0,UMLS via SIDER 4.1,http://identifiers.org/umls/C2242996
C0235196,Suicidal tendency,CC BY-NC-SA 4.0,UMLS via SIDER 4.1,http://identifiers.org/umls/C0235196
C0033949,Male orgasmic disorder,CC BY-NC-SA 4.0,UMLS via SIDER 4.1,http://identifiers.org/umls/C0033949
C0399459,Oral discomfort,CC BY-NC-SA 4.0,UMLS via SIDER 4.1,http://identifiers.org/umls/C0399459
C0034561,Dermatitis radiation NOS,CC BY-NC-SA 4.0,UMLS via SIDER 4.1,http://identifiers.org/umls/C0034561
C0677500,Stinging,CC BY-NC-SA 4.0,UMLS via SIDER 4.1,http://identifiers.org/umls/C0677500
C0694536,Drug seeking behavior,CC BY-NC-SA 4.0,UMLS via SIDER 4.1,http://identifiers.org/umls/C0694536
C1619692,Nephrogenic systemic fibrosis,CC BY-NC-SA 4.0,UMLS via SIDER 4.1,http://identifiers.org/umls/C1619692
C0263591,Drug-induced lupus erythematosus,CC BY-NC-SA 4.0,UMLS via SIDER 4.1,http://identifiers.org/umls/C0263591
C0030343,Panuveitis,CC BY-NC-SA 4.0,UMLS via SIDER 4.1,http://identifiers.org/umls/C0030343
C0877092,Venipuncture site bruise,CC BY-NC-SA 4.0,UMLS via SIDER 4.1,http://identifiers.org/umls/C0877092
C0017150,Gastrinoma,CC BY-NC-SA 4.0,UMLS via SIDER 4.1,http://identifiers.org/umls/C0017150
C3160840,Macular pigmentation,CC BY-NC-SA 4.0,UMLS via SIDER 4.1,http://identifiers.org/umls/C3160840
C0026836,Muscle relaxation,CC BY-NC-SA 4.0,UMLS via SIDER 4.1,http://identifiers.org/umls/C0026836
C0541974,Fuzzy head,CC BY-NC-SA 4.0,UMLS via SIDER 4.1,http://identifiers.org/umls/C0541974
C0600139,Prostate carcinoma,CC BY-NC-SA 4.0,UMLS via SIDER 4.1,http://identifiers.org/umls/C0600139
C0312420,Hypersexuality,CC BY-NC-SA 4.0,UMLS via SIDER 4.1,http://identifiers.org/umls/C0312420
C0553737,Cervical discharge,CC BY-NC-SA 4.0,UMLS via SIDER 4.1,http://identifiers.org/umls/C0553737
C0574741,Skin bleeding,CC BY-NC-SA 4.0,UMLS via SIDER 4.1,http://identifiers.org/umls/C0574741
C0577598,Swollen arm,CC BY-NC-SA 4.0,UMLS via SIDER 4.1,http://identifiers.org/umls/C0577598
C0521503,Injection site burning,CC BY-NC-SA 4.0,UMLS via SIDER 4.1,http://identifiers.org/umls/C0521503
C0002994,Angioedema,CC BY-NC-SA 4.0,UMLS via SIDER 4.1,http://identifiers.org/umls/C0002994
C0856115,Diverticulitis aggravated,CC BY-NC-SA 4.0,UMLS via SIDER 4.1,http://identifiers.org/umls/C0856115
C0234133,Extrapyramidal symptoms,CC BY-NC-SA 4.0,UMLS via SIDER 4.1,http://identifiers.org/umls/C0234133
C0549346,Ischial neuralgia,CC BY-NC-SA 4.0,UMLS via SIDER 4.1,http://identifiers.org/umls/C0549346
C0035321,Retinal tear,CC BY-NC-SA 4.0,UMLS via SIDER 4.1,http://identifiers.org/umls/C0035321
C0006114,Edema cerebral,CC BY-NC-SA 4.0,UMLS via SIDER 4.1,http://identifiers.org/umls/C0006114
C0026946,Fungal infection,CC BY-NC-SA 4.0,UMLS via SIDER 4.1,http://identifiers.org/umls/C0026946
C0240564,Nasal pain,CC BY-NC-SA 4.0,UMLS via SIDER 4.1,http://identifiers.org/umls/C0240564
C0919714,Retinal vascular thrombosis,CC BY-NC-SA 4.0,UMLS via SIDER 4.1,http://identifiers.org/umls/C0919714
C1262064,Oculogyration,CC BY-NC-SA 4.0,UMLS via SIDER 4.1,http://identifiers.org/umls/C1262064
C0522058,Carbohydrate craving,CC BY-NC-SA 4.0,UMLS via SIDER 4.1,http://identifiers.org/umls/C0522058
C0392185,Repetitive speech,CC BY-NC-SA 4.0,UMLS via SIDER 4.1,http://identifiers.org/umls/C0392185
C0855223,"Hallucinations, mixed",CC BY-NC-SA 4.0,UMLS via SIDER 4.1,http://identifiers.org/umls/C0855223
C0023530,Leukopenia,CC BY-NC-SA 4.0,UMLS via SIDER 4.1,http://identifiers.org/umls/C0023530
C0032131,Plasmacytoma,CC BY-NC-SA 4.0,UMLS via SIDER 4.1,http://identifiers.org/umls/C0032131
C0741983,Carotid sinus hypersensitivity,CC BY-NC-SA 4.0,UMLS via SIDER 4.1,http://identifiers.org/umls/C0741983
C0456909,Blindness,CC BY-NC-SA 4.0,UMLS via SIDER 4.1,http://identifiers.org/umls/C0456909
C1142383,Breast tension,CC BY-NC-SA 4.0,UMLS via SIDER 4.1,http://identifiers.org/umls/C1142383
C0423701,Urinary tract pain,CC BY-NC-SA 4.0,UMLS via SIDER 4.1,http://identifiers.org/umls/C0423701
C0235927,Vestibular ataxia,CC BY-NC-SA 4.0,UMLS via SIDER 4.1,http://identifiers.org/umls/C0235927
C0948808,Catheter blockage,CC BY-NC-SA 4.0,UMLS via SIDER 4.1,http://identifiers.org/umls/C0948808
C0019572,Hirsutism,CC BY-NC-SA 4.0,UMLS via SIDER 4.1,http://identifiers.org/umls/C0019572
C0234376,Action tremor,CC BY-NC-SA 4.0,UMLS via SIDER 4.1,http://identifiers.org/umls/C0234376
C0857177,Arthritic pains,CC BY-NC-SA 4.0,UMLS via SIDER 4.1,http://identifiers.org/umls/C0857177
C0023487,Acute promyelocytic leukaemia,CC BY-NC-SA 4.0,UMLS via SIDER 4.1,http://identifiers.org/umls/C0023487
C0541922,Eczema allergic atopic,CC BY-NC-SA 4.0,UMLS via SIDER 4.1,http://identifiers.org/umls/C0541922
C0014718,Intertrigo candida,CC BY-NC-SA 4.0,UMLS via SIDER 4.1,http://identifiers.org/umls/C0014718
C0730328,Central serous retinopathy,CC BY-NC-SA 4.0,UMLS via SIDER 4.1,http://identifiers.org/umls/C0730328
C0854524,Peridiverticular abscess,CC BY-NC-SA 4.0,UMLS via SIDER 4.1,http://identifiers.org/umls/C0854524
C0009946,Conversion disorder,CC BY-NC-SA 4.0,UMLS via SIDER 4.1,http://identifiers.org/umls/C0009946
C0242891,Tooth injury,CC BY-NC-SA 4.0,UMLS via SIDER 4.1,http://identifiers.org/umls/C0242891
C0857083,Generalized macular rash,CC BY-NC-SA 4.0,UMLS via SIDER 4.1,http://identifiers.org/umls/C0857083
C1697542,Infusion site thrombosis,CC BY-NC-SA 4.0,UMLS via SIDER 4.1,http://identifiers.org/umls/C1697542
C0004238,Atrial fibrillation,CC BY-NC-SA 4.0,UMLS via SIDER 4.1,http://identifiers.org/umls/C0004238
C1328540,Peripheral vasodilatation,CC BY-NC-SA 4.0,UMLS via SIDER 4.1,http://identifiers.org/umls/C1328540
C0854448,Bladder constriction,CC BY-NC-SA 4.0,UMLS via SIDER 4.1,http://identifiers.org/umls/C0854448
C1096691,BK virus infection,CC BY-NC-SA 4.0,UMLS via SIDER 4.1,http://identifiers.org/umls/C1096691
C0427458,Red blood cell count increased,CC BY-NC-SA 4.0,UMLS via SIDER 4.1,http://identifiers.org/umls/C0427458
C0002103,Atopic rhinitis,CC BY-NC-SA 4.0,UMLS via SIDER 4.1,http://identifiers.org/umls/C0002103
C0038826,Superinfection,CC BY-NC-SA 4.0,UMLS via SIDER 4.1,http://identifiers.org/umls/C0038826
C0151472,Albumin globulin ratio abnormal,CC BY-NC-SA 4.0,UMLS via SIDER 4.1,http://identifiers.org/umls/C0151472
C0521170,Osteoporotic fracture,CC BY-NC-SA 4.0,UMLS via SIDER 4.1,http://identifiers.org/umls/C0521170
C0034067,Emphysema,CC BY-NC-SA 4.0,UMLS via SIDER 4.1,http://identifiers.org/umls/C0034067
C1096091,Infusion site pruritus,CC BY-NC-SA 4.0,UMLS via SIDER 4.1,http://identifiers.org/umls/C1096091
C0004690,Balanitis,CC BY-NC-SA 4.0,UMLS via SIDER 4.1,http://identifiers.org/umls/C0004690
C0042594,Vestibular disorder,CC BY-NC-SA 4.0,UMLS via SIDER 4.1,http://identifiers.org/umls/C0042594
C0002624,Retrograde amnesia,CC BY-NC-SA 4.0,UMLS via SIDER 4.1,http://identifiers.org/umls/C0002624
C0860499,Conjunctival follicles,CC BY-NC-SA 4.0,UMLS via SIDER 4.1,http://identifiers.org/umls/C0860499
C0035328,Retinal vein occlusion,CC BY-NC-SA 4.0,UMLS via SIDER 4.1,http://identifiers.org/umls/C0035328
C0231441,Immobile,CC BY-NC-SA 4.0,UMLS via SIDER 4.1,http://identifiers.org/umls/C0231441
C0232333,Electrocardiogram U wave present,CC BY-NC-SA 4.0,UMLS via SIDER 4.1,http://identifiers.org/umls/C0232333
C0278107,Painful ejaculation,CC BY-NC-SA 4.0,UMLS via SIDER 4.1,http://identifiers.org/umls/C0278107
C0033844,Pseudotumor,CC BY-NC-SA 4.0,UMLS via SIDER 4.1,http://identifiers.org/umls/C0033844
C0235095,Visual field constriction,CC BY-NC-SA 4.0,UMLS via SIDER 4.1,http://identifiers.org/umls/C0235095
C3665347,Visual impairment,CC BY-NC-SA 4.0,UMLS via SIDER 4.1,http://identifiers.org/umls/C3665347
C0549397,Nasal septum deviation,CC BY-NC-SA 4.0,UMLS via SIDER 4.1,http://identifiers.org/umls/C0549397
C0348024,Dysfunction thyroid,CC BY-NC-SA 4.0,UMLS via SIDER 4.1,http://identifiers.org/umls/C0348024
C0043049,Water intoxication,CC BY-NC-SA 4.0,UMLS via SIDER 4.1,http://identifiers.org/umls/C0043049
C0155003,Blindness transient,CC BY-NC-SA 4.0,UMLS via SIDER 4.1,http://identifiers.org/umls/C0155003
C0001916,Albinism,CC BY-NC-SA 4.0,UMLS via SIDER 4.1,http://identifiers.org/umls/C0001916
C0858797,Instillation site pain,CC BY-NC-SA 4.0,UMLS via SIDER 4.1,http://identifiers.org/umls/C0858797
C0679254,Disease recurrence,CC BY-NC-SA 4.0,UMLS via SIDER 4.1,http://identifiers.org/umls/C0679254
C0234952,Oropharyngeal spasm,CC BY-NC-SA 4.0,UMLS via SIDER 4.1,http://identifiers.org/umls/C0234952
C0268800,Congenital renal cyst,CC BY-NC-SA 4.0,UMLS via SIDER 4.1,http://identifiers.org/umls/C0268800
C0151811,Subcutaneous nodule,CC BY-NC-SA 4.0,UMLS via SIDER 4.1,http://identifiers.org/umls/C0151811
C0039235,Junctional tachycardia,CC BY-NC-SA 4.0,UMLS via SIDER 4.1,http://identifiers.org/umls/C0039235
C0849907,Ear pruritus,CC BY-NC-SA 4.0,UMLS via SIDER 4.1,http://identifiers.org/umls/C0849907
C0262365,Mammogram abnormal,CC BY-NC-SA 4.0,UMLS via SIDER 4.1,http://identifiers.org/umls/C0262365
C0027430,Nasal polyps,CC BY-NC-SA 4.0,UMLS via SIDER 4.1,http://identifiers.org/umls/C0027430
C0476281,Non-cardiac chest pain,CC BY-NC-SA 4.0,UMLS via SIDER 4.1,http://identifiers.org/umls/C0476281
C0259749,Autonomic neuropathy,CC BY-NC-SA 4.0,UMLS via SIDER 4.1,http://identifiers.org/umls/C0259749
C0158687,Congenital genital malformation,CC BY-NC-SA 4.0,UMLS via SIDER 4.1,http://identifiers.org/umls/C0158687
C1393815,Contraceptive device complication,CC BY-NC-SA 4.0,UMLS via SIDER 4.1,http://identifiers.org/umls/C1393815
C0857122,Hyponatraemic,CC BY-NC-SA 4.0,UMLS via SIDER 4.1,http://identifiers.org/umls/C0857122
C1384489,Scratch,CC BY-NC-SA 4.0,UMLS via SIDER 4.1,http://identifiers.org/umls/C1384489
C0860901,Protein total decreased,CC BY-NC-SA 4.0,UMLS via SIDER 4.1,http://identifiers.org/umls/C0860901
C0265101,Carotid artery occlusion,CC BY-NC-SA 4.0,UMLS via SIDER 4.1,http://identifiers.org/umls/C0265101
C0855242,Disturbance in sexual arousal,CC BY-NC-SA 4.0,UMLS via SIDER 4.1,http://identifiers.org/umls/C0855242
C0035460,Vasomotor rhinitis,CC BY-NC-SA 4.0,UMLS via SIDER 4.1,http://identifiers.org/umls/C0035460
C0729549,Gastrointestinal fungal infection,CC BY-NC-SA 4.0,UMLS via SIDER 4.1,http://identifiers.org/umls/C0729549
C0521540,Brain stem haemorrhage,CC BY-NC-SA 4.0,UMLS via SIDER 4.1,http://identifiers.org/umls/C0521540
C0520588,Vulvovaginal pain,CC BY-NC-SA 4.0,UMLS via SIDER 4.1,http://identifiers.org/umls/C0520588
C2939427,Hypoesthesia tongue,CC BY-NC-SA 4.0,UMLS via SIDER 4.1,http://identifiers.org/umls/C2939427
C1321898,Blood in stool,CC BY-NC-SA 4.0,UMLS via SIDER 4.1,http://identifiers.org/umls/C1321898
C0235855,Sepsis secondary,CC BY-NC-SA 4.0,UMLS via SIDER 4.1,http://identifiers.org/umls/C0235855
C0151934,Hypogeusia,CC BY-NC-SA 4.0,UMLS via SIDER 4.1,http://identifiers.org/umls/C0151934
C1956415,Dyspnoea paroxysmal nocturnal,CC BY-NC-SA 4.0,UMLS via SIDER 4.1,http://identifiers.org/umls/C1956415
C0023052,Laryngeal oedema,CC BY-NC-SA 4.0,UMLS via SIDER 4.1,http://identifiers.org/umls/C0023052
C0700200,Presyncope,CC BY-NC-SA 4.0,UMLS via SIDER 4.1,http://identifiers.org/umls/C0700200
C0746883,Febrile neutropenia,CC BY-NC-SA 4.0,UMLS via SIDER 4.1,http://identifiers.org/umls/C0746883
C0009595,Obsessive-compulsive personality disorder,CC BY-NC-SA 4.0,UMLS via SIDER 4.1,http://identifiers.org/umls/C0009595
C0085616,Vasospasm,CC BY-NC-SA 4.0,UMLS via SIDER 4.1,http://identifiers.org/umls/C0085616
C0857468,Withdrawal hypertension,CC BY-NC-SA 4.0,UMLS via SIDER 4.1,http://identifiers.org/umls/C0857468
C1320835,Drug fever,CC BY-NC-SA 4.0,UMLS via SIDER 4.1,http://identifiers.org/umls/C1320835
C0333641,Atrophy,CC BY-NC-SA 4.0,UMLS via SIDER 4.1,http://identifiers.org/umls/C0333641
C1142015,Blood bilirubin abnormal,CC BY-NC-SA 4.0,UMLS via SIDER 4.1,http://identifiers.org/umls/C1142015
C0085583,Choreoathetosis,CC BY-NC-SA 4.0,UMLS via SIDER 4.1,http://identifiers.org/umls/C0085583
C3665596,Warts,CC BY-NC-SA 4.0,UMLS via SIDER 4.1,http://identifiers.org/umls/C3665596
C2363914,Post procedural constipation,CC BY-NC-SA 4.0,UMLS via SIDER 4.1,http://identifiers.org/umls/C2363914
C0400823,Neutropenic colitis,CC BY-NC-SA 4.0,UMLS via SIDER 4.1,http://identifiers.org/umls/C0400823
C0265935,Congenital arterial malformation,CC BY-NC-SA 4.0,UMLS via SIDER 4.1,http://identifiers.org/umls/C0265935
C0041364,Tumour lysis syndrome,CC BY-NC-SA 4.0,UMLS via SIDER 4.1,http://identifiers.org/umls/C0041364
C0013274,Patent ductus arteriosus,CC BY-NC-SA 4.0,UMLS via SIDER 4.1,http://identifiers.org/umls/C0013274
C0919590,Injection site cellulitis,CC BY-NC-SA 4.0,UMLS via SIDER 4.1,http://identifiers.org/umls/C0919590
C0581394,Swelling of legs,CC BY-NC-SA 4.0,UMLS via SIDER 4.1,http://identifiers.org/umls/C0581394
C0853714,Application site pruritus,CC BY-NC-SA 4.0,UMLS via SIDER 4.1,http://identifiers.org/umls/C0853714
C0877854,Cerebral arteriosclerosis,CC BY-NC-SA 4.0,UMLS via SIDER 4.1,http://identifiers.org/umls/C0877854
C0852696,Glucocorticoids decreased,CC BY-NC-SA 4.0,UMLS via SIDER 4.1,http://identifiers.org/umls/C0852696
C0010828,Cytopenia,CC BY-NC-SA 4.0,UMLS via SIDER 4.1,http://identifiers.org/umls/C0010828
C0038732,Sulphaemoglobinaemia,CC BY-NC-SA 4.0,UMLS via SIDER 4.1,http://identifiers.org/umls/C0038732
C0007177,Cardiac tamponade,CC BY-NC-SA 4.0,UMLS via SIDER 4.1,http://identifiers.org/umls/C0007177
C0037926,Spinal cord compression,CC BY-NC-SA 4.0,UMLS via SIDER 4.1,http://identifiers.org/umls/C0037926
C0238457,Renal vein thrombosis,CC BY-NC-SA 4.0,UMLS via SIDER 4.1,http://identifiers.org/umls/C0238457
C1167760,Bacterial test positive,CC BY-NC-SA 4.0,UMLS via SIDER 4.1,http://identifiers.org/umls/C1167760
C0948085,Corneal defect,CC BY-NC-SA 4.0,UMLS via SIDER 4.1,http://identifiers.org/umls/C0948085
C0037928,Spinal cord disorder,CC BY-NC-SA 4.0,UMLS via SIDER 4.1,http://identifiers.org/umls/C0037928
C0264490,Acute respiratory failure,CC BY-NC-SA 4.0,UMLS via SIDER 4.1,http://identifiers.org/umls/C0264490
C0151810,Lack of drug effect,CC BY-NC-SA 4.0,UMLS via SIDER 4.1,http://identifiers.org/umls/C0151810
C0042341,Varicocele,CC BY-NC-SA 4.0,UMLS via SIDER 4.1,http://identifiers.org/umls/C0042341
C1963747,Herpes simplex hepatitis,CC BY-NC-SA 4.0,UMLS via SIDER 4.1,http://identifiers.org/umls/C1963747
C1260880,Rhinorrhoea,CC BY-NC-SA 4.0,UMLS via SIDER 4.1,http://identifiers.org/umls/C1260880
C0438717,Transaminases increased,CC BY-NC-SA 4.0,UMLS via SIDER 4.1,http://identifiers.org/umls/C0438717
C0858603,Wave slowing,CC BY-NC-SA 4.0,UMLS via SIDER 4.1,http://identifiers.org/umls/C0858603
C0743400,Ejection fraction decreased,CC BY-NC-SA 4.0,UMLS via SIDER 4.1,http://identifiers.org/umls/C0743400
C0235919,Nerve root lesion,CC BY-NC-SA 4.0,UMLS via SIDER 4.1,http://identifiers.org/umls/C0235919
C0282488,Cystitis interstitial,CC BY-NC-SA 4.0,UMLS via SIDER 4.1,http://identifiers.org/umls/C0282488
C0041909,Upper gastrointestinal haemorrhage,CC BY-NC-SA 4.0,UMLS via SIDER 4.1,http://identifiers.org/umls/C0041909
C0860752,Lactate increased,CC BY-NC-SA 4.0,UMLS via SIDER 4.1,http://identifiers.org/umls/C0860752
C0233632,Thinking abnormal,CC BY-NC-SA 4.0,UMLS via SIDER 4.1,http://identifiers.org/umls/C0233632
C0003742,Arcus senilis,CC BY-NC-SA 4.0,UMLS via SIDER 4.1,http://identifiers.org/umls/C0003742
C0085129,Bronchial hyperreactivity,CC BY-NC-SA 4.0,UMLS via SIDER 4.1,http://identifiers.org/umls/C0085129
C1959622,Vein distended,CC BY-NC-SA 4.0,UMLS via SIDER 4.1,http://identifiers.org/umls/C1959622
C0007868,Cervical dysplasia,CC BY-NC-SA 4.0,UMLS via SIDER 4.1,http://identifiers.org/umls/C0007868
C0152253,Posterior synechiae of iris,CC BY-NC-SA 4.0,UMLS via SIDER 4.1,http://identifiers.org/umls/C0152253
C0522061,Abdominal pain localised,CC BY-NC-SA 4.0,UMLS via SIDER 4.1,http://identifiers.org/umls/C0522061
C0919980,VIIth nerve paralysis,CC BY-NC-SA 4.0,UMLS via SIDER 4.1,http://identifiers.org/umls/C0919980
C0333291,Ulcer haemorrhage,CC BY-NC-SA 4.0,UMLS via SIDER 4.1,http://identifiers.org/umls/C0333291
C0015423,Eyelid disorder,CC BY-NC-SA 4.0,UMLS via SIDER 4.1,http://identifiers.org/umls/C0015423
C0027125,Myotonia,CC BY-NC-SA 4.0,UMLS via SIDER 4.1,http://identifiers.org/umls/C0027125
C0205990,Vaginal prolapse,CC BY-NC-SA 4.0,UMLS via SIDER 4.1,http://identifiers.org/umls/C0205990
C0030297,Pancreatic neoplasm,CC BY-NC-SA 4.0,UMLS via SIDER 4.1,http://identifiers.org/umls/C0030297
C0152191,Central scotoma,CC BY-NC-SA 4.0,UMLS via SIDER 4.1,http://identifiers.org/umls/C0152191
C2609414,Acute kidney injury,CC BY-NC-SA 4.0,UMLS via SIDER 4.1,http://identifiers.org/umls/C2609414
C0007107,Laryngeal cancer,CC BY-NC-SA 4.0,UMLS via SIDER 4.1,http://identifiers.org/umls/C0007107
C2747793,Acute phosphate nephropathy,CC BY-NC-SA 4.0,UMLS via SIDER 4.1,http://identifiers.org/umls/C2747793
C0240773,Plantar erythema,CC BY-NC-SA 4.0,UMLS via SIDER 4.1,http://identifiers.org/umls/C0240773
C0948300,Application site scab,CC BY-NC-SA 4.0,UMLS via SIDER 4.1,http://identifiers.org/umls/C0948300
C0235218,Skin warm,CC BY-NC-SA 4.0,UMLS via SIDER 4.1,http://identifiers.org/umls/C0235218
C0235194,Tranquillisation excessive,CC BY-NC-SA 4.0,UMLS via SIDER 4.1,http://identifiers.org/umls/C0235194
C0701836,Thermal burn,CC BY-NC-SA 4.0,UMLS via SIDER 4.1,http://identifiers.org/umls/C0701836
C0034155,Thrombotic thrombocytopenic purpura,CC BY-NC-SA 4.0,UMLS via SIDER 4.1,http://identifiers.org/umls/C0034155
C0040128,Thyroid disorder,CC BY-NC-SA 4.0,UMLS via SIDER 4.1,http://identifiers.org/umls/C0040128
C0542149,Injection site phlebitis,CC BY-NC-SA 4.0,UMLS via SIDER 4.1,http://identifiers.org/umls/C0542149
C0543392,Feces bloodstained,CC BY-NC-SA 4.0,UMLS via SIDER 4.1,http://identifiers.org/umls/C0543392
C0264939,Polyangiitis,CC BY-NC-SA 4.0,UMLS via SIDER 4.1,http://identifiers.org/umls/C0264939
C0857353,Hypotensive,CC BY-NC-SA 4.0,UMLS via SIDER 4.1,http://identifiers.org/umls/C0857353
C0159060,Abnormal bowel sounds,CC BY-NC-SA 4.0,UMLS via SIDER 4.1,http://identifiers.org/umls/C0159060
C0376286,Avitaminosis,CC BY-NC-SA 4.0,UMLS via SIDER 4.1,http://identifiers.org/umls/C0376286
C0853973,Blood gonadotrophin increased,CC BY-NC-SA 4.0,UMLS via SIDER 4.1,http://identifiers.org/umls/C0853973
C0149756,Plantar fasciitis,CC BY-NC-SA 4.0,UMLS via SIDER 4.1,http://identifiers.org/umls/C0149756
C0035854,Rosacea,CC BY-NC-SA 4.0,UMLS via SIDER 4.1,http://identifiers.org/umls/C0035854
C2939186,Mood alteration NOS,CC BY-NC-SA 4.0,UMLS via SIDER 4.1,http://identifiers.org/umls/C2939186
C0270844,Tonic convulsion,CC BY-NC-SA 4.0,UMLS via SIDER 4.1,http://identifiers.org/umls/C0270844
C0011616,Dermatitis contact,CC BY-NC-SA 4.0,UMLS via SIDER 4.1,http://identifiers.org/umls/C0011616
C0232203,Atrial rhythm,CC BY-NC-SA 4.0,UMLS via SIDER 4.1,http://identifiers.org/umls/C0232203
C0861171,Gritty feeling in eyes,CC BY-NC-SA 4.0,UMLS via SIDER 4.1,http://identifiers.org/umls/C0861171
C0702154,Polyarthropathy,CC BY-NC-SA 4.0,UMLS via SIDER 4.1,http://identifiers.org/umls/C0702154
C0013423,Idiopathic torsion dystonia,CC BY-NC-SA 4.0,UMLS via SIDER 4.1,http://identifiers.org/umls/C0013423
C0040435,Tooth disorder,CC BY-NC-SA 4.0,UMLS via SIDER 4.1,http://identifiers.org/umls/C0040435
C0740401,Duodenal ulcer perforation,CC BY-NC-SA 4.0,UMLS via SIDER 4.1,http://identifiers.org/umls/C0740401
C2584688,Testicular swelling,CC BY-NC-SA 4.0,UMLS via SIDER 4.1,http://identifiers.org/umls/C2584688
C1609512,Vulvovaginal mycotic infection,CC BY-NC-SA 4.0,UMLS via SIDER 4.1,http://identifiers.org/umls/C1609512
C0853737,Blood bicarbonate increased,CC BY-NC-SA 4.0,UMLS via SIDER 4.1,http://identifiers.org/umls/C0853737
C0042510,Ventricular fibrillation,CC BY-NC-SA 4.0,UMLS via SIDER 4.1,http://identifiers.org/umls/C0042510
C0856864,Headache fullness,CC BY-NC-SA 4.0,UMLS via SIDER 4.1,http://identifiers.org/umls/C0856864
C0079027,Intraoperative hemorrhage,CC BY-NC-SA 4.0,UMLS via SIDER 4.1,http://identifiers.org/umls/C0079027
C3263723,Injury,CC BY-NC-SA 4.0,UMLS via SIDER 4.1,http://identifiers.org/umls/C3263723
C0853890,Blood gastrin increased,CC BY-NC-SA 4.0,UMLS via SIDER 4.1,http://identifiers.org/umls/C0853890
C0024121,Lung neoplasm,CC BY-NC-SA 4.0,UMLS via SIDER 4.1,http://identifiers.org/umls/C0024121
C0858093,Plasma calcium decreased,CC BY-NC-SA 4.0,UMLS via SIDER 4.1,http://identifiers.org/umls/C0858093
C0221242,Fixed drug eruption,CC BY-NC-SA 4.0,UMLS via SIDER 4.1,http://identifiers.org/umls/C0221242
C0019880,Homocystinuria,CC BY-NC-SA 4.0,UMLS via SIDER 4.1,http://identifiers.org/umls/C0019880
C2987469,Substance-induced psychotic disorder,CC BY-NC-SA 4.0,UMLS via SIDER 4.1,http://identifiers.org/umls/C2987469
C0235430,Ketonemia,CC BY-NC-SA 4.0,UMLS via SIDER 4.1,http://identifiers.org/umls/C0235430
C0221002,Hyperparathyroidism primary,CC BY-NC-SA 4.0,UMLS via SIDER 4.1,http://identifiers.org/umls/C0221002
C0549418,Urine flow decreased,CC BY-NC-SA 4.0,UMLS via SIDER 4.1,http://identifiers.org/umls/C0549418
C0034935,Extensor plantar response,CC BY-NC-SA 4.0,UMLS via SIDER 4.1,http://identifiers.org/umls/C0034935
C0011875,Diabetic vascular disorder,CC BY-NC-SA 4.0,UMLS via SIDER 4.1,http://identifiers.org/umls/C0011875
C0153392,Nasopharyngeal cancer,CC BY-NC-SA 4.0,UMLS via SIDER 4.1,http://identifiers.org/umls/C0153392
C0267412,Thrombosis mesenteric vessel,CC BY-NC-SA 4.0,UMLS via SIDER 4.1,http://identifiers.org/umls/C0267412
C0085625,Hypoalgesia,CC BY-NC-SA 4.0,UMLS via SIDER 4.1,http://identifiers.org/umls/C0085625
C0521619,Pelvi-ureteric obstruction,CC BY-NC-SA 4.0,UMLS via SIDER 4.1,http://identifiers.org/umls/C0521619
C0877792,Circadian rhythm sleep disorder,CC BY-NC-SA 4.0,UMLS via SIDER 4.1,http://identifiers.org/umls/C0877792
C0151766,Liver function test abnormal,CC BY-NC-SA 4.0,UMLS via SIDER 4.1,http://identifiers.org/umls/C0151766
C0426959,Akinaesthesia,CC BY-NC-SA 4.0,UMLS via SIDER 4.1,http://identifiers.org/umls/C0426959
C0014852,Oesophageal disorder,CC BY-NC-SA 4.0,UMLS via SIDER 4.1,http://identifiers.org/umls/C0014852
C0343401,Methicillin-resistant Staphylococcus aureus infection,CC BY-NC-SA 4.0,UMLS via SIDER 4.1,http://identifiers.org/umls/C0343401
C0175167,Acneiform eruption,CC BY-NC-SA 4.0,UMLS via SIDER 4.1,http://identifiers.org/umls/C0175167
C0087169,Withdrawal symptom,CC BY-NC-SA 4.0,UMLS via SIDER 4.1,http://identifiers.org/umls/C0087169
C0852932,Arthropod sting,CC BY-NC-SA 4.0,UMLS via SIDER 4.1,http://identifiers.org/umls/C0852932
C0748318,Progressive renal failure,CC BY-NC-SA 4.0,UMLS via SIDER 4.1,http://identifiers.org/umls/C0748318
C0018801,Cardiac failure,CC BY-NC-SA 4.0,UMLS via SIDER 4.1,http://identifiers.org/umls/C0018801
C0877047,Occult blood positive,CC BY-NC-SA 4.0,UMLS via SIDER 4.1,http://identifiers.org/umls/C0877047
C0853254,Nasal passage irritation,CC BY-NC-SA 4.0,UMLS via SIDER 4.1,http://identifiers.org/umls/C0853254
C0030848,Peyronie's disease,CC BY-NC-SA 4.0,UMLS via SIDER 4.1,http://identifiers.org/umls/C0030848
C0010495,Cutis laxa,CC BY-NC-SA 4.0,UMLS via SIDER 4.1,http://identifiers.org/umls/C0010495
C0025286,Meningioma,CC BY-NC-SA 4.0,UMLS via SIDER 4.1,http://identifiers.org/umls/C0025286
C0018099,Gout,CC BY-NC-SA 4.0,UMLS via SIDER 4.1,http://identifiers.org/umls/C0018099
C0424489,Chapped lips,CC BY-NC-SA 4.0,UMLS via SIDER 4.1,http://identifiers.org/umls/C0424489
C0277794,Prostration,CC BY-NC-SA 4.0,UMLS via SIDER 4.1,http://identifiers.org/umls/C0277794
C0235710,Chest discomfort,CC BY-NC-SA 4.0,UMLS via SIDER 4.1,http://identifiers.org/umls/C0235710
C0033775,Anal pruritus,CC BY-NC-SA 4.0,UMLS via SIDER 4.1,http://identifiers.org/umls/C0033775
C0410916,Death neonatal,CC BY-NC-SA 4.0,UMLS via SIDER 4.1,http://identifiers.org/umls/C0410916
C1142017,Glabellar reflex abnormal,CC BY-NC-SA 4.0,UMLS via SIDER 4.1,http://identifiers.org/umls/C1142017
C0542075,Local throat irritation,CC BY-NC-SA 4.0,UMLS via SIDER 4.1,http://identifiers.org/umls/C0542075
C0854504,Enterococcal bacteraemia,CC BY-NC-SA 4.0,UMLS via SIDER 4.1,http://identifiers.org/umls/C0854504
C0683369,Consciousness clouding,CC BY-NC-SA 4.0,UMLS via SIDER 4.1,http://identifiers.org/umls/C0683369
C0392702,Abnormal involuntary movements,CC BY-NC-SA 4.0,UMLS via SIDER 4.1,http://identifiers.org/umls/C0392702
C0948447,Chromosomal mutation,CC BY-NC-SA 4.0,UMLS via SIDER 4.1,http://identifiers.org/umls/C0948447
C0856100,Pancreatitis aggravated,CC BY-NC-SA 4.0,UMLS via SIDER 4.1,http://identifiers.org/umls/C0856100
C0263105,Abdominal wall abscess,CC BY-NC-SA 4.0,UMLS via SIDER 4.1,http://identifiers.org/umls/C0263105
C0221204,Osteolysis,CC BY-NC-SA 4.0,UMLS via SIDER 4.1,http://identifiers.org/umls/C0221204
C0019385,Meningoencephalitis herpetic,CC BY-NC-SA 4.0,UMLS via SIDER 4.1,http://identifiers.org/umls/C0019385
C0151827,Eye pain,CC BY-NC-SA 4.0,UMLS via SIDER 4.1,http://identifiers.org/umls/C0151827
C1737224,Post procedural swelling,CC BY-NC-SA 4.0,UMLS via SIDER 4.1,http://identifiers.org/umls/C1737224
C0004030,Aspergillosis,CC BY-NC-SA 4.0,UMLS via SIDER 4.1,http://identifiers.org/umls/C0004030
C2711227,Hepatic steatosis,CC BY-NC-SA 4.0,UMLS via SIDER 4.1,http://identifiers.org/umls/C2711227
C1698480,Supraventricular tachyarrhythmia,CC BY-NC-SA 4.0,UMLS via SIDER 4.1,http://identifiers.org/umls/C1698480
C1701474,Argumentativeness,CC BY-NC-SA 4.0,UMLS via SIDER 4.1,http://identifiers.org/umls/C1701474
C0857495,Sore nose,CC BY-NC-SA 4.0,UMLS via SIDER 4.1,http://identifiers.org/umls/C0857495
C0024291,Hemophagocytic lymphohistiocytosis,CC BY-NC-SA 4.0,UMLS via SIDER 4.1,http://identifiers.org/umls/C0024291
C0235680,Vaginitis ulcerative,CC BY-NC-SA 4.0,UMLS via SIDER 4.1,http://identifiers.org/umls/C0235680
C1282799,Penile swelling,CC BY-NC-SA 4.0,UMLS via SIDER 4.1,http://identifiers.org/umls/C1282799
C1956391,Temporal arteritis,CC BY-NC-SA 4.0,UMLS via SIDER 4.1,http://identifiers.org/umls/C1956391
C0013418,Abnormal labour,CC BY-NC-SA 4.0,UMLS via SIDER 4.1,http://identifiers.org/umls/C0013418
C1527330,Pyridoxine deficiency,CC BY-NC-SA 4.0,UMLS via SIDER 4.1,http://identifiers.org/umls/C1527330
C2939062,Respiratory tract oedema,CC BY-NC-SA 4.0,UMLS via SIDER 4.1,http://identifiers.org/umls/C2939062
C2609176,Kounis syndrome,CC BY-NC-SA 4.0,UMLS via SIDER 4.1,http://identifiers.org/umls/C2609176
C0438237,Hepatic enzyme abnormal,CC BY-NC-SA 4.0,UMLS via SIDER 4.1,http://identifiers.org/umls/C0438237
C0876973,Lung infection,CC BY-NC-SA 4.0,UMLS via SIDER 4.1,http://identifiers.org/umls/C0876973
C0022346,Jaundice,CC BY-NC-SA 4.0,UMLS via SIDER 4.1,http://identifiers.org/umls/C0022346
C0221030,Hyperviscosity syndrome,CC BY-NC-SA 4.0,UMLS via SIDER 4.1,http://identifiers.org/umls/C0221030
C3160830,Prostatic dysplasia,CC BY-NC-SA 4.0,UMLS via SIDER 4.1,http://identifiers.org/umls/C3160830
C0031190,Persistent foetal circulation,CC BY-NC-SA 4.0,UMLS via SIDER 4.1,http://identifiers.org/umls/C0031190
C0948824,Haemorrhagic anaemia,CC BY-NC-SA 4.0,UMLS via SIDER 4.1,http://identifiers.org/umls/C0948824
C0541831,Choreiform,CC BY-NC-SA 4.0,UMLS via SIDER 4.1,http://identifiers.org/umls/C0541831
C0155305,Optic ischaemic neuropathy,CC BY-NC-SA 4.0,UMLS via SIDER 4.1,http://identifiers.org/umls/C0155305
C0159658,Clavicle fracture,CC BY-NC-SA 4.0,UMLS via SIDER 4.1,http://identifiers.org/umls/C0159658
C0000833,Abscess,CC BY-NC-SA 4.0,UMLS via SIDER 4.1,http://identifiers.org/umls/C0000833
C0014173,Endometrial hyperplasia,CC BY-NC-SA 4.0,UMLS via SIDER 4.1,http://identifiers.org/umls/C0014173
C0015734,Faecalith,CC BY-NC-SA 4.0,UMLS via SIDER 4.1,http://identifiers.org/umls/C0015734
C0235357,Tooth hypoplasia,CC BY-NC-SA 4.0,UMLS via SIDER 4.1,http://identifiers.org/umls/C0235357
C0877605,Burning anal,CC BY-NC-SA 4.0,UMLS via SIDER 4.1,http://identifiers.org/umls/C0877605
C0948806,Catheter related complication,CC BY-NC-SA 4.0,UMLS via SIDER 4.1,http://identifiers.org/umls/C0948806
C0156312,Testicular atrophy,CC BY-NC-SA 4.0,UMLS via SIDER 4.1,http://identifiers.org/umls/C0156312
C0032519,Polymenorrhoea,CC BY-NC-SA 4.0,UMLS via SIDER 4.1,http://identifiers.org/umls/C0032519
C0270971,Floppy infant,CC BY-NC-SA 4.0,UMLS via SIDER 4.1,http://identifiers.org/umls/C0270971
C0267380,Ileitis regional,CC BY-NC-SA 4.0,UMLS via SIDER 4.1,http://identifiers.org/umls/C0267380
C0332563,Papule,CC BY-NC-SA 4.0,UMLS via SIDER 4.1,http://identifiers.org/umls/C0332563
C0085602,Polydipsia,CC BY-NC-SA 4.0,UMLS via SIDER 4.1,http://identifiers.org/umls/C0085602
C0151736,Accidental injury,CC BY-NC-SA 4.0,UMLS via SIDER 4.1,http://identifiers.org/umls/C0151736
C0151865,Pregnancy test false positive,CC BY-NC-SA 4.0,UMLS via SIDER 4.1,http://identifiers.org/umls/C0151865
C1261167,Sperm concentration,CC BY-NC-SA 4.0,UMLS via SIDER 4.1,http://identifiers.org/umls/C1261167
C0476414,Thyroid function test abnormal,CC BY-NC-SA 4.0,UMLS via SIDER 4.1,http://identifiers.org/umls/C0476414
C0597457,Skeletal injury,CC BY-NC-SA 4.0,UMLS via SIDER 4.1,http://identifiers.org/umls/C0597457
C1955743,Mineralocorticoid deficiency,CC BY-NC-SA 4.0,UMLS via SIDER 4.1,http://identifiers.org/umls/C1955743
C0850569,Allergic rash,CC BY-NC-SA 4.0,UMLS via SIDER 4.1,http://identifiers.org/umls/C0850569
C0231246,Weight gain poor,CC BY-NC-SA 4.0,UMLS via SIDER 4.1,http://identifiers.org/umls/C0231246
C0853782,Blood creatine phosphokinase abnormal,CC BY-NC-SA 4.0,UMLS via SIDER 4.1,http://identifiers.org/umls/C0853782
C0021099,Impetigo,CC BY-NC-SA 4.0,UMLS via SIDER 4.1,http://identifiers.org/umls/C0021099
C0035302,Retinal artery occlusion,CC BY-NC-SA 4.0,UMLS via SIDER 4.1,http://identifiers.org/umls/C0035302
C1504465,Device malfunction,CC BY-NC-SA 4.0,UMLS via SIDER 4.1,http://identifiers.org/umls/C1504465
C0030521,Parathyroid tumour,CC BY-NC-SA 4.0,UMLS via SIDER 4.1,http://identifiers.org/umls/C0030521
C0860514,Dreamy state,CC BY-NC-SA 4.0,UMLS via SIDER 4.1,http://identifiers.org/umls/C0860514
C0234934,Urticaria vesiculosa,CC BY-NC-SA 4.0,UMLS via SIDER 4.1,http://identifiers.org/umls/C0234934
C0042909,Vitreous haemorrhage,CC BY-NC-SA 4.0,UMLS via SIDER 4.1,http://identifiers.org/umls/C0042909
C1510497,Lenticular opacities,CC BY-NC-SA 4.0,UMLS via SIDER 4.1,http://identifiers.org/umls/C1510497
C0038587,Withdrawal syndrome,CC BY-NC-SA 4.0,UMLS via SIDER 4.1,http://identifiers.org/umls/C0038587
C2364164,Fluid imbalance,CC BY-NC-SA 4.0,UMLS via SIDER 4.1,http://identifiers.org/umls/C2364164
C0232191,Reflex bradycardia,CC BY-NC-SA 4.0,UMLS via SIDER 4.1,http://identifiers.org/umls/C0232191
C1167750,Hoigne's syndrome,CC BY-NC-SA 4.0,UMLS via SIDER 4.1,http://identifiers.org/umls/C1167750
C1096355,Electrocardiogram U-wave abnormality,CC BY-NC-SA 4.0,UMLS via SIDER 4.1,http://identifiers.org/umls/C1096355
C1608945,Exfoliative rash,CC BY-NC-SA 4.0,UMLS via SIDER 4.1,http://identifiers.org/umls/C1608945
C0853750,Blood magnesium decreased,CC BY-NC-SA 4.0,UMLS via SIDER 4.1,http://identifiers.org/umls/C0853750
C0151892,Retinal pigmentation,CC BY-NC-SA 4.0,UMLS via SIDER 4.1,http://identifiers.org/umls/C0151892
C0020649,Hypotension,CC BY-NC-SA 4.0,UMLS via SIDER 4.1,http://identifiers.org/umls/C0020649
C0600041,Bladder infection,CC BY-NC-SA 4.0,UMLS via SIDER 4.1,http://identifiers.org/umls/C0600041
C0029429,Osteochondrosis,CC BY-NC-SA 4.0,UMLS via SIDER 4.1,http://identifiers.org/umls/C0029429
C0016479,Food poisoning,CC BY-NC-SA 4.0,UMLS via SIDER 4.1,http://identifiers.org/umls/C0016479
C0030517,Parathyroid disorder,CC BY-NC-SA 4.0,UMLS via SIDER 4.1,http://identifiers.org/umls/C0030517
C0013595,Eczema,CC BY-NC-SA 4.0,UMLS via SIDER 4.1,http://identifiers.org/umls/C0013595
C0342406,Pituitary haemorrhage,CC BY-NC-SA 4.0,UMLS via SIDER 4.1,http://identifiers.org/umls/C0342406
C0085702,Monocytosis,CC BY-NC-SA 4.0,UMLS via SIDER 4.1,http://identifiers.org/umls/C0085702
C0032319,Pneumopericardium,CC BY-NC-SA 4.0,UMLS via SIDER 4.1,http://identifiers.org/umls/C0032319
C0853348,Arthropod bite,CC BY-NC-SA 4.0,UMLS via SIDER 4.1,http://identifiers.org/umls/C0853348
C0009193,Coccydynia,CC BY-NC-SA 4.0,UMLS via SIDER 4.1,http://identifiers.org/umls/C0009193
C0856171,Coronary artery disease aggravated,CC BY-NC-SA 4.0,UMLS via SIDER 4.1,http://identifiers.org/umls/C0856171
C0262428,Collagen-vascular disease,CC BY-NC-SA 4.0,UMLS via SIDER 4.1,http://identifiers.org/umls/C0262428
C1142249,Infected cyst,CC BY-NC-SA 4.0,UMLS via SIDER 4.1,http://identifiers.org/umls/C1142249
C0858346,Gastrointestinal ulcer perforation,CC BY-NC-SA 4.0,UMLS via SIDER 4.1,http://identifiers.org/umls/C0858346
C0853015,Blood growth hormone increased,CC BY-NC-SA 4.0,UMLS via SIDER 4.1,http://identifiers.org/umls/C0853015
C1610056,Antinuclear antibody increased,CC BY-NC-SA 4.0,UMLS via SIDER 4.1,http://identifiers.org/umls/C1610056
C0392699,Dysaesthesia,CC BY-NC-SA 4.0,UMLS via SIDER 4.1,http://identifiers.org/umls/C0392699
C0235504,Thrombophlebitis of the leg,CC BY-NC-SA 4.0,UMLS via SIDER 4.1,http://identifiers.org/umls/C0235504
C0344357,Nocturnal dyspnoea,CC BY-NC-SA 4.0,UMLS via SIDER 4.1,http://identifiers.org/umls/C0344357
C0042164,Uveitis,CC BY-NC-SA 4.0,UMLS via SIDER 4.1,http://identifiers.org/umls/C0042164
C0740278,Pelvic peritoneal adhesions,CC BY-NC-SA 4.0,UMLS via SIDER 4.1,http://identifiers.org/umls/C0740278
C0042143,Uterine rupture,CC BY-NC-SA 4.0,UMLS via SIDER 4.1,http://identifiers.org/umls/C0042143
C0018991,Hemiplegia,CC BY-NC-SA 4.0,UMLS via SIDER 4.1,http://identifiers.org/umls/C0018991
C0024031,Low back pain,CC BY-NC-SA 4.0,UMLS via SIDER 4.1,http://identifiers.org/umls/C0024031
C0039621,Tetany,CC BY-NC-SA 4.0,UMLS via SIDER 4.1,http://identifiers.org/umls/C0039621
C2609183,Abnormal withdrawal bleeding,CC BY-NC-SA 4.0,UMLS via SIDER 4.1,http://identifiers.org/umls/C2609183
C0233485,Apprehension,CC BY-NC-SA 4.0,UMLS via SIDER 4.1,http://identifiers.org/umls/C0233485
C0271355,VIth nerve paralysis,CC BY-NC-SA 4.0,UMLS via SIDER 4.1,http://identifiers.org/umls/C0271355
C1306889,Peripheral arterial occlusive disease,CC BY-NC-SA 4.0,UMLS via SIDER 4.1,http://identifiers.org/umls/C1306889
C0262431,Spinal compression fracture,CC BY-NC-SA 4.0,UMLS via SIDER 4.1,http://identifiers.org/umls/C0262431
C0155001,Subjective visual disturbances,CC BY-NC-SA 4.0,UMLS via SIDER 4.1,http://identifiers.org/umls/C0155001
C3665900,Intraspinal bleeding,CC BY-NC-SA 4.0,UMLS via SIDER 4.1,http://identifiers.org/umls/C3665900
C0340726,Embolism venous,CC BY-NC-SA 4.0,UMLS via SIDER 4.1,http://identifiers.org/umls/C0340726
C0039503,Tendonitis,CC BY-NC-SA 4.0,UMLS via SIDER 4.1,http://identifiers.org/umls/C0039503
C0852977,Epilepsy aggravated,CC BY-NC-SA 4.0,UMLS via SIDER 4.1,http://identifiers.org/umls/C0852977
C1527249,Colorectal cancer,CC BY-NC-SA 4.0,UMLS via SIDER 4.1,http://identifiers.org/umls/C1527249
C0027697,Nephritis,CC BY-NC-SA 4.0,UMLS via SIDER 4.1,http://identifiers.org/umls/C0027697
C1142492,Postinfarction angina,CC BY-NC-SA 4.0,UMLS via SIDER 4.1,http://identifiers.org/umls/C1142492
C0857144,Metastatic pain,CC BY-NC-SA 4.0,UMLS via SIDER 4.1,http://identifiers.org/umls/C0857144
C0232826,Antidiuresis,CC BY-NC-SA 4.0,UMLS via SIDER 4.1,http://identifiers.org/umls/C0232826
C0029445,Osteonecrosis,CC BY-NC-SA 4.0,UMLS via SIDER 4.1,http://identifiers.org/umls/C0029445
C1535879,Vessel puncture site bruise,CC BY-NC-SA 4.0,UMLS via SIDER 4.1,http://identifiers.org/umls/C1535879
C0428977,Bradycardia,CC BY-NC-SA 4.0,UMLS via SIDER 4.1,http://identifiers.org/umls/C0428977
C0014431,Enzyme induction,CC BY-NC-SA 4.0,UMLS via SIDER 4.1,http://identifiers.org/umls/C0014431
C0152009,WBC abnormal NOS,CC BY-NC-SA 4.0,UMLS via SIDER 4.1,http://identifiers.org/umls/C0152009
C0032343,Poisoning,CC BY-NC-SA 4.0,UMLS via SIDER 4.1,http://identifiers.org/umls/C0032343
C0022951,Lactose intolerance,CC BY-NC-SA 4.0,UMLS via SIDER 4.1,http://identifiers.org/umls/C0022951
C0349702,Corneal scar,CC BY-NC-SA 4.0,UMLS via SIDER 4.1,http://identifiers.org/umls/C0349702
C0152447,Urethral discharge,CC BY-NC-SA 4.0,UMLS via SIDER 4.1,http://identifiers.org/umls/C0152447
C0151785,Mucous membrane disorder,CC BY-NC-SA 4.0,UMLS via SIDER 4.1,http://identifiers.org/umls/C0151785
C0030567,Parkinson's disease,CC BY-NC-SA 4.0,UMLS via SIDER 4.1,http://identifiers.org/umls/C0030567
C0020458,Hyperhidrosis,CC BY-NC-SA 4.0,UMLS via SIDER 4.1,http://identifiers.org/umls/C0020458
C0549478,Device expulsion,CC BY-NC-SA 4.0,UMLS via SIDER 4.1,http://identifiers.org/umls/C0549478
C0474444,Corneal stromal edema,CC BY-NC-SA 4.0,UMLS via SIDER 4.1,http://identifiers.org/umls/C0474444
C0276141,Bronchitis viral,CC BY-NC-SA 4.0,UMLS via SIDER 4.1,http://identifiers.org/umls/C0276141
C0857035,Acute anaphylaxis,CC BY-NC-SA 4.0,UMLS via SIDER 4.1,http://identifiers.org/umls/C0857035
C0232267,Pericardial rub,CC BY-NC-SA 4.0,UMLS via SIDER 4.1,http://identifiers.org/umls/C0232267
C0013240,Alveolar osteitis,CC BY-NC-SA 4.0,UMLS via SIDER 4.1,http://identifiers.org/umls/C0013240
C1696946,Polyomavirus-associated nephropathy,CC BY-NC-SA 4.0,UMLS via SIDER 4.1,http://identifiers.org/umls/C1696946
C0151602,Swelling face,CC BY-NC-SA 4.0,UMLS via SIDER 4.1,http://identifiers.org/umls/C0151602
C0750272,Unilateral vision loss,CC BY-NC-SA 4.0,UMLS via SIDER 4.1,http://identifiers.org/umls/C0750272
C0018813,Myocardial rupture,CC BY-NC-SA 4.0,UMLS via SIDER 4.1,http://identifiers.org/umls/C0018813
C0520933,Spermatogenesis abnormal,CC BY-NC-SA 4.0,UMLS via SIDER 4.1,http://identifiers.org/umls/C0520933
C0025290,Meningitis aseptic,CC BY-NC-SA 4.0,UMLS via SIDER 4.1,http://identifiers.org/umls/C0025290
C3160754,Atypical femur fracture,CC BY-NC-SA 4.0,UMLS via SIDER 4.1,http://identifiers.org/umls/C3160754
C0268733,Acute nephritis,CC BY-NC-SA 4.0,UMLS via SIDER 4.1,http://identifiers.org/umls/C0268733
C0021776,Intermittent explosive disorder,CC BY-NC-SA 4.0,UMLS via SIDER 4.1,http://identifiers.org/umls/C0021776
C0262578,Night cramps,CC BY-NC-SA 4.0,UMLS via SIDER 4.1,http://identifiers.org/umls/C0262578
C0019187,Hepatitis alcoholic,CC BY-NC-SA 4.0,UMLS via SIDER 4.1,http://identifiers.org/umls/C0019187
C0040137,Thyroid nodule,CC BY-NC-SA 4.0,UMLS via SIDER 4.1,http://identifiers.org/umls/C0040137
C0948815,Catheter site erythema,CC BY-NC-SA 4.0,UMLS via SIDER 4.1,http://identifiers.org/umls/C0948815
C0162848,Eruption lichenoid,CC BY-NC-SA 4.0,UMLS via SIDER 4.1,http://identifiers.org/umls/C0162848
C0022890,Labyrinthine disorder,CC BY-NC-SA 4.0,UMLS via SIDER 4.1,http://identifiers.org/umls/C0022890
C0438235,Liver function test normal,CC BY-NC-SA 4.0,UMLS via SIDER 4.1,http://identifiers.org/umls/C0438235
C0042961,Volvulus,CC BY-NC-SA 4.0,UMLS via SIDER 4.1,http://identifiers.org/umls/C0042961
C0919568,Impatience,CC BY-NC-SA 4.0,UMLS via SIDER 4.1,http://identifiers.org/umls/C0919568
C0542247,Tremulousness,CC BY-NC-SA 4.0,UMLS via SIDER 4.1,http://identifiers.org/umls/C0542247
C0020498,Senile ankylosing vertebral hyperostosis,CC BY-NC-SA 4.0,UMLS via SIDER 4.1,http://identifiers.org/umls/C0020498
C0021122,Impulse-control disorder,CC BY-NC-SA 4.0,UMLS via SIDER 4.1,http://identifiers.org/umls/C0021122
C0234975,Convulsions aggravated,CC BY-NC-SA 4.0,UMLS via SIDER 4.1,http://identifiers.org/umls/C0234975
C0877440,Erythema periorbital,CC BY-NC-SA 4.0,UMLS via SIDER 4.1,http://identifiers.org/umls/C0877440
C0022821,Kyphosis,CC BY-NC-SA 4.0,UMLS via SIDER 4.1,http://identifiers.org/umls/C0022821
C0043037,Common wart,CC BY-NC-SA 4.0,UMLS via SIDER 4.1,http://identifiers.org/umls/C0043037
C0497217,Other disorders of eye,CC BY-NC-SA 4.0,UMLS via SIDER 4.1,http://identifiers.org/umls/C0497217
C0017658,Glomerulonephritis,CC BY-NC-SA 4.0,UMLS via SIDER 4.1,http://identifiers.org/umls/C0017658
C0152227,Lacrimation increased,CC BY-NC-SA 4.0,UMLS via SIDER 4.1,http://identifiers.org/umls/C0152227
C0151814,Coronary artery occlusion,CC BY-NC-SA 4.0,UMLS via SIDER 4.1,http://identifiers.org/umls/C0151814
C0238198,Gastrointestinal stromal tumour,CC BY-NC-SA 4.0,UMLS via SIDER 4.1,http://identifiers.org/umls/C0238198
C0553980,Endocardial fibrosis,CC BY-NC-SA 4.0,UMLS via SIDER 4.1,http://identifiers.org/umls/C0553980
C0017638,Glioma,CC BY-NC-SA 4.0,UMLS via SIDER 4.1,http://identifiers.org/umls/C0017638
C0027721,Lipoid nephrosis,CC BY-NC-SA 4.0,UMLS via SIDER 4.1,http://identifiers.org/umls/C0027721
C1167745,Extremity necrosis,CC BY-NC-SA 4.0,UMLS via SIDER 4.1,http://identifiers.org/umls/C1167745
C0853893,Device interaction,CC BY-NC-SA 4.0,UMLS via SIDER 4.1,http://identifiers.org/umls/C0853893
C0741921,Cardiac enzymes increased,CC BY-NC-SA 4.0,UMLS via SIDER 4.1,http://identifiers.org/umls/C0741921
C0302858,Protein-losing gastroenteropathy,CC BY-NC-SA 4.0,UMLS via SIDER 4.1,http://identifiers.org/umls/C0302858
C0521172,Eschar,CC BY-NC-SA 4.0,UMLS via SIDER 4.1,http://identifiers.org/umls/C0521172
C1142166,Brugada syndrome,CC BY-NC-SA 4.0,UMLS via SIDER 4.1,http://identifiers.org/umls/C1142166
C0521305,Assisted fertilisation,CC BY-NC-SA 4.0,UMLS via SIDER 4.1,http://identifiers.org/umls/C0521305
C0025162,Megacolon toxic,CC BY-NC-SA 4.0,UMLS via SIDER 4.1,http://identifiers.org/umls/C0025162
C1112677,Protein allergy,CC BY-NC-SA 4.0,UMLS via SIDER 4.1,http://identifiers.org/umls/C1112677
C0006111,Brain disorder NOS,CC BY-NC-SA 4.0,UMLS via SIDER 4.1,http://identifiers.org/umls/C0006111
C0686377,Metastases to central nervous system,CC BY-NC-SA 4.0,UMLS via SIDER 4.1,http://identifiers.org/umls/C0686377
C1167868,Perinephric collection,CC BY-NC-SA 4.0,UMLS via SIDER 4.1,http://identifiers.org/umls/C1167868
C0235162,Difficulty sleeping,CC BY-NC-SA 4.0,UMLS via SIDER 4.1,http://identifiers.org/umls/C0235162
C0008325,Cholecystitis,CC BY-NC-SA 4.0,UMLS via SIDER 4.1,http://identifiers.org/umls/C0008325
C0262627,Seroma,CC BY-NC-SA 4.0,UMLS via SIDER 4.1,http://identifiers.org/umls/C0262627
C0004095,Asthenopia,CC BY-NC-SA 4.0,UMLS via SIDER 4.1,http://identifiers.org/umls/C0004095
C0235492,Raynaud-like disorder,CC BY-NC-SA 4.0,UMLS via SIDER 4.1,http://identifiers.org/umls/C0235492
C0340279,Ventricular hypertrophy,CC BY-NC-SA 4.0,UMLS via SIDER 4.1,http://identifiers.org/umls/C0340279
C0017566,Gingival hyperplasia,CC BY-NC-SA 4.0,UMLS via SIDER 4.1,http://identifiers.org/umls/C0017566
C0040264,Tinnitus,CC BY-NC-SA 4.0,UMLS via SIDER 4.1,http://identifiers.org/umls/C0040264
C0035317,Retinal haemorrhage,CC BY-NC-SA 4.0,UMLS via SIDER 4.1,http://identifiers.org/umls/C0035317
C0266648,Blighted ovum,CC BY-NC-SA 4.0,UMLS via SIDER 4.1,http://identifiers.org/umls/C0266648
C0278016,Faeces hard,CC BY-NC-SA 4.0,UMLS via SIDER 4.1,http://identifiers.org/umls/C0278016
C0033687,Proteinuria,CC BY-NC-SA 4.0,UMLS via SIDER 4.1,http://identifiers.org/umls/C0033687
C0019557,Hip fracture,CC BY-NC-SA 4.0,UMLS via SIDER 4.1,http://identifiers.org/umls/C0019557
C0085639,Fall,CC BY-NC-SA 4.0,UMLS via SIDER 4.1,http://identifiers.org/umls/C0085639
C0149958,Complex partial seizures,CC BY-NC-SA 4.0,UMLS via SIDER 4.1,http://identifiers.org/umls/C0149958
C0345996,Milia,CC BY-NC-SA 4.0,UMLS via SIDER 4.1,http://identifiers.org/umls/C0345996
C0271468,Eustachian tube disorder,CC BY-NC-SA 4.0,UMLS via SIDER 4.1,http://identifiers.org/umls/C0271468
C0031039,Pericardial effusion,CC BY-NC-SA 4.0,UMLS via SIDER 4.1,http://identifiers.org/umls/C0031039
C0018081,Gonorrhoea,CC BY-NC-SA 4.0,UMLS via SIDER 4.1,http://identifiers.org/umls/C0018081
C0853020,Blood oestrogen increased,CC BY-NC-SA 4.0,UMLS via SIDER 4.1,http://identifiers.org/umls/C0853020
C0948369,Myocardial reinfarction,CC BY-NC-SA 4.0,UMLS via SIDER 4.1,http://identifiers.org/umls/C0948369
C0271738,Secondary adrenocortical insufficiency,CC BY-NC-SA 4.0,UMLS via SIDER 4.1,http://identifiers.org/umls/C0271738
C3495801,Granulomatosis with polyangiitis,CC BY-NC-SA 4.0,UMLS via SIDER 4.1,http://identifiers.org/umls/C3495801
C0274435,Transfusion reaction,CC BY-NC-SA 4.0,UMLS via SIDER 4.1,http://identifiers.org/umls/C0274435
C0853336,Corneal infiltrates,CC BY-NC-SA 4.0,UMLS via SIDER 4.1,http://identifiers.org/umls/C0853336
C0242785,Drug - food interaction,CC BY-NC-SA 4.0,UMLS via SIDER 4.1,http://identifiers.org/umls/C0242785
C0263634,Excessive granulation tissue,CC BY-NC-SA 4.0,UMLS via SIDER 4.1,http://identifiers.org/umls/C0263634
C0151464,Injection site abscess,CC BY-NC-SA 4.0,UMLS via SIDER 4.1,http://identifiers.org/umls/C0151464
C0406458,Diffuse alopecia,CC BY-NC-SA 4.0,UMLS via SIDER 4.1,http://identifiers.org/umls/C0406458
C0859371,Lip burning sensation of,CC BY-NC-SA 4.0,UMLS via SIDER 4.1,http://identifiers.org/umls/C0859371
C0030922,Peptic ulcer haemorrhage,CC BY-NC-SA 4.0,UMLS via SIDER 4.1,http://identifiers.org/umls/C0030922
C0024103,Breast mass,CC BY-NC-SA 4.0,UMLS via SIDER 4.1,http://identifiers.org/umls/C0024103
C0393593,Dystonia,CC BY-NC-SA 4.0,UMLS via SIDER 4.1,http://identifiers.org/umls/C0393593
C0863100,Tightness in jaw,CC BY-NC-SA 4.0,UMLS via SIDER 4.1,http://identifiers.org/umls/C0863100
C1457883,Aggressive reaction,CC BY-NC-SA 4.0,UMLS via SIDER 4.1,http://identifiers.org/umls/C1457883
C3203356,Hypoprothrombinaemia,CC BY-NC-SA 4.0,UMLS via SIDER 4.1,http://identifiers.org/umls/C3203356
C0232693,Borborygmi,CC BY-NC-SA 4.0,UMLS via SIDER 4.1,http://identifiers.org/umls/C0232693
C0856105,Hepatitis aggravated,CC BY-NC-SA 4.0,UMLS via SIDER 4.1,http://identifiers.org/umls/C0856105
C0854121,Gastrointestinal motility disorder,CC BY-NC-SA 4.0,UMLS via SIDER 4.1,http://identifiers.org/umls/C0854121
C0221021,Microangiopathic haemolytic anaemia,CC BY-NC-SA 4.0,UMLS via SIDER 4.1,http://identifiers.org/umls/C0221021
C0400930,Chronic hepatic failure,CC BY-NC-SA 4.0,UMLS via SIDER 4.1,http://identifiers.org/umls/C0400930
C0015944,Premature rupture of membranes,CC BY-NC-SA 4.0,UMLS via SIDER 4.1,http://identifiers.org/umls/C0015944
C0235119,Hunger abnormal,CC BY-NC-SA 4.0,UMLS via SIDER 4.1,http://identifiers.org/umls/C0235119
C0023222,Leg pain,CC BY-NC-SA 4.0,UMLS via SIDER 4.1,http://identifiers.org/umls/C0023222
C1262010,Post lumbar puncture syndrome,CC BY-NC-SA 4.0,UMLS via SIDER 4.1,http://identifiers.org/umls/C1262010
C0919882,Incision site haemorrhage,CC BY-NC-SA 4.0,UMLS via SIDER 4.1,http://identifiers.org/umls/C0919882
C1096448,Bronchopneumopathy,CC BY-NC-SA 4.0,UMLS via SIDER 4.1,http://identifiers.org/umls/C1096448
C0405580,Adrenal cortical hypofunction,CC BY-NC-SA 4.0,UMLS via SIDER 4.1,http://identifiers.org/umls/C0405580
C0339916,Viral upper respiratory tract infection,CC BY-NC-SA 4.0,UMLS via SIDER 4.1,http://identifiers.org/umls/C0339916
C0876994,Cardiotoxicity,CC BY-NC-SA 4.0,UMLS via SIDER 4.1,http://identifiers.org/umls/C0876994
C0427144,Toe walking,CC BY-NC-SA 4.0,UMLS via SIDER 4.1,http://identifiers.org/umls/C0427144
C0521591,Paraesthesia oral,CC BY-NC-SA 4.0,UMLS via SIDER 4.1,http://identifiers.org/umls/C0521591
C0022735,Klinefelter's syndrome,CC BY-NC-SA 4.0,UMLS via SIDER 4.1,http://identifiers.org/umls/C0022735
C0233494,Tension,CC BY-NC-SA 4.0,UMLS via SIDER 4.1,http://identifiers.org/umls/C0233494
C0855329,Electrocardiogram change,CC BY-NC-SA 4.0,UMLS via SIDER 4.1,http://identifiers.org/umls/C0855329
C0085762,Alcohol abuse,CC BY-NC-SA 4.0,UMLS via SIDER 4.1,http://identifiers.org/umls/C0085762
C0272774,Foot fracture,CC BY-NC-SA 4.0,UMLS via SIDER 4.1,http://identifiers.org/umls/C0272774
C0005967,Bone neoplasm,CC BY-NC-SA 4.0,UMLS via SIDER 4.1,http://identifiers.org/umls/C0005967
C0549567,Pigmentation disorder,CC BY-NC-SA 4.0,UMLS via SIDER 4.1,http://identifiers.org/umls/C0549567
C0858708,Itch burning,CC BY-NC-SA 4.0,UMLS via SIDER 4.1,http://identifiers.org/umls/C0858708
C0006705,Calcium metabolism disorder,CC BY-NC-SA 4.0,UMLS via SIDER 4.1,http://identifiers.org/umls/C0006705
C1527358,Phototoxicity,CC BY-NC-SA 4.0,UMLS via SIDER 4.1,http://identifiers.org/umls/C1527358
C0235857,Lacrimation decreased,CC BY-NC-SA 4.0,UMLS via SIDER 4.1,http://identifiers.org/umls/C0235857
C0242151,Violent,CC BY-NC-SA 4.0,UMLS via SIDER 4.1,http://identifiers.org/umls/C0242151
C0521510,Implant site reaction,CC BY-NC-SA 4.0,UMLS via SIDER 4.1,http://identifiers.org/umls/C0521510
C0460048,Large intestinal obstruction,CC BY-NC-SA 4.0,UMLS via SIDER 4.1,http://identifiers.org/umls/C0460048
C0524702,Pulmonary thromboembolism,CC BY-NC-SA 4.0,UMLS via SIDER 4.1,http://identifiers.org/umls/C0524702
C0019163,Hepatitis B,CC BY-NC-SA 4.0,UMLS via SIDER 4.1,http://identifiers.org/umls/C0019163
C0577730,Family stress,CC BY-NC-SA 4.0,UMLS via SIDER 4.1,http://identifiers.org/umls/C0577730
C0852909,Blood bicarbonate decreased,CC BY-NC-SA 4.0,UMLS via SIDER 4.1,http://identifiers.org/umls/C0852909
C0032739,Tuberculin test positive,CC BY-NC-SA 4.0,UMLS via SIDER 4.1,http://identifiers.org/umls/C0032739
C0031157,Peritonsillar abscess,CC BY-NC-SA 4.0,UMLS via SIDER 4.1,http://identifiers.org/umls/C0031157
C0020517,Hypersensitivity,CC BY-NC-SA 4.0,UMLS via SIDER 4.1,http://identifiers.org/umls/C0020517
C0852990,Blood thromboplastin decreased,CC BY-NC-SA 4.0,UMLS via SIDER 4.1,http://identifiers.org/umls/C0852990
C0033999,Pterygium,CC BY-NC-SA 4.0,UMLS via SIDER 4.1,http://identifiers.org/umls/C0033999
C1697747,Laryngeal haemorrhage,CC BY-NC-SA 4.0,UMLS via SIDER 4.1,http://identifiers.org/umls/C1697747
C0236065,Oedema mouth,CC BY-NC-SA 4.0,UMLS via SIDER 4.1,http://identifiers.org/umls/C0236065
C0034011,Puberty,CC BY-NC-SA 4.0,UMLS via SIDER 4.1,http://identifiers.org/umls/C0034011
C0281982,Skin swelling,CC BY-NC-SA 4.0,UMLS via SIDER 4.1,http://identifiers.org/umls/C0281982
C0553548,Angiitis necrotising,CC BY-NC-SA 4.0,UMLS via SIDER 4.1,http://identifiers.org/umls/C0553548
C0521987,Pre-existing disease,CC BY-NC-SA 4.0,UMLS via SIDER 4.1,http://identifiers.org/umls/C0521987
C1608410,Head titubation,CC BY-NC-SA 4.0,UMLS via SIDER 4.1,http://identifiers.org/umls/C1608410
C0020672,Body temperature decreased,CC BY-NC-SA 4.0,UMLS via SIDER 4.1,http://identifiers.org/umls/C0020672
C0235295,Abdominal distress,CC BY-NC-SA 4.0,UMLS via SIDER 4.1,http://identifiers.org/umls/C0235295
C1868693,Localised intraabdominal fluid collection,CC BY-NC-SA 4.0,UMLS via SIDER 4.1,http://identifiers.org/umls/C1868693
C0020635,Hypopituitarism,CC BY-NC-SA 4.0,UMLS via SIDER 4.1,http://identifiers.org/umls/C0020635
C0240204,Paresthesia lips,CC BY-NC-SA 4.0,UMLS via SIDER 4.1,http://identifiers.org/umls/C0240204
C0549634,Lipids abnormal,CC BY-NC-SA 4.0,UMLS via SIDER 4.1,http://identifiers.org/umls/C0549634
C1112709,Unspecified non-gonococcal urethritis (NGU),CC BY-NC-SA 4.0,UMLS via SIDER 4.1,http://identifiers.org/umls/C1112709
C0009952,Febrile convulsion,CC BY-NC-SA 4.0,UMLS via SIDER 4.1,http://identifiers.org/umls/C0009952
C0021308,Infarction,CC BY-NC-SA 4.0,UMLS via SIDER 4.1,http://identifiers.org/umls/C0021308
C0021564,Insect bite NOS,CC BY-NC-SA 4.0,UMLS via SIDER 4.1,http://identifiers.org/umls/C0021564
C0004623,Bacterial infection,CC BY-NC-SA 4.0,UMLS via SIDER 4.1,http://identifiers.org/umls/C0004623
C0542127,Oversedation,CC BY-NC-SA 4.0,UMLS via SIDER 4.1,http://identifiers.org/umls/C0542127
C0241164,Skin tenderness,CC BY-NC-SA 4.0,UMLS via SIDER 4.1,http://identifiers.org/umls/C0241164
C1096444,Altered visual depth perception,CC BY-NC-SA 4.0,UMLS via SIDER 4.1,http://identifiers.org/umls/C1096444
C0236171,Infection susceptibility increased,CC BY-NC-SA 4.0,UMLS via SIDER 4.1,http://identifiers.org/umls/C0236171
C0435632,Hand fracture,CC BY-NC-SA 4.0,UMLS via SIDER 4.1,http://identifiers.org/umls/C0435632
C0007933,Chalazion,CC BY-NC-SA 4.0,UMLS via SIDER 4.1,http://identifiers.org/umls/C0007933
C0151699,Haemorrhage intracranial,CC BY-NC-SA 4.0,UMLS via SIDER 4.1,http://identifiers.org/umls/C0151699
C0233844,Clumsiness,CC BY-NC-SA 4.0,UMLS via SIDER 4.1,http://identifiers.org/umls/C0233844
C2363829,Semen analysis abnormal,CC BY-NC-SA 4.0,UMLS via SIDER 4.1,http://identifiers.org/umls/C2363829
C0043352,Dry mouth,CC BY-NC-SA 4.0,UMLS via SIDER 4.1,http://identifiers.org/umls/C0043352
C0948693,Post procedural discharge,CC BY-NC-SA 4.0,UMLS via SIDER 4.1,http://identifiers.org/umls/C0948693
C3160766,Supine hypotension,CC BY-NC-SA 4.0,UMLS via SIDER 4.1,http://identifiers.org/umls/C3160766
C0221733,Paradoxical pressor response,CC BY-NC-SA 4.0,UMLS via SIDER 4.1,http://identifiers.org/umls/C0221733
C0013985,Emotional disturbance NOS,CC BY-NC-SA 4.0,UMLS via SIDER 4.1,http://identifiers.org/umls/C0013985
C0273482,Nerve compression,CC BY-NC-SA 4.0,UMLS via SIDER 4.1,http://identifiers.org/umls/C0273482
C0151885,Reaction aggravation,CC BY-NC-SA 4.0,UMLS via SIDER 4.1,http://identifiers.org/umls/C0151885
C0038987,Sweat gland tumour,CC BY-NC-SA 4.0,UMLS via SIDER 4.1,http://identifiers.org/umls/C0038987
C0853246,Eczema exacerbated,CC BY-NC-SA 4.0,UMLS via SIDER 4.1,http://identifiers.org/umls/C0853246
C0280028,Refractory anemia with excess blasts in transformation,CC BY-NC-SA 4.0,UMLS via SIDER 4.1,http://identifiers.org/umls/C0280028
C0020557,Hypertriglyceridaemia,CC BY-NC-SA 4.0,UMLS via SIDER 4.1,http://identifiers.org/umls/C0020557
C0007787,Transient ischaemic attack,CC BY-NC-SA 4.0,UMLS via SIDER 4.1,http://identifiers.org/umls/C0007787
C0231471,Posture abnormal,CC BY-NC-SA 4.0,UMLS via SIDER 4.1,http://identifiers.org/umls/C0231471
C0521626,Bladder fibrosis,CC BY-NC-SA 4.0,UMLS via SIDER 4.1,http://identifiers.org/umls/C0521626
C0039128,Syphilis,CC BY-NC-SA 4.0,UMLS via SIDER 4.1,http://identifiers.org/umls/C0039128
C0860155,Non-Q wave MI,CC BY-NC-SA 4.0,UMLS via SIDER 4.1,http://identifiers.org/umls/C0860155
C0018808,Cardiac murmur,CC BY-NC-SA 4.0,UMLS via SIDER 4.1,http://identifiers.org/umls/C0018808
C0575081,Gait disturbance,CC BY-NC-SA 4.0,UMLS via SIDER 4.1,http://identifiers.org/umls/C0575081
C0004114,Astrocytoma,CC BY-NC-SA 4.0,UMLS via SIDER 4.1,http://identifiers.org/umls/C0004114
C0031345,Pharyngeal disorder,CC BY-NC-SA 4.0,UMLS via SIDER 4.1,http://identifiers.org/umls/C0031345
C2720436,Pleural fibrosis,CC BY-NC-SA 4.0,UMLS via SIDER 4.1,http://identifiers.org/umls/C2720436
C0014553,Petit mal epilepsy,CC BY-NC-SA 4.0,UMLS via SIDER 4.1,http://identifiers.org/umls/C0014553
C0877639,Gingival blister,CC BY-NC-SA 4.0,UMLS via SIDER 4.1,http://identifiers.org/umls/C0877639
C0542346,Pimples,CC BY-NC-SA 4.0,UMLS via SIDER 4.1,http://identifiers.org/umls/C0542346
C0349790,Exacerbation of asthma,CC BY-NC-SA 4.0,UMLS via SIDER 4.1,http://identifiers.org/umls/C0349790
C2955673,Urate nephropathy,CC BY-NC-SA 4.0,UMLS via SIDER 4.1,http://identifiers.org/umls/C2955673
C0853908,Oropharyngeal swelling,CC BY-NC-SA 4.0,UMLS via SIDER 4.1,http://identifiers.org/umls/C0853908
C1112261,Gaze palsy,CC BY-NC-SA 4.0,UMLS via SIDER 4.1,http://identifiers.org/umls/C1112261
C0206171,Community acquired infection,CC BY-NC-SA 4.0,UMLS via SIDER 4.1,http://identifiers.org/umls/C0206171
C0553698,Monocyte count increased,CC BY-NC-SA 4.0,UMLS via SIDER 4.1,http://identifiers.org/umls/C0553698
C0567085,Uterine pain,CC BY-NC-SA 4.0,UMLS via SIDER 4.1,http://identifiers.org/umls/C0567085
C0151772,Manic psychosis,CC BY-NC-SA 4.0,UMLS via SIDER 4.1,http://identifiers.org/umls/C0151772
C0344315,Depressed mood,CC BY-NC-SA 4.0,UMLS via SIDER 4.1,http://identifiers.org/umls/C0344315
C1522058,Coagulation necrosis,CC BY-NC-SA 4.0,UMLS via SIDER 4.1,http://identifiers.org/umls/C1522058
C0428908,Sinoatrial node dysfunction,CC BY-NC-SA 4.0,UMLS via SIDER 4.1,http://identifiers.org/umls/C0428908
C0030318,Panic reaction,CC BY-NC-SA 4.0,UMLS via SIDER 4.1,http://identifiers.org/umls/C0030318
C1142277,Brown urine,CC BY-NC-SA 4.0,UMLS via SIDER 4.1,http://identifiers.org/umls/C1142277
C0009319,Colitis,CC BY-NC-SA 4.0,UMLS via SIDER 4.1,http://identifiers.org/umls/C0009319
C0234146,Areflexia,CC BY-NC-SA 4.0,UMLS via SIDER 4.1,http://identifiers.org/umls/C0234146
C0042139,Uterine perforation,CC BY-NC-SA 4.0,UMLS via SIDER 4.1,http://identifiers.org/umls/C0042139
C0795690,Omphalocele,CC BY-NC-SA 4.0,UMLS via SIDER 4.1,http://identifiers.org/umls/C0795690
C0151994,Uterine enlargement,CC BY-NC-SA 4.0,UMLS via SIDER 4.1,http://identifiers.org/umls/C0151994
C0007286,Carpal tunnel syndrome,CC BY-NC-SA 4.0,UMLS via SIDER 4.1,http://identifiers.org/umls/C0007286
C0033797,Pseudodementia,CC BY-NC-SA 4.0,UMLS via SIDER 4.1,http://identifiers.org/umls/C0033797
C0011630,Fungal skin infection,CC BY-NC-SA 4.0,UMLS via SIDER 4.1,http://identifiers.org/umls/C0011630
C1868809,Catheter thrombosis,CC BY-NC-SA 4.0,UMLS via SIDER 4.1,http://identifiers.org/umls/C1868809
C0270697,Lumbar puncture headache,CC BY-NC-SA 4.0,UMLS via SIDER 4.1,http://identifiers.org/umls/C0270697
C1527411,Retinal vein thrombosis,CC BY-NC-SA 4.0,UMLS via SIDER 4.1,http://identifiers.org/umls/C1527411
C0024141,Systemic lupus erythematosus,CC BY-NC-SA 4.0,UMLS via SIDER 4.1,http://identifiers.org/umls/C0024141
C0151511,Breast atrophy,CC BY-NC-SA 4.0,UMLS via SIDER 4.1,http://identifiers.org/umls/C0151511
C0857027,Feeling sick,CC BY-NC-SA 4.0,UMLS via SIDER 4.1,http://identifiers.org/umls/C0857027
C0917805,Transient cerebral ischemia,CC BY-NC-SA 4.0,UMLS via SIDER 4.1,http://identifiers.org/umls/C0917805
C0034050,Alveolar proteinosis,CC BY-NC-SA 4.0,UMLS via SIDER 4.1,http://identifiers.org/umls/C0034050
C0235048,Smarting,CC BY-NC-SA 4.0,UMLS via SIDER 4.1,http://identifiers.org/umls/C0235048
C0242301,Furuncle,CC BY-NC-SA 4.0,UMLS via SIDER 4.1,http://identifiers.org/umls/C0242301
C0005683,Calculus bladder,CC BY-NC-SA 4.0,UMLS via SIDER 4.1,http://identifiers.org/umls/C0005683
C0543467,Surgery,CC BY-NC-SA 4.0,UMLS via SIDER 4.1,http://identifiers.org/umls/C0543467
C0023055,Laryngeal neoplasm,CC BY-NC-SA 4.0,UMLS via SIDER 4.1,http://identifiers.org/umls/C0023055
C1142358,Lactic acidosis syndrome,CC BY-NC-SA 4.0,UMLS via SIDER 4.1,http://identifiers.org/umls/C1142358
C0276226,Herpes simplex encephalitis,CC BY-NC-SA 4.0,UMLS via SIDER 4.1,http://identifiers.org/umls/C0276226
C0241237,Dysstasia,CC BY-NC-SA 4.0,UMLS via SIDER 4.1,http://identifiers.org/umls/C0241237
C0151836,Paranoid reaction,CC BY-NC-SA 4.0,UMLS via SIDER 4.1,http://identifiers.org/umls/C0151836
C0151601,Conjunctival oedema,CC BY-NC-SA 4.0,UMLS via SIDER 4.1,http://identifiers.org/umls/C0151601
C0162316,Iron deficiency anaemia,CC BY-NC-SA 4.0,UMLS via SIDER 4.1,http://identifiers.org/umls/C0162316
C3544094,Arterial thromboembolism,CC BY-NC-SA 4.0,UMLS via SIDER 4.1,http://identifiers.org/umls/C3544094
C0008909,Claustrophobia,CC BY-NC-SA 4.0,UMLS via SIDER 4.1,http://identifiers.org/umls/C0008909
C0546956,Onychoclasis,CC BY-NC-SA 4.0,UMLS via SIDER 4.1,http://identifiers.org/umls/C0546956
C0595902,Blood chloride decreased,CC BY-NC-SA 4.0,UMLS via SIDER 4.1,http://identifiers.org/umls/C0595902
C0232695,Bowel sounds decreased,CC BY-NC-SA 4.0,UMLS via SIDER 4.1,http://identifiers.org/umls/C0232695
C0860603,Anxiety symptoms NOS,CC BY-NC-SA 4.0,UMLS via SIDER 4.1,http://identifiers.org/umls/C0860603
C0576995,Pharyngeal haemorrhage,CC BY-NC-SA 4.0,UMLS via SIDER 4.1,http://identifiers.org/umls/C0576995
C0151825,Bone pain,CC BY-NC-SA 4.0,UMLS via SIDER 4.1,http://identifiers.org/umls/C0151825
C0599918,Nephrotoxicity,CC BY-NC-SA 4.0,UMLS via SIDER 4.1,http://identifiers.org/umls/C0599918
C1112371,Anterior chamber pigmentation,CC BY-NC-SA 4.0,UMLS via SIDER 4.1,http://identifiers.org/umls/C1112371
C0040953,Trichotillomania,CC BY-NC-SA 4.0,UMLS via SIDER 4.1,http://identifiers.org/umls/C0040953
C0035127,Repetitive strain injury,CC BY-NC-SA 4.0,UMLS via SIDER 4.1,http://identifiers.org/umls/C0035127
C0235396,Hypertonicity,CC BY-NC-SA 4.0,UMLS via SIDER 4.1,http://identifiers.org/umls/C0235396
C0151970,Oesophageal ulcer,CC BY-NC-SA 4.0,UMLS via SIDER 4.1,http://identifiers.org/umls/C0151970
C0018213,Basedow's disease,CC BY-NC-SA 4.0,UMLS via SIDER 4.1,http://identifiers.org/umls/C0018213
C0856095,Vomiting aggravated,CC BY-NC-SA 4.0,UMLS via SIDER 4.1,http://identifiers.org/umls/C0856095
C1096714,Infusion site infection,CC BY-NC-SA 4.0,UMLS via SIDER 4.1,http://identifiers.org/umls/C1096714
C0028081,Night sweats,CC BY-NC-SA 4.0,UMLS via SIDER 4.1,http://identifiers.org/umls/C0028081
C0001339,Pancreatitis acute,CC BY-NC-SA 4.0,UMLS via SIDER 4.1,http://identifiers.org/umls/C0001339
C0034544,Radiculitis,CC BY-NC-SA 4.0,UMLS via SIDER 4.1,http://identifiers.org/umls/C0034544
C0235146,Euphoric mood,CC BY-NC-SA 4.0,UMLS via SIDER 4.1,http://identifiers.org/umls/C0235146
C0442874,Neuropathy,CC BY-NC-SA 4.0,UMLS via SIDER 4.1,http://identifiers.org/umls/C0442874
C0276680,Candida albicans infection,CC BY-NC-SA 4.0,UMLS via SIDER 4.1,http://identifiers.org/umls/C0276680
C0235050,Tingling skin,CC BY-NC-SA 4.0,UMLS via SIDER 4.1,http://identifiers.org/umls/C0235050
C1167709,Epidermal necrosis,CC BY-NC-SA 4.0,UMLS via SIDER 4.1,http://identifiers.org/umls/C1167709
C0553690,Reversible ischaemic neurological deficit,CC BY-NC-SA 4.0,UMLS via SIDER 4.1,http://identifiers.org/umls/C0553690
C0023186,Learning disorder,CC BY-NC-SA 4.0,UMLS via SIDER 4.1,http://identifiers.org/umls/C0023186
C0038661,Suicide,CC BY-NC-SA 4.0,UMLS via SIDER 4.1,http://identifiers.org/umls/C0038661
C0549294,Neutropenia aggravated,CC BY-NC-SA 4.0,UMLS via SIDER 4.1,http://identifiers.org/umls/C0549294
C0232452,Cutis anserina,CC BY-NC-SA 4.0,UMLS via SIDER 4.1,http://identifiers.org/umls/C0232452
C0262593,Peripheral nerve injury,CC BY-NC-SA 4.0,UMLS via SIDER 4.1,http://identifiers.org/umls/C0262593
C0023860,Listeriosis,CC BY-NC-SA 4.0,UMLS via SIDER 4.1,http://identifiers.org/umls/C0023860
C0424024,Delusional perception,CC BY-NC-SA 4.0,UMLS via SIDER 4.1,http://identifiers.org/umls/C0424024
C0277925,Peripheral coldness,CC BY-NC-SA 4.0,UMLS via SIDER 4.1,http://identifiers.org/umls/C0277925
C0038525,Subarachnoid haemorrhage,CC BY-NC-SA 4.0,UMLS via SIDER 4.1,http://identifiers.org/umls/C0038525
C0948376,Electrocardiogram ST-T segment abnormal,CC BY-NC-SA 4.0,UMLS via SIDER 4.1,http://identifiers.org/umls/C0948376
C0028077,Night blindness,CC BY-NC-SA 4.0,UMLS via SIDER 4.1,http://identifiers.org/umls/C0028077
C1112762,Blood methaemoglobin present,CC BY-NC-SA 4.0,UMLS via SIDER 4.1,http://identifiers.org/umls/C1112762
C0558919,Stress at work,CC BY-NC-SA 4.0,UMLS via SIDER 4.1,http://identifiers.org/umls/C0558919
C0277577,Psychic disturbance,CC BY-NC-SA 4.0,UMLS via SIDER 4.1,http://identifiers.org/umls/C0277577
C1384353,Infestation,CC BY-NC-SA 4.0,UMLS via SIDER 4.1,http://identifiers.org/umls/C1384353
C0549475,Lipase increased,CC BY-NC-SA 4.0,UMLS via SIDER 4.1,http://identifiers.org/umls/C0549475
C0155789,Oesophageal varices haemorrhage,CC BY-NC-SA 4.0,UMLS via SIDER 4.1,http://identifiers.org/umls/C0155789
C0020683,Hypovolaemic shock,CC BY-NC-SA 4.0,UMLS via SIDER 4.1,http://identifiers.org/umls/C0020683
C0079102,Cerebral thrombosis,CC BY-NC-SA 4.0,UMLS via SIDER 4.1,http://identifiers.org/umls/C0079102
C0014518,Toxic epidermal necrolysis,CC BY-NC-SA 4.0,UMLS via SIDER 4.1,http://identifiers.org/umls/C0014518
C0235283,Ear buzzing,CC BY-NC-SA 4.0,UMLS via SIDER 4.1,http://identifiers.org/umls/C0235283
C0578159,Antibiotic-associated diarrhea,CC BY-NC-SA 4.0,UMLS via SIDER 4.1,http://identifiers.org/umls/C0578159
C0040147,Thyroiditis,CC BY-NC-SA 4.0,UMLS via SIDER 4.1,http://identifiers.org/umls/C0040147
C1096106,Wound complication,CC BY-NC-SA 4.0,UMLS via SIDER 4.1,http://identifiers.org/umls/C1096106
C0332691,Scald,CC BY-NC-SA 4.0,UMLS via SIDER 4.1,http://identifiers.org/umls/C0332691
C0015523,Factor XI deficiency,CC BY-NC-SA 4.0,UMLS via SIDER 4.1,http://identifiers.org/umls/C0015523
C0017662,Glomerulonephritis membranoproliferative,CC BY-NC-SA 4.0,UMLS via SIDER 4.1,http://identifiers.org/umls/C0017662
C0036835,TIBC,CC BY-NC-SA 4.0,UMLS via SIDER 4.1,http://identifiers.org/umls/C0036835
C0235030,Neurologic reaction,CC BY-NC-SA 4.0,UMLS via SIDER 4.1,http://identifiers.org/umls/C0235030
C0919666,Venipuncture site hemorrhage,CC BY-NC-SA 4.0,UMLS via SIDER 4.1,http://identifiers.org/umls/C0919666
C0239376,Pain of lower extremities,CC BY-NC-SA 4.0,UMLS via SIDER 4.1,http://identifiers.org/umls/C0239376
C0151671,Glucose tolerance decreased,CC BY-NC-SA 4.0,UMLS via SIDER 4.1,http://identifiers.org/umls/C0151671
C0240322,Menstruation delayed,CC BY-NC-SA 4.0,UMLS via SIDER 4.1,http://identifiers.org/umls/C0240322
C0265050,Vena cava thrombosis,CC BY-NC-SA 4.0,UMLS via SIDER 4.1,http://identifiers.org/umls/C0265050
C0854331,Herpes simplex dermatitis,CC BY-NC-SA 4.0,UMLS via SIDER 4.1,http://identifiers.org/umls/C0854331
C0281839,Oesophageal rupture,CC BY-NC-SA 4.0,UMLS via SIDER 4.1,http://identifiers.org/umls/C0281839
C0850149,Dry cough,CC BY-NC-SA 4.0,UMLS via SIDER 4.1,http://identifiers.org/umls/C0850149
C0854144,Septic arthritis streptobacillus,CC BY-NC-SA 4.0,UMLS via SIDER 4.1,http://identifiers.org/umls/C0854144
C0580531,White blood cell count abnormal,CC BY-NC-SA 4.0,UMLS via SIDER 4.1,http://identifiers.org/umls/C0580531
C0013781,Electric shock,CC BY-NC-SA 4.0,UMLS via SIDER 4.1,http://identifiers.org/umls/C0013781
C0042548,Plantar warts,CC BY-NC-SA 4.0,UMLS via SIDER 4.1,http://identifiers.org/umls/C0042548
C0242339,Dyslipidaemia,CC BY-NC-SA 4.0,UMLS via SIDER 4.1,http://identifiers.org/umls/C0242339
C0151692,Impaired healing,CC BY-NC-SA 4.0,UMLS via SIDER 4.1,http://identifiers.org/umls/C0151692
C0151779,Melanoma skin,CC BY-NC-SA 4.0,UMLS via SIDER 4.1,http://identifiers.org/umls/C0151779
C0333286,Splinter haemorrhages,CC BY-NC-SA 4.0,UMLS via SIDER 4.1,http://identifiers.org/umls/C0333286
C0000727,Acute abdomen,CC BY-NC-SA 4.0,UMLS via SIDER 4.1,http://identifiers.org/umls/C0000727
C0018916,Haemangioma,CC BY-NC-SA 4.0,UMLS via SIDER 4.1,http://identifiers.org/umls/C0018916
C0004604,Back pain,CC BY-NC-SA 4.0,UMLS via SIDER 4.1,http://identifiers.org/umls/C0004604
C0858814,Hepatitis symptom,CC BY-NC-SA 4.0,UMLS via SIDER 4.1,http://identifiers.org/umls/C0858814
C0151636,Ventricular extrasystoles,CC BY-NC-SA 4.0,UMLS via SIDER 4.1,http://identifiers.org/umls/C0151636
C0239343,Acral erythema,CC BY-NC-SA 4.0,UMLS via SIDER 4.1,http://identifiers.org/umls/C0239343
C1167654,Acute prerenal failure,CC BY-NC-SA 4.0,UMLS via SIDER 4.1,http://identifiers.org/umls/C1167654
C0973461,Dysphasia,CC BY-NC-SA 4.0,UMLS via SIDER 4.1,http://identifiers.org/umls/C0973461
C0153619,Ureteric cancer,CC BY-NC-SA 4.0,UMLS via SIDER 4.1,http://identifiers.org/umls/C0153619
C0221260,Nail dystrophy,CC BY-NC-SA 4.0,UMLS via SIDER 4.1,http://identifiers.org/umls/C0221260
C0003504,Aortic valve incompetence,CC BY-NC-SA 4.0,UMLS via SIDER 4.1,http://identifiers.org/umls/C0003504
C0038220,Status epilepticus,CC BY-NC-SA 4.0,UMLS via SIDER 4.1,http://identifiers.org/umls/C0038220
C0423773,Skin scaly,CC BY-NC-SA 4.0,UMLS via SIDER 4.1,http://identifiers.org/umls/C0423773
C1096243,Central line infection,CC BY-NC-SA 4.0,UMLS via SIDER 4.1,http://identifiers.org/umls/C1096243
C0155919,Acute pulmonary oedema,CC BY-NC-SA 4.0,UMLS via SIDER 4.1,http://identifiers.org/umls/C0155919
C0455204,Homicidal ideation,CC BY-NC-SA 4.0,UMLS via SIDER 4.1,http://identifiers.org/umls/C0455204
C1411873,Ovulation disorder,CC BY-NC-SA 4.0,UMLS via SIDER 4.1,http://identifiers.org/umls/C1411873
C0740380,Varicella zoster,CC BY-NC-SA 4.0,UMLS via SIDER 4.1,http://identifiers.org/umls/C0740380
C0235564,Sneezing excessive,CC BY-NC-SA 4.0,UMLS via SIDER 4.1,http://identifiers.org/umls/C0235564
C1735373,Acute uveitis,CC BY-NC-SA 4.0,UMLS via SIDER 4.1,http://identifiers.org/umls/C1735373
C0347950,Asthmatic attack,CC BY-NC-SA 4.0,UMLS via SIDER 4.1,http://identifiers.org/umls/C0347950
C0948779,Gastrointestinal hypomotility,CC BY-NC-SA 4.0,UMLS via SIDER 4.1,http://identifiers.org/umls/C0948779
C0151467,Adrenocortical insufficiency acute,CC BY-NC-SA 4.0,UMLS via SIDER 4.1,http://identifiers.org/umls/C0151467
C0085680,Hypochloraemia,CC BY-NC-SA 4.0,UMLS via SIDER 4.1,http://identifiers.org/umls/C0085680
C0028754,Obesity,CC BY-NC-SA 4.0,UMLS via SIDER 4.1,http://identifiers.org/umls/C0028754
C0004812,Basilar artery syndrome,CC BY-NC-SA 4.0,UMLS via SIDER 4.1,http://identifiers.org/umls/C0004812
C0264734,Dilatation atrial,CC BY-NC-SA 4.0,UMLS via SIDER 4.1,http://identifiers.org/umls/C0264734
C0857494,Unresponsive to stimuli,CC BY-NC-SA 4.0,UMLS via SIDER 4.1,http://identifiers.org/umls/C0857494
C0006272,Obliterative bronchiolitis,CC BY-NC-SA 4.0,UMLS via SIDER 4.1,http://identifiers.org/umls/C0006272
C0560046,Unable to walk,CC BY-NC-SA 4.0,UMLS via SIDER 4.1,http://identifiers.org/umls/C0560046
C0520571,Biliary fibrosis,CC BY-NC-SA 4.0,UMLS via SIDER 4.1,http://identifiers.org/umls/C0520571
C1504452,Implant site pain,CC BY-NC-SA 4.0,UMLS via SIDER 4.1,http://identifiers.org/umls/C1504452
C0019345,Herpes labialis,CC BY-NC-SA 4.0,UMLS via SIDER 4.1,http://identifiers.org/umls/C0019345
C1611167,Waist circumference increased,CC BY-NC-SA 4.0,UMLS via SIDER 4.1,http://identifiers.org/umls/C1611167
C0333244,Edema transient,CC BY-NC-SA 4.0,UMLS via SIDER 4.1,http://identifiers.org/umls/C0333244
C0023051,Laryngeal disorder,CC BY-NC-SA 4.0,UMLS via SIDER 4.1,http://identifiers.org/umls/C0023051
C0155540,Otorrhoea,CC BY-NC-SA 4.0,UMLS via SIDER 4.1,http://identifiers.org/umls/C0155540
C0232807,Function kidney decreased,CC BY-NC-SA 4.0,UMLS via SIDER 4.1,http://identifiers.org/umls/C0232807
C0021831,Unspecified disorder of intestine,CC BY-NC-SA 4.0,UMLS via SIDER 4.1,http://identifiers.org/umls/C0021831
C0853289,Blood bilirubin normal,CC BY-NC-SA 4.0,UMLS via SIDER 4.1,http://identifiers.org/umls/C0853289
C1112353,Medical device complication,CC BY-NC-SA 4.0,UMLS via SIDER 4.1,http://identifiers.org/umls/C1112353
C0235546,Hypopnoea,CC BY-NC-SA 4.0,UMLS via SIDER 4.1,http://identifiers.org/umls/C0235546
C0341117,Esophageal erosions,CC BY-NC-SA 4.0,UMLS via SIDER 4.1,http://identifiers.org/umls/C0341117
C0042928,Vocal cord paralysis,CC BY-NC-SA 4.0,UMLS via SIDER 4.1,http://identifiers.org/umls/C0042928
C0744369,Genital lesion,CC BY-NC-SA 4.0,UMLS via SIDER 4.1,http://identifiers.org/umls/C0744369
C0020540,Malignant hypertension,CC BY-NC-SA 4.0,UMLS via SIDER 4.1,http://identifiers.org/umls/C0020540
C0346647,Malignant neoplasm of pancreas,CC BY-NC-SA 4.0,UMLS via SIDER 4.1,http://identifiers.org/umls/C0346647
C0853847,Pathogen resistance,CC BY-NC-SA 4.0,UMLS via SIDER 4.1,http://identifiers.org/umls/C0853847
C1527383,Morphoea,CC BY-NC-SA 4.0,UMLS via SIDER 4.1,http://identifiers.org/umls/C1527383
C0010200,Cough,CC BY-NC-SA 4.0,UMLS via SIDER 4.1,http://identifiers.org/umls/C0010200
C0860745,Blood monocytes increased,CC BY-NC-SA 4.0,UMLS via SIDER 4.1,http://identifiers.org/umls/C0860745
C0475746,Light anaesthesia,CC BY-NC-SA 4.0,UMLS via SIDER 4.1,http://identifiers.org/umls/C0475746
C0483455,Prothrombin time ratio,CC BY-NC-SA 4.0,UMLS via SIDER 4.1,http://identifiers.org/umls/C0483455
C1736167,Systemic allergic reaction,CC BY-NC-SA 4.0,UMLS via SIDER 4.1,http://identifiers.org/umls/C1736167
C0948482,Analgesic effect,CC BY-NC-SA 4.0,UMLS via SIDER 4.1,http://identifiers.org/umls/C0948482
C0022568,Keratitis,CC BY-NC-SA 4.0,UMLS via SIDER 4.1,http://identifiers.org/umls/C0022568
C0019621,Langerhans' cell histiocytosis,CC BY-NC-SA 4.0,UMLS via SIDER 4.1,http://identifiers.org/umls/C0019621
C0019156,Venoocclusive liver disease,CC BY-NC-SA 4.0,UMLS via SIDER 4.1,http://identifiers.org/umls/C0019156
C0030591,Paroxysmal ventricular tachycardia,CC BY-NC-SA 4.0,UMLS via SIDER 4.1,http://identifiers.org/umls/C0030591
C0235113,Emotional poverty,CC BY-NC-SA 4.0,UMLS via SIDER 4.1,http://identifiers.org/umls/C0235113
C1959797,Allergic hepatitis,CC BY-NC-SA 4.0,UMLS via SIDER 4.1,http://identifiers.org/umls/C1959797
C0152027,Sensory disturbance,CC BY-NC-SA 4.0,UMLS via SIDER 4.1,http://identifiers.org/umls/C0152027
C1456784,Paranoia,CC BY-NC-SA 4.0,UMLS via SIDER 4.1,http://identifiers.org/umls/C1456784
C0242669,Retained placenta,CC BY-NC-SA 4.0,UMLS via SIDER 4.1,http://identifiers.org/umls/C0242669
C0685938,Gastrointestinal neoplasm malignant,CC BY-NC-SA 4.0,UMLS via SIDER 4.1,http://identifiers.org/umls/C0685938
C1263960,Diabetic coma,CC BY-NC-SA 4.0,UMLS via SIDER 4.1,http://identifiers.org/umls/C1263960
C0019340,Herpes NOS,CC BY-NC-SA 4.0,UMLS via SIDER 4.1,http://identifiers.org/umls/C0019340
C0268543,N-acetylglutamate synthase deficiency,CC BY-NC-SA 4.0,UMLS via SIDER 4.1,http://identifiers.org/umls/C0268543
C0232940,Amenorrhea secondary,CC BY-NC-SA 4.0,UMLS via SIDER 4.1,http://identifiers.org/umls/C0232940
C0022104,Irritable bowel syndrome,CC BY-NC-SA 4.0,UMLS via SIDER 4.1,http://identifiers.org/umls/C0022104
C0232498,Abdominal tenderness,CC BY-NC-SA 4.0,UMLS via SIDER 4.1,http://identifiers.org/umls/C0232498
C0339478,Arteriosclerotic retinopathy,CC BY-NC-SA 4.0,UMLS via SIDER 4.1,http://identifiers.org/umls/C0339478
C0020532,Hypersplenism,CC BY-NC-SA 4.0,UMLS via SIDER 4.1,http://identifiers.org/umls/C0020532
C0085607,Volume blood increased,CC BY-NC-SA 4.0,UMLS via SIDER 4.1,http://identifiers.org/umls/C0085607
C0027121,Myositis,CC BY-NC-SA 4.0,UMLS via SIDER 4.1,http://identifiers.org/umls/C0027121
C0085582,Neuritis retrobulbar,CC BY-NC-SA 4.0,UMLS via SIDER 4.1,http://identifiers.org/umls/C0085582
C0553702,Ca++ increased,CC BY-NC-SA 4.0,UMLS via SIDER 4.1,http://identifiers.org/umls/C0553702
C0010043,Ulcerative keratitis,CC BY-NC-SA 4.0,UMLS via SIDER 4.1,http://identifiers.org/umls/C0010043
C0853330,Peripheral neuropathy aggravated,CC BY-NC-SA 4.0,UMLS via SIDER 4.1,http://identifiers.org/umls/C0853330
C0521706,Cataract unilateral,CC BY-NC-SA 4.0,UMLS via SIDER 4.1,http://identifiers.org/umls/C0521706
C0026825,Muscle tone flaccid,CC BY-NC-SA 4.0,UMLS via SIDER 4.1,http://identifiers.org/umls/C0026825
C0023646,Lichen planus,CC BY-NC-SA 4.0,UMLS via SIDER 4.1,http://identifiers.org/umls/C0023646
C0242788,Breast neoplasm NOS male,CC BY-NC-SA 4.0,UMLS via SIDER 4.1,http://identifiers.org/umls/C0242788
C1510431,Thrombophlebitis superficial,CC BY-NC-SA 4.0,UMLS via SIDER 4.1,http://identifiers.org/umls/C1510431
C0860801,Glucose low,CC BY-NC-SA 4.0,UMLS via SIDER 4.1,http://identifiers.org/umls/C0860801
C0015668,Fat necrosis,CC BY-NC-SA 4.0,UMLS via SIDER 4.1,http://identifiers.org/umls/C0015668
C0877267,Peritonsillitis,CC BY-NC-SA 4.0,UMLS via SIDER 4.1,http://identifiers.org/umls/C0877267
C0158281,Cervicobrachial syndrome,CC BY-NC-SA 4.0,UMLS via SIDER 4.1,http://identifiers.org/umls/C0158281
C0553692,Haemorrhagic stroke,CC BY-NC-SA 4.0,UMLS via SIDER 4.1,http://identifiers.org/umls/C0553692
C0005741,Blepharitis,CC BY-NC-SA 4.0,UMLS via SIDER 4.1,http://identifiers.org/umls/C0005741
C0221384,Follicular conjunctivitis,CC BY-NC-SA 4.0,UMLS via SIDER 4.1,http://identifiers.org/umls/C0221384
C1096213,Cannula site reaction,CC BY-NC-SA 4.0,UMLS via SIDER 4.1,http://identifiers.org/umls/C1096213
C1262018,Transplant failure,CC BY-NC-SA 4.0,UMLS via SIDER 4.1,http://identifiers.org/umls/C1262018
C0494165,Metastases to liver,CC BY-NC-SA 4.0,UMLS via SIDER 4.1,http://identifiers.org/umls/C0494165
C0151998,Uterine spasm,CC BY-NC-SA 4.0,UMLS via SIDER 4.1,http://identifiers.org/umls/C0151998
C0035508,Rhonchi,CC BY-NC-SA 4.0,UMLS via SIDER 4.1,http://identifiers.org/umls/C0035508
C0239211,Oedema auricular,CC BY-NC-SA 4.0,UMLS via SIDER 4.1,http://identifiers.org/umls/C0239211
C0877035,Oestrogenic effect,CC BY-NC-SA 4.0,UMLS via SIDER 4.1,http://identifiers.org/umls/C0877035
C0021933,Intussusception,CC BY-NC-SA 4.0,UMLS via SIDER 4.1,http://identifiers.org/umls/C0021933
C0877306,Iris hyperpigmentation,CC BY-NC-SA 4.0,UMLS via SIDER 4.1,http://identifiers.org/umls/C0877306
C1739422,Opioid naive,CC BY-NC-SA 4.0,UMLS via SIDER 4.1,http://identifiers.org/umls/C1739422
C0853226,International normalised ratio decreased,CC BY-NC-SA 4.0,UMLS via SIDER 4.1,http://identifiers.org/umls/C0853226
C0022665,Renal neoplasm,CC BY-NC-SA 4.0,UMLS via SIDER 4.1,http://identifiers.org/umls/C0022665
C1095967,Psychiatric evaluation abnormal,CC BY-NC-SA 4.0,UMLS via SIDER 4.1,http://identifiers.org/umls/C1095967
C0853089,Intentional self-injury,CC BY-NC-SA 4.0,UMLS via SIDER 4.1,http://identifiers.org/umls/C0853089
C0919267,Ovarian neoplasm,CC BY-NC-SA 4.0,UMLS via SIDER 4.1,http://identifiers.org/umls/C0919267
C0038435,Stress,CC BY-NC-SA 4.0,UMLS via SIDER 4.1,http://identifiers.org/umls/C0038435
C0919578,Idiosyncratic drug reaction,CC BY-NC-SA 4.0,UMLS via SIDER 4.1,http://identifiers.org/umls/C0919578
C0852913,Blood amylase increased,CC BY-NC-SA 4.0,UMLS via SIDER 4.1,http://identifiers.org/umls/C0852913
C0033246,Proctitis,CC BY-NC-SA 4.0,UMLS via SIDER 4.1,http://identifiers.org/umls/C0033246
C0231274,Heat intolerance,CC BY-NC-SA 4.0,UMLS via SIDER 4.1,http://identifiers.org/umls/C0231274
C0013687,Effusion,CC BY-NC-SA 4.0,UMLS via SIDER 4.1,http://identifiers.org/umls/C0013687
C0029442,Osteomalacia,CC BY-NC-SA 4.0,UMLS via SIDER 4.1,http://identifiers.org/umls/C0029442
C1142520,Nail pigmentation,CC BY-NC-SA 4.0,UMLS via SIDER 4.1,http://identifiers.org/umls/C1142520
C0423086,Staring,CC BY-NC-SA 4.0,UMLS via SIDER 4.1,http://identifiers.org/umls/C0423086
C0080174,Spina bifida occulta,CC BY-NC-SA 4.0,UMLS via SIDER 4.1,http://identifiers.org/umls/C0080174
C0877664,Gastrointestinal cramps,CC BY-NC-SA 4.0,UMLS via SIDER 4.1,http://identifiers.org/umls/C0877664
C1720798,Radiation recall reaction (dermatologic),CC BY-NC-SA 4.0,UMLS via SIDER 4.1,http://identifiers.org/umls/C1720798
C0728936,Unspecified circulatory system disorder,CC BY-NC-SA 4.0,UMLS via SIDER 4.1,http://identifiers.org/umls/C0728936
C0876980,Headache aggravated,CC BY-NC-SA 4.0,UMLS via SIDER 4.1,http://identifiers.org/umls/C0876980
C0856761,Budd-Chiari syndrome,CC BY-NC-SA 4.0,UMLS via SIDER 4.1,http://identifiers.org/umls/C0856761
C0521476,Nail bed infection,CC BY-NC-SA 4.0,UMLS via SIDER 4.1,http://identifiers.org/umls/C0521476
C0015459,Face injury,CC BY-NC-SA 4.0,UMLS via SIDER 4.1,http://identifiers.org/umls/C0015459
C0038273,Stereotypy,CC BY-NC-SA 4.0,UMLS via SIDER 4.1,http://identifiers.org/umls/C0038273
C0238309,Ischaemic neuropathy,CC BY-NC-SA 4.0,UMLS via SIDER 4.1,http://identifiers.org/umls/C0238309
C0012624,Intervertebral discitis,CC BY-NC-SA 4.0,UMLS via SIDER 4.1,http://identifiers.org/umls/C0012624
C0235031,Neurological symptom,CC BY-NC-SA 4.0,UMLS via SIDER 4.1,http://identifiers.org/umls/C0235031
C0152169,Renal colic,CC BY-NC-SA 4.0,UMLS via SIDER 4.1,http://identifiers.org/umls/C0152169
C0600228,Cardio-respiratory arrest,CC BY-NC-SA 4.0,UMLS via SIDER 4.1,http://identifiers.org/umls/C0600228
C0221714,Injection site infection,CC BY-NC-SA 4.0,UMLS via SIDER 4.1,http://identifiers.org/umls/C0221714
C0008031,Chest pain,CC BY-NC-SA 4.0,UMLS via SIDER 4.1,http://identifiers.org/umls/C0008031
C1565662,Acute renal insufficiency,CC BY-NC-SA 4.0,UMLS via SIDER 4.1,http://identifiers.org/umls/C1565662
C0274714,Adrenergic syndrome,CC BY-NC-SA 4.0,UMLS via SIDER 4.1,http://identifiers.org/umls/C0274714
C2931822,Nasopharyngeal carcinoma,CC BY-NC-SA 4.0,UMLS via SIDER 4.1,http://identifiers.org/umls/C2931822
C0520594,Breast microcalcification,CC BY-NC-SA 4.0,UMLS via SIDER 4.1,http://identifiers.org/umls/C0520594
C0085383,Hypocapnia,CC BY-NC-SA 4.0,UMLS via SIDER 4.1,http://identifiers.org/umls/C0085383
C0730345,Microalbuminuria,CC BY-NC-SA 4.0,UMLS via SIDER 4.1,http://identifiers.org/umls/C0730345
C0010418,Cryptosporidiosis infection,CC BY-NC-SA 4.0,UMLS via SIDER 4.1,http://identifiers.org/umls/C0010418
C1698259,HCV coinfection,CC BY-NC-SA 4.0,UMLS via SIDER 4.1,http://identifiers.org/umls/C1698259
C0241266,Subcutaneous abscess,CC BY-NC-SA 4.0,UMLS via SIDER 4.1,http://identifiers.org/umls/C0241266
C0679429,Platelet dysfunction,CC BY-NC-SA 4.0,UMLS via SIDER 4.1,http://identifiers.org/umls/C0679429
C0001364,Acute yellow liver atrophy,CC BY-NC-SA 4.0,UMLS via SIDER 4.1,http://identifiers.org/umls/C0001364
C0232200,Gallop rhythm,CC BY-NC-SA 4.0,UMLS via SIDER 4.1,http://identifiers.org/umls/C0232200
C0240671,Activated partial thromboplastin time prolonged,CC BY-NC-SA 4.0,UMLS via SIDER 4.1,http://identifiers.org/umls/C0240671
C0235648,Breast enlargement female,CC BY-NC-SA 4.0,UMLS via SIDER 4.1,http://identifiers.org/umls/C0235648
C0029456,Osteoporosis,CC BY-NC-SA 4.0,UMLS via SIDER 4.1,http://identifiers.org/umls/C0029456
C0159066,Abdominal rigidity,CC BY-NC-SA 4.0,UMLS via SIDER 4.1,http://identifiers.org/umls/C0159066
C0423226,Corneal pigmentation,CC BY-NC-SA 4.0,UMLS via SIDER 4.1,http://identifiers.org/umls/C0423226
C0856137,Uterine fibroids aggravated,CC BY-NC-SA 4.0,UMLS via SIDER 4.1,http://identifiers.org/umls/C0856137
C0038238,Steatorrhoea,CC BY-NC-SA 4.0,UMLS via SIDER 4.1,http://identifiers.org/umls/C0038238
C0011269,Vascular dementia,CC BY-NC-SA 4.0,UMLS via SIDER 4.1,http://identifiers.org/umls/C0011269
C0877237,Traumatic fracture,CC BY-NC-SA 4.0,UMLS via SIDER 4.1,http://identifiers.org/umls/C0877237
C0029944,Overdose,CC BY-NC-SA 4.0,UMLS via SIDER 4.1,http://identifiers.org/umls/C0029944
C0877225,Bone density decreased,CC BY-NC-SA 4.0,UMLS via SIDER 4.1,http://identifiers.org/umls/C0877225
C2979982,Vaginal haemorrhage,CC BY-NC-SA 4.0,UMLS via SIDER 4.1,http://identifiers.org/umls/C2979982
C0750151,Vaso-occlusive crisis,CC BY-NC-SA 4.0,UMLS via SIDER 4.1,http://identifiers.org/umls/C0750151
C0282548,Leukostasis,CC BY-NC-SA 4.0,UMLS via SIDER 4.1,http://identifiers.org/umls/C0282548
C0220983,Metabolic alkalosis,CC BY-NC-SA 4.0,UMLS via SIDER 4.1,http://identifiers.org/umls/C0220983
C0155170,Conjunctival cyst,CC BY-NC-SA 4.0,UMLS via SIDER 4.1,http://identifiers.org/umls/C0155170
C0849916,Generalised erythema,CC BY-NC-SA 4.0,UMLS via SIDER 4.1,http://identifiers.org/umls/C0849916
C0238656,Painful ankle,CC BY-NC-SA 4.0,UMLS via SIDER 4.1,http://identifiers.org/umls/C0238656
C0234930,Skin odour abnormal,CC BY-NC-SA 4.0,UMLS via SIDER 4.1,http://identifiers.org/umls/C0234930
C0024050,Lower gastrointestinal haemorrhage,CC BY-NC-SA 4.0,UMLS via SIDER 4.1,http://identifiers.org/umls/C0024050
C1168290,Drug-induced hypersensitivity syndrome,CC BY-NC-SA 4.0,UMLS via SIDER 4.1,http://identifiers.org/umls/C1168290
C0232602,Retching,CC BY-NC-SA 4.0,UMLS via SIDER 4.1,http://identifiers.org/umls/C0232602
C0042373,Angiopathy,CC BY-NC-SA 4.0,UMLS via SIDER 4.1,http://identifiers.org/umls/C0042373
C0851302,Shock hypoglycaemic,CC BY-NC-SA 4.0,UMLS via SIDER 4.1,http://identifiers.org/umls/C0851302
C0338375,Aseptic peritonitis,CC BY-NC-SA 4.0,UMLS via SIDER 4.1,http://identifiers.org/umls/C0338375
C0020580,Hypoaesthesia,CC BY-NC-SA 4.0,UMLS via SIDER 4.1,http://identifiers.org/umls/C0020580
C0235140,Drug maladministration,CC BY-NC-SA 4.0,UMLS via SIDER 4.1,http://identifiers.org/umls/C0235140
C0549389,Wound discharge increased,CC BY-NC-SA 4.0,UMLS via SIDER 4.1,http://identifiers.org/umls/C0549389
C0030354,Papilloma,CC BY-NC-SA 4.0,UMLS via SIDER 4.1,http://identifiers.org/umls/C0030354
C0936250,Eczema herpeticum,CC BY-NC-SA 4.0,UMLS via SIDER 4.1,http://identifiers.org/umls/C0936250
C0424295,Hyperkinesia,CC BY-NC-SA 4.0,UMLS via SIDER 4.1,http://identifiers.org/umls/C0424295
C1096034,Infusion site induration,CC BY-NC-SA 4.0,UMLS via SIDER 4.1,http://identifiers.org/umls/C1096034
C0012817,Diverticulum,CC BY-NC-SA 4.0,UMLS via SIDER 4.1,http://identifiers.org/umls/C0012817
C0424323,Violent behavior,CC BY-NC-SA 4.0,UMLS via SIDER 4.1,http://identifiers.org/umls/C0424323
C0302295,Eruption,CC BY-NC-SA 4.0,UMLS via SIDER 4.1,http://identifiers.org/umls/C0302295
C0019159,Hepatitis A,CC BY-NC-SA 4.0,UMLS via SIDER 4.1,http://identifiers.org/umls/C0019159
C0232599,Bilious vomiting,CC BY-NC-SA 4.0,UMLS via SIDER 4.1,http://identifiers.org/umls/C0232599
C0413252,Hypothermia,CC BY-NC-SA 4.0,UMLS via SIDER 4.1,http://identifiers.org/umls/C0413252
C0549264,Sensation of blood flow,CC BY-NC-SA 4.0,UMLS via SIDER 4.1,http://identifiers.org/umls/C0549264
C1527348,Brain hypoxia,CC BY-NC-SA 4.0,UMLS via SIDER 4.1,http://identifiers.org/umls/C1527348
C0235567,Sputum increased,CC BY-NC-SA 4.0,UMLS via SIDER 4.1,http://identifiers.org/umls/C0235567
C0549376,Plasma osmolality decreased,CC BY-NC-SA 4.0,UMLS via SIDER 4.1,http://identifiers.org/umls/C0549376
C0235325,Gastric haemorrhage,CC BY-NC-SA 4.0,UMLS via SIDER 4.1,http://identifiers.org/umls/C0235325
C0149778,Soft tissue infection,CC BY-NC-SA 4.0,UMLS via SIDER 4.1,http://identifiers.org/umls/C0149778
C0025309,Meningoencephalitis,CC BY-NC-SA 4.0,UMLS via SIDER 4.1,http://identifiers.org/umls/C0025309
C0032000,Pituitary adenoma,CC BY-NC-SA 4.0,UMLS via SIDER 4.1,http://identifiers.org/umls/C0032000
C0423823,Nail thinning,CC BY-NC-SA 4.0,UMLS via SIDER 4.1,http://identifiers.org/umls/C0423823
C0043387,Yawning,CC BY-NC-SA 4.0,UMLS via SIDER 4.1,http://identifiers.org/umls/C0043387
C0005411,Atresia biliary,CC BY-NC-SA 4.0,UMLS via SIDER 4.1,http://identifiers.org/umls/C0005411
C0748052,Erythrodermic psoriasis,CC BY-NC-SA 4.0,UMLS via SIDER 4.1,http://identifiers.org/umls/C0748052
C0742224,Candida cervicitis,CC BY-NC-SA 4.0,UMLS via SIDER 4.1,http://identifiers.org/umls/C0742224
C0877508,Irritation gum,CC BY-NC-SA 4.0,UMLS via SIDER 4.1,http://identifiers.org/umls/C0877508
C0037929,Spinal cord injury,CC BY-NC-SA 4.0,UMLS via SIDER 4.1,http://identifiers.org/umls/C0037929
C2363912,Respiratory failure aggravated,CC BY-NC-SA 4.0,UMLS via SIDER 4.1,http://identifiers.org/umls/C2363912
C0858751,Lip blister,CC BY-NC-SA 4.0,UMLS via SIDER 4.1,http://identifiers.org/umls/C0858751
C0007869,Uterine cervical erosion,CC BY-NC-SA 4.0,UMLS via SIDER 4.1,http://identifiers.org/umls/C0007869
C0014860,Oesophageal perforation,CC BY-NC-SA 4.0,UMLS via SIDER 4.1,http://identifiers.org/umls/C0014860
C0405106,Retained placenta or membranes,CC BY-NC-SA 4.0,UMLS via SIDER 4.1,http://identifiers.org/umls/C0405106
C0877468,Rash mouth,CC BY-NC-SA 4.0,UMLS via SIDER 4.1,http://identifiers.org/umls/C0877468
C0948818,Catheter site phlebitis,CC BY-NC-SA 4.0,UMLS via SIDER 4.1,http://identifiers.org/umls/C0948818
C0302810,Uraemic syndrome,CC BY-NC-SA 4.0,UMLS via SIDER 4.1,http://identifiers.org/umls/C0302810
C0239836,Paraesthesia hand,CC BY-NC-SA 4.0,UMLS via SIDER 4.1,http://identifiers.org/umls/C0239836
C1262109,Procedural hypotension,CC BY-NC-SA 4.0,UMLS via SIDER 4.1,http://identifiers.org/umls/C1262109
C0149911,Hypercalcaemia of malignancy,CC BY-NC-SA 4.0,UMLS via SIDER 4.1,http://identifiers.org/umls/C0149911
C0020457,Diabetic hyperosmolar coma,CC BY-NC-SA 4.0,UMLS via SIDER 4.1,http://identifiers.org/umls/C0020457
C0031575,Phocomelia,CC BY-NC-SA 4.0,UMLS via SIDER 4.1,http://identifiers.org/umls/C0031575
C0029396,Ectopic ossification,CC BY-NC-SA 4.0,UMLS via SIDER 4.1,http://identifiers.org/umls/C0029396
C0007760,Cerebellar syndrome,CC BY-NC-SA 4.0,UMLS via SIDER 4.1,http://identifiers.org/umls/C0007760
C0151555,Cinchonism,CC BY-NC-SA 4.0,UMLS via SIDER 4.1,http://identifiers.org/umls/C0151555
C0349410,Organ failure,CC BY-NC-SA 4.0,UMLS via SIDER 4.1,http://identifiers.org/umls/C0349410
C0750857,Alkaline phosphatase serum increased,CC BY-NC-SA 4.0,UMLS via SIDER 4.1,http://identifiers.org/umls/C0750857
C1295585,Decreased vibratory sense,CC BY-NC-SA 4.0,UMLS via SIDER 4.1,http://identifiers.org/umls/C1295585
C0393760,Initial insomnia,CC BY-NC-SA 4.0,UMLS via SIDER 4.1,http://identifiers.org/umls/C0393760
C0262988,Cutaneous vasculitis,CC BY-NC-SA 4.0,UMLS via SIDER 4.1,http://identifiers.org/umls/C0262988
C0003431,Antisocial personality disorder,CC BY-NC-SA 4.0,UMLS via SIDER 4.1,http://identifiers.org/umls/C0003431
C0853019,Blood thyroid stimulating hormone increased,CC BY-NC-SA 4.0,UMLS via SIDER 4.1,http://identifiers.org/umls/C0853019
C0034012,Delayed puberty,CC BY-NC-SA 4.0,UMLS via SIDER 4.1,http://identifiers.org/umls/C0034012
C0393444,Meningitis chemical,CC BY-NC-SA 4.0,UMLS via SIDER 4.1,http://identifiers.org/umls/C0393444
C0577559,Mass,CC BY-NC-SA 4.0,UMLS via SIDER 4.1,http://identifiers.org/umls/C0577559
C0221166,Paraparesis,CC BY-NC-SA 4.0,UMLS via SIDER 4.1,http://identifiers.org/umls/C0221166
C0009144,Tongue coated,CC BY-NC-SA 4.0,UMLS via SIDER 4.1,http://identifiers.org/umls/C0009144
C0231694,Festinating gait,CC BY-NC-SA 4.0,UMLS via SIDER 4.1,http://identifiers.org/umls/C0231694
C0034074,Pulmonary infarction,CC BY-NC-SA 4.0,UMLS via SIDER 4.1,http://identifiers.org/umls/C0034074
C0002940,Aneurysm,CC BY-NC-SA 4.0,UMLS via SIDER 4.1,http://identifiers.org/umls/C0002940
C1142034,Tandem gait test abnormal,CC BY-NC-SA 4.0,UMLS via SIDER 4.1,http://identifiers.org/umls/C1142034
C0151586,Partial permanent deafness,CC BY-NC-SA 4.0,UMLS via SIDER 4.1,http://identifiers.org/umls/C0151586
C0221150,Odynophagia,CC BY-NC-SA 4.0,UMLS via SIDER 4.1,http://identifiers.org/umls/C0221150
C0859996,Corneal sensitivity decreased,CC BY-NC-SA 4.0,UMLS via SIDER 4.1,http://identifiers.org/umls/C0859996
C0581912,Sensation of heaviness,CC BY-NC-SA 4.0,UMLS via SIDER 4.1,http://identifiers.org/umls/C0581912
C0549383,Ovarian hyperstimulation,CC BY-NC-SA 4.0,UMLS via SIDER 4.1,http://identifiers.org/umls/C0549383
C0021845,Intestinal perforation,CC BY-NC-SA 4.0,UMLS via SIDER 4.1,http://identifiers.org/umls/C0021845
C0587054,Numbness in fingers,CC BY-NC-SA 4.0,UMLS via SIDER 4.1,http://identifiers.org/umls/C0587054
C0264733,Dilatation ventricular,CC BY-NC-SA 4.0,UMLS via SIDER 4.1,http://identifiers.org/umls/C0264733
C0919883,Puncture site haemorrhage,CC BY-NC-SA 4.0,UMLS via SIDER 4.1,http://identifiers.org/umls/C0919883
C1096036,Infusion site warmth,CC BY-NC-SA 4.0,UMLS via SIDER 4.1,http://identifiers.org/umls/C1096036
C0020455,Hypergammaglobulinaemia,CC BY-NC-SA 4.0,UMLS via SIDER 4.1,http://identifiers.org/umls/C0020455
C0857370,Generalized flushing,CC BY-NC-SA 4.0,UMLS via SIDER 4.1,http://identifiers.org/umls/C0857370
C0151311,Cranial nerve paralysis,CC BY-NC-SA 4.0,UMLS via SIDER 4.1,http://identifiers.org/umls/C0151311
C0424786,Postoperative fever,CC BY-NC-SA 4.0,UMLS via SIDER 4.1,http://identifiers.org/umls/C0424786
C0221512,Stomach ache,CC BY-NC-SA 4.0,UMLS via SIDER 4.1,http://identifiers.org/umls/C0221512
C0392788,"Extranodal NK/T-cell lymphoma, nasal type",CC BY-NC-SA 4.0,UMLS via SIDER 4.1,http://identifiers.org/umls/C0392788
C0857246,Red neck,CC BY-NC-SA 4.0,UMLS via SIDER 4.1,http://identifiers.org/umls/C0857246
C3203531,Post-traumatic neck syndrome,CC BY-NC-SA 4.0,UMLS via SIDER 4.1,http://identifiers.org/umls/C3203531
C1619702,Device related infection,CC BY-NC-SA 4.0,UMLS via SIDER 4.1,http://identifiers.org/umls/C1619702
C0750394,White blood cell count decreased,CC BY-NC-SA 4.0,UMLS via SIDER 4.1,http://identifiers.org/umls/C0750394
C0948978,Catheter site cellulitis,CC BY-NC-SA 4.0,UMLS via SIDER 4.1,http://identifiers.org/umls/C0948978
C1704202,Aspermia,CC BY-NC-SA 4.0,UMLS via SIDER 4.1,http://identifiers.org/umls/C1704202
C2938972,Penile haematoma,CC BY-NC-SA 4.0,UMLS via SIDER 4.1,http://identifiers.org/umls/C2938972
C0031117,Neuropathy peripheral,CC BY-NC-SA 4.0,UMLS via SIDER 4.1,http://identifiers.org/umls/C0031117
C0238242,Lithium toxicity,CC BY-NC-SA 4.0,UMLS via SIDER 4.1,http://identifiers.org/umls/C0238242
C0549399,Low density lipoprotein increased,CC BY-NC-SA 4.0,UMLS via SIDER 4.1,http://identifiers.org/umls/C0549399
C0948011,Cervix haemorrhage uterine,CC BY-NC-SA 4.0,UMLS via SIDER 4.1,http://identifiers.org/umls/C0948011
C0009450,Infection,CC BY-NC-SA 4.0,UMLS via SIDER 4.1,http://identifiers.org/umls/C0009450
C0036830,Serum sickness,CC BY-NC-SA 4.0,UMLS via SIDER 4.1,http://identifiers.org/umls/C0036830
C0236003,Mucosal swelling,CC BY-NC-SA 4.0,UMLS via SIDER 4.1,http://identifiers.org/umls/C0236003
C0020564,Hypertrophy,CC BY-NC-SA 4.0,UMLS via SIDER 4.1,http://identifiers.org/umls/C0020564
C0034088,Pulmonary valve incompetence,CC BY-NC-SA 4.0,UMLS via SIDER 4.1,http://identifiers.org/umls/C0034088
C0856148,Porphyria aggravated,CC BY-NC-SA 4.0,UMLS via SIDER 4.1,http://identifiers.org/umls/C0856148
C0855246,Abnormal sleep-related event,CC BY-NC-SA 4.0,UMLS via SIDER 4.1,http://identifiers.org/umls/C0855246
C1535919,Foetal chromosome abnormality,CC BY-NC-SA 4.0,UMLS via SIDER 4.1,http://identifiers.org/umls/C1535919
C0852908,Drug ineffective,CC BY-NC-SA 4.0,UMLS via SIDER 4.1,http://identifiers.org/umls/C0852908
C0155626,Acute myocardial infarction,CC BY-NC-SA 4.0,UMLS via SIDER 4.1,http://identifiers.org/umls/C0155626
C1261981,Urticaria localised,CC BY-NC-SA 4.0,UMLS via SIDER 4.1,http://identifiers.org/umls/C1261981
C0015645,Fasciitis,CC BY-NC-SA 4.0,UMLS via SIDER 4.1,http://identifiers.org/umls/C0015645
C0025222,Melaena,CC BY-NC-SA 4.0,UMLS via SIDER 4.1,http://identifiers.org/umls/C0025222
C0151752,Lactation female,CC BY-NC-SA 4.0,UMLS via SIDER 4.1,http://identifiers.org/umls/C0151752
C0394006,Disequilibrium syndrome,CC BY-NC-SA 4.0,UMLS via SIDER 4.1,http://identifiers.org/umls/C0394006
C0857332,Clonic movements,CC BY-NC-SA 4.0,UMLS via SIDER 4.1,http://identifiers.org/umls/C0857332
C0020578,Hyperventilation,CC BY-NC-SA 4.0,UMLS via SIDER 4.1,http://identifiers.org/umls/C0020578
C0853028,Blood pH decreased,CC BY-NC-SA 4.0,UMLS via SIDER 4.1,http://identifiers.org/umls/C0853028
C0020617,Hypoglycaemic coma,CC BY-NC-SA 4.0,UMLS via SIDER 4.1,http://identifiers.org/umls/C0020617
C0235863,Delayed delivery,CC BY-NC-SA 4.0,UMLS via SIDER 4.1,http://identifiers.org/umls/C0235863
C0151907,Skin discolouration,CC BY-NC-SA 4.0,UMLS via SIDER 4.1,http://identifiers.org/umls/C0151907
C0002880,Autoimmune haemolytic anaemia,CC BY-NC-SA 4.0,UMLS via SIDER 4.1,http://identifiers.org/umls/C0002880
C0027962,Melanocytic naevus,CC BY-NC-SA 4.0,UMLS via SIDER 4.1,http://identifiers.org/umls/C0027962
C0524620,Metabolic syndrome,CC BY-NC-SA 4.0,UMLS via SIDER 4.1,http://identifiers.org/umls/C0524620
C0221161,Shallow breathing,CC BY-NC-SA 4.0,UMLS via SIDER 4.1,http://identifiers.org/umls/C0221161
C0022081,Iritis,CC BY-NC-SA 4.0,UMLS via SIDER 4.1,http://identifiers.org/umls/C0022081
C0458109,Ovarian pain,CC BY-NC-SA 4.0,UMLS via SIDER 4.1,http://identifiers.org/umls/C0458109
C0857093,Elevated liver enzyme levels,CC BY-NC-SA 4.0,UMLS via SIDER 4.1,http://identifiers.org/umls/C0857093
C1112413,Peripheral artery aneurysm,CC BY-NC-SA 4.0,UMLS via SIDER 4.1,http://identifiers.org/umls/C1112413
C0035326,Retinal vascular occlusion,CC BY-NC-SA 4.0,UMLS via SIDER 4.1,http://identifiers.org/umls/C0035326
C0030794,Pelvic pain,CC BY-NC-SA 4.0,UMLS via SIDER 4.1,http://identifiers.org/umls/C0030794
C0031256,Petechiae,CC BY-NC-SA 4.0,UMLS via SIDER 4.1,http://identifiers.org/umls/C0031256
C0241228,Spleen palpable,CC BY-NC-SA 4.0,UMLS via SIDER 4.1,http://identifiers.org/umls/C0241228
C0151821,Accidental overdose,CC BY-NC-SA 4.0,UMLS via SIDER 4.1,http://identifiers.org/umls/C0151821
C0042029,Urinary tract infection,CC BY-NC-SA 4.0,UMLS via SIDER 4.1,http://identifiers.org/umls/C0042029
C1328332,Procedural hypertension,CC BY-NC-SA 4.0,UMLS via SIDER 4.1,http://identifiers.org/umls/C1328332
C0338480,Migraine without aura,CC BY-NC-SA 4.0,UMLS via SIDER 4.1,http://identifiers.org/umls/C0338480
C0847403,Infective tenosynovitis,CC BY-NC-SA 4.0,UMLS via SIDER 4.1,http://identifiers.org/umls/C0847403
C1535950,Gastrointestinal inflammation,CC BY-NC-SA 4.0,UMLS via SIDER 4.1,http://identifiers.org/umls/C1535950
C1096286,Transaminases decreased,CC BY-NC-SA 4.0,UMLS via SIDER 4.1,http://identifiers.org/umls/C1096286
C0232431,Cold sweat,CC BY-NC-SA 4.0,UMLS via SIDER 4.1,http://identifiers.org/umls/C0232431
C0240515,Nipple pain,CC BY-NC-SA 4.0,UMLS via SIDER 4.1,http://identifiers.org/umls/C0240515
C1619718,Partner stress,CC BY-NC-SA 4.0,UMLS via SIDER 4.1,http://identifiers.org/umls/C1619718
C0853942,Tongue blistering,CC BY-NC-SA 4.0,UMLS via SIDER 4.1,http://identifiers.org/umls/C0853942
C0854372,Mastication disorder,CC BY-NC-SA 4.0,UMLS via SIDER 4.1,http://identifiers.org/umls/C0854372
C0426636,Defaecation urgency,CC BY-NC-SA 4.0,UMLS via SIDER 4.1,http://identifiers.org/umls/C0426636
C1868709,Activation syndrome,CC BY-NC-SA 4.0,UMLS via SIDER 4.1,http://identifiers.org/umls/C1868709
C0086438,Hypogammaglobulinaemia,CC BY-NC-SA 4.0,UMLS via SIDER 4.1,http://identifiers.org/umls/C0086438
C0035232,Respiratory paralysis,CC BY-NC-SA 4.0,UMLS via SIDER 4.1,http://identifiers.org/umls/C0035232
C0877584,Tumour haemorrhage,CC BY-NC-SA 4.0,UMLS via SIDER 4.1,http://identifiers.org/umls/C0877584
C1142397,Myoglobinaemia,CC BY-NC-SA 4.0,UMLS via SIDER 4.1,http://identifiers.org/umls/C1142397
C0235437,Gravitational oedema,CC BY-NC-SA 4.0,UMLS via SIDER 4.1,http://identifiers.org/umls/C0235437
C1112349,Spinal cord paralysis,CC BY-NC-SA 4.0,UMLS via SIDER 4.1,http://identifiers.org/umls/C1112349
C0007095,Carcinoid tumour,CC BY-NC-SA 4.0,UMLS via SIDER 4.1,http://identifiers.org/umls/C0007095
C0030293,Pancreatic insufficiency,CC BY-NC-SA 4.0,UMLS via SIDER 4.1,http://identifiers.org/umls/C0030293
C0009269,Cold intolerance,CC BY-NC-SA 4.0,UMLS via SIDER 4.1,http://identifiers.org/umls/C0009269
C0011127,Decubitus ulcer,CC BY-NC-SA 4.0,UMLS via SIDER 4.1,http://identifiers.org/umls/C0011127
C0232352,Vascular insufficiency,CC BY-NC-SA 4.0,UMLS via SIDER 4.1,http://identifiers.org/umls/C0232352
C3267206,Chalky taste,CC BY-NC-SA 4.0,UMLS via SIDER 4.1,http://identifiers.org/umls/C3267206
C0857361,Headache occurring,CC BY-NC-SA 4.0,UMLS via SIDER 4.1,http://identifiers.org/umls/C0857361
C1305875,Fibroadenosis of breast,CC BY-NC-SA 4.0,UMLS via SIDER 4.1,http://identifiers.org/umls/C1305875
C0549315,Benign hydatidiform mole,CC BY-NC-SA 4.0,UMLS via SIDER 4.1,http://identifiers.org/umls/C0549315
C0013608,Oedema due to cardiac disease,CC BY-NC-SA 4.0,UMLS via SIDER 4.1,http://identifiers.org/umls/C0013608
C0861020,Insulin C-peptide decreased,CC BY-NC-SA 4.0,UMLS via SIDER 4.1,http://identifiers.org/umls/C0861020
C0853974,Blood gonadotrophin decreased,CC BY-NC-SA 4.0,UMLS via SIDER 4.1,http://identifiers.org/umls/C0853974
C0009760,Conjunctival haemorrhage,CC BY-NC-SA 4.0,UMLS via SIDER 4.1,http://identifiers.org/umls/C0009760
C0019112,Haemorrhoids,CC BY-NC-SA 4.0,UMLS via SIDER 4.1,http://identifiers.org/umls/C0019112
C0152183,Explosive personality disorder,CC BY-NC-SA 4.0,UMLS via SIDER 4.1,http://identifiers.org/umls/C0152183
C1262036,Ocular toxicity,CC BY-NC-SA 4.0,UMLS via SIDER 4.1,http://identifiers.org/umls/C1262036
C0271441,Otitis media chronic,CC BY-NC-SA 4.0,UMLS via SIDER 4.1,http://identifiers.org/umls/C0271441
C0877056,Hypoglycaemic seizure,CC BY-NC-SA 4.0,UMLS via SIDER 4.1,http://identifiers.org/umls/C0877056
C0004610,Bacteraemia,CC BY-NC-SA 4.0,UMLS via SIDER 4.1,http://identifiers.org/umls/C0004610
C0600260,Obstructive airways disorder,CC BY-NC-SA 4.0,UMLS via SIDER 4.1,http://identifiers.org/umls/C0600260
C0235260,Chloropsia,CC BY-NC-SA 4.0,UMLS via SIDER 4.1,http://identifiers.org/umls/C0235260
C0013609,Localised oedema,CC BY-NC-SA 4.0,UMLS via SIDER 4.1,http://identifiers.org/umls/C0013609
C0282005,Scrotal swelling,CC BY-NC-SA 4.0,UMLS via SIDER 4.1,http://identifiers.org/umls/C0282005
C0013473,Eating disorder,CC BY-NC-SA 4.0,UMLS via SIDER 4.1,http://identifiers.org/umls/C0013473
C0849796,Ear congestion,CC BY-NC-SA 4.0,UMLS via SIDER 4.1,http://identifiers.org/umls/C0849796
C0860711,Carbon dioxide decreased,CC BY-NC-SA 4.0,UMLS via SIDER 4.1,http://identifiers.org/umls/C0860711
C2732728,Body height decreased,CC BY-NC-SA 4.0,UMLS via SIDER 4.1,http://identifiers.org/umls/C2732728
C0851043,Lipids increased,CC BY-NC-SA 4.0,UMLS via SIDER 4.1,http://identifiers.org/umls/C0851043
C0236051,Tolerance development,CC BY-NC-SA 4.0,UMLS via SIDER 4.1,http://identifiers.org/umls/C0236051
C0221170,Muscle stiffness,CC BY-NC-SA 4.0,UMLS via SIDER 4.1,http://identifiers.org/umls/C0221170
C0860661,Oppositional,CC BY-NC-SA 4.0,UMLS via SIDER 4.1,http://identifiers.org/umls/C0860661
C0546959,Atrial tachycardia,CC BY-NC-SA 4.0,UMLS via SIDER 4.1,http://identifiers.org/umls/C0546959
C1527344,Dysphonia,CC BY-NC-SA 4.0,UMLS via SIDER 4.1,http://identifiers.org/umls/C1527344
C0233415,Distractibility,CC BY-NC-SA 4.0,UMLS via SIDER 4.1,http://identifiers.org/umls/C0233415
C0278008,Change of bowel habit,CC BY-NC-SA 4.0,UMLS via SIDER 4.1,http://identifiers.org/umls/C0278008
C0221725,Bronchial obstruction,CC BY-NC-SA 4.0,UMLS via SIDER 4.1,http://identifiers.org/umls/C0221725
C0025322,Premature menopause,CC BY-NC-SA 4.0,UMLS via SIDER 4.1,http://identifiers.org/umls/C0025322
C0441713,Chemical injury,CC BY-NC-SA 4.0,UMLS via SIDER 4.1,http://identifiers.org/umls/C0441713
C0029878,Otitis externa,CC BY-NC-SA 4.0,UMLS via SIDER 4.1,http://identifiers.org/umls/C0029878
C0015397,Eye disorder,CC BY-NC-SA 4.0,UMLS via SIDER 4.1,http://identifiers.org/umls/C0015397
C0578454,Neck swelling,CC BY-NC-SA 4.0,UMLS via SIDER 4.1,http://identifiers.org/umls/C0578454
C0175754,Corpus callosum agenesis,CC BY-NC-SA 4.0,UMLS via SIDER 4.1,http://identifiers.org/umls/C0175754
C0861148,Proarrhythmia,CC BY-NC-SA 4.0,UMLS via SIDER 4.1,http://identifiers.org/umls/C0861148
C0438167,Electrocardiogram T wave abnormal,CC BY-NC-SA 4.0,UMLS via SIDER 4.1,http://identifiers.org/umls/C0438167
C0235874,Condition aggravated,CC BY-NC-SA 4.0,UMLS via SIDER 4.1,http://identifiers.org/umls/C0235874
C0854567,Complications of transplant surgery,CC BY-NC-SA 4.0,UMLS via SIDER 4.1,http://identifiers.org/umls/C0854567
C0549201,Asteatosis,CC BY-NC-SA 4.0,UMLS via SIDER 4.1,http://identifiers.org/umls/C0549201
C1527410,Renal rickets,CC BY-NC-SA 4.0,UMLS via SIDER 4.1,http://identifiers.org/umls/C1527410
C0549280,Nausea aggravated,CC BY-NC-SA 4.0,UMLS via SIDER 4.1,http://identifiers.org/umls/C0549280
C0233408,Temporal disorientation,CC BY-NC-SA 4.0,UMLS via SIDER 4.1,http://identifiers.org/umls/C0233408
C0014306,Enophthalmos,CC BY-NC-SA 4.0,UMLS via SIDER 4.1,http://identifiers.org/umls/C0014306
C0151747,Renal tubular disorder,CC BY-NC-SA 4.0,UMLS via SIDER 4.1,http://identifiers.org/umls/C0151747
C0474381,Chromatopsia,CC BY-NC-SA 4.0,UMLS via SIDER 4.1,http://identifiers.org/umls/C0474381
C0459435,Psychotic state,CC BY-NC-SA 4.0,UMLS via SIDER 4.1,http://identifiers.org/umls/C0459435
C0149801,Urosepsis,CC BY-NC-SA 4.0,UMLS via SIDER 4.1,http://identifiers.org/umls/C0149801
C0024528,Malaise and fatigue,CC BY-NC-SA 4.0,UMLS via SIDER 4.1,http://identifiers.org/umls/C0024528
C0342490,Adrenal atrophy,CC BY-NC-SA 4.0,UMLS via SIDER 4.1,http://identifiers.org/umls/C0342490
C1148477,Sudden deafness,CC BY-NC-SA 4.0,UMLS via SIDER 4.1,http://identifiers.org/umls/C1148477
C0014724,Eructation,CC BY-NC-SA 4.0,UMLS via SIDER 4.1,http://identifiers.org/umls/C0014724
C0000814,Abortion missed,CC BY-NC-SA 4.0,UMLS via SIDER 4.1,http://identifiers.org/umls/C0000814
C0162298,Joint stiffness,CC BY-NC-SA 4.0,UMLS via SIDER 4.1,http://identifiers.org/umls/C0162298
C0034530,Radiation injury,CC BY-NC-SA 4.0,UMLS via SIDER 4.1,http://identifiers.org/umls/C0034530
C0541798,Terminal insomnia,CC BY-NC-SA 4.0,UMLS via SIDER 4.1,http://identifiers.org/umls/C0541798
C0919659,Oropharyngeal candidiasis,CC BY-NC-SA 4.0,UMLS via SIDER 4.1,http://identifiers.org/umls/C0919659
C0235496,Oral mucosal petechiae,CC BY-NC-SA 4.0,UMLS via SIDER 4.1,http://identifiers.org/umls/C0235496
C0919936,Therapy naive,CC BY-NC-SA 4.0,UMLS via SIDER 4.1,http://identifiers.org/umls/C0919936
C0234507,Anosognosia,CC BY-NC-SA 4.0,UMLS via SIDER 4.1,http://identifiers.org/umls/C0234507
C0234916,Rash follicular,CC BY-NC-SA 4.0,UMLS via SIDER 4.1,http://identifiers.org/umls/C0234916
C0239739,Gingival pain,CC BY-NC-SA 4.0,UMLS via SIDER 4.1,http://identifiers.org/umls/C0239739
C0032326,Pneumothorax,CC BY-NC-SA 4.0,UMLS via SIDER 4.1,http://identifiers.org/umls/C0032326
C0521505,Injection site dermatitis,CC BY-NC-SA 4.0,UMLS via SIDER 4.1,http://identifiers.org/umls/C0521505
C2939465,Glucose-6-phosphate dehydrogenase deficiency,CC BY-NC-SA 4.0,UMLS via SIDER 4.1,http://identifiers.org/umls/C2939465
C0022603,Seborrhoeic keratosis,CC BY-NC-SA 4.0,UMLS via SIDER 4.1,http://identifiers.org/umls/C0022603
C0162627,Skin bacterial infection,CC BY-NC-SA 4.0,UMLS via SIDER 4.1,http://identifiers.org/umls/C0162627
C1141893,Muscle enzyme increased,CC BY-NC-SA 4.0,UMLS via SIDER 4.1,http://identifiers.org/umls/C1141893
C1262113,Lipohypertrophy,CC BY-NC-SA 4.0,UMLS via SIDER 4.1,http://identifiers.org/umls/C1262113
C0234972,Convulsive disorder,CC BY-NC-SA 4.0,UMLS via SIDER 4.1,http://identifiers.org/umls/C0234972
C0007398,Catatonia,CC BY-NC-SA 4.0,UMLS via SIDER 4.1,http://identifiers.org/umls/C0007398
C0040517,Tourette's disorder,CC BY-NC-SA 4.0,UMLS via SIDER 4.1,http://identifiers.org/umls/C0040517
C0701824,Staggering gait,CC BY-NC-SA 4.0,UMLS via SIDER 4.1,http://identifiers.org/umls/C0701824
C0854062,Blood fibrinogen decreased,CC BY-NC-SA 4.0,UMLS via SIDER 4.1,http://identifiers.org/umls/C0854062
C0238311,Nicotine poisoning,CC BY-NC-SA 4.0,UMLS via SIDER 4.1,http://identifiers.org/umls/C0238311
C0235792,Breast pain male,CC BY-NC-SA 4.0,UMLS via SIDER 4.1,http://identifiers.org/umls/C0235792
C0151889,Hyperreflexia,CC BY-NC-SA 4.0,UMLS via SIDER 4.1,http://identifiers.org/umls/C0151889
C0029925,Ovarian carcinoma,CC BY-NC-SA 4.0,UMLS via SIDER 4.1,http://identifiers.org/umls/C0029925
C0877197,Numbness lips,CC BY-NC-SA 4.0,UMLS via SIDER 4.1,http://identifiers.org/umls/C0877197
C0005001,Benign prostatic hypertrophy,CC BY-NC-SA 4.0,UMLS via SIDER 4.1,http://identifiers.org/umls/C0005001
C0474378,Hair colour changes,CC BY-NC-SA 4.0,UMLS via SIDER 4.1,http://identifiers.org/umls/C0474378
C0005826,Blood pressure abnormal,CC BY-NC-SA 4.0,UMLS via SIDER 4.1,http://identifiers.org/umls/C0005826
C0151728,Immunoglobulins decreased,CC BY-NC-SA 4.0,UMLS via SIDER 4.1,http://identifiers.org/umls/C0151728
C0341335,Cytomegalovirus colitis,CC BY-NC-SA 4.0,UMLS via SIDER 4.1,http://identifiers.org/umls/C0341335
C2062908,Gout acute,CC BY-NC-SA 4.0,UMLS via SIDER 4.1,http://identifiers.org/umls/C2062908
C0008311,Cholangitis,CC BY-NC-SA 4.0,UMLS via SIDER 4.1,http://identifiers.org/umls/C0008311
C1510410,Parosmia,CC BY-NC-SA 4.0,UMLS via SIDER 4.1,http://identifiers.org/umls/C1510410
C0855217,Lack of spontaneous speech,CC BY-NC-SA 4.0,UMLS via SIDER 4.1,http://identifiers.org/umls/C0855217
C1412002,Atypical pneumonia,CC BY-NC-SA 4.0,UMLS via SIDER 4.1,http://identifiers.org/umls/C1412002
C0409497,Joint injury,CC BY-NC-SA 4.0,UMLS via SIDER 4.1,http://identifiers.org/umls/C0409497
C0014583,Episcleritis,CC BY-NC-SA 4.0,UMLS via SIDER 4.1,http://identifiers.org/umls/C0014583
C0233472,Affect lability,CC BY-NC-SA 4.0,UMLS via SIDER 4.1,http://identifiers.org/umls/C0233472
C0578682,Eyebrow loss of,CC BY-NC-SA 4.0,UMLS via SIDER 4.1,http://identifiers.org/umls/C0578682
C0281963,Red cell aplasia,CC BY-NC-SA 4.0,UMLS via SIDER 4.1,http://identifiers.org/umls/C0281963
C0151565,Hemorrhagic colitis,CC BY-NC-SA 4.0,UMLS via SIDER 4.1,http://identifiers.org/umls/C0151565
C1141890,Long QT syndrome congenital,CC BY-NC-SA 4.0,UMLS via SIDER 4.1,http://identifiers.org/umls/C1141890
C1112626,Allergic exanthema,CC BY-NC-SA 4.0,UMLS via SIDER 4.1,http://identifiers.org/umls/C1112626
C0235340,Buccal inflammation,CC BY-NC-SA 4.0,UMLS via SIDER 4.1,http://identifiers.org/umls/C0235340
C0241012,Serum ferritin decreased,CC BY-NC-SA 4.0,UMLS via SIDER 4.1,http://identifiers.org/umls/C0241012
C0872380,Food craving,CC BY-NC-SA 4.0,UMLS via SIDER 4.1,http://identifiers.org/umls/C0872380
C0948817,Catheter site inflammation,CC BY-NC-SA 4.0,UMLS via SIDER 4.1,http://identifiers.org/umls/C0948817
C0019555,Developmental hip dysplasia,CC BY-NC-SA 4.0,UMLS via SIDER 4.1,http://identifiers.org/umls/C0019555
C1561230,Soft tissue necrosis,CC BY-NC-SA 4.0,UMLS via SIDER 4.1,http://identifiers.org/umls/C1561230
C0270327,Nocturnal enuresis,CC BY-NC-SA 4.0,UMLS via SIDER 4.1,http://identifiers.org/umls/C0270327
C0233718,Pressure of speech,CC BY-NC-SA 4.0,UMLS via SIDER 4.1,http://identifiers.org/umls/C0233718
C0042740,Viral syndrome,CC BY-NC-SA 4.0,UMLS via SIDER 4.1,http://identifiers.org/umls/C0042740
C1390484,Skull hypoplasia,CC BY-NC-SA 4.0,UMLS via SIDER 4.1,http://identifiers.org/umls/C1390484
C0271412,Ear haemorrhage,CC BY-NC-SA 4.0,UMLS via SIDER 4.1,http://identifiers.org/umls/C0271412
C2242595,Mucosal atrophy,CC BY-NC-SA 4.0,UMLS via SIDER 4.1,http://identifiers.org/umls/C2242595
C0267994,"Disorders of fluid, electrolyte and acid-base balance",CC BY-NC-SA 4.0,UMLS via SIDER 4.1,http://identifiers.org/umls/C0267994
C0302813,Lactase deficiency,CC BY-NC-SA 4.0,UMLS via SIDER 4.1,http://identifiers.org/umls/C0302813
C0520547,Poor peripheral circulation,CC BY-NC-SA 4.0,UMLS via SIDER 4.1,http://identifiers.org/umls/C0520547
C0004509,Azoospermia,CC BY-NC-SA 4.0,UMLS via SIDER 4.1,http://identifiers.org/umls/C0004509
C0235922,Breast neoplasm benign female,CC BY-NC-SA 4.0,UMLS via SIDER 4.1,http://identifiers.org/umls/C0235922
C0241069,Skin erosion,CC BY-NC-SA 4.0,UMLS via SIDER 4.1,http://identifiers.org/umls/C0241069
C0151547,Cataract specified,CC BY-NC-SA 4.0,UMLS via SIDER 4.1,http://identifiers.org/umls/C0151547
C0549202,Chapped skin,CC BY-NC-SA 4.0,UMLS via SIDER 4.1,http://identifiers.org/umls/C0549202
C0595876,Calcium intoxication,CC BY-NC-SA 4.0,UMLS via SIDER 4.1,http://identifiers.org/umls/C0595876
C0043345,Xeroderma,CC BY-NC-SA 4.0,UMLS via SIDER 4.1,http://identifiers.org/umls/C0043345
C0032768,Post herpetic neuralgia,CC BY-NC-SA 4.0,UMLS via SIDER 4.1,http://identifiers.org/umls/C0032768
C1458155,Breast neoplasm,CC BY-NC-SA 4.0,UMLS via SIDER 4.1,http://identifiers.org/umls/C1458155
C0541819,Burning rectal,CC BY-NC-SA 4.0,UMLS via SIDER 4.1,http://identifiers.org/umls/C0541819
C0018939,Blood disorder,CC BY-NC-SA 4.0,UMLS via SIDER 4.1,http://identifiers.org/umls/C0018939
C0023890,Hepatic cirrhosis,CC BY-NC-SA 4.0,UMLS via SIDER 4.1,http://identifiers.org/umls/C0023890
C0016167,Anal fissure,CC BY-NC-SA 4.0,UMLS via SIDER 4.1,http://identifiers.org/umls/C0016167
C0221147,Platelet production decreased,CC BY-NC-SA 4.0,UMLS via SIDER 4.1,http://identifiers.org/umls/C0221147
C0235002,Head discomfort,CC BY-NC-SA 4.0,UMLS via SIDER 4.1,http://identifiers.org/umls/C0235002
C0241863,Diabetic,CC BY-NC-SA 4.0,UMLS via SIDER 4.1,http://identifiers.org/umls/C0241863
C2242588,Traumatic liver injury,CC BY-NC-SA 4.0,UMLS via SIDER 4.1,http://identifiers.org/umls/C2242588
C0854082,Blood prolactin increased,CC BY-NC-SA 4.0,UMLS via SIDER 4.1,http://identifiers.org/umls/C0854082
C0029877,Otitis,CC BY-NC-SA 4.0,UMLS via SIDER 4.1,http://identifiers.org/umls/C0029877
C0564622,Albumin urine present,CC BY-NC-SA 4.0,UMLS via SIDER 4.1,http://identifiers.org/umls/C0564622
C2826318,Refractory cytopenia with unilineage dysplasia,CC BY-NC-SA 4.0,UMLS via SIDER 4.1,http://identifiers.org/umls/C2826318
C0341702,Fanconi syndrome acquired,CC BY-NC-SA 4.0,UMLS via SIDER 4.1,http://identifiers.org/umls/C0341702
C0853746,Blood creatinine abnormal,CC BY-NC-SA 4.0,UMLS via SIDER 4.1,http://identifiers.org/umls/C0853746
C0020440,Hypercapnia,CC BY-NC-SA 4.0,UMLS via SIDER 4.1,http://identifiers.org/umls/C0020440
C0036651,Solar lentigo,CC BY-NC-SA 4.0,UMLS via SIDER 4.1,http://identifiers.org/umls/C0036651
C0023648,Bullous lichen planus,CC BY-NC-SA 4.0,UMLS via SIDER 4.1,http://identifiers.org/umls/C0023648
C0854380,Blood insulin decreased,CC BY-NC-SA 4.0,UMLS via SIDER 4.1,http://identifiers.org/umls/C0854380
C0009443,Common cold,CC BY-NC-SA 4.0,UMLS via SIDER 4.1,http://identifiers.org/umls/C0009443
C0596170,Binge eating,CC BY-NC-SA 4.0,UMLS via SIDER 4.1,http://identifiers.org/umls/C0596170
C0948031,Primary graft dysfunction,CC BY-NC-SA 4.0,UMLS via SIDER 4.1,http://identifiers.org/umls/C0948031
C0026919,Atypical mycobacterial infection,CC BY-NC-SA 4.0,UMLS via SIDER 4.1,http://identifiers.org/umls/C0026919
C1527401,Shock insulin,CC BY-NC-SA 4.0,UMLS via SIDER 4.1,http://identifiers.org/umls/C1527401
C0158322,Calcaneal spur,CC BY-NC-SA 4.0,UMLS via SIDER 4.1,http://identifiers.org/umls/C0158322
C0270612,Leukoencephalopathy,CC BY-NC-SA 4.0,UMLS via SIDER 4.1,http://identifiers.org/umls/C0270612
C0155111,Bullous keratopathy,CC BY-NC-SA 4.0,UMLS via SIDER 4.1,http://identifiers.org/umls/C0155111
C0268435,Proximal renal tubular acidosis,CC BY-NC-SA 4.0,UMLS via SIDER 4.1,http://identifiers.org/umls/C0268435
C0042065,Genitourinary tract neoplasm,CC BY-NC-SA 4.0,UMLS via SIDER 4.1,http://identifiers.org/umls/C0042065
C0424810,Periorbital swelling,CC BY-NC-SA 4.0,UMLS via SIDER 4.1,http://identifiers.org/umls/C0424810
C0877635,Cytomegalovirus viraemia,CC BY-NC-SA 4.0,UMLS via SIDER 4.1,http://identifiers.org/umls/C0877635
C1535849,Application site induration,CC BY-NC-SA 4.0,UMLS via SIDER 4.1,http://identifiers.org/umls/C1535849
C0156384,Vaginal dysplasia,CC BY-NC-SA 4.0,UMLS via SIDER 4.1,http://identifiers.org/umls/C0156384
C0339293,Corneal perforation,CC BY-NC-SA 4.0,UMLS via SIDER 4.1,http://identifiers.org/umls/C0339293
C0007867,Cervix disorder,CC BY-NC-SA 4.0,UMLS via SIDER 4.1,http://identifiers.org/umls/C0007867
C0398623,Thrombophilia,CC BY-NC-SA 4.0,UMLS via SIDER 4.1,http://identifiers.org/umls/C0398623
C0033117,Priapism,CC BY-NC-SA 4.0,UMLS via SIDER 4.1,http://identifiers.org/umls/C0033117
C0426900,Tibial torsion,CC BY-NC-SA 4.0,UMLS via SIDER 4.1,http://identifiers.org/umls/C0426900
C0549452,Localised skin reaction,CC BY-NC-SA 4.0,UMLS via SIDER 4.1,http://identifiers.org/umls/C0549452
C0042376,Vascular headache,CC BY-NC-SA 4.0,UMLS via SIDER 4.1,http://identifiers.org/umls/C0042376
C0948525,Musculoskeletal stiffness,CC BY-NC-SA 4.0,UMLS via SIDER 4.1,http://identifiers.org/umls/C0948525
C0239779,Grimacing,CC BY-NC-SA 4.0,UMLS via SIDER 4.1,http://identifiers.org/umls/C0239779
C0267841,Acalculous cholecystitis,CC BY-NC-SA 4.0,UMLS via SIDER 4.1,http://identifiers.org/umls/C0267841
C0027765,Nervous system disorder,CC BY-NC-SA 4.0,UMLS via SIDER 4.1,http://identifiers.org/umls/C0027765
C0235770,Malignant ovarian cyst,CC BY-NC-SA 4.0,UMLS via SIDER 4.1,http://identifiers.org/umls/C0235770
C0015806,Femoral neck fracture,CC BY-NC-SA 4.0,UMLS via SIDER 4.1,http://identifiers.org/umls/C0015806
C0277525,Gastric flu,CC BY-NC-SA 4.0,UMLS via SIDER 4.1,http://identifiers.org/umls/C0277525
C0554309,Azotemia prerenal,CC BY-NC-SA 4.0,UMLS via SIDER 4.1,http://identifiers.org/umls/C0554309
C2129214,Loose stools,CC BY-NC-SA 4.0,UMLS via SIDER 4.1,http://identifiers.org/umls/C2129214
C0745754,Hepatic granuloma,CC BY-NC-SA 4.0,UMLS via SIDER 4.1,http://identifiers.org/umls/C0745754
C0151580,Crystalluria calcium,CC BY-NC-SA 4.0,UMLS via SIDER 4.1,http://identifiers.org/umls/C0151580
C0403447,Chronic renal insufficiency,CC BY-NC-SA 4.0,UMLS via SIDER 4.1,http://identifiers.org/umls/C0403447
C0151714,Hypermagnesaemia,CC BY-NC-SA 4.0,UMLS via SIDER 4.1,http://identifiers.org/umls/C0151714
C1142446,Bicytopenia,CC BY-NC-SA 4.0,UMLS via SIDER 4.1,http://identifiers.org/umls/C1142446
C0339961,Pneumonia fungal,CC BY-NC-SA 4.0,UMLS via SIDER 4.1,http://identifiers.org/umls/C0339961
C0919823,Cytolytic hepatitis,CC BY-NC-SA 4.0,UMLS via SIDER 4.1,http://identifiers.org/umls/C0919823
C0877359,Raised liver function tests,CC BY-NC-SA 4.0,UMLS via SIDER 4.1,http://identifiers.org/umls/C0877359
C0151622,Endometrial disorder,CC BY-NC-SA 4.0,UMLS via SIDER 4.1,http://identifiers.org/umls/C0151622
C0458104,Genital pain male,CC BY-NC-SA 4.0,UMLS via SIDER 4.1,http://identifiers.org/umls/C0458104
C0007773,Cerebral arteritis,CC BY-NC-SA 4.0,UMLS via SIDER 4.1,http://identifiers.org/umls/C0007773
C0042380,Vascular resistance,CC BY-NC-SA 4.0,UMLS via SIDER 4.1,http://identifiers.org/umls/C0042380
C0018133,Graft versus host disease,CC BY-NC-SA 4.0,UMLS via SIDER 4.1,http://identifiers.org/umls/C0018133
C1262013,Recall phenomenon,CC BY-NC-SA 4.0,UMLS via SIDER 4.1,http://identifiers.org/umls/C1262013
C1096278,Anterior chamber inflammation,CC BY-NC-SA 4.0,UMLS via SIDER 4.1,http://identifiers.org/umls/C1096278
C0013537,Eclampsia,CC BY-NC-SA 4.0,UMLS via SIDER 4.1,http://identifiers.org/umls/C0013537
C0019623,Malignant histiocytosis,CC BY-NC-SA 4.0,UMLS via SIDER 4.1,http://identifiers.org/umls/C0019623
C0019061,Haemolytic uraemic syndrome,CC BY-NC-SA 4.0,UMLS via SIDER 4.1,http://identifiers.org/umls/C0019061
C0011606,Dermatitis exfoliative,CC BY-NC-SA 4.0,UMLS via SIDER 4.1,http://identifiers.org/umls/C0011606
C0877334,Arterial stenosis limb,CC BY-NC-SA 4.0,UMLS via SIDER 4.1,http://identifiers.org/umls/C0877334
C0333258,Lymphorrhoea,CC BY-NC-SA 4.0,UMLS via SIDER 4.1,http://identifiers.org/umls/C0333258
C0917801,Insomnia,CC BY-NC-SA 4.0,UMLS via SIDER 4.1,http://identifiers.org/umls/C0917801
C0747102,Ovarian failure,CC BY-NC-SA 4.0,UMLS via SIDER 4.1,http://identifiers.org/umls/C0747102
C1735601,Floppy iris syndrome,CC BY-NC-SA 4.0,UMLS via SIDER 4.1,http://identifiers.org/umls/C1735601
C0151539,Blood urea increased,CC BY-NC-SA 4.0,UMLS via SIDER 4.1,http://identifiers.org/umls/C0151539
C0008733,Chylothorax,CC BY-NC-SA 4.0,UMLS via SIDER 4.1,http://identifiers.org/umls/C0008733
C0009918,Joint contracture,CC BY-NC-SA 4.0,UMLS via SIDER 4.1,http://identifiers.org/umls/C0009918
C1739111,Foetal anticonvulsant syndrome,CC BY-NC-SA 4.0,UMLS via SIDER 4.1,http://identifiers.org/umls/C1739111
C0519030,Pneumonia klebsiella,CC BY-NC-SA 4.0,UMLS via SIDER 4.1,http://identifiers.org/umls/C0519030
C1141948,Troponin increased,CC BY-NC-SA 4.0,UMLS via SIDER 4.1,http://identifiers.org/umls/C1141948
C1096670,Antitussive therapy,CC BY-NC-SA 4.0,UMLS via SIDER 4.1,http://identifiers.org/umls/C1096670
C1141884,Head lag abnormal,CC BY-NC-SA 4.0,UMLS via SIDER 4.1,http://identifiers.org/umls/C1141884
C0152154,Prolonged labour,CC BY-NC-SA 4.0,UMLS via SIDER 4.1,http://identifiers.org/umls/C0152154
C0851578,Sleep disorder,CC BY-NC-SA 4.0,UMLS via SIDER 4.1,http://identifiers.org/umls/C0851578
C0574770,Body hair loss,CC BY-NC-SA 4.0,UMLS via SIDER 4.1,http://identifiers.org/umls/C0574770
C1167675,Application site folliculitis,CC BY-NC-SA 4.0,UMLS via SIDER 4.1,http://identifiers.org/umls/C1167675
C1328375,Application site discomfort,CC BY-NC-SA 4.0,UMLS via SIDER 4.1,http://identifiers.org/umls/C1328375
C0270075,Unspecified condition originating in the perinatal period,CC BY-NC-SA 4.0,UMLS via SIDER 4.1,http://identifiers.org/umls/C0270075
C0037578,Soft tissue injury,CC BY-NC-SA 4.0,UMLS via SIDER 4.1,http://identifiers.org/umls/C0037578
C0241028,Sexually active,CC BY-NC-SA 4.0,UMLS via SIDER 4.1,http://identifiers.org/umls/C0241028
C0034072,Cor pulmonale,CC BY-NC-SA 4.0,UMLS via SIDER 4.1,http://identifiers.org/umls/C0034072
C0936223,Prostate cancer metastatic,CC BY-NC-SA 4.0,UMLS via SIDER 4.1,http://identifiers.org/umls/C0936223
C0027066,Myoclonus,CC BY-NC-SA 4.0,UMLS via SIDER 4.1,http://identifiers.org/umls/C0027066
C0264886,Conduction disorder,CC BY-NC-SA 4.0,UMLS via SIDER 4.1,http://identifiers.org/umls/C0264886
C0234193,Sensation of heat,CC BY-NC-SA 4.0,UMLS via SIDER 4.1,http://identifiers.org/umls/C0234193
C0162275,Ketonuria,CC BY-NC-SA 4.0,UMLS via SIDER 4.1,http://identifiers.org/umls/C0162275
C0497247,Blood pressure increased,CC BY-NC-SA 4.0,UMLS via SIDER 4.1,http://identifiers.org/umls/C0497247
C0476463,Found dead,CC BY-NC-SA 4.0,UMLS via SIDER 4.1,http://identifiers.org/umls/C0476463
C0151468,Thyroid adenoma,CC BY-NC-SA 4.0,UMLS via SIDER 4.1,http://identifiers.org/umls/C0151468
C0863084,Skin discomfort,CC BY-NC-SA 4.0,UMLS via SIDER 4.1,http://identifiers.org/umls/C0863084
C0005398,Cholestasis extrahepatic,CC BY-NC-SA 4.0,UMLS via SIDER 4.1,http://identifiers.org/umls/C0005398
C0008526,Choroiditis,CC BY-NC-SA 4.0,UMLS via SIDER 4.1,http://identifiers.org/umls/C0008526
C0748538,Scleral pigmentation,CC BY-NC-SA 4.0,UMLS via SIDER 4.1,http://identifiers.org/umls/C0748538
C0085648,Synovial cyst,CC BY-NC-SA 4.0,UMLS via SIDER 4.1,http://identifiers.org/umls/C0085648
C0152171,Primary pulmonary hypertension,CC BY-NC-SA 4.0,UMLS via SIDER 4.1,http://identifiers.org/umls/C0152171
C0085128,Cardiac output increased,CC BY-NC-SA 4.0,UMLS via SIDER 4.1,http://identifiers.org/umls/C0085128
C2721578,Pulmonary oil microembolism,CC BY-NC-SA 4.0,UMLS via SIDER 4.1,http://identifiers.org/umls/C2721578
C0239946,Hepatic fibrosis,CC BY-NC-SA 4.0,UMLS via SIDER 4.1,http://identifiers.org/umls/C0239946
C0158369,Swelling of limb,CC BY-NC-SA 4.0,UMLS via SIDER 4.1,http://identifiers.org/umls/C0158369
C0423281,Anterior chamber flare,CC BY-NC-SA 4.0,UMLS via SIDER 4.1,http://identifiers.org/umls/C0423281
C0549419,Skin fragility,CC BY-NC-SA 4.0,UMLS via SIDER 4.1,http://identifiers.org/umls/C0549419
C0007863,Occipital neuralgia,CC BY-NC-SA 4.0,UMLS via SIDER 4.1,http://identifiers.org/umls/C0007863
C0231557,Bone development abnormal,CC BY-NC-SA 4.0,UMLS via SIDER 4.1,http://identifiers.org/umls/C0231557
C0151738,Large intestine perforation,CC BY-NC-SA 4.0,UMLS via SIDER 4.1,http://identifiers.org/umls/C0151738
C0856825,Acute graft versus host disease,CC BY-NC-SA 4.0,UMLS via SIDER 4.1,http://identifiers.org/umls/C0856825
C0852928,Insomnia exacerbated,CC BY-NC-SA 4.0,UMLS via SIDER 4.1,http://identifiers.org/umls/C0852928
C0149937,Acute interstitial nephritis,CC BY-NC-SA 4.0,UMLS via SIDER 4.1,http://identifiers.org/umls/C0149937
C0034634,Rage,CC BY-NC-SA 4.0,UMLS via SIDER 4.1,http://identifiers.org/umls/C0034634
C1262200,Cerebrovascular infarction,CC BY-NC-SA 4.0,UMLS via SIDER 4.1,http://identifiers.org/umls/C1262200
C0151765,Liver fatty deposition,CC BY-NC-SA 4.0,UMLS via SIDER 4.1,http://identifiers.org/umls/C0151765
C0235129,Feeling strange,CC BY-NC-SA 4.0,UMLS via SIDER 4.1,http://identifiers.org/umls/C0235129
C0314719,Dry eye,CC BY-NC-SA 4.0,UMLS via SIDER 4.1,http://identifiers.org/umls/C0314719
C0038363,Aphthous stomatitis,CC BY-NC-SA 4.0,UMLS via SIDER 4.1,http://identifiers.org/umls/C0038363
C0239295,Oesophageal candidiasis,CC BY-NC-SA 4.0,UMLS via SIDER 4.1,http://identifiers.org/umls/C0239295
C0151620,Hypertensive encephalopathy,CC BY-NC-SA 4.0,UMLS via SIDER 4.1,http://identifiers.org/umls/C0151620
C1321523,Wandering pacemaker,CC BY-NC-SA 4.0,UMLS via SIDER 4.1,http://identifiers.org/umls/C1321523
C1262022,Freezing phenomenon,CC BY-NC-SA 4.0,UMLS via SIDER 4.1,http://identifiers.org/umls/C1262022
C0241832,Cerebrovascular insufficiency,CC BY-NC-SA 4.0,UMLS via SIDER 4.1,http://identifiers.org/umls/C0241832
C0026985,Myelodysplasia,CC BY-NC-SA 4.0,UMLS via SIDER 4.1,http://identifiers.org/umls/C0026985
C0549450,Oesophageal reflux aggravated,CC BY-NC-SA 4.0,UMLS via SIDER 4.1,http://identifiers.org/umls/C0549450
C0151685,Growth accelerated,CC BY-NC-SA 4.0,UMLS via SIDER 4.1,http://identifiers.org/umls/C0151685
C0151606,Oedema labial genital,CC BY-NC-SA 4.0,UMLS via SIDER 4.1,http://identifiers.org/umls/C0151606
C0152196,Spasm of accommodation,CC BY-NC-SA 4.0,UMLS via SIDER 4.1,http://identifiers.org/umls/C0152196
C0005695,Bladder neoplasm,CC BY-NC-SA 4.0,UMLS via SIDER 4.1,http://identifiers.org/umls/C0005695
C0279637,Anal cancer,CC BY-NC-SA 4.0,UMLS via SIDER 4.1,http://identifiers.org/umls/C0279637
C0239591,Paresthesia of fingers,CC BY-NC-SA 4.0,UMLS via SIDER 4.1,http://identifiers.org/umls/C0239591
C0023223,Leg ulcer,CC BY-NC-SA 4.0,UMLS via SIDER 4.1,http://identifiers.org/umls/C0023223
C1504376,Unresponsive to verbal stimuli,CC BY-NC-SA 4.0,UMLS via SIDER 4.1,http://identifiers.org/umls/C1504376
C0085632,Apathy,CC BY-NC-SA 4.0,UMLS via SIDER 4.1,http://identifiers.org/umls/C0085632
C0040409,Tongue disorder,CC BY-NC-SA 4.0,UMLS via SIDER 4.1,http://identifiers.org/umls/C0040409
C0037997,Spleen disorder,CC BY-NC-SA 4.0,UMLS via SIDER 4.1,http://identifiers.org/umls/C0037997
C0242172,Pelvic inflammatory disease,CC BY-NC-SA 4.0,UMLS via SIDER 4.1,http://identifiers.org/umls/C0242172
C0042996,Vulvitis,CC BY-NC-SA 4.0,UMLS via SIDER 4.1,http://identifiers.org/umls/C0042996
C0264906,Atrioventricular block second degree,CC BY-NC-SA 4.0,UMLS via SIDER 4.1,http://identifiers.org/umls/C0264906
C0235880,Mononeuritis,CC BY-NC-SA 4.0,UMLS via SIDER 4.1,http://identifiers.org/umls/C0235880
C0854286,Eyelid function disorder,CC BY-NC-SA 4.0,UMLS via SIDER 4.1,http://identifiers.org/umls/C0854286
C0221228,Comedone,CC BY-NC-SA 4.0,UMLS via SIDER 4.1,http://identifiers.org/umls/C0221228
C0235097,Withdrawal seizures,CC BY-NC-SA 4.0,UMLS via SIDER 4.1,http://identifiers.org/umls/C0235097
C0497481,Penile pain,CC BY-NC-SA 4.0,UMLS via SIDER 4.1,http://identifiers.org/umls/C0497481
C0024282,Lymphocytosis,CC BY-NC-SA 4.0,UMLS via SIDER 4.1,http://identifiers.org/umls/C0024282
C1619733,Gout flare,CC BY-NC-SA 4.0,UMLS via SIDER 4.1,http://identifiers.org/umls/C1619733
C0085119,Ulcer foot,CC BY-NC-SA 4.0,UMLS via SIDER 4.1,http://identifiers.org/umls/C0085119
C0022650,Calculus of kidney,CC BY-NC-SA 4.0,UMLS via SIDER 4.1,http://identifiers.org/umls/C0022650
C0392167,Drug effect prolonged,CC BY-NC-SA 4.0,UMLS via SIDER 4.1,http://identifiers.org/umls/C0392167
C0014743,Erythema nodosum,CC BY-NC-SA 4.0,UMLS via SIDER 4.1,http://identifiers.org/umls/C0014743
C0241137,Pallor of skin,CC BY-NC-SA 4.0,UMLS via SIDER 4.1,http://identifiers.org/umls/C0241137
C0019123,Haemothorax,CC BY-NC-SA 4.0,UMLS via SIDER 4.1,http://identifiers.org/umls/C0019123
C0853926,Dyspepsia aggravated,CC BY-NC-SA 4.0,UMLS via SIDER 4.1,http://identifiers.org/umls/C0853926
C0030409,Paracoccidioides infection,CC BY-NC-SA 4.0,UMLS via SIDER 4.1,http://identifiers.org/umls/C0030409
C0016522,Foramen ovale patent,CC BY-NC-SA 4.0,UMLS via SIDER 4.1,http://identifiers.org/umls/C0016522
C0085661,Onycholysis,CC BY-NC-SA 4.0,UMLS via SIDER 4.1,http://identifiers.org/umls/C0085661
C1264613,Gastrointestinal infection,CC BY-NC-SA 4.0,UMLS via SIDER 4.1,http://identifiers.org/umls/C1264613
C0033953,Psychosexual disorder,CC BY-NC-SA 4.0,UMLS via SIDER 4.1,http://identifiers.org/umls/C0033953
C1412000,Mesenteric vascular insufficiency,CC BY-NC-SA 4.0,UMLS via SIDER 4.1,http://identifiers.org/umls/C1412000
C0151514,Skin atrophy,CC BY-NC-SA 4.0,UMLS via SIDER 4.1,http://identifiers.org/umls/C0151514
C0085271,Self injurious behaviour,CC BY-NC-SA 4.0,UMLS via SIDER 4.1,http://identifiers.org/umls/C0085271
C0002063,Alkalosis,CC BY-NC-SA 4.0,UMLS via SIDER 4.1,http://identifiers.org/umls/C0002063
C0013132,Drooling,CC BY-NC-SA 4.0,UMLS via SIDER 4.1,http://identifiers.org/umls/C0013132
C0151585,Deafness permanent,CC BY-NC-SA 4.0,UMLS via SIDER 4.1,http://identifiers.org/umls/C0151585
C0235807,Hair texture abnormal,CC BY-NC-SA 4.0,UMLS via SIDER 4.1,http://identifiers.org/umls/C0235807
C1306571,Hepatic insufficiency,CC BY-NC-SA 4.0,UMLS via SIDER 4.1,http://identifiers.org/umls/C1306571
C0085160,Hidradenitis,CC BY-NC-SA 4.0,UMLS via SIDER 4.1,http://identifiers.org/umls/C0085160
C0030299,Pancreatic pseudocyst,CC BY-NC-SA 4.0,UMLS via SIDER 4.1,http://identifiers.org/umls/C0030299
C0012241,Gastrointestinal malformation,CC BY-NC-SA 4.0,UMLS via SIDER 4.1,http://identifiers.org/umls/C0012241
C0576093,Genu valgum,CC BY-NC-SA 4.0,UMLS via SIDER 4.1,http://identifiers.org/umls/C0576093
C0393947,Cholinergic crisis,CC BY-NC-SA 4.0,UMLS via SIDER 4.1,http://identifiers.org/umls/C0393947
C1268766,Change in blood pressure,CC BY-NC-SA 4.0,UMLS via SIDER 4.1,http://identifiers.org/umls/C1268766
C1112565,Pneumatosis intestinalis,CC BY-NC-SA 4.0,UMLS via SIDER 4.1,http://identifiers.org/umls/C1112565
C0558368,Vaginal irritation,CC BY-NC-SA 4.0,UMLS via SIDER 4.1,http://identifiers.org/umls/C0558368
C0741553,Hemorrhage abnormal,CC BY-NC-SA 4.0,UMLS via SIDER 4.1,http://identifiers.org/umls/C0741553
C0162529,Colitis ischaemic,CC BY-NC-SA 4.0,UMLS via SIDER 4.1,http://identifiers.org/umls/C0162529
C0232097,Volume plasma increased,CC BY-NC-SA 4.0,UMLS via SIDER 4.1,http://identifiers.org/umls/C0232097
C0221255,Calcification metastatic,CC BY-NC-SA 4.0,UMLS via SIDER 4.1,http://identifiers.org/umls/C0221255
C0341318,Enterocutaneous fistula,CC BY-NC-SA 4.0,UMLS via SIDER 4.1,http://identifiers.org/umls/C0341318
C0848648,Fungal rash,CC BY-NC-SA 4.0,UMLS via SIDER 4.1,http://identifiers.org/umls/C0848648
C1536055,Drug administration error,CC BY-NC-SA 4.0,UMLS via SIDER 4.1,http://identifiers.org/umls/C1536055
C0302832,Obsessional neurosis,CC BY-NC-SA 4.0,UMLS via SIDER 4.1,http://identifiers.org/umls/C0302832
C0341163,Gastric ulcer perforation,CC BY-NC-SA 4.0,UMLS via SIDER 4.1,http://identifiers.org/umls/C0341163
C0423791,Rash maculo-papular,CC BY-NC-SA 4.0,UMLS via SIDER 4.1,http://identifiers.org/umls/C0423791
C0233796,Amnesia transient,CC BY-NC-SA 4.0,UMLS via SIDER 4.1,http://identifiers.org/umls/C0233796
C1536075,Sudden unexplained death in epilepsy,CC BY-NC-SA 4.0,UMLS via SIDER 4.1,http://identifiers.org/umls/C1536075
C0677658,Breast disorder female,CC BY-NC-SA 4.0,UMLS via SIDER 4.1,http://identifiers.org/umls/C0677658
C0017178,Gastrointestinal disorder,CC BY-NC-SA 4.0,UMLS via SIDER 4.1,http://identifiers.org/umls/C0017178
C0022672,Nephrosis lower nephron,CC BY-NC-SA 4.0,UMLS via SIDER 4.1,http://identifiers.org/umls/C0022672
C0948522,Ocular vascular disorder,CC BY-NC-SA 4.0,UMLS via SIDER 4.1,http://identifiers.org/umls/C0948522
C0035229,Respiratory insufficiency,CC BY-NC-SA 4.0,UMLS via SIDER 4.1,http://identifiers.org/umls/C0035229
C0541772,Ammonia increased,CC BY-NC-SA 4.0,UMLS via SIDER 4.1,http://identifiers.org/umls/C0541772
C0026113,Miliaria,CC BY-NC-SA 4.0,UMLS via SIDER 4.1,http://identifiers.org/umls/C0026113
C0236023,Periodontal destruction,CC BY-NC-SA 4.0,UMLS via SIDER 4.1,http://identifiers.org/umls/C0236023
C0160087,Ankle sprain,CC BY-NC-SA 4.0,UMLS via SIDER 4.1,http://identifiers.org/umls/C0160087
C0033046,Premenstrual syndrome,CC BY-NC-SA 4.0,UMLS via SIDER 4.1,http://identifiers.org/umls/C0033046
C0699790,Carcinoma colon,CC BY-NC-SA 4.0,UMLS via SIDER 4.1,http://identifiers.org/umls/C0699790
C0949083,Nosocomial pneumonia,CC BY-NC-SA 4.0,UMLS via SIDER 4.1,http://identifiers.org/umls/C0949083
C0522171,Sense of oppression,CC BY-NC-SA 4.0,UMLS via SIDER 4.1,http://identifiers.org/umls/C0522171
C0016655,Multiple fractures,CC BY-NC-SA 4.0,UMLS via SIDER 4.1,http://identifiers.org/umls/C0016655
C0240941,Itchy scalp,CC BY-NC-SA 4.0,UMLS via SIDER 4.1,http://identifiers.org/umls/C0240941
C0919737,Platelet aggregation inhibition,CC BY-NC-SA 4.0,UMLS via SIDER 4.1,http://identifiers.org/umls/C0919737
C0012569,Diplopia,CC BY-NC-SA 4.0,UMLS via SIDER 4.1,http://identifiers.org/umls/C0012569
C0149931,Migraine,CC BY-NC-SA 4.0,UMLS via SIDER 4.1,http://identifiers.org/umls/C0149931
C0161479,Nerve injury,CC BY-NC-SA 4.0,UMLS via SIDER 4.1,http://identifiers.org/umls/C0161479
C0405479,Nipple disorder,CC BY-NC-SA 4.0,UMLS via SIDER 4.1,http://identifiers.org/umls/C0405479
C0034951,Refraction disorder,CC BY-NC-SA 4.0,UMLS via SIDER 4.1,http://identifiers.org/umls/C0034951
C0006625,Cachexia,CC BY-NC-SA 4.0,UMLS via SIDER 4.1,http://identifiers.org/umls/C0006625
C0549428,Nicotinic effects,CC BY-NC-SA 4.0,UMLS via SIDER 4.1,http://identifiers.org/umls/C0549428
C0856081,Restlessness aggravated,CC BY-NC-SA 4.0,UMLS via SIDER 4.1,http://identifiers.org/umls/C0856081
C0520559,Numbness of tongue,CC BY-NC-SA 4.0,UMLS via SIDER 4.1,http://identifiers.org/umls/C0520559
C0036983,Septic shock,CC BY-NC-SA 4.0,UMLS via SIDER 4.1,http://identifiers.org/umls/C0036983
C0013144,Drowsiness,CC BY-NC-SA 4.0,UMLS via SIDER 4.1,http://identifiers.org/umls/C0013144
C0040252,Body tinea,CC BY-NC-SA 4.0,UMLS via SIDER 4.1,http://identifiers.org/umls/C0040252
C0155773,Portal vein thrombosis,CC BY-NC-SA 4.0,UMLS via SIDER 4.1,http://identifiers.org/umls/C0155773
C0857121,Hypertensive,CC BY-NC-SA 4.0,UMLS via SIDER 4.1,http://identifiers.org/umls/C0857121
C0016508,Congenital foot malformation,CC BY-NC-SA 4.0,UMLS via SIDER 4.1,http://identifiers.org/umls/C0016508
C0948695,White blood cell count low,CC BY-NC-SA 4.0,UMLS via SIDER 4.1,http://identifiers.org/umls/C0948695
C0221777,Nontoxic goiter,CC BY-NC-SA 4.0,UMLS via SIDER 4.1,http://identifiers.org/umls/C0221777
C0004930,Behavior disorder,CC BY-NC-SA 4.0,UMLS via SIDER 4.1,http://identifiers.org/umls/C0004930
C0553731,PRL increased,CC BY-NC-SA 4.0,UMLS via SIDER 4.1,http://identifiers.org/umls/C0553731
C0030587,Paroxysmal atrial tachycardia,CC BY-NC-SA 4.0,UMLS via SIDER 4.1,http://identifiers.org/umls/C0030587
C0235632,Loin pain,CC BY-NC-SA 4.0,UMLS via SIDER 4.1,http://identifiers.org/umls/C0235632
C0027145,Myxoedema,CC BY-NC-SA 4.0,UMLS via SIDER 4.1,http://identifiers.org/umls/C0027145
C0392176,Gastric irritation,CC BY-NC-SA 4.0,UMLS via SIDER 4.1,http://identifiers.org/umls/C0392176
C0856108,Hypercholesterolemia aggravated,CC BY-NC-SA 4.0,UMLS via SIDER 4.1,http://identifiers.org/umls/C0856108
C2939147,Feeling hot,CC BY-NC-SA 4.0,UMLS via SIDER 4.1,http://identifiers.org/umls/C2939147
C0427085,Jerky movement NOS,CC BY-NC-SA 4.0,UMLS via SIDER 4.1,http://identifiers.org/umls/C0427085
C0268030,Acidemia,CC BY-NC-SA 4.0,UMLS via SIDER 4.1,http://identifiers.org/umls/C0268030
C0263111,Perineal abscess,CC BY-NC-SA 4.0,UMLS via SIDER 4.1,http://identifiers.org/umls/C0263111
C0423757,Skin thinness,CC BY-NC-SA 4.0,UMLS via SIDER 4.1,http://identifiers.org/umls/C0423757
C0011304,Demyelination,CC BY-NC-SA 4.0,UMLS via SIDER 4.1,http://identifiers.org/umls/C0011304
C0269002,Penile haemorrhage,CC BY-NC-SA 4.0,UMLS via SIDER 4.1,http://identifiers.org/umls/C0269002
C0497201,Abnormal sensation in eye,CC BY-NC-SA 4.0,UMLS via SIDER 4.1,http://identifiers.org/umls/C0497201
C0150450,Altered state of consciousness,CC BY-NC-SA 4.0,UMLS via SIDER 4.1,http://identifiers.org/umls/C0150450
C0853193,Bipolar I disorder,CC BY-NC-SA 4.0,UMLS via SIDER 4.1,http://identifiers.org/umls/C0853193
C3267019,Central nervous system haemorrhage,CC BY-NC-SA 4.0,UMLS via SIDER 4.1,http://identifiers.org/umls/C3267019
C0034079,Lung nodule,CC BY-NC-SA 4.0,UMLS via SIDER 4.1,http://identifiers.org/umls/C0034079
C0235851,Hyperbilirubinemia aggravated,CC BY-NC-SA 4.0,UMLS via SIDER 4.1,http://identifiers.org/umls/C0235851
C0032788,Postoperative hemorrhage,CC BY-NC-SA 4.0,UMLS via SIDER 4.1,http://identifiers.org/umls/C0032788
C0857751,Erythema multiforme minor,CC BY-NC-SA 4.0,UMLS via SIDER 4.1,http://identifiers.org/umls/C0857751
C1328337,Urethritis noninfective,CC BY-NC-SA 4.0,UMLS via SIDER 4.1,http://identifiers.org/umls/C1328337
C0041466,Typhoid fever,CC BY-NC-SA 4.0,UMLS via SIDER 4.1,http://identifiers.org/umls/C0041466
C0020640,Factor II deficiency,CC BY-NC-SA 4.0,UMLS via SIDER 4.1,http://identifiers.org/umls/C0020640
C0857807,Accidental ingestion,CC BY-NC-SA 4.0,UMLS via SIDER 4.1,http://identifiers.org/umls/C0857807
C0014869,Reflux esophagitis,CC BY-NC-SA 4.0,UMLS via SIDER 4.1,http://identifiers.org/umls/C0014869
C0232197,Cardiac fibrillation,CC BY-NC-SA 4.0,UMLS via SIDER 4.1,http://identifiers.org/umls/C0232197
C0041747,Unintended pregnancy,CC BY-NC-SA 4.0,UMLS via SIDER 4.1,http://identifiers.org/umls/C0041747
C0877042,Graft loss,CC BY-NC-SA 4.0,UMLS via SIDER 4.1,http://identifiers.org/umls/C0877042
C0037301,Skin wrinkling,CC BY-NC-SA 4.0,UMLS via SIDER 4.1,http://identifiers.org/umls/C0037301
C0549369,Pancreatic enzymes increased,CC BY-NC-SA 4.0,UMLS via SIDER 4.1,http://identifiers.org/umls/C0549369
C1455705,Histiocytosis X of lung,CC BY-NC-SA 4.0,UMLS via SIDER 4.1,http://identifiers.org/umls/C1455705
C0041981,Uric acid level increased,CC BY-NC-SA 4.0,UMLS via SIDER 4.1,http://identifiers.org/umls/C0041981
C1096658,Urine phosphorus increased,CC BY-NC-SA 4.0,UMLS via SIDER 4.1,http://identifiers.org/umls/C1096658
C0008728,Allergic granulomatous angiitis,CC BY-NC-SA 4.0,UMLS via SIDER 4.1,http://identifiers.org/umls/C0008728
C0025362,Mental retardation,CC BY-NC-SA 4.0,UMLS via SIDER 4.1,http://identifiers.org/umls/C0025362
C0015256,Excoriation,CC BY-NC-SA 4.0,UMLS via SIDER 4.1,http://identifiers.org/umls/C0015256
C0270996,Eye swelling,CC BY-NC-SA 4.0,UMLS via SIDER 4.1,http://identifiers.org/umls/C0270996
C0029485,Other acne,CC BY-NC-SA 4.0,UMLS via SIDER 4.1,http://identifiers.org/umls/C0029485
C0037650,Somatoform disorder,CC BY-NC-SA 4.0,UMLS via SIDER 4.1,http://identifiers.org/umls/C0037650
C0007785,Cerebral infarction,CC BY-NC-SA 4.0,UMLS via SIDER 4.1,http://identifiers.org/umls/C0007785
C3203466,Acute enterocolitis,CC BY-NC-SA 4.0,UMLS via SIDER 4.1,http://identifiers.org/umls/C3203466
C0948807,Hepatic impairment,CC BY-NC-SA 4.0,UMLS via SIDER 4.1,http://identifiers.org/umls/C0948807
C0541802,Bicarbonate decreased serum,CC BY-NC-SA 4.0,UMLS via SIDER 4.1,http://identifiers.org/umls/C0541802
C0038941,Postoperative wound infection,CC BY-NC-SA 4.0,UMLS via SIDER 4.1,http://identifiers.org/umls/C0038941
C0677600,Stridor inspiratory,CC BY-NC-SA 4.0,UMLS via SIDER 4.1,http://identifiers.org/umls/C0677600
C0221245,Skin fissures,CC BY-NC-SA 4.0,UMLS via SIDER 4.1,http://identifiers.org/umls/C0221245
C0016199,Flank pain,CC BY-NC-SA 4.0,UMLS via SIDER 4.1,http://identifiers.org/umls/C0016199
C0034063,Pulmonary oedema,CC BY-NC-SA 4.0,UMLS via SIDER 4.1,http://identifiers.org/umls/C0034063
C0233746,Perceptual disturbance,CC BY-NC-SA 4.0,UMLS via SIDER 4.1,http://identifiers.org/umls/C0233746
C0221271,Elastosis perforans,CC BY-NC-SA 4.0,UMLS via SIDER 4.1,http://identifiers.org/umls/C0221271
C0026821,Cramp muscle,CC BY-NC-SA 4.0,UMLS via SIDER 4.1,http://identifiers.org/umls/C0026821
C2712054,Dyspnoea at rest,CC BY-NC-SA 4.0,UMLS via SIDER 4.1,http://identifiers.org/umls/C2712054
C0234238,Ache,CC BY-NC-SA 4.0,UMLS via SIDER 4.1,http://identifiers.org/umls/C0234238
C0263912,Rotator cuff syndrome,CC BY-NC-SA 4.0,UMLS via SIDER 4.1,http://identifiers.org/umls/C0263912
C0024437,Macular degeneration,CC BY-NC-SA 4.0,UMLS via SIDER 4.1,http://identifiers.org/umls/C0024437
C1611157,Hepatic infiltration eosinophilic,CC BY-NC-SA 4.0,UMLS via SIDER 4.1,http://identifiers.org/umls/C1611157
C0346392,Choroidal nevus,CC BY-NC-SA 4.0,UMLS via SIDER 4.1,http://identifiers.org/umls/C0346392
C0029118,Opportunistic infection,CC BY-NC-SA 4.0,UMLS via SIDER 4.1,http://identifiers.org/umls/C0029118
C0008497,Choriocarcinoma,CC BY-NC-SA 4.0,UMLS via SIDER 4.1,http://identifiers.org/umls/C0008497
C0085569,Acidosis hyperchloraemic,CC BY-NC-SA 4.0,UMLS via SIDER 4.1,http://identifiers.org/umls/C0085569
C0016977,Gallbladder disorder,CC BY-NC-SA 4.0,UMLS via SIDER 4.1,http://identifiers.org/umls/C0016977
C0587094,Breast calcifications,CC BY-NC-SA 4.0,UMLS via SIDER 4.1,http://identifiers.org/umls/C0587094
C0496899,Brain neoplasm benign,CC BY-NC-SA 4.0,UMLS via SIDER 4.1,http://identifiers.org/umls/C0496899
C1112489,Corneal irritation,CC BY-NC-SA 4.0,UMLS via SIDER 4.1,http://identifiers.org/umls/C1112489
C0417744,Mosquito bite,CC BY-NC-SA 4.0,UMLS via SIDER 4.1,http://identifiers.org/umls/C0417744
C0237938,Gastrointestinal ulcer,CC BY-NC-SA 4.0,UMLS via SIDER 4.1,http://identifiers.org/umls/C0237938
C0857189,Raised serum uric acid,CC BY-NC-SA 4.0,UMLS via SIDER 4.1,http://identifiers.org/umls/C0857189
C0002886,Anaemia macrocytic,CC BY-NC-SA 4.0,UMLS via SIDER 4.1,http://identifiers.org/umls/C0002886
C0037284,Skin lesion,CC BY-NC-SA 4.0,UMLS via SIDER 4.1,http://identifiers.org/umls/C0037284
C0948765,Cyclosporine toxicity,CC BY-NC-SA 4.0,UMLS via SIDER 4.1,http://identifiers.org/umls/C0948765
C0085619,Orthopnoea,CC BY-NC-SA 4.0,UMLS via SIDER 4.1,http://identifiers.org/umls/C0085619
C1699324,Pharyngeal mucositis,CC BY-NC-SA 4.0,UMLS via SIDER 4.1,http://identifiers.org/umls/C1699324
C0014549,Grand mal convulsion,CC BY-NC-SA 4.0,UMLS via SIDER 4.1,http://identifiers.org/umls/C0014549
C0151694,Hemorrhage of colon,CC BY-NC-SA 4.0,UMLS via SIDER 4.1,http://identifiers.org/umls/C0151694
C0041825,Tympanic membrane disorder,CC BY-NC-SA 4.0,UMLS via SIDER 4.1,http://identifiers.org/umls/C0041825
C0235013,Hypervigilance,CC BY-NC-SA 4.0,UMLS via SIDER 4.1,http://identifiers.org/umls/C0235013
C0043094,Weight increased,CC BY-NC-SA 4.0,UMLS via SIDER 4.1,http://identifiers.org/umls/C0043094
C0376358,Prostate cancer,CC BY-NC-SA 4.0,UMLS via SIDER 4.1,http://identifiers.org/umls/C0376358
C0042769,Viral infection,CC BY-NC-SA 4.0,UMLS via SIDER 4.1,http://identifiers.org/umls/C0042769
C0521854,Drug tolerance decreased,CC BY-NC-SA 4.0,UMLS via SIDER 4.1,http://identifiers.org/umls/C0521854
C0343495,Lockjaw,CC BY-NC-SA 4.0,UMLS via SIDER 4.1,http://identifiers.org/umls/C0343495
C0014236,Endophthalmitis,CC BY-NC-SA 4.0,UMLS via SIDER 4.1,http://identifiers.org/umls/C0014236
C0027932,Neurosis,CC BY-NC-SA 4.0,UMLS via SIDER 4.1,http://identifiers.org/umls/C0027932
C0259972,Ketogenic diet,CC BY-NC-SA 4.0,UMLS via SIDER 4.1,http://identifiers.org/umls/C0259972
C0221046,Carotid sinus syndrome,CC BY-NC-SA 4.0,UMLS via SIDER 4.1,http://identifiers.org/umls/C0221046
C1142498,Application site excoriation,CC BY-NC-SA 4.0,UMLS via SIDER 4.1,http://identifiers.org/umls/C1142498
C0152198,Accommodation disorder,CC BY-NC-SA 4.0,UMLS via SIDER 4.1,http://identifiers.org/umls/C0152198
C0751249,Chronic insomnia,CC BY-NC-SA 4.0,UMLS via SIDER 4.1,http://identifiers.org/umls/C0751249
C0854679,Needle injury,CC BY-NC-SA 4.0,UMLS via SIDER 4.1,http://identifiers.org/umls/C0854679
C0017574,Gingivitis,CC BY-NC-SA 4.0,UMLS via SIDER 4.1,http://identifiers.org/umls/C0017574
C0270921,Axonal neuropathy,CC BY-NC-SA 4.0,UMLS via SIDER 4.1,http://identifiers.org/umls/C0270921
C0857160,Numbness in leg,CC BY-NC-SA 4.0,UMLS via SIDER 4.1,http://identifiers.org/umls/C0857160
C0007196,Restrictive cardiomyopathy,CC BY-NC-SA 4.0,UMLS via SIDER 4.1,http://identifiers.org/umls/C0007196
C0043145,Whiplash injury,CC BY-NC-SA 4.0,UMLS via SIDER 4.1,http://identifiers.org/umls/C0043145
C0011053,Deafness,CC BY-NC-SA 4.0,UMLS via SIDER 4.1,http://identifiers.org/umls/C0011053
C0151611,Electroencephalogram abnormal,CC BY-NC-SA 4.0,UMLS via SIDER 4.1,http://identifiers.org/umls/C0151611
C0857501,Acute schizophrenia,CC BY-NC-SA 4.0,UMLS via SIDER 4.1,http://identifiers.org/umls/C0857501
C0848309,Rhinitis perennial,CC BY-NC-SA 4.0,UMLS via SIDER 4.1,http://identifiers.org/umls/C0848309
C0476280,Musculoskeletal chest pain,CC BY-NC-SA 4.0,UMLS via SIDER 4.1,http://identifiers.org/umls/C0476280
C0008033,Pleuritic pain,CC BY-NC-SA 4.0,UMLS via SIDER 4.1,http://identifiers.org/umls/C0008033
C0033777,Pruritus genital,CC BY-NC-SA 4.0,UMLS via SIDER 4.1,http://identifiers.org/umls/C0033777
C0020626,Hypoparathyroidism,CC BY-NC-SA 4.0,UMLS via SIDER 4.1,http://identifiers.org/umls/C0020626
C0265783,Pulmonary hypoplasia,CC BY-NC-SA 4.0,UMLS via SIDER 4.1,http://identifiers.org/umls/C0265783
C0155616,Secondary hypertension,CC BY-NC-SA 4.0,UMLS via SIDER 4.1,http://identifiers.org/umls/C0155616
C0522055,Electrocardiogram abnormal,CC BY-NC-SA 4.0,UMLS via SIDER 4.1,http://identifiers.org/umls/C0522055
C0235972,Retinal deposits,CC BY-NC-SA 4.0,UMLS via SIDER 4.1,http://identifiers.org/umls/C0235972
C0232208,Nodal rhythm,CC BY-NC-SA 4.0,UMLS via SIDER 4.1,http://identifiers.org/umls/C0232208
C0221752,Blood urine,CC BY-NC-SA 4.0,UMLS via SIDER 4.1,http://identifiers.org/umls/C0221752
C0151578,Creatinine increased,CC BY-NC-SA 4.0,UMLS via SIDER 4.1,http://identifiers.org/umls/C0151578
C2609319,Papulopustular rash,CC BY-NC-SA 4.0,UMLS via SIDER 4.1,http://identifiers.org/umls/C2609319
C0022116,Ischaemia,CC BY-NC-SA 4.0,UMLS via SIDER 4.1,http://identifiers.org/umls/C0022116
C0007078,Carbuncle,CC BY-NC-SA 4.0,UMLS via SIDER 4.1,http://identifiers.org/umls/C0007078
C0156279,Urethral syndrome,CC BY-NC-SA 4.0,UMLS via SIDER 4.1,http://identifiers.org/umls/C0156279
C0235522,Vein disorder,CC BY-NC-SA 4.0,UMLS via SIDER 4.1,http://identifiers.org/umls/C0235522
C0863079,Ocular stinging,CC BY-NC-SA 4.0,UMLS via SIDER 4.1,http://identifiers.org/umls/C0863079
C0400839,Rectal ulcer,CC BY-NC-SA 4.0,UMLS via SIDER 4.1,http://identifiers.org/umls/C0400839
C0856120,Multiple sclerosis relapse,CC BY-NC-SA 4.0,UMLS via SIDER 4.1,http://identifiers.org/umls/C0856120
C0155709,Atrial fibrillation and flutter,CC BY-NC-SA 4.0,UMLS via SIDER 4.1,http://identifiers.org/umls/C0155709
C0038045,Sprain,CC BY-NC-SA 4.0,UMLS via SIDER 4.1,http://identifiers.org/umls/C0038045
C0007114,Skin cancer,CC BY-NC-SA 4.0,UMLS via SIDER 4.1,http://identifiers.org/umls/C0007114
C0856053,Leukemia secondary,CC BY-NC-SA 4.0,UMLS via SIDER 4.1,http://identifiers.org/umls/C0856053
C0235229,Ciliary muscle spasm,CC BY-NC-SA 4.0,UMLS via SIDER 4.1,http://identifiers.org/umls/C0235229
C0267055,Erosive oesophagitis,CC BY-NC-SA 4.0,UMLS via SIDER 4.1,http://identifiers.org/umls/C0267055
C0041428,Conjoined twins,CC BY-NC-SA 4.0,UMLS via SIDER 4.1,http://identifiers.org/umls/C0041428
C0029191,Orchitis,CC BY-NC-SA 4.0,UMLS via SIDER 4.1,http://identifiers.org/umls/C0029191
C0345903,Anal skin tags,CC BY-NC-SA 4.0,UMLS via SIDER 4.1,http://identifiers.org/umls/C0345903
C0020295,Hydronephrosis,CC BY-NC-SA 4.0,UMLS via SIDER 4.1,http://identifiers.org/umls/C0020295
C0948281,Malignant syndrome NOS,CC BY-NC-SA 4.0,UMLS via SIDER 4.1,http://identifiers.org/umls/C0948281
C0854101,Urine sodium increased,CC BY-NC-SA 4.0,UMLS via SIDER 4.1,http://identifiers.org/umls/C0854101
C0032584,Polyp,CC BY-NC-SA 4.0,UMLS via SIDER 4.1,http://identifiers.org/umls/C0032584
C0745103,Type IIa hyperlipidaemia,CC BY-NC-SA 4.0,UMLS via SIDER 4.1,http://identifiers.org/umls/C0745103
C0020438,Hypercalciuria,CC BY-NC-SA 4.0,UMLS via SIDER 4.1,http://identifiers.org/umls/C0020438
C0206669,Hepatocellular adenoma,CC BY-NC-SA 4.0,UMLS via SIDER 4.1,http://identifiers.org/umls/C0206669
C0240066,Iron deficiency,CC BY-NC-SA 4.0,UMLS via SIDER 4.1,http://identifiers.org/umls/C0240066
C0020546,Hypertensive crisis,CC BY-NC-SA 4.0,UMLS via SIDER 4.1,http://identifiers.org/umls/C0020546
C0856136,Fatigue aggravated,CC BY-NC-SA 4.0,UMLS via SIDER 4.1,http://identifiers.org/umls/C0856136
C0850001,Heaviness of head,CC BY-NC-SA 4.0,UMLS via SIDER 4.1,http://identifiers.org/umls/C0850001
C0000832,Premature separation of placenta,CC BY-NC-SA 4.0,UMLS via SIDER 4.1,http://identifiers.org/umls/C0000832
C0016204,Flatulence,CC BY-NC-SA 4.0,UMLS via SIDER 4.1,http://identifiers.org/umls/C0016204
C0410480,Avascular necrosis femoral head,CC BY-NC-SA 4.0,UMLS via SIDER 4.1,http://identifiers.org/umls/C0410480
C2609096,Genital hypoaesthesia,CC BY-NC-SA 4.0,UMLS via SIDER 4.1,http://identifiers.org/umls/C2609096
C0542519,Renal agenesis,CC BY-NC-SA 4.0,UMLS via SIDER 4.1,http://identifiers.org/umls/C0542519
C0236816,Acute stress disorder,CC BY-NC-SA 4.0,UMLS via SIDER 4.1,http://identifiers.org/umls/C0236816
C0019189,Chronic hepatitis,CC BY-NC-SA 4.0,UMLS via SIDER 4.1,http://identifiers.org/umls/C0019189
C0240840,Pulse pressure decreased,CC BY-NC-SA 4.0,UMLS via SIDER 4.1,http://identifiers.org/umls/C0240840
C0015674,Chronic fatigue syndrome,CC BY-NC-SA 4.0,UMLS via SIDER 4.1,http://identifiers.org/umls/C0015674
C0151538,Buccoglossal syndrome,CC BY-NC-SA 4.0,UMLS via SIDER 4.1,http://identifiers.org/umls/C0151538
C0854171,Temperature regulation disorder,CC BY-NC-SA 4.0,UMLS via SIDER 4.1,http://identifiers.org/umls/C0854171
C1287298,Urine output,CC BY-NC-SA 4.0,UMLS via SIDER 4.1,http://identifiers.org/umls/C1287298
C0013362,Dysarthria,CC BY-NC-SA 4.0,UMLS via SIDER 4.1,http://identifiers.org/umls/C0013362
C0007302,Chondropathy,CC BY-NC-SA 4.0,UMLS via SIDER 4.1,http://identifiers.org/umls/C0007302
C0240925,Salivary gland swelling,CC BY-NC-SA 4.0,UMLS via SIDER 4.1,http://identifiers.org/umls/C0240925
C0346156,Benign breast neoplasm,CC BY-NC-SA 4.0,UMLS via SIDER 4.1,http://identifiers.org/umls/C0346156
C1262006,Sinusitis bacterial,CC BY-NC-SA 4.0,UMLS via SIDER 4.1,http://identifiers.org/umls/C1262006
C1859270,Slow speech,CC BY-NC-SA 4.0,UMLS via SIDER 4.1,http://identifiers.org/umls/C1859270
C0151721,Hypogonadism male,CC BY-NC-SA 4.0,UMLS via SIDER 4.1,http://identifiers.org/umls/C0151721
C0263492,Ingrown hair,CC BY-NC-SA 4.0,UMLS via SIDER 4.1,http://identifiers.org/umls/C0263492
C0010038,Corneal opacity,CC BY-NC-SA 4.0,UMLS via SIDER 4.1,http://identifiers.org/umls/C0010038
C0162834,Skin hyperpigmentation,CC BY-NC-SA 4.0,UMLS via SIDER 4.1,http://identifiers.org/umls/C0162834
C0022581,Acquired keratoderma,CC BY-NC-SA 4.0,UMLS via SIDER 4.1,http://identifiers.org/umls/C0022581
C0549363,Hot dry skin,CC BY-NC-SA 4.0,UMLS via SIDER 4.1,http://identifiers.org/umls/C0549363
C0014745,Palmar erythema,CC BY-NC-SA 4.0,UMLS via SIDER 4.1,http://identifiers.org/umls/C0014745
C0743516,Endometrial thickening,CC BY-NC-SA 4.0,UMLS via SIDER 4.1,http://identifiers.org/umls/C0743516
C1704431,Electrolyte disturbance,CC BY-NC-SA 4.0,UMLS via SIDER 4.1,http://identifiers.org/umls/C1704431
C0347602,Retinal injury,CC BY-NC-SA 4.0,UMLS via SIDER 4.1,http://identifiers.org/umls/C0347602
C0751837,Ataxic gait,CC BY-NC-SA 4.0,UMLS via SIDER 4.1,http://identifiers.org/umls/C0751837
C0235964,Renal dysgenesis,CC BY-NC-SA 4.0,UMLS via SIDER 4.1,http://identifiers.org/umls/C0235964
C0857493,Upper gastrointestinal symptoms,CC BY-NC-SA 4.0,UMLS via SIDER 4.1,http://identifiers.org/umls/C0857493
C0162287,Abnormal faeces,CC BY-NC-SA 4.0,UMLS via SIDER 4.1,http://identifiers.org/umls/C0162287
C1096403,Left ventricular ejection fraction decreased,CC BY-NC-SA 4.0,UMLS via SIDER 4.1,http://identifiers.org/umls/C1096403
C1960509,Epidural lipomatosis,CC BY-NC-SA 4.0,UMLS via SIDER 4.1,http://identifiers.org/umls/C1960509
C0549262,Rebound effect,CC BY-NC-SA 4.0,UMLS via SIDER 4.1,http://identifiers.org/umls/C0549262
C0270736,Essential tremor,CC BY-NC-SA 4.0,UMLS via SIDER 4.1,http://identifiers.org/umls/C0270736
C0005745,Eyelid ptosis,CC BY-NC-SA 4.0,UMLS via SIDER 4.1,http://identifiers.org/umls/C0005745
C0009492,Compartment syndrome,CC BY-NC-SA 4.0,UMLS via SIDER 4.1,http://identifiers.org/umls/C0009492
C0221152,Obstipation,CC BY-NC-SA 4.0,UMLS via SIDER 4.1,http://identifiers.org/umls/C0221152
C0004044,Asphyxia,CC BY-NC-SA 4.0,UMLS via SIDER 4.1,http://identifiers.org/umls/C0004044
C0152063,Streptobacillary fever,CC BY-NC-SA 4.0,UMLS via SIDER 4.1,http://identifiers.org/umls/C0152063
C1331543,Puerperal pyrexia,CC BY-NC-SA 4.0,UMLS via SIDER 4.1,http://identifiers.org/umls/C1331543
C0014863,Oesophageal spasm,CC BY-NC-SA 4.0,UMLS via SIDER 4.1,http://identifiers.org/umls/C0014863
C0043251,Trauma,CC BY-NC-SA 4.0,UMLS via SIDER 4.1,http://identifiers.org/umls/C0043251
C0014038,Encephalitis,CC BY-NC-SA 4.0,UMLS via SIDER 4.1,http://identifiers.org/umls/C0014038
C2242496,Parotid gland inflammation,CC BY-NC-SA 4.0,UMLS via SIDER 4.1,http://identifiers.org/umls/C2242496
C0345217,Cloacal exstrophy,CC BY-NC-SA 4.0,UMLS via SIDER 4.1,http://identifiers.org/umls/C0345217
C0024198,Lyme disease,CC BY-NC-SA 4.0,UMLS via SIDER 4.1,http://identifiers.org/umls/C0024198
C0001403,Addison's disease,CC BY-NC-SA 4.0,UMLS via SIDER 4.1,http://identifiers.org/umls/C0001403
C0860866,Potassium low,CC BY-NC-SA 4.0,UMLS via SIDER 4.1,http://identifiers.org/umls/C0860866
C0235639,Urine abnormality,CC BY-NC-SA 4.0,UMLS via SIDER 4.1,http://identifiers.org/umls/C0235639
C0920102,Phosphorus low,CC BY-NC-SA 4.0,UMLS via SIDER 4.1,http://identifiers.org/umls/C0920102
C0439857,Dependence,CC BY-NC-SA 4.0,UMLS via SIDER 4.1,http://identifiers.org/umls/C0439857
C1262760,Drug-induced hepatitis,CC BY-NC-SA 4.0,UMLS via SIDER 4.1,http://identifiers.org/umls/C1262760
C0242420,Retinal oedema,CC BY-NC-SA 4.0,UMLS via SIDER 4.1,http://identifiers.org/umls/C0242420
C0020507,Hyperplasia,CC BY-NC-SA 4.0,UMLS via SIDER 4.1,http://identifiers.org/umls/C0020507
C0235347,Black hairy tongue,CC BY-NC-SA 4.0,UMLS via SIDER 4.1,http://identifiers.org/umls/C0235347
C0741494,Bilirubin total increased,CC BY-NC-SA 4.0,UMLS via SIDER 4.1,http://identifiers.org/umls/C0741494
C0232933,Menstrual cycle abnormal,CC BY-NC-SA 4.0,UMLS via SIDER 4.1,http://identifiers.org/umls/C0232933
C0236106,Photosensitivity allergic reaction,CC BY-NC-SA 4.0,UMLS via SIDER 4.1,http://identifiers.org/umls/C0236106
C0549288,Pelvic venous thrombosis,CC BY-NC-SA 4.0,UMLS via SIDER 4.1,http://identifiers.org/umls/C0549288
C1740836,Acute migraine,CC BY-NC-SA 4.0,UMLS via SIDER 4.1,http://identifiers.org/umls/C1740836
C0153251,Respiratory moniliasis,CC BY-NC-SA 4.0,UMLS via SIDER 4.1,http://identifiers.org/umls/C0153251
C0221264,Cheilosis,CC BY-NC-SA 4.0,UMLS via SIDER 4.1,http://identifiers.org/umls/C0221264
C0242225,Colour blindness,CC BY-NC-SA 4.0,UMLS via SIDER 4.1,http://identifiers.org/umls/C0242225
C0018129,Transplant rejection,CC BY-NC-SA 4.0,UMLS via SIDER 4.1,http://identifiers.org/umls/C0018129
C0740482,Hypotension orthostatic symptomatic,CC BY-NC-SA 4.0,UMLS via SIDER 4.1,http://identifiers.org/umls/C0740482
C0158266,Intervertebral disc degeneration,CC BY-NC-SA 4.0,UMLS via SIDER 4.1,http://identifiers.org/umls/C0158266
C0036916,Sexually transmitted disease,CC BY-NC-SA 4.0,UMLS via SIDER 4.1,http://identifiers.org/umls/C0036916
C1262195,Echoacousia,CC BY-NC-SA 4.0,UMLS via SIDER 4.1,http://identifiers.org/umls/C1262195
C0019196,Hepatitis C,CC BY-NC-SA 4.0,UMLS via SIDER 4.1,http://identifiers.org/umls/C0019196
C1167779,Neutropenic infection,CC BY-NC-SA 4.0,UMLS via SIDER 4.1,http://identifiers.org/umls/C1167779
C0162291,Retinal ischaemia,CC BY-NC-SA 4.0,UMLS via SIDER 4.1,http://identifiers.org/umls/C0162291
C0520893,Localized exfoliation,CC BY-NC-SA 4.0,UMLS via SIDER 4.1,http://identifiers.org/umls/C0520893
C1096275,Increased viscosity of bronchial secretion,CC BY-NC-SA 4.0,UMLS via SIDER 4.1,http://identifiers.org/umls/C1096275
C0239978,Frequent bowel movements,CC BY-NC-SA 4.0,UMLS via SIDER 4.1,http://identifiers.org/umls/C0239978
C1112433,Thromboembolic stroke,CC BY-NC-SA 4.0,UMLS via SIDER 4.1,http://identifiers.org/umls/C1112433
C0600125,Electrocardiogram PR prolongation,CC BY-NC-SA 4.0,UMLS via SIDER 4.1,http://identifiers.org/umls/C0600125
C0038166,Staphylococcal skin infection,CC BY-NC-SA 4.0,UMLS via SIDER 4.1,http://identifiers.org/umls/C0038166
C0852952,Optic nerve cupping,CC BY-NC-SA 4.0,UMLS via SIDER 4.1,http://identifiers.org/umls/C0852952
C0004601,Back injury,CC BY-NC-SA 4.0,UMLS via SIDER 4.1,http://identifiers.org/umls/C0004601
C0026838,Muscle spasticity,CC BY-NC-SA 4.0,UMLS via SIDER 4.1,http://identifiers.org/umls/C0026838
C0235744,Breath holding,CC BY-NC-SA 4.0,UMLS via SIDER 4.1,http://identifiers.org/umls/C0235744
C0740464,Electrolytes NOS decreased,CC BY-NC-SA 4.0,UMLS via SIDER 4.1,http://identifiers.org/umls/C0740464
C1168174,Absolute neutrophil count decreased,CC BY-NC-SA 4.0,UMLS via SIDER 4.1,http://identifiers.org/umls/C1168174
C1735348,Anal irritation,CC BY-NC-SA 4.0,UMLS via SIDER 4.1,http://identifiers.org/umls/C1735348
C0311394,Walking disability,CC BY-NC-SA 4.0,UMLS via SIDER 4.1,http://identifiers.org/umls/C0311394
C0233401,Psychiatric symptom,CC BY-NC-SA 4.0,UMLS via SIDER 4.1,http://identifiers.org/umls/C0233401
C0919582,Sudden onset of sleep,CC BY-NC-SA 4.0,UMLS via SIDER 4.1,http://identifiers.org/umls/C0919582
C0277585,Drug intolerance,CC BY-NC-SA 4.0,UMLS via SIDER 4.1,http://identifiers.org/umls/C0277585
C0026633,Congenital oral malformation,CC BY-NC-SA 4.0,UMLS via SIDER 4.1,http://identifiers.org/umls/C0026633
C0020502,Hyperparathyroidism,CC BY-NC-SA 4.0,UMLS via SIDER 4.1,http://identifiers.org/umls/C0020502
C0007873,Cervix neoplasm,CC BY-NC-SA 4.0,UMLS via SIDER 4.1,http://identifiers.org/umls/C0007873
C0860210,Granulomatous liver disease,CC BY-NC-SA 4.0,UMLS via SIDER 4.1,http://identifiers.org/umls/C0860210
C0154769,Myopathy toxic,CC BY-NC-SA 4.0,UMLS via SIDER 4.1,http://identifiers.org/umls/C0154769
C0239150,Creatinine low,CC BY-NC-SA 4.0,UMLS via SIDER 4.1,http://identifiers.org/umls/C0239150
C0855247,Sleep attacks,CC BY-NC-SA 4.0,UMLS via SIDER 4.1,http://identifiers.org/umls/C0855247
C0235014,Fontanelle bulging,CC BY-NC-SA 4.0,UMLS via SIDER 4.1,http://identifiers.org/umls/C0235014
C0424332,Breath holding attack,CC BY-NC-SA 4.0,UMLS via SIDER 4.1,http://identifiers.org/umls/C0424332
C0877095,Application site haematoma,CC BY-NC-SA 4.0,UMLS via SIDER 4.1,http://identifiers.org/umls/C0877095
C0085437,Meningitis bacterial,CC BY-NC-SA 4.0,UMLS via SIDER 4.1,http://identifiers.org/umls/C0085437
C0348801,"Pneumonia due to Streptococcus, group b",CC BY-NC-SA 4.0,UMLS via SIDER 4.1,http://identifiers.org/umls/C0348801
C0239987,Immunoglobulin G low,CC BY-NC-SA 4.0,UMLS via SIDER 4.1,http://identifiers.org/umls/C0239987
C0235832,Hernia congenital,CC BY-NC-SA 4.0,UMLS via SIDER 4.1,http://identifiers.org/umls/C0235832
C0859062,Serum bilirubin increased,CC BY-NC-SA 4.0,UMLS via SIDER 4.1,http://identifiers.org/umls/C0859062
C0277589,Found dead (cause undetermined),CC BY-NC-SA 4.0,UMLS via SIDER 4.1,http://identifiers.org/umls/C0277589
C0948168,Bone marrow toxicity,CC BY-NC-SA 4.0,UMLS via SIDER 4.1,http://identifiers.org/umls/C0948168
C0026650,Movement disorder,CC BY-NC-SA 4.0,UMLS via SIDER 4.1,http://identifiers.org/umls/C0026650
C0853314,Soft tissue inflammation,CC BY-NC-SA 4.0,UMLS via SIDER 4.1,http://identifiers.org/umls/C0853314
C0023891,Cirrhosis alcoholic,CC BY-NC-SA 4.0,UMLS via SIDER 4.1,http://identifiers.org/umls/C0023891
C0023885,Liver abscess,CC BY-NC-SA 4.0,UMLS via SIDER 4.1,http://identifiers.org/umls/C0023885
C0338908,Anxiety depression,CC BY-NC-SA 4.0,UMLS via SIDER 4.1,http://identifiers.org/umls/C0338908
C0233762,"Hallucination, auditory",CC BY-NC-SA 4.0,UMLS via SIDER 4.1,http://identifiers.org/umls/C0233762
C0476337,Blood gases abnormal,CC BY-NC-SA 4.0,UMLS via SIDER 4.1,http://identifiers.org/umls/C0476337
C1392046,Cardiovascular insufficiency,CC BY-NC-SA 4.0,UMLS via SIDER 4.1,http://identifiers.org/umls/C1392046
C0036502,Sebaceous gland disorder,CC BY-NC-SA 4.0,UMLS via SIDER 4.1,http://identifiers.org/umls/C0036502
C0020651,Orthostatic hypotension,CC BY-NC-SA 4.0,UMLS via SIDER 4.1,http://identifiers.org/umls/C0020651
C0745744,End stage liver disease,CC BY-NC-SA 4.0,UMLS via SIDER 4.1,http://identifiers.org/umls/C0745744
C0232115,Venous pressure increased,CC BY-NC-SA 4.0,UMLS via SIDER 4.1,http://identifiers.org/umls/C0232115
C0151888,Hyporeflexia,CC BY-NC-SA 4.0,UMLS via SIDER 4.1,http://identifiers.org/umls/C0151888
C0032533,Polymyalgia rheumatica,CC BY-NC-SA 4.0,UMLS via SIDER 4.1,http://identifiers.org/umls/C0032533
C0162810,Hypertrophic scar,CC BY-NC-SA 4.0,UMLS via SIDER 4.1,http://identifiers.org/umls/C0162810
C0022541,Kearns-Sayre syndrome,CC BY-NC-SA 4.0,UMLS via SIDER 4.1,http://identifiers.org/umls/C0022541
C0085654,Injection site granuloma,CC BY-NC-SA 4.0,UMLS via SIDER 4.1,http://identifiers.org/umls/C0085654
C0152029,Sinus congestion,CC BY-NC-SA 4.0,UMLS via SIDER 4.1,http://identifiers.org/umls/C0152029
C0022602,Actinic keratosis,CC BY-NC-SA 4.0,UMLS via SIDER 4.1,http://identifiers.org/umls/C0022602
C0001849,AIDS dementia complex,CC BY-NC-SA 4.0,UMLS via SIDER 4.1,http://identifiers.org/umls/C0001849
C1142295,Drug-induced cough,CC BY-NC-SA 4.0,UMLS via SIDER 4.1,http://identifiers.org/umls/C1142295
C0014742,Erythema multiforme,CC BY-NC-SA 4.0,UMLS via SIDER 4.1,http://identifiers.org/umls/C0014742
C0023440,Erythroleukaemia,CC BY-NC-SA 4.0,UMLS via SIDER 4.1,http://identifiers.org/umls/C0023440
C0236080,Vaginal discomfort,CC BY-NC-SA 4.0,UMLS via SIDER 4.1,http://identifiers.org/umls/C0236080
C2004435,Intestinal ischaemia,CC BY-NC-SA 4.0,UMLS via SIDER 4.1,http://identifiers.org/umls/C2004435
C0949691,Spondyloarthropathy,CC BY-NC-SA 4.0,UMLS via SIDER 4.1,http://identifiers.org/umls/C0949691
C0014488,Epicondylitis,CC BY-NC-SA 4.0,UMLS via SIDER 4.1,http://identifiers.org/umls/C0014488
C0019214,Hepatosplenomegaly,CC BY-NC-SA 4.0,UMLS via SIDER 4.1,http://identifiers.org/umls/C0019214
C0085576,Microcytic anaemia,CC BY-NC-SA 4.0,UMLS via SIDER 4.1,http://identifiers.org/umls/C0085576
C0427457,Red blood cell count decreased,CC BY-NC-SA 4.0,UMLS via SIDER 4.1,http://identifiers.org/umls/C0427457
C0039504,Tendon injury,CC BY-NC-SA 4.0,UMLS via SIDER 4.1,http://identifiers.org/umls/C0039504
C0010709,Cyst,CC BY-NC-SA 4.0,UMLS via SIDER 4.1,http://identifiers.org/umls/C0010709
C0004691,Balanoposthitis,CC BY-NC-SA 4.0,UMLS via SIDER 4.1,http://identifiers.org/umls/C0004691
C0151900,Serum iron increased,CC BY-NC-SA 4.0,UMLS via SIDER 4.1,http://identifiers.org/umls/C0151900
C0473237,Frank hematuria,CC BY-NC-SA 4.0,UMLS via SIDER 4.1,http://identifiers.org/umls/C0473237
C0948266,Latent tetany,CC BY-NC-SA 4.0,UMLS via SIDER 4.1,http://identifiers.org/umls/C0948266
C0235889,Arthritis aggravated,CC BY-NC-SA 4.0,UMLS via SIDER 4.1,http://identifiers.org/umls/C0235889
C0679048,Obsessive thoughts,CC BY-NC-SA 4.0,UMLS via SIDER 4.1,http://identifiers.org/umls/C0679048
C0030846,Penis disorder,CC BY-NC-SA 4.0,UMLS via SIDER 4.1,http://identifiers.org/umls/C0030846
C0234215,Discomfort,CC BY-NC-SA 4.0,UMLS via SIDER 4.1,http://identifiers.org/umls/C0234215
C0235896,Lung infiltration,CC BY-NC-SA 4.0,UMLS via SIDER 4.1,http://identifiers.org/umls/C0235896
C0022593,Keratosis,CC BY-NC-SA 4.0,UMLS via SIDER 4.1,http://identifiers.org/umls/C0022593
C0749389,Pharyngeal lesion,CC BY-NC-SA 4.0,UMLS via SIDER 4.1,http://identifiers.org/umls/C0749389
C0154946,Acute angle-closure glaucoma,CC BY-NC-SA 4.0,UMLS via SIDER 4.1,http://identifiers.org/umls/C0154946
C0426747,Anal haemorrhage,CC BY-NC-SA 4.0,UMLS via SIDER 4.1,http://identifiers.org/umls/C0426747
C0003537,Aphasia,CC BY-NC-SA 4.0,UMLS via SIDER 4.1,http://identifiers.org/umls/C0003537
C0009024,Clonus,CC BY-NC-SA 4.0,UMLS via SIDER 4.1,http://identifiers.org/umls/C0009024
C0003175,Anthrax,CC BY-NC-SA 4.0,UMLS via SIDER 4.1,http://identifiers.org/umls/C0003175
C0395005,Polydipsia psychogenic,CC BY-NC-SA 4.0,UMLS via SIDER 4.1,http://identifiers.org/umls/C0395005
C0034734,Raynaud's disease,CC BY-NC-SA 4.0,UMLS via SIDER 4.1,http://identifiers.org/umls/C0034734
C0235821,Therapeutic response increased,CC BY-NC-SA 4.0,UMLS via SIDER 4.1,http://identifiers.org/umls/C0235821
C0267028,Lip pain,CC BY-NC-SA 4.0,UMLS via SIDER 4.1,http://identifiers.org/umls/C0267028
C0262493,Gallbladder polyp,CC BY-NC-SA 4.0,UMLS via SIDER 4.1,http://identifiers.org/umls/C0262493
C0086066,Coryza,CC BY-NC-SA 4.0,UMLS via SIDER 4.1,http://identifiers.org/umls/C0086066
C0013363,Dysautonomia,CC BY-NC-SA 4.0,UMLS via SIDER 4.1,http://identifiers.org/umls/C0013363
C0158570,Vascular anomaly,CC BY-NC-SA 4.0,UMLS via SIDER 4.1,http://identifiers.org/umls/C0158570
C0025160,Megacolon,CC BY-NC-SA 4.0,UMLS via SIDER 4.1,http://identifiers.org/umls/C0025160
C0948643,Hyperuricosuria,CC BY-NC-SA 4.0,UMLS via SIDER 4.1,http://identifiers.org/umls/C0948643
C0035204,Respiratory disorder,CC BY-NC-SA 4.0,UMLS via SIDER 4.1,http://identifiers.org/umls/C0035204
C0341012,Oral herpes,CC BY-NC-SA 4.0,UMLS via SIDER 4.1,http://identifiers.org/umls/C0341012
C0019158,Hepatitis,CC BY-NC-SA 4.0,UMLS via SIDER 4.1,http://identifiers.org/umls/C0019158
C0043250,Wound,CC BY-NC-SA 4.0,UMLS via SIDER 4.1,http://identifiers.org/umls/C0043250
C1963897,Low birth weight baby,CC BY-NC-SA 4.0,UMLS via SIDER 4.1,http://identifiers.org/umls/C1963897
C0849925,Ventricular failure,CC BY-NC-SA 4.0,UMLS via SIDER 4.1,http://identifiers.org/umls/C0849925
C0859229,Migration of implant,CC BY-NC-SA 4.0,UMLS via SIDER 4.1,http://identifiers.org/umls/C0859229
C0006846,Skin candida,CC BY-NC-SA 4.0,UMLS via SIDER 4.1,http://identifiers.org/umls/C0006846
C0474395,Increased activity,CC BY-NC-SA 4.0,UMLS via SIDER 4.1,http://identifiers.org/umls/C0474395
C0343263,Chondrolysis,CC BY-NC-SA 4.0,UMLS via SIDER 4.1,http://identifiers.org/umls/C0343263
C0206061,Interstitial pneumonia,CC BY-NC-SA 4.0,UMLS via SIDER 4.1,http://identifiers.org/umls/C0206061
C0853150,Nerve conduction studies abnormal,CC BY-NC-SA 4.0,UMLS via SIDER 4.1,http://identifiers.org/umls/C0853150
C0263962,Olecranon bursitis,CC BY-NC-SA 4.0,UMLS via SIDER 4.1,http://identifiers.org/umls/C0263962
C0006079,Bowen's disease,CC BY-NC-SA 4.0,UMLS via SIDER 4.1,http://identifiers.org/umls/C0006079
C0042850,Vitamin B complex deficiency,CC BY-NC-SA 4.0,UMLS via SIDER 4.1,http://identifiers.org/umls/C0042850
C0006142,Breast cancer,CC BY-NC-SA 4.0,UMLS via SIDER 4.1,http://identifiers.org/umls/C0006142
C0541941,Erection increased,CC BY-NC-SA 4.0,UMLS via SIDER 4.1,http://identifiers.org/umls/C0541941
C0152915,Disseminated tuberculosis,CC BY-NC-SA 4.0,UMLS via SIDER 4.1,http://identifiers.org/umls/C0152915
C0877183,Nail bed tenderness,CC BY-NC-SA 4.0,UMLS via SIDER 4.1,http://identifiers.org/umls/C0877183
C0008049,Varicella,CC BY-NC-SA 4.0,UMLS via SIDER 4.1,http://identifiers.org/umls/C0008049
C0401151,Chronic diarrhea,CC BY-NC-SA 4.0,UMLS via SIDER 4.1,http://identifiers.org/umls/C0401151
C0232726,Rectal tenesmus,CC BY-NC-SA 4.0,UMLS via SIDER 4.1,http://identifiers.org/umls/C0232726
C0860703,Serum total protein decreased,CC BY-NC-SA 4.0,UMLS via SIDER 4.1,http://identifiers.org/umls/C0860703
C0235280,Ototoxicity,CC BY-NC-SA 4.0,UMLS via SIDER 4.1,http://identifiers.org/umls/C0235280
C0427160,Parkinsonian gait,CC BY-NC-SA 4.0,UMLS via SIDER 4.1,http://identifiers.org/umls/C0427160
C0855235,Feelings of worthlessness,CC BY-NC-SA 4.0,UMLS via SIDER 4.1,http://identifiers.org/umls/C0855235
C0085423,Gram-negative bacterial infection NOS,CC BY-NC-SA 4.0,UMLS via SIDER 4.1,http://identifiers.org/umls/C0085423
C0238874,Antineutrophil cytoplasmic antibody positive,CC BY-NC-SA 4.0,UMLS via SIDER 4.1,http://identifiers.org/umls/C0238874
C0852733,Completed suicide,CC BY-NC-SA 4.0,UMLS via SIDER 4.1,http://identifiers.org/umls/C0852733
C0236048,Gastric polyps,CC BY-NC-SA 4.0,UMLS via SIDER 4.1,http://identifiers.org/umls/C0236048
C0239337,Limb deformity,CC BY-NC-SA 4.0,UMLS via SIDER 4.1,http://identifiers.org/umls/C0239337
C0700594,Radiculopathy,CC BY-NC-SA 4.0,UMLS via SIDER 4.1,http://identifiers.org/umls/C0700594
C0549463,X-linked lymphoproliferative syndrome,CC BY-NC-SA 4.0,UMLS via SIDER 4.1,http://identifiers.org/umls/C0549463
C0576702,Lhermitte's sign,CC BY-NC-SA 4.0,UMLS via SIDER 4.1,http://identifiers.org/umls/C0576702
C0020538,Hypertension,CC BY-NC-SA 4.0,UMLS via SIDER 4.1,http://identifiers.org/umls/C0020538
C1442968,Anastomotic ulcer,CC BY-NC-SA 4.0,UMLS via SIDER 4.1,http://identifiers.org/umls/C1442968
C2607947,Deafness unilateral,CC BY-NC-SA 4.0,UMLS via SIDER 4.1,http://identifiers.org/umls/C2607947
C0035455,Rhinitis,CC BY-NC-SA 4.0,UMLS via SIDER 4.1,http://identifiers.org/umls/C0035455
C0948429,Diuretic effect,CC BY-NC-SA 4.0,UMLS via SIDER 4.1,http://identifiers.org/umls/C0948429
C0919777,Band neutrophil count increased,CC BY-NC-SA 4.0,UMLS via SIDER 4.1,http://identifiers.org/umls/C0919777
C0403645,Atonic urinary bladder,CC BY-NC-SA 4.0,UMLS via SIDER 4.1,http://identifiers.org/umls/C0403645
C0877373,Advanced cancer,CC BY-NC-SA 4.0,UMLS via SIDER 4.1,http://identifiers.org/umls/C0877373
C1257843,Pseudomembranous colitis,CC BY-NC-SA 4.0,UMLS via SIDER 4.1,http://identifiers.org/umls/C1257843
C0040038,Thromboembolism,CC BY-NC-SA 4.0,UMLS via SIDER 4.1,http://identifiers.org/umls/C0040038
C0334634,Mantle cell lymphoma,CC BY-NC-SA 4.0,UMLS via SIDER 4.1,http://identifiers.org/umls/C0334634
C0860811,Antidiuretic hormone abnormality,CC BY-NC-SA 4.0,UMLS via SIDER 4.1,http://identifiers.org/umls/C0860811
C0404445,Ovarian atrophy,CC BY-NC-SA 4.0,UMLS via SIDER 4.1,http://identifiers.org/umls/C0404445
C1276118,Urticaria recurrent,CC BY-NC-SA 4.0,UMLS via SIDER 4.1,http://identifiers.org/umls/C1276118
C0544618,Orthostatic hypertension,CC BY-NC-SA 4.0,UMLS via SIDER 4.1,http://identifiers.org/umls/C0544618
C0341751,Bladder necrosis,CC BY-NC-SA 4.0,UMLS via SIDER 4.1,http://identifiers.org/umls/C0341751
C0085819,Antibiotic associated colitis,CC BY-NC-SA 4.0,UMLS via SIDER 4.1,http://identifiers.org/umls/C0085819
C0878773,Hypertonic bladder,CC BY-NC-SA 4.0,UMLS via SIDER 4.1,http://identifiers.org/umls/C0878773
C0154841,Central retinal vein occlusion,CC BY-NC-SA 4.0,UMLS via SIDER 4.1,http://identifiers.org/umls/C0154841
C0268000,Fluid retention,CC BY-NC-SA 4.0,UMLS via SIDER 4.1,http://identifiers.org/umls/C0268000
C0278678,Metastatic renal cell carcinoma,CC BY-NC-SA 4.0,UMLS via SIDER 4.1,http://identifiers.org/umls/C0278678
C0027720,Nephrosis,CC BY-NC-SA 4.0,UMLS via SIDER 4.1,http://identifiers.org/umls/C0027720
C0221252,Eruptive xanthoma,CC BY-NC-SA 4.0,UMLS via SIDER 4.1,http://identifiers.org/umls/C0221252
C0852679,Paraesthesia NEC,CC BY-NC-SA 4.0,UMLS via SIDER 4.1,http://identifiers.org/umls/C0852679
C0027769,Nervousness,CC BY-NC-SA 4.0,UMLS via SIDER 4.1,http://identifiers.org/umls/C0027769
C0595861,Parasuicide,CC BY-NC-SA 4.0,UMLS via SIDER 4.1,http://identifiers.org/umls/C0595861
C0340861,Pulseless electrical activity,CC BY-NC-SA 4.0,UMLS via SIDER 4.1,http://identifiers.org/umls/C0340861
C0919560,Stent occlusion,CC BY-NC-SA 4.0,UMLS via SIDER 4.1,http://identifiers.org/umls/C0919560
C0086692,Benign neoplasm,CC BY-NC-SA 4.0,UMLS via SIDER 4.1,http://identifiers.org/umls/C0086692
C0029095,Opioid abuse,CC BY-NC-SA 4.0,UMLS via SIDER 4.1,http://identifiers.org/umls/C0029095
C0151588,Deafness transitory,CC BY-NC-SA 4.0,UMLS via SIDER 4.1,http://identifiers.org/umls/C0151588
C0239385,Paresthesia of limbs,CC BY-NC-SA 4.0,UMLS via SIDER 4.1,http://identifiers.org/umls/C0239385
C0003126,Anosmia,CC BY-NC-SA 4.0,UMLS via SIDER 4.1,http://identifiers.org/umls/C0003126
C0018924,Haemarthrosis,CC BY-NC-SA 4.0,UMLS via SIDER 4.1,http://identifiers.org/umls/C0018924
C0036529,Cardiomyopathy secondary NOS,CC BY-NC-SA 4.0,UMLS via SIDER 4.1,http://identifiers.org/umls/C0036529
C0522046,Cough suppression,CC BY-NC-SA 4.0,UMLS via SIDER 4.1,http://identifiers.org/umls/C0522046
C0559546,Adverse reaction,CC BY-NC-SA 4.0,UMLS via SIDER 4.1,http://identifiers.org/umls/C0559546
C0152096,Trisomy 18,CC BY-NC-SA 4.0,UMLS via SIDER 4.1,http://identifiers.org/umls/C0152096
C0744235,Fungal sepsis,CC BY-NC-SA 4.0,UMLS via SIDER 4.1,http://identifiers.org/umls/C0744235
C0013428,Dysuria,CC BY-NC-SA 4.0,UMLS via SIDER 4.1,http://identifiers.org/umls/C0013428
C0012254,Digitalis toxicity,CC BY-NC-SA 4.0,UMLS via SIDER 4.1,http://identifiers.org/umls/C0012254
C0302507,Parainfluenzae virus infection,CC BY-NC-SA 4.0,UMLS via SIDER 4.1,http://identifiers.org/umls/C0302507
C2242575,Compulsive shopping,CC BY-NC-SA 4.0,UMLS via SIDER 4.1,http://identifiers.org/umls/C2242575
C0854095,Drug level changed,CC BY-NC-SA 4.0,UMLS via SIDER 4.1,http://identifiers.org/umls/C0854095
C0423224,Sunken eyes,CC BY-NC-SA 4.0,UMLS via SIDER 4.1,http://identifiers.org/umls/C0423224
C0566951,Vaginal ulceration,CC BY-NC-SA 4.0,UMLS via SIDER 4.1,http://identifiers.org/umls/C0566951
C1167677,Infrequent bowel movements,CC BY-NC-SA 4.0,UMLS via SIDER 4.1,http://identifiers.org/umls/C1167677
C0151767,Liver tenderness,CC BY-NC-SA 4.0,UMLS via SIDER 4.1,http://identifiers.org/umls/C0151767
C0085697,Pyelonephritis chronic,CC BY-NC-SA 4.0,UMLS via SIDER 4.1,http://identifiers.org/umls/C0085697
C3160756,Infection reactivation,CC BY-NC-SA 4.0,UMLS via SIDER 4.1,http://identifiers.org/umls/C3160756
C0860749,Blood neutrophil count decreased,CC BY-NC-SA 4.0,UMLS via SIDER 4.1,http://identifiers.org/umls/C0860749
C0232841,Bladder dysfunction,CC BY-NC-SA 4.0,UMLS via SIDER 4.1,http://identifiers.org/umls/C0232841
C0457798,Dermatitis eyelid,CC BY-NC-SA 4.0,UMLS via SIDER 4.1,http://identifiers.org/umls/C0457798
C0233488,Feeling of despair,CC BY-NC-SA 4.0,UMLS via SIDER 4.1,http://identifiers.org/umls/C0233488
C0020676,Hypothyroidism,CC BY-NC-SA 4.0,UMLS via SIDER 4.1,http://identifiers.org/umls/C0020676
C0080274,Urinary retention,CC BY-NC-SA 4.0,UMLS via SIDER 4.1,http://identifiers.org/umls/C0080274
C0151730,Drug effect increased,CC BY-NC-SA 4.0,UMLS via SIDER 4.1,http://identifiers.org/umls/C0151730
C0861120,Albumin urine increased,CC BY-NC-SA 4.0,UMLS via SIDER 4.1,http://identifiers.org/umls/C0861120
C0037822,Speech disorder,CC BY-NC-SA 4.0,UMLS via SIDER 4.1,http://identifiers.org/umls/C0037822
C0267406,Infarction mesenteric,CC BY-NC-SA 4.0,UMLS via SIDER 4.1,http://identifiers.org/umls/C0267406
C0233794,Memory impairment,CC BY-NC-SA 4.0,UMLS via SIDER 4.1,http://identifiers.org/umls/C0233794
C1096303,Lipase abnormal,CC BY-NC-SA 4.0,UMLS via SIDER 4.1,http://identifiers.org/umls/C1096303
C0877398,Anaemia postoperative,CC BY-NC-SA 4.0,UMLS via SIDER 4.1,http://identifiers.org/umls/C0877398
C1852242,AION,CC BY-NC-SA 4.0,UMLS via SIDER 4.1,http://identifiers.org/umls/C1852242
C0267925,Bile duct stenosis,CC BY-NC-SA 4.0,UMLS via SIDER 4.1,http://identifiers.org/umls/C0267925
C0521516,Polymyalgia,CC BY-NC-SA 4.0,UMLS via SIDER 4.1,http://identifiers.org/umls/C0521516
C0392196,Injection site urticaria,CC BY-NC-SA 4.0,UMLS via SIDER 4.1,http://identifiers.org/umls/C0392196
C3267156,Operative bleeding,CC BY-NC-SA 4.0,UMLS via SIDER 4.1,http://identifiers.org/umls/C3267156
C0920235,Psoriatic plaque,CC BY-NC-SA 4.0,UMLS via SIDER 4.1,http://identifiers.org/umls/C0920235
C1274926,Stinging skin,CC BY-NC-SA 4.0,UMLS via SIDER 4.1,http://identifiers.org/umls/C1274926
C1536052,Oral mucosal exfoliation,CC BY-NC-SA 4.0,UMLS via SIDER 4.1,http://identifiers.org/umls/C1536052
C0152165,Persistent vomiting,CC BY-NC-SA 4.0,UMLS via SIDER 4.1,http://identifiers.org/umls/C0152165
C0334044,Dysplasia,CC BY-NC-SA 4.0,UMLS via SIDER 4.1,http://identifiers.org/umls/C0334044
C0743072,Psychosis depressive,CC BY-NC-SA 4.0,UMLS via SIDER 4.1,http://identifiers.org/umls/C0743072
C0033860,Psoriasis,CC BY-NC-SA 4.0,UMLS via SIDER 4.1,http://identifiers.org/umls/C0033860
C1504435,Electrocardiogram QT interval abnormal,CC BY-NC-SA 4.0,UMLS via SIDER 4.1,http://identifiers.org/umls/C1504435
C0740471,Creatinine abnormal NOS,CC BY-NC-SA 4.0,UMLS via SIDER 4.1,http://identifiers.org/umls/C0740471
C0151662,Gamma-glutamyltransferase increased,CC BY-NC-SA 4.0,UMLS via SIDER 4.1,http://identifiers.org/umls/C0151662
C0549447,Urine odour foul,CC BY-NC-SA 4.0,UMLS via SIDER 4.1,http://identifiers.org/umls/C0549447
C1697642,Puncture site pain,CC BY-NC-SA 4.0,UMLS via SIDER 4.1,http://identifiers.org/umls/C1697642
C1323189,Dermatitis infected,CC BY-NC-SA 4.0,UMLS via SIDER 4.1,http://identifiers.org/umls/C1323189
C0027627,Metastasis,CC BY-NC-SA 4.0,UMLS via SIDER 4.1,http://identifiers.org/umls/C0027627
C0497552,"Unspecified congenital anomaly of brain, spinal cord, and nervous system",CC BY-NC-SA 4.0,UMLS via SIDER 4.1,http://identifiers.org/umls/C0497552
C0549293,Nasal soreness,CC BY-NC-SA 4.0,UMLS via SIDER 4.1,http://identifiers.org/umls/C0549293
C0240292,Mg++ increased,CC BY-NC-SA 4.0,UMLS via SIDER 4.1,http://identifiers.org/umls/C0240292
C2718128,Nasal inflammation,CC BY-NC-SA 4.0,UMLS via SIDER 4.1,http://identifiers.org/umls/C2718128
C0026948,Mycosis fungoides,CC BY-NC-SA 4.0,UMLS via SIDER 4.1,http://identifiers.org/umls/C0026948
C3495440,Bleeding breakthrough,CC BY-NC-SA 4.0,UMLS via SIDER 4.1,http://identifiers.org/umls/C3495440
C1879328,"Blindness, both eyes",CC BY-NC-SA 4.0,UMLS via SIDER 4.1,http://identifiers.org/umls/C1879328
C0393761,Middle insomnia,CC BY-NC-SA 4.0,UMLS via SIDER 4.1,http://identifiers.org/umls/C0393761
C1261989,Hepatic enzyme decreased,CC BY-NC-SA 4.0,UMLS via SIDER 4.1,http://identifiers.org/umls/C1261989
C0236993,Other sleep disturbances,CC BY-NC-SA 4.0,UMLS via SIDER 4.1,http://identifiers.org/umls/C0236993
C0740441,Acute diarrhea,CC BY-NC-SA 4.0,UMLS via SIDER 4.1,http://identifiers.org/umls/C0740441
C1142178,Intestinal stoma complication,CC BY-NC-SA 4.0,UMLS via SIDER 4.1,http://identifiers.org/umls/C1142178
C0151879,Electrocardiogram QT shortened,CC BY-NC-SA 4.0,UMLS via SIDER 4.1,http://identifiers.org/umls/C0151879
C0018520,Breath odour,CC BY-NC-SA 4.0,UMLS via SIDER 4.1,http://identifiers.org/umls/C0018520
C0858600,Taste sweet,CC BY-NC-SA 4.0,UMLS via SIDER 4.1,http://identifiers.org/umls/C0858600
C0030508,Parasomnia,CC BY-NC-SA 4.0,UMLS via SIDER 4.1,http://identifiers.org/umls/C0030508
C0270795,Monoparesis,CC BY-NC-SA 4.0,UMLS via SIDER 4.1,http://identifiers.org/umls/C0270795
C0221776,Oral pain,CC BY-NC-SA 4.0,UMLS via SIDER 4.1,http://identifiers.org/umls/C0221776
C0852919,Animal scratch,CC BY-NC-SA 4.0,UMLS via SIDER 4.1,http://identifiers.org/umls/C0852919
C1141861,Procedural complication,CC BY-NC-SA 4.0,UMLS via SIDER 4.1,http://identifiers.org/umls/C1141861
C1167785,Haemorrhagic urticaria,CC BY-NC-SA 4.0,UMLS via SIDER 4.1,http://identifiers.org/umls/C1167785
C0030781,Peliosis hepatis,CC BY-NC-SA 4.0,UMLS via SIDER 4.1,http://identifiers.org/umls/C0030781
C0423273,Scleral thinning,CC BY-NC-SA 4.0,UMLS via SIDER 4.1,http://identifiers.org/umls/C0423273
C0949059,Large intestine polyp,CC BY-NC-SA 4.0,UMLS via SIDER 4.1,http://identifiers.org/umls/C0949059
C1264610,Infectious peritonitis,CC BY-NC-SA 4.0,UMLS via SIDER 4.1,http://identifiers.org/umls/C1264610
C3495920,Lacrimal structural disorder,CC BY-NC-SA 4.0,UMLS via SIDER 4.1,http://identifiers.org/umls/C3495920
C0029928,Ovarian disorder,CC BY-NC-SA 4.0,UMLS via SIDER 4.1,http://identifiers.org/umls/C0029928
C0086981,Syndrome sicca,CC BY-NC-SA 4.0,UMLS via SIDER 4.1,http://identifiers.org/umls/C0086981
C0030446,Ileus paralytic,CC BY-NC-SA 4.0,UMLS via SIDER 4.1,http://identifiers.org/umls/C0030446
C3495917,Advanced breast cancer,CC BY-NC-SA 4.0,UMLS via SIDER 4.1,http://identifiers.org/umls/C3495917
C0521507,Injection site ulcer,CC BY-NC-SA 4.0,UMLS via SIDER 4.1,http://identifiers.org/umls/C0521507
C0333559,Lacunar infarction,CC BY-NC-SA 4.0,UMLS via SIDER 4.1,http://identifiers.org/umls/C0333559
C3160741,Toxicity to various agents,CC BY-NC-SA 4.0,UMLS via SIDER 4.1,http://identifiers.org/umls/C3160741
C0031046,Pericarditis,CC BY-NC-SA 4.0,UMLS via SIDER 4.1,http://identifiers.org/umls/C0031046
C0747256,Infection parasitic,CC BY-NC-SA 4.0,UMLS via SIDER 4.1,http://identifiers.org/umls/C0747256
C0027531,Neck injury,CC BY-NC-SA 4.0,UMLS via SIDER 4.1,http://identifiers.org/umls/C0027531
C0700363,Rhythm idioventricular,CC BY-NC-SA 4.0,UMLS via SIDER 4.1,http://identifiers.org/umls/C0700363
C0027429,Nasal obstruction,CC BY-NC-SA 4.0,UMLS via SIDER 4.1,http://identifiers.org/umls/C0027429
C0920108,Fasting blood glucose increased,CC BY-NC-SA 4.0,UMLS via SIDER 4.1,http://identifiers.org/umls/C0920108
C0425669,Abdominal aortic bruit,CC BY-NC-SA 4.0,UMLS via SIDER 4.1,http://identifiers.org/umls/C0425669
C0849835,Lip haemorrhage,CC BY-NC-SA 4.0,UMLS via SIDER 4.1,http://identifiers.org/umls/C0849835
C1328327,Gastrooesophageal sphincter insufficiency,CC BY-NC-SA 4.0,UMLS via SIDER 4.1,http://identifiers.org/umls/C1328327
C0016751,Fructose intolerance,CC BY-NC-SA 4.0,UMLS via SIDER 4.1,http://identifiers.org/umls/C0016751
C0040822,Tremor,CC BY-NC-SA 4.0,UMLS via SIDER 4.1,http://identifiers.org/umls/C0040822
C1868769,Anaphylactoid syndrome of pregnancy,CC BY-NC-SA 4.0,UMLS via SIDER 4.1,http://identifiers.org/umls/C1868769
C0234199,Pallanesthesia,CC BY-NC-SA 4.0,UMLS via SIDER 4.1,http://identifiers.org/umls/C0234199
C0549310,Vaginal mycosis,CC BY-NC-SA 4.0,UMLS via SIDER 4.1,http://identifiers.org/umls/C0549310
C0473311,Haemorrhagic ovarian cyst,CC BY-NC-SA 4.0,UMLS via SIDER 4.1,http://identifiers.org/umls/C0473311
C3665609,Conjunctival xerosis,CC BY-NC-SA 4.0,UMLS via SIDER 4.1,http://identifiers.org/umls/C3665609
C0858118,Plasma creatinine increased,CC BY-NC-SA 4.0,UMLS via SIDER 4.1,http://identifiers.org/umls/C0858118
C0152128,Drug withdrawal syndrome,CC BY-NC-SA 4.0,UMLS via SIDER 4.1,http://identifiers.org/umls/C0152128
C0235068,Scintillating scotoma,CC BY-NC-SA 4.0,UMLS via SIDER 4.1,http://identifiers.org/umls/C0235068
C0855624,Aspartate aminotransferase normal,CC BY-NC-SA 4.0,UMLS via SIDER 4.1,http://identifiers.org/umls/C0855624
C0281778,Anal abscess,CC BY-NC-SA 4.0,UMLS via SIDER 4.1,http://identifiers.org/umls/C0281778
C0683416,Depersonalization syndrome,CC BY-NC-SA 4.0,UMLS via SIDER 4.1,http://identifiers.org/umls/C0683416
C1096458,Vascular occlusion,CC BY-NC-SA 4.0,UMLS via SIDER 4.1,http://identifiers.org/umls/C1096458
C0008039,Cheyne-Stokes respiration,CC BY-NC-SA 4.0,UMLS via SIDER 4.1,http://identifiers.org/umls/C0008039
C1699201,Infusion site thrombophlebitis,CC BY-NC-SA 4.0,UMLS via SIDER 4.1,http://identifiers.org/umls/C1699201
C1735864,Administration site infection,CC BY-NC-SA 4.0,UMLS via SIDER 4.1,http://identifiers.org/umls/C1735864
C0151541,Capillary fragility increased,CC BY-NC-SA 4.0,UMLS via SIDER 4.1,http://identifiers.org/umls/C0151541
C1961112,Decompensation cardiac,CC BY-NC-SA 4.0,UMLS via SIDER 4.1,http://identifiers.org/umls/C1961112
C0031350,Pharyngitis,CC BY-NC-SA 4.0,UMLS via SIDER 4.1,http://identifiers.org/umls/C0031350
C0029453,Osteopenia,CC BY-NC-SA 4.0,UMLS via SIDER 4.1,http://identifiers.org/umls/C0029453
C3248383,Logorrhoea,CC BY-NC-SA 4.0,UMLS via SIDER 4.1,http://identifiers.org/umls/C3248383
C0522251,Sinus pain,CC BY-NC-SA 4.0,UMLS via SIDER 4.1,http://identifiers.org/umls/C0522251
C2945586,Bladder irritation,CC BY-NC-SA 4.0,UMLS via SIDER 4.1,http://identifiers.org/umls/C2945586
C0151579,Crystalluria,CC BY-NC-SA 4.0,UMLS via SIDER 4.1,http://identifiers.org/umls/C0151579
C3495916,Myocardial hypertrophy,CC BY-NC-SA 4.0,UMLS via SIDER 4.1,http://identifiers.org/umls/C3495916
C0948594,Musculoskeletal discomfort,CC BY-NC-SA 4.0,UMLS via SIDER 4.1,http://identifiers.org/umls/C0948594
C0853776,Blood albumin increased,CC BY-NC-SA 4.0,UMLS via SIDER 4.1,http://identifiers.org/umls/C0853776
C1740832,AML progression,CC BY-NC-SA 4.0,UMLS via SIDER 4.1,http://identifiers.org/umls/C1740832
C0549356,Inflicted injury,CC BY-NC-SA 4.0,UMLS via SIDER 4.1,http://identifiers.org/umls/C0549356
C1145628,Unspecified disorder of autonomic nervous system,CC BY-NC-SA 4.0,UMLS via SIDER 4.1,http://identifiers.org/umls/C1145628
C0220650,Brain cancer metastatic,CC BY-NC-SA 4.0,UMLS via SIDER 4.1,http://identifiers.org/umls/C0220650
C0920184,Fundic gland polyp,CC BY-NC-SA 4.0,UMLS via SIDER 4.1,http://identifiers.org/umls/C0920184
C0740425,Taste altered,CC BY-NC-SA 4.0,UMLS via SIDER 4.1,http://identifiers.org/umls/C0740425
C0011884,Diabetic retinopathy,CC BY-NC-SA 4.0,UMLS via SIDER 4.1,http://identifiers.org/umls/C0011884
C0334040,Extraskeletal ossification,CC BY-NC-SA 4.0,UMLS via SIDER 4.1,http://identifiers.org/umls/C0334040
C0520888,Electrocardiogram T wave inversion,CC BY-NC-SA 4.0,UMLS via SIDER 4.1,http://identifiers.org/umls/C0520888
C0034065,Pulmonary embolism,CC BY-NC-SA 4.0,UMLS via SIDER 4.1,http://identifiers.org/umls/C0034065
C0023510,White blood cell disorder,CC BY-NC-SA 4.0,UMLS via SIDER 4.1,http://identifiers.org/umls/C0023510
C0026640,Oral neoplasm,CC BY-NC-SA 4.0,UMLS via SIDER 4.1,http://identifiers.org/umls/C0026640
C0234708,Intraocular pressure increased,CC BY-NC-SA 4.0,UMLS via SIDER 4.1,http://identifiers.org/umls/C0234708
C0023501,Leukaemoid reaction,CC BY-NC-SA 4.0,UMLS via SIDER 4.1,http://identifiers.org/umls/C0023501
C0393847,Multifocal motor neuropathy,CC BY-NC-SA 4.0,UMLS via SIDER 4.1,http://identifiers.org/umls/C0393847
C0027726,Nephrotic syndrome,CC BY-NC-SA 4.0,UMLS via SIDER 4.1,http://identifiers.org/umls/C0027726
C0019065,Peritoneal haemorrhage,CC BY-NC-SA 4.0,UMLS via SIDER 4.1,http://identifiers.org/umls/C0019065
C0036358,Schizophreniform disorder,CC BY-NC-SA 4.0,UMLS via SIDER 4.1,http://identifiers.org/umls/C0036358
C0948257,Immunosuppressant drug level increased,CC BY-NC-SA 4.0,UMLS via SIDER 4.1,http://identifiers.org/umls/C0948257
C0679403,Vascular stenosis,CC BY-NC-SA 4.0,UMLS via SIDER 4.1,http://identifiers.org/umls/C0679403
C0027059,Myocarditis,CC BY-NC-SA 4.0,UMLS via SIDER 4.1,http://identifiers.org/umls/C0027059
C0520459,Necrotizing enterocolitis,CC BY-NC-SA 4.0,UMLS via SIDER 4.1,http://identifiers.org/umls/C0520459
C0017675,Glossitis,CC BY-NC-SA 4.0,UMLS via SIDER 4.1,http://identifiers.org/umls/C0017675
C0858259,Nasal discomfort,CC BY-NC-SA 4.0,UMLS via SIDER 4.1,http://identifiers.org/umls/C0858259
C0259799,Punctate keratitis,CC BY-NC-SA 4.0,UMLS via SIDER 4.1,http://identifiers.org/umls/C0259799
C0863090,Allergic skin reaction,CC BY-NC-SA 4.0,UMLS via SIDER 4.1,http://identifiers.org/umls/C0863090
C3203485,Orthostatic dysregulation,CC BY-NC-SA 4.0,UMLS via SIDER 4.1,http://identifiers.org/umls/C3203485
C0021345,Infectious mononucleosis,CC BY-NC-SA 4.0,UMLS via SIDER 4.1,http://identifiers.org/umls/C0021345
C0311223,Frozen shoulder,CC BY-NC-SA 4.0,UMLS via SIDER 4.1,http://identifiers.org/umls/C0311223
C0853748,Blood electrolytes abnormal,CC BY-NC-SA 4.0,UMLS via SIDER 4.1,http://identifiers.org/umls/C0853748
C0858581,Numbness generalized,CC BY-NC-SA 4.0,UMLS via SIDER 4.1,http://identifiers.org/umls/C0858581
C0265122,Pericardial disease,CC BY-NC-SA 4.0,UMLS via SIDER 4.1,http://identifiers.org/umls/C0265122
C0029882,Otitis media,CC BY-NC-SA 4.0,UMLS via SIDER 4.1,http://identifiers.org/umls/C0029882
C0234369,Trembling,CC BY-NC-SA 4.0,UMLS via SIDER 4.1,http://identifiers.org/umls/C0234369
C0858794,Application site warmth,CC BY-NC-SA 4.0,UMLS via SIDER 4.1,http://identifiers.org/umls/C0858794
C0429774,Residual urine volume,CC BY-NC-SA 4.0,UMLS via SIDER 4.1,http://identifiers.org/umls/C0429774
C0231875,Wheezing expiratory,CC BY-NC-SA 4.0,UMLS via SIDER 4.1,http://identifiers.org/umls/C0231875
C0007855,Cervical polyp,CC BY-NC-SA 4.0,UMLS via SIDER 4.1,http://identifiers.org/umls/C0007855
C0520837,Forced expiratory volume decreased,CC BY-NC-SA 4.0,UMLS via SIDER 4.1,http://identifiers.org/umls/C0520837
C0009062,Clostridial infection,CC BY-NC-SA 4.0,UMLS via SIDER 4.1,http://identifiers.org/umls/C0009062
C0595928,Serum calcium increased,CC BY-NC-SA 4.0,UMLS via SIDER 4.1,http://identifiers.org/umls/C0595928
C0151205,Periorbital oedema,CC BY-NC-SA 4.0,UMLS via SIDER 4.1,http://identifiers.org/umls/C0151205
C0009376,Colonic polyp,CC BY-NC-SA 4.0,UMLS via SIDER 4.1,http://identifiers.org/umls/C0009376
C0235018,Localised numbness,CC BY-NC-SA 4.0,UMLS via SIDER 4.1,http://identifiers.org/umls/C0235018
C0162565,Porphyria acute,CC BY-NC-SA 4.0,UMLS via SIDER 4.1,http://identifiers.org/umls/C0162565
C0392168,Emprosthotonus,CC BY-NC-SA 4.0,UMLS via SIDER 4.1,http://identifiers.org/umls/C0392168
C1167661,Cerebral vasoconstriction,CC BY-NC-SA 4.0,UMLS via SIDER 4.1,http://identifiers.org/umls/C1167661
C0221395,Erythropenia,CC BY-NC-SA 4.0,UMLS via SIDER 4.1,http://identifiers.org/umls/C0221395
C0020581,Hyphaema,CC BY-NC-SA 4.0,UMLS via SIDER 4.1,http://identifiers.org/umls/C0020581
C0042790,Disorder sight,CC BY-NC-SA 4.0,UMLS via SIDER 4.1,http://identifiers.org/umls/C0042790
C0232495,Abdominal pain lower,CC BY-NC-SA 4.0,UMLS via SIDER 4.1,http://identifiers.org/umls/C0232495
C0235893,Allergy aggravated,CC BY-NC-SA 4.0,UMLS via SIDER 4.1,http://identifiers.org/umls/C0235893
C0009766,Conjunctivitis allergic,CC BY-NC-SA 4.0,UMLS via SIDER 4.1,http://identifiers.org/umls/C0009766
C0041782,Deficiency anaemia,CC BY-NC-SA 4.0,UMLS via SIDER 4.1,http://identifiers.org/umls/C0041782
C1299624,Postural orthostatic tachycardia syndrome,CC BY-NC-SA 4.0,UMLS via SIDER 4.1,http://identifiers.org/umls/C1299624
C0948484,Anal discomfort,CC BY-NC-SA 4.0,UMLS via SIDER 4.1,http://identifiers.org/umls/C0948484
C0151603,Generalised oedema,CC BY-NC-SA 4.0,UMLS via SIDER 4.1,http://identifiers.org/umls/C0151603
C0234909,Nail changes,CC BY-NC-SA 4.0,UMLS via SIDER 4.1,http://identifiers.org/umls/C0234909
C0023531,Leukoplakia,CC BY-NC-SA 4.0,UMLS via SIDER 4.1,http://identifiers.org/umls/C0023531
C0235004,Head pressure,CC BY-NC-SA 4.0,UMLS via SIDER 4.1,http://identifiers.org/umls/C0235004
C0152020,Gastric atony,CC BY-NC-SA 4.0,UMLS via SIDER 4.1,http://identifiers.org/umls/C0152020
C1306792,Red man syndrome,CC BY-NC-SA 4.0,UMLS via SIDER 4.1,http://identifiers.org/umls/C1306792
C0152002,Renal vasculitis,CC BY-NC-SA 4.0,UMLS via SIDER 4.1,http://identifiers.org/umls/C0152002
C0151618,Embolus leg,CC BY-NC-SA 4.0,UMLS via SIDER 4.1,http://identifiers.org/umls/C0151618
C0853008,Parkinson's disease aggravated,CC BY-NC-SA 4.0,UMLS via SIDER 4.1,http://identifiers.org/umls/C0853008
C0151629,Fixed eruption,CC BY-NC-SA 4.0,UMLS via SIDER 4.1,http://identifiers.org/umls/C0151629
C0151661,Peripheral gangrene,CC BY-NC-SA 4.0,UMLS via SIDER 4.1,http://identifiers.org/umls/C0151661
C0003860,Arteritis,CC BY-NC-SA 4.0,UMLS via SIDER 4.1,http://identifiers.org/umls/C0003860
C0079487,Helicobacter infection,CC BY-NC-SA 4.0,UMLS via SIDER 4.1,http://identifiers.org/umls/C0079487
C1306341,Mental disability,CC BY-NC-SA 4.0,UMLS via SIDER 4.1,http://identifiers.org/umls/C1306341
C0019209,Hepatomegaly,CC BY-NC-SA 4.0,UMLS via SIDER 4.1,http://identifiers.org/umls/C0019209
C0520861,Venous pressure jugular increased,CC BY-NC-SA 4.0,UMLS via SIDER 4.1,http://identifiers.org/umls/C0520861
C0006107,Concussion,CC BY-NC-SA 4.0,UMLS via SIDER 4.1,http://identifiers.org/umls/C0006107
C1384494,Metastatic carcinoma,CC BY-NC-SA 4.0,UMLS via SIDER 4.1,http://identifiers.org/umls/C1384494
C0221155,Systolic hypertension,CC BY-NC-SA 4.0,UMLS via SIDER 4.1,http://identifiers.org/umls/C0221155
C0239113,Coombs test positive,CC BY-NC-SA 4.0,UMLS via SIDER 4.1,http://identifiers.org/umls/C0239113
C1696685,Intentional drug misuse,CC BY-NC-SA 4.0,UMLS via SIDER 4.1,http://identifiers.org/umls/C1696685
C1504343,Acarodermatitis,CC BY-NC-SA 4.0,UMLS via SIDER 4.1,http://identifiers.org/umls/C1504343
C0745153,Hypoglycaemic episode,CC BY-NC-SA 4.0,UMLS via SIDER 4.1,http://identifiers.org/umls/C0745153
C0233818,Judgement impaired,CC BY-NC-SA 4.0,UMLS via SIDER 4.1,http://identifiers.org/umls/C0233818
C0018021,Goitre,CC BY-NC-SA 4.0,UMLS via SIDER 4.1,http://identifiers.org/umls/C0018021
C0853749,Blood magnesium increased,CC BY-NC-SA 4.0,UMLS via SIDER 4.1,http://identifiers.org/umls/C0853749
C0085694,Cholecystitis chronic,CC BY-NC-SA 4.0,UMLS via SIDER 4.1,http://identifiers.org/umls/C0085694
C0234192,Feeling cold,CC BY-NC-SA 4.0,UMLS via SIDER 4.1,http://identifiers.org/umls/C0234192
C0243065,Aplasia,CC BY-NC-SA 4.0,UMLS via SIDER 4.1,http://identifiers.org/umls/C0243065
C0042170,Vogt-Koyanagi-Harada syndrome,CC BY-NC-SA 4.0,UMLS via SIDER 4.1,http://identifiers.org/umls/C0042170
C1142257,Incision site pain,CC BY-NC-SA 4.0,UMLS via SIDER 4.1,http://identifiers.org/umls/C1142257
C1527405,Erythrocytosis,CC BY-NC-SA 4.0,UMLS via SIDER 4.1,http://identifiers.org/umls/C1527405
C0014356,Enterocolitis,CC BY-NC-SA 4.0,UMLS via SIDER 4.1,http://identifiers.org/umls/C0014356
C0877690,Renal graft loss,CC BY-NC-SA 4.0,UMLS via SIDER 4.1,http://identifiers.org/umls/C0877690
C1956346,Coronary artery disease,CC BY-NC-SA 4.0,UMLS via SIDER 4.1,http://identifiers.org/umls/C1956346
C0272118,Warm type haemolytic anaemia,CC BY-NC-SA 4.0,UMLS via SIDER 4.1,http://identifiers.org/umls/C0272118
C3536683,Ovulation inhibited,CC BY-NC-SA 4.0,UMLS via SIDER 4.1,http://identifiers.org/umls/C3536683
C0015967,Body temperature increased,CC BY-NC-SA 4.0,UMLS via SIDER 4.1,http://identifiers.org/umls/C0015967
C0016842,Pectus excavatum,CC BY-NC-SA 4.0,UMLS via SIDER 4.1,http://identifiers.org/umls/C0016842
C1868980,Pharmacokinetic interaction,CC BY-NC-SA 4.0,UMLS via SIDER 4.1,http://identifiers.org/umls/C1868980
C0857305,Thrombocytopenic purpura,CC BY-NC-SA 4.0,UMLS via SIDER 4.1,http://identifiers.org/umls/C0857305
C0522214,Visual evoked potentials abnormal,CC BY-NC-SA 4.0,UMLS via SIDER 4.1,http://identifiers.org/umls/C0522214
C0853754,Blood osmolarity increased,CC BY-NC-SA 4.0,UMLS via SIDER 4.1,http://identifiers.org/umls/C0853754
C0541887,Discomfort rectal,CC BY-NC-SA 4.0,UMLS via SIDER 4.1,http://identifiers.org/umls/C0541887
C0086565,Hepatic function abnormal,CC BY-NC-SA 4.0,UMLS via SIDER 4.1,http://identifiers.org/umls/C0086565
C0085636,Photophobia,CC BY-NC-SA 4.0,UMLS via SIDER 4.1,http://identifiers.org/umls/C0085636
C0267158,Reflux gastritis,CC BY-NC-SA 4.0,UMLS via SIDER 4.1,http://identifiers.org/umls/C0267158
C2004489,Regurgitation,CC BY-NC-SA 4.0,UMLS via SIDER 4.1,http://identifiers.org/umls/C2004489
C0456677,Total spinal block,CC BY-NC-SA 4.0,UMLS via SIDER 4.1,http://identifiers.org/umls/C0456677
C0027794,Neural tube defect,CC BY-NC-SA 4.0,UMLS via SIDER 4.1,http://identifiers.org/umls/C0027794
C0151905,Alanine aminotransferase increased,CC BY-NC-SA 4.0,UMLS via SIDER 4.1,http://identifiers.org/umls/C0151905
C0919625,Blood phosphorus increased,CC BY-NC-SA 4.0,UMLS via SIDER 4.1,http://identifiers.org/umls/C0919625
C0853800,Contrast media reaction,CC BY-NC-SA 4.0,UMLS via SIDER 4.1,http://identifiers.org/umls/C0853800
C0155320,Blindness cortical,CC BY-NC-SA 4.0,UMLS via SIDER 4.1,http://identifiers.org/umls/C0155320
C0742965,Eosinophilic cystitis,CC BY-NC-SA 4.0,UMLS via SIDER 4.1,http://identifiers.org/umls/C0742965
C0857386,Nocturnal confusion,CC BY-NC-SA 4.0,UMLS via SIDER 4.1,http://identifiers.org/umls/C0857386
C0006434,Burn,CC BY-NC-SA 4.0,UMLS via SIDER 4.1,http://identifiers.org/umls/C0006434
C0002963,Prinzmetal angina,CC BY-NC-SA 4.0,UMLS via SIDER 4.1,http://identifiers.org/umls/C0002963
C0042487,Venous thrombosis,CC BY-NC-SA 4.0,UMLS via SIDER 4.1,http://identifiers.org/umls/C0042487
C0947912,Myasthenia,CC BY-NC-SA 4.0,UMLS via SIDER 4.1,http://identifiers.org/umls/C0947912
C0010823,Cytomegalovirus infection,CC BY-NC-SA 4.0,UMLS via SIDER 4.1,http://identifiers.org/umls/C0010823
C1096262,Escherichia bacteraemia,CC BY-NC-SA 4.0,UMLS via SIDER 4.1,http://identifiers.org/umls/C1096262
C0858970,Carcinogenicity,CC BY-NC-SA 4.0,UMLS via SIDER 4.1,http://identifiers.org/umls/C0858970
C3495950,Cochlear toxicity,CC BY-NC-SA 4.0,UMLS via SIDER 4.1,http://identifiers.org/umls/C3495950
C0233514,Abnormal behaviour,CC BY-NC-SA 4.0,UMLS via SIDER 4.1,http://identifiers.org/umls/C0233514
C0151517,Atrioventricular block complete,CC BY-NC-SA 4.0,UMLS via SIDER 4.1,http://identifiers.org/umls/C0151517
C0018843,Heat stroke,CC BY-NC-SA 4.0,UMLS via SIDER 4.1,http://identifiers.org/umls/C0018843
C0033036,Supraventricular extrasystoles,CC BY-NC-SA 4.0,UMLS via SIDER 4.1,http://identifiers.org/umls/C0033036
C0520587,Vulvovaginal discomfort,CC BY-NC-SA 4.0,UMLS via SIDER 4.1,http://identifiers.org/umls/C0520587
C0085684,Footdrop,CC BY-NC-SA 4.0,UMLS via SIDER 4.1,http://identifiers.org/umls/C0085684
C0221269,Pseudolymphoma,CC BY-NC-SA 4.0,UMLS via SIDER 4.1,http://identifiers.org/umls/C0221269
C0243001,Abdominal abscess,CC BY-NC-SA 4.0,UMLS via SIDER 4.1,http://identifiers.org/umls/C0243001
C1535893,Orthostatic intolerance,CC BY-NC-SA 4.0,UMLS via SIDER 4.1,http://identifiers.org/umls/C1535893
C0149516,Chronic sinusitis,CC BY-NC-SA 4.0,UMLS via SIDER 4.1,http://identifiers.org/umls/C0149516
C0024236,Lymphoedema,CC BY-NC-SA 4.0,UMLS via SIDER 4.1,http://identifiers.org/umls/C0024236
C0701810,Long-term memory loss,CC BY-NC-SA 4.0,UMLS via SIDER 4.1,http://identifiers.org/umls/C0701810
C0031538,Tight foreskin,CC BY-NC-SA 4.0,UMLS via SIDER 4.1,http://identifiers.org/umls/C0031538
C0021775,Intermittent claudication,CC BY-NC-SA 4.0,UMLS via SIDER 4.1,http://identifiers.org/umls/C0021775
C0013378,Dysgeusia,CC BY-NC-SA 4.0,UMLS via SIDER 4.1,http://identifiers.org/umls/C0013378
C0151577,Creatinine renal clearance decreased,CC BY-NC-SA 4.0,UMLS via SIDER 4.1,http://identifiers.org/umls/C0151577
C0233973,Painful erection,CC BY-NC-SA 4.0,UMLS via SIDER 4.1,http://identifiers.org/umls/C0233973
C0151489,Arterial anomaly,CC BY-NC-SA 4.0,UMLS via SIDER 4.1,http://identifiers.org/umls/C0151489
C0029574,Other dermatoses,CC BY-NC-SA 4.0,UMLS via SIDER 4.1,http://identifiers.org/umls/C0029574
C0235453,Steroid withdrawal syndrome,CC BY-NC-SA 4.0,UMLS via SIDER 4.1,http://identifiers.org/umls/C0235453
C0205204,Scab,CC BY-NC-SA 4.0,UMLS via SIDER 4.1,http://identifiers.org/umls/C0205204
C0741453,Bedridden,CC BY-NC-SA 4.0,UMLS via SIDER 4.1,http://identifiers.org/umls/C0741453
C0032529,Genetic polymorphism,CC BY-NC-SA 4.0,UMLS via SIDER 4.1,http://identifiers.org/umls/C0032529
C0242979,Muscle fatigue,CC BY-NC-SA 4.0,UMLS via SIDER 4.1,http://identifiers.org/umls/C0242979
C0267166,Gastroduodenitis,CC BY-NC-SA 4.0,UMLS via SIDER 4.1,http://identifiers.org/umls/C0267166
C0919715,Lupus-like syndrome,CC BY-NC-SA 4.0,UMLS via SIDER 4.1,http://identifiers.org/umls/C0919715
C0458219,Complex regional pain syndrome,CC BY-NC-SA 4.0,UMLS via SIDER 4.1,http://identifiers.org/umls/C0458219
C0857236,Rash both legs,CC BY-NC-SA 4.0,UMLS via SIDER 4.1,http://identifiers.org/umls/C0857236
C0852885,Bucking,CC BY-NC-SA 4.0,UMLS via SIDER 4.1,http://identifiers.org/umls/C0852885
C0853662,Oestrogen deficiency,CC BY-NC-SA 4.0,UMLS via SIDER 4.1,http://identifiers.org/umls/C0853662
C0519063,Pulmonary lymphoma,CC BY-NC-SA 4.0,UMLS via SIDER 4.1,http://identifiers.org/umls/C0519063
C1527336,Sjogren's syndrome,CC BY-NC-SA 4.0,UMLS via SIDER 4.1,http://identifiers.org/umls/C1527336
C0034194,Pyloric stenosis,CC BY-NC-SA 4.0,UMLS via SIDER 4.1,http://identifiers.org/umls/C0034194
C0178282,Abdominal hernia,CC BY-NC-SA 4.0,UMLS via SIDER 4.1,http://identifiers.org/umls/C0178282
C0151613,Electrolyte abnormality,CC BY-NC-SA 4.0,UMLS via SIDER 4.1,http://identifiers.org/umls/C0151613
C0392620,Alcohol poisoning,CC BY-NC-SA 4.0,UMLS via SIDER 4.1,http://identifiers.org/umls/C0392620
C0042024,Urinary incontinence,CC BY-NC-SA 4.0,UMLS via SIDER 4.1,http://identifiers.org/umls/C0042024
C0039496,Temporomandibular joint syndrome,CC BY-NC-SA 4.0,UMLS via SIDER 4.1,http://identifiers.org/umls/C0039496
C0919662,Menstrual cycle prolonged,CC BY-NC-SA 4.0,UMLS via SIDER 4.1,http://identifiers.org/umls/C0919662
C0235756,Semen abnormal,CC BY-NC-SA 4.0,UMLS via SIDER 4.1,http://identifiers.org/umls/C0235756
C0267953,Pancreatic necrosis,CC BY-NC-SA 4.0,UMLS via SIDER 4.1,http://identifiers.org/umls/C0267953
C0020175,Hunger,CC BY-NC-SA 4.0,UMLS via SIDER 4.1,http://identifiers.org/umls/C0020175
C0235339,Mouth irritation,CC BY-NC-SA 4.0,UMLS via SIDER 4.1,http://identifiers.org/umls/C0235339
C0039446,Telangiectasia,CC BY-NC-SA 4.0,UMLS via SIDER 4.1,http://identifiers.org/umls/C0039446
C0029927,Ovarian cyst,CC BY-NC-SA 4.0,UMLS via SIDER 4.1,http://identifiers.org/umls/C0029927
C3495797,Peripheral artery stenosis,CC BY-NC-SA 4.0,UMLS via SIDER 4.1,http://identifiers.org/umls/C3495797
C0019193,Hepatitis toxic,CC BY-NC-SA 4.0,UMLS via SIDER 4.1,http://identifiers.org/umls/C0019193
C0277899,Pulse absent,CC BY-NC-SA 4.0,UMLS via SIDER 4.1,http://identifiers.org/umls/C0277899
C0006266,Bronchospasm,CC BY-NC-SA 4.0,UMLS via SIDER 4.1,http://identifiers.org/umls/C0006266
C0149512,Acute sinusitis,CC BY-NC-SA 4.0,UMLS via SIDER 4.1,http://identifiers.org/umls/C0149512
C0221201,Rash macular,CC BY-NC-SA 4.0,UMLS via SIDER 4.1,http://identifiers.org/umls/C0221201
C0376545,Haematological malignancy,CC BY-NC-SA 4.0,UMLS via SIDER 4.1,http://identifiers.org/umls/C0376545
C0238154,Epidural haemorrhage,CC BY-NC-SA 4.0,UMLS via SIDER 4.1,http://identifiers.org/umls/C0238154
C0278080,Dependence physiological,CC BY-NC-SA 4.0,UMLS via SIDER 4.1,http://identifiers.org/umls/C0278080
C0555358,Morbid thoughts,CC BY-NC-SA 4.0,UMLS via SIDER 4.1,http://identifiers.org/umls/C0555358
C0178421,Fibroadenoma of breast,CC BY-NC-SA 4.0,UMLS via SIDER 4.1,http://identifiers.org/umls/C0178421
C0270458,Psychotic depression,CC BY-NC-SA 4.0,UMLS via SIDER 4.1,http://identifiers.org/umls/C0270458
C3241958,Myocardial disorder,CC BY-NC-SA 4.0,UMLS via SIDER 4.1,http://identifiers.org/umls/C3241958
C0341505,Chemical peritonitis,CC BY-NC-SA 4.0,UMLS via SIDER 4.1,http://identifiers.org/umls/C0341505
C0730362,Maculopathy,CC BY-NC-SA 4.0,UMLS via SIDER 4.1,http://identifiers.org/umls/C0730362
C0035235,Respiratory syncytial virus infection,CC BY-NC-SA 4.0,UMLS via SIDER 4.1,http://identifiers.org/umls/C0035235
C0221032,Congenital generalised lipodystrophy,CC BY-NC-SA 4.0,UMLS via SIDER 4.1,http://identifiers.org/umls/C0221032
C0085692,Cystitis haemorrhagic,CC BY-NC-SA 4.0,UMLS via SIDER 4.1,http://identifiers.org/umls/C0085692
C0236082,Vaginal pain,CC BY-NC-SA 4.0,UMLS via SIDER 4.1,http://identifiers.org/umls/C0236082
C0919572,Agitation postoperative,CC BY-NC-SA 4.0,UMLS via SIDER 4.1,http://identifiers.org/umls/C0919572
C0235296,Epigastric pain not food-related,CC BY-NC-SA 4.0,UMLS via SIDER 4.1,http://identifiers.org/umls/C0235296
C1444680,Posterior capsule opacification,CC BY-NC-SA 4.0,UMLS via SIDER 4.1,http://identifiers.org/umls/C1444680
C0011334,Dental caries,CC BY-NC-SA 4.0,UMLS via SIDER 4.1,http://identifiers.org/umls/C0011334
C0041956,Ureteric obstruction,CC BY-NC-SA 4.0,UMLS via SIDER 4.1,http://identifiers.org/umls/C0041956
C0032708,Porphyrin metabolism disorder,CC BY-NC-SA 4.0,UMLS via SIDER 4.1,http://identifiers.org/umls/C0032708
C0003834,Arterial insufficiency,CC BY-NC-SA 4.0,UMLS via SIDER 4.1,http://identifiers.org/umls/C0003834
C0030552,Paresis,CC BY-NC-SA 4.0,UMLS via SIDER 4.1,http://identifiers.org/umls/C0030552
C0948733,Abdominal spasm,CC BY-NC-SA 4.0,UMLS via SIDER 4.1,http://identifiers.org/umls/C0948733
C0232292,Chest tightness,CC BY-NC-SA 4.0,UMLS via SIDER 4.1,http://identifiers.org/umls/C0232292
C0013528,Echolalia,CC BY-NC-SA 4.0,UMLS via SIDER 4.1,http://identifiers.org/umls/C0013528
C0347197,Oral neoplasm benign,CC BY-NC-SA 4.0,UMLS via SIDER 4.1,http://identifiers.org/umls/C0347197
C0026718,Mucormycosis,CC BY-NC-SA 4.0,UMLS via SIDER 4.1,http://identifiers.org/umls/C0026718
C0010037,Corneal oedema,CC BY-NC-SA 4.0,UMLS via SIDER 4.1,http://identifiers.org/umls/C0010037
C0007102,Colon cancer,CC BY-NC-SA 4.0,UMLS via SIDER 4.1,http://identifiers.org/umls/C0007102
C0877144,Spontaneous penile erection,CC BY-NC-SA 4.0,UMLS via SIDER 4.1,http://identifiers.org/umls/C0877144
C0021313,Kidney infection,CC BY-NC-SA 4.0,UMLS via SIDER 4.1,http://identifiers.org/umls/C0021313
C0423282,Anterior chamber cell,CC BY-NC-SA 4.0,UMLS via SIDER 4.1,http://identifiers.org/umls/C0423282
C0017636,Glioblastoma,CC BY-NC-SA 4.0,UMLS via SIDER 4.1,http://identifiers.org/umls/C0017636
C0423172,Dacryocanaliculitis,CC BY-NC-SA 4.0,UMLS via SIDER 4.1,http://identifiers.org/umls/C0423172
C0853203,Smear cervix normal,CC BY-NC-SA 4.0,UMLS via SIDER 4.1,http://identifiers.org/umls/C0853203
C0239234,Low set ears,CC BY-NC-SA 4.0,UMLS via SIDER 4.1,http://identifiers.org/umls/C0239234
C0340952,Secondary anemia,CC BY-NC-SA 4.0,UMLS via SIDER 4.1,http://identifiers.org/umls/C0340952
C1262005,Ischaemic cerebral infarction,CC BY-NC-SA 4.0,UMLS via SIDER 4.1,http://identifiers.org/umls/C1262005
C0014179,Endometritis,CC BY-NC-SA 4.0,UMLS via SIDER 4.1,http://identifiers.org/umls/C0014179
C0086769,Panic attack,CC BY-NC-SA 4.0,UMLS via SIDER 4.1,http://identifiers.org/umls/C0086769
C0344375,Stomach cramps,CC BY-NC-SA 4.0,UMLS via SIDER 4.1,http://identifiers.org/umls/C0344375
C0007166,Cardiac output decreased,CC BY-NC-SA 4.0,UMLS via SIDER 4.1,http://identifiers.org/umls/C0007166
C0042063,Congenital genitourinary abnormality,CC BY-NC-SA 4.0,UMLS via SIDER 4.1,http://identifiers.org/umls/C0042063
C0333650,Fat atrophy,CC BY-NC-SA 4.0,UMLS via SIDER 4.1,http://identifiers.org/umls/C0333650
C0015930,Foetal distress syndrome,CC BY-NC-SA 4.0,UMLS via SIDER 4.1,http://identifiers.org/umls/C0015930
C0085166,Vaginitis bacterial,CC BY-NC-SA 4.0,UMLS via SIDER 4.1,http://identifiers.org/umls/C0085166
C0410158,Muscle damage,CC BY-NC-SA 4.0,UMLS via SIDER 4.1,http://identifiers.org/umls/C0410158
C0235287,Dysosmia,CC BY-NC-SA 4.0,UMLS via SIDER 4.1,http://identifiers.org/umls/C0235287
C0281361,Adenocarcinoma pancreas,CC BY-NC-SA 4.0,UMLS via SIDER 4.1,http://identifiers.org/umls/C0281361
C0032320,Pneumoperitoneum,CC BY-NC-SA 4.0,UMLS via SIDER 4.1,http://identifiers.org/umls/C0032320
C0877009,Muscle fibrosis,CC BY-NC-SA 4.0,UMLS via SIDER 4.1,http://identifiers.org/umls/C0877009
C1608953,Intestinal diaphragm disease,CC BY-NC-SA 4.0,UMLS via SIDER 4.1,http://identifiers.org/umls/C1608953
C0920195,Aphakic cystoid macular oedema,CC BY-NC-SA 4.0,UMLS via SIDER 4.1,http://identifiers.org/umls/C0920195
C0016382,Flushing,CC BY-NC-SA 4.0,UMLS via SIDER 4.1,http://identifiers.org/umls/C0016382
C0041912,Upper respiratory tract infection,CC BY-NC-SA 4.0,UMLS via SIDER 4.1,http://identifiers.org/umls/C0041912
C0401013,Fungal peritonitis,CC BY-NC-SA 4.0,UMLS via SIDER 4.1,http://identifiers.org/umls/C0401013
C0028817,Ochronosis,CC BY-NC-SA 4.0,UMLS via SIDER 4.1,http://identifiers.org/umls/C0028817
C0238796,Bone marrow granuloma,CC BY-NC-SA 4.0,UMLS via SIDER 4.1,http://identifiers.org/umls/C0238796
C0577628,Latex allergy,CC BY-NC-SA 4.0,UMLS via SIDER 4.1,http://identifiers.org/umls/C0577628
C0853026,Porphyria non-acute,CC BY-NC-SA 4.0,UMLS via SIDER 4.1,http://identifiers.org/umls/C0853026
C0853013,Diverticular perforation,CC BY-NC-SA 4.0,UMLS via SIDER 4.1,http://identifiers.org/umls/C0853013
C0856677,Accelerated hair loss,CC BY-NC-SA 4.0,UMLS via SIDER 4.1,http://identifiers.org/umls/C0856677
C0423234,Punctate epithelial erosion,CC BY-NC-SA 4.0,UMLS via SIDER 4.1,http://identifiers.org/umls/C0423234
C0041408,Turner's syndrome,CC BY-NC-SA 4.0,UMLS via SIDER 4.1,http://identifiers.org/umls/C0041408
C2973725,Pulmonary arterial hypertension,CC BY-NC-SA 4.0,UMLS via SIDER 4.1,http://identifiers.org/umls/C2973725
C0549209,Feeling jittery,CC BY-NC-SA 4.0,UMLS via SIDER 4.1,http://identifiers.org/umls/C0549209
C0085688,Breast engorgement,CC BY-NC-SA 4.0,UMLS via SIDER 4.1,http://identifiers.org/umls/C0085688
C0858667,Urinary protein increased,CC BY-NC-SA 4.0,UMLS via SIDER 4.1,http://identifiers.org/umls/C0858667
C1167945,Infusion site rash,CC BY-NC-SA 4.0,UMLS via SIDER 4.1,http://identifiers.org/umls/C1167945
C0042035,Micturition disorder,CC BY-NC-SA 4.0,UMLS via SIDER 4.1,http://identifiers.org/umls/C0042035
C1535939,Pneumocystis jirovecii pneumonia,CC BY-NC-SA 4.0,UMLS via SIDER 4.1,http://identifiers.org/umls/C1535939
C0858950,Mental aberration,CC BY-NC-SA 4.0,UMLS via SIDER 4.1,http://identifiers.org/umls/C0858950
C0150077,Skin breakdown,CC BY-NC-SA 4.0,UMLS via SIDER 4.1,http://identifiers.org/umls/C0150077
C0016034,Fibrocystic breast disease,CC BY-NC-SA 4.0,UMLS via SIDER 4.1,http://identifiers.org/umls/C0016034
C0920114,Urinary sediment abnormal,CC BY-NC-SA 4.0,UMLS via SIDER 4.1,http://identifiers.org/umls/C0920114
C0241633,Vaginal dryness,CC BY-NC-SA 4.0,UMLS via SIDER 4.1,http://identifiers.org/umls/C0241633
C0014868,Oesophagitis,CC BY-NC-SA 4.0,UMLS via SIDER 4.1,http://identifiers.org/umls/C0014868
C0232487,Abdominal discomfort,CC BY-NC-SA 4.0,UMLS via SIDER 4.1,http://identifiers.org/umls/C0232487
C1142524,Asymptomatic hyperlactatemia,CC BY-NC-SA 4.0,UMLS via SIDER 4.1,http://identifiers.org/umls/C1142524
C0342405,Pituitary infarction,CC BY-NC-SA 4.0,UMLS via SIDER 4.1,http://identifiers.org/umls/C0342405
C0232849,Bladder pain,CC BY-NC-SA 4.0,UMLS via SIDER 4.1,http://identifiers.org/umls/C0232849
C0455880,Poor urinary stream,CC BY-NC-SA 4.0,UMLS via SIDER 4.1,http://identifiers.org/umls/C0455880
C0002928,Spinal anaesthesia,CC BY-NC-SA 4.0,UMLS via SIDER 4.1,http://identifiers.org/umls/C0002928
C0011603,Dermatitis,CC BY-NC-SA 4.0,UMLS via SIDER 4.1,http://identifiers.org/umls/C0011603
C0000735,Abdominal neoplasm,CC BY-NC-SA 4.0,UMLS via SIDER 4.1,http://identifiers.org/umls/C0000735
C0021655,Insulin resistance,CC BY-NC-SA 4.0,UMLS via SIDER 4.1,http://identifiers.org/umls/C0021655
C1142117,Adnexa uteri pain,CC BY-NC-SA 4.0,UMLS via SIDER 4.1,http://identifiers.org/umls/C1142117
C0853760,Blood potassium increased,CC BY-NC-SA 4.0,UMLS via SIDER 4.1,http://identifiers.org/umls/C0853760
C0036980,Cardiogenic shock,CC BY-NC-SA 4.0,UMLS via SIDER 4.1,http://identifiers.org/umls/C0036980
C0455769,Energy increased,CC BY-NC-SA 4.0,UMLS via SIDER 4.1,http://identifiers.org/umls/C0455769
C2939420,Metastatic disease,CC BY-NC-SA 4.0,UMLS via SIDER 4.1,http://identifiers.org/umls/C2939420
C0853879,Breast cancer invasive NOS,CC BY-NC-SA 4.0,UMLS via SIDER 4.1,http://identifiers.org/umls/C0853879
C0235884,Gastric perforation,CC BY-NC-SA 4.0,UMLS via SIDER 4.1,http://identifiers.org/umls/C0235884
C0042131,Uterine disorder,CC BY-NC-SA 4.0,UMLS via SIDER 4.1,http://identifiers.org/umls/C0042131
C0848383,Eye ulcer,CC BY-NC-SA 4.0,UMLS via SIDER 4.1,http://identifiers.org/umls/C0848383
C0017601,Glaucoma,CC BY-NC-SA 4.0,UMLS via SIDER 4.1,http://identifiers.org/umls/C0017601
C0234894,Dermatitis acneiform,CC BY-NC-SA 4.0,UMLS via SIDER 4.1,http://identifiers.org/umls/C0234894
C0423006,Eye discharge,CC BY-NC-SA 4.0,UMLS via SIDER 4.1,http://identifiers.org/umls/C0423006
C0154933,Iris adhesions,CC BY-NC-SA 4.0,UMLS via SIDER 4.1,http://identifiers.org/umls/C0154933
C0856133,Back pain aggravated,CC BY-NC-SA 4.0,UMLS via SIDER 4.1,http://identifiers.org/umls/C0856133
C0920163,Idiopathic thrombocytopenia,CC BY-NC-SA 4.0,UMLS via SIDER 4.1,http://identifiers.org/umls/C0920163
C0520904,Nausea postoperative,CC BY-NC-SA 4.0,UMLS via SIDER 4.1,http://identifiers.org/umls/C0520904
C0040188,Tic,CC BY-NC-SA 4.0,UMLS via SIDER 4.1,http://identifiers.org/umls/C0040188
C0562057,Burning in throat,CC BY-NC-SA 4.0,UMLS via SIDER 4.1,http://identifiers.org/umls/C0562057
C0024137,Cutaneous lupus erythematosus,CC BY-NC-SA 4.0,UMLS via SIDER 4.1,http://identifiers.org/umls/C0024137
C0206178,Cytomegalovirus retinitis,CC BY-NC-SA 4.0,UMLS via SIDER 4.1,http://identifiers.org/umls/C0206178
C0151717,Skin hypertrophy,CC BY-NC-SA 4.0,UMLS via SIDER 4.1,http://identifiers.org/umls/C0151717
C0855977,Carotene decreased,CC BY-NC-SA 4.0,UMLS via SIDER 4.1,http://identifiers.org/umls/C0855977
C0009759,Conjunctival disorder,CC BY-NC-SA 4.0,UMLS via SIDER 4.1,http://identifiers.org/umls/C0009759
C0877134,Hernia pain,CC BY-NC-SA 4.0,UMLS via SIDER 4.1,http://identifiers.org/umls/C0877134
C0151705,Retroperitoneal haemorrhage,CC BY-NC-SA 4.0,UMLS via SIDER 4.1,http://identifiers.org/umls/C0151705
C0004936,Mental disorder,CC BY-NC-SA 4.0,UMLS via SIDER 4.1,http://identifiers.org/umls/C0004936
C0012359,Distention,CC BY-NC-SA 4.0,UMLS via SIDER 4.1,http://identifiers.org/umls/C0012359
C0549609,Dysfunction adrenal,CC BY-NC-SA 4.0,UMLS via SIDER 4.1,http://identifiers.org/umls/C0549609
C0234943,Application site anaesthesia,CC BY-NC-SA 4.0,UMLS via SIDER 4.1,http://identifiers.org/umls/C0234943
C0040997,Trigeminal neuralgia,CC BY-NC-SA 4.0,UMLS via SIDER 4.1,http://identifiers.org/umls/C0040997
C0238201,Iodism,CC BY-NC-SA 4.0,UMLS via SIDER 4.1,http://identifiers.org/umls/C0238201
C0151838,Circumoral paresthesia,CC BY-NC-SA 4.0,UMLS via SIDER 4.1,http://identifiers.org/umls/C0151838
C0027339,Nail disorder,CC BY-NC-SA 4.0,UMLS via SIDER 4.1,http://identifiers.org/umls/C0027339
C0036203,Cutaneous sarcoidosis,CC BY-NC-SA 4.0,UMLS via SIDER 4.1,http://identifiers.org/umls/C0036203
C0015923,Foetal alcohol syndrome,CC BY-NC-SA 4.0,UMLS via SIDER 4.1,http://identifiers.org/umls/C0015923
C0412784,Analgesic therapy,CC BY-NC-SA 4.0,UMLS via SIDER 4.1,http://identifiers.org/umls/C0412784
C0239233,Early satiety,CC BY-NC-SA 4.0,UMLS via SIDER 4.1,http://identifiers.org/umls/C0239233
C0919569,Airway complication of anaesthesia,CC BY-NC-SA 4.0,UMLS via SIDER 4.1,http://identifiers.org/umls/C0919569
C0025568,Metaplasia,CC BY-NC-SA 4.0,UMLS via SIDER 4.1,http://identifiers.org/umls/C0025568
C0410918,Tachycardia foetal,CC BY-NC-SA 4.0,UMLS via SIDER 4.1,http://identifiers.org/umls/C0410918
C0151490,Congenital central nervous system anomaly,CC BY-NC-SA 4.0,UMLS via SIDER 4.1,http://identifiers.org/umls/C0151490
C0919567,Uterine contractions during pregnancy,CC BY-NC-SA 4.0,UMLS via SIDER 4.1,http://identifiers.org/umls/C0919567
C0085584,Encephalopathy,CC BY-NC-SA 4.0,UMLS via SIDER 4.1,http://identifiers.org/umls/C0085584
C0747979,Increased prolactin level,CC BY-NC-SA 4.0,UMLS via SIDER 4.1,http://identifiers.org/umls/C0747979
