id,name,text_blob,license,source,url
GO:0000784,"nuclear chromosome, telomeric region","nuclear chromosome, telomeric region (CellularComponent)",CC BY 4.0,Gene Ontology,http://purl.obolibrary.org/obo/GO_0000784
GO:0034677,integrin alpha7-beta1 complex,integrin alpha7-beta1 complex (CellularComponent),CC BY 4.0,Gene Ontology,http://purl.obolibrary.org/obo/GO_0034677
GO:0098798,mitochondrial protein complex,mitochondrial protein complex (CellularComponent),CC BY 4.0,Gene Ontology,http://purl.obolibrary.org/obo/GO_0098798
GO:0033178,"proton-transporting two-sector ATPase complex, catalytic domain","proton-transporting two-sector ATPase complex, catalytic domain (CellularComponent)",CC BY 4.0,Gene Ontology,http://purl.obolibrary.org/obo/GO_0033178
GO:0032449,CBM complex,CBM complex (CellularComponent),CC BY 4.0,Gene Ontology,http://purl.obolibrary.org/obo/GO_0032449
GO:0098559,cytoplasmic side of early endosome membrane,cytoplasmic side of early endosome membrane (CellularComponent),CC BY 4.0,Gene Ontology,http://purl.obolibrary.org/obo/GO_0098559
GO:0072687,meiotic spindle,meiotic spindle (CellularComponent),CC BY 4.0,Gene Ontology,http://purl.obolibrary.org/obo/GO_0072687
GO:0060199,clathrin-sculpted glutamate transport vesicle,clathrin-sculpted glutamate transport vesicle (CellularComponent),CC BY 4.0,Gene Ontology,http://purl.obolibrary.org/obo/GO_0060199
GO:0005818,aster,aster (CellularComponent),CC BY 4.0,Gene Ontology,http://purl.obolibrary.org/obo/GO_0005818
GO:0000942,condensed nuclear chromosome outer kinetochore,condensed nuclear chromosome outer kinetochore (CellularComponent),CC BY 4.0,Gene Ontology,http://purl.obolibrary.org/obo/GO_0000942
GO:1903095,ribonuclease III complex,ribonuclease III complex (CellularComponent),CC BY 4.0,Gene Ontology,http://purl.obolibrary.org/obo/GO_1903095
GO:0060076,excitatory synapse,excitatory synapse (CellularComponent),CC BY 4.0,Gene Ontology,http://purl.obolibrary.org/obo/GO_0060076
GO:0014801,longitudinal sarcoplasmic reticulum,longitudinal sarcoplasmic reticulum (CellularComponent),CC BY 4.0,Gene Ontology,http://purl.obolibrary.org/obo/GO_0014801
GO:0042825,TAP complex,TAP complex (CellularComponent),CC BY 4.0,Gene Ontology,http://purl.obolibrary.org/obo/GO_0042825
GO:0070557,PCNA-p21 complex,PCNA-p21 complex (CellularComponent),CC BY 4.0,Gene Ontology,http://purl.obolibrary.org/obo/GO_0070557
GO:0060091,kinocilium,kinocilium (CellularComponent),CC BY 4.0,Gene Ontology,http://purl.obolibrary.org/obo/GO_0060091
GO:0098575,lumenal side of lysosomal membrane,lumenal side of lysosomal membrane (CellularComponent),CC BY 4.0,Gene Ontology,http://purl.obolibrary.org/obo/GO_0098575
GO:0071339,MLL1 complex,MLL1 complex (CellularComponent),CC BY 4.0,Gene Ontology,http://purl.obolibrary.org/obo/GO_0071339
GO:0030314,junctional membrane complex,junctional membrane complex (CellularComponent),CC BY 4.0,Gene Ontology,http://purl.obolibrary.org/obo/GO_0030314
GO:0045239,tricarboxylic acid cycle enzyme complex,tricarboxylic acid cycle enzyme complex (CellularComponent),CC BY 4.0,Gene Ontology,http://purl.obolibrary.org/obo/GO_0045239
GO:1990745,EARP complex,EARP complex (CellularComponent),CC BY 4.0,Gene Ontology,http://purl.obolibrary.org/obo/GO_1990745
GO:0000125,PCAF complex,PCAF complex (CellularComponent),CC BY 4.0,Gene Ontology,http://purl.obolibrary.org/obo/GO_0000125
GO:0036454,growth factor complex,growth factor complex (CellularComponent),CC BY 4.0,Gene Ontology,http://purl.obolibrary.org/obo/GO_0036454
GO:0097433,dense body,dense body (CellularComponent),CC BY 4.0,Gene Ontology,http://purl.obolibrary.org/obo/GO_0097433
GO:0014069,postsynaptic density,postsynaptic density (CellularComponent),CC BY 4.0,Gene Ontology,http://purl.obolibrary.org/obo/GO_0014069
GO:0005685,U1 snRNP,U1 snRNP (CellularComponent),CC BY 4.0,Gene Ontology,http://purl.obolibrary.org/obo/GO_0005685
GO:0098687,chromosomal region,chromosomal region (CellularComponent),CC BY 4.0,Gene Ontology,http://purl.obolibrary.org/obo/GO_0098687
GO:0016533,cyclin-dependent protein kinase 5 holoenzyme complex,cyclin-dependent protein kinase 5 holoenzyme complex (CellularComponent),CC BY 4.0,Gene Ontology,http://purl.obolibrary.org/obo/GO_0016533
GO:1903768,taste receptor complex,taste receptor complex (CellularComponent),CC BY 4.0,Gene Ontology,http://purl.obolibrary.org/obo/GO_1903768
GO:0032797,SMN complex,SMN complex (CellularComponent),CC BY 4.0,Gene Ontology,http://purl.obolibrary.org/obo/GO_0032797
GO:0005581,collagen trimer,collagen trimer (CellularComponent),CC BY 4.0,Gene Ontology,http://purl.obolibrary.org/obo/GO_0005581
GO:0071437,invadopodium,invadopodium (CellularComponent),CC BY 4.0,Gene Ontology,http://purl.obolibrary.org/obo/GO_0071437
GO:0034361,very-low-density lipoprotein particle,very-low-density lipoprotein particle (CellularComponent),CC BY 4.0,Gene Ontology,http://purl.obolibrary.org/obo/GO_0034361
GO:0017109,glutamate-cysteine ligase complex,glutamate-cysteine ligase complex (CellularComponent),CC BY 4.0,Gene Ontology,http://purl.obolibrary.org/obo/GO_0017109
GO:0031674,I band,I band (CellularComponent),CC BY 4.0,Gene Ontology,http://purl.obolibrary.org/obo/GO_0031674
GO:1990666,PCSK9-LDLR complex,PCSK9-LDLR complex (CellularComponent),CC BY 4.0,Gene Ontology,http://purl.obolibrary.org/obo/GO_1990666
GO:0097632,extrinsic component of pre-autophagosomal structure membrane,extrinsic component of pre-autophagosomal structure membrane (CellularComponent),CC BY 4.0,Gene Ontology,http://purl.obolibrary.org/obo/GO_0097632
GO:0035869,ciliary transition zone,ciliary transition zone (CellularComponent),CC BY 4.0,Gene Ontology,http://purl.obolibrary.org/obo/GO_0035869
GO:0008076,voltage-gated potassium channel complex,voltage-gated potassium channel complex (CellularComponent),CC BY 4.0,Gene Ontology,http://purl.obolibrary.org/obo/GO_0008076
GO:0005899,insulin receptor complex,insulin receptor complex (CellularComponent),CC BY 4.0,Gene Ontology,http://purl.obolibrary.org/obo/GO_0005899
GO:0005924,cell-substrate adherens junction,cell-substrate adherens junction (CellularComponent),CC BY 4.0,Gene Ontology,http://purl.obolibrary.org/obo/GO_0005924
GO:0048475,coated membrane,coated membrane (CellularComponent),CC BY 4.0,Gene Ontology,http://purl.obolibrary.org/obo/GO_0048475
GO:0097346,INO80-type complex,INO80-type complex (CellularComponent),CC BY 4.0,Gene Ontology,http://purl.obolibrary.org/obo/GO_0097346
GO:0072589,box H/ACA scaRNP complex,box H/ACA scaRNP complex (CellularComponent),CC BY 4.0,Gene Ontology,http://purl.obolibrary.org/obo/GO_0072589
GO:0019897,extrinsic component of plasma membrane,extrinsic component of plasma membrane (CellularComponent),CC BY 4.0,Gene Ontology,http://purl.obolibrary.org/obo/GO_0019897
GO:0010370,perinucleolar chromocenter,perinucleolar chromocenter (CellularComponent),CC BY 4.0,Gene Ontology,http://purl.obolibrary.org/obo/GO_0010370
GO:0098791,Golgi subcompartment,Golgi subcompartment (CellularComponent),CC BY 4.0,Gene Ontology,http://purl.obolibrary.org/obo/GO_0098791
GO:0031085,BLOC-3 complex,BLOC-3 complex (CellularComponent),CC BY 4.0,Gene Ontology,http://purl.obolibrary.org/obo/GO_0031085
GO:0060203,clathrin-sculpted glutamate transport vesicle membrane,clathrin-sculpted glutamate transport vesicle membrane (CellularComponent),CC BY 4.0,Gene Ontology,http://purl.obolibrary.org/obo/GO_0060203
GO:0042611,MHC protein complex,MHC protein complex (CellularComponent),CC BY 4.0,Gene Ontology,http://purl.obolibrary.org/obo/GO_0042611
GO:0097440,apical dendrite,apical dendrite (CellularComponent),CC BY 4.0,Gene Ontology,http://purl.obolibrary.org/obo/GO_0097440
GO:0031010,ISWI-type complex,ISWI-type complex (CellularComponent),CC BY 4.0,Gene Ontology,http://purl.obolibrary.org/obo/GO_0031010
GO:0034703,cation channel complex,cation channel complex (CellularComponent),CC BY 4.0,Gene Ontology,http://purl.obolibrary.org/obo/GO_0034703
GO:0016235,aggresome,aggresome (CellularComponent),CC BY 4.0,Gene Ontology,http://purl.obolibrary.org/obo/GO_0016235
GO:0042827,platelet dense granule,platelet dense granule (CellularComponent),CC BY 4.0,Gene Ontology,http://purl.obolibrary.org/obo/GO_0042827
GO:0032580,Golgi cisterna membrane,Golgi cisterna membrane (CellularComponent),CC BY 4.0,Gene Ontology,http://purl.obolibrary.org/obo/GO_0032580
GO:0016363,nuclear matrix,nuclear matrix (CellularComponent),CC BY 4.0,Gene Ontology,http://purl.obolibrary.org/obo/GO_0016363
GO:0044304,main axon,main axon (CellularComponent),CC BY 4.0,Gene Ontology,http://purl.obolibrary.org/obo/GO_0044304
GO:0000800,lateral element,lateral element (CellularComponent),CC BY 4.0,Gene Ontology,http://purl.obolibrary.org/obo/GO_0000800
GO:0030688,"preribosome, small subunit precursor","preribosome, small subunit precursor (CellularComponent)",CC BY 4.0,Gene Ontology,http://purl.obolibrary.org/obo/GO_0030688
GO:0045263,"proton-transporting ATP synthase complex, coupling factor F(o)","proton-transporting ATP synthase complex, coupling factor F(o) (CellularComponent)",CC BY 4.0,Gene Ontology,http://purl.obolibrary.org/obo/GO_0045263
GO:0005782,peroxisomal matrix,peroxisomal matrix (CellularComponent),CC BY 4.0,Gene Ontology,http://purl.obolibrary.org/obo/GO_0005782
GO:0033263,CORVET complex,CORVET complex (CellularComponent),CC BY 4.0,Gene Ontology,http://purl.obolibrary.org/obo/GO_0033263
GO:0034366,spherical high-density lipoprotein particle,spherical high-density lipoprotein particle (CellularComponent),CC BY 4.0,Gene Ontology,http://purl.obolibrary.org/obo/GO_0034366
GO:0038201,TOR complex,TOR complex (CellularComponent),CC BY 4.0,Gene Ontology,http://purl.obolibrary.org/obo/GO_0038201
GO:0032592,integral component of mitochondrial membrane,integral component of mitochondrial membrane (CellularComponent),CC BY 4.0,Gene Ontology,http://purl.obolibrary.org/obo/GO_0032592
GO:0030934,anchoring collagen complex,anchoring collagen complex (CellularComponent),CC BY 4.0,Gene Ontology,http://purl.obolibrary.org/obo/GO_0030934
GO:0071541,"eukaryotic translation initiation factor 3 complex, eIF3m","eukaryotic translation initiation factor 3 complex, eIF3m (CellularComponent)",CC BY 4.0,Gene Ontology,http://purl.obolibrary.org/obo/GO_0071541
GO:0097526,spliceosomal tri-snRNP complex,spliceosomal tri-snRNP complex (CellularComponent),CC BY 4.0,Gene Ontology,http://purl.obolibrary.org/obo/GO_0097526
GO:0060342,photoreceptor inner segment membrane,photoreceptor inner segment membrane (CellularComponent),CC BY 4.0,Gene Ontology,http://purl.obolibrary.org/obo/GO_0060342
GO:0000783,nuclear telomere cap complex,nuclear telomere cap complex (CellularComponent),CC BY 4.0,Gene Ontology,http://purl.obolibrary.org/obo/GO_0000783
GO:0036056,filtration diaphragm,filtration diaphragm (CellularComponent),CC BY 4.0,Gene Ontology,http://purl.obolibrary.org/obo/GO_0036056
GO:0030128,clathrin coat of endocytic vesicle,clathrin coat of endocytic vesicle (CellularComponent),CC BY 4.0,Gene Ontology,http://purl.obolibrary.org/obo/GO_0030128
GO:0060077,inhibitory synapse,inhibitory synapse (CellularComponent),CC BY 4.0,Gene Ontology,http://purl.obolibrary.org/obo/GO_0060077
GO:0045298,tubulin complex,tubulin complex (CellularComponent),CC BY 4.0,Gene Ontology,http://purl.obolibrary.org/obo/GO_0045298
GO:0030532,small nuclear ribonucleoprotein complex,small nuclear ribonucleoprotein complex (CellularComponent),CC BY 4.0,Gene Ontology,http://purl.obolibrary.org/obo/GO_0030532
GO:0097427,microtubule bundle,microtubule bundle (CellularComponent),CC BY 4.0,Gene Ontology,http://purl.obolibrary.org/obo/GO_0097427
GO:0044224,juxtaparanode region of axon,juxtaparanode region of axon (CellularComponent),CC BY 4.0,Gene Ontology,http://purl.obolibrary.org/obo/GO_0044224
GO:0031528,microvillus membrane,microvillus membrane (CellularComponent),CC BY 4.0,Gene Ontology,http://purl.obolibrary.org/obo/GO_0031528
GO:0031248,protein acetyltransferase complex,protein acetyltransferase complex (CellularComponent),CC BY 4.0,Gene Ontology,http://purl.obolibrary.org/obo/GO_0031248
GO:1990037,Lewy body core,Lewy body core (CellularComponent),CC BY 4.0,Gene Ontology,http://purl.obolibrary.org/obo/GO_1990037
GO:0045273,respiratory chain complex II,respiratory chain complex II (CellularComponent),CC BY 4.0,Gene Ontology,http://purl.obolibrary.org/obo/GO_0045273
GO:0042613,MHC class II protein complex,MHC class II protein complex (CellularComponent),CC BY 4.0,Gene Ontology,http://purl.obolibrary.org/obo/GO_0042613
GO:0005766,primary lysosome,primary lysosome (CellularComponent),CC BY 4.0,Gene Ontology,http://purl.obolibrary.org/obo/GO_0005766
GO:0071817,MMXD complex,MMXD complex (CellularComponent),CC BY 4.0,Gene Ontology,http://purl.obolibrary.org/obo/GO_0071817
GO:0000235,astral microtubule,astral microtubule (CellularComponent),CC BY 4.0,Gene Ontology,http://purl.obolibrary.org/obo/GO_0000235
GO:0030666,endocytic vesicle membrane,endocytic vesicle membrane (CellularComponent),CC BY 4.0,Gene Ontology,http://purl.obolibrary.org/obo/GO_0030666
GO:0045202,synapse,synapse (CellularComponent),CC BY 4.0,Gene Ontology,http://purl.obolibrary.org/obo/GO_0045202
GO:0070761,pre-snoRNP complex,pre-snoRNP complex (CellularComponent),CC BY 4.0,Gene Ontology,http://purl.obolibrary.org/obo/GO_0070761
GO:0030312,external encapsulating structure,external encapsulating structure (CellularComponent),CC BY 4.0,Gene Ontology,http://purl.obolibrary.org/obo/GO_0030312
GO:0033596,TSC1-TSC2 complex,TSC1-TSC2 complex (CellularComponent),CC BY 4.0,Gene Ontology,http://purl.obolibrary.org/obo/GO_0033596
GO:0032437,cuticular plate,cuticular plate (CellularComponent),CC BY 4.0,Gene Ontology,http://purl.obolibrary.org/obo/GO_0032437
GO:1903349,omegasome membrane,omegasome membrane (CellularComponent),CC BY 4.0,Gene Ontology,http://purl.obolibrary.org/obo/GO_1903349
GO:0071011,precatalytic spliceosome,precatalytic spliceosome (CellularComponent),CC BY 4.0,Gene Ontology,http://purl.obolibrary.org/obo/GO_0071011
GO:0034683,integrin alphav-beta3 complex,integrin alphav-beta3 complex (CellularComponent),CC BY 4.0,Gene Ontology,http://purl.obolibrary.org/obo/GO_0034683
GO:0098573,intrinsic component of mitochondrial membrane,intrinsic component of mitochondrial membrane (CellularComponent),CC BY 4.0,Gene Ontology,http://purl.obolibrary.org/obo/GO_0098573
GO:0030015,CCR4-NOT core complex,CCR4-NOT core complex (CellularComponent),CC BY 4.0,Gene Ontology,http://purl.obolibrary.org/obo/GO_0030015
GO:0031588,nucleotide-activated protein kinase complex,nucleotide-activated protein kinase complex (CellularComponent),CC BY 4.0,Gene Ontology,http://purl.obolibrary.org/obo/GO_0031588
GO:0005942,phosphatidylinositol 3-kinase complex,phosphatidylinositol 3-kinase complex (CellularComponent),CC BY 4.0,Gene Ontology,http://purl.obolibrary.org/obo/GO_0005942
GO:0032591,dendritic spine membrane,dendritic spine membrane (CellularComponent),CC BY 4.0,Gene Ontology,http://purl.obolibrary.org/obo/GO_0032591
GO:0098827,endoplasmic reticulum subcompartment,endoplasmic reticulum subcompartment (CellularComponent),CC BY 4.0,Gene Ontology,http://purl.obolibrary.org/obo/GO_0098827
GO:0097208,alveolar lamellar body,alveolar lamellar body (CellularComponent),CC BY 4.0,Gene Ontology,http://purl.obolibrary.org/obo/GO_0097208
GO:0018995,host,host (CellularComponent),CC BY 4.0,Gene Ontology,http://purl.obolibrary.org/obo/GO_0018995
GO:0005798,Golgi-associated vesicle,Golgi-associated vesicle (CellularComponent),CC BY 4.0,Gene Ontology,http://purl.obolibrary.org/obo/GO_0005798
GO:0045257,succinate dehydrogenase complex (ubiquinone),succinate dehydrogenase complex (ubiquinone) (CellularComponent),CC BY 4.0,Gene Ontology,http://purl.obolibrary.org/obo/GO_0045257
GO:0005905,coated pit,coated pit (CellularComponent),CC BY 4.0,Gene Ontology,http://purl.obolibrary.org/obo/GO_0005905
GO:0034388,Pwp2p-containing subcomplex of 90S preribosome,Pwp2p-containing subcomplex of 90S preribosome (CellularComponent),CC BY 4.0,Gene Ontology,http://purl.obolibrary.org/obo/GO_0034388
GO:0042587,glycogen granule,glycogen granule (CellularComponent),CC BY 4.0,Gene Ontology,http://purl.obolibrary.org/obo/GO_0042587
GO:0044754,autolysosome,autolysosome (CellularComponent),CC BY 4.0,Gene Ontology,http://purl.obolibrary.org/obo/GO_0044754
GO:0016012,sarcoglycan complex,sarcoglycan complex (CellularComponent),CC BY 4.0,Gene Ontology,http://purl.obolibrary.org/obo/GO_0016012
GO:0098803,respiratory chain complex,respiratory chain complex (CellularComponent),CC BY 4.0,Gene Ontology,http://purl.obolibrary.org/obo/GO_0098803
GO:0000178,exosome (RNase complex),exosome (RNase complex) (CellularComponent),CC BY 4.0,Gene Ontology,http://purl.obolibrary.org/obo/GO_0000178
GO:0072357,PTW/PP1 phosphatase complex,PTW/PP1 phosphatase complex (CellularComponent),CC BY 4.0,Gene Ontology,http://purl.obolibrary.org/obo/GO_0072357
GO:0005721,pericentric heterochromatin,pericentric heterochromatin (CellularComponent),CC BY 4.0,Gene Ontology,http://purl.obolibrary.org/obo/GO_0005721
GO:0044233,ER-mitochondrion membrane contact site,ER-mitochondrion membrane contact site (CellularComponent),CC BY 4.0,Gene Ontology,http://purl.obolibrary.org/obo/GO_0044233
GO:0032838,cell projection cytoplasm,cell projection cytoplasm (CellularComponent),CC BY 4.0,Gene Ontology,http://purl.obolibrary.org/obo/GO_0032838
GO:0000176,nuclear exosome (RNase complex),nuclear exosome (RNase complex) (CellularComponent),CC BY 4.0,Gene Ontology,http://purl.obolibrary.org/obo/GO_0000176
GO:0000242,pericentriolar material,pericentriolar material (CellularComponent),CC BY 4.0,Gene Ontology,http://purl.obolibrary.org/obo/GO_0000242
GO:0016469,proton-transporting two-sector ATPase complex,proton-transporting two-sector ATPase complex (CellularComponent),CC BY 4.0,Gene Ontology,http://purl.obolibrary.org/obo/GO_0016469
GO:0005758,mitochondrial intermembrane space,mitochondrial intermembrane space (CellularComponent),CC BY 4.0,Gene Ontology,http://purl.obolibrary.org/obo/GO_0005758
GO:0070435,Shc-EGFR complex,Shc-EGFR complex (CellularComponent),CC BY 4.0,Gene Ontology,http://purl.obolibrary.org/obo/GO_0070435
GO:0031074,nucleocytoplasmic shuttling complex,nucleocytoplasmic shuttling complex (CellularComponent),CC BY 4.0,Gene Ontology,http://purl.obolibrary.org/obo/GO_0031074
GO:0090661,box H/ACA telomerase RNP complex,box H/ACA telomerase RNP complex (CellularComponent),CC BY 4.0,Gene Ontology,http://purl.obolibrary.org/obo/GO_0090661
GO:0016471,vacuolar proton-transporting V-type ATPase complex,vacuolar proton-transporting V-type ATPase complex (CellularComponent),CC BY 4.0,Gene Ontology,http://purl.obolibrary.org/obo/GO_0016471
GO:0098533,ATPase dependent transmembrane transport complex,ATPase dependent transmembrane transport complex (CellularComponent),CC BY 4.0,Gene Ontology,http://purl.obolibrary.org/obo/GO_0098533
GO:0005768,endosome,endosome (CellularComponent),CC BY 4.0,Gene Ontology,http://purl.obolibrary.org/obo/GO_0005768
GO:0043219,lateral loop,lateral loop (CellularComponent),CC BY 4.0,Gene Ontology,http://purl.obolibrary.org/obo/GO_0043219
GO:0001939,female pronucleus,female pronucleus (CellularComponent),CC BY 4.0,Gene Ontology,http://purl.obolibrary.org/obo/GO_0001939
GO:0035692,macrophage migration inhibitory factor receptor complex,macrophage migration inhibitory factor receptor complex (CellularComponent),CC BY 4.0,Gene Ontology,http://purl.obolibrary.org/obo/GO_0035692
GO:0032983,kainate selective glutamate receptor complex,kainate selective glutamate receptor complex (CellularComponent),CC BY 4.0,Gene Ontology,http://purl.obolibrary.org/obo/GO_0032983
GO:1990589,ATF4-CREB1 transcription factor complex,ATF4-CREB1 transcription factor complex (CellularComponent),CC BY 4.0,Gene Ontology,http://purl.obolibrary.org/obo/GO_1990589
GO:0031417,NatC complex,NatC complex (CellularComponent),CC BY 4.0,Gene Ontology,http://purl.obolibrary.org/obo/GO_0031417
GO:0000313,organellar ribosome,organellar ribosome (CellularComponent),CC BY 4.0,Gene Ontology,http://purl.obolibrary.org/obo/GO_0000313
GO:0030880,RNA polymerase complex,RNA polymerase complex (CellularComponent),CC BY 4.0,Gene Ontology,http://purl.obolibrary.org/obo/GO_0030880
GO:0072686,mitotic spindle,mitotic spindle (CellularComponent),CC BY 4.0,Gene Ontology,http://purl.obolibrary.org/obo/GO_0072686
GO:0016942,insulin-like growth factor binding protein complex,insulin-like growth factor binding protein complex (CellularComponent),CC BY 4.0,Gene Ontology,http://purl.obolibrary.org/obo/GO_0016942
GO:0000243,commitment complex,commitment complex (CellularComponent),CC BY 4.0,Gene Ontology,http://purl.obolibrary.org/obo/GO_0000243
GO:0005720,nuclear heterochromatin,nuclear heterochromatin (CellularComponent),CC BY 4.0,Gene Ontology,http://purl.obolibrary.org/obo/GO_0005720
GO:0070274,RES complex,RES complex (CellularComponent),CC BY 4.0,Gene Ontology,http://purl.obolibrary.org/obo/GO_0070274
GO:0036038,TCTN-B9D complex,TCTN-B9D complex (CellularComponent),CC BY 4.0,Gene Ontology,http://purl.obolibrary.org/obo/GO_0036038
GO:0005968,Rab-protein geranylgeranyltransferase complex,Rab-protein geranylgeranyltransferase complex (CellularComponent),CC BY 4.0,Gene Ontology,http://purl.obolibrary.org/obo/GO_0005968
GO:0005838,proteasome regulatory particle,proteasome regulatory particle (CellularComponent),CC BY 4.0,Gene Ontology,http://purl.obolibrary.org/obo/GO_0005838
GO:0071004,U2-type prespliceosome,U2-type prespliceosome (CellularComponent),CC BY 4.0,Gene Ontology,http://purl.obolibrary.org/obo/GO_0071004
GO:1902710,GABA receptor complex,GABA receptor complex (CellularComponent),CC BY 4.0,Gene Ontology,http://purl.obolibrary.org/obo/GO_1902710
GO:0035355,Toll-like receptor 2-Toll-like receptor 6 protein complex,Toll-like receptor 2-Toll-like receptor 6 protein complex (CellularComponent),CC BY 4.0,Gene Ontology,http://purl.obolibrary.org/obo/GO_0035355
GO:0030140,trans-Golgi network transport vesicle,trans-Golgi network transport vesicle (CellularComponent),CC BY 4.0,Gene Ontology,http://purl.obolibrary.org/obo/GO_0030140
GO:0097058,CRLF-CLCF1 complex,CRLF-CLCF1 complex (CellularComponent),CC BY 4.0,Gene Ontology,http://purl.obolibrary.org/obo/GO_0097058
GO:1990075,periciliary membrane compartment,periciliary membrane compartment (CellularComponent),CC BY 4.0,Gene Ontology,http://purl.obolibrary.org/obo/GO_1990075
GO:0005814,centriole,centriole (CellularComponent),CC BY 4.0,Gene Ontology,http://purl.obolibrary.org/obo/GO_0005814
GO:0042719,mitochondrial intermembrane space protein transporter complex,mitochondrial intermembrane space protein transporter complex (CellularComponent),CC BY 4.0,Gene Ontology,http://purl.obolibrary.org/obo/GO_0042719
GO:0042734,presynaptic membrane,presynaptic membrane (CellularComponent),CC BY 4.0,Gene Ontology,http://purl.obolibrary.org/obo/GO_0042734
GO:0008275,gamma-tubulin small complex,gamma-tubulin small complex (CellularComponent),CC BY 4.0,Gene Ontology,http://purl.obolibrary.org/obo/GO_0008275
GO:0016592,mediator complex,mediator complex (CellularComponent),CC BY 4.0,Gene Ontology,http://purl.obolibrary.org/obo/GO_0016592
GO:0005845,mRNA cap binding complex,mRNA cap binding complex (CellularComponent),CC BY 4.0,Gene Ontology,http://purl.obolibrary.org/obo/GO_0005845
GO:0000220,"vacuolar proton-transporting V-type ATPase, V0 domain","vacuolar proton-transporting V-type ATPase, V0 domain (CellularComponent)",CC BY 4.0,Gene Ontology,http://purl.obolibrary.org/obo/GO_0000220
GO:0031463,Cul3-RING ubiquitin ligase complex,Cul3-RING ubiquitin ligase complex (CellularComponent),CC BY 4.0,Gene Ontology,http://purl.obolibrary.org/obo/GO_0031463
GO:0071797,LUBAC complex,LUBAC complex (CellularComponent),CC BY 4.0,Gene Ontology,http://purl.obolibrary.org/obo/GO_0071797
GO:0097196,Shu complex,Shu complex (CellularComponent),CC BY 4.0,Gene Ontology,http://purl.obolibrary.org/obo/GO_0097196
GO:0032039,integrator complex,integrator complex (CellularComponent),CC BY 4.0,Gene Ontology,http://purl.obolibrary.org/obo/GO_0032039
GO:0035748,myelin sheath abaxonal region,myelin sheath abaxonal region (CellularComponent),CC BY 4.0,Gene Ontology,http://purl.obolibrary.org/obo/GO_0035748
GO:0002139,stereocilia coupling link,stereocilia coupling link (CellularComponent),CC BY 4.0,Gene Ontology,http://purl.obolibrary.org/obo/GO_0002139
GO:0005577,fibrinogen complex,fibrinogen complex (CellularComponent),CC BY 4.0,Gene Ontology,http://purl.obolibrary.org/obo/GO_0005577
GO:0031205,endoplasmic reticulum Sec complex,endoplasmic reticulum Sec complex (CellularComponent),CC BY 4.0,Gene Ontology,http://purl.obolibrary.org/obo/GO_0031205
GO:0032154,cleavage furrow,cleavage furrow (CellularComponent),CC BY 4.0,Gene Ontology,http://purl.obolibrary.org/obo/GO_0032154
GO:0042571,"immunoglobulin complex, circulating","immunoglobulin complex, circulating (CellularComponent)",CC BY 4.0,Gene Ontology,http://purl.obolibrary.org/obo/GO_0042571
GO:0070369,beta-catenin-TCF7L2 complex,beta-catenin-TCF7L2 complex (CellularComponent),CC BY 4.0,Gene Ontology,http://purl.obolibrary.org/obo/GO_0070369
GO:0005863,striated muscle myosin thick filament,striated muscle myosin thick filament (CellularComponent),CC BY 4.0,Gene Ontology,http://purl.obolibrary.org/obo/GO_0005863
GO:1990730,VCP-NSFL1C complex,VCP-NSFL1C complex (CellularComponent),CC BY 4.0,Gene Ontology,http://purl.obolibrary.org/obo/GO_1990730
GO:0070110,ciliary neurotrophic factor receptor complex,ciliary neurotrophic factor receptor complex (CellularComponent),CC BY 4.0,Gene Ontology,http://purl.obolibrary.org/obo/GO_0070110
GO:0005578,proteinaceous extracellular matrix,proteinaceous extracellular matrix (CellularComponent),CC BY 4.0,Gene Ontology,http://purl.obolibrary.org/obo/GO_0005578
GO:1903293,phosphatase complex,phosphatase complex (CellularComponent),CC BY 4.0,Gene Ontology,http://purl.obolibrary.org/obo/GO_1903293
GO:0031082,BLOC complex,BLOC complex (CellularComponent),CC BY 4.0,Gene Ontology,http://purl.obolibrary.org/obo/GO_0031082
GO:0055037,recycling endosome,recycling endosome (CellularComponent),CC BY 4.0,Gene Ontology,http://purl.obolibrary.org/obo/GO_0055037
GO:0001726,ruffle,ruffle (CellularComponent),CC BY 4.0,Gene Ontology,http://purl.obolibrary.org/obo/GO_0001726
GO:0030313,cell envelope,cell envelope (CellularComponent),CC BY 4.0,Gene Ontology,http://purl.obolibrary.org/obo/GO_0030313
GO:0097598,sperm cytoplasmic droplet,sperm cytoplasmic droplet (CellularComponent),CC BY 4.0,Gene Ontology,http://purl.obolibrary.org/obo/GO_0097598
GO:0042581,specific granule,specific granule (CellularComponent),CC BY 4.0,Gene Ontology,http://purl.obolibrary.org/obo/GO_0042581
GO:0033017,sarcoplasmic reticulum membrane,sarcoplasmic reticulum membrane (CellularComponent),CC BY 4.0,Gene Ontology,http://purl.obolibrary.org/obo/GO_0033017
GO:0072669,tRNA-splicing ligase complex,tRNA-splicing ligase complex (CellularComponent),CC BY 4.0,Gene Ontology,http://purl.obolibrary.org/obo/GO_0072669
GO:0033269,internode region of axon,internode region of axon (CellularComponent),CC BY 4.0,Gene Ontology,http://purl.obolibrary.org/obo/GO_0033269
GO:0046540,U4/U6 x U5 tri-snRNP complex,U4/U6 x U5 tri-snRNP complex (CellularComponent),CC BY 4.0,Gene Ontology,http://purl.obolibrary.org/obo/GO_0046540
GO:0005667,transcription factor complex,transcription factor complex (CellularComponent),CC BY 4.0,Gene Ontology,http://purl.obolibrary.org/obo/GO_0005667
GO:0033116,endoplasmic reticulum-Golgi intermediate compartment membrane,endoplasmic reticulum-Golgi intermediate compartment membrane (CellularComponent),CC BY 4.0,Gene Ontology,http://purl.obolibrary.org/obo/GO_0033116
GO:0005652,nuclear lamina,nuclear lamina (CellularComponent),CC BY 4.0,Gene Ontology,http://purl.obolibrary.org/obo/GO_0005652
GO:0071203,WASH complex,WASH complex (CellularComponent),CC BY 4.0,Gene Ontology,http://purl.obolibrary.org/obo/GO_0071203
GO:0016580,Sin3 complex,Sin3 complex (CellularComponent),CC BY 4.0,Gene Ontology,http://purl.obolibrary.org/obo/GO_0016580
GO:0000346,transcription export complex,transcription export complex (CellularComponent),CC BY 4.0,Gene Ontology,http://purl.obolibrary.org/obo/GO_0000346
GO:0005876,spindle microtubule,spindle microtubule (CellularComponent),CC BY 4.0,Gene Ontology,http://purl.obolibrary.org/obo/GO_0005876
GO:1990111,spermatoproteasome complex,spermatoproteasome complex (CellularComponent),CC BY 4.0,Gene Ontology,http://purl.obolibrary.org/obo/GO_1990111
GO:0097057,TRAF2-GSTP1 complex,TRAF2-GSTP1 complex (CellularComponent),CC BY 4.0,Gene Ontology,http://purl.obolibrary.org/obo/GO_0097057
GO:0002142,stereocilia ankle link complex,stereocilia ankle link complex (CellularComponent),CC BY 4.0,Gene Ontology,http://purl.obolibrary.org/obo/GO_0002142
GO:0042582,azurophil granule,azurophil granule (CellularComponent),CC BY 4.0,Gene Ontology,http://purl.obolibrary.org/obo/GO_0042582
GO:0042788,polysomal ribosome,polysomal ribosome (CellularComponent),CC BY 4.0,Gene Ontology,http://purl.obolibrary.org/obo/GO_0042788
GO:0005840,ribosome,ribosome (CellularComponent),CC BY 4.0,Gene Ontology,http://purl.obolibrary.org/obo/GO_0005840
GO:0035838,growing cell tip,growing cell tip (CellularComponent),CC BY 4.0,Gene Ontology,http://purl.obolibrary.org/obo/GO_0035838
GO:0097136,Bcl-2 family protein complex,Bcl-2 family protein complex (CellularComponent),CC BY 4.0,Gene Ontology,http://purl.obolibrary.org/obo/GO_0097136
GO:0060053,neurofilament cytoskeleton,neurofilament cytoskeleton (CellularComponent),CC BY 4.0,Gene Ontology,http://purl.obolibrary.org/obo/GO_0060053
GO:0005642,annulate lamellae,annulate lamellae (CellularComponent),CC BY 4.0,Gene Ontology,http://purl.obolibrary.org/obo/GO_0005642
GO:0072534,perineuronal net,perineuronal net (CellularComponent),CC BY 4.0,Gene Ontology,http://purl.obolibrary.org/obo/GO_0072534
GO:0043240,Fanconi anaemia nuclear complex,Fanconi anaemia nuclear complex (CellularComponent),CC BY 4.0,Gene Ontology,http://purl.obolibrary.org/obo/GO_0043240
GO:0070937,CRD-mediated mRNA stability complex,CRD-mediated mRNA stability complex (CellularComponent),CC BY 4.0,Gene Ontology,http://purl.obolibrary.org/obo/GO_0070937
GO:1990124,messenger ribonucleoprotein complex,messenger ribonucleoprotein complex (CellularComponent),CC BY 4.0,Gene Ontology,http://purl.obolibrary.org/obo/GO_1990124
GO:0030126,COPI vesicle coat,COPI vesicle coat (CellularComponent),CC BY 4.0,Gene Ontology,http://purl.obolibrary.org/obo/GO_0030126
GO:0000782,telomere cap complex,telomere cap complex (CellularComponent),CC BY 4.0,Gene Ontology,http://purl.obolibrary.org/obo/GO_0000782
GO:0000939,condensed chromosome inner kinetochore,condensed chromosome inner kinetochore (CellularComponent),CC BY 4.0,Gene Ontology,http://purl.obolibrary.org/obo/GO_0000939
GO:0071564,npBAF complex,npBAF complex (CellularComponent),CC BY 4.0,Gene Ontology,http://purl.obolibrary.org/obo/GO_0071564
GO:0005925,focal adhesion,focal adhesion (CellularComponent),CC BY 4.0,Gene Ontology,http://purl.obolibrary.org/obo/GO_0005925
GO:0031213,RSF complex,RSF complex (CellularComponent),CC BY 4.0,Gene Ontology,http://purl.obolibrary.org/obo/GO_0031213
GO:0031461,cullin-RING ubiquitin ligase complex,cullin-RING ubiquitin ligase complex (CellularComponent),CC BY 4.0,Gene Ontology,http://purl.obolibrary.org/obo/GO_0031461
GO:0031306,intrinsic component of mitochondrial outer membrane,intrinsic component of mitochondrial outer membrane (CellularComponent),CC BY 4.0,Gene Ontology,http://purl.obolibrary.org/obo/GO_0031306
GO:0031618,nuclear pericentric heterochromatin,nuclear pericentric heterochromatin (CellularComponent),CC BY 4.0,Gene Ontology,http://purl.obolibrary.org/obo/GO_0031618
GO:0032002,interleukin-28 receptor complex,interleukin-28 receptor complex (CellularComponent),CC BY 4.0,Gene Ontology,http://purl.obolibrary.org/obo/GO_0032002
GO:0005762,mitochondrial large ribosomal subunit,mitochondrial large ribosomal subunit (CellularComponent),CC BY 4.0,Gene Ontology,http://purl.obolibrary.org/obo/GO_0005762
GO:0038039,G-protein coupled receptor heterodimeric complex,G-protein coupled receptor heterodimeric complex (CellularComponent),CC BY 4.0,Gene Ontology,http://purl.obolibrary.org/obo/GO_0038039
GO:0005589,collagen type VI trimer,collagen type VI trimer (CellularComponent),CC BY 4.0,Gene Ontology,http://purl.obolibrary.org/obo/GO_0005589
GO:0097381,photoreceptor disc membrane,photoreceptor disc membrane (CellularComponent),CC BY 4.0,Gene Ontology,http://purl.obolibrary.org/obo/GO_0097381
GO:1990723,cytoplasmic periphery of the nuclear pore complex,cytoplasmic periphery of the nuclear pore complex (CellularComponent),CC BY 4.0,Gene Ontology,http://purl.obolibrary.org/obo/GO_1990723
GO:0005674,transcription factor TFIIF complex,transcription factor TFIIF complex (CellularComponent),CC BY 4.0,Gene Ontology,http://purl.obolibrary.org/obo/GO_0005674
GO:0000788,nuclear nucleosome,nuclear nucleosome (CellularComponent),CC BY 4.0,Gene Ontology,http://purl.obolibrary.org/obo/GO_0000788
GO:0071439,clathrin complex,clathrin complex (CellularComponent),CC BY 4.0,Gene Ontology,http://purl.obolibrary.org/obo/GO_0071439
GO:0016514,SWI/SNF complex,SWI/SNF complex (CellularComponent),CC BY 4.0,Gene Ontology,http://purl.obolibrary.org/obo/GO_0016514
GO:0031091,platelet alpha granule,platelet alpha granule (CellularComponent),CC BY 4.0,Gene Ontology,http://purl.obolibrary.org/obo/GO_0031091
GO:0035267,NuA4 histone acetyltransferase complex,NuA4 histone acetyltransferase complex (CellularComponent),CC BY 4.0,Gene Ontology,http://purl.obolibrary.org/obo/GO_0035267
GO:0071014,post-mRNA release spliceosomal complex,post-mRNA release spliceosomal complex (CellularComponent),CC BY 4.0,Gene Ontology,http://purl.obolibrary.org/obo/GO_0071014
GO:0034667,integrin alpha3-beta1 complex,integrin alpha3-beta1 complex (CellularComponent),CC BY 4.0,Gene Ontology,http://purl.obolibrary.org/obo/GO_0034667
GO:0031261,DNA replication preinitiation complex,DNA replication preinitiation complex (CellularComponent),CC BY 4.0,Gene Ontology,http://purl.obolibrary.org/obo/GO_0031261
GO:0098590,plasma membrane region,plasma membrane region (CellularComponent),CC BY 4.0,Gene Ontology,http://purl.obolibrary.org/obo/GO_0098590
GO:0005593,FACIT collagen trimer,FACIT collagen trimer (CellularComponent),CC BY 4.0,Gene Ontology,http://purl.obolibrary.org/obo/GO_0005593
GO:0060200,clathrin-sculpted acetylcholine transport vesicle,clathrin-sculpted acetylcholine transport vesicle (CellularComponent),CC BY 4.0,Gene Ontology,http://purl.obolibrary.org/obo/GO_0060200
GO:0005724,nuclear telomeric heterochromatin,nuclear telomeric heterochromatin (CellularComponent),CC BY 4.0,Gene Ontology,http://purl.obolibrary.org/obo/GO_0005724
GO:0001940,male pronucleus,male pronucleus (CellularComponent),CC BY 4.0,Gene Ontology,http://purl.obolibrary.org/obo/GO_0001940
GO:0031464,Cul4A-RING E3 ubiquitin ligase complex,Cul4A-RING E3 ubiquitin ligase complex (CellularComponent),CC BY 4.0,Gene Ontology,http://purl.obolibrary.org/obo/GO_0031464
GO:0000792,heterochromatin,heterochromatin (CellularComponent),CC BY 4.0,Gene Ontology,http://purl.obolibrary.org/obo/GO_0000792
GO:0001518,voltage-gated sodium channel complex,voltage-gated sodium channel complex (CellularComponent),CC BY 4.0,Gene Ontology,http://purl.obolibrary.org/obo/GO_0001518
GO:0033162,melanosome membrane,melanosome membrane (CellularComponent),CC BY 4.0,Gene Ontology,http://purl.obolibrary.org/obo/GO_0033162
GO:0048788,cytoskeleton of presynaptic active zone,cytoskeleton of presynaptic active zone (CellularComponent),CC BY 4.0,Gene Ontology,http://purl.obolibrary.org/obo/GO_0048788
GO:0043197,dendritic spine,dendritic spine (CellularComponent),CC BY 4.0,Gene Ontology,http://purl.obolibrary.org/obo/GO_0043197
GO:0005847,mRNA cleavage and polyadenylation specificity factor complex,mRNA cleavage and polyadenylation specificity factor complex (CellularComponent),CC BY 4.0,Gene Ontology,http://purl.obolibrary.org/obo/GO_0005847
GO:1990752,microtubule end,microtubule end (CellularComponent),CC BY 4.0,Gene Ontology,http://purl.obolibrary.org/obo/GO_1990752
GO:0034680,integrin alpha10-beta1 complex,integrin alpha10-beta1 complex (CellularComponent),CC BY 4.0,Gene Ontology,http://purl.obolibrary.org/obo/GO_0034680
GO:0098552,side of membrane,side of membrane (CellularComponent),CC BY 4.0,Gene Ontology,http://purl.obolibrary.org/obo/GO_0098552
GO:0070436,Grb2-EGFR complex,Grb2-EGFR complex (CellularComponent),CC BY 4.0,Gene Ontology,http://purl.obolibrary.org/obo/GO_0070436
GO:0031594,neuromuscular junction,neuromuscular junction (CellularComponent),CC BY 4.0,Gene Ontology,http://purl.obolibrary.org/obo/GO_0031594
GO:0001669,acrosomal vesicle,acrosomal vesicle (CellularComponent),CC BY 4.0,Gene Ontology,http://purl.obolibrary.org/obo/GO_0001669
GO:1990423,RZZ complex,RZZ complex (CellularComponent),CC BY 4.0,Gene Ontology,http://purl.obolibrary.org/obo/GO_1990423
GO:0042627,chylomicron,chylomicron (CellularComponent),CC BY 4.0,Gene Ontology,http://purl.obolibrary.org/obo/GO_0042627
GO:0031209,SCAR complex,SCAR complex (CellularComponent),CC BY 4.0,Gene Ontology,http://purl.obolibrary.org/obo/GO_0031209
GO:0099738,cell cortex region,cell cortex region (CellularComponent),CC BY 4.0,Gene Ontology,http://purl.obolibrary.org/obo/GO_0099738
GO:0017059,serine C-palmitoyltransferase complex,serine C-palmitoyltransferase complex (CellularComponent),CC BY 4.0,Gene Ontology,http://purl.obolibrary.org/obo/GO_0017059
GO:0035097,histone methyltransferase complex,histone methyltransferase complex (CellularComponent),CC BY 4.0,Gene Ontology,http://purl.obolibrary.org/obo/GO_0035097
GO:0005923,bicellular tight junction,bicellular tight junction (CellularComponent),CC BY 4.0,Gene Ontology,http://purl.obolibrary.org/obo/GO_0005923
GO:0000126,transcription factor TFIIIB complex,transcription factor TFIIIB complex (CellularComponent),CC BY 4.0,Gene Ontology,http://purl.obolibrary.org/obo/GO_0000126
GO:0043527,tRNA methyltransferase complex,tRNA methyltransferase complex (CellularComponent),CC BY 4.0,Gene Ontology,http://purl.obolibrary.org/obo/GO_0043527
GO:0042629,mast cell granule,mast cell granule (CellularComponent),CC BY 4.0,Gene Ontology,http://purl.obolibrary.org/obo/GO_0042629
GO:0005614,interstitial matrix,interstitial matrix (CellularComponent),CC BY 4.0,Gene Ontology,http://purl.obolibrary.org/obo/GO_0005614
GO:0031906,late endosome lumen,late endosome lumen (CellularComponent),CC BY 4.0,Gene Ontology,http://purl.obolibrary.org/obo/GO_0031906
GO:0042589,zymogen granule membrane,zymogen granule membrane (CellularComponent),CC BY 4.0,Gene Ontology,http://purl.obolibrary.org/obo/GO_0042589
GO:0045180,basal cortex,basal cortex (CellularComponent),CC BY 4.0,Gene Ontology,http://purl.obolibrary.org/obo/GO_0045180
GO:0001750,photoreceptor outer segment,photoreceptor outer segment (CellularComponent),CC BY 4.0,Gene Ontology,http://purl.obolibrary.org/obo/GO_0001750
GO:0005915,zonula adherens,zonula adherens (CellularComponent),CC BY 4.0,Gene Ontology,http://purl.obolibrary.org/obo/GO_0005915
GO:0019898,extrinsic component of membrane,extrinsic component of membrane (CellularComponent),CC BY 4.0,Gene Ontology,http://purl.obolibrary.org/obo/GO_0019898
GO:1990923,PET complex,PET complex (CellularComponent),CC BY 4.0,Gene Ontology,http://purl.obolibrary.org/obo/GO_1990923
GO:0043292,contractile fiber,contractile fiber (CellularComponent),CC BY 4.0,Gene Ontology,http://purl.obolibrary.org/obo/GO_0043292
GO:0043293,apoptosome,apoptosome (CellularComponent),CC BY 4.0,Gene Ontology,http://purl.obolibrary.org/obo/GO_0043293
GO:0019814,immunoglobulin complex,immunoglobulin complex (CellularComponent),CC BY 4.0,Gene Ontology,http://purl.obolibrary.org/obo/GO_0019814
GO:0070852,cell body fiber,cell body fiber (CellularComponent),CC BY 4.0,Gene Ontology,http://purl.obolibrary.org/obo/GO_0070852
GO:0044753,amphisome,amphisome (CellularComponent),CC BY 4.0,Gene Ontology,http://purl.obolibrary.org/obo/GO_0044753
GO:0005743,mitochondrial inner membrane,mitochondrial inner membrane (CellularComponent),CC BY 4.0,Gene Ontology,http://purl.obolibrary.org/obo/GO_0005743
GO:0005777,peroxisome,peroxisome (CellularComponent),CC BY 4.0,Gene Ontology,http://purl.obolibrary.org/obo/GO_0005777
GO:0001520,outer dense fiber,outer dense fiber (CellularComponent),CC BY 4.0,Gene Ontology,http://purl.obolibrary.org/obo/GO_0001520
GO:0034719,SMN-Sm protein complex,SMN-Sm protein complex (CellularComponent),CC BY 4.0,Gene Ontology,http://purl.obolibrary.org/obo/GO_0034719
GO:1990452,Parkin-FBXW7-Cul1 ubiquitin ligase complex,Parkin-FBXW7-Cul1 ubiquitin ligase complex (CellularComponent),CC BY 4.0,Gene Ontology,http://purl.obolibrary.org/obo/GO_1990452
GO:0005684,U2-type spliceosomal complex,U2-type spliceosomal complex (CellularComponent),CC BY 4.0,Gene Ontology,http://purl.obolibrary.org/obo/GO_0005684
GO:0044294,dendritic growth cone,dendritic growth cone (CellularComponent),CC BY 4.0,Gene Ontology,http://purl.obolibrary.org/obo/GO_0044294
GO:0036396,MIS complex,MIS complex (CellularComponent),CC BY 4.0,Gene Ontology,http://purl.obolibrary.org/obo/GO_0036396
GO:1990023,mitotic spindle midzone,mitotic spindle midzone (CellularComponent),CC BY 4.0,Gene Ontology,http://purl.obolibrary.org/obo/GO_1990023
GO:0005681,spliceosomal complex,spliceosomal complex (CellularComponent),CC BY 4.0,Gene Ontology,http://purl.obolibrary.org/obo/GO_0005681
GO:0000159,protein phosphatase type 2A complex,protein phosphatase type 2A complex (CellularComponent),CC BY 4.0,Gene Ontology,http://purl.obolibrary.org/obo/GO_0000159
GO:0005668,RNA polymerase transcription factor SL1 complex,RNA polymerase transcription factor SL1 complex (CellularComponent),CC BY 4.0,Gene Ontology,http://purl.obolibrary.org/obo/GO_0005668
GO:0098862,cluster of actin-based cell projections,cluster of actin-based cell projections (CellularComponent),CC BY 4.0,Gene Ontology,http://purl.obolibrary.org/obo/GO_0098862
GO:0071012,catalytic step 1 spliceosome,catalytic step 1 spliceosome (CellularComponent),CC BY 4.0,Gene Ontology,http://purl.obolibrary.org/obo/GO_0071012
GO:0030904,retromer complex,retromer complex (CellularComponent),CC BY 4.0,Gene Ontology,http://purl.obolibrary.org/obo/GO_0030904
GO:0034363,intermediate-density lipoprotein particle,intermediate-density lipoprotein particle (CellularComponent),CC BY 4.0,Gene Ontology,http://purl.obolibrary.org/obo/GO_0034363
GO:0005689,U12-type spliceosomal complex,U12-type spliceosomal complex (CellularComponent),CC BY 4.0,Gene Ontology,http://purl.obolibrary.org/obo/GO_0005689
GO:0000322,storage vacuole,storage vacuole (CellularComponent),CC BY 4.0,Gene Ontology,http://purl.obolibrary.org/obo/GO_0000322
GO:0070971,endoplasmic reticulum exit site,endoplasmic reticulum exit site (CellularComponent),CC BY 4.0,Gene Ontology,http://purl.obolibrary.org/obo/GO_0070971
GO:0044232,organelle membrane contact site,organelle membrane contact site (CellularComponent),CC BY 4.0,Gene Ontology,http://purl.obolibrary.org/obo/GO_0044232
GO:0016222,procollagen-proline 4-dioxygenase complex,procollagen-proline 4-dioxygenase complex (CellularComponent),CC BY 4.0,Gene Ontology,http://purl.obolibrary.org/obo/GO_0016222
GO:0044352,pinosome,pinosome (CellularComponent),CC BY 4.0,Gene Ontology,http://purl.obolibrary.org/obo/GO_0044352
GO:0002945,cyclin K-CDK13 complex,cyclin K-CDK13 complex (CellularComponent),CC BY 4.0,Gene Ontology,http://purl.obolibrary.org/obo/GO_0002945
GO:0031512,motile primary cilium,motile primary cilium (CellularComponent),CC BY 4.0,Gene Ontology,http://purl.obolibrary.org/obo/GO_0031512
GO:0033010,paranodal junction,paranodal junction (CellularComponent),CC BY 4.0,Gene Ontology,http://purl.obolibrary.org/obo/GO_0033010
GO:0090498,extrinsic component of Golgi membrane,extrinsic component of Golgi membrane (CellularComponent),CC BY 4.0,Gene Ontology,http://purl.obolibrary.org/obo/GO_0090498
GO:0000347,THO complex,THO complex (CellularComponent),CC BY 4.0,Gene Ontology,http://purl.obolibrary.org/obo/GO_0000347
GO:0030424,axon,axon (CellularComponent),CC BY 4.0,Gene Ontology,http://purl.obolibrary.org/obo/GO_0030424
GO:0048786,presynaptic active zone,presynaptic active zone (CellularComponent),CC BY 4.0,Gene Ontology,http://purl.obolibrary.org/obo/GO_0048786
GO:0009331,glycerol-3-phosphate dehydrogenase complex,glycerol-3-phosphate dehydrogenase complex (CellularComponent),CC BY 4.0,Gene Ontology,http://purl.obolibrary.org/obo/GO_0009331
GO:0002116,semaphorin receptor complex,semaphorin receptor complex (CellularComponent),CC BY 4.0,Gene Ontology,http://purl.obolibrary.org/obo/GO_0002116
GO:0016324,apical plasma membrane,apical plasma membrane (CellularComponent),CC BY 4.0,Gene Ontology,http://purl.obolibrary.org/obo/GO_0016324
GO:0031012,extracellular matrix,extracellular matrix (CellularComponent),CC BY 4.0,Gene Ontology,http://purl.obolibrary.org/obo/GO_0031012
GO:0030062,mitochondrial tricarboxylic acid cycle enzyme complex,mitochondrial tricarboxylic acid cycle enzyme complex (CellularComponent),CC BY 4.0,Gene Ontology,http://purl.obolibrary.org/obo/GO_0030062
GO:0034678,integrin alpha8-beta1 complex,integrin alpha8-beta1 complex (CellularComponent),CC BY 4.0,Gene Ontology,http://purl.obolibrary.org/obo/GO_0034678
GO:0031903,microbody membrane,microbody membrane (CellularComponent),CC BY 4.0,Gene Ontology,http://purl.obolibrary.org/obo/GO_0031903
GO:0097149,centralspindlin complex,centralspindlin complex (CellularComponent),CC BY 4.0,Gene Ontology,http://purl.obolibrary.org/obo/GO_0097149
GO:0030135,coated vesicle,coated vesicle (CellularComponent),CC BY 4.0,Gene Ontology,http://purl.obolibrary.org/obo/GO_0030135
GO:0005672,transcription factor TFIIA complex,transcription factor TFIIA complex (CellularComponent),CC BY 4.0,Gene Ontology,http://purl.obolibrary.org/obo/GO_0005672
GO:0005588,collagen type V trimer,collagen type V trimer (CellularComponent),CC BY 4.0,Gene Ontology,http://purl.obolibrary.org/obo/GO_0005588
GO:1990667,PCSK9-AnxA2 complex,PCSK9-AnxA2 complex (CellularComponent),CC BY 4.0,Gene Ontology,http://purl.obolibrary.org/obo/GO_1990667
GO:0030897,HOPS complex,HOPS complex (CellularComponent),CC BY 4.0,Gene Ontology,http://purl.obolibrary.org/obo/GO_0030897
GO:0030286,dynein complex,dynein complex (CellularComponent),CC BY 4.0,Gene Ontology,http://purl.obolibrary.org/obo/GO_0030286
GO:0030870,Mre11 complex,Mre11 complex (CellularComponent),CC BY 4.0,Gene Ontology,http://purl.obolibrary.org/obo/GO_0030870
GO:0031983,vesicle lumen,vesicle lumen (CellularComponent),CC BY 4.0,Gene Ontology,http://purl.obolibrary.org/obo/GO_0031983
GO:0005686,U2 snRNP,U2 snRNP (CellularComponent),CC BY 4.0,Gene Ontology,http://purl.obolibrary.org/obo/GO_0005686
GO:0000775,"chromosome, centromeric region","chromosome, centromeric region (CellularComponent)",CC BY 4.0,Gene Ontology,http://purl.obolibrary.org/obo/GO_0000775
GO:0031941,filamentous actin,filamentous actin (CellularComponent),CC BY 4.0,Gene Ontology,http://purl.obolibrary.org/obo/GO_0031941
GO:0031225,anchored component of membrane,anchored component of membrane (CellularComponent),CC BY 4.0,Gene Ontology,http://purl.obolibrary.org/obo/GO_0031225
GO:0070724,BMP receptor complex,BMP receptor complex (CellularComponent),CC BY 4.0,Gene Ontology,http://purl.obolibrary.org/obo/GO_0070724
GO:0043025,neuronal cell body,neuronal cell body (CellularComponent),CC BY 4.0,Gene Ontology,http://purl.obolibrary.org/obo/GO_0043025
GO:0032444,activin responsive factor complex,activin responsive factor complex (CellularComponent),CC BY 4.0,Gene Ontology,http://purl.obolibrary.org/obo/GO_0032444
GO:0000214,tRNA-intron endonuclease complex,tRNA-intron endonuclease complex (CellularComponent),CC BY 4.0,Gene Ontology,http://purl.obolibrary.org/obo/GO_0000214
GO:0005736,DNA-directed RNA polymerase I complex,DNA-directed RNA polymerase I complex (CellularComponent),CC BY 4.0,Gene Ontology,http://purl.obolibrary.org/obo/GO_0005736
GO:0005844,polysome,polysome (CellularComponent),CC BY 4.0,Gene Ontology,http://purl.obolibrary.org/obo/GO_0005844
GO:0070531,BRCA1-A complex,BRCA1-A complex (CellularComponent),CC BY 4.0,Gene Ontology,http://purl.obolibrary.org/obo/GO_0070531
GO:0042382,paraspeckles,paraspeckles (CellularComponent),CC BY 4.0,Gene Ontology,http://purl.obolibrary.org/obo/GO_0042382
GO:0005764,lysosome,lysosome (CellularComponent),CC BY 4.0,Gene Ontology,http://purl.obolibrary.org/obo/GO_0005764
GO:0017146,NMDA selective glutamate receptor complex,NMDA selective glutamate receptor complex (CellularComponent),CC BY 4.0,Gene Ontology,http://purl.obolibrary.org/obo/GO_0017146
GO:0001740,Barr body,Barr body (CellularComponent),CC BY 4.0,Gene Ontology,http://purl.obolibrary.org/obo/GO_0001740
GO:0002080,acrosomal membrane,acrosomal membrane (CellularComponent),CC BY 4.0,Gene Ontology,http://purl.obolibrary.org/obo/GO_0002080
GO:0030014,CCR4-NOT complex,CCR4-NOT complex (CellularComponent),CC BY 4.0,Gene Ontology,http://purl.obolibrary.org/obo/GO_0030014
GO:0034464,BBSome,BBSome (CellularComponent),CC BY 4.0,Gene Ontology,http://purl.obolibrary.org/obo/GO_0034464
GO:0008385,IkappaB kinase complex,IkappaB kinase complex (CellularComponent),CC BY 4.0,Gene Ontology,http://purl.obolibrary.org/obo/GO_0008385
GO:0005795,Golgi stack,Golgi stack (CellularComponent),CC BY 4.0,Gene Ontology,http://purl.obolibrary.org/obo/GO_0005795
GO:0009986,cell surface,cell surface (CellularComponent),CC BY 4.0,Gene Ontology,http://purl.obolibrary.org/obo/GO_0009986
GO:0005813,centrosome,centrosome (CellularComponent),CC BY 4.0,Gene Ontology,http://purl.obolibrary.org/obo/GO_0005813
GO:1902911,protein kinase complex,protein kinase complex (CellularComponent),CC BY 4.0,Gene Ontology,http://purl.obolibrary.org/obo/GO_1902911
GO:0000323,lytic vacuole,lytic vacuole (CellularComponent),CC BY 4.0,Gene Ontology,http://purl.obolibrary.org/obo/GO_0000323
GO:0009898,cytoplasmic side of plasma membrane,cytoplasmic side of plasma membrane (CellularComponent),CC BY 4.0,Gene Ontology,http://purl.obolibrary.org/obo/GO_0009898
GO:0008274,gamma-tubulin ring complex,gamma-tubulin ring complex (CellularComponent),CC BY 4.0,Gene Ontology,http://purl.obolibrary.org/obo/GO_0008274
GO:0031984,organelle subcompartment,organelle subcompartment (CellularComponent),CC BY 4.0,Gene Ontology,http://purl.obolibrary.org/obo/GO_0031984
GO:0034774,secretory granule lumen,secretory granule lumen (CellularComponent),CC BY 4.0,Gene Ontology,http://purl.obolibrary.org/obo/GO_0034774
GO:0005958,DNA-dependent protein kinase-DNA ligase 4 complex,DNA-dependent protein kinase-DNA ligase 4 complex (CellularComponent),CC BY 4.0,Gene Ontology,http://purl.obolibrary.org/obo/GO_0005958
GO:0070554,synaptobrevin 2-SNAP-25-syntaxin-3-complexin complex,synaptobrevin 2-SNAP-25-syntaxin-3-complexin complex (CellularComponent),CC BY 4.0,Gene Ontology,http://purl.obolibrary.org/obo/GO_0070554
GO:0046691,intracellular canaliculus,intracellular canaliculus (CellularComponent),CC BY 4.0,Gene Ontology,http://purl.obolibrary.org/obo/GO_0046691
GO:0002102,podosome,podosome (CellularComponent),CC BY 4.0,Gene Ontology,http://purl.obolibrary.org/obo/GO_0002102
GO:0005892,acetylcholine-gated channel complex,acetylcholine-gated channel complex (CellularComponent),CC BY 4.0,Gene Ontology,http://purl.obolibrary.org/obo/GO_0005892
GO:0036128,CatSper complex,CatSper complex (CellularComponent),CC BY 4.0,Gene Ontology,http://purl.obolibrary.org/obo/GO_0036128
GO:0016529,sarcoplasmic reticulum,sarcoplasmic reticulum (CellularComponent),CC BY 4.0,Gene Ontology,http://purl.obolibrary.org/obo/GO_0016529
GO:0070603,SWI/SNF superfamily-type complex,SWI/SNF superfamily-type complex (CellularComponent),CC BY 4.0,Gene Ontology,http://purl.obolibrary.org/obo/GO_0070603
GO:0031313,extrinsic component of endosome membrane,extrinsic component of endosome membrane (CellularComponent),CC BY 4.0,Gene Ontology,http://purl.obolibrary.org/obo/GO_0031313
GO:0036477,somatodendritic compartment,somatodendritic compartment (CellularComponent),CC BY 4.0,Gene Ontology,http://purl.obolibrary.org/obo/GO_0036477
GO:0036457,keratohyalin granule,keratohyalin granule (CellularComponent),CC BY 4.0,Gene Ontology,http://purl.obolibrary.org/obo/GO_0036457
GO:0071682,endocytic vesicle lumen,endocytic vesicle lumen (CellularComponent),CC BY 4.0,Gene Ontology,http://purl.obolibrary.org/obo/GO_0071682
GO:0016935,glycine-gated chloride channel complex,glycine-gated chloride channel complex (CellularComponent),CC BY 4.0,Gene Ontology,http://purl.obolibrary.org/obo/GO_0016935
GO:0002178,palmitoyltransferase complex,palmitoyltransferase complex (CellularComponent),CC BY 4.0,Gene Ontology,http://purl.obolibrary.org/obo/GO_0002178
GO:0005896,interleukin-6 receptor complex,interleukin-6 receptor complex (CellularComponent),CC BY 4.0,Gene Ontology,http://purl.obolibrary.org/obo/GO_0005896
GO:0016234,inclusion body,inclusion body (CellularComponent),CC BY 4.0,Gene Ontology,http://purl.obolibrary.org/obo/GO_0016234
GO:0097525,spliceosomal snRNP complex,spliceosomal snRNP complex (CellularComponent),CC BY 4.0,Gene Ontology,http://purl.obolibrary.org/obo/GO_0097525
GO:0045277,respiratory chain complex IV,respiratory chain complex IV (CellularComponent),CC BY 4.0,Gene Ontology,http://purl.obolibrary.org/obo/GO_0045277
GO:0071664,catenin-TCF7L2 complex,catenin-TCF7L2 complex (CellularComponent),CC BY 4.0,Gene Ontology,http://purl.obolibrary.org/obo/GO_0071664
GO:0045259,proton-transporting ATP synthase complex,proton-transporting ATP synthase complex (CellularComponent),CC BY 4.0,Gene Ontology,http://purl.obolibrary.org/obo/GO_0045259
GO:0030426,growth cone,growth cone (CellularComponent),CC BY 4.0,Gene Ontology,http://purl.obolibrary.org/obo/GO_0030426
GO:0033391,chromatoid body,chromatoid body (CellularComponent),CC BY 4.0,Gene Ontology,http://purl.obolibrary.org/obo/GO_0033391
GO:0034684,integrin alphav-beta5 complex,integrin alphav-beta5 complex (CellularComponent),CC BY 4.0,Gene Ontology,http://purl.obolibrary.org/obo/GO_0034684
GO:0099513,polymeric cytoskeletal fiber,polymeric cytoskeletal fiber (CellularComponent),CC BY 4.0,Gene Ontology,http://purl.obolibrary.org/obo/GO_0099513
GO:0012507,ER to Golgi transport vesicle membrane,ER to Golgi transport vesicle membrane (CellularComponent),CC BY 4.0,Gene Ontology,http://purl.obolibrary.org/obo/GO_0012507
GO:0072536,interleukin-23 receptor complex,interleukin-23 receptor complex (CellularComponent),CC BY 4.0,Gene Ontology,http://purl.obolibrary.org/obo/GO_0072536
GO:0035577,azurophil granule membrane,azurophil granule membrane (CellularComponent),CC BY 4.0,Gene Ontology,http://purl.obolibrary.org/obo/GO_0035577
GO:0046930,pore complex,pore complex (CellularComponent),CC BY 4.0,Gene Ontology,http://purl.obolibrary.org/obo/GO_0046930
GO:0033063,Rad51B-Rad51C-Rad51D-XRCC2 complex,Rad51B-Rad51C-Rad51D-XRCC2 complex (CellularComponent),CC BY 4.0,Gene Ontology,http://purl.obolibrary.org/obo/GO_0033063
GO:0017101,aminoacyl-tRNA synthetase multienzyme complex,aminoacyl-tRNA synthetase multienzyme complex (CellularComponent),CC BY 4.0,Gene Ontology,http://purl.obolibrary.org/obo/GO_0017101
GO:0036021,endolysosome lumen,endolysosome lumen (CellularComponent),CC BY 4.0,Gene Ontology,http://purl.obolibrary.org/obo/GO_0036021
GO:0042567,insulin-like growth factor ternary complex,insulin-like growth factor ternary complex (CellularComponent),CC BY 4.0,Gene Ontology,http://purl.obolibrary.org/obo/GO_0042567
GO:0036513,Derlin-1 retrotranslocation complex,Derlin-1 retrotranslocation complex (CellularComponent),CC BY 4.0,Gene Ontology,http://purl.obolibrary.org/obo/GO_0036513
GO:0005658,alpha DNA polymerase:primase complex,alpha DNA polymerase:primase complex (CellularComponent),CC BY 4.0,Gene Ontology,http://purl.obolibrary.org/obo/GO_0005658
GO:0033648,host intracellular membrane-bounded organelle,host intracellular membrane-bounded organelle (CellularComponent),CC BY 4.0,Gene Ontology,http://purl.obolibrary.org/obo/GO_0033648
GO:0030662,coated vesicle membrane,coated vesicle membrane (CellularComponent),CC BY 4.0,Gene Ontology,http://purl.obolibrary.org/obo/GO_0030662
GO:0005740,mitochondrial envelope,mitochondrial envelope (CellularComponent),CC BY 4.0,Gene Ontology,http://purl.obolibrary.org/obo/GO_0005740
GO:0005947,mitochondrial alpha-ketoglutarate dehydrogenase complex,mitochondrial alpha-ketoglutarate dehydrogenase complex (CellularComponent),CC BY 4.0,Gene Ontology,http://purl.obolibrary.org/obo/GO_0005947
GO:0005859,muscle myosin complex,muscle myosin complex (CellularComponent),CC BY 4.0,Gene Ontology,http://purl.obolibrary.org/obo/GO_0005859
GO:0005865,striated muscle thin filament,striated muscle thin filament (CellularComponent),CC BY 4.0,Gene Ontology,http://purl.obolibrary.org/obo/GO_0005865
GO:0090575,RNA polymerase II transcription factor complex,RNA polymerase II transcription factor complex (CellularComponent),CC BY 4.0,Gene Ontology,http://purl.obolibrary.org/obo/GO_0090575
GO:0022624,proteasome accessory complex,proteasome accessory complex (CellularComponent),CC BY 4.0,Gene Ontology,http://purl.obolibrary.org/obo/GO_0022624
GO:0005638,lamin filament,lamin filament (CellularComponent),CC BY 4.0,Gene Ontology,http://purl.obolibrary.org/obo/GO_0005638
GO:0042383,sarcolemma,sarcolemma (CellularComponent),CC BY 4.0,Gene Ontology,http://purl.obolibrary.org/obo/GO_0042383
GO:0034669,integrin alpha4-beta7 complex,integrin alpha4-beta7 complex (CellularComponent),CC BY 4.0,Gene Ontology,http://purl.obolibrary.org/obo/GO_0034669
GO:0061673,mitotic spindle astral microtubule,mitotic spindle astral microtubule (CellularComponent),CC BY 4.0,Gene Ontology,http://purl.obolibrary.org/obo/GO_0061673
GO:1990597,AIP1-IRE1 complex,AIP1-IRE1 complex (CellularComponent),CC BY 4.0,Gene Ontology,http://purl.obolibrary.org/obo/GO_1990597
GO:0005641,nuclear envelope lumen,nuclear envelope lumen (CellularComponent),CC BY 4.0,Gene Ontology,http://purl.obolibrary.org/obo/GO_0005641
GO:0033257,Bcl3/NF-kappaB2 complex,Bcl3/NF-kappaB2 complex (CellularComponent),CC BY 4.0,Gene Ontology,http://purl.obolibrary.org/obo/GO_0033257
GO:0036156,inner dynein arm,inner dynein arm (CellularComponent),CC BY 4.0,Gene Ontology,http://purl.obolibrary.org/obo/GO_0036156
GO:1990904,ribonucleoprotein complex,ribonucleoprotein complex (CellularComponent),CC BY 4.0,Gene Ontology,http://purl.obolibrary.org/obo/GO_1990904
GO:0035253,ciliary rootlet,ciliary rootlet (CellularComponent),CC BY 4.0,Gene Ontology,http://purl.obolibrary.org/obo/GO_0035253
GO:0008540,"proteasome regulatory particle, base subcomplex","proteasome regulatory particle, base subcomplex (CellularComponent)",CC BY 4.0,Gene Ontology,http://purl.obolibrary.org/obo/GO_0008540
GO:0030981,cortical microtubule cytoskeleton,cortical microtubule cytoskeleton (CellularComponent),CC BY 4.0,Gene Ontology,http://purl.obolibrary.org/obo/GO_0030981
GO:0070032,synaptobrevin 2-SNAP-25-syntaxin-1a-complexin I complex,synaptobrevin 2-SNAP-25-syntaxin-1a-complexin I complex (CellularComponent),CC BY 4.0,Gene Ontology,http://purl.obolibrary.org/obo/GO_0070032
GO:0055087,Ski complex,Ski complex (CellularComponent),CC BY 4.0,Gene Ontology,http://purl.obolibrary.org/obo/GO_0055087
GO:0060293,germ plasm,germ plasm (CellularComponent),CC BY 4.0,Gene Ontology,http://purl.obolibrary.org/obo/GO_0060293
GO:0030894,replisome,replisome (CellularComponent),CC BY 4.0,Gene Ontology,http://purl.obolibrary.org/obo/GO_0030894
GO:0019031,viral envelope,viral envelope (CellularComponent),CC BY 4.0,Gene Ontology,http://purl.obolibrary.org/obo/GO_0019031
GO:0005671,Ada2/Gcn5/Ada3 transcription activator complex,Ada2/Gcn5/Ada3 transcription activator complex (CellularComponent),CC BY 4.0,Gene Ontology,http://purl.obolibrary.org/obo/GO_0005671
GO:0032541,cortical endoplasmic reticulum,cortical endoplasmic reticulum (CellularComponent),CC BY 4.0,Gene Ontology,http://purl.obolibrary.org/obo/GO_0032541
GO:0014704,intercalated disc,intercalated disc (CellularComponent),CC BY 4.0,Gene Ontology,http://purl.obolibrary.org/obo/GO_0014704
GO:0097651,"phosphatidylinositol 3-kinase complex, class I","phosphatidylinositol 3-kinase complex, class I (CellularComponent)",CC BY 4.0,Gene Ontology,http://purl.obolibrary.org/obo/GO_0097651
GO:0031080,nuclear pore outer ring,nuclear pore outer ring (CellularComponent),CC BY 4.0,Gene Ontology,http://purl.obolibrary.org/obo/GO_0031080
GO:1990391,DNA repair complex,DNA repair complex (CellularComponent),CC BY 4.0,Gene Ontology,http://purl.obolibrary.org/obo/GO_1990391
GO:0034673,inhibin-betaglycan-ActRII complex,inhibin-betaglycan-ActRII complex (CellularComponent),CC BY 4.0,Gene Ontology,http://purl.obolibrary.org/obo/GO_0034673
GO:0031429,box H/ACA snoRNP complex,box H/ACA snoRNP complex (CellularComponent),CC BY 4.0,Gene Ontology,http://purl.obolibrary.org/obo/GO_0031429
GO:0097450,astrocyte end-foot,astrocyte end-foot (CellularComponent),CC BY 4.0,Gene Ontology,http://purl.obolibrary.org/obo/GO_0097450
GO:0070765,gamma-secretase complex,gamma-secretase complex (CellularComponent),CC BY 4.0,Gene Ontology,http://purl.obolibrary.org/obo/GO_0070765
GO:0098592,cytoplasmic side of apical plasma membrane,cytoplasmic side of apical plasma membrane (CellularComponent),CC BY 4.0,Gene Ontology,http://purl.obolibrary.org/obo/GO_0098592
GO:0008024,positive transcription elongation factor complex b,positive transcription elongation factor complex b (CellularComponent),CC BY 4.0,Gene Ontology,http://purl.obolibrary.org/obo/GO_0008024
GO:0000428,DNA-directed RNA polymerase complex,DNA-directed RNA polymerase complex (CellularComponent),CC BY 4.0,Gene Ontology,http://purl.obolibrary.org/obo/GO_0000428
GO:0008541,"proteasome regulatory particle, lid subcomplex","proteasome regulatory particle, lid subcomplex (CellularComponent)",CC BY 4.0,Gene Ontology,http://purl.obolibrary.org/obo/GO_0008541
GO:0032040,small-subunit processome,small-subunit processome (CellularComponent),CC BY 4.0,Gene Ontology,http://purl.obolibrary.org/obo/GO_0032040
GO:0020018,ciliary pocket membrane,ciliary pocket membrane (CellularComponent),CC BY 4.0,Gene Ontology,http://purl.obolibrary.org/obo/GO_0020018
GO:0000802,transverse filament,transverse filament (CellularComponent),CC BY 4.0,Gene Ontology,http://purl.obolibrary.org/obo/GO_0000802
GO:0000786,nucleosome,nucleosome (CellularComponent),CC BY 4.0,Gene Ontology,http://purl.obolibrary.org/obo/GO_0000786
GO:1990351,transporter complex,transporter complex (CellularComponent),CC BY 4.0,Gene Ontology,http://purl.obolibrary.org/obo/GO_1990351
GO:0005827,polar microtubule,polar microtubule (CellularComponent),CC BY 4.0,Gene Ontology,http://purl.obolibrary.org/obo/GO_0005827
GO:0070822,Sin3-type complex,Sin3-type complex (CellularComponent),CC BY 4.0,Gene Ontology,http://purl.obolibrary.org/obo/GO_0070822
GO:0030141,secretory granule,secretory granule (CellularComponent),CC BY 4.0,Gene Ontology,http://purl.obolibrary.org/obo/GO_0030141
GO:1990590,ATF1-ATF4 transcription factor complex,ATF1-ATF4 transcription factor complex (CellularComponent),CC BY 4.0,Gene Ontology,http://purl.obolibrary.org/obo/GO_1990590
GO:0000836,Hrd1p ubiquitin ligase complex,Hrd1p ubiquitin ligase complex (CellularComponent),CC BY 4.0,Gene Ontology,http://purl.obolibrary.org/obo/GO_0000836
GO:0030891,VCB complex,VCB complex (CellularComponent),CC BY 4.0,Gene Ontology,http://purl.obolibrary.org/obo/GO_0030891
GO:0000333,telomerase catalytic core complex,telomerase catalytic core complex (CellularComponent),CC BY 4.0,Gene Ontology,http://purl.obolibrary.org/obo/GO_0000333
GO:0071546,pi-body,pi-body (CellularComponent),CC BY 4.0,Gene Ontology,http://purl.obolibrary.org/obo/GO_0071546
GO:0008023,transcription elongation factor complex,transcription elongation factor complex (CellularComponent),CC BY 4.0,Gene Ontology,http://purl.obolibrary.org/obo/GO_0008023
GO:0042406,extrinsic component of endoplasmic reticulum membrane,extrinsic component of endoplasmic reticulum membrane (CellularComponent),CC BY 4.0,Gene Ontology,http://purl.obolibrary.org/obo/GO_0042406
GO:0042579,microbody,microbody (CellularComponent),CC BY 4.0,Gene Ontology,http://purl.obolibrary.org/obo/GO_0042579
GO:0071458,integral component of cytoplasmic side of endoplasmic reticulum membrane,integral component of cytoplasmic side of endoplasmic reticulum membrane (CellularComponent),CC BY 4.0,Gene Ontology,http://purl.obolibrary.org/obo/GO_0071458
GO:0097165,nuclear stress granule,nuclear stress granule (CellularComponent),CC BY 4.0,Gene Ontology,http://purl.obolibrary.org/obo/GO_0097165
GO:0034098,VCP-NPL4-UFD1 AAA ATPase complex,VCP-NPL4-UFD1 AAA ATPase complex (CellularComponent),CC BY 4.0,Gene Ontology,http://purl.obolibrary.org/obo/GO_0034098
GO:0036064,ciliary basal body,ciliary basal body (CellularComponent),CC BY 4.0,Gene Ontology,http://purl.obolibrary.org/obo/GO_0036064
GO:0015934,large ribosomal subunit,large ribosomal subunit (CellularComponent),CC BY 4.0,Gene Ontology,http://purl.obolibrary.org/obo/GO_0015934
GO:0043512,inhibin A complex,inhibin A complex (CellularComponent),CC BY 4.0,Gene Ontology,http://purl.obolibrary.org/obo/GO_0043512
GO:0005869,dynactin complex,dynactin complex (CellularComponent),CC BY 4.0,Gene Ontology,http://purl.obolibrary.org/obo/GO_0005869
GO:0060171,stereocilium membrane,stereocilium membrane (CellularComponent),CC BY 4.0,Gene Ontology,http://purl.obolibrary.org/obo/GO_0060171
GO:0043656,intracellular region of host,intracellular region of host (CellularComponent),CC BY 4.0,Gene Ontology,http://purl.obolibrary.org/obo/GO_0043656
GO:0070187,telosome,telosome (CellularComponent),CC BY 4.0,Gene Ontology,http://purl.obolibrary.org/obo/GO_0070187
GO:0005592,collagen type XI trimer,collagen type XI trimer (CellularComponent),CC BY 4.0,Gene Ontology,http://purl.obolibrary.org/obo/GO_0005592
GO:0070688,MLL5-L complex,MLL5-L complex (CellularComponent),CC BY 4.0,Gene Ontology,http://purl.obolibrary.org/obo/GO_0070688
GO:1902554,serine/threonine protein kinase complex,serine/threonine protein kinase complex (CellularComponent),CC BY 4.0,Gene Ontology,http://purl.obolibrary.org/obo/GO_1902554
GO:0000445,THO complex part of transcription export complex,THO complex part of transcription export complex (CellularComponent),CC BY 4.0,Gene Ontology,http://purl.obolibrary.org/obo/GO_0000445
GO:0044316,cone cell pedicle,cone cell pedicle (CellularComponent),CC BY 4.0,Gene Ontology,http://purl.obolibrary.org/obo/GO_0044316
GO:0005607,laminin-2 complex,laminin-2 complex (CellularComponent),CC BY 4.0,Gene Ontology,http://purl.obolibrary.org/obo/GO_0005607
GO:0031301,integral component of organelle membrane,integral component of organelle membrane (CellularComponent),CC BY 4.0,Gene Ontology,http://purl.obolibrary.org/obo/GO_0031301
GO:0099503,secretory vesicle,secretory vesicle (CellularComponent),CC BY 4.0,Gene Ontology,http://purl.obolibrary.org/obo/GO_0099503
GO:0035189,Rb-E2F complex,Rb-E2F complex (CellularComponent),CC BY 4.0,Gene Ontology,http://purl.obolibrary.org/obo/GO_0035189
GO:0005608,laminin-3 complex,laminin-3 complex (CellularComponent),CC BY 4.0,Gene Ontology,http://purl.obolibrary.org/obo/GO_0005608
GO:0008043,intracellular ferritin complex,intracellular ferritin complex (CellularComponent),CC BY 4.0,Gene Ontology,http://purl.obolibrary.org/obo/GO_0008043
GO:0051286,cell tip,cell tip (CellularComponent),CC BY 4.0,Gene Ontology,http://purl.obolibrary.org/obo/GO_0051286
GO:0031011,Ino80 complex,Ino80 complex (CellularComponent),CC BY 4.0,Gene Ontology,http://purl.obolibrary.org/obo/GO_0031011
GO:0035354,Toll-like receptor 1-Toll-like receptor 2 protein complex,Toll-like receptor 1-Toll-like receptor 2 protein complex (CellularComponent),CC BY 4.0,Gene Ontology,http://purl.obolibrary.org/obo/GO_0035354
GO:0015030,Cajal body,Cajal body (CellularComponent),CC BY 4.0,Gene Ontology,http://purl.obolibrary.org/obo/GO_0015030
GO:0005760,gamma DNA polymerase complex,gamma DNA polymerase complex (CellularComponent),CC BY 4.0,Gene Ontology,http://purl.obolibrary.org/obo/GO_0005760
GO:0005839,proteasome core complex,proteasome core complex (CellularComponent),CC BY 4.0,Gene Ontology,http://purl.obolibrary.org/obo/GO_0005839
GO:0002189,ribose phosphate diphosphokinase complex,ribose phosphate diphosphokinase complex (CellularComponent),CC BY 4.0,Gene Ontology,http://purl.obolibrary.org/obo/GO_0002189
GO:0042555,MCM complex,MCM complex (CellularComponent),CC BY 4.0,Gene Ontology,http://purl.obolibrary.org/obo/GO_0042555
GO:0043198,dendritic shaft,dendritic shaft (CellularComponent),CC BY 4.0,Gene Ontology,http://purl.obolibrary.org/obo/GO_0043198
GO:0043260,laminin-11 complex,laminin-11 complex (CellularComponent),CC BY 4.0,Gene Ontology,http://purl.obolibrary.org/obo/GO_0043260
GO:0036379,myofilament,myofilament (CellularComponent),CC BY 4.0,Gene Ontology,http://purl.obolibrary.org/obo/GO_0036379
GO:0061689,tricellular tight junction,tricellular tight junction (CellularComponent),CC BY 4.0,Gene Ontology,http://purl.obolibrary.org/obo/GO_0061689
GO:0043195,terminal bouton,terminal bouton (CellularComponent),CC BY 4.0,Gene Ontology,http://purl.obolibrary.org/obo/GO_0043195
GO:0000506,glycosylphosphatidylinositol-N-acetylglucosaminyltransferase (GPI-GnT) complex,glycosylphosphatidylinositol-N-acetylglucosaminyltransferase (GPI-GnT) complex (CellularComponent),CC BY 4.0,Gene Ontology,http://purl.obolibrary.org/obo/GO_0000506
GO:0005643,nuclear pore,nuclear pore (CellularComponent),CC BY 4.0,Gene Ontology,http://purl.obolibrary.org/obo/GO_0005643
GO:0000799,nuclear condensin complex,nuclear condensin complex (CellularComponent),CC BY 4.0,Gene Ontology,http://purl.obolibrary.org/obo/GO_0000799
GO:0030663,COPI-coated vesicle membrane,COPI-coated vesicle membrane (CellularComponent),CC BY 4.0,Gene Ontology,http://purl.obolibrary.org/obo/GO_0030663
GO:0032432,actin filament bundle,actin filament bundle (CellularComponent),CC BY 4.0,Gene Ontology,http://purl.obolibrary.org/obo/GO_0032432
GO:0005913,cell-cell adherens junction,cell-cell adherens junction (CellularComponent),CC BY 4.0,Gene Ontology,http://purl.obolibrary.org/obo/GO_0005913
GO:0035145,exon-exon junction complex,exon-exon junction complex (CellularComponent),CC BY 4.0,Gene Ontology,http://purl.obolibrary.org/obo/GO_0035145
GO:0045323,interleukin-1 receptor complex,interleukin-1 receptor complex (CellularComponent),CC BY 4.0,Gene Ontology,http://purl.obolibrary.org/obo/GO_0045323
GO:0031264,death-inducing signaling complex,death-inducing signaling complex (CellularComponent),CC BY 4.0,Gene Ontology,http://purl.obolibrary.org/obo/GO_0031264
GO:0005742,mitochondrial outer membrane translocase complex,mitochondrial outer membrane translocase complex (CellularComponent),CC BY 4.0,Gene Ontology,http://purl.obolibrary.org/obo/GO_0005742
GO:0000938,GARP complex,GARP complex (CellularComponent),CC BY 4.0,Gene Ontology,http://purl.obolibrary.org/obo/GO_0000938
GO:0030016,myofibril,myofibril (CellularComponent),CC BY 4.0,Gene Ontology,http://purl.obolibrary.org/obo/GO_0030016
GO:0031510,SUMO activating enzyme complex,SUMO activating enzyme complex (CellularComponent),CC BY 4.0,Gene Ontology,http://purl.obolibrary.org/obo/GO_0031510
GO:0036452,ESCRT complex,ESCRT complex (CellularComponent),CC BY 4.0,Gene Ontology,http://purl.obolibrary.org/obo/GO_0036452
GO:0000439,core TFIIH complex,core TFIIH complex (CellularComponent),CC BY 4.0,Gene Ontology,http://purl.obolibrary.org/obo/GO_0000439
GO:0097431,mitotic spindle pole,mitotic spindle pole (CellularComponent),CC BY 4.0,Gene Ontology,http://purl.obolibrary.org/obo/GO_0097431
GO:0035061,interchromatin granule,interchromatin granule (CellularComponent),CC BY 4.0,Gene Ontology,http://purl.obolibrary.org/obo/GO_0035061
GO:0090665,glycoprotein complex,glycoprotein complex (CellularComponent),CC BY 4.0,Gene Ontology,http://purl.obolibrary.org/obo/GO_0090665
GO:0033011,perinuclear theca,perinuclear theca (CellularComponent),CC BY 4.0,Gene Ontology,http://purl.obolibrary.org/obo/GO_0033011
GO:0005730,nucleolus,nucleolus (CellularComponent),CC BY 4.0,Gene Ontology,http://purl.obolibrary.org/obo/GO_0005730
GO:0030315,T-tubule,T-tubule (CellularComponent),CC BY 4.0,Gene Ontology,http://purl.obolibrary.org/obo/GO_0030315
GO:0031228,intrinsic component of Golgi membrane,intrinsic component of Golgi membrane (CellularComponent),CC BY 4.0,Gene Ontology,http://purl.obolibrary.org/obo/GO_0031228
GO:0098852,lytic vacuole membrane,lytic vacuole membrane (CellularComponent),CC BY 4.0,Gene Ontology,http://purl.obolibrary.org/obo/GO_0098852
GO:0030956,glutamyl-tRNA(Gln) amidotransferase complex,glutamyl-tRNA(Gln) amidotransferase complex (CellularComponent),CC BY 4.0,Gene Ontology,http://purl.obolibrary.org/obo/GO_0030956
GO:0000110,nucleotide-excision repair factor 1 complex,nucleotide-excision repair factor 1 complex (CellularComponent),CC BY 4.0,Gene Ontology,http://purl.obolibrary.org/obo/GO_0000110
GO:0043625,delta DNA polymerase complex,delta DNA polymerase complex (CellularComponent),CC BY 4.0,Gene Ontology,http://purl.obolibrary.org/obo/GO_0043625
GO:1990357,terminal web,terminal web (CellularComponent),CC BY 4.0,Gene Ontology,http://purl.obolibrary.org/obo/GO_1990357
GO:1904949,ATPase complex,ATPase complex (CellularComponent),CC BY 4.0,Gene Ontology,http://purl.obolibrary.org/obo/GO_1904949
GO:0035631,CD40 receptor complex,CD40 receptor complex (CellularComponent),CC BY 4.0,Gene Ontology,http://purl.obolibrary.org/obo/GO_0035631
GO:0009897,external side of plasma membrane,external side of plasma membrane (CellularComponent),CC BY 4.0,Gene Ontology,http://purl.obolibrary.org/obo/GO_0009897
GO:0005819,spindle,spindle (CellularComponent),CC BY 4.0,Gene Ontology,http://purl.obolibrary.org/obo/GO_0005819
GO:0022625,cytosolic large ribosomal subunit,cytosolic large ribosomal subunit (CellularComponent),CC BY 4.0,Gene Ontology,http://purl.obolibrary.org/obo/GO_0022625
GO:0090533,cation-transporting ATPase complex,cation-transporting ATPase complex (CellularComponent),CC BY 4.0,Gene Ontology,http://purl.obolibrary.org/obo/GO_0090533
GO:0032585,multivesicular body membrane,multivesicular body membrane (CellularComponent),CC BY 4.0,Gene Ontology,http://purl.obolibrary.org/obo/GO_0032585
GO:0005791,rough endoplasmic reticulum,rough endoplasmic reticulum (CellularComponent),CC BY 4.0,Gene Ontology,http://purl.obolibrary.org/obo/GO_0005791
GO:1990005,granular vesicle,granular vesicle (CellularComponent),CC BY 4.0,Gene Ontology,http://purl.obolibrary.org/obo/GO_1990005
GO:0016282,eukaryotic 43S preinitiation complex,eukaryotic 43S preinitiation complex (CellularComponent),CC BY 4.0,Gene Ontology,http://purl.obolibrary.org/obo/GO_0016282
GO:0031230,intrinsic component of cell outer membrane,intrinsic component of cell outer membrane (CellularComponent),CC BY 4.0,Gene Ontology,http://purl.obolibrary.org/obo/GO_0031230
GO:0071595,Nem1-Spo7 phosphatase complex,Nem1-Spo7 phosphatase complex (CellularComponent),CC BY 4.0,Gene Ontology,http://purl.obolibrary.org/obo/GO_0071595
GO:0031672,A band,A band (CellularComponent),CC BY 4.0,Gene Ontology,http://purl.obolibrary.org/obo/GO_0031672
GO:0016035,zeta DNA polymerase complex,zeta DNA polymerase complex (CellularComponent),CC BY 4.0,Gene Ontology,http://purl.obolibrary.org/obo/GO_0016035
GO:1902495,transmembrane transporter complex,transmembrane transporter complex (CellularComponent),CC BY 4.0,Gene Ontology,http://purl.obolibrary.org/obo/GO_1902495
GO:0031931,TORC1 complex,TORC1 complex (CellularComponent),CC BY 4.0,Gene Ontology,http://purl.obolibrary.org/obo/GO_0031931
GO:0035861,site of double-strand break,site of double-strand break (CellularComponent),CC BY 4.0,Gene Ontology,http://purl.obolibrary.org/obo/GO_0035861
GO:0032433,filopodium tip,filopodium tip (CellularComponent),CC BY 4.0,Gene Ontology,http://purl.obolibrary.org/obo/GO_0032433
GO:0031415,NatA complex,NatA complex (CellularComponent),CC BY 4.0,Gene Ontology,http://purl.obolibrary.org/obo/GO_0031415
GO:0033270,paranode region of axon,paranode region of axon (CellularComponent),CC BY 4.0,Gene Ontology,http://purl.obolibrary.org/obo/GO_0033270
GO:0030864,cortical actin cytoskeleton,cortical actin cytoskeleton (CellularComponent),CC BY 4.0,Gene Ontology,http://purl.obolibrary.org/obo/GO_0030864
GO:0005943,"phosphatidylinositol 3-kinase complex, class IA","phosphatidylinositol 3-kinase complex, class IA (CellularComponent)",CC BY 4.0,Gene Ontology,http://purl.obolibrary.org/obo/GO_0005943
GO:0002141,stereocilia ankle link,stereocilia ankle link (CellularComponent),CC BY 4.0,Gene Ontology,http://purl.obolibrary.org/obo/GO_0002141
GO:0033553,rDNA heterochromatin,rDNA heterochromatin (CellularComponent),CC BY 4.0,Gene Ontology,http://purl.obolibrary.org/obo/GO_0033553
GO:0005885,Arp2/3 protein complex,Arp2/3 protein complex (CellularComponent),CC BY 4.0,Gene Ontology,http://purl.obolibrary.org/obo/GO_0005885
GO:0005776,autophagosome,autophagosome (CellularComponent),CC BY 4.0,Gene Ontology,http://purl.obolibrary.org/obo/GO_0005776
GO:0030896,checkpoint clamp complex,checkpoint clamp complex (CellularComponent),CC BY 4.0,Gene Ontology,http://purl.obolibrary.org/obo/GO_0030896
GO:0030173,integral component of Golgi membrane,integral component of Golgi membrane (CellularComponent),CC BY 4.0,Gene Ontology,http://purl.obolibrary.org/obo/GO_0030173
GO:0030478,actin cap,actin cap (CellularComponent),CC BY 4.0,Gene Ontology,http://purl.obolibrary.org/obo/GO_0030478
GO:0043186,P granule,P granule (CellularComponent),CC BY 4.0,Gene Ontology,http://purl.obolibrary.org/obo/GO_0043186
GO:0000835,ER ubiquitin ligase complex,ER ubiquitin ligase complex (CellularComponent),CC BY 4.0,Gene Ontology,http://purl.obolibrary.org/obo/GO_0000835
GO:0036502,Derlin-1-VIMP complex,Derlin-1-VIMP complex (CellularComponent),CC BY 4.0,Gene Ontology,http://purl.obolibrary.org/obo/GO_0036502
GO:1990726,Lsm1-7-Pat1 complex,Lsm1-7-Pat1 complex (CellularComponent),CC BY 4.0,Gene Ontology,http://purl.obolibrary.org/obo/GO_1990726
GO:0072559,NLRP3 inflammasome complex,NLRP3 inflammasome complex (CellularComponent),CC BY 4.0,Gene Ontology,http://purl.obolibrary.org/obo/GO_0072559
GO:0043204,perikaryon,perikaryon (CellularComponent),CC BY 4.0,Gene Ontology,http://purl.obolibrary.org/obo/GO_0043204
GO:0070552,BRISC complex,BRISC complex (CellularComponent),CC BY 4.0,Gene Ontology,http://purl.obolibrary.org/obo/GO_0070552
GO:0014701,junctional sarcoplasmic reticulum membrane,junctional sarcoplasmic reticulum membrane (CellularComponent),CC BY 4.0,Gene Ontology,http://purl.obolibrary.org/obo/GO_0014701
GO:0005945,6-phosphofructokinase complex,6-phosphofructokinase complex (CellularComponent),CC BY 4.0,Gene Ontology,http://purl.obolibrary.org/obo/GO_0005945
GO:0044391,ribosomal subunit,ribosomal subunit (CellularComponent),CC BY 4.0,Gene Ontology,http://purl.obolibrary.org/obo/GO_0044391
GO:0045179,apical cortex,apical cortex (CellularComponent),CC BY 4.0,Gene Ontology,http://purl.obolibrary.org/obo/GO_0045179
GO:0031526,brush border membrane,brush border membrane (CellularComponent),CC BY 4.0,Gene Ontology,http://purl.obolibrary.org/obo/GO_0031526
GO:0097060,synaptic membrane,synaptic membrane (CellularComponent),CC BY 4.0,Gene Ontology,http://purl.obolibrary.org/obo/GO_0097060
GO:0044308,axonal spine,axonal spine (CellularComponent),CC BY 4.0,Gene Ontology,http://purl.obolibrary.org/obo/GO_0044308
GO:0016602,CCAAT-binding factor complex,CCAAT-binding factor complex (CellularComponent),CC BY 4.0,Gene Ontology,http://purl.obolibrary.org/obo/GO_0016602
GO:0019773,"proteasome core complex, alpha-subunit complex","proteasome core complex, alpha-subunit complex (CellularComponent)",CC BY 4.0,Gene Ontology,http://purl.obolibrary.org/obo/GO_0019773
GO:0071821,FANCM-MHF complex,FANCM-MHF complex (CellularComponent),CC BY 4.0,Gene Ontology,http://purl.obolibrary.org/obo/GO_0071821
GO:0005902,microvillus,microvillus (CellularComponent),CC BY 4.0,Gene Ontology,http://purl.obolibrary.org/obo/GO_0005902
GO:0016605,PML body,PML body (CellularComponent),CC BY 4.0,Gene Ontology,http://purl.obolibrary.org/obo/GO_0016605
GO:0012510,trans-Golgi network transport vesicle membrane,trans-Golgi network transport vesicle membrane (CellularComponent),CC BY 4.0,Gene Ontology,http://purl.obolibrary.org/obo/GO_0012510
GO:0005635,nuclear envelope,nuclear envelope (CellularComponent),CC BY 4.0,Gene Ontology,http://purl.obolibrary.org/obo/GO_0005635
GO:0001527,microfibril,microfibril (CellularComponent),CC BY 4.0,Gene Ontology,http://purl.obolibrary.org/obo/GO_0001527
GO:0008250,oligosaccharyltransferase complex,oligosaccharyltransferase complex (CellularComponent),CC BY 4.0,Gene Ontology,http://purl.obolibrary.org/obo/GO_0008250
GO:0030868,smooth endoplasmic reticulum membrane,smooth endoplasmic reticulum membrane (CellularComponent),CC BY 4.0,Gene Ontology,http://purl.obolibrary.org/obo/GO_0030868
GO:0043511,inhibin complex,inhibin complex (CellularComponent),CC BY 4.0,Gene Ontology,http://purl.obolibrary.org/obo/GO_0043511
GO:0072558,NLRP1 inflammasome complex,NLRP1 inflammasome complex (CellularComponent),CC BY 4.0,Gene Ontology,http://purl.obolibrary.org/obo/GO_0072558
GO:0045275,respiratory chain complex III,respiratory chain complex III (CellularComponent),CC BY 4.0,Gene Ontology,http://purl.obolibrary.org/obo/GO_0045275
GO:0032589,neuron projection membrane,neuron projection membrane (CellularComponent),CC BY 4.0,Gene Ontology,http://purl.obolibrary.org/obo/GO_0032589
GO:0032133,chromosome passenger complex,chromosome passenger complex (CellularComponent),CC BY 4.0,Gene Ontology,http://purl.obolibrary.org/obo/GO_0032133
GO:0005610,laminin-5 complex,laminin-5 complex (CellularComponent),CC BY 4.0,Gene Ontology,http://purl.obolibrary.org/obo/GO_0005610
GO:0005802,trans-Golgi network,trans-Golgi network (CellularComponent),CC BY 4.0,Gene Ontology,http://purl.obolibrary.org/obo/GO_0005802
GO:0034681,integrin alpha11-beta1 complex,integrin alpha11-beta1 complex (CellularComponent),CC BY 4.0,Gene Ontology,http://purl.obolibrary.org/obo/GO_0034681
GO:0005874,microtubule,microtubule (CellularComponent),CC BY 4.0,Gene Ontology,http://purl.obolibrary.org/obo/GO_0005874
GO:0032807,DNA ligase IV complex,DNA ligase IV complex (CellularComponent),CC BY 4.0,Gene Ontology,http://purl.obolibrary.org/obo/GO_0032807
GO:0043203,axon hillock,axon hillock (CellularComponent),CC BY 4.0,Gene Ontology,http://purl.obolibrary.org/obo/GO_0043203
GO:0034715,pICln-Sm protein complex,pICln-Sm protein complex (CellularComponent),CC BY 4.0,Gene Ontology,http://purl.obolibrary.org/obo/GO_0034715
GO:0045283,fumarate reductase complex,fumarate reductase complex (CellularComponent),CC BY 4.0,Gene Ontology,http://purl.obolibrary.org/obo/GO_0045283
GO:0031933,telomeric heterochromatin,telomeric heterochromatin (CellularComponent),CC BY 4.0,Gene Ontology,http://purl.obolibrary.org/obo/GO_0031933
GO:0035371,microtubule plus-end,microtubule plus-end (CellularComponent),CC BY 4.0,Gene Ontology,http://purl.obolibrary.org/obo/GO_0035371
GO:0005788,endoplasmic reticulum lumen,endoplasmic reticulum lumen (CellularComponent),CC BY 4.0,Gene Ontology,http://purl.obolibrary.org/obo/GO_0005788
GO:0045334,clathrin-coated endocytic vesicle,clathrin-coated endocytic vesicle (CellularComponent),CC BY 4.0,Gene Ontology,http://purl.obolibrary.org/obo/GO_0045334
GO:0001673,male germ cell nucleus,male germ cell nucleus (CellularComponent),CC BY 4.0,Gene Ontology,http://purl.obolibrary.org/obo/GO_0001673
GO:0042175,nuclear outer membrane-endoplasmic reticulum membrane network,nuclear outer membrane-endoplasmic reticulum membrane network (CellularComponent),CC BY 4.0,Gene Ontology,http://purl.obolibrary.org/obo/GO_0042175
GO:0071013,catalytic step 2 spliceosome,catalytic step 2 spliceosome (CellularComponent),CC BY 4.0,Gene Ontology,http://purl.obolibrary.org/obo/GO_0071013
GO:0043073,germ cell nucleus,germ cell nucleus (CellularComponent),CC BY 4.0,Gene Ontology,http://purl.obolibrary.org/obo/GO_0043073
GO:0043194,axon initial segment,axon initial segment (CellularComponent),CC BY 4.0,Gene Ontology,http://purl.obolibrary.org/obo/GO_0043194
GO:0000145,exocyst,exocyst (CellularComponent),CC BY 4.0,Gene Ontology,http://purl.obolibrary.org/obo/GO_0000145
GO:0019907,cyclin-dependent protein kinase activating kinase holoenzyme complex,cyclin-dependent protein kinase activating kinase holoenzyme complex (CellularComponent),CC BY 4.0,Gene Ontology,http://purl.obolibrary.org/obo/GO_0019907
GO:0035098,ESC/E(Z) complex,ESC/E(Z) complex (CellularComponent),CC BY 4.0,Gene Ontology,http://purl.obolibrary.org/obo/GO_0035098
GO:0071598,neuronal ribonucleoprotein granule,neuronal ribonucleoprotein granule (CellularComponent),CC BY 4.0,Gene Ontology,http://purl.obolibrary.org/obo/GO_0071598
GO:0032281,AMPA glutamate receptor complex,AMPA glutamate receptor complex (CellularComponent),CC BY 4.0,Gene Ontology,http://purl.obolibrary.org/obo/GO_0032281
GO:0043218,compact myelin,compact myelin (CellularComponent),CC BY 4.0,Gene Ontology,http://purl.obolibrary.org/obo/GO_0043218
GO:0071438,invadopodium membrane,invadopodium membrane (CellularComponent),CC BY 4.0,Gene Ontology,http://purl.obolibrary.org/obo/GO_0071438
GO:0031314,extrinsic component of mitochondrial inner membrane,extrinsic component of mitochondrial inner membrane (CellularComponent),CC BY 4.0,Gene Ontology,http://purl.obolibrary.org/obo/GO_0031314
GO:0034271,"phosphatidylinositol 3-kinase complex, class III, type I","phosphatidylinositol 3-kinase complex, class III, type I (CellularComponent)",CC BY 4.0,Gene Ontology,http://purl.obolibrary.org/obo/GO_0034271
GO:0097449,astrocyte projection,astrocyte projection (CellularComponent),CC BY 4.0,Gene Ontology,http://purl.obolibrary.org/obo/GO_0097449
GO:0044326,dendritic spine neck,dendritic spine neck (CellularComponent),CC BY 4.0,Gene Ontology,http://purl.obolibrary.org/obo/GO_0044326
GO:0030176,integral component of endoplasmic reticulum membrane,integral component of endoplasmic reticulum membrane (CellularComponent),CC BY 4.0,Gene Ontology,http://purl.obolibrary.org/obo/GO_0030176
GO:0005786,"signal recognition particle, endoplasmic reticulum targeting","signal recognition particle, endoplasmic reticulum targeting (CellularComponent)",CC BY 4.0,Gene Ontology,http://purl.obolibrary.org/obo/GO_0005786
GO:0000779,"condensed chromosome, centromeric region","condensed chromosome, centromeric region (CellularComponent)",CC BY 4.0,Gene Ontology,http://purl.obolibrary.org/obo/GO_0000779
GO:0070022,transforming growth factor beta receptor homodimeric complex,transforming growth factor beta receptor homodimeric complex (CellularComponent),CC BY 4.0,Gene Ontology,http://purl.obolibrary.org/obo/GO_0070022
GO:0043256,laminin complex,laminin complex (CellularComponent),CC BY 4.0,Gene Ontology,http://purl.obolibrary.org/obo/GO_0043256
GO:0000229,cytoplasmic chromosome,cytoplasmic chromosome (CellularComponent),CC BY 4.0,Gene Ontology,http://purl.obolibrary.org/obo/GO_0000229
GO:0033256,I-kappaB/NF-kappaB complex,I-kappaB/NF-kappaB complex (CellularComponent),CC BY 4.0,Gene Ontology,http://purl.obolibrary.org/obo/GO_0033256
GO:0045254,pyruvate dehydrogenase complex,pyruvate dehydrogenase complex (CellularComponent),CC BY 4.0,Gene Ontology,http://purl.obolibrary.org/obo/GO_0045254
GO:0000793,condensed chromosome,condensed chromosome (CellularComponent),CC BY 4.0,Gene Ontology,http://purl.obolibrary.org/obo/GO_0000793
GO:0031968,organelle outer membrane,organelle outer membrane (CellularComponent),CC BY 4.0,Gene Ontology,http://purl.obolibrary.org/obo/GO_0031968
GO:0031465,Cul4B-RING E3 ubiquitin ligase complex,Cul4B-RING E3 ubiquitin ligase complex (CellularComponent),CC BY 4.0,Gene Ontology,http://purl.obolibrary.org/obo/GO_0031465
GO:0005881,cytoplasmic microtubule,cytoplasmic microtubule (CellularComponent),CC BY 4.0,Gene Ontology,http://purl.obolibrary.org/obo/GO_0005881
GO:0005875,microtubule associated complex,microtubule associated complex (CellularComponent),CC BY 4.0,Gene Ontology,http://purl.obolibrary.org/obo/GO_0005875
GO:0016010,dystrophin-associated glycoprotein complex,dystrophin-associated glycoprotein complex (CellularComponent),CC BY 4.0,Gene Ontology,http://purl.obolibrary.org/obo/GO_0016010
GO:0048269,methionine adenosyltransferase complex,methionine adenosyltransferase complex (CellularComponent),CC BY 4.0,Gene Ontology,http://purl.obolibrary.org/obo/GO_0048269
GO:0005861,troponin complex,troponin complex (CellularComponent),CC BY 4.0,Gene Ontology,http://purl.obolibrary.org/obo/GO_0005861
GO:0060205,cytoplasmic membrane-bounded vesicle lumen,cytoplasmic membrane-bounded vesicle lumen (CellularComponent),CC BY 4.0,Gene Ontology,http://purl.obolibrary.org/obo/GO_0060205
GO:0048188,Set1C/COMPASS complex,Set1C/COMPASS complex (CellularComponent),CC BY 4.0,Gene Ontology,http://purl.obolibrary.org/obo/GO_0048188
GO:0030122,AP-2 adaptor complex,AP-2 adaptor complex (CellularComponent),CC BY 4.0,Gene Ontology,http://purl.obolibrary.org/obo/GO_0030122
GO:0090545,CHD-type complex,CHD-type complex (CellularComponent),CC BY 4.0,Gene Ontology,http://purl.obolibrary.org/obo/GO_0090545
GO:0030863,cortical cytoskeleton,cortical cytoskeleton (CellularComponent),CC BY 4.0,Gene Ontology,http://purl.obolibrary.org/obo/GO_0030863
GO:0030117,membrane coat,membrane coat (CellularComponent),CC BY 4.0,Gene Ontology,http://purl.obolibrary.org/obo/GO_0030117
GO:0070695,FHF complex,FHF complex (CellularComponent),CC BY 4.0,Gene Ontology,http://purl.obolibrary.org/obo/GO_0070695
GO:0097228,sperm principal piece,sperm principal piece (CellularComponent),CC BY 4.0,Gene Ontology,http://purl.obolibrary.org/obo/GO_0097228
GO:0017119,Golgi transport complex,Golgi transport complex (CellularComponent),CC BY 4.0,Gene Ontology,http://purl.obolibrary.org/obo/GO_0017119
GO:0030121,AP-1 adaptor complex,AP-1 adaptor complex (CellularComponent),CC BY 4.0,Gene Ontology,http://purl.obolibrary.org/obo/GO_0030121
GO:0098553,lumenal side of endoplasmic reticulum membrane,lumenal side of endoplasmic reticulum membrane (CellularComponent),CC BY 4.0,Gene Ontology,http://purl.obolibrary.org/obo/GO_0098553
GO:0000790,nuclear chromatin,nuclear chromatin (CellularComponent),CC BY 4.0,Gene Ontology,http://purl.obolibrary.org/obo/GO_0000790
GO:0070081,clathrin-sculpted monoamine transport vesicle,clathrin-sculpted monoamine transport vesicle (CellularComponent),CC BY 4.0,Gene Ontology,http://purl.obolibrary.org/obo/GO_0070081
GO:0071942,XPC complex,XPC complex (CellularComponent),CC BY 4.0,Gene Ontology,http://purl.obolibrary.org/obo/GO_0071942
GO:0014731,spectrin-associated cytoskeleton,spectrin-associated cytoskeleton (CellularComponent),CC BY 4.0,Gene Ontology,http://purl.obolibrary.org/obo/GO_0014731
GO:0014802,terminal cisterna,terminal cisterna (CellularComponent),CC BY 4.0,Gene Ontology,http://purl.obolibrary.org/obo/GO_0014802
GO:0035363,histone locus body,histone locus body (CellularComponent),CC BY 4.0,Gene Ontology,http://purl.obolibrary.org/obo/GO_0035363
GO:0000930,gamma-tubulin complex,gamma-tubulin complex (CellularComponent),CC BY 4.0,Gene Ontology,http://purl.obolibrary.org/obo/GO_0000930
GO:0031527,filopodium membrane,filopodium membrane (CellularComponent),CC BY 4.0,Gene Ontology,http://purl.obolibrary.org/obo/GO_0031527
GO:0048500,signal recognition particle,signal recognition particle (CellularComponent),CC BY 4.0,Gene Ontology,http://purl.obolibrary.org/obo/GO_0048500
GO:0016327,apicolateral plasma membrane,apicolateral plasma membrane (CellularComponent),CC BY 4.0,Gene Ontology,http://purl.obolibrary.org/obo/GO_0016327
GO:0000940,condensed chromosome outer kinetochore,condensed chromosome outer kinetochore (CellularComponent),CC BY 4.0,Gene Ontology,http://purl.obolibrary.org/obo/GO_0000940
GO:0034707,chloride channel complex,chloride channel complex (CellularComponent),CC BY 4.0,Gene Ontology,http://purl.obolibrary.org/obo/GO_0034707
GO:0000932,cytoplasmic mRNA processing body,cytoplasmic mRNA processing body (CellularComponent),CC BY 4.0,Gene Ontology,http://purl.obolibrary.org/obo/GO_0000932
GO:0031515,tRNA (m1A) methyltransferase complex,tRNA (m1A) methyltransferase complex (CellularComponent),CC BY 4.0,Gene Ontology,http://purl.obolibrary.org/obo/GO_0031515
GO:0030175,filopodium,filopodium (CellularComponent),CC BY 4.0,Gene Ontology,http://purl.obolibrary.org/obo/GO_0030175
GO:0005583,fibrillar collagen trimer,fibrillar collagen trimer (CellularComponent),CC BY 4.0,Gene Ontology,http://purl.obolibrary.org/obo/GO_0005583
GO:0031095,platelet dense tubular network membrane,platelet dense tubular network membrane (CellularComponent),CC BY 4.0,Gene Ontology,http://purl.obolibrary.org/obo/GO_0031095
GO:0005669,transcription factor TFIID complex,transcription factor TFIID complex (CellularComponent),CC BY 4.0,Gene Ontology,http://purl.obolibrary.org/obo/GO_0005669
GO:0099512,supramolecular fiber,supramolecular fiber (CellularComponent),CC BY 4.0,Gene Ontology,http://purl.obolibrary.org/obo/GO_0099512
GO:0097227,sperm annulus,sperm annulus (CellularComponent),CC BY 4.0,Gene Ontology,http://purl.obolibrary.org/obo/GO_0097227
GO:0098858,actin-based cell projection,actin-based cell projection (CellularComponent),CC BY 4.0,Gene Ontology,http://purl.obolibrary.org/obo/GO_0098858
GO:0033093,Weibel-Palade body,Weibel-Palade body (CellularComponent),CC BY 4.0,Gene Ontology,http://purl.obolibrary.org/obo/GO_0033093
GO:0034365,discoidal high-density lipoprotein particle,discoidal high-density lipoprotein particle (CellularComponent),CC BY 4.0,Gene Ontology,http://purl.obolibrary.org/obo/GO_0034365
GO:0005912,adherens junction,adherens junction (CellularComponent),CC BY 4.0,Gene Ontology,http://purl.obolibrary.org/obo/GO_0005912
GO:0070288,ferritin complex,ferritin complex (CellularComponent),CC BY 4.0,Gene Ontology,http://purl.obolibrary.org/obo/GO_0070288
GO:0072487,MSL complex,MSL complex (CellularComponent),CC BY 4.0,Gene Ontology,http://purl.obolibrary.org/obo/GO_0072487
GO:1990696,USH2 complex,USH2 complex (CellularComponent),CC BY 4.0,Gene Ontology,http://purl.obolibrary.org/obo/GO_1990696
GO:0016591,"DNA-directed RNA polymerase II, holoenzyme","DNA-directed RNA polymerase II, holoenzyme (CellularComponent)",CC BY 4.0,Gene Ontology,http://purl.obolibrary.org/obo/GO_0016591
GO:0016581,NuRD complex,NuRD complex (CellularComponent),CC BY 4.0,Gene Ontology,http://purl.obolibrary.org/obo/GO_0016581
GO:0030120,vesicle coat,vesicle coat (CellularComponent),CC BY 4.0,Gene Ontology,http://purl.obolibrary.org/obo/GO_0030120
GO:0097487,"multivesicular body, internal vesicle","multivesicular body, internal vesicle (CellularComponent)",CC BY 4.0,Gene Ontology,http://purl.obolibrary.org/obo/GO_0097487
GO:0097486,multivesicular body lumen,multivesicular body lumen (CellularComponent),CC BY 4.0,Gene Ontology,http://purl.obolibrary.org/obo/GO_0097486
GO:0033065,Rad51C-XRCC3 complex,Rad51C-XRCC3 complex (CellularComponent),CC BY 4.0,Gene Ontology,http://purl.obolibrary.org/obo/GO_0033065
GO:0005750,mitochondrial respiratory chain complex III,mitochondrial respiratory chain complex III (CellularComponent),CC BY 4.0,Gene Ontology,http://purl.obolibrary.org/obo/GO_0005750
GO:0030017,sarcomere,sarcomere (CellularComponent),CC BY 4.0,Gene Ontology,http://purl.obolibrary.org/obo/GO_0030017
GO:0005900,oncostatin-M receptor complex,oncostatin-M receptor complex (CellularComponent),CC BY 4.0,Gene Ontology,http://purl.obolibrary.org/obo/GO_0005900
GO:0030677,ribonuclease P complex,ribonuclease P complex (CellularComponent),CC BY 4.0,Gene Ontology,http://purl.obolibrary.org/obo/GO_0030677
GO:0033268,node of Ranvier,node of Ranvier (CellularComponent),CC BY 4.0,Gene Ontology,http://purl.obolibrary.org/obo/GO_0033268
GO:0000137,Golgi cis cisterna,Golgi cis cisterna (CellularComponent),CC BY 4.0,Gene Ontology,http://purl.obolibrary.org/obo/GO_0000137
GO:0048237,rough endoplasmic reticulum lumen,rough endoplasmic reticulum lumen (CellularComponent),CC BY 4.0,Gene Ontology,http://purl.obolibrary.org/obo/GO_0048237
GO:0030659,cytoplasmic vesicle membrane,cytoplasmic vesicle membrane (CellularComponent),CC BY 4.0,Gene Ontology,http://purl.obolibrary.org/obo/GO_0030659
GO:0031467,Cul7-RING ubiquitin ligase complex,Cul7-RING ubiquitin ligase complex (CellularComponent),CC BY 4.0,Gene Ontology,http://purl.obolibrary.org/obo/GO_0031467
GO:0000164,protein phosphatase type 1 complex,protein phosphatase type 1 complex (CellularComponent),CC BY 4.0,Gene Ontology,http://purl.obolibrary.org/obo/GO_0000164
GO:0097362,MCM8-MCM9 complex,MCM8-MCM9 complex (CellularComponent),CC BY 4.0,Gene Ontology,http://purl.obolibrary.org/obo/GO_0097362
GO:0070876,SOSS complex,SOSS complex (CellularComponent),CC BY 4.0,Gene Ontology,http://purl.obolibrary.org/obo/GO_0070876
GO:0044307,dendritic branch,dendritic branch (CellularComponent),CC BY 4.0,Gene Ontology,http://purl.obolibrary.org/obo/GO_0044307
GO:0030130,clathrin coat of trans-Golgi network vesicle,clathrin coat of trans-Golgi network vesicle (CellularComponent),CC BY 4.0,Gene Ontology,http://purl.obolibrary.org/obo/GO_0030130
GO:0032994,protein-lipid complex,protein-lipid complex (CellularComponent),CC BY 4.0,Gene Ontology,http://purl.obolibrary.org/obo/GO_0032994
GO:0030893,meiotic cohesin complex,meiotic cohesin complex (CellularComponent),CC BY 4.0,Gene Ontology,http://purl.obolibrary.org/obo/GO_0030893
GO:0032783,ELL-EAF complex,ELL-EAF complex (CellularComponent),CC BY 4.0,Gene Ontology,http://purl.obolibrary.org/obo/GO_0032783
GO:0012506,vesicle membrane,vesicle membrane (CellularComponent),CC BY 4.0,Gene Ontology,http://purl.obolibrary.org/obo/GO_0012506
GO:0034385,triglyceride-rich lipoprotein particle,triglyceride-rich lipoprotein particle (CellularComponent),CC BY 4.0,Gene Ontology,http://purl.obolibrary.org/obo/GO_0034385
GO:0071256,translocon complex,translocon complex (CellularComponent),CC BY 4.0,Gene Ontology,http://purl.obolibrary.org/obo/GO_0071256
GO:0043259,laminin-10 complex,laminin-10 complex (CellularComponent),CC BY 4.0,Gene Ontology,http://purl.obolibrary.org/obo/GO_0043259
GO:0030018,Z disc,Z disc (CellularComponent),CC BY 4.0,Gene Ontology,http://purl.obolibrary.org/obo/GO_0030018
GO:0005901,caveola,caveola (CellularComponent),CC BY 4.0,Gene Ontology,http://purl.obolibrary.org/obo/GO_0005901
GO:0034364,high-density lipoprotein particle,high-density lipoprotein particle (CellularComponent),CC BY 4.0,Gene Ontology,http://purl.obolibrary.org/obo/GO_0034364
GO:0044615,nuclear pore nuclear basket,nuclear pore nuclear basket (CellularComponent),CC BY 4.0,Gene Ontology,http://purl.obolibrary.org/obo/GO_0044615
GO:0016459,myosin complex,myosin complex (CellularComponent),CC BY 4.0,Gene Ontology,http://purl.obolibrary.org/obo/GO_0016459
GO:0070083,clathrin-sculpted monoamine transport vesicle membrane,clathrin-sculpted monoamine transport vesicle membrane (CellularComponent),CC BY 4.0,Gene Ontology,http://purl.obolibrary.org/obo/GO_0070083
GO:0005744,mitochondrial inner membrane presequence translocase complex,mitochondrial inner membrane presequence translocase complex (CellularComponent),CC BY 4.0,Gene Ontology,http://purl.obolibrary.org/obo/GO_0005744
GO:0097025,MPP7-DLG1-LIN7 complex,MPP7-DLG1-LIN7 complex (CellularComponent),CC BY 4.0,Gene Ontology,http://purl.obolibrary.org/obo/GO_0097025
GO:0045335,phagocytic vesicle,phagocytic vesicle (CellularComponent),CC BY 4.0,Gene Ontology,http://purl.obolibrary.org/obo/GO_0045335
GO:0035749,myelin sheath adaxonal region,myelin sheath adaxonal region (CellularComponent),CC BY 4.0,Gene Ontology,http://purl.obolibrary.org/obo/GO_0035749
GO:0005618,cell wall,cell wall (CellularComponent),CC BY 4.0,Gene Ontology,http://purl.obolibrary.org/obo/GO_0005618
GO:0005639,integral component of nuclear inner membrane,integral component of nuclear inner membrane (CellularComponent),CC BY 4.0,Gene Ontology,http://purl.obolibrary.org/obo/GO_0005639
GO:0008623,CHRAC,CHRAC (CellularComponent),CC BY 4.0,Gene Ontology,http://purl.obolibrary.org/obo/GO_0008623
GO:0016939,kinesin II complex,kinesin II complex (CellularComponent),CC BY 4.0,Gene Ontology,http://purl.obolibrary.org/obo/GO_0016939
GO:0030667,secretory granule membrane,secretory granule membrane (CellularComponent),CC BY 4.0,Gene Ontology,http://purl.obolibrary.org/obo/GO_0030667
GO:0000151,ubiquitin ligase complex,ubiquitin ligase complex (CellularComponent),CC BY 4.0,Gene Ontology,http://purl.obolibrary.org/obo/GO_0000151
GO:0005853,eukaryotic translation elongation factor 1 complex,eukaryotic translation elongation factor 1 complex (CellularComponent),CC BY 4.0,Gene Ontology,http://purl.obolibrary.org/obo/GO_0005853
GO:0046581,intercellular canaliculus,intercellular canaliculus (CellularComponent),CC BY 4.0,Gene Ontology,http://purl.obolibrary.org/obo/GO_0046581
GO:0000781,"chromosome, telomeric region","chromosome, telomeric region (CellularComponent)",CC BY 4.0,Gene Ontology,http://purl.obolibrary.org/obo/GO_0000781
GO:0043541,UDP-N-acetylglucosamine transferase complex,UDP-N-acetylglucosamine transferase complex (CellularComponent),CC BY 4.0,Gene Ontology,http://purl.obolibrary.org/obo/GO_0043541
GO:0097543,ciliary inversin compartment,ciliary inversin compartment (CellularComponent),CC BY 4.0,Gene Ontology,http://purl.obolibrary.org/obo/GO_0097543
GO:0005749,"mitochondrial respiratory chain complex II, succinate dehydrogenase complex (ubiquinone)","mitochondrial respiratory chain complex II, succinate dehydrogenase complex (ubiquinone) (CellularComponent)",CC BY 4.0,Gene Ontology,http://purl.obolibrary.org/obo/GO_0005749
GO:0031093,platelet alpha granule lumen,platelet alpha granule lumen (CellularComponent),CC BY 4.0,Gene Ontology,http://purl.obolibrary.org/obo/GO_0031093
GO:0090568,nuclear transcriptional repressor complex,nuclear transcriptional repressor complex (CellularComponent),CC BY 4.0,Gene Ontology,http://purl.obolibrary.org/obo/GO_0090568
GO:0070743,interleukin-23 complex,interleukin-23 complex (CellularComponent),CC BY 4.0,Gene Ontology,http://purl.obolibrary.org/obo/GO_0070743
GO:0032590,dendrite membrane,dendrite membrane (CellularComponent),CC BY 4.0,Gene Ontology,http://purl.obolibrary.org/obo/GO_0032590
GO:0032798,Swi5-Sfr1 complex,Swi5-Sfr1 complex (CellularComponent),CC BY 4.0,Gene Ontology,http://purl.obolibrary.org/obo/GO_0032798
GO:0031235,intrinsic component of the cytoplasmic side of the plasma membrane,intrinsic component of the cytoplasmic side of the plasma membrane (CellularComponent),CC BY 4.0,Gene Ontology,http://purl.obolibrary.org/obo/GO_0031235
GO:0005787,signal peptidase complex,signal peptidase complex (CellularComponent),CC BY 4.0,Gene Ontology,http://purl.obolibrary.org/obo/GO_0005787
GO:0030681,multimeric ribonuclease P complex,multimeric ribonuclease P complex (CellularComponent),CC BY 4.0,Gene Ontology,http://purl.obolibrary.org/obo/GO_0030681
GO:0031201,SNARE complex,SNARE complex (CellularComponent),CC BY 4.0,Gene Ontology,http://purl.obolibrary.org/obo/GO_0031201
GO:0045293,mRNA editing complex,mRNA editing complex (CellularComponent),CC BY 4.0,Gene Ontology,http://purl.obolibrary.org/obo/GO_0045293
GO:0097629,extrinsic component of omegasome membrane,extrinsic component of omegasome membrane (CellularComponent),CC BY 4.0,Gene Ontology,http://purl.obolibrary.org/obo/GO_0097629
GO:0033150,cytoskeletal calyx,cytoskeletal calyx (CellularComponent),CC BY 4.0,Gene Ontology,http://purl.obolibrary.org/obo/GO_0033150
GO:0070033,synaptobrevin 2-SNAP-25-syntaxin-1a-complexin II complex,synaptobrevin 2-SNAP-25-syntaxin-1a-complexin II complex (CellularComponent),CC BY 4.0,Gene Ontology,http://purl.obolibrary.org/obo/GO_0070033
GO:1990131,Gtr1-Gtr2 GTPase complex,Gtr1-Gtr2 GTPase complex (CellularComponent),CC BY 4.0,Gene Ontology,http://purl.obolibrary.org/obo/GO_1990131
GO:0010369,chromocenter,chromocenter (CellularComponent),CC BY 4.0,Gene Ontology,http://purl.obolibrary.org/obo/GO_0010369
GO:0005944,"phosphatidylinositol 3-kinase complex, class IB","phosphatidylinositol 3-kinase complex, class IB (CellularComponent)",CC BY 4.0,Gene Ontology,http://purl.obolibrary.org/obo/GO_0005944
GO:0034274,Atg12-Atg5-Atg16 complex,Atg12-Atg5-Atg16 complex (CellularComponent),CC BY 4.0,Gene Ontology,http://purl.obolibrary.org/obo/GO_0034274
GO:0031088,platelet dense granule membrane,platelet dense granule membrane (CellularComponent),CC BY 4.0,Gene Ontology,http://purl.obolibrary.org/obo/GO_0031088
GO:0031362,anchored component of external side of plasma membrane,anchored component of external side of plasma membrane (CellularComponent),CC BY 4.0,Gene Ontology,http://purl.obolibrary.org/obo/GO_0031362
GO:0005765,lysosomal membrane,lysosomal membrane (CellularComponent),CC BY 4.0,Gene Ontology,http://purl.obolibrary.org/obo/GO_0005765
GO:0032045,guanyl-nucleotide exchange factor complex,guanyl-nucleotide exchange factor complex (CellularComponent),CC BY 4.0,Gene Ontology,http://purl.obolibrary.org/obo/GO_0032045
GO:0035102,PRC1 complex,PRC1 complex (CellularComponent),CC BY 4.0,Gene Ontology,http://purl.obolibrary.org/obo/GO_0035102
GO:0005967,mitochondrial pyruvate dehydrogenase complex,mitochondrial pyruvate dehydrogenase complex (CellularComponent),CC BY 4.0,Gene Ontology,http://purl.obolibrary.org/obo/GO_0005967
GO:0030057,desmosome,desmosome (CellularComponent),CC BY 4.0,Gene Ontology,http://purl.obolibrary.org/obo/GO_0030057
GO:0071818,BAT3 complex,BAT3 complex (CellularComponent),CC BY 4.0,Gene Ontology,http://purl.obolibrary.org/obo/GO_0071818
GO:0043601,nuclear replisome,nuclear replisome (CellularComponent),CC BY 4.0,Gene Ontology,http://purl.obolibrary.org/obo/GO_0043601
GO:0030285,integral component of synaptic vesicle membrane,integral component of synaptic vesicle membrane (CellularComponent),CC BY 4.0,Gene Ontology,http://purl.obolibrary.org/obo/GO_0030285
GO:0055029,nuclear DNA-directed RNA polymerase complex,nuclear DNA-directed RNA polymerase complex (CellularComponent),CC BY 4.0,Gene Ontology,http://purl.obolibrary.org/obo/GO_0055029
GO:0030430,host cell cytoplasm,host cell cytoplasm (CellularComponent),CC BY 4.0,Gene Ontology,http://purl.obolibrary.org/obo/GO_0030430
GO:0098574,cytoplasmic side of lysosomal membrane,cytoplasmic side of lysosomal membrane (CellularComponent),CC BY 4.0,Gene Ontology,http://purl.obolibrary.org/obo/GO_0098574
GO:0005677,chromatin silencing complex,chromatin silencing complex (CellularComponent),CC BY 4.0,Gene Ontology,http://purl.obolibrary.org/obo/GO_0005677
GO:0031838,haptoglobin-hemoglobin complex,haptoglobin-hemoglobin complex (CellularComponent),CC BY 4.0,Gene Ontology,http://purl.obolibrary.org/obo/GO_0031838
GO:0033186,CAF-1 complex,CAF-1 complex (CellularComponent),CC BY 4.0,Gene Ontology,http://purl.obolibrary.org/obo/GO_0033186
GO:0098642,network-forming collagen trimer,network-forming collagen trimer (CellularComponent),CC BY 4.0,Gene Ontology,http://purl.obolibrary.org/obo/GO_0098642
GO:0030137,COPI-coated vesicle,COPI-coated vesicle (CellularComponent),CC BY 4.0,Gene Ontology,http://purl.obolibrary.org/obo/GO_0030137
GO:0043296,apical junction complex,apical junction complex (CellularComponent),CC BY 4.0,Gene Ontology,http://purl.obolibrary.org/obo/GO_0043296
GO:0033185,dolichol-phosphate-mannose synthase complex,dolichol-phosphate-mannose synthase complex (CellularComponent),CC BY 4.0,Gene Ontology,http://purl.obolibrary.org/obo/GO_0033185
GO:0019908,nuclear cyclin-dependent protein kinase holoenzyme complex,nuclear cyclin-dependent protein kinase holoenzyme complex (CellularComponent),CC BY 4.0,Gene Ontology,http://purl.obolibrary.org/obo/GO_0019908
GO:0002193,MAML1-RBP-Jkappa- ICN1 complex,MAML1-RBP-Jkappa- ICN1 complex (CellularComponent),CC BY 4.0,Gene Ontology,http://purl.obolibrary.org/obo/GO_0002193
GO:0005747,mitochondrial respiratory chain complex I,mitochondrial respiratory chain complex I (CellularComponent),CC BY 4.0,Gene Ontology,http://purl.obolibrary.org/obo/GO_0005747
GO:1990712,HFE-transferrin receptor complex,HFE-transferrin receptor complex (CellularComponent),CC BY 4.0,Gene Ontology,http://purl.obolibrary.org/obo/GO_1990712
GO:0045177,apical part of cell,apical part of cell (CellularComponent),CC BY 4.0,Gene Ontology,http://purl.obolibrary.org/obo/GO_0045177
GO:0001931,uropod,uropod (CellularComponent),CC BY 4.0,Gene Ontology,http://purl.obolibrary.org/obo/GO_0001931
GO:0034687,integrin alphaL-beta2 complex,integrin alphaL-beta2 complex (CellularComponent),CC BY 4.0,Gene Ontology,http://purl.obolibrary.org/obo/GO_0034687
GO:0031616,spindle pole centrosome,spindle pole centrosome (CellularComponent),CC BY 4.0,Gene Ontology,http://purl.obolibrary.org/obo/GO_0031616
GO:0044530,supraspliceosomal complex,supraspliceosomal complex (CellularComponent),CC BY 4.0,Gene Ontology,http://purl.obolibrary.org/obo/GO_0044530
GO:0005938,cell cortex,cell cortex (CellularComponent),CC BY 4.0,Gene Ontology,http://purl.obolibrary.org/obo/GO_0005938
GO:0030485,smooth muscle contractile fiber,smooth muscle contractile fiber (CellularComponent),CC BY 4.0,Gene Ontology,http://purl.obolibrary.org/obo/GO_0030485
GO:0034518,RNA cap binding complex,RNA cap binding complex (CellularComponent),CC BY 4.0,Gene Ontology,http://purl.obolibrary.org/obo/GO_0034518
GO:0071565,nBAF complex,nBAF complex (CellularComponent),CC BY 4.0,Gene Ontology,http://purl.obolibrary.org/obo/GO_0071565
GO:0000808,origin recognition complex,origin recognition complex (CellularComponent),CC BY 4.0,Gene Ontology,http://purl.obolibrary.org/obo/GO_0000808
GO:0034272,"phosphatidylinositol 3-kinase complex, class III, type II","phosphatidylinositol 3-kinase complex, class III, type II (CellularComponent)",CC BY 4.0,Gene Ontology,http://purl.obolibrary.org/obo/GO_0034272
GO:0031253,cell projection membrane,cell projection membrane (CellularComponent),CC BY 4.0,Gene Ontology,http://purl.obolibrary.org/obo/GO_0031253
GO:0005712,chiasma,chiasma (CellularComponent),CC BY 4.0,Gene Ontology,http://purl.obolibrary.org/obo/GO_0005712
GO:0008622,epsilon DNA polymerase complex,epsilon DNA polymerase complex (CellularComponent),CC BY 4.0,Gene Ontology,http://purl.obolibrary.org/obo/GO_0008622
GO:0070652,HAUS complex,HAUS complex (CellularComponent),CC BY 4.0,Gene Ontology,http://purl.obolibrary.org/obo/GO_0070652
GO:0033276,transcription factor TFTC complex,transcription factor TFTC complex (CellularComponent),CC BY 4.0,Gene Ontology,http://purl.obolibrary.org/obo/GO_0033276
GO:0036449,microtubule minus-end,microtubule minus-end (CellularComponent),CC BY 4.0,Gene Ontology,http://purl.obolibrary.org/obo/GO_0036449
GO:1990777,lipoprotein particle,lipoprotein particle (CellularComponent),CC BY 4.0,Gene Ontology,http://purl.obolibrary.org/obo/GO_1990777
GO:0060187,cell pole,cell pole (CellularComponent),CC BY 4.0,Gene Ontology,http://purl.obolibrary.org/obo/GO_0060187
GO:0005773,vacuole,vacuole (CellularComponent),CC BY 4.0,Gene Ontology,http://purl.obolibrary.org/obo/GO_0005773
GO:0005921,gap junction,gap junction (CellularComponent),CC BY 4.0,Gene Ontology,http://purl.obolibrary.org/obo/GO_0005921
GO:0042720,mitochondrial inner membrane peptidase complex,mitochondrial inner membrane peptidase complex (CellularComponent),CC BY 4.0,Gene Ontology,http://purl.obolibrary.org/obo/GO_0042720
GO:0000307,cyclin-dependent protein kinase holoenzyme complex,cyclin-dependent protein kinase holoenzyme complex (CellularComponent),CC BY 4.0,Gene Ontology,http://purl.obolibrary.org/obo/GO_0000307
GO:0042585,germinal vesicle,germinal vesicle (CellularComponent),CC BY 4.0,Gene Ontology,http://purl.obolibrary.org/obo/GO_0042585
GO:0031523,Myb complex,Myb complex (CellularComponent),CC BY 4.0,Gene Ontology,http://purl.obolibrary.org/obo/GO_0031523
GO:0030905,"retromer, tubulation complex","retromer, tubulation complex (CellularComponent)",CC BY 4.0,Gene Ontology,http://purl.obolibrary.org/obo/GO_0030905
GO:0008021,synaptic vesicle,synaptic vesicle (CellularComponent),CC BY 4.0,Gene Ontology,http://purl.obolibrary.org/obo/GO_0008021
GO:0070578,RISC-loading complex,RISC-loading complex (CellularComponent),CC BY 4.0,Gene Ontology,http://purl.obolibrary.org/obo/GO_0070578
GO:1990851,Wnt-Frizzled-LRP5/6 complex,Wnt-Frizzled-LRP5/6 complex (CellularComponent),CC BY 4.0,Gene Ontology,http://purl.obolibrary.org/obo/GO_1990851
GO:0036126,sperm flagellum,sperm flagellum (CellularComponent),CC BY 4.0,Gene Ontology,http://purl.obolibrary.org/obo/GO_0036126
GO:0008287,protein serine/threonine phosphatase complex,protein serine/threonine phosphatase complex (CellularComponent),CC BY 4.0,Gene Ontology,http://purl.obolibrary.org/obo/GO_0008287
GO:0031251,PAN complex,PAN complex (CellularComponent),CC BY 4.0,Gene Ontology,http://purl.obolibrary.org/obo/GO_0031251
GO:0031371,ubiquitin conjugating enzyme complex,ubiquitin conjugating enzyme complex (CellularComponent),CC BY 4.0,Gene Ontology,http://purl.obolibrary.org/obo/GO_0031371
GO:0042272,nuclear RNA export factor complex,nuclear RNA export factor complex (CellularComponent),CC BY 4.0,Gene Ontology,http://purl.obolibrary.org/obo/GO_0042272
GO:0005640,nuclear outer membrane,nuclear outer membrane (CellularComponent),CC BY 4.0,Gene Ontology,http://purl.obolibrary.org/obo/GO_0005640
GO:0034665,integrin alpha1-beta1 complex,integrin alpha1-beta1 complex (CellularComponent),CC BY 4.0,Gene Ontology,http://purl.obolibrary.org/obo/GO_0034665
GO:0034750,Scrib-APC-beta-catenin complex,Scrib-APC-beta-catenin complex (CellularComponent),CC BY 4.0,Gene Ontology,http://purl.obolibrary.org/obo/GO_0034750
GO:0060170,ciliary membrane,ciliary membrane (CellularComponent),CC BY 4.0,Gene Ontology,http://purl.obolibrary.org/obo/GO_0060170
GO:0030915,Smc5-Smc6 complex,Smc5-Smc6 complex (CellularComponent),CC BY 4.0,Gene Ontology,http://purl.obolibrary.org/obo/GO_0030915
GO:0005832,chaperonin-containing T-complex,chaperonin-containing T-complex (CellularComponent),CC BY 4.0,Gene Ontology,http://purl.obolibrary.org/obo/GO_0005832
GO:0097513,myosin II filament,myosin II filament (CellularComponent),CC BY 4.0,Gene Ontology,http://purl.obolibrary.org/obo/GO_0097513
GO:0000407,pre-autophagosomal structure,pre-autophagosomal structure (CellularComponent),CC BY 4.0,Gene Ontology,http://purl.obolibrary.org/obo/GO_0000407
GO:0036501,UFD1-NPL4 complex,UFD1-NPL4 complex (CellularComponent),CC BY 4.0,Gene Ontology,http://purl.obolibrary.org/obo/GO_0036501
GO:0001650,fibrillar center,fibrillar center (CellularComponent),CC BY 4.0,Gene Ontology,http://purl.obolibrary.org/obo/GO_0001650
GO:0005785,signal recognition particle receptor complex,signal recognition particle receptor complex (CellularComponent),CC BY 4.0,Gene Ontology,http://purl.obolibrary.org/obo/GO_0005785
GO:0098576,lumenal side of membrane,lumenal side of membrane (CellularComponent),CC BY 4.0,Gene Ontology,http://purl.obolibrary.org/obo/GO_0098576
GO:0009295,nucleoid,nucleoid (CellularComponent),CC BY 4.0,Gene Ontology,http://purl.obolibrary.org/obo/GO_0009295
GO:0070821,tertiary granule membrane,tertiary granule membrane (CellularComponent),CC BY 4.0,Gene Ontology,http://purl.obolibrary.org/obo/GO_0070821
GO:0036194,muscle cell projection,muscle cell projection (CellularComponent),CC BY 4.0,Gene Ontology,http://purl.obolibrary.org/obo/GO_0036194
GO:0005584,collagen type I trimer,collagen type I trimer (CellularComponent),CC BY 4.0,Gene Ontology,http://purl.obolibrary.org/obo/GO_0005584
GO:0071008,U2-type post-mRNA release spliceosomal complex,U2-type post-mRNA release spliceosomal complex (CellularComponent),CC BY 4.0,Gene Ontology,http://purl.obolibrary.org/obo/GO_0071008
GO:0005833,hemoglobin complex,hemoglobin complex (CellularComponent),CC BY 4.0,Gene Ontology,http://purl.obolibrary.org/obo/GO_0005833
GO:0071001,U4/U6 snRNP,U4/U6 snRNP (CellularComponent),CC BY 4.0,Gene Ontology,http://purl.obolibrary.org/obo/GO_0071001
GO:0005927,muscle tendon junction,muscle tendon junction (CellularComponent),CC BY 4.0,Gene Ontology,http://purl.obolibrary.org/obo/GO_0005927
GO:0043679,axon terminus,axon terminus (CellularComponent),CC BY 4.0,Gene Ontology,http://purl.obolibrary.org/obo/GO_0043679
GO:0000109,nucleotide-excision repair complex,nucleotide-excision repair complex (CellularComponent),CC BY 4.0,Gene Ontology,http://purl.obolibrary.org/obo/GO_0000109
GO:0030119,AP-type membrane coat adaptor complex,AP-type membrane coat adaptor complex (CellularComponent),CC BY 4.0,Gene Ontology,http://purl.obolibrary.org/obo/GO_0030119
GO:0035339,SPOTS complex,SPOTS complex (CellularComponent),CC BY 4.0,Gene Ontology,http://purl.obolibrary.org/obo/GO_0035339
GO:0035770,ribonucleoprotein granule,ribonucleoprotein granule (CellularComponent),CC BY 4.0,Gene Ontology,http://purl.obolibrary.org/obo/GO_0035770
GO:0031907,microbody lumen,microbody lumen (CellularComponent),CC BY 4.0,Gene Ontology,http://purl.obolibrary.org/obo/GO_0031907
GO:0005655,nucleolar ribonuclease P complex,nucleolar ribonuclease P complex (CellularComponent),CC BY 4.0,Gene Ontology,http://purl.obolibrary.org/obo/GO_0005655
GO:0031231,intrinsic component of peroxisomal membrane,intrinsic component of peroxisomal membrane (CellularComponent),CC BY 4.0,Gene Ontology,http://purl.obolibrary.org/obo/GO_0031231
GO:0016323,basolateral plasma membrane,basolateral plasma membrane (CellularComponent),CC BY 4.0,Gene Ontology,http://purl.obolibrary.org/obo/GO_0016323
GO:0061200,clathrin-sculpted gamma-aminobutyric acid transport vesicle,clathrin-sculpted gamma-aminobutyric acid transport vesicle (CellularComponent),CC BY 4.0,Gene Ontology,http://purl.obolibrary.org/obo/GO_0061200
GO:0000421,autophagosome membrane,autophagosome membrane (CellularComponent),CC BY 4.0,Gene Ontology,http://purl.obolibrary.org/obo/GO_0000421
GO:0002199,zona pellucida receptor complex,zona pellucida receptor complex (CellularComponent),CC BY 4.0,Gene Ontology,http://purl.obolibrary.org/obo/GO_0002199
GO:0034456,UTP-C complex,UTP-C complex (CellularComponent),CC BY 4.0,Gene Ontology,http://purl.obolibrary.org/obo/GO_0034456
GO:0044853,plasma membrane raft,plasma membrane raft (CellularComponent),CC BY 4.0,Gene Ontology,http://purl.obolibrary.org/obo/GO_0044853
GO:0001772,immunological synapse,immunological synapse (CellularComponent),CC BY 4.0,Gene Ontology,http://purl.obolibrary.org/obo/GO_0001772
GO:0005680,anaphase-promoting complex,anaphase-promoting complex (CellularComponent),CC BY 4.0,Gene Ontology,http://purl.obolibrary.org/obo/GO_0005680
GO:0034704,calcium channel complex,calcium channel complex (CellularComponent),CC BY 4.0,Gene Ontology,http://purl.obolibrary.org/obo/GO_0034704
GO:0002133,polycystin complex,polycystin complex (CellularComponent),CC BY 4.0,Gene Ontology,http://purl.obolibrary.org/obo/GO_0002133
GO:0016600,flotillin complex,flotillin complex (CellularComponent),CC BY 4.0,Gene Ontology,http://purl.obolibrary.org/obo/GO_0016600
GO:0005916,fascia adherens,fascia adherens (CellularComponent),CC BY 4.0,Gene Ontology,http://purl.obolibrary.org/obo/GO_0005916
GO:0016013,syntrophin complex,syntrophin complex (CellularComponent),CC BY 4.0,Gene Ontology,http://purl.obolibrary.org/obo/GO_0016013
GO:0016328,lateral plasma membrane,lateral plasma membrane (CellularComponent),CC BY 4.0,Gene Ontology,http://purl.obolibrary.org/obo/GO_0016328
GO:0000931,gamma-tubulin large complex,gamma-tubulin large complex (CellularComponent),CC BY 4.0,Gene Ontology,http://purl.obolibrary.org/obo/GO_0000931
GO:0000139,Golgi membrane,Golgi membrane (CellularComponent),CC BY 4.0,Gene Ontology,http://purl.obolibrary.org/obo/GO_0000139
GO:0032302,MutSbeta complex,MutSbeta complex (CellularComponent),CC BY 4.0,Gene Ontology,http://purl.obolibrary.org/obo/GO_0032302
GO:0097648,G-protein coupled receptor complex,G-protein coupled receptor complex (CellularComponent),CC BY 4.0,Gene Ontology,http://purl.obolibrary.org/obo/GO_0097648
GO:0036195,muscle cell projection membrane,muscle cell projection membrane (CellularComponent),CC BY 4.0,Gene Ontology,http://purl.obolibrary.org/obo/GO_0036195
GO:0097224,sperm connecting piece,sperm connecting piece (CellularComponent),CC BY 4.0,Gene Ontology,http://purl.obolibrary.org/obo/GO_0097224
GO:0043235,receptor complex,receptor complex (CellularComponent),CC BY 4.0,Gene Ontology,http://purl.obolibrary.org/obo/GO_0043235
GO:0005732,small nucleolar ribonucleoprotein complex,small nucleolar ribonucleoprotein complex (CellularComponent),CC BY 4.0,Gene Ontology,http://purl.obolibrary.org/obo/GO_0005732
GO:0032998,Fc-epsilon receptor I complex,Fc-epsilon receptor I complex (CellularComponent),CC BY 4.0,Gene Ontology,http://purl.obolibrary.org/obo/GO_0032998
GO:0032300,mismatch repair complex,mismatch repair complex (CellularComponent),CC BY 4.0,Gene Ontology,http://purl.obolibrary.org/obo/GO_0032300
GO:0034663,endoplasmic reticulum chaperone complex,endoplasmic reticulum chaperone complex (CellularComponent),CC BY 4.0,Gene Ontology,http://purl.obolibrary.org/obo/GO_0034663
GO:0097546,ciliary base,ciliary base (CellularComponent),CC BY 4.0,Gene Ontology,http://purl.obolibrary.org/obo/GO_0097546
GO:0030892,mitotic cohesin complex,mitotic cohesin complex (CellularComponent),CC BY 4.0,Gene Ontology,http://purl.obolibrary.org/obo/GO_0030892
GO:0005789,endoplasmic reticulum membrane,endoplasmic reticulum membrane (CellularComponent),CC BY 4.0,Gene Ontology,http://purl.obolibrary.org/obo/GO_0005789
GO:0036117,hyaluranon cable,hyaluranon cable (CellularComponent),CC BY 4.0,Gene Ontology,http://purl.obolibrary.org/obo/GO_0036117
GO:0031436,BRCA1-BARD1 complex,BRCA1-BARD1 complex (CellularComponent),CC BY 4.0,Gene Ontology,http://purl.obolibrary.org/obo/GO_0031436
GO:0070160,occluding junction,occluding junction (CellularComponent),CC BY 4.0,Gene Ontology,http://purl.obolibrary.org/obo/GO_0070160
GO:0031105,septin complex,septin complex (CellularComponent),CC BY 4.0,Gene Ontology,http://purl.obolibrary.org/obo/GO_0031105
GO:0031901,early endosome membrane,early endosome membrane (CellularComponent),CC BY 4.0,Gene Ontology,http://purl.obolibrary.org/obo/GO_0031901
GO:0031304,intrinsic component of mitochondrial inner membrane,intrinsic component of mitochondrial inner membrane (CellularComponent),CC BY 4.0,Gene Ontology,http://purl.obolibrary.org/obo/GO_0031304
GO:0016528,sarcoplasm,sarcoplasm (CellularComponent),CC BY 4.0,Gene Ontology,http://purl.obolibrary.org/obo/GO_0016528
GO:0034362,low-density lipoprotein particle,low-density lipoprotein particle (CellularComponent),CC BY 4.0,Gene Ontology,http://purl.obolibrary.org/obo/GO_0034362
GO:0042583,chromaffin granule,chromaffin granule (CellularComponent),CC BY 4.0,Gene Ontology,http://purl.obolibrary.org/obo/GO_0042583
GO:0035517,PR-DUB complex,PR-DUB complex (CellularComponent),CC BY 4.0,Gene Ontology,http://purl.obolibrary.org/obo/GO_0035517
GO:0036057,slit diaphragm,slit diaphragm (CellularComponent),CC BY 4.0,Gene Ontology,http://purl.obolibrary.org/obo/GO_0036057
GO:0030665,clathrin-coated vesicle membrane,clathrin-coated vesicle membrane (CellularComponent),CC BY 4.0,Gene Ontology,http://purl.obolibrary.org/obo/GO_0030665
GO:1990682,CSF1-CSF1R complex,CSF1-CSF1R complex (CellularComponent),CC BY 4.0,Gene Ontology,http://purl.obolibrary.org/obo/GO_1990682
GO:0030529,intracellular ribonucleoprotein complex,intracellular ribonucleoprotein complex (CellularComponent),CC BY 4.0,Gene Ontology,http://purl.obolibrary.org/obo/GO_0030529
GO:0070449,elongin complex,elongin complex (CellularComponent),CC BY 4.0,Gene Ontology,http://purl.obolibrary.org/obo/GO_0070449
GO:0031312,extrinsic component of organelle membrane,extrinsic component of organelle membrane (CellularComponent),CC BY 4.0,Gene Ontology,http://purl.obolibrary.org/obo/GO_0031312
GO:1990130,Iml1 complex,Iml1 complex (CellularComponent),CC BY 4.0,Gene Ontology,http://purl.obolibrary.org/obo/GO_1990130
GO:0010009,cytoplasmic side of endosome membrane,cytoplasmic side of endosome membrane (CellularComponent),CC BY 4.0,Gene Ontology,http://purl.obolibrary.org/obo/GO_0010009
GO:0097539,ciliary transition fiber,ciliary transition fiber (CellularComponent),CC BY 4.0,Gene Ontology,http://purl.obolibrary.org/obo/GO_0097539
GO:0000306,extrinsic component of vacuolar membrane,extrinsic component of vacuolar membrane (CellularComponent),CC BY 4.0,Gene Ontology,http://purl.obolibrary.org/obo/GO_0000306
GO:0005851,eukaryotic translation initiation factor 2B complex,eukaryotic translation initiation factor 2B complex (CellularComponent),CC BY 4.0,Gene Ontology,http://purl.obolibrary.org/obo/GO_0005851
GO:0044393,microspike,microspike (CellularComponent),CC BY 4.0,Gene Ontology,http://purl.obolibrary.org/obo/GO_0044393
GO:0044295,axonal growth cone,axonal growth cone (CellularComponent),CC BY 4.0,Gene Ontology,http://purl.obolibrary.org/obo/GO_0044295
GO:0032009,early phagosome,early phagosome (CellularComponent),CC BY 4.0,Gene Ontology,http://purl.obolibrary.org/obo/GO_0032009
GO:0016272,prefoldin complex,prefoldin complex (CellularComponent),CC BY 4.0,Gene Ontology,http://purl.obolibrary.org/obo/GO_0016272
GO:0098796,membrane protein complex,membrane protein complex (CellularComponent),CC BY 4.0,Gene Ontology,http://purl.obolibrary.org/obo/GO_0098796
GO:0005862,muscle thin filament tropomyosin,muscle thin filament tropomyosin (CellularComponent),CC BY 4.0,Gene Ontology,http://purl.obolibrary.org/obo/GO_0005862
GO:0000801,central element,central element (CellularComponent),CC BY 4.0,Gene Ontology,http://purl.obolibrary.org/obo/GO_0000801
GO:1990077,primosome complex,primosome complex (CellularComponent),CC BY 4.0,Gene Ontology,http://purl.obolibrary.org/obo/GO_1990077
GO:0005759,mitochondrial matrix,mitochondrial matrix (CellularComponent),CC BY 4.0,Gene Ontology,http://purl.obolibrary.org/obo/GO_0005759
GO:0008180,COP9 signalosome,COP9 signalosome (CellularComponent),CC BY 4.0,Gene Ontology,http://purl.obolibrary.org/obo/GO_0008180
GO:0030055,cell-substrate junction,cell-substrate junction (CellularComponent),CC BY 4.0,Gene Ontology,http://purl.obolibrary.org/obo/GO_0030055
GO:0008074,"guanylate cyclase complex, soluble","guanylate cyclase complex, soluble (CellularComponent)",CC BY 4.0,Gene Ontology,http://purl.obolibrary.org/obo/GO_0008074
GO:0005682,U5 snRNP,U5 snRNP (CellularComponent),CC BY 4.0,Gene Ontology,http://purl.obolibrary.org/obo/GO_0005682
GO:0030133,transport vesicle,transport vesicle (CellularComponent),CC BY 4.0,Gene Ontology,http://purl.obolibrary.org/obo/GO_0030133
GO:0005930,axoneme,axoneme (CellularComponent),CC BY 4.0,Gene Ontology,http://purl.obolibrary.org/obo/GO_0005930
GO:0070522,ERCC4-ERCC1 complex,ERCC4-ERCC1 complex (CellularComponent),CC BY 4.0,Gene Ontology,http://purl.obolibrary.org/obo/GO_0070522
GO:0030914,STAGA complex,STAGA complex (CellularComponent),CC BY 4.0,Gene Ontology,http://purl.obolibrary.org/obo/GO_0030914
GO:0005687,U4 snRNP,U4 snRNP (CellularComponent),CC BY 4.0,Gene Ontology,http://purl.obolibrary.org/obo/GO_0005687
GO:0071986,Ragulator complex,Ragulator complex (CellularComponent),CC BY 4.0,Gene Ontology,http://purl.obolibrary.org/obo/GO_0071986
GO:0005779,integral component of peroxisomal membrane,integral component of peroxisomal membrane (CellularComponent),CC BY 4.0,Gene Ontology,http://purl.obolibrary.org/obo/GO_0005779
GO:0090576,RNA polymerase III transcription factor complex,RNA polymerase III transcription factor complex (CellularComponent),CC BY 4.0,Gene Ontology,http://purl.obolibrary.org/obo/GO_0090576
GO:0045120,pronucleus,pronucleus (CellularComponent),CC BY 4.0,Gene Ontology,http://purl.obolibrary.org/obo/GO_0045120
GO:0072562,blood microparticle,blood microparticle (CellularComponent),CC BY 4.0,Gene Ontology,http://purl.obolibrary.org/obo/GO_0072562
GO:0000814,ESCRT II complex,ESCRT II complex (CellularComponent),CC BY 4.0,Gene Ontology,http://purl.obolibrary.org/obo/GO_0000814
GO:0030687,"preribosome, large subunit precursor","preribosome, large subunit precursor (CellularComponent)",CC BY 4.0,Gene Ontology,http://purl.obolibrary.org/obo/GO_0030687
GO:0005662,DNA replication factor A complex,DNA replication factor A complex (CellularComponent),CC BY 4.0,Gene Ontology,http://purl.obolibrary.org/obo/GO_0005662
GO:0043564,Ku70:Ku80 complex,Ku70:Ku80 complex (CellularComponent),CC BY 4.0,Gene Ontology,http://purl.obolibrary.org/obo/GO_0043564
GO:0031307,integral component of mitochondrial outer membrane,integral component of mitochondrial outer membrane (CellularComponent),CC BY 4.0,Gene Ontology,http://purl.obolibrary.org/obo/GO_0031307
GO:0001741,XY body,XY body (CellularComponent),CC BY 4.0,Gene Ontology,http://purl.obolibrary.org/obo/GO_0001741
GO:0031965,nuclear membrane,nuclear membrane (CellularComponent),CC BY 4.0,Gene Ontology,http://purl.obolibrary.org/obo/GO_0031965
GO:0005683,U7 snRNP,U7 snRNP (CellularComponent),CC BY 4.0,Gene Ontology,http://purl.obolibrary.org/obo/GO_0005683
GO:0032545,CURI complex,CURI complex (CellularComponent),CC BY 4.0,Gene Ontology,http://purl.obolibrary.org/obo/GO_0032545
GO:0061574,ASAP complex,ASAP complex (CellularComponent),CC BY 4.0,Gene Ontology,http://purl.obolibrary.org/obo/GO_0061574
GO:0030112,glycocalyx,glycocalyx (CellularComponent),CC BY 4.0,Gene Ontology,http://purl.obolibrary.org/obo/GO_0030112
GO:0045121,membrane raft,membrane raft (CellularComponent),CC BY 4.0,Gene Ontology,http://purl.obolibrary.org/obo/GO_0045121
GO:0032010,phagolysosome,phagolysosome (CellularComponent),CC BY 4.0,Gene Ontology,http://purl.obolibrary.org/obo/GO_0032010
GO:0030008,TRAPP complex,TRAPP complex (CellularComponent),CC BY 4.0,Gene Ontology,http://purl.obolibrary.org/obo/GO_0030008
GO:0046658,anchored component of plasma membrane,anchored component of plasma membrane (CellularComponent),CC BY 4.0,Gene Ontology,http://purl.obolibrary.org/obo/GO_0046658
GO:0033565,ESCRT-0 complex,ESCRT-0 complex (CellularComponent),CC BY 4.0,Gene Ontology,http://purl.obolibrary.org/obo/GO_0033565
GO:0005929,cilium,cilium (CellularComponent),CC BY 4.0,Gene Ontology,http://purl.obolibrary.org/obo/GO_0005929
GO:0097361,CIA complex,CIA complex (CellularComponent),CC BY 4.0,Gene Ontology,http://purl.obolibrary.org/obo/GO_0097361
GO:0008305,integrin complex,integrin complex (CellularComponent),CC BY 4.0,Gene Ontology,http://purl.obolibrary.org/obo/GO_0008305
GO:0031229,intrinsic component of nuclear inner membrane,intrinsic component of nuclear inner membrane (CellularComponent),CC BY 4.0,Gene Ontology,http://purl.obolibrary.org/obo/GO_0031229
GO:0000776,kinetochore,kinetochore (CellularComponent),CC BY 4.0,Gene Ontology,http://purl.obolibrary.org/obo/GO_0000776
GO:0031094,platelet dense tubular network,platelet dense tubular network (CellularComponent),CC BY 4.0,Gene Ontology,http://purl.obolibrary.org/obo/GO_0031094
GO:0005719,nuclear euchromatin,nuclear euchromatin (CellularComponent),CC BY 4.0,Gene Ontology,http://purl.obolibrary.org/obo/GO_0005719
GO:0005587,collagen type IV trimer,collagen type IV trimer (CellularComponent),CC BY 4.0,Gene Ontology,http://purl.obolibrary.org/obo/GO_0005587
GO:0005778,peroxisomal membrane,peroxisomal membrane (CellularComponent),CC BY 4.0,Gene Ontology,http://purl.obolibrary.org/obo/GO_0005778
GO:0045240,dihydrolipoyl dehydrogenase complex,dihydrolipoyl dehydrogenase complex (CellularComponent),CC BY 4.0,Gene Ontology,http://purl.obolibrary.org/obo/GO_0045240
GO:0031462,Cul2-RING ubiquitin ligase complex,Cul2-RING ubiquitin ligase complex (CellularComponent),CC BY 4.0,Gene Ontology,http://purl.obolibrary.org/obo/GO_0031462
GO:0070382,exocytic vesicle,exocytic vesicle (CellularComponent),CC BY 4.0,Gene Ontology,http://purl.obolibrary.org/obo/GO_0070382
GO:0005964,phosphorylase kinase complex,phosphorylase kinase complex (CellularComponent),CC BY 4.0,Gene Ontology,http://purl.obolibrary.org/obo/GO_0005964
GO:0005602,complement component C1 complex,complement component C1 complex (CellularComponent),CC BY 4.0,Gene Ontology,http://purl.obolibrary.org/obo/GO_0005602
GO:0030895,apolipoprotein B mRNA editing enzyme complex,apolipoprotein B mRNA editing enzyme complex (CellularComponent),CC BY 4.0,Gene Ontology,http://purl.obolibrary.org/obo/GO_0030895
GO:0031905,early endosome lumen,early endosome lumen (CellularComponent),CC BY 4.0,Gene Ontology,http://purl.obolibrary.org/obo/GO_0031905
GO:0005960,glycine cleavage complex,glycine cleavage complex (CellularComponent),CC BY 4.0,Gene Ontology,http://purl.obolibrary.org/obo/GO_0005960
GO:0097442,CA3 pyramidal cell dendrite,CA3 pyramidal cell dendrite (CellularComponent),CC BY 4.0,Gene Ontology,http://purl.obolibrary.org/obo/GO_0097442
GO:0044815,DNA packaging complex,DNA packaging complex (CellularComponent),CC BY 4.0,Gene Ontology,http://purl.obolibrary.org/obo/GO_0044815
GO:0036157,outer dynein arm,outer dynein arm (CellularComponent),CC BY 4.0,Gene Ontology,http://purl.obolibrary.org/obo/GO_0036157
GO:0070419,nonhomologous end joining complex,nonhomologous end joining complex (CellularComponent),CC BY 4.0,Gene Ontology,http://purl.obolibrary.org/obo/GO_0070419
GO:0000308,cytoplasmic cyclin-dependent protein kinase holoenzyme complex,cytoplasmic cyclin-dependent protein kinase holoenzyme complex (CellularComponent),CC BY 4.0,Gene Ontology,http://purl.obolibrary.org/obo/GO_0000308
GO:0051233,spindle midzone,spindle midzone (CellularComponent),CC BY 4.0,Gene Ontology,http://purl.obolibrary.org/obo/GO_0051233
GO:0099569,presynaptic cytoskeleton,presynaptic cytoskeleton (CellularComponent),CC BY 4.0,Gene Ontology,http://purl.obolibrary.org/obo/GO_0099569
GO:0098857,membrane microdomain,membrane microdomain (CellularComponent),CC BY 4.0,Gene Ontology,http://purl.obolibrary.org/obo/GO_0098857
GO:0030027,lamellipodium,lamellipodium (CellularComponent),CC BY 4.0,Gene Ontology,http://purl.obolibrary.org/obo/GO_0030027
GO:0030125,clathrin vesicle coat,clathrin vesicle coat (CellularComponent),CC BY 4.0,Gene Ontology,http://purl.obolibrary.org/obo/GO_0030125
GO:1990246,uniplex complex,uniplex complex (CellularComponent),CC BY 4.0,Gene Ontology,http://purl.obolibrary.org/obo/GO_1990246
GO:0030134,ER to Golgi transport vesicle,ER to Golgi transport vesicle (CellularComponent),CC BY 4.0,Gene Ontology,http://purl.obolibrary.org/obo/GO_0030134
GO:0000923,equatorial microtubule organizing center,equatorial microtubule organizing center (CellularComponent),CC BY 4.0,Gene Ontology,http://purl.obolibrary.org/obo/GO_0000923
GO:0000228,nuclear chromosome,nuclear chromosome (CellularComponent),CC BY 4.0,Gene Ontology,http://purl.obolibrary.org/obo/GO_0000228
GO:0042101,T cell receptor complex,T cell receptor complex (CellularComponent),CC BY 4.0,Gene Ontology,http://purl.obolibrary.org/obo/GO_0042101
GO:0030692,Noc4p-Nop14p complex,Noc4p-Nop14p complex (CellularComponent),CC BY 4.0,Gene Ontology,http://purl.obolibrary.org/obo/GO_0030692
GO:0098793,presynapse,presynapse (CellularComponent),CC BY 4.0,Gene Ontology,http://purl.obolibrary.org/obo/GO_0098793
GO:0009328,phenylalanine-tRNA ligase complex,phenylalanine-tRNA ligase complex (CellularComponent),CC BY 4.0,Gene Ontology,http://purl.obolibrary.org/obo/GO_0009328
GO:0097470,ribbon synapse,ribbon synapse (CellularComponent),CC BY 4.0,Gene Ontology,http://purl.obolibrary.org/obo/GO_0097470
GO:0005871,kinesin complex,kinesin complex (CellularComponent),CC BY 4.0,Gene Ontology,http://purl.obolibrary.org/obo/GO_0005871
GO:0098562,cytoplasmic side of membrane,cytoplasmic side of membrane (CellularComponent),CC BY 4.0,Gene Ontology,http://purl.obolibrary.org/obo/GO_0098562
GO:0055038,recycling endosome membrane,recycling endosome membrane (CellularComponent),CC BY 4.0,Gene Ontology,http://purl.obolibrary.org/obo/GO_0055038
GO:0005834,heterotrimeric G-protein complex,heterotrimeric G-protein complex (CellularComponent),CC BY 4.0,Gene Ontology,http://purl.obolibrary.org/obo/GO_0005834
GO:0031502,dolichyl-phosphate-mannose-protein mannosyltransferase complex,dolichyl-phosphate-mannose-protein mannosyltransferase complex (CellularComponent),CC BY 4.0,Gene Ontology,http://purl.obolibrary.org/obo/GO_0031502
GO:0032153,cell division site,cell division site (CellularComponent),CC BY 4.0,Gene Ontology,http://purl.obolibrary.org/obo/GO_0032153
GO:0070545,PeBoW complex,PeBoW complex (CellularComponent),CC BY 4.0,Gene Ontology,http://purl.obolibrary.org/obo/GO_0070545
GO:0044292,dendrite terminus,dendrite terminus (CellularComponent),CC BY 4.0,Gene Ontology,http://purl.obolibrary.org/obo/GO_0044292
GO:0031258,lamellipodium membrane,lamellipodium membrane (CellularComponent),CC BY 4.0,Gene Ontology,http://purl.obolibrary.org/obo/GO_0031258
GO:0042645,mitochondrial nucleoid,mitochondrial nucleoid (CellularComponent),CC BY 4.0,Gene Ontology,http://purl.obolibrary.org/obo/GO_0042645
GO:0031966,mitochondrial membrane,mitochondrial membrane (CellularComponent),CC BY 4.0,Gene Ontology,http://purl.obolibrary.org/obo/GO_0031966
GO:0042565,RNA nuclear export complex,RNA nuclear export complex (CellularComponent),CC BY 4.0,Gene Ontology,http://purl.obolibrary.org/obo/GO_0042565
GO:0045271,respiratory chain complex I,respiratory chain complex I (CellularComponent),CC BY 4.0,Gene Ontology,http://purl.obolibrary.org/obo/GO_0045271
GO:0098797,plasma membrane protein complex,plasma membrane protein complex (CellularComponent),CC BY 4.0,Gene Ontology,http://purl.obolibrary.org/obo/GO_0098797
GO:0030660,Golgi-associated vesicle membrane,Golgi-associated vesicle membrane (CellularComponent),CC BY 4.0,Gene Ontology,http://purl.obolibrary.org/obo/GO_0030660
GO:0034045,pre-autophagosomal structure membrane,pre-autophagosomal structure membrane (CellularComponent),CC BY 4.0,Gene Ontology,http://purl.obolibrary.org/obo/GO_0034045
GO:0000815,ESCRT III complex,ESCRT III complex (CellularComponent),CC BY 4.0,Gene Ontology,http://purl.obolibrary.org/obo/GO_0000815
GO:0034705,potassium channel complex,potassium channel complex (CellularComponent),CC BY 4.0,Gene Ontology,http://purl.obolibrary.org/obo/GO_0034705
GO:0090534,calcium ion-transporting ATPase complex,calcium ion-transporting ATPase complex (CellularComponent),CC BY 4.0,Gene Ontology,http://purl.obolibrary.org/obo/GO_0090534
GO:0031985,Golgi cisterna,Golgi cisterna (CellularComponent),CC BY 4.0,Gene Ontology,http://purl.obolibrary.org/obo/GO_0031985
GO:0098799,outer mitochondrial membrane protein complex,outer mitochondrial membrane protein complex (CellularComponent),CC BY 4.0,Gene Ontology,http://purl.obolibrary.org/obo/GO_0098799
GO:0071141,SMAD protein complex,SMAD protein complex (CellularComponent),CC BY 4.0,Gene Ontology,http://purl.obolibrary.org/obo/GO_0071141
GO:0010008,endosome membrane,endosome membrane (CellularComponent),CC BY 4.0,Gene Ontology,http://purl.obolibrary.org/obo/GO_0010008
GO:0032809,neuronal cell body membrane,neuronal cell body membrane (CellularComponent),CC BY 4.0,Gene Ontology,http://purl.obolibrary.org/obo/GO_0032809
GO:0098647,collagen beaded filament,collagen beaded filament (CellularComponent),CC BY 4.0,Gene Ontology,http://purl.obolibrary.org/obo/GO_0098647
GO:0043209,myelin sheath,myelin sheath (CellularComponent),CC BY 4.0,Gene Ontology,http://purl.obolibrary.org/obo/GO_0043209
GO:0031902,late endosome membrane,late endosome membrane (CellularComponent),CC BY 4.0,Gene Ontology,http://purl.obolibrary.org/obo/GO_0031902
GO:0032982,myosin filament,myosin filament (CellularComponent),CC BY 4.0,Gene Ontology,http://purl.obolibrary.org/obo/GO_0032982
GO:0002177,manchette,manchette (CellularComponent),CC BY 4.0,Gene Ontology,http://purl.obolibrary.org/obo/GO_0002177
GO:0032997,Fc receptor complex,Fc receptor complex (CellularComponent),CC BY 4.0,Gene Ontology,http://purl.obolibrary.org/obo/GO_0032997
GO:0005694,chromosome,chromosome (CellularComponent),CC BY 4.0,Gene Ontology,http://purl.obolibrary.org/obo/GO_0005694
GO:0001652,granular component,granular component (CellularComponent),CC BY 4.0,Gene Ontology,http://purl.obolibrary.org/obo/GO_0001652
GO:0045281,succinate dehydrogenase complex,succinate dehydrogenase complex (CellularComponent),CC BY 4.0,Gene Ontology,http://purl.obolibrary.org/obo/GO_0045281
GO:0061702,inflammasome complex,inflammasome complex (CellularComponent),CC BY 4.0,Gene Ontology,http://purl.obolibrary.org/obo/GO_0061702
GO:0033202,DNA helicase complex,DNA helicase complex (CellularComponent),CC BY 4.0,Gene Ontology,http://purl.obolibrary.org/obo/GO_0033202
GO:0072557,IPAF inflammasome complex,IPAF inflammasome complex (CellularComponent),CC BY 4.0,Gene Ontology,http://purl.obolibrary.org/obo/GO_0072557
GO:0032044,DSIF complex,DSIF complex (CellularComponent),CC BY 4.0,Gene Ontology,http://purl.obolibrary.org/obo/GO_0032044
GO:0005826,actomyosin contractile ring,actomyosin contractile ring (CellularComponent),CC BY 4.0,Gene Ontology,http://purl.obolibrary.org/obo/GO_0005826
GO:0005858,axonemal dynein complex,axonemal dynein complex (CellularComponent),CC BY 4.0,Gene Ontology,http://purl.obolibrary.org/obo/GO_0005858
GO:0005688,U6 snRNP,U6 snRNP (CellularComponent),CC BY 4.0,Gene Ontology,http://purl.obolibrary.org/obo/GO_0005688
GO:0061700,GATOR2 complex,GATOR2 complex (CellularComponent),CC BY 4.0,Gene Ontology,http://purl.obolibrary.org/obo/GO_0061700
GO:0000785,chromatin,chromatin (CellularComponent),CC BY 4.0,Gene Ontology,http://purl.obolibrary.org/obo/GO_0000785
GO:1902711,GABA-A receptor complex,GABA-A receptor complex (CellularComponent),CC BY 4.0,Gene Ontology,http://purl.obolibrary.org/obo/GO_1902711
GO:0031466,Cul5-RING ubiquitin ligase complex,Cul5-RING ubiquitin ligase complex (CellularComponent),CC BY 4.0,Gene Ontology,http://purl.obolibrary.org/obo/GO_0031466
GO:0005879,axonemal microtubule,axonemal microtubule (CellularComponent),CC BY 4.0,Gene Ontology,http://purl.obolibrary.org/obo/GO_0005879
GO:0098645,collagen network,collagen network (CellularComponent),CC BY 4.0,Gene Ontology,http://purl.obolibrary.org/obo/GO_0098645
GO:0034666,integrin alpha2-beta1 complex,integrin alpha2-beta1 complex (CellularComponent),CC BY 4.0,Gene Ontology,http://purl.obolibrary.org/obo/GO_0034666
GO:0016589,NURF complex,NURF complex (CellularComponent),CC BY 4.0,Gene Ontology,http://purl.obolibrary.org/obo/GO_0016589
GO:0005774,vacuolar membrane,vacuolar membrane (CellularComponent),CC BY 4.0,Gene Ontology,http://purl.obolibrary.org/obo/GO_0005774
GO:0005753,mitochondrial proton-transporting ATP synthase complex,mitochondrial proton-transporting ATP synthase complex (CellularComponent),CC BY 4.0,Gene Ontology,http://purl.obolibrary.org/obo/GO_0005753
GO:0031414,N-terminal protein acetyltransferase complex,N-terminal protein acetyltransferase complex (CellularComponent),CC BY 4.0,Gene Ontology,http://purl.obolibrary.org/obo/GO_0031414
GO:0005903,brush border,brush border (CellularComponent),CC BY 4.0,Gene Ontology,http://purl.obolibrary.org/obo/GO_0005903
GO:0005763,mitochondrial small ribosomal subunit,mitochondrial small ribosomal subunit (CellularComponent),CC BY 4.0,Gene Ontology,http://purl.obolibrary.org/obo/GO_0005763
GO:0005955,calcineurin complex,calcineurin complex (CellularComponent),CC BY 4.0,Gene Ontology,http://purl.obolibrary.org/obo/GO_0005955
GO:1990393,3M complex,3M complex (CellularComponent),CC BY 4.0,Gene Ontology,http://purl.obolibrary.org/obo/GO_1990393
GO:0033588,Elongator holoenzyme complex,Elongator holoenzyme complex (CellularComponent),CC BY 4.0,Gene Ontology,http://purl.obolibrary.org/obo/GO_0033588
GO:0016342,catenin complex,catenin complex (CellularComponent),CC BY 4.0,Gene Ontology,http://purl.obolibrary.org/obo/GO_0016342
GO:0000805,X chromosome,X chromosome (CellularComponent),CC BY 4.0,Gene Ontology,http://purl.obolibrary.org/obo/GO_0000805
GO:0031428,box C/D snoRNP complex,box C/D snoRNP complex (CellularComponent),CC BY 4.0,Gene Ontology,http://purl.obolibrary.org/obo/GO_0031428
GO:0098644,complex of collagen trimers,complex of collagen trimers (CellularComponent),CC BY 4.0,Gene Ontology,http://purl.obolibrary.org/obo/GO_0098644
GO:0005604,basement membrane,basement membrane (CellularComponent),CC BY 4.0,Gene Ontology,http://purl.obolibrary.org/obo/GO_0005604
GO:0097386,glial cell projection,glial cell projection (CellularComponent),CC BY 4.0,Gene Ontology,http://purl.obolibrary.org/obo/GO_0097386
GO:0071144,SMAD2-SMAD3 protein complex,SMAD2-SMAD3 protein complex (CellularComponent),CC BY 4.0,Gene Ontology,http://purl.obolibrary.org/obo/GO_0071144
GO:0031252,cell leading edge,cell leading edge (CellularComponent),CC BY 4.0,Gene Ontology,http://purl.obolibrary.org/obo/GO_0031252
GO:0001674,female germ cell nucleus,female germ cell nucleus (CellularComponent),CC BY 4.0,Gene Ontology,http://purl.obolibrary.org/obo/GO_0001674
GO:0031519,PcG protein complex,PcG protein complex (CellularComponent),CC BY 4.0,Gene Ontology,http://purl.obolibrary.org/obo/GO_0031519
GO:0030289,protein phosphatase 4 complex,protein phosphatase 4 complex (CellularComponent),CC BY 4.0,Gene Ontology,http://purl.obolibrary.org/obo/GO_0030289
GO:0000015,phosphopyruvate hydratase complex,phosphopyruvate hydratase complex (CellularComponent),CC BY 4.0,Gene Ontology,http://purl.obolibrary.org/obo/GO_0000015
GO:0000812,Swr1 complex,Swr1 complex (CellularComponent),CC BY 4.0,Gene Ontology,http://purl.obolibrary.org/obo/GO_0000812
GO:0033646,host intracellular part,host intracellular part (CellularComponent),CC BY 4.0,Gene Ontology,http://purl.obolibrary.org/obo/GO_0033646
GO:0071010,prespliceosome,prespliceosome (CellularComponent),CC BY 4.0,Gene Ontology,http://purl.obolibrary.org/obo/GO_0071010
GO:0008091,spectrin,spectrin (CellularComponent),CC BY 4.0,Gene Ontology,http://purl.obolibrary.org/obo/GO_0008091
GO:0070877,microprocessor complex,microprocessor complex (CellularComponent),CC BY 4.0,Gene Ontology,http://purl.obolibrary.org/obo/GO_0070877
GO:1990617,CHOP-ATF4 complex,CHOP-ATF4 complex (CellularComponent),CC BY 4.0,Gene Ontology,http://purl.obolibrary.org/obo/GO_1990617
GO:0097504,Gemini of coiled bodies,Gemini of coiled bodies (CellularComponent),CC BY 4.0,Gene Ontology,http://purl.obolibrary.org/obo/GO_0097504
GO:0031416,NatB complex,NatB complex (CellularComponent),CC BY 4.0,Gene Ontology,http://purl.obolibrary.org/obo/GO_0031416
GO:0031233,intrinsic component of external side of plasma membrane,intrinsic component of external side of plasma membrane (CellularComponent),CC BY 4.0,Gene Ontology,http://purl.obolibrary.org/obo/GO_0031233
GO:0005852,eukaryotic translation initiation factor 3 complex,eukaryotic translation initiation factor 3 complex (CellularComponent),CC BY 4.0,Gene Ontology,http://purl.obolibrary.org/obo/GO_0005852
GO:0042470,melanosome,melanosome (CellularComponent),CC BY 4.0,Gene Ontology,http://purl.obolibrary.org/obo/GO_0042470
GO:0030849,autosome,autosome (CellularComponent),CC BY 4.0,Gene Ontology,http://purl.obolibrary.org/obo/GO_0030849
GO:0000502,proteasome complex,proteasome complex (CellularComponent),CC BY 4.0,Gene Ontology,http://purl.obolibrary.org/obo/GO_0000502
GO:0034399,nuclear periphery,nuclear periphery (CellularComponent),CC BY 4.0,Gene Ontology,http://purl.obolibrary.org/obo/GO_0034399
GO:0044613,nuclear pore central transport channel,nuclear pore central transport channel (CellularComponent),CC BY 4.0,Gene Ontology,http://purl.obolibrary.org/obo/GO_0044613
GO:0031262,Ndc80 complex,Ndc80 complex (CellularComponent),CC BY 4.0,Gene Ontology,http://purl.obolibrary.org/obo/GO_0031262
GO:1902560,GMP reductase complex,GMP reductase complex (CellularComponent),CC BY 4.0,Gene Ontology,http://purl.obolibrary.org/obo/GO_1902560
GO:0097635,extrinsic component of autophagosome membrane,extrinsic component of autophagosome membrane (CellularComponent),CC BY 4.0,Gene Ontology,http://purl.obolibrary.org/obo/GO_0097635
GO:0018444,translation release factor complex,translation release factor complex (CellularComponent),CC BY 4.0,Gene Ontology,http://purl.obolibrary.org/obo/GO_0018444
GO:0030425,dendrite,dendrite (CellularComponent),CC BY 4.0,Gene Ontology,http://purl.obolibrary.org/obo/GO_0030425
GO:0005664,nuclear origin of replication recognition complex,nuclear origin of replication recognition complex (CellularComponent),CC BY 4.0,Gene Ontology,http://purl.obolibrary.org/obo/GO_0005664
GO:0097422,tubular endosome,tubular endosome (CellularComponent),CC BY 4.0,Gene Ontology,http://purl.obolibrary.org/obo/GO_0097422
GO:0043202,lysosomal lumen,lysosomal lumen (CellularComponent),CC BY 4.0,Gene Ontology,http://purl.obolibrary.org/obo/GO_0043202
GO:0048179,activin receptor complex,activin receptor complex (CellularComponent),CC BY 4.0,Gene Ontology,http://purl.obolibrary.org/obo/GO_0048179
GO:0008328,ionotropic glutamate receptor complex,ionotropic glutamate receptor complex (CellularComponent),CC BY 4.0,Gene Ontology,http://purl.obolibrary.org/obo/GO_0008328
GO:0005850,eukaryotic translation initiation factor 2 complex,eukaryotic translation initiation factor 2 complex (CellularComponent),CC BY 4.0,Gene Ontology,http://purl.obolibrary.org/obo/GO_0005850
GO:0097517,contractile actin filament bundle,contractile actin filament bundle (CellularComponent),CC BY 4.0,Gene Ontology,http://purl.obolibrary.org/obo/GO_0097517
GO:0036338,viral membrane,viral membrane (CellularComponent),CC BY 4.0,Gene Ontology,http://purl.obolibrary.org/obo/GO_0036338
GO:0070461,SAGA-type complex,SAGA-type complex (CellularComponent),CC BY 4.0,Gene Ontology,http://purl.obolibrary.org/obo/GO_0070461
GO:0044300,cerebellar mossy fiber,cerebellar mossy fiber (CellularComponent),CC BY 4.0,Gene Ontology,http://purl.obolibrary.org/obo/GO_0044300
GO:0070993,translation preinitiation complex,translation preinitiation complex (CellularComponent),CC BY 4.0,Gene Ontology,http://purl.obolibrary.org/obo/GO_0070993
GO:0009925,basal plasma membrane,basal plasma membrane (CellularComponent),CC BY 4.0,Gene Ontology,http://purl.obolibrary.org/obo/GO_0009925
GO:0005890,sodium:potassium-exchanging ATPase complex,sodium:potassium-exchanging ATPase complex (CellularComponent),CC BY 4.0,Gene Ontology,http://purl.obolibrary.org/obo/GO_0005890
GO:0005665,"DNA-directed RNA polymerase II, core complex","DNA-directed RNA polymerase II, core complex (CellularComponent)",CC BY 4.0,Gene Ontology,http://purl.obolibrary.org/obo/GO_0005665
GO:0071204,histone pre-mRNA 3'end processing complex,histone pre-mRNA 3'end processing complex (CellularComponent),CC BY 4.0,Gene Ontology,http://purl.obolibrary.org/obo/GO_0071204
GO:0080008,Cul4-RING E3 ubiquitin ligase complex,Cul4-RING E3 ubiquitin ligase complex (CellularComponent),CC BY 4.0,Gene Ontology,http://purl.obolibrary.org/obo/GO_0080008
GO:0098794,postsynapse,postsynapse (CellularComponent),CC BY 4.0,Gene Ontology,http://purl.obolibrary.org/obo/GO_0098794
GO:0034708,methyltransferase complex,methyltransferase complex (CellularComponent),CC BY 4.0,Gene Ontology,http://purl.obolibrary.org/obo/GO_0034708
GO:0000813,ESCRT I complex,ESCRT I complex (CellularComponent),CC BY 4.0,Gene Ontology,http://purl.obolibrary.org/obo/GO_0000813
GO:0035327,transcriptionally active chromatin,transcriptionally active chromatin (CellularComponent),CC BY 4.0,Gene Ontology,http://purl.obolibrary.org/obo/GO_0035327
GO:0000172,ribonuclease MRP complex,ribonuclease MRP complex (CellularComponent),CC BY 4.0,Gene Ontology,http://purl.obolibrary.org/obo/GO_0000172
GO:0031332,RNAi effector complex,RNAi effector complex (CellularComponent),CC BY 4.0,Gene Ontology,http://purl.obolibrary.org/obo/GO_0031332
GO:1990635,proximal dendrite,proximal dendrite (CellularComponent),CC BY 4.0,Gene Ontology,http://purl.obolibrary.org/obo/GO_1990635
GO:0022627,cytosolic small ribosomal subunit,cytosolic small ribosomal subunit (CellularComponent),CC BY 4.0,Gene Ontology,http://purl.obolibrary.org/obo/GO_0022627
GO:0097169,AIM2 inflammasome complex,AIM2 inflammasome complex (CellularComponent),CC BY 4.0,Gene Ontology,http://purl.obolibrary.org/obo/GO_0097169
GO:0031092,platelet alpha granule membrane,platelet alpha granule membrane (CellularComponent),CC BY 4.0,Gene Ontology,http://purl.obolibrary.org/obo/GO_0031092
GO:0017053,transcriptional repressor complex,transcriptional repressor complex (CellularComponent),CC BY 4.0,Gene Ontology,http://purl.obolibrary.org/obo/GO_0017053
GO:0032391,photoreceptor connecting cilium,photoreceptor connecting cilium (CellularComponent),CC BY 4.0,Gene Ontology,http://purl.obolibrary.org/obo/GO_0032391
GO:0031372,UBC13-MMS2 complex,UBC13-MMS2 complex (CellularComponent),CC BY 4.0,Gene Ontology,http://purl.obolibrary.org/obo/GO_0031372
GO:0031379,RNA-directed RNA polymerase complex,RNA-directed RNA polymerase complex (CellularComponent),CC BY 4.0,Gene Ontology,http://purl.obolibrary.org/obo/GO_0031379
GO:0044611,nuclear pore inner ring,nuclear pore inner ring (CellularComponent),CC BY 4.0,Gene Ontology,http://purl.obolibrary.org/obo/GO_0044611
GO:0097452,GAIT complex,GAIT complex (CellularComponent),CC BY 4.0,Gene Ontology,http://purl.obolibrary.org/obo/GO_0097452
GO:1990622,CHOP-ATF3 complex,CHOP-ATF3 complex (CellularComponent),CC BY 4.0,Gene Ontology,http://purl.obolibrary.org/obo/GO_1990622
GO:0031932,TORC2 complex,TORC2 complex (CellularComponent),CC BY 4.0,Gene Ontology,http://purl.obolibrary.org/obo/GO_0031932
GO:0005637,nuclear inner membrane,nuclear inner membrane (CellularComponent),CC BY 4.0,Gene Ontology,http://purl.obolibrary.org/obo/GO_0005637
GO:0071556,integral component of lumenal side of endoplasmic reticulum membrane,integral component of lumenal side of endoplasmic reticulum membrane (CellularComponent),CC BY 4.0,Gene Ontology,http://purl.obolibrary.org/obo/GO_0071556
GO:0097038,perinuclear endoplasmic reticulum,perinuclear endoplasmic reticulum (CellularComponent),CC BY 4.0,Gene Ontology,http://purl.obolibrary.org/obo/GO_0097038
GO:0044215,other organism,other organism (CellularComponent),CC BY 4.0,Gene Ontology,http://purl.obolibrary.org/obo/GO_0044215
GO:0031143,pseudopodium,pseudopodium (CellularComponent),CC BY 4.0,Gene Ontology,http://purl.obolibrary.org/obo/GO_0031143
GO:0005775,vacuolar lumen,vacuolar lumen (CellularComponent),CC BY 4.0,Gene Ontology,http://purl.obolibrary.org/obo/GO_0005775
GO:0097225,sperm midpiece,sperm midpiece (CellularComponent),CC BY 4.0,Gene Ontology,http://purl.obolibrary.org/obo/GO_0097225
GO:0042622,photoreceptor outer segment membrane,photoreceptor outer segment membrane (CellularComponent),CC BY 4.0,Gene Ontology,http://purl.obolibrary.org/obo/GO_0042622
GO:0000275,"mitochondrial proton-transporting ATP synthase complex, catalytic core F(1)","mitochondrial proton-transporting ATP synthase complex, catalytic core F(1) (CellularComponent)",CC BY 4.0,Gene Ontology,http://purl.obolibrary.org/obo/GO_0000275
GO:0031513,nonmotile primary cilium,nonmotile primary cilium (CellularComponent),CC BY 4.0,Gene Ontology,http://purl.obolibrary.org/obo/GO_0031513
GO:0042612,MHC class I protein complex,MHC class I protein complex (CellularComponent),CC BY 4.0,Gene Ontology,http://purl.obolibrary.org/obo/GO_0042612
GO:0036488,CHOP-C/EBP complex,CHOP-C/EBP complex (CellularComponent),CC BY 4.0,Gene Ontology,http://purl.obolibrary.org/obo/GO_0036488
GO:0042824,MHC class I peptide loading complex,MHC class I peptide loading complex (CellularComponent),CC BY 4.0,Gene Ontology,http://purl.obolibrary.org/obo/GO_0042824
GO:0030118,clathrin coat,clathrin coat (CellularComponent),CC BY 4.0,Gene Ontology,http://purl.obolibrary.org/obo/GO_0030118
GO:0098536,deuterosome,deuterosome (CellularComponent),CC BY 4.0,Gene Ontology,http://purl.obolibrary.org/obo/GO_0098536
GO:0071819,DUBm complex,DUBm complex (CellularComponent),CC BY 4.0,Gene Ontology,http://purl.obolibrary.org/obo/GO_0071819
GO:0005605,basal lamina,basal lamina (CellularComponent),CC BY 4.0,Gene Ontology,http://purl.obolibrary.org/obo/GO_0005605
GO:0016011,dystroglycan complex,dystroglycan complex (CellularComponent),CC BY 4.0,Gene Ontology,http://purl.obolibrary.org/obo/GO_0016011
GO:0032389,MutLalpha complex,MutLalpha complex (CellularComponent),CC BY 4.0,Gene Ontology,http://purl.obolibrary.org/obo/GO_0032389
GO:0045203,integral component of cell outer membrane,integral component of cell outer membrane (CellularComponent),CC BY 4.0,Gene Ontology,http://purl.obolibrary.org/obo/GO_0045203
GO:0015629,actin cytoskeleton,actin cytoskeleton (CellularComponent),CC BY 4.0,Gene Ontology,http://purl.obolibrary.org/obo/GO_0015629
GO:0072379,ER membrane insertion complex,ER membrane insertion complex (CellularComponent),CC BY 4.0,Gene Ontology,http://purl.obolibrary.org/obo/GO_0072379
GO:0030689,Noc complex,Noc complex (CellularComponent),CC BY 4.0,Gene Ontology,http://purl.obolibrary.org/obo/GO_0030689
GO:0071920,cleavage body,cleavage body (CellularComponent),CC BY 4.0,Gene Ontology,http://purl.obolibrary.org/obo/GO_0071920
GO:0002081,outer acrosomal membrane,outer acrosomal membrane (CellularComponent),CC BY 4.0,Gene Ontology,http://purl.obolibrary.org/obo/GO_0002081
GO:0035370,UBC13-UEV1A complex,UBC13-UEV1A complex (CellularComponent),CC BY 4.0,Gene Ontology,http://purl.obolibrary.org/obo/GO_0035370
GO:0032299,ribonuclease H2 complex,ribonuclease H2 complex (CellularComponent),CC BY 4.0,Gene Ontology,http://purl.obolibrary.org/obo/GO_0032299
GO:0034679,integrin alpha9-beta1 complex,integrin alpha9-beta1 complex (CellularComponent),CC BY 4.0,Gene Ontology,http://purl.obolibrary.org/obo/GO_0034679
GO:0045095,keratin filament,keratin filament (CellularComponent),CC BY 4.0,Gene Ontology,http://purl.obolibrary.org/obo/GO_0045095
GO:0005889,hydrogen:potassium-exchanging ATPase complex,hydrogen:potassium-exchanging ATPase complex (CellularComponent),CC BY 4.0,Gene Ontology,http://purl.obolibrary.org/obo/GO_0005889
GO:0045261,"proton-transporting ATP synthase complex, catalytic core F(1)","proton-transporting ATP synthase complex, catalytic core F(1) (CellularComponent)",CC BY 4.0,Gene Ontology,http://purl.obolibrary.org/obo/GO_0045261
GO:0016593,Cdc73/Paf1 complex,Cdc73/Paf1 complex (CellularComponent),CC BY 4.0,Gene Ontology,http://purl.obolibrary.org/obo/GO_0016593
GO:0044217,other organism part,other organism part (CellularComponent),CC BY 4.0,Gene Ontology,http://purl.obolibrary.org/obo/GO_0044217
GO:0033177,"proton-transporting two-sector ATPase complex, proton-transporting domain","proton-transporting two-sector ATPase complex, proton-transporting domain (CellularComponent)",CC BY 4.0,Gene Ontology,http://purl.obolibrary.org/obo/GO_0033177
GO:0000153,cytoplasmic ubiquitin ligase complex,cytoplasmic ubiquitin ligase complex (CellularComponent),CC BY 4.0,Gene Ontology,http://purl.obolibrary.org/obo/GO_0000153
GO:0097059,CNTFR-CLCF1 complex,CNTFR-CLCF1 complex (CellularComponent),CC BY 4.0,Gene Ontology,http://purl.obolibrary.org/obo/GO_0097059
GO:1990604,IRE1-TRAF2-ASK1 complex,IRE1-TRAF2-ASK1 complex (CellularComponent),CC BY 4.0,Gene Ontology,http://purl.obolibrary.org/obo/GO_1990604
GO:0071547,piP-body,piP-body (CellularComponent),CC BY 4.0,Gene Ontology,http://purl.obolibrary.org/obo/GO_0071547
GO:0098554,cytoplasmic side of endoplasmic reticulum membrane,cytoplasmic side of endoplasmic reticulum membrane (CellularComponent),CC BY 4.0,Gene Ontology,http://purl.obolibrary.org/obo/GO_0098554
GO:0005769,early endosome,early endosome (CellularComponent),CC BY 4.0,Gene Ontology,http://purl.obolibrary.org/obo/GO_0005769
GO:0043196,varicosity,varicosity (CellularComponent),CC BY 4.0,Gene Ontology,http://purl.obolibrary.org/obo/GO_0043196
GO:0031256,leading edge membrane,leading edge membrane (CellularComponent),CC BY 4.0,Gene Ontology,http://purl.obolibrary.org/obo/GO_0031256
GO:0005657,replication fork,replication fork (CellularComponent),CC BY 4.0,Gene Ontology,http://purl.obolibrary.org/obo/GO_0005657
GO:0043657,host cell,host cell (CellularComponent),CC BY 4.0,Gene Ontology,http://purl.obolibrary.org/obo/GO_0043657
GO:1990204,oxidoreductase complex,oxidoreductase complex (CellularComponent),CC BY 4.0,Gene Ontology,http://purl.obolibrary.org/obo/GO_1990204
GO:0032777,Piccolo NuA4 histone acetyltransferase complex,Piccolo NuA4 histone acetyltransferase complex (CellularComponent),CC BY 4.0,Gene Ontology,http://purl.obolibrary.org/obo/GO_0032777
GO:0031265,CD95 death-inducing signaling complex,CD95 death-inducing signaling complex (CellularComponent),CC BY 4.0,Gene Ontology,http://purl.obolibrary.org/obo/GO_0031265
GO:0070939,Dsl1p complex,Dsl1p complex (CellularComponent),CC BY 4.0,Gene Ontology,http://purl.obolibrary.org/obo/GO_0070939
GO:1990630,IRE1-RACK1-PP2A complex,IRE1-RACK1-PP2A complex (CellularComponent),CC BY 4.0,Gene Ontology,http://purl.obolibrary.org/obo/GO_1990630
GO:0071782,endoplasmic reticulum tubular network,endoplasmic reticulum tubular network (CellularComponent),CC BY 4.0,Gene Ontology,http://purl.obolibrary.org/obo/GO_0071782
GO:0031232,extrinsic component of external side of plasma membrane,extrinsic component of external side of plasma membrane (CellularComponent),CC BY 4.0,Gene Ontology,http://purl.obolibrary.org/obo/GO_0031232
GO:0005761,mitochondrial ribosome,mitochondrial ribosome (CellularComponent),CC BY 4.0,Gene Ontology,http://purl.obolibrary.org/obo/GO_0005761
GO:0005666,DNA-directed RNA polymerase III complex,DNA-directed RNA polymerase III complex (CellularComponent),CC BY 4.0,Gene Ontology,http://purl.obolibrary.org/obo/GO_0005666
GO:0072372,primary cilium,primary cilium (CellularComponent),CC BY 4.0,Gene Ontology,http://purl.obolibrary.org/obo/GO_0072372
GO:0097451,glial limiting end-foot,glial limiting end-foot (CellularComponent),CC BY 4.0,Gene Ontology,http://purl.obolibrary.org/obo/GO_0097451
GO:0031970,organelle envelope lumen,organelle envelope lumen (CellularComponent),CC BY 4.0,Gene Ontology,http://purl.obolibrary.org/obo/GO_0031970
GO:0005784,Sec61 translocon complex,Sec61 translocon complex (CellularComponent),CC BY 4.0,Gene Ontology,http://purl.obolibrary.org/obo/GO_0005784
GO:0005790,smooth endoplasmic reticulum,smooth endoplasmic reticulum (CellularComponent),CC BY 4.0,Gene Ontology,http://purl.obolibrary.org/obo/GO_0005790
GO:0030496,midbody,midbody (CellularComponent),CC BY 4.0,Gene Ontology,http://purl.obolibrary.org/obo/GO_0030496
GO:0031305,integral component of mitochondrial inner membrane,integral component of mitochondrial inner membrane (CellularComponent),CC BY 4.0,Gene Ontology,http://purl.obolibrary.org/obo/GO_0031305
GO:0005815,microtubule organizing center,microtubule organizing center (CellularComponent),CC BY 4.0,Gene Ontology,http://purl.obolibrary.org/obo/GO_0005815
GO:0008280,cohesin core heterodimer,cohesin core heterodimer (CellularComponent),CC BY 4.0,Gene Ontology,http://purl.obolibrary.org/obo/GO_0008280
GO:0019815,B cell receptor complex,B cell receptor complex (CellularComponent),CC BY 4.0,Gene Ontology,http://purl.obolibrary.org/obo/GO_0019815
GO:0031084,BLOC-2 complex,BLOC-2 complex (CellularComponent),CC BY 4.0,Gene Ontology,http://purl.obolibrary.org/obo/GO_0031084
GO:0030131,clathrin adaptor complex,clathrin adaptor complex (CellularComponent),CC BY 4.0,Gene Ontology,http://purl.obolibrary.org/obo/GO_0030131
GO:0090571,RNA polymerase II transcription repressor complex,RNA polymerase II transcription repressor complex (CellularComponent),CC BY 4.0,Gene Ontology,http://purl.obolibrary.org/obo/GO_0090571
GO:0031045,dense core granule,dense core granule (CellularComponent),CC BY 4.0,Gene Ontology,http://purl.obolibrary.org/obo/GO_0031045
GO:0005770,late endosome,late endosome (CellularComponent),CC BY 4.0,Gene Ontology,http://purl.obolibrary.org/obo/GO_0005770
GO:0035578,azurophil granule lumen,azurophil granule lumen (CellularComponent),CC BY 4.0,Gene Ontology,http://purl.obolibrary.org/obo/GO_0035578
GO:0008282,ATP-sensitive potassium channel complex,ATP-sensitive potassium channel complex (CellularComponent),CC BY 4.0,Gene Ontology,http://purl.obolibrary.org/obo/GO_0008282
GO:0001739,sex chromatin,sex chromatin (CellularComponent),CC BY 4.0,Gene Ontology,http://purl.obolibrary.org/obo/GO_0001739
GO:0044216,other organism cell,other organism cell (CellularComponent),CC BY 4.0,Gene Ontology,http://purl.obolibrary.org/obo/GO_0044216
GO:0044298,cell body membrane,cell body membrane (CellularComponent),CC BY 4.0,Gene Ontology,http://purl.obolibrary.org/obo/GO_0044298
GO:0045111,intermediate filament cytoskeleton,intermediate filament cytoskeleton (CellularComponent),CC BY 4.0,Gene Ontology,http://purl.obolibrary.org/obo/GO_0045111
GO:0005952,cAMP-dependent protein kinase complex,cAMP-dependent protein kinase complex (CellularComponent),CC BY 4.0,Gene Ontology,http://purl.obolibrary.org/obo/GO_0005952
GO:0071953,elastic fiber,elastic fiber (CellularComponent),CC BY 4.0,Gene Ontology,http://purl.obolibrary.org/obo/GO_0071953
GO:1990907,beta-catenin-TCF complex,beta-catenin-TCF complex (CellularComponent),CC BY 4.0,Gene Ontology,http://purl.obolibrary.org/obo/GO_1990907
GO:0035101,FACT complex,FACT complex (CellularComponent),CC BY 4.0,Gene Ontology,http://purl.obolibrary.org/obo/GO_0035101
GO:0036020,endolysosome membrane,endolysosome membrane (CellularComponent),CC BY 4.0,Gene Ontology,http://purl.obolibrary.org/obo/GO_0036020
GO:0043020,NADPH oxidase complex,NADPH oxidase complex (CellularComponent),CC BY 4.0,Gene Ontology,http://purl.obolibrary.org/obo/GO_0043020
GO:0008537,proteasome activator complex,proteasome activator complex (CellularComponent),CC BY 4.0,Gene Ontology,http://purl.obolibrary.org/obo/GO_0008537
GO:0033176,proton-transporting V-type ATPase complex,proton-transporting V-type ATPase complex (CellularComponent),CC BY 4.0,Gene Ontology,http://purl.obolibrary.org/obo/GO_0033176
GO:0022626,cytosolic ribosome,cytosolic ribosome (CellularComponent),CC BY 4.0,Gene Ontology,http://purl.obolibrary.org/obo/GO_0022626
GO:0033503,HULC complex,HULC complex (CellularComponent),CC BY 4.0,Gene Ontology,http://purl.obolibrary.org/obo/GO_0033503
GO:0000811,GINS complex,GINS complex (CellularComponent),CC BY 4.0,Gene Ontology,http://purl.obolibrary.org/obo/GO_0000811
GO:0097197,tetraspanin-enriched microdomain,tetraspanin-enriched microdomain (CellularComponent),CC BY 4.0,Gene Ontology,http://purl.obolibrary.org/obo/GO_0097197
GO:0043083,synaptic cleft,synaptic cleft (CellularComponent),CC BY 4.0,Gene Ontology,http://purl.obolibrary.org/obo/GO_0043083
GO:0030136,clathrin-coated vesicle,clathrin-coated vesicle (CellularComponent),CC BY 4.0,Gene Ontology,http://purl.obolibrary.org/obo/GO_0030136
GO:0043189,H4/H2A histone acetyltransferase complex,H4/H2A histone acetyltransferase complex (CellularComponent),CC BY 4.0,Gene Ontology,http://purl.obolibrary.org/obo/GO_0043189
GO:1990454,L-type voltage-gated calcium channel complex,L-type voltage-gated calcium channel complex (CellularComponent),CC BY 4.0,Gene Ontology,http://purl.obolibrary.org/obo/GO_1990454
GO:0032311,angiogenin-PRI complex,angiogenin-PRI complex (CellularComponent),CC BY 4.0,Gene Ontology,http://purl.obolibrary.org/obo/GO_0032311
GO:0005771,multivesicular body,multivesicular body (CellularComponent),CC BY 4.0,Gene Ontology,http://purl.obolibrary.org/obo/GO_0005771
GO:0000315,organellar large ribosomal subunit,organellar large ribosomal subunit (CellularComponent),CC BY 4.0,Gene Ontology,http://purl.obolibrary.org/obo/GO_0000315
GO:0034991,nuclear meiotic cohesin complex,nuclear meiotic cohesin complex (CellularComponent),CC BY 4.0,Gene Ontology,http://purl.obolibrary.org/obo/GO_0034991
GO:0099501,exocytic vesicle membrane,exocytic vesicle membrane (CellularComponent),CC BY 4.0,Gene Ontology,http://purl.obolibrary.org/obo/GO_0099501
GO:0005793,endoplasmic reticulum-Golgi intermediate compartment,endoplasmic reticulum-Golgi intermediate compartment (CellularComponent),CC BY 4.0,Gene Ontology,http://purl.obolibrary.org/obo/GO_0005793
GO:0045098,type III intermediate filament,type III intermediate filament (CellularComponent),CC BY 4.0,Gene Ontology,http://purl.obolibrary.org/obo/GO_0045098
GO:0000124,SAGA complex,SAGA complex (CellularComponent),CC BY 4.0,Gene Ontology,http://purl.obolibrary.org/obo/GO_0000124
GO:0000794,condensed nuclear chromosome,condensed nuclear chromosome (CellularComponent),CC BY 4.0,Gene Ontology,http://purl.obolibrary.org/obo/GO_0000794
GO:1990316,ATG1/ULK1 kinase complex,ATG1/ULK1 kinase complex (CellularComponent),CC BY 4.0,Gene Ontology,http://purl.obolibrary.org/obo/GO_1990316
GO:0045495,pole plasm,pole plasm (CellularComponent),CC BY 4.0,Gene Ontology,http://purl.obolibrary.org/obo/GO_0045495
GO:0020016,ciliary pocket,ciliary pocket (CellularComponent),CC BY 4.0,Gene Ontology,http://purl.obolibrary.org/obo/GO_0020016
GO:0005767,secondary lysosome,secondary lysosome (CellularComponent),CC BY 4.0,Gene Ontology,http://purl.obolibrary.org/obo/GO_0005767
GO:1990234,transferase complex,transferase complex (CellularComponent),CC BY 4.0,Gene Ontology,http://purl.obolibrary.org/obo/GO_1990234
GO:0045211,postsynaptic membrane,postsynaptic membrane (CellularComponent),CC BY 4.0,Gene Ontology,http://purl.obolibrary.org/obo/GO_0045211
GO:0034457,Mpp10 complex,Mpp10 complex (CellularComponent),CC BY 4.0,Gene Ontology,http://purl.obolibrary.org/obo/GO_0034457
GO:1902937,inward rectifier potassium channel complex,inward rectifier potassium channel complex (CellularComponent),CC BY 4.0,Gene Ontology,http://purl.obolibrary.org/obo/GO_1902937
GO:0032587,ruffle membrane,ruffle membrane (CellularComponent),CC BY 4.0,Gene Ontology,http://purl.obolibrary.org/obo/GO_0032587
GO:0033290,eukaryotic 48S preinitiation complex,eukaryotic 48S preinitiation complex (CellularComponent),CC BY 4.0,Gene Ontology,http://purl.obolibrary.org/obo/GO_0033290
GO:0061617,MICOS complex,MICOS complex (CellularComponent),CC BY 4.0,Gene Ontology,http://purl.obolibrary.org/obo/GO_0061617
GO:0032806,carboxy-terminal domain protein kinase complex,carboxy-terminal domain protein kinase complex (CellularComponent),CC BY 4.0,Gene Ontology,http://purl.obolibrary.org/obo/GO_0032806
GO:0032301,MutSalpha complex,MutSalpha complex (CellularComponent),CC BY 4.0,Gene Ontology,http://purl.obolibrary.org/obo/GO_0032301
GO:0030061,mitochondrial crista,mitochondrial crista (CellularComponent),CC BY 4.0,Gene Ontology,http://purl.obolibrary.org/obo/GO_0030061
GO:0097542,ciliary tip,ciliary tip (CellularComponent),CC BY 4.0,Gene Ontology,http://purl.obolibrary.org/obo/GO_0097542
GO:0005579,membrane attack complex,membrane attack complex (CellularComponent),CC BY 4.0,Gene Ontology,http://purl.obolibrary.org/obo/GO_0005579
GO:0070776,MOZ/MORF histone acetyltransferase complex,MOZ/MORF histone acetyltransferase complex (CellularComponent),CC BY 4.0,Gene Ontology,http://purl.obolibrary.org/obo/GO_0070776
GO:0005594,collagen type IX trimer,collagen type IX trimer (CellularComponent),CC BY 4.0,Gene Ontology,http://purl.obolibrary.org/obo/GO_0005594
GO:0030127,COPII vesicle coat,COPII vesicle coat (CellularComponent),CC BY 4.0,Gene Ontology,http://purl.obolibrary.org/obo/GO_0030127
GO:0016442,RISC complex,RISC complex (CellularComponent),CC BY 4.0,Gene Ontology,http://purl.obolibrary.org/obo/GO_0016442
GO:0046696,lipopolysaccharide receptor complex,lipopolysaccharide receptor complex (CellularComponent),CC BY 4.0,Gene Ontology,http://purl.obolibrary.org/obo/GO_0046696
GO:0032421,stereocilium bundle,stereocilium bundle (CellularComponent),CC BY 4.0,Gene Ontology,http://purl.obolibrary.org/obo/GO_0032421
GO:0005868,cytoplasmic dynein complex,cytoplasmic dynein complex (CellularComponent),CC BY 4.0,Gene Ontology,http://purl.obolibrary.org/obo/GO_0005868
GO:0016460,myosin II complex,myosin II complex (CellularComponent),CC BY 4.0,Gene Ontology,http://purl.obolibrary.org/obo/GO_0016460
GO:0005883,neurofilament,neurofilament (CellularComponent),CC BY 4.0,Gene Ontology,http://purl.obolibrary.org/obo/GO_0005883
GO:0032993,protein-DNA complex,protein-DNA complex (CellularComponent),CC BY 4.0,Gene Ontology,http://purl.obolibrary.org/obo/GO_0032993
GO:0005675,holo TFIIH complex,holo TFIIH complex (CellularComponent),CC BY 4.0,Gene Ontology,http://purl.obolibrary.org/obo/GO_0005675
GO:0031430,M band,M band (CellularComponent),CC BY 4.0,Gene Ontology,http://purl.obolibrary.org/obo/GO_0031430
GO:0042641,actomyosin,actomyosin (CellularComponent),CC BY 4.0,Gene Ontology,http://purl.obolibrary.org/obo/GO_0042641
GO:0032116,SMC loading complex,SMC loading complex (CellularComponent),CC BY 4.0,Gene Ontology,http://purl.obolibrary.org/obo/GO_0032116
GO:0097209,epidermal lamellar body,epidermal lamellar body (CellularComponent),CC BY 4.0,Gene Ontology,http://purl.obolibrary.org/obo/GO_0097209
GO:0043159,acrosomal matrix,acrosomal matrix (CellularComponent),CC BY 4.0,Gene Ontology,http://purl.obolibrary.org/obo/GO_0043159
GO:0030669,clathrin-coated endocytic vesicle membrane,clathrin-coated endocytic vesicle membrane (CellularComponent),CC BY 4.0,Gene Ontology,http://purl.obolibrary.org/obo/GO_0030669
GO:0005746,mitochondrial respiratory chain,mitochondrial respiratory chain (CellularComponent),CC BY 4.0,Gene Ontology,http://purl.obolibrary.org/obo/GO_0005746
GO:0044614,nuclear pore cytoplasmic filaments,nuclear pore cytoplasmic filaments (CellularComponent),CC BY 4.0,Gene Ontology,http://purl.obolibrary.org/obo/GO_0044614
GO:0070775,H3 histone acetyltransferase complex,H3 histone acetyltransferase complex (CellularComponent),CC BY 4.0,Gene Ontology,http://purl.obolibrary.org/obo/GO_0070775
GO:0000444,MIS12/MIND type complex,MIS12/MIND type complex (CellularComponent),CC BY 4.0,Gene Ontology,http://purl.obolibrary.org/obo/GO_0000444
GO:0034751,aryl hydrocarbon receptor complex,aryl hydrocarbon receptor complex (CellularComponent),CC BY 4.0,Gene Ontology,http://purl.obolibrary.org/obo/GO_0034751
GO:0032839,dendrite cytoplasm,dendrite cytoplasm (CellularComponent),CC BY 4.0,Gene Ontology,http://purl.obolibrary.org/obo/GO_0032839
GO:0097443,sorting endosome,sorting endosome (CellularComponent),CC BY 4.0,Gene Ontology,http://purl.obolibrary.org/obo/GO_0097443
GO:0002944,cyclin K-CDK12 complex,cyclin K-CDK12 complex (CellularComponent),CC BY 4.0,Gene Ontology,http://purl.obolibrary.org/obo/GO_0002944
GO:0030964,NADH dehydrogenase complex,NADH dehydrogenase complex (CellularComponent),CC BY 4.0,Gene Ontology,http://purl.obolibrary.org/obo/GO_0030964
GO:0034358,plasma lipoprotein particle,plasma lipoprotein particle (CellularComponent),CC BY 4.0,Gene Ontology,http://purl.obolibrary.org/obo/GO_0034358
GO:1990812,growth cone filopodium,growth cone filopodium (CellularComponent),CC BY 4.0,Gene Ontology,http://purl.obolibrary.org/obo/GO_1990812
GO:0090537,CERF complex,CERF complex (CellularComponent),CC BY 4.0,Gene Ontology,http://purl.obolibrary.org/obo/GO_0090537
GO:0000806,Y chromosome,Y chromosome (CellularComponent),CC BY 4.0,Gene Ontology,http://purl.obolibrary.org/obo/GO_0000806
GO:0097454,Schwann cell microvillus,Schwann cell microvillus (CellularComponent),CC BY 4.0,Gene Ontology,http://purl.obolibrary.org/obo/GO_0097454
GO:0009368,endopeptidase Clp complex,endopeptidase Clp complex (CellularComponent),CC BY 4.0,Gene Ontology,http://purl.obolibrary.org/obo/GO_0009368
GO:0097233,alveolar lamellar body membrane,alveolar lamellar body membrane (CellularComponent),CC BY 4.0,Gene Ontology,http://purl.obolibrary.org/obo/GO_0097233
GO:0035032,"phosphatidylinositol 3-kinase complex, class III","phosphatidylinositol 3-kinase complex, class III (CellularComponent)",CC BY 4.0,Gene Ontology,http://purl.obolibrary.org/obo/GO_0035032
GO:0030684,preribosome,preribosome (CellularComponent),CC BY 4.0,Gene Ontology,http://purl.obolibrary.org/obo/GO_0030684
GO:0030672,synaptic vesicle membrane,synaptic vesicle membrane (CellularComponent),CC BY 4.0,Gene Ontology,http://purl.obolibrary.org/obo/GO_0030672
GO:0098643,banded collagen fibril,banded collagen fibril (CellularComponent),CC BY 4.0,Gene Ontology,http://purl.obolibrary.org/obo/GO_0098643
GO:0090543,Flemming body,Flemming body (CellularComponent),CC BY 4.0,Gene Ontology,http://purl.obolibrary.org/obo/GO_0090543
GO:0030686,90S preribosome,90S preribosome (CellularComponent),CC BY 4.0,Gene Ontology,http://purl.obolibrary.org/obo/GO_0030686
GO:0035841,new growing cell tip,new growing cell tip (CellularComponent),CC BY 4.0,Gene Ontology,http://purl.obolibrary.org/obo/GO_0035841
GO:0089701,U2AF,U2AF (CellularComponent),CC BY 4.0,Gene Ontology,http://purl.obolibrary.org/obo/GO_0089701
GO:0032584,growth cone membrane,growth cone membrane (CellularComponent),CC BY 4.0,Gene Ontology,http://purl.obolibrary.org/obo/GO_0032584
GO:0048471,perinuclear region of cytoplasm,perinuclear region of cytoplasm (CellularComponent),CC BY 4.0,Gene Ontology,http://purl.obolibrary.org/obo/GO_0048471
GO:0045025,mitochondrial degradosome,mitochondrial degradosome (CellularComponent),CC BY 4.0,Gene Ontology,http://purl.obolibrary.org/obo/GO_0045025
GO:0032593,insulin-responsive compartment,insulin-responsive compartment (CellularComponent),CC BY 4.0,Gene Ontology,http://purl.obolibrary.org/obo/GO_0032593
GO:0000127,transcription factor TFIIIC complex,transcription factor TFIIIC complex (CellularComponent),CC BY 4.0,Gene Ontology,http://purl.obolibrary.org/obo/GO_0000127
GO:0032280,symmetric synapse,symmetric synapse (CellularComponent),CC BY 4.0,Gene Ontology,http://purl.obolibrary.org/obo/GO_0032280
GO:0097418,neurofibrillary tangle,neurofibrillary tangle (CellularComponent),CC BY 4.0,Gene Ontology,http://purl.obolibrary.org/obo/GO_0097418
GO:0005726,perichromatin fibrils,perichromatin fibrils (CellularComponent),CC BY 4.0,Gene Ontology,http://purl.obolibrary.org/obo/GO_0005726
GO:1902493,acetyltransferase complex,acetyltransferase complex (CellularComponent),CC BY 4.0,Gene Ontology,http://purl.obolibrary.org/obo/GO_1902493
GO:0071159,NF-kappaB complex,NF-kappaB complex (CellularComponent),CC BY 4.0,Gene Ontology,http://purl.obolibrary.org/obo/GO_0071159
GO:0015935,small ribosomal subunit,small ribosomal subunit (CellularComponent),CC BY 4.0,Gene Ontology,http://purl.obolibrary.org/obo/GO_0015935
GO:0060198,clathrin-sculpted vesicle,clathrin-sculpted vesicle (CellularComponent),CC BY 4.0,Gene Ontology,http://purl.obolibrary.org/obo/GO_0060198
GO:0000791,euchromatin,euchromatin (CellularComponent),CC BY 4.0,Gene Ontology,http://purl.obolibrary.org/obo/GO_0000791
GO:0000796,condensin complex,condensin complex (CellularComponent),CC BY 4.0,Gene Ontology,http://purl.obolibrary.org/obo/GO_0000796
GO:0000795,synaptonemal complex,synaptonemal complex (CellularComponent),CC BY 4.0,Gene Ontology,http://purl.obolibrary.org/obo/GO_0000795
GO:0070938,contractile ring,contractile ring (CellularComponent),CC BY 4.0,Gene Ontology,http://purl.obolibrary.org/obo/GO_0070938
GO:1990909,Wnt signalosome,Wnt signalosome (CellularComponent),CC BY 4.0,Gene Ontology,http://purl.obolibrary.org/obo/GO_1990909
GO:0042584,chromaffin granule membrane,chromaffin granule membrane (CellularComponent),CC BY 4.0,Gene Ontology,http://purl.obolibrary.org/obo/GO_0042584
GO:0097413,Lewy body,Lewy body (CellularComponent),CC BY 4.0,Gene Ontology,http://purl.obolibrary.org/obo/GO_0097413
GO:0030132,clathrin coat of coated pit,clathrin coat of coated pit (CellularComponent),CC BY 4.0,Gene Ontology,http://purl.obolibrary.org/obo/GO_0030132
GO:0036019,endolysosome,endolysosome (CellularComponent),CC BY 4.0,Gene Ontology,http://purl.obolibrary.org/obo/GO_0036019
GO:0045178,basal part of cell,basal part of cell (CellularComponent),CC BY 4.0,Gene Ontology,http://purl.obolibrary.org/obo/GO_0045178
GO:0042599,lamellar body,lamellar body (CellularComponent),CC BY 4.0,Gene Ontology,http://purl.obolibrary.org/obo/GO_0042599
GO:0005811,lipid particle,lipid particle (CellularComponent),CC BY 4.0,Gene Ontology,http://purl.obolibrary.org/obo/GO_0005811
GO:0042105,alpha-beta T cell receptor complex,alpha-beta T cell receptor complex (CellularComponent),CC BY 4.0,Gene Ontology,http://purl.obolibrary.org/obo/GO_0042105
GO:0008278,cohesin complex,cohesin complex (CellularComponent),CC BY 4.0,Gene Ontology,http://purl.obolibrary.org/obo/GO_0008278
GO:0005911,cell-cell junction,cell-cell junction (CellularComponent),CC BY 4.0,Gene Ontology,http://purl.obolibrary.org/obo/GO_0005911
GO:0034686,integrin alphav-beta8 complex,integrin alphav-beta8 complex (CellularComponent),CC BY 4.0,Gene Ontology,http://purl.obolibrary.org/obo/GO_0034686
GO:0097232,lamellar body membrane,lamellar body membrane (CellularComponent),CC BY 4.0,Gene Ontology,http://purl.obolibrary.org/obo/GO_0097232
GO:0016281,eukaryotic translation initiation factor 4F complex,eukaryotic translation initiation factor 4F complex (CellularComponent),CC BY 4.0,Gene Ontology,http://purl.obolibrary.org/obo/GO_0016281
GO:0036464,cytoplasmic ribonucleoprotein granule,cytoplasmic ribonucleoprotein granule (CellularComponent),CC BY 4.0,Gene Ontology,http://purl.obolibrary.org/obo/GO_0036464
GO:0000974,Prp19 complex,Prp19 complex (CellularComponent),CC BY 4.0,Gene Ontology,http://purl.obolibrary.org/obo/GO_0000974
GO:0035859,Seh1-associated complex,Seh1-associated complex (CellularComponent),CC BY 4.0,Gene Ontology,http://purl.obolibrary.org/obo/GO_0035859
GO:0032420,stereocilium,stereocilium (CellularComponent),CC BY 4.0,Gene Ontology,http://purl.obolibrary.org/obo/GO_0032420
GO:0002079,inner acrosomal membrane,inner acrosomal membrane (CellularComponent),CC BY 4.0,Gene Ontology,http://purl.obolibrary.org/obo/GO_0002079
GO:0033768,SUMO-targeted ubiquitin ligase complex,SUMO-targeted ubiquitin ligase complex (CellularComponent),CC BY 4.0,Gene Ontology,http://purl.obolibrary.org/obo/GO_0033768
GO:0000803,sex chromosome,sex chromosome (CellularComponent),CC BY 4.0,Gene Ontology,http://purl.obolibrary.org/obo/GO_0000803
GO:0032937,SREBP-SCAP-Insig complex,SREBP-SCAP-Insig complex (CellularComponent),CC BY 4.0,Gene Ontology,http://purl.obolibrary.org/obo/GO_0032937
GO:0071062,alphav-beta3 integrin-vitronectin complex,alphav-beta3 integrin-vitronectin complex (CellularComponent),CC BY 4.0,Gene Ontology,http://purl.obolibrary.org/obo/GO_0071062
GO:0033018,sarcoplasmic reticulum lumen,sarcoplasmic reticulum lumen (CellularComponent),CC BY 4.0,Gene Ontology,http://purl.obolibrary.org/obo/GO_0033018
GO:0031300,intrinsic component of organelle membrane,intrinsic component of organelle membrane (CellularComponent),CC BY 4.0,Gene Ontology,http://purl.obolibrary.org/obo/GO_0031300
GO:0005741,mitochondrial outer membrane,mitochondrial outer membrane (CellularComponent),CC BY 4.0,Gene Ontology,http://purl.obolibrary.org/obo/GO_0005741
GO:0019867,outer membrane,outer membrane (CellularComponent),CC BY 4.0,Gene Ontology,http://purl.obolibrary.org/obo/GO_0019867
GO:0005801,cis-Golgi network,cis-Golgi network (CellularComponent),CC BY 4.0,Gene Ontology,http://purl.obolibrary.org/obo/GO_0005801
GO:0005922,connexon complex,connexon complex (CellularComponent),CC BY 4.0,Gene Ontology,http://purl.obolibrary.org/obo/GO_0005922
GO:0034706,sodium channel complex,sodium channel complex (CellularComponent),CC BY 4.0,Gene Ontology,http://purl.obolibrary.org/obo/GO_0034706
GO:0071020,post-spliceosomal complex,post-spliceosomal complex (CellularComponent),CC BY 4.0,Gene Ontology,http://purl.obolibrary.org/obo/GO_0071020
GO:0097541,axonemal basal plate,axonemal basal plate (CellularComponent),CC BY 4.0,Gene Ontology,http://purl.obolibrary.org/obo/GO_0097541
GO:0001891,phagocytic cup,phagocytic cup (CellularComponent),CC BY 4.0,Gene Ontology,http://purl.obolibrary.org/obo/GO_0001891
GO:0030990,intraciliary transport particle,intraciliary transport particle (CellularComponent),CC BY 4.0,Gene Ontology,http://purl.obolibrary.org/obo/GO_0030990
GO:0032279,asymmetric synapse,asymmetric synapse (CellularComponent),CC BY 4.0,Gene Ontology,http://purl.obolibrary.org/obo/GO_0032279
GO:0031514,motile cilium,motile cilium (CellularComponent),CC BY 4.0,Gene Ontology,http://purl.obolibrary.org/obo/GO_0031514
GO:0000922,spindle pole,spindle pole (CellularComponent),CC BY 4.0,Gene Ontology,http://purl.obolibrary.org/obo/GO_0000922
GO:0042588,zymogen granule,zymogen granule (CellularComponent),CC BY 4.0,Gene Ontology,http://purl.obolibrary.org/obo/GO_0042588
GO:0005751,mitochondrial respiratory chain complex IV,mitochondrial respiratory chain complex IV (CellularComponent),CC BY 4.0,Gene Ontology,http://purl.obolibrary.org/obo/GO_0005751
GO:0005796,Golgi lumen,Golgi lumen (CellularComponent),CC BY 4.0,Gene Ontology,http://purl.obolibrary.org/obo/GO_0005796
GO:0034709,methylosome,methylosome (CellularComponent),CC BY 4.0,Gene Ontology,http://purl.obolibrary.org/obo/GO_0034709
GO:0071006,U2-type catalytic step 1 spliceosome,U2-type catalytic step 1 spliceosome (CellularComponent),CC BY 4.0,Gene Ontology,http://purl.obolibrary.org/obo/GO_0071006
GO:0030992,intraciliary transport particle B,intraciliary transport particle B (CellularComponent),CC BY 4.0,Gene Ontology,http://purl.obolibrary.org/obo/GO_0030992
GO:0005971,ribonucleoside-diphosphate reductase complex,ribonucleoside-diphosphate reductase complex (CellularComponent),CC BY 4.0,Gene Ontology,http://purl.obolibrary.org/obo/GO_0005971
GO:0034451,centriolar satellite,centriolar satellite (CellularComponent),CC BY 4.0,Gene Ontology,http://purl.obolibrary.org/obo/GO_0034451
GO:0098651,basement membrane collagen trimer,basement membrane collagen trimer (CellularComponent),CC BY 4.0,Gene Ontology,http://purl.obolibrary.org/obo/GO_0098651
GO:0030867,rough endoplasmic reticulum membrane,rough endoplasmic reticulum membrane (CellularComponent),CC BY 4.0,Gene Ontology,http://purl.obolibrary.org/obo/GO_0030867
GO:0031501,mannosyltransferase complex,mannosyltransferase complex (CellularComponent),CC BY 4.0,Gene Ontology,http://purl.obolibrary.org/obo/GO_0031501
GO:0030427,site of polarized growth,site of polarized growth (CellularComponent),CC BY 4.0,Gene Ontology,http://purl.obolibrary.org/obo/GO_0030427
GO:0048770,pigment granule,pigment granule (CellularComponent),CC BY 4.0,Gene Ontology,http://purl.obolibrary.org/obo/GO_0048770
GO:1990879,CST complex,CST complex (CellularComponent),CC BY 4.0,Gene Ontology,http://purl.obolibrary.org/obo/GO_1990879
GO:0044354,macropinosome,macropinosome (CellularComponent),CC BY 4.0,Gene Ontology,http://purl.obolibrary.org/obo/GO_0044354
GO:0030670,phagocytic vesicle membrane,phagocytic vesicle membrane (CellularComponent),CC BY 4.0,Gene Ontology,http://purl.obolibrary.org/obo/GO_0030670
GO:0099572,postsynaptic specialization,postsynaptic specialization (CellularComponent),CC BY 4.0,Gene Ontology,http://purl.obolibrary.org/obo/GO_0099572
GO:0045252,oxoglutarate dehydrogenase complex,oxoglutarate dehydrogenase complex (CellularComponent),CC BY 4.0,Gene Ontology,http://purl.obolibrary.org/obo/GO_0045252
GO:0034993,LINC complex,LINC complex (CellularComponent),CC BY 4.0,Gene Ontology,http://purl.obolibrary.org/obo/GO_0034993
GO:0031673,H zone,H zone (CellularComponent),CC BY 4.0,Gene Ontology,http://purl.obolibrary.org/obo/GO_0031673
GO:0035686,sperm fibrous sheath,sperm fibrous sheath (CellularComponent),CC BY 4.0,Gene Ontology,http://purl.obolibrary.org/obo/GO_0035686
GO:0031254,cell trailing edge,cell trailing edge (CellularComponent),CC BY 4.0,Gene Ontology,http://purl.obolibrary.org/obo/GO_0031254
GO:0070044,synaptobrevin 2-SNAP-25-syntaxin-1a complex,synaptobrevin 2-SNAP-25-syntaxin-1a complex (CellularComponent),CC BY 4.0,Gene Ontology,http://purl.obolibrary.org/obo/GO_0070044
GO:0032021,NELF complex,NELF complex (CellularComponent),CC BY 4.0,Gene Ontology,http://purl.obolibrary.org/obo/GO_0032021
GO:0000177,cytoplasmic exosome (RNase complex),cytoplasmic exosome (RNase complex) (CellularComponent),CC BY 4.0,Gene Ontology,http://purl.obolibrary.org/obo/GO_0000177
GO:0005606,laminin-1 complex,laminin-1 complex (CellularComponent),CC BY 4.0,Gene Ontology,http://purl.obolibrary.org/obo/GO_0005606
GO:0009279,cell outer membrane,cell outer membrane (CellularComponent),CC BY 4.0,Gene Ontology,http://purl.obolibrary.org/obo/GO_0009279
GO:0005965,protein farnesyltransferase complex,protein farnesyltransferase complex (CellularComponent),CC BY 4.0,Gene Ontology,http://purl.obolibrary.org/obo/GO_0005965
GO:0001651,dense fibrillar component,dense fibrillar component (CellularComponent),CC BY 4.0,Gene Ontology,http://purl.obolibrary.org/obo/GO_0001651
GO:0019012,virion,virion (CellularComponent),CC BY 4.0,Gene Ontology,http://purl.obolibrary.org/obo/GO_0019012
GO:0031597,cytosolic proteasome complex,cytosolic proteasome complex (CellularComponent),CC BY 4.0,Gene Ontology,http://purl.obolibrary.org/obo/GO_0031597
GO:0033179,"proton-transporting V-type ATPase, V0 domain","proton-transporting V-type ATPase, V0 domain (CellularComponent)",CC BY 4.0,Gene Ontology,http://purl.obolibrary.org/obo/GO_0033179
GO:0044798,nuclear transcription factor complex,nuclear transcription factor complex (CellularComponent),CC BY 4.0,Gene Ontology,http://purl.obolibrary.org/obo/GO_0044798
GO:1990462,omegasome,omegasome (CellularComponent),CC BY 4.0,Gene Ontology,http://purl.obolibrary.org/obo/GO_1990462
GO:0005797,Golgi medial cisterna,Golgi medial cisterna (CellularComponent),CC BY 4.0,Gene Ontology,http://purl.obolibrary.org/obo/GO_0005797
GO:0043190,ATP-binding cassette (ABC) transporter complex,ATP-binding cassette (ABC) transporter complex (CellularComponent),CC BY 4.0,Gene Ontology,http://purl.obolibrary.org/obo/GO_0043190
GO:0032426,stereocilium tip,stereocilium tip (CellularComponent),CC BY 4.0,Gene Ontology,http://purl.obolibrary.org/obo/GO_0032426
GO:0030139,endocytic vesicle,endocytic vesicle (CellularComponent),CC BY 4.0,Gene Ontology,http://purl.obolibrary.org/obo/GO_0030139
GO:0030906,"retromer, cargo-selective complex","retromer, cargo-selective complex (CellularComponent)",CC BY 4.0,Gene Ontology,http://purl.obolibrary.org/obo/GO_0030906
GO:1903767,sweet taste receptor complex,sweet taste receptor complex (CellularComponent),CC BY 4.0,Gene Ontology,http://purl.obolibrary.org/obo/GO_1903767
GO:0043005,neuron projection,neuron projection (CellularComponent),CC BY 4.0,Gene Ontology,http://purl.obolibrary.org/obo/GO_0043005
GO:0000798,nuclear cohesin complex,nuclear cohesin complex (CellularComponent),CC BY 4.0,Gene Ontology,http://purl.obolibrary.org/obo/GO_0000798
GO:0016461,unconventional myosin complex,unconventional myosin complex (CellularComponent),CC BY 4.0,Gene Ontology,http://purl.obolibrary.org/obo/GO_0016461
GO:0044327,dendritic spine head,dendritic spine head (CellularComponent),CC BY 4.0,Gene Ontology,http://purl.obolibrary.org/obo/GO_0044327
GO:0044299,C-fiber,C-fiber (CellularComponent),CC BY 4.0,Gene Ontology,http://purl.obolibrary.org/obo/GO_0044299
GO:0032588,trans-Golgi network membrane,trans-Golgi network membrane (CellularComponent),CC BY 4.0,Gene Ontology,http://purl.obolibrary.org/obo/GO_0032588
GO:0005697,telomerase holoenzyme complex,telomerase holoenzyme complex (CellularComponent),CC BY 4.0,Gene Ontology,http://purl.obolibrary.org/obo/GO_0005697
GO:0031298,replication fork protection complex,replication fork protection complex (CellularComponent),CC BY 4.0,Gene Ontology,http://purl.obolibrary.org/obo/GO_0031298
GO:0000778,condensed nuclear chromosome kinetochore,condensed nuclear chromosome kinetochore (CellularComponent),CC BY 4.0,Gene Ontology,http://purl.obolibrary.org/obo/GO_0000778
GO:0031315,extrinsic component of mitochondrial outer membrane,extrinsic component of mitochondrial outer membrane (CellularComponent),CC BY 4.0,Gene Ontology,http://purl.obolibrary.org/obo/GO_0031315
GO:0034702,ion channel complex,ion channel complex (CellularComponent),CC BY 4.0,Gene Ontology,http://purl.obolibrary.org/obo/GO_0034702
GO:0042575,DNA polymerase complex,DNA polymerase complex (CellularComponent),CC BY 4.0,Gene Ontology,http://purl.obolibrary.org/obo/GO_0042575
GO:0033061,DNA recombinase mediator complex,DNA recombinase mediator complex (CellularComponent),CC BY 4.0,Gene Ontology,http://purl.obolibrary.org/obo/GO_0033061
GO:0031595,nuclear proteasome complex,nuclear proteasome complex (CellularComponent),CC BY 4.0,Gene Ontology,http://purl.obolibrary.org/obo/GO_0031595
GO:0005846,nuclear cap binding complex,nuclear cap binding complex (CellularComponent),CC BY 4.0,Gene Ontology,http://purl.obolibrary.org/obo/GO_0005846
GO:0016607,nuclear speck,nuclear speck (CellularComponent),CC BY 4.0,Gene Ontology,http://purl.obolibrary.org/obo/GO_0016607
GO:0030658,transport vesicle membrane,transport vesicle membrane (CellularComponent),CC BY 4.0,Gene Ontology,http://purl.obolibrary.org/obo/GO_0030658
GO:0060201,clathrin-sculpted acetylcholine transport vesicle membrane,clathrin-sculpted acetylcholine transport vesicle membrane (CellularComponent),CC BY 4.0,Gene Ontology,http://purl.obolibrary.org/obo/GO_0060201
GO:0008290,F-actin capping protein complex,F-actin capping protein complex (CellularComponent),CC BY 4.0,Gene Ontology,http://purl.obolibrary.org/obo/GO_0008290
GO:0034455,t-UTP complex,t-UTP complex (CellularComponent),CC BY 4.0,Gene Ontology,http://purl.obolibrary.org/obo/GO_0034455
GO:0005663,DNA replication factor C complex,DNA replication factor C complex (CellularComponent),CC BY 4.0,Gene Ontology,http://purl.obolibrary.org/obo/GO_0005663
GO:0097342,ripoptosome,ripoptosome (CellularComponent),CC BY 4.0,Gene Ontology,http://purl.obolibrary.org/obo/GO_0097342
GO:0070469,respiratory chain,respiratory chain (CellularComponent),CC BY 4.0,Gene Ontology,http://purl.obolibrary.org/obo/GO_0070469
GO:0045171,intercellular bridge,intercellular bridge (CellularComponent),CC BY 4.0,Gene Ontology,http://purl.obolibrary.org/obo/GO_0045171
GO:0005953,CAAX-protein geranylgeranyltransferase complex,CAAX-protein geranylgeranyltransferase complex (CellularComponent),CC BY 4.0,Gene Ontology,http://purl.obolibrary.org/obo/GO_0005953
GO:0098802,plasma membrane receptor complex,plasma membrane receptor complex (CellularComponent),CC BY 4.0,Gene Ontology,http://purl.obolibrary.org/obo/GO_0098802
GO:0010494,cytoplasmic stress granule,cytoplasmic stress granule (CellularComponent),CC BY 4.0,Gene Ontology,http://purl.obolibrary.org/obo/GO_0010494
GO:0044291,cell-cell contact zone,cell-cell contact zone (CellularComponent),CC BY 4.0,Gene Ontology,http://purl.obolibrary.org/obo/GO_0044291
GO:0044322,endoplasmic reticulum quality control compartment,endoplasmic reticulum quality control compartment (CellularComponent),CC BY 4.0,Gene Ontology,http://purl.obolibrary.org/obo/GO_0044322
GO:0099568,cytoplasmic region,cytoplasmic region (CellularComponent),CC BY 4.0,Gene Ontology,http://purl.obolibrary.org/obo/GO_0099568
GO:0098800,inner mitochondrial membrane protein complex,inner mitochondrial membrane protein complex (CellularComponent),CC BY 4.0,Gene Ontology,http://purl.obolibrary.org/obo/GO_0098800
GO:0000123,histone acetyltransferase complex,histone acetyltransferase complex (CellularComponent),CC BY 4.0,Gene Ontology,http://purl.obolibrary.org/obo/GO_0000123
GO:0098831,presynaptic active zone cytoplasmic component,presynaptic active zone cytoplasmic component (CellularComponent),CC BY 4.0,Gene Ontology,http://purl.obolibrary.org/obo/GO_0098831
GO:0044665,MLL1/2 complex,MLL1/2 complex (CellularComponent),CC BY 4.0,Gene Ontology,http://purl.obolibrary.org/obo/GO_0044665
GO:0035985,senescence-associated heterochromatin focus,senescence-associated heterochromatin focus (CellularComponent),CC BY 4.0,Gene Ontology,http://purl.obolibrary.org/obo/GO_0035985
GO:0097014,ciliary plasm,ciliary plasm (CellularComponent),CC BY 4.0,Gene Ontology,http://purl.obolibrary.org/obo/GO_0097014
GO:0061202,clathrin-sculpted gamma-aminobutyric acid transport vesicle membrane,clathrin-sculpted gamma-aminobutyric acid transport vesicle membrane (CellularComponent),CC BY 4.0,Gene Ontology,http://purl.obolibrary.org/obo/GO_0061202
GO:0034066,RIC1-RGP1 guanyl-nucleotide exchange factor complex,RIC1-RGP1 guanyl-nucleotide exchange factor complex (CellularComponent),CC BY 4.0,Gene Ontology,http://purl.obolibrary.org/obo/GO_0034066
GO:0030673,axolemma,axolemma (CellularComponent),CC BY 4.0,Gene Ontology,http://purl.obolibrary.org/obo/GO_0030673
GO:0044306,neuron projection terminus,neuron projection terminus (CellularComponent),CC BY 4.0,Gene Ontology,http://purl.obolibrary.org/obo/GO_0044306
GO:0097441,basilar dendrite,basilar dendrite (CellularComponent),CC BY 4.0,Gene Ontology,http://purl.obolibrary.org/obo/GO_0097441
GO:0001725,stress fiber,stress fiber (CellularComponent),CC BY 4.0,Gene Ontology,http://purl.obolibrary.org/obo/GO_0001725
GO:0043596,nuclear replication fork,nuclear replication fork (CellularComponent),CC BY 4.0,Gene Ontology,http://purl.obolibrary.org/obo/GO_0043596
GO:0043514,interleukin-12 complex,interleukin-12 complex (CellularComponent),CC BY 4.0,Gene Ontology,http://purl.obolibrary.org/obo/GO_0043514
GO:0036398,TCR signalosome,TCR signalosome (CellularComponent),CC BY 4.0,Gene Ontology,http://purl.obolibrary.org/obo/GO_0036398
GO:0097481,neuronal postsynaptic density,neuronal postsynaptic density (CellularComponent),CC BY 4.0,Gene Ontology,http://purl.obolibrary.org/obo/GO_0097481
GO:0019005,SCF ubiquitin ligase complex,SCF ubiquitin ligase complex (CellularComponent),CC BY 4.0,Gene Ontology,http://purl.obolibrary.org/obo/GO_0019005
GO:0001917,photoreceptor inner segment,photoreceptor inner segment (CellularComponent),CC BY 4.0,Gene Ontology,http://purl.obolibrary.org/obo/GO_0001917
GO:0005873,plus-end kinesin complex,plus-end kinesin complex (CellularComponent),CC BY 4.0,Gene Ontology,http://purl.obolibrary.org/obo/GO_0005873
GO:0000276,"mitochondrial proton-transporting ATP synthase complex, coupling factor F(o)","mitochondrial proton-transporting ATP synthase complex, coupling factor F(o) (CellularComponent)",CC BY 4.0,Gene Ontology,http://purl.obolibrary.org/obo/GO_0000276
GO:0044309,neuron spine,neuron spine (CellularComponent),CC BY 4.0,Gene Ontology,http://purl.obolibrary.org/obo/GO_0044309
GO:1990761,growth cone lamellipodium,growth cone lamellipodium (CellularComponent),CC BY 4.0,Gene Ontology,http://purl.obolibrary.org/obo/GO_1990761
GO:0072546,ER membrane protein complex,ER membrane protein complex (CellularComponent),CC BY 4.0,Gene Ontology,http://purl.obolibrary.org/obo/GO_0072546
GO:0098636,protein complex involved in cell adhesion,protein complex involved in cell adhesion (CellularComponent),CC BY 4.0,Gene Ontology,http://purl.obolibrary.org/obo/GO_0098636
GO:0070161,anchoring junction,anchoring junction (CellularComponent),CC BY 4.0,Gene Ontology,http://purl.obolibrary.org/obo/GO_0070161
GO:0045009,chitosome,chitosome (CellularComponent),CC BY 4.0,Gene Ontology,http://purl.obolibrary.org/obo/GO_0045009
GO:0048476,Holliday junction resolvase complex,Holliday junction resolvase complex (CellularComponent),CC BY 4.0,Gene Ontology,http://purl.obolibrary.org/obo/GO_0048476
GO:1902562,H4 histone acetyltransferase complex,H4 histone acetyltransferase complex (CellularComponent),CC BY 4.0,Gene Ontology,http://purl.obolibrary.org/obo/GO_1902562
GO:0016604,nuclear body,nuclear body (CellularComponent),CC BY 4.0,Gene Ontology,http://purl.obolibrary.org/obo/GO_0016604
GO:0000120,RNA polymerase I transcription factor complex,RNA polymerase I transcription factor complex (CellularComponent),CC BY 4.0,Gene Ontology,http://purl.obolibrary.org/obo/GO_0000120
GO:0071065,alpha9-beta1 integrin-vascular cell adhesion molecule-1 complex,alpha9-beta1 integrin-vascular cell adhesion molecule-1 complex (CellularComponent),CC BY 4.0,Gene Ontology,http://purl.obolibrary.org/obo/GO_0071065
GO:0032156,septin cytoskeleton,septin cytoskeleton (CellularComponent),CC BY 4.0,Gene Ontology,http://purl.obolibrary.org/obo/GO_0032156
GO:0097610,cell surface furrow,cell surface furrow (CellularComponent),CC BY 4.0,Gene Ontology,http://purl.obolibrary.org/obo/GO_0097610
GO:0061695,"transferase complex, transferring phosphorus-containing groups","transferase complex, transferring phosphorus-containing groups (CellularComponent)",CC BY 4.0,Gene Ontology,http://purl.obolibrary.org/obo/GO_0061695
GO:0030123,AP-3 adaptor complex,AP-3 adaptor complex (CellularComponent),CC BY 4.0,Gene Ontology,http://purl.obolibrary.org/obo/GO_0030123
GO:0042405,nuclear inclusion body,nuclear inclusion body (CellularComponent),CC BY 4.0,Gene Ontology,http://purl.obolibrary.org/obo/GO_0042405
GO:0070069,cytochrome complex,cytochrome complex (CellularComponent),CC BY 4.0,Gene Ontology,http://purl.obolibrary.org/obo/GO_0070069
GO:1902555,endoribonuclease complex,endoribonuclease complex (CellularComponent),CC BY 4.0,Gene Ontology,http://purl.obolibrary.org/obo/GO_1902555
GO:0072588,box H/ACA RNP complex,box H/ACA RNP complex (CellularComponent),CC BY 4.0,Gene Ontology,http://purl.obolibrary.org/obo/GO_0072588
GO:0043034,costamere,costamere (CellularComponent),CC BY 4.0,Gene Ontology,http://purl.obolibrary.org/obo/GO_0043034
GO:0031904,endosome lumen,endosome lumen (CellularComponent),CC BY 4.0,Gene Ontology,http://purl.obolibrary.org/obo/GO_0031904
GO:0033655,host cell cytoplasm part,host cell cytoplasm part (CellularComponent),CC BY 4.0,Gene Ontology,http://purl.obolibrary.org/obo/GO_0033655
GO:0044609,DBIRD complex,DBIRD complex (CellularComponent),CC BY 4.0,Gene Ontology,http://purl.obolibrary.org/obo/GO_0044609
GO:0032059,bleb,bleb (CellularComponent),CC BY 4.0,Gene Ontology,http://purl.obolibrary.org/obo/GO_0032059
GO:0070820,tertiary granule,tertiary granule (CellularComponent),CC BY 4.0,Gene Ontology,http://purl.obolibrary.org/obo/GO_0070820
GO:0034992,microtubule organizing center attachment site,microtubule organizing center attachment site (CellularComponent),CC BY 4.0,Gene Ontology,http://purl.obolibrary.org/obo/GO_0034992
GO:0005891,voltage-gated calcium channel complex,voltage-gated calcium channel complex (CellularComponent),CC BY 4.0,Gene Ontology,http://purl.obolibrary.org/obo/GO_0005891
GO:0031234,extrinsic component of cytoplasmic side of plasma membrane,extrinsic component of cytoplasmic side of plasma membrane (CellularComponent),CC BY 4.0,Gene Ontology,http://purl.obolibrary.org/obo/GO_0031234
GO:0042765,GPI-anchor transamidase complex,GPI-anchor transamidase complex (CellularComponent),CC BY 4.0,Gene Ontology,http://purl.obolibrary.org/obo/GO_0042765
GO:0019866,organelle inner membrane,organelle inner membrane (CellularComponent),CC BY 4.0,Gene Ontology,http://purl.obolibrary.org/obo/GO_0019866
GO:0001533,cornified envelope,cornified envelope (CellularComponent),CC BY 4.0,Gene Ontology,http://purl.obolibrary.org/obo/GO_0001533
GO:0043220,Schmidt-Lanterman incisure,Schmidt-Lanterman incisure (CellularComponent),CC BY 4.0,Gene Ontology,http://purl.obolibrary.org/obo/GO_0043220
GO:0031227,intrinsic component of endoplasmic reticulum membrane,intrinsic component of endoplasmic reticulum membrane (CellularComponent),CC BY 4.0,Gene Ontology,http://purl.obolibrary.org/obo/GO_0031227
GO:0033180,"proton-transporting V-type ATPase, V1 domain","proton-transporting V-type ATPase, V1 domain (CellularComponent)",CC BY 4.0,Gene Ontology,http://purl.obolibrary.org/obo/GO_0033180
GO:0072563,endothelial microparticle,endothelial microparticle (CellularComponent),CC BY 4.0,Gene Ontology,http://purl.obolibrary.org/obo/GO_0072563
GO:0043224,nuclear SCF ubiquitin ligase complex,nuclear SCF ubiquitin ligase complex (CellularComponent),CC BY 4.0,Gene Ontology,http://purl.obolibrary.org/obo/GO_0043224
GO:0031211,endoplasmic reticulum palmitoyltransferase complex,endoplasmic reticulum palmitoyltransferase complex (CellularComponent),CC BY 4.0,Gene Ontology,http://purl.obolibrary.org/obo/GO_0031211
GO:0033557,Slx1-Slx4 complex,Slx1-Slx4 complex (CellularComponent),CC BY 4.0,Gene Ontology,http://purl.obolibrary.org/obo/GO_0033557
GO:0070847,core mediator complex,core mediator complex (CellularComponent),CC BY 4.0,Gene Ontology,http://purl.obolibrary.org/obo/GO_0070847
GO:0000780,"condensed nuclear chromosome, centromeric region","condensed nuclear chromosome, centromeric region (CellularComponent)",CC BY 4.0,Gene Ontology,http://purl.obolibrary.org/obo/GO_0000780
GO:0031083,BLOC-1 complex,BLOC-1 complex (CellularComponent),CC BY 4.0,Gene Ontology,http://purl.obolibrary.org/obo/GO_0031083
GO:0019008,molybdopterin synthase complex,molybdopterin synthase complex (CellularComponent),CC BY 4.0,Gene Ontology,http://purl.obolibrary.org/obo/GO_0019008
GO:0030991,intraciliary transport particle A,intraciliary transport particle A (CellularComponent),CC BY 4.0,Gene Ontology,http://purl.obolibrary.org/obo/GO_0030991
GO:0000314,organellar small ribosomal subunit,organellar small ribosomal subunit (CellularComponent),CC BY 4.0,Gene Ontology,http://purl.obolibrary.org/obo/GO_0000314
GO:0000118,histone deacetylase complex,histone deacetylase complex (CellularComponent),CC BY 4.0,Gene Ontology,http://purl.obolibrary.org/obo/GO_0000118
GO:0005828,kinetochore microtubule,kinetochore microtubule (CellularComponent),CC BY 4.0,Gene Ontology,http://purl.obolibrary.org/obo/GO_0005828
GO:0043205,fibril,fibril (CellularComponent),CC BY 4.0,Gene Ontology,http://purl.obolibrary.org/obo/GO_0043205
GO:0042721,mitochondrial inner membrane protein insertion complex,mitochondrial inner membrane protein insertion complex (CellularComponent),CC BY 4.0,Gene Ontology,http://purl.obolibrary.org/obo/GO_0042721
GO:0033647,host intracellular organelle,host intracellular organelle (CellularComponent),CC BY 4.0,Gene Ontology,http://purl.obolibrary.org/obo/GO_0033647
GO:0044194,cytolytic granule,cytolytic granule (CellularComponent),CC BY 4.0,Gene Ontology,http://purl.obolibrary.org/obo/GO_0044194
GO:0090544,BAF-type complex,BAF-type complex (CellularComponent),CC BY 4.0,Gene Ontology,http://purl.obolibrary.org/obo/GO_0090544
GO:0005884,actin filament,actin filament (CellularComponent),CC BY 4.0,Gene Ontology,http://purl.obolibrary.org/obo/GO_0005884
GO:0030056,hemidesmosome,hemidesmosome (CellularComponent),CC BY 4.0,Gene Ontology,http://purl.obolibrary.org/obo/GO_0030056
GO:0038037,G-protein coupled receptor dimeric complex,G-protein coupled receptor dimeric complex (CellularComponent),CC BY 4.0,Gene Ontology,http://purl.obolibrary.org/obo/GO_0038037
GO:0000152,nuclear ubiquitin ligase complex,nuclear ubiquitin ligase complex (CellularComponent),CC BY 4.0,Gene Ontology,http://purl.obolibrary.org/obo/GO_0000152
GO:0000777,condensed chromosome kinetochore,condensed chromosome kinetochore (CellularComponent),CC BY 4.0,Gene Ontology,http://purl.obolibrary.org/obo/GO_0000777
GO:0035068,micro-ribonucleoprotein complex,micro-ribonucleoprotein complex (CellularComponent),CC BY 4.0,Gene Ontology,http://purl.obolibrary.org/obo/GO_0035068
GO:0005849,mRNA cleavage factor complex,mRNA cleavage factor complex (CellularComponent),CC BY 4.0,Gene Ontology,http://purl.obolibrary.org/obo/GO_0005849
GO:0034515,proteasome storage granule,proteasome storage granule (CellularComponent),CC BY 4.0,Gene Ontology,http://purl.obolibrary.org/obo/GO_0034515
GO:0044297,cell body,cell body (CellularComponent),CC BY 4.0,Gene Ontology,http://purl.obolibrary.org/obo/GO_0044297
GO:0005882,intermediate filament,intermediate filament (CellularComponent),CC BY 4.0,Gene Ontology,http://purl.obolibrary.org/obo/GO_0005882
GO:1990716,axonemal central apparatus,axonemal central apparatus (CellularComponent),CC BY 4.0,Gene Ontology,http://purl.obolibrary.org/obo/GO_1990716
GO:0000138,Golgi trans cisterna,Golgi trans cisterna (CellularComponent),CC BY 4.0,Gene Ontology,http://purl.obolibrary.org/obo/GO_0000138
GO:0030877,beta-catenin destruction complex,beta-catenin destruction complex (CellularComponent),CC BY 4.0,Gene Ontology,http://purl.obolibrary.org/obo/GO_0030877
