id,name,text_blob,license,source,url
C0023448,Lymphocytic leukaemia,Lymphocytic leukaemia (SideEffect),CC BY-NC-SA 4.0,UMLS via SIDER 4.1,http://identifiers.org/umls/C0023448
C0575810,Hands weakness of,Hands weakness of (SideEffect),CC BY-NC-SA 4.0,UMLS via SIDER 4.1,http://identifiers.org/umls/C0575810
C0025193,Melancholia,Melancholia (SideEffect),CC BY-NC-SA 4.0,UMLS via SIDER 4.1,http://identifiers.org/umls/C0025193
C0578687,Sore eye,Sore eye (SideEffect),CC BY-NC-SA 4.0,UMLS via SIDER 4.1,http://identifiers.org/umls/C0578687
C0919671,Subileus,Subileus (SideEffect),CC BY-NC-SA 4.0,UMLS via SIDER 4.1,http://identifiers.org/umls/C0919671
C0237849,Skin exfoliation,Skin exfoliation (SideEffect),CC BY-NC-SA 4.0,UMLS via SIDER 4.1,http://identifiers.org/umls/C0237849
C0042267,Vaginal inflammation,Vaginal inflammation (SideEffect),CC BY-NC-SA 4.0,UMLS via SIDER 4.1,http://identifiers.org/umls/C0042267
C1141885,Sclerosing encapsulating peritonitis,Sclerosing encapsulating peritonitis (SideEffect),CC BY-NC-SA 4.0,UMLS via SIDER 4.1,http://identifiers.org/umls/C1141885
C0339807,House dust allergy,House dust allergy (SideEffect),CC BY-NC-SA 4.0,UMLS via SIDER 4.1,http://identifiers.org/umls/C0339807
C0235222,Diastolic hypertension,Diastolic hypertension (SideEffect),CC BY-NC-SA 4.0,UMLS via SIDER 4.1,http://identifiers.org/umls/C0235222
C0850638,Infected bites,Infected bites (SideEffect),CC BY-NC-SA 4.0,UMLS via SIDER 4.1,http://identifiers.org/umls/C0850638
C1456329,Stomach dilation procedure,Stomach dilation procedure (SideEffect),CC BY-NC-SA 4.0,UMLS via SIDER 4.1,http://identifiers.org/umls/C1456329
C0017181,Gastrointestinal haemorrhage,Gastrointestinal haemorrhage (SideEffect),CC BY-NC-SA 4.0,UMLS via SIDER 4.1,http://identifiers.org/umls/C0017181
C3160759,Tumour cell mobilisation,Tumour cell mobilisation (SideEffect),CC BY-NC-SA 4.0,UMLS via SIDER 4.1,http://identifiers.org/umls/C3160759
C0684275,Haemophilia,Haemophilia (SideEffect),CC BY-NC-SA 4.0,UMLS via SIDER 4.1,http://identifiers.org/umls/C0684275
C0743668,Limb injury,Limb injury (SideEffect),CC BY-NC-SA 4.0,UMLS via SIDER 4.1,http://identifiers.org/umls/C0743668
C0085612,Ventricular arrhythmia,Ventricular arrhythmia (SideEffect),CC BY-NC-SA 4.0,UMLS via SIDER 4.1,http://identifiers.org/umls/C0085612
C0040210,VT,VT (SideEffect),CC BY-NC-SA 4.0,UMLS via SIDER 4.1,http://identifiers.org/umls/C0040210
C0392676,Hyperpyrexia,Hyperpyrexia (SideEffect),CC BY-NC-SA 4.0,UMLS via SIDER 4.1,http://identifiers.org/umls/C0392676
C0003079,Pupils unequal,Pupils unequal (SideEffect),CC BY-NC-SA 4.0,UMLS via SIDER 4.1,http://identifiers.org/umls/C0003079
C1175175,Severe acute respiratory syndrome,Severe acute respiratory syndrome (SideEffect),CC BY-NC-SA 4.0,UMLS via SIDER 4.1,http://identifiers.org/umls/C1175175
C0151500,Anticholinergic syndrome,Anticholinergic syndrome (SideEffect),CC BY-NC-SA 4.0,UMLS via SIDER 4.1,http://identifiers.org/umls/C0151500
C1963790,Vulvovaginal burning sensation,Vulvovaginal burning sensation (SideEffect),CC BY-NC-SA 4.0,UMLS via SIDER 4.1,http://identifiers.org/umls/C1963790
C0040261,Onychomycosis,Onychomycosis (SideEffect),CC BY-NC-SA 4.0,UMLS via SIDER 4.1,http://identifiers.org/umls/C0040261
C0014358,Pseudomembranous enterocolitis,Pseudomembranous enterocolitis (SideEffect),CC BY-NC-SA 4.0,UMLS via SIDER 4.1,http://identifiers.org/umls/C0014358
C0233763,"Hallucination, visual","Hallucination, visual (SideEffect)",CC BY-NC-SA 4.0,UMLS via SIDER 4.1,http://identifiers.org/umls/C0233763
C0857112,Glaucoma both eyes,Glaucoma both eyes (SideEffect),CC BY-NC-SA 4.0,UMLS via SIDER 4.1,http://identifiers.org/umls/C0857112
C0521634,Genital itching female,Genital itching female (SideEffect),CC BY-NC-SA 4.0,UMLS via SIDER 4.1,http://identifiers.org/umls/C0521634
C0853011,Diabetic hyperglycaemic coma,Diabetic hyperglycaemic coma (SideEffect),CC BY-NC-SA 4.0,UMLS via SIDER 4.1,http://identifiers.org/umls/C0853011
C0853875,Myoglobin urine present,Myoglobin urine present (SideEffect),CC BY-NC-SA 4.0,UMLS via SIDER 4.1,http://identifiers.org/umls/C0853875
C0522224,Paralysis,Paralysis (SideEffect),CC BY-NC-SA 4.0,UMLS via SIDER 4.1,http://identifiers.org/umls/C0522224
C0344304,Abdominal pain generalised,Abdominal pain generalised (SideEffect),CC BY-NC-SA 4.0,UMLS via SIDER 4.1,http://identifiers.org/umls/C0344304
C0006849,Oral candidiasis,Oral candidiasis (SideEffect),CC BY-NC-SA 4.0,UMLS via SIDER 4.1,http://identifiers.org/umls/C0006849
C0151529,Bleeding time prolonged,Bleeding time prolonged (SideEffect),CC BY-NC-SA 4.0,UMLS via SIDER 4.1,http://identifiers.org/umls/C0151529
C3160947,CNS toxicity,CNS toxicity (SideEffect),CC BY-NC-SA 4.0,UMLS via SIDER 4.1,http://identifiers.org/umls/C3160947
C0016867,Furunculosis,Furunculosis (SideEffect),CC BY-NC-SA 4.0,UMLS via SIDER 4.1,http://identifiers.org/umls/C0016867
C0542051,Instability vasomotor,Instability vasomotor (SideEffect),CC BY-NC-SA 4.0,UMLS via SIDER 4.1,http://identifiers.org/umls/C0542051
C0750887,Adrenal gland cancer,Adrenal gland cancer (SideEffect),CC BY-NC-SA 4.0,UMLS via SIDER 4.1,http://identifiers.org/umls/C0750887
C0020579,Hypervitaminosis A,Hypervitaminosis A (SideEffect),CC BY-NC-SA 4.0,UMLS via SIDER 4.1,http://identifiers.org/umls/C0020579
C0853023,Blood parathyroid hormone increased,Blood parathyroid hormone increased (SideEffect),CC BY-NC-SA 4.0,UMLS via SIDER 4.1,http://identifiers.org/umls/C0853023
C0025312,Meningomyelocele,Meningomyelocele (SideEffect),CC BY-NC-SA 4.0,UMLS via SIDER 4.1,http://identifiers.org/umls/C0025312
C3495931,Vestibular toxicity,Vestibular toxicity (SideEffect),CC BY-NC-SA 4.0,UMLS via SIDER 4.1,http://identifiers.org/umls/C3495931
C0856099,Hemorrhoids aggravated,Hemorrhoids aggravated (SideEffect),CC BY-NC-SA 4.0,UMLS via SIDER 4.1,http://identifiers.org/umls/C0856099
C0854530,Human herpesvirus 6 infection,Human herpesvirus 6 infection (SideEffect),CC BY-NC-SA 4.0,UMLS via SIDER 4.1,http://identifiers.org/umls/C0854530
C0007193,Congestive cardiomyopathy,Congestive cardiomyopathy (SideEffect),CC BY-NC-SA 4.0,UMLS via SIDER 4.1,http://identifiers.org/umls/C0007193
C0009663,Anogenital warts,Anogenital warts (SideEffect),CC BY-NC-SA 4.0,UMLS via SIDER 4.1,http://identifiers.org/umls/C0009663
C1112469,Cytomegalovirus syndrome,Cytomegalovirus syndrome (SideEffect),CC BY-NC-SA 4.0,UMLS via SIDER 4.1,http://identifiers.org/umls/C1112469
C0234655,Burning sensation in eye,Burning sensation in eye (SideEffect),CC BY-NC-SA 4.0,UMLS via SIDER 4.1,http://identifiers.org/umls/C0234655
C0522067,Hepatic pain,Hepatic pain (SideEffect),CC BY-NC-SA 4.0,UMLS via SIDER 4.1,http://identifiers.org/umls/C0522067
C0857087,Dizzy spells,Dizzy spells (SideEffect),CC BY-NC-SA 4.0,UMLS via SIDER 4.1,http://identifiers.org/umls/C0857087
C2745924,Platelet aggregation increased,Platelet aggregation increased (SideEffect),CC BY-NC-SA 4.0,UMLS via SIDER 4.1,http://identifiers.org/umls/C2745924
C0863070,Catheter site related reaction,Catheter site related reaction (SideEffect),CC BY-NC-SA 4.0,UMLS via SIDER 4.1,http://identifiers.org/umls/C0863070
C0023518,Leukocytosis,Leukocytosis (SideEffect),CC BY-NC-SA 4.0,UMLS via SIDER 4.1,http://identifiers.org/umls/C0023518
C0220854,Hyperpnea,Hyperpnea (SideEffect),CC BY-NC-SA 4.0,UMLS via SIDER 4.1,http://identifiers.org/umls/C0220854
C0002884,Hypochromic anaemia,Hypochromic anaemia (SideEffect),CC BY-NC-SA 4.0,UMLS via SIDER 4.1,http://identifiers.org/umls/C0002884
C0034642,Rales,Rales (SideEffect),CC BY-NC-SA 4.0,UMLS via SIDER 4.1,http://identifiers.org/umls/C0034642
C0427564,Platelet count normal,Platelet count normal (SideEffect),CC BY-NC-SA 4.0,UMLS via SIDER 4.1,http://identifiers.org/umls/C0427564
C0086525,Lassitude,Lassitude (SideEffect),CC BY-NC-SA 4.0,UMLS via SIDER 4.1,http://identifiers.org/umls/C0086525
C0152267,Hodgkin's disease lymphocyte depletion type stage unspecified,Hodgkin's disease lymphocyte depletion type stage unspecified (SideEffect),CC BY-NC-SA 4.0,UMLS via SIDER 4.1,http://identifiers.org/umls/C0152267
C0549350,Conjunctivitis exacerbated,Conjunctivitis exacerbated (SideEffect),CC BY-NC-SA 4.0,UMLS via SIDER 4.1,http://identifiers.org/umls/C0549350
C0018811,Foetal heart rate,Foetal heart rate (SideEffect),CC BY-NC-SA 4.0,UMLS via SIDER 4.1,http://identifiers.org/umls/C0018811
C0022504,Kaposi's varicelliform eruption,Kaposi's varicelliform eruption (SideEffect),CC BY-NC-SA 4.0,UMLS via SIDER 4.1,http://identifiers.org/umls/C0022504
C0029261,Orgasm abnormal,Orgasm abnormal (SideEffect),CC BY-NC-SA 4.0,UMLS via SIDER 4.1,http://identifiers.org/umls/C0029261
C0020541,Portal hypertension,Portal hypertension (SideEffect),CC BY-NC-SA 4.0,UMLS via SIDER 4.1,http://identifiers.org/umls/C0020541
C0234962,Pulmonary vasculitis,Pulmonary vasculitis (SideEffect),CC BY-NC-SA 4.0,UMLS via SIDER 4.1,http://identifiers.org/umls/C0234962
C0085298,Sudden cardiac death,Sudden cardiac death (SideEffect),CC BY-NC-SA 4.0,UMLS via SIDER 4.1,http://identifiers.org/umls/C0085298
C0241254,Mucous stools,Mucous stools (SideEffect),CC BY-NC-SA 4.0,UMLS via SIDER 4.1,http://identifiers.org/umls/C0241254
C2938903,HDL cholesterol increased,HDL cholesterol increased (SideEffect),CC BY-NC-SA 4.0,UMLS via SIDER 4.1,http://identifiers.org/umls/C2938903
C1321581,Bezoar,Bezoar (SideEffect),CC BY-NC-SA 4.0,UMLS via SIDER 4.1,http://identifiers.org/umls/C1321581
C0853124,Blood follicle stimulating hormone increased,Blood follicle stimulating hormone increased (SideEffect),CC BY-NC-SA 4.0,UMLS via SIDER 4.1,http://identifiers.org/umls/C0853124
C0155118,Corneal degeneration,Corneal degeneration (SideEffect),CC BY-NC-SA 4.0,UMLS via SIDER 4.1,http://identifiers.org/umls/C0155118
C0085932,Dermatitis bullous,Dermatitis bullous (SideEffect),CC BY-NC-SA 4.0,UMLS via SIDER 4.1,http://identifiers.org/umls/C0085932
C0595900,Blood chloride increased,Blood chloride increased (SideEffect),CC BY-NC-SA 4.0,UMLS via SIDER 4.1,http://identifiers.org/umls/C0595900
C0860160,Diabetes mellitus inadequate control,Diabetes mellitus inadequate control (SideEffect),CC BY-NC-SA 4.0,UMLS via SIDER 4.1,http://identifiers.org/umls/C0860160
C0009782,Connective tissue disorder,Connective tissue disorder (SideEffect),CC BY-NC-SA 4.0,UMLS via SIDER 4.1,http://identifiers.org/umls/C0009782
C0151684,Granuloma skin,Granuloma skin (SideEffect),CC BY-NC-SA 4.0,UMLS via SIDER 4.1,http://identifiers.org/umls/C0151684
C0013592,Ectropion,Ectropion (SideEffect),CC BY-NC-SA 4.0,UMLS via SIDER 4.1,http://identifiers.org/umls/C0013592
C0694549,Community acquired pneumonia,Community acquired pneumonia (SideEffect),CC BY-NC-SA 4.0,UMLS via SIDER 4.1,http://identifiers.org/umls/C0694549
C0423271,Scleral hyperaemia,Scleral hyperaemia (SideEffect),CC BY-NC-SA 4.0,UMLS via SIDER 4.1,http://identifiers.org/umls/C0423271
C0235093,Paralysis of bladder,Paralysis of bladder (SideEffect),CC BY-NC-SA 4.0,UMLS via SIDER 4.1,http://identifiers.org/umls/C0235093
C0743575,Oesophageal irritation,Oesophageal irritation (SideEffect),CC BY-NC-SA 4.0,UMLS via SIDER 4.1,http://identifiers.org/umls/C0743575
C0423153,Lacrimation,Lacrimation (SideEffect),CC BY-NC-SA 4.0,UMLS via SIDER 4.1,http://identifiers.org/umls/C0423153
C0549229,Nail discomfort,Nail discomfort (SideEffect),CC BY-NC-SA 4.0,UMLS via SIDER 4.1,http://identifiers.org/umls/C0549229
C0151824,Biliary colic,Biliary colic (SideEffect),CC BY-NC-SA 4.0,UMLS via SIDER 4.1,http://identifiers.org/umls/C0151824
C0152086,Traumatic arthropathy,Traumatic arthropathy (SideEffect),CC BY-NC-SA 4.0,UMLS via SIDER 4.1,http://identifiers.org/umls/C0152086
C0392378,Gingival ulceration,Gingival ulceration (SideEffect),CC BY-NC-SA 4.0,UMLS via SIDER 4.1,http://identifiers.org/umls/C0392378
C1318314,Epithelial cells urine,Epithelial cells urine (SideEffect),CC BY-NC-SA 4.0,UMLS via SIDER 4.1,http://identifiers.org/umls/C1318314
C0011849,Diabetes mellitus,Diabetes mellitus (SideEffect),CC BY-NC-SA 4.0,UMLS via SIDER 4.1,http://identifiers.org/umls/C0011849
C0022876,Premature labour,Premature labour (SideEffect),CC BY-NC-SA 4.0,UMLS via SIDER 4.1,http://identifiers.org/umls/C0022876
C0859037,Feeling of residual urine,Feeling of residual urine (SideEffect),CC BY-NC-SA 4.0,UMLS via SIDER 4.1,http://identifiers.org/umls/C0859037
C0860453,Loss of skin markings,Loss of skin markings (SideEffect),CC BY-NC-SA 4.0,UMLS via SIDER 4.1,http://identifiers.org/umls/C0860453
C0017551,Gilbert's syndrome,Gilbert's syndrome (SideEffect),CC BY-NC-SA 4.0,UMLS via SIDER 4.1,http://identifiers.org/umls/C0017551
C0860209,Gallbladder sludge,Gallbladder sludge (SideEffect),CC BY-NC-SA 4.0,UMLS via SIDER 4.1,http://identifiers.org/umls/C0860209
C0029443,Osteomyelitis,Osteomyelitis (SideEffect),CC BY-NC-SA 4.0,UMLS via SIDER 4.1,http://identifiers.org/umls/C0029443
C0267834,Hepatic cyst,Hepatic cyst (SideEffect),CC BY-NC-SA 4.0,UMLS via SIDER 4.1,http://identifiers.org/umls/C0267834
C0853035,Blood creatinine normal,Blood creatinine normal (SideEffect),CC BY-NC-SA 4.0,UMLS via SIDER 4.1,http://identifiers.org/umls/C0853035
C0162119,Haemoglobin decreased,Haemoglobin decreased (SideEffect),CC BY-NC-SA 4.0,UMLS via SIDER 4.1,http://identifiers.org/umls/C0162119
C0686347,Tardive dyskinesia,Tardive dyskinesia (SideEffect),CC BY-NC-SA 4.0,UMLS via SIDER 4.1,http://identifiers.org/umls/C0686347
C0580317,Platelet count abnormal,Platelet count abnormal (SideEffect),CC BY-NC-SA 4.0,UMLS via SIDER 4.1,http://identifiers.org/umls/C0580317
C0392674,Exhaustion,Exhaustion (SideEffect),CC BY-NC-SA 4.0,UMLS via SIDER 4.1,http://identifiers.org/umls/C0392674
C0342592,Anion gap increased,Anion gap increased (SideEffect),CC BY-NC-SA 4.0,UMLS via SIDER 4.1,http://identifiers.org/umls/C0342592
C0004659,Bacteriuria,Bacteriuria (SideEffect),CC BY-NC-SA 4.0,UMLS via SIDER 4.1,http://identifiers.org/umls/C0004659
C0032781,Postnasal drip,Postnasal drip (SideEffect),CC BY-NC-SA 4.0,UMLS via SIDER 4.1,http://identifiers.org/umls/C0032781
C1112746,Hepatic lymphoma,Hepatic lymphoma (SideEffect),CC BY-NC-SA 4.0,UMLS via SIDER 4.1,http://identifiers.org/umls/C1112746
C0032019,Pituitary tumour,Pituitary tumour (SideEffect),CC BY-NC-SA 4.0,UMLS via SIDER 4.1,http://identifiers.org/umls/C0032019
C0042721,Hepatitis viral,Hepatitis viral (SideEffect),CC BY-NC-SA 4.0,UMLS via SIDER 4.1,http://identifiers.org/umls/C0042721
C0564768,Genital infection male,Genital infection male (SideEffect),CC BY-NC-SA 4.0,UMLS via SIDER 4.1,http://identifiers.org/umls/C0564768
C0687675,Pregnancy loss,Pregnancy loss (SideEffect),CC BY-NC-SA 4.0,UMLS via SIDER 4.1,http://identifiers.org/umls/C0687675
C0042138,Uterine neoplasm,Uterine neoplasm (SideEffect),CC BY-NC-SA 4.0,UMLS via SIDER 4.1,http://identifiers.org/umls/C0042138
C0854382,Libido disorder,Libido disorder (SideEffect),CC BY-NC-SA 4.0,UMLS via SIDER 4.1,http://identifiers.org/umls/C0854382
C0036130,Salpingitis,Salpingitis (SideEffect),CC BY-NC-SA 4.0,UMLS via SIDER 4.1,http://identifiers.org/umls/C0036130
C0863129,AGEP,AGEP (SideEffect),CC BY-NC-SA 4.0,UMLS via SIDER 4.1,http://identifiers.org/umls/C0863129
C1565489,Renal impairment,Renal impairment (SideEffect),CC BY-NC-SA 4.0,UMLS via SIDER 4.1,http://identifiers.org/umls/C1565489
C0026884,Mutism,Mutism (SideEffect),CC BY-NC-SA 4.0,UMLS via SIDER 4.1,http://identifiers.org/umls/C0026884
C1142172,Incision site complication,Incision site complication (SideEffect),CC BY-NC-SA 4.0,UMLS via SIDER 4.1,http://identifiers.org/umls/C1142172
C0853891,Tumour flare,Tumour flare (SideEffect),CC BY-NC-SA 4.0,UMLS via SIDER 4.1,http://identifiers.org/umls/C0853891
C0002896,Sideroblastic anaemia,Sideroblastic anaemia (SideEffect),CC BY-NC-SA 4.0,UMLS via SIDER 4.1,http://identifiers.org/umls/C0002896
C0007113,Rectal cancer,Rectal cancer (SideEffect),CC BY-NC-SA 4.0,UMLS via SIDER 4.1,http://identifiers.org/umls/C0007113
C1510450,Dysacusis,Dysacusis (SideEffect),CC BY-NC-SA 4.0,UMLS via SIDER 4.1,http://identifiers.org/umls/C1510450
C0009241,Cognitive disorder,Cognitive disorder (SideEffect),CC BY-NC-SA 4.0,UMLS via SIDER 4.1,http://identifiers.org/umls/C0009241
C0553704,Serum potassium increased,Serum potassium increased (SideEffect),CC BY-NC-SA 4.0,UMLS via SIDER 4.1,http://identifiers.org/umls/C0553704
C0235238,Cycloplegia,Cycloplegia (SideEffect),CC BY-NC-SA 4.0,UMLS via SIDER 4.1,http://identifiers.org/umls/C0235238
C0010414,Cryptococcosis,Cryptococcosis (SideEffect),CC BY-NC-SA 4.0,UMLS via SIDER 4.1,http://identifiers.org/umls/C0010414
C0149744,Oral lesion,Oral lesion (SideEffect),CC BY-NC-SA 4.0,UMLS via SIDER 4.1,http://identifiers.org/umls/C0149744
C0338573,Intracranial venous sinus thrombosis,Intracranial venous sinus thrombosis (SideEffect),CC BY-NC-SA 4.0,UMLS via SIDER 4.1,http://identifiers.org/umls/C0338573
C1142135,Muscle relaxant therapy,Muscle relaxant therapy (SideEffect),CC BY-NC-SA 4.0,UMLS via SIDER 4.1,http://identifiers.org/umls/C1142135
C0016242,Vitreous floaters,Vitreous floaters (SideEffect),CC BY-NC-SA 4.0,UMLS via SIDER 4.1,http://identifiers.org/umls/C0016242
C0853811,Croup infectious,Croup infectious (SideEffect),CC BY-NC-SA 4.0,UMLS via SIDER 4.1,http://identifiers.org/umls/C0853811
C0015644,Fasciculation,Fasciculation (SideEffect),CC BY-NC-SA 4.0,UMLS via SIDER 4.1,http://identifiers.org/umls/C0015644
C0855440,Pancreatic enzymes abnormal,Pancreatic enzymes abnormal (SideEffect),CC BY-NC-SA 4.0,UMLS via SIDER 4.1,http://identifiers.org/umls/C0855440
C0854453,Escherichia sepsis,Escherichia sepsis (SideEffect),CC BY-NC-SA 4.0,UMLS via SIDER 4.1,http://identifiers.org/umls/C0854453
C0235169,Excitability,Excitability (SideEffect),CC BY-NC-SA 4.0,UMLS via SIDER 4.1,http://identifiers.org/umls/C0235169
C0700639,Congenital hypertrophic pyloric stenosis,Congenital hypertrophic pyloric stenosis (SideEffect),CC BY-NC-SA 4.0,UMLS via SIDER 4.1,http://identifiers.org/umls/C0700639
C0010346,Crohn's disease,Crohn's disease (SideEffect),CC BY-NC-SA 4.0,UMLS via SIDER 4.1,http://identifiers.org/umls/C0010346
C0038000,Splenic rupture,Splenic rupture (SideEffect),CC BY-NC-SA 4.0,UMLS via SIDER 4.1,http://identifiers.org/umls/C0038000
C0154251,Lipid metabolism disorder,Lipid metabolism disorder (SideEffect),CC BY-NC-SA 4.0,UMLS via SIDER 4.1,http://identifiers.org/umls/C0154251
C0589616,Genitourinary chlamydia infection,Genitourinary chlamydia infection (SideEffect),CC BY-NC-SA 4.0,UMLS via SIDER 4.1,http://identifiers.org/umls/C0589616
C0000772,Multiple congenital abnormalities,Multiple congenital abnormalities (SideEffect),CC BY-NC-SA 4.0,UMLS via SIDER 4.1,http://identifiers.org/umls/C0000772
C0085620,Paralysis flaccid,Paralysis flaccid (SideEffect),CC BY-NC-SA 4.0,UMLS via SIDER 4.1,http://identifiers.org/umls/C0085620
C0750426,White blood cell count increased,White blood cell count increased (SideEffect),CC BY-NC-SA 4.0,UMLS via SIDER 4.1,http://identifiers.org/umls/C0750426
C0023182,Cerebrospinal fluid leakage,Cerebrospinal fluid leakage (SideEffect),CC BY-NC-SA 4.0,UMLS via SIDER 4.1,http://identifiers.org/umls/C0023182
C0025209,Melanosis,Melanosis (SideEffect),CC BY-NC-SA 4.0,UMLS via SIDER 4.1,http://identifiers.org/umls/C0025209
C0520575,Pyelonephritis acute,Pyelonephritis acute (SideEffect),CC BY-NC-SA 4.0,UMLS via SIDER 4.1,http://identifiers.org/umls/C0520575
C1295715,Fibrinogen decreased,Fibrinogen decreased (SideEffect),CC BY-NC-SA 4.0,UMLS via SIDER 4.1,http://identifiers.org/umls/C1295715
C0854058,pH urine increased,pH urine increased (SideEffect),CC BY-NC-SA 4.0,UMLS via SIDER 4.1,http://identifiers.org/umls/C0854058
C0032460,Polycystic ovaries,Polycystic ovaries (SideEffect),CC BY-NC-SA 4.0,UMLS via SIDER 4.1,http://identifiers.org/umls/C0032460
C0231451,Joint hyperextension,Joint hyperextension (SideEffect),CC BY-NC-SA 4.0,UMLS via SIDER 4.1,http://identifiers.org/umls/C0231451
C0149770,Rectal abscess,Rectal abscess (SideEffect),CC BY-NC-SA 4.0,UMLS via SIDER 4.1,http://identifiers.org/umls/C0149770
C0581883,Complete hearing loss,Complete hearing loss (SideEffect),CC BY-NC-SA 4.0,UMLS via SIDER 4.1,http://identifiers.org/umls/C0581883
C0151310,Paresthesia generalized,Paresthesia generalized (SideEffect),CC BY-NC-SA 4.0,UMLS via SIDER 4.1,http://identifiers.org/umls/C0151310
C0919726,Postoperative hypertension,Postoperative hypertension (SideEffect),CC BY-NC-SA 4.0,UMLS via SIDER 4.1,http://identifiers.org/umls/C0919726
C0520854,Mean arterial pressure decreased,Mean arterial pressure decreased (SideEffect),CC BY-NC-SA 4.0,UMLS via SIDER 4.1,http://identifiers.org/umls/C0520854
C0700225,Serum creatinine increased,Serum creatinine increased (SideEffect),CC BY-NC-SA 4.0,UMLS via SIDER 4.1,http://identifiers.org/umls/C0700225
C3665473,Deafness bilateral,Deafness bilateral (SideEffect),CC BY-NC-SA 4.0,UMLS via SIDER 4.1,http://identifiers.org/umls/C3665473
C0919909,Tonic clonic movements,Tonic clonic movements (SideEffect),CC BY-NC-SA 4.0,UMLS via SIDER 4.1,http://identifiers.org/umls/C0919909
C0948089,Acute coronary syndrome,Acute coronary syndrome (SideEffect),CC BY-NC-SA 4.0,UMLS via SIDER 4.1,http://identifiers.org/umls/C0948089
C0751900,Motor tic,Motor tic (SideEffect),CC BY-NC-SA 4.0,UMLS via SIDER 4.1,http://identifiers.org/umls/C0751900
C0151474,Alcohol intolerance,Alcohol intolerance (SideEffect),CC BY-NC-SA 4.0,UMLS via SIDER 4.1,http://identifiers.org/umls/C0151474
C0549250,Jaw stiffness,Jaw stiffness (SideEffect),CC BY-NC-SA 4.0,UMLS via SIDER 4.1,http://identifiers.org/umls/C0549250
C0152021,Heart disease congenital,Heart disease congenital (SideEffect),CC BY-NC-SA 4.0,UMLS via SIDER 4.1,http://identifiers.org/umls/C0152021
C0151582,Urate crystalluria,Urate crystalluria (SideEffect),CC BY-NC-SA 4.0,UMLS via SIDER 4.1,http://identifiers.org/umls/C0151582
C1611162,Plateletcrit decreased,Plateletcrit decreased (SideEffect),CC BY-NC-SA 4.0,UMLS via SIDER 4.1,http://identifiers.org/umls/C1611162
C0033581,Prostatitis,Prostatitis (SideEffect),CC BY-NC-SA 4.0,UMLS via SIDER 4.1,http://identifiers.org/umls/C0033581
C1739363,Prostatic hypertrophy,Prostatic hypertrophy (SideEffect),CC BY-NC-SA 4.0,UMLS via SIDER 4.1,http://identifiers.org/umls/C1739363
C0020305,Hydrops foetalis,Hydrops foetalis (SideEffect),CC BY-NC-SA 4.0,UMLS via SIDER 4.1,http://identifiers.org/umls/C0020305
C0239652,Paraesthesia foot,Paraesthesia foot (SideEffect),CC BY-NC-SA 4.0,UMLS via SIDER 4.1,http://identifiers.org/umls/C0239652
C0020255,Hydrocephalus,Hydrocephalus (SideEffect),CC BY-NC-SA 4.0,UMLS via SIDER 4.1,http://identifiers.org/umls/C0020255
C0015468,Facial pain,Facial pain (SideEffect),CC BY-NC-SA 4.0,UMLS via SIDER 4.1,http://identifiers.org/umls/C0015468
C0010399,Crying,Crying (SideEffect),CC BY-NC-SA 4.0,UMLS via SIDER 4.1,http://identifiers.org/umls/C0010399
C1619727,Decompensated cirrhosis,Decompensated cirrhosis (SideEffect),CC BY-NC-SA 4.0,UMLS via SIDER 4.1,http://identifiers.org/umls/C1619727
C0043541,Zygomycosis,Zygomycosis (SideEffect),CC BY-NC-SA 4.0,UMLS via SIDER 4.1,http://identifiers.org/umls/C0043541
C2586050,Oesophagitis ulcerative,Oesophagitis ulcerative (SideEffect),CC BY-NC-SA 4.0,UMLS via SIDER 4.1,http://identifiers.org/umls/C2586050
C0023067,Laryngitis,Laryngitis (SideEffect),CC BY-NC-SA 4.0,UMLS via SIDER 4.1,http://identifiers.org/umls/C0023067
C0580546,Blood glucose abnormal,Blood glucose abnormal (SideEffect),CC BY-NC-SA 4.0,UMLS via SIDER 4.1,http://identifiers.org/umls/C0580546
C0155503,Vertigo CNS origin,Vertigo CNS origin (SideEffect),CC BY-NC-SA 4.0,UMLS via SIDER 4.1,http://identifiers.org/umls/C0155503
C0206698,Cholangiocarcinoma,Cholangiocarcinoma (SideEffect),CC BY-NC-SA 4.0,UMLS via SIDER 4.1,http://identifiers.org/umls/C0206698
C0584995,Writing impaired,Writing impaired (SideEffect),CC BY-NC-SA 4.0,UMLS via SIDER 4.1,http://identifiers.org/umls/C0584995
C0006144,Breast cyst,Breast cyst (SideEffect),CC BY-NC-SA 4.0,UMLS via SIDER 4.1,http://identifiers.org/umls/C0006144
C0027438,Nasopharyngeal disorder,Nasopharyngeal disorder (SideEffect),CC BY-NC-SA 4.0,UMLS via SIDER 4.1,http://identifiers.org/umls/C0027438
C0012833,Dizziness,Dizziness (SideEffect),CC BY-NC-SA 4.0,UMLS via SIDER 4.1,http://identifiers.org/umls/C0012833
C0854210,Incomplete precocious puberty,Incomplete precocious puberty (SideEffect),CC BY-NC-SA 4.0,UMLS via SIDER 4.1,http://identifiers.org/umls/C0854210
C0853084,High density lipoprotein increased,High density lipoprotein increased (SideEffect),CC BY-NC-SA 4.0,UMLS via SIDER 4.1,http://identifiers.org/umls/C0853084
C0549150,Pseudofolliculitis barbae,Pseudofolliculitis barbae (SideEffect),CC BY-NC-SA 4.0,UMLS via SIDER 4.1,http://identifiers.org/umls/C0549150
C0151463,Breast abscess,Breast abscess (SideEffect),CC BY-NC-SA 4.0,UMLS via SIDER 4.1,http://identifiers.org/umls/C0151463
C0038534,Subconjunctival hemorrhage,Subconjunctival hemorrhage (SideEffect),CC BY-NC-SA 4.0,UMLS via SIDER 4.1,http://identifiers.org/umls/C0038534
C0854135,Infection pseudomonas aeruginosa,Infection pseudomonas aeruginosa (SideEffect),CC BY-NC-SA 4.0,UMLS via SIDER 4.1,http://identifiers.org/umls/C0854135
C0152008,Vulvovaginal disorder,Vulvovaginal disorder (SideEffect),CC BY-NC-SA 4.0,UMLS via SIDER 4.1,http://identifiers.org/umls/C0152008
C0035344,Retinopathy of prematurity,Retinopathy of prematurity (SideEffect),CC BY-NC-SA 4.0,UMLS via SIDER 4.1,http://identifiers.org/umls/C0035344
C0242362,Intervertebral disc protrusion,Intervertebral disc protrusion (SideEffect),CC BY-NC-SA 4.0,UMLS via SIDER 4.1,http://identifiers.org/umls/C0242362
C1328428,Mycobacterium test,Mycobacterium test (SideEffect),CC BY-NC-SA 4.0,UMLS via SIDER 4.1,http://identifiers.org/umls/C1328428
C0015393,Congenital eye disorder,Congenital eye disorder (SideEffect),CC BY-NC-SA 4.0,UMLS via SIDER 4.1,http://identifiers.org/umls/C0015393
C2242711,Arteritic anterior ischaemic optic neuropathy,Arteritic anterior ischaemic optic neuropathy (SideEffect),CC BY-NC-SA 4.0,UMLS via SIDER 4.1,http://identifiers.org/umls/C2242711
C0233469,Blunted affect,Blunted affect (SideEffect),CC BY-NC-SA 4.0,UMLS via SIDER 4.1,http://identifiers.org/umls/C0233469
C1384597,Acquired megacolon,Acquired megacolon (SideEffect),CC BY-NC-SA 4.0,UMLS via SIDER 4.1,http://identifiers.org/umls/C1384597
C1142113,Hyperalbuminaemia,Hyperalbuminaemia (SideEffect),CC BY-NC-SA 4.0,UMLS via SIDER 4.1,http://identifiers.org/umls/C1142113
C1112274,Genital discharge,Genital discharge (SideEffect),CC BY-NC-SA 4.0,UMLS via SIDER 4.1,http://identifiers.org/umls/C1112274
C0037023,Sialoadenitis,Sialoadenitis (SideEffect),CC BY-NC-SA 4.0,UMLS via SIDER 4.1,http://identifiers.org/umls/C0037023
C0178416,Hypoplastic anaemia,Hypoplastic anaemia (SideEffect),CC BY-NC-SA 4.0,UMLS via SIDER 4.1,http://identifiers.org/umls/C0178416
C0271211,Erythropsia,Erythropsia (SideEffect),CC BY-NC-SA 4.0,UMLS via SIDER 4.1,http://identifiers.org/umls/C0271211
C0558348,Gastroenteritis bacterial,Gastroenteritis bacterial (SideEffect),CC BY-NC-SA 4.0,UMLS via SIDER 4.1,http://identifiers.org/umls/C0558348
C0522245,Feeling hot and cold,Feeling hot and cold (SideEffect),CC BY-NC-SA 4.0,UMLS via SIDER 4.1,http://identifiers.org/umls/C0522245
C0856968,Raised serum lipid levels,Raised serum lipid levels (SideEffect),CC BY-NC-SA 4.0,UMLS via SIDER 4.1,http://identifiers.org/umls/C0856968
C1504405,Pyramidal tract syndrome,Pyramidal tract syndrome (SideEffect),CC BY-NC-SA 4.0,UMLS via SIDER 4.1,http://identifiers.org/umls/C1504405
C0410256,Muscle injury,Muscle injury (SideEffect),CC BY-NC-SA 4.0,UMLS via SIDER 4.1,http://identifiers.org/umls/C0410256
C0018944,Haematoma,Haematoma (SideEffect),CC BY-NC-SA 4.0,UMLS via SIDER 4.1,http://identifiers.org/umls/C0018944
C0877336,Blood bilirubin decreased,Blood bilirubin decreased (SideEffect),CC BY-NC-SA 4.0,UMLS via SIDER 4.1,http://identifiers.org/umls/C0877336
C0156339,Vulval ulceration,Vulval ulceration (SideEffect),CC BY-NC-SA 4.0,UMLS via SIDER 4.1,http://identifiers.org/umls/C0156339
C0023529,Periventricular leukomalacia,Periventricular leukomalacia (SideEffect),CC BY-NC-SA 4.0,UMLS via SIDER 4.1,http://identifiers.org/umls/C0023529
C0857400,Retrosternal discomfort,Retrosternal discomfort (SideEffect),CC BY-NC-SA 4.0,UMLS via SIDER 4.1,http://identifiers.org/umls/C0857400
C0016059,Fibrosis,Fibrosis (SideEffect),CC BY-NC-SA 4.0,UMLS via SIDER 4.1,http://identifiers.org/umls/C0016059
C0542184,Reaction gastrointestinal,Reaction gastrointestinal (SideEffect),CC BY-NC-SA 4.0,UMLS via SIDER 4.1,http://identifiers.org/umls/C0542184
C0311220,Lymphocytoma cutis,Lymphocytoma cutis (SideEffect),CC BY-NC-SA 4.0,UMLS via SIDER 4.1,http://identifiers.org/umls/C0311220
C0235401,Glucose tolerance abnormal,Glucose tolerance abnormal (SideEffect),CC BY-NC-SA 4.0,UMLS via SIDER 4.1,http://identifiers.org/umls/C0235401
C0917816,Mental deficiency,Mental deficiency (SideEffect),CC BY-NC-SA 4.0,UMLS via SIDER 4.1,http://identifiers.org/umls/C0917816
C0235560,Respiratory tract haemorrhage,Respiratory tract haemorrhage (SideEffect),CC BY-NC-SA 4.0,UMLS via SIDER 4.1,http://identifiers.org/umls/C0235560
C0005697,Neurogenic bladder,Neurogenic bladder (SideEffect),CC BY-NC-SA 4.0,UMLS via SIDER 4.1,http://identifiers.org/umls/C0005697
C1096250,Gastrointestinal discomfort,Gastrointestinal discomfort (SideEffect),CC BY-NC-SA 4.0,UMLS via SIDER 4.1,http://identifiers.org/umls/C1096250
C0241934,Hypomania,Hypomania (SideEffect),CC BY-NC-SA 4.0,UMLS via SIDER 4.1,http://identifiers.org/umls/C0241934
C0036982,Shock haemorrhagic,Shock haemorrhagic (SideEffect),CC BY-NC-SA 4.0,UMLS via SIDER 4.1,http://identifiers.org/umls/C0036982
C0014511,Cyst epidermal,Cyst epidermal (SideEffect),CC BY-NC-SA 4.0,UMLS via SIDER 4.1,http://identifiers.org/umls/C0014511
C0011609,Drug eruption,Drug eruption (SideEffect),CC BY-NC-SA 4.0,UMLS via SIDER 4.1,http://identifiers.org/umls/C0011609
C0151898,Schizophrenic reaction,Schizophrenic reaction (SideEffect),CC BY-NC-SA 4.0,UMLS via SIDER 4.1,http://identifiers.org/umls/C0151898
C0521622,Bilateral hydronephrosis,Bilateral hydronephrosis (SideEffect),CC BY-NC-SA 4.0,UMLS via SIDER 4.1,http://identifiers.org/umls/C0521622
C0344365,Incomplete bladder emptying,Incomplete bladder emptying (SideEffect),CC BY-NC-SA 4.0,UMLS via SIDER 4.1,http://identifiers.org/umls/C0344365
C0022107,Irritability,Irritability (SideEffect),CC BY-NC-SA 4.0,UMLS via SIDER 4.1,http://identifiers.org/umls/C0022107
C0002170,Alopecia,Alopecia (SideEffect),CC BY-NC-SA 4.0,UMLS via SIDER 4.1,http://identifiers.org/umls/C0002170
C0032633,Dyshidrotic eczema,Dyshidrotic eczema (SideEffect),CC BY-NC-SA 4.0,UMLS via SIDER 4.1,http://identifiers.org/umls/C0032633
C1328411,Post procedural haematoma,Post procedural haematoma (SideEffect),CC BY-NC-SA 4.0,UMLS via SIDER 4.1,http://identifiers.org/umls/C1328411
C0948395,Gastrointestinal hypermotility,Gastrointestinal hypermotility (SideEffect),CC BY-NC-SA 4.0,UMLS via SIDER 4.1,http://identifiers.org/umls/C0948395
C0036454,Scotoma,Scotoma (SideEffect),CC BY-NC-SA 4.0,UMLS via SIDER 4.1,http://identifiers.org/umls/C0036454
C0278134,Sensory loss,Sensory loss (SideEffect),CC BY-NC-SA 4.0,UMLS via SIDER 4.1,http://identifiers.org/umls/C0278134
C0860803,Glucose increased,Glucose increased (SideEffect),CC BY-NC-SA 4.0,UMLS via SIDER 4.1,http://identifiers.org/umls/C0860803
C0030305,Pancreatitis,Pancreatitis (SideEffect),CC BY-NC-SA 4.0,UMLS via SIDER 4.1,http://identifiers.org/umls/C0030305
C0919924,Pulmonary toxicity,Pulmonary toxicity (SideEffect),CC BY-NC-SA 4.0,UMLS via SIDER 4.1,http://identifiers.org/umls/C0919924
C0079744,Diffuse large B-cell lymphoma,Diffuse large B-cell lymphoma (SideEffect),CC BY-NC-SA 4.0,UMLS via SIDER 4.1,http://identifiers.org/umls/C0079744
C0877027,Joint range of motion decreased,Joint range of motion decreased (SideEffect),CC BY-NC-SA 4.0,UMLS via SIDER 4.1,http://identifiers.org/umls/C0877027
C0231303,Distress,Distress (SideEffect),CC BY-NC-SA 4.0,UMLS via SIDER 4.1,http://identifiers.org/umls/C0231303
C0521499,Injection site pigmentation changes,Injection site pigmentation changes (SideEffect),CC BY-NC-SA 4.0,UMLS via SIDER 4.1,http://identifiers.org/umls/C0521499
C0235069,Tetanus-like,Tetanus-like (SideEffect),CC BY-NC-SA 4.0,UMLS via SIDER 4.1,http://identifiers.org/umls/C0235069
C0159056,Abnormal chest sounds NOS,Abnormal chest sounds NOS (SideEffect),CC BY-NC-SA 4.0,UMLS via SIDER 4.1,http://identifiers.org/umls/C0159056
C0037317,Sleep disturbance,Sleep disturbance (SideEffect),CC BY-NC-SA 4.0,UMLS via SIDER 4.1,http://identifiers.org/umls/C0037317
C0854697,Dermatitis flare-up,Dermatitis flare-up (SideEffect),CC BY-NC-SA 4.0,UMLS via SIDER 4.1,http://identifiers.org/umls/C0854697
C0241619,Vaginal cyst,Vaginal cyst (SideEffect),CC BY-NC-SA 4.0,UMLS via SIDER 4.1,http://identifiers.org/umls/C0241619
C0221345,Nail discolouration,Nail discolouration (SideEffect),CC BY-NC-SA 4.0,UMLS via SIDER 4.1,http://identifiers.org/umls/C0221345
C0332798,Open wound,Open wound (SideEffect),CC BY-NC-SA 4.0,UMLS via SIDER 4.1,http://identifiers.org/umls/C0332798
C0595938,Increased effect,Increased effect (SideEffect),CC BY-NC-SA 4.0,UMLS via SIDER 4.1,http://identifiers.org/umls/C0595938
C0008370,Cholestasis,Cholestasis (SideEffect),CC BY-NC-SA 4.0,UMLS via SIDER 4.1,http://identifiers.org/umls/C0008370
C0919600,Application site hyperaesthesia,Application site hyperaesthesia (SideEffect),CC BY-NC-SA 4.0,UMLS via SIDER 4.1,http://identifiers.org/umls/C0919600
C0021368,Inflammation,Inflammation (SideEffect),CC BY-NC-SA 4.0,UMLS via SIDER 4.1,http://identifiers.org/umls/C0021368
C0003868,Gouty arthritis,Gouty arthritis (SideEffect),CC BY-NC-SA 4.0,UMLS via SIDER 4.1,http://identifiers.org/umls/C0003868
C1168225,Inner ear infection,Inner ear infection (SideEffect),CC BY-NC-SA 4.0,UMLS via SIDER 4.1,http://identifiers.org/umls/C1168225
C0151726,Injection site hypersensitivity,Injection site hypersensitivity (SideEffect),CC BY-NC-SA 4.0,UMLS via SIDER 4.1,http://identifiers.org/umls/C0151726
C0021177,Libido increased,Libido increased (SideEffect),CC BY-NC-SA 4.0,UMLS via SIDER 4.1,http://identifiers.org/umls/C0021177
C0854532,Myopericarditis,Myopericarditis (SideEffect),CC BY-NC-SA 4.0,UMLS via SIDER 4.1,http://identifiers.org/umls/C0854532
C0221203,Rash vesicular,Rash vesicular (SideEffect),CC BY-NC-SA 4.0,UMLS via SIDER 4.1,http://identifiers.org/umls/C0221203
C0240802,Pregnancy test positive,Pregnancy test positive (SideEffect),CC BY-NC-SA 4.0,UMLS via SIDER 4.1,http://identifiers.org/umls/C0240802
C0877117,Cytomegalovirus gastritis,Cytomegalovirus gastritis (SideEffect),CC BY-NC-SA 4.0,UMLS via SIDER 4.1,http://identifiers.org/umls/C0877117
C0235472,Pulse abnormal,Pulse abnormal (SideEffect),CC BY-NC-SA 4.0,UMLS via SIDER 4.1,http://identifiers.org/umls/C0235472
C0232132,Thready pulse,Thready pulse (SideEffect),CC BY-NC-SA 4.0,UMLS via SIDER 4.1,http://identifiers.org/umls/C0232132
C0454643,Word finding difficulty,Word finding difficulty (SideEffect),CC BY-NC-SA 4.0,UMLS via SIDER 4.1,http://identifiers.org/umls/C0454643
C0151673,Gonadotropins NOS low,Gonadotropins NOS low (SideEffect),CC BY-NC-SA 4.0,UMLS via SIDER 4.1,http://identifiers.org/umls/C0151673
C0035457,Perennial allergic rhinitis,Perennial allergic rhinitis (SideEffect),CC BY-NC-SA 4.0,UMLS via SIDER 4.1,http://identifiers.org/umls/C0035457
C0243010,Encephalitis viral,Encephalitis viral (SideEffect),CC BY-NC-SA 4.0,UMLS via SIDER 4.1,http://identifiers.org/umls/C0243010
C0240327,Taste metallic,Taste metallic (SideEffect),CC BY-NC-SA 4.0,UMLS via SIDER 4.1,http://identifiers.org/umls/C0240327
C1737211,Hypoglycaemic unconsciousness,Hypoglycaemic unconsciousness (SideEffect),CC BY-NC-SA 4.0,UMLS via SIDER 4.1,http://identifiers.org/umls/C1737211
C0151465,Renal abscess,Renal abscess (SideEffect),CC BY-NC-SA 4.0,UMLS via SIDER 4.1,http://identifiers.org/umls/C0151465
C0302809,Hepatitis fulminant,Hepatitis fulminant (SideEffect),CC BY-NC-SA 4.0,UMLS via SIDER 4.1,http://identifiers.org/umls/C0302809
C0853040,Reaction to drug excipients,Reaction to drug excipients (SideEffect),CC BY-NC-SA 4.0,UMLS via SIDER 4.1,http://identifiers.org/umls/C0853040
C0020550,Hyperthyroidism,Hyperthyroidism (SideEffect),CC BY-NC-SA 4.0,UMLS via SIDER 4.1,http://identifiers.org/umls/C0020550
C0277986,Gingival oedema,Gingival oedema (SideEffect),CC BY-NC-SA 4.0,UMLS via SIDER 4.1,http://identifiers.org/umls/C0277986
C0855775,Pulmonary function test decreased,Pulmonary function test decreased (SideEffect),CC BY-NC-SA 4.0,UMLS via SIDER 4.1,http://identifiers.org/umls/C0855775
C0852795,Blood insulin increased,Blood insulin increased (SideEffect),CC BY-NC-SA 4.0,UMLS via SIDER 4.1,http://identifiers.org/umls/C0852795
C0040923,Trichomonal vaginitis,Trichomonal vaginitis (SideEffect),CC BY-NC-SA 4.0,UMLS via SIDER 4.1,http://identifiers.org/umls/C0040923
C0580413,Prothrombin time shortened,Prothrombin time shortened (SideEffect),CC BY-NC-SA 4.0,UMLS via SIDER 4.1,http://identifiers.org/umls/C0580413
C0267940,Pancreatitis haemorrhagic,Pancreatitis haemorrhagic (SideEffect),CC BY-NC-SA 4.0,UMLS via SIDER 4.1,http://identifiers.org/umls/C0267940
C0919702,Ventricular hypokinesia,Ventricular hypokinesia (SideEffect),CC BY-NC-SA 4.0,UMLS via SIDER 4.1,http://identifiers.org/umls/C0919702
C0853118,Blood testosterone increased,Blood testosterone increased (SideEffect),CC BY-NC-SA 4.0,UMLS via SIDER 4.1,http://identifiers.org/umls/C0853118
C0857331,Acute liver damage,Acute liver damage (SideEffect),CC BY-NC-SA 4.0,UMLS via SIDER 4.1,http://identifiers.org/umls/C0857331
C0852878,Non-accidental injury,Non-accidental injury (SideEffect),CC BY-NC-SA 4.0,UMLS via SIDER 4.1,http://identifiers.org/umls/C0852878
C0521495,Application site rash,Application site rash (SideEffect),CC BY-NC-SA 4.0,UMLS via SIDER 4.1,http://identifiers.org/umls/C0521495
C0149726,Pulmonary mass,Pulmonary mass (SideEffect),CC BY-NC-SA 4.0,UMLS via SIDER 4.1,http://identifiers.org/umls/C0149726
C3665444,Neutrophilia,Neutrophilia (SideEffect),CC BY-NC-SA 4.0,UMLS via SIDER 4.1,http://identifiers.org/umls/C3665444
C0438142,Urine analysis abnormal,Urine analysis abnormal (SideEffect),CC BY-NC-SA 4.0,UMLS via SIDER 4.1,http://identifiers.org/umls/C0438142
C1704327,Bone sarcoma,Bone sarcoma (SideEffect),CC BY-NC-SA 4.0,UMLS via SIDER 4.1,http://identifiers.org/umls/C1704327
C0206624,Hepatoblastoma,Hepatoblastoma (SideEffect),CC BY-NC-SA 4.0,UMLS via SIDER 4.1,http://identifiers.org/umls/C0206624
C0948976,Leukaemia cutis,Leukaemia cutis (SideEffect),CC BY-NC-SA 4.0,UMLS via SIDER 4.1,http://identifiers.org/umls/C0948976
C0153452,Gallbladder cancer,Gallbladder cancer (SideEffect),CC BY-NC-SA 4.0,UMLS via SIDER 4.1,http://identifiers.org/umls/C0153452
C0011570,Depression,Depression (SideEffect),CC BY-NC-SA 4.0,UMLS via SIDER 4.1,http://identifiers.org/umls/C0011570
C0027497,Nausea,Nausea (SideEffect),CC BY-NC-SA 4.0,UMLS via SIDER 4.1,http://identifiers.org/umls/C0027497
C0425449,Gasping,Gasping (SideEffect),CC BY-NC-SA 4.0,UMLS via SIDER 4.1,http://identifiers.org/umls/C0425449
C1261562,Detrusor instability,Detrusor instability (SideEffect),CC BY-NC-SA 4.0,UMLS via SIDER 4.1,http://identifiers.org/umls/C1261562
C2363722,Steroid psychosis,Steroid psychosis (SideEffect),CC BY-NC-SA 4.0,UMLS via SIDER 4.1,http://identifiers.org/umls/C2363722
C0948595,Ocular discomfort,Ocular discomfort (SideEffect),CC BY-NC-SA 4.0,UMLS via SIDER 4.1,http://identifiers.org/umls/C0948595
C0018926,Haematemesis,Haematemesis (SideEffect),CC BY-NC-SA 4.0,UMLS via SIDER 4.1,http://identifiers.org/umls/C0018926
C1761613,Conjunctival hyperaemia,Conjunctival hyperaemia (SideEffect),CC BY-NC-SA 4.0,UMLS via SIDER 4.1,http://identifiers.org/umls/C1761613
C0266241,Congenital absence of bile ducts,Congenital absence of bile ducts (SideEffect),CC BY-NC-SA 4.0,UMLS via SIDER 4.1,http://identifiers.org/umls/C0266241
C0029124,Optic atrophy,Optic atrophy (SideEffect),CC BY-NC-SA 4.0,UMLS via SIDER 4.1,http://identifiers.org/umls/C0029124
C0268407,Cardiac amyloidosis,Cardiac amyloidosis (SideEffect),CC BY-NC-SA 4.0,UMLS via SIDER 4.1,http://identifiers.org/umls/C0268407
C0033247,Proctocolitis,Proctocolitis (SideEffect),CC BY-NC-SA 4.0,UMLS via SIDER 4.1,http://identifiers.org/umls/C0033247
C0859290,Black spot,Black spot (SideEffect),CC BY-NC-SA 4.0,UMLS via SIDER 4.1,http://identifiers.org/umls/C0859290
C0575805,Hand swelling,Hand swelling (SideEffect),CC BY-NC-SA 4.0,UMLS via SIDER 4.1,http://identifiers.org/umls/C0575805
C0542215,Slough injection site,Slough injection site (SideEffect),CC BY-NC-SA 4.0,UMLS via SIDER 4.1,http://identifiers.org/umls/C0542215
C0521161,Vasculitic rash,Vasculitic rash (SideEffect),CC BY-NC-SA 4.0,UMLS via SIDER 4.1,http://identifiers.org/umls/C0521161
C0860204,Cholestatic liver disease,Cholestatic liver disease (SideEffect),CC BY-NC-SA 4.0,UMLS via SIDER 4.1,http://identifiers.org/umls/C0860204
C0948610,Abdominal strangulated hernia,Abdominal strangulated hernia (SideEffect),CC BY-NC-SA 4.0,UMLS via SIDER 4.1,http://identifiers.org/umls/C0948610
C0853312,Osteoarthritis aggravated,Osteoarthritis aggravated (SideEffect),CC BY-NC-SA 4.0,UMLS via SIDER 4.1,http://identifiers.org/umls/C0853312
C1168149,Perioral tingling,Perioral tingling (SideEffect),CC BY-NC-SA 4.0,UMLS via SIDER 4.1,http://identifiers.org/umls/C1168149
C0854146,Blood test abnormal,Blood test abnormal (SideEffect),CC BY-NC-SA 4.0,UMLS via SIDER 4.1,http://identifiers.org/umls/C0854146
C0004245,Atrioventricular block,Atrioventricular block (SideEffect),CC BY-NC-SA 4.0,UMLS via SIDER 4.1,http://identifiers.org/umls/C0004245
C0017412,Genital disorder male,Genital disorder male (SideEffect),CC BY-NC-SA 4.0,UMLS via SIDER 4.1,http://identifiers.org/umls/C0017412
C0155550,Neural hearing loss,Neural hearing loss (SideEffect),CC BY-NC-SA 4.0,UMLS via SIDER 4.1,http://identifiers.org/umls/C0155550
C1095923,Febrile bone marrow aplasia,Febrile bone marrow aplasia (SideEffect),CC BY-NC-SA 4.0,UMLS via SIDER 4.1,http://identifiers.org/umls/C1095923
C0847033,Allergic oedema,Allergic oedema (SideEffect),CC BY-NC-SA 4.0,UMLS via SIDER 4.1,http://identifiers.org/umls/C0847033
C0035522,Rib fracture,Rib fracture (SideEffect),CC BY-NC-SA 4.0,UMLS via SIDER 4.1,http://identifiers.org/umls/C0035522
C0948715,Infusion related reaction,Infusion related reaction (SideEffect),CC BY-NC-SA 4.0,UMLS via SIDER 4.1,http://identifiers.org/umls/C0948715
C0031212,Personality disorder,Personality disorder (SideEffect),CC BY-NC-SA 4.0,UMLS via SIDER 4.1,http://identifiers.org/umls/C0031212
C0426390,Bladder spasm,Bladder spasm (SideEffect),CC BY-NC-SA 4.0,UMLS via SIDER 4.1,http://identifiers.org/umls/C0426390
C2981158,Loss of libido,Loss of libido (SideEffect),CC BY-NC-SA 4.0,UMLS via SIDER 4.1,http://identifiers.org/umls/C2981158
C0266008,Breast malformation,Breast malformation (SideEffect),CC BY-NC-SA 4.0,UMLS via SIDER 4.1,http://identifiers.org/umls/C0266008
C0948425,Large intestinal haemorrhage,Large intestinal haemorrhage (SideEffect),CC BY-NC-SA 4.0,UMLS via SIDER 4.1,http://identifiers.org/umls/C0948425
C0178829,Reproductive tract disorder,Reproductive tract disorder (SideEffect),CC BY-NC-SA 4.0,UMLS via SIDER 4.1,http://identifiers.org/umls/C0178829
C0919661,Heart alternation,Heart alternation (SideEffect),CC BY-NC-SA 4.0,UMLS via SIDER 4.1,http://identifiers.org/umls/C0919661
C0235055,Skeletal muscle paralysis,Skeletal muscle paralysis (SideEffect),CC BY-NC-SA 4.0,UMLS via SIDER 4.1,http://identifiers.org/umls/C0235055
C0341503,Peritonitis bacterial,Peritonitis bacterial (SideEffect),CC BY-NC-SA 4.0,UMLS via SIDER 4.1,http://identifiers.org/umls/C0341503
C0153594,Testis cancer,Testis cancer (SideEffect),CC BY-NC-SA 4.0,UMLS via SIDER 4.1,http://identifiers.org/umls/C0153594
C0263383,Keratosis pilaris,Keratosis pilaris (SideEffect),CC BY-NC-SA 4.0,UMLS via SIDER 4.1,http://identifiers.org/umls/C0263383
C0854059,pH urine decreased,pH urine decreased (SideEffect),CC BY-NC-SA 4.0,UMLS via SIDER 4.1,http://identifiers.org/umls/C0854059
C0009081,Congenital clubfoot,Congenital clubfoot (SideEffect),CC BY-NC-SA 4.0,UMLS via SIDER 4.1,http://identifiers.org/umls/C0009081
C0566948,Vaginal swelling,Vaginal swelling (SideEffect),CC BY-NC-SA 4.0,UMLS via SIDER 4.1,http://identifiers.org/umls/C0566948
C0554976,Bradyphrenia,Bradyphrenia (SideEffect),CC BY-NC-SA 4.0,UMLS via SIDER 4.1,http://identifiers.org/umls/C0554976
C0235996,Hepatic enzyme increased,Hepatic enzyme increased (SideEffect),CC BY-NC-SA 4.0,UMLS via SIDER 4.1,http://identifiers.org/umls/C0235996
C0026766,Multi-organ failure,Multi-organ failure (SideEffect),CC BY-NC-SA 4.0,UMLS via SIDER 4.1,http://identifiers.org/umls/C0026766
C1142349,Eyelid pain,Eyelid pain (SideEffect),CC BY-NC-SA 4.0,UMLS via SIDER 4.1,http://identifiers.org/umls/C1142349
C0560024,Swelling of eyelid,Swelling of eyelid (SideEffect),CC BY-NC-SA 4.0,UMLS via SIDER 4.1,http://identifiers.org/umls/C0560024
C0008513,Chorioretinitis,Chorioretinitis (SideEffect),CC BY-NC-SA 4.0,UMLS via SIDER 4.1,http://identifiers.org/umls/C0008513
C0024117,Chronic obstructive pulmonary disease,Chronic obstructive pulmonary disease (SideEffect),CC BY-NC-SA 4.0,UMLS via SIDER 4.1,http://identifiers.org/umls/C0024117
C3203358,Hypoventilation,Hypoventilation (SideEffect),CC BY-NC-SA 4.0,UMLS via SIDER 4.1,http://identifiers.org/umls/C3203358
C1704272,Benign prostatic hyperplasia,Benign prostatic hyperplasia (SideEffect),CC BY-NC-SA 4.0,UMLS via SIDER 4.1,http://identifiers.org/umls/C1704272
C0233569,Physical wandering,Physical wandering (SideEffect),CC BY-NC-SA 4.0,UMLS via SIDER 4.1,http://identifiers.org/umls/C0233569
C0007859,Neck pain,Neck pain (SideEffect),CC BY-NC-SA 4.0,UMLS via SIDER 4.1,http://identifiers.org/umls/C0007859
C0085641,Rash pustular,Rash pustular (SideEffect),CC BY-NC-SA 4.0,UMLS via SIDER 4.1,http://identifiers.org/umls/C0085641
C0581395,Penile infection,Penile infection (SideEffect),CC BY-NC-SA 4.0,UMLS via SIDER 4.1,http://identifiers.org/umls/C0581395
C0751295,Memory loss,Memory loss (SideEffect),CC BY-NC-SA 4.0,UMLS via SIDER 4.1,http://identifiers.org/umls/C0751295
C0037188,Sinoatrial block,Sinoatrial block (SideEffect),CC BY-NC-SA 4.0,UMLS via SIDER 4.1,http://identifiers.org/umls/C0037188
C0036337,Schizoaffective disorder,Schizoaffective disorder (SideEffect),CC BY-NC-SA 4.0,UMLS via SIDER 4.1,http://identifiers.org/umls/C0036337
C0948521,Oral pruritus,Oral pruritus (SideEffect),CC BY-NC-SA 4.0,UMLS via SIDER 4.1,http://identifiers.org/umls/C0948521
C0013456,Ear pain,Ear pain (SideEffect),CC BY-NC-SA 4.0,UMLS via SIDER 4.1,http://identifiers.org/umls/C0013456
C0576091,Knee deformity,Knee deformity (SideEffect),CC BY-NC-SA 4.0,UMLS via SIDER 4.1,http://identifiers.org/umls/C0576091
C0024314,Lymphoproliferative disorder,Lymphoproliferative disorder (SideEffect),CC BY-NC-SA 4.0,UMLS via SIDER 4.1,http://identifiers.org/umls/C0024314
C0699828,Serotonin syndrome,Serotonin syndrome (SideEffect),CC BY-NC-SA 4.0,UMLS via SIDER 4.1,http://identifiers.org/umls/C0699828
C0423729,Painful respiration,Painful respiration (SideEffect),CC BY-NC-SA 4.0,UMLS via SIDER 4.1,http://identifiers.org/umls/C0423729
C0031315,Phantom limb pain,Phantom limb pain (SideEffect),CC BY-NC-SA 4.0,UMLS via SIDER 4.1,http://identifiers.org/umls/C0031315
C0234131,Motor dysfunction,Motor dysfunction (SideEffect),CC BY-NC-SA 4.0,UMLS via SIDER 4.1,http://identifiers.org/umls/C0234131
C1306580,Bone mass decreased,Bone mass decreased (SideEffect),CC BY-NC-SA 4.0,UMLS via SIDER 4.1,http://identifiers.org/umls/C1306580
C0542239,Tired and heavy,Tired and heavy (SideEffect),CC BY-NC-SA 4.0,UMLS via SIDER 4.1,http://identifiers.org/umls/C0542239
C0740852,Upper airway obstruction,Upper airway obstruction (SideEffect),CC BY-NC-SA 4.0,UMLS via SIDER 4.1,http://identifiers.org/umls/C0740852
C0239302,Oestrogen low,Oestrogen low (SideEffect),CC BY-NC-SA 4.0,UMLS via SIDER 4.1,http://identifiers.org/umls/C0239302
C0151594,Diarrhoea haemorrhagic,Diarrhoea haemorrhagic (SideEffect),CC BY-NC-SA 4.0,UMLS via SIDER 4.1,http://identifiers.org/umls/C0151594
C0026987,Myelofibrosis,Myelofibrosis (SideEffect),CC BY-NC-SA 4.0,UMLS via SIDER 4.1,http://identifiers.org/umls/C0026987
C0237314,Heart rate irregular,Heart rate irregular (SideEffect),CC BY-NC-SA 4.0,UMLS via SIDER 4.1,http://identifiers.org/umls/C0237314
C0856110,Oedema aggravated,Oedema aggravated (SideEffect),CC BY-NC-SA 4.0,UMLS via SIDER 4.1,http://identifiers.org/umls/C0856110
C0235984,Salivary duct obstruction,Salivary duct obstruction (SideEffect),CC BY-NC-SA 4.0,UMLS via SIDER 4.1,http://identifiers.org/umls/C0235984
C0429059,Electrocardiogram T wave amplitude decreased,Electrocardiogram T wave amplitude decreased (SideEffect),CC BY-NC-SA 4.0,UMLS via SIDER 4.1,http://identifiers.org/umls/C0429059
C0240972,Scrotal erythema,Scrotal erythema (SideEffect),CC BY-NC-SA 4.0,UMLS via SIDER 4.1,http://identifiers.org/umls/C0240972
C1112436,QRS axis abnormal,QRS axis abnormal (SideEffect),CC BY-NC-SA 4.0,UMLS via SIDER 4.1,http://identifiers.org/umls/C1112436
C1455782,Vagotonia,Vagotonia (SideEffect),CC BY-NC-SA 4.0,UMLS via SIDER 4.1,http://identifiers.org/umls/C1455782
C0007134,Renal cell carcinoma,Renal cell carcinoma (SideEffect),CC BY-NC-SA 4.0,UMLS via SIDER 4.1,http://identifiers.org/umls/C0007134
C0007120,Bronchioloalveolar carcinoma,Bronchioloalveolar carcinoma (SideEffect),CC BY-NC-SA 4.0,UMLS via SIDER 4.1,http://identifiers.org/umls/C0007120
C0520736,Coombs positive haemolytic anaemia,Coombs positive haemolytic anaemia (SideEffect),CC BY-NC-SA 4.0,UMLS via SIDER 4.1,http://identifiers.org/umls/C0520736
C0021294,Premature baby,Premature baby (SideEffect),CC BY-NC-SA 4.0,UMLS via SIDER 4.1,http://identifiers.org/umls/C0021294
C0042018,Calculus urinary,Calculus urinary (SideEffect),CC BY-NC-SA 4.0,UMLS via SIDER 4.1,http://identifiers.org/umls/C0042018
C0221281,Poikilocytosis,Poikilocytosis (SideEffect),CC BY-NC-SA 4.0,UMLS via SIDER 4.1,http://identifiers.org/umls/C0221281
C0040053,Thrombosis,Thrombosis (SideEffect),CC BY-NC-SA 4.0,UMLS via SIDER 4.1,http://identifiers.org/umls/C0040053
C0014457,Eosinophilia,Eosinophilia (SideEffect),CC BY-NC-SA 4.0,UMLS via SIDER 4.1,http://identifiers.org/umls/C0014457
C1258215,Ileus,Ileus (SideEffect),CC BY-NC-SA 4.0,UMLS via SIDER 4.1,http://identifiers.org/umls/C1258215
C0235980,Scleral discolouration,Scleral discolouration (SideEffect),CC BY-NC-SA 4.0,UMLS via SIDER 4.1,http://identifiers.org/umls/C0235980
C0868908,Pancolitis,Pancolitis (SideEffect),CC BY-NC-SA 4.0,UMLS via SIDER 4.1,http://identifiers.org/umls/C0868908
C0006112,Metabolic encephalopathy,Metabolic encephalopathy (SideEffect),CC BY-NC-SA 4.0,UMLS via SIDER 4.1,http://identifiers.org/umls/C0006112
C0024228,Lymphatic disorder,Lymphatic disorder (SideEffect),CC BY-NC-SA 4.0,UMLS via SIDER 4.1,http://identifiers.org/umls/C0024228
C0027022,Myeloproliferative disorder,Myeloproliferative disorder (SideEffect),CC BY-NC-SA 4.0,UMLS via SIDER 4.1,http://identifiers.org/umls/C0027022
C0008313,Cholangitis sclerosing,Cholangitis sclerosing (SideEffect),CC BY-NC-SA 4.0,UMLS via SIDER 4.1,http://identifiers.org/umls/C0008313
C0853198,Gastroenteritis yersinia,Gastroenteritis yersinia (SideEffect),CC BY-NC-SA 4.0,UMLS via SIDER 4.1,http://identifiers.org/umls/C0853198
C0001144,Acne vulgaris,Acne vulgaris (SideEffect),CC BY-NC-SA 4.0,UMLS via SIDER 4.1,http://identifiers.org/umls/C0001144
C0242350,Erectile dysfunction,Erectile dysfunction (SideEffect),CC BY-NC-SA 4.0,UMLS via SIDER 4.1,http://identifiers.org/umls/C0242350
C0041972,Urethral obstruction,Urethral obstruction (SideEffect),CC BY-NC-SA 4.0,UMLS via SIDER 4.1,http://identifiers.org/umls/C0041972
C0851341,Infestation NOS,Infestation NOS (SideEffect),CC BY-NC-SA 4.0,UMLS via SIDER 4.1,http://identifiers.org/umls/C0851341
C0234373,Tremor fine,Tremor fine (SideEffect),CC BY-NC-SA 4.0,UMLS via SIDER 4.1,http://identifiers.org/umls/C0234373
C0282193,Iron overload,Iron overload (SideEffect),CC BY-NC-SA 4.0,UMLS via SIDER 4.1,http://identifiers.org/umls/C0282193
C1533591,Deposit calcium,Deposit calcium (SideEffect),CC BY-NC-SA 4.0,UMLS via SIDER 4.1,http://identifiers.org/umls/C1533591
C0235263,Conjunctival congestion,Conjunctival congestion (SideEffect),CC BY-NC-SA 4.0,UMLS via SIDER 4.1,http://identifiers.org/umls/C0235263
C0085570,Alkalosis hypokalaemic,Alkalosis hypokalaemic (SideEffect),CC BY-NC-SA 4.0,UMLS via SIDER 4.1,http://identifiers.org/umls/C0085570
C0002891,Anaemia neonatal,Anaemia neonatal (SideEffect),CC BY-NC-SA 4.0,UMLS via SIDER 4.1,http://identifiers.org/umls/C0002891
C0851886,Pneumocystis carinii infection,Pneumocystis carinii infection (SideEffect),CC BY-NC-SA 4.0,UMLS via SIDER 4.1,http://identifiers.org/umls/C0851886
C0854080,Painful response to normal stimuli,Painful response to normal stimuli (SideEffect),CC BY-NC-SA 4.0,UMLS via SIDER 4.1,http://identifiers.org/umls/C0854080
C0236000,Pain in jaw,Pain in jaw (SideEffect),CC BY-NC-SA 4.0,UMLS via SIDER 4.1,http://identifiers.org/umls/C0236000
C0027051,Myocardial infarction,Myocardial infarction (SideEffect),CC BY-NC-SA 4.0,UMLS via SIDER 4.1,http://identifiers.org/umls/C0027051
C0276684,Balanitis candida,Balanitis candida (SideEffect),CC BY-NC-SA 4.0,UMLS via SIDER 4.1,http://identifiers.org/umls/C0276684
C0855625,Bilirubin conjugated increased,Bilirubin conjugated increased (SideEffect),CC BY-NC-SA 4.0,UMLS via SIDER 4.1,http://identifiers.org/umls/C0855625
C0342548,Early menarche,Early menarche (SideEffect),CC BY-NC-SA 4.0,UMLS via SIDER 4.1,http://identifiers.org/umls/C0342548
C0008489,Chorea,Chorea (SideEffect),CC BY-NC-SA 4.0,UMLS via SIDER 4.1,http://identifiers.org/umls/C0008489
C0855620,Alanine aminotransferase normal,Alanine aminotransferase normal (SideEffect),CC BY-NC-SA 4.0,UMLS via SIDER 4.1,http://identifiers.org/umls/C0855620
C0152115,Orofacial dyskinesia,Orofacial dyskinesia (SideEffect),CC BY-NC-SA 4.0,UMLS via SIDER 4.1,http://identifiers.org/umls/C0152115
C0854097,Hypoaesthesia eye,Hypoaesthesia eye (SideEffect),CC BY-NC-SA 4.0,UMLS via SIDER 4.1,http://identifiers.org/umls/C0854097
C0858226,Plasma cholesterol increased,Plasma cholesterol increased (SideEffect),CC BY-NC-SA 4.0,UMLS via SIDER 4.1,http://identifiers.org/umls/C0858226
C1262170,Herpes dermatitis,Herpes dermatitis (SideEffect),CC BY-NC-SA 4.0,UMLS via SIDER 4.1,http://identifiers.org/umls/C1262170
C0595862,Vasodilatation,Vasodilatation (SideEffect),CC BY-NC-SA 4.0,UMLS via SIDER 4.1,http://identifiers.org/umls/C0595862
C0877089,Vaginal mucosal blistering,Vaginal mucosal blistering (SideEffect),CC BY-NC-SA 4.0,UMLS via SIDER 4.1,http://identifiers.org/umls/C0877089
C0262414,Cervical vertebral fracture,Cervical vertebral fracture (SideEffect),CC BY-NC-SA 4.0,UMLS via SIDER 4.1,http://identifiers.org/umls/C0262414
C1285577,Acute confusional state,Acute confusional state (SideEffect),CC BY-NC-SA 4.0,UMLS via SIDER 4.1,http://identifiers.org/umls/C1285577
C0851536,Administration site reaction,Administration site reaction (SideEffect),CC BY-NC-SA 4.0,UMLS via SIDER 4.1,http://identifiers.org/umls/C0851536
C0003460,Anuria,Anuria (SideEffect),CC BY-NC-SA 4.0,UMLS via SIDER 4.1,http://identifiers.org/umls/C0003460
C2242737,Anorectal discomfort,Anorectal discomfort (SideEffect),CC BY-NC-SA 4.0,UMLS via SIDER 4.1,http://identifiers.org/umls/C2242737
C0858307,Bilirubin normal,Bilirubin normal (SideEffect),CC BY-NC-SA 4.0,UMLS via SIDER 4.1,http://identifiers.org/umls/C0858307
C0014848,Oesophageal achalasia,Oesophageal achalasia (SideEffect),CC BY-NC-SA 4.0,UMLS via SIDER 4.1,http://identifiers.org/umls/C0014848
C0276253,Pneumonia cytomegaloviral,Pneumonia cytomegaloviral (SideEffect),CC BY-NC-SA 4.0,UMLS via SIDER 4.1,http://identifiers.org/umls/C0276253
C0206160,Reticulocytosis,Reticulocytosis (SideEffect),CC BY-NC-SA 4.0,UMLS via SIDER 4.1,http://identifiers.org/umls/C0206160
C1736186,Postoperative shivering,Postoperative shivering (SideEffect),CC BY-NC-SA 4.0,UMLS via SIDER 4.1,http://identifiers.org/umls/C1736186
C0206504,Tympanic membrane perforation,Tympanic membrane perforation (SideEffect),CC BY-NC-SA 4.0,UMLS via SIDER 4.1,http://identifiers.org/umls/C0206504
C0151609,Scrotal oedema,Scrotal oedema (SideEffect),CC BY-NC-SA 4.0,UMLS via SIDER 4.1,http://identifiers.org/umls/C0151609
C0040427,Tooth malformation,Tooth malformation (SideEffect),CC BY-NC-SA 4.0,UMLS via SIDER 4.1,http://identifiers.org/umls/C0040427
C0948288,Conjunctival discharge,Conjunctival discharge (SideEffect),CC BY-NC-SA 4.0,UMLS via SIDER 4.1,http://identifiers.org/umls/C0948288
C0403592,Chronic allograft nephropathy,Chronic allograft nephropathy (SideEffect),CC BY-NC-SA 4.0,UMLS via SIDER 4.1,http://identifiers.org/umls/C0403592
C0541820,Carbohydrate tolerance decreased,Carbohydrate tolerance decreased (SideEffect),CC BY-NC-SA 4.0,UMLS via SIDER 4.1,http://identifiers.org/umls/C0541820
C0341742,Acute retention of urine,Acute retention of urine (SideEffect),CC BY-NC-SA 4.0,UMLS via SIDER 4.1,http://identifiers.org/umls/C0341742
C0151598,Drug level decreased,Drug level decreased (SideEffect),CC BY-NC-SA 4.0,UMLS via SIDER 4.1,http://identifiers.org/umls/C0151598
C0018780,High frequency deafness,High frequency deafness (SideEffect),CC BY-NC-SA 4.0,UMLS via SIDER 4.1,http://identifiers.org/umls/C0018780
C0435002,Ligament sprain,Ligament sprain (SideEffect),CC BY-NC-SA 4.0,UMLS via SIDER 4.1,http://identifiers.org/umls/C0435002
C1868919,Upper abdominal discomfort,Upper abdominal discomfort (SideEffect),CC BY-NC-SA 4.0,UMLS via SIDER 4.1,http://identifiers.org/umls/C1868919
C0151614,Electrolyte depletion,Electrolyte depletion (SideEffect),CC BY-NC-SA 4.0,UMLS via SIDER 4.1,http://identifiers.org/umls/C0151614
C0007462,Causalgia,Causalgia (SideEffect),CC BY-NC-SA 4.0,UMLS via SIDER 4.1,http://identifiers.org/umls/C0007462
C1142080,Injection site stinging,Injection site stinging (SideEffect),CC BY-NC-SA 4.0,UMLS via SIDER 4.1,http://identifiers.org/umls/C1142080
C1142335,Bilirubin abnormal,Bilirubin abnormal (SideEffect),CC BY-NC-SA 4.0,UMLS via SIDER 4.1,http://identifiers.org/umls/C1142335
C0751523,Nonconvulsive status epilepticus,Nonconvulsive status epilepticus (SideEffect),CC BY-NC-SA 4.0,UMLS via SIDER 4.1,http://identifiers.org/umls/C0751523
C0154002,Benign vaginal neoplasm,Benign vaginal neoplasm (SideEffect),CC BY-NC-SA 4.0,UMLS via SIDER 4.1,http://identifiers.org/umls/C0154002
C0264714,Cardiac failure acute,Cardiac failure acute (SideEffect),CC BY-NC-SA 4.0,UMLS via SIDER 4.1,http://identifiers.org/umls/C0264714
C0021359,Infertility,Infertility (SideEffect),CC BY-NC-SA 4.0,UMLS via SIDER 4.1,http://identifiers.org/umls/C0021359
C0240735,Personality change,Personality change (SideEffect),CC BY-NC-SA 4.0,UMLS via SIDER 4.1,http://identifiers.org/umls/C0240735
C0021670,Insulinoma,Insulinoma (SideEffect),CC BY-NC-SA 4.0,UMLS via SIDER 4.1,http://identifiers.org/umls/C0021670
C0025297,Meningitis viral,Meningitis viral (SideEffect),CC BY-NC-SA 4.0,UMLS via SIDER 4.1,http://identifiers.org/umls/C0025297
C0856597,Pulmonary alveolitis,Pulmonary alveolitis (SideEffect),CC BY-NC-SA 4.0,UMLS via SIDER 4.1,http://identifiers.org/umls/C0856597
C0016722,Frigidity,Frigidity (SideEffect),CC BY-NC-SA 4.0,UMLS via SIDER 4.1,http://identifiers.org/umls/C0016722
C0438215,Laboratory test abnormal,Laboratory test abnormal (SideEffect),CC BY-NC-SA 4.0,UMLS via SIDER 4.1,http://identifiers.org/umls/C0438215
C0332579,Lividity,Lividity (SideEffect),CC BY-NC-SA 4.0,UMLS via SIDER 4.1,http://identifiers.org/umls/C0332579
C0948782,Uterine cramps,Uterine cramps (SideEffect),CC BY-NC-SA 4.0,UMLS via SIDER 4.1,http://identifiers.org/umls/C0948782
C0751564,Pill rolling,Pill rolling (SideEffect),CC BY-NC-SA 4.0,UMLS via SIDER 4.1,http://identifiers.org/umls/C0751564
C1322281,Rhinitis seasonal,Rhinitis seasonal (SideEffect),CC BY-NC-SA 4.0,UMLS via SIDER 4.1,http://identifiers.org/umls/C1322281
C0004352,Autism,Autism (SideEffect),CC BY-NC-SA 4.0,UMLS via SIDER 4.1,http://identifiers.org/umls/C0004352
C0023480,Chronic myelomonocytic leukaemia,Chronic myelomonocytic leukaemia (SideEffect),CC BY-NC-SA 4.0,UMLS via SIDER 4.1,http://identifiers.org/umls/C0023480
C1096116,Acquired haemophilia,Acquired haemophilia (SideEffect),CC BY-NC-SA 4.0,UMLS via SIDER 4.1,http://identifiers.org/umls/C1096116
C0403673,Retrograde ejaculation,Retrograde ejaculation (SideEffect),CC BY-NC-SA 4.0,UMLS via SIDER 4.1,http://identifiers.org/umls/C0403673
C0151680,Gonadotropic luteinizing hormone increased,Gonadotropic luteinizing hormone increased (SideEffect),CC BY-NC-SA 4.0,UMLS via SIDER 4.1,http://identifiers.org/umls/C0151680
C0858979,Oral mucosa sore,Oral mucosa sore (SideEffect),CC BY-NC-SA 4.0,UMLS via SIDER 4.1,http://identifiers.org/umls/C0858979
C0578455,Abscess limb,Abscess limb (SideEffect),CC BY-NC-SA 4.0,UMLS via SIDER 4.1,http://identifiers.org/umls/C0578455
C0221069,Anterior spinal artery syndrome,Anterior spinal artery syndrome (SideEffect),CC BY-NC-SA 4.0,UMLS via SIDER 4.1,http://identifiers.org/umls/C0221069
C0392703,Shakiness,Shakiness (SideEffect),CC BY-NC-SA 4.0,UMLS via SIDER 4.1,http://identifiers.org/umls/C0392703
C0600327,Toxic shock syndrome,Toxic shock syndrome (SideEffect),CC BY-NC-SA 4.0,UMLS via SIDER 4.1,http://identifiers.org/umls/C0600327
C1328395,Vaginal contraceptive device expelled,Vaginal contraceptive device expelled (SideEffect),CC BY-NC-SA 4.0,UMLS via SIDER 4.1,http://identifiers.org/umls/C1328395
C0859032,Moaning,Moaning (SideEffect),CC BY-NC-SA 4.0,UMLS via SIDER 4.1,http://identifiers.org/umls/C0859032
C0003466,Anal atresia,Anal atresia (SideEffect),CC BY-NC-SA 4.0,UMLS via SIDER 4.1,http://identifiers.org/umls/C0003466
C0010034,Corneal disorder,Corneal disorder (SideEffect),CC BY-NC-SA 4.0,UMLS via SIDER 4.1,http://identifiers.org/umls/C0010034
C0041948,Uremia,Uremia (SideEffect),CC BY-NC-SA 4.0,UMLS via SIDER 4.1,http://identifiers.org/umls/C0041948
C0235195,Sedation,Sedation (SideEffect),CC BY-NC-SA 4.0,UMLS via SIDER 4.1,http://identifiers.org/umls/C0235195
C0236022,Neoplasm malignant aggravated,Neoplasm malignant aggravated (SideEffect),CC BY-NC-SA 4.0,UMLS via SIDER 4.1,http://identifiers.org/umls/C0236022
C0011876,Cataract diabetic,Cataract diabetic (SideEffect),CC BY-NC-SA 4.0,UMLS via SIDER 4.1,http://identifiers.org/umls/C0011876
C0752347,Dementia with Lewy bodies,Dementia with Lewy bodies (SideEffect),CC BY-NC-SA 4.0,UMLS via SIDER 4.1,http://identifiers.org/umls/C0752347
C0031085,Abscess periodontal,Abscess periodontal (SideEffect),CC BY-NC-SA 4.0,UMLS via SIDER 4.1,http://identifiers.org/umls/C0031085
C0265294,Metaphyseal dysplasia,Metaphyseal dysplasia (SideEffect),CC BY-NC-SA 4.0,UMLS via SIDER 4.1,http://identifiers.org/umls/C0265294
C0235025,Peripheral motor neuropathy,Peripheral motor neuropathy (SideEffect),CC BY-NC-SA 4.0,UMLS via SIDER 4.1,http://identifiers.org/umls/C0235025
C0424000,Suicidal ideation,Suicidal ideation (SideEffect),CC BY-NC-SA 4.0,UMLS via SIDER 4.1,http://identifiers.org/umls/C0424000
C0577115,Soft stools,Soft stools (SideEffect),CC BY-NC-SA 4.0,UMLS via SIDER 4.1,http://identifiers.org/umls/C0577115
C0010930,Dacryocystitis,Dacryocystitis (SideEffect),CC BY-NC-SA 4.0,UMLS via SIDER 4.1,http://identifiers.org/umls/C0010930
C0342257,Diabetic complication,Diabetic complication (SideEffect),CC BY-NC-SA 4.0,UMLS via SIDER 4.1,http://identifiers.org/umls/C0342257
C0085595,Body odor,Body odor (SideEffect),CC BY-NC-SA 4.0,UMLS via SIDER 4.1,http://identifiers.org/umls/C0085595
C0042345,Varicose vein,Varicose vein (SideEffect),CC BY-NC-SA 4.0,UMLS via SIDER 4.1,http://identifiers.org/umls/C0042345
C0685707,Muscular ventricular septal defect,Muscular ventricular septal defect (SideEffect),CC BY-NC-SA 4.0,UMLS via SIDER 4.1,http://identifiers.org/umls/C0685707
C0085621,Spastic paralysis,Spastic paralysis (SideEffect),CC BY-NC-SA 4.0,UMLS via SIDER 4.1,http://identifiers.org/umls/C0085621
C0002874,Aplastic anaemia,Aplastic anaemia (SideEffect),CC BY-NC-SA 4.0,UMLS via SIDER 4.1,http://identifiers.org/umls/C0002874
C0521481,Oedema mucosal,Oedema mucosal (SideEffect),CC BY-NC-SA 4.0,UMLS via SIDER 4.1,http://identifiers.org/umls/C0521481
C0919907,Pleural infection,Pleural infection (SideEffect),CC BY-NC-SA 4.0,UMLS via SIDER 4.1,http://identifiers.org/umls/C0919907
C1328308,Increased upper airway secretion,Increased upper airway secretion (SideEffect),CC BY-NC-SA 4.0,UMLS via SIDER 4.1,http://identifiers.org/umls/C1328308
C1112256,Peripheral sensorimotor neuropathy,Peripheral sensorimotor neuropathy (SideEffect),CC BY-NC-SA 4.0,UMLS via SIDER 4.1,http://identifiers.org/umls/C1112256
C0520532,Subcutaneous haematoma,Subcutaneous haematoma (SideEffect),CC BY-NC-SA 4.0,UMLS via SIDER 4.1,http://identifiers.org/umls/C0520532
C0028778,Obstruction,Obstruction (SideEffect),CC BY-NC-SA 4.0,UMLS via SIDER 4.1,http://identifiers.org/umls/C0028778
C1868879,Endotracheal tube obstruction,Endotracheal tube obstruction (SideEffect),CC BY-NC-SA 4.0,UMLS via SIDER 4.1,http://identifiers.org/umls/C1868879
C1328561,Postmenopausal spotting,Postmenopausal spotting (SideEffect),CC BY-NC-SA 4.0,UMLS via SIDER 4.1,http://identifiers.org/umls/C1328561
C0855642,Blood uric acid abnormal,Blood uric acid abnormal (SideEffect),CC BY-NC-SA 4.0,UMLS via SIDER 4.1,http://identifiers.org/umls/C0855642
C0281803,Endotracheal intubation complication,Endotracheal intubation complication (SideEffect),CC BY-NC-SA 4.0,UMLS via SIDER 4.1,http://identifiers.org/umls/C0281803
C1561643,Chronic kidney disease,Chronic kidney disease (SideEffect),CC BY-NC-SA 4.0,UMLS via SIDER 4.1,http://identifiers.org/umls/C1561643
C0302592,Cervix carcinoma,Cervix carcinoma (SideEffect),CC BY-NC-SA 4.0,UMLS via SIDER 4.1,http://identifiers.org/umls/C0302592
C0343361,Gastroenteritis adenovirus,Gastroenteritis adenovirus (SideEffect),CC BY-NC-SA 4.0,UMLS via SIDER 4.1,http://identifiers.org/umls/C0343361
C0853595,Blood cholesterol abnormal,Blood cholesterol abnormal (SideEffect),CC BY-NC-SA 4.0,UMLS via SIDER 4.1,http://identifiers.org/umls/C0853595
C1112366,Eyelid irritation,Eyelid irritation (SideEffect),CC BY-NC-SA 4.0,UMLS via SIDER 4.1,http://identifiers.org/umls/C1112366
C0002895,Sickle cell anaemia,Sickle cell anaemia (SideEffect),CC BY-NC-SA 4.0,UMLS via SIDER 4.1,http://identifiers.org/umls/C0002895
C0221154,Hypertension paroxysmal,Hypertension paroxysmal (SideEffect),CC BY-NC-SA 4.0,UMLS via SIDER 4.1,http://identifiers.org/umls/C0221154
C0278106,Ejaculation failure,Ejaculation failure (SideEffect),CC BY-NC-SA 4.0,UMLS via SIDER 4.1,http://identifiers.org/umls/C0278106
C0858041,Plasma triglycerides increased,Plasma triglycerides increased (SideEffect),CC BY-NC-SA 4.0,UMLS via SIDER 4.1,http://identifiers.org/umls/C0858041
C0233976,Clitoral engorgement,Clitoral engorgement (SideEffect),CC BY-NC-SA 4.0,UMLS via SIDER 4.1,http://identifiers.org/umls/C0233976
C0026857,Musculoskeletal disorder,Musculoskeletal disorder (SideEffect),CC BY-NC-SA 4.0,UMLS via SIDER 4.1,http://identifiers.org/umls/C0026857
C0221158,Multifocal atrial tachycardia,Multifocal atrial tachycardia (SideEffect),CC BY-NC-SA 4.0,UMLS via SIDER 4.1,http://identifiers.org/umls/C0221158
C0476089,Endometrial cancer,Endometrial cancer (SideEffect),CC BY-NC-SA 4.0,UMLS via SIDER 4.1,http://identifiers.org/umls/C0476089
C2973529,Leukocytoclastic vasculitis,Leukocytoclastic vasculitis (SideEffect),CC BY-NC-SA 4.0,UMLS via SIDER 4.1,http://identifiers.org/umls/C2973529
C0027080,Myoglobinuria,Myoglobinuria (SideEffect),CC BY-NC-SA 4.0,UMLS via SIDER 4.1,http://identifiers.org/umls/C0027080
C1306577,Death,Death (SideEffect),CC BY-NC-SA 4.0,UMLS via SIDER 4.1,http://identifiers.org/umls/C1306577
C1704373,Compulsive personality disorder,Compulsive personality disorder (SideEffect),CC BY-NC-SA 4.0,UMLS via SIDER 4.1,http://identifiers.org/umls/C1704373
C2242576,Oropharyngeal blistering,Oropharyngeal blistering (SideEffect),CC BY-NC-SA 4.0,UMLS via SIDER 4.1,http://identifiers.org/umls/C2242576
C0023370,Leriche syndrome,Leriche syndrome (SideEffect),CC BY-NC-SA 4.0,UMLS via SIDER 4.1,http://identifiers.org/umls/C0023370
C0265057,Superficial thrombophlebitis of leg,Superficial thrombophlebitis of leg (SideEffect),CC BY-NC-SA 4.0,UMLS via SIDER 4.1,http://identifiers.org/umls/C0265057
C0206180,Anaplastic large-cell lymphoma,Anaplastic large-cell lymphoma (SideEffect),CC BY-NC-SA 4.0,UMLS via SIDER 4.1,http://identifiers.org/umls/C0206180
C0729552,Genital infection,Genital infection (SideEffect),CC BY-NC-SA 4.0,UMLS via SIDER 4.1,http://identifiers.org/umls/C0729552
C0233528,Asocial behaviour,Asocial behaviour (SideEffect),CC BY-NC-SA 4.0,UMLS via SIDER 4.1,http://identifiers.org/umls/C0233528
C0856623,Orofacial oedema,Orofacial oedema (SideEffect),CC BY-NC-SA 4.0,UMLS via SIDER 4.1,http://identifiers.org/umls/C0856623
C0281981,Skin mass,Skin mass (SideEffect),CC BY-NC-SA 4.0,UMLS via SIDER 4.1,http://identifiers.org/umls/C0281981
C0085606,Micturition urgency,Micturition urgency (SideEffect),CC BY-NC-SA 4.0,UMLS via SIDER 4.1,http://identifiers.org/umls/C0085606
C1868893,Genital irritation,Genital irritation (SideEffect),CC BY-NC-SA 4.0,UMLS via SIDER 4.1,http://identifiers.org/umls/C1868893
C0266316,Congenital hydronephrosis,Congenital hydronephrosis (SideEffect),CC BY-NC-SA 4.0,UMLS via SIDER 4.1,http://identifiers.org/umls/C0266316
C0521845,Drug effect decreased,Drug effect decreased (SideEffect),CC BY-NC-SA 4.0,UMLS via SIDER 4.1,http://identifiers.org/umls/C0521845
C0014850,Oesophageal atresia,Oesophageal atresia (SideEffect),CC BY-NC-SA 4.0,UMLS via SIDER 4.1,http://identifiers.org/umls/C0014850
C0345907,Hepatic angiosarcoma,Hepatic angiosarcoma (SideEffect),CC BY-NC-SA 4.0,UMLS via SIDER 4.1,http://identifiers.org/umls/C0345907
C0231686,Unsteady gait,Unsteady gait (SideEffect),CC BY-NC-SA 4.0,UMLS via SIDER 4.1,http://identifiers.org/umls/C0231686
C0428167,Fraction of inspired oxygen,Fraction of inspired oxygen (SideEffect),CC BY-NC-SA 4.0,UMLS via SIDER 4.1,http://identifiers.org/umls/C0428167
C0750466,Yeast infection,Yeast infection (SideEffect),CC BY-NC-SA 4.0,UMLS via SIDER 4.1,http://identifiers.org/umls/C0750466
C0018621,Seasonal allergy,Seasonal allergy (SideEffect),CC BY-NC-SA 4.0,UMLS via SIDER 4.1,http://identifiers.org/umls/C0018621
C1096225,Vessel puncture site haemorrhage,Vessel puncture site haemorrhage (SideEffect),CC BY-NC-SA 4.0,UMLS via SIDER 4.1,http://identifiers.org/umls/C1096225
C0740304,COPD exacerbation,COPD exacerbation (SideEffect),CC BY-NC-SA 4.0,UMLS via SIDER 4.1,http://identifiers.org/umls/C0740304
C0006413,Burkitt's lymphoma,Burkitt's lymphoma (SideEffect),CC BY-NC-SA 4.0,UMLS via SIDER 4.1,http://identifiers.org/umls/C0006413
C0022408,Arthropathy,Arthropathy (SideEffect),CC BY-NC-SA 4.0,UMLS via SIDER 4.1,http://identifiers.org/umls/C0022408
C0278151,Facial spasm,Facial spasm (SideEffect),CC BY-NC-SA 4.0,UMLS via SIDER 4.1,http://identifiers.org/umls/C0278151
C0236061,Haptoglobin increased,Haptoglobin increased (SideEffect),CC BY-NC-SA 4.0,UMLS via SIDER 4.1,http://identifiers.org/umls/C0236061
C0038367,Ulcerative stomatitis,Ulcerative stomatitis (SideEffect),CC BY-NC-SA 4.0,UMLS via SIDER 4.1,http://identifiers.org/umls/C0038367
C0221470,Aphagia,Aphagia (SideEffect),CC BY-NC-SA 4.0,UMLS via SIDER 4.1,http://identifiers.org/umls/C0221470
C0242379,Lung neoplasm malignant,Lung neoplasm malignant (SideEffect),CC BY-NC-SA 4.0,UMLS via SIDER 4.1,http://identifiers.org/umls/C0242379
C0235620,Haemorrhage urinary tract,Haemorrhage urinary tract (SideEffect),CC BY-NC-SA 4.0,UMLS via SIDER 4.1,http://identifiers.org/umls/C0235620
C0233467,Inappropriate affect,Inappropriate affect (SideEffect),CC BY-NC-SA 4.0,UMLS via SIDER 4.1,http://identifiers.org/umls/C0233467
C0036749,Serositis,Serositis (SideEffect),CC BY-NC-SA 4.0,UMLS via SIDER 4.1,http://identifiers.org/umls/C0036749
C0221717,Contact lens intolerance,Contact lens intolerance (SideEffect),CC BY-NC-SA 4.0,UMLS via SIDER 4.1,http://identifiers.org/umls/C0221717
C0242584,Autoimmune thrombocytopenia,Autoimmune thrombocytopenia (SideEffect),CC BY-NC-SA 4.0,UMLS via SIDER 4.1,http://identifiers.org/umls/C0242584
C0001969,Alcohol intoxication,Alcohol intoxication (SideEffect),CC BY-NC-SA 4.0,UMLS via SIDER 4.1,http://identifiers.org/umls/C0001969
C0520573,Buffalo hump,Buffalo hump (SideEffect),CC BY-NC-SA 4.0,UMLS via SIDER 4.1,http://identifiers.org/umls/C0520573
C0235467,Angina pectoris aggravated,Angina pectoris aggravated (SideEffect),CC BY-NC-SA 4.0,UMLS via SIDER 4.1,http://identifiers.org/umls/C0235467
C1263855,Lumbar radiculopathy,Lumbar radiculopathy (SideEffect),CC BY-NC-SA 4.0,UMLS via SIDER 4.1,http://identifiers.org/umls/C1263855
C0024225,Lymphangitis,Lymphangitis (SideEffect),CC BY-NC-SA 4.0,UMLS via SIDER 4.1,http://identifiers.org/umls/C0024225
C0234144,Dysgraphia,Dysgraphia (SideEffect),CC BY-NC-SA 4.0,UMLS via SIDER 4.1,http://identifiers.org/umls/C0234144
C0006152,Breast swelling,Breast swelling (SideEffect),CC BY-NC-SA 4.0,UMLS via SIDER 4.1,http://identifiers.org/umls/C0006152
C1153706,Endometrial adenocarcinoma,Endometrial adenocarcinoma (SideEffect),CC BY-NC-SA 4.0,UMLS via SIDER 4.1,http://identifiers.org/umls/C1153706
C0003507,Aortic valve stenosis,Aortic valve stenosis (SideEffect),CC BY-NC-SA 4.0,UMLS via SIDER 4.1,http://identifiers.org/umls/C0003507
C0042847,Vitamin B12 deficiency,Vitamin B12 deficiency (SideEffect),CC BY-NC-SA 4.0,UMLS via SIDER 4.1,http://identifiers.org/umls/C0042847
C0235957,Muscle necrosis,Muscle necrosis (SideEffect),CC BY-NC-SA 4.0,UMLS via SIDER 4.1,http://identifiers.org/umls/C0235957
C0152964,Streptococcal sepsis,Streptococcal sepsis (SideEffect),CC BY-NC-SA 4.0,UMLS via SIDER 4.1,http://identifiers.org/umls/C0152964
C0520821,Pleurothotonus,Pleurothotonus (SideEffect),CC BY-NC-SA 4.0,UMLS via SIDER 4.1,http://identifiers.org/umls/C0520821
C0030569,Secondary parkinsonism,Secondary parkinsonism (SideEffect),CC BY-NC-SA 4.0,UMLS via SIDER 4.1,http://identifiers.org/umls/C0030569
C1536146,Eyelash darkening,Eyelash darkening (SideEffect),CC BY-NC-SA 4.0,UMLS via SIDER 4.1,http://identifiers.org/umls/C1536146
C0085593,Chills,Chills (SideEffect),CC BY-NC-SA 4.0,UMLS via SIDER 4.1,http://identifiers.org/umls/C0085593
C0948294,Eyelid margin crusting,Eyelid margin crusting (SideEffect),CC BY-NC-SA 4.0,UMLS via SIDER 4.1,http://identifiers.org/umls/C0948294
C0581164,Digoxin level increased,Digoxin level increased (SideEffect),CC BY-NC-SA 4.0,UMLS via SIDER 4.1,http://identifiers.org/umls/C0581164
C1608950,Device dislocation,Device dislocation (SideEffect),CC BY-NC-SA 4.0,UMLS via SIDER 4.1,http://identifiers.org/umls/C1608950
C0006287,Bronchopulmonary dysplasia,Bronchopulmonary dysplasia (SideEffect),CC BY-NC-SA 4.0,UMLS via SIDER 4.1,http://identifiers.org/umls/C0006287
C0233519,Suspiciousness,Suspiciousness (SideEffect),CC BY-NC-SA 4.0,UMLS via SIDER 4.1,http://identifiers.org/umls/C0233519
C0042880,Vitamin K deficiency,Vitamin K deficiency (SideEffect),CC BY-NC-SA 4.0,UMLS via SIDER 4.1,http://identifiers.org/umls/C0042880
C0002390,Alveolitis allergic,Alveolitis allergic (SideEffect),CC BY-NC-SA 4.0,UMLS via SIDER 4.1,http://identifiers.org/umls/C0002390
C1142011,Orchitis noninfective,Orchitis noninfective (SideEffect),CC BY-NC-SA 4.0,UMLS via SIDER 4.1,http://identifiers.org/umls/C1142011
C1863751,Wound healing normal,Wound healing normal (SideEffect),CC BY-NC-SA 4.0,UMLS via SIDER 4.1,http://identifiers.org/umls/C1863751
C0031099,Periodontitis,Periodontitis (SideEffect),CC BY-NC-SA 4.0,UMLS via SIDER 4.1,http://identifiers.org/umls/C0031099
C0343387,Neutropenic enterocolitis,Neutropenic enterocolitis (SideEffect),CC BY-NC-SA 4.0,UMLS via SIDER 4.1,http://identifiers.org/umls/C0343387
C0857175,Postinfarction,Postinfarction (SideEffect),CC BY-NC-SA 4.0,UMLS via SIDER 4.1,http://identifiers.org/umls/C0857175
C2937350,Abnormal ejaculation,Abnormal ejaculation (SideEffect),CC BY-NC-SA 4.0,UMLS via SIDER 4.1,http://identifiers.org/umls/C2937350
C0521496,Application site infection,Application site infection (SideEffect),CC BY-NC-SA 4.0,UMLS via SIDER 4.1,http://identifiers.org/umls/C0521496
C0410740,Finger deformity,Finger deformity (SideEffect),CC BY-NC-SA 4.0,UMLS via SIDER 4.1,http://identifiers.org/umls/C0410740
C1735368,Acute dystonia,Acute dystonia (SideEffect),CC BY-NC-SA 4.0,UMLS via SIDER 4.1,http://identifiers.org/umls/C1735368
C0151510,Adrenal cortex atrophy,Adrenal cortex atrophy (SideEffect),CC BY-NC-SA 4.0,UMLS via SIDER 4.1,http://identifiers.org/umls/C0151510
C0022667,Renal papillary necrosis,Renal papillary necrosis (SideEffect),CC BY-NC-SA 4.0,UMLS via SIDER 4.1,http://identifiers.org/umls/C0022667
C0079773,Cutaneous T-cell lymphoma,Cutaneous T-cell lymphoma (SideEffect),CC BY-NC-SA 4.0,UMLS via SIDER 4.1,http://identifiers.org/umls/C0079773
C0020624,Hypomenorrhoea,Hypomenorrhoea (SideEffect),CC BY-NC-SA 4.0,UMLS via SIDER 4.1,http://identifiers.org/umls/C0020624
C0541923,Lip oedema,Lip oedema (SideEffect),CC BY-NC-SA 4.0,UMLS via SIDER 4.1,http://identifiers.org/umls/C0541923
C0018418,Gynaecomastia,Gynaecomastia (SideEffect),CC BY-NC-SA 4.0,UMLS via SIDER 4.1,http://identifiers.org/umls/C0018418
C0221758,Stiff back,Stiff back (SideEffect),CC BY-NC-SA 4.0,UMLS via SIDER 4.1,http://identifiers.org/umls/C0221758
C0151595,Digitalis intoxication (NOS),Digitalis intoxication (NOS) (SideEffect),CC BY-NC-SA 4.0,UMLS via SIDER 4.1,http://identifiers.org/umls/C0151595
C0861111,Cardioactive drug level increased,Cardioactive drug level increased (SideEffect),CC BY-NC-SA 4.0,UMLS via SIDER 4.1,http://identifiers.org/umls/C0861111
C0521839,Influenza like illness,Influenza like illness (SideEffect),CC BY-NC-SA 4.0,UMLS via SIDER 4.1,http://identifiers.org/umls/C0521839
C0234047,Ejaculation delayed,Ejaculation delayed (SideEffect),CC BY-NC-SA 4.0,UMLS via SIDER 4.1,http://identifiers.org/umls/C0234047
C0920103,Haematotoxicity,Haematotoxicity (SideEffect),CC BY-NC-SA 4.0,UMLS via SIDER 4.1,http://identifiers.org/umls/C0920103
C0043349,Xerophthalmia,Xerophthalmia (SideEffect),CC BY-NC-SA 4.0,UMLS via SIDER 4.1,http://identifiers.org/umls/C0043349
C1442903,Exostosis,Exostosis (SideEffect),CC BY-NC-SA 4.0,UMLS via SIDER 4.1,http://identifiers.org/umls/C1442903
C0877203,Respiratory tract infection viral,Respiratory tract infection viral (SideEffect),CC BY-NC-SA 4.0,UMLS via SIDER 4.1,http://identifiers.org/umls/C0877203
C0004134,Ataxia,Ataxia (SideEffect),CC BY-NC-SA 4.0,UMLS via SIDER 4.1,http://identifiers.org/umls/C0004134
C0854107,Haemorrhage subcutaneous,Haemorrhage subcutaneous (SideEffect),CC BY-NC-SA 4.0,UMLS via SIDER 4.1,http://identifiers.org/umls/C0854107
C0013182,Drug hypersensitivity,Drug hypersensitivity (SideEffect),CC BY-NC-SA 4.0,UMLS via SIDER 4.1,http://identifiers.org/umls/C0013182
C2004491,Scar,Scar (SideEffect),CC BY-NC-SA 4.0,UMLS via SIDER 4.1,http://identifiers.org/umls/C2004491
C1279296,Chronic leukaemia,Chronic leukaemia (SideEffect),CC BY-NC-SA 4.0,UMLS via SIDER 4.1,http://identifiers.org/umls/C1279296
C0595929,Cholesterol serum elevated,Cholesterol serum elevated (SideEffect),CC BY-NC-SA 4.0,UMLS via SIDER 4.1,http://identifiers.org/umls/C0595929
C0014866,Oesophageal stenosis,Oesophageal stenosis (SideEffect),CC BY-NC-SA 4.0,UMLS via SIDER 4.1,http://identifiers.org/umls/C0014866
C0456511,Sleep paralysis,Sleep paralysis (SideEffect),CC BY-NC-SA 4.0,UMLS via SIDER 4.1,http://identifiers.org/umls/C0456511
C0855333,Electrocardiogram QT corrected interval prolonged,Electrocardiogram QT corrected interval prolonged (SideEffect),CC BY-NC-SA 4.0,UMLS via SIDER 4.1,http://identifiers.org/umls/C0855333
C0030319,Panic disorder,Panic disorder (SideEffect),CC BY-NC-SA 4.0,UMLS via SIDER 4.1,http://identifiers.org/umls/C0030319
C0853813,Local reaction,Local reaction (SideEffect),CC BY-NC-SA 4.0,UMLS via SIDER 4.1,http://identifiers.org/umls/C0853813
C0020312,Hydrothorax,Hydrothorax (SideEffect),CC BY-NC-SA 4.0,UMLS via SIDER 4.1,http://identifiers.org/umls/C0020312
C0026858,Musculoskeletal pain,Musculoskeletal pain (SideEffect),CC BY-NC-SA 4.0,UMLS via SIDER 4.1,http://identifiers.org/umls/C0026858
C0031133,Vermiculation,Vermiculation (SideEffect),CC BY-NC-SA 4.0,UMLS via SIDER 4.1,http://identifiers.org/umls/C0031133
C0345326,Phimosis,Phimosis (SideEffect),CC BY-NC-SA 4.0,UMLS via SIDER 4.1,http://identifiers.org/umls/C0345326
C0852911,Blood alkaline phosphatase increased,Blood alkaline phosphatase increased (SideEffect),CC BY-NC-SA 4.0,UMLS via SIDER 4.1,http://identifiers.org/umls/C0852911
C0748055,Psychiatric decompensation,Psychiatric decompensation (SideEffect),CC BY-NC-SA 4.0,UMLS via SIDER 4.1,http://identifiers.org/umls/C0748055
C0038463,Strongyloidiasis,Strongyloidiasis (SideEffect),CC BY-NC-SA 4.0,UMLS via SIDER 4.1,http://identifiers.org/umls/C0038463
C0677660,Emotional problems,Emotional problems (SideEffect),CC BY-NC-SA 4.0,UMLS via SIDER 4.1,http://identifiers.org/umls/C0677660
C1142160,Application site discolouration,Application site discolouration (SideEffect),CC BY-NC-SA 4.0,UMLS via SIDER 4.1,http://identifiers.org/umls/C1142160
C0031036,Polyarteritis nodosa,Polyarteritis nodosa (SideEffect),CC BY-NC-SA 4.0,UMLS via SIDER 4.1,http://identifiers.org/umls/C0031036
C0853225,International normalised ratio increased,International normalised ratio increased (SideEffect),CC BY-NC-SA 4.0,UMLS via SIDER 4.1,http://identifiers.org/umls/C0853225
C0034152,Henoch-Schonlein purpura,Henoch-Schonlein purpura (SideEffect),CC BY-NC-SA 4.0,UMLS via SIDER 4.1,http://identifiers.org/umls/C0034152
C0272386,Tonsillar hypertrophy,Tonsillar hypertrophy (SideEffect),CC BY-NC-SA 4.0,UMLS via SIDER 4.1,http://identifiers.org/umls/C0272386
C1868752,Procedural nausea,Procedural nausea (SideEffect),CC BY-NC-SA 4.0,UMLS via SIDER 4.1,http://identifiers.org/umls/C1868752
C0020039,Hostility,Hostility (SideEffect),CC BY-NC-SA 4.0,UMLS via SIDER 4.1,http://identifiers.org/umls/C0020039
C0008449,Chondrodystrophy,Chondrodystrophy (SideEffect),CC BY-NC-SA 4.0,UMLS via SIDER 4.1,http://identifiers.org/umls/C0008449
C0011848,Diabetes insipidus,Diabetes insipidus (SideEffect),CC BY-NC-SA 4.0,UMLS via SIDER 4.1,http://identifiers.org/umls/C0011848
C0019521,Hiccups,Hiccups (SideEffect),CC BY-NC-SA 4.0,UMLS via SIDER 4.1,http://identifiers.org/umls/C0019521
C1704436,Peripheral arterial disease,Peripheral arterial disease (SideEffect),CC BY-NC-SA 4.0,UMLS via SIDER 4.1,http://identifiers.org/umls/C1704436
C0241705,Strangury,Strangury (SideEffect),CC BY-NC-SA 4.0,UMLS via SIDER 4.1,http://identifiers.org/umls/C0241705
C0042165,Anterior uveitis,Anterior uveitis (SideEffect),CC BY-NC-SA 4.0,UMLS via SIDER 4.1,http://identifiers.org/umls/C0042165
C0239026,Chest X-ray normal,Chest X-ray normal (SideEffect),CC BY-NC-SA 4.0,UMLS via SIDER 4.1,http://identifiers.org/umls/C0239026
C0863113,Hypotension symptomatic,Hypotension symptomatic (SideEffect),CC BY-NC-SA 4.0,UMLS via SIDER 4.1,http://identifiers.org/umls/C0863113
C0278079,Dependence psychological,Dependence psychological (SideEffect),CC BY-NC-SA 4.0,UMLS via SIDER 4.1,http://identifiers.org/umls/C0278079
C0005818,Platelet disorder,Platelet disorder (SideEffect),CC BY-NC-SA 4.0,UMLS via SIDER 4.1,http://identifiers.org/umls/C0005818
C0860493,Refractory hypertension,Refractory hypertension (SideEffect),CC BY-NC-SA 4.0,UMLS via SIDER 4.1,http://identifiers.org/umls/C0860493
C0877717,Burning mouth,Burning mouth (SideEffect),CC BY-NC-SA 4.0,UMLS via SIDER 4.1,http://identifiers.org/umls/C0877717
C0854388,Caustic injury,Caustic injury (SideEffect),CC BY-NC-SA 4.0,UMLS via SIDER 4.1,http://identifiers.org/umls/C0854388
C0740481,Hypotension asymptomatic,Hypotension asymptomatic (SideEffect),CC BY-NC-SA 4.0,UMLS via SIDER 4.1,http://identifiers.org/umls/C0740481
C0877048,Oral fungal infection,Oral fungal infection (SideEffect),CC BY-NC-SA 4.0,UMLS via SIDER 4.1,http://identifiers.org/umls/C0877048
C0236663,Alcohol withdrawal syndrome,Alcohol withdrawal syndrome (SideEffect),CC BY-NC-SA 4.0,UMLS via SIDER 4.1,http://identifiers.org/umls/C0236663
C1455780,Aortic valve sclerosis,Aortic valve sclerosis (SideEffect),CC BY-NC-SA 4.0,UMLS via SIDER 4.1,http://identifiers.org/umls/C1455780
C0391996,Hepatic atrophy,Hepatic atrophy (SideEffect),CC BY-NC-SA 4.0,UMLS via SIDER 4.1,http://identifiers.org/umls/C0391996
C0851883,Neisseria infection,Neisseria infection (SideEffect),CC BY-NC-SA 4.0,UMLS via SIDER 4.1,http://identifiers.org/umls/C0851883
C0016579,Formication,Formication (SideEffect),CC BY-NC-SA 4.0,UMLS via SIDER 4.1,http://identifiers.org/umls/C0016579
C0013295,Duodenal ulcer,Duodenal ulcer (SideEffect),CC BY-NC-SA 4.0,UMLS via SIDER 4.1,http://identifiers.org/umls/C0013295
C0856152,Buccal mucosal roughening,Buccal mucosal roughening (SideEffect),CC BY-NC-SA 4.0,UMLS via SIDER 4.1,http://identifiers.org/umls/C0856152
C0332601,Cushingoid,Cushingoid (SideEffect),CC BY-NC-SA 4.0,UMLS via SIDER 4.1,http://identifiers.org/umls/C0332601
C0151491,Congenital musculoskeletal anomaly,Congenital musculoskeletal anomaly (SideEffect),CC BY-NC-SA 4.0,UMLS via SIDER 4.1,http://identifiers.org/umls/C0151491
C0273115,Traumatic lung injury,Traumatic lung injury (SideEffect),CC BY-NC-SA 4.0,UMLS via SIDER 4.1,http://identifiers.org/umls/C0273115
C0948179,Postoperative constipation,Postoperative constipation (SideEffect),CC BY-NC-SA 4.0,UMLS via SIDER 4.1,http://identifiers.org/umls/C0948179
C0220981,Metabolic acidosis,Metabolic acidosis (SideEffect),CC BY-NC-SA 4.0,UMLS via SIDER 4.1,http://identifiers.org/umls/C0220981
C0034882,Rectal disorder,Rectal disorder (SideEffect),CC BY-NC-SA 4.0,UMLS via SIDER 4.1,http://identifiers.org/umls/C0034882
C2242574,Compulsive sexual behaviour,Compulsive sexual behaviour (SideEffect),CC BY-NC-SA 4.0,UMLS via SIDER 4.1,http://identifiers.org/umls/C2242574
C0235266,Eye irritation,Eye irritation (SideEffect),CC BY-NC-SA 4.0,UMLS via SIDER 4.1,http://identifiers.org/umls/C0235266
C0239833,Hand pain,Hand pain (SideEffect),CC BY-NC-SA 4.0,UMLS via SIDER 4.1,http://identifiers.org/umls/C0239833
C0853700,Application site erythema,Application site erythema (SideEffect),CC BY-NC-SA 4.0,UMLS via SIDER 4.1,http://identifiers.org/umls/C0853700
C0156543,Abortion,Abortion (SideEffect),CC BY-NC-SA 4.0,UMLS via SIDER 4.1,http://identifiers.org/umls/C0156543
C0853087,Nail abnormality NOS,Nail abnormality NOS (SideEffect),CC BY-NC-SA 4.0,UMLS via SIDER 4.1,http://identifiers.org/umls/C0853087
C0235551,Laryngotracheal oedema,Laryngotracheal oedema (SideEffect),CC BY-NC-SA 4.0,UMLS via SIDER 4.1,http://identifiers.org/umls/C0235551
C0018134,Graft versus host reaction,Graft versus host reaction (SideEffect),CC BY-NC-SA 4.0,UMLS via SIDER 4.1,http://identifiers.org/umls/C0018134
C0595930,Blood cholesterol increased,Blood cholesterol increased (SideEffect),CC BY-NC-SA 4.0,UMLS via SIDER 4.1,http://identifiers.org/umls/C0595930
C0575090,Balance disorder,Balance disorder (SideEffect),CC BY-NC-SA 4.0,UMLS via SIDER 4.1,http://identifiers.org/umls/C0575090
C0239935,Haematocrit increased,Haematocrit increased (SideEffect),CC BY-NC-SA 4.0,UMLS via SIDER 4.1,http://identifiers.org/umls/C0239935
C0281913,Muscle swelling,Muscle swelling (SideEffect),CC BY-NC-SA 4.0,UMLS via SIDER 4.1,http://identifiers.org/umls/C0281913
C0677483,Carcinoma testes,Carcinoma testes (SideEffect),CC BY-NC-SA 4.0,UMLS via SIDER 4.1,http://identifiers.org/umls/C0677483
C1868730,Genital discomfort,Genital discomfort (SideEffect),CC BY-NC-SA 4.0,UMLS via SIDER 4.1,http://identifiers.org/umls/C1868730
C0857183,Pre-menstrual tension syndrome,Pre-menstrual tension syndrome (SideEffect),CC BY-NC-SA 4.0,UMLS via SIDER 4.1,http://identifiers.org/umls/C0857183
C0235475,Electrocardiogram QRS complex prolonged,Electrocardiogram QRS complex prolonged (SideEffect),CC BY-NC-SA 4.0,UMLS via SIDER 4.1,http://identifiers.org/umls/C0235475
C0007131,Non-small cell lung cancer,Non-small cell lung cancer (SideEffect),CC BY-NC-SA 4.0,UMLS via SIDER 4.1,http://identifiers.org/umls/C0007131
C0149793,Amaurosis fugax,Amaurosis fugax (SideEffect),CC BY-NC-SA 4.0,UMLS via SIDER 4.1,http://identifiers.org/umls/C0149793
C0030326,Panniculitis,Panniculitis (SideEffect),CC BY-NC-SA 4.0,UMLS via SIDER 4.1,http://identifiers.org/umls/C0030326
C0234632,Visual acuity reduced,Visual acuity reduced (SideEffect),CC BY-NC-SA 4.0,UMLS via SIDER 4.1,http://identifiers.org/umls/C0234632
C0275378,Tobacco poisoning,Tobacco poisoning (SideEffect),CC BY-NC-SA 4.0,UMLS via SIDER 4.1,http://identifiers.org/umls/C0275378
C0521506,Injection site paraesthesia,Injection site paraesthesia (SideEffect),CC BY-NC-SA 4.0,UMLS via SIDER 4.1,http://identifiers.org/umls/C0521506
C0162429,Malnutrition,Malnutrition (SideEffect),CC BY-NC-SA 4.0,UMLS via SIDER 4.1,http://identifiers.org/umls/C0162429
C0023484,Plasma cell leukaemia,Plasma cell leukaemia (SideEffect),CC BY-NC-SA 4.0,UMLS via SIDER 4.1,http://identifiers.org/umls/C0023484
C2945558,Vulvovaginitis trichomonal,Vulvovaginitis trichomonal (SideEffect),CC BY-NC-SA 4.0,UMLS via SIDER 4.1,http://identifiers.org/umls/C2945558
C0264383,Organising pneumonia,Organising pneumonia (SideEffect),CC BY-NC-SA 4.0,UMLS via SIDER 4.1,http://identifiers.org/umls/C0264383
C1260926,Abnormal pigmentation,Abnormal pigmentation (SideEffect),CC BY-NC-SA 4.0,UMLS via SIDER 4.1,http://identifiers.org/umls/C1260926
C3495832,Rheumatic disorder,Rheumatic disorder (SideEffect),CC BY-NC-SA 4.0,UMLS via SIDER 4.1,http://identifiers.org/umls/C3495832
C0270823,"Petit mal status, epileptic","Petit mal status, epileptic (SideEffect)",CC BY-NC-SA 4.0,UMLS via SIDER 4.1,http://identifiers.org/umls/C0270823
C1542178,Lower limb fracture,Lower limb fracture (SideEffect),CC BY-NC-SA 4.0,UMLS via SIDER 4.1,http://identifiers.org/umls/C1542178
C0002418,Amblyopia,Amblyopia (SideEffect),CC BY-NC-SA 4.0,UMLS via SIDER 4.1,http://identifiers.org/umls/C0002418
C0269596,Haemorrhage in pregnancy,Haemorrhage in pregnancy (SideEffect),CC BY-NC-SA 4.0,UMLS via SIDER 4.1,http://identifiers.org/umls/C0269596
C0234022,Anorgasmia,Anorgasmia (SideEffect),CC BY-NC-SA 4.0,UMLS via SIDER 4.1,http://identifiers.org/umls/C0234022
C0740804,Adnexal torsion,Adnexal torsion (SideEffect),CC BY-NC-SA 4.0,UMLS via SIDER 4.1,http://identifiers.org/umls/C0740804
C3665624,Blood calcium decreased,Blood calcium decreased (SideEffect),CC BY-NC-SA 4.0,UMLS via SIDER 4.1,http://identifiers.org/umls/C3665624
C0040213,Costochondritis,Costochondritis (SideEffect),CC BY-NC-SA 4.0,UMLS via SIDER 4.1,http://identifiers.org/umls/C0040213
C0426584,Appetite exaggerated,Appetite exaggerated (SideEffect),CC BY-NC-SA 4.0,UMLS via SIDER 4.1,http://identifiers.org/umls/C0426584
C0151773,Bone marrow depression,Bone marrow depression (SideEffect),CC BY-NC-SA 4.0,UMLS via SIDER 4.1,http://identifiers.org/umls/C0151773
C2930821,Keratitis sicca,Keratitis sicca (SideEffect),CC BY-NC-SA 4.0,UMLS via SIDER 4.1,http://identifiers.org/umls/C2930821
C0860988,Phosphate increased,Phosphate increased (SideEffect),CC BY-NC-SA 4.0,UMLS via SIDER 4.1,http://identifiers.org/umls/C0860988
C0026848,Myopathy,Myopathy (SideEffect),CC BY-NC-SA 4.0,UMLS via SIDER 4.1,http://identifiers.org/umls/C0026848
C0022906,Lacrimal duct obstruction,Lacrimal duct obstruction (SideEffect),CC BY-NC-SA 4.0,UMLS via SIDER 4.1,http://identifiers.org/umls/C0022906
C0028841,Hypotony of eye,Hypotony of eye (SideEffect),CC BY-NC-SA 4.0,UMLS via SIDER 4.1,http://identifiers.org/umls/C0028841
C0085669,Acute leukaemia,Acute leukaemia (SideEffect),CC BY-NC-SA 4.0,UMLS via SIDER 4.1,http://identifiers.org/umls/C0085669
C1504561,Hypophagia,Hypophagia (SideEffect),CC BY-NC-SA 4.0,UMLS via SIDER 4.1,http://identifiers.org/umls/C1504561
C0151190,Palpable purpura,Palpable purpura (SideEffect),CC BY-NC-SA 4.0,UMLS via SIDER 4.1,http://identifiers.org/umls/C0151190
C0016927,Gagging,Gagging (SideEffect),CC BY-NC-SA 4.0,UMLS via SIDER 4.1,http://identifiers.org/umls/C0016927
C0042755,Virilism,Virilism (SideEffect),CC BY-NC-SA 4.0,UMLS via SIDER 4.1,http://identifiers.org/umls/C0042755
C0425591,Dropped beats,Dropped beats (SideEffect),CC BY-NC-SA 4.0,UMLS via SIDER 4.1,http://identifiers.org/umls/C0425591
C0700613,Anxiety state,Anxiety state (SideEffect),CC BY-NC-SA 4.0,UMLS via SIDER 4.1,http://identifiers.org/umls/C0700613
C0011649,Dermoid cyst,Dermoid cyst (SideEffect),CC BY-NC-SA 4.0,UMLS via SIDER 4.1,http://identifiers.org/umls/C0011649
C0392163,Corneal erosion,Corneal erosion (SideEffect),CC BY-NC-SA 4.0,UMLS via SIDER 4.1,http://identifiers.org/umls/C0392163
C0151526,Premature delivery,Premature delivery (SideEffect),CC BY-NC-SA 4.0,UMLS via SIDER 4.1,http://identifiers.org/umls/C0151526
C0235876,Depression aggravated,Depression aggravated (SideEffect),CC BY-NC-SA 4.0,UMLS via SIDER 4.1,http://identifiers.org/umls/C0235876
C0028432,Nasal disorder,Nasal disorder (SideEffect),CC BY-NC-SA 4.0,UMLS via SIDER 4.1,http://identifiers.org/umls/C0028432
C0020514,Hyperprolactinaemia,Hyperprolactinaemia (SideEffect),CC BY-NC-SA 4.0,UMLS via SIDER 4.1,http://identifiers.org/umls/C0020514
C0751674,Lymphangioleiomyomatosis,Lymphangioleiomyomatosis (SideEffect),CC BY-NC-SA 4.0,UMLS via SIDER 4.1,http://identifiers.org/umls/C0751674
C0240211,Lip swelling,Lip swelling (SideEffect),CC BY-NC-SA 4.0,UMLS via SIDER 4.1,http://identifiers.org/umls/C0240211
C0233657,Flight of ideas,Flight of ideas (SideEffect),CC BY-NC-SA 4.0,UMLS via SIDER 4.1,http://identifiers.org/umls/C0233657
C0234925,Oily skin,Oily skin (SideEffect),CC BY-NC-SA 4.0,UMLS via SIDER 4.1,http://identifiers.org/umls/C0234925
C0522165,Feeling of relaxation,Feeling of relaxation (SideEffect),CC BY-NC-SA 4.0,UMLS via SIDER 4.1,http://identifiers.org/umls/C0522165
C0015402,Eye haemorrhage,Eye haemorrhage (SideEffect),CC BY-NC-SA 4.0,UMLS via SIDER 4.1,http://identifiers.org/umls/C0015402
C0860805,Urine ketone body present,Urine ketone body present (SideEffect),CC BY-NC-SA 4.0,UMLS via SIDER 4.1,http://identifiers.org/umls/C0860805
C0018128,Vascular graft occlusion,Vascular graft occlusion (SideEffect),CC BY-NC-SA 4.0,UMLS via SIDER 4.1,http://identifiers.org/umls/C0018128
C1504419,Pelvic haemorrhage,Pelvic haemorrhage (SideEffect),CC BY-NC-SA 4.0,UMLS via SIDER 4.1,http://identifiers.org/umls/C1504419
C3495700,Atypical fracture,Atypical fracture (SideEffect),CC BY-NC-SA 4.0,UMLS via SIDER 4.1,http://identifiers.org/umls/C3495700
C0016689,Ephelides,Ephelides (SideEffect),CC BY-NC-SA 4.0,UMLS via SIDER 4.1,http://identifiers.org/umls/C0016689
C1956089,Bone spur,Bone spur (SideEffect),CC BY-NC-SA 4.0,UMLS via SIDER 4.1,http://identifiers.org/umls/C1956089
C1142158,Hepatic vein occlusion,Hepatic vein occlusion (SideEffect),CC BY-NC-SA 4.0,UMLS via SIDER 4.1,http://identifiers.org/umls/C1142158
C0740409,Psychotic behaviour,Psychotic behaviour (SideEffect),CC BY-NC-SA 4.0,UMLS via SIDER 4.1,http://identifiers.org/umls/C0740409
C0857980,Serum prolactin increased,Serum prolactin increased (SideEffect),CC BY-NC-SA 4.0,UMLS via SIDER 4.1,http://identifiers.org/umls/C0857980
C0751265,Learning disability,Learning disability (SideEffect),CC BY-NC-SA 4.0,UMLS via SIDER 4.1,http://identifiers.org/umls/C0751265
C0032461,Polycythaemia,Polycythaemia (SideEffect),CC BY-NC-SA 4.0,UMLS via SIDER 4.1,http://identifiers.org/umls/C0032461
C2004487,Vaginismus,Vaginismus (SideEffect),CC BY-NC-SA 4.0,UMLS via SIDER 4.1,http://identifiers.org/umls/C2004487
C0234936,Application site oedema,Application site oedema (SideEffect),CC BY-NC-SA 4.0,UMLS via SIDER 4.1,http://identifiers.org/umls/C0234936
C0853711,Sperm count decreased,Sperm count decreased (SideEffect),CC BY-NC-SA 4.0,UMLS via SIDER 4.1,http://identifiers.org/umls/C0853711
C0740457,Renal cancer,Renal cancer (SideEffect),CC BY-NC-SA 4.0,UMLS via SIDER 4.1,http://identifiers.org/umls/C0740457
C0425492,Respiration irregularity,Respiration irregularity (SideEffect),CC BY-NC-SA 4.0,UMLS via SIDER 4.1,http://identifiers.org/umls/C0425492
C0239571,Foetor hepaticus,Foetor hepaticus (SideEffect),CC BY-NC-SA 4.0,UMLS via SIDER 4.1,http://identifiers.org/umls/C0239571
C0235490,Peripheral ischaemia,Peripheral ischaemia (SideEffect),CC BY-NC-SA 4.0,UMLS via SIDER 4.1,http://identifiers.org/umls/C0235490
C0239819,Edema hands,Edema hands (SideEffect),CC BY-NC-SA 4.0,UMLS via SIDER 4.1,http://identifiers.org/umls/C0239819
C0153618,Malignant neoplasm of renal pelvis,Malignant neoplasm of renal pelvis (SideEffect),CC BY-NC-SA 4.0,UMLS via SIDER 4.1,http://identifiers.org/umls/C0153618
C0022656,Renal cortical necrosis,Renal cortical necrosis (SideEffect),CC BY-NC-SA 4.0,UMLS via SIDER 4.1,http://identifiers.org/umls/C0022656
C0017565,Gingival bleeding,Gingival bleeding (SideEffect),CC BY-NC-SA 4.0,UMLS via SIDER 4.1,http://identifiers.org/umls/C0017565
C0233697,Obsessive rumination,Obsessive rumination (SideEffect),CC BY-NC-SA 4.0,UMLS via SIDER 4.1,http://identifiers.org/umls/C0233697
C0220994,Hyperammonaemia,Hyperammonaemia (SideEffect),CC BY-NC-SA 4.0,UMLS via SIDER 4.1,http://identifiers.org/umls/C0220994
C0240897,Retinal exudates,Retinal exudates (SideEffect),CC BY-NC-SA 4.0,UMLS via SIDER 4.1,http://identifiers.org/umls/C0240897
C1325847,Sensitisation,Sensitisation (SideEffect),CC BY-NC-SA 4.0,UMLS via SIDER 4.1,http://identifiers.org/umls/C1325847
C0700184,Throat irritation,Throat irritation (SideEffect),CC BY-NC-SA 4.0,UMLS via SIDER 4.1,http://identifiers.org/umls/C0700184
C0520463,Hepatitis chronic active,Hepatitis chronic active (SideEffect),CC BY-NC-SA 4.0,UMLS via SIDER 4.1,http://identifiers.org/umls/C0520463
C0234922,Rash scaly,Rash scaly (SideEffect),CC BY-NC-SA 4.0,UMLS via SIDER 4.1,http://identifiers.org/umls/C0234922
C0311468,Blood bilirubin increased,Blood bilirubin increased (SideEffect),CC BY-NC-SA 4.0,UMLS via SIDER 4.1,http://identifiers.org/umls/C0311468
C0241442,Protrusion tongue,Protrusion tongue (SideEffect),CC BY-NC-SA 4.0,UMLS via SIDER 4.1,http://identifiers.org/umls/C0241442
C0025274,Menarche,Menarche (SideEffect),CC BY-NC-SA 4.0,UMLS via SIDER 4.1,http://identifiers.org/umls/C0025274
C0521616,Pseudoporphyria,Pseudoporphyria (SideEffect),CC BY-NC-SA 4.0,UMLS via SIDER 4.1,http://identifiers.org/umls/C0521616
C0877617,Intestinal cramps,Intestinal cramps (SideEffect),CC BY-NC-SA 4.0,UMLS via SIDER 4.1,http://identifiers.org/umls/C0877617
C0232409,Hair growth abnormal,Hair growth abnormal (SideEffect),CC BY-NC-SA 4.0,UMLS via SIDER 4.1,http://identifiers.org/umls/C0232409
C0231530,Muscle twitching,Muscle twitching (SideEffect),CC BY-NC-SA 4.0,UMLS via SIDER 4.1,http://identifiers.org/umls/C0231530
C1740793,Post-tussive vomiting,Post-tussive vomiting (SideEffect),CC BY-NC-SA 4.0,UMLS via SIDER 4.1,http://identifiers.org/umls/C1740793
C0151639,Fertility female decreased,Fertility female decreased (SideEffect),CC BY-NC-SA 4.0,UMLS via SIDER 4.1,http://identifiers.org/umls/C0151639
C0032227,Pleural effusion,Pleural effusion (SideEffect),CC BY-NC-SA 4.0,UMLS via SIDER 4.1,http://identifiers.org/umls/C0032227
C0002888,Anaemia megaloblastic,Anaemia megaloblastic (SideEffect),CC BY-NC-SA 4.0,UMLS via SIDER 4.1,http://identifiers.org/umls/C0002888
C0005758,Blister,Blister (SideEffect),CC BY-NC-SA 4.0,UMLS via SIDER 4.1,http://identifiers.org/umls/C0005758
C0149523,Acute cystitis,Acute cystitis (SideEffect),CC BY-NC-SA 4.0,UMLS via SIDER 4.1,http://identifiers.org/umls/C0149523
C1142499,Gastrointestinal toxicity,Gastrointestinal toxicity (SideEffect),CC BY-NC-SA 4.0,UMLS via SIDER 4.1,http://identifiers.org/umls/C1142499
C0151571,Corneal lesion,Corneal lesion (SideEffect),CC BY-NC-SA 4.0,UMLS via SIDER 4.1,http://identifiers.org/umls/C0151571
C0276908,Pneumocystis jirovecii infection,Pneumocystis jirovecii infection (SideEffect),CC BY-NC-SA 4.0,UMLS via SIDER 4.1,http://identifiers.org/umls/C0276908
C0028738,Nystagmus,Nystagmus (SideEffect),CC BY-NC-SA 4.0,UMLS via SIDER 4.1,http://identifiers.org/umls/C0028738
C0039437,Teething,Teething (SideEffect),CC BY-NC-SA 4.0,UMLS via SIDER 4.1,http://identifiers.org/umls/C0039437
C0858520,Serum gastrin increased,Serum gastrin increased (SideEffect),CC BY-NC-SA 4.0,UMLS via SIDER 4.1,http://identifiers.org/umls/C0858520
C0042994,Vulval disorder,Vulval disorder (SideEffect),CC BY-NC-SA 4.0,UMLS via SIDER 4.1,http://identifiers.org/umls/C0042994
C0040262,Tinea versicolour,Tinea versicolour (SideEffect),CC BY-NC-SA 4.0,UMLS via SIDER 4.1,http://identifiers.org/umls/C0040262
C0221785,Ache wrists,Ache wrists (SideEffect),CC BY-NC-SA 4.0,UMLS via SIDER 4.1,http://identifiers.org/umls/C0221785
C0392160,Application site atrophy,Application site atrophy (SideEffect),CC BY-NC-SA 4.0,UMLS via SIDER 4.1,http://identifiers.org/umls/C0392160
C0235198,Cerebration impaired,Cerebration impaired (SideEffect),CC BY-NC-SA 4.0,UMLS via SIDER 4.1,http://identifiers.org/umls/C0235198
C0867389,Chronic graft versus host disease,Chronic graft versus host disease (SideEffect),CC BY-NC-SA 4.0,UMLS via SIDER 4.1,http://identifiers.org/umls/C0867389
C0001396,Adams-Stokes syndrome,Adams-Stokes syndrome (SideEffect),CC BY-NC-SA 4.0,UMLS via SIDER 4.1,http://identifiers.org/umls/C0001396
C0852970,Dacryoadenitis acquired,Dacryoadenitis acquired (SideEffect),CC BY-NC-SA 4.0,UMLS via SIDER 4.1,http://identifiers.org/umls/C0852970
C0021290,Neonatal disorder,Neonatal disorder (SideEffect),CC BY-NC-SA 4.0,UMLS via SIDER 4.1,http://identifiers.org/umls/C0021290
C0010308,Congenital hypothyroidism,Congenital hypothyroidism (SideEffect),CC BY-NC-SA 4.0,UMLS via SIDER 4.1,http://identifiers.org/umls/C0010308
C0398625,Protein C deficiency,Protein C deficiency (SideEffect),CC BY-NC-SA 4.0,UMLS via SIDER 4.1,http://identifiers.org/umls/C0398625
C1168175,Incision site haematoma,Incision site haematoma (SideEffect),CC BY-NC-SA 4.0,UMLS via SIDER 4.1,http://identifiers.org/umls/C1168175
C0085623,Akinesia,Akinesia (SideEffect),CC BY-NC-SA 4.0,UMLS via SIDER 4.1,http://identifiers.org/umls/C0085623
C0267509,Chronic idiopathic constipation,Chronic idiopathic constipation (SideEffect),CC BY-NC-SA 4.0,UMLS via SIDER 4.1,http://identifiers.org/umls/C0267509
C0024523,Malabsorption,Malabsorption (SideEffect),CC BY-NC-SA 4.0,UMLS via SIDER 4.1,http://identifiers.org/umls/C0024523
C0949070,Upper respiratory tract congestion,Upper respiratory tract congestion (SideEffect),CC BY-NC-SA 4.0,UMLS via SIDER 4.1,http://identifiers.org/umls/C0949070
C0239549,Fat intolerance,Fat intolerance (SideEffect),CC BY-NC-SA 4.0,UMLS via SIDER 4.1,http://identifiers.org/umls/C0239549
C0264909,Defect conduction intraventricular,Defect conduction intraventricular (SideEffect),CC BY-NC-SA 4.0,UMLS via SIDER 4.1,http://identifiers.org/umls/C0264909
C0750194,Non-sustained ventricular tachycardia,Non-sustained ventricular tachycardia (SideEffect),CC BY-NC-SA 4.0,UMLS via SIDER 4.1,http://identifiers.org/umls/C0750194
C0751436,Tetrahydrobiopterin deficiency,Tetrahydrobiopterin deficiency (SideEffect),CC BY-NC-SA 4.0,UMLS via SIDER 4.1,http://identifiers.org/umls/C0751436
C0853857,Cellulitis staphylococcal,Cellulitis staphylococcal (SideEffect),CC BY-NC-SA 4.0,UMLS via SIDER 4.1,http://identifiers.org/umls/C0853857
C0859350,Serum transaminase increased,Serum transaminase increased (SideEffect),CC BY-NC-SA 4.0,UMLS via SIDER 4.1,http://identifiers.org/umls/C0859350
C0553732,Prothrombin level decreased,Prothrombin level decreased (SideEffect),CC BY-NC-SA 4.0,UMLS via SIDER 4.1,http://identifiers.org/umls/C0553732
C1269955,Tumour invasion,Tumour invasion (SideEffect),CC BY-NC-SA 4.0,UMLS via SIDER 4.1,http://identifiers.org/umls/C1269955
C0151786,Muscular weakness,Muscular weakness (SideEffect),CC BY-NC-SA 4.0,UMLS via SIDER 4.1,http://identifiers.org/umls/C0151786
C0026918,Mycobacterial infection,Mycobacterial infection (SideEffect),CC BY-NC-SA 4.0,UMLS via SIDER 4.1,http://identifiers.org/umls/C0026918
C1368107,Bone marrow aplastic,Bone marrow aplastic (SideEffect),CC BY-NC-SA 4.0,UMLS via SIDER 4.1,http://identifiers.org/umls/C1368107
C1096343,Infusion site reaction,Infusion site reaction (SideEffect),CC BY-NC-SA 4.0,UMLS via SIDER 4.1,http://identifiers.org/umls/C1096343
C1096082,Oesophageal discomfort,Oesophageal discomfort (SideEffect),CC BY-NC-SA 4.0,UMLS via SIDER 4.1,http://identifiers.org/umls/C1096082
C0151683,Neutrophil count increased,Neutrophil count increased (SideEffect),CC BY-NC-SA 4.0,UMLS via SIDER 4.1,http://identifiers.org/umls/C0151683
C0009324,Colitis ulcerative,Colitis ulcerative (SideEffect),CC BY-NC-SA 4.0,UMLS via SIDER 4.1,http://identifiers.org/umls/C0009324
C0546343,Mucosal erosion,Mucosal erosion (SideEffect),CC BY-NC-SA 4.0,UMLS via SIDER 4.1,http://identifiers.org/umls/C0546343
C0027609,Drug withdrawal syndrome neonatal,Drug withdrawal syndrome neonatal (SideEffect),CC BY-NC-SA 4.0,UMLS via SIDER 4.1,http://identifiers.org/umls/C0027609
C0233571,Excitement,Excitement (SideEffect),CC BY-NC-SA 4.0,UMLS via SIDER 4.1,http://identifiers.org/umls/C0233571
C0234162,Dysmetria,Dysmetria (SideEffect),CC BY-NC-SA 4.0,UMLS via SIDER 4.1,http://identifiers.org/umls/C0234162
C0338656,Cognitive impairment,Cognitive impairment (SideEffect),CC BY-NC-SA 4.0,UMLS via SIDER 4.1,http://identifiers.org/umls/C0338656
C0344431,Monomorphic ventricular tachycardia,Monomorphic ventricular tachycardia (SideEffect),CC BY-NC-SA 4.0,UMLS via SIDER 4.1,http://identifiers.org/umls/C0344431
C0520474,Aseptic necrosis of bone,Aseptic necrosis of bone (SideEffect),CC BY-NC-SA 4.0,UMLS via SIDER 4.1,http://identifiers.org/umls/C0520474
C0239340,Edema of lower extremities,Edema of lower extremities (SideEffect),CC BY-NC-SA 4.0,UMLS via SIDER 4.1,http://identifiers.org/umls/C0239340
C1141959,ECG signs of myocardial ischaemia,ECG signs of myocardial ischaemia (SideEffect),CC BY-NC-SA 4.0,UMLS via SIDER 4.1,http://identifiers.org/umls/C1141959
C0403639,Chemical cystitis,Chemical cystitis (SideEffect),CC BY-NC-SA 4.0,UMLS via SIDER 4.1,http://identifiers.org/umls/C0403639
C0002965,Angina unstable,Angina unstable (SideEffect),CC BY-NC-SA 4.0,UMLS via SIDER 4.1,http://identifiers.org/umls/C0002965
C0025063,Mediastinum neoplasm,Mediastinum neoplasm (SideEffect),CC BY-NC-SA 4.0,UMLS via SIDER 4.1,http://identifiers.org/umls/C0025063
C0853753,Blood phosphate increased,Blood phosphate increased (SideEffect),CC BY-NC-SA 4.0,UMLS via SIDER 4.1,http://identifiers.org/umls/C0853753
C0919892,Blood pressure inadequately controlled,Blood pressure inadequately controlled (SideEffect),CC BY-NC-SA 4.0,UMLS via SIDER 4.1,http://identifiers.org/umls/C0919892
C0858249,Increased agitation,Increased agitation (SideEffect),CC BY-NC-SA 4.0,UMLS via SIDER 4.1,http://identifiers.org/umls/C0858249
C0392618,Postoperative infection,Postoperative infection (SideEffect),CC BY-NC-SA 4.0,UMLS via SIDER 4.1,http://identifiers.org/umls/C0392618
C0018799,Cardiac disorder,Cardiac disorder (SideEffect),CC BY-NC-SA 4.0,UMLS via SIDER 4.1,http://identifiers.org/umls/C0018799
C2607914,Rhinitis allergic,Rhinitis allergic (SideEffect),CC BY-NC-SA 4.0,UMLS via SIDER 4.1,http://identifiers.org/umls/C2607914
C0854425,Sputum discoloured,Sputum discoloured (SideEffect),CC BY-NC-SA 4.0,UMLS via SIDER 4.1,http://identifiers.org/umls/C0854425
C0221100,Hangover,Hangover (SideEffect),CC BY-NC-SA 4.0,UMLS via SIDER 4.1,http://identifiers.org/umls/C0221100
C0151281,Genital ulceration,Genital ulceration (SideEffect),CC BY-NC-SA 4.0,UMLS via SIDER 4.1,http://identifiers.org/umls/C0151281
C0027540,Necrosis,Necrosis (SideEffect),CC BY-NC-SA 4.0,UMLS via SIDER 4.1,http://identifiers.org/umls/C0027540
C0022572,Keratoacanthoma,Keratoacanthoma (SideEffect),CC BY-NC-SA 4.0,UMLS via SIDER 4.1,http://identifiers.org/umls/C0022572
C0018818,Ventricular septal defect,Ventricular septal defect (SideEffect),CC BY-NC-SA 4.0,UMLS via SIDER 4.1,http://identifiers.org/umls/C0018818
C0521158,Neoplasm recurrence,Neoplasm recurrence (SideEffect),CC BY-NC-SA 4.0,UMLS via SIDER 4.1,http://identifiers.org/umls/C0521158
C0021061,Immunology test,Immunology test (SideEffect),CC BY-NC-SA 4.0,UMLS via SIDER 4.1,http://identifiers.org/umls/C0021061
C0748536,Scleral haemorrhage,Scleral haemorrhage (SideEffect),CC BY-NC-SA 4.0,UMLS via SIDER 4.1,http://identifiers.org/umls/C0748536
C0034735,Raynaud's phenomenon,Raynaud's phenomenon (SideEffect),CC BY-NC-SA 4.0,UMLS via SIDER 4.1,http://identifiers.org/umls/C0034735
C0541760,Hepatic adenoma,Hepatic adenoma (SideEffect),CC BY-NC-SA 4.0,UMLS via SIDER 4.1,http://identifiers.org/umls/C0541760
C0403632,Cystitis noninfective,Cystitis noninfective (SideEffect),CC BY-NC-SA 4.0,UMLS via SIDER 4.1,http://identifiers.org/umls/C0403632
C1963818,Gastrointestinal sounds abnormal,Gastrointestinal sounds abnormal (SideEffect),CC BY-NC-SA 4.0,UMLS via SIDER 4.1,http://identifiers.org/umls/C1963818
C0150055,Chronic pain,Chronic pain (SideEffect),CC BY-NC-SA 4.0,UMLS via SIDER 4.1,http://identifiers.org/umls/C0150055
C0029408,Osteoarthritis,Osteoarthritis (SideEffect),CC BY-NC-SA 4.0,UMLS via SIDER 4.1,http://identifiers.org/umls/C0029408
C0040460,Toothache,Toothache (SideEffect),CC BY-NC-SA 4.0,UMLS via SIDER 4.1,http://identifiers.org/umls/C0040460
C0026846,Muscle atrophy,Muscle atrophy (SideEffect),CC BY-NC-SA 4.0,UMLS via SIDER 4.1,http://identifiers.org/umls/C0026846
C0234458,Abnormal dreams,Abnormal dreams (SideEffect),CC BY-NC-SA 4.0,UMLS via SIDER 4.1,http://identifiers.org/umls/C0234458
C1527311,Brain oedema,Brain oedema (SideEffect),CC BY-NC-SA 4.0,UMLS via SIDER 4.1,http://identifiers.org/umls/C1527311
C0853759,Blood potassium abnormal,Blood potassium abnormal (SideEffect),CC BY-NC-SA 4.0,UMLS via SIDER 4.1,http://identifiers.org/umls/C0853759
C1443060,Feeling abnormal,Feeling abnormal (SideEffect),CC BY-NC-SA 4.0,UMLS via SIDER 4.1,http://identifiers.org/umls/C1443060
C0237020,Dermoid cyst of ovary,Dermoid cyst of ovary (SideEffect),CC BY-NC-SA 4.0,UMLS via SIDER 4.1,http://identifiers.org/umls/C0237020
C1456822,Claudication,Claudication (SideEffect),CC BY-NC-SA 4.0,UMLS via SIDER 4.1,http://identifiers.org/umls/C1456822
C0748023,Bacterial prostatitis,Bacterial prostatitis (SideEffect),CC BY-NC-SA 4.0,UMLS via SIDER 4.1,http://identifiers.org/umls/C0748023
C2748362,Vulvovaginal erythema,Vulvovaginal erythema (SideEffect),CC BY-NC-SA 4.0,UMLS via SIDER 4.1,http://identifiers.org/umls/C2748362
C1736172,Acute cytolytic hepatitis,Acute cytolytic hepatitis (SideEffect),CC BY-NC-SA 4.0,UMLS via SIDER 4.1,http://identifiers.org/umls/C1736172
C2938970,Penile curvature,Penile curvature (SideEffect),CC BY-NC-SA 4.0,UMLS via SIDER 4.1,http://identifiers.org/umls/C2938970
C0221185,Xanthopsia,Xanthopsia (SideEffect),CC BY-NC-SA 4.0,UMLS via SIDER 4.1,http://identifiers.org/umls/C0221185
C0024440,Cystoid macular oedema,Cystoid macular oedema (SideEffect),CC BY-NC-SA 4.0,UMLS via SIDER 4.1,http://identifiers.org/umls/C0024440
C0267821,Hepatic congestion,Hepatic congestion (SideEffect),CC BY-NC-SA 4.0,UMLS via SIDER 4.1,http://identifiers.org/umls/C0267821
C0038999,Swelling,Swelling (SideEffect),CC BY-NC-SA 4.0,UMLS via SIDER 4.1,http://identifiers.org/umls/C0038999
C0238425,Sickle cell anaemia with crisis,Sickle cell anaemia with crisis (SideEffect),CC BY-NC-SA 4.0,UMLS via SIDER 4.1,http://identifiers.org/umls/C0238425
C0011168,Dysphagia,Dysphagia (SideEffect),CC BY-NC-SA 4.0,UMLS via SIDER 4.1,http://identifiers.org/umls/C0011168
C0017650,Globus hystericus,Globus hystericus (SideEffect),CC BY-NC-SA 4.0,UMLS via SIDER 4.1,http://identifiers.org/umls/C0017650
C0151919,Bladder stenosis,Bladder stenosis (SideEffect),CC BY-NC-SA 4.0,UMLS via SIDER 4.1,http://identifiers.org/umls/C0151919
C0522570,Inflammation localised,Inflammation localised (SideEffect),CC BY-NC-SA 4.0,UMLS via SIDER 4.1,http://identifiers.org/umls/C0522570
C1262168,Cholecystitis infective,Cholecystitis infective (SideEffect),CC BY-NC-SA 4.0,UMLS via SIDER 4.1,http://identifiers.org/umls/C1262168
C0277885,Blood pressure systolic decreased,Blood pressure systolic decreased (SideEffect),CC BY-NC-SA 4.0,UMLS via SIDER 4.1,http://identifiers.org/umls/C0277885
C0221706,Road traffic accident,Road traffic accident (SideEffect),CC BY-NC-SA 4.0,UMLS via SIDER 4.1,http://identifiers.org/umls/C0221706
C3665770,Acquired lipoatrophic diabetes,Acquired lipoatrophic diabetes (SideEffect),CC BY-NC-SA 4.0,UMLS via SIDER 4.1,http://identifiers.org/umls/C3665770
C0877097,Application site vesicles,Application site vesicles (SideEffect),CC BY-NC-SA 4.0,UMLS via SIDER 4.1,http://identifiers.org/umls/C0877097
C0233558,Temper tantrum,Temper tantrum (SideEffect),CC BY-NC-SA 4.0,UMLS via SIDER 4.1,http://identifiers.org/umls/C0233558
C0853021,Blood oestrogen decreased,Blood oestrogen decreased (SideEffect),CC BY-NC-SA 4.0,UMLS via SIDER 4.1,http://identifiers.org/umls/C0853021
C0856054,Mental status changes,Mental status changes (SideEffect),CC BY-NC-SA 4.0,UMLS via SIDER 4.1,http://identifiers.org/umls/C0856054
C0151995,Degeneration of uterine fibroid,Degeneration of uterine fibroid (SideEffect),CC BY-NC-SA 4.0,UMLS via SIDER 4.1,http://identifiers.org/umls/C0151995
C0040479,Torsade de pointes,Torsade de pointes (SideEffect),CC BY-NC-SA 4.0,UMLS via SIDER 4.1,http://identifiers.org/umls/C0040479
C0854111,Blood triglycerides decreased,Blood triglycerides decreased (SideEffect),CC BY-NC-SA 4.0,UMLS via SIDER 4.1,http://identifiers.org/umls/C0854111
C0025061,Mediastinal disorder,Mediastinal disorder (SideEffect),CC BY-NC-SA 4.0,UMLS via SIDER 4.1,http://identifiers.org/umls/C0025061
C1112257,Oral pustule,Oral pustule (SideEffect),CC BY-NC-SA 4.0,UMLS via SIDER 4.1,http://identifiers.org/umls/C1112257
C0001925,Albuminuria,Albuminuria (SideEffect),CC BY-NC-SA 4.0,UMLS via SIDER 4.1,http://identifiers.org/umls/C0001925
C0521491,Application site pain,Application site pain (SideEffect),CC BY-NC-SA 4.0,UMLS via SIDER 4.1,http://identifiers.org/umls/C0521491
C0235960,Parkinsonism aggravated,Parkinsonism aggravated (SideEffect),CC BY-NC-SA 4.0,UMLS via SIDER 4.1,http://identifiers.org/umls/C0235960
C0435001,Ligament injury,Ligament injury (SideEffect),CC BY-NC-SA 4.0,UMLS via SIDER 4.1,http://identifiers.org/umls/C0435001
C0008035,Chest wall pain,Chest wall pain (SideEffect),CC BY-NC-SA 4.0,UMLS via SIDER 4.1,http://identifiers.org/umls/C0008035
C0034069,Pulmonary fibrosis,Pulmonary fibrosis (SideEffect),CC BY-NC-SA 4.0,UMLS via SIDER 4.1,http://identifiers.org/umls/C0034069
C0860646,Morbid dreams,Morbid dreams (SideEffect),CC BY-NC-SA 4.0,UMLS via SIDER 4.1,http://identifiers.org/umls/C0860646
C0231874,Wheezing inspiratory,Wheezing inspiratory (SideEffect),CC BY-NC-SA 4.0,UMLS via SIDER 4.1,http://identifiers.org/umls/C0231874
C0007780,Cerebral artery embolism,Cerebral artery embolism (SideEffect),CC BY-NC-SA 4.0,UMLS via SIDER 4.1,http://identifiers.org/umls/C0007780
C0853123,Blood luteinising hormone increased,Blood luteinising hormone increased (SideEffect),CC BY-NC-SA 4.0,UMLS via SIDER 4.1,http://identifiers.org/umls/C0853123
C0079924,Oligohydramnios,Oligohydramnios (SideEffect),CC BY-NC-SA 4.0,UMLS via SIDER 4.1,http://identifiers.org/umls/C0079924
C0035078,Renal failure,Renal failure (SideEffect),CC BY-NC-SA 4.0,UMLS via SIDER 4.1,http://identifiers.org/umls/C0035078
C2004521,Anaemia vitamin B12 deficiency,Anaemia vitamin B12 deficiency (SideEffect),CC BY-NC-SA 4.0,UMLS via SIDER 4.1,http://identifiers.org/umls/C2004521
C0235848,Skin cold clammy,Skin cold clammy (SideEffect),CC BY-NC-SA 4.0,UMLS via SIDER 4.1,http://identifiers.org/umls/C0235848
C0268621,Hypermethioninaemia,Hypermethioninaemia (SideEffect),CC BY-NC-SA 4.0,UMLS via SIDER 4.1,http://identifiers.org/umls/C0268621
C0262576,Nerve paralysis,Nerve paralysis (SideEffect),CC BY-NC-SA 4.0,UMLS via SIDER 4.1,http://identifiers.org/umls/C0262576
C0857172,Persistent dry cough,Persistent dry cough (SideEffect),CC BY-NC-SA 4.0,UMLS via SIDER 4.1,http://identifiers.org/umls/C0857172
C0221278,Anisocytosis,Anisocytosis (SideEffect),CC BY-NC-SA 4.0,UMLS via SIDER 4.1,http://identifiers.org/umls/C0221278
C1261473,Sarcoma,Sarcoma (SideEffect),CC BY-NC-SA 4.0,UMLS via SIDER 4.1,http://identifiers.org/umls/C1261473
C1142068,Arcus lipoides,Arcus lipoides (SideEffect),CC BY-NC-SA 4.0,UMLS via SIDER 4.1,http://identifiers.org/umls/C1142068
C0003892,Neuropathic arthropathy,Neuropathic arthropathy (SideEffect),CC BY-NC-SA 4.0,UMLS via SIDER 4.1,http://identifiers.org/umls/C0003892
C0311245,Congenital cystic kidney disease,Congenital cystic kidney disease (SideEffect),CC BY-NC-SA 4.0,UMLS via SIDER 4.1,http://identifiers.org/umls/C0311245
C0020555,Hypertrichosis,Hypertrichosis (SideEffect),CC BY-NC-SA 4.0,UMLS via SIDER 4.1,http://identifiers.org/umls/C0020555
C0854431,Injection site vesicles,Injection site vesicles (SideEffect),CC BY-NC-SA 4.0,UMLS via SIDER 4.1,http://identifiers.org/umls/C0854431
C0235746,Saliva altered,Saliva altered (SideEffect),CC BY-NC-SA 4.0,UMLS via SIDER 4.1,http://identifiers.org/umls/C0235746
C0030332,Panophthalmitis,Panophthalmitis (SideEffect),CC BY-NC-SA 4.0,UMLS via SIDER 4.1,http://identifiers.org/umls/C0030332
C0236826,Expressive language disorder,Expressive language disorder (SideEffect),CC BY-NC-SA 4.0,UMLS via SIDER 4.1,http://identifiers.org/umls/C0236826
C0151971,Intestinal ulcer,Intestinal ulcer (SideEffect),CC BY-NC-SA 4.0,UMLS via SIDER 4.1,http://identifiers.org/umls/C0151971
C0877325,Anal sphincter atony,Anal sphincter atony (SideEffect),CC BY-NC-SA 4.0,UMLS via SIDER 4.1,http://identifiers.org/umls/C0877325
C0522063,Impaired gastric emptying,Impaired gastric emptying (SideEffect),CC BY-NC-SA 4.0,UMLS via SIDER 4.1,http://identifiers.org/umls/C0522063
C1112559,Pancreatitis due to biliary obstruction,Pancreatitis due to biliary obstruction (SideEffect),CC BY-NC-SA 4.0,UMLS via SIDER 4.1,http://identifiers.org/umls/C1112559
C0018552,Hamartoma,Hamartoma (SideEffect),CC BY-NC-SA 4.0,UMLS via SIDER 4.1,http://identifiers.org/umls/C0018552
C0521492,Application site ulcer,Application site ulcer (SideEffect),CC BY-NC-SA 4.0,UMLS via SIDER 4.1,http://identifiers.org/umls/C0521492
C0042420,Syncope vasovagal,Syncope vasovagal (SideEffect),CC BY-NC-SA 4.0,UMLS via SIDER 4.1,http://identifiers.org/umls/C0042420
C0037287,Skin nodule,Skin nodule (SideEffect),CC BY-NC-SA 4.0,UMLS via SIDER 4.1,http://identifiers.org/umls/C0037287
C1698818,Photodamaged skin,Photodamaged skin (SideEffect),CC BY-NC-SA 4.0,UMLS via SIDER 4.1,http://identifiers.org/umls/C1698818
C0262977,Skin depigmentation,Skin depigmentation (SideEffect),CC BY-NC-SA 4.0,UMLS via SIDER 4.1,http://identifiers.org/umls/C0262977
C0012746,Dissociative disorder,Dissociative disorder (SideEffect),CC BY-NC-SA 4.0,UMLS via SIDER 4.1,http://identifiers.org/umls/C0012746
C0151544,Gastrointestinal carcinoma,Gastrointestinal carcinoma (SideEffect),CC BY-NC-SA 4.0,UMLS via SIDER 4.1,http://identifiers.org/umls/C0151544
C2748540,Mucosal bleeding,Mucosal bleeding (SideEffect),CC BY-NC-SA 4.0,UMLS via SIDER 4.1,http://identifiers.org/umls/C2748540
C0005959,Marrow hyperplasia,Marrow hyperplasia (SideEffect),CC BY-NC-SA 4.0,UMLS via SIDER 4.1,http://identifiers.org/umls/C0005959
C0016436,Folliculitis,Folliculitis (SideEffect),CC BY-NC-SA 4.0,UMLS via SIDER 4.1,http://identifiers.org/umls/C0016436
C0340278,Atrial hypertrophy,Atrial hypertrophy (SideEffect),CC BY-NC-SA 4.0,UMLS via SIDER 4.1,http://identifiers.org/umls/C0340278
C0235698,Abdominal distension gaseous,Abdominal distension gaseous (SideEffect),CC BY-NC-SA 4.0,UMLS via SIDER 4.1,http://identifiers.org/umls/C0235698
C0026266,Mitral valve incompetence,Mitral valve incompetence (SideEffect),CC BY-NC-SA 4.0,UMLS via SIDER 4.1,http://identifiers.org/umls/C0026266
C0033778,Pruritus vulvae,Pruritus vulvae (SideEffect),CC BY-NC-SA 4.0,UMLS via SIDER 4.1,http://identifiers.org/umls/C0033778
C0235046,Paraesthesia skin,Paraesthesia skin (SideEffect),CC BY-NC-SA 4.0,UMLS via SIDER 4.1,http://identifiers.org/umls/C0235046
C0744221,Friction rub,Friction rub (SideEffect),CC BY-NC-SA 4.0,UMLS via SIDER 4.1,http://identifiers.org/umls/C0744221
C1112625,Cerebellar oedema,Cerebellar oedema (SideEffect),CC BY-NC-SA 4.0,UMLS via SIDER 4.1,http://identifiers.org/umls/C1112625
C0235883,Uterine inflammation,Uterine inflammation (SideEffect),CC BY-NC-SA 4.0,UMLS via SIDER 4.1,http://identifiers.org/umls/C0235883
C0003838,Arterial occlusive disease,Arterial occlusive disease (SideEffect),CC BY-NC-SA 4.0,UMLS via SIDER 4.1,http://identifiers.org/umls/C0003838
C0542101,Nasal burning,Nasal burning (SideEffect),CC BY-NC-SA 4.0,UMLS via SIDER 4.1,http://identifiers.org/umls/C0542101
C0026764,Plasma cell myeloma,Plasma cell myeloma (SideEffect),CC BY-NC-SA 4.0,UMLS via SIDER 4.1,http://identifiers.org/umls/C0026764
C0151754,Lactic dehydrogenase activity increased,Lactic dehydrogenase activity increased (SideEffect),CC BY-NC-SA 4.0,UMLS via SIDER 4.1,http://identifiers.org/umls/C0151754
C1504494,Tingling of extremity,Tingling of extremity (SideEffect),CC BY-NC-SA 4.0,UMLS via SIDER 4.1,http://identifiers.org/umls/C1504494
C1096274,Corneal thinning,Corneal thinning (SideEffect),CC BY-NC-SA 4.0,UMLS via SIDER 4.1,http://identifiers.org/umls/C1096274
C0034186,Pyelonephritis,Pyelonephritis (SideEffect),CC BY-NC-SA 4.0,UMLS via SIDER 4.1,http://identifiers.org/umls/C0034186
C0855619,Alanine aminotransferase abnormal,Alanine aminotransferase abnormal (SideEffect),CC BY-NC-SA 4.0,UMLS via SIDER 4.1,http://identifiers.org/umls/C0855619
C0234935,Acute urticaria,Acute urticaria (SideEffect),CC BY-NC-SA 4.0,UMLS via SIDER 4.1,http://identifiers.org/umls/C0234935
C0013395,Dyspepsia,Dyspepsia (SideEffect),CC BY-NC-SA 4.0,UMLS via SIDER 4.1,http://identifiers.org/umls/C0013395
C0016397,Localised infection,Localised infection (SideEffect),CC BY-NC-SA 4.0,UMLS via SIDER 4.1,http://identifiers.org/umls/C0016397
C0016807,Intestinal functional disorder,Intestinal functional disorder (SideEffect),CC BY-NC-SA 4.0,UMLS via SIDER 4.1,http://identifiers.org/umls/C0016807
C0917799,Hypersomnia,Hypersomnia (SideEffect),CC BY-NC-SA 4.0,UMLS via SIDER 4.1,http://identifiers.org/umls/C0917799
C0024115,Lung disorder,Lung disorder (SideEffect),CC BY-NC-SA 4.0,UMLS via SIDER 4.1,http://identifiers.org/umls/C0024115
C0877406,Performance status decreased,Performance status decreased (SideEffect),CC BY-NC-SA 4.0,UMLS via SIDER 4.1,http://identifiers.org/umls/C0877406
C0749249,Wide complex tachycardia,Wide complex tachycardia (SideEffect),CC BY-NC-SA 4.0,UMLS via SIDER 4.1,http://identifiers.org/umls/C0749249
C0153349,Tongue neoplasm malignant stage unspecified,Tongue neoplasm malignant stage unspecified (SideEffect),CC BY-NC-SA 4.0,UMLS via SIDER 4.1,http://identifiers.org/umls/C0153349
C0262385,Autonomic nervous system imbalance,Autonomic nervous system imbalance (SideEffect),CC BY-NC-SA 4.0,UMLS via SIDER 4.1,http://identifiers.org/umls/C0262385
C0854725,Cyanopsia,Cyanopsia (SideEffect),CC BY-NC-SA 4.0,UMLS via SIDER 4.1,http://identifiers.org/umls/C0854725
C1260871,Acetonaemia,Acetonaemia (SideEffect),CC BY-NC-SA 4.0,UMLS via SIDER 4.1,http://identifiers.org/umls/C1260871
C0005687,Bladder distension,Bladder distension (SideEffect),CC BY-NC-SA 4.0,UMLS via SIDER 4.1,http://identifiers.org/umls/C0005687
C0025281,Meniere's disease,Meniere's disease (SideEffect),CC BY-NC-SA 4.0,UMLS via SIDER 4.1,http://identifiers.org/umls/C0025281
C0424296,Disinhibition,Disinhibition (SideEffect),CC BY-NC-SA 4.0,UMLS via SIDER 4.1,http://identifiers.org/umls/C0424296
C0152202,Acquired night blindness,Acquired night blindness (SideEffect),CC BY-NC-SA 4.0,UMLS via SIDER 4.1,http://identifiers.org/umls/C0152202
C2747813,Bacterial colonisation,Bacterial colonisation (SideEffect),CC BY-NC-SA 4.0,UMLS via SIDER 4.1,http://identifiers.org/umls/C2747813
C0341245,Duodenitis haemorrhagic,Duodenitis haemorrhagic (SideEffect),CC BY-NC-SA 4.0,UMLS via SIDER 4.1,http://identifiers.org/umls/C0341245
C0568180,Lithium poisoning,Lithium poisoning (SideEffect),CC BY-NC-SA 4.0,UMLS via SIDER 4.1,http://identifiers.org/umls/C0568180
C0025289,Meningitis,Meningitis (SideEffect),CC BY-NC-SA 4.0,UMLS via SIDER 4.1,http://identifiers.org/umls/C0025289
C0035288,Reticuloendotheliosis,Reticuloendotheliosis (SideEffect),CC BY-NC-SA 4.0,UMLS via SIDER 4.1,http://identifiers.org/umls/C0035288
C0036974,Shock,Shock (SideEffect),CC BY-NC-SA 4.0,UMLS via SIDER 4.1,http://identifiers.org/umls/C0036974
C0521554,Congenital vesicoureteric reflux,Congenital vesicoureteric reflux (SideEffect),CC BY-NC-SA 4.0,UMLS via SIDER 4.1,http://identifiers.org/umls/C0521554
C0152517,Viral diarrhoea,Viral diarrhoea (SideEffect),CC BY-NC-SA 4.0,UMLS via SIDER 4.1,http://identifiers.org/umls/C0152517
C0272426,Mouth injury,Mouth injury (SideEffect),CC BY-NC-SA 4.0,UMLS via SIDER 4.1,http://identifiers.org/umls/C0272426
C0272753,Femur shaft fracture,Femur shaft fracture (SideEffect),CC BY-NC-SA 4.0,UMLS via SIDER 4.1,http://identifiers.org/umls/C0272753
C0231365,Urination impaired,Urination impaired (SideEffect),CC BY-NC-SA 4.0,UMLS via SIDER 4.1,http://identifiers.org/umls/C0231365
C0920157,Mesenteric ischemia,Mesenteric ischemia (SideEffect),CC BY-NC-SA 4.0,UMLS via SIDER 4.1,http://identifiers.org/umls/C0920157
C1096300,Genital burning sensation,Genital burning sensation (SideEffect),CC BY-NC-SA 4.0,UMLS via SIDER 4.1,http://identifiers.org/umls/C1096300
C0580493,Serum albumin decreased,Serum albumin decreased (SideEffect),CC BY-NC-SA 4.0,UMLS via SIDER 4.1,http://identifiers.org/umls/C0580493
C0038002,Splenomegaly,Splenomegaly (SideEffect),CC BY-NC-SA 4.0,UMLS via SIDER 4.1,http://identifiers.org/umls/C0038002
C0002962,Angina pectoris,Angina pectoris (SideEffect),CC BY-NC-SA 4.0,UMLS via SIDER 4.1,http://identifiers.org/umls/C0002962
C0000924,Accident,Accident (SideEffect),CC BY-NC-SA 4.0,UMLS via SIDER 4.1,http://identifiers.org/umls/C0000924
C0000786,Abortion spontaneous,Abortion spontaneous (SideEffect),CC BY-NC-SA 4.0,UMLS via SIDER 4.1,http://identifiers.org/umls/C0000786
C0152010,Withdrawal bleed,Withdrawal bleed (SideEffect),CC BY-NC-SA 4.0,UMLS via SIDER 4.1,http://identifiers.org/umls/C0152010
C1621958,Glioblastoma multiforme,Glioblastoma multiforme (SideEffect),CC BY-NC-SA 4.0,UMLS via SIDER 4.1,http://identifiers.org/umls/C1621958
C1140716,Hypoxic-ischaemic encephalopathy,Hypoxic-ischaemic encephalopathy (SideEffect),CC BY-NC-SA 4.0,UMLS via SIDER 4.1,http://identifiers.org/umls/C1140716
C0038354,Gastric disorder,Gastric disorder (SideEffect),CC BY-NC-SA 4.0,UMLS via SIDER 4.1,http://identifiers.org/umls/C0038354
C0008924,Cleft lip,Cleft lip (SideEffect),CC BY-NC-SA 4.0,UMLS via SIDER 4.1,http://identifiers.org/umls/C0008924
C0267792,Hepatobiliary disease,Hepatobiliary disease (SideEffect),CC BY-NC-SA 4.0,UMLS via SIDER 4.1,http://identifiers.org/umls/C0267792
C0034212,Pyoderma,Pyoderma (SideEffect),CC BY-NC-SA 4.0,UMLS via SIDER 4.1,http://identifiers.org/umls/C0034212
C0028850,Eye movement disorder,Eye movement disorder (SideEffect),CC BY-NC-SA 4.0,UMLS via SIDER 4.1,http://identifiers.org/umls/C0028850
C0549335,Bone pain aggravated,Bone pain aggravated (SideEffect),CC BY-NC-SA 4.0,UMLS via SIDER 4.1,http://identifiers.org/umls/C0549335
C0037672,Somnambulism,Somnambulism (SideEffect),CC BY-NC-SA 4.0,UMLS via SIDER 4.1,http://identifiers.org/umls/C0037672
C0392175,Renal haemorrhage,Renal haemorrhage (SideEffect),CC BY-NC-SA 4.0,UMLS via SIDER 4.1,http://identifiers.org/umls/C0392175
C0015927,Foetal death,Foetal death (SideEffect),CC BY-NC-SA 4.0,UMLS via SIDER 4.1,http://identifiers.org/umls/C0015927
C0029434,Osteogenesis imperfecta,Osteogenesis imperfecta (SideEffect),CC BY-NC-SA 4.0,UMLS via SIDER 4.1,http://identifiers.org/umls/C0029434
C0853074,Anxiety NEC,Anxiety NEC (SideEffect),CC BY-NC-SA 4.0,UMLS via SIDER 4.1,http://identifiers.org/umls/C0853074
C0347941,Chest mass NOS,Chest mass NOS (SideEffect),CC BY-NC-SA 4.0,UMLS via SIDER 4.1,http://identifiers.org/umls/C0347941
C0221490,Epigastric distress,Epigastric distress (SideEffect),CC BY-NC-SA 4.0,UMLS via SIDER 4.1,http://identifiers.org/umls/C0221490
C3267047,Immune-mediated necrotising myopathy,Immune-mediated necrotising myopathy (SideEffect),CC BY-NC-SA 4.0,UMLS via SIDER 4.1,http://identifiers.org/umls/C3267047
C0458247,Allodynia,Allodynia (SideEffect),CC BY-NC-SA 4.0,UMLS via SIDER 4.1,http://identifiers.org/umls/C0458247
C0238124,Necrotising fasciitis,Necrotising fasciitis (SideEffect),CC BY-NC-SA 4.0,UMLS via SIDER 4.1,http://identifiers.org/umls/C0238124
C2363731,Oropharyngeal pain,Oropharyngeal pain (SideEffect),CC BY-NC-SA 4.0,UMLS via SIDER 4.1,http://identifiers.org/umls/C2363731
C0277961,Oily hair,Oily hair (SideEffect),CC BY-NC-SA 4.0,UMLS via SIDER 4.1,http://identifiers.org/umls/C0277961
C1275515,Venomous bite,Venomous bite (SideEffect),CC BY-NC-SA 4.0,UMLS via SIDER 4.1,http://identifiers.org/umls/C1275515
C0349464,Wernicke-Korsakoff syndrome,Wernicke-Korsakoff syndrome (SideEffect),CC BY-NC-SA 4.0,UMLS via SIDER 4.1,http://identifiers.org/umls/C0349464
C0020492,Hyperostosis,Hyperostosis (SideEffect),CC BY-NC-SA 4.0,UMLS via SIDER 4.1,http://identifiers.org/umls/C0020492
C1096185,Dacryostenosis acquired,Dacryostenosis acquired (SideEffect),CC BY-NC-SA 4.0,UMLS via SIDER 4.1,http://identifiers.org/umls/C1096185
C0043096,Weight decreased,Weight decreased (SideEffect),CC BY-NC-SA 4.0,UMLS via SIDER 4.1,http://identifiers.org/umls/C0043096
C0151846,Disorder periosteal,Disorder periosteal (SideEffect),CC BY-NC-SA 4.0,UMLS via SIDER 4.1,http://identifiers.org/umls/C0151846
C0549433,Surgical intervention,Surgical intervention (SideEffect),CC BY-NC-SA 4.0,UMLS via SIDER 4.1,http://identifiers.org/umls/C0549433
C0948586,Protein urine present,Protein urine present (SideEffect),CC BY-NC-SA 4.0,UMLS via SIDER 4.1,http://identifiers.org/umls/C0948586
C0859061,Bilirubin value increased,Bilirubin value increased (SideEffect),CC BY-NC-SA 4.0,UMLS via SIDER 4.1,http://identifiers.org/umls/C0859061
C1388177,Aortic arteriosclerosis,Aortic arteriosclerosis (SideEffect),CC BY-NC-SA 4.0,UMLS via SIDER 4.1,http://identifiers.org/umls/C1388177
C0151480,Antinuclear antibody positive,Antinuclear antibody positive (SideEffect),CC BY-NC-SA 4.0,UMLS via SIDER 4.1,http://identifiers.org/umls/C0151480
C0813230,Serum triglycerides increased,Serum triglycerides increased (SideEffect),CC BY-NC-SA 4.0,UMLS via SIDER 4.1,http://identifiers.org/umls/C0813230
C0596240,Cancer pain,Cancer pain (SideEffect),CC BY-NC-SA 4.0,UMLS via SIDER 4.1,http://identifiers.org/umls/C0596240
C0020625,Hyponatraemia,Hyponatraemia (SideEffect),CC BY-NC-SA 4.0,UMLS via SIDER 4.1,http://identifiers.org/umls/C0020625
C0153567,Uterine cancer,Uterine cancer (SideEffect),CC BY-NC-SA 4.0,UMLS via SIDER 4.1,http://identifiers.org/umls/C0153567
C0007384,Cataplexy,Cataplexy (SideEffect),CC BY-NC-SA 4.0,UMLS via SIDER 4.1,http://identifiers.org/umls/C0007384
C1168034,Gastric pH decreased,Gastric pH decreased (SideEffect),CC BY-NC-SA 4.0,UMLS via SIDER 4.1,http://identifiers.org/umls/C1168034
C0240273,Lymph node tenderness,Lymph node tenderness (SideEffect),CC BY-NC-SA 4.0,UMLS via SIDER 4.1,http://identifiers.org/umls/C0240273
C0553713,Breast pain female,Breast pain female (SideEffect),CC BY-NC-SA 4.0,UMLS via SIDER 4.1,http://identifiers.org/umls/C0553713
C0334492,Malignant mesenchymoma,Malignant mesenchymoma (SideEffect),CC BY-NC-SA 4.0,UMLS via SIDER 4.1,http://identifiers.org/umls/C0334492
C0853772,Blood calcium abnormal,Blood calcium abnormal (SideEffect),CC BY-NC-SA 4.0,UMLS via SIDER 4.1,http://identifiers.org/umls/C0853772
C0241712,Vulval erythema,Vulval erythema (SideEffect),CC BY-NC-SA 4.0,UMLS via SIDER 4.1,http://identifiers.org/umls/C0241712
C0006840,Candida infection,Candida infection (SideEffect),CC BY-NC-SA 4.0,UMLS via SIDER 4.1,http://identifiers.org/umls/C0006840
C0017668,Focal segmental glomerulosclerosis,Focal segmental glomerulosclerosis (SideEffect),CC BY-NC-SA 4.0,UMLS via SIDER 4.1,http://identifiers.org/umls/C0017668
C0023434,Chronic lymphocytic leukaemia,Chronic lymphocytic leukaemia (SideEffect),CC BY-NC-SA 4.0,UMLS via SIDER 4.1,http://identifiers.org/umls/C0023434
C0078911,HIV associated nephropathy,HIV associated nephropathy (SideEffect),CC BY-NC-SA 4.0,UMLS via SIDER 4.1,http://identifiers.org/umls/C0078911
C1112712,Haematology test abnormal,Haematology test abnormal (SideEffect),CC BY-NC-SA 4.0,UMLS via SIDER 4.1,http://identifiers.org/umls/C1112712
C0030489,Paraproteinaemia,Paraproteinaemia (SideEffect),CC BY-NC-SA 4.0,UMLS via SIDER 4.1,http://identifiers.org/umls/C0030489
C0041671,Attention deficit disorder,Attention deficit disorder (SideEffect),CC BY-NC-SA 4.0,UMLS via SIDER 4.1,http://identifiers.org/umls/C0041671
C0424605,Developmental delay,Developmental delay (SideEffect),CC BY-NC-SA 4.0,UMLS via SIDER 4.1,http://identifiers.org/umls/C0424605
C0023903,Hepatic neoplasm,Hepatic neoplasm (SideEffect),CC BY-NC-SA 4.0,UMLS via SIDER 4.1,http://identifiers.org/umls/C0023903
C0424823,Parotid swelling,Parotid swelling (SideEffect),CC BY-NC-SA 4.0,UMLS via SIDER 4.1,http://identifiers.org/umls/C0424823
C0013369,Dysentery,Dysentery (SideEffect),CC BY-NC-SA 4.0,UMLS via SIDER 4.1,http://identifiers.org/umls/C0013369
C0262662,Ventricular bigeminy,Ventricular bigeminy (SideEffect),CC BY-NC-SA 4.0,UMLS via SIDER 4.1,http://identifiers.org/umls/C0262662
C0240059,Intraventricular haemorrhage,Intraventricular haemorrhage (SideEffect),CC BY-NC-SA 4.0,UMLS via SIDER 4.1,http://identifiers.org/umls/C0240059
C0423798,Increased tendency to bruise,Increased tendency to bruise (SideEffect),CC BY-NC-SA 4.0,UMLS via SIDER 4.1,http://identifiers.org/umls/C0423798
C0086543,Cataract,Cataract (SideEffect),CC BY-NC-SA 4.0,UMLS via SIDER 4.1,http://identifiers.org/umls/C0086543
C0555970,Nose infection NOS,Nose infection NOS (SideEffect),CC BY-NC-SA 4.0,UMLS via SIDER 4.1,http://identifiers.org/umls/C0555970
C0852914,Bacteriuria NOS present,Bacteriuria NOS present (SideEffect),CC BY-NC-SA 4.0,UMLS via SIDER 4.1,http://identifiers.org/umls/C0852914
C0524909,Chronic hepatitis B,Chronic hepatitis B (SideEffect),CC BY-NC-SA 4.0,UMLS via SIDER 4.1,http://identifiers.org/umls/C0524909
C0239182,Watery diarrhoea,Watery diarrhoea (SideEffect),CC BY-NC-SA 4.0,UMLS via SIDER 4.1,http://identifiers.org/umls/C0239182
C0005779,Coagulopathy,Coagulopathy (SideEffect),CC BY-NC-SA 4.0,UMLS via SIDER 4.1,http://identifiers.org/umls/C0005779
C0270934,Toxic neuropathy,Toxic neuropathy (SideEffect),CC BY-NC-SA 4.0,UMLS via SIDER 4.1,http://identifiers.org/umls/C0270934
C0432487,Post transplant lymphoproliferative disorder,Post transplant lymphoproliferative disorder (SideEffect),CC BY-NC-SA 4.0,UMLS via SIDER 4.1,http://identifiers.org/umls/C0432487
C0549336,Asthma aggravated,Asthma aggravated (SideEffect),CC BY-NC-SA 4.0,UMLS via SIDER 4.1,http://identifiers.org/umls/C0549336
C0015230,Rash,Rash (SideEffect),CC BY-NC-SA 4.0,UMLS via SIDER 4.1,http://identifiers.org/umls/C0015230
C0036601,Self mutilation,Self mutilation (SideEffect),CC BY-NC-SA 4.0,UMLS via SIDER 4.1,http://identifiers.org/umls/C0036601
C0023524,Progressive multifocal leukoencephalopathy,Progressive multifocal leukoencephalopathy (SideEffect),CC BY-NC-SA 4.0,UMLS via SIDER 4.1,http://identifiers.org/umls/C0023524
C0425481,Respiratory sighs,Respiratory sighs (SideEffect),CC BY-NC-SA 4.0,UMLS via SIDER 4.1,http://identifiers.org/umls/C0425481
C0024441,Macular hole,Macular hole (SideEffect),CC BY-NC-SA 4.0,UMLS via SIDER 4.1,http://identifiers.org/umls/C0024441
C0854134,Blood bilirubin unconjugated increased,Blood bilirubin unconjugated increased (SideEffect),CC BY-NC-SA 4.0,UMLS via SIDER 4.1,http://identifiers.org/umls/C0854134
C0242231,Coronary artery stenosis,Coronary artery stenosis (SideEffect),CC BY-NC-SA 4.0,UMLS via SIDER 4.1,http://identifiers.org/umls/C0242231
C1800706,Idiopathic pulmonary fibrosis,Idiopathic pulmonary fibrosis (SideEffect),CC BY-NC-SA 4.0,UMLS via SIDER 4.1,http://identifiers.org/umls/C1800706
C0003486,Aortic aneurysm,Aortic aneurysm (SideEffect),CC BY-NC-SA 4.0,UMLS via SIDER 4.1,http://identifiers.org/umls/C0003486
C0035400,Reye's syndrome,Reye's syndrome (SideEffect),CC BY-NC-SA 4.0,UMLS via SIDER 4.1,http://identifiers.org/umls/C0035400
C0877338,Breast discomfort,Breast discomfort (SideEffect),CC BY-NC-SA 4.0,UMLS via SIDER 4.1,http://identifiers.org/umls/C0877338
C0014733,Erysipelas,Erysipelas (SideEffect),CC BY-NC-SA 4.0,UMLS via SIDER 4.1,http://identifiers.org/umls/C0014733
C0006852,Vaginal moniliasis,Vaginal moniliasis (SideEffect),CC BY-NC-SA 4.0,UMLS via SIDER 4.1,http://identifiers.org/umls/C0006852
C0234428,Consciousness abnormal,Consciousness abnormal (SideEffect),CC BY-NC-SA 4.0,UMLS via SIDER 4.1,http://identifiers.org/umls/C0234428
C0152031,Joint swelling,Joint swelling (SideEffect),CC BY-NC-SA 4.0,UMLS via SIDER 4.1,http://identifiers.org/umls/C0152031
C0021092,Cerumen impaction,Cerumen impaction (SideEffect),CC BY-NC-SA 4.0,UMLS via SIDER 4.1,http://identifiers.org/umls/C0021092
C0340613,Arterial aneurysm,Arterial aneurysm (SideEffect),CC BY-NC-SA 4.0,UMLS via SIDER 4.1,http://identifiers.org/umls/C0340613
C0080276,Urogenital disorder,Urogenital disorder (SideEffect),CC BY-NC-SA 4.0,UMLS via SIDER 4.1,http://identifiers.org/umls/C0080276
C0042075,Urinary tract disorder,Urinary tract disorder (SideEffect),CC BY-NC-SA 4.0,UMLS via SIDER 4.1,http://identifiers.org/umls/C0042075
C0014550,Myoclonic epilepsy,Myoclonic epilepsy (SideEffect),CC BY-NC-SA 4.0,UMLS via SIDER 4.1,http://identifiers.org/umls/C0014550
C0238334,Pancreatic abscess,Pancreatic abscess (SideEffect),CC BY-NC-SA 4.0,UMLS via SIDER 4.1,http://identifiers.org/umls/C0238334
C0238707,Impairment of attention,Impairment of attention (SideEffect),CC BY-NC-SA 4.0,UMLS via SIDER 4.1,http://identifiers.org/umls/C0238707
C0948873,Flu symptoms,Flu symptoms (SideEffect),CC BY-NC-SA 4.0,UMLS via SIDER 4.1,http://identifiers.org/umls/C0948873
C0423361,Posterior vitreous detachment,Posterior vitreous detachment (SideEffect),CC BY-NC-SA 4.0,UMLS via SIDER 4.1,http://identifiers.org/umls/C0423361
C0018798,Heart malformation,Heart malformation (SideEffect),CC BY-NC-SA 4.0,UMLS via SIDER 4.1,http://identifiers.org/umls/C0018798
C0017567,Gingival hypertrophy,Gingival hypertrophy (SideEffect),CC BY-NC-SA 4.0,UMLS via SIDER 4.1,http://identifiers.org/umls/C0017567
C0549473,Thyroid carcinoma,Thyroid carcinoma (SideEffect),CC BY-NC-SA 4.0,UMLS via SIDER 4.1,http://identifiers.org/umls/C0549473
C0948268,Haemodynamic instability,Haemodynamic instability (SideEffect),CC BY-NC-SA 4.0,UMLS via SIDER 4.1,http://identifiers.org/umls/C0948268
C1696574,Application site erosion,Application site erosion (SideEffect),CC BY-NC-SA 4.0,UMLS via SIDER 4.1,http://identifiers.org/umls/C1696574
C0232808,Shutdown renal,Shutdown renal (SideEffect),CC BY-NC-SA 4.0,UMLS via SIDER 4.1,http://identifiers.org/umls/C0232808
C0936215,Vitamin B6 deficiency,Vitamin B6 deficiency (SideEffect),CC BY-NC-SA 4.0,UMLS via SIDER 4.1,http://identifiers.org/umls/C0936215
C0522064,Regurgitation of food,Regurgitation of food (SideEffect),CC BY-NC-SA 4.0,UMLS via SIDER 4.1,http://identifiers.org/umls/C0522064
C0018994,Haemobilia,Haemobilia (SideEffect),CC BY-NC-SA 4.0,UMLS via SIDER 4.1,http://identifiers.org/umls/C0018994
C0042256,Vaginal itching,Vaginal itching (SideEffect),CC BY-NC-SA 4.0,UMLS via SIDER 4.1,http://identifiers.org/umls/C0042256
C0005681,Blackwater fever,Blackwater fever (SideEffect),CC BY-NC-SA 4.0,UMLS via SIDER 4.1,http://identifiers.org/umls/C0005681
C0015467,Facial neuralgia,Facial neuralgia (SideEffect),CC BY-NC-SA 4.0,UMLS via SIDER 4.1,http://identifiers.org/umls/C0015467
C0007280,Carotid bruit,Carotid bruit (SideEffect),CC BY-NC-SA 4.0,UMLS via SIDER 4.1,http://identifiers.org/umls/C0007280
C0005686,Bladder disorder,Bladder disorder (SideEffect),CC BY-NC-SA 4.0,UMLS via SIDER 4.1,http://identifiers.org/umls/C0005686
C0037195,Sinus headache,Sinus headache (SideEffect),CC BY-NC-SA 4.0,UMLS via SIDER 4.1,http://identifiers.org/umls/C0037195
C0241379,Increased thirst,Increased thirst (SideEffect),CC BY-NC-SA 4.0,UMLS via SIDER 4.1,http://identifiers.org/umls/C0241379
C0852995,Injection site pruritus,Injection site pruritus (SideEffect),CC BY-NC-SA 4.0,UMLS via SIDER 4.1,http://identifiers.org/umls/C0852995
C0231785,Carpo-pedal spasm,Carpo-pedal spasm (SideEffect),CC BY-NC-SA 4.0,UMLS via SIDER 4.1,http://identifiers.org/umls/C0231785
C0238461,Anaplastic thyroid cancer,Anaplastic thyroid cancer (SideEffect),CC BY-NC-SA 4.0,UMLS via SIDER 4.1,http://identifiers.org/umls/C0238461
C0272126,Evans syndrome,Evans syndrome (SideEffect),CC BY-NC-SA 4.0,UMLS via SIDER 4.1,http://identifiers.org/umls/C0272126
C0239266,Pain in elbow,Pain in elbow (SideEffect),CC BY-NC-SA 4.0,UMLS via SIDER 4.1,http://identifiers.org/umls/C0239266
C0014571,Epiphysiolysis,Epiphysiolysis (SideEffect),CC BY-NC-SA 4.0,UMLS via SIDER 4.1,http://identifiers.org/umls/C0014571
C0019079,Haemoptysis,Haemoptysis (SideEffect),CC BY-NC-SA 4.0,UMLS via SIDER 4.1,http://identifiers.org/umls/C0019079
C0015663,Fasting,Fasting (SideEffect),CC BY-NC-SA 4.0,UMLS via SIDER 4.1,http://identifiers.org/umls/C0015663
C0152459,Skin striae,Skin striae (SideEffect),CC BY-NC-SA 4.0,UMLS via SIDER 4.1,http://identifiers.org/umls/C0152459
C0877173,Food aversion,Food aversion (SideEffect),CC BY-NC-SA 4.0,UMLS via SIDER 4.1,http://identifiers.org/umls/C0877173
C0542008,Injection site haematoma,Injection site haematoma (SideEffect),CC BY-NC-SA 4.0,UMLS via SIDER 4.1,http://identifiers.org/umls/C0542008
C1096646,Transaminitis,Transaminitis (SideEffect),CC BY-NC-SA 4.0,UMLS via SIDER 4.1,http://identifiers.org/umls/C1096646
C0021167,Incontinence,Incontinence (SideEffect),CC BY-NC-SA 4.0,UMLS via SIDER 4.1,http://identifiers.org/umls/C0021167
C0085681,Hyperphosphataemia,Hyperphosphataemia (SideEffect),CC BY-NC-SA 4.0,UMLS via SIDER 4.1,http://identifiers.org/umls/C0085681
C0740299,Blood culture positive,Blood culture positive (SideEffect),CC BY-NC-SA 4.0,UMLS via SIDER 4.1,http://identifiers.org/umls/C0740299
C0542223,Speech loss,Speech loss (SideEffect),CC BY-NC-SA 4.0,UMLS via SIDER 4.1,http://identifiers.org/umls/C0542223
C1608399,Dark circles under eyes,Dark circles under eyes (SideEffect),CC BY-NC-SA 4.0,UMLS via SIDER 4.1,http://identifiers.org/umls/C1608399
C0272285,Heparin-induced thrombocytopenia,Heparin-induced thrombocytopenia (SideEffect),CC BY-NC-SA 4.0,UMLS via SIDER 4.1,http://identifiers.org/umls/C0272285
C0264267,Nasal ulcer,Nasal ulcer (SideEffect),CC BY-NC-SA 4.0,UMLS via SIDER 4.1,http://identifiers.org/umls/C0264267
C1971624,Appetite absent,Appetite absent (SideEffect),CC BY-NC-SA 4.0,UMLS via SIDER 4.1,http://identifiers.org/umls/C1971624
C0149526,Allergic urticaria,Allergic urticaria (SideEffect),CC BY-NC-SA 4.0,UMLS via SIDER 4.1,http://identifiers.org/umls/C0149526
C0241513,Thyrotropin low,Thyrotropin low (SideEffect),CC BY-NC-SA 4.0,UMLS via SIDER 4.1,http://identifiers.org/umls/C0241513
C0263978,Soft tissue disorder,Soft tissue disorder (SideEffect),CC BY-NC-SA 4.0,UMLS via SIDER 4.1,http://identifiers.org/umls/C0263978
C0036690,Septicemia,Septicemia (SideEffect),CC BY-NC-SA 4.0,UMLS via SIDER 4.1,http://identifiers.org/umls/C0036690
C0423618,Throbbing headache,Throbbing headache (SideEffect),CC BY-NC-SA 4.0,UMLS via SIDER 4.1,http://identifiers.org/umls/C0423618
C1696943,Hypoaesthesia facial,Hypoaesthesia facial (SideEffect),CC BY-NC-SA 4.0,UMLS via SIDER 4.1,http://identifiers.org/umls/C1696943
C1142163,Intestinal mass,Intestinal mass (SideEffect),CC BY-NC-SA 4.0,UMLS via SIDER 4.1,http://identifiers.org/umls/C1142163
C0877172,Spinal epidural haematoma,Spinal epidural haematoma (SideEffect),CC BY-NC-SA 4.0,UMLS via SIDER 4.1,http://identifiers.org/umls/C0877172
C1696700,C1 esterase deficiency acquired,C1 esterase deficiency acquired (SideEffect),CC BY-NC-SA 4.0,UMLS via SIDER 4.1,http://identifiers.org/umls/C1696700
C0232201,Sinus rhythm,Sinus rhythm (SideEffect),CC BY-NC-SA 4.0,UMLS via SIDER 4.1,http://identifiers.org/umls/C0232201
C0857073,Cold hands & feet,Cold hands & feet (SideEffect),CC BY-NC-SA 4.0,UMLS via SIDER 4.1,http://identifiers.org/umls/C0857073
C0948692,Necrotising colitis,Necrotising colitis (SideEffect),CC BY-NC-SA 4.0,UMLS via SIDER 4.1,http://identifiers.org/umls/C0948692
C0030593,Pars planitis,Pars planitis (SideEffect),CC BY-NC-SA 4.0,UMLS via SIDER 4.1,http://identifiers.org/umls/C0030593
C2609269,Fasting hyperglycaemia,Fasting hyperglycaemia (SideEffect),CC BY-NC-SA 4.0,UMLS via SIDER 4.1,http://identifiers.org/umls/C2609269
C0014534,Epididymitis,Epididymitis (SideEffect),CC BY-NC-SA 4.0,UMLS via SIDER 4.1,http://identifiers.org/umls/C0014534
C0011880,Diabetic ketoacidosis,Diabetic ketoacidosis (SideEffect),CC BY-NC-SA 4.0,UMLS via SIDER 4.1,http://identifiers.org/umls/C0011880
C0263536,Nail hypertrophy,Nail hypertrophy (SideEffect),CC BY-NC-SA 4.0,UMLS via SIDER 4.1,http://identifiers.org/umls/C0263536
C0021364,Infertility male,Infertility male (SideEffect),CC BY-NC-SA 4.0,UMLS via SIDER 4.1,http://identifiers.org/umls/C0021364
C0856049,Peripheral embolism,Peripheral embolism (SideEffect),CC BY-NC-SA 4.0,UMLS via SIDER 4.1,http://identifiers.org/umls/C0856049
C0850060,Nasal itching,Nasal itching (SideEffect),CC BY-NC-SA 4.0,UMLS via SIDER 4.1,http://identifiers.org/umls/C0850060
C0236174,Reticuloendothelial system stimulated,Reticuloendothelial system stimulated (SideEffect),CC BY-NC-SA 4.0,UMLS via SIDER 4.1,http://identifiers.org/umls/C0236174
C0000889,Acanthosis nigricans,Acanthosis nigricans (SideEffect),CC BY-NC-SA 4.0,UMLS via SIDER 4.1,http://identifiers.org/umls/C0000889
C0860851,Oestradiol increased,Oestradiol increased (SideEffect),CC BY-NC-SA 4.0,UMLS via SIDER 4.1,http://identifiers.org/umls/C0860851
C0151818,Opisthotonus,Opisthotonus (SideEffect),CC BY-NC-SA 4.0,UMLS via SIDER 4.1,http://identifiers.org/umls/C0151818
C0878544,Cardiomyopathy,Cardiomyopathy (SideEffect),CC BY-NC-SA 4.0,UMLS via SIDER 4.1,http://identifiers.org/umls/C0878544
C1442835,Solar dermatitis,Solar dermatitis (SideEffect),CC BY-NC-SA 4.0,UMLS via SIDER 4.1,http://identifiers.org/umls/C1442835
C0239981,Hypoalbuminaemia,Hypoalbuminaemia (SideEffect),CC BY-NC-SA 4.0,UMLS via SIDER 4.1,http://identifiers.org/umls/C0239981
C0032961,Pregnancy,Pregnancy (SideEffect),CC BY-NC-SA 4.0,UMLS via SIDER 4.1,http://identifiers.org/umls/C0032961
C0033774,Pruritus,Pruritus (SideEffect),CC BY-NC-SA 4.0,UMLS via SIDER 4.1,http://identifiers.org/umls/C0033774
C0242453,Prostatism,Prostatism (SideEffect),CC BY-NC-SA 4.0,UMLS via SIDER 4.1,http://identifiers.org/umls/C0242453
C0520863,Diastolic dysfunction,Diastolic dysfunction (SideEffect),CC BY-NC-SA 4.0,UMLS via SIDER 4.1,http://identifiers.org/umls/C0520863
C0240811,Prostate infection,Prostate infection (SideEffect),CC BY-NC-SA 4.0,UMLS via SIDER 4.1,http://identifiers.org/umls/C0240811
C3495559,Juvenile idiopathic arthritis,Juvenile idiopathic arthritis (SideEffect),CC BY-NC-SA 4.0,UMLS via SIDER 4.1,http://identifiers.org/umls/C3495559
C0700361,Emotional distress,Emotional distress (SideEffect),CC BY-NC-SA 4.0,UMLS via SIDER 4.1,http://identifiers.org/umls/C0700361
C0035067,Renal artery stenosis,Renal artery stenosis (SideEffect),CC BY-NC-SA 4.0,UMLS via SIDER 4.1,http://identifiers.org/umls/C0035067
C0595877,Blood glucose increased,Blood glucose increased (SideEffect),CC BY-NC-SA 4.0,UMLS via SIDER 4.1,http://identifiers.org/umls/C0595877
C0158252,Intervertebral disc disorder,Intervertebral disc disorder (SideEffect),CC BY-NC-SA 4.0,UMLS via SIDER 4.1,http://identifiers.org/umls/C0158252
C0085650,Purpura fulminans,Purpura fulminans (SideEffect),CC BY-NC-SA 4.0,UMLS via SIDER 4.1,http://identifiers.org/umls/C0085650
C0007815,Cerebrospinal fluid rhinorrhea,Cerebrospinal fluid rhinorrhea (SideEffect),CC BY-NC-SA 4.0,UMLS via SIDER 4.1,http://identifiers.org/umls/C0007815
C0235290,Taste bitter,Taste bitter (SideEffect),CC BY-NC-SA 4.0,UMLS via SIDER 4.1,http://identifiers.org/umls/C0235290
C1253936,Joint effusion,Joint effusion (SideEffect),CC BY-NC-SA 4.0,UMLS via SIDER 4.1,http://identifiers.org/umls/C1253936
C0860945,Creatinine normal,Creatinine normal (SideEffect),CC BY-NC-SA 4.0,UMLS via SIDER 4.1,http://identifiers.org/umls/C0860945
C0235950,Zinc deficiency,Zinc deficiency (SideEffect),CC BY-NC-SA 4.0,UMLS via SIDER 4.1,http://identifiers.org/umls/C0235950
C1306587,Encephalopathy acute,Encephalopathy acute (SideEffect),CC BY-NC-SA 4.0,UMLS via SIDER 4.1,http://identifiers.org/umls/C1306587
C0235409,Increased insulin requirement,Increased insulin requirement (SideEffect),CC BY-NC-SA 4.0,UMLS via SIDER 4.1,http://identifiers.org/umls/C0235409
C0019655,Histoplasmosis,Histoplasmosis (SideEffect),CC BY-NC-SA 4.0,UMLS via SIDER 4.1,http://identifiers.org/umls/C0019655
C0040028,Essential thrombocythaemia,Essential thrombocythaemia (SideEffect),CC BY-NC-SA 4.0,UMLS via SIDER 4.1,http://identifiers.org/umls/C0040028
C0085652,Pyoderma gangrenosum,Pyoderma gangrenosum (SideEffect),CC BY-NC-SA 4.0,UMLS via SIDER 4.1,http://identifiers.org/umls/C0085652
C2243088,Gastritis erosive,Gastritis erosive (SideEffect),CC BY-NC-SA 4.0,UMLS via SIDER 4.1,http://identifiers.org/umls/C2243088
C0548823,Distress gastrointestinal,Distress gastrointestinal (SideEffect),CC BY-NC-SA 4.0,UMLS via SIDER 4.1,http://identifiers.org/umls/C0548823
C2225524,Breast enlargement,Breast enlargement (SideEffect),CC BY-NC-SA 4.0,UMLS via SIDER 4.1,http://identifiers.org/umls/C2225524
C0745761,Liver nodule,Liver nodule (SideEffect),CC BY-NC-SA 4.0,UMLS via SIDER 4.1,http://identifiers.org/umls/C0745761
C0562483,Persistent cough,Persistent cough (SideEffect),CC BY-NC-SA 4.0,UMLS via SIDER 4.1,http://identifiers.org/umls/C0562483
C0234953,Tongue spasm,Tongue spasm (SideEffect),CC BY-NC-SA 4.0,UMLS via SIDER 4.1,http://identifiers.org/umls/C0234953
C0162296,Polyarthralgia,Polyarthralgia (SideEffect),CC BY-NC-SA 4.0,UMLS via SIDER 4.1,http://identifiers.org/umls/C0162296
C0031736,Polymorphic light eruption,Polymorphic light eruption (SideEffect),CC BY-NC-SA 4.0,UMLS via SIDER 4.1,http://identifiers.org/umls/C0031736
C0231527,Muscular incoordination,Muscular incoordination (SideEffect),CC BY-NC-SA 4.0,UMLS via SIDER 4.1,http://identifiers.org/umls/C0231527
C0392034,Gastrooesophagitis,Gastrooesophagitis (SideEffect),CC BY-NC-SA 4.0,UMLS via SIDER 4.1,http://identifiers.org/umls/C0392034
C0600142,Hot flush,Hot flush (SideEffect),CC BY-NC-SA 4.0,UMLS via SIDER 4.1,http://identifiers.org/umls/C0600142
C0009806,Constipation,Constipation (SideEffect),CC BY-NC-SA 4.0,UMLS via SIDER 4.1,http://identifiers.org/umls/C0009806
C0023474,Chronic phase chronic myeloid leukemia,Chronic phase chronic myeloid leukemia (SideEffect),CC BY-NC-SA 4.0,UMLS via SIDER 4.1,http://identifiers.org/umls/C0023474
C0006105,Brain abscess,Brain abscess (SideEffect),CC BY-NC-SA 4.0,UMLS via SIDER 4.1,http://identifiers.org/umls/C0006105
C0235006,Hypersensation skin,Hypersensation skin (SideEffect),CC BY-NC-SA 4.0,UMLS via SIDER 4.1,http://identifiers.org/umls/C0235006
C0042135,Uterine atony,Uterine atony (SideEffect),CC BY-NC-SA 4.0,UMLS via SIDER 4.1,http://identifiers.org/umls/C0042135
C0017665,Glomerulonephritis membranous,Glomerulonephritis membranous (SideEffect),CC BY-NC-SA 4.0,UMLS via SIDER 4.1,http://identifiers.org/umls/C0017665
C0312422,Blacked-out (not amnesia),Blacked-out (not amnesia) (SideEffect),CC BY-NC-SA 4.0,UMLS via SIDER 4.1,http://identifiers.org/umls/C0312422
C0856604,Rubber sensitivity,Rubber sensitivity (SideEffect),CC BY-NC-SA 4.0,UMLS via SIDER 4.1,http://identifiers.org/umls/C0856604
C1963933,Punding,Punding (SideEffect),CC BY-NC-SA 4.0,UMLS via SIDER 4.1,http://identifiers.org/umls/C1963933
C0023533,Leukorrhea,Leukorrhea (SideEffect),CC BY-NC-SA 4.0,UMLS via SIDER 4.1,http://identifiers.org/umls/C0023533
C2712122,Blood pressure normal,Blood pressure normal (SideEffect),CC BY-NC-SA 4.0,UMLS via SIDER 4.1,http://identifiers.org/umls/C2712122
C0231666,Wrist drop,Wrist drop (SideEffect),CC BY-NC-SA 4.0,UMLS via SIDER 4.1,http://identifiers.org/umls/C0231666
C1142112,Eyelash thickening,Eyelash thickening (SideEffect),CC BY-NC-SA 4.0,UMLS via SIDER 4.1,http://identifiers.org/umls/C1142112
C0035085,Renal infarct,Renal infarct (SideEffect),CC BY-NC-SA 4.0,UMLS via SIDER 4.1,http://identifiers.org/umls/C0035085
C0854693,Anaesthetic complication neurological,Anaesthetic complication neurological (SideEffect),CC BY-NC-SA 4.0,UMLS via SIDER 4.1,http://identifiers.org/umls/C0854693
C0231529,Tendon pain,Tendon pain (SideEffect),CC BY-NC-SA 4.0,UMLS via SIDER 4.1,http://identifiers.org/umls/C0231529
C0426576,Gastrointestinal symptom NOS,Gastrointestinal symptom NOS (SideEffect),CC BY-NC-SA 4.0,UMLS via SIDER 4.1,http://identifiers.org/umls/C0426576
C0863147,Glucose urine increased,Glucose urine increased (SideEffect),CC BY-NC-SA 4.0,UMLS via SIDER 4.1,http://identifiers.org/umls/C0863147
C0269806,Failed induction of labour,Failed induction of labour (SideEffect),CC BY-NC-SA 4.0,UMLS via SIDER 4.1,http://identifiers.org/umls/C0269806
C2047937,Ill-defined disorder,Ill-defined disorder (SideEffect),CC BY-NC-SA 4.0,UMLS via SIDER 4.1,http://identifiers.org/umls/C2047937
C0239296,Oesophageal obstruction,Oesophageal obstruction (SideEffect),CC BY-NC-SA 4.0,UMLS via SIDER 4.1,http://identifiers.org/umls/C0239296
C0853117,Blood testosterone decreased,Blood testosterone decreased (SideEffect),CC BY-NC-SA 4.0,UMLS via SIDER 4.1,http://identifiers.org/umls/C0853117
C0877232,Peripheral swelling,Peripheral swelling (SideEffect),CC BY-NC-SA 4.0,UMLS via SIDER 4.1,http://identifiers.org/umls/C0877232
C0151599,Drug level increased,Drug level increased (SideEffect),CC BY-NC-SA 4.0,UMLS via SIDER 4.1,http://identifiers.org/umls/C0151599
C0235592,Lymphadenopathy cervical,Lymphadenopathy cervical (SideEffect),CC BY-NC-SA 4.0,UMLS via SIDER 4.1,http://identifiers.org/umls/C0235592
C1136085,Monoclonal gammopathy,Monoclonal gammopathy (SideEffect),CC BY-NC-SA 4.0,UMLS via SIDER 4.1,http://identifiers.org/umls/C1136085
C0019284,Diaphragmatic hernia,Diaphragmatic hernia (SideEffect),CC BY-NC-SA 4.0,UMLS via SIDER 4.1,http://identifiers.org/umls/C0019284
C1302752,Abrasion NOS,Abrasion NOS (SideEffect),CC BY-NC-SA 4.0,UMLS via SIDER 4.1,http://identifiers.org/umls/C1302752
C0920070,Cervical smear test positive,Cervical smear test positive (SideEffect),CC BY-NC-SA 4.0,UMLS via SIDER 4.1,http://identifiers.org/umls/C0920070
C0031542,Phlebitis,Phlebitis (SideEffect),CC BY-NC-SA 4.0,UMLS via SIDER 4.1,http://identifiers.org/umls/C0031542
C0239816,Hand dermatitis,Hand dermatitis (SideEffect),CC BY-NC-SA 4.0,UMLS via SIDER 4.1,http://identifiers.org/umls/C0239816
C0740319,Physical assault,Physical assault (SideEffect),CC BY-NC-SA 4.0,UMLS via SIDER 4.1,http://identifiers.org/umls/C0740319
C0852628,Embolism arterial (limb),Embolism arterial (limb) (SideEffect),CC BY-NC-SA 4.0,UMLS via SIDER 4.1,http://identifiers.org/umls/C0852628
C0001486,Adenovirus infection,Adenovirus infection (SideEffect),CC BY-NC-SA 4.0,UMLS via SIDER 4.1,http://identifiers.org/umls/C0001486
C0031111,Periostitis,Periostitis (SideEffect),CC BY-NC-SA 4.0,UMLS via SIDER 4.1,http://identifiers.org/umls/C0031111
C0877107,Sinobronchitis,Sinobronchitis (SideEffect),CC BY-NC-SA 4.0,UMLS via SIDER 4.1,http://identifiers.org/umls/C0877107
C0853986,Lymphocyte count decreased,Lymphocyte count decreased (SideEffect),CC BY-NC-SA 4.0,UMLS via SIDER 4.1,http://identifiers.org/umls/C0853986
C0030793,Pelvic neoplasm,Pelvic neoplasm (SideEffect),CC BY-NC-SA 4.0,UMLS via SIDER 4.1,http://identifiers.org/umls/C0030793
C0152168,Spasm of sphincter of Oddi,Spasm of sphincter of Oddi (SideEffect),CC BY-NC-SA 4.0,UMLS via SIDER 4.1,http://identifiers.org/umls/C0152168
C0521498,Injection site irritation,Injection site irritation (SideEffect),CC BY-NC-SA 4.0,UMLS via SIDER 4.1,http://identifiers.org/umls/C0521498
C0006145,Breast disorder,Breast disorder (SideEffect),CC BY-NC-SA 4.0,UMLS via SIDER 4.1,http://identifiers.org/umls/C0006145
C0744131,Foot infection fungal NOS,Foot infection fungal NOS (SideEffect),CC BY-NC-SA 4.0,UMLS via SIDER 4.1,http://identifiers.org/umls/C0744131
C0238033,Breast cancer male,Breast cancer male (SideEffect),CC BY-NC-SA 4.0,UMLS via SIDER 4.1,http://identifiers.org/umls/C0238033
C0021053,Immune system disorder,Immune system disorder (SideEffect),CC BY-NC-SA 4.0,UMLS via SIDER 4.1,http://identifiers.org/umls/C0021053
C0859023,Talkativeness,Talkativeness (SideEffect),CC BY-NC-SA 4.0,UMLS via SIDER 4.1,http://identifiers.org/umls/C0859023
C0024312,Lymphopenia,Lymphopenia (SideEffect),CC BY-NC-SA 4.0,UMLS via SIDER 4.1,http://identifiers.org/umls/C0024312
C0010093,Corpus luteum cyst,Corpus luteum cyst (SideEffect),CC BY-NC-SA 4.0,UMLS via SIDER 4.1,http://identifiers.org/umls/C0010093
C0345904,Hepatic cancer,Hepatic cancer (SideEffect),CC BY-NC-SA 4.0,UMLS via SIDER 4.1,http://identifiers.org/umls/C0345904
C0085649,Oedema peripheral,Oedema peripheral (SideEffect),CC BY-NC-SA 4.0,UMLS via SIDER 4.1,http://identifiers.org/umls/C0085649
C0149892,Gingival abscess,Gingival abscess (SideEffect),CC BY-NC-SA 4.0,UMLS via SIDER 4.1,http://identifiers.org/umls/C0149892
C0014335,Enteritis,Enteritis (SideEffect),CC BY-NC-SA 4.0,UMLS via SIDER 4.1,http://identifiers.org/umls/C0014335
C0040259,Tinea pedis,Tinea pedis (SideEffect),CC BY-NC-SA 4.0,UMLS via SIDER 4.1,http://identifiers.org/umls/C0040259
C0014752,Erythrasma,Erythrasma (SideEffect),CC BY-NC-SA 4.0,UMLS via SIDER 4.1,http://identifiers.org/umls/C0014752
C0221392,Vaginitis atrophic,Vaginitis atrophic (SideEffect),CC BY-NC-SA 4.0,UMLS via SIDER 4.1,http://identifiers.org/umls/C0221392
C0497202,Abnormal eye movements NOS,Abnormal eye movements NOS (SideEffect),CC BY-NC-SA 4.0,UMLS via SIDER 4.1,http://identifiers.org/umls/C0497202
C0024138,Discoid lupus erythematosus,Discoid lupus erythematosus (SideEffect),CC BY-NC-SA 4.0,UMLS via SIDER 4.1,http://identifiers.org/umls/C0024138
C1276146,Lymphoma cutis,Lymphoma cutis (SideEffect),CC BY-NC-SA 4.0,UMLS via SIDER 4.1,http://identifiers.org/umls/C1276146
C0577822,Heart sounds abnormal,Heart sounds abnormal (SideEffect),CC BY-NC-SA 4.0,UMLS via SIDER 4.1,http://identifiers.org/umls/C0577822
C0272195,Eosinopenia,Eosinopenia (SideEffect),CC BY-NC-SA 4.0,UMLS via SIDER 4.1,http://identifiers.org/umls/C0272195
C0949103,Catheter site pain,Catheter site pain (SideEffect),CC BY-NC-SA 4.0,UMLS via SIDER 4.1,http://identifiers.org/umls/C0949103
C0267516,Colon atonic,Colon atonic (SideEffect),CC BY-NC-SA 4.0,UMLS via SIDER 4.1,http://identifiers.org/umls/C0267516
C0040580,Tracheal disorder,Tracheal disorder (SideEffect),CC BY-NC-SA 4.0,UMLS via SIDER 4.1,http://identifiers.org/umls/C0040580
C0151589,Partial transitory deafness,Partial transitory deafness (SideEffect),CC BY-NC-SA 4.0,UMLS via SIDER 4.1,http://identifiers.org/umls/C0151589
C0854069,Tumour pain,Tumour pain (SideEffect),CC BY-NC-SA 4.0,UMLS via SIDER 4.1,http://identifiers.org/umls/C0854069
C0241136,Pain of skin,Pain of skin (SideEffect),CC BY-NC-SA 4.0,UMLS via SIDER 4.1,http://identifiers.org/umls/C0241136
C0341177,Gastric erosions,Gastric erosions (SideEffect),CC BY-NC-SA 4.0,UMLS via SIDER 4.1,http://identifiers.org/umls/C0341177
C0542203,Water retention,Water retention (SideEffect),CC BY-NC-SA 4.0,UMLS via SIDER 4.1,http://identifiers.org/umls/C0542203
C0240130,Swelling of knees,Swelling of knees (SideEffect),CC BY-NC-SA 4.0,UMLS via SIDER 4.1,http://identifiers.org/umls/C0240130
C0426649,Bowel spasm,Bowel spasm (SideEffect),CC BY-NC-SA 4.0,UMLS via SIDER 4.1,http://identifiers.org/umls/C0426649
C0268104,Purine metabolism disorder,Purine metabolism disorder (SideEffect),CC BY-NC-SA 4.0,UMLS via SIDER 4.1,http://identifiers.org/umls/C0268104
C0852875,Eye allergy,Eye allergy (SideEffect),CC BY-NC-SA 4.0,UMLS via SIDER 4.1,http://identifiers.org/umls/C0852875
C0549257,Loss of confidence,Loss of confidence (SideEffect),CC BY-NC-SA 4.0,UMLS via SIDER 4.1,http://identifiers.org/umls/C0549257
C0041349,Tubulointerstitial nephritis,Tubulointerstitial nephritis (SideEffect),CC BY-NC-SA 4.0,UMLS via SIDER 4.1,http://identifiers.org/umls/C0041349
C0751576,Vocal cord paresis,Vocal cord paresis (SideEffect),CC BY-NC-SA 4.0,UMLS via SIDER 4.1,http://identifiers.org/umls/C0751576
C0267465,Intestinal stenosis,Intestinal stenosis (SideEffect),CC BY-NC-SA 4.0,UMLS via SIDER 4.1,http://identifiers.org/umls/C0267465
C0917798,Cerebral ischaemia,Cerebral ischaemia (SideEffect),CC BY-NC-SA 4.0,UMLS via SIDER 4.1,http://identifiers.org/umls/C0917798
C0876998,Intracardiac thrombus,Intracardiac thrombus (SideEffect),CC BY-NC-SA 4.0,UMLS via SIDER 4.1,http://identifiers.org/umls/C0876998
C0851807,Aspergillus infection,Aspergillus infection (SideEffect),CC BY-NC-SA 4.0,UMLS via SIDER 4.1,http://identifiers.org/umls/C0851807
C0151908,Dry skin,Dry skin (SideEffect),CC BY-NC-SA 4.0,UMLS via SIDER 4.1,http://identifiers.org/umls/C0151908
C3160771,Sperm concentration decreased,Sperm concentration decreased (SideEffect),CC BY-NC-SA 4.0,UMLS via SIDER 4.1,http://identifiers.org/umls/C3160771
C0855644,Blood uric acid decreased,Blood uric acid decreased (SideEffect),CC BY-NC-SA 4.0,UMLS via SIDER 4.1,http://identifiers.org/umls/C0855644
C0034933,Reflexes abnormal,Reflexes abnormal (SideEffect),CC BY-NC-SA 4.0,UMLS via SIDER 4.1,http://identifiers.org/umls/C0034933
C0232124,Skipped beats,Skipped beats (SideEffect),CC BY-NC-SA 4.0,UMLS via SIDER 4.1,http://identifiers.org/umls/C0232124
C0043167,Pertussis,Pertussis (SideEffect),CC BY-NC-SA 4.0,UMLS via SIDER 4.1,http://identifiers.org/umls/C0043167
C0033575,Prostatic disorder,Prostatic disorder (SideEffect),CC BY-NC-SA 4.0,UMLS via SIDER 4.1,http://identifiers.org/umls/C0033575
C0232461,Increased appetite,Increased appetite (SideEffect),CC BY-NC-SA 4.0,UMLS via SIDER 4.1,http://identifiers.org/umls/C0232461
C0580417,International normalised ratio abnormal,International normalised ratio abnormal (SideEffect),CC BY-NC-SA 4.0,UMLS via SIDER 4.1,http://identifiers.org/umls/C0580417
C1142072,Oral toxicity,Oral toxicity (SideEffect),CC BY-NC-SA 4.0,UMLS via SIDER 4.1,http://identifiers.org/umls/C1142072
C0034013,Precocious puberty,Precocious puberty (SideEffect),CC BY-NC-SA 4.0,UMLS via SIDER 4.1,http://identifiers.org/umls/C0034013
C0010692,Cystitis,Cystitis (SideEffect),CC BY-NC-SA 4.0,UMLS via SIDER 4.1,http://identifiers.org/umls/C0010692
C0011615,Dermatitis atopic,Dermatitis atopic (SideEffect),CC BY-NC-SA 4.0,UMLS via SIDER 4.1,http://identifiers.org/umls/C0011615
C0016770,Frustration,Frustration (SideEffect),CC BY-NC-SA 4.0,UMLS via SIDER 4.1,http://identifiers.org/umls/C0016770
C0085631,Agitation,Agitation (SideEffect),CC BY-NC-SA 4.0,UMLS via SIDER 4.1,http://identifiers.org/umls/C0085631
C0877613,Rectal cramps,Rectal cramps (SideEffect),CC BY-NC-SA 4.0,UMLS via SIDER 4.1,http://identifiers.org/umls/C0877613
C0392390,Hepatitis B e antigen positive,Hepatitis B e antigen positive (SideEffect),CC BY-NC-SA 4.0,UMLS via SIDER 4.1,http://identifiers.org/umls/C0392390
C0151512,Injection site atrophy,Injection site atrophy (SideEffect),CC BY-NC-SA 4.0,UMLS via SIDER 4.1,http://identifiers.org/umls/C0151512
C0152018,Oesophageal carcinoma,Oesophageal carcinoma (SideEffect),CC BY-NC-SA 4.0,UMLS via SIDER 4.1,http://identifiers.org/umls/C0152018
C0231807,Dyspnoea exertional,Dyspnoea exertional (SideEffect),CC BY-NC-SA 4.0,UMLS via SIDER 4.1,http://identifiers.org/umls/C0231807
C1271398,Pigment dispersion syndrome,Pigment dispersion syndrome (SideEffect),CC BY-NC-SA 4.0,UMLS via SIDER 4.1,http://identifiers.org/umls/C1271398
C0263540,Onychomadesis,Onychomadesis (SideEffect),CC BY-NC-SA 4.0,UMLS via SIDER 4.1,http://identifiers.org/umls/C0263540
C0427546,Lymphocyte abnormal,Lymphocyte abnormal (SideEffect),CC BY-NC-SA 4.0,UMLS via SIDER 4.1,http://identifiers.org/umls/C0427546
C0520723,Periorbital haematoma,Periorbital haematoma (SideEffect),CC BY-NC-SA 4.0,UMLS via SIDER 4.1,http://identifiers.org/umls/C0520723
C0700053,Idiopathic hypertrophic subaortic stenosis,Idiopathic hypertrophic subaortic stenosis (SideEffect),CC BY-NC-SA 4.0,UMLS via SIDER 4.1,http://identifiers.org/umls/C0700053
C1458140,Bleeding tendency,Bleeding tendency (SideEffect),CC BY-NC-SA 4.0,UMLS via SIDER 4.1,http://identifiers.org/umls/C1458140
C0858524,Tachycardia nervous,Tachycardia nervous (SideEffect),CC BY-NC-SA 4.0,UMLS via SIDER 4.1,http://identifiers.org/umls/C0858524
C0403723,Candiduria,Candiduria (SideEffect),CC BY-NC-SA 4.0,UMLS via SIDER 4.1,http://identifiers.org/umls/C0403723
C0424109,Tearfulness,Tearfulness (SideEffect),CC BY-NC-SA 4.0,UMLS via SIDER 4.1,http://identifiers.org/umls/C0424109
C0001883,Airway obstruction NOS,Airway obstruction NOS (SideEffect),CC BY-NC-SA 4.0,UMLS via SIDER 4.1,http://identifiers.org/umls/C0001883
C1262038,Post procedural nausea,Post procedural nausea (SideEffect),CC BY-NC-SA 4.0,UMLS via SIDER 4.1,http://identifiers.org/umls/C1262038
C0948050,Small bowel angioedema,Small bowel angioedema (SideEffect),CC BY-NC-SA 4.0,UMLS via SIDER 4.1,http://identifiers.org/umls/C0948050
C0001349,Acute phase reaction,Acute phase reaction (SideEffect),CC BY-NC-SA 4.0,UMLS via SIDER 4.1,http://identifiers.org/umls/C0001349
C2609073,Splenic peliosis,Splenic peliosis (SideEffect),CC BY-NC-SA 4.0,UMLS via SIDER 4.1,http://identifiers.org/umls/C2609073
C0749106,Submandibular mass,Submandibular mass (SideEffect),CC BY-NC-SA 4.0,UMLS via SIDER 4.1,http://identifiers.org/umls/C0749106
C0235818,Bullous eruption,Bullous eruption (SideEffect),CC BY-NC-SA 4.0,UMLS via SIDER 4.1,http://identifiers.org/umls/C0235818
C0043117,Idiopathic thrombocytopenic purpura,Idiopathic thrombocytopenic purpura (SideEffect),CC BY-NC-SA 4.0,UMLS via SIDER 4.1,http://identifiers.org/umls/C0043117
C0020452,Hyperaemia,Hyperaemia (SideEffect),CC BY-NC-SA 4.0,UMLS via SIDER 4.1,http://identifiers.org/umls/C0020452
C0744403,Gingival infection,Gingival infection (SideEffect),CC BY-NC-SA 4.0,UMLS via SIDER 4.1,http://identifiers.org/umls/C0744403
C0541767,Platelet aggregation abnormal,Platelet aggregation abnormal (SideEffect),CC BY-NC-SA 4.0,UMLS via SIDER 4.1,http://identifiers.org/umls/C0541767
C1442837,Myocardial necrosis,Myocardial necrosis (SideEffect),CC BY-NC-SA 4.0,UMLS via SIDER 4.1,http://identifiers.org/umls/C1442837
C0239279,Epididymal tenderness,Epididymal tenderness (SideEffect),CC BY-NC-SA 4.0,UMLS via SIDER 4.1,http://identifiers.org/umls/C0239279
C0006147,Breast feeding,Breast feeding (SideEffect),CC BY-NC-SA 4.0,UMLS via SIDER 4.1,http://identifiers.org/umls/C0006147
C1867423,Vascular resistance pulmonary increased,Vascular resistance pulmonary increased (SideEffect),CC BY-NC-SA 4.0,UMLS via SIDER 4.1,http://identifiers.org/umls/C1867423
C0235462,Anginal attack,Anginal attack (SideEffect),CC BY-NC-SA 4.0,UMLS via SIDER 4.1,http://identifiers.org/umls/C0235462
C0151830,Urethral pain,Urethral pain (SideEffect),CC BY-NC-SA 4.0,UMLS via SIDER 4.1,http://identifiers.org/umls/C0151830
C0233477,Dysphoria,Dysphoria (SideEffect),CC BY-NC-SA 4.0,UMLS via SIDER 4.1,http://identifiers.org/umls/C0233477
C0241165,Skin thickening,Skin thickening (SideEffect),CC BY-NC-SA 4.0,UMLS via SIDER 4.1,http://identifiers.org/umls/C0241165
C0476486,Generalized lymphadenopathy,Generalized lymphadenopathy (SideEffect),CC BY-NC-SA 4.0,UMLS via SIDER 4.1,http://identifiers.org/umls/C0476486
C0751955,Brain infarction,Brain infarction (SideEffect),CC BY-NC-SA 4.0,UMLS via SIDER 4.1,http://identifiers.org/umls/C0751955
C0035258,Restless legs syndrome,Restless legs syndrome (SideEffect),CC BY-NC-SA 4.0,UMLS via SIDER 4.1,http://identifiers.org/umls/C0035258
C0542035,Hypoplasia erythroid,Hypoplasia erythroid (SideEffect),CC BY-NC-SA 4.0,UMLS via SIDER 4.1,http://identifiers.org/umls/C0542035
C0740277,Bile duct cancer,Bile duct cancer (SideEffect),CC BY-NC-SA 4.0,UMLS via SIDER 4.1,http://identifiers.org/umls/C0740277
C0239885,Headache dull,Headache dull (SideEffect),CC BY-NC-SA 4.0,UMLS via SIDER 4.1,http://identifiers.org/umls/C0239885
C0860434,Fluid and electrolyte imbalance,Fluid and electrolyte imbalance (SideEffect),CC BY-NC-SA 4.0,UMLS via SIDER 4.1,http://identifiers.org/umls/C0860434
C0085637,Oculogyric crisis,Oculogyric crisis (SideEffect),CC BY-NC-SA 4.0,UMLS via SIDER 4.1,http://identifiers.org/umls/C0085637
C0877126,Application site inflammation,Application site inflammation (SideEffect),CC BY-NC-SA 4.0,UMLS via SIDER 4.1,http://identifiers.org/umls/C0877126
C0235723,Reaction febrile,Reaction febrile (SideEffect),CC BY-NC-SA 4.0,UMLS via SIDER 4.1,http://identifiers.org/umls/C0235723
C0015970,Fever of unknown origin,Fever of unknown origin (SideEffect),CC BY-NC-SA 4.0,UMLS via SIDER 4.1,http://identifiers.org/umls/C0015970
C0231688,Gait shuffling,Gait shuffling (SideEffect),CC BY-NC-SA 4.0,UMLS via SIDER 4.1,http://identifiers.org/umls/C0231688
C0853946,Pain worsened,Pain worsened (SideEffect),CC BY-NC-SA 4.0,UMLS via SIDER 4.1,http://identifiers.org/umls/C0853946
C0151698,Injection site haemorrhage,Injection site haemorrhage (SideEffect),CC BY-NC-SA 4.0,UMLS via SIDER 4.1,http://identifiers.org/umls/C0151698
C0036117,Salmonellosis,Salmonellosis (SideEffect),CC BY-NC-SA 4.0,UMLS via SIDER 4.1,http://identifiers.org/umls/C0036117
C0271298,Chemosis,Chemosis (SideEffect),CC BY-NC-SA 4.0,UMLS via SIDER 4.1,http://identifiers.org/umls/C0271298
C0011644,Scleroderma,Scleroderma (SideEffect),CC BY-NC-SA 4.0,UMLS via SIDER 4.1,http://identifiers.org/umls/C0011644
C0178415,Prostatic specific antigen increased,Prostatic specific antigen increased (SideEffect),CC BY-NC-SA 4.0,UMLS via SIDER 4.1,http://identifiers.org/umls/C0178415
C0151788,Eosinophilic myocarditis,Eosinophilic myocarditis (SideEffect),CC BY-NC-SA 4.0,UMLS via SIDER 4.1,http://identifiers.org/umls/C0151788
C0429097,QRS complex,QRS complex (SideEffect),CC BY-NC-SA 4.0,UMLS via SIDER 4.1,http://identifiers.org/umls/C0429097
C3241936,Non-cardiogenic pulmonary oedema,Non-cardiogenic pulmonary oedema (SideEffect),CC BY-NC-SA 4.0,UMLS via SIDER 4.1,http://identifiers.org/umls/C3241936
C0426498,Tongue dry,Tongue dry (SideEffect),CC BY-NC-SA 4.0,UMLS via SIDER 4.1,http://identifiers.org/umls/C0426498
C0020599,Hypocalciuria,Hypocalciuria (SideEffect),CC BY-NC-SA 4.0,UMLS via SIDER 4.1,http://identifiers.org/umls/C0020599
C0853402,Exposure to poisonous plant,Exposure to poisonous plant (SideEffect),CC BY-NC-SA 4.0,UMLS via SIDER 4.1,http://identifiers.org/umls/C0853402
C0024032,Birth weight low,Birth weight low (SideEffect),CC BY-NC-SA 4.0,UMLS via SIDER 4.1,http://identifiers.org/umls/C0024032
C0018784,Deafness neurosensory,Deafness neurosensory (SideEffect),CC BY-NC-SA 4.0,UMLS via SIDER 4.1,http://identifiers.org/umls/C0018784
C0235360,Spasm biliary,Spasm biliary (SideEffect),CC BY-NC-SA 4.0,UMLS via SIDER 4.1,http://identifiers.org/umls/C0235360
C0270769,Radiation myelopathy,Radiation myelopathy (SideEffect),CC BY-NC-SA 4.0,UMLS via SIDER 4.1,http://identifiers.org/umls/C0270769
C0281863,Hepatitis C antibody positive,Hepatitis C antibody positive (SideEffect),CC BY-NC-SA 4.0,UMLS via SIDER 4.1,http://identifiers.org/umls/C0281863
C0877094,Application site haemorrhage,Application site haemorrhage (SideEffect),CC BY-NC-SA 4.0,UMLS via SIDER 4.1,http://identifiers.org/umls/C0877094
C1096393,Body fat disorder,Body fat disorder (SideEffect),CC BY-NC-SA 4.0,UMLS via SIDER 4.1,http://identifiers.org/umls/C1096393
C0034886,Proctalgia,Proctalgia (SideEffect),CC BY-NC-SA 4.0,UMLS via SIDER 4.1,http://identifiers.org/umls/C0034886
C0151945,Cerebral venous thrombosis,Cerebral venous thrombosis (SideEffect),CC BY-NC-SA 4.0,UMLS via SIDER 4.1,http://identifiers.org/umls/C0151945
C0525045,Affective disorder,Affective disorder (SideEffect),CC BY-NC-SA 4.0,UMLS via SIDER 4.1,http://identifiers.org/umls/C0525045
C0151790,Nasal septum disorder,Nasal septum disorder (SideEffect),CC BY-NC-SA 4.0,UMLS via SIDER 4.1,http://identifiers.org/umls/C0151790
C0520589,Vulvovaginal dryness,Vulvovaginal dryness (SideEffect),CC BY-NC-SA 4.0,UMLS via SIDER 4.1,http://identifiers.org/umls/C0520589
C0473120,Intra-abdominal haematoma,Intra-abdominal haematoma (SideEffect),CC BY-NC-SA 4.0,UMLS via SIDER 4.1,http://identifiers.org/umls/C0473120
C0403529,Goodpasture's syndrome,Goodpasture's syndrome (SideEffect),CC BY-NC-SA 4.0,UMLS via SIDER 4.1,http://identifiers.org/umls/C0403529
C0919986,Infusion site oedema,Infusion site oedema (SideEffect),CC BY-NC-SA 4.0,UMLS via SIDER 4.1,http://identifiers.org/umls/C0919986
C1994994,Excessive thirst,Excessive thirst (SideEffect),CC BY-NC-SA 4.0,UMLS via SIDER 4.1,http://identifiers.org/umls/C1994994
C0343084,Capillary leak syndrome,Capillary leak syndrome (SideEffect),CC BY-NC-SA 4.0,UMLS via SIDER 4.1,http://identifiers.org/umls/C0343084
C0034880,Hyperacusis,Hyperacusis (SideEffect),CC BY-NC-SA 4.0,UMLS via SIDER 4.1,http://identifiers.org/umls/C0034880
C0740330,Genital infection fungal,Genital infection fungal (SideEffect),CC BY-NC-SA 4.0,UMLS via SIDER 4.1,http://identifiers.org/umls/C0740330
C0235108,Feeling tense,Feeling tense (SideEffect),CC BY-NC-SA 4.0,UMLS via SIDER 4.1,http://identifiers.org/umls/C0235108
C1262165,High turnover osteopathy,High turnover osteopathy (SideEffect),CC BY-NC-SA 4.0,UMLS via SIDER 4.1,http://identifiers.org/umls/C1262165
C0438243,Serum creatinine abnormal,Serum creatinine abnormal (SideEffect),CC BY-NC-SA 4.0,UMLS via SIDER 4.1,http://identifiers.org/umls/C0438243
C0005940,Bone disorder,Bone disorder (SideEffect),CC BY-NC-SA 4.0,UMLS via SIDER 4.1,http://identifiers.org/umls/C0005940
C0427108,Unsteadiness,Unsteadiness (SideEffect),CC BY-NC-SA 4.0,UMLS via SIDER 4.1,http://identifiers.org/umls/C0427108
C0020981,Angioimmunoblastic T-cell lymphoma,Angioimmunoblastic T-cell lymphoma (SideEffect),CC BY-NC-SA 4.0,UMLS via SIDER 4.1,http://identifiers.org/umls/C0020981
C0239375,Numbness of limbs,Numbness of limbs (SideEffect),CC BY-NC-SA 4.0,UMLS via SIDER 4.1,http://identifiers.org/umls/C0239375
C0700075,Motor restlessness,Motor restlessness (SideEffect),CC BY-NC-SA 4.0,UMLS via SIDER 4.1,http://identifiers.org/umls/C0700075
C0005699,Blast cell crisis,Blast cell crisis (SideEffect),CC BY-NC-SA 4.0,UMLS via SIDER 4.1,http://identifiers.org/umls/C0005699
C0032371,Poliomyelitis,Poliomyelitis (SideEffect),CC BY-NC-SA 4.0,UMLS via SIDER 4.1,http://identifiers.org/umls/C0032371
C0423232,Corneal staining,Corneal staining (SideEffect),CC BY-NC-SA 4.0,UMLS via SIDER 4.1,http://identifiers.org/umls/C0423232
C0410919,Bradycardia foetal,Bradycardia foetal (SideEffect),CC BY-NC-SA 4.0,UMLS via SIDER 4.1,http://identifiers.org/umls/C0410919
C0858598,Taste salty,Taste salty (SideEffect),CC BY-NC-SA 4.0,UMLS via SIDER 4.1,http://identifiers.org/umls/C0858598
C0235063,Respiratory depression,Respiratory depression (SideEffect),CC BY-NC-SA 4.0,UMLS via SIDER 4.1,http://identifiers.org/umls/C0235063
C0235527,Cardiac failure right,Cardiac failure right (SideEffect),CC BY-NC-SA 4.0,UMLS via SIDER 4.1,http://identifiers.org/umls/C0235527
C0242770,Bronchiolitis obliterans with organizing pneumonia,Bronchiolitis obliterans with organizing pneumonia (SideEffect),CC BY-NC-SA 4.0,UMLS via SIDER 4.1,http://identifiers.org/umls/C0242770
C0017411,Genital disorder female,Genital disorder female (SideEffect),CC BY-NC-SA 4.0,UMLS via SIDER 4.1,http://identifiers.org/umls/C0017411
C0795692,Hyperlactacidaemia,Hyperlactacidaemia (SideEffect),CC BY-NC-SA 4.0,UMLS via SIDER 4.1,http://identifiers.org/umls/C0795692
C0281774,Acute psychosis,Acute psychosis (SideEffect),CC BY-NC-SA 4.0,UMLS via SIDER 4.1,http://identifiers.org/umls/C0281774
C0282074,Biliary sludge,Biliary sludge (SideEffect),CC BY-NC-SA 4.0,UMLS via SIDER 4.1,http://identifiers.org/umls/C0282074
C0221239,Glomerulonephritis rapidly progressive,Glomerulonephritis rapidly progressive (SideEffect),CC BY-NC-SA 4.0,UMLS via SIDER 4.1,http://identifiers.org/umls/C0221239
C0030578,Paronychia,Paronychia (SideEffect),CC BY-NC-SA 4.0,UMLS via SIDER 4.1,http://identifiers.org/umls/C0030578
C0162297,Respiratory arrest,Respiratory arrest (SideEffect),CC BY-NC-SA 4.0,UMLS via SIDER 4.1,http://identifiers.org/umls/C0162297
C0427055,Facial paresis,Facial paresis (SideEffect),CC BY-NC-SA 4.0,UMLS via SIDER 4.1,http://identifiers.org/umls/C0427055
C0349217,Depressive episode,Depressive episode (SideEffect),CC BY-NC-SA 4.0,UMLS via SIDER 4.1,http://identifiers.org/umls/C0349217
C1096387,Chemical eye injury,Chemical eye injury (SideEffect),CC BY-NC-SA 4.0,UMLS via SIDER 4.1,http://identifiers.org/umls/C1096387
C0039584,Testicular disorder,Testicular disorder (SideEffect),CC BY-NC-SA 4.0,UMLS via SIDER 4.1,http://identifiers.org/umls/C0039584
C0020453,Hyperaesthesia,Hyperaesthesia (SideEffect),CC BY-NC-SA 4.0,UMLS via SIDER 4.1,http://identifiers.org/umls/C0020453
C0239937,Microscopic hematuria,Microscopic hematuria (SideEffect),CC BY-NC-SA 4.0,UMLS via SIDER 4.1,http://identifiers.org/umls/C0239937
C1394290,Cyanotic heart disease,Cyanotic heart disease (SideEffect),CC BY-NC-SA 4.0,UMLS via SIDER 4.1,http://identifiers.org/umls/C1394290
C0036396,Sciatica,Sciatica (SideEffect),CC BY-NC-SA 4.0,UMLS via SIDER 4.1,http://identifiers.org/umls/C0036396
C1096035,Infusion site pain,Infusion site pain (SideEffect),CC BY-NC-SA 4.0,UMLS via SIDER 4.1,http://identifiers.org/umls/C1096035
C0003462,Anus disorder,Anus disorder (SideEffect),CC BY-NC-SA 4.0,UMLS via SIDER 4.1,http://identifiers.org/umls/C0003462
C0520886,Electrocardiogram ST segment elevation,Electrocardiogram ST segment elevation (SideEffect),CC BY-NC-SA 4.0,UMLS via SIDER 4.1,http://identifiers.org/umls/C0520886
C0004763,Barrett's oesophagus,Barrett's oesophagus (SideEffect),CC BY-NC-SA 4.0,UMLS via SIDER 4.1,http://identifiers.org/umls/C0004763
C0042401,Vasodilation,Vasodilation (SideEffect),CC BY-NC-SA 4.0,UMLS via SIDER 4.1,http://identifiers.org/umls/C0042401
C0242648,Vertical infection transmission,Vertical infection transmission (SideEffect),CC BY-NC-SA 4.0,UMLS via SIDER 4.1,http://identifiers.org/umls/C0242648
C0006325,Bruxism,Bruxism (SideEffect),CC BY-NC-SA 4.0,UMLS via SIDER 4.1,http://identifiers.org/umls/C0006325
C0221248,Gouty tophus,Gouty tophus (SideEffect),CC BY-NC-SA 4.0,UMLS via SIDER 4.1,http://identifiers.org/umls/C0221248
C1096506,Free prostate-specific antigen increased,Free prostate-specific antigen increased (SideEffect),CC BY-NC-SA 4.0,UMLS via SIDER 4.1,http://identifiers.org/umls/C1096506
C0235315,Faeces discoloured,Faeces discoloured (SideEffect),CC BY-NC-SA 4.0,UMLS via SIDER 4.1,http://identifiers.org/umls/C0235315
C1510471,Hypovitaminosis,Hypovitaminosis (SideEffect),CC BY-NC-SA 4.0,UMLS via SIDER 4.1,http://identifiers.org/umls/C1510471
C0010417,Cryptorchism,Cryptorchism (SideEffect),CC BY-NC-SA 4.0,UMLS via SIDER 4.1,http://identifiers.org/umls/C0010417
C0852925,Gastrointestinal necrosis,Gastrointestinal necrosis (SideEffect),CC BY-NC-SA 4.0,UMLS via SIDER 4.1,http://identifiers.org/umls/C0852925
C0860564,Retinoic acid syndrome,Retinoic acid syndrome (SideEffect),CC BY-NC-SA 4.0,UMLS via SIDER 4.1,http://identifiers.org/umls/C0860564
C0018824,Cardiac valve disease,Cardiac valve disease (SideEffect),CC BY-NC-SA 4.0,UMLS via SIDER 4.1,http://identifiers.org/umls/C0018824
C0333472,Epidermolysis,Epidermolysis (SideEffect),CC BY-NC-SA 4.0,UMLS via SIDER 4.1,http://identifiers.org/umls/C0333472
C0221727,Oesophageal pain,Oesophageal pain (SideEffect),CC BY-NC-SA 4.0,UMLS via SIDER 4.1,http://identifiers.org/umls/C0221727
C1142111,Eyelash discolouration,Eyelash discolouration (SideEffect),CC BY-NC-SA 4.0,UMLS via SIDER 4.1,http://identifiers.org/umls/C1142111
C0406479,Steroid acne,Steroid acne (SideEffect),CC BY-NC-SA 4.0,UMLS via SIDER 4.1,http://identifiers.org/umls/C0406479
C0025323,Menorrhagia,Menorrhagia (SideEffect),CC BY-NC-SA 4.0,UMLS via SIDER 4.1,http://identifiers.org/umls/C0025323
C0010032,Corneal abrasion,Corneal abrasion (SideEffect),CC BY-NC-SA 4.0,UMLS via SIDER 4.1,http://identifiers.org/umls/C0010032
C0857983,Serum testosterone decreased,Serum testosterone decreased (SideEffect),CC BY-NC-SA 4.0,UMLS via SIDER 4.1,http://identifiers.org/umls/C0857983
C0038218,Status asthmaticus,Status asthmaticus (SideEffect),CC BY-NC-SA 4.0,UMLS via SIDER 4.1,http://identifiers.org/umls/C0038218
C0151763,Hepatocellular injury,Hepatocellular injury (SideEffect),CC BY-NC-SA 4.0,UMLS via SIDER 4.1,http://identifiers.org/umls/C0151763
C1328377,Oculo-respiratory syndrome,Oculo-respiratory syndrome (SideEffect),CC BY-NC-SA 4.0,UMLS via SIDER 4.1,http://identifiers.org/umls/C1328377
C0476273,Respiratory distress,Respiratory distress (SideEffect),CC BY-NC-SA 4.0,UMLS via SIDER 4.1,http://identifiers.org/umls/C0476273
C0151626,Necrolysis epidermal,Necrolysis epidermal (SideEffect),CC BY-NC-SA 4.0,UMLS via SIDER 4.1,http://identifiers.org/umls/C0151626
C0039240,Supraventricular tachycardia,Supraventricular tachycardia (SideEffect),CC BY-NC-SA 4.0,UMLS via SIDER 4.1,http://identifiers.org/umls/C0039240
C0162283,Nephrogenic diabetes insipidus,Nephrogenic diabetes insipidus (SideEffect),CC BY-NC-SA 4.0,UMLS via SIDER 4.1,http://identifiers.org/umls/C0162283
C0027424,Nasal congestion,Nasal congestion (SideEffect),CC BY-NC-SA 4.0,UMLS via SIDER 4.1,http://identifiers.org/umls/C0027424
C0026826,Hypertonia,Hypertonia (SideEffect),CC BY-NC-SA 4.0,UMLS via SIDER 4.1,http://identifiers.org/umls/C0026826
C1141930,Post procedural complication,Post procedural complication (SideEffect),CC BY-NC-SA 4.0,UMLS via SIDER 4.1,http://identifiers.org/umls/C1141930
C0002631,Amniotic cavity infection,Amniotic cavity infection (SideEffect),CC BY-NC-SA 4.0,UMLS via SIDER 4.1,http://identifiers.org/umls/C0002631
C1142159,Intentional misuse,Intentional misuse (SideEffect),CC BY-NC-SA 4.0,UMLS via SIDER 4.1,http://identifiers.org/umls/C1142159
C1536074,Osteoarticular pain,Osteoarticular pain (SideEffect),CC BY-NC-SA 4.0,UMLS via SIDER 4.1,http://identifiers.org/umls/C1536074
C0340909,Arteriovenous fistula thrombosis,Arteriovenous fistula thrombosis (SideEffect),CC BY-NC-SA 4.0,UMLS via SIDER 4.1,http://identifiers.org/umls/C0340909
C1322253,Eczema infected,Eczema infected (SideEffect),CC BY-NC-SA 4.0,UMLS via SIDER 4.1,http://identifiers.org/umls/C1322253
C0014175,Endometriosis,Endometriosis (SideEffect),CC BY-NC-SA 4.0,UMLS via SIDER 4.1,http://identifiers.org/umls/C0014175
C0266453,Exencephaly,Exencephaly (SideEffect),CC BY-NC-SA 4.0,UMLS via SIDER 4.1,http://identifiers.org/umls/C0266453
C0031485,Phenylketonuria,Phenylketonuria (SideEffect),CC BY-NC-SA 4.0,UMLS via SIDER 4.1,http://identifiers.org/umls/C0031485
C1142530,Vitamin K decreased,Vitamin K decreased (SideEffect),CC BY-NC-SA 4.0,UMLS via SIDER 4.1,http://identifiers.org/umls/C1142530
C0877401,Sensorimotor disorder,Sensorimotor disorder (SideEffect),CC BY-NC-SA 4.0,UMLS via SIDER 4.1,http://identifiers.org/umls/C0877401
C0152032,Urinary hesitation,Urinary hesitation (SideEffect),CC BY-NC-SA 4.0,UMLS via SIDER 4.1,http://identifiers.org/umls/C0152032
C0023801,Lipomatosis,Lipomatosis (SideEffect),CC BY-NC-SA 4.0,UMLS via SIDER 4.1,http://identifiers.org/umls/C0023801
C1697943,Epidermal growth factor receptor decreased,Epidermal growth factor receptor decreased (SideEffect),CC BY-NC-SA 4.0,UMLS via SIDER 4.1,http://identifiers.org/umls/C1697943
C1704320,Glomerulonephritis minimal lesion,Glomerulonephritis minimal lesion (SideEffect),CC BY-NC-SA 4.0,UMLS via SIDER 4.1,http://identifiers.org/umls/C1704320
C0546947,Choking sensation,Choking sensation (SideEffect),CC BY-NC-SA 4.0,UMLS via SIDER 4.1,http://identifiers.org/umls/C0546947
C0221773,Hyperamylasaemia,Hyperamylasaemia (SideEffect),CC BY-NC-SA 4.0,UMLS via SIDER 4.1,http://identifiers.org/umls/C0221773
C0427008,Stiffness,Stiffness (SideEffect),CC BY-NC-SA 4.0,UMLS via SIDER 4.1,http://identifiers.org/umls/C0427008
C0265072,Inferior vena cava syndrome,Inferior vena cava syndrome (SideEffect),CC BY-NC-SA 4.0,UMLS via SIDER 4.1,http://identifiers.org/umls/C0265072
C0750016,Generalized urticaria,Generalized urticaria (SideEffect),CC BY-NC-SA 4.0,UMLS via SIDER 4.1,http://identifiers.org/umls/C0750016
C0476427,Smear cervix abnormal,Smear cervix abnormal (SideEffect),CC BY-NC-SA 4.0,UMLS via SIDER 4.1,http://identifiers.org/umls/C0476427
C0404521,Vaginal infection,Vaginal infection (SideEffect),CC BY-NC-SA 4.0,UMLS via SIDER 4.1,http://identifiers.org/umls/C0404521
C0393759,Transient insomnia,Transient insomnia (SideEffect),CC BY-NC-SA 4.0,UMLS via SIDER 4.1,http://identifiers.org/umls/C0393759
C0006905,Capillary fragility,Capillary fragility (SideEffect),CC BY-NC-SA 4.0,UMLS via SIDER 4.1,http://identifiers.org/umls/C0006905
C0847631,Dry scalp,Dry scalp (SideEffect),CC BY-NC-SA 4.0,UMLS via SIDER 4.1,http://identifiers.org/umls/C0847631
C0020523,Type I hypersensitivity,Type I hypersensitivity (SideEffect),CC BY-NC-SA 4.0,UMLS via SIDER 4.1,http://identifiers.org/umls/C0020523
C1527340,Voice disturbance,Voice disturbance (SideEffect),CC BY-NC-SA 4.0,UMLS via SIDER 4.1,http://identifiers.org/umls/C1527340
C0019569,Congenital megacolon,Congenital megacolon (SideEffect),CC BY-NC-SA 4.0,UMLS via SIDER 4.1,http://identifiers.org/umls/C0019569
C0027651,Neoplasm,Neoplasm (SideEffect),CC BY-NC-SA 4.0,UMLS via SIDER 4.1,http://identifiers.org/umls/C0027651
C0030920,Peptic ulcer,Peptic ulcer (SideEffect),CC BY-NC-SA 4.0,UMLS via SIDER 4.1,http://identifiers.org/umls/C0030920
C0280313,Oropharyngeal squamous cell carcinoma,Oropharyngeal squamous cell carcinoma (SideEffect),CC BY-NC-SA 4.0,UMLS via SIDER 4.1,http://identifiers.org/umls/C0280313
C0002894,Refractory anaemia with an excess of blasts,Refractory anaemia with an excess of blasts (SideEffect),CC BY-NC-SA 4.0,UMLS via SIDER 4.1,http://identifiers.org/umls/C0002894
C0020473,Hyperlipidaemia,Hyperlipidaemia (SideEffect),CC BY-NC-SA 4.0,UMLS via SIDER 4.1,http://identifiers.org/umls/C0020473
C0015934,Microsomia,Microsomia (SideEffect),CC BY-NC-SA 4.0,UMLS via SIDER 4.1,http://identifiers.org/umls/C0015934
C0003962,Ascites,Ascites (SideEffect),CC BY-NC-SA 4.0,UMLS via SIDER 4.1,http://identifiers.org/umls/C0003962
C0032914,Pre-eclampsia,Pre-eclampsia (SideEffect),CC BY-NC-SA 4.0,UMLS via SIDER 4.1,http://identifiers.org/umls/C0032914
C0030486,Paraplegia,Paraplegia (SideEffect),CC BY-NC-SA 4.0,UMLS via SIDER 4.1,http://identifiers.org/umls/C0030486
C0155428,Otosalpingitis,Otosalpingitis (SideEffect),CC BY-NC-SA 4.0,UMLS via SIDER 4.1,http://identifiers.org/umls/C0155428
C0006663,Calcinosis,Calcinosis (SideEffect),CC BY-NC-SA 4.0,UMLS via SIDER 4.1,http://identifiers.org/umls/C0006663
C0178703,Hypertrophic osteoarthropathy,Hypertrophic osteoarthropathy (SideEffect),CC BY-NC-SA 4.0,UMLS via SIDER 4.1,http://identifiers.org/umls/C0178703
C0266813,Faecal occult blood positive,Faecal occult blood positive (SideEffect),CC BY-NC-SA 4.0,UMLS via SIDER 4.1,http://identifiers.org/umls/C0266813
C1695895,Angiodermatitis,Angiodermatitis (SideEffect),CC BY-NC-SA 4.0,UMLS via SIDER 4.1,http://identifiers.org/umls/C1695895
C0235351,Tongue ulceration,Tongue ulceration (SideEffect),CC BY-NC-SA 4.0,UMLS via SIDER 4.1,http://identifiers.org/umls/C0235351
C0743525,Enterobacter sepsis,Enterobacter sepsis (SideEffect),CC BY-NC-SA 4.0,UMLS via SIDER 4.1,http://identifiers.org/umls/C0743525
C0235912,Hepatic haemorrhage,Hepatic haemorrhage (SideEffect),CC BY-NC-SA 4.0,UMLS via SIDER 4.1,http://identifiers.org/umls/C0235912
C0919591,Urogenital haemorrhage,Urogenital haemorrhage (SideEffect),CC BY-NC-SA 4.0,UMLS via SIDER 4.1,http://identifiers.org/umls/C0919591
C0235398,Diabetes mellitus exacerbated,Diabetes mellitus exacerbated (SideEffect),CC BY-NC-SA 4.0,UMLS via SIDER 4.1,http://identifiers.org/umls/C0235398
C1510475,Diverticulum intestinal,Diverticulum intestinal (SideEffect),CC BY-NC-SA 4.0,UMLS via SIDER 4.1,http://identifiers.org/umls/C1510475
C0018800,Cardiomegaly,Cardiomegaly (SideEffect),CC BY-NC-SA 4.0,UMLS via SIDER 4.1,http://identifiers.org/umls/C0018800
C0398370,Lipoedema,Lipoedema (SideEffect),CC BY-NC-SA 4.0,UMLS via SIDER 4.1,http://identifiers.org/umls/C0398370
C0497327,Dementia,Dementia (SideEffect),CC BY-NC-SA 4.0,UMLS via SIDER 4.1,http://identifiers.org/umls/C0497327
C0263386,Ichthyosis acquired,Ichthyosis acquired (SideEffect),CC BY-NC-SA 4.0,UMLS via SIDER 4.1,http://identifiers.org/umls/C0263386
C0003615,Appendicitis,Appendicitis (SideEffect),CC BY-NC-SA 4.0,UMLS via SIDER 4.1,http://identifiers.org/umls/C0003615
C1096282,Medication residue,Medication residue (SideEffect),CC BY-NC-SA 4.0,UMLS via SIDER 4.1,http://identifiers.org/umls/C1096282
C0858775,Myopia transient,Myopia transient (SideEffect),CC BY-NC-SA 4.0,UMLS via SIDER 4.1,http://identifiers.org/umls/C0858775
C0162292,External ophthalmoplegia,External ophthalmoplegia (SideEffect),CC BY-NC-SA 4.0,UMLS via SIDER 4.1,http://identifiers.org/umls/C0162292
C0085605,Hepatic failure,Hepatic failure (SideEffect),CC BY-NC-SA 4.0,UMLS via SIDER 4.1,http://identifiers.org/umls/C0085605
C1735322,Injection site pallor,Injection site pallor (SideEffect),CC BY-NC-SA 4.0,UMLS via SIDER 4.1,http://identifiers.org/umls/C1735322
C0026751,Multiparous,Multiparous (SideEffect),CC BY-NC-SA 4.0,UMLS via SIDER 4.1,http://identifiers.org/umls/C0026751
C0034124,Pupillary disorder,Pupillary disorder (SideEffect),CC BY-NC-SA 4.0,UMLS via SIDER 4.1,http://identifiers.org/umls/C0034124
C0018834,Heartburn,Heartburn (SideEffect),CC BY-NC-SA 4.0,UMLS via SIDER 4.1,http://identifiers.org/umls/C0018834
C0028840,Ocular hypertension,Ocular hypertension (SideEffect),CC BY-NC-SA 4.0,UMLS via SIDER 4.1,http://identifiers.org/umls/C0028840
C0149925,Small cell lung cancer,Small cell lung cancer (SideEffect),CC BY-NC-SA 4.0,UMLS via SIDER 4.1,http://identifiers.org/umls/C0149925
C0001623,Adrenal insufficiency,Adrenal insufficiency (SideEffect),CC BY-NC-SA 4.0,UMLS via SIDER 4.1,http://identifiers.org/umls/C0001623
C0270274,Vomiting neonatal,Vomiting neonatal (SideEffect),CC BY-NC-SA 4.0,UMLS via SIDER 4.1,http://identifiers.org/umls/C0270274
C0235086,Muscle contractions involuntary,Muscle contractions involuntary (SideEffect),CC BY-NC-SA 4.0,UMLS via SIDER 4.1,http://identifiers.org/umls/C0235086
C0162532,Variegate porphyria,Variegate porphyria (SideEffect),CC BY-NC-SA 4.0,UMLS via SIDER 4.1,http://identifiers.org/umls/C0162532
C0016053,Fibromyalgia,Fibromyalgia (SideEffect),CC BY-NC-SA 4.0,UMLS via SIDER 4.1,http://identifiers.org/umls/C0016053
C1167870,Graft dysfunction,Graft dysfunction (SideEffect),CC BY-NC-SA 4.0,UMLS via SIDER 4.1,http://identifiers.org/umls/C1167870
C0028961,Oliguria,Oliguria (SideEffect),CC BY-NC-SA 4.0,UMLS via SIDER 4.1,http://identifiers.org/umls/C0028961
C2937358,Cerebral haemorrhage,Cerebral haemorrhage (SideEffect),CC BY-NC-SA 4.0,UMLS via SIDER 4.1,http://identifiers.org/umls/C2937358
C0347390,Skin papilloma,Skin papilloma (SideEffect),CC BY-NC-SA 4.0,UMLS via SIDER 4.1,http://identifiers.org/umls/C0347390
C0015409,Eye penetration,Eye penetration (SideEffect),CC BY-NC-SA 4.0,UMLS via SIDER 4.1,http://identifiers.org/umls/C0015409
C0555724,Lip dry,Lip dry (SideEffect),CC BY-NC-SA 4.0,UMLS via SIDER 4.1,http://identifiers.org/umls/C0555724
C0235641,Perineal pain female,Perineal pain female (SideEffect),CC BY-NC-SA 4.0,UMLS via SIDER 4.1,http://identifiers.org/umls/C0235641
C0036220,Kaposi's sarcoma,Kaposi's sarcoma (SideEffect),CC BY-NC-SA 4.0,UMLS via SIDER 4.1,http://identifiers.org/umls/C0036220
C0156394,Enlarged clitoris,Enlarged clitoris (SideEffect),CC BY-NC-SA 4.0,UMLS via SIDER 4.1,http://identifiers.org/umls/C0156394
C1609536,Allergic bronchospasm,Allergic bronchospasm (SideEffect),CC BY-NC-SA 4.0,UMLS via SIDER 4.1,http://identifiers.org/umls/C1609536
C0853784,Blood iron increased,Blood iron increased (SideEffect),CC BY-NC-SA 4.0,UMLS via SIDER 4.1,http://identifiers.org/umls/C0853784
C0852203,Fluoride increased,Fluoride increased (SideEffect),CC BY-NC-SA 4.0,UMLS via SIDER 4.1,http://identifiers.org/umls/C0852203
C0264268,Nasal septum ulceration,Nasal septum ulceration (SideEffect),CC BY-NC-SA 4.0,UMLS via SIDER 4.1,http://identifiers.org/umls/C0264268
C0241950,Intestinal infarction,Intestinal infarction (SideEffect),CC BY-NC-SA 4.0,UMLS via SIDER 4.1,http://identifiers.org/umls/C0241950
C0151951,Thromboplastin decreased,Thromboplastin decreased (SideEffect),CC BY-NC-SA 4.0,UMLS via SIDER 4.1,http://identifiers.org/umls/C0151951
C0271710,Hypoglycemic reaction,Hypoglycemic reaction (SideEffect),CC BY-NC-SA 4.0,UMLS via SIDER 4.1,http://identifiers.org/umls/C0271710
C0010520,Cyanosis,Cyanosis (SideEffect),CC BY-NC-SA 4.0,UMLS via SIDER 4.1,http://identifiers.org/umls/C0010520
C0235395,Fluid loss,Fluid loss (SideEffect),CC BY-NC-SA 4.0,UMLS via SIDER 4.1,http://identifiers.org/umls/C0235395
C0239940,Glycosylated haemoglobin increased,Glycosylated haemoglobin increased (SideEffect),CC BY-NC-SA 4.0,UMLS via SIDER 4.1,http://identifiers.org/umls/C0239940
C0948048,Malignant neoplasm progression,Malignant neoplasm progression (SideEffect),CC BY-NC-SA 4.0,UMLS via SIDER 4.1,http://identifiers.org/umls/C0948048
C0750197,Sustained ventricular tachycardia,Sustained ventricular tachycardia (SideEffect),CC BY-NC-SA 4.0,UMLS via SIDER 4.1,http://identifiers.org/umls/C0750197
C1096543,Superficial punctate keratopathy,Superficial punctate keratopathy (SideEffect),CC BY-NC-SA 4.0,UMLS via SIDER 4.1,http://identifiers.org/umls/C1096543
C0001622,Hyperadrenocorticism,Hyperadrenocorticism (SideEffect),CC BY-NC-SA 4.0,UMLS via SIDER 4.1,http://identifiers.org/umls/C0001622
C0549536,Monocyte count decreased,Monocyte count decreased (SideEffect),CC BY-NC-SA 4.0,UMLS via SIDER 4.1,http://identifiers.org/umls/C0549536
C3536794,Feeling sad,Feeling sad (SideEffect),CC BY-NC-SA 4.0,UMLS via SIDER 4.1,http://identifiers.org/umls/C3536794
C0020621,Hypokalaemia,Hypokalaemia (SideEffect),CC BY-NC-SA 4.0,UMLS via SIDER 4.1,http://identifiers.org/umls/C0020621
C0541766,Aggravation of existing disorder,Aggravation of existing disorder (SideEffect),CC BY-NC-SA 4.0,UMLS via SIDER 4.1,http://identifiers.org/umls/C0541766
C0022362,Jaw disorder,Jaw disorder (SideEffect),CC BY-NC-SA 4.0,UMLS via SIDER 4.1,http://identifiers.org/umls/C0022362
C0029132,Optic nerve disorder,Optic nerve disorder (SideEffect),CC BY-NC-SA 4.0,UMLS via SIDER 4.1,http://identifiers.org/umls/C0029132
C2721737,Application site stinging,Application site stinging (SideEffect),CC BY-NC-SA 4.0,UMLS via SIDER 4.1,http://identifiers.org/umls/C2721737
C0496901,Pituitary tumour benign,Pituitary tumour benign (SideEffect),CC BY-NC-SA 4.0,UMLS via SIDER 4.1,http://identifiers.org/umls/C0496901
C0015395,Eye burns,Eye burns (SideEffect),CC BY-NC-SA 4.0,UMLS via SIDER 4.1,http://identifiers.org/umls/C0015395
C0020443,Hypercholesterolaemia,Hypercholesterolaemia (SideEffect),CC BY-NC-SA 4.0,UMLS via SIDER 4.1,http://identifiers.org/umls/C0020443
C0236068,Swollen tongue,Swollen tongue (SideEffect),CC BY-NC-SA 4.0,UMLS via SIDER 4.1,http://identifiers.org/umls/C0236068
C1328537,Palmar-plantar erythema,Palmar-plantar erythema (SideEffect),CC BY-NC-SA 4.0,UMLS via SIDER 4.1,http://identifiers.org/umls/C1328537
C0014867,Varices oesophageal,Varices oesophageal (SideEffect),CC BY-NC-SA 4.0,UMLS via SIDER 4.1,http://identifiers.org/umls/C0014867
C0151563,Coagulation time prolonged,Coagulation time prolonged (SideEffect),CC BY-NC-SA 4.0,UMLS via SIDER 4.1,http://identifiers.org/umls/C0151563
C0271240,Blindness unilateral,Blindness unilateral (SideEffect),CC BY-NC-SA 4.0,UMLS via SIDER 4.1,http://identifiers.org/umls/C0271240
C0016169,Fistula,Fistula (SideEffect),CC BY-NC-SA 4.0,UMLS via SIDER 4.1,http://identifiers.org/umls/C0016169
C0521620,Hydroureter,Hydroureter (SideEffect),CC BY-NC-SA 4.0,UMLS via SIDER 4.1,http://identifiers.org/umls/C0521620
C0020604,Hypochondriasis,Hypochondriasis (SideEffect),CC BY-NC-SA 4.0,UMLS via SIDER 4.1,http://identifiers.org/umls/C0020604
C2363980,Cross resistance,Cross resistance (SideEffect),CC BY-NC-SA 4.0,UMLS via SIDER 4.1,http://identifiers.org/umls/C2363980
C0424535,Vasovagal symptoms,Vasovagal symptoms (SideEffect),CC BY-NC-SA 4.0,UMLS via SIDER 4.1,http://identifiers.org/umls/C0424535
C0005778,Clotting,Clotting (SideEffect),CC BY-NC-SA 4.0,UMLS via SIDER 4.1,http://identifiers.org/umls/C0005778
C0344432,Multifocal ventricular tachycardia,Multifocal ventricular tachycardia (SideEffect),CC BY-NC-SA 4.0,UMLS via SIDER 4.1,http://identifiers.org/umls/C0344432
C0343378,Helicobacter gastritis,Helicobacter gastritis (SideEffect),CC BY-NC-SA 4.0,UMLS via SIDER 4.1,http://identifiers.org/umls/C0343378
C1704381,Glucose decreased,Glucose decreased (SideEffect),CC BY-NC-SA 4.0,UMLS via SIDER 4.1,http://identifiers.org/umls/C1704381
C0677865,Brain stem glioma,Brain stem glioma (SideEffect),CC BY-NC-SA 4.0,UMLS via SIDER 4.1,http://identifiers.org/umls/C0677865
C0854466,Implant expulsion,Implant expulsion (SideEffect),CC BY-NC-SA 4.0,UMLS via SIDER 4.1,http://identifiers.org/umls/C0854466
C0017979,Glycosuria,Glycosuria (SideEffect),CC BY-NC-SA 4.0,UMLS via SIDER 4.1,http://identifiers.org/umls/C0017979
C0522757,Exposure to toxic agent,Exposure to toxic agent (SideEffect),CC BY-NC-SA 4.0,UMLS via SIDER 4.1,http://identifiers.org/umls/C0522757
C0521208,Accident at home,Accident at home (SideEffect),CC BY-NC-SA 4.0,UMLS via SIDER 4.1,http://identifiers.org/umls/C0521208
C0009938,Contusion,Contusion (SideEffect),CC BY-NC-SA 4.0,UMLS via SIDER 4.1,http://identifiers.org/umls/C0009938
C0948342,Citrate toxicity,Citrate toxicity (SideEffect),CC BY-NC-SA 4.0,UMLS via SIDER 4.1,http://identifiers.org/umls/C0948342
C0025345,Menstrual disorder,Menstrual disorder (SideEffect),CC BY-NC-SA 4.0,UMLS via SIDER 4.1,http://identifiers.org/umls/C0025345
C0013922,Embolism,Embolism (SideEffect),CC BY-NC-SA 4.0,UMLS via SIDER 4.1,http://identifiers.org/umls/C0013922
C1608942,Complication of device insertion,Complication of device insertion (SideEffect),CC BY-NC-SA 4.0,UMLS via SIDER 4.1,http://identifiers.org/umls/C1608942
C0948014,Red cell distribution width increased,Red cell distribution width increased (SideEffect),CC BY-NC-SA 4.0,UMLS via SIDER 4.1,http://identifiers.org/umls/C0948014
C0239134,Productive cough,Productive cough (SideEffect),CC BY-NC-SA 4.0,UMLS via SIDER 4.1,http://identifiers.org/umls/C0239134
C0266998,Oral soft tissue disorder NOS,Oral soft tissue disorder NOS (SideEffect),CC BY-NC-SA 4.0,UMLS via SIDER 4.1,http://identifiers.org/umls/C0266998
C0006384,Bundle branch block,Bundle branch block (SideEffect),CC BY-NC-SA 4.0,UMLS via SIDER 4.1,http://identifiers.org/umls/C0006384
C1387528,Acute haemolytic anaemia,Acute haemolytic anaemia (SideEffect),CC BY-NC-SA 4.0,UMLS via SIDER 4.1,http://identifiers.org/umls/C1387528
C0235299,Right upper quadrant pain,Right upper quadrant pain (SideEffect),CC BY-NC-SA 4.0,UMLS via SIDER 4.1,http://identifiers.org/umls/C0235299
C0400822,Lymphocytic colitis,Lymphocytic colitis (SideEffect),CC BY-NC-SA 4.0,UMLS via SIDER 4.1,http://identifiers.org/umls/C0400822
C0858765,Vascular pain,Vascular pain (SideEffect),CC BY-NC-SA 4.0,UMLS via SIDER 4.1,http://identifiers.org/umls/C0858765
C0154822,Serous retinal detachment,Serous retinal detachment (SideEffect),CC BY-NC-SA 4.0,UMLS via SIDER 4.1,http://identifiers.org/umls/C0154822
C0476397,Electroretinogram abnormal,Electroretinogram abnormal (SideEffect),CC BY-NC-SA 4.0,UMLS via SIDER 4.1,http://identifiers.org/umls/C0476397
C0040558,Toxoplasmosis,Toxoplasmosis (SideEffect),CC BY-NC-SA 4.0,UMLS via SIDER 4.1,http://identifiers.org/umls/C0040558
C0233479,Elevated mood,Elevated mood (SideEffect),CC BY-NC-SA 4.0,UMLS via SIDER 4.1,http://identifiers.org/umls/C0233479
C0746961,Oxygen saturation decreased,Oxygen saturation decreased (SideEffect),CC BY-NC-SA 4.0,UMLS via SIDER 4.1,http://identifiers.org/umls/C0746961
C0855618,Alanine aminotransferase decreased,Alanine aminotransferase decreased (SideEffect),CC BY-NC-SA 4.0,UMLS via SIDER 4.1,http://identifiers.org/umls/C0855618
C0206093,Neuroectodermal neoplasm,Neuroectodermal neoplasm (SideEffect),CC BY-NC-SA 4.0,UMLS via SIDER 4.1,http://identifiers.org/umls/C0206093
C0234906,Erythema annulare,Erythema annulare (SideEffect),CC BY-NC-SA 4.0,UMLS via SIDER 4.1,http://identifiers.org/umls/C0234906
C1141926,Abdominal sepsis,Abdominal sepsis (SideEffect),CC BY-NC-SA 4.0,UMLS via SIDER 4.1,http://identifiers.org/umls/C1141926
C0037286,Neoplasm skin,Neoplasm skin (SideEffect),CC BY-NC-SA 4.0,UMLS via SIDER 4.1,http://identifiers.org/umls/C0037286
C0852361,Skin haemorrhage,Skin haemorrhage (SideEffect),CC BY-NC-SA 4.0,UMLS via SIDER 4.1,http://identifiers.org/umls/C0852361
C0521546,Congenital joint malformation,Congenital joint malformation (SideEffect),CC BY-NC-SA 4.0,UMLS via SIDER 4.1,http://identifiers.org/umls/C0521546
C0242784,Food interaction,Food interaction (SideEffect),CC BY-NC-SA 4.0,UMLS via SIDER 4.1,http://identifiers.org/umls/C0242784
C0541900,Disulfiram like reaction,Disulfiram like reaction (SideEffect),CC BY-NC-SA 4.0,UMLS via SIDER 4.1,http://identifiers.org/umls/C0541900
C0035021,Relapsing fever,Relapsing fever (SideEffect),CC BY-NC-SA 4.0,UMLS via SIDER 4.1,http://identifiers.org/umls/C0035021
C0009326,Collagen disorder,Collagen disorder (SideEffect),CC BY-NC-SA 4.0,UMLS via SIDER 4.1,http://identifiers.org/umls/C0009326
C0740411,Delayed gastric emptying,Delayed gastric emptying (SideEffect),CC BY-NC-SA 4.0,UMLS via SIDER 4.1,http://identifiers.org/umls/C0740411
C0264893,Nodal arrhythmia,Nodal arrhythmia (SideEffect),CC BY-NC-SA 4.0,UMLS via SIDER 4.1,http://identifiers.org/umls/C0264893
C0919593,Injection site coldness,Injection site coldness (SideEffect),CC BY-NC-SA 4.0,UMLS via SIDER 4.1,http://identifiers.org/umls/C0919593
C0235353,Tooth caries aggravated NOS,Tooth caries aggravated NOS (SideEffect),CC BY-NC-SA 4.0,UMLS via SIDER 4.1,http://identifiers.org/umls/C0235353
C0032231,Pleurisy,Pleurisy (SideEffect),CC BY-NC-SA 4.0,UMLS via SIDER 4.1,http://identifiers.org/umls/C0032231
C0242459,Loeffler's syndrome,Loeffler's syndrome (SideEffect),CC BY-NC-SA 4.0,UMLS via SIDER 4.1,http://identifiers.org/umls/C0242459
C0151623,Enterocolitis haemorrhagic,Enterocolitis haemorrhagic (SideEffect),CC BY-NC-SA 4.0,UMLS via SIDER 4.1,http://identifiers.org/umls/C0151623
C0333355,Mucosal inflammation,Mucosal inflammation (SideEffect),CC BY-NC-SA 4.0,UMLS via SIDER 4.1,http://identifiers.org/umls/C0333355
C0456103,Sepsis neonatal,Sepsis neonatal (SideEffect),CC BY-NC-SA 4.0,UMLS via SIDER 4.1,http://identifiers.org/umls/C0456103
C0687713,Gastrointestinal pain,Gastrointestinal pain (SideEffect),CC BY-NC-SA 4.0,UMLS via SIDER 4.1,http://identifiers.org/umls/C0687713
C0011974,Dermatitis diaper,Dermatitis diaper (SideEffect),CC BY-NC-SA 4.0,UMLS via SIDER 4.1,http://identifiers.org/umls/C0011974
C0235168,Nervous tremulousness,Nervous tremulousness (SideEffect),CC BY-NC-SA 4.0,UMLS via SIDER 4.1,http://identifiers.org/umls/C0235168
C0151477,Hormone level abnormal,Hormone level abnormal (SideEffect),CC BY-NC-SA 4.0,UMLS via SIDER 4.1,http://identifiers.org/umls/C0151477
C0233754,Derealisation,Derealisation (SideEffect),CC BY-NC-SA 4.0,UMLS via SIDER 4.1,http://identifiers.org/umls/C0233754
C0029163,Mouth haemorrhage,Mouth haemorrhage (SideEffect),CC BY-NC-SA 4.0,UMLS via SIDER 4.1,http://identifiers.org/umls/C0029163
C0235762,Rheumatoid arthritis aggravated,Rheumatoid arthritis aggravated (SideEffect),CC BY-NC-SA 4.0,UMLS via SIDER 4.1,http://identifiers.org/umls/C0235762
C0021807,Intertrigo,Intertrigo (SideEffect),CC BY-NC-SA 4.0,UMLS via SIDER 4.1,http://identifiers.org/umls/C0021807
C0003635,Apraxia,Apraxia (SideEffect),CC BY-NC-SA 4.0,UMLS via SIDER 4.1,http://identifiers.org/umls/C0003635
C0521662,Hemiplegia transient,Hemiplegia transient (SideEffect),CC BY-NC-SA 4.0,UMLS via SIDER 4.1,http://identifiers.org/umls/C0521662
C1608954,Infusion site extravasation,Infusion site extravasation (SideEffect),CC BY-NC-SA 4.0,UMLS via SIDER 4.1,http://identifiers.org/umls/C1608954
C0232462,Decreased appetite,Decreased appetite (SideEffect),CC BY-NC-SA 4.0,UMLS via SIDER 4.1,http://identifiers.org/umls/C0232462
C0476254,Dyslexia,Dyslexia (SideEffect),CC BY-NC-SA 4.0,UMLS via SIDER 4.1,http://identifiers.org/umls/C0476254
C0085642,Livedo reticularis,Livedo reticularis (SideEffect),CC BY-NC-SA 4.0,UMLS via SIDER 4.1,http://identifiers.org/umls/C0085642
C0234535,Clonic convulsion,Clonic convulsion (SideEffect),CC BY-NC-SA 4.0,UMLS via SIDER 4.1,http://identifiers.org/umls/C0234535
C0013928,Fat embolism,Fat embolism (SideEffect),CC BY-NC-SA 4.0,UMLS via SIDER 4.1,http://identifiers.org/umls/C0013928
C0694563,Excessive daytime sleepiness,Excessive daytime sleepiness (SideEffect),CC BY-NC-SA 4.0,UMLS via SIDER 4.1,http://identifiers.org/umls/C0694563
C0151478,Neurotransmitter level altered,Neurotransmitter level altered (SideEffect),CC BY-NC-SA 4.0,UMLS via SIDER 4.1,http://identifiers.org/umls/C0151478
C0221045,Cardiac failure high output,Cardiac failure high output (SideEffect),CC BY-NC-SA 4.0,UMLS via SIDER 4.1,http://identifiers.org/umls/C0221045
C0476289,Gas pain,Gas pain (SideEffect),CC BY-NC-SA 4.0,UMLS via SIDER 4.1,http://identifiers.org/umls/C0476289
C1963951,Acute overdose,Acute overdose (SideEffect),CC BY-NC-SA 4.0,UMLS via SIDER 4.1,http://identifiers.org/umls/C1963951
C0005424,Biliary tract disorder,Biliary tract disorder (SideEffect),CC BY-NC-SA 4.0,UMLS via SIDER 4.1,http://identifiers.org/umls/C0005424
C0151859,Polyserositis,Polyserositis (SideEffect),CC BY-NC-SA 4.0,UMLS via SIDER 4.1,http://identifiers.org/umls/C0151859
C0231218,Malaise,Malaise (SideEffect),CC BY-NC-SA 4.0,UMLS via SIDER 4.1,http://identifiers.org/umls/C0231218
C0017105,Gas gangrene,Gas gangrene (SideEffect),CC BY-NC-SA 4.0,UMLS via SIDER 4.1,http://identifiers.org/umls/C0017105
C0030252,Palpitations,Palpitations (SideEffect),CC BY-NC-SA 4.0,UMLS via SIDER 4.1,http://identifiers.org/umls/C0030252
C0860594,Metastatic malignant melanoma,Metastatic malignant melanoma (SideEffect),CC BY-NC-SA 4.0,UMLS via SIDER 4.1,http://identifiers.org/umls/C0860594
C0037998,Splenic infarction,Splenic infarction (SideEffect),CC BY-NC-SA 4.0,UMLS via SIDER 4.1,http://identifiers.org/umls/C0037998
C0019270,Hernia,Hernia (SideEffect),CC BY-NC-SA 4.0,UMLS via SIDER 4.1,http://identifiers.org/umls/C0019270
C0877179,Injection site joint pain,Injection site joint pain (SideEffect),CC BY-NC-SA 4.0,UMLS via SIDER 4.1,http://identifiers.org/umls/C0877179
C0017672,Glossodynia,Glossodynia (SideEffect),CC BY-NC-SA 4.0,UMLS via SIDER 4.1,http://identifiers.org/umls/C0017672
C0038165,Staphylococcal scalded skin syndrome,Staphylococcal scalded skin syndrome (SideEffect),CC BY-NC-SA 4.0,UMLS via SIDER 4.1,http://identifiers.org/umls/C0038165
C0852879,Pulmonary alveolar haemorrhage,Pulmonary alveolar haemorrhage (SideEffect),CC BY-NC-SA 4.0,UMLS via SIDER 4.1,http://identifiers.org/umls/C0852879
C0040588,Tracheo-oesophageal fistula,Tracheo-oesophageal fistula (SideEffect),CC BY-NC-SA 4.0,UMLS via SIDER 4.1,http://identifiers.org/umls/C0040588
C0338591,Transient global amnesia,Transient global amnesia (SideEffect),CC BY-NC-SA 4.0,UMLS via SIDER 4.1,http://identifiers.org/umls/C0338591
C0236075,Menopausal symptoms,Menopausal symptoms (SideEffect),CC BY-NC-SA 4.0,UMLS via SIDER 4.1,http://identifiers.org/umls/C0236075
C0020639,Hypoproteinaemia,Hypoproteinaemia (SideEffect),CC BY-NC-SA 4.0,UMLS via SIDER 4.1,http://identifiers.org/umls/C0020639
C0018975,Blindness day,Blindness day (SideEffect),CC BY-NC-SA 4.0,UMLS via SIDER 4.1,http://identifiers.org/umls/C0018975
C1142086,Vitamin E decreased,Vitamin E decreased (SideEffect),CC BY-NC-SA 4.0,UMLS via SIDER 4.1,http://identifiers.org/umls/C1142086
C0030196,Pain in extremity,Pain in extremity (SideEffect),CC BY-NC-SA 4.0,UMLS via SIDER 4.1,http://identifiers.org/umls/C0030196
C0162386,Femur fracture subtrochanteric,Femur fracture subtrochanteric (SideEffect),CC BY-NC-SA 4.0,UMLS via SIDER 4.1,http://identifiers.org/umls/C0162386
C2752009,White matter lesion,White matter lesion (SideEffect),CC BY-NC-SA 4.0,UMLS via SIDER 4.1,http://identifiers.org/umls/C2752009
C0332575,Redness,Redness (SideEffect),CC BY-NC-SA 4.0,UMLS via SIDER 4.1,http://identifiers.org/umls/C0332575
C0015300,Exophthalmos,Exophthalmos (SideEffect),CC BY-NC-SA 4.0,UMLS via SIDER 4.1,http://identifiers.org/umls/C0015300
C0851140,Cervix carcinoma stage 0,Cervix carcinoma stage 0 (SideEffect),CC BY-NC-SA 4.0,UMLS via SIDER 4.1,http://identifiers.org/umls/C0851140
C0855237,Social avoidant behaviour,Social avoidant behaviour (SideEffect),CC BY-NC-SA 4.0,UMLS via SIDER 4.1,http://identifiers.org/umls/C0855237
C0235946,Cerebral atrophy,Cerebral atrophy (SideEffect),CC BY-NC-SA 4.0,UMLS via SIDER 4.1,http://identifiers.org/umls/C0235946
C0155943,Arthralgia of temporomandibular joint,Arthralgia of temporomandibular joint (SideEffect),CC BY-NC-SA 4.0,UMLS via SIDER 4.1,http://identifiers.org/umls/C0155943
C0429029,Electrocardiogram ST segment,Electrocardiogram ST segment (SideEffect),CC BY-NC-SA 4.0,UMLS via SIDER 4.1,http://identifiers.org/umls/C0429029
C0085622,Monoplegia,Monoplegia (SideEffect),CC BY-NC-SA 4.0,UMLS via SIDER 4.1,http://identifiers.org/umls/C0085622
C2242494,Haemorrhagic erosive gastritis,Haemorrhagic erosive gastritis (SideEffect),CC BY-NC-SA 4.0,UMLS via SIDER 4.1,http://identifiers.org/umls/C2242494
C0151564,Cogwheel rigidity,Cogwheel rigidity (SideEffect),CC BY-NC-SA 4.0,UMLS via SIDER 4.1,http://identifiers.org/umls/C0151564
C0157733,Abnormalities of the hair,Abnormalities of the hair (SideEffect),CC BY-NC-SA 4.0,UMLS via SIDER 4.1,http://identifiers.org/umls/C0157733
C0152159,Uterine hypotonus,Uterine hypotonus (SideEffect),CC BY-NC-SA 4.0,UMLS via SIDER 4.1,http://identifiers.org/umls/C0152159
C2242582,Cholestatic liver injury,Cholestatic liver injury (SideEffect),CC BY-NC-SA 4.0,UMLS via SIDER 4.1,http://identifiers.org/umls/C2242582
C0853705,Blood immunoglobulin G decreased,Blood immunoglobulin G decreased (SideEffect),CC BY-NC-SA 4.0,UMLS via SIDER 4.1,http://identifiers.org/umls/C0853705
C0005586,Bipolar disorder,Bipolar disorder (SideEffect),CC BY-NC-SA 4.0,UMLS via SIDER 4.1,http://identifiers.org/umls/C0005586
C0400821,Colitis microscopic,Colitis microscopic (SideEffect),CC BY-NC-SA 4.0,UMLS via SIDER 4.1,http://identifiers.org/umls/C0400821
C0585186,Cutaneous hypersensitivity,Cutaneous hypersensitivity (SideEffect),CC BY-NC-SA 4.0,UMLS via SIDER 4.1,http://identifiers.org/umls/C0585186
C0015376,Extravasation,Extravasation (SideEffect),CC BY-NC-SA 4.0,UMLS via SIDER 4.1,http://identifiers.org/umls/C0015376
C0428982,Nodal tachycardia,Nodal tachycardia (SideEffect),CC BY-NC-SA 4.0,UMLS via SIDER 4.1,http://identifiers.org/umls/C0428982
C0854268,Foetal damage,Foetal damage (SideEffect),CC BY-NC-SA 4.0,UMLS via SIDER 4.1,http://identifiers.org/umls/C0854268
C0278034,Cloudy urine,Cloudy urine (SideEffect),CC BY-NC-SA 4.0,UMLS via SIDER 4.1,http://identifiers.org/umls/C0278034
C0426623,Excessive flatulence,Excessive flatulence (SideEffect),CC BY-NC-SA 4.0,UMLS via SIDER 4.1,http://identifiers.org/umls/C0426623
C0856088,Constipation aggravated,Constipation aggravated (SideEffect),CC BY-NC-SA 4.0,UMLS via SIDER 4.1,http://identifiers.org/umls/C0856088
C0032285,Pneumonia,Pneumonia (SideEffect),CC BY-NC-SA 4.0,UMLS via SIDER 4.1,http://identifiers.org/umls/C0032285
C0558489,Renal pain,Renal pain (SideEffect),CC BY-NC-SA 4.0,UMLS via SIDER 4.1,http://identifiers.org/umls/C0558489
C0239735,Gingival erythema,Gingival erythema (SideEffect),CC BY-NC-SA 4.0,UMLS via SIDER 4.1,http://identifiers.org/umls/C0239735
C1142175,Shunt thrombosis,Shunt thrombosis (SideEffect),CC BY-NC-SA 4.0,UMLS via SIDER 4.1,http://identifiers.org/umls/C1142175
C0563238,Gastritis viral,Gastritis viral (SideEffect),CC BY-NC-SA 4.0,UMLS via SIDER 4.1,http://identifiers.org/umls/C0563238
C0011057,Sudden hearing loss,Sudden hearing loss (SideEffect),CC BY-NC-SA 4.0,UMLS via SIDER 4.1,http://identifiers.org/umls/C0011057
C0333139,Pneumatosis,Pneumatosis (SideEffect),CC BY-NC-SA 4.0,UMLS via SIDER 4.1,http://identifiers.org/umls/C0333139
C0521500,Injection site extravasation,Injection site extravasation (SideEffect),CC BY-NC-SA 4.0,UMLS via SIDER 4.1,http://identifiers.org/umls/C0521500
C0241060,Dermal cyst,Dermal cyst (SideEffect),CC BY-NC-SA 4.0,UMLS via SIDER 4.1,http://identifiers.org/umls/C0241060
C0040414,Tongue hairy,Tongue hairy (SideEffect),CC BY-NC-SA 4.0,UMLS via SIDER 4.1,http://identifiers.org/umls/C0040414
C0520540,Rebound hypertension,Rebound hypertension (SideEffect),CC BY-NC-SA 4.0,UMLS via SIDER 4.1,http://identifiers.org/umls/C0520540
C0728725,Low pH,Low pH (SideEffect),CC BY-NC-SA 4.0,UMLS via SIDER 4.1,http://identifiers.org/umls/C0728725
C0858684,Telangiectasis facial,Telangiectasis facial (SideEffect),CC BY-NC-SA 4.0,UMLS via SIDER 4.1,http://identifiers.org/umls/C0858684
C0231170,Disability,Disability (SideEffect),CC BY-NC-SA 4.0,UMLS via SIDER 4.1,http://identifiers.org/umls/C0231170
C0038506,Stuttering,Stuttering (SideEffect),CC BY-NC-SA 4.0,UMLS via SIDER 4.1,http://identifiers.org/umls/C0038506
C0235761,Nasal septum perforation,Nasal septum perforation (SideEffect),CC BY-NC-SA 4.0,UMLS via SIDER 4.1,http://identifiers.org/umls/C0235761
C0205929,Anal fistula,Anal fistula (SideEffect),CC BY-NC-SA 4.0,UMLS via SIDER 4.1,http://identifiers.org/umls/C0205929
C0853018,Blood thyroid stimulating hormone decreased,Blood thyroid stimulating hormone decreased (SideEffect),CC BY-NC-SA 4.0,UMLS via SIDER 4.1,http://identifiers.org/umls/C0853018
C0034372,Quadriplegia,Quadriplegia (SideEffect),CC BY-NC-SA 4.0,UMLS via SIDER 4.1,http://identifiers.org/umls/C0034372
C0333271,Bloody discharge,Bloody discharge (SideEffect),CC BY-NC-SA 4.0,UMLS via SIDER 4.1,http://identifiers.org/umls/C0333271
C0854467,Myelosuppression,Myelosuppression (SideEffect),CC BY-NC-SA 4.0,UMLS via SIDER 4.1,http://identifiers.org/umls/C0854467
C0558401,Skin laceration,Skin laceration (SideEffect),CC BY-NC-SA 4.0,UMLS via SIDER 4.1,http://identifiers.org/umls/C0558401
C0151904,Aspartate aminotransferase increased,Aspartate aminotransferase increased (SideEffect),CC BY-NC-SA 4.0,UMLS via SIDER 4.1,http://identifiers.org/umls/C0151904
C0233633,Bradypsychic response,Bradypsychic response (SideEffect),CC BY-NC-SA 4.0,UMLS via SIDER 4.1,http://identifiers.org/umls/C0233633
C1504411,Post procedural oedema,Post procedural oedema (SideEffect),CC BY-NC-SA 4.0,UMLS via SIDER 4.1,http://identifiers.org/umls/C1504411
C0036973,Shivering,Shivering (SideEffect),CC BY-NC-SA 4.0,UMLS via SIDER 4.1,http://identifiers.org/umls/C0036973
C0041834,Erythema,Erythema (SideEffect),CC BY-NC-SA 4.0,UMLS via SIDER 4.1,http://identifiers.org/umls/C0041834
C0151826,Retrosternal pain,Retrosternal pain (SideEffect),CC BY-NC-SA 4.0,UMLS via SIDER 4.1,http://identifiers.org/umls/C0151826
C0151505,Application site reaction,Application site reaction (SideEffect),CC BY-NC-SA 4.0,UMLS via SIDER 4.1,http://identifiers.org/umls/C0151505
C1096188,Puncture site reaction,Puncture site reaction (SideEffect),CC BY-NC-SA 4.0,UMLS via SIDER 4.1,http://identifiers.org/umls/C1096188
C0017563,Gingival disorder,Gingival disorder (SideEffect),CC BY-NC-SA 4.0,UMLS via SIDER 4.1,http://identifiers.org/umls/C0017563
C0020877,Ileitis,Ileitis (SideEffect),CC BY-NC-SA 4.0,UMLS via SIDER 4.1,http://identifiers.org/umls/C0020877
C0424813,Orbital oedema,Orbital oedema (SideEffect),CC BY-NC-SA 4.0,UMLS via SIDER 4.1,http://identifiers.org/umls/C0424813
C0009676,Confusional state,Confusional state (SideEffect),CC BY-NC-SA 4.0,UMLS via SIDER 4.1,http://identifiers.org/umls/C0009676
C1610622,Coital bleeding,Coital bleeding (SideEffect),CC BY-NC-SA 4.0,UMLS via SIDER 4.1,http://identifiers.org/umls/C1610622
C0742007,Catheter sepsis,Catheter sepsis (SideEffect),CC BY-NC-SA 4.0,UMLS via SIDER 4.1,http://identifiers.org/umls/C0742007
C0497209,Conjunctivitis infective,Conjunctivitis infective (SideEffect),CC BY-NC-SA 4.0,UMLS via SIDER 4.1,http://identifiers.org/umls/C0497209
C0549410,Palmar-plantar erythrodysaesthesia syndrome,Palmar-plantar erythrodysaesthesia syndrome (SideEffect),CC BY-NC-SA 4.0,UMLS via SIDER 4.1,http://identifiers.org/umls/C0549410
C0349782,Ischaemic cardiomyopathy,Ischaemic cardiomyopathy (SideEffect),CC BY-NC-SA 4.0,UMLS via SIDER 4.1,http://identifiers.org/umls/C0349782
C0033893,Tension headache,Tension headache (SideEffect),CC BY-NC-SA 4.0,UMLS via SIDER 4.1,http://identifiers.org/umls/C0033893
C0853698,Lymphocyte count increased,Lymphocyte count increased (SideEffect),CC BY-NC-SA 4.0,UMLS via SIDER 4.1,http://identifiers.org/umls/C0853698
C1306600,Radial nerve palsy,Radial nerve palsy (SideEffect),CC BY-NC-SA 4.0,UMLS via SIDER 4.1,http://identifiers.org/umls/C1306600
C0007103,Endometrial neoplasm malignant,Endometrial neoplasm malignant (SideEffect),CC BY-NC-SA 4.0,UMLS via SIDER 4.1,http://identifiers.org/umls/C0007103
C0233481,Worry,Worry (SideEffect),CC BY-NC-SA 4.0,UMLS via SIDER 4.1,http://identifiers.org/umls/C0233481
C1096732,Fungus sputum test positive,Fungus sputum test positive (SideEffect),CC BY-NC-SA 4.0,UMLS via SIDER 4.1,http://identifiers.org/umls/C1096732
C0854985,Lung adenocarcinoma stage I,Lung adenocarcinoma stage I (SideEffect),CC BY-NC-SA 4.0,UMLS via SIDER 4.1,http://identifiers.org/umls/C0854985
C0695236,Tracheostomy infection,Tracheostomy infection (SideEffect),CC BY-NC-SA 4.0,UMLS via SIDER 4.1,http://identifiers.org/umls/C0695236
C0857256,Unwell,Unwell (SideEffect),CC BY-NC-SA 4.0,UMLS via SIDER 4.1,http://identifiers.org/umls/C0857256
C0235524,Vein pain,Vein pain (SideEffect),CC BY-NC-SA 4.0,UMLS via SIDER 4.1,http://identifiers.org/umls/C0235524
C2609174,Tongue pigmentation,Tongue pigmentation (SideEffect),CC BY-NC-SA 4.0,UMLS via SIDER 4.1,http://identifiers.org/umls/C2609174
C1096001,Application site swelling,Application site swelling (SideEffect),CC BY-NC-SA 4.0,UMLS via SIDER 4.1,http://identifiers.org/umls/C1096001
C0235369,Hepatitis granulomatous,Hepatitis granulomatous (SideEffect),CC BY-NC-SA 4.0,UMLS via SIDER 4.1,http://identifiers.org/umls/C0235369
C0555971,Oral infection,Oral infection (SideEffect),CC BY-NC-SA 4.0,UMLS via SIDER 4.1,http://identifiers.org/umls/C0555971
C0863093,Cold symptoms,Cold symptoms (SideEffect),CC BY-NC-SA 4.0,UMLS via SIDER 4.1,http://identifiers.org/umls/C0863093
C0020429,Hyperpathia,Hyperpathia (SideEffect),CC BY-NC-SA 4.0,UMLS via SIDER 4.1,http://identifiers.org/umls/C0020429
C0425946,Short period,Short period (SideEffect),CC BY-NC-SA 4.0,UMLS via SIDER 4.1,http://identifiers.org/umls/C0425946
C0001807,Aggression,Aggression (SideEffect),CC BY-NC-SA 4.0,UMLS via SIDER 4.1,http://identifiers.org/umls/C0001807
C0856880,Urea increased,Urea increased (SideEffect),CC BY-NC-SA 4.0,UMLS via SIDER 4.1,http://identifiers.org/umls/C0856880
C0016664,Stress fracture,Stress fracture (SideEffect),CC BY-NC-SA 4.0,UMLS via SIDER 4.1,http://identifiers.org/umls/C0016664
C0302313,Osteolytic lesion,Osteolytic lesion (SideEffect),CC BY-NC-SA 4.0,UMLS via SIDER 4.1,http://identifiers.org/umls/C0302313
C0877609,Alertness decreased,Alertness decreased (SideEffect),CC BY-NC-SA 4.0,UMLS via SIDER 4.1,http://identifiers.org/umls/C0877609
C0235234,Dry throat,Dry throat (SideEffect),CC BY-NC-SA 4.0,UMLS via SIDER 4.1,http://identifiers.org/umls/C0235234
C0151689,Hair discoloration,Hair discoloration (SideEffect),CC BY-NC-SA 4.0,UMLS via SIDER 4.1,http://identifiers.org/umls/C0151689
C1735634,Acute allograft rejection,Acute allograft rejection (SideEffect),CC BY-NC-SA 4.0,UMLS via SIDER 4.1,http://identifiers.org/umls/C1735634
C0035222,Acute respiratory distress syndrome,Acute respiratory distress syndrome (SideEffect),CC BY-NC-SA 4.0,UMLS via SIDER 4.1,http://identifiers.org/umls/C0035222
C0016512,Foot pain,Foot pain (SideEffect),CC BY-NC-SA 4.0,UMLS via SIDER 4.1,http://identifiers.org/umls/C0016512
C0267373,Intestinal haemorrhage,Intestinal haemorrhage (SideEffect),CC BY-NC-SA 4.0,UMLS via SIDER 4.1,http://identifiers.org/umls/C0267373
C0235487,Embolism limb,Embolism limb (SideEffect),CC BY-NC-SA 4.0,UMLS via SIDER 4.1,http://identifiers.org/umls/C0235487
C0221265,Microcytosis,Microcytosis (SideEffect),CC BY-NC-SA 4.0,UMLS via SIDER 4.1,http://identifiers.org/umls/C0221265
C0276252,Cytomegalovirus hepatitis,Cytomegalovirus hepatitis (SideEffect),CC BY-NC-SA 4.0,UMLS via SIDER 4.1,http://identifiers.org/umls/C0276252
C0024623,Gastric cancer,Gastric cancer (SideEffect),CC BY-NC-SA 4.0,UMLS via SIDER 4.1,http://identifiers.org/umls/C0024623
C1536070,Renal insufficiency aggravated,Renal insufficiency aggravated (SideEffect),CC BY-NC-SA 4.0,UMLS via SIDER 4.1,http://identifiers.org/umls/C1536070
C0035305,Retinal detachment,Retinal detachment (SideEffect),CC BY-NC-SA 4.0,UMLS via SIDER 4.1,http://identifiers.org/umls/C0035305
C0751711,Anterior ischemic optic neuropathy,Anterior ischemic optic neuropathy (SideEffect),CC BY-NC-SA 4.0,UMLS via SIDER 4.1,http://identifiers.org/umls/C0751711
C0236141,Electrocardiogram abnormal specific,Electrocardiogram abnormal specific (SideEffect),CC BY-NC-SA 4.0,UMLS via SIDER 4.1,http://identifiers.org/umls/C0236141
C0339434,Choroidal effusion,Choroidal effusion (SideEffect),CC BY-NC-SA 4.0,UMLS via SIDER 4.1,http://identifiers.org/umls/C0339434
C1696157,Gastrointestinal stoma complication,Gastrointestinal stoma complication (SideEffect),CC BY-NC-SA 4.0,UMLS via SIDER 4.1,http://identifiers.org/umls/C1696157
C1963964,Periungual erythema,Periungual erythema (SideEffect),CC BY-NC-SA 4.0,UMLS via SIDER 4.1,http://identifiers.org/umls/C1963964
C0037384,Snoring,Snoring (SideEffect),CC BY-NC-SA 4.0,UMLS via SIDER 4.1,http://identifiers.org/umls/C0037384
C0241157,Pustule,Pustule (SideEffect),CC BY-NC-SA 4.0,UMLS via SIDER 4.1,http://identifiers.org/umls/C0241157
C0030807,Pemphigus,Pemphigus (SideEffect),CC BY-NC-SA 4.0,UMLS via SIDER 4.1,http://identifiers.org/umls/C0030807
C0013220,Drug tolerance,Drug tolerance (SideEffect),CC BY-NC-SA 4.0,UMLS via SIDER 4.1,http://identifiers.org/umls/C0013220
C0270276,Grey syndrome neonatal,Grey syndrome neonatal (SideEffect),CC BY-NC-SA 4.0,UMLS via SIDER 4.1,http://identifiers.org/umls/C0270276
C0424790,Rigors,Rigors (SideEffect),CC BY-NC-SA 4.0,UMLS via SIDER 4.1,http://identifiers.org/umls/C0424790
C1142523,Hypothrombinaemia,Hypothrombinaemia (SideEffect),CC BY-NC-SA 4.0,UMLS via SIDER 4.1,http://identifiers.org/umls/C1142523
C0271321,Madarosis,Madarosis (SideEffect),CC BY-NC-SA 4.0,UMLS via SIDER 4.1,http://identifiers.org/umls/C0271321
C0017152,Gastritis,Gastritis (SideEffect),CC BY-NC-SA 4.0,UMLS via SIDER 4.1,http://identifiers.org/umls/C0017152
C0151828,Injection site pain,Injection site pain (SideEffect),CC BY-NC-SA 4.0,UMLS via SIDER 4.1,http://identifiers.org/umls/C0151828
C0856150,Spinal haematoma,Spinal haematoma (SideEffect),CC BY-NC-SA 4.0,UMLS via SIDER 4.1,http://identifiers.org/umls/C0856150
C0029119,Opportunistic mycosis,Opportunistic mycosis (SideEffect),CC BY-NC-SA 4.0,UMLS via SIDER 4.1,http://identifiers.org/umls/C0029119
C0037763,Muscle spasms,Muscle spasms (SideEffect),CC BY-NC-SA 4.0,UMLS via SIDER 4.1,http://identifiers.org/umls/C0037763
C0015403,Eye infection,Eye infection (SideEffect),CC BY-NC-SA 4.0,UMLS via SIDER 4.1,http://identifiers.org/umls/C0015403
C0027796,Neuralgia,Neuralgia (SideEffect),CC BY-NC-SA 4.0,UMLS via SIDER 4.1,http://identifiers.org/umls/C0027796
C3544060,Accidental exposure to product,Accidental exposure to product (SideEffect),CC BY-NC-SA 4.0,UMLS via SIDER 4.1,http://identifiers.org/umls/C3544060
C0232285,Chest pressure sensation of,Chest pressure sensation of (SideEffect),CC BY-NC-SA 4.0,UMLS via SIDER 4.1,http://identifiers.org/umls/C0232285
C0233767,"Hallucination, tactile","Hallucination, tactile (SideEffect)",CC BY-NC-SA 4.0,UMLS via SIDER 4.1,http://identifiers.org/umls/C0233767
C0241910,Autoimmune hepatitis,Autoimmune hepatitis (SideEffect),CC BY-NC-SA 4.0,UMLS via SIDER 4.1,http://identifiers.org/umls/C0241910
C1168188,Intermittent headache,Intermittent headache (SideEffect),CC BY-NC-SA 4.0,UMLS via SIDER 4.1,http://identifiers.org/umls/C1168188
C2242577,Oromandibular dystonia,Oromandibular dystonia (SideEffect),CC BY-NC-SA 4.0,UMLS via SIDER 4.1,http://identifiers.org/umls/C2242577
C0036416,Scleritis,Scleritis (SideEffect),CC BY-NC-SA 4.0,UMLS via SIDER 4.1,http://identifiers.org/umls/C0036416
C0339383,Chorioretinopathy,Chorioretinopathy (SideEffect),CC BY-NC-SA 4.0,UMLS via SIDER 4.1,http://identifiers.org/umls/C0339383
C0855622,Aspartate aminotransferase decreased,Aspartate aminotransferase decreased (SideEffect),CC BY-NC-SA 4.0,UMLS via SIDER 4.1,http://identifiers.org/umls/C0855622
C0002792,Anaphylactic shock,Anaphylactic shock (SideEffect),CC BY-NC-SA 4.0,UMLS via SIDER 4.1,http://identifiers.org/umls/C0002792
C0038325,Stevens-Johnson syndrome,Stevens-Johnson syndrome (SideEffect),CC BY-NC-SA 4.0,UMLS via SIDER 4.1,http://identifiers.org/umls/C0038325
C0034068,Pulmonary eosinophilia,Pulmonary eosinophilia (SideEffect),CC BY-NC-SA 4.0,UMLS via SIDER 4.1,http://identifiers.org/umls/C0034068
C1142272,Neutrophilic dermatosis,Neutrophilic dermatosis (SideEffect),CC BY-NC-SA 4.0,UMLS via SIDER 4.1,http://identifiers.org/umls/C1142272
C1096311,Mucosal discolouration,Mucosal discolouration (SideEffect),CC BY-NC-SA 4.0,UMLS via SIDER 4.1,http://identifiers.org/umls/C1096311
C0039685,Fallot's tetralogy,Fallot's tetralogy (SideEffect),CC BY-NC-SA 4.0,UMLS via SIDER 4.1,http://identifiers.org/umls/C0039685
C1963789,Genital swelling,Genital swelling (SideEffect),CC BY-NC-SA 4.0,UMLS via SIDER 4.1,http://identifiers.org/umls/C1963789
C2712871,Gout attack,Gout attack (SideEffect),CC BY-NC-SA 4.0,UMLS via SIDER 4.1,http://identifiers.org/umls/C2712871
C0858589,Coordination disturbance,Coordination disturbance (SideEffect),CC BY-NC-SA 4.0,UMLS via SIDER 4.1,http://identifiers.org/umls/C0858589
C0877377,Skin tear,Skin tear (SideEffect),CC BY-NC-SA 4.0,UMLS via SIDER 4.1,http://identifiers.org/umls/C0877377
C0455899,Pharyngeal erythema,Pharyngeal erythema (SideEffect),CC BY-NC-SA 4.0,UMLS via SIDER 4.1,http://identifiers.org/umls/C0455899
C0520564,Ileal ulcer,Ileal ulcer (SideEffect),CC BY-NC-SA 4.0,UMLS via SIDER 4.1,http://identifiers.org/umls/C0520564
C0853326,Dyspnoea exacerbated,Dyspnoea exacerbated (SideEffect),CC BY-NC-SA 4.0,UMLS via SIDER 4.1,http://identifiers.org/umls/C0853326
C0240035,Lung fibrosis interstitial,Lung fibrosis interstitial (SideEffect),CC BY-NC-SA 4.0,UMLS via SIDER 4.1,http://identifiers.org/umls/C0240035
C1760428,Suicidal behaviour,Suicidal behaviour (SideEffect),CC BY-NC-SA 4.0,UMLS via SIDER 4.1,http://identifiers.org/umls/C1760428
C0032987,Ectopic pregnancy,Ectopic pregnancy (SideEffect),CC BY-NC-SA 4.0,UMLS via SIDER 4.1,http://identifiers.org/umls/C0032987
C0438242,Blood urea abnormal,Blood urea abnormal (SideEffect),CC BY-NC-SA 4.0,UMLS via SIDER 4.1,http://identifiers.org/umls/C0438242
C0263338,Urticaria chronic,Urticaria chronic (SideEffect),CC BY-NC-SA 4.0,UMLS via SIDER 4.1,http://identifiers.org/umls/C0263338
C0422974,Halo vision,Halo vision (SideEffect),CC BY-NC-SA 4.0,UMLS via SIDER 4.1,http://identifiers.org/umls/C0422974
C0030824,Penicillin allergy,Penicillin allergy (SideEffect),CC BY-NC-SA 4.0,UMLS via SIDER 4.1,http://identifiers.org/umls/C0030824
C0265031,Haemorrhoidal haemorrhage,Haemorrhoidal haemorrhage (SideEffect),CC BY-NC-SA 4.0,UMLS via SIDER 4.1,http://identifiers.org/umls/C0265031
C0008350,Cholelithiasis,Cholelithiasis (SideEffect),CC BY-NC-SA 4.0,UMLS via SIDER 4.1,http://identifiers.org/umls/C0008350
C0235735,Unexpected therapeutic effect,Unexpected therapeutic effect (SideEffect),CC BY-NC-SA 4.0,UMLS via SIDER 4.1,http://identifiers.org/umls/C0235735
C0282612,Prostatic intraepithelial neoplasia,Prostatic intraepithelial neoplasia (SideEffect),CC BY-NC-SA 4.0,UMLS via SIDER 4.1,http://identifiers.org/umls/C0282612
C0024790,Paroxysmal nocturnal haemoglobinuria,Paroxysmal nocturnal haemoglobinuria (SideEffect),CC BY-NC-SA 4.0,UMLS via SIDER 4.1,http://identifiers.org/umls/C0024790
C0151936,Tendon disorder,Tendon disorder (SideEffect),CC BY-NC-SA 4.0,UMLS via SIDER 4.1,http://identifiers.org/umls/C0151936
C0221406,Pituitary-dependent Cushing's syndrome,Pituitary-dependent Cushing's syndrome (SideEffect),CC BY-NC-SA 4.0,UMLS via SIDER 4.1,http://identifiers.org/umls/C0221406
C0541913,Duodenal ulcer aggravated,Duodenal ulcer aggravated (SideEffect),CC BY-NC-SA 4.0,UMLS via SIDER 4.1,http://identifiers.org/umls/C0541913
C0549277,Gastritis aggravated,Gastritis aggravated (SideEffect),CC BY-NC-SA 4.0,UMLS via SIDER 4.1,http://identifiers.org/umls/C0549277
C0861149,Proarrhythmic effect,Proarrhythmic effect (SideEffect),CC BY-NC-SA 4.0,UMLS via SIDER 4.1,http://identifiers.org/umls/C0861149
C0009763,Conjunctivitis,Conjunctivitis (SideEffect),CC BY-NC-SA 4.0,UMLS via SIDER 4.1,http://identifiers.org/umls/C0009763
C0857153,Nodal block,Nodal block (SideEffect),CC BY-NC-SA 4.0,UMLS via SIDER 4.1,http://identifiers.org/umls/C0857153
C0240173,Shift to the left,Shift to the left (SideEffect),CC BY-NC-SA 4.0,UMLS via SIDER 4.1,http://identifiers.org/umls/C0240173
C0853068,Glomerular filtration rate decreased,Glomerular filtration rate decreased (SideEffect),CC BY-NC-SA 4.0,UMLS via SIDER 4.1,http://identifiers.org/umls/C0853068
C0521464,Skin oedema,Skin oedema (SideEffect),CC BY-NC-SA 4.0,UMLS via SIDER 4.1,http://identifiers.org/umls/C0521464
C0027960,Nevus,Nevus (SideEffect),CC BY-NC-SA 4.0,UMLS via SIDER 4.1,http://identifiers.org/umls/C0027960
C0027709,Nephrocalcinosis,Nephrocalcinosis (SideEffect),CC BY-NC-SA 4.0,UMLS via SIDER 4.1,http://identifiers.org/umls/C0027709
C0149642,Cervical adenitis,Cervical adenitis (SideEffect),CC BY-NC-SA 4.0,UMLS via SIDER 4.1,http://identifiers.org/umls/C0149642
C0205875,Papillomatosis,Papillomatosis (SideEffect),CC BY-NC-SA 4.0,UMLS via SIDER 4.1,http://identifiers.org/umls/C0205875
C0152219,Cyclophoria,Cyclophoria (SideEffect),CC BY-NC-SA 4.0,UMLS via SIDER 4.1,http://identifiers.org/umls/C0152219
C0423285,Keratic precipitates,Keratic precipitates (SideEffect),CC BY-NC-SA 4.0,UMLS via SIDER 4.1,http://identifiers.org/umls/C0423285
C0473117,Ischaemic hepatitis,Ischaemic hepatitis (SideEffect),CC BY-NC-SA 4.0,UMLS via SIDER 4.1,http://identifiers.org/umls/C0473117
C0151691,High density lipoprotein decreased,High density lipoprotein decreased (SideEffect),CC BY-NC-SA 4.0,UMLS via SIDER 4.1,http://identifiers.org/umls/C0151691
C0263008,Skin fibrosis,Skin fibrosis (SideEffect),CC BY-NC-SA 4.0,UMLS via SIDER 4.1,http://identifiers.org/umls/C0263008
C0235270,Keratopathy,Keratopathy (SideEffect),CC BY-NC-SA 4.0,UMLS via SIDER 4.1,http://identifiers.org/umls/C0235270
C0001511,Adhesion,Adhesion (SideEffect),CC BY-NC-SA 4.0,UMLS via SIDER 4.1,http://identifiers.org/umls/C0001511
C0155713,Papillary muscle rupture,Papillary muscle rupture (SideEffect),CC BY-NC-SA 4.0,UMLS via SIDER 4.1,http://identifiers.org/umls/C0155713
C0162823,Dermatitis irritant contact,Dermatitis irritant contact (SideEffect),CC BY-NC-SA 4.0,UMLS via SIDER 4.1,http://identifiers.org/umls/C0162823
C0857496,Thromboembolic event,Thromboembolic event (SideEffect),CC BY-NC-SA 4.0,UMLS via SIDER 4.1,http://identifiers.org/umls/C0857496
C0270629,Extradural abscess,Extradural abscess (SideEffect),CC BY-NC-SA 4.0,UMLS via SIDER 4.1,http://identifiers.org/umls/C0270629
C0269189,Ectropion of cervix,Ectropion of cervix (SideEffect),CC BY-NC-SA 4.0,UMLS via SIDER 4.1,http://identifiers.org/umls/C0269189
C0860967,Calcium low,Calcium low (SideEffect),CC BY-NC-SA 4.0,UMLS via SIDER 4.1,http://identifiers.org/umls/C0860967
C0334660,Intravascular large B-cell lymphoma,Intravascular large B-cell lymphoma (SideEffect),CC BY-NC-SA 4.0,UMLS via SIDER 4.1,http://identifiers.org/umls/C0334660
C0235267,Eye redness,Eye redness (SideEffect),CC BY-NC-SA 4.0,UMLS via SIDER 4.1,http://identifiers.org/umls/C0235267
C0007194,Hypertrophic cardiomyopathy,Hypertrophic cardiomyopathy (SideEffect),CC BY-NC-SA 4.0,UMLS via SIDER 4.1,http://identifiers.org/umls/C0007194
C0750876,Phlebitis superficial,Phlebitis superficial (SideEffect),CC BY-NC-SA 4.0,UMLS via SIDER 4.1,http://identifiers.org/umls/C0750876
C0152149,Ovulation pain,Ovulation pain (SideEffect),CC BY-NC-SA 4.0,UMLS via SIDER 4.1,http://identifiers.org/umls/C0152149
C0264522,Pneumonia hypostatic,Pneumonia hypostatic (SideEffect),CC BY-NC-SA 4.0,UMLS via SIDER 4.1,http://identifiers.org/umls/C0264522
C0281784,Meningioma benign,Meningioma benign (SideEffect),CC BY-NC-SA 4.0,UMLS via SIDER 4.1,http://identifiers.org/umls/C0281784
C0028084,Nightmare,Nightmare (SideEffect),CC BY-NC-SA 4.0,UMLS via SIDER 4.1,http://identifiers.org/umls/C0028084
C0262666,Vulval abscess,Vulval abscess (SideEffect),CC BY-NC-SA 4.0,UMLS via SIDER 4.1,http://identifiers.org/umls/C0262666
C0858899,Attention concentration difficulty,Attention concentration difficulty (SideEffect),CC BY-NC-SA 4.0,UMLS via SIDER 4.1,http://identifiers.org/umls/C0858899
C0344320,Vivid dreams,Vivid dreams (SideEffect),CC BY-NC-SA 4.0,UMLS via SIDER 4.1,http://identifiers.org/umls/C0344320
C0085786,Hamman-Rich syndrome,Hamman-Rich syndrome (SideEffect),CC BY-NC-SA 4.0,UMLS via SIDER 4.1,http://identifiers.org/umls/C0085786
C0001125,Lactic acidosis,Lactic acidosis (SideEffect),CC BY-NC-SA 4.0,UMLS via SIDER 4.1,http://identifiers.org/umls/C0001125
C0581386,Chronic anxiety,Chronic anxiety (SideEffect),CC BY-NC-SA 4.0,UMLS via SIDER 4.1,http://identifiers.org/umls/C0581386
C0151981,Peptic ulcer reactivated,Peptic ulcer reactivated (SideEffect),CC BY-NC-SA 4.0,UMLS via SIDER 4.1,http://identifiers.org/umls/C0151981
C0036093,Salivary gland disorder,Salivary gland disorder (SideEffect),CC BY-NC-SA 4.0,UMLS via SIDER 4.1,http://identifiers.org/umls/C0036093
C0520539,Hypertensive episode,Hypertensive episode (SideEffect),CC BY-NC-SA 4.0,UMLS via SIDER 4.1,http://identifiers.org/umls/C0520539
C0553668,Labored breathing,Labored breathing (SideEffect),CC BY-NC-SA 4.0,UMLS via SIDER 4.1,http://identifiers.org/umls/C0553668
C0041657,Loss of consciousness,Loss of consciousness (SideEffect),CC BY-NC-SA 4.0,UMLS via SIDER 4.1,http://identifiers.org/umls/C0041657
C1306503,Exomphalos,Exomphalos (SideEffect),CC BY-NC-SA 4.0,UMLS via SIDER 4.1,http://identifiers.org/umls/C1306503
C0151559,CNS depression NOS,CNS depression NOS (SideEffect),CC BY-NC-SA 4.0,UMLS via SIDER 4.1,http://identifiers.org/umls/C0151559
C0239276,Eosinophiluria,Eosinophiluria (SideEffect),CC BY-NC-SA 4.0,UMLS via SIDER 4.1,http://identifiers.org/umls/C0239276
C2363949,Injection site exfoliation,Injection site exfoliation (SideEffect),CC BY-NC-SA 4.0,UMLS via SIDER 4.1,http://identifiers.org/umls/C2363949
C1519353,Rash papular,Rash papular (SideEffect),CC BY-NC-SA 4.0,UMLS via SIDER 4.1,http://identifiers.org/umls/C1519353
C0740394,Hyperuricaemia,Hyperuricaemia (SideEffect),CC BY-NC-SA 4.0,UMLS via SIDER 4.1,http://identifiers.org/umls/C0740394
C0391870,Red blood cell abnormality,Red blood cell abnormality (SideEffect),CC BY-NC-SA 4.0,UMLS via SIDER 4.1,http://identifiers.org/umls/C0391870
C0014858,Oesophageal motility disorder,Oesophageal motility disorder (SideEffect),CC BY-NC-SA 4.0,UMLS via SIDER 4.1,http://identifiers.org/umls/C0014858
C1696704,Ovarian haemorrhage,Ovarian haemorrhage (SideEffect),CC BY-NC-SA 4.0,UMLS via SIDER 4.1,http://identifiers.org/umls/C1696704
C0002726,Amyloidosis,Amyloidosis (SideEffect),CC BY-NC-SA 4.0,UMLS via SIDER 4.1,http://identifiers.org/umls/C0002726
C0948349,Respiratory tract congestion,Respiratory tract congestion (SideEffect),CC BY-NC-SA 4.0,UMLS via SIDER 4.1,http://identifiers.org/umls/C0948349
C0857117,Hand rash,Hand rash (SideEffect),CC BY-NC-SA 4.0,UMLS via SIDER 4.1,http://identifiers.org/umls/C0857117
C0080233,Tooth loss,Tooth loss (SideEffect),CC BY-NC-SA 4.0,UMLS via SIDER 4.1,http://identifiers.org/umls/C0080233
C1260922,Respiration abnormal,Respiration abnormal (SideEffect),CC BY-NC-SA 4.0,UMLS via SIDER 4.1,http://identifiers.org/umls/C1260922
C0559031,Functional gastrointestinal disorder,Functional gastrointestinal disorder (SideEffect),CC BY-NC-SA 4.0,UMLS via SIDER 4.1,http://identifiers.org/umls/C0559031
C0860645,Bizarre dreams,Bizarre dreams (SideEffect),CC BY-NC-SA 4.0,UMLS via SIDER 4.1,http://identifiers.org/umls/C0860645
C0235630,Renal failure aggravated,Renal failure aggravated (SideEffect),CC BY-NC-SA 4.0,UMLS via SIDER 4.1,http://identifiers.org/umls/C0235630
C0037036,Salivary hypersecretion,Salivary hypersecretion (SideEffect),CC BY-NC-SA 4.0,UMLS via SIDER 4.1,http://identifiers.org/umls/C0037036
C0920289,Sluggishness,Sluggishness (SideEffect),CC BY-NC-SA 4.0,UMLS via SIDER 4.1,http://identifiers.org/umls/C0920289
C0264523,Pulmonary ossification,Pulmonary ossification (SideEffect),CC BY-NC-SA 4.0,UMLS via SIDER 4.1,http://identifiers.org/umls/C0264523
C0040434,Tooth discolouration,Tooth discolouration (SideEffect),CC BY-NC-SA 4.0,UMLS via SIDER 4.1,http://identifiers.org/umls/C0040434
C0031154,Peritonitis,Peritonitis (SideEffect),CC BY-NC-SA 4.0,UMLS via SIDER 4.1,http://identifiers.org/umls/C0031154
C0434437,Joint sprain,Joint sprain (SideEffect),CC BY-NC-SA 4.0,UMLS via SIDER 4.1,http://identifiers.org/umls/C0434437
C3665418,Labile hypertension,Labile hypertension (SideEffect),CC BY-NC-SA 4.0,UMLS via SIDER 4.1,http://identifiers.org/umls/C3665418
C1698400,Incision site oedema,Incision site oedema (SideEffect),CC BY-NC-SA 4.0,UMLS via SIDER 4.1,http://identifiers.org/umls/C1698400
C0877661,Application site burn,Application site burn (SideEffect),CC BY-NC-SA 4.0,UMLS via SIDER 4.1,http://identifiers.org/umls/C0877661
C0235678,Vaginal odour,Vaginal odour (SideEffect),CC BY-NC-SA 4.0,UMLS via SIDER 4.1,http://identifiers.org/umls/C0235678
C0423636,Cardiac pain,Cardiac pain (SideEffect),CC BY-NC-SA 4.0,UMLS via SIDER 4.1,http://identifiers.org/umls/C0423636
C0038663,Suicide attempt,Suicide attempt (SideEffect),CC BY-NC-SA 4.0,UMLS via SIDER 4.1,http://identifiers.org/umls/C0038663
C0027830,Neurofibroma,Neurofibroma (SideEffect),CC BY-NC-SA 4.0,UMLS via SIDER 4.1,http://identifiers.org/umls/C0027830
C0853050,Blood acid phosphatase increased,Blood acid phosphatase increased (SideEffect),CC BY-NC-SA 4.0,UMLS via SIDER 4.1,http://identifiers.org/umls/C0853050
C0085615,Bundle branch block right,Bundle branch block right (SideEffect),CC BY-NC-SA 4.0,UMLS via SIDER 4.1,http://identifiers.org/umls/C0085615
C0857257,Bloated feeling,Bloated feeling (SideEffect),CC BY-NC-SA 4.0,UMLS via SIDER 4.1,http://identifiers.org/umls/C0857257
C0021843,Intestinal obstruction,Intestinal obstruction (SideEffect),CC BY-NC-SA 4.0,UMLS via SIDER 4.1,http://identifiers.org/umls/C0021843
C0438241,Blood urea normal,Blood urea normal (SideEffect),CC BY-NC-SA 4.0,UMLS via SIDER 4.1,http://identifiers.org/umls/C0438241
C0025500,Mesothelioma,Mesothelioma (SideEffect),CC BY-NC-SA 4.0,UMLS via SIDER 4.1,http://identifiers.org/umls/C0025500
C0240873,Rectal mass,Rectal mass (SideEffect),CC BY-NC-SA 4.0,UMLS via SIDER 4.1,http://identifiers.org/umls/C0240873
C0853761,Blood potassium decreased,Blood potassium decreased (SideEffect),CC BY-NC-SA 4.0,UMLS via SIDER 4.1,http://identifiers.org/umls/C0853761
C0038353,Gastric dilatation,Gastric dilatation (SideEffect),CC BY-NC-SA 4.0,UMLS via SIDER 4.1,http://identifiers.org/umls/C0038353
C0745091,Hypereosinophilia,Hypereosinophilia (SideEffect),CC BY-NC-SA 4.0,UMLS via SIDER 4.1,http://identifiers.org/umls/C0745091
C1610069,Circulatory depression,Circulatory depression (SideEffect),CC BY-NC-SA 4.0,UMLS via SIDER 4.1,http://identifiers.org/umls/C1610069
C1291077,Abdominal bloating,Abdominal bloating (SideEffect),CC BY-NC-SA 4.0,UMLS via SIDER 4.1,http://identifiers.org/umls/C1291077
C0549374,Lumbar disc lesion,Lumbar disc lesion (SideEffect),CC BY-NC-SA 4.0,UMLS via SIDER 4.1,http://identifiers.org/umls/C0549374
C0033075,Presbyopia,Presbyopia (SideEffect),CC BY-NC-SA 4.0,UMLS via SIDER 4.1,http://identifiers.org/umls/C0033075
C0232861,Penile discharge,Penile discharge (SideEffect),CC BY-NC-SA 4.0,UMLS via SIDER 4.1,http://identifiers.org/umls/C0232861
C0302314,Xanthoma,Xanthoma (SideEffect),CC BY-NC-SA 4.0,UMLS via SIDER 4.1,http://identifiers.org/umls/C0302314
C0270922,Demyelinating polyneuropathy,Demyelinating polyneuropathy (SideEffect),CC BY-NC-SA 4.0,UMLS via SIDER 4.1,http://identifiers.org/umls/C0270922
C0149881,Epididymo-orchitis,Epididymo-orchitis (SideEffect),CC BY-NC-SA 4.0,UMLS via SIDER 4.1,http://identifiers.org/umls/C0149881
C0079043,Bronchoconstriction,Bronchoconstriction (SideEffect),CC BY-NC-SA 4.0,UMLS via SIDER 4.1,http://identifiers.org/umls/C0079043
C0016033,Fibrocystic disease,Fibrocystic disease (SideEffect),CC BY-NC-SA 4.0,UMLS via SIDER 4.1,http://identifiers.org/umls/C0016033
C0235942,Skull malformation,Skull malformation (SideEffect),CC BY-NC-SA 4.0,UMLS via SIDER 4.1,http://identifiers.org/umls/C0235942
C0549385,Feeling of body temperature change,Feeling of body temperature change (SideEffect),CC BY-NC-SA 4.0,UMLS via SIDER 4.1,http://identifiers.org/umls/C0549385
C0007766,Intracranial aneurysm,Intracranial aneurysm (SideEffect),CC BY-NC-SA 4.0,UMLS via SIDER 4.1,http://identifiers.org/umls/C0007766
C0270729,Drug-induced parkinsonism,Drug-induced parkinsonism (SideEffect),CC BY-NC-SA 4.0,UMLS via SIDER 4.1,http://identifiers.org/umls/C0270729
C0237326,Dyschezia,Dyschezia (SideEffect),CC BY-NC-SA 4.0,UMLS via SIDER 4.1,http://identifiers.org/umls/C0237326
C1510412,Vascular pseudoaneurysm,Vascular pseudoaneurysm (SideEffect),CC BY-NC-SA 4.0,UMLS via SIDER 4.1,http://identifiers.org/umls/C1510412
C0542571,Face oedema,Face oedema (SideEffect),CC BY-NC-SA 4.0,UMLS via SIDER 4.1,http://identifiers.org/umls/C0542571
C0005743,Blepharoconjunctivitis,Blepharoconjunctivitis (SideEffect),CC BY-NC-SA 4.0,UMLS via SIDER 4.1,http://identifiers.org/umls/C0005743
C0269842,Uterine hypertonus,Uterine hypertonus (SideEffect),CC BY-NC-SA 4.0,UMLS via SIDER 4.1,http://identifiers.org/umls/C0269842
C0235988,Serum iron decreased,Serum iron decreased (SideEffect),CC BY-NC-SA 4.0,UMLS via SIDER 4.1,http://identifiers.org/umls/C0235988
C0687133,Drug interaction,Drug interaction (SideEffect),CC BY-NC-SA 4.0,UMLS via SIDER 4.1,http://identifiers.org/umls/C0687133
C0549322,Eyelid infection,Eyelid infection (SideEffect),CC BY-NC-SA 4.0,UMLS via SIDER 4.1,http://identifiers.org/umls/C0549322
C0234939,Inflammatory swelling,Inflammatory swelling (SideEffect),CC BY-NC-SA 4.0,UMLS via SIDER 4.1,http://identifiers.org/umls/C0234939
C0028043,Nicotine dependence,Nicotine dependence (SideEffect),CC BY-NC-SA 4.0,UMLS via SIDER 4.1,http://identifiers.org/umls/C0028043
C0151649,Injection site fibrosis,Injection site fibrosis (SideEffect),CC BY-NC-SA 4.0,UMLS via SIDER 4.1,http://identifiers.org/umls/C0151649
C0085610,Sinus bradycardia,Sinus bradycardia (SideEffect),CC BY-NC-SA 4.0,UMLS via SIDER 4.1,http://identifiers.org/umls/C0085610
C0740399,Auditory and visual hallucinations,Auditory and visual hallucinations (SideEffect),CC BY-NC-SA 4.0,UMLS via SIDER 4.1,http://identifiers.org/umls/C0740399
C0013336,Dwarfism,Dwarfism (SideEffect),CC BY-NC-SA 4.0,UMLS via SIDER 4.1,http://identifiers.org/umls/C0013336
C0588128,Implant infection,Implant infection (SideEffect),CC BY-NC-SA 4.0,UMLS via SIDER 4.1,http://identifiers.org/umls/C0588128
C0015732,Faecal incontinence,Faecal incontinence (SideEffect),CC BY-NC-SA 4.0,UMLS via SIDER 4.1,http://identifiers.org/umls/C0015732
C0006118,Brain neoplasm,Brain neoplasm (SideEffect),CC BY-NC-SA 4.0,UMLS via SIDER 4.1,http://identifiers.org/umls/C0006118
C0233773,Hypnagogic hallucination,Hypnagogic hallucination (SideEffect),CC BY-NC-SA 4.0,UMLS via SIDER 4.1,http://identifiers.org/umls/C0233773
C1610049,Application site exfoliation,Application site exfoliation (SideEffect),CC BY-NC-SA 4.0,UMLS via SIDER 4.1,http://identifiers.org/umls/C1610049
C0240182,Leukonychia,Leukonychia (SideEffect),CC BY-NC-SA 4.0,UMLS via SIDER 4.1,http://identifiers.org/umls/C0240182
C0013415,Dysthymic disorder,Dysthymic disorder (SideEffect),CC BY-NC-SA 4.0,UMLS via SIDER 4.1,http://identifiers.org/umls/C0013415
C0027092,Myopia,Myopia (SideEffect),CC BY-NC-SA 4.0,UMLS via SIDER 4.1,http://identifiers.org/umls/C0027092
C0263355,Rash scarlatiniform,Rash scarlatiniform (SideEffect),CC BY-NC-SA 4.0,UMLS via SIDER 4.1,http://identifiers.org/umls/C0263355
C0235520,Femoral artery thrombosis,Femoral artery thrombosis (SideEffect),CC BY-NC-SA 4.0,UMLS via SIDER 4.1,http://identifiers.org/umls/C0235520
C0042907,Vitreous detachment,Vitreous detachment (SideEffect),CC BY-NC-SA 4.0,UMLS via SIDER 4.1,http://identifiers.org/umls/C0042907
C0018817,Atrial septal defect,Atrial septal defect (SideEffect),CC BY-NC-SA 4.0,UMLS via SIDER 4.1,http://identifiers.org/umls/C0018817
C0231856,Breath sounds abnormal,Breath sounds abnormal (SideEffect),CC BY-NC-SA 4.0,UMLS via SIDER 4.1,http://identifiers.org/umls/C0231856
C0574068,Rib pain,Rib pain (SideEffect),CC BY-NC-SA 4.0,UMLS via SIDER 4.1,http://identifiers.org/umls/C0574068
C1112369,Paranasal sinus hypersecretion,Paranasal sinus hypersecretion (SideEffect),CC BY-NC-SA 4.0,UMLS via SIDER 4.1,http://identifiers.org/umls/C1112369
C1167863,Retinogram abnormal,Retinogram abnormal (SideEffect),CC BY-NC-SA 4.0,UMLS via SIDER 4.1,http://identifiers.org/umls/C1167863
C0854717,Corneal epithelium disorder,Corneal epithelium disorder (SideEffect),CC BY-NC-SA 4.0,UMLS via SIDER 4.1,http://identifiers.org/umls/C0854717
C0041976,Urethritis,Urethritis (SideEffect),CC BY-NC-SA 4.0,UMLS via SIDER 4.1,http://identifiers.org/umls/C0041976
C0080179,Spinal fracture,Spinal fracture (SideEffect),CC BY-NC-SA 4.0,UMLS via SIDER 4.1,http://identifiers.org/umls/C0080179
C0877167,Psychomotor skills impaired,Psychomotor skills impaired (SideEffect),CC BY-NC-SA 4.0,UMLS via SIDER 4.1,http://identifiers.org/umls/C0877167
C0004096,Asthma,Asthma (SideEffect),CC BY-NC-SA 4.0,UMLS via SIDER 4.1,http://identifiers.org/umls/C0004096
C0948396,Frequent headaches,Frequent headaches (SideEffect),CC BY-NC-SA 4.0,UMLS via SIDER 4.1,http://identifiers.org/umls/C0948396
C0006826,Neoplasm malignant,Neoplasm malignant (SideEffect),CC BY-NC-SA 4.0,UMLS via SIDER 4.1,http://identifiers.org/umls/C0006826
C0151966,Duodenal ulcer haemorrhage,Duodenal ulcer haemorrhage (SideEffect),CC BY-NC-SA 4.0,UMLS via SIDER 4.1,http://identifiers.org/umls/C0151966
C0235248,Vasoconstriction peripheral,Vasoconstriction peripheral (SideEffect),CC BY-NC-SA 4.0,UMLS via SIDER 4.1,http://identifiers.org/umls/C0235248
C0007682,Central nervous system disorder,Central nervous system disorder (SideEffect),CC BY-NC-SA 4.0,UMLS via SIDER 4.1,http://identifiers.org/umls/C0007682
C0521508,Injection site bruising,Injection site bruising (SideEffect),CC BY-NC-SA 4.0,UMLS via SIDER 4.1,http://identifiers.org/umls/C0521508
C1861172,Venous thromboembolism,Venous thromboembolism (SideEffect),CC BY-NC-SA 4.0,UMLS via SIDER 4.1,http://identifiers.org/umls/C1861172
C1688637,Intraoperative floppy iris syndrome,Intraoperative floppy iris syndrome (SideEffect),CC BY-NC-SA 4.0,UMLS via SIDER 4.1,http://identifiers.org/umls/C1688637
C0595939,Stillbirth,Stillbirth (SideEffect),CC BY-NC-SA 4.0,UMLS via SIDER 4.1,http://identifiers.org/umls/C0595939
C0281773,Acute glaucoma,Acute glaucoma (SideEffect),CC BY-NC-SA 4.0,UMLS via SIDER 4.1,http://identifiers.org/umls/C0281773
C0549391,Bladder discomfort,Bladder discomfort (SideEffect),CC BY-NC-SA 4.0,UMLS via SIDER 4.1,http://identifiers.org/umls/C0549391
C0039242,Tachyphylaxis,Tachyphylaxis (SideEffect),CC BY-NC-SA 4.0,UMLS via SIDER 4.1,http://identifiers.org/umls/C0039242
C0003862,Arthralgia,Arthralgia (SideEffect),CC BY-NC-SA 4.0,UMLS via SIDER 4.1,http://identifiers.org/umls/C0003862
C0456495,Ear canal erythema,Ear canal erythema (SideEffect),CC BY-NC-SA 4.0,UMLS via SIDER 4.1,http://identifiers.org/umls/C0456495
C0235074,Tongue paralysis,Tongue paralysis (SideEffect),CC BY-NC-SA 4.0,UMLS via SIDER 4.1,http://identifiers.org/umls/C0235074
C3203457,Procedural haemorrhage,Procedural haemorrhage (SideEffect),CC BY-NC-SA 4.0,UMLS via SIDER 4.1,http://identifiers.org/umls/C3203457
C0920166,Catheter site haemorrhage,Catheter site haemorrhage (SideEffect),CC BY-NC-SA 4.0,UMLS via SIDER 4.1,http://identifiers.org/umls/C0920166
C0027441,Nasopharyngitis,Nasopharyngitis (SideEffect),CC BY-NC-SA 4.0,UMLS via SIDER 4.1,http://identifiers.org/umls/C0027441
C0232943,Menometrorrhagia,Menometrorrhagia (SideEffect),CC BY-NC-SA 4.0,UMLS via SIDER 4.1,http://identifiers.org/umls/C0232943
C0221742,Serum sickness-like reaction,Serum sickness-like reaction (SideEffect),CC BY-NC-SA 4.0,UMLS via SIDER 4.1,http://identifiers.org/umls/C0221742
C0263465,Skin xerosis,Skin xerosis (SideEffect),CC BY-NC-SA 4.0,UMLS via SIDER 4.1,http://identifiers.org/umls/C0263465
C1096368,Mean platelet volume decreased,Mean platelet volume decreased (SideEffect),CC BY-NC-SA 4.0,UMLS via SIDER 4.1,http://identifiers.org/umls/C1096368
C0235416,Blood uric acid increased,Blood uric acid increased (SideEffect),CC BY-NC-SA 4.0,UMLS via SIDER 4.1,http://identifiers.org/umls/C0235416
C1384606,Dyspareunia,Dyspareunia (SideEffect),CC BY-NC-SA 4.0,UMLS via SIDER 4.1,http://identifiers.org/umls/C1384606
C0264995,Arterial occlusion,Arterial occlusion (SideEffect),CC BY-NC-SA 4.0,UMLS via SIDER 4.1,http://identifiers.org/umls/C0264995
C0152006,Vitreous opacities,Vitreous opacities (SideEffect),CC BY-NC-SA 4.0,UMLS via SIDER 4.1,http://identifiers.org/umls/C0152006
C0312414,Spotting menstrual,Spotting menstrual (SideEffect),CC BY-NC-SA 4.0,UMLS via SIDER 4.1,http://identifiers.org/umls/C0312414
C0013312,Dupuytren's contracture,Dupuytren's contracture (SideEffect),CC BY-NC-SA 4.0,UMLS via SIDER 4.1,http://identifiers.org/umls/C0013312
C0235511,Superficial phlebothrombosis,Superficial phlebothrombosis (SideEffect),CC BY-NC-SA 4.0,UMLS via SIDER 4.1,http://identifiers.org/umls/C0235511
C0149985,Secondary syphilis,Secondary syphilis (SideEffect),CC BY-NC-SA 4.0,UMLS via SIDER 4.1,http://identifiers.org/umls/C0149985
C0020162,Humerus fracture,Humerus fracture (SideEffect),CC BY-NC-SA 4.0,UMLS via SIDER 4.1,http://identifiers.org/umls/C0020162
C1112210,Catheter site infection,Catheter site infection (SideEffect),CC BY-NC-SA 4.0,UMLS via SIDER 4.1,http://identifiers.org/umls/C1112210
C0022638,Ketosis,Ketosis (SideEffect),CC BY-NC-SA 4.0,UMLS via SIDER 4.1,http://identifiers.org/umls/C0022638
C0264907,Wenckebach phenomenon,Wenckebach phenomenon (SideEffect),CC BY-NC-SA 4.0,UMLS via SIDER 4.1,http://identifiers.org/umls/C0264907
C0018816,Cardiac septal defect,Cardiac septal defect (SideEffect),CC BY-NC-SA 4.0,UMLS via SIDER 4.1,http://identifiers.org/umls/C0018816
C0428196,Bicarbonate level,Bicarbonate level (SideEffect),CC BY-NC-SA 4.0,UMLS via SIDER 4.1,http://identifiers.org/umls/C0428196
C0206062,Interstitial lung disease,Interstitial lung disease (SideEffect),CC BY-NC-SA 4.0,UMLS via SIDER 4.1,http://identifiers.org/umls/C0206062
C0023449,Acute lymphocytic leukaemia,Acute lymphocytic leukaemia (SideEffect),CC BY-NC-SA 4.0,UMLS via SIDER 4.1,http://identifiers.org/umls/C0023449
C0267596,Rectal haemorrhage,Rectal haemorrhage (SideEffect),CC BY-NC-SA 4.0,UMLS via SIDER 4.1,http://identifiers.org/umls/C0267596
C0035309,Retinal disorder,Retinal disorder (SideEffect),CC BY-NC-SA 4.0,UMLS via SIDER 4.1,http://identifiers.org/umls/C0035309
C0427086,Movements involuntary,Movements involuntary (SideEffect),CC BY-NC-SA 4.0,UMLS via SIDER 4.1,http://identifiers.org/umls/C0427086
C1096176,Mitochondrial toxicity,Mitochondrial toxicity (SideEffect),CC BY-NC-SA 4.0,UMLS via SIDER 4.1,http://identifiers.org/umls/C1096176
C1262144,Increased bronchial secretion,Increased bronchial secretion (SideEffect),CC BY-NC-SA 4.0,UMLS via SIDER 4.1,http://identifiers.org/umls/C1262144
C0878588,Sphincter of Oddi dysfunction,Sphincter of Oddi dysfunction (SideEffect),CC BY-NC-SA 4.0,UMLS via SIDER 4.1,http://identifiers.org/umls/C0878588
C0522035,Upper limb oedema,Upper limb oedema (SideEffect),CC BY-NC-SA 4.0,UMLS via SIDER 4.1,http://identifiers.org/umls/C0522035
C1096717,Pain during injection,Pain during injection (SideEffect),CC BY-NC-SA 4.0,UMLS via SIDER 4.1,http://identifiers.org/umls/C1096717
C0877517,Blood phosphorus decreased,Blood phosphorus decreased (SideEffect),CC BY-NC-SA 4.0,UMLS via SIDER 4.1,http://identifiers.org/umls/C0877517
C0023212,Left ventricular failure,Left ventricular failure (SideEffect),CC BY-NC-SA 4.0,UMLS via SIDER 4.1,http://identifiers.org/umls/C0023212
C0026769,Multiple sclerosis,Multiple sclerosis (SideEffect),CC BY-NC-SA 4.0,UMLS via SIDER 4.1,http://identifiers.org/umls/C0026769
C0854456,Cellulitis gangrenous,Cellulitis gangrenous (SideEffect),CC BY-NC-SA 4.0,UMLS via SIDER 4.1,http://identifiers.org/umls/C0854456
C0085655,Polymyositis,Polymyositis (SideEffect),CC BY-NC-SA 4.0,UMLS via SIDER 4.1,http://identifiers.org/umls/C0085655
C0034359,Pyuria,Pyuria (SideEffect),CC BY-NC-SA 4.0,UMLS via SIDER 4.1,http://identifiers.org/umls/C0034359
C1096460,Infusion site phlebitis,Infusion site phlebitis (SideEffect),CC BY-NC-SA 4.0,UMLS via SIDER 4.1,http://identifiers.org/umls/C1096460
C0242656,Disease progression,Disease progression (SideEffect),CC BY-NC-SA 4.0,UMLS via SIDER 4.1,http://identifiers.org/umls/C0242656
C0235272,Retinal damage,Retinal damage (SideEffect),CC BY-NC-SA 4.0,UMLS via SIDER 4.1,http://identifiers.org/umls/C0235272
C0022660,Renal failure acute,Renal failure acute (SideEffect),CC BY-NC-SA 4.0,UMLS via SIDER 4.1,http://identifiers.org/umls/C0022660
C0259817,Xerosis,Xerosis (SideEffect),CC BY-NC-SA 4.0,UMLS via SIDER 4.1,http://identifiers.org/umls/C0259817
C0877038,Electrocardiogram poor R-wave progression,Electrocardiogram poor R-wave progression (SideEffect),CC BY-NC-SA 4.0,UMLS via SIDER 4.1,http://identifiers.org/umls/C0877038
C0428886,Mean arterial pressure,Mean arterial pressure (SideEffect),CC BY-NC-SA 4.0,UMLS via SIDER 4.1,http://identifiers.org/umls/C0428886
C0848377,Abdominal injury,Abdominal injury (SideEffect),CC BY-NC-SA 4.0,UMLS via SIDER 4.1,http://identifiers.org/umls/C0848377
C0521509,Injection site induration,Injection site induration (SideEffect),CC BY-NC-SA 4.0,UMLS via SIDER 4.1,http://identifiers.org/umls/C0521509
C0001231,Ectopic ACTH syndrome,Ectopic ACTH syndrome (SideEffect),CC BY-NC-SA 4.0,UMLS via SIDER 4.1,http://identifiers.org/umls/C0001231
C1112632,Cross reactive drug hypersensitivity,Cross reactive drug hypersensitivity (SideEffect),CC BY-NC-SA 4.0,UMLS via SIDER 4.1,http://identifiers.org/umls/C1112632
C2939094,Skin sensitisation,Skin sensitisation (SideEffect),CC BY-NC-SA 4.0,UMLS via SIDER 4.1,http://identifiers.org/umls/C2939094
C0151666,Gammaglobulins decreased,Gammaglobulins decreased (SideEffect),CC BY-NC-SA 4.0,UMLS via SIDER 4.1,http://identifiers.org/umls/C0151666
C0152427,Polydactyly,Polydactyly (SideEffect),CC BY-NC-SA 4.0,UMLS via SIDER 4.1,http://identifiers.org/umls/C0152427
C2939447,Right ventricular failure,Right ventricular failure (SideEffect),CC BY-NC-SA 4.0,UMLS via SIDER 4.1,http://identifiers.org/umls/C2939447
C0340608,Renal artery thrombosis,Renal artery thrombosis (SideEffect),CC BY-NC-SA 4.0,UMLS via SIDER 4.1,http://identifiers.org/umls/C0340608
C0022904,Lacrimal disorder,Lacrimal disorder (SideEffect),CC BY-NC-SA 4.0,UMLS via SIDER 4.1,http://identifiers.org/umls/C0022904
C0178879,Urinary tract obstruction,Urinary tract obstruction (SideEffect),CC BY-NC-SA 4.0,UMLS via SIDER 4.1,http://identifiers.org/umls/C0178879
C1096708,Vessel puncture site inflammation,Vessel puncture site inflammation (SideEffect),CC BY-NC-SA 4.0,UMLS via SIDER 4.1,http://identifiers.org/umls/C1096708
C0158328,Trigger finger,Trigger finger (SideEffect),CC BY-NC-SA 4.0,UMLS via SIDER 4.1,http://identifiers.org/umls/C0158328
C0269608,Antepartum hemorrhage,Antepartum hemorrhage (SideEffect),CC BY-NC-SA 4.0,UMLS via SIDER 4.1,http://identifiers.org/umls/C0269608
C0014591,Epistaxis,Epistaxis (SideEffect),CC BY-NC-SA 4.0,UMLS via SIDER 4.1,http://identifiers.org/umls/C0014591
C0156369,Uterine polyp,Uterine polyp (SideEffect),CC BY-NC-SA 4.0,UMLS via SIDER 4.1,http://identifiers.org/umls/C0156369
C0151795,Injection site necrosis,Injection site necrosis (SideEffect),CC BY-NC-SA 4.0,UMLS via SIDER 4.1,http://identifiers.org/umls/C0151795
C1096509,Blood pancreatic amylase increased,Blood pancreatic amylase increased (SideEffect),CC BY-NC-SA 4.0,UMLS via SIDER 4.1,http://identifiers.org/umls/C1096509
C0853034,Blood creatine phosphokinase increased,Blood creatine phosphokinase increased (SideEffect),CC BY-NC-SA 4.0,UMLS via SIDER 4.1,http://identifiers.org/umls/C0853034
C0038644,Sudden infant death syndrome,Sudden infant death syndrome (SideEffect),CC BY-NC-SA 4.0,UMLS via SIDER 4.1,http://identifiers.org/umls/C0038644
C0020459,Hyperinsulinism,Hyperinsulinism (SideEffect),CC BY-NC-SA 4.0,UMLS via SIDER 4.1,http://identifiers.org/umls/C0020459
C0003467,Anxiety,Anxiety (SideEffect),CC BY-NC-SA 4.0,UMLS via SIDER 4.1,http://identifiers.org/umls/C0003467
C0085393,Immunocompromised,Immunocompromised (SideEffect),CC BY-NC-SA 4.0,UMLS via SIDER 4.1,http://identifiers.org/umls/C0085393
C1510472,Drug dependence,Drug dependence (SideEffect),CC BY-NC-SA 4.0,UMLS via SIDER 4.1,http://identifiers.org/umls/C1510472
C0013604,Oedema,Oedema (SideEffect),CC BY-NC-SA 4.0,UMLS via SIDER 4.1,http://identifiers.org/umls/C0013604
C0269268,Breast induration,Breast induration (SideEffect),CC BY-NC-SA 4.0,UMLS via SIDER 4.1,http://identifiers.org/umls/C0269268
C0235131,Floating feeling,Floating feeling (SideEffect),CC BY-NC-SA 4.0,UMLS via SIDER 4.1,http://identifiers.org/umls/C0235131
C0543698,Hypersensitive syndrome,Hypersensitive syndrome (SideEffect),CC BY-NC-SA 4.0,UMLS via SIDER 4.1,http://identifiers.org/umls/C0543698
C0015624,Fanconi syndrome,Fanconi syndrome (SideEffect),CC BY-NC-SA 4.0,UMLS via SIDER 4.1,http://identifiers.org/umls/C0015624
C0853755,Blood osmolarity decreased,Blood osmolarity decreased (SideEffect),CC BY-NC-SA 4.0,UMLS via SIDER 4.1,http://identifiers.org/umls/C0853755
C0740279,Cerebellar atrophy,Cerebellar atrophy (SideEffect),CC BY-NC-SA 4.0,UMLS via SIDER 4.1,http://identifiers.org/umls/C0740279
C0852967,Exacerbation of acne,Exacerbation of acne (SideEffect),CC BY-NC-SA 4.0,UMLS via SIDER 4.1,http://identifiers.org/umls/C0852967
C1292769,B-cell type acute leukaemia,B-cell type acute leukaemia (SideEffect),CC BY-NC-SA 4.0,UMLS via SIDER 4.1,http://identifiers.org/umls/C1292769
C0852922,Crohns disease aggravated,Crohns disease aggravated (SideEffect),CC BY-NC-SA 4.0,UMLS via SIDER 4.1,http://identifiers.org/umls/C0852922
C0030805,Pemphigoid,Pemphigoid (SideEffect),CC BY-NC-SA 4.0,UMLS via SIDER 4.1,http://identifiers.org/umls/C0030805
C0744727,Haematocrit decreased,Haematocrit decreased (SideEffect),CC BY-NC-SA 4.0,UMLS via SIDER 4.1,http://identifiers.org/umls/C0744727
C1737214,Injection site injury,Injection site injury (SideEffect),CC BY-NC-SA 4.0,UMLS via SIDER 4.1,http://identifiers.org/umls/C1737214
C0085633,Mood swings,Mood swings (SideEffect),CC BY-NC-SA 4.0,UMLS via SIDER 4.1,http://identifiers.org/umls/C0085633
C0267716,Incisional hernia,Incisional hernia (SideEffect),CC BY-NC-SA 4.0,UMLS via SIDER 4.1,http://identifiers.org/umls/C0267716
C0034091,Pulmonary veno-occlusive disease,Pulmonary veno-occlusive disease (SideEffect),CC BY-NC-SA 4.0,UMLS via SIDER 4.1,http://identifiers.org/umls/C0034091
C1279945,Acute interstitial pneumonitis,Acute interstitial pneumonitis (SideEffect),CC BY-NC-SA 4.0,UMLS via SIDER 4.1,http://identifiers.org/umls/C1279945
C0701821,Onychia,Onychia (SideEffect),CC BY-NC-SA 4.0,UMLS via SIDER 4.1,http://identifiers.org/umls/C0701821
C0028242,Nocardiosis,Nocardiosis (SideEffect),CC BY-NC-SA 4.0,UMLS via SIDER 4.1,http://identifiers.org/umls/C0028242
C1383860,Cardiac hypertrophy,Cardiac hypertrophy (SideEffect),CC BY-NC-SA 4.0,UMLS via SIDER 4.1,http://identifiers.org/umls/C1383860
C0344329,Collapse,Collapse (SideEffect),CC BY-NC-SA 4.0,UMLS via SIDER 4.1,http://identifiers.org/umls/C0344329
C0019294,Inguinal hernia,Inguinal hernia (SideEffect),CC BY-NC-SA 4.0,UMLS via SIDER 4.1,http://identifiers.org/umls/C0019294
C0231710,Buttock pain,Buttock pain (SideEffect),CC BY-NC-SA 4.0,UMLS via SIDER 4.1,http://identifiers.org/umls/C0231710
C0259756,Jarisch-Herxheimer reaction,Jarisch-Herxheimer reaction (SideEffect),CC BY-NC-SA 4.0,UMLS via SIDER 4.1,http://identifiers.org/umls/C0259756
C0014065,Encephalocele,Encephalocele (SideEffect),CC BY-NC-SA 4.0,UMLS via SIDER 4.1,http://identifiers.org/umls/C0014065
C0030232,Pallor,Pallor (SideEffect),CC BY-NC-SA 4.0,UMLS via SIDER 4.1,http://identifiers.org/umls/C0030232
C0877077,Myocardial haemorrhage,Myocardial haemorrhage (SideEffect),CC BY-NC-SA 4.0,UMLS via SIDER 4.1,http://identifiers.org/umls/C0877077
C0151849,Phosphatase alkaline increased,Phosphatase alkaline increased (SideEffect),CC BY-NC-SA 4.0,UMLS via SIDER 4.1,http://identifiers.org/umls/C0151849
C0030312,Pancytopenia,Pancytopenia (SideEffect),CC BY-NC-SA 4.0,UMLS via SIDER 4.1,http://identifiers.org/umls/C0030312
C0040441,Tooth fracture,Tooth fracture (SideEffect),CC BY-NC-SA 4.0,UMLS via SIDER 4.1,http://identifiers.org/umls/C0040441
C0857432,Serum osmolality increased,Serum osmolality increased (SideEffect),CC BY-NC-SA 4.0,UMLS via SIDER 4.1,http://identifiers.org/umls/C0857432
C0497156,Lymphadenopathy,Lymphadenopathy (SideEffect),CC BY-NC-SA 4.0,UMLS via SIDER 4.1,http://identifiers.org/umls/C0497156
C0008925,Cleft palate,Cleft palate (SideEffect),CC BY-NC-SA 4.0,UMLS via SIDER 4.1,http://identifiers.org/umls/C0008925
C0860713,Carbon dioxide increased,Carbon dioxide increased (SideEffect),CC BY-NC-SA 4.0,UMLS via SIDER 4.1,http://identifiers.org/umls/C0860713
C0013927,Amniotic fluid embolism,Amniotic fluid embolism (SideEffect),CC BY-NC-SA 4.0,UMLS via SIDER 4.1,http://identifiers.org/umls/C0013927
C0007642,Cellulitis,Cellulitis (SideEffect),CC BY-NC-SA 4.0,UMLS via SIDER 4.1,http://identifiers.org/umls/C0007642
C0235886,Leg edema,Leg edema (SideEffect),CC BY-NC-SA 4.0,UMLS via SIDER 4.1,http://identifiers.org/umls/C0235886
C0005747,Blepharospasm,Blepharospasm (SideEffect),CC BY-NC-SA 4.0,UMLS via SIDER 4.1,http://identifiers.org/umls/C0005747
C1868998,Cytotoxic oedema,Cytotoxic oedema (SideEffect),CC BY-NC-SA 4.0,UMLS via SIDER 4.1,http://identifiers.org/umls/C1868998
C0015469,Facial paralysis,Facial paralysis (SideEffect),CC BY-NC-SA 4.0,UMLS via SIDER 4.1,http://identifiers.org/umls/C0015469
C1868917,Heart racing,Heart racing (SideEffect),CC BY-NC-SA 4.0,UMLS via SIDER 4.1,http://identifiers.org/umls/C1868917
C1504431,Idiopathic pneumonia syndrome,Idiopathic pneumonia syndrome (SideEffect),CC BY-NC-SA 4.0,UMLS via SIDER 4.1,http://identifiers.org/umls/C1504431
C1739418,Acute cardiac toxicity,Acute cardiac toxicity (SideEffect),CC BY-NC-SA 4.0,UMLS via SIDER 4.1,http://identifiers.org/umls/C1739418
C0029089,Ophthalmoplegia,Ophthalmoplegia (SideEffect),CC BY-NC-SA 4.0,UMLS via SIDER 4.1,http://identifiers.org/umls/C0029089
C0264863,Subacute endocarditis,Subacute endocarditis (SideEffect),CC BY-NC-SA 4.0,UMLS via SIDER 4.1,http://identifiers.org/umls/C0264863
C0438254,Urine electrolytes abnormal,Urine electrolytes abnormal (SideEffect),CC BY-NC-SA 4.0,UMLS via SIDER 4.1,http://identifiers.org/umls/C0438254
C0008372,Cholestasis intrahepatic,Cholestasis intrahepatic (SideEffect),CC BY-NC-SA 4.0,UMLS via SIDER 4.1,http://identifiers.org/umls/C0008372
C0151911,Generalised spasm,Generalised spasm (SideEffect),CC BY-NC-SA 4.0,UMLS via SIDER 4.1,http://identifiers.org/umls/C0151911
C0264315,Glottic edema,Glottic edema (SideEffect),CC BY-NC-SA 4.0,UMLS via SIDER 4.1,http://identifiers.org/umls/C0264315
C0020615,Hypoglycaemia,Hypoglycaemia (SideEffect),CC BY-NC-SA 4.0,UMLS via SIDER 4.1,http://identifiers.org/umls/C0020615
C0015802,Femur fracture,Femur fracture (SideEffect),CC BY-NC-SA 4.0,UMLS via SIDER 4.1,http://identifiers.org/umls/C0015802
C1112182,Parkinsonian rest tremor,Parkinsonian rest tremor (SideEffect),CC BY-NC-SA 4.0,UMLS via SIDER 4.1,http://identifiers.org/umls/C1112182
C0272315,Coagulation factor decreased,Coagulation factor decreased (SideEffect),CC BY-NC-SA 4.0,UMLS via SIDER 4.1,http://identifiers.org/umls/C0272315
C0438173,Electrocardiogram QRS complex abnormal,Electrocardiogram QRS complex abnormal (SideEffect),CC BY-NC-SA 4.0,UMLS via SIDER 4.1,http://identifiers.org/umls/C0438173
C0221333,Hypouricaemia,Hypouricaemia (SideEffect),CC BY-NC-SA 4.0,UMLS via SIDER 4.1,http://identifiers.org/umls/C0221333
C0162678,Neurofibromatosis,Neurofibromatosis (SideEffect),CC BY-NC-SA 4.0,UMLS via SIDER 4.1,http://identifiers.org/umls/C0162678
C0549124,Embolism arterial,Embolism arterial (SideEffect),CC BY-NC-SA 4.0,UMLS via SIDER 4.1,http://identifiers.org/umls/C0549124
C0001824,Agranulocytosis,Agranulocytosis (SideEffect),CC BY-NC-SA 4.0,UMLS via SIDER 4.1,http://identifiers.org/umls/C0001824
C0919894,Nasal mucosal disorder,Nasal mucosal disorder (SideEffect),CC BY-NC-SA 4.0,UMLS via SIDER 4.1,http://identifiers.org/umls/C0919894
C0302590,Disorder calcium (NOS),Disorder calcium (NOS) (SideEffect),CC BY-NC-SA 4.0,UMLS via SIDER 4.1,http://identifiers.org/umls/C0302590
C0022680,Polycystic kidney,Polycystic kidney (SideEffect),CC BY-NC-SA 4.0,UMLS via SIDER 4.1,http://identifiers.org/umls/C0022680
C1696110,Vessel puncture site haematoma,Vessel puncture site haematoma (SideEffect),CC BY-NC-SA 4.0,UMLS via SIDER 4.1,http://identifiers.org/umls/C1696110
C0037293,Acrochordon,Acrochordon (SideEffect),CC BY-NC-SA 4.0,UMLS via SIDER 4.1,http://identifiers.org/umls/C0037293
C0428409,Progesterone levels,Progesterone levels (SideEffect),CC BY-NC-SA 4.0,UMLS via SIDER 4.1,http://identifiers.org/umls/C0428409
C0853958,Blood creatine phosphokinase MB increased,Blood creatine phosphokinase MB increased (SideEffect),CC BY-NC-SA 4.0,UMLS via SIDER 4.1,http://identifiers.org/umls/C0853958
C0149976,Proctitis herpes,Proctitis herpes (SideEffect),CC BY-NC-SA 4.0,UMLS via SIDER 4.1,http://identifiers.org/umls/C0149976
C1280433,Lipoatrophy,Lipoatrophy (SideEffect),CC BY-NC-SA 4.0,UMLS via SIDER 4.1,http://identifiers.org/umls/C1280433
C0233715,Speech impairment NOS,Speech impairment NOS (SideEffect),CC BY-NC-SA 4.0,UMLS via SIDER 4.1,http://identifiers.org/umls/C0233715
C0010054,Arteriosclerosis coronary artery,Arteriosclerosis coronary artery (SideEffect),CC BY-NC-SA 4.0,UMLS via SIDER 4.1,http://identifiers.org/umls/C0010054
C0034902,Aplasia pure red cell,Aplasia pure red cell (SideEffect),CC BY-NC-SA 4.0,UMLS via SIDER 4.1,http://identifiers.org/umls/C0034902
C0520872,Stroke volume increased,Stroke volume increased (SideEffect),CC BY-NC-SA 4.0,UMLS via SIDER 4.1,http://identifiers.org/umls/C0520872
C0042568,Vertebrobasilar insufficiency,Vertebrobasilar insufficiency (SideEffect),CC BY-NC-SA 4.0,UMLS via SIDER 4.1,http://identifiers.org/umls/C0042568
C0346306,Pituitary microadenoma,Pituitary microadenoma (SideEffect),CC BY-NC-SA 4.0,UMLS via SIDER 4.1,http://identifiers.org/umls/C0346306
C0027543,Necrosis ischaemic,Necrosis ischaemic (SideEffect),CC BY-NC-SA 4.0,UMLS via SIDER 4.1,http://identifiers.org/umls/C0027543
C0019048,Haemoglobinuria,Haemoglobinuria (SideEffect),CC BY-NC-SA 4.0,UMLS via SIDER 4.1,http://identifiers.org/umls/C0019048
C0004767,Bartholin's cyst,Bartholin's cyst (SideEffect),CC BY-NC-SA 4.0,UMLS via SIDER 4.1,http://identifiers.org/umls/C0004767
C0221232,Welts,Welts (SideEffect),CC BY-NC-SA 4.0,UMLS via SIDER 4.1,http://identifiers.org/umls/C0221232
C0235214,Ejaculation inhibited,Ejaculation inhibited (SideEffect),CC BY-NC-SA 4.0,UMLS via SIDER 4.1,http://identifiers.org/umls/C0235214
C0520758,Neuromuscular block prolonged,Neuromuscular block prolonged (SideEffect),CC BY-NC-SA 4.0,UMLS via SIDER 4.1,http://identifiers.org/umls/C0520758
C0238097,Encephalitis cytomegalovirus,Encephalitis cytomegalovirus (SideEffect),CC BY-NC-SA 4.0,UMLS via SIDER 4.1,http://identifiers.org/umls/C0238097
C0023467,Acute myeloid leukaemia,Acute myeloid leukaemia (SideEffect),CC BY-NC-SA 4.0,UMLS via SIDER 4.1,http://identifiers.org/umls/C0023467
C0151854,Abnormal platelets,Abnormal platelets (SideEffect),CC BY-NC-SA 4.0,UMLS via SIDER 4.1,http://identifiers.org/umls/C0151854
C0039231,Tachycardia,Tachycardia (SideEffect),CC BY-NC-SA 4.0,UMLS via SIDER 4.1,http://identifiers.org/umls/C0039231
C0151899,Syndrome screaming,Syndrome screaming (SideEffect),CC BY-NC-SA 4.0,UMLS via SIDER 4.1,http://identifiers.org/umls/C0151899
C0042109,Urticaria,Urticaria (SideEffect),CC BY-NC-SA 4.0,UMLS via SIDER 4.1,http://identifiers.org/umls/C0042109
C0338575,Superior sagittal sinus thrombosis,Superior sagittal sinus thrombosis (SideEffect),CC BY-NC-SA 4.0,UMLS via SIDER 4.1,http://identifiers.org/umls/C0338575
C0392197,Warmth,Warmth (SideEffect),CC BY-NC-SA 4.0,UMLS via SIDER 4.1,http://identifiers.org/umls/C0392197
C0030200,Intractable pain,Intractable pain (SideEffect),CC BY-NC-SA 4.0,UMLS via SIDER 4.1,http://identifiers.org/umls/C0030200
C0547030,Visual disturbance,Visual disturbance (SideEffect),CC BY-NC-SA 4.0,UMLS via SIDER 4.1,http://identifiers.org/umls/C0547030
C0549334,Parotid duct obstruction,Parotid duct obstruction (SideEffect),CC BY-NC-SA 4.0,UMLS via SIDER 4.1,http://identifiers.org/umls/C0549334
C0221348,Yellow nail syndrome,Yellow nail syndrome (SideEffect),CC BY-NC-SA 4.0,UMLS via SIDER 4.1,http://identifiers.org/umls/C0221348
C0234918,Rash morbilliform,Rash morbilliform (SideEffect),CC BY-NC-SA 4.0,UMLS via SIDER 4.1,http://identifiers.org/umls/C0234918
C0151891,Retinal depigmentation,Retinal depigmentation (SideEffect),CC BY-NC-SA 4.0,UMLS via SIDER 4.1,http://identifiers.org/umls/C0151891
C0333494,Phlebosclerosis,Phlebosclerosis (SideEffect),CC BY-NC-SA 4.0,UMLS via SIDER 4.1,http://identifiers.org/umls/C0333494
C0854165,Conjunctivitis papillary,Conjunctivitis papillary (SideEffect),CC BY-NC-SA 4.0,UMLS via SIDER 4.1,http://identifiers.org/umls/C0854165
C0267988,Hyperproteinaemia,Hyperproteinaemia (SideEffect),CC BY-NC-SA 4.0,UMLS via SIDER 4.1,http://identifiers.org/umls/C0267988
C0151718,Hypocholesterolaemia,Hypocholesterolaemia (SideEffect),CC BY-NC-SA 4.0,UMLS via SIDER 4.1,http://identifiers.org/umls/C0151718
C0030662,Pathological gambling,Pathological gambling (SideEffect),CC BY-NC-SA 4.0,UMLS via SIDER 4.1,http://identifiers.org/umls/C0030662
C0919603,Application site urticaria,Application site urticaria (SideEffect),CC BY-NC-SA 4.0,UMLS via SIDER 4.1,http://identifiers.org/umls/C0919603
C0085594,Fever chills,Fever chills (SideEffect),CC BY-NC-SA 4.0,UMLS via SIDER 4.1,http://identifiers.org/umls/C0085594
C0264009,Osteodystrophy,Osteodystrophy (SideEffect),CC BY-NC-SA 4.0,UMLS via SIDER 4.1,http://identifiers.org/umls/C0264009
C0574960,Sacroiliitis,Sacroiliitis (SideEffect),CC BY-NC-SA 4.0,UMLS via SIDER 4.1,http://identifiers.org/umls/C0574960
C0857457,Digoxin effect,Digoxin effect (SideEffect),CC BY-NC-SA 4.0,UMLS via SIDER 4.1,http://identifiers.org/umls/C0857457
C0001198,Acrodynia,Acrodynia (SideEffect),CC BY-NC-SA 4.0,UMLS via SIDER 4.1,http://identifiers.org/umls/C0001198
C1096272,Vanishing bile duct syndrome,Vanishing bile duct syndrome (SideEffect),CC BY-NC-SA 4.0,UMLS via SIDER 4.1,http://identifiers.org/umls/C1096272
C0149704,Gingivostomatitis,Gingivostomatitis (SideEffect),CC BY-NC-SA 4.0,UMLS via SIDER 4.1,http://identifiers.org/umls/C0149704
C0277941,Blanching of skin,Blanching of skin (SideEffect),CC BY-NC-SA 4.0,UMLS via SIDER 4.1,http://identifiers.org/umls/C0277941
C0221745,Depression suicidal,Depression suicidal (SideEffect),CC BY-NC-SA 4.0,UMLS via SIDER 4.1,http://identifiers.org/umls/C0221745
C1112613,Neonatal tachypnoea,Neonatal tachypnoea (SideEffect),CC BY-NC-SA 4.0,UMLS via SIDER 4.1,http://identifiers.org/umls/C1112613
C0023976,Long QT syndrome,Long QT syndrome (SideEffect),CC BY-NC-SA 4.0,UMLS via SIDER 4.1,http://identifiers.org/umls/C0023976
C0854381,Genital haemorrhage,Genital haemorrhage (SideEffect),CC BY-NC-SA 4.0,UMLS via SIDER 4.1,http://identifiers.org/umls/C0854381
C0080194,Muscle strain,Muscle strain (SideEffect),CC BY-NC-SA 4.0,UMLS via SIDER 4.1,http://identifiers.org/umls/C0080194
C0040034,Thrombocytopenia,Thrombocytopenia (SideEffect),CC BY-NC-SA 4.0,UMLS via SIDER 4.1,http://identifiers.org/umls/C0040034
C0043144,Wheezing,Wheezing (SideEffect),CC BY-NC-SA 4.0,UMLS via SIDER 4.1,http://identifiers.org/umls/C0043144
C0877303,Post procedural pain,Post procedural pain (SideEffect),CC BY-NC-SA 4.0,UMLS via SIDER 4.1,http://identifiers.org/umls/C0877303
C0919643,Urine calcium increased,Urine calcium increased (SideEffect),CC BY-NC-SA 4.0,UMLS via SIDER 4.1,http://identifiers.org/umls/C0919643
C0936254,Polyradiculoneuritis,Polyradiculoneuritis (SideEffect),CC BY-NC-SA 4.0,UMLS via SIDER 4.1,http://identifiers.org/umls/C0936254
C0041582,Ulcer,Ulcer (SideEffect),CC BY-NC-SA 4.0,UMLS via SIDER 4.1,http://identifiers.org/umls/C0041582
C0151625,Enzyme abnormality,Enzyme abnormality (SideEffect),CC BY-NC-SA 4.0,UMLS via SIDER 4.1,http://identifiers.org/umls/C0151625
C0333243,Pitting edema,Pitting edema (SideEffect),CC BY-NC-SA 4.0,UMLS via SIDER 4.1,http://identifiers.org/umls/C0333243
C0860942,Creatine increased,Creatine increased (SideEffect),CC BY-NC-SA 4.0,UMLS via SIDER 4.1,http://identifiers.org/umls/C0860942
C0699885,Bladder carcinoma,Bladder carcinoma (SideEffect),CC BY-NC-SA 4.0,UMLS via SIDER 4.1,http://identifiers.org/umls/C0699885
C0578735,Lymphadenopathy axillary,Lymphadenopathy axillary (SideEffect),CC BY-NC-SA 4.0,UMLS via SIDER 4.1,http://identifiers.org/umls/C0578735
C0338642,Toxic confusional state,Toxic confusional state (SideEffect),CC BY-NC-SA 4.0,UMLS via SIDER 4.1,http://identifiers.org/umls/C0338642
C0153690,Bone cancer metastatic,Bone cancer metastatic (SideEffect),CC BY-NC-SA 4.0,UMLS via SIDER 4.1,http://identifiers.org/umls/C0153690
C0080178,Spina bifida,Spina bifida (SideEffect),CC BY-NC-SA 4.0,UMLS via SIDER 4.1,http://identifiers.org/umls/C0080178
C0428968,QRS voltage decreased,QRS voltage decreased (SideEffect),CC BY-NC-SA 4.0,UMLS via SIDER 4.1,http://identifiers.org/umls/C0428968
C0239521,Facial rash,Facial rash (SideEffect),CC BY-NC-SA 4.0,UMLS via SIDER 4.1,http://identifiers.org/umls/C0239521
C0262985,Dermatitis psoriasiform,Dermatitis psoriasiform (SideEffect),CC BY-NC-SA 4.0,UMLS via SIDER 4.1,http://identifiers.org/umls/C0262985
C0023470,Myeloid leukaemia,Myeloid leukaemia (SideEffect),CC BY-NC-SA 4.0,UMLS via SIDER 4.1,http://identifiers.org/umls/C0023470
C1140680,Ovarian cancer,Ovarian cancer (SideEffect),CC BY-NC-SA 4.0,UMLS via SIDER 4.1,http://identifiers.org/umls/C1140680
C0235660,Galactorrhoea,Galactorrhoea (SideEffect),CC BY-NC-SA 4.0,UMLS via SIDER 4.1,http://identifiers.org/umls/C0235660
C0424741,Cold feet,Cold feet (SideEffect),CC BY-NC-SA 4.0,UMLS via SIDER 4.1,http://identifiers.org/umls/C0424741
C0004364,Autoimmune disorder,Autoimmune disorder (SideEffect),CC BY-NC-SA 4.0,UMLS via SIDER 4.1,http://identifiers.org/umls/C0004364
C0586553,Thyrotropin high,Thyrotropin high (SideEffect),CC BY-NC-SA 4.0,UMLS via SIDER 4.1,http://identifiers.org/umls/C0586553
C0341212,Gastrointestinal fistula,Gastrointestinal fistula (SideEffect),CC BY-NC-SA 4.0,UMLS via SIDER 4.1,http://identifiers.org/umls/C0341212
C0702109,Erythropoiesis abnormal,Erythropoiesis abnormal (SideEffect),CC BY-NC-SA 4.0,UMLS via SIDER 4.1,http://identifiers.org/umls/C0702109
C0018500,Hair disorder,Hair disorder (SideEffect),CC BY-NC-SA 4.0,UMLS via SIDER 4.1,http://identifiers.org/umls/C0018500
C1142300,Clostridium colitis,Clostridium colitis (SideEffect),CC BY-NC-SA 4.0,UMLS via SIDER 4.1,http://identifiers.org/umls/C1142300
C0277934,Aortic bruit,Aortic bruit (SideEffect),CC BY-NC-SA 4.0,UMLS via SIDER 4.1,http://identifiers.org/umls/C0277934
C1737329,Dysmorphism,Dysmorphism (SideEffect),CC BY-NC-SA 4.0,UMLS via SIDER 4.1,http://identifiers.org/umls/C1737329
C0039520,Tenosynovitis,Tenosynovitis (SideEffect),CC BY-NC-SA 4.0,UMLS via SIDER 4.1,http://identifiers.org/umls/C0039520
C0233795,Anterograde amnesia,Anterograde amnesia (SideEffect),CC BY-NC-SA 4.0,UMLS via SIDER 4.1,http://identifiers.org/umls/C0233795
C0236071,Throat tightness,Throat tightness (SideEffect),CC BY-NC-SA 4.0,UMLS via SIDER 4.1,http://identifiers.org/umls/C0236071
C0019054,Haemolysis,Haemolysis (SideEffect),CC BY-NC-SA 4.0,UMLS via SIDER 4.1,http://identifiers.org/umls/C0019054
C0040156,Thyrotoxicosis,Thyrotoxicosis (SideEffect),CC BY-NC-SA 4.0,UMLS via SIDER 4.1,http://identifiers.org/umls/C0040156
C0267356,Duodenal perforation,Duodenal perforation (SideEffect),CC BY-NC-SA 4.0,UMLS via SIDER 4.1,http://identifiers.org/umls/C0267356
C0014394,Enuresis,Enuresis (SideEffect),CC BY-NC-SA 4.0,UMLS via SIDER 4.1,http://identifiers.org/umls/C0014394
C0239093,Conjunctival irritation,Conjunctival irritation (SideEffect),CC BY-NC-SA 4.0,UMLS via SIDER 4.1,http://identifiers.org/umls/C0239093
C0233612,Waxy flexibility,Waxy flexibility (SideEffect),CC BY-NC-SA 4.0,UMLS via SIDER 4.1,http://identifiers.org/umls/C0233612
C0003492,Coarctation of the aorta,Coarctation of the aorta (SideEffect),CC BY-NC-SA 4.0,UMLS via SIDER 4.1,http://identifiers.org/umls/C0003492
C0040136,Thyroid neoplasm,Thyroid neoplasm (SideEffect),CC BY-NC-SA 4.0,UMLS via SIDER 4.1,http://identifiers.org/umls/C0040136
C0022573,Keratoconjunctivitis,Keratoconjunctivitis (SideEffect),CC BY-NC-SA 4.0,UMLS via SIDER 4.1,http://identifiers.org/umls/C0022573
C0012739,Disseminated intravascular coagulation,Disseminated intravascular coagulation (SideEffect),CC BY-NC-SA 4.0,UMLS via SIDER 4.1,http://identifiers.org/umls/C0012739
C0342881,Homozygous familial hypercholesterolaemia,Homozygous familial hypercholesterolaemia (SideEffect),CC BY-NC-SA 4.0,UMLS via SIDER 4.1,http://identifiers.org/umls/C0342881
C0235955,Dermatitis hemorrhagic,Dermatitis hemorrhagic (SideEffect),CC BY-NC-SA 4.0,UMLS via SIDER 4.1,http://identifiers.org/umls/C0235955
C0020522,Type IV hypersensitivity reaction,Type IV hypersensitivity reaction (SideEffect),CC BY-NC-SA 4.0,UMLS via SIDER 4.1,http://identifiers.org/umls/C0020522
C0235082,Tremor muscle,Tremor muscle (SideEffect),CC BY-NC-SA 4.0,UMLS via SIDER 4.1,http://identifiers.org/umls/C0235082
C0476327,Serum amylase increased,Serum amylase increased (SideEffect),CC BY-NC-SA 4.0,UMLS via SIDER 4.1,http://identifiers.org/umls/C0476327
C0155216,Eyelid bleeding,Eyelid bleeding (SideEffect),CC BY-NC-SA 4.0,UMLS via SIDER 4.1,http://identifiers.org/umls/C0155216
C0149732,Muscle rupture,Muscle rupture (SideEffect),CC BY-NC-SA 4.0,UMLS via SIDER 4.1,http://identifiers.org/umls/C0149732
C0003578,Apnoea,Apnoea (SideEffect),CC BY-NC-SA 4.0,UMLS via SIDER 4.1,http://identifiers.org/umls/C0003578
C0241729,Weight fluctuation,Weight fluctuation (SideEffect),CC BY-NC-SA 4.0,UMLS via SIDER 4.1,http://identifiers.org/umls/C0241729
C0024899,Mastocytosis,Mastocytosis (SideEffect),CC BY-NC-SA 4.0,UMLS via SIDER 4.1,http://identifiers.org/umls/C0024899
C0235446,Azotaemia of renal origin,Azotaemia of renal origin (SideEffect),CC BY-NC-SA 4.0,UMLS via SIDER 4.1,http://identifiers.org/umls/C0235446
C0020964,Immune status,Immune status (SideEffect),CC BY-NC-SA 4.0,UMLS via SIDER 4.1,http://identifiers.org/umls/C0020964
C0520679,Obstructive sleep apnea syndrome,Obstructive sleep apnea syndrome (SideEffect),CC BY-NC-SA 4.0,UMLS via SIDER 4.1,http://identifiers.org/umls/C0520679
C0518015,Haemoglobin,Haemoglobin (SideEffect),CC BY-NC-SA 4.0,UMLS via SIDER 4.1,http://identifiers.org/umls/C0518015
C0235895,Implantation complication,Implantation complication (SideEffect),CC BY-NC-SA 4.0,UMLS via SIDER 4.1,http://identifiers.org/umls/C0235895
C0262469,Embolic stroke,Embolic stroke (SideEffect),CC BY-NC-SA 4.0,UMLS via SIDER 4.1,http://identifiers.org/umls/C0262469
C0596601,Gas,Gas (SideEffect),CC BY-NC-SA 4.0,UMLS via SIDER 4.1,http://identifiers.org/umls/C0596601
C0600104,Compulsions,Compulsions (SideEffect),CC BY-NC-SA 4.0,UMLS via SIDER 4.1,http://identifiers.org/umls/C0600104
C1504379,Coagulation test abnormal,Coagulation test abnormal (SideEffect),CC BY-NC-SA 4.0,UMLS via SIDER 4.1,http://identifiers.org/umls/C1504379
C0151713,Hyperchlorhydria,Hyperchlorhydria (SideEffect),CC BY-NC-SA 4.0,UMLS via SIDER 4.1,http://identifiers.org/umls/C0151713
C0043515,Zollinger-Ellison syndrome,Zollinger-Ellison syndrome (SideEffect),CC BY-NC-SA 4.0,UMLS via SIDER 4.1,http://identifiers.org/umls/C0043515
C0549393,Alcohol problem,Alcohol problem (SideEffect),CC BY-NC-SA 4.0,UMLS via SIDER 4.1,http://identifiers.org/umls/C0549393
C0278883,Metastatic melanoma,Metastatic melanoma (SideEffect),CC BY-NC-SA 4.0,UMLS via SIDER 4.1,http://identifiers.org/umls/C0278883
C0751908,Vestibular neuronitis,Vestibular neuronitis (SideEffect),CC BY-NC-SA 4.0,UMLS via SIDER 4.1,http://identifiers.org/umls/C0751908
C1142412,Vasodilation procedure,Vasodilation procedure (SideEffect),CC BY-NC-SA 4.0,UMLS via SIDER 4.1,http://identifiers.org/umls/C1142412
C0037011,Shoulder pain,Shoulder pain (SideEffect),CC BY-NC-SA 4.0,UMLS via SIDER 4.1,http://identifiers.org/umls/C0037011
C0270611,Brain injury,Brain injury (SideEffect),CC BY-NC-SA 4.0,UMLS via SIDER 4.1,http://identifiers.org/umls/C0270611
C0542175,Rash pemphigoid,Rash pemphigoid (SideEffect),CC BY-NC-SA 4.0,UMLS via SIDER 4.1,http://identifiers.org/umls/C0542175
C0740858,Substance abuse,Substance abuse (SideEffect),CC BY-NC-SA 4.0,UMLS via SIDER 4.1,http://identifiers.org/umls/C0740858
C2697368,Gastrointestinal tract irritation,Gastrointestinal tract irritation (SideEffect),CC BY-NC-SA 4.0,UMLS via SIDER 4.1,http://identifiers.org/umls/C2697368
C0019087,Haemorrhagic disorder,Haemorrhagic disorder (SideEffect),CC BY-NC-SA 4.0,UMLS via SIDER 4.1,http://identifiers.org/umls/C0019087
C0857576,Thyroid function abnormal,Thyroid function abnormal (SideEffect),CC BY-NC-SA 4.0,UMLS via SIDER 4.1,http://identifiers.org/umls/C0857576
C0039075,Syndactyly,Syndactyly (SideEffect),CC BY-NC-SA 4.0,UMLS via SIDER 4.1,http://identifiers.org/umls/C0039075
C0948296,Ear discomfort,Ear discomfort (SideEffect),CC BY-NC-SA 4.0,UMLS via SIDER 4.1,http://identifiers.org/umls/C0948296
C0023211,Bundle branch block left,Bundle branch block left (SideEffect),CC BY-NC-SA 4.0,UMLS via SIDER 4.1,http://identifiers.org/umls/C0023211
C0340464,Extrasystoles,Extrasystoles (SideEffect),CC BY-NC-SA 4.0,UMLS via SIDER 4.1,http://identifiers.org/umls/C0340464
C1536145,Eyelash hyperpigmentation,Eyelash hyperpigmentation (SideEffect),CC BY-NC-SA 4.0,UMLS via SIDER 4.1,http://identifiers.org/umls/C1536145
C0392548,Cauda equina syndrome,Cauda equina syndrome (SideEffect),CC BY-NC-SA 4.0,UMLS via SIDER 4.1,http://identifiers.org/umls/C0392548
C0033975,Psychotic disorder,Psychotic disorder (SideEffect),CC BY-NC-SA 4.0,UMLS via SIDER 4.1,http://identifiers.org/umls/C0033975
C1868843,Injection site dryness,Injection site dryness (SideEffect),CC BY-NC-SA 4.0,UMLS via SIDER 4.1,http://identifiers.org/umls/C1868843
C0009768,Conjunctivitis bacterial,Conjunctivitis bacterial (SideEffect),CC BY-NC-SA 4.0,UMLS via SIDER 4.1,http://identifiers.org/umls/C0009768
C0541919,Dystonic reaction,Dystonic reaction (SideEffect),CC BY-NC-SA 4.0,UMLS via SIDER 4.1,http://identifiers.org/umls/C0541919
C0948309,Pseudohyperkalaemia,Pseudohyperkalaemia (SideEffect),CC BY-NC-SA 4.0,UMLS via SIDER 4.1,http://identifiers.org/umls/C0948309
C0149678,Epstein-Barr virus infection,Epstein-Barr virus infection (SideEffect),CC BY-NC-SA 4.0,UMLS via SIDER 4.1,http://identifiers.org/umls/C0149678
C2937222,Proctitis ulcerative,Proctitis ulcerative (SideEffect),CC BY-NC-SA 4.0,UMLS via SIDER 4.1,http://identifiers.org/umls/C2937222
C0521160,Rash psoriaform,Rash psoriaform (SideEffect),CC BY-NC-SA 4.0,UMLS via SIDER 4.1,http://identifiers.org/umls/C0521160
C0010068,Coronary heart disease,Coronary heart disease (SideEffect),CC BY-NC-SA 4.0,UMLS via SIDER 4.1,http://identifiers.org/umls/C0010068
C0025007,Measles,Measles (SideEffect),CC BY-NC-SA 4.0,UMLS via SIDER 4.1,http://identifiers.org/umls/C0025007
C1735630,Acute cholestatic hepatitis,Acute cholestatic hepatitis (SideEffect),CC BY-NC-SA 4.0,UMLS via SIDER 4.1,http://identifiers.org/umls/C1735630
C1697883,Infusion related pain,Infusion related pain (SideEffect),CC BY-NC-SA 4.0,UMLS via SIDER 4.1,http://identifiers.org/umls/C1697883
C0281825,Dysequilibrium,Dysequilibrium (SideEffect),CC BY-NC-SA 4.0,UMLS via SIDER 4.1,http://identifiers.org/umls/C0281825
C0236167,IUD complication,IUD complication (SideEffect),CC BY-NC-SA 4.0,UMLS via SIDER 4.1,http://identifiers.org/umls/C0236167
C0549259,Anxiety aggravated,Anxiety aggravated (SideEffect),CC BY-NC-SA 4.0,UMLS via SIDER 4.1,http://identifiers.org/umls/C0549259
C0238844,Respiratory sounds decreased,Respiratory sounds decreased (SideEffect),CC BY-NC-SA 4.0,UMLS via SIDER 4.1,http://identifiers.org/umls/C0238844
C0003621,Appetite disorder,Appetite disorder (SideEffect),CC BY-NC-SA 4.0,UMLS via SIDER 4.1,http://identifiers.org/umls/C0003621
C0017657,Glomerulitis,Glomerulitis (SideEffect),CC BY-NC-SA 4.0,UMLS via SIDER 4.1,http://identifiers.org/umls/C0017657
C0549234,Arthralgia aggravated,Arthralgia aggravated (SideEffect),CC BY-NC-SA 4.0,UMLS via SIDER 4.1,http://identifiers.org/umls/C0549234
C0346421,Chronic eosinophilic leukaemia,Chronic eosinophilic leukaemia (SideEffect),CC BY-NC-SA 4.0,UMLS via SIDER 4.1,http://identifiers.org/umls/C0346421
C0023794,Lipidosis,Lipidosis (SideEffect),CC BY-NC-SA 4.0,UMLS via SIDER 4.1,http://identifiers.org/umls/C0023794
C0234222,Sensation of pressure,Sensation of pressure (SideEffect),CC BY-NC-SA 4.0,UMLS via SIDER 4.1,http://identifiers.org/umls/C0234222
C0018946,Subdural haematoma,Subdural haematoma (SideEffect),CC BY-NC-SA 4.0,UMLS via SIDER 4.1,http://identifiers.org/umls/C0018946
C0233651,Perseveration,Perseveration (SideEffect),CC BY-NC-SA 4.0,UMLS via SIDER 4.1,http://identifiers.org/umls/C0233651
C0423736,Micturition burning,Micturition burning (SideEffect),CC BY-NC-SA 4.0,UMLS via SIDER 4.1,http://identifiers.org/umls/C0423736
C0853954,Corneal calcification,Corneal calcification (SideEffect),CC BY-NC-SA 4.0,UMLS via SIDER 4.1,http://identifiers.org/umls/C0853954
C2349423,Medication overuse headache,Medication overuse headache (SideEffect),CC BY-NC-SA 4.0,UMLS via SIDER 4.1,http://identifiers.org/umls/C2349423
C0391839,PCO2,PCO2 (SideEffect),CC BY-NC-SA 4.0,UMLS via SIDER 4.1,http://identifiers.org/umls/C0391839
C0728899,Intoxication,Intoxication (SideEffect),CC BY-NC-SA 4.0,UMLS via SIDER 4.1,http://identifiers.org/umls/C0728899
C0948226,Ureteral spasm,Ureteral spasm (SideEffect),CC BY-NC-SA 4.0,UMLS via SIDER 4.1,http://identifiers.org/umls/C0948226
C0236024,Pharyngeal oedema,Pharyngeal oedema (SideEffect),CC BY-NC-SA 4.0,UMLS via SIDER 4.1,http://identifiers.org/umls/C0236024
C0877322,Muscle tightness,Muscle tightness (SideEffect),CC BY-NC-SA 4.0,UMLS via SIDER 4.1,http://identifiers.org/umls/C0877322
C1167842,Tobacco withdrawal symptoms,Tobacco withdrawal symptoms (SideEffect),CC BY-NC-SA 4.0,UMLS via SIDER 4.1,http://identifiers.org/umls/C1167842
C0549249,Depressed level of consciousness,Depressed level of consciousness (SideEffect),CC BY-NC-SA 4.0,UMLS via SIDER 4.1,http://identifiers.org/umls/C0549249
C0007370,Catalepsy,Catalepsy (SideEffect),CC BY-NC-SA 4.0,UMLS via SIDER 4.1,http://identifiers.org/umls/C0007370
C0010481,Cushing's syndrome,Cushing's syndrome (SideEffect),CC BY-NC-SA 4.0,UMLS via SIDER 4.1,http://identifiers.org/umls/C0010481
C2240374,Eosinophil count increased,Eosinophil count increased (SideEffect),CC BY-NC-SA 4.0,UMLS via SIDER 4.1,http://identifiers.org/umls/C2240374
C0235939,Crying abnormal,Crying abnormal (SideEffect),CC BY-NC-SA 4.0,UMLS via SIDER 4.1,http://identifiers.org/umls/C0235939
C0013447,Ear disorder,Ear disorder (SideEffect),CC BY-NC-SA 4.0,UMLS via SIDER 4.1,http://identifiers.org/umls/C0013447
C0020505,Hyperphagia,Hyperphagia (SideEffect),CC BY-NC-SA 4.0,UMLS via SIDER 4.1,http://identifiers.org/umls/C0020505
C0234987,Dizziness postural,Dizziness postural (SideEffect),CC BY-NC-SA 4.0,UMLS via SIDER 4.1,http://identifiers.org/umls/C0234987
C1868771,Peritoneal cloudy effluent,Peritoneal cloudy effluent (SideEffect),CC BY-NC-SA 4.0,UMLS via SIDER 4.1,http://identifiers.org/umls/C1868771
C0855704,Vital dye staining cornea present,Vital dye staining cornea present (SideEffect),CC BY-NC-SA 4.0,UMLS via SIDER 4.1,http://identifiers.org/umls/C0855704
C0016658,Fracture,Fracture (SideEffect),CC BY-NC-SA 4.0,UMLS via SIDER 4.1,http://identifiers.org/umls/C0016658
C0235293,Taste peculiar,Taste peculiar (SideEffect),CC BY-NC-SA 4.0,UMLS via SIDER 4.1,http://identifiers.org/umls/C0235293
C0239454,Erythema of eyelid,Erythema of eyelid (SideEffect),CC BY-NC-SA 4.0,UMLS via SIDER 4.1,http://identifiers.org/umls/C0239454
C0039591,Testicular pain,Testicular pain (SideEffect),CC BY-NC-SA 4.0,UMLS via SIDER 4.1,http://identifiers.org/umls/C0039591
C1608397,Device occlusion,Device occlusion (SideEffect),CC BY-NC-SA 4.0,UMLS via SIDER 4.1,http://identifiers.org/umls/C1608397
C0473124,Perirenal haematoma,Perirenal haematoma (SideEffect),CC BY-NC-SA 4.0,UMLS via SIDER 4.1,http://identifiers.org/umls/C0473124
C1096701,Medical device discomfort,Medical device discomfort (SideEffect),CC BY-NC-SA 4.0,UMLS via SIDER 4.1,http://identifiers.org/umls/C1096701
C0242073,Pulmonary congestion,Pulmonary congestion (SideEffect),CC BY-NC-SA 4.0,UMLS via SIDER 4.1,http://identifiers.org/umls/C0242073
C0085082,Fungaemia,Fungaemia (SideEffect),CC BY-NC-SA 4.0,UMLS via SIDER 4.1,http://identifiers.org/umls/C0085082
C0041601,Ulna fracture,Ulna fracture (SideEffect),CC BY-NC-SA 4.0,UMLS via SIDER 4.1,http://identifiers.org/umls/C0041601
C0231919,Nasal dryness,Nasal dryness (SideEffect),CC BY-NC-SA 4.0,UMLS via SIDER 4.1,http://identifiers.org/umls/C0231919
C0005716,Blastomycosis,Blastomycosis (SideEffect),CC BY-NC-SA 4.0,UMLS via SIDER 4.1,http://identifiers.org/umls/C0005716
C0151669,Gamma globulins increased,Gamma globulins increased (SideEffect),CC BY-NC-SA 4.0,UMLS via SIDER 4.1,http://identifiers.org/umls/C0151669
C0023418,Leukaemia,Leukaemia (SideEffect),CC BY-NC-SA 4.0,UMLS via SIDER 4.1,http://identifiers.org/umls/C0023418
C0221743,Skin reaction,Skin reaction (SideEffect),CC BY-NC-SA 4.0,UMLS via SIDER 4.1,http://identifiers.org/umls/C0221743
C1112209,Abdominal infection,Abdominal infection (SideEffect),CC BY-NC-SA 4.0,UMLS via SIDER 4.1,http://identifiers.org/umls/C1112209
C0235318,Fullness abdominal,Fullness abdominal (SideEffect),CC BY-NC-SA 4.0,UMLS via SIDER 4.1,http://identifiers.org/umls/C0235318
C0011757,Developmental coordination disorder,Developmental coordination disorder (SideEffect),CC BY-NC-SA 4.0,UMLS via SIDER 4.1,http://identifiers.org/umls/C0011757
C0338614,Psychotic episode,Psychotic episode (SideEffect),CC BY-NC-SA 4.0,UMLS via SIDER 4.1,http://identifiers.org/umls/C0338614
C0700509,Chronic peptic ulcer,Chronic peptic ulcer (SideEffect),CC BY-NC-SA 4.0,UMLS via SIDER 4.1,http://identifiers.org/umls/C0700509
C0005944,Bone metabolism disorder,Bone metabolism disorder (SideEffect),CC BY-NC-SA 4.0,UMLS via SIDER 4.1,http://identifiers.org/umls/C0005944
C0341047,Parotid gland enlargement,Parotid gland enlargement (SideEffect),CC BY-NC-SA 4.0,UMLS via SIDER 4.1,http://identifiers.org/umls/C0341047
C0595916,Nephropathy toxic,Nephropathy toxic (SideEffect),CC BY-NC-SA 4.0,UMLS via SIDER 4.1,http://identifiers.org/umls/C0595916
C0001621,Adrenal disorder,Adrenal disorder (SideEffect),CC BY-NC-SA 4.0,UMLS via SIDER 4.1,http://identifiers.org/umls/C0001621
C3495442,Phantom pain,Phantom pain (SideEffect),CC BY-NC-SA 4.0,UMLS via SIDER 4.1,http://identifiers.org/umls/C3495442
C0235706,Back distress,Back distress (SideEffect),CC BY-NC-SA 4.0,UMLS via SIDER 4.1,http://identifiers.org/umls/C0235706
C0003708,Arachnoiditis,Arachnoiditis (SideEffect),CC BY-NC-SA 4.0,UMLS via SIDER 4.1,http://identifiers.org/umls/C0003708
C0877266,Upper respiratory tract inflammation,Upper respiratory tract inflammation (SideEffect),CC BY-NC-SA 4.0,UMLS via SIDER 4.1,http://identifiers.org/umls/C0877266
C0521465,Toxic skin eruption,Toxic skin eruption (SideEffect),CC BY-NC-SA 4.0,UMLS via SIDER 4.1,http://identifiers.org/umls/C0521465
C0812387,Coldness,Coldness (SideEffect),CC BY-NC-SA 4.0,UMLS via SIDER 4.1,http://identifiers.org/umls/C0812387
C1535970,Blood count abnormal,Blood count abnormal (SideEffect),CC BY-NC-SA 4.0,UMLS via SIDER 4.1,http://identifiers.org/umls/C1535970
C0029400,Osteitis,Osteitis (SideEffect),CC BY-NC-SA 4.0,UMLS via SIDER 4.1,http://identifiers.org/umls/C0029400
C0233523,Antisocial behaviour,Antisocial behaviour (SideEffect),CC BY-NC-SA 4.0,UMLS via SIDER 4.1,http://identifiers.org/umls/C0233523
C0863083,Injection site tenderness,Injection site tenderness (SideEffect),CC BY-NC-SA 4.0,UMLS via SIDER 4.1,http://identifiers.org/umls/C0863083
C0015544,Failure to thrive,Failure to thrive (SideEffect),CC BY-NC-SA 4.0,UMLS via SIDER 4.1,http://identifiers.org/umls/C0015544
C0267537,Caecitis,Caecitis (SideEffect),CC BY-NC-SA 4.0,UMLS via SIDER 4.1,http://identifiers.org/umls/C0267537
C0004331,Atrioventricular dissociation,Atrioventricular dissociation (SideEffect),CC BY-NC-SA 4.0,UMLS via SIDER 4.1,http://identifiers.org/umls/C0004331
C0149707,Haematospermia,Haematospermia (SideEffect),CC BY-NC-SA 4.0,UMLS via SIDER 4.1,http://identifiers.org/umls/C0149707
C0003864,Arthritis,Arthritis (SideEffect),CC BY-NC-SA 4.0,UMLS via SIDER 4.1,http://identifiers.org/umls/C0003864
C0541865,Deposit eye,Deposit eye (SideEffect),CC BY-NC-SA 4.0,UMLS via SIDER 4.1,http://identifiers.org/umls/C0541865
C0542224,Spots before eyes,Spots before eyes (SideEffect),CC BY-NC-SA 4.0,UMLS via SIDER 4.1,http://identifiers.org/umls/C0542224
C0869523,Carditis,Carditis (SideEffect),CC BY-NC-SA 4.0,UMLS via SIDER 4.1,http://identifiers.org/umls/C0869523
C0265547,Limb reduction defect,Limb reduction defect (SideEffect),CC BY-NC-SA 4.0,UMLS via SIDER 4.1,http://identifiers.org/umls/C0265547
C0919620,Electrocardiogram ST-T change,Electrocardiogram ST-T change (SideEffect),CC BY-NC-SA 4.0,UMLS via SIDER 4.1,http://identifiers.org/umls/C0919620
C0158986,Hypoglycaemia neonatal,Hypoglycaemia neonatal (SideEffect),CC BY-NC-SA 4.0,UMLS via SIDER 4.1,http://identifiers.org/umls/C0158986
C0029734,Other scleritis,Other scleritis (SideEffect),CC BY-NC-SA 4.0,UMLS via SIDER 4.1,http://identifiers.org/umls/C0029734
C0268379,Pseudocholinesterase deficiency,Pseudocholinesterase deficiency (SideEffect),CC BY-NC-SA 4.0,UMLS via SIDER 4.1,http://identifiers.org/umls/C0268379
C0877127,Application site papules,Application site papules (SideEffect),CC BY-NC-SA 4.0,UMLS via SIDER 4.1,http://identifiers.org/umls/C0877127
C1696942,Application site cellulitis,Application site cellulitis (SideEffect),CC BY-NC-SA 4.0,UMLS via SIDER 4.1,http://identifiers.org/umls/C1696942
C0742006,Catheter infection,Catheter infection (SideEffect),CC BY-NC-SA 4.0,UMLS via SIDER 4.1,http://identifiers.org/umls/C0742006
C0033948,Female orgasmic disorder,Female orgasmic disorder (SideEffect),CC BY-NC-SA 4.0,UMLS via SIDER 4.1,http://identifiers.org/umls/C0033948
C0010073,Arteriospasm coronary,Arteriospasm coronary (SideEffect),CC BY-NC-SA 4.0,UMLS via SIDER 4.1,http://identifiers.org/umls/C0010073
C0017185,Gastrointestinal neoplasm,Gastrointestinal neoplasm (SideEffect),CC BY-NC-SA 4.0,UMLS via SIDER 4.1,http://identifiers.org/umls/C0017185
C0268671,Korsakoff's psychosis (non-alcoholic),Korsakoff's psychosis (non-alcoholic) (SideEffect),CC BY-NC-SA 4.0,UMLS via SIDER 4.1,http://identifiers.org/umls/C0268671
C0854303,Limb discomfort,Limb discomfort (SideEffect),CC BY-NC-SA 4.0,UMLS via SIDER 4.1,http://identifiers.org/umls/C0854303
C0021847,Intestinal pseudo-obstruction,Intestinal pseudo-obstruction (SideEffect),CC BY-NC-SA 4.0,UMLS via SIDER 4.1,http://identifiers.org/umls/C0021847
C0159877,Ankle fracture,Ankle fracture (SideEffect),CC BY-NC-SA 4.0,UMLS via SIDER 4.1,http://identifiers.org/umls/C0159877
C0740281,Multiple allergies,Multiple allergies (SideEffect),CC BY-NC-SA 4.0,UMLS via SIDER 4.1,http://identifiers.org/umls/C0740281
C1112214,Vulvovaginal pruritus,Vulvovaginal pruritus (SideEffect),CC BY-NC-SA 4.0,UMLS via SIDER 4.1,http://identifiers.org/umls/C1112214
C0152192,Scotoma of blind spot area,Scotoma of blind spot area (SideEffect),CC BY-NC-SA 4.0,UMLS via SIDER 4.1,http://identifiers.org/umls/C0152192
C0521592,Hypoaesthesia oral,Hypoaesthesia oral (SideEffect),CC BY-NC-SA 4.0,UMLS via SIDER 4.1,http://identifiers.org/umls/C0521592
C0151746,Kidney function abnormal,Kidney function abnormal (SideEffect),CC BY-NC-SA 4.0,UMLS via SIDER 4.1,http://identifiers.org/umls/C0151746
C0034931,Reflex sympathetic dystrophy,Reflex sympathetic dystrophy (SideEffect),CC BY-NC-SA 4.0,UMLS via SIDER 4.1,http://identifiers.org/umls/C0034931
C2747852,Device related sepsis,Device related sepsis (SideEffect),CC BY-NC-SA 4.0,UMLS via SIDER 4.1,http://identifiers.org/umls/C2747852
C0014122,Subacute bacterial endocarditis,Subacute bacterial endocarditis (SideEffect),CC BY-NC-SA 4.0,UMLS via SIDER 4.1,http://identifiers.org/umls/C0014122
C0043246,Laceration,Laceration (SideEffect),CC BY-NC-SA 4.0,UMLS via SIDER 4.1,http://identifiers.org/umls/C0043246
C0521991,Stress symptoms,Stress symptoms (SideEffect),CC BY-NC-SA 4.0,UMLS via SIDER 4.1,http://identifiers.org/umls/C0521991
C0042251,Vaginal disorder,Vaginal disorder (SideEffect),CC BY-NC-SA 4.0,UMLS via SIDER 4.1,http://identifiers.org/umls/C0042251
C0016325,Fluorosis,Fluorosis (SideEffect),CC BY-NC-SA 4.0,UMLS via SIDER 4.1,http://identifiers.org/umls/C0016325
C0221477,Vasomotor collapse,Vasomotor collapse (SideEffect),CC BY-NC-SA 4.0,UMLS via SIDER 4.1,http://identifiers.org/umls/C0221477
C0003130,Anoxia,Anoxia (SideEffect),CC BY-NC-SA 4.0,UMLS via SIDER 4.1,http://identifiers.org/umls/C0003130
C0001175,Acquired immunodeficiency syndrome,Acquired immunodeficiency syndrome (SideEffect),CC BY-NC-SA 4.0,UMLS via SIDER 4.1,http://identifiers.org/umls/C0001175
C1112442,Female sexual dysfunction,Female sexual dysfunction (SideEffect),CC BY-NC-SA 4.0,UMLS via SIDER 4.1,http://identifiers.org/umls/C1112442
C0852921,Blood fibrinogen increased,Blood fibrinogen increased (SideEffect),CC BY-NC-SA 4.0,UMLS via SIDER 4.1,http://identifiers.org/umls/C0852921
C2243080,Intestinal necrosis,Intestinal necrosis (SideEffect),CC BY-NC-SA 4.0,UMLS via SIDER 4.1,http://identifiers.org/umls/C2243080
C0022661,Renal failure chronic,Renal failure chronic (SideEffect),CC BY-NC-SA 4.0,UMLS via SIDER 4.1,http://identifiers.org/umls/C0022661
C0948333,Neutrophil percentage increased,Neutrophil percentage increased (SideEffect),CC BY-NC-SA 4.0,UMLS via SIDER 4.1,http://identifiers.org/umls/C0948333
C1262535,Jaundice hepatocellular,Jaundice hepatocellular (SideEffect),CC BY-NC-SA 4.0,UMLS via SIDER 4.1,http://identifiers.org/umls/C1262535
C0151937,Tendon rupture,Tendon rupture (SideEffect),CC BY-NC-SA 4.0,UMLS via SIDER 4.1,http://identifiers.org/umls/C0151937
C0036104,Salivation,Salivation (SideEffect),CC BY-NC-SA 4.0,UMLS via SIDER 4.1,http://identifiers.org/umls/C0036104
C0151664,Gastrointestinal perforation,Gastrointestinal perforation (SideEffect),CC BY-NC-SA 4.0,UMLS via SIDER 4.1,http://identifiers.org/umls/C0151664
C1112773,Post procedural diarrhoea,Post procedural diarrhoea (SideEffect),CC BY-NC-SA 4.0,UMLS via SIDER 4.1,http://identifiers.org/umls/C1112773
C2747853,Injury associated with device,Injury associated with device (SideEffect),CC BY-NC-SA 4.0,UMLS via SIDER 4.1,http://identifiers.org/umls/C2747853
C0855931,Cardioactive drug level above therapeutic,Cardioactive drug level above therapeutic (SideEffect),CC BY-NC-SA 4.0,UMLS via SIDER 4.1,http://identifiers.org/umls/C0855931
C0542052,Coronary artery insufficiency,Coronary artery insufficiency (SideEffect),CC BY-NC-SA 4.0,UMLS via SIDER 4.1,http://identifiers.org/umls/C0542052
C0858618,Dyschromatopsia,Dyschromatopsia (SideEffect),CC BY-NC-SA 4.0,UMLS via SIDER 4.1,http://identifiers.org/umls/C0858618
C0039103,Synovitis,Synovitis (SideEffect),CC BY-NC-SA 4.0,UMLS via SIDER 4.1,http://identifiers.org/umls/C0039103
C0028768,Obsessive-compulsive disorder,Obsessive-compulsive disorder (SideEffect),CC BY-NC-SA 4.0,UMLS via SIDER 4.1,http://identifiers.org/umls/C0028768
C0235853,Pemphigoid reaction,Pemphigoid reaction (SideEffect),CC BY-NC-SA 4.0,UMLS via SIDER 4.1,http://identifiers.org/umls/C0235853
C0549622,Sexual dysfunction,Sexual dysfunction (SideEffect),CC BY-NC-SA 4.0,UMLS via SIDER 4.1,http://identifiers.org/umls/C0549622
C0159321,Facial bones fracture,Facial bones fracture (SideEffect),CC BY-NC-SA 4.0,UMLS via SIDER 4.1,http://identifiers.org/umls/C0159321
C0741165,Aortic embolus,Aortic embolus (SideEffect),CC BY-NC-SA 4.0,UMLS via SIDER 4.1,http://identifiers.org/umls/C0741165
C2830004,Somnolence,Somnolence (SideEffect),CC BY-NC-SA 4.0,UMLS via SIDER 4.1,http://identifiers.org/umls/C2830004
C0751495,Partial seizures,Partial seizures (SideEffect),CC BY-NC-SA 4.0,UMLS via SIDER 4.1,http://identifiers.org/umls/C0751495
C0520878,Electrocardiogram PR shortened,Electrocardiogram PR shortened (SideEffect),CC BY-NC-SA 4.0,UMLS via SIDER 4.1,http://identifiers.org/umls/C0520878
C0028173,NPN increased,NPN increased (SideEffect),CC BY-NC-SA 4.0,UMLS via SIDER 4.1,http://identifiers.org/umls/C0028173
C0013238,Dry eye syndrome,Dry eye syndrome (SideEffect),CC BY-NC-SA 4.0,UMLS via SIDER 4.1,http://identifiers.org/umls/C0013238
C1112443,Male sexual dysfunction,Male sexual dysfunction (SideEffect),CC BY-NC-SA 4.0,UMLS via SIDER 4.1,http://identifiers.org/umls/C1112443
C0155169,Ocular hyperaemia,Ocular hyperaemia (SideEffect),CC BY-NC-SA 4.0,UMLS via SIDER 4.1,http://identifiers.org/umls/C0155169
C0235906,Bronchospasm aggravated,Bronchospasm aggravated (SideEffect),CC BY-NC-SA 4.0,UMLS via SIDER 4.1,http://identifiers.org/umls/C0235906
C0015914,Fertilization,Fertilization (SideEffect),CC BY-NC-SA 4.0,UMLS via SIDER 4.1,http://identifiers.org/umls/C0015914
C0003855,Arteriovenous fistula,Arteriovenous fistula (SideEffect),CC BY-NC-SA 4.0,UMLS via SIDER 4.1,http://identifiers.org/umls/C0003855
C0014130,Endocrine disorder,Endocrine disorder (SideEffect),CC BY-NC-SA 4.0,UMLS via SIDER 4.1,http://identifiers.org/umls/C0014130
C0004239,Atrial flutter,Atrial flutter (SideEffect),CC BY-NC-SA 4.0,UMLS via SIDER 4.1,http://identifiers.org/umls/C0004239
C1142305,Melanonychia,Melanonychia (SideEffect),CC BY-NC-SA 4.0,UMLS via SIDER 4.1,http://identifiers.org/umls/C1142305
C0429468,Anovulatory cycle,Anovulatory cycle (SideEffect),CC BY-NC-SA 4.0,UMLS via SIDER 4.1,http://identifiers.org/umls/C0429468
C0262613,Renal mass,Renal mass (SideEffect),CC BY-NC-SA 4.0,UMLS via SIDER 4.1,http://identifiers.org/umls/C0262613
C0001818,Agoraphobia,Agoraphobia (SideEffect),CC BY-NC-SA 4.0,UMLS via SIDER 4.1,http://identifiers.org/umls/C0001818
C0853785,Blood iron decreased,Blood iron decreased (SideEffect),CC BY-NC-SA 4.0,UMLS via SIDER 4.1,http://identifiers.org/umls/C0853785
C0026961,Mydriasis,Mydriasis (SideEffect),CC BY-NC-SA 4.0,UMLS via SIDER 4.1,http://identifiers.org/umls/C0026961
C0853959,Device breakage,Device breakage (SideEffect),CC BY-NC-SA 4.0,UMLS via SIDER 4.1,http://identifiers.org/umls/C0853959
C0033771,Prurigo,Prurigo (SideEffect),CC BY-NC-SA 4.0,UMLS via SIDER 4.1,http://identifiers.org/umls/C0033771
C0423124,Dermatochalasis,Dermatochalasis (SideEffect),CC BY-NC-SA 4.0,UMLS via SIDER 4.1,http://identifiers.org/umls/C0423124
C0038362,Stomatitis,Stomatitis (SideEffect),CC BY-NC-SA 4.0,UMLS via SIDER 4.1,http://identifiers.org/umls/C0038362
C0332573,Macule,Macule (SideEffect),CC BY-NC-SA 4.0,UMLS via SIDER 4.1,http://identifiers.org/umls/C0332573
C0235213,Ejaculation decreased,Ejaculation decreased (SideEffect),CC BY-NC-SA 4.0,UMLS via SIDER 4.1,http://identifiers.org/umls/C0235213
C0003950,Ascariasis,Ascariasis (SideEffect),CC BY-NC-SA 4.0,UMLS via SIDER 4.1,http://identifiers.org/umls/C0003950
C0497538,Benign gastrointestinal neoplasm,Benign gastrointestinal neoplasm (SideEffect),CC BY-NC-SA 4.0,UMLS via SIDER 4.1,http://identifiers.org/umls/C0497538
C0012691,Joint dislocation,Joint dislocation (SideEffect),CC BY-NC-SA 4.0,UMLS via SIDER 4.1,http://identifiers.org/umls/C0012691
C0855521,Semen volume decreased,Semen volume decreased (SideEffect),CC BY-NC-SA 4.0,UMLS via SIDER 4.1,http://identifiers.org/umls/C0855521
C0155947,Dentofacial anomaly,Dentofacial anomaly (SideEffect),CC BY-NC-SA 4.0,UMLS via SIDER 4.1,http://identifiers.org/umls/C0155947
C0151576,Creatine phosphokinase increased,Creatine phosphokinase increased (SideEffect),CC BY-NC-SA 4.0,UMLS via SIDER 4.1,http://identifiers.org/umls/C0151576
C1386135,Acute depression,Acute depression (SideEffect),CC BY-NC-SA 4.0,UMLS via SIDER 4.1,http://identifiers.org/umls/C1386135
C0919691,Anastomotic leak,Anastomotic leak (SideEffect),CC BY-NC-SA 4.0,UMLS via SIDER 4.1,http://identifiers.org/umls/C0919691
C0332534,Induration,Induration (SideEffect),CC BY-NC-SA 4.0,UMLS via SIDER 4.1,http://identifiers.org/umls/C0332534
C0035126,Reperfusion injury,Reperfusion injury (SideEffect),CC BY-NC-SA 4.0,UMLS via SIDER 4.1,http://identifiers.org/umls/C0035126
C0240521,Nipple tenderness,Nipple tenderness (SideEffect),CC BY-NC-SA 4.0,UMLS via SIDER 4.1,http://identifiers.org/umls/C0240521
C0263445,Acne fulminans,Acne fulminans (SideEffect),CC BY-NC-SA 4.0,UMLS via SIDER 4.1,http://identifiers.org/umls/C0263445
C0392106,Hepatic artery thrombosis,Hepatic artery thrombosis (SideEffect),CC BY-NC-SA 4.0,UMLS via SIDER 4.1,http://identifiers.org/umls/C0392106
C0023798,Lipoma,Lipoma (SideEffect),CC BY-NC-SA 4.0,UMLS via SIDER 4.1,http://identifiers.org/umls/C0023798
C0035304,Retinal degeneration,Retinal degeneration (SideEffect),CC BY-NC-SA 4.0,UMLS via SIDER 4.1,http://identifiers.org/umls/C0035304
C0343869,Anal candidiasis,Anal candidiasis (SideEffect),CC BY-NC-SA 4.0,UMLS via SIDER 4.1,http://identifiers.org/umls/C0343869
C1456786,Paranoid state,Paranoid state (SideEffect),CC BY-NC-SA 4.0,UMLS via SIDER 4.1,http://identifiers.org/umls/C1456786
C0232831,Hyposthenuria,Hyposthenuria (SideEffect),CC BY-NC-SA 4.0,UMLS via SIDER 4.1,http://identifiers.org/umls/C0232831
C0239998,Recurrent infection,Recurrent infection (SideEffect),CC BY-NC-SA 4.0,UMLS via SIDER 4.1,http://identifiers.org/umls/C0239998
C0151872,Prothrombin level increased,Prothrombin level increased (SideEffect),CC BY-NC-SA 4.0,UMLS via SIDER 4.1,http://identifiers.org/umls/C0151872
C0001430,Adenoma benign,Adenoma benign (SideEffect),CC BY-NC-SA 4.0,UMLS via SIDER 4.1,http://identifiers.org/umls/C0001430
C0549253,Bladder dilatation,Bladder dilatation (SideEffect),CC BY-NC-SA 4.0,UMLS via SIDER 4.1,http://identifiers.org/umls/C0549253
C0004377,Automatism,Automatism (SideEffect),CC BY-NC-SA 4.0,UMLS via SIDER 4.1,http://identifiers.org/umls/C0004377
C0000737,Abdominal pain,Abdominal pain (SideEffect),CC BY-NC-SA 4.0,UMLS via SIDER 4.1,http://identifiers.org/umls/C0000737
C0151723,Hypomagnesaemia,Hypomagnesaemia (SideEffect),CC BY-NC-SA 4.0,UMLS via SIDER 4.1,http://identifiers.org/umls/C0151723
C0234665,Eyelid retraction,Eyelid retraction (SideEffect),CC BY-NC-SA 4.0,UMLS via SIDER 4.1,http://identifiers.org/umls/C0234665
C0855304,Glycosylated haemoglobin decreased,Glycosylated haemoglobin decreased (SideEffect),CC BY-NC-SA 4.0,UMLS via SIDER 4.1,http://identifiers.org/umls/C0855304
C0235819,Rash bullous,Rash bullous (SideEffect),CC BY-NC-SA 4.0,UMLS via SIDER 4.1,http://identifiers.org/umls/C0235819
C1262281,Thrombosis in device,Thrombosis in device (SideEffect),CC BY-NC-SA 4.0,UMLS via SIDER 4.1,http://identifiers.org/umls/C1262281
C0007820,Cerebrovascular disorder,Cerebrovascular disorder (SideEffect),CC BY-NC-SA 4.0,UMLS via SIDER 4.1,http://identifiers.org/umls/C0007820
C0522348,Ear feels clogged,Ear feels clogged (SideEffect),CC BY-NC-SA 4.0,UMLS via SIDER 4.1,http://identifiers.org/umls/C0522348
C0158026,Monarthritis,Monarthritis (SideEffect),CC BY-NC-SA 4.0,UMLS via SIDER 4.1,http://identifiers.org/umls/C0158026
C0221423,Sickness,Sickness (SideEffect),CC BY-NC-SA 4.0,UMLS via SIDER 4.1,http://identifiers.org/umls/C0221423
C0232766,Asterixis,Asterixis (SideEffect),CC BY-NC-SA 4.0,UMLS via SIDER 4.1,http://identifiers.org/umls/C0232766
C0030785,Pelvic abscess,Pelvic abscess (SideEffect),CC BY-NC-SA 4.0,UMLS via SIDER 4.1,http://identifiers.org/umls/C0030785
C0023066,Laryngospasm,Laryngospasm (SideEffect),CC BY-NC-SA 4.0,UMLS via SIDER 4.1,http://identifiers.org/umls/C0023066
C0235974,Pancreatic carcinoma,Pancreatic carcinoma (SideEffect),CC BY-NC-SA 4.0,UMLS via SIDER 4.1,http://identifiers.org/umls/C0235974
C0277919,Post thrombotic syndrome,Post thrombotic syndrome (SideEffect),CC BY-NC-SA 4.0,UMLS via SIDER 4.1,http://identifiers.org/umls/C0277919
C0232459,Digestion impaired,Digestion impaired (SideEffect),CC BY-NC-SA 4.0,UMLS via SIDER 4.1,http://identifiers.org/umls/C0232459
C1609496,Eyelid exfoliation,Eyelid exfoliation (SideEffect),CC BY-NC-SA 4.0,UMLS via SIDER 4.1,http://identifiers.org/umls/C1609496
C0274702,Cholinergic syndrome,Cholinergic syndrome (SideEffect),CC BY-NC-SA 4.0,UMLS via SIDER 4.1,http://identifiers.org/umls/C0274702
C0743323,Acute dyspnea,Acute dyspnea (SideEffect),CC BY-NC-SA 4.0,UMLS via SIDER 4.1,http://identifiers.org/umls/C0743323
C1262091,Lymphocytic infiltration,Lymphocytic infiltration (SideEffect),CC BY-NC-SA 4.0,UMLS via SIDER 4.1,http://identifiers.org/umls/C1262091
C0001707,Aerophagia,Aerophagia (SideEffect),CC BY-NC-SA 4.0,UMLS via SIDER 4.1,http://identifiers.org/umls/C0001707
C0948298,Tympanic membrane hyperaemia,Tympanic membrane hyperaemia (SideEffect),CC BY-NC-SA 4.0,UMLS via SIDER 4.1,http://identifiers.org/umls/C0948298
C0235653,Breast cancer female,Breast cancer female (SideEffect),CC BY-NC-SA 4.0,UMLS via SIDER 4.1,http://identifiers.org/umls/C0235653
C0438716,Chest pressure,Chest pressure (SideEffect),CC BY-NC-SA 4.0,UMLS via SIDER 4.1,http://identifiers.org/umls/C0438716
C0011991,Diarrhoea,Diarrhoea (SideEffect),CC BY-NC-SA 4.0,UMLS via SIDER 4.1,http://identifiers.org/umls/C0011991
C0234979,Dysdiadochokinesis,Dysdiadochokinesis (SideEffect),CC BY-NC-SA 4.0,UMLS via SIDER 4.1,http://identifiers.org/umls/C0234979
C1096195,Thyroglobulin increased,Thyroglobulin increased (SideEffect),CC BY-NC-SA 4.0,UMLS via SIDER 4.1,http://identifiers.org/umls/C1096195
C0238304,Chronic interstitial nephritis,Chronic interstitial nephritis (SideEffect),CC BY-NC-SA 4.0,UMLS via SIDER 4.1,http://identifiers.org/umls/C0238304
C0152965,Staphylococcal bacteraemia,Staphylococcal bacteraemia (SideEffect),CC BY-NC-SA 4.0,UMLS via SIDER 4.1,http://identifiers.org/umls/C0152965
C0549225,Myasthenic syndrome,Myasthenic syndrome (SideEffect),CC BY-NC-SA 4.0,UMLS via SIDER 4.1,http://identifiers.org/umls/C0549225
C0235750,Hypertension worsened,Hypertension worsened (SideEffect),CC BY-NC-SA 4.0,UMLS via SIDER 4.1,http://identifiers.org/umls/C0235750
C1274594,Lichenoid keratosis,Lichenoid keratosis (SideEffect),CC BY-NC-SA 4.0,UMLS via SIDER 4.1,http://identifiers.org/umls/C1274594
C0085136,Central nervous system neoplasm,Central nervous system neoplasm (SideEffect),CC BY-NC-SA 4.0,UMLS via SIDER 4.1,http://identifiers.org/umls/C0085136
C0234967,Choreoathetoid movements,Choreoathetoid movements (SideEffect),CC BY-NC-SA 4.0,UMLS via SIDER 4.1,http://identifiers.org/umls/C0234967
C0085580,Essential hypertension,Essential hypertension (SideEffect),CC BY-NC-SA 4.0,UMLS via SIDER 4.1,http://identifiers.org/umls/C0085580
C3665356,Food intolerance,Food intolerance (SideEffect),CC BY-NC-SA 4.0,UMLS via SIDER 4.1,http://identifiers.org/umls/C3665356
C0007117,Basal cell carcinoma,Basal cell carcinoma (SideEffect),CC BY-NC-SA 4.0,UMLS via SIDER 4.1,http://identifiers.org/umls/C0007117
C0392162,Sticky skin,Sticky skin (SideEffect),CC BY-NC-SA 4.0,UMLS via SIDER 4.1,http://identifiers.org/umls/C0392162
C0474529,Haemoglobin normal,Haemoglobin normal (SideEffect),CC BY-NC-SA 4.0,UMLS via SIDER 4.1,http://identifiers.org/umls/C0474529
C0016514,Foot and mouth disease,Foot and mouth disease (SideEffect),CC BY-NC-SA 4.0,UMLS via SIDER 4.1,http://identifiers.org/umls/C0016514
C0272396,Lymph node abscess,Lymph node abscess (SideEffect),CC BY-NC-SA 4.0,UMLS via SIDER 4.1,http://identifiers.org/umls/C0272396
C0014714,Ergot poisoning,Ergot poisoning (SideEffect),CC BY-NC-SA 4.0,UMLS via SIDER 4.1,http://identifiers.org/umls/C0014714
C0001122,Acidosis,Acidosis (SideEffect),CC BY-NC-SA 4.0,UMLS via SIDER 4.1,http://identifiers.org/umls/C0001122
C0549284,Fibrillation atrial aggravated,Fibrillation atrial aggravated (SideEffect),CC BY-NC-SA 4.0,UMLS via SIDER 4.1,http://identifiers.org/umls/C0549284
C0151729,Immunoglobulins increased,Immunoglobulins increased (SideEffect),CC BY-NC-SA 4.0,UMLS via SIDER 4.1,http://identifiers.org/umls/C0151729
C0236036,Oculomucocutaneous syndrome,Oculomucocutaneous syndrome (SideEffect),CC BY-NC-SA 4.0,UMLS via SIDER 4.1,http://identifiers.org/umls/C0236036
C0020433,Hyperbilirubinaemia,Hyperbilirubinaemia (SideEffect),CC BY-NC-SA 4.0,UMLS via SIDER 4.1,http://identifiers.org/umls/C0020433
C0085436,Meningitis cryptococcal,Meningitis cryptococcal (SideEffect),CC BY-NC-SA 4.0,UMLS via SIDER 4.1,http://identifiers.org/umls/C0085436
C0877128,Application site pustules,Application site pustules (SideEffect),CC BY-NC-SA 4.0,UMLS via SIDER 4.1,http://identifiers.org/umls/C0877128
C0149741,Breast discharge,Breast discharge (SideEffect),CC BY-NC-SA 4.0,UMLS via SIDER 4.1,http://identifiers.org/umls/C0149741
C0263437,Acne infantile,Acne infantile (SideEffect),CC BY-NC-SA 4.0,UMLS via SIDER 4.1,http://identifiers.org/umls/C0263437
C0549239,Dizziness aggravated,Dizziness aggravated (SideEffect),CC BY-NC-SA 4.0,UMLS via SIDER 4.1,http://identifiers.org/umls/C0549239
C0020488,Hypernatraemia,Hypernatraemia (SideEffect),CC BY-NC-SA 4.0,UMLS via SIDER 4.1,http://identifiers.org/umls/C0020488
C0221047,Bradycardia-tachycardia syndrome,Bradycardia-tachycardia syndrome (SideEffect),CC BY-NC-SA 4.0,UMLS via SIDER 4.1,http://identifiers.org/umls/C0221047
C0877046,Tooth infection,Tooth infection (SideEffect),CC BY-NC-SA 4.0,UMLS via SIDER 4.1,http://identifiers.org/umls/C0877046
C0014527,Epidermolysis bullosa,Epidermolysis bullosa (SideEffect),CC BY-NC-SA 4.0,UMLS via SIDER 4.1,http://identifiers.org/umls/C0014527
C1536080,Coronary stent thrombosis,Coronary stent thrombosis (SideEffect),CC BY-NC-SA 4.0,UMLS via SIDER 4.1,http://identifiers.org/umls/C1536080
C0232286,Precordial pain,Precordial pain (SideEffect),CC BY-NC-SA 4.0,UMLS via SIDER 4.1,http://identifiers.org/umls/C0232286
C0242184,Hypoxia,Hypoxia (SideEffect),CC BY-NC-SA 4.0,UMLS via SIDER 4.1,http://identifiers.org/umls/C0242184
C1536696,Overactivity,Overactivity (SideEffect),CC BY-NC-SA 4.0,UMLS via SIDER 4.1,http://identifiers.org/umls/C1536696
C0743295,Drug screen positive,Drug screen positive (SideEffect),CC BY-NC-SA 4.0,UMLS via SIDER 4.1,http://identifiers.org/umls/C0743295
C1282609,Granulocytosis,Granulocytosis (SideEffect),CC BY-NC-SA 4.0,UMLS via SIDER 4.1,http://identifiers.org/umls/C1282609
C0745528,Klebsiella sepsis,Klebsiella sepsis (SideEffect),CC BY-NC-SA 4.0,UMLS via SIDER 4.1,http://identifiers.org/umls/C0745528
C0003493,Aortic disorder,Aortic disorder (SideEffect),CC BY-NC-SA 4.0,UMLS via SIDER 4.1,http://identifiers.org/umls/C0003493
C0019937,Horner's syndrome,Horner's syndrome (SideEffect),CC BY-NC-SA 4.0,UMLS via SIDER 4.1,http://identifiers.org/umls/C0019937
C0008301,Choking,Choking (SideEffect),CC BY-NC-SA 4.0,UMLS via SIDER 4.1,http://identifiers.org/umls/C0008301
C0235656,Uterine cervical lesion,Uterine cervical lesion (SideEffect),CC BY-NC-SA 4.0,UMLS via SIDER 4.1,http://identifiers.org/umls/C0235656
C0004998,Benign neoplasm of skin,Benign neoplasm of skin (SideEffect),CC BY-NC-SA 4.0,UMLS via SIDER 4.1,http://identifiers.org/umls/C0004998
C0011253,Delusion,Delusion (SideEffect),CC BY-NC-SA 4.0,UMLS via SIDER 4.1,http://identifiers.org/umls/C0011253
C0036679,Separation,Separation (SideEffect),CC BY-NC-SA 4.0,UMLS via SIDER 4.1,http://identifiers.org/umls/C0036679
C0260662,Auditory disorder NOS,Auditory disorder NOS (SideEffect),CC BY-NC-SA 4.0,UMLS via SIDER 4.1,http://identifiers.org/umls/C0260662
C0021100,Bullous impetigo,Bullous impetigo (SideEffect),CC BY-NC-SA 4.0,UMLS via SIDER 4.1,http://identifiers.org/umls/C0021100
C0149504,Toxic encephalopathy,Toxic encephalopathy (SideEffect),CC BY-NC-SA 4.0,UMLS via SIDER 4.1,http://identifiers.org/umls/C0149504
C0851647,Muscle tone disorder,Muscle tone disorder (SideEffect),CC BY-NC-SA 4.0,UMLS via SIDER 4.1,http://identifiers.org/umls/C0851647
C1112573,Delayed orgasm,Delayed orgasm (SideEffect),CC BY-NC-SA 4.0,UMLS via SIDER 4.1,http://identifiers.org/umls/C1112573
C0018949,Spinal cord haemorrhage,Spinal cord haemorrhage (SideEffect),CC BY-NC-SA 4.0,UMLS via SIDER 4.1,http://identifiers.org/umls/C0018949
C0241635,Vaginal erythema,Vaginal erythema (SideEffect),CC BY-NC-SA 4.0,UMLS via SIDER 4.1,http://identifiers.org/umls/C0241635
C0019357,Ophthalmic herpes simplex,Ophthalmic herpes simplex (SideEffect),CC BY-NC-SA 4.0,UMLS via SIDER 4.1,http://identifiers.org/umls/C0019357
C0151628,Epiphyses premature fusion,Epiphyses premature fusion (SideEffect),CC BY-NC-SA 4.0,UMLS via SIDER 4.1,http://identifiers.org/umls/C0151628
C0595883,Blood glucose decreased,Blood glucose decreased (SideEffect),CC BY-NC-SA 4.0,UMLS via SIDER 4.1,http://identifiers.org/umls/C0595883
C0151560,Central nervous system stimulation,Central nervous system stimulation (SideEffect),CC BY-NC-SA 4.0,UMLS via SIDER 4.1,http://identifiers.org/umls/C0151560
C0494559,Inner ear disorder,Inner ear disorder (SideEffect),CC BY-NC-SA 4.0,UMLS via SIDER 4.1,http://identifiers.org/umls/C0494559
C0227791,Vaginal discharge,Vaginal discharge (SideEffect),CC BY-NC-SA 4.0,UMLS via SIDER 4.1,http://identifiers.org/umls/C0227791
C0854212,Subepithelial opacities,Subepithelial opacities (SideEffect),CC BY-NC-SA 4.0,UMLS via SIDER 4.1,http://identifiers.org/umls/C0854212
C0006435,Chemical burn,Chemical burn (SideEffect),CC BY-NC-SA 4.0,UMLS via SIDER 4.1,http://identifiers.org/umls/C0006435
C0156404,Menstruation irregular,Menstruation irregular (SideEffect),CC BY-NC-SA 4.0,UMLS via SIDER 4.1,http://identifiers.org/umls/C0156404
C0863111,Nasal mucus blood tinged,Nasal mucus blood tinged (SideEffect),CC BY-NC-SA 4.0,UMLS via SIDER 4.1,http://identifiers.org/umls/C0863111
C0740434,Direct bilirubin increased,Direct bilirubin increased (SideEffect),CC BY-NC-SA 4.0,UMLS via SIDER 4.1,http://identifiers.org/umls/C0740434
C2609199,Product taste abnormal,Product taste abnormal (SideEffect),CC BY-NC-SA 4.0,UMLS via SIDER 4.1,http://identifiers.org/umls/C2609199
C0271053,Cotton wool spots,Cotton wool spots (SideEffect),CC BY-NC-SA 4.0,UMLS via SIDER 4.1,http://identifiers.org/umls/C0271053
C0011882,Diabetic neuropathy,Diabetic neuropathy (SideEffect),CC BY-NC-SA 4.0,UMLS via SIDER 4.1,http://identifiers.org/umls/C0011882
C0475765,Nasal oedema,Nasal oedema (SideEffect),CC BY-NC-SA 4.0,UMLS via SIDER 4.1,http://identifiers.org/umls/C0475765
C0700572,Mobility decreased,Mobility decreased (SideEffect),CC BY-NC-SA 4.0,UMLS via SIDER 4.1,http://identifiers.org/umls/C0700572
C3251821,Catatonic reaction,Catatonic reaction (SideEffect),CC BY-NC-SA 4.0,UMLS via SIDER 4.1,http://identifiers.org/umls/C3251821
C1963921,Chemical phlebitis,Chemical phlebitis (SideEffect),CC BY-NC-SA 4.0,UMLS via SIDER 4.1,http://identifiers.org/umls/C1963921
C0235847,Hyperhemoglobinemia,Hyperhemoglobinemia (SideEffect),CC BY-NC-SA 4.0,UMLS via SIDER 4.1,http://identifiers.org/umls/C0235847
C0423847,Growth of eyelashes,Growth of eyelashes (SideEffect),CC BY-NC-SA 4.0,UMLS via SIDER 4.1,http://identifiers.org/umls/C0423847
C0549635,Potassium abnormal NOS,Potassium abnormal NOS (SideEffect),CC BY-NC-SA 4.0,UMLS via SIDER 4.1,http://identifiers.org/umls/C0549635
C0162557,Acute hepatic failure,Acute hepatic failure (SideEffect),CC BY-NC-SA 4.0,UMLS via SIDER 4.1,http://identifiers.org/umls/C0162557
C0520563,Toxic dilatation of intestine,Toxic dilatation of intestine (SideEffect),CC BY-NC-SA 4.0,UMLS via SIDER 4.1,http://identifiers.org/umls/C0520563
C0423628,Teething pain,Teething pain (SideEffect),CC BY-NC-SA 4.0,UMLS via SIDER 4.1,http://identifiers.org/umls/C0423628
C0150045,Urge incontinence,Urge incontinence (SideEffect),CC BY-NC-SA 4.0,UMLS via SIDER 4.1,http://identifiers.org/umls/C0150045
C0413234,Acute allergic reaction,Acute allergic reaction (SideEffect),CC BY-NC-SA 4.0,UMLS via SIDER 4.1,http://identifiers.org/umls/C0413234
C0221165,Diplegia,Diplegia (SideEffect),CC BY-NC-SA 4.0,UMLS via SIDER 4.1,http://identifiers.org/umls/C0221165
C1695897,Infusion site irritation,Infusion site irritation (SideEffect),CC BY-NC-SA 4.0,UMLS via SIDER 4.1,http://identifiers.org/umls/C1695897
C0019559,Coxalgia,Coxalgia (SideEffect),CC BY-NC-SA 4.0,UMLS via SIDER 4.1,http://identifiers.org/umls/C0019559
C0232492,Abdominal pain upper,Abdominal pain upper (SideEffect),CC BY-NC-SA 4.0,UMLS via SIDER 4.1,http://identifiers.org/umls/C0232492
C0858854,Unrest,Unrest (SideEffect),CC BY-NC-SA 4.0,UMLS via SIDER 4.1,http://identifiers.org/umls/C0858854
C0032797,Postpartum haemorrhage,Postpartum haemorrhage (SideEffect),CC BY-NC-SA 4.0,UMLS via SIDER 4.1,http://identifiers.org/umls/C0032797
C0001127,Respiratory acidosis,Respiratory acidosis (SideEffect),CC BY-NC-SA 4.0,UMLS via SIDER 4.1,http://identifiers.org/umls/C0001127
C0022078,Iris disorder,Iris disorder (SideEffect),CC BY-NC-SA 4.0,UMLS via SIDER 4.1,http://identifiers.org/umls/C0022078
C0151882,Purpuric rash,Purpuric rash (SideEffect),CC BY-NC-SA 4.0,UMLS via SIDER 4.1,http://identifiers.org/umls/C0151882
C0020565,Hypertrophy of breast,Hypertrophy of breast (SideEffect),CC BY-NC-SA 4.0,UMLS via SIDER 4.1,http://identifiers.org/umls/C0020565
C0852792,Blood cortisol decreased,Blood cortisol decreased (SideEffect),CC BY-NC-SA 4.0,UMLS via SIDER 4.1,http://identifiers.org/umls/C0852792
C0700292,Hypoxemia,Hypoxemia (SideEffect),CC BY-NC-SA 4.0,UMLS via SIDER 4.1,http://identifiers.org/umls/C0700292
C0349398,Paranoid delusions,Paranoid delusions (SideEffect),CC BY-NC-SA 4.0,UMLS via SIDER 4.1,http://identifiers.org/umls/C0349398
C0233407,Disorientation,Disorientation (SideEffect),CC BY-NC-SA 4.0,UMLS via SIDER 4.1,http://identifiers.org/umls/C0233407
C0270810,Peroneal nerve palsy,Peroneal nerve palsy (SideEffect),CC BY-NC-SA 4.0,UMLS via SIDER 4.1,http://identifiers.org/umls/C0270810
C0854193,Cognitive deterioration,Cognitive deterioration (SideEffect),CC BY-NC-SA 4.0,UMLS via SIDER 4.1,http://identifiers.org/umls/C0854193
C0948299,Application site discharge,Application site discharge (SideEffect),CC BY-NC-SA 4.0,UMLS via SIDER 4.1,http://identifiers.org/umls/C0948299
C0003564,Aphonia,Aphonia (SideEffect),CC BY-NC-SA 4.0,UMLS via SIDER 4.1,http://identifiers.org/umls/C0003564
C0235532,Cyanosis peripheral,Cyanosis peripheral (SideEffect),CC BY-NC-SA 4.0,UMLS via SIDER 4.1,http://identifiers.org/umls/C0235532
C0549400,Apgar score low,Apgar score low (SideEffect),CC BY-NC-SA 4.0,UMLS via SIDER 4.1,http://identifiers.org/umls/C0549400
C0687707,Anorectal disorder,Anorectal disorder (SideEffect),CC BY-NC-SA 4.0,UMLS via SIDER 4.1,http://identifiers.org/umls/C0687707
C1609538,Latent tuberculosis,Latent tuberculosis (SideEffect),CC BY-NC-SA 4.0,UMLS via SIDER 4.1,http://identifiers.org/umls/C1609538
C0241235,Sputum purulent,Sputum purulent (SideEffect),CC BY-NC-SA 4.0,UMLS via SIDER 4.1,http://identifiers.org/umls/C0241235
C0457436,Hemiparesis (left),Hemiparesis (left) (SideEffect),CC BY-NC-SA 4.0,UMLS via SIDER 4.1,http://identifiers.org/umls/C0457436
C0425945,Prolonged menses,Prolonged menses (SideEffect),CC BY-NC-SA 4.0,UMLS via SIDER 4.1,http://identifiers.org/umls/C0425945
C0002447,Amelia,Amelia (SideEffect),CC BY-NC-SA 4.0,UMLS via SIDER 4.1,http://identifiers.org/umls/C0002447
C0740435,Bilirubin unconjugated increased,Bilirubin unconjugated increased (SideEffect),CC BY-NC-SA 4.0,UMLS via SIDER 4.1,http://identifiers.org/umls/C0740435
C1112616,Loss of proprioception,Loss of proprioception (SideEffect),CC BY-NC-SA 4.0,UMLS via SIDER 4.1,http://identifiers.org/umls/C1112616
C0009421,Coma,Coma (SideEffect),CC BY-NC-SA 4.0,UMLS via SIDER 4.1,http://identifiers.org/umls/C0009421
C0018378,Guillain-Barre syndrome,Guillain-Barre syndrome (SideEffect),CC BY-NC-SA 4.0,UMLS via SIDER 4.1,http://identifiers.org/umls/C0018378
C0149514,Acute bronchitis,Acute bronchitis (SideEffect),CC BY-NC-SA 4.0,UMLS via SIDER 4.1,http://identifiers.org/umls/C0149514
C0263449,Dermatitis perioral,Dermatitis perioral (SideEffect),CC BY-NC-SA 4.0,UMLS via SIDER 4.1,http://identifiers.org/umls/C0263449
C0346989,Metastases to peritoneum,Metastases to peritoneum (SideEffect),CC BY-NC-SA 4.0,UMLS via SIDER 4.1,http://identifiers.org/umls/C0346989
C0015786,Female sexual arousal disorder,Female sexual arousal disorder (SideEffect),CC BY-NC-SA 4.0,UMLS via SIDER 4.1,http://identifiers.org/umls/C0015786
C0520962,Pain localised,Pain localised (SideEffect),CC BY-NC-SA 4.0,UMLS via SIDER 4.1,http://identifiers.org/umls/C0520962
C0085083,Ovarian hyperstimulation syndrome,Ovarian hyperstimulation syndrome (SideEffect),CC BY-NC-SA 4.0,UMLS via SIDER 4.1,http://identifiers.org/umls/C0085083
C1112192,Erythrosis,Erythrosis (SideEffect),CC BY-NC-SA 4.0,UMLS via SIDER 4.1,http://identifiers.org/umls/C1112192
C0221040,Dialysis dementia,Dialysis dementia (SideEffect),CC BY-NC-SA 4.0,UMLS via SIDER 4.1,http://identifiers.org/umls/C0221040
C0000932,Traffic accident,Traffic accident (SideEffect),CC BY-NC-SA 4.0,UMLS via SIDER 4.1,http://identifiers.org/umls/C0000932
C0857979,Serum prolactin decreased,Serum prolactin decreased (SideEffect),CC BY-NC-SA 4.0,UMLS via SIDER 4.1,http://identifiers.org/umls/C0857979
C0023380,Lethargy,Lethargy (SideEffect),CC BY-NC-SA 4.0,UMLS via SIDER 4.1,http://identifiers.org/umls/C0023380
C1557335,Ocular surface disease,Ocular surface disease (SideEffect),CC BY-NC-SA 4.0,UMLS via SIDER 4.1,http://identifiers.org/umls/C1557335
C0155002,Sudden visual loss,Sudden visual loss (SideEffect),CC BY-NC-SA 4.0,UMLS via SIDER 4.1,http://identifiers.org/umls/C0155002
C0007097,Carcinoma,Carcinoma (SideEffect),CC BY-NC-SA 4.0,UMLS via SIDER 4.1,http://identifiers.org/umls/C0007097
C0238463,Papillary thyroid cancer,Papillary thyroid cancer (SideEffect),CC BY-NC-SA 4.0,UMLS via SIDER 4.1,http://identifiers.org/umls/C0238463
C0948786,Blanching,Blanching (SideEffect),CC BY-NC-SA 4.0,UMLS via SIDER 4.1,http://identifiers.org/umls/C0948786
C0014034,Enanthema,Enanthema (SideEffect),CC BY-NC-SA 4.0,UMLS via SIDER 4.1,http://identifiers.org/umls/C0014034
C0853762,Exacerbation of hot flushes,Exacerbation of hot flushes (SideEffect),CC BY-NC-SA 4.0,UMLS via SIDER 4.1,http://identifiers.org/umls/C0853762
C0743680,Eye oedema,Eye oedema (SideEffect),CC BY-NC-SA 4.0,UMLS via SIDER 4.1,http://identifiers.org/umls/C0743680
C1328539,Reflex tachycardia,Reflex tachycardia (SideEffect),CC BY-NC-SA 4.0,UMLS via SIDER 4.1,http://identifiers.org/umls/C1328539
C0699893,Skin carcinoma,Skin carcinoma (SideEffect),CC BY-NC-SA 4.0,UMLS via SIDER 4.1,http://identifiers.org/umls/C0699893
C2939103,Perioral paraesthesia,Perioral paraesthesia (SideEffect),CC BY-NC-SA 4.0,UMLS via SIDER 4.1,http://identifiers.org/umls/C2939103
C0015371,Extrapyramidal disorder,Extrapyramidal disorder (SideEffect),CC BY-NC-SA 4.0,UMLS via SIDER 4.1,http://identifiers.org/umls/C0015371
C2242621,Erection prolonged,Erection prolonged (SideEffect),CC BY-NC-SA 4.0,UMLS via SIDER 4.1,http://identifiers.org/umls/C2242621
C0239589,Pain in fingers,Pain in fingers (SideEffect),CC BY-NC-SA 4.0,UMLS via SIDER 4.1,http://identifiers.org/umls/C0239589
C2717961,Thrombotic microangiopathy,Thrombotic microangiopathy (SideEffect),CC BY-NC-SA 4.0,UMLS via SIDER 4.1,http://identifiers.org/umls/C2717961
C0429098,Electrocardiogram QRS complex,Electrocardiogram QRS complex (SideEffect),CC BY-NC-SA 4.0,UMLS via SIDER 4.1,http://identifiers.org/umls/C0429098
C0740651,Abdominal symptom,Abdominal symptom (SideEffect),CC BY-NC-SA 4.0,UMLS via SIDER 4.1,http://identifiers.org/umls/C0740651
C1142139,Drug reaction with eosinophilia and systemic symptoms,Drug reaction with eosinophilia and systemic symptoms (SideEffect),CC BY-NC-SA 4.0,UMLS via SIDER 4.1,http://identifiers.org/umls/C1142139
C0023218,Cramps of lower extremities,Cramps of lower extremities (SideEffect),CC BY-NC-SA 4.0,UMLS via SIDER 4.1,http://identifiers.org/umls/C0023218
C0853939,Oral mucosal discolouration,Oral mucosal discolouration (SideEffect),CC BY-NC-SA 4.0,UMLS via SIDER 4.1,http://identifiers.org/umls/C0853939
C0221780,Rectal discharge,Rectal discharge (SideEffect),CC BY-NC-SA 4.0,UMLS via SIDER 4.1,http://identifiers.org/umls/C0221780
C0267566,Perirectal abscess,Perirectal abscess (SideEffect),CC BY-NC-SA 4.0,UMLS via SIDER 4.1,http://identifiers.org/umls/C0267566
C0233565,Bradykinesia,Bradykinesia (SideEffect),CC BY-NC-SA 4.0,UMLS via SIDER 4.1,http://identifiers.org/umls/C0233565
C0151640,Fertility male decreased,Fertility male decreased (SideEffect),CC BY-NC-SA 4.0,UMLS via SIDER 4.1,http://identifiers.org/umls/C0151640
C0547000,Joint lock,Joint lock (SideEffect),CC BY-NC-SA 4.0,UMLS via SIDER 4.1,http://identifiers.org/umls/C0547000
C0151315,Neck stiffness,Neck stiffness (SideEffect),CC BY-NC-SA 4.0,UMLS via SIDER 4.1,http://identifiers.org/umls/C0151315
C1142028,Peripheral nerve palsy,Peripheral nerve palsy (SideEffect),CC BY-NC-SA 4.0,UMLS via SIDER 4.1,http://identifiers.org/umls/C1142028
C0019064,Pericardial haemorrhage,Pericardial haemorrhage (SideEffect),CC BY-NC-SA 4.0,UMLS via SIDER 4.1,http://identifiers.org/umls/C0019064
C0340305,Inferior myocardial infarction,Inferior myocardial infarction (SideEffect),CC BY-NC-SA 4.0,UMLS via SIDER 4.1,http://identifiers.org/umls/C0340305
C0154833,Retinal vascular disorder,Retinal vascular disorder (SideEffect),CC BY-NC-SA 4.0,UMLS via SIDER 4.1,http://identifiers.org/umls/C0154833
C0032787,Postoperative complications NOS,Postoperative complications NOS (SideEffect),CC BY-NC-SA 4.0,UMLS via SIDER 4.1,http://identifiers.org/umls/C0032787
C1141863,Lymphocyte transformation test positive,Lymphocyte transformation test positive (SideEffect),CC BY-NC-SA 4.0,UMLS via SIDER 4.1,http://identifiers.org/umls/C1141863
C0026916,Mycobacterium avium complex infection,Mycobacterium avium complex infection (SideEffect),CC BY-NC-SA 4.0,UMLS via SIDER 4.1,http://identifiers.org/umls/C0026916
C0151737,Intentional injury,Intentional injury (SideEffect),CC BY-NC-SA 4.0,UMLS via SIDER 4.1,http://identifiers.org/umls/C0151737
C0029464,Osteosclerosis,Osteosclerosis (SideEffect),CC BY-NC-SA 4.0,UMLS via SIDER 4.1,http://identifiers.org/umls/C0029464
C1290398,Cerebral arterial aneurysm,Cerebral arterial aneurysm (SideEffect),CC BY-NC-SA 4.0,UMLS via SIDER 4.1,http://identifiers.org/umls/C1290398
C0853697,Neutrophil count decreased,Neutrophil count decreased (SideEffect),CC BY-NC-SA 4.0,UMLS via SIDER 4.1,http://identifiers.org/umls/C0853697
C0281856,Generalized aching,Generalized aching (SideEffect),CC BY-NC-SA 4.0,UMLS via SIDER 4.1,http://identifiers.org/umls/C0281856
C0007115,Thyroid cancer,Thyroid cancer (SideEffect),CC BY-NC-SA 4.0,UMLS via SIDER 4.1,http://identifiers.org/umls/C0007115
C0242461,Purpura non-thrombocytopenic,Purpura non-thrombocytopenic (SideEffect),CC BY-NC-SA 4.0,UMLS via SIDER 4.1,http://identifiers.org/umls/C0242461
C0010666,Acne cystic,Acne cystic (SideEffect),CC BY-NC-SA 4.0,UMLS via SIDER 4.1,http://identifiers.org/umls/C0010666
C0877098,Application site dryness,Application site dryness (SideEffect),CC BY-NC-SA 4.0,UMLS via SIDER 4.1,http://identifiers.org/umls/C0877098
C0011636,Dermatophytosis,Dermatophytosis (SideEffect),CC BY-NC-SA 4.0,UMLS via SIDER 4.1,http://identifiers.org/umls/C0011636
C0159039,Spontaneous bruising,Spontaneous bruising (SideEffect),CC BY-NC-SA 4.0,UMLS via SIDER 4.1,http://identifiers.org/umls/C0159039
C0023895,Liver disorder,Liver disorder (SideEffect),CC BY-NC-SA 4.0,UMLS via SIDER 4.1,http://identifiers.org/umls/C0023895
C0037274,Skin disorder,Skin disorder (SideEffect),CC BY-NC-SA 4.0,UMLS via SIDER 4.1,http://identifiers.org/umls/C0037274
C0026272,Mixed connective tissue disease,Mixed connective tissue disease (SideEffect),CC BY-NC-SA 4.0,UMLS via SIDER 4.1,http://identifiers.org/umls/C0026272
C0235431,Blood creatinine increased,Blood creatinine increased (SideEffect),CC BY-NC-SA 4.0,UMLS via SIDER 4.1,http://identifiers.org/umls/C0235431
C0239511,Numbness facial,Numbness facial (SideEffect),CC BY-NC-SA 4.0,UMLS via SIDER 4.1,http://identifiers.org/umls/C0239511
C0042798,Vision decreased,Vision decreased (SideEffect),CC BY-NC-SA 4.0,UMLS via SIDER 4.1,http://identifiers.org/umls/C0042798
C0020437,Hypercalcaemia,Hypercalcaemia (SideEffect),CC BY-NC-SA 4.0,UMLS via SIDER 4.1,http://identifiers.org/umls/C0020437
C1301937,Talipes,Talipes (SideEffect),CC BY-NC-SA 4.0,UMLS via SIDER 4.1,http://identifiers.org/umls/C1301937
C0549273,Abdominal pain aggravated,Abdominal pain aggravated (SideEffect),CC BY-NC-SA 4.0,UMLS via SIDER 4.1,http://identifiers.org/umls/C0549273
C0549395,Blood urea decreased,Blood urea decreased (SideEffect),CC BY-NC-SA 4.0,UMLS via SIDER 4.1,http://identifiers.org/umls/C0549395
C0235901,Lacrimation abnormal NOS,Lacrimation abnormal NOS (SideEffect),CC BY-NC-SA 4.0,UMLS via SIDER 4.1,http://identifiers.org/umls/C0235901
C0085617,Arterial spasm,Arterial spasm (SideEffect),CC BY-NC-SA 4.0,UMLS via SIDER 4.1,http://identifiers.org/umls/C0085617
C1321133,Bronchial haemorrhage,Bronchial haemorrhage (SideEffect),CC BY-NC-SA 4.0,UMLS via SIDER 4.1,http://identifiers.org/umls/C1321133
C0856984,Hyperexcitation,Hyperexcitation (SideEffect),CC BY-NC-SA 4.0,UMLS via SIDER 4.1,http://identifiers.org/umls/C0856984
C0863087,Decreased immune responsiveness,Decreased immune responsiveness (SideEffect),CC BY-NC-SA 4.0,UMLS via SIDER 4.1,http://identifiers.org/umls/C0863087
C0038814,Sunburn,Sunburn (SideEffect),CC BY-NC-SA 4.0,UMLS via SIDER 4.1,http://identifiers.org/umls/C0038814
C0742906,C-reactive protein increased,C-reactive protein increased (SideEffect),CC BY-NC-SA 4.0,UMLS via SIDER 4.1,http://identifiers.org/umls/C0742906
C0036420,Circumscribed scleroderma,Circumscribed scleroderma (SideEffect),CC BY-NC-SA 4.0,UMLS via SIDER 4.1,http://identifiers.org/umls/C0036420
C0856050,Diet refusal,Diet refusal (SideEffect),CC BY-NC-SA 4.0,UMLS via SIDER 4.1,http://identifiers.org/umls/C0856050
C0024205,Lymphadenitis,Lymphadenitis (SideEffect),CC BY-NC-SA 4.0,UMLS via SIDER 4.1,http://identifiers.org/umls/C0024205
C0206633,Angiomyolipoma,Angiomyolipoma (SideEffect),CC BY-NC-SA 4.0,UMLS via SIDER 4.1,http://identifiers.org/umls/C0206633
C1112470,Infusion site inflammation,Infusion site inflammation (SideEffect),CC BY-NC-SA 4.0,UMLS via SIDER 4.1,http://identifiers.org/umls/C1112470
C0038454,Cerebrovascular accident,Cerebrovascular accident (SideEffect),CC BY-NC-SA 4.0,UMLS via SIDER 4.1,http://identifiers.org/umls/C0038454
C1536916,Blood cholesterol decreased,Blood cholesterol decreased (SideEffect),CC BY-NC-SA 4.0,UMLS via SIDER 4.1,http://identifiers.org/umls/C1536916
C0240464,Neck oedema of,Neck oedema of (SideEffect),CC BY-NC-SA 4.0,UMLS via SIDER 4.1,http://identifiers.org/umls/C0240464
C0021051,Immunodeficiency,Immunodeficiency (SideEffect),CC BY-NC-SA 4.0,UMLS via SIDER 4.1,http://identifiers.org/umls/C0021051
C0311277,Central obesity,Central obesity (SideEffect),CC BY-NC-SA 4.0,UMLS via SIDER 4.1,http://identifiers.org/umls/C0311277
C0877324,Urinary sediment present,Urinary sediment present (SideEffect),CC BY-NC-SA 4.0,UMLS via SIDER 4.1,http://identifiers.org/umls/C0877324
C0027719,Nephrosclerosis,Nephrosclerosis (SideEffect),CC BY-NC-SA 4.0,UMLS via SIDER 4.1,http://identifiers.org/umls/C0027719
C0004153,Atherosclerosis,Atherosclerosis (SideEffect),CC BY-NC-SA 4.0,UMLS via SIDER 4.1,http://identifiers.org/umls/C0004153
C0347721,Back strain,Back strain (SideEffect),CC BY-NC-SA 4.0,UMLS via SIDER 4.1,http://identifiers.org/umls/C0347721
C0854706,Neonatal infection,Neonatal infection (SideEffect),CC BY-NC-SA 4.0,UMLS via SIDER 4.1,http://identifiers.org/umls/C0854706
C0235573,Haemoglobinaemia,Haemoglobinaemia (SideEffect),CC BY-NC-SA 4.0,UMLS via SIDER 4.1,http://identifiers.org/umls/C0235573
C0442886,Secondary infection,Secondary infection (SideEffect),CC BY-NC-SA 4.0,UMLS via SIDER 4.1,http://identifiers.org/umls/C0442886
C0149866,Chemical conjunctivitis,Chemical conjunctivitis (SideEffect),CC BY-NC-SA 4.0,UMLS via SIDER 4.1,http://identifiers.org/umls/C0149866
C0559938,Ileal perforation,Ileal perforation (SideEffect),CC BY-NC-SA 4.0,UMLS via SIDER 4.1,http://identifiers.org/umls/C0559938
C0341164,Gastric ulcer haemorrhage,Gastric ulcer haemorrhage (SideEffect),CC BY-NC-SA 4.0,UMLS via SIDER 4.1,http://identifiers.org/umls/C0341164
C0151569,Coombs direct test positive,Coombs direct test positive (SideEffect),CC BY-NC-SA 4.0,UMLS via SIDER 4.1,http://identifiers.org/umls/C0151569
C0264286,Pharyngitis ulcerative,Pharyngitis ulcerative (SideEffect),CC BY-NC-SA 4.0,UMLS via SIDER 4.1,http://identifiers.org/umls/C0264286
C0233459,Emotional disorder,Emotional disorder (SideEffect),CC BY-NC-SA 4.0,UMLS via SIDER 4.1,http://identifiers.org/umls/C0233459
C0000729,Abdominal cramps,Abdominal cramps (SideEffect),CC BY-NC-SA 4.0,UMLS via SIDER 4.1,http://identifiers.org/umls/C0000729
C0549405,Blood pressure fluctuation,Blood pressure fluctuation (SideEffect),CC BY-NC-SA 4.0,UMLS via SIDER 4.1,http://identifiers.org/umls/C0549405
C0011124,Libido decreased,Libido decreased (SideEffect),CC BY-NC-SA 4.0,UMLS via SIDER 4.1,http://identifiers.org/umls/C0011124
C0520887,Electrocardiogram ST segment depression,Electrocardiogram ST segment depression (SideEffect),CC BY-NC-SA 4.0,UMLS via SIDER 4.1,http://identifiers.org/umls/C0520887
C0266589,Ear malformation,Ear malformation (SideEffect),CC BY-NC-SA 4.0,UMLS via SIDER 4.1,http://identifiers.org/umls/C0266589
C0021899,IUD expelled,IUD expelled (SideEffect),CC BY-NC-SA 4.0,UMLS via SIDER 4.1,http://identifiers.org/umls/C0021899
C0863112,Pharyngo-oral irritation,Pharyngo-oral irritation (SideEffect),CC BY-NC-SA 4.0,UMLS via SIDER 4.1,http://identifiers.org/umls/C0863112
C0235839,Fever neonatal,Fever neonatal (SideEffect),CC BY-NC-SA 4.0,UMLS via SIDER 4.1,http://identifiers.org/umls/C0235839
C0522172,Feeling drunk,Feeling drunk (SideEffect),CC BY-NC-SA 4.0,UMLS via SIDER 4.1,http://identifiers.org/umls/C0522172
C0085074,Granuloma annulare,Granuloma annulare (SideEffect),CC BY-NC-SA 4.0,UMLS via SIDER 4.1,http://identifiers.org/umls/C0085074
C0002064,Respiratory alkalosis,Respiratory alkalosis (SideEffect),CC BY-NC-SA 4.0,UMLS via SIDER 4.1,http://identifiers.org/umls/C0002064
C0018674,Head injury,Head injury (SideEffect),CC BY-NC-SA 4.0,UMLS via SIDER 4.1,http://identifiers.org/umls/C0018674
C0858786,Toxic symptom,Toxic symptom (SideEffect),CC BY-NC-SA 4.0,UMLS via SIDER 4.1,http://identifiers.org/umls/C0858786
C0553576,Systemic mycosis,Systemic mycosis (SideEffect),CC BY-NC-SA 4.0,UMLS via SIDER 4.1,http://identifiers.org/umls/C0553576
C0019069,Factor VIII deficiency,Factor VIII deficiency (SideEffect),CC BY-NC-SA 4.0,UMLS via SIDER 4.1,http://identifiers.org/umls/C0019069
C0033038,Premature ejaculation,Premature ejaculation (SideEffect),CC BY-NC-SA 4.0,UMLS via SIDER 4.1,http://identifiers.org/umls/C0033038
C0836924,Thrombocytosis,Thrombocytosis (SideEffect),CC BY-NC-SA 4.0,UMLS via SIDER 4.1,http://identifiers.org/umls/C0836924
C0032302,Pneumonia mycoplasmal,Pneumonia mycoplasmal (SideEffect),CC BY-NC-SA 4.0,UMLS via SIDER 4.1,http://identifiers.org/umls/C0032302
C0037933,Spinal disorder,Spinal disorder (SideEffect),CC BY-NC-SA 4.0,UMLS via SIDER 4.1,http://identifiers.org/umls/C0037933
C0032266,Pneumatosis cystoides intestinalis,Pneumatosis cystoides intestinalis (SideEffect),CC BY-NC-SA 4.0,UMLS via SIDER 4.1,http://identifiers.org/umls/C0032266
C1096049,Infusion site swelling,Infusion site swelling (SideEffect),CC BY-NC-SA 4.0,UMLS via SIDER 4.1,http://identifiers.org/umls/C1096049
C0277890,Blood pressure diastolic decreased,Blood pressure diastolic decreased (SideEffect),CC BY-NC-SA 4.0,UMLS via SIDER 4.1,http://identifiers.org/umls/C0277890
C0242354,Disorder birth,Disorder birth (SideEffect),CC BY-NC-SA 4.0,UMLS via SIDER 4.1,http://identifiers.org/umls/C0242354
C0231255,Body mass index decreased,Body mass index decreased (SideEffect),CC BY-NC-SA 4.0,UMLS via SIDER 4.1,http://identifiers.org/umls/C0231255
C0008626,Cytogenetic abnormality,Cytogenetic abnormality (SideEffect),CC BY-NC-SA 4.0,UMLS via SIDER 4.1,http://identifiers.org/umls/C0008626
C0235890,Migraine aggravated,Migraine aggravated (SideEffect),CC BY-NC-SA 4.0,UMLS via SIDER 4.1,http://identifiers.org/umls/C0235890
C0005684,Bladder cancer,Bladder cancer (SideEffect),CC BY-NC-SA 4.0,UMLS via SIDER 4.1,http://identifiers.org/umls/C0005684
C0856882,Potassium increased,Potassium increased (SideEffect),CC BY-NC-SA 4.0,UMLS via SIDER 4.1,http://identifiers.org/umls/C0856882
C0269993,Suppressed lactation,Suppressed lactation (SideEffect),CC BY-NC-SA 4.0,UMLS via SIDER 4.1,http://identifiers.org/umls/C0269993
C0302870,Microcytic,Microcytic (SideEffect),CC BY-NC-SA 4.0,UMLS via SIDER 4.1,http://identifiers.org/umls/C0302870
C0022353,Jaundice neonatal,Jaundice neonatal (SideEffect),CC BY-NC-SA 4.0,UMLS via SIDER 4.1,http://identifiers.org/umls/C0022353
C0234233,Tenderness,Tenderness (SideEffect),CC BY-NC-SA 4.0,UMLS via SIDER 4.1,http://identifiers.org/umls/C0234233
C0520546,Pulmonary microemboli,Pulmonary microemboli (SideEffect),CC BY-NC-SA 4.0,UMLS via SIDER 4.1,http://identifiers.org/umls/C0520546
C0149521,Pancreatitis chronic,Pancreatitis chronic (SideEffect),CC BY-NC-SA 4.0,UMLS via SIDER 4.1,http://identifiers.org/umls/C0149521
C0521494,Application site pigmentation changes,Application site pigmentation changes (SideEffect),CC BY-NC-SA 4.0,UMLS via SIDER 4.1,http://identifiers.org/umls/C0521494
C0263443,Acne pustular,Acne pustular (SideEffect),CC BY-NC-SA 4.0,UMLS via SIDER 4.1,http://identifiers.org/umls/C0263443
C0025319,Menopausal disorder,Menopausal disorder (SideEffect),CC BY-NC-SA 4.0,UMLS via SIDER 4.1,http://identifiers.org/umls/C0025319
C0007860,Cervicitis,Cervicitis (SideEffect),CC BY-NC-SA 4.0,UMLS via SIDER 4.1,http://identifiers.org/umls/C0007860
C0236178,Intra-abdominal haemorrhage,Intra-abdominal haemorrhage (SideEffect),CC BY-NC-SA 4.0,UMLS via SIDER 4.1,http://identifiers.org/umls/C0236178
C1167686,Nail toxicity,Nail toxicity (SideEffect),CC BY-NC-SA 4.0,UMLS via SIDER 4.1,http://identifiers.org/umls/C1167686
C1522133,High cholesterol,High cholesterol (SideEffect),CC BY-NC-SA 4.0,UMLS via SIDER 4.1,http://identifiers.org/umls/C1522133
C1535948,Retinal aneurysm,Retinal aneurysm (SideEffect),CC BY-NC-SA 4.0,UMLS via SIDER 4.1,http://identifiers.org/umls/C1535948
C0019338,Herpangina,Herpangina (SideEffect),CC BY-NC-SA 4.0,UMLS via SIDER 4.1,http://identifiers.org/umls/C0019338
C0857051,Bad dreams,Bad dreams (SideEffect),CC BY-NC-SA 4.0,UMLS via SIDER 4.1,http://identifiers.org/umls/C0857051
C0854495,Hepatitis F,Hepatitis F (SideEffect),CC BY-NC-SA 4.0,UMLS via SIDER 4.1,http://identifiers.org/umls/C0854495
C1963822,Mucosal pigmentation,Mucosal pigmentation (SideEffect),CC BY-NC-SA 4.0,UMLS via SIDER 4.1,http://identifiers.org/umls/C1963822
C1295666,Thyroxine decreased,Thyroxine decreased (SideEffect),CC BY-NC-SA 4.0,UMLS via SIDER 4.1,http://identifiers.org/umls/C1295666
C0948579,Bacteria urine identified,Bacteria urine identified (SideEffect),CC BY-NC-SA 4.0,UMLS via SIDER 4.1,http://identifiers.org/umls/C0948579
C0699791,Carcinoma stomach,Carcinoma stomach (SideEffect),CC BY-NC-SA 4.0,UMLS via SIDER 4.1,http://identifiers.org/umls/C0699791
C0476405,Pulmonary function test abnormal,Pulmonary function test abnormal (SideEffect),CC BY-NC-SA 4.0,UMLS via SIDER 4.1,http://identifiers.org/umls/C0476405
C0155862,Pneumonia streptococcal,Pneumonia streptococcal (SideEffect),CC BY-NC-SA 4.0,UMLS via SIDER 4.1,http://identifiers.org/umls/C0155862
C0948353,Markedly reduced dietary intake,Markedly reduced dietary intake (SideEffect),CC BY-NC-SA 4.0,UMLS via SIDER 4.1,http://identifiers.org/umls/C0948353
C0877154,Visual brightness,Visual brightness (SideEffect),CC BY-NC-SA 4.0,UMLS via SIDER 4.1,http://identifiers.org/umls/C0877154
C0856069,Vasculitis gastrointestinal,Vasculitis gastrointestinal (SideEffect),CC BY-NC-SA 4.0,UMLS via SIDER 4.1,http://identifiers.org/umls/C0856069
C0040584,Tracheitis,Tracheitis (SideEffect),CC BY-NC-SA 4.0,UMLS via SIDER 4.1,http://identifiers.org/umls/C0040584
C0015726,Fear,Fear (SideEffect),CC BY-NC-SA 4.0,UMLS via SIDER 4.1,http://identifiers.org/umls/C0015726
C0014800,Hyperplasia erythroid,Hyperplasia erythroid (SideEffect),CC BY-NC-SA 4.0,UMLS via SIDER 4.1,http://identifiers.org/umls/C0014800
C0019212,Hepatorenal syndrome,Hepatorenal syndrome (SideEffect),CC BY-NC-SA 4.0,UMLS via SIDER 4.1,http://identifiers.org/umls/C0019212
C0948070,Rhinalgia,Rhinalgia (SideEffect),CC BY-NC-SA 4.0,UMLS via SIDER 4.1,http://identifiers.org/umls/C0948070
C0343026,Nail infection,Nail infection (SideEffect),CC BY-NC-SA 4.0,UMLS via SIDER 4.1,http://identifiers.org/umls/C0343026
C0520966,Coordination abnormal,Coordination abnormal (SideEffect),CC BY-NC-SA 4.0,UMLS via SIDER 4.1,http://identifiers.org/umls/C0520966
C0019243,Hereditary angioedema,Hereditary angioedema (SideEffect),CC BY-NC-SA 4.0,UMLS via SIDER 4.1,http://identifiers.org/umls/C0019243
C0026976,Myelitis transverse,Myelitis transverse (SideEffect),CC BY-NC-SA 4.0,UMLS via SIDER 4.1,http://identifiers.org/umls/C0026976
C0155145,Chronic conjunctivitis,Chronic conjunctivitis (SideEffect),CC BY-NC-SA 4.0,UMLS via SIDER 4.1,http://identifiers.org/umls/C0155145
C0155964,Atrophic glossitis,Atrophic glossitis (SideEffect),CC BY-NC-SA 4.0,UMLS via SIDER 4.1,http://identifiers.org/umls/C0155964
C0235833,Congenital diaphragmatic hernia,Congenital diaphragmatic hernia (SideEffect),CC BY-NC-SA 4.0,UMLS via SIDER 4.1,http://identifiers.org/umls/C0235833
C0221722,Muscle movement involuntary,Muscle movement involuntary (SideEffect),CC BY-NC-SA 4.0,UMLS via SIDER 4.1,http://identifiers.org/umls/C0221722
C0039971,Thirst,Thirst (SideEffect),CC BY-NC-SA 4.0,UMLS via SIDER 4.1,http://identifiers.org/umls/C0039971
C0018995,Haemochromatosis,Haemochromatosis (SideEffect),CC BY-NC-SA 4.0,UMLS via SIDER 4.1,http://identifiers.org/umls/C0018995
C0029134,Optic neuritis,Optic neuritis (SideEffect),CC BY-NC-SA 4.0,UMLS via SIDER 4.1,http://identifiers.org/umls/C0029134
C0022575,Keratoconjunctivitis sicca,Keratoconjunctivitis sicca (SideEffect),CC BY-NC-SA 4.0,UMLS via SIDER 4.1,http://identifiers.org/umls/C0022575
C0013404,Dyspnoea,Dyspnoea (SideEffect),CC BY-NC-SA 4.0,UMLS via SIDER 4.1,http://identifiers.org/umls/C0013404
C0265962,Netherton's syndrome,Netherton's syndrome (SideEffect),CC BY-NC-SA 4.0,UMLS via SIDER 4.1,http://identifiers.org/umls/C0265962
C0019618,Histiocytosis,Histiocytosis (SideEffect),CC BY-NC-SA 4.0,UMLS via SIDER 4.1,http://identifiers.org/umls/C0019618
C0162820,Allergic contact dermatitis,Allergic contact dermatitis (SideEffect),CC BY-NC-SA 4.0,UMLS via SIDER 4.1,http://identifiers.org/umls/C0162820
C1283048,Iron binding capacity total,Iron binding capacity total (SideEffect),CC BY-NC-SA 4.0,UMLS via SIDER 4.1,http://identifiers.org/umls/C1283048
C0010266,Cranial nerve disorder,Cranial nerve disorder (SideEffect),CC BY-NC-SA 4.0,UMLS via SIDER 4.1,http://identifiers.org/umls/C0010266
C0476369,Echocardiogram abnormal,Echocardiogram abnormal (SideEffect),CC BY-NC-SA 4.0,UMLS via SIDER 4.1,http://identifiers.org/umls/C0476369
C1167732,Pleuropericarditis,Pleuropericarditis (SideEffect),CC BY-NC-SA 4.0,UMLS via SIDER 4.1,http://identifiers.org/umls/C1167732
C0234983,Delirium toxic,Delirium toxic (SideEffect),CC BY-NC-SA 4.0,UMLS via SIDER 4.1,http://identifiers.org/umls/C0234983
C1370740,Adrenal carcinoma,Adrenal carcinoma (SideEffect),CC BY-NC-SA 4.0,UMLS via SIDER 4.1,http://identifiers.org/umls/C1370740
C0013146,Drug abuse,Drug abuse (SideEffect),CC BY-NC-SA 4.0,UMLS via SIDER 4.1,http://identifiers.org/umls/C0013146
C0079035,Bradyarrhythmia,Bradyarrhythmia (SideEffect),CC BY-NC-SA 4.0,UMLS via SIDER 4.1,http://identifiers.org/umls/C0079035
C0858217,Gastrointestinal fullness,Gastrointestinal fullness (SideEffect),CC BY-NC-SA 4.0,UMLS via SIDER 4.1,http://identifiers.org/umls/C0858217
C1279247,Genitourinary tract infection,Genitourinary tract infection (SideEffect),CC BY-NC-SA 4.0,UMLS via SIDER 4.1,http://identifiers.org/umls/C1279247
C0152486,Salmonella sepsis,Salmonella sepsis (SideEffect),CC BY-NC-SA 4.0,UMLS via SIDER 4.1,http://identifiers.org/umls/C0152486
C1112789,Rectal spasm,Rectal spasm (SideEffect),CC BY-NC-SA 4.0,UMLS via SIDER 4.1,http://identifiers.org/umls/C1112789
C0036508,Seborrhoeic dermatitis,Seborrhoeic dermatitis (SideEffect),CC BY-NC-SA 4.0,UMLS via SIDER 4.1,http://identifiers.org/umls/C0036508
C1096340,Dysphemia,Dysphemia (SideEffect),CC BY-NC-SA 4.0,UMLS via SIDER 4.1,http://identifiers.org/umls/C1096340
C0268919,Scrotal disorder,Scrotal disorder (SideEffect),CC BY-NC-SA 4.0,UMLS via SIDER 4.1,http://identifiers.org/umls/C0268919
C0015695,Liver fatty,Liver fatty (SideEffect),CC BY-NC-SA 4.0,UMLS via SIDER 4.1,http://identifiers.org/umls/C0015695
C0751466,Phonophobia,Phonophobia (SideEffect),CC BY-NC-SA 4.0,UMLS via SIDER 4.1,http://identifiers.org/umls/C0751466
C0018790,Cardiac arrest,Cardiac arrest (SideEffect),CC BY-NC-SA 4.0,UMLS via SIDER 4.1,http://identifiers.org/umls/C0018790
C1112303,Facial wasting,Facial wasting (SideEffect),CC BY-NC-SA 4.0,UMLS via SIDER 4.1,http://identifiers.org/umls/C1112303
C0741307,Autonomic dysfunction,Autonomic dysfunction (SideEffect),CC BY-NC-SA 4.0,UMLS via SIDER 4.1,http://identifiers.org/umls/C0741307
C0475858,Pruritus generalised,Pruritus generalised (SideEffect),CC BY-NC-SA 4.0,UMLS via SIDER 4.1,http://identifiers.org/umls/C0475858
C0746731,Acute myocardial ischemia,Acute myocardial ischemia (SideEffect),CC BY-NC-SA 4.0,UMLS via SIDER 4.1,http://identifiers.org/umls/C0746731
C0009377,Colonic pseudo-obstruction,Colonic pseudo-obstruction (SideEffect),CC BY-NC-SA 4.0,UMLS via SIDER 4.1,http://identifiers.org/umls/C0009377
C0861157,Decreased night vision,Decreased night vision (SideEffect),CC BY-NC-SA 4.0,UMLS via SIDER 4.1,http://identifiers.org/umls/C0861157
C0151946,Pulmonary thrombosis,Pulmonary thrombosis (SideEffect),CC BY-NC-SA 4.0,UMLS via SIDER 4.1,http://identifiers.org/umls/C0151946
C0021390,Inflammatory bowel disease,Inflammatory bowel disease (SideEffect),CC BY-NC-SA 4.0,UMLS via SIDER 4.1,http://identifiers.org/umls/C0021390
C0860728,Osmolality increased,Osmolality increased (SideEffect),CC BY-NC-SA 4.0,UMLS via SIDER 4.1,http://identifiers.org/umls/C0860728
C0877090,Orthostatic collapse,Orthostatic collapse (SideEffect),CC BY-NC-SA 4.0,UMLS via SIDER 4.1,http://identifiers.org/umls/C0877090
C1456863,Vasoconstriction,Vasoconstriction (SideEffect),CC BY-NC-SA 4.0,UMLS via SIDER 4.1,http://identifiers.org/umls/C1456863
C0694547,Systolic ejection murmur,Systolic ejection murmur (SideEffect),CC BY-NC-SA 4.0,UMLS via SIDER 4.1,http://identifiers.org/umls/C0694547
C0026265,Mitral valve disease,Mitral valve disease (SideEffect),CC BY-NC-SA 4.0,UMLS via SIDER 4.1,http://identifiers.org/umls/C0026265
C0700031,Anxiety attack,Anxiety attack (SideEffect),CC BY-NC-SA 4.0,UMLS via SIDER 4.1,http://identifiers.org/umls/C0700031
C0549386,Sensation of warmth,Sensation of warmth (SideEffect),CC BY-NC-SA 4.0,UMLS via SIDER 4.1,http://identifiers.org/umls/C0549386
C0549373,Laryngeal pain,Laryngeal pain (SideEffect),CC BY-NC-SA 4.0,UMLS via SIDER 4.1,http://identifiers.org/umls/C0549373
C0152025,Polyneuropathy,Polyneuropathy (SideEffect),CC BY-NC-SA 4.0,UMLS via SIDER 4.1,http://identifiers.org/umls/C0152025
C0156308,Penile oedema,Penile oedema (SideEffect),CC BY-NC-SA 4.0,UMLS via SIDER 4.1,http://identifiers.org/umls/C0156308
C1142115,Enterocolitis infectious,Enterocolitis infectious (SideEffect),CC BY-NC-SA 4.0,UMLS via SIDER 4.1,http://identifiers.org/umls/C1142115
C0424230,Psychomotor retardation,Psychomotor retardation (SideEffect),CC BY-NC-SA 4.0,UMLS via SIDER 4.1,http://identifiers.org/umls/C0424230
C0410959,Foetal acidosis,Foetal acidosis (SideEffect),CC BY-NC-SA 4.0,UMLS via SIDER 4.1,http://identifiers.org/umls/C0410959
C1096257,Dental discomfort,Dental discomfort (SideEffect),CC BY-NC-SA 4.0,UMLS via SIDER 4.1,http://identifiers.org/umls/C1096257
C0494475,Tonic-clonic seizures,Tonic-clonic seizures (SideEffect),CC BY-NC-SA 4.0,UMLS via SIDER 4.1,http://identifiers.org/umls/C0494475
C0919890,Hyperfibrinogenaemia,Hyperfibrinogenaemia (SideEffect),CC BY-NC-SA 4.0,UMLS via SIDER 4.1,http://identifiers.org/umls/C0919890
C0541947,Excitation cerebral,Excitation cerebral (SideEffect),CC BY-NC-SA 4.0,UMLS via SIDER 4.1,http://identifiers.org/umls/C0541947
C0376356,Premenstrual tension,Premenstrual tension (SideEffect),CC BY-NC-SA 4.0,UMLS via SIDER 4.1,http://identifiers.org/umls/C0376356
C0376297,Cardiac death,Cardiac death (SideEffect),CC BY-NC-SA 4.0,UMLS via SIDER 4.1,http://identifiers.org/umls/C0376297
C0013491,Ecchymosis,Ecchymosis (SideEffect),CC BY-NC-SA 4.0,UMLS via SIDER 4.1,http://identifiers.org/umls/C0013491
C0003044,Animal bite,Animal bite (SideEffect),CC BY-NC-SA 4.0,UMLS via SIDER 4.1,http://identifiers.org/umls/C0003044
C1142420,Hepatitis B reactivation,Hepatitis B reactivation (SideEffect),CC BY-NC-SA 4.0,UMLS via SIDER 4.1,http://identifiers.org/umls/C1142420
C3665818,Medication residue present,Medication residue present (SideEffect),CC BY-NC-SA 4.0,UMLS via SIDER 4.1,http://identifiers.org/umls/C3665818
C0520477,Prostatic adenoma,Prostatic adenoma (SideEffect),CC BY-NC-SA 4.0,UMLS via SIDER 4.1,http://identifiers.org/umls/C0520477
C0349705,Haemoglobin abnormal,Haemoglobin abnormal (SideEffect),CC BY-NC-SA 4.0,UMLS via SIDER 4.1,http://identifiers.org/umls/C0349705
C1142151,Scleromalacia,Scleromalacia (SideEffect),CC BY-NC-SA 4.0,UMLS via SIDER 4.1,http://identifiers.org/umls/C1142151
C0235763,Psoriasis flare-up,Psoriasis flare-up (SideEffect),CC BY-NC-SA 4.0,UMLS via SIDER 4.1,http://identifiers.org/umls/C0235763
C0232410,Hair growth increased,Hair growth increased (SideEffect),CC BY-NC-SA 4.0,UMLS via SIDER 4.1,http://identifiers.org/umls/C0232410
C0026393,Molluscum contagiosum,Molluscum contagiosum (SideEffect),CC BY-NC-SA 4.0,UMLS via SIDER 4.1,http://identifiers.org/umls/C0026393
C0858738,Vitamin B12 absorption decreased,Vitamin B12 absorption decreased (SideEffect),CC BY-NC-SA 4.0,UMLS via SIDER 4.1,http://identifiers.org/umls/C0858738
C1096657,Prostate examination abnormal,Prostate examination abnormal (SideEffect),CC BY-NC-SA 4.0,UMLS via SIDER 4.1,http://identifiers.org/umls/C1096657
C0037278,Skin infection,Skin infection (SideEffect),CC BY-NC-SA 4.0,UMLS via SIDER 4.1,http://identifiers.org/umls/C0037278
C0152436,Imperforate hymen,Imperforate hymen (SideEffect),CC BY-NC-SA 4.0,UMLS via SIDER 4.1,http://identifiers.org/umls/C0152436
C0013298,Duodenitis,Duodenitis (SideEffect),CC BY-NC-SA 4.0,UMLS via SIDER 4.1,http://identifiers.org/umls/C0013298
C0241618,Vaginal burning sensation,Vaginal burning sensation (SideEffect),CC BY-NC-SA 4.0,UMLS via SIDER 4.1,http://identifiers.org/umls/C0241618
C0239783,Groin pain,Groin pain (SideEffect),CC BY-NC-SA 4.0,UMLS via SIDER 4.1,http://identifiers.org/umls/C0239783
C0011633,Dermatomyositis,Dermatomyositis (SideEffect),CC BY-NC-SA 4.0,UMLS via SIDER 4.1,http://identifiers.org/umls/C0011633
C0021400,Influenza,Influenza (SideEffect),CC BY-NC-SA 4.0,UMLS via SIDER 4.1,http://identifiers.org/umls/C0021400
C0524662,Dependence on opiates,Dependence on opiates (SideEffect),CC BY-NC-SA 4.0,UMLS via SIDER 4.1,http://identifiers.org/umls/C0524662
C0042130,Uterine contractions,Uterine contractions (SideEffect),CC BY-NC-SA 4.0,UMLS via SIDER 4.1,http://identifiers.org/umls/C0042130
C0342649,Vascular calcification,Vascular calcification (SideEffect),CC BY-NC-SA 4.0,UMLS via SIDER 4.1,http://identifiers.org/umls/C0342649
C0028960,Oligospermia,Oligospermia (SideEffect),CC BY-NC-SA 4.0,UMLS via SIDER 4.1,http://identifiers.org/umls/C0028960
C0235439,Ankle edema,Ankle edema (SideEffect),CC BY-NC-SA 4.0,UMLS via SIDER 4.1,http://identifiers.org/umls/C0235439
C0854954,Ovarian germ cell teratoma benign,Ovarian germ cell teratoma benign (SideEffect),CC BY-NC-SA 4.0,UMLS via SIDER 4.1,http://identifiers.org/umls/C0854954
C0151942,Arterial thrombosis,Arterial thrombosis (SideEffect),CC BY-NC-SA 4.0,UMLS via SIDER 4.1,http://identifiers.org/umls/C0151942
C0006261,Bronchial disorder,Bronchial disorder (SideEffect),CC BY-NC-SA 4.0,UMLS via SIDER 4.1,http://identifiers.org/umls/C0006261
C0241057,Skin burning sensation,Skin burning sensation (SideEffect),CC BY-NC-SA 4.0,UMLS via SIDER 4.1,http://identifiers.org/umls/C0241057
C0234230,Pain burning,Pain burning (SideEffect),CC BY-NC-SA 4.0,UMLS via SIDER 4.1,http://identifiers.org/umls/C0234230
C1167965,Urine output increased,Urine output increased (SideEffect),CC BY-NC-SA 4.0,UMLS via SIDER 4.1,http://identifiers.org/umls/C1167965
C0853277,Pseudo-Bartter syndrome,Pseudo-Bartter syndrome (SideEffect),CC BY-NC-SA 4.0,UMLS via SIDER 4.1,http://identifiers.org/umls/C0853277
C0238113,Radiation oesophagitis,Radiation oesophagitis (SideEffect),CC BY-NC-SA 4.0,UMLS via SIDER 4.1,http://identifiers.org/umls/C0238113
C0392525,Nephrolithiasis,Nephrolithiasis (SideEffect),CC BY-NC-SA 4.0,UMLS via SIDER 4.1,http://identifiers.org/umls/C0392525
C0039239,Sinus tachycardia,Sinus tachycardia (SideEffect),CC BY-NC-SA 4.0,UMLS via SIDER 4.1,http://identifiers.org/umls/C0039239
C0085096,Peripheral vascular disorder,Peripheral vascular disorder (SideEffect),CC BY-NC-SA 4.0,UMLS via SIDER 4.1,http://identifiers.org/umls/C0085096
C0855652,Culture negative,Culture negative (SideEffect),CC BY-NC-SA 4.0,UMLS via SIDER 4.1,http://identifiers.org/umls/C0855652
C0151313,Peripheral sensory neuropathy,Peripheral sensory neuropathy (SideEffect),CC BY-NC-SA 4.0,UMLS via SIDER 4.1,http://identifiers.org/umls/C0151313
C0558353,Carcinoma of tongue,Carcinoma of tongue (SideEffect),CC BY-NC-SA 4.0,UMLS via SIDER 4.1,http://identifiers.org/umls/C0558353
C1263846,Attention deficit/hyperactivity disorder,Attention deficit/hyperactivity disorder (SideEffect),CC BY-NC-SA 4.0,UMLS via SIDER 4.1,http://identifiers.org/umls/C1263846
C0948284,Corneal decompensation,Corneal decompensation (SideEffect),CC BY-NC-SA 4.0,UMLS via SIDER 4.1,http://identifiers.org/umls/C0948284
C0032045,Placental disorder,Placental disorder (SideEffect),CC BY-NC-SA 4.0,UMLS via SIDER 4.1,http://identifiers.org/umls/C0032045
C0751535,Cardiac syncope,Cardiac syncope (SideEffect),CC BY-NC-SA 4.0,UMLS via SIDER 4.1,http://identifiers.org/umls/C0751535
C0085577,Normocytic anemia,Normocytic anemia (SideEffect),CC BY-NC-SA 4.0,UMLS via SIDER 4.1,http://identifiers.org/umls/C0085577
C0037268,Congenital skin disorder,Congenital skin disorder (SideEffect),CC BY-NC-SA 4.0,UMLS via SIDER 4.1,http://identifiers.org/umls/C0037268
C0003813,Sinus arrhythmia,Sinus arrhythmia (SideEffect),CC BY-NC-SA 4.0,UMLS via SIDER 4.1,http://identifiers.org/umls/C0003813
C0406317,Plaque psoriasis,Plaque psoriasis (SideEffect),CC BY-NC-SA 4.0,UMLS via SIDER 4.1,http://identifiers.org/umls/C0406317
C0026975,Myelitis,Myelitis (SideEffect),CC BY-NC-SA 4.0,UMLS via SIDER 4.1,http://identifiers.org/umls/C0026975
C0019151,Hepatic encephalopathy,Hepatic encephalopathy (SideEffect),CC BY-NC-SA 4.0,UMLS via SIDER 4.1,http://identifiers.org/umls/C0019151
C0085628,Stupor,Stupor (SideEffect),CC BY-NC-SA 4.0,UMLS via SIDER 4.1,http://identifiers.org/umls/C0085628
C1167791,Skin toxicity,Skin toxicity (SideEffect),CC BY-NC-SA 4.0,UMLS via SIDER 4.1,http://identifiers.org/umls/C1167791
C2609264,Color vision change,Color vision change (SideEffect),CC BY-NC-SA 4.0,UMLS via SIDER 4.1,http://identifiers.org/umls/C2609264
C1142459,Application site scar,Application site scar (SideEffect),CC BY-NC-SA 4.0,UMLS via SIDER 4.1,http://identifiers.org/umls/C1142459
C0876991,Histiocytosis haematophagic,Histiocytosis haematophagic (SideEffect),CC BY-NC-SA 4.0,UMLS via SIDER 4.1,http://identifiers.org/umls/C0876991
C0027562,Negativism,Negativism (SideEffect),CC BY-NC-SA 4.0,UMLS via SIDER 4.1,http://identifiers.org/umls/C0027562
C0556385,Alcohol craving,Alcohol craving (SideEffect),CC BY-NC-SA 4.0,UMLS via SIDER 4.1,http://identifiers.org/umls/C0556385
C1135120,Breakthrough pain,Breakthrough pain (SideEffect),CC BY-NC-SA 4.0,UMLS via SIDER 4.1,http://identifiers.org/umls/C1135120
C0948441,Venoocclusive disease,Venoocclusive disease (SideEffect),CC BY-NC-SA 4.0,UMLS via SIDER 4.1,http://identifiers.org/umls/C0948441
C1963864,Myelodysplastic syndrome transformation,Myelodysplastic syndrome transformation (SideEffect),CC BY-NC-SA 4.0,UMLS via SIDER 4.1,http://identifiers.org/umls/C1963864
C0948380,Colorectal cancer metastatic,Colorectal cancer metastatic (SideEffect),CC BY-NC-SA 4.0,UMLS via SIDER 4.1,http://identifiers.org/umls/C0948380
C0151632,Red blood cell sedimentation rate increased,Red blood cell sedimentation rate increased (SideEffect),CC BY-NC-SA 4.0,UMLS via SIDER 4.1,http://identifiers.org/umls/C0151632
C0241166,Skin tightness,Skin tightness (SideEffect),CC BY-NC-SA 4.0,UMLS via SIDER 4.1,http://identifiers.org/umls/C0241166
C0239513,Pallor facial,Pallor facial (SideEffect),CC BY-NC-SA 4.0,UMLS via SIDER 4.1,http://identifiers.org/umls/C0239513
C0853149,Blood lactate dehydrogenase increased,Blood lactate dehydrogenase increased (SideEffect),CC BY-NC-SA 4.0,UMLS via SIDER 4.1,http://identifiers.org/umls/C0853149
C0013384,Dyskinesia,Dyskinesia (SideEffect),CC BY-NC-SA 4.0,UMLS via SIDER 4.1,http://identifiers.org/umls/C0013384
C0042258,Vaginal neoplasm,Vaginal neoplasm (SideEffect),CC BY-NC-SA 4.0,UMLS via SIDER 4.1,http://identifiers.org/umls/C0042258
C0019147,Coma hepatic,Coma hepatic (SideEffect),CC BY-NC-SA 4.0,UMLS via SIDER 4.1,http://identifiers.org/umls/C0019147
C0235575,Hemolytic reaction,Hemolytic reaction (SideEffect),CC BY-NC-SA 4.0,UMLS via SIDER 4.1,http://identifiers.org/umls/C0235575
C0268948,Scrotal ulcer,Scrotal ulcer (SideEffect),CC BY-NC-SA 4.0,UMLS via SIDER 4.1,http://identifiers.org/umls/C0268948
C0018987,Hemimelia,Hemimelia (SideEffect),CC BY-NC-SA 4.0,UMLS via SIDER 4.1,http://identifiers.org/umls/C0018987
C0231835,Tachypnoea,Tachypnoea (SideEffect),CC BY-NC-SA 4.0,UMLS via SIDER 4.1,http://identifiers.org/umls/C0231835
C0751494,Convulsive seizure,Convulsive seizure (SideEffect),CC BY-NC-SA 4.0,UMLS via SIDER 4.1,http://identifiers.org/umls/C0751494
C0274312,Graft complication,Graft complication (SideEffect),CC BY-NC-SA 4.0,UMLS via SIDER 4.1,http://identifiers.org/umls/C0274312
C0812470,Abortion incomplete,Abortion incomplete (SideEffect),CC BY-NC-SA 4.0,UMLS via SIDER 4.1,http://identifiers.org/umls/C0812470
C0036439,Scoliosis,Scoliosis (SideEffect),CC BY-NC-SA 4.0,UMLS via SIDER 4.1,http://identifiers.org/umls/C0036439
C0235282,Ear roaring,Ear roaring (SideEffect),CC BY-NC-SA 4.0,UMLS via SIDER 4.1,http://identifiers.org/umls/C0235282
C0029405,Brown tumour,Brown tumour (SideEffect),CC BY-NC-SA 4.0,UMLS via SIDER 4.1,http://identifiers.org/umls/C0029405
C0034628,Radius fracture,Radius fracture (SideEffect),CC BY-NC-SA 4.0,UMLS via SIDER 4.1,http://identifiers.org/umls/C0034628
C0002453,Amenorrhoea,Amenorrhoea (SideEffect),CC BY-NC-SA 4.0,UMLS via SIDER 4.1,http://identifiers.org/umls/C0002453
C1141938,Ocular icterus,Ocular icterus (SideEffect),CC BY-NC-SA 4.0,UMLS via SIDER 4.1,http://identifiers.org/umls/C1141938
C1096252,Cardiac discomfort,Cardiac discomfort (SideEffect),CC BY-NC-SA 4.0,UMLS via SIDER 4.1,http://identifiers.org/umls/C1096252
C0016412,Folate deficiency,Folate deficiency (SideEffect),CC BY-NC-SA 4.0,UMLS via SIDER 4.1,http://identifiers.org/umls/C0016412
C0156273,Bladder diverticulum,Bladder diverticulum (SideEffect),CC BY-NC-SA 4.0,UMLS via SIDER 4.1,http://identifiers.org/umls/C0156273
C1262106,Neuromuscular toxicity,Neuromuscular toxicity (SideEffect),CC BY-NC-SA 4.0,UMLS via SIDER 4.1,http://identifiers.org/umls/C1262106
C0019372,Herpes virus infection,Herpes virus infection (SideEffect),CC BY-NC-SA 4.0,UMLS via SIDER 4.1,http://identifiers.org/umls/C0019372
C0003123,Anorexia,Anorexia (SideEffect),CC BY-NC-SA 4.0,UMLS via SIDER 4.1,http://identifiers.org/umls/C0003123
C0017677,Tongue geographic,Tongue geographic (SideEffect),CC BY-NC-SA 4.0,UMLS via SIDER 4.1,http://identifiers.org/umls/C0017677
C0542313,Sleep talking,Sleep talking (SideEffect),CC BY-NC-SA 4.0,UMLS via SIDER 4.1,http://identifiers.org/umls/C0542313
C0027343,Ingrowing nail,Ingrowing nail (SideEffect),CC BY-NC-SA 4.0,UMLS via SIDER 4.1,http://identifiers.org/umls/C0027343
C0280100,Solid tumour,Solid tumour (SideEffect),CC BY-NC-SA 4.0,UMLS via SIDER 4.1,http://identifiers.org/umls/C0280100
C0003128,Anovulation,Anovulation (SideEffect),CC BY-NC-SA 4.0,UMLS via SIDER 4.1,http://identifiers.org/umls/C0003128
C1868912,Uric acid increased,Uric acid increased (SideEffect),CC BY-NC-SA 4.0,UMLS via SIDER 4.1,http://identifiers.org/umls/C1868912
C0158775,Spine malformation,Spine malformation (SideEffect),CC BY-NC-SA 4.0,UMLS via SIDER 4.1,http://identifiers.org/umls/C0158775
C0240557,Nasal irritation,Nasal irritation (SideEffect),CC BY-NC-SA 4.0,UMLS via SIDER 4.1,http://identifiers.org/umls/C0240557
C0740469,Albumin high,Albumin high (SideEffect),CC BY-NC-SA 4.0,UMLS via SIDER 4.1,http://identifiers.org/umls/C0740469
C0553721,Sweating decreased,Sweating decreased (SideEffect),CC BY-NC-SA 4.0,UMLS via SIDER 4.1,http://identifiers.org/umls/C0553721
C0856151,Fat redistribution,Fat redistribution (SideEffect),CC BY-NC-SA 4.0,UMLS via SIDER 4.1,http://identifiers.org/umls/C0856151
C0549453,Traumatic haematoma,Traumatic haematoma (SideEffect),CC BY-NC-SA 4.0,UMLS via SIDER 4.1,http://identifiers.org/umls/C0549453
C0014059,Acute disseminated encephalomyelitis,Acute disseminated encephalomyelitis (SideEffect),CC BY-NC-SA 4.0,UMLS via SIDER 4.1,http://identifiers.org/umls/C0014059
C0235081,Tremor limb,Tremor limb (SideEffect),CC BY-NC-SA 4.0,UMLS via SIDER 4.1,http://identifiers.org/umls/C0235081
C0178298,Unspecified disorder of skin and subcutaneous tissue,Unspecified disorder of skin and subcutaneous tissue (SideEffect),CC BY-NC-SA 4.0,UMLS via SIDER 4.1,http://identifiers.org/umls/C0178298
C0392156,Akathisia,Akathisia (SideEffect),CC BY-NC-SA 4.0,UMLS via SIDER 4.1,http://identifiers.org/umls/C0392156
C0555120,White blood cells urine positive,White blood cells urine positive (SideEffect),CC BY-NC-SA 4.0,UMLS via SIDER 4.1,http://identifiers.org/umls/C0555120
C0858924,General discomfort,General discomfort (SideEffect),CC BY-NC-SA 4.0,UMLS via SIDER 4.1,http://identifiers.org/umls/C0858924
C0040797,Traumatic haemorrhage,Traumatic haemorrhage (SideEffect),CC BY-NC-SA 4.0,UMLS via SIDER 4.1,http://identifiers.org/umls/C0040797
C0275524,Infection mixed,Infection mixed (SideEffect),CC BY-NC-SA 4.0,UMLS via SIDER 4.1,http://identifiers.org/umls/C0275524
C0038012,Spondylitis,Spondylitis (SideEffect),CC BY-NC-SA 4.0,UMLS via SIDER 4.1,http://identifiers.org/umls/C0038012
C2173677,Renal cyst,Renal cyst (SideEffect),CC BY-NC-SA 4.0,UMLS via SIDER 4.1,http://identifiers.org/umls/C2173677
C0549357,Abdominal adhesions,Abdominal adhesions (SideEffect),CC BY-NC-SA 4.0,UMLS via SIDER 4.1,http://identifiers.org/umls/C0549357
C0235378,Hepatotoxicity,Hepatotoxicity (SideEffect),CC BY-NC-SA 4.0,UMLS via SIDER 4.1,http://identifiers.org/umls/C0235378
C0242698,Left ventricular dysfunction,Left ventricular dysfunction (SideEffect),CC BY-NC-SA 4.0,UMLS via SIDER 4.1,http://identifiers.org/umls/C0242698
C1619700,Renal aplasia,Renal aplasia (SideEffect),CC BY-NC-SA 4.0,UMLS via SIDER 4.1,http://identifiers.org/umls/C1619700
C2939130,Other bacterial diseases,Other bacterial diseases (SideEffect),CC BY-NC-SA 4.0,UMLS via SIDER 4.1,http://identifiers.org/umls/C2939130
C0085653,Pyogenic granuloma,Pyogenic granuloma (SideEffect),CC BY-NC-SA 4.0,UMLS via SIDER 4.1,http://identifiers.org/umls/C0085653
C1692886,Arthritis bacterial,Arthritis bacterial (SideEffect),CC BY-NC-SA 4.0,UMLS via SIDER 4.1,http://identifiers.org/umls/C1692886
C0231230,Fatigability,Fatigability (SideEffect),CC BY-NC-SA 4.0,UMLS via SIDER 4.1,http://identifiers.org/umls/C0231230
C0006267,Bronchiectasis,Bronchiectasis (SideEffect),CC BY-NC-SA 4.0,UMLS via SIDER 4.1,http://identifiers.org/umls/C0006267
C0151702,Muscle haemorrhage,Muscle haemorrhage (SideEffect),CC BY-NC-SA 4.0,UMLS via SIDER 4.1,http://identifiers.org/umls/C0151702
C0160390,Liver injury,Liver injury (SideEffect),CC BY-NC-SA 4.0,UMLS via SIDER 4.1,http://identifiers.org/umls/C0160390
C0235753,Haemangioma congenital,Haemangioma congenital (SideEffect),CC BY-NC-SA 4.0,UMLS via SIDER 4.1,http://identifiers.org/umls/C0235753
C0877634,Paresthesia of scalp,Paresthesia of scalp (SideEffect),CC BY-NC-SA 4.0,UMLS via SIDER 4.1,http://identifiers.org/umls/C0877634
C0002622,Amnesia,Amnesia (SideEffect),CC BY-NC-SA 4.0,UMLS via SIDER 4.1,http://identifiers.org/umls/C0002622
C0235324,Gingival swelling,Gingival swelling (SideEffect),CC BY-NC-SA 4.0,UMLS via SIDER 4.1,http://identifiers.org/umls/C0235324
C0004626,Pneumonia bacterial,Pneumonia bacterial (SideEffect),CC BY-NC-SA 4.0,UMLS via SIDER 4.1,http://identifiers.org/umls/C0004626
C0030925,Peptic ulcer perforation,Peptic ulcer perforation (SideEffect),CC BY-NC-SA 4.0,UMLS via SIDER 4.1,http://identifiers.org/umls/C0030925
C0271650,Glucose tolerance impaired,Glucose tolerance impaired (SideEffect),CC BY-NC-SA 4.0,UMLS via SIDER 4.1,http://identifiers.org/umls/C0271650
C0042749,Viraemia,Viraemia (SideEffect),CC BY-NC-SA 4.0,UMLS via SIDER 4.1,http://identifiers.org/umls/C0042749
C0853960,Bacterial disease carrier,Bacterial disease carrier (SideEffect),CC BY-NC-SA 4.0,UMLS via SIDER 4.1,http://identifiers.org/umls/C0853960
C0743300,Urine drug screen positive,Urine drug screen positive (SideEffect),CC BY-NC-SA 4.0,UMLS via SIDER 4.1,http://identifiers.org/umls/C0743300
C0574002,Foot edema,Foot edema (SideEffect),CC BY-NC-SA 4.0,UMLS via SIDER 4.1,http://identifiers.org/umls/C0574002
C0277884,Blood pressure systolic increased,Blood pressure systolic increased (SideEffect),CC BY-NC-SA 4.0,UMLS via SIDER 4.1,http://identifiers.org/umls/C0277884
C0849913,Localized erythema,Localized erythema (SideEffect),CC BY-NC-SA 4.0,UMLS via SIDER 4.1,http://identifiers.org/umls/C0849913
C0343494,Risus sardonicus,Risus sardonicus (SideEffect),CC BY-NC-SA 4.0,UMLS via SIDER 4.1,http://identifiers.org/umls/C0343494
C0239488,Erythema facial,Erythema facial (SideEffect),CC BY-NC-SA 4.0,UMLS via SIDER 4.1,http://identifiers.org/umls/C0239488
C0014541,Epiglottitis,Epiglottitis (SideEffect),CC BY-NC-SA 4.0,UMLS via SIDER 4.1,http://identifiers.org/umls/C0014541
C0919939,Graft thrombosis,Graft thrombosis (SideEffect),CC BY-NC-SA 4.0,UMLS via SIDER 4.1,http://identifiers.org/umls/C0919939
C1141949,Troponin I increased,Troponin I increased (SideEffect),CC BY-NC-SA 4.0,UMLS via SIDER 4.1,http://identifiers.org/umls/C1141949
C0853710,Blood prolactin decreased,Blood prolactin decreased (SideEffect),CC BY-NC-SA 4.0,UMLS via SIDER 4.1,http://identifiers.org/umls/C0853710
C2242708,Hypertransaminasaemia,Hypertransaminasaemia (SideEffect),CC BY-NC-SA 4.0,UMLS via SIDER 4.1,http://identifiers.org/umls/C2242708
C1167761,Fungal test positive,Fungal test positive (SideEffect),CC BY-NC-SA 4.0,UMLS via SIDER 4.1,http://identifiers.org/umls/C1167761
C0235822,Overdose effect,Overdose effect (SideEffect),CC BY-NC-SA 4.0,UMLS via SIDER 4.1,http://identifiers.org/umls/C0235822
C0240449,Nasal sinus drainage,Nasal sinus drainage (SideEffect),CC BY-NC-SA 4.0,UMLS via SIDER 4.1,http://identifiers.org/umls/C0240449
C0155388,External ear disorder,External ear disorder (SideEffect),CC BY-NC-SA 4.0,UMLS via SIDER 4.1,http://identifiers.org/umls/C0155388
C0392171,Influenza-like symptoms,Influenza-like symptoms (SideEffect),CC BY-NC-SA 4.0,UMLS via SIDER 4.1,http://identifiers.org/umls/C0392171
C0234518,Slurred speech,Slurred speech (SideEffect),CC BY-NC-SA 4.0,UMLS via SIDER 4.1,http://identifiers.org/umls/C0234518
C0549430,Procedural site reaction,Procedural site reaction (SideEffect),CC BY-NC-SA 4.0,UMLS via SIDER 4.1,http://identifiers.org/umls/C0549430
C0017086,Gangrene,Gangrene (SideEffect),CC BY-NC-SA 4.0,UMLS via SIDER 4.1,http://identifiers.org/umls/C0017086
C0151476,Alkalosis hypochloraemic,Alkalosis hypochloraemic (SideEffect),CC BY-NC-SA 4.0,UMLS via SIDER 4.1,http://identifiers.org/umls/C0151476
C0006285,Bronchopneumonia,Bronchopneumonia (SideEffect),CC BY-NC-SA 4.0,UMLS via SIDER 4.1,http://identifiers.org/umls/C0006285
C0854438,Blepharal pigmentation,Blepharal pigmentation (SideEffect),CC BY-NC-SA 4.0,UMLS via SIDER 4.1,http://identifiers.org/umls/C0854438
C0235667,Mastitis acute female,Mastitis acute female (SideEffect),CC BY-NC-SA 4.0,UMLS via SIDER 4.1,http://identifiers.org/umls/C0235667
C0238807,Bone tenderness,Bone tenderness (SideEffect),CC BY-NC-SA 4.0,UMLS via SIDER 4.1,http://identifiers.org/umls/C0238807
C0702166,Acne,Acne (SideEffect),CC BY-NC-SA 4.0,UMLS via SIDER 4.1,http://identifiers.org/umls/C0702166
C0342579,Electrolyte imbalance,Electrolyte imbalance (SideEffect),CC BY-NC-SA 4.0,UMLS via SIDER 4.1,http://identifiers.org/umls/C0342579
C0242966,Systemic inflammatory response syndrome,Systemic inflammatory response syndrome (SideEffect),CC BY-NC-SA 4.0,UMLS via SIDER 4.1,http://identifiers.org/umls/C0242966
C2350530,Bronchopulmonary aspergillosis,Bronchopulmonary aspergillosis (SideEffect),CC BY-NC-SA 4.0,UMLS via SIDER 4.1,http://identifiers.org/umls/C2350530
C0043012,Wakefulness,Wakefulness (SideEffect),CC BY-NC-SA 4.0,UMLS via SIDER 4.1,http://identifiers.org/umls/C0043012
C0235344,Buccal mucosa ulceration,Buccal mucosa ulceration (SideEffect),CC BY-NC-SA 4.0,UMLS via SIDER 4.1,http://identifiers.org/umls/C0235344
C0151798,Hepatic necrosis,Hepatic necrosis (SideEffect),CC BY-NC-SA 4.0,UMLS via SIDER 4.1,http://identifiers.org/umls/C0151798
C0581879,Felt faint,Felt faint (SideEffect),CC BY-NC-SA 4.0,UMLS via SIDER 4.1,http://identifiers.org/umls/C0581879
C0241357,Testosterone low,Testosterone low (SideEffect),CC BY-NC-SA 4.0,UMLS via SIDER 4.1,http://identifiers.org/umls/C0241357
C0541896,Spermatozoa abnormal,Spermatozoa abnormal (SideEffect),CC BY-NC-SA 4.0,UMLS via SIDER 4.1,http://identifiers.org/umls/C0541896
C0541840,Contraction skeletal muscle,Contraction skeletal muscle (SideEffect),CC BY-NC-SA 4.0,UMLS via SIDER 4.1,http://identifiers.org/umls/C0541840
C0004158,Athetosis,Athetosis (SideEffect),CC BY-NC-SA 4.0,UMLS via SIDER 4.1,http://identifiers.org/umls/C0004158
C0151799,Skin necrosis,Skin necrosis (SideEffect),CC BY-NC-SA 4.0,UMLS via SIDER 4.1,http://identifiers.org/umls/C0151799
C0520757,Delayed recovery from anaesthesia,Delayed recovery from anaesthesia (SideEffect),CC BY-NC-SA 4.0,UMLS via SIDER 4.1,http://identifiers.org/umls/C0520757
C0267797,Hepatitis acute,Hepatitis acute (SideEffect),CC BY-NC-SA 4.0,UMLS via SIDER 4.1,http://identifiers.org/umls/C0267797
C0231613,Occipital headache,Occipital headache (SideEffect),CC BY-NC-SA 4.0,UMLS via SIDER 4.1,http://identifiers.org/umls/C0231613
C0003873,Rheumatoid arthritis,Rheumatoid arthritis (SideEffect),CC BY-NC-SA 4.0,UMLS via SIDER 4.1,http://identifiers.org/umls/C0003873
C0039070,Syncope,Syncope (SideEffect),CC BY-NC-SA 4.0,UMLS via SIDER 4.1,http://identifiers.org/umls/C0039070
C0541976,Gas in stomach,Gas in stomach (SideEffect),CC BY-NC-SA 4.0,UMLS via SIDER 4.1,http://identifiers.org/umls/C0541976
C0011071,Sudden death,Sudden death (SideEffect),CC BY-NC-SA 4.0,UMLS via SIDER 4.1,http://identifiers.org/umls/C0011071
C0234543,Postictal state,Postictal state (SideEffect),CC BY-NC-SA 4.0,UMLS via SIDER 4.1,http://identifiers.org/umls/C0234543
C0435630,Wrist fracture,Wrist fracture (SideEffect),CC BY-NC-SA 4.0,UMLS via SIDER 4.1,http://identifiers.org/umls/C0435630
C0184567,Acute pain,Acute pain (SideEffect),CC BY-NC-SA 4.0,UMLS via SIDER 4.1,http://identifiers.org/umls/C0184567
C0149782,Squamous cell carcinoma of lung,Squamous cell carcinoma of lung (SideEffect),CC BY-NC-SA 4.0,UMLS via SIDER 4.1,http://identifiers.org/umls/C0149782
C0005694,Bladder neck obstruction,Bladder neck obstruction (SideEffect),CC BY-NC-SA 4.0,UMLS via SIDER 4.1,http://identifiers.org/umls/C0005694
C1527407,Eosinophilic pneumonia,Eosinophilic pneumonia (SideEffect),CC BY-NC-SA 4.0,UMLS via SIDER 4.1,http://identifiers.org/umls/C1527407
C0877331,Abnormal clotting factor,Abnormal clotting factor (SideEffect),CC BY-NC-SA 4.0,UMLS via SIDER 4.1,http://identifiers.org/umls/C0877331
C0151479,Amylase increased,Amylase increased (SideEffect),CC BY-NC-SA 4.0,UMLS via SIDER 4.1,http://identifiers.org/umls/C0151479
C0007112,Adenocarcinoma of prostate,Adenocarcinoma of prostate (SideEffect),CC BY-NC-SA 4.0,UMLS via SIDER 4.1,http://identifiers.org/umls/C0007112
C0027134,Myringitis,Myringitis (SideEffect),CC BY-NC-SA 4.0,UMLS via SIDER 4.1,http://identifiers.org/umls/C0027134
C0700198,Aspiration,Aspiration (SideEffect),CC BY-NC-SA 4.0,UMLS via SIDER 4.1,http://identifiers.org/umls/C0700198
C0006444,Bursitis,Bursitis (SideEffect),CC BY-NC-SA 4.0,UMLS via SIDER 4.1,http://identifiers.org/umls/C0006444
C0018802,Cardiac failure congestive,Cardiac failure congestive (SideEffect),CC BY-NC-SA 4.0,UMLS via SIDER 4.1,http://identifiers.org/umls/C0018802
C0162423,Miliaria rubra,Miliaria rubra (SideEffect),CC BY-NC-SA 4.0,UMLS via SIDER 4.1,http://identifiers.org/umls/C0162423
C0017168,Gastrooesophageal reflux disease,Gastrooesophageal reflux disease (SideEffect),CC BY-NC-SA 4.0,UMLS via SIDER 4.1,http://identifiers.org/umls/C0017168
C0006277,Bronchitis,Bronchitis (SideEffect),CC BY-NC-SA 4.0,UMLS via SIDER 4.1,http://identifiers.org/umls/C0006277
C0235774,Somnolence neonatal,Somnolence neonatal (SideEffect),CC BY-NC-SA 4.0,UMLS via SIDER 4.1,http://identifiers.org/umls/C0235774
C0233414,Disturbance in attention,Disturbance in attention (SideEffect),CC BY-NC-SA 4.0,UMLS via SIDER 4.1,http://identifiers.org/umls/C0233414
C0855791,Mean cell volume increased,Mean cell volume increased (SideEffect),CC BY-NC-SA 4.0,UMLS via SIDER 4.1,http://identifiers.org/umls/C0855791
C0149836,Atrophic vulvovaginitis,Atrophic vulvovaginitis (SideEffect),CC BY-NC-SA 4.0,UMLS via SIDER 4.1,http://identifiers.org/umls/C0149836
C0018188,Granuloma,Granuloma (SideEffect),CC BY-NC-SA 4.0,UMLS via SIDER 4.1,http://identifiers.org/umls/C0018188
C1704437,Respiratory distress syndrome,Respiratory distress syndrome (SideEffect),CC BY-NC-SA 4.0,UMLS via SIDER 4.1,http://identifiers.org/umls/C1704437
C0153252,Systemic candida,Systemic candida (SideEffect),CC BY-NC-SA 4.0,UMLS via SIDER 4.1,http://identifiers.org/umls/C0153252
C0263367,Koebner phenomenon,Koebner phenomenon (SideEffect),CC BY-NC-SA 4.0,UMLS via SIDER 4.1,http://identifiers.org/umls/C0263367
C0860864,Albumin low,Albumin low (SideEffect),CC BY-NC-SA 4.0,UMLS via SIDER 4.1,http://identifiers.org/umls/C0860864
C1319200,Confusion postoperative,Confusion postoperative (SideEffect),CC BY-NC-SA 4.0,UMLS via SIDER 4.1,http://identifiers.org/umls/C1319200
C1328519,Retinal pigment epithelial tear,Retinal pigment epithelial tear (SideEffect),CC BY-NC-SA 4.0,UMLS via SIDER 4.1,http://identifiers.org/umls/C1328519
C0037299,Skin ulcer,Skin ulcer (SideEffect),CC BY-NC-SA 4.0,UMLS via SIDER 4.1,http://identifiers.org/umls/C0037299
C0043046,Wasting generalized,Wasting generalized (SideEffect),CC BY-NC-SA 4.0,UMLS via SIDER 4.1,http://identifiers.org/umls/C0043046
C0231837,Respiratory rate decreased,Respiratory rate decreased (SideEffect),CC BY-NC-SA 4.0,UMLS via SIDER 4.1,http://identifiers.org/umls/C0231837
C0580412,Prothrombin time abnormal,Prothrombin time abnormal (SideEffect),CC BY-NC-SA 4.0,UMLS via SIDER 4.1,http://identifiers.org/umls/C0580412
C0920171,Foreign body sensation in eyes,Foreign body sensation in eyes (SideEffect),CC BY-NC-SA 4.0,UMLS via SIDER 4.1,http://identifiers.org/umls/C0920171
C0948389,Intestinal hypomotility,Intestinal hypomotility (SideEffect),CC BY-NC-SA 4.0,UMLS via SIDER 4.1,http://identifiers.org/umls/C0948389
C0521654,Neurological impairment,Neurological impairment (SideEffect),CC BY-NC-SA 4.0,UMLS via SIDER 4.1,http://identifiers.org/umls/C0521654
C0948352,Injury asphyxiation,Injury asphyxiation (SideEffect),CC BY-NC-SA 4.0,UMLS via SIDER 4.1,http://identifiers.org/umls/C0948352
C0231528,Myalgia,Myalgia (SideEffect),CC BY-NC-SA 4.0,UMLS via SIDER 4.1,http://identifiers.org/umls/C0231528
C0086168,Dissociation,Dissociation (SideEffect),CC BY-NC-SA 4.0,UMLS via SIDER 4.1,http://identifiers.org/umls/C0086168
C0151744,Myocardial ischaemia,Myocardial ischaemia (SideEffect),CC BY-NC-SA 4.0,UMLS via SIDER 4.1,http://identifiers.org/umls/C0151744
C0016385,Cardiac flutter,Cardiac flutter (SideEffect),CC BY-NC-SA 4.0,UMLS via SIDER 4.1,http://identifiers.org/umls/C0016385
C0030790,Pelvic infection,Pelvic infection (SideEffect),CC BY-NC-SA 4.0,UMLS via SIDER 4.1,http://identifiers.org/umls/C0030790
C0239062,Circumoral oedema,Circumoral oedema (SideEffect),CC BY-NC-SA 4.0,UMLS via SIDER 4.1,http://identifiers.org/umls/C0239062
C1619712,Procedural pain,Procedural pain (SideEffect),CC BY-NC-SA 4.0,UMLS via SIDER 4.1,http://identifiers.org/umls/C1619712
C0018524,Hallucination,Hallucination (SideEffect),CC BY-NC-SA 4.0,UMLS via SIDER 4.1,http://identifiers.org/umls/C0018524
C0236018,Aura,Aura (SideEffect),CC BY-NC-SA 4.0,UMLS via SIDER 4.1,http://identifiers.org/umls/C0236018
C0267446,Acute gastroenteritis,Acute gastroenteritis (SideEffect),CC BY-NC-SA 4.0,UMLS via SIDER 4.1,http://identifiers.org/umls/C0267446
C0025517,Metabolic disorder,Metabolic disorder (SideEffect),CC BY-NC-SA 4.0,UMLS via SIDER 4.1,http://identifiers.org/umls/C0025517
C0151596,Tongue discolouration,Tongue discolouration (SideEffect),CC BY-NC-SA 4.0,UMLS via SIDER 4.1,http://identifiers.org/umls/C0151596
C0025218,Chloasma,Chloasma (SideEffect),CC BY-NC-SA 4.0,UMLS via SIDER 4.1,http://identifiers.org/umls/C0025218
C0151584,Injection site cyst,Injection site cyst (SideEffect),CC BY-NC-SA 4.0,UMLS via SIDER 4.1,http://identifiers.org/umls/C0151584
C0423820,Nail ridging,Nail ridging (SideEffect),CC BY-NC-SA 4.0,UMLS via SIDER 4.1,http://identifiers.org/umls/C0423820
C0035579,Rickets,Rickets (SideEffect),CC BY-NC-SA 4.0,UMLS via SIDER 4.1,http://identifiers.org/umls/C0035579
C0341439,Chronic liver disease,Chronic liver disease (SideEffect),CC BY-NC-SA 4.0,UMLS via SIDER 4.1,http://identifiers.org/umls/C0341439
C0003119,Anophthalmos,Anophthalmos (SideEffect),CC BY-NC-SA 4.0,UMLS via SIDER 4.1,http://identifiers.org/umls/C0003119
C0426732,Prostatomegaly,Prostatomegaly (SideEffect),CC BY-NC-SA 4.0,UMLS via SIDER 4.1,http://identifiers.org/umls/C0426732
C0877217,Abasia,Abasia (SideEffect),CC BY-NC-SA 4.0,UMLS via SIDER 4.1,http://identifiers.org/umls/C0877217
C0240520,Nipple swelling,Nipple swelling (SideEffect),CC BY-NC-SA 4.0,UMLS via SIDER 4.1,http://identifiers.org/umls/C0240520
C0149745,Mouth ulceration,Mouth ulceration (SideEffect),CC BY-NC-SA 4.0,UMLS via SIDER 4.1,http://identifiers.org/umls/C0149745
C0870082,Hyperkeratosis,Hyperkeratosis (SideEffect),CC BY-NC-SA 4.0,UMLS via SIDER 4.1,http://identifiers.org/umls/C0870082
C0001126,Renal tubular acidosis,Renal tubular acidosis (SideEffect),CC BY-NC-SA 4.0,UMLS via SIDER 4.1,http://identifiers.org/umls/C0001126
C1142239,Call-Fleming syndrome,Call-Fleming syndrome (SideEffect),CC BY-NC-SA 4.0,UMLS via SIDER 4.1,http://identifiers.org/umls/C1142239
C2721559,Osmotic demyelination syndrome,Osmotic demyelination syndrome (SideEffect),CC BY-NC-SA 4.0,UMLS via SIDER 4.1,http://identifiers.org/umls/C2721559
C0151605,Injection site swelling,Injection site swelling (SideEffect),CC BY-NC-SA 4.0,UMLS via SIDER 4.1,http://identifiers.org/umls/C0151605
C0149904,Hepatitis cholestatic,Hepatitis cholestatic (SideEffect),CC BY-NC-SA 4.0,UMLS via SIDER 4.1,http://identifiers.org/umls/C0149904
C0853334,Thrombocytopenia aggravated,Thrombocytopenia aggravated (SideEffect),CC BY-NC-SA 4.0,UMLS via SIDER 4.1,http://identifiers.org/umls/C0853334
C0270994,Steroid myopathy,Steroid myopathy (SideEffect),CC BY-NC-SA 4.0,UMLS via SIDER 4.1,http://identifiers.org/umls/C0270994
C0030976,Perceptual distortions,Perceptual distortions (SideEffect),CC BY-NC-SA 4.0,UMLS via SIDER 4.1,http://identifiers.org/umls/C0030976
C0236101,Neonatal and infancy disorder,Neonatal and infancy disorder (SideEffect),CC BY-NC-SA 4.0,UMLS via SIDER 4.1,http://identifiers.org/umls/C0236101
C0040425,Tonsillitis,Tonsillitis (SideEffect),CC BY-NC-SA 4.0,UMLS via SIDER 4.1,http://identifiers.org/umls/C0040425
C0853347,Venous thrombosis limb,Venous thrombosis limb (SideEffect),CC BY-NC-SA 4.0,UMLS via SIDER 4.1,http://identifiers.org/umls/C0853347
C0859871,Stinging of nose,Stinging of nose (SideEffect),CC BY-NC-SA 4.0,UMLS via SIDER 4.1,http://identifiers.org/umls/C0859871
C1540600,Seizure cerebral,Seizure cerebral (SideEffect),CC BY-NC-SA 4.0,UMLS via SIDER 4.1,http://identifiers.org/umls/C1540600
C0268105,Uricaciduria,Uricaciduria (SideEffect),CC BY-NC-SA 4.0,UMLS via SIDER 4.1,http://identifiers.org/umls/C0268105
C0151739,Small intestinal perforation,Small intestinal perforation (SideEffect),CC BY-NC-SA 4.0,UMLS via SIDER 4.1,http://identifiers.org/umls/C0151739
C0853619,Local swelling,Local swelling (SideEffect),CC BY-NC-SA 4.0,UMLS via SIDER 4.1,http://identifiers.org/umls/C0853619
C0338113,Sarcoma uterus,Sarcoma uterus (SideEffect),CC BY-NC-SA 4.0,UMLS via SIDER 4.1,http://identifiers.org/umls/C0338113
C0036341,Schizophrenia,Schizophrenia (SideEffect),CC BY-NC-SA 4.0,UMLS via SIDER 4.1,http://identifiers.org/umls/C0036341
C2937228,Tunnel vision,Tunnel vision (SideEffect),CC BY-NC-SA 4.0,UMLS via SIDER 4.1,http://identifiers.org/umls/C2937228
C0205707,Sprue,Sprue (SideEffect),CC BY-NC-SA 4.0,UMLS via SIDER 4.1,http://identifiers.org/umls/C0205707
C0236151,Renal function test abnormal,Renal function test abnormal (SideEffect),CC BY-NC-SA 4.0,UMLS via SIDER 4.1,http://identifiers.org/umls/C0236151
C0333582,Dystrophic calcification,Dystrophic calcification (SideEffect),CC BY-NC-SA 4.0,UMLS via SIDER 4.1,http://identifiers.org/umls/C0333582
C0037052,Sick sinus syndrome,Sick sinus syndrome (SideEffect),CC BY-NC-SA 4.0,UMLS via SIDER 4.1,http://identifiers.org/umls/C0037052
C0042998,Vulvovaginitis,Vulvovaginitis (SideEffect),CC BY-NC-SA 4.0,UMLS via SIDER 4.1,http://identifiers.org/umls/C0042998
C1963718,Oculorespiratory syndrome,Oculorespiratory syndrome (SideEffect),CC BY-NC-SA 4.0,UMLS via SIDER 4.1,http://identifiers.org/umls/C1963718
C0007222,Cardiovascular disorder,Cardiovascular disorder (SideEffect),CC BY-NC-SA 4.0,UMLS via SIDER 4.1,http://identifiers.org/umls/C0007222
C0948240,Thyroxine free decreased,Thyroxine free decreased (SideEffect),CC BY-NC-SA 4.0,UMLS via SIDER 4.1,http://identifiers.org/umls/C0948240
C0022578,Keratoconus,Keratoconus (SideEffect),CC BY-NC-SA 4.0,UMLS via SIDER 4.1,http://identifiers.org/umls/C0022578
C0001206,Acromegaly,Acromegaly (SideEffect),CC BY-NC-SA 4.0,UMLS via SIDER 4.1,http://identifiers.org/umls/C0001206
C0238792,Bone lesion,Bone lesion (SideEffect),CC BY-NC-SA 4.0,UMLS via SIDER 4.1,http://identifiers.org/umls/C0238792
C0235969,Ejaculation disorder,Ejaculation disorder (SideEffect),CC BY-NC-SA 4.0,UMLS via SIDER 4.1,http://identifiers.org/umls/C0235969
C0023473,Chronic myeloid leukaemia,Chronic myeloid leukaemia (SideEffect),CC BY-NC-SA 4.0,UMLS via SIDER 4.1,http://identifiers.org/umls/C0023473
C0024248,Lymphocele,Lymphocele (SideEffect),CC BY-NC-SA 4.0,UMLS via SIDER 4.1,http://identifiers.org/umls/C0024248
C0027404,Narcolepsy,Narcolepsy (SideEffect),CC BY-NC-SA 4.0,UMLS via SIDER 4.1,http://identifiers.org/umls/C0027404
C0016542,Foreign body,Foreign body (SideEffect),CC BY-NC-SA 4.0,UMLS via SIDER 4.1,http://identifiers.org/umls/C0016542
C0040411,Tongue neoplasm,Tongue neoplasm (SideEffect),CC BY-NC-SA 4.0,UMLS via SIDER 4.1,http://identifiers.org/umls/C0040411
C0948023,Urine phosphate increased,Urine phosphate increased (SideEffect),CC BY-NC-SA 4.0,UMLS via SIDER 4.1,http://identifiers.org/umls/C0948023
C0009088,Cluster headache,Cluster headache (SideEffect),CC BY-NC-SA 4.0,UMLS via SIDER 4.1,http://identifiers.org/umls/C0009088
C0085679,Hyperchloraemia,Hyperchloraemia (SideEffect),CC BY-NC-SA 4.0,UMLS via SIDER 4.1,http://identifiers.org/umls/C0085679
C0035333,Retinitis,Retinitis (SideEffect),CC BY-NC-SA 4.0,UMLS via SIDER 4.1,http://identifiers.org/umls/C0035333
C0546884,Hypovolaemia,Hypovolaemia (SideEffect),CC BY-NC-SA 4.0,UMLS via SIDER 4.1,http://identifiers.org/umls/C0546884
C0236072,Bronchospasm paradoxical,Bronchospasm paradoxical (SideEffect),CC BY-NC-SA 4.0,UMLS via SIDER 4.1,http://identifiers.org/umls/C0236072
C0036689,Pharyngitis streptococcal,Pharyngitis streptococcal (SideEffect),CC BY-NC-SA 4.0,UMLS via SIDER 4.1,http://identifiers.org/umls/C0036689
C0079731,B-cell lymphoma,B-cell lymphoma (SideEffect),CC BY-NC-SA 4.0,UMLS via SIDER 4.1,http://identifiers.org/umls/C0079731
C0041969,Urethral disorder,Urethral disorder (SideEffect),CC BY-NC-SA 4.0,UMLS via SIDER 4.1,http://identifiers.org/umls/C0041969
C0024904,Mastoiditis,Mastoiditis (SideEffect),CC BY-NC-SA 4.0,UMLS via SIDER 4.1,http://identifiers.org/umls/C0024904
C0036412,Scleral disorder,Scleral disorder (SideEffect),CC BY-NC-SA 4.0,UMLS via SIDER 4.1,http://identifiers.org/umls/C0036412
C0086439,Hypokinesia,Hypokinesia (SideEffect),CC BY-NC-SA 4.0,UMLS via SIDER 4.1,http://identifiers.org/umls/C0086439
C0877211,General physical health deterioration,General physical health deterioration (SideEffect),CC BY-NC-SA 4.0,UMLS via SIDER 4.1,http://identifiers.org/umls/C0877211
C0542044,Incoherent,Incoherent (SideEffect),CC BY-NC-SA 4.0,UMLS via SIDER 4.1,http://identifiers.org/umls/C0542044
C0155177,Eczema eyelids,Eczema eyelids (SideEffect),CC BY-NC-SA 4.0,UMLS via SIDER 4.1,http://identifiers.org/umls/C0155177
C0272891,Knee sprain,Knee sprain (SideEffect),CC BY-NC-SA 4.0,UMLS via SIDER 4.1,http://identifiers.org/umls/C0272891
C0022354,Jaundice cholestatic,Jaundice cholestatic (SideEffect),CC BY-NC-SA 4.0,UMLS via SIDER 4.1,http://identifiers.org/umls/C0022354
C0235228,Lacrimal gland disorder,Lacrimal gland disorder (SideEffect),CC BY-NC-SA 4.0,UMLS via SIDER 4.1,http://identifiers.org/umls/C0235228
C0027868,Neuromyopathy,Neuromyopathy (SideEffect),CC BY-NC-SA 4.0,UMLS via SIDER 4.1,http://identifiers.org/umls/C0027868
C0919866,Eye naevus,Eye naevus (SideEffect),CC BY-NC-SA 4.0,UMLS via SIDER 4.1,http://identifiers.org/umls/C0919866
C0393615,Familial tremor,Familial tremor (SideEffect),CC BY-NC-SA 4.0,UMLS via SIDER 4.1,http://identifiers.org/umls/C0393615
C0234913,Rash erythematous,Rash erythematous (SideEffect),CC BY-NC-SA 4.0,UMLS via SIDER 4.1,http://identifiers.org/umls/C0234913
C0080203,Tachyarrhythmia,Tachyarrhythmia (SideEffect),CC BY-NC-SA 4.0,UMLS via SIDER 4.1,http://identifiers.org/umls/C0080203
C1704212,Embolus,Embolus (SideEffect),CC BY-NC-SA 4.0,UMLS via SIDER 4.1,http://identifiers.org/umls/C1704212
C0019917,Hordeolum,Hordeolum (SideEffect),CC BY-NC-SA 4.0,UMLS via SIDER 4.1,http://identifiers.org/umls/C0019917
C0085624,Burning sensation,Burning sensation (SideEffect),CC BY-NC-SA 4.0,UMLS via SIDER 4.1,http://identifiers.org/umls/C0085624
C0002893,Refractory anemia,Refractory anemia (SideEffect),CC BY-NC-SA 4.0,UMLS via SIDER 4.1,http://identifiers.org/umls/C0002893
C0852810,Blood creatinine decreased,Blood creatinine decreased (SideEffect),CC BY-NC-SA 4.0,UMLS via SIDER 4.1,http://identifiers.org/umls/C0852810
C0877606,Infusion site burning,Infusion site burning (SideEffect),CC BY-NC-SA 4.0,UMLS via SIDER 4.1,http://identifiers.org/umls/C0877606
C0235480,Paroxysmal atrial fibrillation,Paroxysmal atrial fibrillation (SideEffect),CC BY-NC-SA 4.0,UMLS via SIDER 4.1,http://identifiers.org/umls/C0235480
C1318520,Vasculitis necrotising,Vasculitis necrotising (SideEffect),CC BY-NC-SA 4.0,UMLS via SIDER 4.1,http://identifiers.org/umls/C1318520
C0595882,Serum calcium decreased,Serum calcium decreased (SideEffect),CC BY-NC-SA 4.0,UMLS via SIDER 4.1,http://identifiers.org/umls/C0595882
C2750515,Subcutaneous bleeding,Subcutaneous bleeding (SideEffect),CC BY-NC-SA 4.0,UMLS via SIDER 4.1,http://identifiers.org/umls/C2750515
C0392025,Enlargement abdomen,Enlargement abdomen (SideEffect),CC BY-NC-SA 4.0,UMLS via SIDER 4.1,http://identifiers.org/umls/C0392025
C0151815,Mesenteric occlusion,Mesenteric occlusion (SideEffect),CC BY-NC-SA 4.0,UMLS via SIDER 4.1,http://identifiers.org/umls/C0151815
C0041296,Tuberculosis,Tuberculosis (SideEffect),CC BY-NC-SA 4.0,UMLS via SIDER 4.1,http://identifiers.org/umls/C0041296
C0854100,Nitrogen balance negative,Nitrogen balance negative (SideEffect),CC BY-NC-SA 4.0,UMLS via SIDER 4.1,http://identifiers.org/umls/C0854100
C1442826,Necrotising enterocolitis neonatal,Necrotising enterocolitis neonatal (SideEffect),CC BY-NC-SA 4.0,UMLS via SIDER 4.1,http://identifiers.org/umls/C1442826
C0232570,Epigastric fullness,Epigastric fullness (SideEffect),CC BY-NC-SA 4.0,UMLS via SIDER 4.1,http://identifiers.org/umls/C0232570
C0521694,Retinal atrophy,Retinal atrophy (SideEffect),CC BY-NC-SA 4.0,UMLS via SIDER 4.1,http://identifiers.org/umls/C0521694
C0553681,Hypofibrinogenaemia,Hypofibrinogenaemia (SideEffect),CC BY-NC-SA 4.0,UMLS via SIDER 4.1,http://identifiers.org/umls/C0553681
C0151665,Globulins decreased,Globulins decreased (SideEffect),CC BY-NC-SA 4.0,UMLS via SIDER 4.1,http://identifiers.org/umls/C0151665
C0151848,Acid phosphatase high,Acid phosphatase high (SideEffect),CC BY-NC-SA 4.0,UMLS via SIDER 4.1,http://identifiers.org/umls/C0151848
C0853644,Eosinophil count abnormal,Eosinophil count abnormal (SideEffect),CC BY-NC-SA 4.0,UMLS via SIDER 4.1,http://identifiers.org/umls/C0853644
C0853263,Blood bicarbonate,Blood bicarbonate (SideEffect),CC BY-NC-SA 4.0,UMLS via SIDER 4.1,http://identifiers.org/umls/C0853263
C0400877,Postoperative ileus,Postoperative ileus (SideEffect),CC BY-NC-SA 4.0,UMLS via SIDER 4.1,http://identifiers.org/umls/C0400877
C0263358,Erythema annulare centrifugum,Erythema annulare centrifugum (SideEffect),CC BY-NC-SA 4.0,UMLS via SIDER 4.1,http://identifiers.org/umls/C0263358
C0001361,Acute tonsillitis,Acute tonsillitis (SideEffect),CC BY-NC-SA 4.0,UMLS via SIDER 4.1,http://identifiers.org/umls/C0001361
C0042571,Vertigo,Vertigo (SideEffect),CC BY-NC-SA 4.0,UMLS via SIDER 4.1,http://identifiers.org/umls/C0042571
C0162533,Porphyria hepatic,Porphyria hepatic (SideEffect),CC BY-NC-SA 4.0,UMLS via SIDER 4.1,http://identifiers.org/umls/C0162533
C0033817,Pseudomonas infection,Pseudomonas infection (SideEffect),CC BY-NC-SA 4.0,UMLS via SIDER 4.1,http://identifiers.org/umls/C0033817
C0700590,Sweating increased,Sweating increased (SideEffect),CC BY-NC-SA 4.0,UMLS via SIDER 4.1,http://identifiers.org/umls/C0700590
C0020701,Hysteria,Hysteria (SideEffect),CC BY-NC-SA 4.0,UMLS via SIDER 4.1,http://identifiers.org/umls/C0020701
C0684249,Carcinoma of lung,Carcinoma of lung (SideEffect),CC BY-NC-SA 4.0,UMLS via SIDER 4.1,http://identifiers.org/umls/C0684249
C0241013,Serum ferritin increased,Serum ferritin increased (SideEffect),CC BY-NC-SA 4.0,UMLS via SIDER 4.1,http://identifiers.org/umls/C0241013
C0239293,Oesophageal haemorrhage,Oesophageal haemorrhage (SideEffect),CC BY-NC-SA 4.0,UMLS via SIDER 4.1,http://identifiers.org/umls/C0239293
C0340515,Myocardial depression,Myocardial depression (SideEffect),CC BY-NC-SA 4.0,UMLS via SIDER 4.1,http://identifiers.org/umls/C0340515
C0549398,Meibomianitis,Meibomianitis (SideEffect),CC BY-NC-SA 4.0,UMLS via SIDER 4.1,http://identifiers.org/umls/C0549398
C0153676,Lung cancer metastatic,Lung cancer metastatic (SideEffect),CC BY-NC-SA 4.0,UMLS via SIDER 4.1,http://identifiers.org/umls/C0153676
C0580181,Jessner's lymphocytic infiltration,Jessner's lymphocytic infiltration (SideEffect),CC BY-NC-SA 4.0,UMLS via SIDER 4.1,http://identifiers.org/umls/C0580181
C0497364,Localized rash,Localized rash (SideEffect),CC BY-NC-SA 4.0,UMLS via SIDER 4.1,http://identifiers.org/umls/C0497364
C0233417,Poor concentration,Poor concentration (SideEffect),CC BY-NC-SA 4.0,UMLS via SIDER 4.1,http://identifiers.org/umls/C0233417
C0021141,Inappropriate antidiuretic hormone secretion,Inappropriate antidiuretic hormone secretion (SideEffect),CC BY-NC-SA 4.0,UMLS via SIDER 4.1,http://identifiers.org/umls/C0021141
C0442856,Hypoperfusion,Hypoperfusion (SideEffect),CC BY-NC-SA 4.0,UMLS via SIDER 4.1,http://identifiers.org/umls/C0442856
C0238106,Clostridium difficile colitis,Clostridium difficile colitis (SideEffect),CC BY-NC-SA 4.0,UMLS via SIDER 4.1,http://identifiers.org/umls/C0238106
C0553730,Chondrocalcinosis,Chondrocalcinosis (SideEffect),CC BY-NC-SA 4.0,UMLS via SIDER 4.1,http://identifiers.org/umls/C0553730
C0029883,Middle ear effusion,Middle ear effusion (SideEffect),CC BY-NC-SA 4.0,UMLS via SIDER 4.1,http://identifiers.org/umls/C0029883
C2363809,Incessant ventricular tachycardia,Incessant ventricular tachycardia (SideEffect),CC BY-NC-SA 4.0,UMLS via SIDER 4.1,http://identifiers.org/umls/C2363809
C0034150,Purpura,Purpura (SideEffect),CC BY-NC-SA 4.0,UMLS via SIDER 4.1,http://identifiers.org/umls/C0034150
C1285373,Respiratory disorder neonatal,Respiratory disorder neonatal (SideEffect),CC BY-NC-SA 4.0,UMLS via SIDER 4.1,http://identifiers.org/umls/C1285373
C0854375,Mucosal haemorrhage,Mucosal haemorrhage (SideEffect),CC BY-NC-SA 4.0,UMLS via SIDER 4.1,http://identifiers.org/umls/C0854375
C0013390,Dysmenorrhoea,Dysmenorrhoea (SideEffect),CC BY-NC-SA 4.0,UMLS via SIDER 4.1,http://identifiers.org/umls/C0013390
C0037859,Spermatocele,Spermatocele (SideEffect),CC BY-NC-SA 4.0,UMLS via SIDER 4.1,http://identifiers.org/umls/C0037859
C2747905,Destructive thyroiditis,Destructive thyroiditis (SideEffect),CC BY-NC-SA 4.0,UMLS via SIDER 4.1,http://identifiers.org/umls/C2747905
C0853142,CD4 lymphocytes decreased,CD4 lymphocytes decreased (SideEffect),CC BY-NC-SA 4.0,UMLS via SIDER 4.1,http://identifiers.org/umls/C0853142
C0085693,Acute appendicitis,Acute appendicitis (SideEffect),CC BY-NC-SA 4.0,UMLS via SIDER 4.1,http://identifiers.org/umls/C0085693
C0424444,Teeth clenching,Teeth clenching (SideEffect),CC BY-NC-SA 4.0,UMLS via SIDER 4.1,http://identifiers.org/umls/C0424444
C0281940,Pelvic peritonitis,Pelvic peritonitis (SideEffect),CC BY-NC-SA 4.0,UMLS via SIDER 4.1,http://identifiers.org/umls/C0281940
C0235433,Fat tissue increased,Fat tissue increased (SideEffect),CC BY-NC-SA 4.0,UMLS via SIDER 4.1,http://identifiers.org/umls/C0235433
C0521501,Injection site thrombosis,Injection site thrombosis (SideEffect),CC BY-NC-SA 4.0,UMLS via SIDER 4.1,http://identifiers.org/umls/C0521501
C0428282,Serum creatinine decreased,Serum creatinine decreased (SideEffect),CC BY-NC-SA 4.0,UMLS via SIDER 4.1,http://identifiers.org/umls/C0428282
C0040046,Thrombophlebitis,Thrombophlebitis (SideEffect),CC BY-NC-SA 4.0,UMLS via SIDER 4.1,http://identifiers.org/umls/C0040046
C0162628,Viral skin infection,Viral skin infection (SideEffect),CC BY-NC-SA 4.0,UMLS via SIDER 4.1,http://identifiers.org/umls/C0162628
C0085635,Photopsia,Photopsia (SideEffect),CC BY-NC-SA 4.0,UMLS via SIDER 4.1,http://identifiers.org/umls/C0085635
C0008149,Chlamydial infection,Chlamydial infection (SideEffect),CC BY-NC-SA 4.0,UMLS via SIDER 4.1,http://identifiers.org/umls/C0008149
C0028734,Nocturia,Nocturia (SideEffect),CC BY-NC-SA 4.0,UMLS via SIDER 4.1,http://identifiers.org/umls/C0028734
C0549429,Surgical site reaction,Surgical site reaction (SideEffect),CC BY-NC-SA 4.0,UMLS via SIDER 4.1,http://identifiers.org/umls/C0549429
C0877314,Blood glucose fluctuation,Blood glucose fluctuation (SideEffect),CC BY-NC-SA 4.0,UMLS via SIDER 4.1,http://identifiers.org/umls/C0877314
C0010278,Craniosynostosis,Craniosynostosis (SideEffect),CC BY-NC-SA 4.0,UMLS via SIDER 4.1,http://identifiers.org/umls/C0010278
C0877014,Sympathomimetic effect,Sympathomimetic effect (SideEffect),CC BY-NC-SA 4.0,UMLS via SIDER 4.1,http://identifiers.org/umls/C0877014
C0020903,Illusion,Illusion (SideEffect),CC BY-NC-SA 4.0,UMLS via SIDER 4.1,http://identifiers.org/umls/C0020903
C0235905,Myasthenia gravis-like syndrome,Myasthenia gravis-like syndrome (SideEffect),CC BY-NC-SA 4.0,UMLS via SIDER 4.1,http://identifiers.org/umls/C0235905
C0406650,Linear IgA disease,Linear IgA disease (SideEffect),CC BY-NC-SA 4.0,UMLS via SIDER 4.1,http://identifiers.org/umls/C0406650
C0241742,Wound haemorrhage,Wound haemorrhage (SideEffect),CC BY-NC-SA 4.0,UMLS via SIDER 4.1,http://identifiers.org/umls/C0241742
C0151604,Oedema genital,Oedema genital (SideEffect),CC BY-NC-SA 4.0,UMLS via SIDER 4.1,http://identifiers.org/umls/C0151604
C0241310,Suprapubic pain,Suprapubic pain (SideEffect),CC BY-NC-SA 4.0,UMLS via SIDER 4.1,http://identifiers.org/umls/C0241310
C2939065,Airway edema,Airway edema (SideEffect),CC BY-NC-SA 4.0,UMLS via SIDER 4.1,http://identifiers.org/umls/C2939065
C0162638,Apoptosis,Apoptosis (SideEffect),CC BY-NC-SA 4.0,UMLS via SIDER 4.1,http://identifiers.org/umls/C0162638
C0033375,Prolactinoma,Prolactinoma (SideEffect),CC BY-NC-SA 4.0,UMLS via SIDER 4.1,http://identifiers.org/umls/C0033375
C0028643,Numbness,Numbness (SideEffect),CC BY-NC-SA 4.0,UMLS via SIDER 4.1,http://identifiers.org/umls/C0028643
C0541879,Detachment psychological,Detachment psychological (SideEffect),CC BY-NC-SA 4.0,UMLS via SIDER 4.1,http://identifiers.org/umls/C0541879
C0042133,Uterine leiomyoma,Uterine leiomyoma (SideEffect),CC BY-NC-SA 4.0,UMLS via SIDER 4.1,http://identifiers.org/umls/C0042133
C0234533,Convulsions generalised,Convulsions generalised (SideEffect),CC BY-NC-SA 4.0,UMLS via SIDER 4.1,http://identifiers.org/umls/C0234533
C0013080,Trisomy 21,Trisomy 21 (SideEffect),CC BY-NC-SA 4.0,UMLS via SIDER 4.1,http://identifiers.org/umls/C0013080
C3203690,Deficiency of bile secretion,Deficiency of bile secretion (SideEffect),CC BY-NC-SA 4.0,UMLS via SIDER 4.1,http://identifiers.org/umls/C3203690
C0558148,Yellow skin,Yellow skin (SideEffect),CC BY-NC-SA 4.0,UMLS via SIDER 4.1,http://identifiers.org/umls/C0558148
C0020757,Ichthyosis,Ichthyosis (SideEffect),CC BY-NC-SA 4.0,UMLS via SIDER 4.1,http://identifiers.org/umls/C0020757
C0011432,Sensitivity of teeth,Sensitivity of teeth (SideEffect),CC BY-NC-SA 4.0,UMLS via SIDER 4.1,http://identifiers.org/umls/C0011432
C0043241,Wound infection,Wound infection (SideEffect),CC BY-NC-SA 4.0,UMLS via SIDER 4.1,http://identifiers.org/umls/C0043241
C0920192,Descemetitis,Descemetitis (SideEffect),CC BY-NC-SA 4.0,UMLS via SIDER 4.1,http://identifiers.org/umls/C0920192
C0033845,Benign intracranial hypertension,Benign intracranial hypertension (SideEffect),CC BY-NC-SA 4.0,UMLS via SIDER 4.1,http://identifiers.org/umls/C0033845
C0151638,Syndrome Fanconi-like,Syndrome Fanconi-like (SideEffect),CC BY-NC-SA 4.0,UMLS via SIDER 4.1,http://identifiers.org/umls/C0151638
C0040586,Tracheobronchitis,Tracheobronchitis (SideEffect),CC BY-NC-SA 4.0,UMLS via SIDER 4.1,http://identifiers.org/umls/C0040586
C0034040,Postpartum disorder,Postpartum disorder (SideEffect),CC BY-NC-SA 4.0,UMLS via SIDER 4.1,http://identifiers.org/umls/C0034040
C0235231,Pupils pinpoint,Pupils pinpoint (SideEffect),CC BY-NC-SA 4.0,UMLS via SIDER 4.1,http://identifiers.org/umls/C0235231
C0031924,Piloerection,Piloerection (SideEffect),CC BY-NC-SA 4.0,UMLS via SIDER 4.1,http://identifiers.org/umls/C0031924
C0857322,Anemic,Anemic (SideEffect),CC BY-NC-SA 4.0,UMLS via SIDER 4.1,http://identifiers.org/umls/C0857322
C2239176,Hepatocellular carcinoma,Hepatocellular carcinoma (SideEffect),CC BY-NC-SA 4.0,UMLS via SIDER 4.1,http://identifiers.org/umls/C2239176
C0332687,Burns second degree,Burns second degree (SideEffect),CC BY-NC-SA 4.0,UMLS via SIDER 4.1,http://identifiers.org/umls/C0332687
C0241075,Skin induration,Skin induration (SideEffect),CC BY-NC-SA 4.0,UMLS via SIDER 4.1,http://identifiers.org/umls/C0241075
C0595879,Sodium high,Sodium high (SideEffect),CC BY-NC-SA 4.0,UMLS via SIDER 4.1,http://identifiers.org/umls/C0595879
C2364082,Hyposmia,Hyposmia (SideEffect),CC BY-NC-SA 4.0,UMLS via SIDER 4.1,http://identifiers.org/umls/C2364082
C0948036,Gastric ulcer helicobacter,Gastric ulcer helicobacter (SideEffect),CC BY-NC-SA 4.0,UMLS via SIDER 4.1,http://identifiers.org/umls/C0948036
C0849918,Eyelids pruritus,Eyelids pruritus (SideEffect),CC BY-NC-SA 4.0,UMLS via SIDER 4.1,http://identifiers.org/umls/C0849918
C0242973,Ventricular dysfunction,Ventricular dysfunction (SideEffect),CC BY-NC-SA 4.0,UMLS via SIDER 4.1,http://identifiers.org/umls/C0242973
C0015929,Foetal disorder,Foetal disorder (SideEffect),CC BY-NC-SA 4.0,UMLS via SIDER 4.1,http://identifiers.org/umls/C0015929
C0032290,Pneumonia aspiration,Pneumonia aspiration (SideEffect),CC BY-NC-SA 4.0,UMLS via SIDER 4.1,http://identifiers.org/umls/C0032290
C0001973,Alcoholism,Alcoholism (SideEffect),CC BY-NC-SA 4.0,UMLS via SIDER 4.1,http://identifiers.org/umls/C0001973
C0268732,Nephritic syndrome,Nephritic syndrome (SideEffect),CC BY-NC-SA 4.0,UMLS via SIDER 4.1,http://identifiers.org/umls/C0268732
C0745499,Junctional bradycardia,Junctional bradycardia (SideEffect),CC BY-NC-SA 4.0,UMLS via SIDER 4.1,http://identifiers.org/umls/C0745499
C1260402,Splenic sequestration,Splenic sequestration (SideEffect),CC BY-NC-SA 4.0,UMLS via SIDER 4.1,http://identifiers.org/umls/C1260402
C0740832,End stage AIDS,End stage AIDS (SideEffect),CC BY-NC-SA 4.0,UMLS via SIDER 4.1,http://identifiers.org/umls/C0740832
C0278045,Urine odour abnormal,Urine odour abnormal (SideEffect),CC BY-NC-SA 4.0,UMLS via SIDER 4.1,http://identifiers.org/umls/C0278045
C0028259,Nodule,Nodule (SideEffect),CC BY-NC-SA 4.0,UMLS via SIDER 4.1,http://identifiers.org/umls/C0028259
C0003469,Anxiety disorder,Anxiety disorder (SideEffect),CC BY-NC-SA 4.0,UMLS via SIDER 4.1,http://identifiers.org/umls/C0003469
C0037320,Sleep terror,Sleep terror (SideEffect),CC BY-NC-SA 4.0,UMLS via SIDER 4.1,http://identifiers.org/umls/C0037320
C0030286,Pancreatic disorder,Pancreatic disorder (SideEffect),CC BY-NC-SA 4.0,UMLS via SIDER 4.1,http://identifiers.org/umls/C0030286
C0860987,Phosphate low,Phosphate low (SideEffect),CC BY-NC-SA 4.0,UMLS via SIDER 4.1,http://identifiers.org/umls/C0860987
C0151624,Ulcerative enterocolitis,Ulcerative enterocolitis (SideEffect),CC BY-NC-SA 4.0,UMLS via SIDER 4.1,http://identifiers.org/umls/C0151624
C0030201,Postoperative pain,Postoperative pain (SideEffect),CC BY-NC-SA 4.0,UMLS via SIDER 4.1,http://identifiers.org/umls/C0030201
C0271420,Ceruminosis,Ceruminosis (SideEffect),CC BY-NC-SA 4.0,UMLS via SIDER 4.1,http://identifiers.org/umls/C0271420
C0004144,Atelectasis,Atelectasis (SideEffect),CC BY-NC-SA 4.0,UMLS via SIDER 4.1,http://identifiers.org/umls/C0004144
C3495947,Atypical stress fracture,Atypical stress fracture (SideEffect),CC BY-NC-SA 4.0,UMLS via SIDER 4.1,http://identifiers.org/umls/C3495947
C0522336,Eye rolling,Eye rolling (SideEffect),CC BY-NC-SA 4.0,UMLS via SIDER 4.1,http://identifiers.org/umls/C0522336
C0700345,Vulvovaginal candidiasis,Vulvovaginal candidiasis (SideEffect),CC BY-NC-SA 4.0,UMLS via SIDER 4.1,http://identifiers.org/umls/C0700345
C0023532,Leukoplakia oral,Leukoplakia oral (SideEffect),CC BY-NC-SA 4.0,UMLS via SIDER 4.1,http://identifiers.org/umls/C0023532
C0085618,Venospasm,Venospasm (SideEffect),CC BY-NC-SA 4.0,UMLS via SIDER 4.1,http://identifiers.org/umls/C0085618
C0340643,Aortic dissection,Aortic dissection (SideEffect),CC BY-NC-SA 4.0,UMLS via SIDER 4.1,http://identifiers.org/umls/C0340643
C0334579,Anaplastic astrocytoma,Anaplastic astrocytoma (SideEffect),CC BY-NC-SA 4.0,UMLS via SIDER 4.1,http://identifiers.org/umls/C0334579
C0042167,Posterior uveitis,Posterior uveitis (SideEffect),CC BY-NC-SA 4.0,UMLS via SIDER 4.1,http://identifiers.org/umls/C0042167
C0151834,Papanicolaou smear suspicious,Papanicolaou smear suspicious (SideEffect),CC BY-NC-SA 4.0,UMLS via SIDER 4.1,http://identifiers.org/umls/C0151834
C0151650,Kidney fibrosis,Kidney fibrosis (SideEffect),CC BY-NC-SA 4.0,UMLS via SIDER 4.1,http://identifiers.org/umls/C0151650
C0019829,Hodgkin's disease,Hodgkin's disease (SideEffect),CC BY-NC-SA 4.0,UMLS via SIDER 4.1,http://identifiers.org/umls/C0019829
C0236053,Mucosal ulceration,Mucosal ulceration (SideEffect),CC BY-NC-SA 4.0,UMLS via SIDER 4.1,http://identifiers.org/umls/C0236053
C0016470,Food allergy,Food allergy (SideEffect),CC BY-NC-SA 4.0,UMLS via SIDER 4.1,http://identifiers.org/umls/C0016470
C0038450,Stridor,Stridor (SideEffect),CC BY-NC-SA 4.0,UMLS via SIDER 4.1,http://identifiers.org/umls/C0038450
C0542243,Toxic reaction (NOS),Toxic reaction (NOS) (SideEffect),CC BY-NC-SA 4.0,UMLS via SIDER 4.1,http://identifiers.org/umls/C0542243
C0010263,Cramp of limb,Cramp of limb (SideEffect),CC BY-NC-SA 4.0,UMLS via SIDER 4.1,http://identifiers.org/umls/C0010263
C0341512,Retroperitoneal haematoma,Retroperitoneal haematoma (SideEffect),CC BY-NC-SA 4.0,UMLS via SIDER 4.1,http://identifiers.org/umls/C0341512
C0034888,Rectal prolapse,Rectal prolapse (SideEffect),CC BY-NC-SA 4.0,UMLS via SIDER 4.1,http://identifiers.org/umls/C0034888
C0026636,Oral disorder,Oral disorder (SideEffect),CC BY-NC-SA 4.0,UMLS via SIDER 4.1,http://identifiers.org/umls/C0026636
C1579838,Sore mouth,Sore mouth (SideEffect),CC BY-NC-SA 4.0,UMLS via SIDER 4.1,http://identifiers.org/umls/C1579838
C0030353,Papilloedema,Papilloedema (SideEffect),CC BY-NC-SA 4.0,UMLS via SIDER 4.1,http://identifiers.org/umls/C0030353
C0032226,Pleural disorder,Pleural disorder (SideEffect),CC BY-NC-SA 4.0,UMLS via SIDER 4.1,http://identifiers.org/umls/C0032226
C0026986,Myelodysplastic syndrome,Myelodysplastic syndrome (SideEffect),CC BY-NC-SA 4.0,UMLS via SIDER 4.1,http://identifiers.org/umls/C0026986
C0007758,Cerebellar ataxia,Cerebellar ataxia (SideEffect),CC BY-NC-SA 4.0,UMLS via SIDER 4.1,http://identifiers.org/umls/C0007758
C0041667,Underweight,Underweight (SideEffect),CC BY-NC-SA 4.0,UMLS via SIDER 4.1,http://identifiers.org/umls/C0041667
C0521169,Compression fracture,Compression fracture (SideEffect),CC BY-NC-SA 4.0,UMLS via SIDER 4.1,http://identifiers.org/umls/C0521169
C3489393,Hiatus hernia,Hiatus hernia (SideEffect),CC BY-NC-SA 4.0,UMLS via SIDER 4.1,http://identifiers.org/umls/C3489393
C1368065,Vascular purpura,Vascular purpura (SideEffect),CC BY-NC-SA 4.0,UMLS via SIDER 4.1,http://identifiers.org/umls/C1368065
C0270549,Generalised anxiety disorder,Generalised anxiety disorder (SideEffect),CC BY-NC-SA 4.0,UMLS via SIDER 4.1,http://identifiers.org/umls/C0270549
C0235032,Neurotoxicity,Neurotoxicity (SideEffect),CC BY-NC-SA 4.0,UMLS via SIDER 4.1,http://identifiers.org/umls/C0235032
C0085660,Aseptic necrosis,Aseptic necrosis (SideEffect),CC BY-NC-SA 4.0,UMLS via SIDER 4.1,http://identifiers.org/umls/C0085660
C0011581,Depressive disorder,Depressive disorder (SideEffect),CC BY-NC-SA 4.0,UMLS via SIDER 4.1,http://identifiers.org/umls/C0011581
C0220870,Lightheadedness,Lightheadedness (SideEffect),CC BY-NC-SA 4.0,UMLS via SIDER 4.1,http://identifiers.org/umls/C0220870
C3160769,Major bleed,Major bleed (SideEffect),CC BY-NC-SA 4.0,UMLS via SIDER 4.1,http://identifiers.org/umls/C3160769
C0029560,Other conjunctivitis,Other conjunctivitis (SideEffect),CC BY-NC-SA 4.0,UMLS via SIDER 4.1,http://identifiers.org/umls/C0029560
C0013589,Ectromelia,Ectromelia (SideEffect),CC BY-NC-SA 4.0,UMLS via SIDER 4.1,http://identifiers.org/umls/C0013589
C0574785,Lower urinary tract symptoms,Lower urinary tract symptoms (SideEffect),CC BY-NC-SA 4.0,UMLS via SIDER 4.1,http://identifiers.org/umls/C0574785
C0858635,Pharyngolaryngeal pain,Pharyngolaryngeal pain (SideEffect),CC BY-NC-SA 4.0,UMLS via SIDER 4.1,http://identifiers.org/umls/C0858635
C0877305,Postoperative wound complication,Postoperative wound complication (SideEffect),CC BY-NC-SA 4.0,UMLS via SIDER 4.1,http://identifiers.org/umls/C0877305
C0259768,Wound dehiscence,Wound dehiscence (SideEffect),CC BY-NC-SA 4.0,UMLS via SIDER 4.1,http://identifiers.org/umls/C0259768
C0232488,Abdominal colic,Abdominal colic (SideEffect),CC BY-NC-SA 4.0,UMLS via SIDER 4.1,http://identifiers.org/umls/C0232488
C0877096,Application site paraesthesia,Application site paraesthesia (SideEffect),CC BY-NC-SA 4.0,UMLS via SIDER 4.1,http://identifiers.org/umls/C0877096
C0278061,Mental state abnormal,Mental state abnormal (SideEffect),CC BY-NC-SA 4.0,UMLS via SIDER 4.1,http://identifiers.org/umls/C0278061
C0030469,Sinus disorder,Sinus disorder (SideEffect),CC BY-NC-SA 4.0,UMLS via SIDER 4.1,http://identifiers.org/umls/C0030469
C0522178,Self-injurious ideation,Self-injurious ideation (SideEffect),CC BY-NC-SA 4.0,UMLS via SIDER 4.1,http://identifiers.org/umls/C0522178
C0026837,Muscle rigidity,Muscle rigidity (SideEffect),CC BY-NC-SA 4.0,UMLS via SIDER 4.1,http://identifiers.org/umls/C0026837
C0024894,Mastitis,Mastitis (SideEffect),CC BY-NC-SA 4.0,UMLS via SIDER 4.1,http://identifiers.org/umls/C0024894
C0854029,Blood creatine increased,Blood creatine increased (SideEffect),CC BY-NC-SA 4.0,UMLS via SIDER 4.1,http://identifiers.org/umls/C0854029
C0037315,Sleep apnoea syndrome,Sleep apnoea syndrome (SideEffect),CC BY-NC-SA 4.0,UMLS via SIDER 4.1,http://identifiers.org/umls/C0037315
C0235328,Colon obstruction,Colon obstruction (SideEffect),CC BY-NC-SA 4.0,UMLS via SIDER 4.1,http://identifiers.org/umls/C0235328
C0175683,Argininosuccinate synthetase deficiency,Argininosuccinate synthetase deficiency (SideEffect),CC BY-NC-SA 4.0,UMLS via SIDER 4.1,http://identifiers.org/umls/C0175683
C0025320,Menopause,Menopause (SideEffect),CC BY-NC-SA 4.0,UMLS via SIDER 4.1,http://identifiers.org/umls/C0025320
C0085273,Erythema infectiosum,Erythema infectiosum (SideEffect),CC BY-NC-SA 4.0,UMLS via SIDER 4.1,http://identifiers.org/umls/C0085273
C0302859,Euthyroid goiter,Euthyroid goiter (SideEffect),CC BY-NC-SA 4.0,UMLS via SIDER 4.1,http://identifiers.org/umls/C0302859
C0342882,Heterozygous familial hypercholesterolemia,Heterozygous familial hypercholesterolemia (SideEffect),CC BY-NC-SA 4.0,UMLS via SIDER 4.1,http://identifiers.org/umls/C0342882
C2939419,Metastatic neoplasm,Metastatic neoplasm (SideEffect),CC BY-NC-SA 4.0,UMLS via SIDER 4.1,http://identifiers.org/umls/C2939419
C0234547,Drug withdrawal convulsions,Drug withdrawal convulsions (SideEffect),CC BY-NC-SA 4.0,UMLS via SIDER 4.1,http://identifiers.org/umls/C0234547
C0877055,Acute generalised exanthematous pustulosis,Acute generalised exanthematous pustulosis (SideEffect),CC BY-NC-SA 4.0,UMLS via SIDER 4.1,http://identifiers.org/umls/C0877055
C1535975,Pelvic discomfort,Pelvic discomfort (SideEffect),CC BY-NC-SA 4.0,UMLS via SIDER 4.1,http://identifiers.org/umls/C1535975
C0151735,Injection site reaction,Injection site reaction (SideEffect),CC BY-NC-SA 4.0,UMLS via SIDER 4.1,http://identifiers.org/umls/C0151735
C0151878,Electrocardiogram QT prolonged,Electrocardiogram QT prolonged (SideEffect),CC BY-NC-SA 4.0,UMLS via SIDER 4.1,http://identifiers.org/umls/C0151878
C0038160,Staphylococcal infection,Staphylococcal infection (SideEffect),CC BY-NC-SA 4.0,UMLS via SIDER 4.1,http://identifiers.org/umls/C0038160
C0028866,IIIrd nerve paralysis,IIIrd nerve paralysis (SideEffect),CC BY-NC-SA 4.0,UMLS via SIDER 4.1,http://identifiers.org/umls/C0028866
C0859253,Microhemorrhage,Microhemorrhage (SideEffect),CC BY-NC-SA 4.0,UMLS via SIDER 4.1,http://identifiers.org/umls/C0859253
C0014118,Endocarditis,Endocarditis (SideEffect),CC BY-NC-SA 4.0,UMLS via SIDER 4.1,http://identifiers.org/umls/C0014118
C0020456,Hyperglycaemia,Hyperglycaemia (SideEffect),CC BY-NC-SA 4.0,UMLS via SIDER 4.1,http://identifiers.org/umls/C0020456
C0948002,Crystal urine present,Crystal urine present (SideEffect),CC BY-NC-SA 4.0,UMLS via SIDER 4.1,http://identifiers.org/umls/C0948002
C0020569,Salivary gland enlargement,Salivary gland enlargement (SideEffect),CC BY-NC-SA 4.0,UMLS via SIDER 4.1,http://identifiers.org/umls/C0020569
C3160770,Minor bleed,Minor bleed (SideEffect),CC BY-NC-SA 4.0,UMLS via SIDER 4.1,http://identifiers.org/umls/C3160770
C0041105,Trismus,Trismus (SideEffect),CC BY-NC-SA 4.0,UMLS via SIDER 4.1,http://identifiers.org/umls/C0041105
C0151883,Vesiculobullous rash,Vesiculobullous rash (SideEffect),CC BY-NC-SA 4.0,UMLS via SIDER 4.1,http://identifiers.org/umls/C0151883
C0263888,Back disorder,Back disorder (SideEffect),CC BY-NC-SA 4.0,UMLS via SIDER 4.1,http://identifiers.org/umls/C0263888
C0221237,Angular cheilitis,Angular cheilitis (SideEffect),CC BY-NC-SA 4.0,UMLS via SIDER 4.1,http://identifiers.org/umls/C0221237
C0233931,Nocturnal emission,Nocturnal emission (SideEffect),CC BY-NC-SA 4.0,UMLS via SIDER 4.1,http://identifiers.org/umls/C0233931
C0271051,Macular oedema,Macular oedema (SideEffect),CC BY-NC-SA 4.0,UMLS via SIDER 4.1,http://identifiers.org/umls/C0271051
C0033931,Psychosomatic disease,Psychosomatic disease (SideEffect),CC BY-NC-SA 4.0,UMLS via SIDER 4.1,http://identifiers.org/umls/C0033931
C3160858,Posterior reversible encephalopathy syndrome,Posterior reversible encephalopathy syndrome (SideEffect),CC BY-NC-SA 4.0,UMLS via SIDER 4.1,http://identifiers.org/umls/C3160858
C1328447,Brain stem syndrome,Brain stem syndrome (SideEffect),CC BY-NC-SA 4.0,UMLS via SIDER 4.1,http://identifiers.org/umls/C1328447
C0948856,Orgasmic sensation decreased,Orgasmic sensation decreased (SideEffect),CC BY-NC-SA 4.0,UMLS via SIDER 4.1,http://identifiers.org/umls/C0948856
C0574067,Cough increased,Cough increased (SideEffect),CC BY-NC-SA 4.0,UMLS via SIDER 4.1,http://identifiers.org/umls/C0574067
C0027849,Neuroleptic malignant syndrome,Neuroleptic malignant syndrome (SideEffect),CC BY-NC-SA 4.0,UMLS via SIDER 4.1,http://identifiers.org/umls/C0027849
C0035357,Retroperitoneal fibrosis,Retroperitoneal fibrosis (SideEffect),CC BY-NC-SA 4.0,UMLS via SIDER 4.1,http://identifiers.org/umls/C0035357
C0155018,Colour blindness acquired,Colour blindness acquired (SideEffect),CC BY-NC-SA 4.0,UMLS via SIDER 4.1,http://identifiers.org/umls/C0155018
C0700201,Dyssomnia,Dyssomnia (SideEffect),CC BY-NC-SA 4.0,UMLS via SIDER 4.1,http://identifiers.org/umls/C0700201
C0263530,Nail longitudinal striations,Nail longitudinal striations (SideEffect),CC BY-NC-SA 4.0,UMLS via SIDER 4.1,http://identifiers.org/umls/C0263530
C0013221,Drug toxicity,Drug toxicity (SideEffect),CC BY-NC-SA 4.0,UMLS via SIDER 4.1,http://identifiers.org/umls/C0013221
C0155866,Pneumonia anthrax,Pneumonia anthrax (SideEffect),CC BY-NC-SA 4.0,UMLS via SIDER 4.1,http://identifiers.org/umls/C0155866
C0702266,Basophilia,Basophilia (SideEffect),CC BY-NC-SA 4.0,UMLS via SIDER 4.1,http://identifiers.org/umls/C0702266
C0032463,Polycythaemia vera,Polycythaemia vera (SideEffect),CC BY-NC-SA 4.0,UMLS via SIDER 4.1,http://identifiers.org/umls/C0032463
C0017605,Angle closure glaucoma,Angle closure glaucoma (SideEffect),CC BY-NC-SA 4.0,UMLS via SIDER 4.1,http://identifiers.org/umls/C0017605
C0410198,Proximal myopathy,Proximal myopathy (SideEffect),CC BY-NC-SA 4.0,UMLS via SIDER 4.1,http://identifiers.org/umls/C0410198
C0232288,Chest pain exertional,Chest pain exertional (SideEffect),CC BY-NC-SA 4.0,UMLS via SIDER 4.1,http://identifiers.org/umls/C0232288
C0026896,Myasthenia gravis,Myasthenia gravis (SideEffect),CC BY-NC-SA 4.0,UMLS via SIDER 4.1,http://identifiers.org/umls/C0026896
C0270790,Quadriparesis,Quadriparesis (SideEffect),CC BY-NC-SA 4.0,UMLS via SIDER 4.1,http://identifiers.org/umls/C0270790
C0406484,Sebaceous hyperplasia,Sebaceous hyperplasia (SideEffect),CC BY-NC-SA 4.0,UMLS via SIDER 4.1,http://identifiers.org/umls/C0406484
C1112346,Prostate induration,Prostate induration (SideEffect),CC BY-NC-SA 4.0,UMLS via SIDER 4.1,http://identifiers.org/umls/C1112346
C0877192,Lipodystrophy acquired,Lipodystrophy acquired (SideEffect),CC BY-NC-SA 4.0,UMLS via SIDER 4.1,http://identifiers.org/umls/C0877192
C0042514,Ventricular tachycardia,Ventricular tachycardia (SideEffect),CC BY-NC-SA 4.0,UMLS via SIDER 4.1,http://identifiers.org/umls/C0042514
C0859978,Amylase decreased,Amylase decreased (SideEffect),CC BY-NC-SA 4.0,UMLS via SIDER 4.1,http://identifiers.org/umls/C0859978
C0424740,Cold hands,Cold hands (SideEffect),CC BY-NC-SA 4.0,UMLS via SIDER 4.1,http://identifiers.org/umls/C0424740
C0333516,Tumour necrosis,Tumour necrosis (SideEffect),CC BY-NC-SA 4.0,UMLS via SIDER 4.1,http://identifiers.org/umls/C0333516
C0007274,Carotid artery thrombosis,Carotid artery thrombosis (SideEffect),CC BY-NC-SA 4.0,UMLS via SIDER 4.1,http://identifiers.org/umls/C0007274
C3665888,Reproductive toxicity,Reproductive toxicity (SideEffect),CC BY-NC-SA 4.0,UMLS via SIDER 4.1,http://identifiers.org/umls/C3665888
C0239725,Genital pain,Genital pain (SideEffect),CC BY-NC-SA 4.0,UMLS via SIDER 4.1,http://identifiers.org/umls/C0239725
C0035459,Rhinitis atrophic,Rhinitis atrophic (SideEffect),CC BY-NC-SA 4.0,UMLS via SIDER 4.1,http://identifiers.org/umls/C0035459
C0860207,Drug-induced liver injury,Drug-induced liver injury (SideEffect),CC BY-NC-SA 4.0,UMLS via SIDER 4.1,http://identifiers.org/umls/C0860207
C1868911,Uric acid abnormal,Uric acid abnormal (SideEffect),CC BY-NC-SA 4.0,UMLS via SIDER 4.1,http://identifiers.org/umls/C1868911
C0373705,Progesterone,Progesterone (SideEffect),CC BY-NC-SA 4.0,UMLS via SIDER 4.1,http://identifiers.org/umls/C0373705
C0027013,Myeloid metaplasia,Myeloid metaplasia (SideEffect),CC BY-NC-SA 4.0,UMLS via SIDER 4.1,http://identifiers.org/umls/C0027013
C0858678,Alopecia reversible,Alopecia reversible (SideEffect),CC BY-NC-SA 4.0,UMLS via SIDER 4.1,http://identifiers.org/umls/C0858678
C0015401,Foreign body in eye,Foreign body in eye (SideEffect),CC BY-NC-SA 4.0,UMLS via SIDER 4.1,http://identifiers.org/umls/C0015401
C0235338,Salivary gland pain,Salivary gland pain (SideEffect),CC BY-NC-SA 4.0,UMLS via SIDER 4.1,http://identifiers.org/umls/C0235338
C1290864,Abdominal disorder,Abdominal disorder (SideEffect),CC BY-NC-SA 4.0,UMLS via SIDER 4.1,http://identifiers.org/umls/C1290864
C0751901,Vocal tic,Vocal tic (SideEffect),CC BY-NC-SA 4.0,UMLS via SIDER 4.1,http://identifiers.org/umls/C0751901
C1112537,Neurological examination abnormal,Neurological examination abnormal (SideEffect),CC BY-NC-SA 4.0,UMLS via SIDER 4.1,http://identifiers.org/umls/C1112537
C0858357,Oesophageal stenosis acquired,Oesophageal stenosis acquired (SideEffect),CC BY-NC-SA 4.0,UMLS via SIDER 4.1,http://identifiers.org/umls/C0858357
C0034887,Rectal polyp,Rectal polyp (SideEffect),CC BY-NC-SA 4.0,UMLS via SIDER 4.1,http://identifiers.org/umls/C0034887
C0438434,Scotoma annular,Scotoma annular (SideEffect),CC BY-NC-SA 4.0,UMLS via SIDER 4.1,http://identifiers.org/umls/C0438434
C0409974,Lupus erythematosus,Lupus erythematosus (SideEffect),CC BY-NC-SA 4.0,UMLS via SIDER 4.1,http://identifiers.org/umls/C0409974
C0151740,Intracranial pressure increased,Intracranial pressure increased (SideEffect),CC BY-NC-SA 4.0,UMLS via SIDER 4.1,http://identifiers.org/umls/C0151740
C1384666,Hearing impaired,Hearing impaired (SideEffect),CC BY-NC-SA 4.0,UMLS via SIDER 4.1,http://identifiers.org/umls/C1384666
C0152173,Ventricular flutter,Ventricular flutter (SideEffect),CC BY-NC-SA 4.0,UMLS via SIDER 4.1,http://identifiers.org/umls/C0152173
C0019348,Herpes simplex,Herpes simplex (SideEffect),CC BY-NC-SA 4.0,UMLS via SIDER 4.1,http://identifiers.org/umls/C0019348
C1868855,Post procedural infection,Post procedural infection (SideEffect),CC BY-NC-SA 4.0,UMLS via SIDER 4.1,http://identifiers.org/umls/C1868855
C0857448,Serum urea increased,Serum urea increased (SideEffect),CC BY-NC-SA 4.0,UMLS via SIDER 4.1,http://identifiers.org/umls/C0857448
C0006430,Burning mouth syndrome,Burning mouth syndrome (SideEffect),CC BY-NC-SA 4.0,UMLS via SIDER 4.1,http://identifiers.org/umls/C0006430
C1269683,Major depression,Major depression (SideEffect),CC BY-NC-SA 4.0,UMLS via SIDER 4.1,http://identifiers.org/umls/C1269683
C0392039,Ovarian enlargement,Ovarian enlargement (SideEffect),CC BY-NC-SA 4.0,UMLS via SIDER 4.1,http://identifiers.org/umls/C0392039
C0265110,Vasospasm cerebral,Vasospasm cerebral (SideEffect),CC BY-NC-SA 4.0,UMLS via SIDER 4.1,http://identifiers.org/umls/C0265110
C1262141,Poor quality sleep,Poor quality sleep (SideEffect),CC BY-NC-SA 4.0,UMLS via SIDER 4.1,http://identifiers.org/umls/C1262141
C0494491,Mononeuropathy,Mononeuropathy (SideEffect),CC BY-NC-SA 4.0,UMLS via SIDER 4.1,http://identifiers.org/umls/C0494491
C0549448,Haemoglobin increased,Haemoglobin increased (SideEffect),CC BY-NC-SA 4.0,UMLS via SIDER 4.1,http://identifiers.org/umls/C0549448
C1510586,Autism spectrum disorder,Autism spectrum disorder (SideEffect),CC BY-NC-SA 4.0,UMLS via SIDER 4.1,http://identifiers.org/umls/C1510586
C0023787,Lipodystrophy,Lipodystrophy (SideEffect),CC BY-NC-SA 4.0,UMLS via SIDER 4.1,http://identifiers.org/umls/C0023787
C0235649,Breast oedema,Breast oedema (SideEffect),CC BY-NC-SA 4.0,UMLS via SIDER 4.1,http://identifiers.org/umls/C0235649
C0855335,Electrocardiogram ST segment abnormal,Electrocardiogram ST segment abnormal (SideEffect),CC BY-NC-SA 4.0,UMLS via SIDER 4.1,http://identifiers.org/umls/C0855335
C0857199,Red blotches,Red blotches (SideEffect),CC BY-NC-SA 4.0,UMLS via SIDER 4.1,http://identifiers.org/umls/C0857199
C0003028,Anhidrosis,Anhidrosis (SideEffect),CC BY-NC-SA 4.0,UMLS via SIDER 4.1,http://identifiers.org/umls/C0003028
C1258192,Vascular resistance systemic,Vascular resistance systemic (SideEffect),CC BY-NC-SA 4.0,UMLS via SIDER 4.1,http://identifiers.org/umls/C1258192
C0267033,Lip ulceration,Lip ulceration (SideEffect),CC BY-NC-SA 4.0,UMLS via SIDER 4.1,http://identifiers.org/umls/C0267033
C0497365,Rash generalised,Rash generalised (SideEffect),CC BY-NC-SA 4.0,UMLS via SIDER 4.1,http://identifiers.org/umls/C0497365
C0262417,Pancreatitis acute on chronic,Pancreatitis acute on chronic (SideEffect),CC BY-NC-SA 4.0,UMLS via SIDER 4.1,http://identifiers.org/umls/C0262417
C0242429,Throat sore,Throat sore (SideEffect),CC BY-NC-SA 4.0,UMLS via SIDER 4.1,http://identifiers.org/umls/C0242429
C0235329,Small intestinal obstruction,Small intestinal obstruction (SideEffect),CC BY-NC-SA 4.0,UMLS via SIDER 4.1,http://identifiers.org/umls/C0235329
C0015408,Eye injury,Eye injury (SideEffect),CC BY-NC-SA 4.0,UMLS via SIDER 4.1,http://identifiers.org/umls/C0015408
C1744601,Heart rate abnormal,Heart rate abnormal (SideEffect),CC BY-NC-SA 4.0,UMLS via SIDER 4.1,http://identifiers.org/umls/C1744601
C0853945,Oral mucosal blistering,Oral mucosal blistering (SideEffect),CC BY-NC-SA 4.0,UMLS via SIDER 4.1,http://identifiers.org/umls/C0853945
C0542165,Pseudoparkinsonism,Pseudoparkinsonism (SideEffect),CC BY-NC-SA 4.0,UMLS via SIDER 4.1,http://identifiers.org/umls/C0542165
C0428895,Labile blood pressure,Labile blood pressure (SideEffect),CC BY-NC-SA 4.0,UMLS via SIDER 4.1,http://identifiers.org/umls/C0428895
C1333984,Hepatosplenic T-cell lymphoma,Hepatosplenic T-cell lymphoma (SideEffect),CC BY-NC-SA 4.0,UMLS via SIDER 4.1,http://identifiers.org/umls/C1333984
C0240417,Muscle mass,Muscle mass (SideEffect),CC BY-NC-SA 4.0,UMLS via SIDER 4.1,http://identifiers.org/umls/C0240417
C1963943,Atherothrombosis,Atherothrombosis (SideEffect),CC BY-NC-SA 4.0,UMLS via SIDER 4.1,http://identifiers.org/umls/C1963943
C0853592,Blood antidiuretic hormone abnormal,Blood antidiuretic hormone abnormal (SideEffect),CC BY-NC-SA 4.0,UMLS via SIDER 4.1,http://identifiers.org/umls/C0853592
C0262494,Gangrenous cholecystitis,Gangrenous cholecystitis (SideEffect),CC BY-NC-SA 4.0,UMLS via SIDER 4.1,http://identifiers.org/umls/C0262494
C0948198,Acholia,Acholia (SideEffect),CC BY-NC-SA 4.0,UMLS via SIDER 4.1,http://identifiers.org/umls/C0948198
C0857245,Redness of face,Redness of face (SideEffect),CC BY-NC-SA 4.0,UMLS via SIDER 4.1,http://identifiers.org/umls/C0857245
C0003869,Arthritis infective,Arthritis infective (SideEffect),CC BY-NC-SA 4.0,UMLS via SIDER 4.1,http://identifiers.org/umls/C0003869
C0376175,Bell's palsy,Bell's palsy (SideEffect),CC BY-NC-SA 4.0,UMLS via SIDER 4.1,http://identifiers.org/umls/C0376175
C0852711,Hand and foot syndrome secondary to sickle cell anaemia,Hand and foot syndrome secondary to sickle cell anaemia (SideEffect),CC BY-NC-SA 4.0,UMLS via SIDER 4.1,http://identifiers.org/umls/C0852711
C0018681,Headache,Headache (SideEffect),CC BY-NC-SA 4.0,UMLS via SIDER 4.1,http://identifiers.org/umls/C0018681
C0025287,Meningism,Meningism (SideEffect),CC BY-NC-SA 4.0,UMLS via SIDER 4.1,http://identifiers.org/umls/C0025287
C0343166,Effusion of knee,Effusion of knee (SideEffect),CC BY-NC-SA 4.0,UMLS via SIDER 4.1,http://identifiers.org/umls/C0343166
C0025202,Malignant melanoma,Malignant melanoma (SideEffect),CC BY-NC-SA 4.0,UMLS via SIDER 4.1,http://identifiers.org/umls/C0025202
C0038379,Strabismus,Strabismus (SideEffect),CC BY-NC-SA 4.0,UMLS via SIDER 4.1,http://identifiers.org/umls/C0038379
C0019080,Haemorrhage,Haemorrhage (SideEffect),CC BY-NC-SA 4.0,UMLS via SIDER 4.1,http://identifiers.org/umls/C0019080
C0553706,Serum phosphate increased,Serum phosphate increased (SideEffect),CC BY-NC-SA 4.0,UMLS via SIDER 4.1,http://identifiers.org/umls/C0553706
C0009917,Muscle contracture,Muscle contracture (SideEffect),CC BY-NC-SA 4.0,UMLS via SIDER 4.1,http://identifiers.org/umls/C0009917
C0549493,Alveolitis,Alveolitis (SideEffect),CC BY-NC-SA 4.0,UMLS via SIDER 4.1,http://identifiers.org/umls/C0549493
C0232981,Spermatogenesis arrest,Spermatogenesis arrest (SideEffect),CC BY-NC-SA 4.0,UMLS via SIDER 4.1,http://identifiers.org/umls/C0232981
C1504532,Post transplant diabetes mellitus,Post transplant diabetes mellitus (SideEffect),CC BY-NC-SA 4.0,UMLS via SIDER 4.1,http://identifiers.org/umls/C1504532
C0020620,Hypohidrosis,Hypohidrosis (SideEffect),CC BY-NC-SA 4.0,UMLS via SIDER 4.1,http://identifiers.org/umls/C0020620
C0853895,Mental disorder due to a general medical condition,Mental disorder due to a general medical condition (SideEffect),CC BY-NC-SA 4.0,UMLS via SIDER 4.1,http://identifiers.org/umls/C0853895
C0522351,Vertigo positional,Vertigo positional (SideEffect),CC BY-NC-SA 4.0,UMLS via SIDER 4.1,http://identifiers.org/umls/C0522351
C1096668,Instillation site irritation,Instillation site irritation (SideEffect),CC BY-NC-SA 4.0,UMLS via SIDER 4.1,http://identifiers.org/umls/C1096668
C1720775,Renal tubular necrosis,Renal tubular necrosis (SideEffect),CC BY-NC-SA 4.0,UMLS via SIDER 4.1,http://identifiers.org/umls/C1720775
C0274727,Digoxin toxicity,Digoxin toxicity (SideEffect),CC BY-NC-SA 4.0,UMLS via SIDER 4.1,http://identifiers.org/umls/C0274727
C0853692,Blood triglycerides increased,Blood triglycerides increased (SideEffect),CC BY-NC-SA 4.0,UMLS via SIDER 4.1,http://identifiers.org/umls/C0853692
C2607896,Vulva discomfort,Vulva discomfort (SideEffect),CC BY-NC-SA 4.0,UMLS via SIDER 4.1,http://identifiers.org/umls/C2607896
C0424448,Masked facies,Masked facies (SideEffect),CC BY-NC-SA 4.0,UMLS via SIDER 4.1,http://identifiers.org/umls/C0424448
C0277799,Intermittent fever,Intermittent fever (SideEffect),CC BY-NC-SA 4.0,UMLS via SIDER 4.1,http://identifiers.org/umls/C0277799
C0030193,Pain,Pain (SideEffect),CC BY-NC-SA 4.0,UMLS via SIDER 4.1,http://identifiers.org/umls/C0030193
C0242528,Azotaemia,Azotaemia (SideEffect),CC BY-NC-SA 4.0,UMLS via SIDER 4.1,http://identifiers.org/umls/C0242528
C0278126,Equilibrium loss,Equilibrium loss (SideEffect),CC BY-NC-SA 4.0,UMLS via SIDER 4.1,http://identifiers.org/umls/C0278126
C1112525,Gastrointestinal ulcer haemorrhage,Gastrointestinal ulcer haemorrhage (SideEffect),CC BY-NC-SA 4.0,UMLS via SIDER 4.1,http://identifiers.org/umls/C1112525
C1262299,Oral papilloma,Oral papilloma (SideEffect),CC BY-NC-SA 4.0,UMLS via SIDER 4.1,http://identifiers.org/umls/C1262299
C0206762,Limb malformation,Limb malformation (SideEffect),CC BY-NC-SA 4.0,UMLS via SIDER 4.1,http://identifiers.org/umls/C0206762
C0006271,Bronchiolitis,Bronchiolitis (SideEffect),CC BY-NC-SA 4.0,UMLS via SIDER 4.1,http://identifiers.org/umls/C0006271
C0159076,Choluria,Choluria (SideEffect),CC BY-NC-SA 4.0,UMLS via SIDER 4.1,http://identifiers.org/umls/C0159076
C0239729,Genital rash,Genital rash (SideEffect),CC BY-NC-SA 4.0,UMLS via SIDER 4.1,http://identifiers.org/umls/C0239729
C2242583,Acute liver injury,Acute liver injury (SideEffect),CC BY-NC-SA 4.0,UMLS via SIDER 4.1,http://identifiers.org/umls/C2242583
C0409962,Localized osteoarthritis,Localized osteoarthritis (SideEffect),CC BY-NC-SA 4.0,UMLS via SIDER 4.1,http://identifiers.org/umls/C0409962
C1536459,Nettle rash,Nettle rash (SideEffect),CC BY-NC-SA 4.0,UMLS via SIDER 4.1,http://identifiers.org/umls/C1536459
C0241669,Venous occlusion,Venous occlusion (SideEffect),CC BY-NC-SA 4.0,UMLS via SIDER 4.1,http://identifiers.org/umls/C0241669
C0235966,Dreaming excessive,Dreaming excessive (SideEffect),CC BY-NC-SA 4.0,UMLS via SIDER 4.1,http://identifiers.org/umls/C0235966
C0000817,Abortion infected,Abortion infected (SideEffect),CC BY-NC-SA 4.0,UMLS via SIDER 4.1,http://identifiers.org/umls/C0000817
C0948282,Conjunctival bleb,Conjunctival bleb (SideEffect),CC BY-NC-SA 4.0,UMLS via SIDER 4.1,http://identifiers.org/umls/C0948282
C0019322,Umbilical hernia,Umbilical hernia (SideEffect),CC BY-NC-SA 4.0,UMLS via SIDER 4.1,http://identifiers.org/umls/C0019322
C0030783,Nicotinic acid deficiency,Nicotinic acid deficiency (SideEffect),CC BY-NC-SA 4.0,UMLS via SIDER 4.1,http://identifiers.org/umls/C0030783
C0011881,Diabetic nephropathy,Diabetic nephropathy (SideEffect),CC BY-NC-SA 4.0,UMLS via SIDER 4.1,http://identifiers.org/umls/C0011881
C0011175,Dehydration,Dehydration (SideEffect),CC BY-NC-SA 4.0,UMLS via SIDER 4.1,http://identifiers.org/umls/C0011175
C0036202,Sarcoidosis,Sarcoidosis (SideEffect),CC BY-NC-SA 4.0,UMLS via SIDER 4.1,http://identifiers.org/umls/C0036202
C0001416,Adenitis,Adenitis (SideEffect),CC BY-NC-SA 4.0,UMLS via SIDER 4.1,http://identifiers.org/umls/C0001416
C0038395,Streptococcal infection,Streptococcal infection (SideEffect),CC BY-NC-SA 4.0,UMLS via SIDER 4.1,http://identifiers.org/umls/C0038395
C0742545,Colonic abscess,Colonic abscess (SideEffect),CC BY-NC-SA 4.0,UMLS via SIDER 4.1,http://identifiers.org/umls/C0742545
C0000731,Abdominal distension,Abdominal distension (SideEffect),CC BY-NC-SA 4.0,UMLS via SIDER 4.1,http://identifiers.org/umls/C0000731
C0027813,Neuritis,Neuritis (SideEffect),CC BY-NC-SA 4.0,UMLS via SIDER 4.1,http://identifiers.org/umls/C0027813
C0578736,Lymphadenopathy inguinal,Lymphadenopathy inguinal (SideEffect),CC BY-NC-SA 4.0,UMLS via SIDER 4.1,http://identifiers.org/umls/C0578736
C0854359,Insulin autoimmune syndrome,Insulin autoimmune syndrome (SideEffect),CC BY-NC-SA 4.0,UMLS via SIDER 4.1,http://identifiers.org/umls/C0854359
C0263518,Telogen effluvium,Telogen effluvium (SideEffect),CC BY-NC-SA 4.0,UMLS via SIDER 4.1,http://identifiers.org/umls/C0263518
C0017160,Gastroenteritis,Gastroenteritis (SideEffect),CC BY-NC-SA 4.0,UMLS via SIDER 4.1,http://identifiers.org/umls/C0017160
C0858867,Reticulocytopenia,Reticulocytopenia (SideEffect),CC BY-NC-SA 4.0,UMLS via SIDER 4.1,http://identifiers.org/umls/C0858867
C1384670,Single umbilical artery,Single umbilical artery (SideEffect),CC BY-NC-SA 4.0,UMLS via SIDER 4.1,http://identifiers.org/umls/C1384670
C0022658,Nephropathy,Nephropathy (SideEffect),CC BY-NC-SA 4.0,UMLS via SIDER 4.1,http://identifiers.org/umls/C0022658
C0086132,Depressive symptom,Depressive symptom (SideEffect),CC BY-NC-SA 4.0,UMLS via SIDER 4.1,http://identifiers.org/umls/C0086132
C0343863,Genital candidiasis,Genital candidiasis (SideEffect),CC BY-NC-SA 4.0,UMLS via SIDER 4.1,http://identifiers.org/umls/C0343863
C0000768,Congenital anomaly,Congenital anomaly (SideEffect),CC BY-NC-SA 4.0,UMLS via SIDER 4.1,http://identifiers.org/umls/C0000768
C0877497,Redness gum,Redness gum (SideEffect),CC BY-NC-SA 4.0,UMLS via SIDER 4.1,http://identifiers.org/umls/C0877497
C0162835,Leukoderma,Leukoderma (SideEffect),CC BY-NC-SA 4.0,UMLS via SIDER 4.1,http://identifiers.org/umls/C0162835
C0546817,Fluid overload,Fluid overload (SideEffect),CC BY-NC-SA 4.0,UMLS via SIDER 4.1,http://identifiers.org/umls/C0546817
C0023070,Laryngopharyngitis,Laryngopharyngitis (SideEffect),CC BY-NC-SA 4.0,UMLS via SIDER 4.1,http://identifiers.org/umls/C0023070
C0025637,Methaemoglobinaemia,Methaemoglobinaemia (SideEffect),CC BY-NC-SA 4.0,UMLS via SIDER 4.1,http://identifiers.org/umls/C0025637
C0149725,Lower respiratory tract infection,Lower respiratory tract infection (SideEffect),CC BY-NC-SA 4.0,UMLS via SIDER 4.1,http://identifiers.org/umls/C0149725
C0085740,Mendelson's syndrome,Mendelson's syndrome (SideEffect),CC BY-NC-SA 4.0,UMLS via SIDER 4.1,http://identifiers.org/umls/C0085740
C0262397,Breast tenderness,Breast tenderness (SideEffect),CC BY-NC-SA 4.0,UMLS via SIDER 4.1,http://identifiers.org/umls/C0262397
C0858934,Injection site warmth,Injection site warmth (SideEffect),CC BY-NC-SA 4.0,UMLS via SIDER 4.1,http://identifiers.org/umls/C0858934
C0541832,Chromaturia,Chromaturia (SideEffect),CC BY-NC-SA 4.0,UMLS via SIDER 4.1,http://identifiers.org/umls/C0541832
C0003811,Arrhythmia,Arrhythmia (SideEffect),CC BY-NC-SA 4.0,UMLS via SIDER 4.1,http://identifiers.org/umls/C0003811
C0860433,Irreversible renal failure,Irreversible renal failure (SideEffect),CC BY-NC-SA 4.0,UMLS via SIDER 4.1,http://identifiers.org/umls/C0860433
C0001418,Adenocarcinoma,Adenocarcinoma (SideEffect),CC BY-NC-SA 4.0,UMLS via SIDER 4.1,http://identifiers.org/umls/C0001418
C0032300,Lobar pneumonia,Lobar pneumonia (SideEffect),CC BY-NC-SA 4.0,UMLS via SIDER 4.1,http://identifiers.org/umls/C0032300
C0848548,Hypertensive nephropathy,Hypertensive nephropathy (SideEffect),CC BY-NC-SA 4.0,UMLS via SIDER 4.1,http://identifiers.org/umls/C0848548
C0553723,Squamous cell carcinoma of skin,Squamous cell carcinoma of skin (SideEffect),CC BY-NC-SA 4.0,UMLS via SIDER 4.1,http://identifiers.org/umls/C0553723
C0024530,Malaria,Malaria (SideEffect),CC BY-NC-SA 4.0,UMLS via SIDER 4.1,http://identifiers.org/umls/C0024530
C1504438,Cerebral artery stenosis,Cerebral artery stenosis (SideEffect),CC BY-NC-SA 4.0,UMLS via SIDER 4.1,http://identifiers.org/umls/C1504438
C0429028,Electrocardiogram QT interval,Electrocardiogram QT interval (SideEffect),CC BY-NC-SA 4.0,UMLS via SIDER 4.1,http://identifiers.org/umls/C0429028
C0155365,Vitreous disorder,Vitreous disorder (SideEffect),CC BY-NC-SA 4.0,UMLS via SIDER 4.1,http://identifiers.org/umls/C0155365
C0235117,Withdrawal emotional,Withdrawal emotional (SideEffect),CC BY-NC-SA 4.0,UMLS via SIDER 4.1,http://identifiers.org/umls/C0235117
C0236124,Gastrointestinal obstruction,Gastrointestinal obstruction (SideEffect),CC BY-NC-SA 4.0,UMLS via SIDER 4.1,http://identifiers.org/umls/C0236124
C0017572,Gingival recession,Gingival recession (SideEffect),CC BY-NC-SA 4.0,UMLS via SIDER 4.1,http://identifiers.org/umls/C0017572
C0039614,Tetanus,Tetanus (SideEffect),CC BY-NC-SA 4.0,UMLS via SIDER 4.1,http://identifiers.org/umls/C0039614
C0038986,Sweat gland disorder,Sweat gland disorder (SideEffect),CC BY-NC-SA 4.0,UMLS via SIDER 4.1,http://identifiers.org/umls/C0038986
C0401149,Constipation chronic,Constipation chronic (SideEffect),CC BY-NC-SA 4.0,UMLS via SIDER 4.1,http://identifiers.org/umls/C0401149
C0853141,Therapeutic response unexpected,Therapeutic response unexpected (SideEffect),CC BY-NC-SA 4.0,UMLS via SIDER 4.1,http://identifiers.org/umls/C0853141
C0042900,Vitiligo,Vitiligo (SideEffect),CC BY-NC-SA 4.0,UMLS via SIDER 4.1,http://identifiers.org/umls/C0042900
C0855331,Electrocardiogram QT corrected interval,Electrocardiogram QT corrected interval (SideEffect),CC BY-NC-SA 4.0,UMLS via SIDER 4.1,http://identifiers.org/umls/C0855331
C0032001,Pituitary apoplexy,Pituitary apoplexy (SideEffect),CC BY-NC-SA 4.0,UMLS via SIDER 4.1,http://identifiers.org/umls/C0032001
C0856897,Hemangioma acquired,Hemangioma acquired (SideEffect),CC BY-NC-SA 4.0,UMLS via SIDER 4.1,http://identifiers.org/umls/C0856897
C0267941,Pancreatitis necrotising,Pancreatitis necrotising (SideEffect),CC BY-NC-SA 4.0,UMLS via SIDER 4.1,http://identifiers.org/umls/C0267941
C0919599,Application site eczema,Application site eczema (SideEffect),CC BY-NC-SA 4.0,UMLS via SIDER 4.1,http://identifiers.org/umls/C0919599
C0042134,Uterine haemorrhage,Uterine haemorrhage (SideEffect),CC BY-NC-SA 4.0,UMLS via SIDER 4.1,http://identifiers.org/umls/C0042134
C0152030,Skin irritation,Skin irritation (SideEffect),CC BY-NC-SA 4.0,UMLS via SIDER 4.1,http://identifiers.org/umls/C0152030
C0085077,Acute febrile neutrophilic dermatosis,Acute febrile neutrophilic dermatosis (SideEffect),CC BY-NC-SA 4.0,UMLS via SIDER 4.1,http://identifiers.org/umls/C0085077
C0019364,Ophthalmic herpes zoster,Ophthalmic herpes zoster (SideEffect),CC BY-NC-SA 4.0,UMLS via SIDER 4.1,http://identifiers.org/umls/C0019364
C0001957,Delirium tremens,Delirium tremens (SideEffect),CC BY-NC-SA 4.0,UMLS via SIDER 4.1,http://identifiers.org/umls/C0001957
C0235834,Upper motor neurone lesion,Upper motor neurone lesion (SideEffect),CC BY-NC-SA 4.0,UMLS via SIDER 4.1,http://identifiers.org/umls/C0235834
C0162311,Androgenetic alopecia,Androgenetic alopecia (SideEffect),CC BY-NC-SA 4.0,UMLS via SIDER 4.1,http://identifiers.org/umls/C0162311
C0232493,Epigastric pain,Epigastric pain (SideEffect),CC BY-NC-SA 4.0,UMLS via SIDER 4.1,http://identifiers.org/umls/C0232493
C0151940,Hypocalcemic tetany,Hypocalcemic tetany (SideEffect),CC BY-NC-SA 4.0,UMLS via SIDER 4.1,http://identifiers.org/umls/C0151940
C0038013,Ankylosing spondylitis,Ankylosing spondylitis (SideEffect),CC BY-NC-SA 4.0,UMLS via SIDER 4.1,http://identifiers.org/umls/C0038013
C0233471,Flat affect,Flat affect (SideEffect),CC BY-NC-SA 4.0,UMLS via SIDER 4.1,http://identifiers.org/umls/C0233471
C1321686,Faecaloma,Faecaloma (SideEffect),CC BY-NC-SA 4.0,UMLS via SIDER 4.1,http://identifiers.org/umls/C1321686
C0032989,Multiple pregnancy,Multiple pregnancy (SideEffect),CC BY-NC-SA 4.0,UMLS via SIDER 4.1,http://identifiers.org/umls/C0032989
C0424091,Decreased interest,Decreased interest (SideEffect),CC BY-NC-SA 4.0,UMLS via SIDER 4.1,http://identifiers.org/umls/C0424091
C0149531,Pelvic fracture,Pelvic fracture (SideEffect),CC BY-NC-SA 4.0,UMLS via SIDER 4.1,http://identifiers.org/umls/C0149531
C0001546,Adjustment disorder,Adjustment disorder (SideEffect),CC BY-NC-SA 4.0,UMLS via SIDER 4.1,http://identifiers.org/umls/C0001546
C0030554,Paraesthesia,Paraesthesia (SideEffect),CC BY-NC-SA 4.0,UMLS via SIDER 4.1,http://identifiers.org/umls/C0030554
C0162285,Eyelid oedema,Eyelid oedema (SideEffect),CC BY-NC-SA 4.0,UMLS via SIDER 4.1,http://identifiers.org/umls/C0162285
C0035243,Respiratory tract infection,Respiratory tract infection (SideEffect),CC BY-NC-SA 4.0,UMLS via SIDER 4.1,http://identifiers.org/umls/C0035243
C0004063,Assault,Assault (SideEffect),CC BY-NC-SA 4.0,UMLS via SIDER 4.1,http://identifiers.org/umls/C0004063
C0264309,Vocal cord disorder,Vocal cord disorder (SideEffect),CC BY-NC-SA 4.0,UMLS via SIDER 4.1,http://identifiers.org/umls/C0264309
C0011854,Type 1 diabetes mellitus,Type 1 diabetes mellitus (SideEffect),CC BY-NC-SA 4.0,UMLS via SIDER 4.1,http://identifiers.org/umls/C0011854
C0162566,Porphyria cutanea tarda,Porphyria cutanea tarda (SideEffect),CC BY-NC-SA 4.0,UMLS via SIDER 4.1,http://identifiers.org/umls/C0162566
C2747891,Device capturing issue,Device capturing issue (SideEffect),CC BY-NC-SA 4.0,UMLS via SIDER 4.1,http://identifiers.org/umls/C2747891
C1504422,Application site hypersensitivity,Application site hypersensitivity (SideEffect),CC BY-NC-SA 4.0,UMLS via SIDER 4.1,http://identifiers.org/umls/C1504422
C0241558,Urethral haemorrhage,Urethral haemorrhage (SideEffect),CC BY-NC-SA 4.0,UMLS via SIDER 4.1,http://identifiers.org/umls/C0241558
C0521490,Application site irritation,Application site irritation (SideEffect),CC BY-NC-SA 4.0,UMLS via SIDER 4.1,http://identifiers.org/umls/C0521490
C1112341,Connective tissue inflammation,Connective tissue inflammation (SideEffect),CC BY-NC-SA 4.0,UMLS via SIDER 4.1,http://identifiers.org/umls/C1112341
C0748726,Allergic sinusitis,Allergic sinusitis (SideEffect),CC BY-NC-SA 4.0,UMLS via SIDER 4.1,http://identifiers.org/umls/C0748726
C1536220,ST segment elevation myocardial infarction,ST segment elevation myocardial infarction (SideEffect),CC BY-NC-SA 4.0,UMLS via SIDER 4.1,http://identifiers.org/umls/C1536220
C0276143,Viral pharyngitis,Viral pharyngitis (SideEffect),CC BY-NC-SA 4.0,UMLS via SIDER 4.1,http://identifiers.org/umls/C0276143
C0022281,Eye pruritus,Eye pruritus (SideEffect),CC BY-NC-SA 4.0,UMLS via SIDER 4.1,http://identifiers.org/umls/C0022281
C1610080,ANA increased,ANA increased (SideEffect),CC BY-NC-SA 4.0,UMLS via SIDER 4.1,http://identifiers.org/umls/C1610080
C0022073,Iridocyclitis,Iridocyclitis (SideEffect),CC BY-NC-SA 4.0,UMLS via SIDER 4.1,http://identifiers.org/umls/C0022073
C2938875,Upper-airway cough syndrome,Upper-airway cough syndrome (SideEffect),CC BY-NC-SA 4.0,UMLS via SIDER 4.1,http://identifiers.org/umls/C2938875
C0162824,Photocontact dermatitis,Photocontact dermatitis (SideEffect),CC BY-NC-SA 4.0,UMLS via SIDER 4.1,http://identifiers.org/umls/C0162824
C0007971,Cheilitis,Cheilitis (SideEffect),CC BY-NC-SA 4.0,UMLS via SIDER 4.1,http://identifiers.org/umls/C0007971
C0266011,Supernumerary nipple,Supernumerary nipple (SideEffect),CC BY-NC-SA 4.0,UMLS via SIDER 4.1,http://identifiers.org/umls/C0266011
C0021361,Infertility female,Infertility female (SideEffect),CC BY-NC-SA 4.0,UMLS via SIDER 4.1,http://identifiers.org/umls/C0021361
C0860871,Sodium decreased,Sodium decreased (SideEffect),CC BY-NC-SA 4.0,UMLS via SIDER 4.1,http://identifiers.org/umls/C0860871
C0236073,Cerebellar infarction,Cerebellar infarction (SideEffect),CC BY-NC-SA 4.0,UMLS via SIDER 4.1,http://identifiers.org/umls/C0236073
C0518988,Tooth abscess,Tooth abscess (SideEffect),CC BY-NC-SA 4.0,UMLS via SIDER 4.1,http://identifiers.org/umls/C0518988
C0277889,Blood pressure diastolic increased,Blood pressure diastolic increased (SideEffect),CC BY-NC-SA 4.0,UMLS via SIDER 4.1,http://identifiers.org/umls/C0277889
C0007137,Squamous cell carcinoma,Squamous cell carcinoma (SideEffect),CC BY-NC-SA 4.0,UMLS via SIDER 4.1,http://identifiers.org/umls/C0007137
C1145670,Respiratory failure,Respiratory failure (SideEffect),CC BY-NC-SA 4.0,UMLS via SIDER 4.1,http://identifiers.org/umls/C1145670
C0031090,Periodontal disease,Periodontal disease (SideEffect),CC BY-NC-SA 4.0,UMLS via SIDER 4.1,http://identifiers.org/umls/C0031090
C0004093,Asthenia,Asthenia (SideEffect),CC BY-NC-SA 4.0,UMLS via SIDER 4.1,http://identifiers.org/umls/C0004093
C0234656,Periorbital pain,Periorbital pain (SideEffect),CC BY-NC-SA 4.0,UMLS via SIDER 4.1,http://identifiers.org/umls/C0234656
C1698088,Malignant solid tumour,Malignant solid tumour (SideEffect),CC BY-NC-SA 4.0,UMLS via SIDER 4.1,http://identifiers.org/umls/C1698088
C1504383,Radiation skin injury,Radiation skin injury (SideEffect),CC BY-NC-SA 4.0,UMLS via SIDER 4.1,http://identifiers.org/umls/C1504383
C0022893,Labyrinthitis,Labyrinthitis (SideEffect),CC BY-NC-SA 4.0,UMLS via SIDER 4.1,http://identifiers.org/umls/C0022893
C0242422,Parkinsonism,Parkinsonism (SideEffect),CC BY-NC-SA 4.0,UMLS via SIDER 4.1,http://identifiers.org/umls/C0242422
C0428974,Arrhythmia supraventricular,Arrhythmia supraventricular (SideEffect),CC BY-NC-SA 4.0,UMLS via SIDER 4.1,http://identifiers.org/umls/C0428974
C0853777,Blood albumin decreased,Blood albumin decreased (SideEffect),CC BY-NC-SA 4.0,UMLS via SIDER 4.1,http://identifiers.org/umls/C0853777
C1407280,Peripheral artery thrombosis,Peripheral artery thrombosis (SideEffect),CC BY-NC-SA 4.0,UMLS via SIDER 4.1,http://identifiers.org/umls/C1407280
C0162279,Choroidal detachment,Choroidal detachment (SideEffect),CC BY-NC-SA 4.0,UMLS via SIDER 4.1,http://identifiers.org/umls/C0162279
C1096529,Carotid pulse,Carotid pulse (SideEffect),CC BY-NC-SA 4.0,UMLS via SIDER 4.1,http://identifiers.org/umls/C1096529
C0392684,Pulse irregular,Pulse irregular (SideEffect),CC BY-NC-SA 4.0,UMLS via SIDER 4.1,http://identifiers.org/umls/C0392684
C0271308,Blepharitis allergic,Blepharitis allergic (SideEffect),CC BY-NC-SA 4.0,UMLS via SIDER 4.1,http://identifiers.org/umls/C0271308
C0011206,Delirium,Delirium (SideEffect),CC BY-NC-SA 4.0,UMLS via SIDER 4.1,http://identifiers.org/umls/C0011206
C0700502,Primary hypothyroidism,Primary hypothyroidism (SideEffect),CC BY-NC-SA 4.0,UMLS via SIDER 4.1,http://identifiers.org/umls/C0700502
C0231749,Knee pain,Knee pain (SideEffect),CC BY-NC-SA 4.0,UMLS via SIDER 4.1,http://identifiers.org/umls/C0231749
C0030583,Parotitis,Parotitis (SideEffect),CC BY-NC-SA 4.0,UMLS via SIDER 4.1,http://identifiers.org/umls/C0030583
C0877104,Retinal toxicity,Retinal toxicity (SideEffect),CC BY-NC-SA 4.0,UMLS via SIDER 4.1,http://identifiers.org/umls/C0877104
C0520806,"Sudden death, cause unknown","Sudden death, cause unknown (SideEffect)",CC BY-NC-SA 4.0,UMLS via SIDER 4.1,http://identifiers.org/umls/C0520806
C0151734,Injection site inflammation,Injection site inflammation (SideEffect),CC BY-NC-SA 4.0,UMLS via SIDER 4.1,http://identifiers.org/umls/C0151734
C0860516,Ground glass appearance,Ground glass appearance (SideEffect),CC BY-NC-SA 4.0,UMLS via SIDER 4.1,http://identifiers.org/umls/C0860516
C0271429,Otitis media acute,Otitis media acute (SideEffect),CC BY-NC-SA 4.0,UMLS via SIDER 4.1,http://identifiers.org/umls/C0271429
C0002871,Anaemia,Anaemia (SideEffect),CC BY-NC-SA 4.0,UMLS via SIDER 4.1,http://identifiers.org/umls/C0002871
C0271899,Normochromic normocytic anaemia,Normochromic normocytic anaemia (SideEffect),CC BY-NC-SA 4.0,UMLS via SIDER 4.1,http://identifiers.org/umls/C0271899
C0085611,Atrial arrhythmia,Atrial arrhythmia (SideEffect),CC BY-NC-SA 4.0,UMLS via SIDER 4.1,http://identifiers.org/umls/C0085611
C0027947,Neutropenia,Neutropenia (SideEffect),CC BY-NC-SA 4.0,UMLS via SIDER 4.1,http://identifiers.org/umls/C0027947
C0032994,Tubal pregnancy,Tubal pregnancy (SideEffect),CC BY-NC-SA 4.0,UMLS via SIDER 4.1,http://identifiers.org/umls/C0032994
C0042384,Vasculitis,Vasculitis (SideEffect),CC BY-NC-SA 4.0,UMLS via SIDER 4.1,http://identifiers.org/umls/C0042384
C0018772,Partial hearing loss,Partial hearing loss (SideEffect),CC BY-NC-SA 4.0,UMLS via SIDER 4.1,http://identifiers.org/umls/C0018772
C0558143,Skin maceration,Skin maceration (SideEffect),CC BY-NC-SA 4.0,UMLS via SIDER 4.1,http://identifiers.org/umls/C0558143
C1328552,Extrapulmonary pneumocystosis,Extrapulmonary pneumocystosis (SideEffect),CC BY-NC-SA 4.0,UMLS via SIDER 4.1,http://identifiers.org/umls/C1328552
C1444565,Cardiopulmonary failure,Cardiopulmonary failure (SideEffect),CC BY-NC-SA 4.0,UMLS via SIDER 4.1,http://identifiers.org/umls/C1444565
C0011860,Type 2 diabetes mellitus,Type 2 diabetes mellitus (SideEffect),CC BY-NC-SA 4.0,UMLS via SIDER 4.1,http://identifiers.org/umls/C0011860
C0037383,Sneezing,Sneezing (SideEffect),CC BY-NC-SA 4.0,UMLS via SIDER 4.1,http://identifiers.org/umls/C0037383
C0232910,Teratogenicity,Teratogenicity (SideEffect),CC BY-NC-SA 4.0,UMLS via SIDER 4.1,http://identifiers.org/umls/C0232910
C0151996,Uterine fibroids enlarged,Uterine fibroids enlarged (SideEffect),CC BY-NC-SA 4.0,UMLS via SIDER 4.1,http://identifiers.org/umls/C0151996
C0281914,Musculoskeletal deformity,Musculoskeletal deformity (SideEffect),CC BY-NC-SA 4.0,UMLS via SIDER 4.1,http://identifiers.org/umls/C0281914
C0028949,Oligomenorrhoea,Oligomenorrhoea (SideEffect),CC BY-NC-SA 4.0,UMLS via SIDER 4.1,http://identifiers.org/umls/C0028949
C0026603,Motion sickness,Motion sickness (SideEffect),CC BY-NC-SA 4.0,UMLS via SIDER 4.1,http://identifiers.org/umls/C0026603
C0343886,Gastrointestinal candidiasis,Gastrointestinal candidiasis (SideEffect),CC BY-NC-SA 4.0,UMLS via SIDER 4.1,http://identifiers.org/umls/C0343886
C2721563,Infectious pneumonitis,Infectious pneumonitis (SideEffect),CC BY-NC-SA 4.0,UMLS via SIDER 4.1,http://identifiers.org/umls/C2721563
C0549343,Neck tightness,Neck tightness (SideEffect),CC BY-NC-SA 4.0,UMLS via SIDER 4.1,http://identifiers.org/umls/C0549343
C0334082,Epidermal naevus,Epidermal naevus (SideEffect),CC BY-NC-SA 4.0,UMLS via SIDER 4.1,http://identifiers.org/umls/C0334082
C0595885,Serum potassium decreased,Serum potassium decreased (SideEffect),CC BY-NC-SA 4.0,UMLS via SIDER 4.1,http://identifiers.org/umls/C0595885
C0162830,Photosensitivity reaction,Photosensitivity reaction (SideEffect),CC BY-NC-SA 4.0,UMLS via SIDER 4.1,http://identifiers.org/umls/C0162830
C0026205,Miosis,Miosis (SideEffect),CC BY-NC-SA 4.0,UMLS via SIDER 4.1,http://identifiers.org/umls/C0026205
C0029221,Organic brain syndrome,Organic brain syndrome (SideEffect),CC BY-NC-SA 4.0,UMLS via SIDER 4.1,http://identifiers.org/umls/C0029221
C0041959,Ureteritis,Ureteritis (SideEffect),CC BY-NC-SA 4.0,UMLS via SIDER 4.1,http://identifiers.org/umls/C0041959
C0342892,Hypolipidaemia,Hypolipidaemia (SideEffect),CC BY-NC-SA 4.0,UMLS via SIDER 4.1,http://identifiers.org/umls/C0342892
C0152081,Pustular psoriasis,Pustular psoriasis (SideEffect),CC BY-NC-SA 4.0,UMLS via SIDER 4.1,http://identifiers.org/umls/C0152081
C0033578,Neoplasm prostate,Neoplasm prostate (SideEffect),CC BY-NC-SA 4.0,UMLS via SIDER 4.1,http://identifiers.org/umls/C0033578
C0156181,Peritoneal adhesions,Peritoneal adhesions (SideEffect),CC BY-NC-SA 4.0,UMLS via SIDER 4.1,http://identifiers.org/umls/C0156181
C0042963,Vomiting,Vomiting (SideEffect),CC BY-NC-SA 4.0,UMLS via SIDER 4.1,http://identifiers.org/umls/C0042963
C0541782,Sinus arrest,Sinus arrest (SideEffect),CC BY-NC-SA 4.0,UMLS via SIDER 4.1,http://identifiers.org/umls/C0541782
C1442839,Hypervitaminosis D,Hypervitaminosis D (SideEffect),CC BY-NC-SA 4.0,UMLS via SIDER 4.1,http://identifiers.org/umls/C1442839
C0231592,Joint crepitation,Joint crepitation (SideEffect),CC BY-NC-SA 4.0,UMLS via SIDER 4.1,http://identifiers.org/umls/C0231592
C1096267,Injection site discomfort,Injection site discomfort (SideEffect),CC BY-NC-SA 4.0,UMLS via SIDER 4.1,http://identifiers.org/umls/C1096267
C3203695,Noninfectious peritonitis,Noninfectious peritonitis (SideEffect),CC BY-NC-SA 4.0,UMLS via SIDER 4.1,http://identifiers.org/umls/C3203695
C1328291,Dysaesthesia pharynx,Dysaesthesia pharynx (SideEffect),CC BY-NC-SA 4.0,UMLS via SIDER 4.1,http://identifiers.org/umls/C1328291
C0032541,Polyneuritis,Polyneuritis (SideEffect),CC BY-NC-SA 4.0,UMLS via SIDER 4.1,http://identifiers.org/umls/C0032541
C0038990,Sweating,Sweating (SideEffect),CC BY-NC-SA 4.0,UMLS via SIDER 4.1,http://identifiers.org/umls/C0038990
C0018979,Hemianopia,Hemianopia (SideEffect),CC BY-NC-SA 4.0,UMLS via SIDER 4.1,http://identifiers.org/umls/C0018979
C0151574,Cough decreased,Cough decreased (SideEffect),CC BY-NC-SA 4.0,UMLS via SIDER 4.1,http://identifiers.org/umls/C0151574
C0162281,Corneal deposits,Corneal deposits (SideEffect),CC BY-NC-SA 4.0,UMLS via SIDER 4.1,http://identifiers.org/umls/C0162281
C0376288,Amaurosis,Amaurosis (SideEffect),CC BY-NC-SA 4.0,UMLS via SIDER 4.1,http://identifiers.org/umls/C0376288
C0156353,Uterovaginal prolapse,Uterovaginal prolapse (SideEffect),CC BY-NC-SA 4.0,UMLS via SIDER 4.1,http://identifiers.org/umls/C0156353
C0239842,Tremor of hands,Tremor of hands (SideEffect),CC BY-NC-SA 4.0,UMLS via SIDER 4.1,http://identifiers.org/umls/C0239842
C0020542,Pulmonary hypertension,Pulmonary hypertension (SideEffect),CC BY-NC-SA 4.0,UMLS via SIDER 4.1,http://identifiers.org/umls/C0020542
C3544214,Reversible cerebral vasoconstriction syndrome,Reversible cerebral vasoconstriction syndrome (SideEffect),CC BY-NC-SA 4.0,UMLS via SIDER 4.1,http://identifiers.org/umls/C3544214
C0699744,Ear infection,Ear infection (SideEffect),CC BY-NC-SA 4.0,UMLS via SIDER 4.1,http://identifiers.org/umls/C0699744
C0151686,Growth retardation,Growth retardation (SideEffect),CC BY-NC-SA 4.0,UMLS via SIDER 4.1,http://identifiers.org/umls/C0151686
C0542027,Hypercoagulation,Hypercoagulation (SideEffect),CC BY-NC-SA 4.0,UMLS via SIDER 4.1,http://identifiers.org/umls/C0542027
C0024299,Lymphoma,Lymphoma (SideEffect),CC BY-NC-SA 4.0,UMLS via SIDER 4.1,http://identifiers.org/umls/C0024299
C0152972,Pseudomonal sepsis,Pseudomonal sepsis (SideEffect),CC BY-NC-SA 4.0,UMLS via SIDER 4.1,http://identifiers.org/umls/C0152972
C0040436,Tooth erosion,Tooth erosion (SideEffect),CC BY-NC-SA 4.0,UMLS via SIDER 4.1,http://identifiers.org/umls/C0040436
C0079772,T-cell lymphoma,T-cell lymphoma (SideEffect),CC BY-NC-SA 4.0,UMLS via SIDER 4.1,http://identifiers.org/umls/C0079772
C0002395,Dementia Alzheimer's type,Dementia Alzheimer's type (SideEffect),CC BY-NC-SA 4.0,UMLS via SIDER 4.1,http://identifiers.org/umls/C0002395
C0702163,Trichorrhexis,Trichorrhexis (SideEffect),CC BY-NC-SA 4.0,UMLS via SIDER 4.1,http://identifiers.org/umls/C0702163
C2267227,Bulimia nervosa,Bulimia nervosa (SideEffect),CC BY-NC-SA 4.0,UMLS via SIDER 4.1,http://identifiers.org/umls/C2267227
C0701811,Short-term memory loss,Short-term memory loss (SideEffect),CC BY-NC-SA 4.0,UMLS via SIDER 4.1,http://identifiers.org/umls/C0701811
C0344232,Vision blurred,Vision blurred (SideEffect),CC BY-NC-SA 4.0,UMLS via SIDER 4.1,http://identifiers.org/umls/C0344232
C0541882,Difficulty thinking,Difficulty thinking (SideEffect),CC BY-NC-SA 4.0,UMLS via SIDER 4.1,http://identifiers.org/umls/C0541882
C1321632,Venous thrombosis deep limb,Venous thrombosis deep limb (SideEffect),CC BY-NC-SA 4.0,UMLS via SIDER 4.1,http://identifiers.org/umls/C1321632
C0349506,Photosensitivity,Photosensitivity (SideEffect),CC BY-NC-SA 4.0,UMLS via SIDER 4.1,http://identifiers.org/umls/C0349506
C0151955,Decreased tolerance,Decreased tolerance (SideEffect),CC BY-NC-SA 4.0,UMLS via SIDER 4.1,http://identifiers.org/umls/C0151955
C0694575,Macular fibrosis,Macular fibrosis (SideEffect),CC BY-NC-SA 4.0,UMLS via SIDER 4.1,http://identifiers.org/umls/C0694575
C0948991,Injection site discolouration,Injection site discolouration (SideEffect),CC BY-NC-SA 4.0,UMLS via SIDER 4.1,http://identifiers.org/umls/C0948991
C0549445,Anaemia NOS aggravated,Anaemia NOS aggravated (SideEffect),CC BY-NC-SA 4.0,UMLS via SIDER 4.1,http://identifiers.org/umls/C0549445
C0497471,Moniliasis genital female,Moniliasis genital female (SideEffect),CC BY-NC-SA 4.0,UMLS via SIDER 4.1,http://identifiers.org/umls/C0497471
C0267410,Mesenteric artery thrombosis,Mesenteric artery thrombosis (SideEffect),CC BY-NC-SA 4.0,UMLS via SIDER 4.1,http://identifiers.org/umls/C0267410
C0751476,Retching reflex decreased,Retching reflex decreased (SideEffect),CC BY-NC-SA 4.0,UMLS via SIDER 4.1,http://identifiers.org/umls/C0751476
C1168134,Anti-thyroid antibody positive,Anti-thyroid antibody positive (SideEffect),CC BY-NC-SA 4.0,UMLS via SIDER 4.1,http://identifiers.org/umls/C1168134
C0151610,Tongue oedema,Tongue oedema (SideEffect),CC BY-NC-SA 4.0,UMLS via SIDER 4.1,http://identifiers.org/umls/C0151610
C0580550,Lymphocyte count abnormal,Lymphocyte count abnormal (SideEffect),CC BY-NC-SA 4.0,UMLS via SIDER 4.1,http://identifiers.org/umls/C0580550
C0015672,Fatigue,Fatigue (SideEffect),CC BY-NC-SA 4.0,UMLS via SIDER 4.1,http://identifiers.org/umls/C0015672
C0037290,Pigmentation skin,Pigmentation skin (SideEffect),CC BY-NC-SA 4.0,UMLS via SIDER 4.1,http://identifiers.org/umls/C0037290
C0854113,Mucosal dryness,Mucosal dryness (SideEffect),CC BY-NC-SA 4.0,UMLS via SIDER 4.1,http://identifiers.org/umls/C0854113
C0948857,Electrocardiogram repolarisation abnormality,Electrocardiogram repolarisation abnormality (SideEffect),CC BY-NC-SA 4.0,UMLS via SIDER 4.1,http://identifiers.org/umls/C0948857
C0235259,Cataract subcapsular,Cataract subcapsular (SideEffect),CC BY-NC-SA 4.0,UMLS via SIDER 4.1,http://identifiers.org/umls/C0235259
C0037199,Sinusitis,Sinusitis (SideEffect),CC BY-NC-SA 4.0,UMLS via SIDER 4.1,http://identifiers.org/umls/C0037199
C0027073,Myofascial pain syndrome,Myofascial pain syndrome (SideEffect),CC BY-NC-SA 4.0,UMLS via SIDER 4.1,http://identifiers.org/umls/C0027073
C0038358,Gastric ulcer,Gastric ulcer (SideEffect),CC BY-NC-SA 4.0,UMLS via SIDER 4.1,http://identifiers.org/umls/C0038358
C0241426,Burning tongue,Burning tongue (SideEffect),CC BY-NC-SA 4.0,UMLS via SIDER 4.1,http://identifiers.org/umls/C0241426
C0851881,Enterococcal infection,Enterococcal infection (SideEffect),CC BY-NC-SA 4.0,UMLS via SIDER 4.1,http://identifiers.org/umls/C0851881
C0086227,Enterobiasis,Enterobiasis (SideEffect),CC BY-NC-SA 4.0,UMLS via SIDER 4.1,http://identifiers.org/umls/C0086227
C0496870,Benign hepatic neoplasm,Benign hepatic neoplasm (SideEffect),CC BY-NC-SA 4.0,UMLS via SIDER 4.1,http://identifiers.org/umls/C0496870
C0206063,Radiation pneumonitis,Radiation pneumonitis (SideEffect),CC BY-NC-SA 4.0,UMLS via SIDER 4.1,http://identifiers.org/umls/C0206063
C0264344,Bronchitis bacterial,Bronchitis bacterial (SideEffect),CC BY-NC-SA 4.0,UMLS via SIDER 4.1,http://identifiers.org/umls/C0264344
C0014544,Epilepsy,Epilepsy (SideEffect),CC BY-NC-SA 4.0,UMLS via SIDER 4.1,http://identifiers.org/umls/C0014544
C0857483,Worsening of diabetes,Worsening of diabetes (SideEffect),CC BY-NC-SA 4.0,UMLS via SIDER 4.1,http://identifiers.org/umls/C0857483
C0406834,Wound secretion,Wound secretion (SideEffect),CC BY-NC-SA 4.0,UMLS via SIDER 4.1,http://identifiers.org/umls/C0406834
C0587246,Limb paresis,Limb paresis (SideEffect),CC BY-NC-SA 4.0,UMLS via SIDER 4.1,http://identifiers.org/umls/C0587246
C0423602,Sensation of foreign body,Sensation of foreign body (SideEffect),CC BY-NC-SA 4.0,UMLS via SIDER 4.1,http://identifiers.org/umls/C0423602
C0162871,Abdominal aortic aneurysm,Abdominal aortic aneurysm (SideEffect),CC BY-NC-SA 4.0,UMLS via SIDER 4.1,http://identifiers.org/umls/C0162871
C0595878,Blood sodium increased,Blood sodium increased (SideEffect),CC BY-NC-SA 4.0,UMLS via SIDER 4.1,http://identifiers.org/umls/C0595878
C0001816,Agnosia,Agnosia (SideEffect),CC BY-NC-SA 4.0,UMLS via SIDER 4.1,http://identifiers.org/umls/C0001816
C0085682,Hypophosphataemia,Hypophosphataemia (SideEffect),CC BY-NC-SA 4.0,UMLS via SIDER 4.1,http://identifiers.org/umls/C0085682
C0578050,Lymph node pain,Lymph node pain (SideEffect),CC BY-NC-SA 4.0,UMLS via SIDER 4.1,http://identifiers.org/umls/C0578050
C0025958,Microcephaly,Microcephaly (SideEffect),CC BY-NC-SA 4.0,UMLS via SIDER 4.1,http://identifiers.org/umls/C0025958
C0241005,Creatine phosphokinase serum increased,Creatine phosphokinase serum increased (SideEffect),CC BY-NC-SA 4.0,UMLS via SIDER 4.1,http://identifiers.org/umls/C0241005
C1320474,Nuchal rigidity,Nuchal rigidity (SideEffect),CC BY-NC-SA 4.0,UMLS via SIDER 4.1,http://identifiers.org/umls/C1320474
C0422980,Oscillopsia,Oscillopsia (SideEffect),CC BY-NC-SA 4.0,UMLS via SIDER 4.1,http://identifiers.org/umls/C0422980
C0338831,Mania,Mania (SideEffect),CC BY-NC-SA 4.0,UMLS via SIDER 4.1,http://identifiers.org/umls/C0338831
C0236083,Burning feeling vagina,Burning feeling vagina (SideEffect),CC BY-NC-SA 4.0,UMLS via SIDER 4.1,http://identifiers.org/umls/C0236083
C0235309,Upset stomach,Upset stomach (SideEffect),CC BY-NC-SA 4.0,UMLS via SIDER 4.1,http://identifiers.org/umls/C0235309
C0238621,Aminoaciduria,Aminoaciduria (SideEffect),CC BY-NC-SA 4.0,UMLS via SIDER 4.1,http://identifiers.org/umls/C0238621
C0020503,Hyperparathyroidism secondary,Hyperparathyroidism secondary (SideEffect),CC BY-NC-SA 4.0,UMLS via SIDER 4.1,http://identifiers.org/umls/C0020503
C3257803,Tearing eyes,Tearing eyes (SideEffect),CC BY-NC-SA 4.0,UMLS via SIDER 4.1,http://identifiers.org/umls/C3257803
C0423008,Eye bleeding,Eye bleeding (SideEffect),CC BY-NC-SA 4.0,UMLS via SIDER 4.1,http://identifiers.org/umls/C0423008
C0748725,Sinus operation,Sinus operation (SideEffect),CC BY-NC-SA 4.0,UMLS via SIDER 4.1,http://identifiers.org/umls/C0748725
C0042485,Venous insufficiency,Venous insufficiency (SideEffect),CC BY-NC-SA 4.0,UMLS via SIDER 4.1,http://identifiers.org/umls/C0042485
C0542351,Battery,Battery (SideEffect),CC BY-NC-SA 4.0,UMLS via SIDER 4.1,http://identifiers.org/umls/C0542351
C0151701,Pulmonary haemorrhage,Pulmonary haemorrhage (SideEffect),CC BY-NC-SA 4.0,UMLS via SIDER 4.1,http://identifiers.org/umls/C0151701
C0392386,Platelet count decreased,Platelet count decreased (SideEffect),CC BY-NC-SA 4.0,UMLS via SIDER 4.1,http://identifiers.org/umls/C0392386
C0858617,Posterior subcapsular cataract,Posterior subcapsular cataract (SideEffect),CC BY-NC-SA 4.0,UMLS via SIDER 4.1,http://identifiers.org/umls/C0858617
C0043325,Xanthomatosis,Xanthomatosis (SideEffect),CC BY-NC-SA 4.0,UMLS via SIDER 4.1,http://identifiers.org/umls/C0043325
C0268731,Glomerulonephropathy,Glomerulonephropathy (SideEffect),CC BY-NC-SA 4.0,UMLS via SIDER 4.1,http://identifiers.org/umls/C0268731
C0451641,Urolithiasis,Urolithiasis (SideEffect),CC BY-NC-SA 4.0,UMLS via SIDER 4.1,http://identifiers.org/umls/C0451641
C0006370,Bulimia,Bulimia (SideEffect),CC BY-NC-SA 4.0,UMLS via SIDER 4.1,http://identifiers.org/umls/C0006370
C2364111,Ageusia,Ageusia (SideEffect),CC BY-NC-SA 4.0,UMLS via SIDER 4.1,http://identifiers.org/umls/C2364111
C0477371,Other forms of epilepsy,Other forms of epilepsy (SideEffect),CC BY-NC-SA 4.0,UMLS via SIDER 4.1,http://identifiers.org/umls/C0477371
C0031037,Periarthritis,Periarthritis (SideEffect),CC BY-NC-SA 4.0,UMLS via SIDER 4.1,http://identifiers.org/umls/C0031037
C0011551,Depersonalisation,Depersonalisation (SideEffect),CC BY-NC-SA 4.0,UMLS via SIDER 4.1,http://identifiers.org/umls/C0011551
C0026827,Hypotonia,Hypotonia (SideEffect),CC BY-NC-SA 4.0,UMLS via SIDER 4.1,http://identifiers.org/umls/C0026827
C0742339,Chest heaviness,Chest heaviness (SideEffect),CC BY-NC-SA 4.0,UMLS via SIDER 4.1,http://identifiers.org/umls/C0742339
C0858833,Endometrial hypertrophy,Endometrial hypertrophy (SideEffect),CC BY-NC-SA 4.0,UMLS via SIDER 4.1,http://identifiers.org/umls/C0858833
C0020302,Developmental glaucoma,Developmental glaucoma (SideEffect),CC BY-NC-SA 4.0,UMLS via SIDER 4.1,http://identifiers.org/umls/C0020302
C0853885,Blood electrolytes decreased,Blood electrolytes decreased (SideEffect),CC BY-NC-SA 4.0,UMLS via SIDER 4.1,http://identifiers.org/umls/C0853885
C0006848,Mucocutaneous candidiasis,Mucocutaneous candidiasis (SideEffect),CC BY-NC-SA 4.0,UMLS via SIDER 4.1,http://identifiers.org/umls/C0006848
C0158350,Tendinous contracture,Tendinous contracture (SideEffect),CC BY-NC-SA 4.0,UMLS via SIDER 4.1,http://identifiers.org/umls/C0158350
C0542007,Cerebral haematoma,Cerebral haematoma (SideEffect),CC BY-NC-SA 4.0,UMLS via SIDER 4.1,http://identifiers.org/umls/C0542007
C1266194,Hodgkin's disease lymphocyte predominance type stage unspecified,Hodgkin's disease lymphocyte predominance type stage unspecified (SideEffect),CC BY-NC-SA 4.0,UMLS via SIDER 4.1,http://identifiers.org/umls/C1266194
C0541799,Bad taste,Bad taste (SideEffect),CC BY-NC-SA 4.0,UMLS via SIDER 4.1,http://identifiers.org/umls/C0541799
C0852625,Injection site erythema,Injection site erythema (SideEffect),CC BY-NC-SA 4.0,UMLS via SIDER 4.1,http://identifiers.org/umls/C0852625
C0151436,Allergic cutaneous angiitis,Allergic cutaneous angiitis (SideEffect),CC BY-NC-SA 4.0,UMLS via SIDER 4.1,http://identifiers.org/umls/C0151436
C0032776,Postmenopausal haemorrhage,Postmenopausal haemorrhage (SideEffect),CC BY-NC-SA 4.0,UMLS via SIDER 4.1,http://identifiers.org/umls/C0032776
C0085614,Atrioventricular block first degree,Atrioventricular block first degree (SideEffect),CC BY-NC-SA 4.0,UMLS via SIDER 4.1,http://identifiers.org/umls/C0085614
C0856554,Hepatic cancer metastatic,Hepatic cancer metastatic (SideEffect),CC BY-NC-SA 4.0,UMLS via SIDER 4.1,http://identifiers.org/umls/C0856554
C0032827,Potassium deficiency,Potassium deficiency (SideEffect),CC BY-NC-SA 4.0,UMLS via SIDER 4.1,http://identifiers.org/umls/C0032827
C0020224,Polyhydramnios,Polyhydramnios (SideEffect),CC BY-NC-SA 4.0,UMLS via SIDER 4.1,http://identifiers.org/umls/C0020224
C0549444,Vein discolouration,Vein discolouration (SideEffect),CC BY-NC-SA 4.0,UMLS via SIDER 4.1,http://identifiers.org/umls/C0549444
C0027822,Neurodermatitis,Neurodermatitis (SideEffect),CC BY-NC-SA 4.0,UMLS via SIDER 4.1,http://identifiers.org/umls/C0027822
C0678222,Carcinoma breast,Carcinoma breast (SideEffect),CC BY-NC-SA 4.0,UMLS via SIDER 4.1,http://identifiers.org/umls/C0678222
C0220982,Ketoacidosis,Ketoacidosis (SideEffect),CC BY-NC-SA 4.0,UMLS via SIDER 4.1,http://identifiers.org/umls/C0220982
C1735646,Rash recurrent,Rash recurrent (SideEffect),CC BY-NC-SA 4.0,UMLS via SIDER 4.1,http://identifiers.org/umls/C1735646
C0012797,Diuresis,Diuresis (SideEffect),CC BY-NC-SA 4.0,UMLS via SIDER 4.1,http://identifiers.org/umls/C0012797
C0549297,Auricular swelling,Auricular swelling (SideEffect),CC BY-NC-SA 4.0,UMLS via SIDER 4.1,http://identifiers.org/umls/C0549297
C0855675,Blood zinc decreased,Blood zinc decreased (SideEffect),CC BY-NC-SA 4.0,UMLS via SIDER 4.1,http://identifiers.org/umls/C0855675
C0271547,Growth hormone overproduction,Growth hormone overproduction (SideEffect),CC BY-NC-SA 4.0,UMLS via SIDER 4.1,http://identifiers.org/umls/C0271547
C0031048,Pericarditis constrictive,Pericarditis constrictive (SideEffect),CC BY-NC-SA 4.0,UMLS via SIDER 4.1,http://identifiers.org/umls/C0031048
C0007282,Carotid artery stenosis,Carotid artery stenosis (SideEffect),CC BY-NC-SA 4.0,UMLS via SIDER 4.1,http://identifiers.org/umls/C0007282
C0340865,Anaphylactoid reaction,Anaphylactoid reaction (SideEffect),CC BY-NC-SA 4.0,UMLS via SIDER 4.1,http://identifiers.org/umls/C0340865
C0877365,Infusion site erythema,Infusion site erythema (SideEffect),CC BY-NC-SA 4.0,UMLS via SIDER 4.1,http://identifiers.org/umls/C0877365
C0858540,Hemorrhage symptom,Hemorrhage symptom (SideEffect),CC BY-NC-SA 4.0,UMLS via SIDER 4.1,http://identifiers.org/umls/C0858540
C0035410,Rhabdomyolysis,Rhabdomyolysis (SideEffect),CC BY-NC-SA 4.0,UMLS via SIDER 4.1,http://identifiers.org/umls/C0035410
C0399461,Oral mucosa erosion,Oral mucosa erosion (SideEffect),CC BY-NC-SA 4.0,UMLS via SIDER 4.1,http://identifiers.org/umls/C0399461
C0002878,Haemolytic anaemia,Haemolytic anaemia (SideEffect),CC BY-NC-SA 4.0,UMLS via SIDER 4.1,http://identifiers.org/umls/C0002878
C0948301,Application site skin breakdown,Application site skin breakdown (SideEffect),CC BY-NC-SA 4.0,UMLS via SIDER 4.1,http://identifiers.org/umls/C0948301
C2230138,Pulse rate decrease marked,Pulse rate decrease marked (SideEffect),CC BY-NC-SA 4.0,UMLS via SIDER 4.1,http://identifiers.org/umls/C2230138
C0158353,Infective myositis,Infective myositis (SideEffect),CC BY-NC-SA 4.0,UMLS via SIDER 4.1,http://identifiers.org/umls/C0158353
C2711248,Osteonecrosis of jaw,Osteonecrosis of jaw (SideEffect),CC BY-NC-SA 4.0,UMLS via SIDER 4.1,http://identifiers.org/umls/C2711248
C0149887,Slipped femoral capital epiphysis,Slipped femoral capital epiphysis (SideEffect),CC BY-NC-SA 4.0,UMLS via SIDER 4.1,http://identifiers.org/umls/C0149887
C0221436,Melanoderma,Melanoderma (SideEffect),CC BY-NC-SA 4.0,UMLS via SIDER 4.1,http://identifiers.org/umls/C0221436
C0271453,Otitis media serous,Otitis media serous (SideEffect),CC BY-NC-SA 4.0,UMLS via SIDER 4.1,http://identifiers.org/umls/C0271453
C0240962,Scleral icterus,Scleral icterus (SideEffect),CC BY-NC-SA 4.0,UMLS via SIDER 4.1,http://identifiers.org/umls/C0240962
C3665346,Unspecified visual loss,Unspecified visual loss (SideEffect),CC BY-NC-SA 4.0,UMLS via SIDER 4.1,http://identifiers.org/umls/C3665346
C0019342,Genital herpes,Genital herpes (SideEffect),CC BY-NC-SA 4.0,UMLS via SIDER 4.1,http://identifiers.org/umls/C0019342
C0542476,Forgetfulness,Forgetfulness (SideEffect),CC BY-NC-SA 4.0,UMLS via SIDER 4.1,http://identifiers.org/umls/C0542476
C0728993,Spotting vaginal,Spotting vaginal (SideEffect),CC BY-NC-SA 4.0,UMLS via SIDER 4.1,http://identifiers.org/umls/C0728993
C0243026,Sepsis,Sepsis (SideEffect),CC BY-NC-SA 4.0,UMLS via SIDER 4.1,http://identifiers.org/umls/C0243026
C0018932,Haematochezia,Haematochezia (SideEffect),CC BY-NC-SA 4.0,UMLS via SIDER 4.1,http://identifiers.org/umls/C0018932
C0349231,Phobia,Phobia (SideEffect),CC BY-NC-SA 4.0,UMLS via SIDER 4.1,http://identifiers.org/umls/C0349231
C0020545,Renovascular hypertension,Renovascular hypertension (SideEffect),CC BY-NC-SA 4.0,UMLS via SIDER 4.1,http://identifiers.org/umls/C0020545
C0542237,Thrombophlebitis injection site,Thrombophlebitis injection site (SideEffect),CC BY-NC-SA 4.0,UMLS via SIDER 4.1,http://identifiers.org/umls/C0542237
C3160944,Vulvovaginal swelling,Vulvovaginal swelling (SideEffect),CC BY-NC-SA 4.0,UMLS via SIDER 4.1,http://identifiers.org/umls/C3160944
C0040485,Torticollis,Torticollis (SideEffect),CC BY-NC-SA 4.0,UMLS via SIDER 4.1,http://identifiers.org/umls/C0040485
C1868790,Intranasal hypoaesthesia,Intranasal hypoaesthesia (SideEffect),CC BY-NC-SA 4.0,UMLS via SIDER 4.1,http://identifiers.org/umls/C1868790
C0264545,Pleural thickening,Pleural thickening (SideEffect),CC BY-NC-SA 4.0,UMLS via SIDER 4.1,http://identifiers.org/umls/C0264545
C0034183,Pyelitis,Pyelitis (SideEffect),CC BY-NC-SA 4.0,UMLS via SIDER 4.1,http://identifiers.org/umls/C0034183
C0020678,Hypotrichosis,Hypotrichosis (SideEffect),CC BY-NC-SA 4.0,UMLS via SIDER 4.1,http://identifiers.org/umls/C0020678
C3495827,Lid sulcus deepened,Lid sulcus deepened (SideEffect),CC BY-NC-SA 4.0,UMLS via SIDER 4.1,http://identifiers.org/umls/C3495827
C1696701,Dermatillomania,Dermatillomania (SideEffect),CC BY-NC-SA 4.0,UMLS via SIDER 4.1,http://identifiers.org/umls/C1696701
C0700078,Tendon reflex decreased,Tendon reflex decreased (SideEffect),CC BY-NC-SA 4.0,UMLS via SIDER 4.1,http://identifiers.org/umls/C0700078
C0277960,Dry hair,Dry hair (SideEffect),CC BY-NC-SA 4.0,UMLS via SIDER 4.1,http://identifiers.org/umls/C0277960
C1142357,Symptomatic hyperlactatemia,Symptomatic hyperlactatemia (SideEffect),CC BY-NC-SA 4.0,UMLS via SIDER 4.1,http://identifiers.org/umls/C1142357
C0035435,Rheumatism,Rheumatism (SideEffect),CC BY-NC-SA 4.0,UMLS via SIDER 4.1,http://identifiers.org/umls/C0035435
C0852566,Sleep phase rhythm disturbance,Sleep phase rhythm disturbance (SideEffect),CC BY-NC-SA 4.0,UMLS via SIDER 4.1,http://identifiers.org/umls/C0852566
C0149721,Left ventricular hypertrophy,Left ventricular hypertrophy (SideEffect),CC BY-NC-SA 4.0,UMLS via SIDER 4.1,http://identifiers.org/umls/C0149721
C1291078,Epigastric discomfort,Epigastric discomfort (SideEffect),CC BY-NC-SA 4.0,UMLS via SIDER 4.1,http://identifiers.org/umls/C1291078
C0271623,Secondary hypogonadism,Secondary hypogonadism (SideEffect),CC BY-NC-SA 4.0,UMLS via SIDER 4.1,http://identifiers.org/umls/C0271623
C0854114,Corneal epithelium defect,Corneal epithelium defect (SideEffect),CC BY-NC-SA 4.0,UMLS via SIDER 4.1,http://identifiers.org/umls/C0854114
C0740447,Diabetic peripheral neuropathy,Diabetic peripheral neuropathy (SideEffect),CC BY-NC-SA 4.0,UMLS via SIDER 4.1,http://identifiers.org/umls/C0740447
C1698976,Infusion site urticaria,Infusion site urticaria (SideEffect),CC BY-NC-SA 4.0,UMLS via SIDER 4.1,http://identifiers.org/umls/C1698976
C0858277,Angina symptom,Angina symptom (SideEffect),CC BY-NC-SA 4.0,UMLS via SIDER 4.1,http://identifiers.org/umls/C0858277
C0861021,Insulin C-peptide increased,Insulin C-peptide increased (SideEffect),CC BY-NC-SA 4.0,UMLS via SIDER 4.1,http://identifiers.org/umls/C0861021
C0149520,Cholecystitis acute,Cholecystitis acute (SideEffect),CC BY-NC-SA 4.0,UMLS via SIDER 4.1,http://identifiers.org/umls/C0149520
C0240291,Mg reduced,Mg reduced (SideEffect),CC BY-NC-SA 4.0,UMLS via SIDER 4.1,http://identifiers.org/umls/C0240291
C2363730,Oropharyngeal discomfort,Oropharyngeal discomfort (SideEffect),CC BY-NC-SA 4.0,UMLS via SIDER 4.1,http://identifiers.org/umls/C2363730
C0020598,Hypocalcaemia,Hypocalcaemia (SideEffect),CC BY-NC-SA 4.0,UMLS via SIDER 4.1,http://identifiers.org/umls/C0020598
C0520729,Subconjunctival cyst,Subconjunctival cyst (SideEffect),CC BY-NC-SA 4.0,UMLS via SIDER 4.1,http://identifiers.org/umls/C0520729
C0877153,Neutropenic sepsis,Neutropenic sepsis (SideEffect),CC BY-NC-SA 4.0,UMLS via SIDER 4.1,http://identifiers.org/umls/C0877153
C0042023,Pollakiuria,Pollakiuria (SideEffect),CC BY-NC-SA 4.0,UMLS via SIDER 4.1,http://identifiers.org/umls/C0042023
C0041974,Urethral stenosis,Urethral stenosis (SideEffect),CC BY-NC-SA 4.0,UMLS via SIDER 4.1,http://identifiers.org/umls/C0041974
C0236078,Scrotal pain,Scrotal pain (SideEffect),CC BY-NC-SA 4.0,UMLS via SIDER 4.1,http://identifiers.org/umls/C0236078
C1112320,Temperature intolerance,Temperature intolerance (SideEffect),CC BY-NC-SA 4.0,UMLS via SIDER 4.1,http://identifiers.org/umls/C1112320
C0426597,Fluid intake reduced,Fluid intake reduced (SideEffect),CC BY-NC-SA 4.0,UMLS via SIDER 4.1,http://identifiers.org/umls/C0426597
C0024305,Non-Hodgkin's lymphoma,Non-Hodgkin's lymphoma (SideEffect),CC BY-NC-SA 4.0,UMLS via SIDER 4.1,http://identifiers.org/umls/C0024305
C0040247,Tinea infection,Tinea infection (SideEffect),CC BY-NC-SA 4.0,UMLS via SIDER 4.1,http://identifiers.org/umls/C0040247
C0003850,Arteriosclerosis,Arteriosclerosis (SideEffect),CC BY-NC-SA 4.0,UMLS via SIDER 4.1,http://identifiers.org/umls/C0003850
C0235721,Heaviness in limbs,Heaviness in limbs (SideEffect),CC BY-NC-SA 4.0,UMLS via SIDER 4.1,http://identifiers.org/umls/C0235721
C0858318,Plasmodium falciparum infection,Plasmodium falciparum infection (SideEffect),CC BY-NC-SA 4.0,UMLS via SIDER 4.1,http://identifiers.org/umls/C0858318
C0149871,Deep vein thrombosis,Deep vein thrombosis (SideEffect),CC BY-NC-SA 4.0,UMLS via SIDER 4.1,http://identifiers.org/umls/C0149871
C1611174,Post-traumatic pain,Post-traumatic pain (SideEffect),CC BY-NC-SA 4.0,UMLS via SIDER 4.1,http://identifiers.org/umls/C1611174
C2010560,Gastritis haemorrhagic,Gastritis haemorrhagic (SideEffect),CC BY-NC-SA 4.0,UMLS via SIDER 4.1,http://identifiers.org/umls/C2010560
C0920193,Photodermatosis,Photodermatosis (SideEffect),CC BY-NC-SA 4.0,UMLS via SIDER 4.1,http://identifiers.org/umls/C0920193
C0221244,Dandruff,Dandruff (SideEffect),CC BY-NC-SA 4.0,UMLS via SIDER 4.1,http://identifiers.org/umls/C0221244
C0021605,Insomnia NEC,Insomnia NEC (SideEffect),CC BY-NC-SA 4.0,UMLS via SIDER 4.1,http://identifiers.org/umls/C0021605
C0541881,Difficulty focusing eyes,Difficulty focusing eyes (SideEffect),CC BY-NC-SA 4.0,UMLS via SIDER 4.1,http://identifiers.org/umls/C0541881
C0522051,Acute chest pain,Acute chest pain (SideEffect),CC BY-NC-SA 4.0,UMLS via SIDER 4.1,http://identifiers.org/umls/C0522051
C0032617,Polyuria,Polyuria (SideEffect),CC BY-NC-SA 4.0,UMLS via SIDER 4.1,http://identifiers.org/umls/C0032617
C0854402,Mechanical complication of implant,Mechanical complication of implant (SideEffect),CC BY-NC-SA 4.0,UMLS via SIDER 4.1,http://identifiers.org/umls/C0854402
C0522042,Loss of control of legs,Loss of control of legs (SideEffect),CC BY-NC-SA 4.0,UMLS via SIDER 4.1,http://identifiers.org/umls/C0522042
C1456865,Calculus ureteric,Calculus ureteric (SideEffect),CC BY-NC-SA 4.0,UMLS via SIDER 4.1,http://identifiers.org/umls/C1456865
C0040127,Thyrotoxic crisis,Thyrotoxic crisis (SideEffect),CC BY-NC-SA 4.0,UMLS via SIDER 4.1,http://identifiers.org/umls/C0040127
C0234988,Dizziness exertional,Dizziness exertional (SideEffect),CC BY-NC-SA 4.0,UMLS via SIDER 4.1,http://identifiers.org/umls/C0234988
C0022410,Joint instability,Joint instability (SideEffect),CC BY-NC-SA 4.0,UMLS via SIDER 4.1,http://identifiers.org/umls/C0022410
C0239377,Pain in arm,Pain in arm (SideEffect),CC BY-NC-SA 4.0,UMLS via SIDER 4.1,http://identifiers.org/umls/C0239377
C1384589,Tinea cruris,Tinea cruris (SideEffect),CC BY-NC-SA 4.0,UMLS via SIDER 4.1,http://identifiers.org/umls/C1384589
C1744587,Balance difficulty,Balance difficulty (SideEffect),CC BY-NC-SA 4.0,UMLS via SIDER 4.1,http://identifiers.org/umls/C1744587
C0012813,Diverticulitis,Diverticulitis (SideEffect),CC BY-NC-SA 4.0,UMLS via SIDER 4.1,http://identifiers.org/umls/C0012813
C3665386,Abnormal vision,Abnormal vision (SideEffect),CC BY-NC-SA 4.0,UMLS via SIDER 4.1,http://identifiers.org/umls/C3665386
C0521471,Systemic lupus erythematosus rash,Systemic lupus erythematosus rash (SideEffect),CC BY-NC-SA 4.0,UMLS via SIDER 4.1,http://identifiers.org/umls/C0521471
C0947999,Blood urine present,Blood urine present (SideEffect),CC BY-NC-SA 4.0,UMLS via SIDER 4.1,http://identifiers.org/umls/C0947999
C0036572,Convulsion,Convulsion (SideEffect),CC BY-NC-SA 4.0,UMLS via SIDER 4.1,http://identifiers.org/umls/C0036572
C1328407,Hip dysplasia,Hip dysplasia (SideEffect),CC BY-NC-SA 4.0,UMLS via SIDER 4.1,http://identifiers.org/umls/C1328407
C0019360,Herpes zoster,Herpes zoster (SideEffect),CC BY-NC-SA 4.0,UMLS via SIDER 4.1,http://identifiers.org/umls/C0019360
C0877339,Cardio-respiratory distress,Cardio-respiratory distress (SideEffect),CC BY-NC-SA 4.0,UMLS via SIDER 4.1,http://identifiers.org/umls/C0877339
C0002957,Anger,Anger (SideEffect),CC BY-NC-SA 4.0,UMLS via SIDER 4.1,http://identifiers.org/umls/C0002957
C0240717,Perineal pain,Perineal pain (SideEffect),CC BY-NC-SA 4.0,UMLS via SIDER 4.1,http://identifiers.org/umls/C0240717
C0020619,Hypogonadism,Hypogonadism (SideEffect),CC BY-NC-SA 4.0,UMLS via SIDER 4.1,http://identifiers.org/umls/C0020619
C1096256,Cryptococcal cutaneous infection,Cryptococcal cutaneous infection (SideEffect),CC BY-NC-SA 4.0,UMLS via SIDER 4.1,http://identifiers.org/umls/C1096256
C0269188,Uterine cyst,Uterine cyst (SideEffect),CC BY-NC-SA 4.0,UMLS via SIDER 4.1,http://identifiers.org/umls/C0269188
C0162323,Polyarthritis,Polyarthritis (SideEffect),CC BY-NC-SA 4.0,UMLS via SIDER 4.1,http://identifiers.org/umls/C0162323
C0159028,General symptom,General symptom (SideEffect),CC BY-NC-SA 4.0,UMLS via SIDER 4.1,http://identifiers.org/umls/C0159028
C0018839,Heat exhaustion,Heat exhaustion (SideEffect),CC BY-NC-SA 4.0,UMLS via SIDER 4.1,http://identifiers.org/umls/C0018839
C0521008,Screaming,Screaming (SideEffect),CC BY-NC-SA 4.0,UMLS via SIDER 4.1,http://identifiers.org/umls/C0521008
C0018794,Block heart,Block heart (SideEffect),CC BY-NC-SA 4.0,UMLS via SIDER 4.1,http://identifiers.org/umls/C0018794
C0014804,Erythromelalgia,Erythromelalgia (SideEffect),CC BY-NC-SA 4.0,UMLS via SIDER 4.1,http://identifiers.org/umls/C0014804
C0860700,Prothrombin level abnormal,Prothrombin level abnormal (SideEffect),CC BY-NC-SA 4.0,UMLS via SIDER 4.1,http://identifiers.org/umls/C0860700
C1141936,Purple glove syndrome,Purple glove syndrome (SideEffect),CC BY-NC-SA 4.0,UMLS via SIDER 4.1,http://identifiers.org/umls/C1141936
C0278488,Breast cancer stage IV,Breast cancer stage IV (SideEffect),CC BY-NC-SA 4.0,UMLS via SIDER 4.1,http://identifiers.org/umls/C0278488
C0018965,Haematuria,Haematuria (SideEffect),CC BY-NC-SA 4.0,UMLS via SIDER 4.1,http://identifiers.org/umls/C0018965
C0004161,Sports injury,Sports injury (SideEffect),CC BY-NC-SA 4.0,UMLS via SIDER 4.1,http://identifiers.org/umls/C0004161
C0002902,Anencephaly,Anencephaly (SideEffect),CC BY-NC-SA 4.0,UMLS via SIDER 4.1,http://identifiers.org/umls/C0002902
C0857323,Angioedema of larynx,Angioedema of larynx (SideEffect),CC BY-NC-SA 4.0,UMLS via SIDER 4.1,http://identifiers.org/umls/C0857323
C0877072,Cytomegalovirus chorioretinitis,Cytomegalovirus chorioretinitis (SideEffect),CC BY-NC-SA 4.0,UMLS via SIDER 4.1,http://identifiers.org/umls/C0877072
C0010072,Coronary artery thrombosis,Coronary artery thrombosis (SideEffect),CC BY-NC-SA 4.0,UMLS via SIDER 4.1,http://identifiers.org/umls/C0010072
C0043092,Wegener's granulomatosis,Wegener's granulomatosis (SideEffect),CC BY-NC-SA 4.0,UMLS via SIDER 4.1,http://identifiers.org/umls/C0043092
C0020461,Hyperkalaemia,Hyperkalaemia (SideEffect),CC BY-NC-SA 4.0,UMLS via SIDER 4.1,http://identifiers.org/umls/C0020461
C0860239,Catheter related infection,Catheter related infection (SideEffect),CC BY-NC-SA 4.0,UMLS via SIDER 4.1,http://identifiers.org/umls/C0860239
C0038833,Superior vena cava syndrome,Superior vena cava syndrome (SideEffect),CC BY-NC-SA 4.0,UMLS via SIDER 4.1,http://identifiers.org/umls/C0038833
C0948008,Ischaemic stroke,Ischaemic stroke (SideEffect),CC BY-NC-SA 4.0,UMLS via SIDER 4.1,http://identifiers.org/umls/C0948008
C0027858,Neuroma,Neuroma (SideEffect),CC BY-NC-SA 4.0,UMLS via SIDER 4.1,http://identifiers.org/umls/C0027858
C0235827,Therapeutic response decreased,Therapeutic response decreased (SideEffect),CC BY-NC-SA 4.0,UMLS via SIDER 4.1,http://identifiers.org/umls/C0235827
C0025874,Metrorrhagia,Metrorrhagia (SideEffect),CC BY-NC-SA 4.0,UMLS via SIDER 4.1,http://identifiers.org/umls/C0025874
C0024902,Breast pain,Breast pain (SideEffect),CC BY-NC-SA 4.0,UMLS via SIDER 4.1,http://identifiers.org/umls/C0024902
C0019825,Hoarseness,Hoarseness (SideEffect),CC BY-NC-SA 4.0,UMLS via SIDER 4.1,http://identifiers.org/umls/C0019825
C0018989,Hemiparesis,Hemiparesis (SideEffect),CC BY-NC-SA 4.0,UMLS via SIDER 4.1,http://identifiers.org/umls/C0018989
C0520802,Radiation recall syndrome,Radiation recall syndrome (SideEffect),CC BY-NC-SA 4.0,UMLS via SIDER 4.1,http://identifiers.org/umls/C0520802
C0020510,Nodular regenerative hyperplasia,Nodular regenerative hyperplasia (SideEffect),CC BY-NC-SA 4.0,UMLS via SIDER 4.1,http://identifiers.org/umls/C0020510
C0522153,Urine color abnormal,Urine color abnormal (SideEffect),CC BY-NC-SA 4.0,UMLS via SIDER 4.1,http://identifiers.org/umls/C0522153
C0027707,Nephritis interstitial,Nephritis interstitial (SideEffect),CC BY-NC-SA 4.0,UMLS via SIDER 4.1,http://identifiers.org/umls/C0027707
C0919874,Post procedural haemorrhage,Post procedural haemorrhage (SideEffect),CC BY-NC-SA 4.0,UMLS via SIDER 4.1,http://identifiers.org/umls/C0919874
C0856808,Polymorphonuclear leukocytosis,Polymorphonuclear leukocytosis (SideEffect),CC BY-NC-SA 4.0,UMLS via SIDER 4.1,http://identifiers.org/umls/C0856808
C2242996,Tingling sensation,Tingling sensation (SideEffect),CC BY-NC-SA 4.0,UMLS via SIDER 4.1,http://identifiers.org/umls/C2242996
C0235196,Suicidal tendency,Suicidal tendency (SideEffect),CC BY-NC-SA 4.0,UMLS via SIDER 4.1,http://identifiers.org/umls/C0235196
C0033949,Male orgasmic disorder,Male orgasmic disorder (SideEffect),CC BY-NC-SA 4.0,UMLS via SIDER 4.1,http://identifiers.org/umls/C0033949
C0399459,Oral discomfort,Oral discomfort (SideEffect),CC BY-NC-SA 4.0,UMLS via SIDER 4.1,http://identifiers.org/umls/C0399459
C0034561,Dermatitis radiation NOS,Dermatitis radiation NOS (SideEffect),CC BY-NC-SA 4.0,UMLS via SIDER 4.1,http://identifiers.org/umls/C0034561
C0677500,Stinging,Stinging (SideEffect),CC BY-NC-SA 4.0,UMLS via SIDER 4.1,http://identifiers.org/umls/C0677500
C0694536,Drug seeking behavior,Drug seeking behavior (SideEffect),CC BY-NC-SA 4.0,UMLS via SIDER 4.1,http://identifiers.org/umls/C0694536
C1619692,Nephrogenic systemic fibrosis,Nephrogenic systemic fibrosis (SideEffect),CC BY-NC-SA 4.0,UMLS via SIDER 4.1,http://identifiers.org/umls/C1619692
C0263591,Drug-induced lupus erythematosus,Drug-induced lupus erythematosus (SideEffect),CC BY-NC-SA 4.0,UMLS via SIDER 4.1,http://identifiers.org/umls/C0263591
C0030343,Panuveitis,Panuveitis (SideEffect),CC BY-NC-SA 4.0,UMLS via SIDER 4.1,http://identifiers.org/umls/C0030343
C0877092,Venipuncture site bruise,Venipuncture site bruise (SideEffect),CC BY-NC-SA 4.0,UMLS via SIDER 4.1,http://identifiers.org/umls/C0877092
C0017150,Gastrinoma,Gastrinoma (SideEffect),CC BY-NC-SA 4.0,UMLS via SIDER 4.1,http://identifiers.org/umls/C0017150
C3160840,Macular pigmentation,Macular pigmentation (SideEffect),CC BY-NC-SA 4.0,UMLS via SIDER 4.1,http://identifiers.org/umls/C3160840
C0026836,Muscle relaxation,Muscle relaxation (SideEffect),CC BY-NC-SA 4.0,UMLS via SIDER 4.1,http://identifiers.org/umls/C0026836
C0541974,Fuzzy head,Fuzzy head (SideEffect),CC BY-NC-SA 4.0,UMLS via SIDER 4.1,http://identifiers.org/umls/C0541974
C0600139,Prostate carcinoma,Prostate carcinoma (SideEffect),CC BY-NC-SA 4.0,UMLS via SIDER 4.1,http://identifiers.org/umls/C0600139
C0312420,Hypersexuality,Hypersexuality (SideEffect),CC BY-NC-SA 4.0,UMLS via SIDER 4.1,http://identifiers.org/umls/C0312420
C0553737,Cervical discharge,Cervical discharge (SideEffect),CC BY-NC-SA 4.0,UMLS via SIDER 4.1,http://identifiers.org/umls/C0553737
C0574741,Skin bleeding,Skin bleeding (SideEffect),CC BY-NC-SA 4.0,UMLS via SIDER 4.1,http://identifiers.org/umls/C0574741
C0577598,Swollen arm,Swollen arm (SideEffect),CC BY-NC-SA 4.0,UMLS via SIDER 4.1,http://identifiers.org/umls/C0577598
C0521503,Injection site burning,Injection site burning (SideEffect),CC BY-NC-SA 4.0,UMLS via SIDER 4.1,http://identifiers.org/umls/C0521503
C0002994,Angioedema,Angioedema (SideEffect),CC BY-NC-SA 4.0,UMLS via SIDER 4.1,http://identifiers.org/umls/C0002994
C0856115,Diverticulitis aggravated,Diverticulitis aggravated (SideEffect),CC BY-NC-SA 4.0,UMLS via SIDER 4.1,http://identifiers.org/umls/C0856115
C0234133,Extrapyramidal symptoms,Extrapyramidal symptoms (SideEffect),CC BY-NC-SA 4.0,UMLS via SIDER 4.1,http://identifiers.org/umls/C0234133
C0549346,Ischial neuralgia,Ischial neuralgia (SideEffect),CC BY-NC-SA 4.0,UMLS via SIDER 4.1,http://identifiers.org/umls/C0549346
C0035321,Retinal tear,Retinal tear (SideEffect),CC BY-NC-SA 4.0,UMLS via SIDER 4.1,http://identifiers.org/umls/C0035321
C0006114,Edema cerebral,Edema cerebral (SideEffect),CC BY-NC-SA 4.0,UMLS via SIDER 4.1,http://identifiers.org/umls/C0006114
C0026946,Fungal infection,Fungal infection (SideEffect),CC BY-NC-SA 4.0,UMLS via SIDER 4.1,http://identifiers.org/umls/C0026946
C0240564,Nasal pain,Nasal pain (SideEffect),CC BY-NC-SA 4.0,UMLS via SIDER 4.1,http://identifiers.org/umls/C0240564
C0919714,Retinal vascular thrombosis,Retinal vascular thrombosis (SideEffect),CC BY-NC-SA 4.0,UMLS via SIDER 4.1,http://identifiers.org/umls/C0919714
C1262064,Oculogyration,Oculogyration (SideEffect),CC BY-NC-SA 4.0,UMLS via SIDER 4.1,http://identifiers.org/umls/C1262064
C0522058,Carbohydrate craving,Carbohydrate craving (SideEffect),CC BY-NC-SA 4.0,UMLS via SIDER 4.1,http://identifiers.org/umls/C0522058
C0392185,Repetitive speech,Repetitive speech (SideEffect),CC BY-NC-SA 4.0,UMLS via SIDER 4.1,http://identifiers.org/umls/C0392185
C0855223,"Hallucinations, mixed","Hallucinations, mixed (SideEffect)",CC BY-NC-SA 4.0,UMLS via SIDER 4.1,http://identifiers.org/umls/C0855223
C0023530,Leukopenia,Leukopenia (SideEffect),CC BY-NC-SA 4.0,UMLS via SIDER 4.1,http://identifiers.org/umls/C0023530
C0032131,Plasmacytoma,Plasmacytoma (SideEffect),CC BY-NC-SA 4.0,UMLS via SIDER 4.1,http://identifiers.org/umls/C0032131
C0741983,Carotid sinus hypersensitivity,Carotid sinus hypersensitivity (SideEffect),CC BY-NC-SA 4.0,UMLS via SIDER 4.1,http://identifiers.org/umls/C0741983
C0456909,Blindness,Blindness (SideEffect),CC BY-NC-SA 4.0,UMLS via SIDER 4.1,http://identifiers.org/umls/C0456909
C1142383,Breast tension,Breast tension (SideEffect),CC BY-NC-SA 4.0,UMLS via SIDER 4.1,http://identifiers.org/umls/C1142383
C0423701,Urinary tract pain,Urinary tract pain (SideEffect),CC BY-NC-SA 4.0,UMLS via SIDER 4.1,http://identifiers.org/umls/C0423701
C0235927,Vestibular ataxia,Vestibular ataxia (SideEffect),CC BY-NC-SA 4.0,UMLS via SIDER 4.1,http://identifiers.org/umls/C0235927
C0948808,Catheter blockage,Catheter blockage (SideEffect),CC BY-NC-SA 4.0,UMLS via SIDER 4.1,http://identifiers.org/umls/C0948808
C0019572,Hirsutism,Hirsutism (SideEffect),CC BY-NC-SA 4.0,UMLS via SIDER 4.1,http://identifiers.org/umls/C0019572
C0234376,Action tremor,Action tremor (SideEffect),CC BY-NC-SA 4.0,UMLS via SIDER 4.1,http://identifiers.org/umls/C0234376
C0857177,Arthritic pains,Arthritic pains (SideEffect),CC BY-NC-SA 4.0,UMLS via SIDER 4.1,http://identifiers.org/umls/C0857177
C0023487,Acute promyelocytic leukaemia,Acute promyelocytic leukaemia (SideEffect),CC BY-NC-SA 4.0,UMLS via SIDER 4.1,http://identifiers.org/umls/C0023487
C0541922,Eczema allergic atopic,Eczema allergic atopic (SideEffect),CC BY-NC-SA 4.0,UMLS via SIDER 4.1,http://identifiers.org/umls/C0541922
C0014718,Intertrigo candida,Intertrigo candida (SideEffect),CC BY-NC-SA 4.0,UMLS via SIDER 4.1,http://identifiers.org/umls/C0014718
C0730328,Central serous retinopathy,Central serous retinopathy (SideEffect),CC BY-NC-SA 4.0,UMLS via SIDER 4.1,http://identifiers.org/umls/C0730328
C0854524,Peridiverticular abscess,Peridiverticular abscess (SideEffect),CC BY-NC-SA 4.0,UMLS via SIDER 4.1,http://identifiers.org/umls/C0854524
C0009946,Conversion disorder,Conversion disorder (SideEffect),CC BY-NC-SA 4.0,UMLS via SIDER 4.1,http://identifiers.org/umls/C0009946
C0242891,Tooth injury,Tooth injury (SideEffect),CC BY-NC-SA 4.0,UMLS via SIDER 4.1,http://identifiers.org/umls/C0242891
C0857083,Generalized macular rash,Generalized macular rash (SideEffect),CC BY-NC-SA 4.0,UMLS via SIDER 4.1,http://identifiers.org/umls/C0857083
C1697542,Infusion site thrombosis,Infusion site thrombosis (SideEffect),CC BY-NC-SA 4.0,UMLS via SIDER 4.1,http://identifiers.org/umls/C1697542
C0004238,Atrial fibrillation,Atrial fibrillation (SideEffect),CC BY-NC-SA 4.0,UMLS via SIDER 4.1,http://identifiers.org/umls/C0004238
C1328540,Peripheral vasodilatation,Peripheral vasodilatation (SideEffect),CC BY-NC-SA 4.0,UMLS via SIDER 4.1,http://identifiers.org/umls/C1328540
C0854448,Bladder constriction,Bladder constriction (SideEffect),CC BY-NC-SA 4.0,UMLS via SIDER 4.1,http://identifiers.org/umls/C0854448
C1096691,BK virus infection,BK virus infection (SideEffect),CC BY-NC-SA 4.0,UMLS via SIDER 4.1,http://identifiers.org/umls/C1096691
C0427458,Red blood cell count increased,Red blood cell count increased (SideEffect),CC BY-NC-SA 4.0,UMLS via SIDER 4.1,http://identifiers.org/umls/C0427458
C0002103,Atopic rhinitis,Atopic rhinitis (SideEffect),CC BY-NC-SA 4.0,UMLS via SIDER 4.1,http://identifiers.org/umls/C0002103
C0038826,Superinfection,Superinfection (SideEffect),CC BY-NC-SA 4.0,UMLS via SIDER 4.1,http://identifiers.org/umls/C0038826
C0151472,Albumin globulin ratio abnormal,Albumin globulin ratio abnormal (SideEffect),CC BY-NC-SA 4.0,UMLS via SIDER 4.1,http://identifiers.org/umls/C0151472
C0521170,Osteoporotic fracture,Osteoporotic fracture (SideEffect),CC BY-NC-SA 4.0,UMLS via SIDER 4.1,http://identifiers.org/umls/C0521170
C0034067,Emphysema,Emphysema (SideEffect),CC BY-NC-SA 4.0,UMLS via SIDER 4.1,http://identifiers.org/umls/C0034067
C1096091,Infusion site pruritus,Infusion site pruritus (SideEffect),CC BY-NC-SA 4.0,UMLS via SIDER 4.1,http://identifiers.org/umls/C1096091
C0004690,Balanitis,Balanitis (SideEffect),CC BY-NC-SA 4.0,UMLS via SIDER 4.1,http://identifiers.org/umls/C0004690
C0042594,Vestibular disorder,Vestibular disorder (SideEffect),CC BY-NC-SA 4.0,UMLS via SIDER 4.1,http://identifiers.org/umls/C0042594
C0002624,Retrograde amnesia,Retrograde amnesia (SideEffect),CC BY-NC-SA 4.0,UMLS via SIDER 4.1,http://identifiers.org/umls/C0002624
C0860499,Conjunctival follicles,Conjunctival follicles (SideEffect),CC BY-NC-SA 4.0,UMLS via SIDER 4.1,http://identifiers.org/umls/C0860499
C0035328,Retinal vein occlusion,Retinal vein occlusion (SideEffect),CC BY-NC-SA 4.0,UMLS via SIDER 4.1,http://identifiers.org/umls/C0035328
C0231441,Immobile,Immobile (SideEffect),CC BY-NC-SA 4.0,UMLS via SIDER 4.1,http://identifiers.org/umls/C0231441
C0232333,Electrocardiogram U wave present,Electrocardiogram U wave present (SideEffect),CC BY-NC-SA 4.0,UMLS via SIDER 4.1,http://identifiers.org/umls/C0232333
C0278107,Painful ejaculation,Painful ejaculation (SideEffect),CC BY-NC-SA 4.0,UMLS via SIDER 4.1,http://identifiers.org/umls/C0278107
C0033844,Pseudotumor,Pseudotumor (SideEffect),CC BY-NC-SA 4.0,UMLS via SIDER 4.1,http://identifiers.org/umls/C0033844
C0235095,Visual field constriction,Visual field constriction (SideEffect),CC BY-NC-SA 4.0,UMLS via SIDER 4.1,http://identifiers.org/umls/C0235095
C3665347,Visual impairment,Visual impairment (SideEffect),CC BY-NC-SA 4.0,UMLS via SIDER 4.1,http://identifiers.org/umls/C3665347
C0549397,Nasal septum deviation,Nasal septum deviation (SideEffect),CC BY-NC-SA 4.0,UMLS via SIDER 4.1,http://identifiers.org/umls/C0549397
C0348024,Dysfunction thyroid,Dysfunction thyroid (SideEffect),CC BY-NC-SA 4.0,UMLS via SIDER 4.1,http://identifiers.org/umls/C0348024
C0043049,Water intoxication,Water intoxication (SideEffect),CC BY-NC-SA 4.0,UMLS via SIDER 4.1,http://identifiers.org/umls/C0043049
C0155003,Blindness transient,Blindness transient (SideEffect),CC BY-NC-SA 4.0,UMLS via SIDER 4.1,http://identifiers.org/umls/C0155003
C0001916,Albinism,Albinism (SideEffect),CC BY-NC-SA 4.0,UMLS via SIDER 4.1,http://identifiers.org/umls/C0001916
C0858797,Instillation site pain,Instillation site pain (SideEffect),CC BY-NC-SA 4.0,UMLS via SIDER 4.1,http://identifiers.org/umls/C0858797
C0679254,Disease recurrence,Disease recurrence (SideEffect),CC BY-NC-SA 4.0,UMLS via SIDER 4.1,http://identifiers.org/umls/C0679254
C0234952,Oropharyngeal spasm,Oropharyngeal spasm (SideEffect),CC BY-NC-SA 4.0,UMLS via SIDER 4.1,http://identifiers.org/umls/C0234952
C0268800,Congenital renal cyst,Congenital renal cyst (SideEffect),CC BY-NC-SA 4.0,UMLS via SIDER 4.1,http://identifiers.org/umls/C0268800
C0151811,Subcutaneous nodule,Subcutaneous nodule (SideEffect),CC BY-NC-SA 4.0,UMLS via SIDER 4.1,http://identifiers.org/umls/C0151811
C0039235,Junctional tachycardia,Junctional tachycardia (SideEffect),CC BY-NC-SA 4.0,UMLS via SIDER 4.1,http://identifiers.org/umls/C0039235
C0849907,Ear pruritus,Ear pruritus (SideEffect),CC BY-NC-SA 4.0,UMLS via SIDER 4.1,http://identifiers.org/umls/C0849907
C0262365,Mammogram abnormal,Mammogram abnormal (SideEffect),CC BY-NC-SA 4.0,UMLS via SIDER 4.1,http://identifiers.org/umls/C0262365
C0027430,Nasal polyps,Nasal polyps (SideEffect),CC BY-NC-SA 4.0,UMLS via SIDER 4.1,http://identifiers.org/umls/C0027430
C0476281,Non-cardiac chest pain,Non-cardiac chest pain (SideEffect),CC BY-NC-SA 4.0,UMLS via SIDER 4.1,http://identifiers.org/umls/C0476281
C0259749,Autonomic neuropathy,Autonomic neuropathy (SideEffect),CC BY-NC-SA 4.0,UMLS via SIDER 4.1,http://identifiers.org/umls/C0259749
C0158687,Congenital genital malformation,Congenital genital malformation (SideEffect),CC BY-NC-SA 4.0,UMLS via SIDER 4.1,http://identifiers.org/umls/C0158687
C1393815,Contraceptive device complication,Contraceptive device complication (SideEffect),CC BY-NC-SA 4.0,UMLS via SIDER 4.1,http://identifiers.org/umls/C1393815
C0857122,Hyponatraemic,Hyponatraemic (SideEffect),CC BY-NC-SA 4.0,UMLS via SIDER 4.1,http://identifiers.org/umls/C0857122
C1384489,Scratch,Scratch (SideEffect),CC BY-NC-SA 4.0,UMLS via SIDER 4.1,http://identifiers.org/umls/C1384489
C0860901,Protein total decreased,Protein total decreased (SideEffect),CC BY-NC-SA 4.0,UMLS via SIDER 4.1,http://identifiers.org/umls/C0860901
C0265101,Carotid artery occlusion,Carotid artery occlusion (SideEffect),CC BY-NC-SA 4.0,UMLS via SIDER 4.1,http://identifiers.org/umls/C0265101
C0855242,Disturbance in sexual arousal,Disturbance in sexual arousal (SideEffect),CC BY-NC-SA 4.0,UMLS via SIDER 4.1,http://identifiers.org/umls/C0855242
C0035460,Vasomotor rhinitis,Vasomotor rhinitis (SideEffect),CC BY-NC-SA 4.0,UMLS via SIDER 4.1,http://identifiers.org/umls/C0035460
C0729549,Gastrointestinal fungal infection,Gastrointestinal fungal infection (SideEffect),CC BY-NC-SA 4.0,UMLS via SIDER 4.1,http://identifiers.org/umls/C0729549
C0521540,Brain stem haemorrhage,Brain stem haemorrhage (SideEffect),CC BY-NC-SA 4.0,UMLS via SIDER 4.1,http://identifiers.org/umls/C0521540
C0520588,Vulvovaginal pain,Vulvovaginal pain (SideEffect),CC BY-NC-SA 4.0,UMLS via SIDER 4.1,http://identifiers.org/umls/C0520588
C2939427,Hypoesthesia tongue,Hypoesthesia tongue (SideEffect),CC BY-NC-SA 4.0,UMLS via SIDER 4.1,http://identifiers.org/umls/C2939427
C1321898,Blood in stool,Blood in stool (SideEffect),CC BY-NC-SA 4.0,UMLS via SIDER 4.1,http://identifiers.org/umls/C1321898
C0235855,Sepsis secondary,Sepsis secondary (SideEffect),CC BY-NC-SA 4.0,UMLS via SIDER 4.1,http://identifiers.org/umls/C0235855
C0151934,Hypogeusia,Hypogeusia (SideEffect),CC BY-NC-SA 4.0,UMLS via SIDER 4.1,http://identifiers.org/umls/C0151934
C1956415,Dyspnoea paroxysmal nocturnal,Dyspnoea paroxysmal nocturnal (SideEffect),CC BY-NC-SA 4.0,UMLS via SIDER 4.1,http://identifiers.org/umls/C1956415
C0023052,Laryngeal oedema,Laryngeal oedema (SideEffect),CC BY-NC-SA 4.0,UMLS via SIDER 4.1,http://identifiers.org/umls/C0023052
C0700200,Presyncope,Presyncope (SideEffect),CC BY-NC-SA 4.0,UMLS via SIDER 4.1,http://identifiers.org/umls/C0700200
C0746883,Febrile neutropenia,Febrile neutropenia (SideEffect),CC BY-NC-SA 4.0,UMLS via SIDER 4.1,http://identifiers.org/umls/C0746883
C0009595,Obsessive-compulsive personality disorder,Obsessive-compulsive personality disorder (SideEffect),CC BY-NC-SA 4.0,UMLS via SIDER 4.1,http://identifiers.org/umls/C0009595
C0085616,Vasospasm,Vasospasm (SideEffect),CC BY-NC-SA 4.0,UMLS via SIDER 4.1,http://identifiers.org/umls/C0085616
C0857468,Withdrawal hypertension,Withdrawal hypertension (SideEffect),CC BY-NC-SA 4.0,UMLS via SIDER 4.1,http://identifiers.org/umls/C0857468
C1320835,Drug fever,Drug fever (SideEffect),CC BY-NC-SA 4.0,UMLS via SIDER 4.1,http://identifiers.org/umls/C1320835
C0333641,Atrophy,Atrophy (SideEffect),CC BY-NC-SA 4.0,UMLS via SIDER 4.1,http://identifiers.org/umls/C0333641
C1142015,Blood bilirubin abnormal,Blood bilirubin abnormal (SideEffect),CC BY-NC-SA 4.0,UMLS via SIDER 4.1,http://identifiers.org/umls/C1142015
C0085583,Choreoathetosis,Choreoathetosis (SideEffect),CC BY-NC-SA 4.0,UMLS via SIDER 4.1,http://identifiers.org/umls/C0085583
C3665596,Warts,Warts (SideEffect),CC BY-NC-SA 4.0,UMLS via SIDER 4.1,http://identifiers.org/umls/C3665596
C2363914,Post procedural constipation,Post procedural constipation (SideEffect),CC BY-NC-SA 4.0,UMLS via SIDER 4.1,http://identifiers.org/umls/C2363914
C0400823,Neutropenic colitis,Neutropenic colitis (SideEffect),CC BY-NC-SA 4.0,UMLS via SIDER 4.1,http://identifiers.org/umls/C0400823
C0265935,Congenital arterial malformation,Congenital arterial malformation (SideEffect),CC BY-NC-SA 4.0,UMLS via SIDER 4.1,http://identifiers.org/umls/C0265935
C0041364,Tumour lysis syndrome,Tumour lysis syndrome (SideEffect),CC BY-NC-SA 4.0,UMLS via SIDER 4.1,http://identifiers.org/umls/C0041364
C0013274,Patent ductus arteriosus,Patent ductus arteriosus (SideEffect),CC BY-NC-SA 4.0,UMLS via SIDER 4.1,http://identifiers.org/umls/C0013274
C0919590,Injection site cellulitis,Injection site cellulitis (SideEffect),CC BY-NC-SA 4.0,UMLS via SIDER 4.1,http://identifiers.org/umls/C0919590
C0581394,Swelling of legs,Swelling of legs (SideEffect),CC BY-NC-SA 4.0,UMLS via SIDER 4.1,http://identifiers.org/umls/C0581394
C0853714,Application site pruritus,Application site pruritus (SideEffect),CC BY-NC-SA 4.0,UMLS via SIDER 4.1,http://identifiers.org/umls/C0853714
C0877854,Cerebral arteriosclerosis,Cerebral arteriosclerosis (SideEffect),CC BY-NC-SA 4.0,UMLS via SIDER 4.1,http://identifiers.org/umls/C0877854
C0852696,Glucocorticoids decreased,Glucocorticoids decreased (SideEffect),CC BY-NC-SA 4.0,UMLS via SIDER 4.1,http://identifiers.org/umls/C0852696
C0010828,Cytopenia,Cytopenia (SideEffect),CC BY-NC-SA 4.0,UMLS via SIDER 4.1,http://identifiers.org/umls/C0010828
C0038732,Sulphaemoglobinaemia,Sulphaemoglobinaemia (SideEffect),CC BY-NC-SA 4.0,UMLS via SIDER 4.1,http://identifiers.org/umls/C0038732
C0007177,Cardiac tamponade,Cardiac tamponade (SideEffect),CC BY-NC-SA 4.0,UMLS via SIDER 4.1,http://identifiers.org/umls/C0007177
C0037926,Spinal cord compression,Spinal cord compression (SideEffect),CC BY-NC-SA 4.0,UMLS via SIDER 4.1,http://identifiers.org/umls/C0037926
C0238457,Renal vein thrombosis,Renal vein thrombosis (SideEffect),CC BY-NC-SA 4.0,UMLS via SIDER 4.1,http://identifiers.org/umls/C0238457
C1167760,Bacterial test positive,Bacterial test positive (SideEffect),CC BY-NC-SA 4.0,UMLS via SIDER 4.1,http://identifiers.org/umls/C1167760
C0948085,Corneal defect,Corneal defect (SideEffect),CC BY-NC-SA 4.0,UMLS via SIDER 4.1,http://identifiers.org/umls/C0948085
C0037928,Spinal cord disorder,Spinal cord disorder (SideEffect),CC BY-NC-SA 4.0,UMLS via SIDER 4.1,http://identifiers.org/umls/C0037928
C0264490,Acute respiratory failure,Acute respiratory failure (SideEffect),CC BY-NC-SA 4.0,UMLS via SIDER 4.1,http://identifiers.org/umls/C0264490
C0151810,Lack of drug effect,Lack of drug effect (SideEffect),CC BY-NC-SA 4.0,UMLS via SIDER 4.1,http://identifiers.org/umls/C0151810
C0042341,Varicocele,Varicocele (SideEffect),CC BY-NC-SA 4.0,UMLS via SIDER 4.1,http://identifiers.org/umls/C0042341
C1963747,Herpes simplex hepatitis,Herpes simplex hepatitis (SideEffect),CC BY-NC-SA 4.0,UMLS via SIDER 4.1,http://identifiers.org/umls/C1963747
C1260880,Rhinorrhoea,Rhinorrhoea (SideEffect),CC BY-NC-SA 4.0,UMLS via SIDER 4.1,http://identifiers.org/umls/C1260880
C0438717,Transaminases increased,Transaminases increased (SideEffect),CC BY-NC-SA 4.0,UMLS via SIDER 4.1,http://identifiers.org/umls/C0438717
C0858603,Wave slowing,Wave slowing (SideEffect),CC BY-NC-SA 4.0,UMLS via SIDER 4.1,http://identifiers.org/umls/C0858603
C0743400,Ejection fraction decreased,Ejection fraction decreased (SideEffect),CC BY-NC-SA 4.0,UMLS via SIDER 4.1,http://identifiers.org/umls/C0743400
C0235919,Nerve root lesion,Nerve root lesion (SideEffect),CC BY-NC-SA 4.0,UMLS via SIDER 4.1,http://identifiers.org/umls/C0235919
C0282488,Cystitis interstitial,Cystitis interstitial (SideEffect),CC BY-NC-SA 4.0,UMLS via SIDER 4.1,http://identifiers.org/umls/C0282488
C0041909,Upper gastrointestinal haemorrhage,Upper gastrointestinal haemorrhage (SideEffect),CC BY-NC-SA 4.0,UMLS via SIDER 4.1,http://identifiers.org/umls/C0041909
C0860752,Lactate increased,Lactate increased (SideEffect),CC BY-NC-SA 4.0,UMLS via SIDER 4.1,http://identifiers.org/umls/C0860752
C0233632,Thinking abnormal,Thinking abnormal (SideEffect),CC BY-NC-SA 4.0,UMLS via SIDER 4.1,http://identifiers.org/umls/C0233632
C0003742,Arcus senilis,Arcus senilis (SideEffect),CC BY-NC-SA 4.0,UMLS via SIDER 4.1,http://identifiers.org/umls/C0003742
C0085129,Bronchial hyperreactivity,Bronchial hyperreactivity (SideEffect),CC BY-NC-SA 4.0,UMLS via SIDER 4.1,http://identifiers.org/umls/C0085129
C1959622,Vein distended,Vein distended (SideEffect),CC BY-NC-SA 4.0,UMLS via SIDER 4.1,http://identifiers.org/umls/C1959622
C0007868,Cervical dysplasia,Cervical dysplasia (SideEffect),CC BY-NC-SA 4.0,UMLS via SIDER 4.1,http://identifiers.org/umls/C0007868
C0152253,Posterior synechiae of iris,Posterior synechiae of iris (SideEffect),CC BY-NC-SA 4.0,UMLS via SIDER 4.1,http://identifiers.org/umls/C0152253
C0522061,Abdominal pain localised,Abdominal pain localised (SideEffect),CC BY-NC-SA 4.0,UMLS via SIDER 4.1,http://identifiers.org/umls/C0522061
C0919980,VIIth nerve paralysis,VIIth nerve paralysis (SideEffect),CC BY-NC-SA 4.0,UMLS via SIDER 4.1,http://identifiers.org/umls/C0919980
C0333291,Ulcer haemorrhage,Ulcer haemorrhage (SideEffect),CC BY-NC-SA 4.0,UMLS via SIDER 4.1,http://identifiers.org/umls/C0333291
C0015423,Eyelid disorder,Eyelid disorder (SideEffect),CC BY-NC-SA 4.0,UMLS via SIDER 4.1,http://identifiers.org/umls/C0015423
C0027125,Myotonia,Myotonia (SideEffect),CC BY-NC-SA 4.0,UMLS via SIDER 4.1,http://identifiers.org/umls/C0027125
C0205990,Vaginal prolapse,Vaginal prolapse (SideEffect),CC BY-NC-SA 4.0,UMLS via SIDER 4.1,http://identifiers.org/umls/C0205990
C0030297,Pancreatic neoplasm,Pancreatic neoplasm (SideEffect),CC BY-NC-SA 4.0,UMLS via SIDER 4.1,http://identifiers.org/umls/C0030297
C0152191,Central scotoma,Central scotoma (SideEffect),CC BY-NC-SA 4.0,UMLS via SIDER 4.1,http://identifiers.org/umls/C0152191
C2609414,Acute kidney injury,Acute kidney injury (SideEffect),CC BY-NC-SA 4.0,UMLS via SIDER 4.1,http://identifiers.org/umls/C2609414
C0007107,Laryngeal cancer,Laryngeal cancer (SideEffect),CC BY-NC-SA 4.0,UMLS via SIDER 4.1,http://identifiers.org/umls/C0007107
C2747793,Acute phosphate nephropathy,Acute phosphate nephropathy (SideEffect),CC BY-NC-SA 4.0,UMLS via SIDER 4.1,http://identifiers.org/umls/C2747793
C0240773,Plantar erythema,Plantar erythema (SideEffect),CC BY-NC-SA 4.0,UMLS via SIDER 4.1,http://identifiers.org/umls/C0240773
C0948300,Application site scab,Application site scab (SideEffect),CC BY-NC-SA 4.0,UMLS via SIDER 4.1,http://identifiers.org/umls/C0948300
C0235218,Skin warm,Skin warm (SideEffect),CC BY-NC-SA 4.0,UMLS via SIDER 4.1,http://identifiers.org/umls/C0235218
C0235194,Tranquillisation excessive,Tranquillisation excessive (SideEffect),CC BY-NC-SA 4.0,UMLS via SIDER 4.1,http://identifiers.org/umls/C0235194
C0701836,Thermal burn,Thermal burn (SideEffect),CC BY-NC-SA 4.0,UMLS via SIDER 4.1,http://identifiers.org/umls/C0701836
C0034155,Thrombotic thrombocytopenic purpura,Thrombotic thrombocytopenic purpura (SideEffect),CC BY-NC-SA 4.0,UMLS via SIDER 4.1,http://identifiers.org/umls/C0034155
C0040128,Thyroid disorder,Thyroid disorder (SideEffect),CC BY-NC-SA 4.0,UMLS via SIDER 4.1,http://identifiers.org/umls/C0040128
C0542149,Injection site phlebitis,Injection site phlebitis (SideEffect),CC BY-NC-SA 4.0,UMLS via SIDER 4.1,http://identifiers.org/umls/C0542149
C0543392,Feces bloodstained,Feces bloodstained (SideEffect),CC BY-NC-SA 4.0,UMLS via SIDER 4.1,http://identifiers.org/umls/C0543392
C0264939,Polyangiitis,Polyangiitis (SideEffect),CC BY-NC-SA 4.0,UMLS via SIDER 4.1,http://identifiers.org/umls/C0264939
C0857353,Hypotensive,Hypotensive (SideEffect),CC BY-NC-SA 4.0,UMLS via SIDER 4.1,http://identifiers.org/umls/C0857353
C0159060,Abnormal bowel sounds,Abnormal bowel sounds (SideEffect),CC BY-NC-SA 4.0,UMLS via SIDER 4.1,http://identifiers.org/umls/C0159060
C0376286,Avitaminosis,Avitaminosis (SideEffect),CC BY-NC-SA 4.0,UMLS via SIDER 4.1,http://identifiers.org/umls/C0376286
C0853973,Blood gonadotrophin increased,Blood gonadotrophin increased (SideEffect),CC BY-NC-SA 4.0,UMLS via SIDER 4.1,http://identifiers.org/umls/C0853973
C0149756,Plantar fasciitis,Plantar fasciitis (SideEffect),CC BY-NC-SA 4.0,UMLS via SIDER 4.1,http://identifiers.org/umls/C0149756
C0035854,Rosacea,Rosacea (SideEffect),CC BY-NC-SA 4.0,UMLS via SIDER 4.1,http://identifiers.org/umls/C0035854
C2939186,Mood alteration NOS,Mood alteration NOS (SideEffect),CC BY-NC-SA 4.0,UMLS via SIDER 4.1,http://identifiers.org/umls/C2939186
C0270844,Tonic convulsion,Tonic convulsion (SideEffect),CC BY-NC-SA 4.0,UMLS via SIDER 4.1,http://identifiers.org/umls/C0270844
C0011616,Dermatitis contact,Dermatitis contact (SideEffect),CC BY-NC-SA 4.0,UMLS via SIDER 4.1,http://identifiers.org/umls/C0011616
C0232203,Atrial rhythm,Atrial rhythm (SideEffect),CC BY-NC-SA 4.0,UMLS via SIDER 4.1,http://identifiers.org/umls/C0232203
C0861171,Gritty feeling in eyes,Gritty feeling in eyes (SideEffect),CC BY-NC-SA 4.0,UMLS via SIDER 4.1,http://identifiers.org/umls/C0861171
C0702154,Polyarthropathy,Polyarthropathy (SideEffect),CC BY-NC-SA 4.0,UMLS via SIDER 4.1,http://identifiers.org/umls/C0702154
C0013423,Idiopathic torsion dystonia,Idiopathic torsion dystonia (SideEffect),CC BY-NC-SA 4.0,UMLS via SIDER 4.1,http://identifiers.org/umls/C0013423
C0040435,Tooth disorder,Tooth disorder (SideEffect),CC BY-NC-SA 4.0,UMLS via SIDER 4.1,http://identifiers.org/umls/C0040435
C0740401,Duodenal ulcer perforation,Duodenal ulcer perforation (SideEffect),CC BY-NC-SA 4.0,UMLS via SIDER 4.1,http://identifiers.org/umls/C0740401
C2584688,Testicular swelling,Testicular swelling (SideEffect),CC BY-NC-SA 4.0,UMLS via SIDER 4.1,http://identifiers.org/umls/C2584688
C1609512,Vulvovaginal mycotic infection,Vulvovaginal mycotic infection (SideEffect),CC BY-NC-SA 4.0,UMLS via SIDER 4.1,http://identifiers.org/umls/C1609512
C0853737,Blood bicarbonate increased,Blood bicarbonate increased (SideEffect),CC BY-NC-SA 4.0,UMLS via SIDER 4.1,http://identifiers.org/umls/C0853737
C0042510,Ventricular fibrillation,Ventricular fibrillation (SideEffect),CC BY-NC-SA 4.0,UMLS via SIDER 4.1,http://identifiers.org/umls/C0042510
C0856864,Headache fullness,Headache fullness (SideEffect),CC BY-NC-SA 4.0,UMLS via SIDER 4.1,http://identifiers.org/umls/C0856864
C0079027,Intraoperative hemorrhage,Intraoperative hemorrhage (SideEffect),CC BY-NC-SA 4.0,UMLS via SIDER 4.1,http://identifiers.org/umls/C0079027
C3263723,Injury,Injury (SideEffect),CC BY-NC-SA 4.0,UMLS via SIDER 4.1,http://identifiers.org/umls/C3263723
C0853890,Blood gastrin increased,Blood gastrin increased (SideEffect),CC BY-NC-SA 4.0,UMLS via SIDER 4.1,http://identifiers.org/umls/C0853890
C0024121,Lung neoplasm,Lung neoplasm (SideEffect),CC BY-NC-SA 4.0,UMLS via SIDER 4.1,http://identifiers.org/umls/C0024121
C0858093,Plasma calcium decreased,Plasma calcium decreased (SideEffect),CC BY-NC-SA 4.0,UMLS via SIDER 4.1,http://identifiers.org/umls/C0858093
C0221242,Fixed drug eruption,Fixed drug eruption (SideEffect),CC BY-NC-SA 4.0,UMLS via SIDER 4.1,http://identifiers.org/umls/C0221242
C0019880,Homocystinuria,Homocystinuria (SideEffect),CC BY-NC-SA 4.0,UMLS via SIDER 4.1,http://identifiers.org/umls/C0019880
C2987469,Substance-induced psychotic disorder,Substance-induced psychotic disorder (SideEffect),CC BY-NC-SA 4.0,UMLS via SIDER 4.1,http://identifiers.org/umls/C2987469
C0235430,Ketonemia,Ketonemia (SideEffect),CC BY-NC-SA 4.0,UMLS via SIDER 4.1,http://identifiers.org/umls/C0235430
C0221002,Hyperparathyroidism primary,Hyperparathyroidism primary (SideEffect),CC BY-NC-SA 4.0,UMLS via SIDER 4.1,http://identifiers.org/umls/C0221002
C0549418,Urine flow decreased,Urine flow decreased (SideEffect),CC BY-NC-SA 4.0,UMLS via SIDER 4.1,http://identifiers.org/umls/C0549418
C0034935,Extensor plantar response,Extensor plantar response (SideEffect),CC BY-NC-SA 4.0,UMLS via SIDER 4.1,http://identifiers.org/umls/C0034935
C0011875,Diabetic vascular disorder,Diabetic vascular disorder (SideEffect),CC BY-NC-SA 4.0,UMLS via SIDER 4.1,http://identifiers.org/umls/C0011875
C0153392,Nasopharyngeal cancer,Nasopharyngeal cancer (SideEffect),CC BY-NC-SA 4.0,UMLS via SIDER 4.1,http://identifiers.org/umls/C0153392
C0267412,Thrombosis mesenteric vessel,Thrombosis mesenteric vessel (SideEffect),CC BY-NC-SA 4.0,UMLS via SIDER 4.1,http://identifiers.org/umls/C0267412
C0085625,Hypoalgesia,Hypoalgesia (SideEffect),CC BY-NC-SA 4.0,UMLS via SIDER 4.1,http://identifiers.org/umls/C0085625
C0521619,Pelvi-ureteric obstruction,Pelvi-ureteric obstruction (SideEffect),CC BY-NC-SA 4.0,UMLS via SIDER 4.1,http://identifiers.org/umls/C0521619
C0877792,Circadian rhythm sleep disorder,Circadian rhythm sleep disorder (SideEffect),CC BY-NC-SA 4.0,UMLS via SIDER 4.1,http://identifiers.org/umls/C0877792
C0151766,Liver function test abnormal,Liver function test abnormal (SideEffect),CC BY-NC-SA 4.0,UMLS via SIDER 4.1,http://identifiers.org/umls/C0151766
C0426959,Akinaesthesia,Akinaesthesia (SideEffect),CC BY-NC-SA 4.0,UMLS via SIDER 4.1,http://identifiers.org/umls/C0426959
C0014852,Oesophageal disorder,Oesophageal disorder (SideEffect),CC BY-NC-SA 4.0,UMLS via SIDER 4.1,http://identifiers.org/umls/C0014852
C0343401,Methicillin-resistant Staphylococcus aureus infection,Methicillin-resistant Staphylococcus aureus infection (SideEffect),CC BY-NC-SA 4.0,UMLS via SIDER 4.1,http://identifiers.org/umls/C0343401
C0175167,Acneiform eruption,Acneiform eruption (SideEffect),CC BY-NC-SA 4.0,UMLS via SIDER 4.1,http://identifiers.org/umls/C0175167
C0087169,Withdrawal symptom,Withdrawal symptom (SideEffect),CC BY-NC-SA 4.0,UMLS via SIDER 4.1,http://identifiers.org/umls/C0087169
C0852932,Arthropod sting,Arthropod sting (SideEffect),CC BY-NC-SA 4.0,UMLS via SIDER 4.1,http://identifiers.org/umls/C0852932
C0748318,Progressive renal failure,Progressive renal failure (SideEffect),CC BY-NC-SA 4.0,UMLS via SIDER 4.1,http://identifiers.org/umls/C0748318
C0018801,Cardiac failure,Cardiac failure (SideEffect),CC BY-NC-SA 4.0,UMLS via SIDER 4.1,http://identifiers.org/umls/C0018801
C0877047,Occult blood positive,Occult blood positive (SideEffect),CC BY-NC-SA 4.0,UMLS via SIDER 4.1,http://identifiers.org/umls/C0877047
C0853254,Nasal passage irritation,Nasal passage irritation (SideEffect),CC BY-NC-SA 4.0,UMLS via SIDER 4.1,http://identifiers.org/umls/C0853254
C0030848,Peyronie's disease,Peyronie's disease (SideEffect),CC BY-NC-SA 4.0,UMLS via SIDER 4.1,http://identifiers.org/umls/C0030848
C0010495,Cutis laxa,Cutis laxa (SideEffect),CC BY-NC-SA 4.0,UMLS via SIDER 4.1,http://identifiers.org/umls/C0010495
C0025286,Meningioma,Meningioma (SideEffect),CC BY-NC-SA 4.0,UMLS via SIDER 4.1,http://identifiers.org/umls/C0025286
C0018099,Gout,Gout (SideEffect),CC BY-NC-SA 4.0,UMLS via SIDER 4.1,http://identifiers.org/umls/C0018099
C0424489,Chapped lips,Chapped lips (SideEffect),CC BY-NC-SA 4.0,UMLS via SIDER 4.1,http://identifiers.org/umls/C0424489
C0277794,Prostration,Prostration (SideEffect),CC BY-NC-SA 4.0,UMLS via SIDER 4.1,http://identifiers.org/umls/C0277794
C0235710,Chest discomfort,Chest discomfort (SideEffect),CC BY-NC-SA 4.0,UMLS via SIDER 4.1,http://identifiers.org/umls/C0235710
C0033775,Anal pruritus,Anal pruritus (SideEffect),CC BY-NC-SA 4.0,UMLS via SIDER 4.1,http://identifiers.org/umls/C0033775
C0410916,Death neonatal,Death neonatal (SideEffect),CC BY-NC-SA 4.0,UMLS via SIDER 4.1,http://identifiers.org/umls/C0410916
C1142017,Glabellar reflex abnormal,Glabellar reflex abnormal (SideEffect),CC BY-NC-SA 4.0,UMLS via SIDER 4.1,http://identifiers.org/umls/C1142017
C0542075,Local throat irritation,Local throat irritation (SideEffect),CC BY-NC-SA 4.0,UMLS via SIDER 4.1,http://identifiers.org/umls/C0542075
C0854504,Enterococcal bacteraemia,Enterococcal bacteraemia (SideEffect),CC BY-NC-SA 4.0,UMLS via SIDER 4.1,http://identifiers.org/umls/C0854504
C0683369,Consciousness clouding,Consciousness clouding (SideEffect),CC BY-NC-SA 4.0,UMLS via SIDER 4.1,http://identifiers.org/umls/C0683369
C0392702,Abnormal involuntary movements,Abnormal involuntary movements (SideEffect),CC BY-NC-SA 4.0,UMLS via SIDER 4.1,http://identifiers.org/umls/C0392702
C0948447,Chromosomal mutation,Chromosomal mutation (SideEffect),CC BY-NC-SA 4.0,UMLS via SIDER 4.1,http://identifiers.org/umls/C0948447
C0856100,Pancreatitis aggravated,Pancreatitis aggravated (SideEffect),CC BY-NC-SA 4.0,UMLS via SIDER 4.1,http://identifiers.org/umls/C0856100
C0263105,Abdominal wall abscess,Abdominal wall abscess (SideEffect),CC BY-NC-SA 4.0,UMLS via SIDER 4.1,http://identifiers.org/umls/C0263105
C0221204,Osteolysis,Osteolysis (SideEffect),CC BY-NC-SA 4.0,UMLS via SIDER 4.1,http://identifiers.org/umls/C0221204
C0019385,Meningoencephalitis herpetic,Meningoencephalitis herpetic (SideEffect),CC BY-NC-SA 4.0,UMLS via SIDER 4.1,http://identifiers.org/umls/C0019385
C0151827,Eye pain,Eye pain (SideEffect),CC BY-NC-SA 4.0,UMLS via SIDER 4.1,http://identifiers.org/umls/C0151827
C1737224,Post procedural swelling,Post procedural swelling (SideEffect),CC BY-NC-SA 4.0,UMLS via SIDER 4.1,http://identifiers.org/umls/C1737224
C0004030,Aspergillosis,Aspergillosis (SideEffect),CC BY-NC-SA 4.0,UMLS via SIDER 4.1,http://identifiers.org/umls/C0004030
C2711227,Hepatic steatosis,Hepatic steatosis (SideEffect),CC BY-NC-SA 4.0,UMLS via SIDER 4.1,http://identifiers.org/umls/C2711227
C1698480,Supraventricular tachyarrhythmia,Supraventricular tachyarrhythmia (SideEffect),CC BY-NC-SA 4.0,UMLS via SIDER 4.1,http://identifiers.org/umls/C1698480
C1701474,Argumentativeness,Argumentativeness (SideEffect),CC BY-NC-SA 4.0,UMLS via SIDER 4.1,http://identifiers.org/umls/C1701474
C0857495,Sore nose,Sore nose (SideEffect),CC BY-NC-SA 4.0,UMLS via SIDER 4.1,http://identifiers.org/umls/C0857495
C0024291,Hemophagocytic lymphohistiocytosis,Hemophagocytic lymphohistiocytosis (SideEffect),CC BY-NC-SA 4.0,UMLS via SIDER 4.1,http://identifiers.org/umls/C0024291
C0235680,Vaginitis ulcerative,Vaginitis ulcerative (SideEffect),CC BY-NC-SA 4.0,UMLS via SIDER 4.1,http://identifiers.org/umls/C0235680
C1282799,Penile swelling,Penile swelling (SideEffect),CC BY-NC-SA 4.0,UMLS via SIDER 4.1,http://identifiers.org/umls/C1282799
C1956391,Temporal arteritis,Temporal arteritis (SideEffect),CC BY-NC-SA 4.0,UMLS via SIDER 4.1,http://identifiers.org/umls/C1956391
C0013418,Abnormal labour,Abnormal labour (SideEffect),CC BY-NC-SA 4.0,UMLS via SIDER 4.1,http://identifiers.org/umls/C0013418
C1527330,Pyridoxine deficiency,Pyridoxine deficiency (SideEffect),CC BY-NC-SA 4.0,UMLS via SIDER 4.1,http://identifiers.org/umls/C1527330
C2939062,Respiratory tract oedema,Respiratory tract oedema (SideEffect),CC BY-NC-SA 4.0,UMLS via SIDER 4.1,http://identifiers.org/umls/C2939062
C2609176,Kounis syndrome,Kounis syndrome (SideEffect),CC BY-NC-SA 4.0,UMLS via SIDER 4.1,http://identifiers.org/umls/C2609176
C0438237,Hepatic enzyme abnormal,Hepatic enzyme abnormal (SideEffect),CC BY-NC-SA 4.0,UMLS via SIDER 4.1,http://identifiers.org/umls/C0438237
C0876973,Lung infection,Lung infection (SideEffect),CC BY-NC-SA 4.0,UMLS via SIDER 4.1,http://identifiers.org/umls/C0876973
C0022346,Jaundice,Jaundice (SideEffect),CC BY-NC-SA 4.0,UMLS via SIDER 4.1,http://identifiers.org/umls/C0022346
C0221030,Hyperviscosity syndrome,Hyperviscosity syndrome (SideEffect),CC BY-NC-SA 4.0,UMLS via SIDER 4.1,http://identifiers.org/umls/C0221030
C3160830,Prostatic dysplasia,Prostatic dysplasia (SideEffect),CC BY-NC-SA 4.0,UMLS via SIDER 4.1,http://identifiers.org/umls/C3160830
C0031190,Persistent foetal circulation,Persistent foetal circulation (SideEffect),CC BY-NC-SA 4.0,UMLS via SIDER 4.1,http://identifiers.org/umls/C0031190
C0948824,Haemorrhagic anaemia,Haemorrhagic anaemia (SideEffect),CC BY-NC-SA 4.0,UMLS via SIDER 4.1,http://identifiers.org/umls/C0948824
C0541831,Choreiform,Choreiform (SideEffect),CC BY-NC-SA 4.0,UMLS via SIDER 4.1,http://identifiers.org/umls/C0541831
C0155305,Optic ischaemic neuropathy,Optic ischaemic neuropathy (SideEffect),CC BY-NC-SA 4.0,UMLS via SIDER 4.1,http://identifiers.org/umls/C0155305
C0159658,Clavicle fracture,Clavicle fracture (SideEffect),CC BY-NC-SA 4.0,UMLS via SIDER 4.1,http://identifiers.org/umls/C0159658
C0000833,Abscess,Abscess (SideEffect),CC BY-NC-SA 4.0,UMLS via SIDER 4.1,http://identifiers.org/umls/C0000833
C0014173,Endometrial hyperplasia,Endometrial hyperplasia (SideEffect),CC BY-NC-SA 4.0,UMLS via SIDER 4.1,http://identifiers.org/umls/C0014173
C0015734,Faecalith,Faecalith (SideEffect),CC BY-NC-SA 4.0,UMLS via SIDER 4.1,http://identifiers.org/umls/C0015734
C0235357,Tooth hypoplasia,Tooth hypoplasia (SideEffect),CC BY-NC-SA 4.0,UMLS via SIDER 4.1,http://identifiers.org/umls/C0235357
C0877605,Burning anal,Burning anal (SideEffect),CC BY-NC-SA 4.0,UMLS via SIDER 4.1,http://identifiers.org/umls/C0877605
C0948806,Catheter related complication,Catheter related complication (SideEffect),CC BY-NC-SA 4.0,UMLS via SIDER 4.1,http://identifiers.org/umls/C0948806
C0156312,Testicular atrophy,Testicular atrophy (SideEffect),CC BY-NC-SA 4.0,UMLS via SIDER 4.1,http://identifiers.org/umls/C0156312
C0032519,Polymenorrhoea,Polymenorrhoea (SideEffect),CC BY-NC-SA 4.0,UMLS via SIDER 4.1,http://identifiers.org/umls/C0032519
C0270971,Floppy infant,Floppy infant (SideEffect),CC BY-NC-SA 4.0,UMLS via SIDER 4.1,http://identifiers.org/umls/C0270971
C0267380,Ileitis regional,Ileitis regional (SideEffect),CC BY-NC-SA 4.0,UMLS via SIDER 4.1,http://identifiers.org/umls/C0267380
C0332563,Papule,Papule (SideEffect),CC BY-NC-SA 4.0,UMLS via SIDER 4.1,http://identifiers.org/umls/C0332563
C0085602,Polydipsia,Polydipsia (SideEffect),CC BY-NC-SA 4.0,UMLS via SIDER 4.1,http://identifiers.org/umls/C0085602
C0151736,Accidental injury,Accidental injury (SideEffect),CC BY-NC-SA 4.0,UMLS via SIDER 4.1,http://identifiers.org/umls/C0151736
C0151865,Pregnancy test false positive,Pregnancy test false positive (SideEffect),CC BY-NC-SA 4.0,UMLS via SIDER 4.1,http://identifiers.org/umls/C0151865
C1261167,Sperm concentration,Sperm concentration (SideEffect),CC BY-NC-SA 4.0,UMLS via SIDER 4.1,http://identifiers.org/umls/C1261167
C0476414,Thyroid function test abnormal,Thyroid function test abnormal (SideEffect),CC BY-NC-SA 4.0,UMLS via SIDER 4.1,http://identifiers.org/umls/C0476414
C0597457,Skeletal injury,Skeletal injury (SideEffect),CC BY-NC-SA 4.0,UMLS via SIDER 4.1,http://identifiers.org/umls/C0597457
C1955743,Mineralocorticoid deficiency,Mineralocorticoid deficiency (SideEffect),CC BY-NC-SA 4.0,UMLS via SIDER 4.1,http://identifiers.org/umls/C1955743
C0850569,Allergic rash,Allergic rash (SideEffect),CC BY-NC-SA 4.0,UMLS via SIDER 4.1,http://identifiers.org/umls/C0850569
C0231246,Weight gain poor,Weight gain poor (SideEffect),CC BY-NC-SA 4.0,UMLS via SIDER 4.1,http://identifiers.org/umls/C0231246
C0853782,Blood creatine phosphokinase abnormal,Blood creatine phosphokinase abnormal (SideEffect),CC BY-NC-SA 4.0,UMLS via SIDER 4.1,http://identifiers.org/umls/C0853782
C0021099,Impetigo,Impetigo (SideEffect),CC BY-NC-SA 4.0,UMLS via SIDER 4.1,http://identifiers.org/umls/C0021099
C0035302,Retinal artery occlusion,Retinal artery occlusion (SideEffect),CC BY-NC-SA 4.0,UMLS via SIDER 4.1,http://identifiers.org/umls/C0035302
C1504465,Device malfunction,Device malfunction (SideEffect),CC BY-NC-SA 4.0,UMLS via SIDER 4.1,http://identifiers.org/umls/C1504465
C0030521,Parathyroid tumour,Parathyroid tumour (SideEffect),CC BY-NC-SA 4.0,UMLS via SIDER 4.1,http://identifiers.org/umls/C0030521
C0860514,Dreamy state,Dreamy state (SideEffect),CC BY-NC-SA 4.0,UMLS via SIDER 4.1,http://identifiers.org/umls/C0860514
C0234934,Urticaria vesiculosa,Urticaria vesiculosa (SideEffect),CC BY-NC-SA 4.0,UMLS via SIDER 4.1,http://identifiers.org/umls/C0234934
C0042909,Vitreous haemorrhage,Vitreous haemorrhage (SideEffect),CC BY-NC-SA 4.0,UMLS via SIDER 4.1,http://identifiers.org/umls/C0042909
C1510497,Lenticular opacities,Lenticular opacities (SideEffect),CC BY-NC-SA 4.0,UMLS via SIDER 4.1,http://identifiers.org/umls/C1510497
C0038587,Withdrawal syndrome,Withdrawal syndrome (SideEffect),CC BY-NC-SA 4.0,UMLS via SIDER 4.1,http://identifiers.org/umls/C0038587
C2364164,Fluid imbalance,Fluid imbalance (SideEffect),CC BY-NC-SA 4.0,UMLS via SIDER 4.1,http://identifiers.org/umls/C2364164
C0232191,Reflex bradycardia,Reflex bradycardia (SideEffect),CC BY-NC-SA 4.0,UMLS via SIDER 4.1,http://identifiers.org/umls/C0232191
C1167750,Hoigne's syndrome,Hoigne's syndrome (SideEffect),CC BY-NC-SA 4.0,UMLS via SIDER 4.1,http://identifiers.org/umls/C1167750
C1096355,Electrocardiogram U-wave abnormality,Electrocardiogram U-wave abnormality (SideEffect),CC BY-NC-SA 4.0,UMLS via SIDER 4.1,http://identifiers.org/umls/C1096355
C1608945,Exfoliative rash,Exfoliative rash (SideEffect),CC BY-NC-SA 4.0,UMLS via SIDER 4.1,http://identifiers.org/umls/C1608945
C0853750,Blood magnesium decreased,Blood magnesium decreased (SideEffect),CC BY-NC-SA 4.0,UMLS via SIDER 4.1,http://identifiers.org/umls/C0853750
C0151892,Retinal pigmentation,Retinal pigmentation (SideEffect),CC BY-NC-SA 4.0,UMLS via SIDER 4.1,http://identifiers.org/umls/C0151892
C0020649,Hypotension,Hypotension (SideEffect),CC BY-NC-SA 4.0,UMLS via SIDER 4.1,http://identifiers.org/umls/C0020649
C0600041,Bladder infection,Bladder infection (SideEffect),CC BY-NC-SA 4.0,UMLS via SIDER 4.1,http://identifiers.org/umls/C0600041
C0029429,Osteochondrosis,Osteochondrosis (SideEffect),CC BY-NC-SA 4.0,UMLS via SIDER 4.1,http://identifiers.org/umls/C0029429
C0016479,Food poisoning,Food poisoning (SideEffect),CC BY-NC-SA 4.0,UMLS via SIDER 4.1,http://identifiers.org/umls/C0016479
C0030517,Parathyroid disorder,Parathyroid disorder (SideEffect),CC BY-NC-SA 4.0,UMLS via SIDER 4.1,http://identifiers.org/umls/C0030517
C0013595,Eczema,Eczema (SideEffect),CC BY-NC-SA 4.0,UMLS via SIDER 4.1,http://identifiers.org/umls/C0013595
C0342406,Pituitary haemorrhage,Pituitary haemorrhage (SideEffect),CC BY-NC-SA 4.0,UMLS via SIDER 4.1,http://identifiers.org/umls/C0342406
C0085702,Monocytosis,Monocytosis (SideEffect),CC BY-NC-SA 4.0,UMLS via SIDER 4.1,http://identifiers.org/umls/C0085702
C0032319,Pneumopericardium,Pneumopericardium (SideEffect),CC BY-NC-SA 4.0,UMLS via SIDER 4.1,http://identifiers.org/umls/C0032319
C0853348,Arthropod bite,Arthropod bite (SideEffect),CC BY-NC-SA 4.0,UMLS via SIDER 4.1,http://identifiers.org/umls/C0853348
C0009193,Coccydynia,Coccydynia (SideEffect),CC BY-NC-SA 4.0,UMLS via SIDER 4.1,http://identifiers.org/umls/C0009193
C0856171,Coronary artery disease aggravated,Coronary artery disease aggravated (SideEffect),CC BY-NC-SA 4.0,UMLS via SIDER 4.1,http://identifiers.org/umls/C0856171
C0262428,Collagen-vascular disease,Collagen-vascular disease (SideEffect),CC BY-NC-SA 4.0,UMLS via SIDER 4.1,http://identifiers.org/umls/C0262428
C1142249,Infected cyst,Infected cyst (SideEffect),CC BY-NC-SA 4.0,UMLS via SIDER 4.1,http://identifiers.org/umls/C1142249
C0858346,Gastrointestinal ulcer perforation,Gastrointestinal ulcer perforation (SideEffect),CC BY-NC-SA 4.0,UMLS via SIDER 4.1,http://identifiers.org/umls/C0858346
C0853015,Blood growth hormone increased,Blood growth hormone increased (SideEffect),CC BY-NC-SA 4.0,UMLS via SIDER 4.1,http://identifiers.org/umls/C0853015
C1610056,Antinuclear antibody increased,Antinuclear antibody increased (SideEffect),CC BY-NC-SA 4.0,UMLS via SIDER 4.1,http://identifiers.org/umls/C1610056
C0392699,Dysaesthesia,Dysaesthesia (SideEffect),CC BY-NC-SA 4.0,UMLS via SIDER 4.1,http://identifiers.org/umls/C0392699
C0235504,Thrombophlebitis of the leg,Thrombophlebitis of the leg (SideEffect),CC BY-NC-SA 4.0,UMLS via SIDER 4.1,http://identifiers.org/umls/C0235504
C0344357,Nocturnal dyspnoea,Nocturnal dyspnoea (SideEffect),CC BY-NC-SA 4.0,UMLS via SIDER 4.1,http://identifiers.org/umls/C0344357
C0042164,Uveitis,Uveitis (SideEffect),CC BY-NC-SA 4.0,UMLS via SIDER 4.1,http://identifiers.org/umls/C0042164
C0740278,Pelvic peritoneal adhesions,Pelvic peritoneal adhesions (SideEffect),CC BY-NC-SA 4.0,UMLS via SIDER 4.1,http://identifiers.org/umls/C0740278
C0042143,Uterine rupture,Uterine rupture (SideEffect),CC BY-NC-SA 4.0,UMLS via SIDER 4.1,http://identifiers.org/umls/C0042143
C0018991,Hemiplegia,Hemiplegia (SideEffect),CC BY-NC-SA 4.0,UMLS via SIDER 4.1,http://identifiers.org/umls/C0018991
C0024031,Low back pain,Low back pain (SideEffect),CC BY-NC-SA 4.0,UMLS via SIDER 4.1,http://identifiers.org/umls/C0024031
C0039621,Tetany,Tetany (SideEffect),CC BY-NC-SA 4.0,UMLS via SIDER 4.1,http://identifiers.org/umls/C0039621
C2609183,Abnormal withdrawal bleeding,Abnormal withdrawal bleeding (SideEffect),CC BY-NC-SA 4.0,UMLS via SIDER 4.1,http://identifiers.org/umls/C2609183
C0233485,Apprehension,Apprehension (SideEffect),CC BY-NC-SA 4.0,UMLS via SIDER 4.1,http://identifiers.org/umls/C0233485
C0271355,VIth nerve paralysis,VIth nerve paralysis (SideEffect),CC BY-NC-SA 4.0,UMLS via SIDER 4.1,http://identifiers.org/umls/C0271355
C1306889,Peripheral arterial occlusive disease,Peripheral arterial occlusive disease (SideEffect),CC BY-NC-SA 4.0,UMLS via SIDER 4.1,http://identifiers.org/umls/C1306889
C0262431,Spinal compression fracture,Spinal compression fracture (SideEffect),CC BY-NC-SA 4.0,UMLS via SIDER 4.1,http://identifiers.org/umls/C0262431
C0155001,Subjective visual disturbances,Subjective visual disturbances (SideEffect),CC BY-NC-SA 4.0,UMLS via SIDER 4.1,http://identifiers.org/umls/C0155001
C3665900,Intraspinal bleeding,Intraspinal bleeding (SideEffect),CC BY-NC-SA 4.0,UMLS via SIDER 4.1,http://identifiers.org/umls/C3665900
C0340726,Embolism venous,Embolism venous (SideEffect),CC BY-NC-SA 4.0,UMLS via SIDER 4.1,http://identifiers.org/umls/C0340726
C0039503,Tendonitis,Tendonitis (SideEffect),CC BY-NC-SA 4.0,UMLS via SIDER 4.1,http://identifiers.org/umls/C0039503
C0852977,Epilepsy aggravated,Epilepsy aggravated (SideEffect),CC BY-NC-SA 4.0,UMLS via SIDER 4.1,http://identifiers.org/umls/C0852977
C1527249,Colorectal cancer,Colorectal cancer (SideEffect),CC BY-NC-SA 4.0,UMLS via SIDER 4.1,http://identifiers.org/umls/C1527249
C0027697,Nephritis,Nephritis (SideEffect),CC BY-NC-SA 4.0,UMLS via SIDER 4.1,http://identifiers.org/umls/C0027697
C1142492,Postinfarction angina,Postinfarction angina (SideEffect),CC BY-NC-SA 4.0,UMLS via SIDER 4.1,http://identifiers.org/umls/C1142492
C0857144,Metastatic pain,Metastatic pain (SideEffect),CC BY-NC-SA 4.0,UMLS via SIDER 4.1,http://identifiers.org/umls/C0857144
C0232826,Antidiuresis,Antidiuresis (SideEffect),CC BY-NC-SA 4.0,UMLS via SIDER 4.1,http://identifiers.org/umls/C0232826
C0029445,Osteonecrosis,Osteonecrosis (SideEffect),CC BY-NC-SA 4.0,UMLS via SIDER 4.1,http://identifiers.org/umls/C0029445
C1535879,Vessel puncture site bruise,Vessel puncture site bruise (SideEffect),CC BY-NC-SA 4.0,UMLS via SIDER 4.1,http://identifiers.org/umls/C1535879
C0428977,Bradycardia,Bradycardia (SideEffect),CC BY-NC-SA 4.0,UMLS via SIDER 4.1,http://identifiers.org/umls/C0428977
C0014431,Enzyme induction,Enzyme induction (SideEffect),CC BY-NC-SA 4.0,UMLS via SIDER 4.1,http://identifiers.org/umls/C0014431
C0152009,WBC abnormal NOS,WBC abnormal NOS (SideEffect),CC BY-NC-SA 4.0,UMLS via SIDER 4.1,http://identifiers.org/umls/C0152009
C0032343,Poisoning,Poisoning (SideEffect),CC BY-NC-SA 4.0,UMLS via SIDER 4.1,http://identifiers.org/umls/C0032343
C0022951,Lactose intolerance,Lactose intolerance (SideEffect),CC BY-NC-SA 4.0,UMLS via SIDER 4.1,http://identifiers.org/umls/C0022951
C0349702,Corneal scar,Corneal scar (SideEffect),CC BY-NC-SA 4.0,UMLS via SIDER 4.1,http://identifiers.org/umls/C0349702
C0152447,Urethral discharge,Urethral discharge (SideEffect),CC BY-NC-SA 4.0,UMLS via SIDER 4.1,http://identifiers.org/umls/C0152447
C0151785,Mucous membrane disorder,Mucous membrane disorder (SideEffect),CC BY-NC-SA 4.0,UMLS via SIDER 4.1,http://identifiers.org/umls/C0151785
C0030567,Parkinson's disease,Parkinson's disease (SideEffect),CC BY-NC-SA 4.0,UMLS via SIDER 4.1,http://identifiers.org/umls/C0030567
C0020458,Hyperhidrosis,Hyperhidrosis (SideEffect),CC BY-NC-SA 4.0,UMLS via SIDER 4.1,http://identifiers.org/umls/C0020458
C0549478,Device expulsion,Device expulsion (SideEffect),CC BY-NC-SA 4.0,UMLS via SIDER 4.1,http://identifiers.org/umls/C0549478
C0474444,Corneal stromal edema,Corneal stromal edema (SideEffect),CC BY-NC-SA 4.0,UMLS via SIDER 4.1,http://identifiers.org/umls/C0474444
C0276141,Bronchitis viral,Bronchitis viral (SideEffect),CC BY-NC-SA 4.0,UMLS via SIDER 4.1,http://identifiers.org/umls/C0276141
C0857035,Acute anaphylaxis,Acute anaphylaxis (SideEffect),CC BY-NC-SA 4.0,UMLS via SIDER 4.1,http://identifiers.org/umls/C0857035
C0232267,Pericardial rub,Pericardial rub (SideEffect),CC BY-NC-SA 4.0,UMLS via SIDER 4.1,http://identifiers.org/umls/C0232267
C0013240,Alveolar osteitis,Alveolar osteitis (SideEffect),CC BY-NC-SA 4.0,UMLS via SIDER 4.1,http://identifiers.org/umls/C0013240
C1696946,Polyomavirus-associated nephropathy,Polyomavirus-associated nephropathy (SideEffect),CC BY-NC-SA 4.0,UMLS via SIDER 4.1,http://identifiers.org/umls/C1696946
C0151602,Swelling face,Swelling face (SideEffect),CC BY-NC-SA 4.0,UMLS via SIDER 4.1,http://identifiers.org/umls/C0151602
C0750272,Unilateral vision loss,Unilateral vision loss (SideEffect),CC BY-NC-SA 4.0,UMLS via SIDER 4.1,http://identifiers.org/umls/C0750272
C0018813,Myocardial rupture,Myocardial rupture (SideEffect),CC BY-NC-SA 4.0,UMLS via SIDER 4.1,http://identifiers.org/umls/C0018813
C0520933,Spermatogenesis abnormal,Spermatogenesis abnormal (SideEffect),CC BY-NC-SA 4.0,UMLS via SIDER 4.1,http://identifiers.org/umls/C0520933
C0025290,Meningitis aseptic,Meningitis aseptic (SideEffect),CC BY-NC-SA 4.0,UMLS via SIDER 4.1,http://identifiers.org/umls/C0025290
C3160754,Atypical femur fracture,Atypical femur fracture (SideEffect),CC BY-NC-SA 4.0,UMLS via SIDER 4.1,http://identifiers.org/umls/C3160754
C0268733,Acute nephritis,Acute nephritis (SideEffect),CC BY-NC-SA 4.0,UMLS via SIDER 4.1,http://identifiers.org/umls/C0268733
C0021776,Intermittent explosive disorder,Intermittent explosive disorder (SideEffect),CC BY-NC-SA 4.0,UMLS via SIDER 4.1,http://identifiers.org/umls/C0021776
C0262578,Night cramps,Night cramps (SideEffect),CC BY-NC-SA 4.0,UMLS via SIDER 4.1,http://identifiers.org/umls/C0262578
C0019187,Hepatitis alcoholic,Hepatitis alcoholic (SideEffect),CC BY-NC-SA 4.0,UMLS via SIDER 4.1,http://identifiers.org/umls/C0019187
C0040137,Thyroid nodule,Thyroid nodule (SideEffect),CC BY-NC-SA 4.0,UMLS via SIDER 4.1,http://identifiers.org/umls/C0040137
C0948815,Catheter site erythema,Catheter site erythema (SideEffect),CC BY-NC-SA 4.0,UMLS via SIDER 4.1,http://identifiers.org/umls/C0948815
C0162848,Eruption lichenoid,Eruption lichenoid (SideEffect),CC BY-NC-SA 4.0,UMLS via SIDER 4.1,http://identifiers.org/umls/C0162848
C0022890,Labyrinthine disorder,Labyrinthine disorder (SideEffect),CC BY-NC-SA 4.0,UMLS via SIDER 4.1,http://identifiers.org/umls/C0022890
C0438235,Liver function test normal,Liver function test normal (SideEffect),CC BY-NC-SA 4.0,UMLS via SIDER 4.1,http://identifiers.org/umls/C0438235
C0042961,Volvulus,Volvulus (SideEffect),CC BY-NC-SA 4.0,UMLS via SIDER 4.1,http://identifiers.org/umls/C0042961
C0919568,Impatience,Impatience (SideEffect),CC BY-NC-SA 4.0,UMLS via SIDER 4.1,http://identifiers.org/umls/C0919568
C0542247,Tremulousness,Tremulousness (SideEffect),CC BY-NC-SA 4.0,UMLS via SIDER 4.1,http://identifiers.org/umls/C0542247
C0020498,Senile ankylosing vertebral hyperostosis,Senile ankylosing vertebral hyperostosis (SideEffect),CC BY-NC-SA 4.0,UMLS via SIDER 4.1,http://identifiers.org/umls/C0020498
C0021122,Impulse-control disorder,Impulse-control disorder (SideEffect),CC BY-NC-SA 4.0,UMLS via SIDER 4.1,http://identifiers.org/umls/C0021122
C0234975,Convulsions aggravated,Convulsions aggravated (SideEffect),CC BY-NC-SA 4.0,UMLS via SIDER 4.1,http://identifiers.org/umls/C0234975
C0877440,Erythema periorbital,Erythema periorbital (SideEffect),CC BY-NC-SA 4.0,UMLS via SIDER 4.1,http://identifiers.org/umls/C0877440
C0022821,Kyphosis,Kyphosis (SideEffect),CC BY-NC-SA 4.0,UMLS via SIDER 4.1,http://identifiers.org/umls/C0022821
C0043037,Common wart,Common wart (SideEffect),CC BY-NC-SA 4.0,UMLS via SIDER 4.1,http://identifiers.org/umls/C0043037
C0497217,Other disorders of eye,Other disorders of eye (SideEffect),CC BY-NC-SA 4.0,UMLS via SIDER 4.1,http://identifiers.org/umls/C0497217
C0017658,Glomerulonephritis,Glomerulonephritis (SideEffect),CC BY-NC-SA 4.0,UMLS via SIDER 4.1,http://identifiers.org/umls/C0017658
C0152227,Lacrimation increased,Lacrimation increased (SideEffect),CC BY-NC-SA 4.0,UMLS via SIDER 4.1,http://identifiers.org/umls/C0152227
C0151814,Coronary artery occlusion,Coronary artery occlusion (SideEffect),CC BY-NC-SA 4.0,UMLS via SIDER 4.1,http://identifiers.org/umls/C0151814
C0238198,Gastrointestinal stromal tumour,Gastrointestinal stromal tumour (SideEffect),CC BY-NC-SA 4.0,UMLS via SIDER 4.1,http://identifiers.org/umls/C0238198
C0553980,Endocardial fibrosis,Endocardial fibrosis (SideEffect),CC BY-NC-SA 4.0,UMLS via SIDER 4.1,http://identifiers.org/umls/C0553980
C0017638,Glioma,Glioma (SideEffect),CC BY-NC-SA 4.0,UMLS via SIDER 4.1,http://identifiers.org/umls/C0017638
C0027721,Lipoid nephrosis,Lipoid nephrosis (SideEffect),CC BY-NC-SA 4.0,UMLS via SIDER 4.1,http://identifiers.org/umls/C0027721
C1167745,Extremity necrosis,Extremity necrosis (SideEffect),CC BY-NC-SA 4.0,UMLS via SIDER 4.1,http://identifiers.org/umls/C1167745
C0853893,Device interaction,Device interaction (SideEffect),CC BY-NC-SA 4.0,UMLS via SIDER 4.1,http://identifiers.org/umls/C0853893
C0741921,Cardiac enzymes increased,Cardiac enzymes increased (SideEffect),CC BY-NC-SA 4.0,UMLS via SIDER 4.1,http://identifiers.org/umls/C0741921
C0302858,Protein-losing gastroenteropathy,Protein-losing gastroenteropathy (SideEffect),CC BY-NC-SA 4.0,UMLS via SIDER 4.1,http://identifiers.org/umls/C0302858
C0521172,Eschar,Eschar (SideEffect),CC BY-NC-SA 4.0,UMLS via SIDER 4.1,http://identifiers.org/umls/C0521172
C1142166,Brugada syndrome,Brugada syndrome (SideEffect),CC BY-NC-SA 4.0,UMLS via SIDER 4.1,http://identifiers.org/umls/C1142166
C0521305,Assisted fertilisation,Assisted fertilisation (SideEffect),CC BY-NC-SA 4.0,UMLS via SIDER 4.1,http://identifiers.org/umls/C0521305
C0025162,Megacolon toxic,Megacolon toxic (SideEffect),CC BY-NC-SA 4.0,UMLS via SIDER 4.1,http://identifiers.org/umls/C0025162
C1112677,Protein allergy,Protein allergy (SideEffect),CC BY-NC-SA 4.0,UMLS via SIDER 4.1,http://identifiers.org/umls/C1112677
C0006111,Brain disorder NOS,Brain disorder NOS (SideEffect),CC BY-NC-SA 4.0,UMLS via SIDER 4.1,http://identifiers.org/umls/C0006111
C0686377,Metastases to central nervous system,Metastases to central nervous system (SideEffect),CC BY-NC-SA 4.0,UMLS via SIDER 4.1,http://identifiers.org/umls/C0686377
C1167868,Perinephric collection,Perinephric collection (SideEffect),CC BY-NC-SA 4.0,UMLS via SIDER 4.1,http://identifiers.org/umls/C1167868
C0235162,Difficulty sleeping,Difficulty sleeping (SideEffect),CC BY-NC-SA 4.0,UMLS via SIDER 4.1,http://identifiers.org/umls/C0235162
C0008325,Cholecystitis,Cholecystitis (SideEffect),CC BY-NC-SA 4.0,UMLS via SIDER 4.1,http://identifiers.org/umls/C0008325
C0262627,Seroma,Seroma (SideEffect),CC BY-NC-SA 4.0,UMLS via SIDER 4.1,http://identifiers.org/umls/C0262627
C0004095,Asthenopia,Asthenopia (SideEffect),CC BY-NC-SA 4.0,UMLS via SIDER 4.1,http://identifiers.org/umls/C0004095
C0235492,Raynaud-like disorder,Raynaud-like disorder (SideEffect),CC BY-NC-SA 4.0,UMLS via SIDER 4.1,http://identifiers.org/umls/C0235492
C0340279,Ventricular hypertrophy,Ventricular hypertrophy (SideEffect),CC BY-NC-SA 4.0,UMLS via SIDER 4.1,http://identifiers.org/umls/C0340279
C0017566,Gingival hyperplasia,Gingival hyperplasia (SideEffect),CC BY-NC-SA 4.0,UMLS via SIDER 4.1,http://identifiers.org/umls/C0017566
C0040264,Tinnitus,Tinnitus (SideEffect),CC BY-NC-SA 4.0,UMLS via SIDER 4.1,http://identifiers.org/umls/C0040264
C0035317,Retinal haemorrhage,Retinal haemorrhage (SideEffect),CC BY-NC-SA 4.0,UMLS via SIDER 4.1,http://identifiers.org/umls/C0035317
C0266648,Blighted ovum,Blighted ovum (SideEffect),CC BY-NC-SA 4.0,UMLS via SIDER 4.1,http://identifiers.org/umls/C0266648
C0278016,Faeces hard,Faeces hard (SideEffect),CC BY-NC-SA 4.0,UMLS via SIDER 4.1,http://identifiers.org/umls/C0278016
C0033687,Proteinuria,Proteinuria (SideEffect),CC BY-NC-SA 4.0,UMLS via SIDER 4.1,http://identifiers.org/umls/C0033687
C0019557,Hip fracture,Hip fracture (SideEffect),CC BY-NC-SA 4.0,UMLS via SIDER 4.1,http://identifiers.org/umls/C0019557
C0085639,Fall,Fall (SideEffect),CC BY-NC-SA 4.0,UMLS via SIDER 4.1,http://identifiers.org/umls/C0085639
C0149958,Complex partial seizures,Complex partial seizures (SideEffect),CC BY-NC-SA 4.0,UMLS via SIDER 4.1,http://identifiers.org/umls/C0149958
C0345996,Milia,Milia (SideEffect),CC BY-NC-SA 4.0,UMLS via SIDER 4.1,http://identifiers.org/umls/C0345996
C0271468,Eustachian tube disorder,Eustachian tube disorder (SideEffect),CC BY-NC-SA 4.0,UMLS via SIDER 4.1,http://identifiers.org/umls/C0271468
C0031039,Pericardial effusion,Pericardial effusion (SideEffect),CC BY-NC-SA 4.0,UMLS via SIDER 4.1,http://identifiers.org/umls/C0031039
C0018081,Gonorrhoea,Gonorrhoea (SideEffect),CC BY-NC-SA 4.0,UMLS via SIDER 4.1,http://identifiers.org/umls/C0018081
C0853020,Blood oestrogen increased,Blood oestrogen increased (SideEffect),CC BY-NC-SA 4.0,UMLS via SIDER 4.1,http://identifiers.org/umls/C0853020
C0948369,Myocardial reinfarction,Myocardial reinfarction (SideEffect),CC BY-NC-SA 4.0,UMLS via SIDER 4.1,http://identifiers.org/umls/C0948369
C0271738,Secondary adrenocortical insufficiency,Secondary adrenocortical insufficiency (SideEffect),CC BY-NC-SA 4.0,UMLS via SIDER 4.1,http://identifiers.org/umls/C0271738
C3495801,Granulomatosis with polyangiitis,Granulomatosis with polyangiitis (SideEffect),CC BY-NC-SA 4.0,UMLS via SIDER 4.1,http://identifiers.org/umls/C3495801
C0274435,Transfusion reaction,Transfusion reaction (SideEffect),CC BY-NC-SA 4.0,UMLS via SIDER 4.1,http://identifiers.org/umls/C0274435
C0853336,Corneal infiltrates,Corneal infiltrates (SideEffect),CC BY-NC-SA 4.0,UMLS via SIDER 4.1,http://identifiers.org/umls/C0853336
C0242785,Drug - food interaction,Drug - food interaction (SideEffect),CC BY-NC-SA 4.0,UMLS via SIDER 4.1,http://identifiers.org/umls/C0242785
C0263634,Excessive granulation tissue,Excessive granulation tissue (SideEffect),CC BY-NC-SA 4.0,UMLS via SIDER 4.1,http://identifiers.org/umls/C0263634
C0151464,Injection site abscess,Injection site abscess (SideEffect),CC BY-NC-SA 4.0,UMLS via SIDER 4.1,http://identifiers.org/umls/C0151464
C0406458,Diffuse alopecia,Diffuse alopecia (SideEffect),CC BY-NC-SA 4.0,UMLS via SIDER 4.1,http://identifiers.org/umls/C0406458
C0859371,Lip burning sensation of,Lip burning sensation of (SideEffect),CC BY-NC-SA 4.0,UMLS via SIDER 4.1,http://identifiers.org/umls/C0859371
C0030922,Peptic ulcer haemorrhage,Peptic ulcer haemorrhage (SideEffect),CC BY-NC-SA 4.0,UMLS via SIDER 4.1,http://identifiers.org/umls/C0030922
C0024103,Breast mass,Breast mass (SideEffect),CC BY-NC-SA 4.0,UMLS via SIDER 4.1,http://identifiers.org/umls/C0024103
C0393593,Dystonia,Dystonia (SideEffect),CC BY-NC-SA 4.0,UMLS via SIDER 4.1,http://identifiers.org/umls/C0393593
C0863100,Tightness in jaw,Tightness in jaw (SideEffect),CC BY-NC-SA 4.0,UMLS via SIDER 4.1,http://identifiers.org/umls/C0863100
C1457883,Aggressive reaction,Aggressive reaction (SideEffect),CC BY-NC-SA 4.0,UMLS via SIDER 4.1,http://identifiers.org/umls/C1457883
C3203356,Hypoprothrombinaemia,Hypoprothrombinaemia (SideEffect),CC BY-NC-SA 4.0,UMLS via SIDER 4.1,http://identifiers.org/umls/C3203356
C0232693,Borborygmi,Borborygmi (SideEffect),CC BY-NC-SA 4.0,UMLS via SIDER 4.1,http://identifiers.org/umls/C0232693
C0856105,Hepatitis aggravated,Hepatitis aggravated (SideEffect),CC BY-NC-SA 4.0,UMLS via SIDER 4.1,http://identifiers.org/umls/C0856105
C0854121,Gastrointestinal motility disorder,Gastrointestinal motility disorder (SideEffect),CC BY-NC-SA 4.0,UMLS via SIDER 4.1,http://identifiers.org/umls/C0854121
C0221021,Microangiopathic haemolytic anaemia,Microangiopathic haemolytic anaemia (SideEffect),CC BY-NC-SA 4.0,UMLS via SIDER 4.1,http://identifiers.org/umls/C0221021
C0400930,Chronic hepatic failure,Chronic hepatic failure (SideEffect),CC BY-NC-SA 4.0,UMLS via SIDER 4.1,http://identifiers.org/umls/C0400930
C0015944,Premature rupture of membranes,Premature rupture of membranes (SideEffect),CC BY-NC-SA 4.0,UMLS via SIDER 4.1,http://identifiers.org/umls/C0015944
C0235119,Hunger abnormal,Hunger abnormal (SideEffect),CC BY-NC-SA 4.0,UMLS via SIDER 4.1,http://identifiers.org/umls/C0235119
C0023222,Leg pain,Leg pain (SideEffect),CC BY-NC-SA 4.0,UMLS via SIDER 4.1,http://identifiers.org/umls/C0023222
C1262010,Post lumbar puncture syndrome,Post lumbar puncture syndrome (SideEffect),CC BY-NC-SA 4.0,UMLS via SIDER 4.1,http://identifiers.org/umls/C1262010
C0919882,Incision site haemorrhage,Incision site haemorrhage (SideEffect),CC BY-NC-SA 4.0,UMLS via SIDER 4.1,http://identifiers.org/umls/C0919882
C1096448,Bronchopneumopathy,Bronchopneumopathy (SideEffect),CC BY-NC-SA 4.0,UMLS via SIDER 4.1,http://identifiers.org/umls/C1096448
C0405580,Adrenal cortical hypofunction,Adrenal cortical hypofunction (SideEffect),CC BY-NC-SA 4.0,UMLS via SIDER 4.1,http://identifiers.org/umls/C0405580
C0339916,Viral upper respiratory tract infection,Viral upper respiratory tract infection (SideEffect),CC BY-NC-SA 4.0,UMLS via SIDER 4.1,http://identifiers.org/umls/C0339916
C0876994,Cardiotoxicity,Cardiotoxicity (SideEffect),CC BY-NC-SA 4.0,UMLS via SIDER 4.1,http://identifiers.org/umls/C0876994
C0427144,Toe walking,Toe walking (SideEffect),CC BY-NC-SA 4.0,UMLS via SIDER 4.1,http://identifiers.org/umls/C0427144
C0521591,Paraesthesia oral,Paraesthesia oral (SideEffect),CC BY-NC-SA 4.0,UMLS via SIDER 4.1,http://identifiers.org/umls/C0521591
C0022735,Klinefelter's syndrome,Klinefelter's syndrome (SideEffect),CC BY-NC-SA 4.0,UMLS via SIDER 4.1,http://identifiers.org/umls/C0022735
C0233494,Tension,Tension (SideEffect),CC BY-NC-SA 4.0,UMLS via SIDER 4.1,http://identifiers.org/umls/C0233494
C0855329,Electrocardiogram change,Electrocardiogram change (SideEffect),CC BY-NC-SA 4.0,UMLS via SIDER 4.1,http://identifiers.org/umls/C0855329
C0085762,Alcohol abuse,Alcohol abuse (SideEffect),CC BY-NC-SA 4.0,UMLS via SIDER 4.1,http://identifiers.org/umls/C0085762
C0272774,Foot fracture,Foot fracture (SideEffect),CC BY-NC-SA 4.0,UMLS via SIDER 4.1,http://identifiers.org/umls/C0272774
C0005967,Bone neoplasm,Bone neoplasm (SideEffect),CC BY-NC-SA 4.0,UMLS via SIDER 4.1,http://identifiers.org/umls/C0005967
C0549567,Pigmentation disorder,Pigmentation disorder (SideEffect),CC BY-NC-SA 4.0,UMLS via SIDER 4.1,http://identifiers.org/umls/C0549567
C0858708,Itch burning,Itch burning (SideEffect),CC BY-NC-SA 4.0,UMLS via SIDER 4.1,http://identifiers.org/umls/C0858708
C0006705,Calcium metabolism disorder,Calcium metabolism disorder (SideEffect),CC BY-NC-SA 4.0,UMLS via SIDER 4.1,http://identifiers.org/umls/C0006705
C1527358,Phototoxicity,Phototoxicity (SideEffect),CC BY-NC-SA 4.0,UMLS via SIDER 4.1,http://identifiers.org/umls/C1527358
C0235857,Lacrimation decreased,Lacrimation decreased (SideEffect),CC BY-NC-SA 4.0,UMLS via SIDER 4.1,http://identifiers.org/umls/C0235857
C0242151,Violent,Violent (SideEffect),CC BY-NC-SA 4.0,UMLS via SIDER 4.1,http://identifiers.org/umls/C0242151
C0521510,Implant site reaction,Implant site reaction (SideEffect),CC BY-NC-SA 4.0,UMLS via SIDER 4.1,http://identifiers.org/umls/C0521510
C0460048,Large intestinal obstruction,Large intestinal obstruction (SideEffect),CC BY-NC-SA 4.0,UMLS via SIDER 4.1,http://identifiers.org/umls/C0460048
C0524702,Pulmonary thromboembolism,Pulmonary thromboembolism (SideEffect),CC BY-NC-SA 4.0,UMLS via SIDER 4.1,http://identifiers.org/umls/C0524702
C0019163,Hepatitis B,Hepatitis B (SideEffect),CC BY-NC-SA 4.0,UMLS via SIDER 4.1,http://identifiers.org/umls/C0019163
C0577730,Family stress,Family stress (SideEffect),CC BY-NC-SA 4.0,UMLS via SIDER 4.1,http://identifiers.org/umls/C0577730
C0852909,Blood bicarbonate decreased,Blood bicarbonate decreased (SideEffect),CC BY-NC-SA 4.0,UMLS via SIDER 4.1,http://identifiers.org/umls/C0852909
C0032739,Tuberculin test positive,Tuberculin test positive (SideEffect),CC BY-NC-SA 4.0,UMLS via SIDER 4.1,http://identifiers.org/umls/C0032739
C0031157,Peritonsillar abscess,Peritonsillar abscess (SideEffect),CC BY-NC-SA 4.0,UMLS via SIDER 4.1,http://identifiers.org/umls/C0031157
C0020517,Hypersensitivity,Hypersensitivity (SideEffect),CC BY-NC-SA 4.0,UMLS via SIDER 4.1,http://identifiers.org/umls/C0020517
C0852990,Blood thromboplastin decreased,Blood thromboplastin decreased (SideEffect),CC BY-NC-SA 4.0,UMLS via SIDER 4.1,http://identifiers.org/umls/C0852990
C0033999,Pterygium,Pterygium (SideEffect),CC BY-NC-SA 4.0,UMLS via SIDER 4.1,http://identifiers.org/umls/C0033999
C1697747,Laryngeal haemorrhage,Laryngeal haemorrhage (SideEffect),CC BY-NC-SA 4.0,UMLS via SIDER 4.1,http://identifiers.org/umls/C1697747
C0236065,Oedema mouth,Oedema mouth (SideEffect),CC BY-NC-SA 4.0,UMLS via SIDER 4.1,http://identifiers.org/umls/C0236065
C0034011,Puberty,Puberty (SideEffect),CC BY-NC-SA 4.0,UMLS via SIDER 4.1,http://identifiers.org/umls/C0034011
C0281982,Skin swelling,Skin swelling (SideEffect),CC BY-NC-SA 4.0,UMLS via SIDER 4.1,http://identifiers.org/umls/C0281982
C0553548,Angiitis necrotising,Angiitis necrotising (SideEffect),CC BY-NC-SA 4.0,UMLS via SIDER 4.1,http://identifiers.org/umls/C0553548
C0521987,Pre-existing disease,Pre-existing disease (SideEffect),CC BY-NC-SA 4.0,UMLS via SIDER 4.1,http://identifiers.org/umls/C0521987
C1608410,Head titubation,Head titubation (SideEffect),CC BY-NC-SA 4.0,UMLS via SIDER 4.1,http://identifiers.org/umls/C1608410
C0020672,Body temperature decreased,Body temperature decreased (SideEffect),CC BY-NC-SA 4.0,UMLS via SIDER 4.1,http://identifiers.org/umls/C0020672
C0235295,Abdominal distress,Abdominal distress (SideEffect),CC BY-NC-SA 4.0,UMLS via SIDER 4.1,http://identifiers.org/umls/C0235295
C1868693,Localised intraabdominal fluid collection,Localised intraabdominal fluid collection (SideEffect),CC BY-NC-SA 4.0,UMLS via SIDER 4.1,http://identifiers.org/umls/C1868693
C0020635,Hypopituitarism,Hypopituitarism (SideEffect),CC BY-NC-SA 4.0,UMLS via SIDER 4.1,http://identifiers.org/umls/C0020635
C0240204,Paresthesia lips,Paresthesia lips (SideEffect),CC BY-NC-SA 4.0,UMLS via SIDER 4.1,http://identifiers.org/umls/C0240204
C0549634,Lipids abnormal,Lipids abnormal (SideEffect),CC BY-NC-SA 4.0,UMLS via SIDER 4.1,http://identifiers.org/umls/C0549634
C1112709,Unspecified non-gonococcal urethritis (NGU),Unspecified non-gonococcal urethritis (NGU) (SideEffect),CC BY-NC-SA 4.0,UMLS via SIDER 4.1,http://identifiers.org/umls/C1112709
C0009952,Febrile convulsion,Febrile convulsion (SideEffect),CC BY-NC-SA 4.0,UMLS via SIDER 4.1,http://identifiers.org/umls/C0009952
C0021308,Infarction,Infarction (SideEffect),CC BY-NC-SA 4.0,UMLS via SIDER 4.1,http://identifiers.org/umls/C0021308
C0021564,Insect bite NOS,Insect bite NOS (SideEffect),CC BY-NC-SA 4.0,UMLS via SIDER 4.1,http://identifiers.org/umls/C0021564
C0004623,Bacterial infection,Bacterial infection (SideEffect),CC BY-NC-SA 4.0,UMLS via SIDER 4.1,http://identifiers.org/umls/C0004623
C0542127,Oversedation,Oversedation (SideEffect),CC BY-NC-SA 4.0,UMLS via SIDER 4.1,http://identifiers.org/umls/C0542127
C0241164,Skin tenderness,Skin tenderness (SideEffect),CC BY-NC-SA 4.0,UMLS via SIDER 4.1,http://identifiers.org/umls/C0241164
C1096444,Altered visual depth perception,Altered visual depth perception (SideEffect),CC BY-NC-SA 4.0,UMLS via SIDER 4.1,http://identifiers.org/umls/C1096444
C0236171,Infection susceptibility increased,Infection susceptibility increased (SideEffect),CC BY-NC-SA 4.0,UMLS via SIDER 4.1,http://identifiers.org/umls/C0236171
C0435632,Hand fracture,Hand fracture (SideEffect),CC BY-NC-SA 4.0,UMLS via SIDER 4.1,http://identifiers.org/umls/C0435632
C0007933,Chalazion,Chalazion (SideEffect),CC BY-NC-SA 4.0,UMLS via SIDER 4.1,http://identifiers.org/umls/C0007933
C0151699,Haemorrhage intracranial,Haemorrhage intracranial (SideEffect),CC BY-NC-SA 4.0,UMLS via SIDER 4.1,http://identifiers.org/umls/C0151699
C0233844,Clumsiness,Clumsiness (SideEffect),CC BY-NC-SA 4.0,UMLS via SIDER 4.1,http://identifiers.org/umls/C0233844
C2363829,Semen analysis abnormal,Semen analysis abnormal (SideEffect),CC BY-NC-SA 4.0,UMLS via SIDER 4.1,http://identifiers.org/umls/C2363829
C0043352,Dry mouth,Dry mouth (SideEffect),CC BY-NC-SA 4.0,UMLS via SIDER 4.1,http://identifiers.org/umls/C0043352
C0948693,Post procedural discharge,Post procedural discharge (SideEffect),CC BY-NC-SA 4.0,UMLS via SIDER 4.1,http://identifiers.org/umls/C0948693
C3160766,Supine hypotension,Supine hypotension (SideEffect),CC BY-NC-SA 4.0,UMLS via SIDER 4.1,http://identifiers.org/umls/C3160766
C0221733,Paradoxical pressor response,Paradoxical pressor response (SideEffect),CC BY-NC-SA 4.0,UMLS via SIDER 4.1,http://identifiers.org/umls/C0221733
C0013985,Emotional disturbance NOS,Emotional disturbance NOS (SideEffect),CC BY-NC-SA 4.0,UMLS via SIDER 4.1,http://identifiers.org/umls/C0013985
C0273482,Nerve compression,Nerve compression (SideEffect),CC BY-NC-SA 4.0,UMLS via SIDER 4.1,http://identifiers.org/umls/C0273482
C0151885,Reaction aggravation,Reaction aggravation (SideEffect),CC BY-NC-SA 4.0,UMLS via SIDER 4.1,http://identifiers.org/umls/C0151885
C0038987,Sweat gland tumour,Sweat gland tumour (SideEffect),CC BY-NC-SA 4.0,UMLS via SIDER 4.1,http://identifiers.org/umls/C0038987
C0853246,Eczema exacerbated,Eczema exacerbated (SideEffect),CC BY-NC-SA 4.0,UMLS via SIDER 4.1,http://identifiers.org/umls/C0853246
C0280028,Refractory anemia with excess blasts in transformation,Refractory anemia with excess blasts in transformation (SideEffect),CC BY-NC-SA 4.0,UMLS via SIDER 4.1,http://identifiers.org/umls/C0280028
C0020557,Hypertriglyceridaemia,Hypertriglyceridaemia (SideEffect),CC BY-NC-SA 4.0,UMLS via SIDER 4.1,http://identifiers.org/umls/C0020557
C0007787,Transient ischaemic attack,Transient ischaemic attack (SideEffect),CC BY-NC-SA 4.0,UMLS via SIDER 4.1,http://identifiers.org/umls/C0007787
C0231471,Posture abnormal,Posture abnormal (SideEffect),CC BY-NC-SA 4.0,UMLS via SIDER 4.1,http://identifiers.org/umls/C0231471
C0521626,Bladder fibrosis,Bladder fibrosis (SideEffect),CC BY-NC-SA 4.0,UMLS via SIDER 4.1,http://identifiers.org/umls/C0521626
C0039128,Syphilis,Syphilis (SideEffect),CC BY-NC-SA 4.0,UMLS via SIDER 4.1,http://identifiers.org/umls/C0039128
C0860155,Non-Q wave MI,Non-Q wave MI (SideEffect),CC BY-NC-SA 4.0,UMLS via SIDER 4.1,http://identifiers.org/umls/C0860155
C0018808,Cardiac murmur,Cardiac murmur (SideEffect),CC BY-NC-SA 4.0,UMLS via SIDER 4.1,http://identifiers.org/umls/C0018808
C0575081,Gait disturbance,Gait disturbance (SideEffect),CC BY-NC-SA 4.0,UMLS via SIDER 4.1,http://identifiers.org/umls/C0575081
C0004114,Astrocytoma,Astrocytoma (SideEffect),CC BY-NC-SA 4.0,UMLS via SIDER 4.1,http://identifiers.org/umls/C0004114
C0031345,Pharyngeal disorder,Pharyngeal disorder (SideEffect),CC BY-NC-SA 4.0,UMLS via SIDER 4.1,http://identifiers.org/umls/C0031345
C2720436,Pleural fibrosis,Pleural fibrosis (SideEffect),CC BY-NC-SA 4.0,UMLS via SIDER 4.1,http://identifiers.org/umls/C2720436
C0014553,Petit mal epilepsy,Petit mal epilepsy (SideEffect),CC BY-NC-SA 4.0,UMLS via SIDER 4.1,http://identifiers.org/umls/C0014553
C0877639,Gingival blister,Gingival blister (SideEffect),CC BY-NC-SA 4.0,UMLS via SIDER 4.1,http://identifiers.org/umls/C0877639
C0542346,Pimples,Pimples (SideEffect),CC BY-NC-SA 4.0,UMLS via SIDER 4.1,http://identifiers.org/umls/C0542346
C0349790,Exacerbation of asthma,Exacerbation of asthma (SideEffect),CC BY-NC-SA 4.0,UMLS via SIDER 4.1,http://identifiers.org/umls/C0349790
C2955673,Urate nephropathy,Urate nephropathy (SideEffect),CC BY-NC-SA 4.0,UMLS via SIDER 4.1,http://identifiers.org/umls/C2955673
C0853908,Oropharyngeal swelling,Oropharyngeal swelling (SideEffect),CC BY-NC-SA 4.0,UMLS via SIDER 4.1,http://identifiers.org/umls/C0853908
C1112261,Gaze palsy,Gaze palsy (SideEffect),CC BY-NC-SA 4.0,UMLS via SIDER 4.1,http://identifiers.org/umls/C1112261
C0206171,Community acquired infection,Community acquired infection (SideEffect),CC BY-NC-SA 4.0,UMLS via SIDER 4.1,http://identifiers.org/umls/C0206171
C0553698,Monocyte count increased,Monocyte count increased (SideEffect),CC BY-NC-SA 4.0,UMLS via SIDER 4.1,http://identifiers.org/umls/C0553698
C0567085,Uterine pain,Uterine pain (SideEffect),CC BY-NC-SA 4.0,UMLS via SIDER 4.1,http://identifiers.org/umls/C0567085
C0151772,Manic psychosis,Manic psychosis (SideEffect),CC BY-NC-SA 4.0,UMLS via SIDER 4.1,http://identifiers.org/umls/C0151772
C0344315,Depressed mood,Depressed mood (SideEffect),CC BY-NC-SA 4.0,UMLS via SIDER 4.1,http://identifiers.org/umls/C0344315
C1522058,Coagulation necrosis,Coagulation necrosis (SideEffect),CC BY-NC-SA 4.0,UMLS via SIDER 4.1,http://identifiers.org/umls/C1522058
C0428908,Sinoatrial node dysfunction,Sinoatrial node dysfunction (SideEffect),CC BY-NC-SA 4.0,UMLS via SIDER 4.1,http://identifiers.org/umls/C0428908
C0030318,Panic reaction,Panic reaction (SideEffect),CC BY-NC-SA 4.0,UMLS via SIDER 4.1,http://identifiers.org/umls/C0030318
C1142277,Brown urine,Brown urine (SideEffect),CC BY-NC-SA 4.0,UMLS via SIDER 4.1,http://identifiers.org/umls/C1142277
C0009319,Colitis,Colitis (SideEffect),CC BY-NC-SA 4.0,UMLS via SIDER 4.1,http://identifiers.org/umls/C0009319
C0234146,Areflexia,Areflexia (SideEffect),CC BY-NC-SA 4.0,UMLS via SIDER 4.1,http://identifiers.org/umls/C0234146
C0042139,Uterine perforation,Uterine perforation (SideEffect),CC BY-NC-SA 4.0,UMLS via SIDER 4.1,http://identifiers.org/umls/C0042139
C0795690,Omphalocele,Omphalocele (SideEffect),CC BY-NC-SA 4.0,UMLS via SIDER 4.1,http://identifiers.org/umls/C0795690
C0151994,Uterine enlargement,Uterine enlargement (SideEffect),CC BY-NC-SA 4.0,UMLS via SIDER 4.1,http://identifiers.org/umls/C0151994
C0007286,Carpal tunnel syndrome,Carpal tunnel syndrome (SideEffect),CC BY-NC-SA 4.0,UMLS via SIDER 4.1,http://identifiers.org/umls/C0007286
C0033797,Pseudodementia,Pseudodementia (SideEffect),CC BY-NC-SA 4.0,UMLS via SIDER 4.1,http://identifiers.org/umls/C0033797
C0011630,Fungal skin infection,Fungal skin infection (SideEffect),CC BY-NC-SA 4.0,UMLS via SIDER 4.1,http://identifiers.org/umls/C0011630
C1868809,Catheter thrombosis,Catheter thrombosis (SideEffect),CC BY-NC-SA 4.0,UMLS via SIDER 4.1,http://identifiers.org/umls/C1868809
C0270697,Lumbar puncture headache,Lumbar puncture headache (SideEffect),CC BY-NC-SA 4.0,UMLS via SIDER 4.1,http://identifiers.org/umls/C0270697
C1527411,Retinal vein thrombosis,Retinal vein thrombosis (SideEffect),CC BY-NC-SA 4.0,UMLS via SIDER 4.1,http://identifiers.org/umls/C1527411
C0024141,Systemic lupus erythematosus,Systemic lupus erythematosus (SideEffect),CC BY-NC-SA 4.0,UMLS via SIDER 4.1,http://identifiers.org/umls/C0024141
C0151511,Breast atrophy,Breast atrophy (SideEffect),CC BY-NC-SA 4.0,UMLS via SIDER 4.1,http://identifiers.org/umls/C0151511
C0857027,Feeling sick,Feeling sick (SideEffect),CC BY-NC-SA 4.0,UMLS via SIDER 4.1,http://identifiers.org/umls/C0857027
C0917805,Transient cerebral ischemia,Transient cerebral ischemia (SideEffect),CC BY-NC-SA 4.0,UMLS via SIDER 4.1,http://identifiers.org/umls/C0917805
C0034050,Alveolar proteinosis,Alveolar proteinosis (SideEffect),CC BY-NC-SA 4.0,UMLS via SIDER 4.1,http://identifiers.org/umls/C0034050
C0235048,Smarting,Smarting (SideEffect),CC BY-NC-SA 4.0,UMLS via SIDER 4.1,http://identifiers.org/umls/C0235048
C0242301,Furuncle,Furuncle (SideEffect),CC BY-NC-SA 4.0,UMLS via SIDER 4.1,http://identifiers.org/umls/C0242301
C0005683,Calculus bladder,Calculus bladder (SideEffect),CC BY-NC-SA 4.0,UMLS via SIDER 4.1,http://identifiers.org/umls/C0005683
C0543467,Surgery,Surgery (SideEffect),CC BY-NC-SA 4.0,UMLS via SIDER 4.1,http://identifiers.org/umls/C0543467
C0023055,Laryngeal neoplasm,Laryngeal neoplasm (SideEffect),CC BY-NC-SA 4.0,UMLS via SIDER 4.1,http://identifiers.org/umls/C0023055
C1142358,Lactic acidosis syndrome,Lactic acidosis syndrome (SideEffect),CC BY-NC-SA 4.0,UMLS via SIDER 4.1,http://identifiers.org/umls/C1142358
C0276226,Herpes simplex encephalitis,Herpes simplex encephalitis (SideEffect),CC BY-NC-SA 4.0,UMLS via SIDER 4.1,http://identifiers.org/umls/C0276226
C0241237,Dysstasia,Dysstasia (SideEffect),CC BY-NC-SA 4.0,UMLS via SIDER 4.1,http://identifiers.org/umls/C0241237
C0151836,Paranoid reaction,Paranoid reaction (SideEffect),CC BY-NC-SA 4.0,UMLS via SIDER 4.1,http://identifiers.org/umls/C0151836
C0151601,Conjunctival oedema,Conjunctival oedema (SideEffect),CC BY-NC-SA 4.0,UMLS via SIDER 4.1,http://identifiers.org/umls/C0151601
C0162316,Iron deficiency anaemia,Iron deficiency anaemia (SideEffect),CC BY-NC-SA 4.0,UMLS via SIDER 4.1,http://identifiers.org/umls/C0162316
C3544094,Arterial thromboembolism,Arterial thromboembolism (SideEffect),CC BY-NC-SA 4.0,UMLS via SIDER 4.1,http://identifiers.org/umls/C3544094
C0008909,Claustrophobia,Claustrophobia (SideEffect),CC BY-NC-SA 4.0,UMLS via SIDER 4.1,http://identifiers.org/umls/C0008909
C0546956,Onychoclasis,Onychoclasis (SideEffect),CC BY-NC-SA 4.0,UMLS via SIDER 4.1,http://identifiers.org/umls/C0546956
C0595902,Blood chloride decreased,Blood chloride decreased (SideEffect),CC BY-NC-SA 4.0,UMLS via SIDER 4.1,http://identifiers.org/umls/C0595902
C0232695,Bowel sounds decreased,Bowel sounds decreased (SideEffect),CC BY-NC-SA 4.0,UMLS via SIDER 4.1,http://identifiers.org/umls/C0232695
C0860603,Anxiety symptoms NOS,Anxiety symptoms NOS (SideEffect),CC BY-NC-SA 4.0,UMLS via SIDER 4.1,http://identifiers.org/umls/C0860603
C0576995,Pharyngeal haemorrhage,Pharyngeal haemorrhage (SideEffect),CC BY-NC-SA 4.0,UMLS via SIDER 4.1,http://identifiers.org/umls/C0576995
C0151825,Bone pain,Bone pain (SideEffect),CC BY-NC-SA 4.0,UMLS via SIDER 4.1,http://identifiers.org/umls/C0151825
C0599918,Nephrotoxicity,Nephrotoxicity (SideEffect),CC BY-NC-SA 4.0,UMLS via SIDER 4.1,http://identifiers.org/umls/C0599918
C1112371,Anterior chamber pigmentation,Anterior chamber pigmentation (SideEffect),CC BY-NC-SA 4.0,UMLS via SIDER 4.1,http://identifiers.org/umls/C1112371
C0040953,Trichotillomania,Trichotillomania (SideEffect),CC BY-NC-SA 4.0,UMLS via SIDER 4.1,http://identifiers.org/umls/C0040953
C0035127,Repetitive strain injury,Repetitive strain injury (SideEffect),CC BY-NC-SA 4.0,UMLS via SIDER 4.1,http://identifiers.org/umls/C0035127
C0235396,Hypertonicity,Hypertonicity (SideEffect),CC BY-NC-SA 4.0,UMLS via SIDER 4.1,http://identifiers.org/umls/C0235396
C0151970,Oesophageal ulcer,Oesophageal ulcer (SideEffect),CC BY-NC-SA 4.0,UMLS via SIDER 4.1,http://identifiers.org/umls/C0151970
C0018213,Basedow's disease,Basedow's disease (SideEffect),CC BY-NC-SA 4.0,UMLS via SIDER 4.1,http://identifiers.org/umls/C0018213
C0856095,Vomiting aggravated,Vomiting aggravated (SideEffect),CC BY-NC-SA 4.0,UMLS via SIDER 4.1,http://identifiers.org/umls/C0856095
C1096714,Infusion site infection,Infusion site infection (SideEffect),CC BY-NC-SA 4.0,UMLS via SIDER 4.1,http://identifiers.org/umls/C1096714
C0028081,Night sweats,Night sweats (SideEffect),CC BY-NC-SA 4.0,UMLS via SIDER 4.1,http://identifiers.org/umls/C0028081
C0001339,Pancreatitis acute,Pancreatitis acute (SideEffect),CC BY-NC-SA 4.0,UMLS via SIDER 4.1,http://identifiers.org/umls/C0001339
C0034544,Radiculitis,Radiculitis (SideEffect),CC BY-NC-SA 4.0,UMLS via SIDER 4.1,http://identifiers.org/umls/C0034544
C0235146,Euphoric mood,Euphoric mood (SideEffect),CC BY-NC-SA 4.0,UMLS via SIDER 4.1,http://identifiers.org/umls/C0235146
C0442874,Neuropathy,Neuropathy (SideEffect),CC BY-NC-SA 4.0,UMLS via SIDER 4.1,http://identifiers.org/umls/C0442874
C0276680,Candida albicans infection,Candida albicans infection (SideEffect),CC BY-NC-SA 4.0,UMLS via SIDER 4.1,http://identifiers.org/umls/C0276680
C0235050,Tingling skin,Tingling skin (SideEffect),CC BY-NC-SA 4.0,UMLS via SIDER 4.1,http://identifiers.org/umls/C0235050
C1167709,Epidermal necrosis,Epidermal necrosis (SideEffect),CC BY-NC-SA 4.0,UMLS via SIDER 4.1,http://identifiers.org/umls/C1167709
C0553690,Reversible ischaemic neurological deficit,Reversible ischaemic neurological deficit (SideEffect),CC BY-NC-SA 4.0,UMLS via SIDER 4.1,http://identifiers.org/umls/C0553690
C0023186,Learning disorder,Learning disorder (SideEffect),CC BY-NC-SA 4.0,UMLS via SIDER 4.1,http://identifiers.org/umls/C0023186
C0038661,Suicide,Suicide (SideEffect),CC BY-NC-SA 4.0,UMLS via SIDER 4.1,http://identifiers.org/umls/C0038661
C0549294,Neutropenia aggravated,Neutropenia aggravated (SideEffect),CC BY-NC-SA 4.0,UMLS via SIDER 4.1,http://identifiers.org/umls/C0549294
C0232452,Cutis anserina,Cutis anserina (SideEffect),CC BY-NC-SA 4.0,UMLS via SIDER 4.1,http://identifiers.org/umls/C0232452
C0262593,Peripheral nerve injury,Peripheral nerve injury (SideEffect),CC BY-NC-SA 4.0,UMLS via SIDER 4.1,http://identifiers.org/umls/C0262593
C0023860,Listeriosis,Listeriosis (SideEffect),CC BY-NC-SA 4.0,UMLS via SIDER 4.1,http://identifiers.org/umls/C0023860
C0424024,Delusional perception,Delusional perception (SideEffect),CC BY-NC-SA 4.0,UMLS via SIDER 4.1,http://identifiers.org/umls/C0424024
C0277925,Peripheral coldness,Peripheral coldness (SideEffect),CC BY-NC-SA 4.0,UMLS via SIDER 4.1,http://identifiers.org/umls/C0277925
C0038525,Subarachnoid haemorrhage,Subarachnoid haemorrhage (SideEffect),CC BY-NC-SA 4.0,UMLS via SIDER 4.1,http://identifiers.org/umls/C0038525
C0948376,Electrocardiogram ST-T segment abnormal,Electrocardiogram ST-T segment abnormal (SideEffect),CC BY-NC-SA 4.0,UMLS via SIDER 4.1,http://identifiers.org/umls/C0948376
C0028077,Night blindness,Night blindness (SideEffect),CC BY-NC-SA 4.0,UMLS via SIDER 4.1,http://identifiers.org/umls/C0028077
C1112762,Blood methaemoglobin present,Blood methaemoglobin present (SideEffect),CC BY-NC-SA 4.0,UMLS via SIDER 4.1,http://identifiers.org/umls/C1112762
C0558919,Stress at work,Stress at work (SideEffect),CC BY-NC-SA 4.0,UMLS via SIDER 4.1,http://identifiers.org/umls/C0558919
C0277577,Psychic disturbance,Psychic disturbance (SideEffect),CC BY-NC-SA 4.0,UMLS via SIDER 4.1,http://identifiers.org/umls/C0277577
C1384353,Infestation,Infestation (SideEffect),CC BY-NC-SA 4.0,UMLS via SIDER 4.1,http://identifiers.org/umls/C1384353
C0549475,Lipase increased,Lipase increased (SideEffect),CC BY-NC-SA 4.0,UMLS via SIDER 4.1,http://identifiers.org/umls/C0549475
C0155789,Oesophageal varices haemorrhage,Oesophageal varices haemorrhage (SideEffect),CC BY-NC-SA 4.0,UMLS via SIDER 4.1,http://identifiers.org/umls/C0155789
C0020683,Hypovolaemic shock,Hypovolaemic shock (SideEffect),CC BY-NC-SA 4.0,UMLS via SIDER 4.1,http://identifiers.org/umls/C0020683
C0079102,Cerebral thrombosis,Cerebral thrombosis (SideEffect),CC BY-NC-SA 4.0,UMLS via SIDER 4.1,http://identifiers.org/umls/C0079102
C0014518,Toxic epidermal necrolysis,Toxic epidermal necrolysis (SideEffect),CC BY-NC-SA 4.0,UMLS via SIDER 4.1,http://identifiers.org/umls/C0014518
C0235283,Ear buzzing,Ear buzzing (SideEffect),CC BY-NC-SA 4.0,UMLS via SIDER 4.1,http://identifiers.org/umls/C0235283
C0578159,Antibiotic-associated diarrhea,Antibiotic-associated diarrhea (SideEffect),CC BY-NC-SA 4.0,UMLS via SIDER 4.1,http://identifiers.org/umls/C0578159
C0040147,Thyroiditis,Thyroiditis (SideEffect),CC BY-NC-SA 4.0,UMLS via SIDER 4.1,http://identifiers.org/umls/C0040147
C1096106,Wound complication,Wound complication (SideEffect),CC BY-NC-SA 4.0,UMLS via SIDER 4.1,http://identifiers.org/umls/C1096106
C0332691,Scald,Scald (SideEffect),CC BY-NC-SA 4.0,UMLS via SIDER 4.1,http://identifiers.org/umls/C0332691
C0015523,Factor XI deficiency,Factor XI deficiency (SideEffect),CC BY-NC-SA 4.0,UMLS via SIDER 4.1,http://identifiers.org/umls/C0015523
C0017662,Glomerulonephritis membranoproliferative,Glomerulonephritis membranoproliferative (SideEffect),CC BY-NC-SA 4.0,UMLS via SIDER 4.1,http://identifiers.org/umls/C0017662
C0036835,TIBC,TIBC (SideEffect),CC BY-NC-SA 4.0,UMLS via SIDER 4.1,http://identifiers.org/umls/C0036835
C0235030,Neurologic reaction,Neurologic reaction (SideEffect),CC BY-NC-SA 4.0,UMLS via SIDER 4.1,http://identifiers.org/umls/C0235030
C0919666,Venipuncture site hemorrhage,Venipuncture site hemorrhage (SideEffect),CC BY-NC-SA 4.0,UMLS via SIDER 4.1,http://identifiers.org/umls/C0919666
C0239376,Pain of lower extremities,Pain of lower extremities (SideEffect),CC BY-NC-SA 4.0,UMLS via SIDER 4.1,http://identifiers.org/umls/C0239376
C0151671,Glucose tolerance decreased,Glucose tolerance decreased (SideEffect),CC BY-NC-SA 4.0,UMLS via SIDER 4.1,http://identifiers.org/umls/C0151671
C0240322,Menstruation delayed,Menstruation delayed (SideEffect),CC BY-NC-SA 4.0,UMLS via SIDER 4.1,http://identifiers.org/umls/C0240322
C0265050,Vena cava thrombosis,Vena cava thrombosis (SideEffect),CC BY-NC-SA 4.0,UMLS via SIDER 4.1,http://identifiers.org/umls/C0265050
C0854331,Herpes simplex dermatitis,Herpes simplex dermatitis (SideEffect),CC BY-NC-SA 4.0,UMLS via SIDER 4.1,http://identifiers.org/umls/C0854331
C0281839,Oesophageal rupture,Oesophageal rupture (SideEffect),CC BY-NC-SA 4.0,UMLS via SIDER 4.1,http://identifiers.org/umls/C0281839
C0850149,Dry cough,Dry cough (SideEffect),CC BY-NC-SA 4.0,UMLS via SIDER 4.1,http://identifiers.org/umls/C0850149
C0854144,Septic arthritis streptobacillus,Septic arthritis streptobacillus (SideEffect),CC BY-NC-SA 4.0,UMLS via SIDER 4.1,http://identifiers.org/umls/C0854144
C0580531,White blood cell count abnormal,White blood cell count abnormal (SideEffect),CC BY-NC-SA 4.0,UMLS via SIDER 4.1,http://identifiers.org/umls/C0580531
C0013781,Electric shock,Electric shock (SideEffect),CC BY-NC-SA 4.0,UMLS via SIDER 4.1,http://identifiers.org/umls/C0013781
C0042548,Plantar warts,Plantar warts (SideEffect),CC BY-NC-SA 4.0,UMLS via SIDER 4.1,http://identifiers.org/umls/C0042548
C0242339,Dyslipidaemia,Dyslipidaemia (SideEffect),CC BY-NC-SA 4.0,UMLS via SIDER 4.1,http://identifiers.org/umls/C0242339
C0151692,Impaired healing,Impaired healing (SideEffect),CC BY-NC-SA 4.0,UMLS via SIDER 4.1,http://identifiers.org/umls/C0151692
C0151779,Melanoma skin,Melanoma skin (SideEffect),CC BY-NC-SA 4.0,UMLS via SIDER 4.1,http://identifiers.org/umls/C0151779
C0333286,Splinter haemorrhages,Splinter haemorrhages (SideEffect),CC BY-NC-SA 4.0,UMLS via SIDER 4.1,http://identifiers.org/umls/C0333286
C0000727,Acute abdomen,Acute abdomen (SideEffect),CC BY-NC-SA 4.0,UMLS via SIDER 4.1,http://identifiers.org/umls/C0000727
C0018916,Haemangioma,Haemangioma (SideEffect),CC BY-NC-SA 4.0,UMLS via SIDER 4.1,http://identifiers.org/umls/C0018916
C0004604,Back pain,Back pain (SideEffect),CC BY-NC-SA 4.0,UMLS via SIDER 4.1,http://identifiers.org/umls/C0004604
C0858814,Hepatitis symptom,Hepatitis symptom (SideEffect),CC BY-NC-SA 4.0,UMLS via SIDER 4.1,http://identifiers.org/umls/C0858814
C0151636,Ventricular extrasystoles,Ventricular extrasystoles (SideEffect),CC BY-NC-SA 4.0,UMLS via SIDER 4.1,http://identifiers.org/umls/C0151636
C0239343,Acral erythema,Acral erythema (SideEffect),CC BY-NC-SA 4.0,UMLS via SIDER 4.1,http://identifiers.org/umls/C0239343
C1167654,Acute prerenal failure,Acute prerenal failure (SideEffect),CC BY-NC-SA 4.0,UMLS via SIDER 4.1,http://identifiers.org/umls/C1167654
C0973461,Dysphasia,Dysphasia (SideEffect),CC BY-NC-SA 4.0,UMLS via SIDER 4.1,http://identifiers.org/umls/C0973461
C0153619,Ureteric cancer,Ureteric cancer (SideEffect),CC BY-NC-SA 4.0,UMLS via SIDER 4.1,http://identifiers.org/umls/C0153619
C0221260,Nail dystrophy,Nail dystrophy (SideEffect),CC BY-NC-SA 4.0,UMLS via SIDER 4.1,http://identifiers.org/umls/C0221260
C0003504,Aortic valve incompetence,Aortic valve incompetence (SideEffect),CC BY-NC-SA 4.0,UMLS via SIDER 4.1,http://identifiers.org/umls/C0003504
C0038220,Status epilepticus,Status epilepticus (SideEffect),CC BY-NC-SA 4.0,UMLS via SIDER 4.1,http://identifiers.org/umls/C0038220
C0423773,Skin scaly,Skin scaly (SideEffect),CC BY-NC-SA 4.0,UMLS via SIDER 4.1,http://identifiers.org/umls/C0423773
C1096243,Central line infection,Central line infection (SideEffect),CC BY-NC-SA 4.0,UMLS via SIDER 4.1,http://identifiers.org/umls/C1096243
C0155919,Acute pulmonary oedema,Acute pulmonary oedema (SideEffect),CC BY-NC-SA 4.0,UMLS via SIDER 4.1,http://identifiers.org/umls/C0155919
C0455204,Homicidal ideation,Homicidal ideation (SideEffect),CC BY-NC-SA 4.0,UMLS via SIDER 4.1,http://identifiers.org/umls/C0455204
C1411873,Ovulation disorder,Ovulation disorder (SideEffect),CC BY-NC-SA 4.0,UMLS via SIDER 4.1,http://identifiers.org/umls/C1411873
C0740380,Varicella zoster,Varicella zoster (SideEffect),CC BY-NC-SA 4.0,UMLS via SIDER 4.1,http://identifiers.org/umls/C0740380
C0235564,Sneezing excessive,Sneezing excessive (SideEffect),CC BY-NC-SA 4.0,UMLS via SIDER 4.1,http://identifiers.org/umls/C0235564
C1735373,Acute uveitis,Acute uveitis (SideEffect),CC BY-NC-SA 4.0,UMLS via SIDER 4.1,http://identifiers.org/umls/C1735373
C0347950,Asthmatic attack,Asthmatic attack (SideEffect),CC BY-NC-SA 4.0,UMLS via SIDER 4.1,http://identifiers.org/umls/C0347950
C0948779,Gastrointestinal hypomotility,Gastrointestinal hypomotility (SideEffect),CC BY-NC-SA 4.0,UMLS via SIDER 4.1,http://identifiers.org/umls/C0948779
C0151467,Adrenocortical insufficiency acute,Adrenocortical insufficiency acute (SideEffect),CC BY-NC-SA 4.0,UMLS via SIDER 4.1,http://identifiers.org/umls/C0151467
C0085680,Hypochloraemia,Hypochloraemia (SideEffect),CC BY-NC-SA 4.0,UMLS via SIDER 4.1,http://identifiers.org/umls/C0085680
C0028754,Obesity,Obesity (SideEffect),CC BY-NC-SA 4.0,UMLS via SIDER 4.1,http://identifiers.org/umls/C0028754
C0004812,Basilar artery syndrome,Basilar artery syndrome (SideEffect),CC BY-NC-SA 4.0,UMLS via SIDER 4.1,http://identifiers.org/umls/C0004812
C0264734,Dilatation atrial,Dilatation atrial (SideEffect),CC BY-NC-SA 4.0,UMLS via SIDER 4.1,http://identifiers.org/umls/C0264734
C0857494,Unresponsive to stimuli,Unresponsive to stimuli (SideEffect),CC BY-NC-SA 4.0,UMLS via SIDER 4.1,http://identifiers.org/umls/C0857494
C0006272,Obliterative bronchiolitis,Obliterative bronchiolitis (SideEffect),CC BY-NC-SA 4.0,UMLS via SIDER 4.1,http://identifiers.org/umls/C0006272
C0560046,Unable to walk,Unable to walk (SideEffect),CC BY-NC-SA 4.0,UMLS via SIDER 4.1,http://identifiers.org/umls/C0560046
C0520571,Biliary fibrosis,Biliary fibrosis (SideEffect),CC BY-NC-SA 4.0,UMLS via SIDER 4.1,http://identifiers.org/umls/C0520571
C1504452,Implant site pain,Implant site pain (SideEffect),CC BY-NC-SA 4.0,UMLS via SIDER 4.1,http://identifiers.org/umls/C1504452
C0019345,Herpes labialis,Herpes labialis (SideEffect),CC BY-NC-SA 4.0,UMLS via SIDER 4.1,http://identifiers.org/umls/C0019345
C1611167,Waist circumference increased,Waist circumference increased (SideEffect),CC BY-NC-SA 4.0,UMLS via SIDER 4.1,http://identifiers.org/umls/C1611167
C0333244,Edema transient,Edema transient (SideEffect),CC BY-NC-SA 4.0,UMLS via SIDER 4.1,http://identifiers.org/umls/C0333244
C0023051,Laryngeal disorder,Laryngeal disorder (SideEffect),CC BY-NC-SA 4.0,UMLS via SIDER 4.1,http://identifiers.org/umls/C0023051
C0155540,Otorrhoea,Otorrhoea (SideEffect),CC BY-NC-SA 4.0,UMLS via SIDER 4.1,http://identifiers.org/umls/C0155540
C0232807,Function kidney decreased,Function kidney decreased (SideEffect),CC BY-NC-SA 4.0,UMLS via SIDER 4.1,http://identifiers.org/umls/C0232807
C0021831,Unspecified disorder of intestine,Unspecified disorder of intestine (SideEffect),CC BY-NC-SA 4.0,UMLS via SIDER 4.1,http://identifiers.org/umls/C0021831
C0853289,Blood bilirubin normal,Blood bilirubin normal (SideEffect),CC BY-NC-SA 4.0,UMLS via SIDER 4.1,http://identifiers.org/umls/C0853289
C1112353,Medical device complication,Medical device complication (SideEffect),CC BY-NC-SA 4.0,UMLS via SIDER 4.1,http://identifiers.org/umls/C1112353
C0235546,Hypopnoea,Hypopnoea (SideEffect),CC BY-NC-SA 4.0,UMLS via SIDER 4.1,http://identifiers.org/umls/C0235546
C0341117,Esophageal erosions,Esophageal erosions (SideEffect),CC BY-NC-SA 4.0,UMLS via SIDER 4.1,http://identifiers.org/umls/C0341117
C0042928,Vocal cord paralysis,Vocal cord paralysis (SideEffect),CC BY-NC-SA 4.0,UMLS via SIDER 4.1,http://identifiers.org/umls/C0042928
C0744369,Genital lesion,Genital lesion (SideEffect),CC BY-NC-SA 4.0,UMLS via SIDER 4.1,http://identifiers.org/umls/C0744369
C0020540,Malignant hypertension,Malignant hypertension (SideEffect),CC BY-NC-SA 4.0,UMLS via SIDER 4.1,http://identifiers.org/umls/C0020540
C0346647,Malignant neoplasm of pancreas,Malignant neoplasm of pancreas (SideEffect),CC BY-NC-SA 4.0,UMLS via SIDER 4.1,http://identifiers.org/umls/C0346647
C0853847,Pathogen resistance,Pathogen resistance (SideEffect),CC BY-NC-SA 4.0,UMLS via SIDER 4.1,http://identifiers.org/umls/C0853847
C1527383,Morphoea,Morphoea (SideEffect),CC BY-NC-SA 4.0,UMLS via SIDER 4.1,http://identifiers.org/umls/C1527383
C0010200,Cough,Cough (SideEffect),CC BY-NC-SA 4.0,UMLS via SIDER 4.1,http://identifiers.org/umls/C0010200
C0860745,Blood monocytes increased,Blood monocytes increased (SideEffect),CC BY-NC-SA 4.0,UMLS via SIDER 4.1,http://identifiers.org/umls/C0860745
C0475746,Light anaesthesia,Light anaesthesia (SideEffect),CC BY-NC-SA 4.0,UMLS via SIDER 4.1,http://identifiers.org/umls/C0475746
C0483455,Prothrombin time ratio,Prothrombin time ratio (SideEffect),CC BY-NC-SA 4.0,UMLS via SIDER 4.1,http://identifiers.org/umls/C0483455
C1736167,Systemic allergic reaction,Systemic allergic reaction (SideEffect),CC BY-NC-SA 4.0,UMLS via SIDER 4.1,http://identifiers.org/umls/C1736167
C0948482,Analgesic effect,Analgesic effect (SideEffect),CC BY-NC-SA 4.0,UMLS via SIDER 4.1,http://identifiers.org/umls/C0948482
C0022568,Keratitis,Keratitis (SideEffect),CC BY-NC-SA 4.0,UMLS via SIDER 4.1,http://identifiers.org/umls/C0022568
C0019621,Langerhans' cell histiocytosis,Langerhans' cell histiocytosis (SideEffect),CC BY-NC-SA 4.0,UMLS via SIDER 4.1,http://identifiers.org/umls/C0019621
C0019156,Venoocclusive liver disease,Venoocclusive liver disease (SideEffect),CC BY-NC-SA 4.0,UMLS via SIDER 4.1,http://identifiers.org/umls/C0019156
C0030591,Paroxysmal ventricular tachycardia,Paroxysmal ventricular tachycardia (SideEffect),CC BY-NC-SA 4.0,UMLS via SIDER 4.1,http://identifiers.org/umls/C0030591
C0235113,Emotional poverty,Emotional poverty (SideEffect),CC BY-NC-SA 4.0,UMLS via SIDER 4.1,http://identifiers.org/umls/C0235113
C1959797,Allergic hepatitis,Allergic hepatitis (SideEffect),CC BY-NC-SA 4.0,UMLS via SIDER 4.1,http://identifiers.org/umls/C1959797
C0152027,Sensory disturbance,Sensory disturbance (SideEffect),CC BY-NC-SA 4.0,UMLS via SIDER 4.1,http://identifiers.org/umls/C0152027
C1456784,Paranoia,Paranoia (SideEffect),CC BY-NC-SA 4.0,UMLS via SIDER 4.1,http://identifiers.org/umls/C1456784
C0242669,Retained placenta,Retained placenta (SideEffect),CC BY-NC-SA 4.0,UMLS via SIDER 4.1,http://identifiers.org/umls/C0242669
C0685938,Gastrointestinal neoplasm malignant,Gastrointestinal neoplasm malignant (SideEffect),CC BY-NC-SA 4.0,UMLS via SIDER 4.1,http://identifiers.org/umls/C0685938
C1263960,Diabetic coma,Diabetic coma (SideEffect),CC BY-NC-SA 4.0,UMLS via SIDER 4.1,http://identifiers.org/umls/C1263960
C0019340,Herpes NOS,Herpes NOS (SideEffect),CC BY-NC-SA 4.0,UMLS via SIDER 4.1,http://identifiers.org/umls/C0019340
C0268543,N-acetylglutamate synthase deficiency,N-acetylglutamate synthase deficiency (SideEffect),CC BY-NC-SA 4.0,UMLS via SIDER 4.1,http://identifiers.org/umls/C0268543
C0232940,Amenorrhea secondary,Amenorrhea secondary (SideEffect),CC BY-NC-SA 4.0,UMLS via SIDER 4.1,http://identifiers.org/umls/C0232940
C0022104,Irritable bowel syndrome,Irritable bowel syndrome (SideEffect),CC BY-NC-SA 4.0,UMLS via SIDER 4.1,http://identifiers.org/umls/C0022104
C0232498,Abdominal tenderness,Abdominal tenderness (SideEffect),CC BY-NC-SA 4.0,UMLS via SIDER 4.1,http://identifiers.org/umls/C0232498
C0339478,Arteriosclerotic retinopathy,Arteriosclerotic retinopathy (SideEffect),CC BY-NC-SA 4.0,UMLS via SIDER 4.1,http://identifiers.org/umls/C0339478
C0020532,Hypersplenism,Hypersplenism (SideEffect),CC BY-NC-SA 4.0,UMLS via SIDER 4.1,http://identifiers.org/umls/C0020532
C0085607,Volume blood increased,Volume blood increased (SideEffect),CC BY-NC-SA 4.0,UMLS via SIDER 4.1,http://identifiers.org/umls/C0085607
C0027121,Myositis,Myositis (SideEffect),CC BY-NC-SA 4.0,UMLS via SIDER 4.1,http://identifiers.org/umls/C0027121
C0085582,Neuritis retrobulbar,Neuritis retrobulbar (SideEffect),CC BY-NC-SA 4.0,UMLS via SIDER 4.1,http://identifiers.org/umls/C0085582
C0553702,Ca++ increased,Ca++ increased (SideEffect),CC BY-NC-SA 4.0,UMLS via SIDER 4.1,http://identifiers.org/umls/C0553702
C0010043,Ulcerative keratitis,Ulcerative keratitis (SideEffect),CC BY-NC-SA 4.0,UMLS via SIDER 4.1,http://identifiers.org/umls/C0010043
C0853330,Peripheral neuropathy aggravated,Peripheral neuropathy aggravated (SideEffect),CC BY-NC-SA 4.0,UMLS via SIDER 4.1,http://identifiers.org/umls/C0853330
C0521706,Cataract unilateral,Cataract unilateral (SideEffect),CC BY-NC-SA 4.0,UMLS via SIDER 4.1,http://identifiers.org/umls/C0521706
C0026825,Muscle tone flaccid,Muscle tone flaccid (SideEffect),CC BY-NC-SA 4.0,UMLS via SIDER 4.1,http://identifiers.org/umls/C0026825
C0023646,Lichen planus,Lichen planus (SideEffect),CC BY-NC-SA 4.0,UMLS via SIDER 4.1,http://identifiers.org/umls/C0023646
C0242788,Breast neoplasm NOS male,Breast neoplasm NOS male (SideEffect),CC BY-NC-SA 4.0,UMLS via SIDER 4.1,http://identifiers.org/umls/C0242788
C1510431,Thrombophlebitis superficial,Thrombophlebitis superficial (SideEffect),CC BY-NC-SA 4.0,UMLS via SIDER 4.1,http://identifiers.org/umls/C1510431
C0860801,Glucose low,Glucose low (SideEffect),CC BY-NC-SA 4.0,UMLS via SIDER 4.1,http://identifiers.org/umls/C0860801
C0015668,Fat necrosis,Fat necrosis (SideEffect),CC BY-NC-SA 4.0,UMLS via SIDER 4.1,http://identifiers.org/umls/C0015668
C0877267,Peritonsillitis,Peritonsillitis (SideEffect),CC BY-NC-SA 4.0,UMLS via SIDER 4.1,http://identifiers.org/umls/C0877267
C0158281,Cervicobrachial syndrome,Cervicobrachial syndrome (SideEffect),CC BY-NC-SA 4.0,UMLS via SIDER 4.1,http://identifiers.org/umls/C0158281
C0553692,Haemorrhagic stroke,Haemorrhagic stroke (SideEffect),CC BY-NC-SA 4.0,UMLS via SIDER 4.1,http://identifiers.org/umls/C0553692
C0005741,Blepharitis,Blepharitis (SideEffect),CC BY-NC-SA 4.0,UMLS via SIDER 4.1,http://identifiers.org/umls/C0005741
C0221384,Follicular conjunctivitis,Follicular conjunctivitis (SideEffect),CC BY-NC-SA 4.0,UMLS via SIDER 4.1,http://identifiers.org/umls/C0221384
C1096213,Cannula site reaction,Cannula site reaction (SideEffect),CC BY-NC-SA 4.0,UMLS via SIDER 4.1,http://identifiers.org/umls/C1096213
C1262018,Transplant failure,Transplant failure (SideEffect),CC BY-NC-SA 4.0,UMLS via SIDER 4.1,http://identifiers.org/umls/C1262018
C0494165,Metastases to liver,Metastases to liver (SideEffect),CC BY-NC-SA 4.0,UMLS via SIDER 4.1,http://identifiers.org/umls/C0494165
C0151998,Uterine spasm,Uterine spasm (SideEffect),CC BY-NC-SA 4.0,UMLS via SIDER 4.1,http://identifiers.org/umls/C0151998
C0035508,Rhonchi,Rhonchi (SideEffect),CC BY-NC-SA 4.0,UMLS via SIDER 4.1,http://identifiers.org/umls/C0035508
C0239211,Oedema auricular,Oedema auricular (SideEffect),CC BY-NC-SA 4.0,UMLS via SIDER 4.1,http://identifiers.org/umls/C0239211
C0877035,Oestrogenic effect,Oestrogenic effect (SideEffect),CC BY-NC-SA 4.0,UMLS via SIDER 4.1,http://identifiers.org/umls/C0877035
C0021933,Intussusception,Intussusception (SideEffect),CC BY-NC-SA 4.0,UMLS via SIDER 4.1,http://identifiers.org/umls/C0021933
C0877306,Iris hyperpigmentation,Iris hyperpigmentation (SideEffect),CC BY-NC-SA 4.0,UMLS via SIDER 4.1,http://identifiers.org/umls/C0877306
C1739422,Opioid naive,Opioid naive (SideEffect),CC BY-NC-SA 4.0,UMLS via SIDER 4.1,http://identifiers.org/umls/C1739422
C0853226,International normalised ratio decreased,International normalised ratio decreased (SideEffect),CC BY-NC-SA 4.0,UMLS via SIDER 4.1,http://identifiers.org/umls/C0853226
C0022665,Renal neoplasm,Renal neoplasm (SideEffect),CC BY-NC-SA 4.0,UMLS via SIDER 4.1,http://identifiers.org/umls/C0022665
C1095967,Psychiatric evaluation abnormal,Psychiatric evaluation abnormal (SideEffect),CC BY-NC-SA 4.0,UMLS via SIDER 4.1,http://identifiers.org/umls/C1095967
C0853089,Intentional self-injury,Intentional self-injury (SideEffect),CC BY-NC-SA 4.0,UMLS via SIDER 4.1,http://identifiers.org/umls/C0853089
C0919267,Ovarian neoplasm,Ovarian neoplasm (SideEffect),CC BY-NC-SA 4.0,UMLS via SIDER 4.1,http://identifiers.org/umls/C0919267
C0038435,Stress,Stress (SideEffect),CC BY-NC-SA 4.0,UMLS via SIDER 4.1,http://identifiers.org/umls/C0038435
C0919578,Idiosyncratic drug reaction,Idiosyncratic drug reaction (SideEffect),CC BY-NC-SA 4.0,UMLS via SIDER 4.1,http://identifiers.org/umls/C0919578
C0852913,Blood amylase increased,Blood amylase increased (SideEffect),CC BY-NC-SA 4.0,UMLS via SIDER 4.1,http://identifiers.org/umls/C0852913
C0033246,Proctitis,Proctitis (SideEffect),CC BY-NC-SA 4.0,UMLS via SIDER 4.1,http://identifiers.org/umls/C0033246
C0231274,Heat intolerance,Heat intolerance (SideEffect),CC BY-NC-SA 4.0,UMLS via SIDER 4.1,http://identifiers.org/umls/C0231274
C0013687,Effusion,Effusion (SideEffect),CC BY-NC-SA 4.0,UMLS via SIDER 4.1,http://identifiers.org/umls/C0013687
C0029442,Osteomalacia,Osteomalacia (SideEffect),CC BY-NC-SA 4.0,UMLS via SIDER 4.1,http://identifiers.org/umls/C0029442
C1142520,Nail pigmentation,Nail pigmentation (SideEffect),CC BY-NC-SA 4.0,UMLS via SIDER 4.1,http://identifiers.org/umls/C1142520
C0423086,Staring,Staring (SideEffect),CC BY-NC-SA 4.0,UMLS via SIDER 4.1,http://identifiers.org/umls/C0423086
C0080174,Spina bifida occulta,Spina bifida occulta (SideEffect),CC BY-NC-SA 4.0,UMLS via SIDER 4.1,http://identifiers.org/umls/C0080174
C0877664,Gastrointestinal cramps,Gastrointestinal cramps (SideEffect),CC BY-NC-SA 4.0,UMLS via SIDER 4.1,http://identifiers.org/umls/C0877664
C1720798,Radiation recall reaction (dermatologic),Radiation recall reaction (dermatologic) (SideEffect),CC BY-NC-SA 4.0,UMLS via SIDER 4.1,http://identifiers.org/umls/C1720798
C0728936,Unspecified circulatory system disorder,Unspecified circulatory system disorder (SideEffect),CC BY-NC-SA 4.0,UMLS via SIDER 4.1,http://identifiers.org/umls/C0728936
C0876980,Headache aggravated,Headache aggravated (SideEffect),CC BY-NC-SA 4.0,UMLS via SIDER 4.1,http://identifiers.org/umls/C0876980
C0856761,Budd-Chiari syndrome,Budd-Chiari syndrome (SideEffect),CC BY-NC-SA 4.0,UMLS via SIDER 4.1,http://identifiers.org/umls/C0856761
C0521476,Nail bed infection,Nail bed infection (SideEffect),CC BY-NC-SA 4.0,UMLS via SIDER 4.1,http://identifiers.org/umls/C0521476
C0015459,Face injury,Face injury (SideEffect),CC BY-NC-SA 4.0,UMLS via SIDER 4.1,http://identifiers.org/umls/C0015459
C0038273,Stereotypy,Stereotypy (SideEffect),CC BY-NC-SA 4.0,UMLS via SIDER 4.1,http://identifiers.org/umls/C0038273
C0238309,Ischaemic neuropathy,Ischaemic neuropathy (SideEffect),CC BY-NC-SA 4.0,UMLS via SIDER 4.1,http://identifiers.org/umls/C0238309
C0012624,Intervertebral discitis,Intervertebral discitis (SideEffect),CC BY-NC-SA 4.0,UMLS via SIDER 4.1,http://identifiers.org/umls/C0012624
C0235031,Neurological symptom,Neurological symptom (SideEffect),CC BY-NC-SA 4.0,UMLS via SIDER 4.1,http://identifiers.org/umls/C0235031
C0152169,Renal colic,Renal colic (SideEffect),CC BY-NC-SA 4.0,UMLS via SIDER 4.1,http://identifiers.org/umls/C0152169
C0600228,Cardio-respiratory arrest,Cardio-respiratory arrest (SideEffect),CC BY-NC-SA 4.0,UMLS via SIDER 4.1,http://identifiers.org/umls/C0600228
C0221714,Injection site infection,Injection site infection (SideEffect),CC BY-NC-SA 4.0,UMLS via SIDER 4.1,http://identifiers.org/umls/C0221714
C0008031,Chest pain,Chest pain (SideEffect),CC BY-NC-SA 4.0,UMLS via SIDER 4.1,http://identifiers.org/umls/C0008031
C1565662,Acute renal insufficiency,Acute renal insufficiency (SideEffect),CC BY-NC-SA 4.0,UMLS via SIDER 4.1,http://identifiers.org/umls/C1565662
C0274714,Adrenergic syndrome,Adrenergic syndrome (SideEffect),CC BY-NC-SA 4.0,UMLS via SIDER 4.1,http://identifiers.org/umls/C0274714
C2931822,Nasopharyngeal carcinoma,Nasopharyngeal carcinoma (SideEffect),CC BY-NC-SA 4.0,UMLS via SIDER 4.1,http://identifiers.org/umls/C2931822
C0520594,Breast microcalcification,Breast microcalcification (SideEffect),CC BY-NC-SA 4.0,UMLS via SIDER 4.1,http://identifiers.org/umls/C0520594
C0085383,Hypocapnia,Hypocapnia (SideEffect),CC BY-NC-SA 4.0,UMLS via SIDER 4.1,http://identifiers.org/umls/C0085383
C0730345,Microalbuminuria,Microalbuminuria (SideEffect),CC BY-NC-SA 4.0,UMLS via SIDER 4.1,http://identifiers.org/umls/C0730345
C0010418,Cryptosporidiosis infection,Cryptosporidiosis infection (SideEffect),CC BY-NC-SA 4.0,UMLS via SIDER 4.1,http://identifiers.org/umls/C0010418
C1698259,HCV coinfection,HCV coinfection (SideEffect),CC BY-NC-SA 4.0,UMLS via SIDER 4.1,http://identifiers.org/umls/C1698259
C0241266,Subcutaneous abscess,Subcutaneous abscess (SideEffect),CC BY-NC-SA 4.0,UMLS via SIDER 4.1,http://identifiers.org/umls/C0241266
C0679429,Platelet dysfunction,Platelet dysfunction (SideEffect),CC BY-NC-SA 4.0,UMLS via SIDER 4.1,http://identifiers.org/umls/C0679429
C0001364,Acute yellow liver atrophy,Acute yellow liver atrophy (SideEffect),CC BY-NC-SA 4.0,UMLS via SIDER 4.1,http://identifiers.org/umls/C0001364
C0232200,Gallop rhythm,Gallop rhythm (SideEffect),CC BY-NC-SA 4.0,UMLS via SIDER 4.1,http://identifiers.org/umls/C0232200
C0240671,Activated partial thromboplastin time prolonged,Activated partial thromboplastin time prolonged (SideEffect),CC BY-NC-SA 4.0,UMLS via SIDER 4.1,http://identifiers.org/umls/C0240671
C0235648,Breast enlargement female,Breast enlargement female (SideEffect),CC BY-NC-SA 4.0,UMLS via SIDER 4.1,http://identifiers.org/umls/C0235648
C0029456,Osteoporosis,Osteoporosis (SideEffect),CC BY-NC-SA 4.0,UMLS via SIDER 4.1,http://identifiers.org/umls/C0029456
C0159066,Abdominal rigidity,Abdominal rigidity (SideEffect),CC BY-NC-SA 4.0,UMLS via SIDER 4.1,http://identifiers.org/umls/C0159066
C0423226,Corneal pigmentation,Corneal pigmentation (SideEffect),CC BY-NC-SA 4.0,UMLS via SIDER 4.1,http://identifiers.org/umls/C0423226
C0856137,Uterine fibroids aggravated,Uterine fibroids aggravated (SideEffect),CC BY-NC-SA 4.0,UMLS via SIDER 4.1,http://identifiers.org/umls/C0856137
C0038238,Steatorrhoea,Steatorrhoea (SideEffect),CC BY-NC-SA 4.0,UMLS via SIDER 4.1,http://identifiers.org/umls/C0038238
C0011269,Vascular dementia,Vascular dementia (SideEffect),CC BY-NC-SA 4.0,UMLS via SIDER 4.1,http://identifiers.org/umls/C0011269
C0877237,Traumatic fracture,Traumatic fracture (SideEffect),CC BY-NC-SA 4.0,UMLS via SIDER 4.1,http://identifiers.org/umls/C0877237
C0029944,Overdose,Overdose (SideEffect),CC BY-NC-SA 4.0,UMLS via SIDER 4.1,http://identifiers.org/umls/C0029944
C0877225,Bone density decreased,Bone density decreased (SideEffect),CC BY-NC-SA 4.0,UMLS via SIDER 4.1,http://identifiers.org/umls/C0877225
C2979982,Vaginal haemorrhage,Vaginal haemorrhage (SideEffect),CC BY-NC-SA 4.0,UMLS via SIDER 4.1,http://identifiers.org/umls/C2979982
C0750151,Vaso-occlusive crisis,Vaso-occlusive crisis (SideEffect),CC BY-NC-SA 4.0,UMLS via SIDER 4.1,http://identifiers.org/umls/C0750151
C0282548,Leukostasis,Leukostasis (SideEffect),CC BY-NC-SA 4.0,UMLS via SIDER 4.1,http://identifiers.org/umls/C0282548
C0220983,Metabolic alkalosis,Metabolic alkalosis (SideEffect),CC BY-NC-SA 4.0,UMLS via SIDER 4.1,http://identifiers.org/umls/C0220983
C0155170,Conjunctival cyst,Conjunctival cyst (SideEffect),CC BY-NC-SA 4.0,UMLS via SIDER 4.1,http://identifiers.org/umls/C0155170
C0849916,Generalised erythema,Generalised erythema (SideEffect),CC BY-NC-SA 4.0,UMLS via SIDER 4.1,http://identifiers.org/umls/C0849916
C0238656,Painful ankle,Painful ankle (SideEffect),CC BY-NC-SA 4.0,UMLS via SIDER 4.1,http://identifiers.org/umls/C0238656
C0234930,Skin odour abnormal,Skin odour abnormal (SideEffect),CC BY-NC-SA 4.0,UMLS via SIDER 4.1,http://identifiers.org/umls/C0234930
C0024050,Lower gastrointestinal haemorrhage,Lower gastrointestinal haemorrhage (SideEffect),CC BY-NC-SA 4.0,UMLS via SIDER 4.1,http://identifiers.org/umls/C0024050
C1168290,Drug-induced hypersensitivity syndrome,Drug-induced hypersensitivity syndrome (SideEffect),CC BY-NC-SA 4.0,UMLS via SIDER 4.1,http://identifiers.org/umls/C1168290
C0232602,Retching,Retching (SideEffect),CC BY-NC-SA 4.0,UMLS via SIDER 4.1,http://identifiers.org/umls/C0232602
C0042373,Angiopathy,Angiopathy (SideEffect),CC BY-NC-SA 4.0,UMLS via SIDER 4.1,http://identifiers.org/umls/C0042373
C0851302,Shock hypoglycaemic,Shock hypoglycaemic (SideEffect),CC BY-NC-SA 4.0,UMLS via SIDER 4.1,http://identifiers.org/umls/C0851302
C0338375,Aseptic peritonitis,Aseptic peritonitis (SideEffect),CC BY-NC-SA 4.0,UMLS via SIDER 4.1,http://identifiers.org/umls/C0338375
C0020580,Hypoaesthesia,Hypoaesthesia (SideEffect),CC BY-NC-SA 4.0,UMLS via SIDER 4.1,http://identifiers.org/umls/C0020580
C0235140,Drug maladministration,Drug maladministration (SideEffect),CC BY-NC-SA 4.0,UMLS via SIDER 4.1,http://identifiers.org/umls/C0235140
C0549389,Wound discharge increased,Wound discharge increased (SideEffect),CC BY-NC-SA 4.0,UMLS via SIDER 4.1,http://identifiers.org/umls/C0549389
C0030354,Papilloma,Papilloma (SideEffect),CC BY-NC-SA 4.0,UMLS via SIDER 4.1,http://identifiers.org/umls/C0030354
C0936250,Eczema herpeticum,Eczema herpeticum (SideEffect),CC BY-NC-SA 4.0,UMLS via SIDER 4.1,http://identifiers.org/umls/C0936250
C0424295,Hyperkinesia,Hyperkinesia (SideEffect),CC BY-NC-SA 4.0,UMLS via SIDER 4.1,http://identifiers.org/umls/C0424295
C1096034,Infusion site induration,Infusion site induration (SideEffect),CC BY-NC-SA 4.0,UMLS via SIDER 4.1,http://identifiers.org/umls/C1096034
C0012817,Diverticulum,Diverticulum (SideEffect),CC BY-NC-SA 4.0,UMLS via SIDER 4.1,http://identifiers.org/umls/C0012817
C0424323,Violent behavior,Violent behavior (SideEffect),CC BY-NC-SA 4.0,UMLS via SIDER 4.1,http://identifiers.org/umls/C0424323
C0302295,Eruption,Eruption (SideEffect),CC BY-NC-SA 4.0,UMLS via SIDER 4.1,http://identifiers.org/umls/C0302295
C0019159,Hepatitis A,Hepatitis A (SideEffect),CC BY-NC-SA 4.0,UMLS via SIDER 4.1,http://identifiers.org/umls/C0019159
C0232599,Bilious vomiting,Bilious vomiting (SideEffect),CC BY-NC-SA 4.0,UMLS via SIDER 4.1,http://identifiers.org/umls/C0232599
C0413252,Hypothermia,Hypothermia (SideEffect),CC BY-NC-SA 4.0,UMLS via SIDER 4.1,http://identifiers.org/umls/C0413252
C0549264,Sensation of blood flow,Sensation of blood flow (SideEffect),CC BY-NC-SA 4.0,UMLS via SIDER 4.1,http://identifiers.org/umls/C0549264
C1527348,Brain hypoxia,Brain hypoxia (SideEffect),CC BY-NC-SA 4.0,UMLS via SIDER 4.1,http://identifiers.org/umls/C1527348
C0235567,Sputum increased,Sputum increased (SideEffect),CC BY-NC-SA 4.0,UMLS via SIDER 4.1,http://identifiers.org/umls/C0235567
C0549376,Plasma osmolality decreased,Plasma osmolality decreased (SideEffect),CC BY-NC-SA 4.0,UMLS via SIDER 4.1,http://identifiers.org/umls/C0549376
C0235325,Gastric haemorrhage,Gastric haemorrhage (SideEffect),CC BY-NC-SA 4.0,UMLS via SIDER 4.1,http://identifiers.org/umls/C0235325
C0149778,Soft tissue infection,Soft tissue infection (SideEffect),CC BY-NC-SA 4.0,UMLS via SIDER 4.1,http://identifiers.org/umls/C0149778
C0025309,Meningoencephalitis,Meningoencephalitis (SideEffect),CC BY-NC-SA 4.0,UMLS via SIDER 4.1,http://identifiers.org/umls/C0025309
C0032000,Pituitary adenoma,Pituitary adenoma (SideEffect),CC BY-NC-SA 4.0,UMLS via SIDER 4.1,http://identifiers.org/umls/C0032000
C0423823,Nail thinning,Nail thinning (SideEffect),CC BY-NC-SA 4.0,UMLS via SIDER 4.1,http://identifiers.org/umls/C0423823
C0043387,Yawning,Yawning (SideEffect),CC BY-NC-SA 4.0,UMLS via SIDER 4.1,http://identifiers.org/umls/C0043387
C0005411,Atresia biliary,Atresia biliary (SideEffect),CC BY-NC-SA 4.0,UMLS via SIDER 4.1,http://identifiers.org/umls/C0005411
C0748052,Erythrodermic psoriasis,Erythrodermic psoriasis (SideEffect),CC BY-NC-SA 4.0,UMLS via SIDER 4.1,http://identifiers.org/umls/C0748052
C0742224,Candida cervicitis,Candida cervicitis (SideEffect),CC BY-NC-SA 4.0,UMLS via SIDER 4.1,http://identifiers.org/umls/C0742224
C0877508,Irritation gum,Irritation gum (SideEffect),CC BY-NC-SA 4.0,UMLS via SIDER 4.1,http://identifiers.org/umls/C0877508
C0037929,Spinal cord injury,Spinal cord injury (SideEffect),CC BY-NC-SA 4.0,UMLS via SIDER 4.1,http://identifiers.org/umls/C0037929
C2363912,Respiratory failure aggravated,Respiratory failure aggravated (SideEffect),CC BY-NC-SA 4.0,UMLS via SIDER 4.1,http://identifiers.org/umls/C2363912
C0858751,Lip blister,Lip blister (SideEffect),CC BY-NC-SA 4.0,UMLS via SIDER 4.1,http://identifiers.org/umls/C0858751
C0007869,Uterine cervical erosion,Uterine cervical erosion (SideEffect),CC BY-NC-SA 4.0,UMLS via SIDER 4.1,http://identifiers.org/umls/C0007869
C0014860,Oesophageal perforation,Oesophageal perforation (SideEffect),CC BY-NC-SA 4.0,UMLS via SIDER 4.1,http://identifiers.org/umls/C0014860
C0405106,Retained placenta or membranes,Retained placenta or membranes (SideEffect),CC BY-NC-SA 4.0,UMLS via SIDER 4.1,http://identifiers.org/umls/C0405106
C0877468,Rash mouth,Rash mouth (SideEffect),CC BY-NC-SA 4.0,UMLS via SIDER 4.1,http://identifiers.org/umls/C0877468
C0948818,Catheter site phlebitis,Catheter site phlebitis (SideEffect),CC BY-NC-SA 4.0,UMLS via SIDER 4.1,http://identifiers.org/umls/C0948818
C0302810,Uraemic syndrome,Uraemic syndrome (SideEffect),CC BY-NC-SA 4.0,UMLS via SIDER 4.1,http://identifiers.org/umls/C0302810
C0239836,Paraesthesia hand,Paraesthesia hand (SideEffect),CC BY-NC-SA 4.0,UMLS via SIDER 4.1,http://identifiers.org/umls/C0239836
C1262109,Procedural hypotension,Procedural hypotension (SideEffect),CC BY-NC-SA 4.0,UMLS via SIDER 4.1,http://identifiers.org/umls/C1262109
C0149911,Hypercalcaemia of malignancy,Hypercalcaemia of malignancy (SideEffect),CC BY-NC-SA 4.0,UMLS via SIDER 4.1,http://identifiers.org/umls/C0149911
C0020457,Diabetic hyperosmolar coma,Diabetic hyperosmolar coma (SideEffect),CC BY-NC-SA 4.0,UMLS via SIDER 4.1,http://identifiers.org/umls/C0020457
C0031575,Phocomelia,Phocomelia (SideEffect),CC BY-NC-SA 4.0,UMLS via SIDER 4.1,http://identifiers.org/umls/C0031575
C0029396,Ectopic ossification,Ectopic ossification (SideEffect),CC BY-NC-SA 4.0,UMLS via SIDER 4.1,http://identifiers.org/umls/C0029396
C0007760,Cerebellar syndrome,Cerebellar syndrome (SideEffect),CC BY-NC-SA 4.0,UMLS via SIDER 4.1,http://identifiers.org/umls/C0007760
C0151555,Cinchonism,Cinchonism (SideEffect),CC BY-NC-SA 4.0,UMLS via SIDER 4.1,http://identifiers.org/umls/C0151555
C0349410,Organ failure,Organ failure (SideEffect),CC BY-NC-SA 4.0,UMLS via SIDER 4.1,http://identifiers.org/umls/C0349410
C0750857,Alkaline phosphatase serum increased,Alkaline phosphatase serum increased (SideEffect),CC BY-NC-SA 4.0,UMLS via SIDER 4.1,http://identifiers.org/umls/C0750857
C1295585,Decreased vibratory sense,Decreased vibratory sense (SideEffect),CC BY-NC-SA 4.0,UMLS via SIDER 4.1,http://identifiers.org/umls/C1295585
C0393760,Initial insomnia,Initial insomnia (SideEffect),CC BY-NC-SA 4.0,UMLS via SIDER 4.1,http://identifiers.org/umls/C0393760
C0262988,Cutaneous vasculitis,Cutaneous vasculitis (SideEffect),CC BY-NC-SA 4.0,UMLS via SIDER 4.1,http://identifiers.org/umls/C0262988
C0003431,Antisocial personality disorder,Antisocial personality disorder (SideEffect),CC BY-NC-SA 4.0,UMLS via SIDER 4.1,http://identifiers.org/umls/C0003431
C0853019,Blood thyroid stimulating hormone increased,Blood thyroid stimulating hormone increased (SideEffect),CC BY-NC-SA 4.0,UMLS via SIDER 4.1,http://identifiers.org/umls/C0853019
C0034012,Delayed puberty,Delayed puberty (SideEffect),CC BY-NC-SA 4.0,UMLS via SIDER 4.1,http://identifiers.org/umls/C0034012
C0393444,Meningitis chemical,Meningitis chemical (SideEffect),CC BY-NC-SA 4.0,UMLS via SIDER 4.1,http://identifiers.org/umls/C0393444
C0577559,Mass,Mass (SideEffect),CC BY-NC-SA 4.0,UMLS via SIDER 4.1,http://identifiers.org/umls/C0577559
C0221166,Paraparesis,Paraparesis (SideEffect),CC BY-NC-SA 4.0,UMLS via SIDER 4.1,http://identifiers.org/umls/C0221166
C0009144,Tongue coated,Tongue coated (SideEffect),CC BY-NC-SA 4.0,UMLS via SIDER 4.1,http://identifiers.org/umls/C0009144
C0231694,Festinating gait,Festinating gait (SideEffect),CC BY-NC-SA 4.0,UMLS via SIDER 4.1,http://identifiers.org/umls/C0231694
C0034074,Pulmonary infarction,Pulmonary infarction (SideEffect),CC BY-NC-SA 4.0,UMLS via SIDER 4.1,http://identifiers.org/umls/C0034074
C0002940,Aneurysm,Aneurysm (SideEffect),CC BY-NC-SA 4.0,UMLS via SIDER 4.1,http://identifiers.org/umls/C0002940
C1142034,Tandem gait test abnormal,Tandem gait test abnormal (SideEffect),CC BY-NC-SA 4.0,UMLS via SIDER 4.1,http://identifiers.org/umls/C1142034
C0151586,Partial permanent deafness,Partial permanent deafness (SideEffect),CC BY-NC-SA 4.0,UMLS via SIDER 4.1,http://identifiers.org/umls/C0151586
C0221150,Odynophagia,Odynophagia (SideEffect),CC BY-NC-SA 4.0,UMLS via SIDER 4.1,http://identifiers.org/umls/C0221150
C0859996,Corneal sensitivity decreased,Corneal sensitivity decreased (SideEffect),CC BY-NC-SA 4.0,UMLS via SIDER 4.1,http://identifiers.org/umls/C0859996
C0581912,Sensation of heaviness,Sensation of heaviness (SideEffect),CC BY-NC-SA 4.0,UMLS via SIDER 4.1,http://identifiers.org/umls/C0581912
C0549383,Ovarian hyperstimulation,Ovarian hyperstimulation (SideEffect),CC BY-NC-SA 4.0,UMLS via SIDER 4.1,http://identifiers.org/umls/C0549383
C0021845,Intestinal perforation,Intestinal perforation (SideEffect),CC BY-NC-SA 4.0,UMLS via SIDER 4.1,http://identifiers.org/umls/C0021845
C0587054,Numbness in fingers,Numbness in fingers (SideEffect),CC BY-NC-SA 4.0,UMLS via SIDER 4.1,http://identifiers.org/umls/C0587054
C0264733,Dilatation ventricular,Dilatation ventricular (SideEffect),CC BY-NC-SA 4.0,UMLS via SIDER 4.1,http://identifiers.org/umls/C0264733
C0919883,Puncture site haemorrhage,Puncture site haemorrhage (SideEffect),CC BY-NC-SA 4.0,UMLS via SIDER 4.1,http://identifiers.org/umls/C0919883
C1096036,Infusion site warmth,Infusion site warmth (SideEffect),CC BY-NC-SA 4.0,UMLS via SIDER 4.1,http://identifiers.org/umls/C1096036
C0020455,Hypergammaglobulinaemia,Hypergammaglobulinaemia (SideEffect),CC BY-NC-SA 4.0,UMLS via SIDER 4.1,http://identifiers.org/umls/C0020455
C0857370,Generalized flushing,Generalized flushing (SideEffect),CC BY-NC-SA 4.0,UMLS via SIDER 4.1,http://identifiers.org/umls/C0857370
C0151311,Cranial nerve paralysis,Cranial nerve paralysis (SideEffect),CC BY-NC-SA 4.0,UMLS via SIDER 4.1,http://identifiers.org/umls/C0151311
C0424786,Postoperative fever,Postoperative fever (SideEffect),CC BY-NC-SA 4.0,UMLS via SIDER 4.1,http://identifiers.org/umls/C0424786
C0221512,Stomach ache,Stomach ache (SideEffect),CC BY-NC-SA 4.0,UMLS via SIDER 4.1,http://identifiers.org/umls/C0221512
C0392788,"Extranodal NK/T-cell lymphoma, nasal type","Extranodal NK/T-cell lymphoma, nasal type (SideEffect)",CC BY-NC-SA 4.0,UMLS via SIDER 4.1,http://identifiers.org/umls/C0392788
C0857246,Red neck,Red neck (SideEffect),CC BY-NC-SA 4.0,UMLS via SIDER 4.1,http://identifiers.org/umls/C0857246
C3203531,Post-traumatic neck syndrome,Post-traumatic neck syndrome (SideEffect),CC BY-NC-SA 4.0,UMLS via SIDER 4.1,http://identifiers.org/umls/C3203531
C1619702,Device related infection,Device related infection (SideEffect),CC BY-NC-SA 4.0,UMLS via SIDER 4.1,http://identifiers.org/umls/C1619702
C0750394,White blood cell count decreased,White blood cell count decreased (SideEffect),CC BY-NC-SA 4.0,UMLS via SIDER 4.1,http://identifiers.org/umls/C0750394
C0948978,Catheter site cellulitis,Catheter site cellulitis (SideEffect),CC BY-NC-SA 4.0,UMLS via SIDER 4.1,http://identifiers.org/umls/C0948978
C1704202,Aspermia,Aspermia (SideEffect),CC BY-NC-SA 4.0,UMLS via SIDER 4.1,http://identifiers.org/umls/C1704202
C2938972,Penile haematoma,Penile haematoma (SideEffect),CC BY-NC-SA 4.0,UMLS via SIDER 4.1,http://identifiers.org/umls/C2938972
C0031117,Neuropathy peripheral,Neuropathy peripheral (SideEffect),CC BY-NC-SA 4.0,UMLS via SIDER 4.1,http://identifiers.org/umls/C0031117
C0238242,Lithium toxicity,Lithium toxicity (SideEffect),CC BY-NC-SA 4.0,UMLS via SIDER 4.1,http://identifiers.org/umls/C0238242
C0549399,Low density lipoprotein increased,Low density lipoprotein increased (SideEffect),CC BY-NC-SA 4.0,UMLS via SIDER 4.1,http://identifiers.org/umls/C0549399
C0948011,Cervix haemorrhage uterine,Cervix haemorrhage uterine (SideEffect),CC BY-NC-SA 4.0,UMLS via SIDER 4.1,http://identifiers.org/umls/C0948011
C0009450,Infection,Infection (SideEffect),CC BY-NC-SA 4.0,UMLS via SIDER 4.1,http://identifiers.org/umls/C0009450
C0036830,Serum sickness,Serum sickness (SideEffect),CC BY-NC-SA 4.0,UMLS via SIDER 4.1,http://identifiers.org/umls/C0036830
C0236003,Mucosal swelling,Mucosal swelling (SideEffect),CC BY-NC-SA 4.0,UMLS via SIDER 4.1,http://identifiers.org/umls/C0236003
C0020564,Hypertrophy,Hypertrophy (SideEffect),CC BY-NC-SA 4.0,UMLS via SIDER 4.1,http://identifiers.org/umls/C0020564
C0034088,Pulmonary valve incompetence,Pulmonary valve incompetence (SideEffect),CC BY-NC-SA 4.0,UMLS via SIDER 4.1,http://identifiers.org/umls/C0034088
C0856148,Porphyria aggravated,Porphyria aggravated (SideEffect),CC BY-NC-SA 4.0,UMLS via SIDER 4.1,http://identifiers.org/umls/C0856148
C0855246,Abnormal sleep-related event,Abnormal sleep-related event (SideEffect),CC BY-NC-SA 4.0,UMLS via SIDER 4.1,http://identifiers.org/umls/C0855246
C1535919,Foetal chromosome abnormality,Foetal chromosome abnormality (SideEffect),CC BY-NC-SA 4.0,UMLS via SIDER 4.1,http://identifiers.org/umls/C1535919
C0852908,Drug ineffective,Drug ineffective (SideEffect),CC BY-NC-SA 4.0,UMLS via SIDER 4.1,http://identifiers.org/umls/C0852908
C0155626,Acute myocardial infarction,Acute myocardial infarction (SideEffect),CC BY-NC-SA 4.0,UMLS via SIDER 4.1,http://identifiers.org/umls/C0155626
C1261981,Urticaria localised,Urticaria localised (SideEffect),CC BY-NC-SA 4.0,UMLS via SIDER 4.1,http://identifiers.org/umls/C1261981
C0015645,Fasciitis,Fasciitis (SideEffect),CC BY-NC-SA 4.0,UMLS via SIDER 4.1,http://identifiers.org/umls/C0015645
C0025222,Melaena,Melaena (SideEffect),CC BY-NC-SA 4.0,UMLS via SIDER 4.1,http://identifiers.org/umls/C0025222
C0151752,Lactation female,Lactation female (SideEffect),CC BY-NC-SA 4.0,UMLS via SIDER 4.1,http://identifiers.org/umls/C0151752
C0394006,Disequilibrium syndrome,Disequilibrium syndrome (SideEffect),CC BY-NC-SA 4.0,UMLS via SIDER 4.1,http://identifiers.org/umls/C0394006
C0857332,Clonic movements,Clonic movements (SideEffect),CC BY-NC-SA 4.0,UMLS via SIDER 4.1,http://identifiers.org/umls/C0857332
C0020578,Hyperventilation,Hyperventilation (SideEffect),CC BY-NC-SA 4.0,UMLS via SIDER 4.1,http://identifiers.org/umls/C0020578
C0853028,Blood pH decreased,Blood pH decreased (SideEffect),CC BY-NC-SA 4.0,UMLS via SIDER 4.1,http://identifiers.org/umls/C0853028
C0020617,Hypoglycaemic coma,Hypoglycaemic coma (SideEffect),CC BY-NC-SA 4.0,UMLS via SIDER 4.1,http://identifiers.org/umls/C0020617
C0235863,Delayed delivery,Delayed delivery (SideEffect),CC BY-NC-SA 4.0,UMLS via SIDER 4.1,http://identifiers.org/umls/C0235863
C0151907,Skin discolouration,Skin discolouration (SideEffect),CC BY-NC-SA 4.0,UMLS via SIDER 4.1,http://identifiers.org/umls/C0151907
C0002880,Autoimmune haemolytic anaemia,Autoimmune haemolytic anaemia (SideEffect),CC BY-NC-SA 4.0,UMLS via SIDER 4.1,http://identifiers.org/umls/C0002880
C0027962,Melanocytic naevus,Melanocytic naevus (SideEffect),CC BY-NC-SA 4.0,UMLS via SIDER 4.1,http://identifiers.org/umls/C0027962
C0524620,Metabolic syndrome,Metabolic syndrome (SideEffect),CC BY-NC-SA 4.0,UMLS via SIDER 4.1,http://identifiers.org/umls/C0524620
C0221161,Shallow breathing,Shallow breathing (SideEffect),CC BY-NC-SA 4.0,UMLS via SIDER 4.1,http://identifiers.org/umls/C0221161
C0022081,Iritis,Iritis (SideEffect),CC BY-NC-SA 4.0,UMLS via SIDER 4.1,http://identifiers.org/umls/C0022081
C0458109,Ovarian pain,Ovarian pain (SideEffect),CC BY-NC-SA 4.0,UMLS via SIDER 4.1,http://identifiers.org/umls/C0458109
C0857093,Elevated liver enzyme levels,Elevated liver enzyme levels (SideEffect),CC BY-NC-SA 4.0,UMLS via SIDER 4.1,http://identifiers.org/umls/C0857093
C1112413,Peripheral artery aneurysm,Peripheral artery aneurysm (SideEffect),CC BY-NC-SA 4.0,UMLS via SIDER 4.1,http://identifiers.org/umls/C1112413
C0035326,Retinal vascular occlusion,Retinal vascular occlusion (SideEffect),CC BY-NC-SA 4.0,UMLS via SIDER 4.1,http://identifiers.org/umls/C0035326
C0030794,Pelvic pain,Pelvic pain (SideEffect),CC BY-NC-SA 4.0,UMLS via SIDER 4.1,http://identifiers.org/umls/C0030794
C0031256,Petechiae,Petechiae (SideEffect),CC BY-NC-SA 4.0,UMLS via SIDER 4.1,http://identifiers.org/umls/C0031256
C0241228,Spleen palpable,Spleen palpable (SideEffect),CC BY-NC-SA 4.0,UMLS via SIDER 4.1,http://identifiers.org/umls/C0241228
C0151821,Accidental overdose,Accidental overdose (SideEffect),CC BY-NC-SA 4.0,UMLS via SIDER 4.1,http://identifiers.org/umls/C0151821
C0042029,Urinary tract infection,Urinary tract infection (SideEffect),CC BY-NC-SA 4.0,UMLS via SIDER 4.1,http://identifiers.org/umls/C0042029
C1328332,Procedural hypertension,Procedural hypertension (SideEffect),CC BY-NC-SA 4.0,UMLS via SIDER 4.1,http://identifiers.org/umls/C1328332
C0338480,Migraine without aura,Migraine without aura (SideEffect),CC BY-NC-SA 4.0,UMLS via SIDER 4.1,http://identifiers.org/umls/C0338480
C0847403,Infective tenosynovitis,Infective tenosynovitis (SideEffect),CC BY-NC-SA 4.0,UMLS via SIDER 4.1,http://identifiers.org/umls/C0847403
C1535950,Gastrointestinal inflammation,Gastrointestinal inflammation (SideEffect),CC BY-NC-SA 4.0,UMLS via SIDER 4.1,http://identifiers.org/umls/C1535950
C1096286,Transaminases decreased,Transaminases decreased (SideEffect),CC BY-NC-SA 4.0,UMLS via SIDER 4.1,http://identifiers.org/umls/C1096286
C0232431,Cold sweat,Cold sweat (SideEffect),CC BY-NC-SA 4.0,UMLS via SIDER 4.1,http://identifiers.org/umls/C0232431
C0240515,Nipple pain,Nipple pain (SideEffect),CC BY-NC-SA 4.0,UMLS via SIDER 4.1,http://identifiers.org/umls/C0240515
C1619718,Partner stress,Partner stress (SideEffect),CC BY-NC-SA 4.0,UMLS via SIDER 4.1,http://identifiers.org/umls/C1619718
C0853942,Tongue blistering,Tongue blistering (SideEffect),CC BY-NC-SA 4.0,UMLS via SIDER 4.1,http://identifiers.org/umls/C0853942
C0854372,Mastication disorder,Mastication disorder (SideEffect),CC BY-NC-SA 4.0,UMLS via SIDER 4.1,http://identifiers.org/umls/C0854372
C0426636,Defaecation urgency,Defaecation urgency (SideEffect),CC BY-NC-SA 4.0,UMLS via SIDER 4.1,http://identifiers.org/umls/C0426636
C1868709,Activation syndrome,Activation syndrome (SideEffect),CC BY-NC-SA 4.0,UMLS via SIDER 4.1,http://identifiers.org/umls/C1868709
C0086438,Hypogammaglobulinaemia,Hypogammaglobulinaemia (SideEffect),CC BY-NC-SA 4.0,UMLS via SIDER 4.1,http://identifiers.org/umls/C0086438
C0035232,Respiratory paralysis,Respiratory paralysis (SideEffect),CC BY-NC-SA 4.0,UMLS via SIDER 4.1,http://identifiers.org/umls/C0035232
C0877584,Tumour haemorrhage,Tumour haemorrhage (SideEffect),CC BY-NC-SA 4.0,UMLS via SIDER 4.1,http://identifiers.org/umls/C0877584
C1142397,Myoglobinaemia,Myoglobinaemia (SideEffect),CC BY-NC-SA 4.0,UMLS via SIDER 4.1,http://identifiers.org/umls/C1142397
C0235437,Gravitational oedema,Gravitational oedema (SideEffect),CC BY-NC-SA 4.0,UMLS via SIDER 4.1,http://identifiers.org/umls/C0235437
C1112349,Spinal cord paralysis,Spinal cord paralysis (SideEffect),CC BY-NC-SA 4.0,UMLS via SIDER 4.1,http://identifiers.org/umls/C1112349
C0007095,Carcinoid tumour,Carcinoid tumour (SideEffect),CC BY-NC-SA 4.0,UMLS via SIDER 4.1,http://identifiers.org/umls/C0007095
C0030293,Pancreatic insufficiency,Pancreatic insufficiency (SideEffect),CC BY-NC-SA 4.0,UMLS via SIDER 4.1,http://identifiers.org/umls/C0030293
C0009269,Cold intolerance,Cold intolerance (SideEffect),CC BY-NC-SA 4.0,UMLS via SIDER 4.1,http://identifiers.org/umls/C0009269
C0011127,Decubitus ulcer,Decubitus ulcer (SideEffect),CC BY-NC-SA 4.0,UMLS via SIDER 4.1,http://identifiers.org/umls/C0011127
C0232352,Vascular insufficiency,Vascular insufficiency (SideEffect),CC BY-NC-SA 4.0,UMLS via SIDER 4.1,http://identifiers.org/umls/C0232352
C3267206,Chalky taste,Chalky taste (SideEffect),CC BY-NC-SA 4.0,UMLS via SIDER 4.1,http://identifiers.org/umls/C3267206
C0857361,Headache occurring,Headache occurring (SideEffect),CC BY-NC-SA 4.0,UMLS via SIDER 4.1,http://identifiers.org/umls/C0857361
C1305875,Fibroadenosis of breast,Fibroadenosis of breast (SideEffect),CC BY-NC-SA 4.0,UMLS via SIDER 4.1,http://identifiers.org/umls/C1305875
C0549315,Benign hydatidiform mole,Benign hydatidiform mole (SideEffect),CC BY-NC-SA 4.0,UMLS via SIDER 4.1,http://identifiers.org/umls/C0549315
C0013608,Oedema due to cardiac disease,Oedema due to cardiac disease (SideEffect),CC BY-NC-SA 4.0,UMLS via SIDER 4.1,http://identifiers.org/umls/C0013608
C0861020,Insulin C-peptide decreased,Insulin C-peptide decreased (SideEffect),CC BY-NC-SA 4.0,UMLS via SIDER 4.1,http://identifiers.org/umls/C0861020
C0853974,Blood gonadotrophin decreased,Blood gonadotrophin decreased (SideEffect),CC BY-NC-SA 4.0,UMLS via SIDER 4.1,http://identifiers.org/umls/C0853974
C0009760,Conjunctival haemorrhage,Conjunctival haemorrhage (SideEffect),CC BY-NC-SA 4.0,UMLS via SIDER 4.1,http://identifiers.org/umls/C0009760
C0019112,Haemorrhoids,Haemorrhoids (SideEffect),CC BY-NC-SA 4.0,UMLS via SIDER 4.1,http://identifiers.org/umls/C0019112
C0152183,Explosive personality disorder,Explosive personality disorder (SideEffect),CC BY-NC-SA 4.0,UMLS via SIDER 4.1,http://identifiers.org/umls/C0152183
C1262036,Ocular toxicity,Ocular toxicity (SideEffect),CC BY-NC-SA 4.0,UMLS via SIDER 4.1,http://identifiers.org/umls/C1262036
C0271441,Otitis media chronic,Otitis media chronic (SideEffect),CC BY-NC-SA 4.0,UMLS via SIDER 4.1,http://identifiers.org/umls/C0271441
C0877056,Hypoglycaemic seizure,Hypoglycaemic seizure (SideEffect),CC BY-NC-SA 4.0,UMLS via SIDER 4.1,http://identifiers.org/umls/C0877056
C0004610,Bacteraemia,Bacteraemia (SideEffect),CC BY-NC-SA 4.0,UMLS via SIDER 4.1,http://identifiers.org/umls/C0004610
C0600260,Obstructive airways disorder,Obstructive airways disorder (SideEffect),CC BY-NC-SA 4.0,UMLS via SIDER 4.1,http://identifiers.org/umls/C0600260
C0235260,Chloropsia,Chloropsia (SideEffect),CC BY-NC-SA 4.0,UMLS via SIDER 4.1,http://identifiers.org/umls/C0235260
C0013609,Localised oedema,Localised oedema (SideEffect),CC BY-NC-SA 4.0,UMLS via SIDER 4.1,http://identifiers.org/umls/C0013609
C0282005,Scrotal swelling,Scrotal swelling (SideEffect),CC BY-NC-SA 4.0,UMLS via SIDER 4.1,http://identifiers.org/umls/C0282005
C0013473,Eating disorder,Eating disorder (SideEffect),CC BY-NC-SA 4.0,UMLS via SIDER 4.1,http://identifiers.org/umls/C0013473
C0849796,Ear congestion,Ear congestion (SideEffect),CC BY-NC-SA 4.0,UMLS via SIDER 4.1,http://identifiers.org/umls/C0849796
C0860711,Carbon dioxide decreased,Carbon dioxide decreased (SideEffect),CC BY-NC-SA 4.0,UMLS via SIDER 4.1,http://identifiers.org/umls/C0860711
C2732728,Body height decreased,Body height decreased (SideEffect),CC BY-NC-SA 4.0,UMLS via SIDER 4.1,http://identifiers.org/umls/C2732728
C0851043,Lipids increased,Lipids increased (SideEffect),CC BY-NC-SA 4.0,UMLS via SIDER 4.1,http://identifiers.org/umls/C0851043
C0236051,Tolerance development,Tolerance development (SideEffect),CC BY-NC-SA 4.0,UMLS via SIDER 4.1,http://identifiers.org/umls/C0236051
C0221170,Muscle stiffness,Muscle stiffness (SideEffect),CC BY-NC-SA 4.0,UMLS via SIDER 4.1,http://identifiers.org/umls/C0221170
C0860661,Oppositional,Oppositional (SideEffect),CC BY-NC-SA 4.0,UMLS via SIDER 4.1,http://identifiers.org/umls/C0860661
C0546959,Atrial tachycardia,Atrial tachycardia (SideEffect),CC BY-NC-SA 4.0,UMLS via SIDER 4.1,http://identifiers.org/umls/C0546959
C1527344,Dysphonia,Dysphonia (SideEffect),CC BY-NC-SA 4.0,UMLS via SIDER 4.1,http://identifiers.org/umls/C1527344
C0233415,Distractibility,Distractibility (SideEffect),CC BY-NC-SA 4.0,UMLS via SIDER 4.1,http://identifiers.org/umls/C0233415
C0278008,Change of bowel habit,Change of bowel habit (SideEffect),CC BY-NC-SA 4.0,UMLS via SIDER 4.1,http://identifiers.org/umls/C0278008
C0221725,Bronchial obstruction,Bronchial obstruction (SideEffect),CC BY-NC-SA 4.0,UMLS via SIDER 4.1,http://identifiers.org/umls/C0221725
C0025322,Premature menopause,Premature menopause (SideEffect),CC BY-NC-SA 4.0,UMLS via SIDER 4.1,http://identifiers.org/umls/C0025322
C0441713,Chemical injury,Chemical injury (SideEffect),CC BY-NC-SA 4.0,UMLS via SIDER 4.1,http://identifiers.org/umls/C0441713
C0029878,Otitis externa,Otitis externa (SideEffect),CC BY-NC-SA 4.0,UMLS via SIDER 4.1,http://identifiers.org/umls/C0029878
C0015397,Eye disorder,Eye disorder (SideEffect),CC BY-NC-SA 4.0,UMLS via SIDER 4.1,http://identifiers.org/umls/C0015397
C0578454,Neck swelling,Neck swelling (SideEffect),CC BY-NC-SA 4.0,UMLS via SIDER 4.1,http://identifiers.org/umls/C0578454
C0175754,Corpus callosum agenesis,Corpus callosum agenesis (SideEffect),CC BY-NC-SA 4.0,UMLS via SIDER 4.1,http://identifiers.org/umls/C0175754
C0861148,Proarrhythmia,Proarrhythmia (SideEffect),CC BY-NC-SA 4.0,UMLS via SIDER 4.1,http://identifiers.org/umls/C0861148
C0438167,Electrocardiogram T wave abnormal,Electrocardiogram T wave abnormal (SideEffect),CC BY-NC-SA 4.0,UMLS via SIDER 4.1,http://identifiers.org/umls/C0438167
C0235874,Condition aggravated,Condition aggravated (SideEffect),CC BY-NC-SA 4.0,UMLS via SIDER 4.1,http://identifiers.org/umls/C0235874
C0854567,Complications of transplant surgery,Complications of transplant surgery (SideEffect),CC BY-NC-SA 4.0,UMLS via SIDER 4.1,http://identifiers.org/umls/C0854567
C0549201,Asteatosis,Asteatosis (SideEffect),CC BY-NC-SA 4.0,UMLS via SIDER 4.1,http://identifiers.org/umls/C0549201
C1527410,Renal rickets,Renal rickets (SideEffect),CC BY-NC-SA 4.0,UMLS via SIDER 4.1,http://identifiers.org/umls/C1527410
C0549280,Nausea aggravated,Nausea aggravated (SideEffect),CC BY-NC-SA 4.0,UMLS via SIDER 4.1,http://identifiers.org/umls/C0549280
C0233408,Temporal disorientation,Temporal disorientation (SideEffect),CC BY-NC-SA 4.0,UMLS via SIDER 4.1,http://identifiers.org/umls/C0233408
C0014306,Enophthalmos,Enophthalmos (SideEffect),CC BY-NC-SA 4.0,UMLS via SIDER 4.1,http://identifiers.org/umls/C0014306
C0151747,Renal tubular disorder,Renal tubular disorder (SideEffect),CC BY-NC-SA 4.0,UMLS via SIDER 4.1,http://identifiers.org/umls/C0151747
C0474381,Chromatopsia,Chromatopsia (SideEffect),CC BY-NC-SA 4.0,UMLS via SIDER 4.1,http://identifiers.org/umls/C0474381
C0459435,Psychotic state,Psychotic state (SideEffect),CC BY-NC-SA 4.0,UMLS via SIDER 4.1,http://identifiers.org/umls/C0459435
C0149801,Urosepsis,Urosepsis (SideEffect),CC BY-NC-SA 4.0,UMLS via SIDER 4.1,http://identifiers.org/umls/C0149801
C0024528,Malaise and fatigue,Malaise and fatigue (SideEffect),CC BY-NC-SA 4.0,UMLS via SIDER 4.1,http://identifiers.org/umls/C0024528
C0342490,Adrenal atrophy,Adrenal atrophy (SideEffect),CC BY-NC-SA 4.0,UMLS via SIDER 4.1,http://identifiers.org/umls/C0342490
C1148477,Sudden deafness,Sudden deafness (SideEffect),CC BY-NC-SA 4.0,UMLS via SIDER 4.1,http://identifiers.org/umls/C1148477
C0014724,Eructation,Eructation (SideEffect),CC BY-NC-SA 4.0,UMLS via SIDER 4.1,http://identifiers.org/umls/C0014724
C0000814,Abortion missed,Abortion missed (SideEffect),CC BY-NC-SA 4.0,UMLS via SIDER 4.1,http://identifiers.org/umls/C0000814
C0162298,Joint stiffness,Joint stiffness (SideEffect),CC BY-NC-SA 4.0,UMLS via SIDER 4.1,http://identifiers.org/umls/C0162298
C0034530,Radiation injury,Radiation injury (SideEffect),CC BY-NC-SA 4.0,UMLS via SIDER 4.1,http://identifiers.org/umls/C0034530
C0541798,Terminal insomnia,Terminal insomnia (SideEffect),CC BY-NC-SA 4.0,UMLS via SIDER 4.1,http://identifiers.org/umls/C0541798
C0919659,Oropharyngeal candidiasis,Oropharyngeal candidiasis (SideEffect),CC BY-NC-SA 4.0,UMLS via SIDER 4.1,http://identifiers.org/umls/C0919659
C0235496,Oral mucosal petechiae,Oral mucosal petechiae (SideEffect),CC BY-NC-SA 4.0,UMLS via SIDER 4.1,http://identifiers.org/umls/C0235496
C0919936,Therapy naive,Therapy naive (SideEffect),CC BY-NC-SA 4.0,UMLS via SIDER 4.1,http://identifiers.org/umls/C0919936
C0234507,Anosognosia,Anosognosia (SideEffect),CC BY-NC-SA 4.0,UMLS via SIDER 4.1,http://identifiers.org/umls/C0234507
C0234916,Rash follicular,Rash follicular (SideEffect),CC BY-NC-SA 4.0,UMLS via SIDER 4.1,http://identifiers.org/umls/C0234916
C0239739,Gingival pain,Gingival pain (SideEffect),CC BY-NC-SA 4.0,UMLS via SIDER 4.1,http://identifiers.org/umls/C0239739
C0032326,Pneumothorax,Pneumothorax (SideEffect),CC BY-NC-SA 4.0,UMLS via SIDER 4.1,http://identifiers.org/umls/C0032326
C0521505,Injection site dermatitis,Injection site dermatitis (SideEffect),CC BY-NC-SA 4.0,UMLS via SIDER 4.1,http://identifiers.org/umls/C0521505
C2939465,Glucose-6-phosphate dehydrogenase deficiency,Glucose-6-phosphate dehydrogenase deficiency (SideEffect),CC BY-NC-SA 4.0,UMLS via SIDER 4.1,http://identifiers.org/umls/C2939465
C0022603,Seborrhoeic keratosis,Seborrhoeic keratosis (SideEffect),CC BY-NC-SA 4.0,UMLS via SIDER 4.1,http://identifiers.org/umls/C0022603
C0162627,Skin bacterial infection,Skin bacterial infection (SideEffect),CC BY-NC-SA 4.0,UMLS via SIDER 4.1,http://identifiers.org/umls/C0162627
C1141893,Muscle enzyme increased,Muscle enzyme increased (SideEffect),CC BY-NC-SA 4.0,UMLS via SIDER 4.1,http://identifiers.org/umls/C1141893
C1262113,Lipohypertrophy,Lipohypertrophy (SideEffect),CC BY-NC-SA 4.0,UMLS via SIDER 4.1,http://identifiers.org/umls/C1262113
C0234972,Convulsive disorder,Convulsive disorder (SideEffect),CC BY-NC-SA 4.0,UMLS via SIDER 4.1,http://identifiers.org/umls/C0234972
C0007398,Catatonia,Catatonia (SideEffect),CC BY-NC-SA 4.0,UMLS via SIDER 4.1,http://identifiers.org/umls/C0007398
C0040517,Tourette's disorder,Tourette's disorder (SideEffect),CC BY-NC-SA 4.0,UMLS via SIDER 4.1,http://identifiers.org/umls/C0040517
C0701824,Staggering gait,Staggering gait (SideEffect),CC BY-NC-SA 4.0,UMLS via SIDER 4.1,http://identifiers.org/umls/C0701824
C0854062,Blood fibrinogen decreased,Blood fibrinogen decreased (SideEffect),CC BY-NC-SA 4.0,UMLS via SIDER 4.1,http://identifiers.org/umls/C0854062
C0238311,Nicotine poisoning,Nicotine poisoning (SideEffect),CC BY-NC-SA 4.0,UMLS via SIDER 4.1,http://identifiers.org/umls/C0238311
C0235792,Breast pain male,Breast pain male (SideEffect),CC BY-NC-SA 4.0,UMLS via SIDER 4.1,http://identifiers.org/umls/C0235792
C0151889,Hyperreflexia,Hyperreflexia (SideEffect),CC BY-NC-SA 4.0,UMLS via SIDER 4.1,http://identifiers.org/umls/C0151889
C0029925,Ovarian carcinoma,Ovarian carcinoma (SideEffect),CC BY-NC-SA 4.0,UMLS via SIDER 4.1,http://identifiers.org/umls/C0029925
C0877197,Numbness lips,Numbness lips (SideEffect),CC BY-NC-SA 4.0,UMLS via SIDER 4.1,http://identifiers.org/umls/C0877197
C0005001,Benign prostatic hypertrophy,Benign prostatic hypertrophy (SideEffect),CC BY-NC-SA 4.0,UMLS via SIDER 4.1,http://identifiers.org/umls/C0005001
C0474378,Hair colour changes,Hair colour changes (SideEffect),CC BY-NC-SA 4.0,UMLS via SIDER 4.1,http://identifiers.org/umls/C0474378
C0005826,Blood pressure abnormal,Blood pressure abnormal (SideEffect),CC BY-NC-SA 4.0,UMLS via SIDER 4.1,http://identifiers.org/umls/C0005826
C0151728,Immunoglobulins decreased,Immunoglobulins decreased (SideEffect),CC BY-NC-SA 4.0,UMLS via SIDER 4.1,http://identifiers.org/umls/C0151728
C0341335,Cytomegalovirus colitis,Cytomegalovirus colitis (SideEffect),CC BY-NC-SA 4.0,UMLS via SIDER 4.1,http://identifiers.org/umls/C0341335
C2062908,Gout acute,Gout acute (SideEffect),CC BY-NC-SA 4.0,UMLS via SIDER 4.1,http://identifiers.org/umls/C2062908
C0008311,Cholangitis,Cholangitis (SideEffect),CC BY-NC-SA 4.0,UMLS via SIDER 4.1,http://identifiers.org/umls/C0008311
C1510410,Parosmia,Parosmia (SideEffect),CC BY-NC-SA 4.0,UMLS via SIDER 4.1,http://identifiers.org/umls/C1510410
C0855217,Lack of spontaneous speech,Lack of spontaneous speech (SideEffect),CC BY-NC-SA 4.0,UMLS via SIDER 4.1,http://identifiers.org/umls/C0855217
C1412002,Atypical pneumonia,Atypical pneumonia (SideEffect),CC BY-NC-SA 4.0,UMLS via SIDER 4.1,http://identifiers.org/umls/C1412002
C0409497,Joint injury,Joint injury (SideEffect),CC BY-NC-SA 4.0,UMLS via SIDER 4.1,http://identifiers.org/umls/C0409497
C0014583,Episcleritis,Episcleritis (SideEffect),CC BY-NC-SA 4.0,UMLS via SIDER 4.1,http://identifiers.org/umls/C0014583
C0233472,Affect lability,Affect lability (SideEffect),CC BY-NC-SA 4.0,UMLS via SIDER 4.1,http://identifiers.org/umls/C0233472
C0578682,Eyebrow loss of,Eyebrow loss of (SideEffect),CC BY-NC-SA 4.0,UMLS via SIDER 4.1,http://identifiers.org/umls/C0578682
C0281963,Red cell aplasia,Red cell aplasia (SideEffect),CC BY-NC-SA 4.0,UMLS via SIDER 4.1,http://identifiers.org/umls/C0281963
C0151565,Hemorrhagic colitis,Hemorrhagic colitis (SideEffect),CC BY-NC-SA 4.0,UMLS via SIDER 4.1,http://identifiers.org/umls/C0151565
C1141890,Long QT syndrome congenital,Long QT syndrome congenital (SideEffect),CC BY-NC-SA 4.0,UMLS via SIDER 4.1,http://identifiers.org/umls/C1141890
C1112626,Allergic exanthema,Allergic exanthema (SideEffect),CC BY-NC-SA 4.0,UMLS via SIDER 4.1,http://identifiers.org/umls/C1112626
C0235340,Buccal inflammation,Buccal inflammation (SideEffect),CC BY-NC-SA 4.0,UMLS via SIDER 4.1,http://identifiers.org/umls/C0235340
C0241012,Serum ferritin decreased,Serum ferritin decreased (SideEffect),CC BY-NC-SA 4.0,UMLS via SIDER 4.1,http://identifiers.org/umls/C0241012
C0872380,Food craving,Food craving (SideEffect),CC BY-NC-SA 4.0,UMLS via SIDER 4.1,http://identifiers.org/umls/C0872380
C0948817,Catheter site inflammation,Catheter site inflammation (SideEffect),CC BY-NC-SA 4.0,UMLS via SIDER 4.1,http://identifiers.org/umls/C0948817
C0019555,Developmental hip dysplasia,Developmental hip dysplasia (SideEffect),CC BY-NC-SA 4.0,UMLS via SIDER 4.1,http://identifiers.org/umls/C0019555
C1561230,Soft tissue necrosis,Soft tissue necrosis (SideEffect),CC BY-NC-SA 4.0,UMLS via SIDER 4.1,http://identifiers.org/umls/C1561230
C0270327,Nocturnal enuresis,Nocturnal enuresis (SideEffect),CC BY-NC-SA 4.0,UMLS via SIDER 4.1,http://identifiers.org/umls/C0270327
C0233718,Pressure of speech,Pressure of speech (SideEffect),CC BY-NC-SA 4.0,UMLS via SIDER 4.1,http://identifiers.org/umls/C0233718
C0042740,Viral syndrome,Viral syndrome (SideEffect),CC BY-NC-SA 4.0,UMLS via SIDER 4.1,http://identifiers.org/umls/C0042740
C1390484,Skull hypoplasia,Skull hypoplasia (SideEffect),CC BY-NC-SA 4.0,UMLS via SIDER 4.1,http://identifiers.org/umls/C1390484
C0271412,Ear haemorrhage,Ear haemorrhage (SideEffect),CC BY-NC-SA 4.0,UMLS via SIDER 4.1,http://identifiers.org/umls/C0271412
C2242595,Mucosal atrophy,Mucosal atrophy (SideEffect),CC BY-NC-SA 4.0,UMLS via SIDER 4.1,http://identifiers.org/umls/C2242595
C0267994,"Disorders of fluid, electrolyte and acid-base balance","Disorders of fluid, electrolyte and acid-base balance (SideEffect)",CC BY-NC-SA 4.0,UMLS via SIDER 4.1,http://identifiers.org/umls/C0267994
C0302813,Lactase deficiency,Lactase deficiency (SideEffect),CC BY-NC-SA 4.0,UMLS via SIDER 4.1,http://identifiers.org/umls/C0302813
C0520547,Poor peripheral circulation,Poor peripheral circulation (SideEffect),CC BY-NC-SA 4.0,UMLS via SIDER 4.1,http://identifiers.org/umls/C0520547
C0004509,Azoospermia,Azoospermia (SideEffect),CC BY-NC-SA 4.0,UMLS via SIDER 4.1,http://identifiers.org/umls/C0004509
C0235922,Breast neoplasm benign female,Breast neoplasm benign female (SideEffect),CC BY-NC-SA 4.0,UMLS via SIDER 4.1,http://identifiers.org/umls/C0235922
C0241069,Skin erosion,Skin erosion (SideEffect),CC BY-NC-SA 4.0,UMLS via SIDER 4.1,http://identifiers.org/umls/C0241069
C0151547,Cataract specified,Cataract specified (SideEffect),CC BY-NC-SA 4.0,UMLS via SIDER 4.1,http://identifiers.org/umls/C0151547
C0549202,Chapped skin,Chapped skin (SideEffect),CC BY-NC-SA 4.0,UMLS via SIDER 4.1,http://identifiers.org/umls/C0549202
C0595876,Calcium intoxication,Calcium intoxication (SideEffect),CC BY-NC-SA 4.0,UMLS via SIDER 4.1,http://identifiers.org/umls/C0595876
C0043345,Xeroderma,Xeroderma (SideEffect),CC BY-NC-SA 4.0,UMLS via SIDER 4.1,http://identifiers.org/umls/C0043345
C0032768,Post herpetic neuralgia,Post herpetic neuralgia (SideEffect),CC BY-NC-SA 4.0,UMLS via SIDER 4.1,http://identifiers.org/umls/C0032768
C1458155,Breast neoplasm,Breast neoplasm (SideEffect),CC BY-NC-SA 4.0,UMLS via SIDER 4.1,http://identifiers.org/umls/C1458155
C0541819,Burning rectal,Burning rectal (SideEffect),CC BY-NC-SA 4.0,UMLS via SIDER 4.1,http://identifiers.org/umls/C0541819
C0018939,Blood disorder,Blood disorder (SideEffect),CC BY-NC-SA 4.0,UMLS via SIDER 4.1,http://identifiers.org/umls/C0018939
C0023890,Hepatic cirrhosis,Hepatic cirrhosis (SideEffect),CC BY-NC-SA 4.0,UMLS via SIDER 4.1,http://identifiers.org/umls/C0023890
C0016167,Anal fissure,Anal fissure (SideEffect),CC BY-NC-SA 4.0,UMLS via SIDER 4.1,http://identifiers.org/umls/C0016167
C0221147,Platelet production decreased,Platelet production decreased (SideEffect),CC BY-NC-SA 4.0,UMLS via SIDER 4.1,http://identifiers.org/umls/C0221147
C0235002,Head discomfort,Head discomfort (SideEffect),CC BY-NC-SA 4.0,UMLS via SIDER 4.1,http://identifiers.org/umls/C0235002
C0241863,Diabetic,Diabetic (SideEffect),CC BY-NC-SA 4.0,UMLS via SIDER 4.1,http://identifiers.org/umls/C0241863
C2242588,Traumatic liver injury,Traumatic liver injury (SideEffect),CC BY-NC-SA 4.0,UMLS via SIDER 4.1,http://identifiers.org/umls/C2242588
C0854082,Blood prolactin increased,Blood prolactin increased (SideEffect),CC BY-NC-SA 4.0,UMLS via SIDER 4.1,http://identifiers.org/umls/C0854082
C0029877,Otitis,Otitis (SideEffect),CC BY-NC-SA 4.0,UMLS via SIDER 4.1,http://identifiers.org/umls/C0029877
C0564622,Albumin urine present,Albumin urine present (SideEffect),CC BY-NC-SA 4.0,UMLS via SIDER 4.1,http://identifiers.org/umls/C0564622
C2826318,Refractory cytopenia with unilineage dysplasia,Refractory cytopenia with unilineage dysplasia (SideEffect),CC BY-NC-SA 4.0,UMLS via SIDER 4.1,http://identifiers.org/umls/C2826318
C0341702,Fanconi syndrome acquired,Fanconi syndrome acquired (SideEffect),CC BY-NC-SA 4.0,UMLS via SIDER 4.1,http://identifiers.org/umls/C0341702
C0853746,Blood creatinine abnormal,Blood creatinine abnormal (SideEffect),CC BY-NC-SA 4.0,UMLS via SIDER 4.1,http://identifiers.org/umls/C0853746
C0020440,Hypercapnia,Hypercapnia (SideEffect),CC BY-NC-SA 4.0,UMLS via SIDER 4.1,http://identifiers.org/umls/C0020440
C0036651,Solar lentigo,Solar lentigo (SideEffect),CC BY-NC-SA 4.0,UMLS via SIDER 4.1,http://identifiers.org/umls/C0036651
C0023648,Bullous lichen planus,Bullous lichen planus (SideEffect),CC BY-NC-SA 4.0,UMLS via SIDER 4.1,http://identifiers.org/umls/C0023648
C0854380,Blood insulin decreased,Blood insulin decreased (SideEffect),CC BY-NC-SA 4.0,UMLS via SIDER 4.1,http://identifiers.org/umls/C0854380
C0009443,Common cold,Common cold (SideEffect),CC BY-NC-SA 4.0,UMLS via SIDER 4.1,http://identifiers.org/umls/C0009443
C0596170,Binge eating,Binge eating (SideEffect),CC BY-NC-SA 4.0,UMLS via SIDER 4.1,http://identifiers.org/umls/C0596170
C0948031,Primary graft dysfunction,Primary graft dysfunction (SideEffect),CC BY-NC-SA 4.0,UMLS via SIDER 4.1,http://identifiers.org/umls/C0948031
C0026919,Atypical mycobacterial infection,Atypical mycobacterial infection (SideEffect),CC BY-NC-SA 4.0,UMLS via SIDER 4.1,http://identifiers.org/umls/C0026919
C1527401,Shock insulin,Shock insulin (SideEffect),CC BY-NC-SA 4.0,UMLS via SIDER 4.1,http://identifiers.org/umls/C1527401
C0158322,Calcaneal spur,Calcaneal spur (SideEffect),CC BY-NC-SA 4.0,UMLS via SIDER 4.1,http://identifiers.org/umls/C0158322
C0270612,Leukoencephalopathy,Leukoencephalopathy (SideEffect),CC BY-NC-SA 4.0,UMLS via SIDER 4.1,http://identifiers.org/umls/C0270612
C0155111,Bullous keratopathy,Bullous keratopathy (SideEffect),CC BY-NC-SA 4.0,UMLS via SIDER 4.1,http://identifiers.org/umls/C0155111
C0268435,Proximal renal tubular acidosis,Proximal renal tubular acidosis (SideEffect),CC BY-NC-SA 4.0,UMLS via SIDER 4.1,http://identifiers.org/umls/C0268435
C0042065,Genitourinary tract neoplasm,Genitourinary tract neoplasm (SideEffect),CC BY-NC-SA 4.0,UMLS via SIDER 4.1,http://identifiers.org/umls/C0042065
C0424810,Periorbital swelling,Periorbital swelling (SideEffect),CC BY-NC-SA 4.0,UMLS via SIDER 4.1,http://identifiers.org/umls/C0424810
C0877635,Cytomegalovirus viraemia,Cytomegalovirus viraemia (SideEffect),CC BY-NC-SA 4.0,UMLS via SIDER 4.1,http://identifiers.org/umls/C0877635
C1535849,Application site induration,Application site induration (SideEffect),CC BY-NC-SA 4.0,UMLS via SIDER 4.1,http://identifiers.org/umls/C1535849
C0156384,Vaginal dysplasia,Vaginal dysplasia (SideEffect),CC BY-NC-SA 4.0,UMLS via SIDER 4.1,http://identifiers.org/umls/C0156384
C0339293,Corneal perforation,Corneal perforation (SideEffect),CC BY-NC-SA 4.0,UMLS via SIDER 4.1,http://identifiers.org/umls/C0339293
C0007867,Cervix disorder,Cervix disorder (SideEffect),CC BY-NC-SA 4.0,UMLS via SIDER 4.1,http://identifiers.org/umls/C0007867
C0398623,Thrombophilia,Thrombophilia (SideEffect),CC BY-NC-SA 4.0,UMLS via SIDER 4.1,http://identifiers.org/umls/C0398623
C0033117,Priapism,Priapism (SideEffect),CC BY-NC-SA 4.0,UMLS via SIDER 4.1,http://identifiers.org/umls/C0033117
C0426900,Tibial torsion,Tibial torsion (SideEffect),CC BY-NC-SA 4.0,UMLS via SIDER 4.1,http://identifiers.org/umls/C0426900
C0549452,Localised skin reaction,Localised skin reaction (SideEffect),CC BY-NC-SA 4.0,UMLS via SIDER 4.1,http://identifiers.org/umls/C0549452
C0042376,Vascular headache,Vascular headache (SideEffect),CC BY-NC-SA 4.0,UMLS via SIDER 4.1,http://identifiers.org/umls/C0042376
C0948525,Musculoskeletal stiffness,Musculoskeletal stiffness (SideEffect),CC BY-NC-SA 4.0,UMLS via SIDER 4.1,http://identifiers.org/umls/C0948525
C0239779,Grimacing,Grimacing (SideEffect),CC BY-NC-SA 4.0,UMLS via SIDER 4.1,http://identifiers.org/umls/C0239779
C0267841,Acalculous cholecystitis,Acalculous cholecystitis (SideEffect),CC BY-NC-SA 4.0,UMLS via SIDER 4.1,http://identifiers.org/umls/C0267841
C0027765,Nervous system disorder,Nervous system disorder (SideEffect),CC BY-NC-SA 4.0,UMLS via SIDER 4.1,http://identifiers.org/umls/C0027765
C0235770,Malignant ovarian cyst,Malignant ovarian cyst (SideEffect),CC BY-NC-SA 4.0,UMLS via SIDER 4.1,http://identifiers.org/umls/C0235770
C0015806,Femoral neck fracture,Femoral neck fracture (SideEffect),CC BY-NC-SA 4.0,UMLS via SIDER 4.1,http://identifiers.org/umls/C0015806
C0277525,Gastric flu,Gastric flu (SideEffect),CC BY-NC-SA 4.0,UMLS via SIDER 4.1,http://identifiers.org/umls/C0277525
C0554309,Azotemia prerenal,Azotemia prerenal (SideEffect),CC BY-NC-SA 4.0,UMLS via SIDER 4.1,http://identifiers.org/umls/C0554309
C2129214,Loose stools,Loose stools (SideEffect),CC BY-NC-SA 4.0,UMLS via SIDER 4.1,http://identifiers.org/umls/C2129214
C0745754,Hepatic granuloma,Hepatic granuloma (SideEffect),CC BY-NC-SA 4.0,UMLS via SIDER 4.1,http://identifiers.org/umls/C0745754
C0151580,Crystalluria calcium,Crystalluria calcium (SideEffect),CC BY-NC-SA 4.0,UMLS via SIDER 4.1,http://identifiers.org/umls/C0151580
C0403447,Chronic renal insufficiency,Chronic renal insufficiency (SideEffect),CC BY-NC-SA 4.0,UMLS via SIDER 4.1,http://identifiers.org/umls/C0403447
C0151714,Hypermagnesaemia,Hypermagnesaemia (SideEffect),CC BY-NC-SA 4.0,UMLS via SIDER 4.1,http://identifiers.org/umls/C0151714
C1142446,Bicytopenia,Bicytopenia (SideEffect),CC BY-NC-SA 4.0,UMLS via SIDER 4.1,http://identifiers.org/umls/C1142446
C0339961,Pneumonia fungal,Pneumonia fungal (SideEffect),CC BY-NC-SA 4.0,UMLS via SIDER 4.1,http://identifiers.org/umls/C0339961
C0919823,Cytolytic hepatitis,Cytolytic hepatitis (SideEffect),CC BY-NC-SA 4.0,UMLS via SIDER 4.1,http://identifiers.org/umls/C0919823
C0877359,Raised liver function tests,Raised liver function tests (SideEffect),CC BY-NC-SA 4.0,UMLS via SIDER 4.1,http://identifiers.org/umls/C0877359
C0151622,Endometrial disorder,Endometrial disorder (SideEffect),CC BY-NC-SA 4.0,UMLS via SIDER 4.1,http://identifiers.org/umls/C0151622
C0458104,Genital pain male,Genital pain male (SideEffect),CC BY-NC-SA 4.0,UMLS via SIDER 4.1,http://identifiers.org/umls/C0458104
C0007773,Cerebral arteritis,Cerebral arteritis (SideEffect),CC BY-NC-SA 4.0,UMLS via SIDER 4.1,http://identifiers.org/umls/C0007773
C0042380,Vascular resistance,Vascular resistance (SideEffect),CC BY-NC-SA 4.0,UMLS via SIDER 4.1,http://identifiers.org/umls/C0042380
C0018133,Graft versus host disease,Graft versus host disease (SideEffect),CC BY-NC-SA 4.0,UMLS via SIDER 4.1,http://identifiers.org/umls/C0018133
C1262013,Recall phenomenon,Recall phenomenon (SideEffect),CC BY-NC-SA 4.0,UMLS via SIDER 4.1,http://identifiers.org/umls/C1262013
C1096278,Anterior chamber inflammation,Anterior chamber inflammation (SideEffect),CC BY-NC-SA 4.0,UMLS via SIDER 4.1,http://identifiers.org/umls/C1096278
C0013537,Eclampsia,Eclampsia (SideEffect),CC BY-NC-SA 4.0,UMLS via SIDER 4.1,http://identifiers.org/umls/C0013537
C0019623,Malignant histiocytosis,Malignant histiocytosis (SideEffect),CC BY-NC-SA 4.0,UMLS via SIDER 4.1,http://identifiers.org/umls/C0019623
C0019061,Haemolytic uraemic syndrome,Haemolytic uraemic syndrome (SideEffect),CC BY-NC-SA 4.0,UMLS via SIDER 4.1,http://identifiers.org/umls/C0019061
C0011606,Dermatitis exfoliative,Dermatitis exfoliative (SideEffect),CC BY-NC-SA 4.0,UMLS via SIDER 4.1,http://identifiers.org/umls/C0011606
C0877334,Arterial stenosis limb,Arterial stenosis limb (SideEffect),CC BY-NC-SA 4.0,UMLS via SIDER 4.1,http://identifiers.org/umls/C0877334
C0333258,Lymphorrhoea,Lymphorrhoea (SideEffect),CC BY-NC-SA 4.0,UMLS via SIDER 4.1,http://identifiers.org/umls/C0333258
C0917801,Insomnia,Insomnia (SideEffect),CC BY-NC-SA 4.0,UMLS via SIDER 4.1,http://identifiers.org/umls/C0917801
C0747102,Ovarian failure,Ovarian failure (SideEffect),CC BY-NC-SA 4.0,UMLS via SIDER 4.1,http://identifiers.org/umls/C0747102
C1735601,Floppy iris syndrome,Floppy iris syndrome (SideEffect),CC BY-NC-SA 4.0,UMLS via SIDER 4.1,http://identifiers.org/umls/C1735601
C0151539,Blood urea increased,Blood urea increased (SideEffect),CC BY-NC-SA 4.0,UMLS via SIDER 4.1,http://identifiers.org/umls/C0151539
C0008733,Chylothorax,Chylothorax (SideEffect),CC BY-NC-SA 4.0,UMLS via SIDER 4.1,http://identifiers.org/umls/C0008733
C0009918,Joint contracture,Joint contracture (SideEffect),CC BY-NC-SA 4.0,UMLS via SIDER 4.1,http://identifiers.org/umls/C0009918
C1739111,Foetal anticonvulsant syndrome,Foetal anticonvulsant syndrome (SideEffect),CC BY-NC-SA 4.0,UMLS via SIDER 4.1,http://identifiers.org/umls/C1739111
C0519030,Pneumonia klebsiella,Pneumonia klebsiella (SideEffect),CC BY-NC-SA 4.0,UMLS via SIDER 4.1,http://identifiers.org/umls/C0519030
C1141948,Troponin increased,Troponin increased (SideEffect),CC BY-NC-SA 4.0,UMLS via SIDER 4.1,http://identifiers.org/umls/C1141948
C1096670,Antitussive therapy,Antitussive therapy (SideEffect),CC BY-NC-SA 4.0,UMLS via SIDER 4.1,http://identifiers.org/umls/C1096670
C1141884,Head lag abnormal,Head lag abnormal (SideEffect),CC BY-NC-SA 4.0,UMLS via SIDER 4.1,http://identifiers.org/umls/C1141884
C0152154,Prolonged labour,Prolonged labour (SideEffect),CC BY-NC-SA 4.0,UMLS via SIDER 4.1,http://identifiers.org/umls/C0152154
C0851578,Sleep disorder,Sleep disorder (SideEffect),CC BY-NC-SA 4.0,UMLS via SIDER 4.1,http://identifiers.org/umls/C0851578
C0574770,Body hair loss,Body hair loss (SideEffect),CC BY-NC-SA 4.0,UMLS via SIDER 4.1,http://identifiers.org/umls/C0574770
C1167675,Application site folliculitis,Application site folliculitis (SideEffect),CC BY-NC-SA 4.0,UMLS via SIDER 4.1,http://identifiers.org/umls/C1167675
C1328375,Application site discomfort,Application site discomfort (SideEffect),CC BY-NC-SA 4.0,UMLS via SIDER 4.1,http://identifiers.org/umls/C1328375
C0270075,Unspecified condition originating in the perinatal period,Unspecified condition originating in the perinatal period (SideEffect),CC BY-NC-SA 4.0,UMLS via SIDER 4.1,http://identifiers.org/umls/C0270075
C0037578,Soft tissue injury,Soft tissue injury (SideEffect),CC BY-NC-SA 4.0,UMLS via SIDER 4.1,http://identifiers.org/umls/C0037578
C0241028,Sexually active,Sexually active (SideEffect),CC BY-NC-SA 4.0,UMLS via SIDER 4.1,http://identifiers.org/umls/C0241028
C0034072,Cor pulmonale,Cor pulmonale (SideEffect),CC BY-NC-SA 4.0,UMLS via SIDER 4.1,http://identifiers.org/umls/C0034072
C0936223,Prostate cancer metastatic,Prostate cancer metastatic (SideEffect),CC BY-NC-SA 4.0,UMLS via SIDER 4.1,http://identifiers.org/umls/C0936223
C0027066,Myoclonus,Myoclonus (SideEffect),CC BY-NC-SA 4.0,UMLS via SIDER 4.1,http://identifiers.org/umls/C0027066
C0264886,Conduction disorder,Conduction disorder (SideEffect),CC BY-NC-SA 4.0,UMLS via SIDER 4.1,http://identifiers.org/umls/C0264886
C0234193,Sensation of heat,Sensation of heat (SideEffect),CC BY-NC-SA 4.0,UMLS via SIDER 4.1,http://identifiers.org/umls/C0234193
C0162275,Ketonuria,Ketonuria (SideEffect),CC BY-NC-SA 4.0,UMLS via SIDER 4.1,http://identifiers.org/umls/C0162275
C0497247,Blood pressure increased,Blood pressure increased (SideEffect),CC BY-NC-SA 4.0,UMLS via SIDER 4.1,http://identifiers.org/umls/C0497247
C0476463,Found dead,Found dead (SideEffect),CC BY-NC-SA 4.0,UMLS via SIDER 4.1,http://identifiers.org/umls/C0476463
C0151468,Thyroid adenoma,Thyroid adenoma (SideEffect),CC BY-NC-SA 4.0,UMLS via SIDER 4.1,http://identifiers.org/umls/C0151468
C0863084,Skin discomfort,Skin discomfort (SideEffect),CC BY-NC-SA 4.0,UMLS via SIDER 4.1,http://identifiers.org/umls/C0863084
C0005398,Cholestasis extrahepatic,Cholestasis extrahepatic (SideEffect),CC BY-NC-SA 4.0,UMLS via SIDER 4.1,http://identifiers.org/umls/C0005398
C0008526,Choroiditis,Choroiditis (SideEffect),CC BY-NC-SA 4.0,UMLS via SIDER 4.1,http://identifiers.org/umls/C0008526
C0748538,Scleral pigmentation,Scleral pigmentation (SideEffect),CC BY-NC-SA 4.0,UMLS via SIDER 4.1,http://identifiers.org/umls/C0748538
C0085648,Synovial cyst,Synovial cyst (SideEffect),CC BY-NC-SA 4.0,UMLS via SIDER 4.1,http://identifiers.org/umls/C0085648
C0152171,Primary pulmonary hypertension,Primary pulmonary hypertension (SideEffect),CC BY-NC-SA 4.0,UMLS via SIDER 4.1,http://identifiers.org/umls/C0152171
C0085128,Cardiac output increased,Cardiac output increased (SideEffect),CC BY-NC-SA 4.0,UMLS via SIDER 4.1,http://identifiers.org/umls/C0085128
C2721578,Pulmonary oil microembolism,Pulmonary oil microembolism (SideEffect),CC BY-NC-SA 4.0,UMLS via SIDER 4.1,http://identifiers.org/umls/C2721578
C0239946,Hepatic fibrosis,Hepatic fibrosis (SideEffect),CC BY-NC-SA 4.0,UMLS via SIDER 4.1,http://identifiers.org/umls/C0239946
C0158369,Swelling of limb,Swelling of limb (SideEffect),CC BY-NC-SA 4.0,UMLS via SIDER 4.1,http://identifiers.org/umls/C0158369
C0423281,Anterior chamber flare,Anterior chamber flare (SideEffect),CC BY-NC-SA 4.0,UMLS via SIDER 4.1,http://identifiers.org/umls/C0423281
C0549419,Skin fragility,Skin fragility (SideEffect),CC BY-NC-SA 4.0,UMLS via SIDER 4.1,http://identifiers.org/umls/C0549419
C0007863,Occipital neuralgia,Occipital neuralgia (SideEffect),CC BY-NC-SA 4.0,UMLS via SIDER 4.1,http://identifiers.org/umls/C0007863
C0231557,Bone development abnormal,Bone development abnormal (SideEffect),CC BY-NC-SA 4.0,UMLS via SIDER 4.1,http://identifiers.org/umls/C0231557
C0151738,Large intestine perforation,Large intestine perforation (SideEffect),CC BY-NC-SA 4.0,UMLS via SIDER 4.1,http://identifiers.org/umls/C0151738
C0856825,Acute graft versus host disease,Acute graft versus host disease (SideEffect),CC BY-NC-SA 4.0,UMLS via SIDER 4.1,http://identifiers.org/umls/C0856825
C0852928,Insomnia exacerbated,Insomnia exacerbated (SideEffect),CC BY-NC-SA 4.0,UMLS via SIDER 4.1,http://identifiers.org/umls/C0852928
C0149937,Acute interstitial nephritis,Acute interstitial nephritis (SideEffect),CC BY-NC-SA 4.0,UMLS via SIDER 4.1,http://identifiers.org/umls/C0149937
C0034634,Rage,Rage (SideEffect),CC BY-NC-SA 4.0,UMLS via SIDER 4.1,http://identifiers.org/umls/C0034634
C1262200,Cerebrovascular infarction,Cerebrovascular infarction (SideEffect),CC BY-NC-SA 4.0,UMLS via SIDER 4.1,http://identifiers.org/umls/C1262200
C0151765,Liver fatty deposition,Liver fatty deposition (SideEffect),CC BY-NC-SA 4.0,UMLS via SIDER 4.1,http://identifiers.org/umls/C0151765
C0235129,Feeling strange,Feeling strange (SideEffect),CC BY-NC-SA 4.0,UMLS via SIDER 4.1,http://identifiers.org/umls/C0235129
C0314719,Dry eye,Dry eye (SideEffect),CC BY-NC-SA 4.0,UMLS via SIDER 4.1,http://identifiers.org/umls/C0314719
C0038363,Aphthous stomatitis,Aphthous stomatitis (SideEffect),CC BY-NC-SA 4.0,UMLS via SIDER 4.1,http://identifiers.org/umls/C0038363
C0239295,Oesophageal candidiasis,Oesophageal candidiasis (SideEffect),CC BY-NC-SA 4.0,UMLS via SIDER 4.1,http://identifiers.org/umls/C0239295
C0151620,Hypertensive encephalopathy,Hypertensive encephalopathy (SideEffect),CC BY-NC-SA 4.0,UMLS via SIDER 4.1,http://identifiers.org/umls/C0151620
C1321523,Wandering pacemaker,Wandering pacemaker (SideEffect),CC BY-NC-SA 4.0,UMLS via SIDER 4.1,http://identifiers.org/umls/C1321523
C1262022,Freezing phenomenon,Freezing phenomenon (SideEffect),CC BY-NC-SA 4.0,UMLS via SIDER 4.1,http://identifiers.org/umls/C1262022
C0241832,Cerebrovascular insufficiency,Cerebrovascular insufficiency (SideEffect),CC BY-NC-SA 4.0,UMLS via SIDER 4.1,http://identifiers.org/umls/C0241832
C0026985,Myelodysplasia,Myelodysplasia (SideEffect),CC BY-NC-SA 4.0,UMLS via SIDER 4.1,http://identifiers.org/umls/C0026985
C0549450,Oesophageal reflux aggravated,Oesophageal reflux aggravated (SideEffect),CC BY-NC-SA 4.0,UMLS via SIDER 4.1,http://identifiers.org/umls/C0549450
C0151685,Growth accelerated,Growth accelerated (SideEffect),CC BY-NC-SA 4.0,UMLS via SIDER 4.1,http://identifiers.org/umls/C0151685
C0151606,Oedema labial genital,Oedema labial genital (SideEffect),CC BY-NC-SA 4.0,UMLS via SIDER 4.1,http://identifiers.org/umls/C0151606
C0152196,Spasm of accommodation,Spasm of accommodation (SideEffect),CC BY-NC-SA 4.0,UMLS via SIDER 4.1,http://identifiers.org/umls/C0152196
C0005695,Bladder neoplasm,Bladder neoplasm (SideEffect),CC BY-NC-SA 4.0,UMLS via SIDER 4.1,http://identifiers.org/umls/C0005695
C0279637,Anal cancer,Anal cancer (SideEffect),CC BY-NC-SA 4.0,UMLS via SIDER 4.1,http://identifiers.org/umls/C0279637
C0239591,Paresthesia of fingers,Paresthesia of fingers (SideEffect),CC BY-NC-SA 4.0,UMLS via SIDER 4.1,http://identifiers.org/umls/C0239591
C0023223,Leg ulcer,Leg ulcer (SideEffect),CC BY-NC-SA 4.0,UMLS via SIDER 4.1,http://identifiers.org/umls/C0023223
C1504376,Unresponsive to verbal stimuli,Unresponsive to verbal stimuli (SideEffect),CC BY-NC-SA 4.0,UMLS via SIDER 4.1,http://identifiers.org/umls/C1504376
C0085632,Apathy,Apathy (SideEffect),CC BY-NC-SA 4.0,UMLS via SIDER 4.1,http://identifiers.org/umls/C0085632
C0040409,Tongue disorder,Tongue disorder (SideEffect),CC BY-NC-SA 4.0,UMLS via SIDER 4.1,http://identifiers.org/umls/C0040409
C0037997,Spleen disorder,Spleen disorder (SideEffect),CC BY-NC-SA 4.0,UMLS via SIDER 4.1,http://identifiers.org/umls/C0037997
C0242172,Pelvic inflammatory disease,Pelvic inflammatory disease (SideEffect),CC BY-NC-SA 4.0,UMLS via SIDER 4.1,http://identifiers.org/umls/C0242172
C0042996,Vulvitis,Vulvitis (SideEffect),CC BY-NC-SA 4.0,UMLS via SIDER 4.1,http://identifiers.org/umls/C0042996
C0264906,Atrioventricular block second degree,Atrioventricular block second degree (SideEffect),CC BY-NC-SA 4.0,UMLS via SIDER 4.1,http://identifiers.org/umls/C0264906
C0235880,Mononeuritis,Mononeuritis (SideEffect),CC BY-NC-SA 4.0,UMLS via SIDER 4.1,http://identifiers.org/umls/C0235880
C0854286,Eyelid function disorder,Eyelid function disorder (SideEffect),CC BY-NC-SA 4.0,UMLS via SIDER 4.1,http://identifiers.org/umls/C0854286
C0221228,Comedone,Comedone (SideEffect),CC BY-NC-SA 4.0,UMLS via SIDER 4.1,http://identifiers.org/umls/C0221228
C0235097,Withdrawal seizures,Withdrawal seizures (SideEffect),CC BY-NC-SA 4.0,UMLS via SIDER 4.1,http://identifiers.org/umls/C0235097
C0497481,Penile pain,Penile pain (SideEffect),CC BY-NC-SA 4.0,UMLS via SIDER 4.1,http://identifiers.org/umls/C0497481
C0024282,Lymphocytosis,Lymphocytosis (SideEffect),CC BY-NC-SA 4.0,UMLS via SIDER 4.1,http://identifiers.org/umls/C0024282
C1619733,Gout flare,Gout flare (SideEffect),CC BY-NC-SA 4.0,UMLS via SIDER 4.1,http://identifiers.org/umls/C1619733
C0085119,Ulcer foot,Ulcer foot (SideEffect),CC BY-NC-SA 4.0,UMLS via SIDER 4.1,http://identifiers.org/umls/C0085119
C0022650,Calculus of kidney,Calculus of kidney (SideEffect),CC BY-NC-SA 4.0,UMLS via SIDER 4.1,http://identifiers.org/umls/C0022650
C0392167,Drug effect prolonged,Drug effect prolonged (SideEffect),CC BY-NC-SA 4.0,UMLS via SIDER 4.1,http://identifiers.org/umls/C0392167
C0014743,Erythema nodosum,Erythema nodosum (SideEffect),CC BY-NC-SA 4.0,UMLS via SIDER 4.1,http://identifiers.org/umls/C0014743
C0241137,Pallor of skin,Pallor of skin (SideEffect),CC BY-NC-SA 4.0,UMLS via SIDER 4.1,http://identifiers.org/umls/C0241137
C0019123,Haemothorax,Haemothorax (SideEffect),CC BY-NC-SA 4.0,UMLS via SIDER 4.1,http://identifiers.org/umls/C0019123
C0853926,Dyspepsia aggravated,Dyspepsia aggravated (SideEffect),CC BY-NC-SA 4.0,UMLS via SIDER 4.1,http://identifiers.org/umls/C0853926
C0030409,Paracoccidioides infection,Paracoccidioides infection (SideEffect),CC BY-NC-SA 4.0,UMLS via SIDER 4.1,http://identifiers.org/umls/C0030409
C0016522,Foramen ovale patent,Foramen ovale patent (SideEffect),CC BY-NC-SA 4.0,UMLS via SIDER 4.1,http://identifiers.org/umls/C0016522
C0085661,Onycholysis,Onycholysis (SideEffect),CC BY-NC-SA 4.0,UMLS via SIDER 4.1,http://identifiers.org/umls/C0085661
C1264613,Gastrointestinal infection,Gastrointestinal infection (SideEffect),CC BY-NC-SA 4.0,UMLS via SIDER 4.1,http://identifiers.org/umls/C1264613
C0033953,Psychosexual disorder,Psychosexual disorder (SideEffect),CC BY-NC-SA 4.0,UMLS via SIDER 4.1,http://identifiers.org/umls/C0033953
C1412000,Mesenteric vascular insufficiency,Mesenteric vascular insufficiency (SideEffect),CC BY-NC-SA 4.0,UMLS via SIDER 4.1,http://identifiers.org/umls/C1412000
C0151514,Skin atrophy,Skin atrophy (SideEffect),CC BY-NC-SA 4.0,UMLS via SIDER 4.1,http://identifiers.org/umls/C0151514
C0085271,Self injurious behaviour,Self injurious behaviour (SideEffect),CC BY-NC-SA 4.0,UMLS via SIDER 4.1,http://identifiers.org/umls/C0085271
C0002063,Alkalosis,Alkalosis (SideEffect),CC BY-NC-SA 4.0,UMLS via SIDER 4.1,http://identifiers.org/umls/C0002063
C0013132,Drooling,Drooling (SideEffect),CC BY-NC-SA 4.0,UMLS via SIDER 4.1,http://identifiers.org/umls/C0013132
C0151585,Deafness permanent,Deafness permanent (SideEffect),CC BY-NC-SA 4.0,UMLS via SIDER 4.1,http://identifiers.org/umls/C0151585
C0235807,Hair texture abnormal,Hair texture abnormal (SideEffect),CC BY-NC-SA 4.0,UMLS via SIDER 4.1,http://identifiers.org/umls/C0235807
C1306571,Hepatic insufficiency,Hepatic insufficiency (SideEffect),CC BY-NC-SA 4.0,UMLS via SIDER 4.1,http://identifiers.org/umls/C1306571
C0085160,Hidradenitis,Hidradenitis (SideEffect),CC BY-NC-SA 4.0,UMLS via SIDER 4.1,http://identifiers.org/umls/C0085160
C0030299,Pancreatic pseudocyst,Pancreatic pseudocyst (SideEffect),CC BY-NC-SA 4.0,UMLS via SIDER 4.1,http://identifiers.org/umls/C0030299
C0012241,Gastrointestinal malformation,Gastrointestinal malformation (SideEffect),CC BY-NC-SA 4.0,UMLS via SIDER 4.1,http://identifiers.org/umls/C0012241
C0576093,Genu valgum,Genu valgum (SideEffect),CC BY-NC-SA 4.0,UMLS via SIDER 4.1,http://identifiers.org/umls/C0576093
C0393947,Cholinergic crisis,Cholinergic crisis (SideEffect),CC BY-NC-SA 4.0,UMLS via SIDER 4.1,http://identifiers.org/umls/C0393947
C1268766,Change in blood pressure,Change in blood pressure (SideEffect),CC BY-NC-SA 4.0,UMLS via SIDER 4.1,http://identifiers.org/umls/C1268766
C1112565,Pneumatosis intestinalis,Pneumatosis intestinalis (SideEffect),CC BY-NC-SA 4.0,UMLS via SIDER 4.1,http://identifiers.org/umls/C1112565
C0558368,Vaginal irritation,Vaginal irritation (SideEffect),CC BY-NC-SA 4.0,UMLS via SIDER 4.1,http://identifiers.org/umls/C0558368
C0741553,Hemorrhage abnormal,Hemorrhage abnormal (SideEffect),CC BY-NC-SA 4.0,UMLS via SIDER 4.1,http://identifiers.org/umls/C0741553
C0162529,Colitis ischaemic,Colitis ischaemic (SideEffect),CC BY-NC-SA 4.0,UMLS via SIDER 4.1,http://identifiers.org/umls/C0162529
C0232097,Volume plasma increased,Volume plasma increased (SideEffect),CC BY-NC-SA 4.0,UMLS via SIDER 4.1,http://identifiers.org/umls/C0232097
C0221255,Calcification metastatic,Calcification metastatic (SideEffect),CC BY-NC-SA 4.0,UMLS via SIDER 4.1,http://identifiers.org/umls/C0221255
C0341318,Enterocutaneous fistula,Enterocutaneous fistula (SideEffect),CC BY-NC-SA 4.0,UMLS via SIDER 4.1,http://identifiers.org/umls/C0341318
C0848648,Fungal rash,Fungal rash (SideEffect),CC BY-NC-SA 4.0,UMLS via SIDER 4.1,http://identifiers.org/umls/C0848648
C1536055,Drug administration error,Drug administration error (SideEffect),CC BY-NC-SA 4.0,UMLS via SIDER 4.1,http://identifiers.org/umls/C1536055
C0302832,Obsessional neurosis,Obsessional neurosis (SideEffect),CC BY-NC-SA 4.0,UMLS via SIDER 4.1,http://identifiers.org/umls/C0302832
C0341163,Gastric ulcer perforation,Gastric ulcer perforation (SideEffect),CC BY-NC-SA 4.0,UMLS via SIDER 4.1,http://identifiers.org/umls/C0341163
C0423791,Rash maculo-papular,Rash maculo-papular (SideEffect),CC BY-NC-SA 4.0,UMLS via SIDER 4.1,http://identifiers.org/umls/C0423791
C0233796,Amnesia transient,Amnesia transient (SideEffect),CC BY-NC-SA 4.0,UMLS via SIDER 4.1,http://identifiers.org/umls/C0233796
C1536075,Sudden unexplained death in epilepsy,Sudden unexplained death in epilepsy (SideEffect),CC BY-NC-SA 4.0,UMLS via SIDER 4.1,http://identifiers.org/umls/C1536075
C0677658,Breast disorder female,Breast disorder female (SideEffect),CC BY-NC-SA 4.0,UMLS via SIDER 4.1,http://identifiers.org/umls/C0677658
C0017178,Gastrointestinal disorder,Gastrointestinal disorder (SideEffect),CC BY-NC-SA 4.0,UMLS via SIDER 4.1,http://identifiers.org/umls/C0017178
C0022672,Nephrosis lower nephron,Nephrosis lower nephron (SideEffect),CC BY-NC-SA 4.0,UMLS via SIDER 4.1,http://identifiers.org/umls/C0022672
C0948522,Ocular vascular disorder,Ocular vascular disorder (SideEffect),CC BY-NC-SA 4.0,UMLS via SIDER 4.1,http://identifiers.org/umls/C0948522
C0035229,Respiratory insufficiency,Respiratory insufficiency (SideEffect),CC BY-NC-SA 4.0,UMLS via SIDER 4.1,http://identifiers.org/umls/C0035229
C0541772,Ammonia increased,Ammonia increased (SideEffect),CC BY-NC-SA 4.0,UMLS via SIDER 4.1,http://identifiers.org/umls/C0541772
C0026113,Miliaria,Miliaria (SideEffect),CC BY-NC-SA 4.0,UMLS via SIDER 4.1,http://identifiers.org/umls/C0026113
C0236023,Periodontal destruction,Periodontal destruction (SideEffect),CC BY-NC-SA 4.0,UMLS via SIDER 4.1,http://identifiers.org/umls/C0236023
C0160087,Ankle sprain,Ankle sprain (SideEffect),CC BY-NC-SA 4.0,UMLS via SIDER 4.1,http://identifiers.org/umls/C0160087
C0033046,Premenstrual syndrome,Premenstrual syndrome (SideEffect),CC BY-NC-SA 4.0,UMLS via SIDER 4.1,http://identifiers.org/umls/C0033046
C0699790,Carcinoma colon,Carcinoma colon (SideEffect),CC BY-NC-SA 4.0,UMLS via SIDER 4.1,http://identifiers.org/umls/C0699790
C0949083,Nosocomial pneumonia,Nosocomial pneumonia (SideEffect),CC BY-NC-SA 4.0,UMLS via SIDER 4.1,http://identifiers.org/umls/C0949083
C0522171,Sense of oppression,Sense of oppression (SideEffect),CC BY-NC-SA 4.0,UMLS via SIDER 4.1,http://identifiers.org/umls/C0522171
C0016655,Multiple fractures,Multiple fractures (SideEffect),CC BY-NC-SA 4.0,UMLS via SIDER 4.1,http://identifiers.org/umls/C0016655
C0240941,Itchy scalp,Itchy scalp (SideEffect),CC BY-NC-SA 4.0,UMLS via SIDER 4.1,http://identifiers.org/umls/C0240941
C0919737,Platelet aggregation inhibition,Platelet aggregation inhibition (SideEffect),CC BY-NC-SA 4.0,UMLS via SIDER 4.1,http://identifiers.org/umls/C0919737
C0012569,Diplopia,Diplopia (SideEffect),CC BY-NC-SA 4.0,UMLS via SIDER 4.1,http://identifiers.org/umls/C0012569
C0149931,Migraine,Migraine (SideEffect),CC BY-NC-SA 4.0,UMLS via SIDER 4.1,http://identifiers.org/umls/C0149931
C0161479,Nerve injury,Nerve injury (SideEffect),CC BY-NC-SA 4.0,UMLS via SIDER 4.1,http://identifiers.org/umls/C0161479
C0405479,Nipple disorder,Nipple disorder (SideEffect),CC BY-NC-SA 4.0,UMLS via SIDER 4.1,http://identifiers.org/umls/C0405479
C0034951,Refraction disorder,Refraction disorder (SideEffect),CC BY-NC-SA 4.0,UMLS via SIDER 4.1,http://identifiers.org/umls/C0034951
C0006625,Cachexia,Cachexia (SideEffect),CC BY-NC-SA 4.0,UMLS via SIDER 4.1,http://identifiers.org/umls/C0006625
C0549428,Nicotinic effects,Nicotinic effects (SideEffect),CC BY-NC-SA 4.0,UMLS via SIDER 4.1,http://identifiers.org/umls/C0549428
C0856081,Restlessness aggravated,Restlessness aggravated (SideEffect),CC BY-NC-SA 4.0,UMLS via SIDER 4.1,http://identifiers.org/umls/C0856081
C0520559,Numbness of tongue,Numbness of tongue (SideEffect),CC BY-NC-SA 4.0,UMLS via SIDER 4.1,http://identifiers.org/umls/C0520559
C0036983,Septic shock,Septic shock (SideEffect),CC BY-NC-SA 4.0,UMLS via SIDER 4.1,http://identifiers.org/umls/C0036983
C0013144,Drowsiness,Drowsiness (SideEffect),CC BY-NC-SA 4.0,UMLS via SIDER 4.1,http://identifiers.org/umls/C0013144
C0040252,Body tinea,Body tinea (SideEffect),CC BY-NC-SA 4.0,UMLS via SIDER 4.1,http://identifiers.org/umls/C0040252
C0155773,Portal vein thrombosis,Portal vein thrombosis (SideEffect),CC BY-NC-SA 4.0,UMLS via SIDER 4.1,http://identifiers.org/umls/C0155773
C0857121,Hypertensive,Hypertensive (SideEffect),CC BY-NC-SA 4.0,UMLS via SIDER 4.1,http://identifiers.org/umls/C0857121
C0016508,Congenital foot malformation,Congenital foot malformation (SideEffect),CC BY-NC-SA 4.0,UMLS via SIDER 4.1,http://identifiers.org/umls/C0016508
C0948695,White blood cell count low,White blood cell count low (SideEffect),CC BY-NC-SA 4.0,UMLS via SIDER 4.1,http://identifiers.org/umls/C0948695
C0221777,Nontoxic goiter,Nontoxic goiter (SideEffect),CC BY-NC-SA 4.0,UMLS via SIDER 4.1,http://identifiers.org/umls/C0221777
C0004930,Behavior disorder,Behavior disorder (SideEffect),CC BY-NC-SA 4.0,UMLS via SIDER 4.1,http://identifiers.org/umls/C0004930
C0553731,PRL increased,PRL increased (SideEffect),CC BY-NC-SA 4.0,UMLS via SIDER 4.1,http://identifiers.org/umls/C0553731
C0030587,Paroxysmal atrial tachycardia,Paroxysmal atrial tachycardia (SideEffect),CC BY-NC-SA 4.0,UMLS via SIDER 4.1,http://identifiers.org/umls/C0030587
C0235632,Loin pain,Loin pain (SideEffect),CC BY-NC-SA 4.0,UMLS via SIDER 4.1,http://identifiers.org/umls/C0235632
C0027145,Myxoedema,Myxoedema (SideEffect),CC BY-NC-SA 4.0,UMLS via SIDER 4.1,http://identifiers.org/umls/C0027145
C0392176,Gastric irritation,Gastric irritation (SideEffect),CC BY-NC-SA 4.0,UMLS via SIDER 4.1,http://identifiers.org/umls/C0392176
C0856108,Hypercholesterolemia aggravated,Hypercholesterolemia aggravated (SideEffect),CC BY-NC-SA 4.0,UMLS via SIDER 4.1,http://identifiers.org/umls/C0856108
C2939147,Feeling hot,Feeling hot (SideEffect),CC BY-NC-SA 4.0,UMLS via SIDER 4.1,http://identifiers.org/umls/C2939147
C0427085,Jerky movement NOS,Jerky movement NOS (SideEffect),CC BY-NC-SA 4.0,UMLS via SIDER 4.1,http://identifiers.org/umls/C0427085
C0268030,Acidemia,Acidemia (SideEffect),CC BY-NC-SA 4.0,UMLS via SIDER 4.1,http://identifiers.org/umls/C0268030
C0263111,Perineal abscess,Perineal abscess (SideEffect),CC BY-NC-SA 4.0,UMLS via SIDER 4.1,http://identifiers.org/umls/C0263111
C0423757,Skin thinness,Skin thinness (SideEffect),CC BY-NC-SA 4.0,UMLS via SIDER 4.1,http://identifiers.org/umls/C0423757
C0011304,Demyelination,Demyelination (SideEffect),CC BY-NC-SA 4.0,UMLS via SIDER 4.1,http://identifiers.org/umls/C0011304
C0269002,Penile haemorrhage,Penile haemorrhage (SideEffect),CC BY-NC-SA 4.0,UMLS via SIDER 4.1,http://identifiers.org/umls/C0269002
C0497201,Abnormal sensation in eye,Abnormal sensation in eye (SideEffect),CC BY-NC-SA 4.0,UMLS via SIDER 4.1,http://identifiers.org/umls/C0497201
C0150450,Altered state of consciousness,Altered state of consciousness (SideEffect),CC BY-NC-SA 4.0,UMLS via SIDER 4.1,http://identifiers.org/umls/C0150450
C0853193,Bipolar I disorder,Bipolar I disorder (SideEffect),CC BY-NC-SA 4.0,UMLS via SIDER 4.1,http://identifiers.org/umls/C0853193
C3267019,Central nervous system haemorrhage,Central nervous system haemorrhage (SideEffect),CC BY-NC-SA 4.0,UMLS via SIDER 4.1,http://identifiers.org/umls/C3267019
C0034079,Lung nodule,Lung nodule (SideEffect),CC BY-NC-SA 4.0,UMLS via SIDER 4.1,http://identifiers.org/umls/C0034079
C0235851,Hyperbilirubinemia aggravated,Hyperbilirubinemia aggravated (SideEffect),CC BY-NC-SA 4.0,UMLS via SIDER 4.1,http://identifiers.org/umls/C0235851
C0032788,Postoperative hemorrhage,Postoperative hemorrhage (SideEffect),CC BY-NC-SA 4.0,UMLS via SIDER 4.1,http://identifiers.org/umls/C0032788
C0857751,Erythema multiforme minor,Erythema multiforme minor (SideEffect),CC BY-NC-SA 4.0,UMLS via SIDER 4.1,http://identifiers.org/umls/C0857751
C1328337,Urethritis noninfective,Urethritis noninfective (SideEffect),CC BY-NC-SA 4.0,UMLS via SIDER 4.1,http://identifiers.org/umls/C1328337
C0041466,Typhoid fever,Typhoid fever (SideEffect),CC BY-NC-SA 4.0,UMLS via SIDER 4.1,http://identifiers.org/umls/C0041466
C0020640,Factor II deficiency,Factor II deficiency (SideEffect),CC BY-NC-SA 4.0,UMLS via SIDER 4.1,http://identifiers.org/umls/C0020640
C0857807,Accidental ingestion,Accidental ingestion (SideEffect),CC BY-NC-SA 4.0,UMLS via SIDER 4.1,http://identifiers.org/umls/C0857807
C0014869,Reflux esophagitis,Reflux esophagitis (SideEffect),CC BY-NC-SA 4.0,UMLS via SIDER 4.1,http://identifiers.org/umls/C0014869
C0232197,Cardiac fibrillation,Cardiac fibrillation (SideEffect),CC BY-NC-SA 4.0,UMLS via SIDER 4.1,http://identifiers.org/umls/C0232197
C0041747,Unintended pregnancy,Unintended pregnancy (SideEffect),CC BY-NC-SA 4.0,UMLS via SIDER 4.1,http://identifiers.org/umls/C0041747
C0877042,Graft loss,Graft loss (SideEffect),CC BY-NC-SA 4.0,UMLS via SIDER 4.1,http://identifiers.org/umls/C0877042
C0037301,Skin wrinkling,Skin wrinkling (SideEffect),CC BY-NC-SA 4.0,UMLS via SIDER 4.1,http://identifiers.org/umls/C0037301
C0549369,Pancreatic enzymes increased,Pancreatic enzymes increased (SideEffect),CC BY-NC-SA 4.0,UMLS via SIDER 4.1,http://identifiers.org/umls/C0549369
C1455705,Histiocytosis X of lung,Histiocytosis X of lung (SideEffect),CC BY-NC-SA 4.0,UMLS via SIDER 4.1,http://identifiers.org/umls/C1455705
C0041981,Uric acid level increased,Uric acid level increased (SideEffect),CC BY-NC-SA 4.0,UMLS via SIDER 4.1,http://identifiers.org/umls/C0041981
C1096658,Urine phosphorus increased,Urine phosphorus increased (SideEffect),CC BY-NC-SA 4.0,UMLS via SIDER 4.1,http://identifiers.org/umls/C1096658
C0008728,Allergic granulomatous angiitis,Allergic granulomatous angiitis (SideEffect),CC BY-NC-SA 4.0,UMLS via SIDER 4.1,http://identifiers.org/umls/C0008728
C0025362,Mental retardation,Mental retardation (SideEffect),CC BY-NC-SA 4.0,UMLS via SIDER 4.1,http://identifiers.org/umls/C0025362
C0015256,Excoriation,Excoriation (SideEffect),CC BY-NC-SA 4.0,UMLS via SIDER 4.1,http://identifiers.org/umls/C0015256
C0270996,Eye swelling,Eye swelling (SideEffect),CC BY-NC-SA 4.0,UMLS via SIDER 4.1,http://identifiers.org/umls/C0270996
C0029485,Other acne,Other acne (SideEffect),CC BY-NC-SA 4.0,UMLS via SIDER 4.1,http://identifiers.org/umls/C0029485
C0037650,Somatoform disorder,Somatoform disorder (SideEffect),CC BY-NC-SA 4.0,UMLS via SIDER 4.1,http://identifiers.org/umls/C0037650
C0007785,Cerebral infarction,Cerebral infarction (SideEffect),CC BY-NC-SA 4.0,UMLS via SIDER 4.1,http://identifiers.org/umls/C0007785
C3203466,Acute enterocolitis,Acute enterocolitis (SideEffect),CC BY-NC-SA 4.0,UMLS via SIDER 4.1,http://identifiers.org/umls/C3203466
C0948807,Hepatic impairment,Hepatic impairment (SideEffect),CC BY-NC-SA 4.0,UMLS via SIDER 4.1,http://identifiers.org/umls/C0948807
C0541802,Bicarbonate decreased serum,Bicarbonate decreased serum (SideEffect),CC BY-NC-SA 4.0,UMLS via SIDER 4.1,http://identifiers.org/umls/C0541802
C0038941,Postoperative wound infection,Postoperative wound infection (SideEffect),CC BY-NC-SA 4.0,UMLS via SIDER 4.1,http://identifiers.org/umls/C0038941
C0677600,Stridor inspiratory,Stridor inspiratory (SideEffect),CC BY-NC-SA 4.0,UMLS via SIDER 4.1,http://identifiers.org/umls/C0677600
C0221245,Skin fissures,Skin fissures (SideEffect),CC BY-NC-SA 4.0,UMLS via SIDER 4.1,http://identifiers.org/umls/C0221245
C0016199,Flank pain,Flank pain (SideEffect),CC BY-NC-SA 4.0,UMLS via SIDER 4.1,http://identifiers.org/umls/C0016199
C0034063,Pulmonary oedema,Pulmonary oedema (SideEffect),CC BY-NC-SA 4.0,UMLS via SIDER 4.1,http://identifiers.org/umls/C0034063
C0233746,Perceptual disturbance,Perceptual disturbance (SideEffect),CC BY-NC-SA 4.0,UMLS via SIDER 4.1,http://identifiers.org/umls/C0233746
C0221271,Elastosis perforans,Elastosis perforans (SideEffect),CC BY-NC-SA 4.0,UMLS via SIDER 4.1,http://identifiers.org/umls/C0221271
C0026821,Cramp muscle,Cramp muscle (SideEffect),CC BY-NC-SA 4.0,UMLS via SIDER 4.1,http://identifiers.org/umls/C0026821
C2712054,Dyspnoea at rest,Dyspnoea at rest (SideEffect),CC BY-NC-SA 4.0,UMLS via SIDER 4.1,http://identifiers.org/umls/C2712054
C0234238,Ache,Ache (SideEffect),CC BY-NC-SA 4.0,UMLS via SIDER 4.1,http://identifiers.org/umls/C0234238
C0263912,Rotator cuff syndrome,Rotator cuff syndrome (SideEffect),CC BY-NC-SA 4.0,UMLS via SIDER 4.1,http://identifiers.org/umls/C0263912
C0024437,Macular degeneration,Macular degeneration (SideEffect),CC BY-NC-SA 4.0,UMLS via SIDER 4.1,http://identifiers.org/umls/C0024437
C1611157,Hepatic infiltration eosinophilic,Hepatic infiltration eosinophilic (SideEffect),CC BY-NC-SA 4.0,UMLS via SIDER 4.1,http://identifiers.org/umls/C1611157
C0346392,Choroidal nevus,Choroidal nevus (SideEffect),CC BY-NC-SA 4.0,UMLS via SIDER 4.1,http://identifiers.org/umls/C0346392
C0029118,Opportunistic infection,Opportunistic infection (SideEffect),CC BY-NC-SA 4.0,UMLS via SIDER 4.1,http://identifiers.org/umls/C0029118
C0008497,Choriocarcinoma,Choriocarcinoma (SideEffect),CC BY-NC-SA 4.0,UMLS via SIDER 4.1,http://identifiers.org/umls/C0008497
C0085569,Acidosis hyperchloraemic,Acidosis hyperchloraemic (SideEffect),CC BY-NC-SA 4.0,UMLS via SIDER 4.1,http://identifiers.org/umls/C0085569
C0016977,Gallbladder disorder,Gallbladder disorder (SideEffect),CC BY-NC-SA 4.0,UMLS via SIDER 4.1,http://identifiers.org/umls/C0016977
C0587094,Breast calcifications,Breast calcifications (SideEffect),CC BY-NC-SA 4.0,UMLS via SIDER 4.1,http://identifiers.org/umls/C0587094
C0496899,Brain neoplasm benign,Brain neoplasm benign (SideEffect),CC BY-NC-SA 4.0,UMLS via SIDER 4.1,http://identifiers.org/umls/C0496899
C1112489,Corneal irritation,Corneal irritation (SideEffect),CC BY-NC-SA 4.0,UMLS via SIDER 4.1,http://identifiers.org/umls/C1112489
C0417744,Mosquito bite,Mosquito bite (SideEffect),CC BY-NC-SA 4.0,UMLS via SIDER 4.1,http://identifiers.org/umls/C0417744
C0237938,Gastrointestinal ulcer,Gastrointestinal ulcer (SideEffect),CC BY-NC-SA 4.0,UMLS via SIDER 4.1,http://identifiers.org/umls/C0237938
C0857189,Raised serum uric acid,Raised serum uric acid (SideEffect),CC BY-NC-SA 4.0,UMLS via SIDER 4.1,http://identifiers.org/umls/C0857189
C0002886,Anaemia macrocytic,Anaemia macrocytic (SideEffect),CC BY-NC-SA 4.0,UMLS via SIDER 4.1,http://identifiers.org/umls/C0002886
C0037284,Skin lesion,Skin lesion (SideEffect),CC BY-NC-SA 4.0,UMLS via SIDER 4.1,http://identifiers.org/umls/C0037284
C0948765,Cyclosporine toxicity,Cyclosporine toxicity (SideEffect),CC BY-NC-SA 4.0,UMLS via SIDER 4.1,http://identifiers.org/umls/C0948765
C0085619,Orthopnoea,Orthopnoea (SideEffect),CC BY-NC-SA 4.0,UMLS via SIDER 4.1,http://identifiers.org/umls/C0085619
C1699324,Pharyngeal mucositis,Pharyngeal mucositis (SideEffect),CC BY-NC-SA 4.0,UMLS via SIDER 4.1,http://identifiers.org/umls/C1699324
C0014549,Grand mal convulsion,Grand mal convulsion (SideEffect),CC BY-NC-SA 4.0,UMLS via SIDER 4.1,http://identifiers.org/umls/C0014549
C0151694,Hemorrhage of colon,Hemorrhage of colon (SideEffect),CC BY-NC-SA 4.0,UMLS via SIDER 4.1,http://identifiers.org/umls/C0151694
C0041825,Tympanic membrane disorder,Tympanic membrane disorder (SideEffect),CC BY-NC-SA 4.0,UMLS via SIDER 4.1,http://identifiers.org/umls/C0041825
C0235013,Hypervigilance,Hypervigilance (SideEffect),CC BY-NC-SA 4.0,UMLS via SIDER 4.1,http://identifiers.org/umls/C0235013
C0043094,Weight increased,Weight increased (SideEffect),CC BY-NC-SA 4.0,UMLS via SIDER 4.1,http://identifiers.org/umls/C0043094
C0376358,Prostate cancer,Prostate cancer (SideEffect),CC BY-NC-SA 4.0,UMLS via SIDER 4.1,http://identifiers.org/umls/C0376358
C0042769,Viral infection,Viral infection (SideEffect),CC BY-NC-SA 4.0,UMLS via SIDER 4.1,http://identifiers.org/umls/C0042769
C0521854,Drug tolerance decreased,Drug tolerance decreased (SideEffect),CC BY-NC-SA 4.0,UMLS via SIDER 4.1,http://identifiers.org/umls/C0521854
C0343495,Lockjaw,Lockjaw (SideEffect),CC BY-NC-SA 4.0,UMLS via SIDER 4.1,http://identifiers.org/umls/C0343495
C0014236,Endophthalmitis,Endophthalmitis (SideEffect),CC BY-NC-SA 4.0,UMLS via SIDER 4.1,http://identifiers.org/umls/C0014236
C0027932,Neurosis,Neurosis (SideEffect),CC BY-NC-SA 4.0,UMLS via SIDER 4.1,http://identifiers.org/umls/C0027932
C0259972,Ketogenic diet,Ketogenic diet (SideEffect),CC BY-NC-SA 4.0,UMLS via SIDER 4.1,http://identifiers.org/umls/C0259972
C0221046,Carotid sinus syndrome,Carotid sinus syndrome (SideEffect),CC BY-NC-SA 4.0,UMLS via SIDER 4.1,http://identifiers.org/umls/C0221046
C1142498,Application site excoriation,Application site excoriation (SideEffect),CC BY-NC-SA 4.0,UMLS via SIDER 4.1,http://identifiers.org/umls/C1142498
C0152198,Accommodation disorder,Accommodation disorder (SideEffect),CC BY-NC-SA 4.0,UMLS via SIDER 4.1,http://identifiers.org/umls/C0152198
C0751249,Chronic insomnia,Chronic insomnia (SideEffect),CC BY-NC-SA 4.0,UMLS via SIDER 4.1,http://identifiers.org/umls/C0751249
C0854679,Needle injury,Needle injury (SideEffect),CC BY-NC-SA 4.0,UMLS via SIDER 4.1,http://identifiers.org/umls/C0854679
C0017574,Gingivitis,Gingivitis (SideEffect),CC BY-NC-SA 4.0,UMLS via SIDER 4.1,http://identifiers.org/umls/C0017574
C0270921,Axonal neuropathy,Axonal neuropathy (SideEffect),CC BY-NC-SA 4.0,UMLS via SIDER 4.1,http://identifiers.org/umls/C0270921
C0857160,Numbness in leg,Numbness in leg (SideEffect),CC BY-NC-SA 4.0,UMLS via SIDER 4.1,http://identifiers.org/umls/C0857160
C0007196,Restrictive cardiomyopathy,Restrictive cardiomyopathy (SideEffect),CC BY-NC-SA 4.0,UMLS via SIDER 4.1,http://identifiers.org/umls/C0007196
C0043145,Whiplash injury,Whiplash injury (SideEffect),CC BY-NC-SA 4.0,UMLS via SIDER 4.1,http://identifiers.org/umls/C0043145
C0011053,Deafness,Deafness (SideEffect),CC BY-NC-SA 4.0,UMLS via SIDER 4.1,http://identifiers.org/umls/C0011053
C0151611,Electroencephalogram abnormal,Electroencephalogram abnormal (SideEffect),CC BY-NC-SA 4.0,UMLS via SIDER 4.1,http://identifiers.org/umls/C0151611
C0857501,Acute schizophrenia,Acute schizophrenia (SideEffect),CC BY-NC-SA 4.0,UMLS via SIDER 4.1,http://identifiers.org/umls/C0857501
C0848309,Rhinitis perennial,Rhinitis perennial (SideEffect),CC BY-NC-SA 4.0,UMLS via SIDER 4.1,http://identifiers.org/umls/C0848309
C0476280,Musculoskeletal chest pain,Musculoskeletal chest pain (SideEffect),CC BY-NC-SA 4.0,UMLS via SIDER 4.1,http://identifiers.org/umls/C0476280
C0008033,Pleuritic pain,Pleuritic pain (SideEffect),CC BY-NC-SA 4.0,UMLS via SIDER 4.1,http://identifiers.org/umls/C0008033
C0033777,Pruritus genital,Pruritus genital (SideEffect),CC BY-NC-SA 4.0,UMLS via SIDER 4.1,http://identifiers.org/umls/C0033777
C0020626,Hypoparathyroidism,Hypoparathyroidism (SideEffect),CC BY-NC-SA 4.0,UMLS via SIDER 4.1,http://identifiers.org/umls/C0020626
C0265783,Pulmonary hypoplasia,Pulmonary hypoplasia (SideEffect),CC BY-NC-SA 4.0,UMLS via SIDER 4.1,http://identifiers.org/umls/C0265783
C0155616,Secondary hypertension,Secondary hypertension (SideEffect),CC BY-NC-SA 4.0,UMLS via SIDER 4.1,http://identifiers.org/umls/C0155616
C0522055,Electrocardiogram abnormal,Electrocardiogram abnormal (SideEffect),CC BY-NC-SA 4.0,UMLS via SIDER 4.1,http://identifiers.org/umls/C0522055
C0235972,Retinal deposits,Retinal deposits (SideEffect),CC BY-NC-SA 4.0,UMLS via SIDER 4.1,http://identifiers.org/umls/C0235972
C0232208,Nodal rhythm,Nodal rhythm (SideEffect),CC BY-NC-SA 4.0,UMLS via SIDER 4.1,http://identifiers.org/umls/C0232208
C0221752,Blood urine,Blood urine (SideEffect),CC BY-NC-SA 4.0,UMLS via SIDER 4.1,http://identifiers.org/umls/C0221752
C0151578,Creatinine increased,Creatinine increased (SideEffect),CC BY-NC-SA 4.0,UMLS via SIDER 4.1,http://identifiers.org/umls/C0151578
C2609319,Papulopustular rash,Papulopustular rash (SideEffect),CC BY-NC-SA 4.0,UMLS via SIDER 4.1,http://identifiers.org/umls/C2609319
C0022116,Ischaemia,Ischaemia (SideEffect),CC BY-NC-SA 4.0,UMLS via SIDER 4.1,http://identifiers.org/umls/C0022116
C0007078,Carbuncle,Carbuncle (SideEffect),CC BY-NC-SA 4.0,UMLS via SIDER 4.1,http://identifiers.org/umls/C0007078
C0156279,Urethral syndrome,Urethral syndrome (SideEffect),CC BY-NC-SA 4.0,UMLS via SIDER 4.1,http://identifiers.org/umls/C0156279
C0235522,Vein disorder,Vein disorder (SideEffect),CC BY-NC-SA 4.0,UMLS via SIDER 4.1,http://identifiers.org/umls/C0235522
C0863079,Ocular stinging,Ocular stinging (SideEffect),CC BY-NC-SA 4.0,UMLS via SIDER 4.1,http://identifiers.org/umls/C0863079
C0400839,Rectal ulcer,Rectal ulcer (SideEffect),CC BY-NC-SA 4.0,UMLS via SIDER 4.1,http://identifiers.org/umls/C0400839
C0856120,Multiple sclerosis relapse,Multiple sclerosis relapse (SideEffect),CC BY-NC-SA 4.0,UMLS via SIDER 4.1,http://identifiers.org/umls/C0856120
C0155709,Atrial fibrillation and flutter,Atrial fibrillation and flutter (SideEffect),CC BY-NC-SA 4.0,UMLS via SIDER 4.1,http://identifiers.org/umls/C0155709
C0038045,Sprain,Sprain (SideEffect),CC BY-NC-SA 4.0,UMLS via SIDER 4.1,http://identifiers.org/umls/C0038045
C0007114,Skin cancer,Skin cancer (SideEffect),CC BY-NC-SA 4.0,UMLS via SIDER 4.1,http://identifiers.org/umls/C0007114
C0856053,Leukemia secondary,Leukemia secondary (SideEffect),CC BY-NC-SA 4.0,UMLS via SIDER 4.1,http://identifiers.org/umls/C0856053
C0235229,Ciliary muscle spasm,Ciliary muscle spasm (SideEffect),CC BY-NC-SA 4.0,UMLS via SIDER 4.1,http://identifiers.org/umls/C0235229
C0267055,Erosive oesophagitis,Erosive oesophagitis (SideEffect),CC BY-NC-SA 4.0,UMLS via SIDER 4.1,http://identifiers.org/umls/C0267055
C0041428,Conjoined twins,Conjoined twins (SideEffect),CC BY-NC-SA 4.0,UMLS via SIDER 4.1,http://identifiers.org/umls/C0041428
C0029191,Orchitis,Orchitis (SideEffect),CC BY-NC-SA 4.0,UMLS via SIDER 4.1,http://identifiers.org/umls/C0029191
C0345903,Anal skin tags,Anal skin tags (SideEffect),CC BY-NC-SA 4.0,UMLS via SIDER 4.1,http://identifiers.org/umls/C0345903
C0020295,Hydronephrosis,Hydronephrosis (SideEffect),CC BY-NC-SA 4.0,UMLS via SIDER 4.1,http://identifiers.org/umls/C0020295
C0948281,Malignant syndrome NOS,Malignant syndrome NOS (SideEffect),CC BY-NC-SA 4.0,UMLS via SIDER 4.1,http://identifiers.org/umls/C0948281
C0854101,Urine sodium increased,Urine sodium increased (SideEffect),CC BY-NC-SA 4.0,UMLS via SIDER 4.1,http://identifiers.org/umls/C0854101
C0032584,Polyp,Polyp (SideEffect),CC BY-NC-SA 4.0,UMLS via SIDER 4.1,http://identifiers.org/umls/C0032584
C0745103,Type IIa hyperlipidaemia,Type IIa hyperlipidaemia (SideEffect),CC BY-NC-SA 4.0,UMLS via SIDER 4.1,http://identifiers.org/umls/C0745103
C0020438,Hypercalciuria,Hypercalciuria (SideEffect),CC BY-NC-SA 4.0,UMLS via SIDER 4.1,http://identifiers.org/umls/C0020438
C0206669,Hepatocellular adenoma,Hepatocellular adenoma (SideEffect),CC BY-NC-SA 4.0,UMLS via SIDER 4.1,http://identifiers.org/umls/C0206669
C0240066,Iron deficiency,Iron deficiency (SideEffect),CC BY-NC-SA 4.0,UMLS via SIDER 4.1,http://identifiers.org/umls/C0240066
C0020546,Hypertensive crisis,Hypertensive crisis (SideEffect),CC BY-NC-SA 4.0,UMLS via SIDER 4.1,http://identifiers.org/umls/C0020546
C0856136,Fatigue aggravated,Fatigue aggravated (SideEffect),CC BY-NC-SA 4.0,UMLS via SIDER 4.1,http://identifiers.org/umls/C0856136
C0850001,Heaviness of head,Heaviness of head (SideEffect),CC BY-NC-SA 4.0,UMLS via SIDER 4.1,http://identifiers.org/umls/C0850001
C0000832,Premature separation of placenta,Premature separation of placenta (SideEffect),CC BY-NC-SA 4.0,UMLS via SIDER 4.1,http://identifiers.org/umls/C0000832
C0016204,Flatulence,Flatulence (SideEffect),CC BY-NC-SA 4.0,UMLS via SIDER 4.1,http://identifiers.org/umls/C0016204
C0410480,Avascular necrosis femoral head,Avascular necrosis femoral head (SideEffect),CC BY-NC-SA 4.0,UMLS via SIDER 4.1,http://identifiers.org/umls/C0410480
C2609096,Genital hypoaesthesia,Genital hypoaesthesia (SideEffect),CC BY-NC-SA 4.0,UMLS via SIDER 4.1,http://identifiers.org/umls/C2609096
C0542519,Renal agenesis,Renal agenesis (SideEffect),CC BY-NC-SA 4.0,UMLS via SIDER 4.1,http://identifiers.org/umls/C0542519
C0236816,Acute stress disorder,Acute stress disorder (SideEffect),CC BY-NC-SA 4.0,UMLS via SIDER 4.1,http://identifiers.org/umls/C0236816
C0019189,Chronic hepatitis,Chronic hepatitis (SideEffect),CC BY-NC-SA 4.0,UMLS via SIDER 4.1,http://identifiers.org/umls/C0019189
C0240840,Pulse pressure decreased,Pulse pressure decreased (SideEffect),CC BY-NC-SA 4.0,UMLS via SIDER 4.1,http://identifiers.org/umls/C0240840
C0015674,Chronic fatigue syndrome,Chronic fatigue syndrome (SideEffect),CC BY-NC-SA 4.0,UMLS via SIDER 4.1,http://identifiers.org/umls/C0015674
C0151538,Buccoglossal syndrome,Buccoglossal syndrome (SideEffect),CC BY-NC-SA 4.0,UMLS via SIDER 4.1,http://identifiers.org/umls/C0151538
C0854171,Temperature regulation disorder,Temperature regulation disorder (SideEffect),CC BY-NC-SA 4.0,UMLS via SIDER 4.1,http://identifiers.org/umls/C0854171
C1287298,Urine output,Urine output (SideEffect),CC BY-NC-SA 4.0,UMLS via SIDER 4.1,http://identifiers.org/umls/C1287298
C0013362,Dysarthria,Dysarthria (SideEffect),CC BY-NC-SA 4.0,UMLS via SIDER 4.1,http://identifiers.org/umls/C0013362
C0007302,Chondropathy,Chondropathy (SideEffect),CC BY-NC-SA 4.0,UMLS via SIDER 4.1,http://identifiers.org/umls/C0007302
C0240925,Salivary gland swelling,Salivary gland swelling (SideEffect),CC BY-NC-SA 4.0,UMLS via SIDER 4.1,http://identifiers.org/umls/C0240925
C0346156,Benign breast neoplasm,Benign breast neoplasm (SideEffect),CC BY-NC-SA 4.0,UMLS via SIDER 4.1,http://identifiers.org/umls/C0346156
C1262006,Sinusitis bacterial,Sinusitis bacterial (SideEffect),CC BY-NC-SA 4.0,UMLS via SIDER 4.1,http://identifiers.org/umls/C1262006
C1859270,Slow speech,Slow speech (SideEffect),CC BY-NC-SA 4.0,UMLS via SIDER 4.1,http://identifiers.org/umls/C1859270
C0151721,Hypogonadism male,Hypogonadism male (SideEffect),CC BY-NC-SA 4.0,UMLS via SIDER 4.1,http://identifiers.org/umls/C0151721
C0263492,Ingrown hair,Ingrown hair (SideEffect),CC BY-NC-SA 4.0,UMLS via SIDER 4.1,http://identifiers.org/umls/C0263492
C0010038,Corneal opacity,Corneal opacity (SideEffect),CC BY-NC-SA 4.0,UMLS via SIDER 4.1,http://identifiers.org/umls/C0010038
C0162834,Skin hyperpigmentation,Skin hyperpigmentation (SideEffect),CC BY-NC-SA 4.0,UMLS via SIDER 4.1,http://identifiers.org/umls/C0162834
C0022581,Acquired keratoderma,Acquired keratoderma (SideEffect),CC BY-NC-SA 4.0,UMLS via SIDER 4.1,http://identifiers.org/umls/C0022581
C0549363,Hot dry skin,Hot dry skin (SideEffect),CC BY-NC-SA 4.0,UMLS via SIDER 4.1,http://identifiers.org/umls/C0549363
C0014745,Palmar erythema,Palmar erythema (SideEffect),CC BY-NC-SA 4.0,UMLS via SIDER 4.1,http://identifiers.org/umls/C0014745
C0743516,Endometrial thickening,Endometrial thickening (SideEffect),CC BY-NC-SA 4.0,UMLS via SIDER 4.1,http://identifiers.org/umls/C0743516
C1704431,Electrolyte disturbance,Electrolyte disturbance (SideEffect),CC BY-NC-SA 4.0,UMLS via SIDER 4.1,http://identifiers.org/umls/C1704431
C0347602,Retinal injury,Retinal injury (SideEffect),CC BY-NC-SA 4.0,UMLS via SIDER 4.1,http://identifiers.org/umls/C0347602
C0751837,Ataxic gait,Ataxic gait (SideEffect),CC BY-NC-SA 4.0,UMLS via SIDER 4.1,http://identifiers.org/umls/C0751837
C0235964,Renal dysgenesis,Renal dysgenesis (SideEffect),CC BY-NC-SA 4.0,UMLS via SIDER 4.1,http://identifiers.org/umls/C0235964
C0857493,Upper gastrointestinal symptoms,Upper gastrointestinal symptoms (SideEffect),CC BY-NC-SA 4.0,UMLS via SIDER 4.1,http://identifiers.org/umls/C0857493
C0162287,Abnormal faeces,Abnormal faeces (SideEffect),CC BY-NC-SA 4.0,UMLS via SIDER 4.1,http://identifiers.org/umls/C0162287
C1096403,Left ventricular ejection fraction decreased,Left ventricular ejection fraction decreased (SideEffect),CC BY-NC-SA 4.0,UMLS via SIDER 4.1,http://identifiers.org/umls/C1096403
C1960509,Epidural lipomatosis,Epidural lipomatosis (SideEffect),CC BY-NC-SA 4.0,UMLS via SIDER 4.1,http://identifiers.org/umls/C1960509
C0549262,Rebound effect,Rebound effect (SideEffect),CC BY-NC-SA 4.0,UMLS via SIDER 4.1,http://identifiers.org/umls/C0549262
C0270736,Essential tremor,Essential tremor (SideEffect),CC BY-NC-SA 4.0,UMLS via SIDER 4.1,http://identifiers.org/umls/C0270736
C0005745,Eyelid ptosis,Eyelid ptosis (SideEffect),CC BY-NC-SA 4.0,UMLS via SIDER 4.1,http://identifiers.org/umls/C0005745
C0009492,Compartment syndrome,Compartment syndrome (SideEffect),CC BY-NC-SA 4.0,UMLS via SIDER 4.1,http://identifiers.org/umls/C0009492
C0221152,Obstipation,Obstipation (SideEffect),CC BY-NC-SA 4.0,UMLS via SIDER 4.1,http://identifiers.org/umls/C0221152
C0004044,Asphyxia,Asphyxia (SideEffect),CC BY-NC-SA 4.0,UMLS via SIDER 4.1,http://identifiers.org/umls/C0004044
C0152063,Streptobacillary fever,Streptobacillary fever (SideEffect),CC BY-NC-SA 4.0,UMLS via SIDER 4.1,http://identifiers.org/umls/C0152063
C1331543,Puerperal pyrexia,Puerperal pyrexia (SideEffect),CC BY-NC-SA 4.0,UMLS via SIDER 4.1,http://identifiers.org/umls/C1331543
C0014863,Oesophageal spasm,Oesophageal spasm (SideEffect),CC BY-NC-SA 4.0,UMLS via SIDER 4.1,http://identifiers.org/umls/C0014863
C0043251,Trauma,Trauma (SideEffect),CC BY-NC-SA 4.0,UMLS via SIDER 4.1,http://identifiers.org/umls/C0043251
C0014038,Encephalitis,Encephalitis (SideEffect),CC BY-NC-SA 4.0,UMLS via SIDER 4.1,http://identifiers.org/umls/C0014038
C2242496,Parotid gland inflammation,Parotid gland inflammation (SideEffect),CC BY-NC-SA 4.0,UMLS via SIDER 4.1,http://identifiers.org/umls/C2242496
C0345217,Cloacal exstrophy,Cloacal exstrophy (SideEffect),CC BY-NC-SA 4.0,UMLS via SIDER 4.1,http://identifiers.org/umls/C0345217
C0024198,Lyme disease,Lyme disease (SideEffect),CC BY-NC-SA 4.0,UMLS via SIDER 4.1,http://identifiers.org/umls/C0024198
C0001403,Addison's disease,Addison's disease (SideEffect),CC BY-NC-SA 4.0,UMLS via SIDER 4.1,http://identifiers.org/umls/C0001403
C0860866,Potassium low,Potassium low (SideEffect),CC BY-NC-SA 4.0,UMLS via SIDER 4.1,http://identifiers.org/umls/C0860866
C0235639,Urine abnormality,Urine abnormality (SideEffect),CC BY-NC-SA 4.0,UMLS via SIDER 4.1,http://identifiers.org/umls/C0235639
C0920102,Phosphorus low,Phosphorus low (SideEffect),CC BY-NC-SA 4.0,UMLS via SIDER 4.1,http://identifiers.org/umls/C0920102
C0439857,Dependence,Dependence (SideEffect),CC BY-NC-SA 4.0,UMLS via SIDER 4.1,http://identifiers.org/umls/C0439857
C1262760,Drug-induced hepatitis,Drug-induced hepatitis (SideEffect),CC BY-NC-SA 4.0,UMLS via SIDER 4.1,http://identifiers.org/umls/C1262760
C0242420,Retinal oedema,Retinal oedema (SideEffect),CC BY-NC-SA 4.0,UMLS via SIDER 4.1,http://identifiers.org/umls/C0242420
C0020507,Hyperplasia,Hyperplasia (SideEffect),CC BY-NC-SA 4.0,UMLS via SIDER 4.1,http://identifiers.org/umls/C0020507
C0235347,Black hairy tongue,Black hairy tongue (SideEffect),CC BY-NC-SA 4.0,UMLS via SIDER 4.1,http://identifiers.org/umls/C0235347
C0741494,Bilirubin total increased,Bilirubin total increased (SideEffect),CC BY-NC-SA 4.0,UMLS via SIDER 4.1,http://identifiers.org/umls/C0741494
C0232933,Menstrual cycle abnormal,Menstrual cycle abnormal (SideEffect),CC BY-NC-SA 4.0,UMLS via SIDER 4.1,http://identifiers.org/umls/C0232933
C0236106,Photosensitivity allergic reaction,Photosensitivity allergic reaction (SideEffect),CC BY-NC-SA 4.0,UMLS via SIDER 4.1,http://identifiers.org/umls/C0236106
C0549288,Pelvic venous thrombosis,Pelvic venous thrombosis (SideEffect),CC BY-NC-SA 4.0,UMLS via SIDER 4.1,http://identifiers.org/umls/C0549288
C1740836,Acute migraine,Acute migraine (SideEffect),CC BY-NC-SA 4.0,UMLS via SIDER 4.1,http://identifiers.org/umls/C1740836
C0153251,Respiratory moniliasis,Respiratory moniliasis (SideEffect),CC BY-NC-SA 4.0,UMLS via SIDER 4.1,http://identifiers.org/umls/C0153251
C0221264,Cheilosis,Cheilosis (SideEffect),CC BY-NC-SA 4.0,UMLS via SIDER 4.1,http://identifiers.org/umls/C0221264
C0242225,Colour blindness,Colour blindness (SideEffect),CC BY-NC-SA 4.0,UMLS via SIDER 4.1,http://identifiers.org/umls/C0242225
C0018129,Transplant rejection,Transplant rejection (SideEffect),CC BY-NC-SA 4.0,UMLS via SIDER 4.1,http://identifiers.org/umls/C0018129
C0740482,Hypotension orthostatic symptomatic,Hypotension orthostatic symptomatic (SideEffect),CC BY-NC-SA 4.0,UMLS via SIDER 4.1,http://identifiers.org/umls/C0740482
C0158266,Intervertebral disc degeneration,Intervertebral disc degeneration (SideEffect),CC BY-NC-SA 4.0,UMLS via SIDER 4.1,http://identifiers.org/umls/C0158266
C0036916,Sexually transmitted disease,Sexually transmitted disease (SideEffect),CC BY-NC-SA 4.0,UMLS via SIDER 4.1,http://identifiers.org/umls/C0036916
C1262195,Echoacousia,Echoacousia (SideEffect),CC BY-NC-SA 4.0,UMLS via SIDER 4.1,http://identifiers.org/umls/C1262195
C0019196,Hepatitis C,Hepatitis C (SideEffect),CC BY-NC-SA 4.0,UMLS via SIDER 4.1,http://identifiers.org/umls/C0019196
C1167779,Neutropenic infection,Neutropenic infection (SideEffect),CC BY-NC-SA 4.0,UMLS via SIDER 4.1,http://identifiers.org/umls/C1167779
C0162291,Retinal ischaemia,Retinal ischaemia (SideEffect),CC BY-NC-SA 4.0,UMLS via SIDER 4.1,http://identifiers.org/umls/C0162291
C0520893,Localized exfoliation,Localized exfoliation (SideEffect),CC BY-NC-SA 4.0,UMLS via SIDER 4.1,http://identifiers.org/umls/C0520893
C1096275,Increased viscosity of bronchial secretion,Increased viscosity of bronchial secretion (SideEffect),CC BY-NC-SA 4.0,UMLS via SIDER 4.1,http://identifiers.org/umls/C1096275
C0239978,Frequent bowel movements,Frequent bowel movements (SideEffect),CC BY-NC-SA 4.0,UMLS via SIDER 4.1,http://identifiers.org/umls/C0239978
C1112433,Thromboembolic stroke,Thromboembolic stroke (SideEffect),CC BY-NC-SA 4.0,UMLS via SIDER 4.1,http://identifiers.org/umls/C1112433
C0600125,Electrocardiogram PR prolongation,Electrocardiogram PR prolongation (SideEffect),CC BY-NC-SA 4.0,UMLS via SIDER 4.1,http://identifiers.org/umls/C0600125
C0038166,Staphylococcal skin infection,Staphylococcal skin infection (SideEffect),CC BY-NC-SA 4.0,UMLS via SIDER 4.1,http://identifiers.org/umls/C0038166
C0852952,Optic nerve cupping,Optic nerve cupping (SideEffect),CC BY-NC-SA 4.0,UMLS via SIDER 4.1,http://identifiers.org/umls/C0852952
C0004601,Back injury,Back injury (SideEffect),CC BY-NC-SA 4.0,UMLS via SIDER 4.1,http://identifiers.org/umls/C0004601
C0026838,Muscle spasticity,Muscle spasticity (SideEffect),CC BY-NC-SA 4.0,UMLS via SIDER 4.1,http://identifiers.org/umls/C0026838
C0235744,Breath holding,Breath holding (SideEffect),CC BY-NC-SA 4.0,UMLS via SIDER 4.1,http://identifiers.org/umls/C0235744
C0740464,Electrolytes NOS decreased,Electrolytes NOS decreased (SideEffect),CC BY-NC-SA 4.0,UMLS via SIDER 4.1,http://identifiers.org/umls/C0740464
C1168174,Absolute neutrophil count decreased,Absolute neutrophil count decreased (SideEffect),CC BY-NC-SA 4.0,UMLS via SIDER 4.1,http://identifiers.org/umls/C1168174
C1735348,Anal irritation,Anal irritation (SideEffect),CC BY-NC-SA 4.0,UMLS via SIDER 4.1,http://identifiers.org/umls/C1735348
C0311394,Walking disability,Walking disability (SideEffect),CC BY-NC-SA 4.0,UMLS via SIDER 4.1,http://identifiers.org/umls/C0311394
C0233401,Psychiatric symptom,Psychiatric symptom (SideEffect),CC BY-NC-SA 4.0,UMLS via SIDER 4.1,http://identifiers.org/umls/C0233401
C0919582,Sudden onset of sleep,Sudden onset of sleep (SideEffect),CC BY-NC-SA 4.0,UMLS via SIDER 4.1,http://identifiers.org/umls/C0919582
C0277585,Drug intolerance,Drug intolerance (SideEffect),CC BY-NC-SA 4.0,UMLS via SIDER 4.1,http://identifiers.org/umls/C0277585
C0026633,Congenital oral malformation,Congenital oral malformation (SideEffect),CC BY-NC-SA 4.0,UMLS via SIDER 4.1,http://identifiers.org/umls/C0026633
C0020502,Hyperparathyroidism,Hyperparathyroidism (SideEffect),CC BY-NC-SA 4.0,UMLS via SIDER 4.1,http://identifiers.org/umls/C0020502
C0007873,Cervix neoplasm,Cervix neoplasm (SideEffect),CC BY-NC-SA 4.0,UMLS via SIDER 4.1,http://identifiers.org/umls/C0007873
C0860210,Granulomatous liver disease,Granulomatous liver disease (SideEffect),CC BY-NC-SA 4.0,UMLS via SIDER 4.1,http://identifiers.org/umls/C0860210
C0154769,Myopathy toxic,Myopathy toxic (SideEffect),CC BY-NC-SA 4.0,UMLS via SIDER 4.1,http://identifiers.org/umls/C0154769
C0239150,Creatinine low,Creatinine low (SideEffect),CC BY-NC-SA 4.0,UMLS via SIDER 4.1,http://identifiers.org/umls/C0239150
C0855247,Sleep attacks,Sleep attacks (SideEffect),CC BY-NC-SA 4.0,UMLS via SIDER 4.1,http://identifiers.org/umls/C0855247
C0235014,Fontanelle bulging,Fontanelle bulging (SideEffect),CC BY-NC-SA 4.0,UMLS via SIDER 4.1,http://identifiers.org/umls/C0235014
C0424332,Breath holding attack,Breath holding attack (SideEffect),CC BY-NC-SA 4.0,UMLS via SIDER 4.1,http://identifiers.org/umls/C0424332
C0877095,Application site haematoma,Application site haematoma (SideEffect),CC BY-NC-SA 4.0,UMLS via SIDER 4.1,http://identifiers.org/umls/C0877095
C0085437,Meningitis bacterial,Meningitis bacterial (SideEffect),CC BY-NC-SA 4.0,UMLS via SIDER 4.1,http://identifiers.org/umls/C0085437
C0348801,"Pneumonia due to Streptococcus, group b","Pneumonia due to Streptococcus, group b (SideEffect)",CC BY-NC-SA 4.0,UMLS via SIDER 4.1,http://identifiers.org/umls/C0348801
C0239987,Immunoglobulin G low,Immunoglobulin G low (SideEffect),CC BY-NC-SA 4.0,UMLS via SIDER 4.1,http://identifiers.org/umls/C0239987
C0235832,Hernia congenital,Hernia congenital (SideEffect),CC BY-NC-SA 4.0,UMLS via SIDER 4.1,http://identifiers.org/umls/C0235832
C0859062,Serum bilirubin increased,Serum bilirubin increased (SideEffect),CC BY-NC-SA 4.0,UMLS via SIDER 4.1,http://identifiers.org/umls/C0859062
C0277589,Found dead (cause undetermined),Found dead (cause undetermined) (SideEffect),CC BY-NC-SA 4.0,UMLS via SIDER 4.1,http://identifiers.org/umls/C0277589
C0948168,Bone marrow toxicity,Bone marrow toxicity (SideEffect),CC BY-NC-SA 4.0,UMLS via SIDER 4.1,http://identifiers.org/umls/C0948168
C0026650,Movement disorder,Movement disorder (SideEffect),CC BY-NC-SA 4.0,UMLS via SIDER 4.1,http://identifiers.org/umls/C0026650
C0853314,Soft tissue inflammation,Soft tissue inflammation (SideEffect),CC BY-NC-SA 4.0,UMLS via SIDER 4.1,http://identifiers.org/umls/C0853314
C0023891,Cirrhosis alcoholic,Cirrhosis alcoholic (SideEffect),CC BY-NC-SA 4.0,UMLS via SIDER 4.1,http://identifiers.org/umls/C0023891
C0023885,Liver abscess,Liver abscess (SideEffect),CC BY-NC-SA 4.0,UMLS via SIDER 4.1,http://identifiers.org/umls/C0023885
C0338908,Anxiety depression,Anxiety depression (SideEffect),CC BY-NC-SA 4.0,UMLS via SIDER 4.1,http://identifiers.org/umls/C0338908
C0233762,"Hallucination, auditory","Hallucination, auditory (SideEffect)",CC BY-NC-SA 4.0,UMLS via SIDER 4.1,http://identifiers.org/umls/C0233762
C0476337,Blood gases abnormal,Blood gases abnormal (SideEffect),CC BY-NC-SA 4.0,UMLS via SIDER 4.1,http://identifiers.org/umls/C0476337
C1392046,Cardiovascular insufficiency,Cardiovascular insufficiency (SideEffect),CC BY-NC-SA 4.0,UMLS via SIDER 4.1,http://identifiers.org/umls/C1392046
C0036502,Sebaceous gland disorder,Sebaceous gland disorder (SideEffect),CC BY-NC-SA 4.0,UMLS via SIDER 4.1,http://identifiers.org/umls/C0036502
C0020651,Orthostatic hypotension,Orthostatic hypotension (SideEffect),CC BY-NC-SA 4.0,UMLS via SIDER 4.1,http://identifiers.org/umls/C0020651
C0745744,End stage liver disease,End stage liver disease (SideEffect),CC BY-NC-SA 4.0,UMLS via SIDER 4.1,http://identifiers.org/umls/C0745744
C0232115,Venous pressure increased,Venous pressure increased (SideEffect),CC BY-NC-SA 4.0,UMLS via SIDER 4.1,http://identifiers.org/umls/C0232115
C0151888,Hyporeflexia,Hyporeflexia (SideEffect),CC BY-NC-SA 4.0,UMLS via SIDER 4.1,http://identifiers.org/umls/C0151888
C0032533,Polymyalgia rheumatica,Polymyalgia rheumatica (SideEffect),CC BY-NC-SA 4.0,UMLS via SIDER 4.1,http://identifiers.org/umls/C0032533
C0162810,Hypertrophic scar,Hypertrophic scar (SideEffect),CC BY-NC-SA 4.0,UMLS via SIDER 4.1,http://identifiers.org/umls/C0162810
C0022541,Kearns-Sayre syndrome,Kearns-Sayre syndrome (SideEffect),CC BY-NC-SA 4.0,UMLS via SIDER 4.1,http://identifiers.org/umls/C0022541
C0085654,Injection site granuloma,Injection site granuloma (SideEffect),CC BY-NC-SA 4.0,UMLS via SIDER 4.1,http://identifiers.org/umls/C0085654
C0152029,Sinus congestion,Sinus congestion (SideEffect),CC BY-NC-SA 4.0,UMLS via SIDER 4.1,http://identifiers.org/umls/C0152029
C0022602,Actinic keratosis,Actinic keratosis (SideEffect),CC BY-NC-SA 4.0,UMLS via SIDER 4.1,http://identifiers.org/umls/C0022602
C0001849,AIDS dementia complex,AIDS dementia complex (SideEffect),CC BY-NC-SA 4.0,UMLS via SIDER 4.1,http://identifiers.org/umls/C0001849
C1142295,Drug-induced cough,Drug-induced cough (SideEffect),CC BY-NC-SA 4.0,UMLS via SIDER 4.1,http://identifiers.org/umls/C1142295
C0014742,Erythema multiforme,Erythema multiforme (SideEffect),CC BY-NC-SA 4.0,UMLS via SIDER 4.1,http://identifiers.org/umls/C0014742
C0023440,Erythroleukaemia,Erythroleukaemia (SideEffect),CC BY-NC-SA 4.0,UMLS via SIDER 4.1,http://identifiers.org/umls/C0023440
C0236080,Vaginal discomfort,Vaginal discomfort (SideEffect),CC BY-NC-SA 4.0,UMLS via SIDER 4.1,http://identifiers.org/umls/C0236080
C2004435,Intestinal ischaemia,Intestinal ischaemia (SideEffect),CC BY-NC-SA 4.0,UMLS via SIDER 4.1,http://identifiers.org/umls/C2004435
C0949691,Spondyloarthropathy,Spondyloarthropathy (SideEffect),CC BY-NC-SA 4.0,UMLS via SIDER 4.1,http://identifiers.org/umls/C0949691
C0014488,Epicondylitis,Epicondylitis (SideEffect),CC BY-NC-SA 4.0,UMLS via SIDER 4.1,http://identifiers.org/umls/C0014488
C0019214,Hepatosplenomegaly,Hepatosplenomegaly (SideEffect),CC BY-NC-SA 4.0,UMLS via SIDER 4.1,http://identifiers.org/umls/C0019214
C0085576,Microcytic anaemia,Microcytic anaemia (SideEffect),CC BY-NC-SA 4.0,UMLS via SIDER 4.1,http://identifiers.org/umls/C0085576
C0427457,Red blood cell count decreased,Red blood cell count decreased (SideEffect),CC BY-NC-SA 4.0,UMLS via SIDER 4.1,http://identifiers.org/umls/C0427457
C0039504,Tendon injury,Tendon injury (SideEffect),CC BY-NC-SA 4.0,UMLS via SIDER 4.1,http://identifiers.org/umls/C0039504
C0010709,Cyst,Cyst (SideEffect),CC BY-NC-SA 4.0,UMLS via SIDER 4.1,http://identifiers.org/umls/C0010709
C0004691,Balanoposthitis,Balanoposthitis (SideEffect),CC BY-NC-SA 4.0,UMLS via SIDER 4.1,http://identifiers.org/umls/C0004691
C0151900,Serum iron increased,Serum iron increased (SideEffect),CC BY-NC-SA 4.0,UMLS via SIDER 4.1,http://identifiers.org/umls/C0151900
C0473237,Frank hematuria,Frank hematuria (SideEffect),CC BY-NC-SA 4.0,UMLS via SIDER 4.1,http://identifiers.org/umls/C0473237
C0948266,Latent tetany,Latent tetany (SideEffect),CC BY-NC-SA 4.0,UMLS via SIDER 4.1,http://identifiers.org/umls/C0948266
C0235889,Arthritis aggravated,Arthritis aggravated (SideEffect),CC BY-NC-SA 4.0,UMLS via SIDER 4.1,http://identifiers.org/umls/C0235889
C0679048,Obsessive thoughts,Obsessive thoughts (SideEffect),CC BY-NC-SA 4.0,UMLS via SIDER 4.1,http://identifiers.org/umls/C0679048
C0030846,Penis disorder,Penis disorder (SideEffect),CC BY-NC-SA 4.0,UMLS via SIDER 4.1,http://identifiers.org/umls/C0030846
C0234215,Discomfort,Discomfort (SideEffect),CC BY-NC-SA 4.0,UMLS via SIDER 4.1,http://identifiers.org/umls/C0234215
C0235896,Lung infiltration,Lung infiltration (SideEffect),CC BY-NC-SA 4.0,UMLS via SIDER 4.1,http://identifiers.org/umls/C0235896
C0022593,Keratosis,Keratosis (SideEffect),CC BY-NC-SA 4.0,UMLS via SIDER 4.1,http://identifiers.org/umls/C0022593
C0749389,Pharyngeal lesion,Pharyngeal lesion (SideEffect),CC BY-NC-SA 4.0,UMLS via SIDER 4.1,http://identifiers.org/umls/C0749389
C0154946,Acute angle-closure glaucoma,Acute angle-closure glaucoma (SideEffect),CC BY-NC-SA 4.0,UMLS via SIDER 4.1,http://identifiers.org/umls/C0154946
C0426747,Anal haemorrhage,Anal haemorrhage (SideEffect),CC BY-NC-SA 4.0,UMLS via SIDER 4.1,http://identifiers.org/umls/C0426747
C0003537,Aphasia,Aphasia (SideEffect),CC BY-NC-SA 4.0,UMLS via SIDER 4.1,http://identifiers.org/umls/C0003537
C0009024,Clonus,Clonus (SideEffect),CC BY-NC-SA 4.0,UMLS via SIDER 4.1,http://identifiers.org/umls/C0009024
C0003175,Anthrax,Anthrax (SideEffect),CC BY-NC-SA 4.0,UMLS via SIDER 4.1,http://identifiers.org/umls/C0003175
C0395005,Polydipsia psychogenic,Polydipsia psychogenic (SideEffect),CC BY-NC-SA 4.0,UMLS via SIDER 4.1,http://identifiers.org/umls/C0395005
C0034734,Raynaud's disease,Raynaud's disease (SideEffect),CC BY-NC-SA 4.0,UMLS via SIDER 4.1,http://identifiers.org/umls/C0034734
C0235821,Therapeutic response increased,Therapeutic response increased (SideEffect),CC BY-NC-SA 4.0,UMLS via SIDER 4.1,http://identifiers.org/umls/C0235821
C0267028,Lip pain,Lip pain (SideEffect),CC BY-NC-SA 4.0,UMLS via SIDER 4.1,http://identifiers.org/umls/C0267028
C0262493,Gallbladder polyp,Gallbladder polyp (SideEffect),CC BY-NC-SA 4.0,UMLS via SIDER 4.1,http://identifiers.org/umls/C0262493
C0086066,Coryza,Coryza (SideEffect),CC BY-NC-SA 4.0,UMLS via SIDER 4.1,http://identifiers.org/umls/C0086066
C0013363,Dysautonomia,Dysautonomia (SideEffect),CC BY-NC-SA 4.0,UMLS via SIDER 4.1,http://identifiers.org/umls/C0013363
C0158570,Vascular anomaly,Vascular anomaly (SideEffect),CC BY-NC-SA 4.0,UMLS via SIDER 4.1,http://identifiers.org/umls/C0158570
C0025160,Megacolon,Megacolon (SideEffect),CC BY-NC-SA 4.0,UMLS via SIDER 4.1,http://identifiers.org/umls/C0025160
C0948643,Hyperuricosuria,Hyperuricosuria (SideEffect),CC BY-NC-SA 4.0,UMLS via SIDER 4.1,http://identifiers.org/umls/C0948643
C0035204,Respiratory disorder,Respiratory disorder (SideEffect),CC BY-NC-SA 4.0,UMLS via SIDER 4.1,http://identifiers.org/umls/C0035204
C0341012,Oral herpes,Oral herpes (SideEffect),CC BY-NC-SA 4.0,UMLS via SIDER 4.1,http://identifiers.org/umls/C0341012
C0019158,Hepatitis,Hepatitis (SideEffect),CC BY-NC-SA 4.0,UMLS via SIDER 4.1,http://identifiers.org/umls/C0019158
C0043250,Wound,Wound (SideEffect),CC BY-NC-SA 4.0,UMLS via SIDER 4.1,http://identifiers.org/umls/C0043250
C1963897,Low birth weight baby,Low birth weight baby (SideEffect),CC BY-NC-SA 4.0,UMLS via SIDER 4.1,http://identifiers.org/umls/C1963897
C0849925,Ventricular failure,Ventricular failure (SideEffect),CC BY-NC-SA 4.0,UMLS via SIDER 4.1,http://identifiers.org/umls/C0849925
C0859229,Migration of implant,Migration of implant (SideEffect),CC BY-NC-SA 4.0,UMLS via SIDER 4.1,http://identifiers.org/umls/C0859229
C0006846,Skin candida,Skin candida (SideEffect),CC BY-NC-SA 4.0,UMLS via SIDER 4.1,http://identifiers.org/umls/C0006846
C0474395,Increased activity,Increased activity (SideEffect),CC BY-NC-SA 4.0,UMLS via SIDER 4.1,http://identifiers.org/umls/C0474395
C0343263,Chondrolysis,Chondrolysis (SideEffect),CC BY-NC-SA 4.0,UMLS via SIDER 4.1,http://identifiers.org/umls/C0343263
C0206061,Interstitial pneumonia,Interstitial pneumonia (SideEffect),CC BY-NC-SA 4.0,UMLS via SIDER 4.1,http://identifiers.org/umls/C0206061
C0853150,Nerve conduction studies abnormal,Nerve conduction studies abnormal (SideEffect),CC BY-NC-SA 4.0,UMLS via SIDER 4.1,http://identifiers.org/umls/C0853150
C0263962,Olecranon bursitis,Olecranon bursitis (SideEffect),CC BY-NC-SA 4.0,UMLS via SIDER 4.1,http://identifiers.org/umls/C0263962
C0006079,Bowen's disease,Bowen's disease (SideEffect),CC BY-NC-SA 4.0,UMLS via SIDER 4.1,http://identifiers.org/umls/C0006079
C0042850,Vitamin B complex deficiency,Vitamin B complex deficiency (SideEffect),CC BY-NC-SA 4.0,UMLS via SIDER 4.1,http://identifiers.org/umls/C0042850
C0006142,Breast cancer,Breast cancer (SideEffect),CC BY-NC-SA 4.0,UMLS via SIDER 4.1,http://identifiers.org/umls/C0006142
C0541941,Erection increased,Erection increased (SideEffect),CC BY-NC-SA 4.0,UMLS via SIDER 4.1,http://identifiers.org/umls/C0541941
C0152915,Disseminated tuberculosis,Disseminated tuberculosis (SideEffect),CC BY-NC-SA 4.0,UMLS via SIDER 4.1,http://identifiers.org/umls/C0152915
C0877183,Nail bed tenderness,Nail bed tenderness (SideEffect),CC BY-NC-SA 4.0,UMLS via SIDER 4.1,http://identifiers.org/umls/C0877183
C0008049,Varicella,Varicella (SideEffect),CC BY-NC-SA 4.0,UMLS via SIDER 4.1,http://identifiers.org/umls/C0008049
C0401151,Chronic diarrhea,Chronic diarrhea (SideEffect),CC BY-NC-SA 4.0,UMLS via SIDER 4.1,http://identifiers.org/umls/C0401151
C0232726,Rectal tenesmus,Rectal tenesmus (SideEffect),CC BY-NC-SA 4.0,UMLS via SIDER 4.1,http://identifiers.org/umls/C0232726
C0860703,Serum total protein decreased,Serum total protein decreased (SideEffect),CC BY-NC-SA 4.0,UMLS via SIDER 4.1,http://identifiers.org/umls/C0860703
C0235280,Ototoxicity,Ototoxicity (SideEffect),CC BY-NC-SA 4.0,UMLS via SIDER 4.1,http://identifiers.org/umls/C0235280
C0427160,Parkinsonian gait,Parkinsonian gait (SideEffect),CC BY-NC-SA 4.0,UMLS via SIDER 4.1,http://identifiers.org/umls/C0427160
C0855235,Feelings of worthlessness,Feelings of worthlessness (SideEffect),CC BY-NC-SA 4.0,UMLS via SIDER 4.1,http://identifiers.org/umls/C0855235
C0085423,Gram-negative bacterial infection NOS,Gram-negative bacterial infection NOS (SideEffect),CC BY-NC-SA 4.0,UMLS via SIDER 4.1,http://identifiers.org/umls/C0085423
C0238874,Antineutrophil cytoplasmic antibody positive,Antineutrophil cytoplasmic antibody positive (SideEffect),CC BY-NC-SA 4.0,UMLS via SIDER 4.1,http://identifiers.org/umls/C0238874
C0852733,Completed suicide,Completed suicide (SideEffect),CC BY-NC-SA 4.0,UMLS via SIDER 4.1,http://identifiers.org/umls/C0852733
C0236048,Gastric polyps,Gastric polyps (SideEffect),CC BY-NC-SA 4.0,UMLS via SIDER 4.1,http://identifiers.org/umls/C0236048
C0239337,Limb deformity,Limb deformity (SideEffect),CC BY-NC-SA 4.0,UMLS via SIDER 4.1,http://identifiers.org/umls/C0239337
C0700594,Radiculopathy,Radiculopathy (SideEffect),CC BY-NC-SA 4.0,UMLS via SIDER 4.1,http://identifiers.org/umls/C0700594
C0549463,X-linked lymphoproliferative syndrome,X-linked lymphoproliferative syndrome (SideEffect),CC BY-NC-SA 4.0,UMLS via SIDER 4.1,http://identifiers.org/umls/C0549463
C0576702,Lhermitte's sign,Lhermitte's sign (SideEffect),CC BY-NC-SA 4.0,UMLS via SIDER 4.1,http://identifiers.org/umls/C0576702
C0020538,Hypertension,Hypertension (SideEffect),CC BY-NC-SA 4.0,UMLS via SIDER 4.1,http://identifiers.org/umls/C0020538
C1442968,Anastomotic ulcer,Anastomotic ulcer (SideEffect),CC BY-NC-SA 4.0,UMLS via SIDER 4.1,http://identifiers.org/umls/C1442968
C2607947,Deafness unilateral,Deafness unilateral (SideEffect),CC BY-NC-SA 4.0,UMLS via SIDER 4.1,http://identifiers.org/umls/C2607947
C0035455,Rhinitis,Rhinitis (SideEffect),CC BY-NC-SA 4.0,UMLS via SIDER 4.1,http://identifiers.org/umls/C0035455
C0948429,Diuretic effect,Diuretic effect (SideEffect),CC BY-NC-SA 4.0,UMLS via SIDER 4.1,http://identifiers.org/umls/C0948429
C0919777,Band neutrophil count increased,Band neutrophil count increased (SideEffect),CC BY-NC-SA 4.0,UMLS via SIDER 4.1,http://identifiers.org/umls/C0919777
C0403645,Atonic urinary bladder,Atonic urinary bladder (SideEffect),CC BY-NC-SA 4.0,UMLS via SIDER 4.1,http://identifiers.org/umls/C0403645
C0877373,Advanced cancer,Advanced cancer (SideEffect),CC BY-NC-SA 4.0,UMLS via SIDER 4.1,http://identifiers.org/umls/C0877373
C1257843,Pseudomembranous colitis,Pseudomembranous colitis (SideEffect),CC BY-NC-SA 4.0,UMLS via SIDER 4.1,http://identifiers.org/umls/C1257843
C0040038,Thromboembolism,Thromboembolism (SideEffect),CC BY-NC-SA 4.0,UMLS via SIDER 4.1,http://identifiers.org/umls/C0040038
C0334634,Mantle cell lymphoma,Mantle cell lymphoma (SideEffect),CC BY-NC-SA 4.0,UMLS via SIDER 4.1,http://identifiers.org/umls/C0334634
C0860811,Antidiuretic hormone abnormality,Antidiuretic hormone abnormality (SideEffect),CC BY-NC-SA 4.0,UMLS via SIDER 4.1,http://identifiers.org/umls/C0860811
C0404445,Ovarian atrophy,Ovarian atrophy (SideEffect),CC BY-NC-SA 4.0,UMLS via SIDER 4.1,http://identifiers.org/umls/C0404445
C1276118,Urticaria recurrent,Urticaria recurrent (SideEffect),CC BY-NC-SA 4.0,UMLS via SIDER 4.1,http://identifiers.org/umls/C1276118
C0544618,Orthostatic hypertension,Orthostatic hypertension (SideEffect),CC BY-NC-SA 4.0,UMLS via SIDER 4.1,http://identifiers.org/umls/C0544618
C0341751,Bladder necrosis,Bladder necrosis (SideEffect),CC BY-NC-SA 4.0,UMLS via SIDER 4.1,http://identifiers.org/umls/C0341751
C0085819,Antibiotic associated colitis,Antibiotic associated colitis (SideEffect),CC BY-NC-SA 4.0,UMLS via SIDER 4.1,http://identifiers.org/umls/C0085819
C0878773,Hypertonic bladder,Hypertonic bladder (SideEffect),CC BY-NC-SA 4.0,UMLS via SIDER 4.1,http://identifiers.org/umls/C0878773
C0154841,Central retinal vein occlusion,Central retinal vein occlusion (SideEffect),CC BY-NC-SA 4.0,UMLS via SIDER 4.1,http://identifiers.org/umls/C0154841
C0268000,Fluid retention,Fluid retention (SideEffect),CC BY-NC-SA 4.0,UMLS via SIDER 4.1,http://identifiers.org/umls/C0268000
C0278678,Metastatic renal cell carcinoma,Metastatic renal cell carcinoma (SideEffect),CC BY-NC-SA 4.0,UMLS via SIDER 4.1,http://identifiers.org/umls/C0278678
C0027720,Nephrosis,Nephrosis (SideEffect),CC BY-NC-SA 4.0,UMLS via SIDER 4.1,http://identifiers.org/umls/C0027720
C0221252,Eruptive xanthoma,Eruptive xanthoma (SideEffect),CC BY-NC-SA 4.0,UMLS via SIDER 4.1,http://identifiers.org/umls/C0221252
C0852679,Paraesthesia NEC,Paraesthesia NEC (SideEffect),CC BY-NC-SA 4.0,UMLS via SIDER 4.1,http://identifiers.org/umls/C0852679
C0027769,Nervousness,Nervousness (SideEffect),CC BY-NC-SA 4.0,UMLS via SIDER 4.1,http://identifiers.org/umls/C0027769
C0595861,Parasuicide,Parasuicide (SideEffect),CC BY-NC-SA 4.0,UMLS via SIDER 4.1,http://identifiers.org/umls/C0595861
C0340861,Pulseless electrical activity,Pulseless electrical activity (SideEffect),CC BY-NC-SA 4.0,UMLS via SIDER 4.1,http://identifiers.org/umls/C0340861
C0919560,Stent occlusion,Stent occlusion (SideEffect),CC BY-NC-SA 4.0,UMLS via SIDER 4.1,http://identifiers.org/umls/C0919560
C0086692,Benign neoplasm,Benign neoplasm (SideEffect),CC BY-NC-SA 4.0,UMLS via SIDER 4.1,http://identifiers.org/umls/C0086692
C0029095,Opioid abuse,Opioid abuse (SideEffect),CC BY-NC-SA 4.0,UMLS via SIDER 4.1,http://identifiers.org/umls/C0029095
C0151588,Deafness transitory,Deafness transitory (SideEffect),CC BY-NC-SA 4.0,UMLS via SIDER 4.1,http://identifiers.org/umls/C0151588
C0239385,Paresthesia of limbs,Paresthesia of limbs (SideEffect),CC BY-NC-SA 4.0,UMLS via SIDER 4.1,http://identifiers.org/umls/C0239385
C0003126,Anosmia,Anosmia (SideEffect),CC BY-NC-SA 4.0,UMLS via SIDER 4.1,http://identifiers.org/umls/C0003126
C0018924,Haemarthrosis,Haemarthrosis (SideEffect),CC BY-NC-SA 4.0,UMLS via SIDER 4.1,http://identifiers.org/umls/C0018924
C0036529,Cardiomyopathy secondary NOS,Cardiomyopathy secondary NOS (SideEffect),CC BY-NC-SA 4.0,UMLS via SIDER 4.1,http://identifiers.org/umls/C0036529
C0522046,Cough suppression,Cough suppression (SideEffect),CC BY-NC-SA 4.0,UMLS via SIDER 4.1,http://identifiers.org/umls/C0522046
C0559546,Adverse reaction,Adverse reaction (SideEffect),CC BY-NC-SA 4.0,UMLS via SIDER 4.1,http://identifiers.org/umls/C0559546
C0152096,Trisomy 18,Trisomy 18 (SideEffect),CC BY-NC-SA 4.0,UMLS via SIDER 4.1,http://identifiers.org/umls/C0152096
C0744235,Fungal sepsis,Fungal sepsis (SideEffect),CC BY-NC-SA 4.0,UMLS via SIDER 4.1,http://identifiers.org/umls/C0744235
C0013428,Dysuria,Dysuria (SideEffect),CC BY-NC-SA 4.0,UMLS via SIDER 4.1,http://identifiers.org/umls/C0013428
C0012254,Digitalis toxicity,Digitalis toxicity (SideEffect),CC BY-NC-SA 4.0,UMLS via SIDER 4.1,http://identifiers.org/umls/C0012254
C0302507,Parainfluenzae virus infection,Parainfluenzae virus infection (SideEffect),CC BY-NC-SA 4.0,UMLS via SIDER 4.1,http://identifiers.org/umls/C0302507
C2242575,Compulsive shopping,Compulsive shopping (SideEffect),CC BY-NC-SA 4.0,UMLS via SIDER 4.1,http://identifiers.org/umls/C2242575
C0854095,Drug level changed,Drug level changed (SideEffect),CC BY-NC-SA 4.0,UMLS via SIDER 4.1,http://identifiers.org/umls/C0854095
C0423224,Sunken eyes,Sunken eyes (SideEffect),CC BY-NC-SA 4.0,UMLS via SIDER 4.1,http://identifiers.org/umls/C0423224
C0566951,Vaginal ulceration,Vaginal ulceration (SideEffect),CC BY-NC-SA 4.0,UMLS via SIDER 4.1,http://identifiers.org/umls/C0566951
C1167677,Infrequent bowel movements,Infrequent bowel movements (SideEffect),CC BY-NC-SA 4.0,UMLS via SIDER 4.1,http://identifiers.org/umls/C1167677
C0151767,Liver tenderness,Liver tenderness (SideEffect),CC BY-NC-SA 4.0,UMLS via SIDER 4.1,http://identifiers.org/umls/C0151767
C0085697,Pyelonephritis chronic,Pyelonephritis chronic (SideEffect),CC BY-NC-SA 4.0,UMLS via SIDER 4.1,http://identifiers.org/umls/C0085697
C3160756,Infection reactivation,Infection reactivation (SideEffect),CC BY-NC-SA 4.0,UMLS via SIDER 4.1,http://identifiers.org/umls/C3160756
C0860749,Blood neutrophil count decreased,Blood neutrophil count decreased (SideEffect),CC BY-NC-SA 4.0,UMLS via SIDER 4.1,http://identifiers.org/umls/C0860749
C0232841,Bladder dysfunction,Bladder dysfunction (SideEffect),CC BY-NC-SA 4.0,UMLS via SIDER 4.1,http://identifiers.org/umls/C0232841
C0457798,Dermatitis eyelid,Dermatitis eyelid (SideEffect),CC BY-NC-SA 4.0,UMLS via SIDER 4.1,http://identifiers.org/umls/C0457798
C0233488,Feeling of despair,Feeling of despair (SideEffect),CC BY-NC-SA 4.0,UMLS via SIDER 4.1,http://identifiers.org/umls/C0233488
C0020676,Hypothyroidism,Hypothyroidism (SideEffect),CC BY-NC-SA 4.0,UMLS via SIDER 4.1,http://identifiers.org/umls/C0020676
C0080274,Urinary retention,Urinary retention (SideEffect),CC BY-NC-SA 4.0,UMLS via SIDER 4.1,http://identifiers.org/umls/C0080274
C0151730,Drug effect increased,Drug effect increased (SideEffect),CC BY-NC-SA 4.0,UMLS via SIDER 4.1,http://identifiers.org/umls/C0151730
C0861120,Albumin urine increased,Albumin urine increased (SideEffect),CC BY-NC-SA 4.0,UMLS via SIDER 4.1,http://identifiers.org/umls/C0861120
C0037822,Speech disorder,Speech disorder (SideEffect),CC BY-NC-SA 4.0,UMLS via SIDER 4.1,http://identifiers.org/umls/C0037822
C0267406,Infarction mesenteric,Infarction mesenteric (SideEffect),CC BY-NC-SA 4.0,UMLS via SIDER 4.1,http://identifiers.org/umls/C0267406
C0233794,Memory impairment,Memory impairment (SideEffect),CC BY-NC-SA 4.0,UMLS via SIDER 4.1,http://identifiers.org/umls/C0233794
C1096303,Lipase abnormal,Lipase abnormal (SideEffect),CC BY-NC-SA 4.0,UMLS via SIDER 4.1,http://identifiers.org/umls/C1096303
C0877398,Anaemia postoperative,Anaemia postoperative (SideEffect),CC BY-NC-SA 4.0,UMLS via SIDER 4.1,http://identifiers.org/umls/C0877398
C1852242,AION,AION (SideEffect),CC BY-NC-SA 4.0,UMLS via SIDER 4.1,http://identifiers.org/umls/C1852242
C0267925,Bile duct stenosis,Bile duct stenosis (SideEffect),CC BY-NC-SA 4.0,UMLS via SIDER 4.1,http://identifiers.org/umls/C0267925
C0521516,Polymyalgia,Polymyalgia (SideEffect),CC BY-NC-SA 4.0,UMLS via SIDER 4.1,http://identifiers.org/umls/C0521516
C0392196,Injection site urticaria,Injection site urticaria (SideEffect),CC BY-NC-SA 4.0,UMLS via SIDER 4.1,http://identifiers.org/umls/C0392196
C3267156,Operative bleeding,Operative bleeding (SideEffect),CC BY-NC-SA 4.0,UMLS via SIDER 4.1,http://identifiers.org/umls/C3267156
C0920235,Psoriatic plaque,Psoriatic plaque (SideEffect),CC BY-NC-SA 4.0,UMLS via SIDER 4.1,http://identifiers.org/umls/C0920235
C1274926,Stinging skin,Stinging skin (SideEffect),CC BY-NC-SA 4.0,UMLS via SIDER 4.1,http://identifiers.org/umls/C1274926
C1536052,Oral mucosal exfoliation,Oral mucosal exfoliation (SideEffect),CC BY-NC-SA 4.0,UMLS via SIDER 4.1,http://identifiers.org/umls/C1536052
C0152165,Persistent vomiting,Persistent vomiting (SideEffect),CC BY-NC-SA 4.0,UMLS via SIDER 4.1,http://identifiers.org/umls/C0152165
C0334044,Dysplasia,Dysplasia (SideEffect),CC BY-NC-SA 4.0,UMLS via SIDER 4.1,http://identifiers.org/umls/C0334044
C0743072,Psychosis depressive,Psychosis depressive (SideEffect),CC BY-NC-SA 4.0,UMLS via SIDER 4.1,http://identifiers.org/umls/C0743072
C0033860,Psoriasis,Psoriasis (SideEffect),CC BY-NC-SA 4.0,UMLS via SIDER 4.1,http://identifiers.org/umls/C0033860
C1504435,Electrocardiogram QT interval abnormal,Electrocardiogram QT interval abnormal (SideEffect),CC BY-NC-SA 4.0,UMLS via SIDER 4.1,http://identifiers.org/umls/C1504435
C0740471,Creatinine abnormal NOS,Creatinine abnormal NOS (SideEffect),CC BY-NC-SA 4.0,UMLS via SIDER 4.1,http://identifiers.org/umls/C0740471
C0151662,Gamma-glutamyltransferase increased,Gamma-glutamyltransferase increased (SideEffect),CC BY-NC-SA 4.0,UMLS via SIDER 4.1,http://identifiers.org/umls/C0151662
C0549447,Urine odour foul,Urine odour foul (SideEffect),CC BY-NC-SA 4.0,UMLS via SIDER 4.1,http://identifiers.org/umls/C0549447
C1697642,Puncture site pain,Puncture site pain (SideEffect),CC BY-NC-SA 4.0,UMLS via SIDER 4.1,http://identifiers.org/umls/C1697642
C1323189,Dermatitis infected,Dermatitis infected (SideEffect),CC BY-NC-SA 4.0,UMLS via SIDER 4.1,http://identifiers.org/umls/C1323189
C0027627,Metastasis,Metastasis (SideEffect),CC BY-NC-SA 4.0,UMLS via SIDER 4.1,http://identifiers.org/umls/C0027627
C0497552,"Unspecified congenital anomaly of brain, spinal cord, and nervous system","Unspecified congenital anomaly of brain, spinal cord, and nervous system (SideEffect)",CC BY-NC-SA 4.0,UMLS via SIDER 4.1,http://identifiers.org/umls/C0497552
C0549293,Nasal soreness,Nasal soreness (SideEffect),CC BY-NC-SA 4.0,UMLS via SIDER 4.1,http://identifiers.org/umls/C0549293
C0240292,Mg++ increased,Mg++ increased (SideEffect),CC BY-NC-SA 4.0,UMLS via SIDER 4.1,http://identifiers.org/umls/C0240292
C2718128,Nasal inflammation,Nasal inflammation (SideEffect),CC BY-NC-SA 4.0,UMLS via SIDER 4.1,http://identifiers.org/umls/C2718128
C0026948,Mycosis fungoides,Mycosis fungoides (SideEffect),CC BY-NC-SA 4.0,UMLS via SIDER 4.1,http://identifiers.org/umls/C0026948
C3495440,Bleeding breakthrough,Bleeding breakthrough (SideEffect),CC BY-NC-SA 4.0,UMLS via SIDER 4.1,http://identifiers.org/umls/C3495440
C1879328,"Blindness, both eyes","Blindness, both eyes (SideEffect)",CC BY-NC-SA 4.0,UMLS via SIDER 4.1,http://identifiers.org/umls/C1879328
C0393761,Middle insomnia,Middle insomnia (SideEffect),CC BY-NC-SA 4.0,UMLS via SIDER 4.1,http://identifiers.org/umls/C0393761
C1261989,Hepatic enzyme decreased,Hepatic enzyme decreased (SideEffect),CC BY-NC-SA 4.0,UMLS via SIDER 4.1,http://identifiers.org/umls/C1261989
C0236993,Other sleep disturbances,Other sleep disturbances (SideEffect),CC BY-NC-SA 4.0,UMLS via SIDER 4.1,http://identifiers.org/umls/C0236993
C0740441,Acute diarrhea,Acute diarrhea (SideEffect),CC BY-NC-SA 4.0,UMLS via SIDER 4.1,http://identifiers.org/umls/C0740441
C1142178,Intestinal stoma complication,Intestinal stoma complication (SideEffect),CC BY-NC-SA 4.0,UMLS via SIDER 4.1,http://identifiers.org/umls/C1142178
C0151879,Electrocardiogram QT shortened,Electrocardiogram QT shortened (SideEffect),CC BY-NC-SA 4.0,UMLS via SIDER 4.1,http://identifiers.org/umls/C0151879
C0018520,Breath odour,Breath odour (SideEffect),CC BY-NC-SA 4.0,UMLS via SIDER 4.1,http://identifiers.org/umls/C0018520
C0858600,Taste sweet,Taste sweet (SideEffect),CC BY-NC-SA 4.0,UMLS via SIDER 4.1,http://identifiers.org/umls/C0858600
C0030508,Parasomnia,Parasomnia (SideEffect),CC BY-NC-SA 4.0,UMLS via SIDER 4.1,http://identifiers.org/umls/C0030508
C0270795,Monoparesis,Monoparesis (SideEffect),CC BY-NC-SA 4.0,UMLS via SIDER 4.1,http://identifiers.org/umls/C0270795
C0221776,Oral pain,Oral pain (SideEffect),CC BY-NC-SA 4.0,UMLS via SIDER 4.1,http://identifiers.org/umls/C0221776
C0852919,Animal scratch,Animal scratch (SideEffect),CC BY-NC-SA 4.0,UMLS via SIDER 4.1,http://identifiers.org/umls/C0852919
C1141861,Procedural complication,Procedural complication (SideEffect),CC BY-NC-SA 4.0,UMLS via SIDER 4.1,http://identifiers.org/umls/C1141861
C1167785,Haemorrhagic urticaria,Haemorrhagic urticaria (SideEffect),CC BY-NC-SA 4.0,UMLS via SIDER 4.1,http://identifiers.org/umls/C1167785
C0030781,Peliosis hepatis,Peliosis hepatis (SideEffect),CC BY-NC-SA 4.0,UMLS via SIDER 4.1,http://identifiers.org/umls/C0030781
C0423273,Scleral thinning,Scleral thinning (SideEffect),CC BY-NC-SA 4.0,UMLS via SIDER 4.1,http://identifiers.org/umls/C0423273
C0949059,Large intestine polyp,Large intestine polyp (SideEffect),CC BY-NC-SA 4.0,UMLS via SIDER 4.1,http://identifiers.org/umls/C0949059
C1264610,Infectious peritonitis,Infectious peritonitis (SideEffect),CC BY-NC-SA 4.0,UMLS via SIDER 4.1,http://identifiers.org/umls/C1264610
C3495920,Lacrimal structural disorder,Lacrimal structural disorder (SideEffect),CC BY-NC-SA 4.0,UMLS via SIDER 4.1,http://identifiers.org/umls/C3495920
C0029928,Ovarian disorder,Ovarian disorder (SideEffect),CC BY-NC-SA 4.0,UMLS via SIDER 4.1,http://identifiers.org/umls/C0029928
C0086981,Syndrome sicca,Syndrome sicca (SideEffect),CC BY-NC-SA 4.0,UMLS via SIDER 4.1,http://identifiers.org/umls/C0086981
C0030446,Ileus paralytic,Ileus paralytic (SideEffect),CC BY-NC-SA 4.0,UMLS via SIDER 4.1,http://identifiers.org/umls/C0030446
C3495917,Advanced breast cancer,Advanced breast cancer (SideEffect),CC BY-NC-SA 4.0,UMLS via SIDER 4.1,http://identifiers.org/umls/C3495917
C0521507,Injection site ulcer,Injection site ulcer (SideEffect),CC BY-NC-SA 4.0,UMLS via SIDER 4.1,http://identifiers.org/umls/C0521507
C0333559,Lacunar infarction,Lacunar infarction (SideEffect),CC BY-NC-SA 4.0,UMLS via SIDER 4.1,http://identifiers.org/umls/C0333559
C3160741,Toxicity to various agents,Toxicity to various agents (SideEffect),CC BY-NC-SA 4.0,UMLS via SIDER 4.1,http://identifiers.org/umls/C3160741
C0031046,Pericarditis,Pericarditis (SideEffect),CC BY-NC-SA 4.0,UMLS via SIDER 4.1,http://identifiers.org/umls/C0031046
C0747256,Infection parasitic,Infection parasitic (SideEffect),CC BY-NC-SA 4.0,UMLS via SIDER 4.1,http://identifiers.org/umls/C0747256
C0027531,Neck injury,Neck injury (SideEffect),CC BY-NC-SA 4.0,UMLS via SIDER 4.1,http://identifiers.org/umls/C0027531
C0700363,Rhythm idioventricular,Rhythm idioventricular (SideEffect),CC BY-NC-SA 4.0,UMLS via SIDER 4.1,http://identifiers.org/umls/C0700363
C0027429,Nasal obstruction,Nasal obstruction (SideEffect),CC BY-NC-SA 4.0,UMLS via SIDER 4.1,http://identifiers.org/umls/C0027429
C0920108,Fasting blood glucose increased,Fasting blood glucose increased (SideEffect),CC BY-NC-SA 4.0,UMLS via SIDER 4.1,http://identifiers.org/umls/C0920108
C0425669,Abdominal aortic bruit,Abdominal aortic bruit (SideEffect),CC BY-NC-SA 4.0,UMLS via SIDER 4.1,http://identifiers.org/umls/C0425669
C0849835,Lip haemorrhage,Lip haemorrhage (SideEffect),CC BY-NC-SA 4.0,UMLS via SIDER 4.1,http://identifiers.org/umls/C0849835
C1328327,Gastrooesophageal sphincter insufficiency,Gastrooesophageal sphincter insufficiency (SideEffect),CC BY-NC-SA 4.0,UMLS via SIDER 4.1,http://identifiers.org/umls/C1328327
C0016751,Fructose intolerance,Fructose intolerance (SideEffect),CC BY-NC-SA 4.0,UMLS via SIDER 4.1,http://identifiers.org/umls/C0016751
C0040822,Tremor,Tremor (SideEffect),CC BY-NC-SA 4.0,UMLS via SIDER 4.1,http://identifiers.org/umls/C0040822
C1868769,Anaphylactoid syndrome of pregnancy,Anaphylactoid syndrome of pregnancy (SideEffect),CC BY-NC-SA 4.0,UMLS via SIDER 4.1,http://identifiers.org/umls/C1868769
C0234199,Pallanesthesia,Pallanesthesia (SideEffect),CC BY-NC-SA 4.0,UMLS via SIDER 4.1,http://identifiers.org/umls/C0234199
C0549310,Vaginal mycosis,Vaginal mycosis (SideEffect),CC BY-NC-SA 4.0,UMLS via SIDER 4.1,http://identifiers.org/umls/C0549310
C0473311,Haemorrhagic ovarian cyst,Haemorrhagic ovarian cyst (SideEffect),CC BY-NC-SA 4.0,UMLS via SIDER 4.1,http://identifiers.org/umls/C0473311
C3665609,Conjunctival xerosis,Conjunctival xerosis (SideEffect),CC BY-NC-SA 4.0,UMLS via SIDER 4.1,http://identifiers.org/umls/C3665609
C0858118,Plasma creatinine increased,Plasma creatinine increased (SideEffect),CC BY-NC-SA 4.0,UMLS via SIDER 4.1,http://identifiers.org/umls/C0858118
C0152128,Drug withdrawal syndrome,Drug withdrawal syndrome (SideEffect),CC BY-NC-SA 4.0,UMLS via SIDER 4.1,http://identifiers.org/umls/C0152128
C0235068,Scintillating scotoma,Scintillating scotoma (SideEffect),CC BY-NC-SA 4.0,UMLS via SIDER 4.1,http://identifiers.org/umls/C0235068
C0855624,Aspartate aminotransferase normal,Aspartate aminotransferase normal (SideEffect),CC BY-NC-SA 4.0,UMLS via SIDER 4.1,http://identifiers.org/umls/C0855624
C0281778,Anal abscess,Anal abscess (SideEffect),CC BY-NC-SA 4.0,UMLS via SIDER 4.1,http://identifiers.org/umls/C0281778
C0683416,Depersonalization syndrome,Depersonalization syndrome (SideEffect),CC BY-NC-SA 4.0,UMLS via SIDER 4.1,http://identifiers.org/umls/C0683416
C1096458,Vascular occlusion,Vascular occlusion (SideEffect),CC BY-NC-SA 4.0,UMLS via SIDER 4.1,http://identifiers.org/umls/C1096458
C0008039,Cheyne-Stokes respiration,Cheyne-Stokes respiration (SideEffect),CC BY-NC-SA 4.0,UMLS via SIDER 4.1,http://identifiers.org/umls/C0008039
C1699201,Infusion site thrombophlebitis,Infusion site thrombophlebitis (SideEffect),CC BY-NC-SA 4.0,UMLS via SIDER 4.1,http://identifiers.org/umls/C1699201
C1735864,Administration site infection,Administration site infection (SideEffect),CC BY-NC-SA 4.0,UMLS via SIDER 4.1,http://identifiers.org/umls/C1735864
C0151541,Capillary fragility increased,Capillary fragility increased (SideEffect),CC BY-NC-SA 4.0,UMLS via SIDER 4.1,http://identifiers.org/umls/C0151541
C1961112,Decompensation cardiac,Decompensation cardiac (SideEffect),CC BY-NC-SA 4.0,UMLS via SIDER 4.1,http://identifiers.org/umls/C1961112
C0031350,Pharyngitis,Pharyngitis (SideEffect),CC BY-NC-SA 4.0,UMLS via SIDER 4.1,http://identifiers.org/umls/C0031350
C0029453,Osteopenia,Osteopenia (SideEffect),CC BY-NC-SA 4.0,UMLS via SIDER 4.1,http://identifiers.org/umls/C0029453
C3248383,Logorrhoea,Logorrhoea (SideEffect),CC BY-NC-SA 4.0,UMLS via SIDER 4.1,http://identifiers.org/umls/C3248383
C0522251,Sinus pain,Sinus pain (SideEffect),CC BY-NC-SA 4.0,UMLS via SIDER 4.1,http://identifiers.org/umls/C0522251
C2945586,Bladder irritation,Bladder irritation (SideEffect),CC BY-NC-SA 4.0,UMLS via SIDER 4.1,http://identifiers.org/umls/C2945586
C0151579,Crystalluria,Crystalluria (SideEffect),CC BY-NC-SA 4.0,UMLS via SIDER 4.1,http://identifiers.org/umls/C0151579
C3495916,Myocardial hypertrophy,Myocardial hypertrophy (SideEffect),CC BY-NC-SA 4.0,UMLS via SIDER 4.1,http://identifiers.org/umls/C3495916
C0948594,Musculoskeletal discomfort,Musculoskeletal discomfort (SideEffect),CC BY-NC-SA 4.0,UMLS via SIDER 4.1,http://identifiers.org/umls/C0948594
C0853776,Blood albumin increased,Blood albumin increased (SideEffect),CC BY-NC-SA 4.0,UMLS via SIDER 4.1,http://identifiers.org/umls/C0853776
C1740832,AML progression,AML progression (SideEffect),CC BY-NC-SA 4.0,UMLS via SIDER 4.1,http://identifiers.org/umls/C1740832
C0549356,Inflicted injury,Inflicted injury (SideEffect),CC BY-NC-SA 4.0,UMLS via SIDER 4.1,http://identifiers.org/umls/C0549356
C1145628,Unspecified disorder of autonomic nervous system,Unspecified disorder of autonomic nervous system (SideEffect),CC BY-NC-SA 4.0,UMLS via SIDER 4.1,http://identifiers.org/umls/C1145628
C0220650,Brain cancer metastatic,Brain cancer metastatic (SideEffect),CC BY-NC-SA 4.0,UMLS via SIDER 4.1,http://identifiers.org/umls/C0220650
C0920184,Fundic gland polyp,Fundic gland polyp (SideEffect),CC BY-NC-SA 4.0,UMLS via SIDER 4.1,http://identifiers.org/umls/C0920184
C0740425,Taste altered,Taste altered (SideEffect),CC BY-NC-SA 4.0,UMLS via SIDER 4.1,http://identifiers.org/umls/C0740425
C0011884,Diabetic retinopathy,Diabetic retinopathy (SideEffect),CC BY-NC-SA 4.0,UMLS via SIDER 4.1,http://identifiers.org/umls/C0011884
C0334040,Extraskeletal ossification,Extraskeletal ossification (SideEffect),CC BY-NC-SA 4.0,UMLS via SIDER 4.1,http://identifiers.org/umls/C0334040
C0520888,Electrocardiogram T wave inversion,Electrocardiogram T wave inversion (SideEffect),CC BY-NC-SA 4.0,UMLS via SIDER 4.1,http://identifiers.org/umls/C0520888
C0034065,Pulmonary embolism,Pulmonary embolism (SideEffect),CC BY-NC-SA 4.0,UMLS via SIDER 4.1,http://identifiers.org/umls/C0034065
C0023510,White blood cell disorder,White blood cell disorder (SideEffect),CC BY-NC-SA 4.0,UMLS via SIDER 4.1,http://identifiers.org/umls/C0023510
C0026640,Oral neoplasm,Oral neoplasm (SideEffect),CC BY-NC-SA 4.0,UMLS via SIDER 4.1,http://identifiers.org/umls/C0026640
C0234708,Intraocular pressure increased,Intraocular pressure increased (SideEffect),CC BY-NC-SA 4.0,UMLS via SIDER 4.1,http://identifiers.org/umls/C0234708
C0023501,Leukaemoid reaction,Leukaemoid reaction (SideEffect),CC BY-NC-SA 4.0,UMLS via SIDER 4.1,http://identifiers.org/umls/C0023501
C0393847,Multifocal motor neuropathy,Multifocal motor neuropathy (SideEffect),CC BY-NC-SA 4.0,UMLS via SIDER 4.1,http://identifiers.org/umls/C0393847
C0027726,Nephrotic syndrome,Nephrotic syndrome (SideEffect),CC BY-NC-SA 4.0,UMLS via SIDER 4.1,http://identifiers.org/umls/C0027726
C0019065,Peritoneal haemorrhage,Peritoneal haemorrhage (SideEffect),CC BY-NC-SA 4.0,UMLS via SIDER 4.1,http://identifiers.org/umls/C0019065
C0036358,Schizophreniform disorder,Schizophreniform disorder (SideEffect),CC BY-NC-SA 4.0,UMLS via SIDER 4.1,http://identifiers.org/umls/C0036358
C0948257,Immunosuppressant drug level increased,Immunosuppressant drug level increased (SideEffect),CC BY-NC-SA 4.0,UMLS via SIDER 4.1,http://identifiers.org/umls/C0948257
C0679403,Vascular stenosis,Vascular stenosis (SideEffect),CC BY-NC-SA 4.0,UMLS via SIDER 4.1,http://identifiers.org/umls/C0679403
C0027059,Myocarditis,Myocarditis (SideEffect),CC BY-NC-SA 4.0,UMLS via SIDER 4.1,http://identifiers.org/umls/C0027059
C0520459,Necrotizing enterocolitis,Necrotizing enterocolitis (SideEffect),CC BY-NC-SA 4.0,UMLS via SIDER 4.1,http://identifiers.org/umls/C0520459
C0017675,Glossitis,Glossitis (SideEffect),CC BY-NC-SA 4.0,UMLS via SIDER 4.1,http://identifiers.org/umls/C0017675
C0858259,Nasal discomfort,Nasal discomfort (SideEffect),CC BY-NC-SA 4.0,UMLS via SIDER 4.1,http://identifiers.org/umls/C0858259
C0259799,Punctate keratitis,Punctate keratitis (SideEffect),CC BY-NC-SA 4.0,UMLS via SIDER 4.1,http://identifiers.org/umls/C0259799
C0863090,Allergic skin reaction,Allergic skin reaction (SideEffect),CC BY-NC-SA 4.0,UMLS via SIDER 4.1,http://identifiers.org/umls/C0863090
C3203485,Orthostatic dysregulation,Orthostatic dysregulation (SideEffect),CC BY-NC-SA 4.0,UMLS via SIDER 4.1,http://identifiers.org/umls/C3203485
C0021345,Infectious mononucleosis,Infectious mononucleosis (SideEffect),CC BY-NC-SA 4.0,UMLS via SIDER 4.1,http://identifiers.org/umls/C0021345
C0311223,Frozen shoulder,Frozen shoulder (SideEffect),CC BY-NC-SA 4.0,UMLS via SIDER 4.1,http://identifiers.org/umls/C0311223
C0853748,Blood electrolytes abnormal,Blood electrolytes abnormal (SideEffect),CC BY-NC-SA 4.0,UMLS via SIDER 4.1,http://identifiers.org/umls/C0853748
C0858581,Numbness generalized,Numbness generalized (SideEffect),CC BY-NC-SA 4.0,UMLS via SIDER 4.1,http://identifiers.org/umls/C0858581
C0265122,Pericardial disease,Pericardial disease (SideEffect),CC BY-NC-SA 4.0,UMLS via SIDER 4.1,http://identifiers.org/umls/C0265122
C0029882,Otitis media,Otitis media (SideEffect),CC BY-NC-SA 4.0,UMLS via SIDER 4.1,http://identifiers.org/umls/C0029882
C0234369,Trembling,Trembling (SideEffect),CC BY-NC-SA 4.0,UMLS via SIDER 4.1,http://identifiers.org/umls/C0234369
C0858794,Application site warmth,Application site warmth (SideEffect),CC BY-NC-SA 4.0,UMLS via SIDER 4.1,http://identifiers.org/umls/C0858794
C0429774,Residual urine volume,Residual urine volume (SideEffect),CC BY-NC-SA 4.0,UMLS via SIDER 4.1,http://identifiers.org/umls/C0429774
C0231875,Wheezing expiratory,Wheezing expiratory (SideEffect),CC BY-NC-SA 4.0,UMLS via SIDER 4.1,http://identifiers.org/umls/C0231875
C0007855,Cervical polyp,Cervical polyp (SideEffect),CC BY-NC-SA 4.0,UMLS via SIDER 4.1,http://identifiers.org/umls/C0007855
C0520837,Forced expiratory volume decreased,Forced expiratory volume decreased (SideEffect),CC BY-NC-SA 4.0,UMLS via SIDER 4.1,http://identifiers.org/umls/C0520837
C0009062,Clostridial infection,Clostridial infection (SideEffect),CC BY-NC-SA 4.0,UMLS via SIDER 4.1,http://identifiers.org/umls/C0009062
C0595928,Serum calcium increased,Serum calcium increased (SideEffect),CC BY-NC-SA 4.0,UMLS via SIDER 4.1,http://identifiers.org/umls/C0595928
C0151205,Periorbital oedema,Periorbital oedema (SideEffect),CC BY-NC-SA 4.0,UMLS via SIDER 4.1,http://identifiers.org/umls/C0151205
C0009376,Colonic polyp,Colonic polyp (SideEffect),CC BY-NC-SA 4.0,UMLS via SIDER 4.1,http://identifiers.org/umls/C0009376
C0235018,Localised numbness,Localised numbness (SideEffect),CC BY-NC-SA 4.0,UMLS via SIDER 4.1,http://identifiers.org/umls/C0235018
C0162565,Porphyria acute,Porphyria acute (SideEffect),CC BY-NC-SA 4.0,UMLS via SIDER 4.1,http://identifiers.org/umls/C0162565
C0392168,Emprosthotonus,Emprosthotonus (SideEffect),CC BY-NC-SA 4.0,UMLS via SIDER 4.1,http://identifiers.org/umls/C0392168
C1167661,Cerebral vasoconstriction,Cerebral vasoconstriction (SideEffect),CC BY-NC-SA 4.0,UMLS via SIDER 4.1,http://identifiers.org/umls/C1167661
C0221395,Erythropenia,Erythropenia (SideEffect),CC BY-NC-SA 4.0,UMLS via SIDER 4.1,http://identifiers.org/umls/C0221395
C0020581,Hyphaema,Hyphaema (SideEffect),CC BY-NC-SA 4.0,UMLS via SIDER 4.1,http://identifiers.org/umls/C0020581
C0042790,Disorder sight,Disorder sight (SideEffect),CC BY-NC-SA 4.0,UMLS via SIDER 4.1,http://identifiers.org/umls/C0042790
C0232495,Abdominal pain lower,Abdominal pain lower (SideEffect),CC BY-NC-SA 4.0,UMLS via SIDER 4.1,http://identifiers.org/umls/C0232495
C0235893,Allergy aggravated,Allergy aggravated (SideEffect),CC BY-NC-SA 4.0,UMLS via SIDER 4.1,http://identifiers.org/umls/C0235893
C0009766,Conjunctivitis allergic,Conjunctivitis allergic (SideEffect),CC BY-NC-SA 4.0,UMLS via SIDER 4.1,http://identifiers.org/umls/C0009766
C0041782,Deficiency anaemia,Deficiency anaemia (SideEffect),CC BY-NC-SA 4.0,UMLS via SIDER 4.1,http://identifiers.org/umls/C0041782
C1299624,Postural orthostatic tachycardia syndrome,Postural orthostatic tachycardia syndrome (SideEffect),CC BY-NC-SA 4.0,UMLS via SIDER 4.1,http://identifiers.org/umls/C1299624
C0948484,Anal discomfort,Anal discomfort (SideEffect),CC BY-NC-SA 4.0,UMLS via SIDER 4.1,http://identifiers.org/umls/C0948484
C0151603,Generalised oedema,Generalised oedema (SideEffect),CC BY-NC-SA 4.0,UMLS via SIDER 4.1,http://identifiers.org/umls/C0151603
C0234909,Nail changes,Nail changes (SideEffect),CC BY-NC-SA 4.0,UMLS via SIDER 4.1,http://identifiers.org/umls/C0234909
C0023531,Leukoplakia,Leukoplakia (SideEffect),CC BY-NC-SA 4.0,UMLS via SIDER 4.1,http://identifiers.org/umls/C0023531
C0235004,Head pressure,Head pressure (SideEffect),CC BY-NC-SA 4.0,UMLS via SIDER 4.1,http://identifiers.org/umls/C0235004
C0152020,Gastric atony,Gastric atony (SideEffect),CC BY-NC-SA 4.0,UMLS via SIDER 4.1,http://identifiers.org/umls/C0152020
C1306792,Red man syndrome,Red man syndrome (SideEffect),CC BY-NC-SA 4.0,UMLS via SIDER 4.1,http://identifiers.org/umls/C1306792
C0152002,Renal vasculitis,Renal vasculitis (SideEffect),CC BY-NC-SA 4.0,UMLS via SIDER 4.1,http://identifiers.org/umls/C0152002
C0151618,Embolus leg,Embolus leg (SideEffect),CC BY-NC-SA 4.0,UMLS via SIDER 4.1,http://identifiers.org/umls/C0151618
C0853008,Parkinson's disease aggravated,Parkinson's disease aggravated (SideEffect),CC BY-NC-SA 4.0,UMLS via SIDER 4.1,http://identifiers.org/umls/C0853008
C0151629,Fixed eruption,Fixed eruption (SideEffect),CC BY-NC-SA 4.0,UMLS via SIDER 4.1,http://identifiers.org/umls/C0151629
C0151661,Peripheral gangrene,Peripheral gangrene (SideEffect),CC BY-NC-SA 4.0,UMLS via SIDER 4.1,http://identifiers.org/umls/C0151661
C0003860,Arteritis,Arteritis (SideEffect),CC BY-NC-SA 4.0,UMLS via SIDER 4.1,http://identifiers.org/umls/C0003860
C0079487,Helicobacter infection,Helicobacter infection (SideEffect),CC BY-NC-SA 4.0,UMLS via SIDER 4.1,http://identifiers.org/umls/C0079487
C1306341,Mental disability,Mental disability (SideEffect),CC BY-NC-SA 4.0,UMLS via SIDER 4.1,http://identifiers.org/umls/C1306341
C0019209,Hepatomegaly,Hepatomegaly (SideEffect),CC BY-NC-SA 4.0,UMLS via SIDER 4.1,http://identifiers.org/umls/C0019209
C0520861,Venous pressure jugular increased,Venous pressure jugular increased (SideEffect),CC BY-NC-SA 4.0,UMLS via SIDER 4.1,http://identifiers.org/umls/C0520861
C0006107,Concussion,Concussion (SideEffect),CC BY-NC-SA 4.0,UMLS via SIDER 4.1,http://identifiers.org/umls/C0006107
C1384494,Metastatic carcinoma,Metastatic carcinoma (SideEffect),CC BY-NC-SA 4.0,UMLS via SIDER 4.1,http://identifiers.org/umls/C1384494
C0221155,Systolic hypertension,Systolic hypertension (SideEffect),CC BY-NC-SA 4.0,UMLS via SIDER 4.1,http://identifiers.org/umls/C0221155
C0239113,Coombs test positive,Coombs test positive (SideEffect),CC BY-NC-SA 4.0,UMLS via SIDER 4.1,http://identifiers.org/umls/C0239113
C1696685,Intentional drug misuse,Intentional drug misuse (SideEffect),CC BY-NC-SA 4.0,UMLS via SIDER 4.1,http://identifiers.org/umls/C1696685
C1504343,Acarodermatitis,Acarodermatitis (SideEffect),CC BY-NC-SA 4.0,UMLS via SIDER 4.1,http://identifiers.org/umls/C1504343
C0745153,Hypoglycaemic episode,Hypoglycaemic episode (SideEffect),CC BY-NC-SA 4.0,UMLS via SIDER 4.1,http://identifiers.org/umls/C0745153
C0233818,Judgement impaired,Judgement impaired (SideEffect),CC BY-NC-SA 4.0,UMLS via SIDER 4.1,http://identifiers.org/umls/C0233818
C0018021,Goitre,Goitre (SideEffect),CC BY-NC-SA 4.0,UMLS via SIDER 4.1,http://identifiers.org/umls/C0018021
C0853749,Blood magnesium increased,Blood magnesium increased (SideEffect),CC BY-NC-SA 4.0,UMLS via SIDER 4.1,http://identifiers.org/umls/C0853749
C0085694,Cholecystitis chronic,Cholecystitis chronic (SideEffect),CC BY-NC-SA 4.0,UMLS via SIDER 4.1,http://identifiers.org/umls/C0085694
C0234192,Feeling cold,Feeling cold (SideEffect),CC BY-NC-SA 4.0,UMLS via SIDER 4.1,http://identifiers.org/umls/C0234192
C0243065,Aplasia,Aplasia (SideEffect),CC BY-NC-SA 4.0,UMLS via SIDER 4.1,http://identifiers.org/umls/C0243065
C0042170,Vogt-Koyanagi-Harada syndrome,Vogt-Koyanagi-Harada syndrome (SideEffect),CC BY-NC-SA 4.0,UMLS via SIDER 4.1,http://identifiers.org/umls/C0042170
C1142257,Incision site pain,Incision site pain (SideEffect),CC BY-NC-SA 4.0,UMLS via SIDER 4.1,http://identifiers.org/umls/C1142257
C1527405,Erythrocytosis,Erythrocytosis (SideEffect),CC BY-NC-SA 4.0,UMLS via SIDER 4.1,http://identifiers.org/umls/C1527405
C0014356,Enterocolitis,Enterocolitis (SideEffect),CC BY-NC-SA 4.0,UMLS via SIDER 4.1,http://identifiers.org/umls/C0014356
C0877690,Renal graft loss,Renal graft loss (SideEffect),CC BY-NC-SA 4.0,UMLS via SIDER 4.1,http://identifiers.org/umls/C0877690
C1956346,Coronary artery disease,Coronary artery disease (SideEffect),CC BY-NC-SA 4.0,UMLS via SIDER 4.1,http://identifiers.org/umls/C1956346
C0272118,Warm type haemolytic anaemia,Warm type haemolytic anaemia (SideEffect),CC BY-NC-SA 4.0,UMLS via SIDER 4.1,http://identifiers.org/umls/C0272118
C3536683,Ovulation inhibited,Ovulation inhibited (SideEffect),CC BY-NC-SA 4.0,UMLS via SIDER 4.1,http://identifiers.org/umls/C3536683
C0015967,Body temperature increased,Body temperature increased (SideEffect),CC BY-NC-SA 4.0,UMLS via SIDER 4.1,http://identifiers.org/umls/C0015967
C0016842,Pectus excavatum,Pectus excavatum (SideEffect),CC BY-NC-SA 4.0,UMLS via SIDER 4.1,http://identifiers.org/umls/C0016842
C1868980,Pharmacokinetic interaction,Pharmacokinetic interaction (SideEffect),CC BY-NC-SA 4.0,UMLS via SIDER 4.1,http://identifiers.org/umls/C1868980
C0857305,Thrombocytopenic purpura,Thrombocytopenic purpura (SideEffect),CC BY-NC-SA 4.0,UMLS via SIDER 4.1,http://identifiers.org/umls/C0857305
C0522214,Visual evoked potentials abnormal,Visual evoked potentials abnormal (SideEffect),CC BY-NC-SA 4.0,UMLS via SIDER 4.1,http://identifiers.org/umls/C0522214
C0853754,Blood osmolarity increased,Blood osmolarity increased (SideEffect),CC BY-NC-SA 4.0,UMLS via SIDER 4.1,http://identifiers.org/umls/C0853754
C0541887,Discomfort rectal,Discomfort rectal (SideEffect),CC BY-NC-SA 4.0,UMLS via SIDER 4.1,http://identifiers.org/umls/C0541887
C0086565,Hepatic function abnormal,Hepatic function abnormal (SideEffect),CC BY-NC-SA 4.0,UMLS via SIDER 4.1,http://identifiers.org/umls/C0086565
C0085636,Photophobia,Photophobia (SideEffect),CC BY-NC-SA 4.0,UMLS via SIDER 4.1,http://identifiers.org/umls/C0085636
C0267158,Reflux gastritis,Reflux gastritis (SideEffect),CC BY-NC-SA 4.0,UMLS via SIDER 4.1,http://identifiers.org/umls/C0267158
C2004489,Regurgitation,Regurgitation (SideEffect),CC BY-NC-SA 4.0,UMLS via SIDER 4.1,http://identifiers.org/umls/C2004489
C0456677,Total spinal block,Total spinal block (SideEffect),CC BY-NC-SA 4.0,UMLS via SIDER 4.1,http://identifiers.org/umls/C0456677
C0027794,Neural tube defect,Neural tube defect (SideEffect),CC BY-NC-SA 4.0,UMLS via SIDER 4.1,http://identifiers.org/umls/C0027794
C0151905,Alanine aminotransferase increased,Alanine aminotransferase increased (SideEffect),CC BY-NC-SA 4.0,UMLS via SIDER 4.1,http://identifiers.org/umls/C0151905
C0919625,Blood phosphorus increased,Blood phosphorus increased (SideEffect),CC BY-NC-SA 4.0,UMLS via SIDER 4.1,http://identifiers.org/umls/C0919625
C0853800,Contrast media reaction,Contrast media reaction (SideEffect),CC BY-NC-SA 4.0,UMLS via SIDER 4.1,http://identifiers.org/umls/C0853800
C0155320,Blindness cortical,Blindness cortical (SideEffect),CC BY-NC-SA 4.0,UMLS via SIDER 4.1,http://identifiers.org/umls/C0155320
C0742965,Eosinophilic cystitis,Eosinophilic cystitis (SideEffect),CC BY-NC-SA 4.0,UMLS via SIDER 4.1,http://identifiers.org/umls/C0742965
C0857386,Nocturnal confusion,Nocturnal confusion (SideEffect),CC BY-NC-SA 4.0,UMLS via SIDER 4.1,http://identifiers.org/umls/C0857386
C0006434,Burn,Burn (SideEffect),CC BY-NC-SA 4.0,UMLS via SIDER 4.1,http://identifiers.org/umls/C0006434
C0002963,Prinzmetal angina,Prinzmetal angina (SideEffect),CC BY-NC-SA 4.0,UMLS via SIDER 4.1,http://identifiers.org/umls/C0002963
C0042487,Venous thrombosis,Venous thrombosis (SideEffect),CC BY-NC-SA 4.0,UMLS via SIDER 4.1,http://identifiers.org/umls/C0042487
C0947912,Myasthenia,Myasthenia (SideEffect),CC BY-NC-SA 4.0,UMLS via SIDER 4.1,http://identifiers.org/umls/C0947912
C0010823,Cytomegalovirus infection,Cytomegalovirus infection (SideEffect),CC BY-NC-SA 4.0,UMLS via SIDER 4.1,http://identifiers.org/umls/C0010823
C1096262,Escherichia bacteraemia,Escherichia bacteraemia (SideEffect),CC BY-NC-SA 4.0,UMLS via SIDER 4.1,http://identifiers.org/umls/C1096262
C0858970,Carcinogenicity,Carcinogenicity (SideEffect),CC BY-NC-SA 4.0,UMLS via SIDER 4.1,http://identifiers.org/umls/C0858970
C3495950,Cochlear toxicity,Cochlear toxicity (SideEffect),CC BY-NC-SA 4.0,UMLS via SIDER 4.1,http://identifiers.org/umls/C3495950
C0233514,Abnormal behaviour,Abnormal behaviour (SideEffect),CC BY-NC-SA 4.0,UMLS via SIDER 4.1,http://identifiers.org/umls/C0233514
C0151517,Atrioventricular block complete,Atrioventricular block complete (SideEffect),CC BY-NC-SA 4.0,UMLS via SIDER 4.1,http://identifiers.org/umls/C0151517
C0018843,Heat stroke,Heat stroke (SideEffect),CC BY-NC-SA 4.0,UMLS via SIDER 4.1,http://identifiers.org/umls/C0018843
C0033036,Supraventricular extrasystoles,Supraventricular extrasystoles (SideEffect),CC BY-NC-SA 4.0,UMLS via SIDER 4.1,http://identifiers.org/umls/C0033036
C0520587,Vulvovaginal discomfort,Vulvovaginal discomfort (SideEffect),CC BY-NC-SA 4.0,UMLS via SIDER 4.1,http://identifiers.org/umls/C0520587
C0085684,Footdrop,Footdrop (SideEffect),CC BY-NC-SA 4.0,UMLS via SIDER 4.1,http://identifiers.org/umls/C0085684
C0221269,Pseudolymphoma,Pseudolymphoma (SideEffect),CC BY-NC-SA 4.0,UMLS via SIDER 4.1,http://identifiers.org/umls/C0221269
C0243001,Abdominal abscess,Abdominal abscess (SideEffect),CC BY-NC-SA 4.0,UMLS via SIDER 4.1,http://identifiers.org/umls/C0243001
C1535893,Orthostatic intolerance,Orthostatic intolerance (SideEffect),CC BY-NC-SA 4.0,UMLS via SIDER 4.1,http://identifiers.org/umls/C1535893
C0149516,Chronic sinusitis,Chronic sinusitis (SideEffect),CC BY-NC-SA 4.0,UMLS via SIDER 4.1,http://identifiers.org/umls/C0149516
C0024236,Lymphoedema,Lymphoedema (SideEffect),CC BY-NC-SA 4.0,UMLS via SIDER 4.1,http://identifiers.org/umls/C0024236
C0701810,Long-term memory loss,Long-term memory loss (SideEffect),CC BY-NC-SA 4.0,UMLS via SIDER 4.1,http://identifiers.org/umls/C0701810
C0031538,Tight foreskin,Tight foreskin (SideEffect),CC BY-NC-SA 4.0,UMLS via SIDER 4.1,http://identifiers.org/umls/C0031538
C0021775,Intermittent claudication,Intermittent claudication (SideEffect),CC BY-NC-SA 4.0,UMLS via SIDER 4.1,http://identifiers.org/umls/C0021775
C0013378,Dysgeusia,Dysgeusia (SideEffect),CC BY-NC-SA 4.0,UMLS via SIDER 4.1,http://identifiers.org/umls/C0013378
C0151577,Creatinine renal clearance decreased,Creatinine renal clearance decreased (SideEffect),CC BY-NC-SA 4.0,UMLS via SIDER 4.1,http://identifiers.org/umls/C0151577
C0233973,Painful erection,Painful erection (SideEffect),CC BY-NC-SA 4.0,UMLS via SIDER 4.1,http://identifiers.org/umls/C0233973
C0151489,Arterial anomaly,Arterial anomaly (SideEffect),CC BY-NC-SA 4.0,UMLS via SIDER 4.1,http://identifiers.org/umls/C0151489
C0029574,Other dermatoses,Other dermatoses (SideEffect),CC BY-NC-SA 4.0,UMLS via SIDER 4.1,http://identifiers.org/umls/C0029574
C0235453,Steroid withdrawal syndrome,Steroid withdrawal syndrome (SideEffect),CC BY-NC-SA 4.0,UMLS via SIDER 4.1,http://identifiers.org/umls/C0235453
C0205204,Scab,Scab (SideEffect),CC BY-NC-SA 4.0,UMLS via SIDER 4.1,http://identifiers.org/umls/C0205204
C0741453,Bedridden,Bedridden (SideEffect),CC BY-NC-SA 4.0,UMLS via SIDER 4.1,http://identifiers.org/umls/C0741453
C0032529,Genetic polymorphism,Genetic polymorphism (SideEffect),CC BY-NC-SA 4.0,UMLS via SIDER 4.1,http://identifiers.org/umls/C0032529
C0242979,Muscle fatigue,Muscle fatigue (SideEffect),CC BY-NC-SA 4.0,UMLS via SIDER 4.1,http://identifiers.org/umls/C0242979
C0267166,Gastroduodenitis,Gastroduodenitis (SideEffect),CC BY-NC-SA 4.0,UMLS via SIDER 4.1,http://identifiers.org/umls/C0267166
C0919715,Lupus-like syndrome,Lupus-like syndrome (SideEffect),CC BY-NC-SA 4.0,UMLS via SIDER 4.1,http://identifiers.org/umls/C0919715
C0458219,Complex regional pain syndrome,Complex regional pain syndrome (SideEffect),CC BY-NC-SA 4.0,UMLS via SIDER 4.1,http://identifiers.org/umls/C0458219
C0857236,Rash both legs,Rash both legs (SideEffect),CC BY-NC-SA 4.0,UMLS via SIDER 4.1,http://identifiers.org/umls/C0857236
C0852885,Bucking,Bucking (SideEffect),CC BY-NC-SA 4.0,UMLS via SIDER 4.1,http://identifiers.org/umls/C0852885
C0853662,Oestrogen deficiency,Oestrogen deficiency (SideEffect),CC BY-NC-SA 4.0,UMLS via SIDER 4.1,http://identifiers.org/umls/C0853662
C0519063,Pulmonary lymphoma,Pulmonary lymphoma (SideEffect),CC BY-NC-SA 4.0,UMLS via SIDER 4.1,http://identifiers.org/umls/C0519063
C1527336,Sjogren's syndrome,Sjogren's syndrome (SideEffect),CC BY-NC-SA 4.0,UMLS via SIDER 4.1,http://identifiers.org/umls/C1527336
C0034194,Pyloric stenosis,Pyloric stenosis (SideEffect),CC BY-NC-SA 4.0,UMLS via SIDER 4.1,http://identifiers.org/umls/C0034194
C0178282,Abdominal hernia,Abdominal hernia (SideEffect),CC BY-NC-SA 4.0,UMLS via SIDER 4.1,http://identifiers.org/umls/C0178282
C0151613,Electrolyte abnormality,Electrolyte abnormality (SideEffect),CC BY-NC-SA 4.0,UMLS via SIDER 4.1,http://identifiers.org/umls/C0151613
C0392620,Alcohol poisoning,Alcohol poisoning (SideEffect),CC BY-NC-SA 4.0,UMLS via SIDER 4.1,http://identifiers.org/umls/C0392620
C0042024,Urinary incontinence,Urinary incontinence (SideEffect),CC BY-NC-SA 4.0,UMLS via SIDER 4.1,http://identifiers.org/umls/C0042024
C0039496,Temporomandibular joint syndrome,Temporomandibular joint syndrome (SideEffect),CC BY-NC-SA 4.0,UMLS via SIDER 4.1,http://identifiers.org/umls/C0039496
C0919662,Menstrual cycle prolonged,Menstrual cycle prolonged (SideEffect),CC BY-NC-SA 4.0,UMLS via SIDER 4.1,http://identifiers.org/umls/C0919662
C0235756,Semen abnormal,Semen abnormal (SideEffect),CC BY-NC-SA 4.0,UMLS via SIDER 4.1,http://identifiers.org/umls/C0235756
C0267953,Pancreatic necrosis,Pancreatic necrosis (SideEffect),CC BY-NC-SA 4.0,UMLS via SIDER 4.1,http://identifiers.org/umls/C0267953
C0020175,Hunger,Hunger (SideEffect),CC BY-NC-SA 4.0,UMLS via SIDER 4.1,http://identifiers.org/umls/C0020175
C0235339,Mouth irritation,Mouth irritation (SideEffect),CC BY-NC-SA 4.0,UMLS via SIDER 4.1,http://identifiers.org/umls/C0235339
C0039446,Telangiectasia,Telangiectasia (SideEffect),CC BY-NC-SA 4.0,UMLS via SIDER 4.1,http://identifiers.org/umls/C0039446
C0029927,Ovarian cyst,Ovarian cyst (SideEffect),CC BY-NC-SA 4.0,UMLS via SIDER 4.1,http://identifiers.org/umls/C0029927
C3495797,Peripheral artery stenosis,Peripheral artery stenosis (SideEffect),CC BY-NC-SA 4.0,UMLS via SIDER 4.1,http://identifiers.org/umls/C3495797
C0019193,Hepatitis toxic,Hepatitis toxic (SideEffect),CC BY-NC-SA 4.0,UMLS via SIDER 4.1,http://identifiers.org/umls/C0019193
C0277899,Pulse absent,Pulse absent (SideEffect),CC BY-NC-SA 4.0,UMLS via SIDER 4.1,http://identifiers.org/umls/C0277899
C0006266,Bronchospasm,Bronchospasm (SideEffect),CC BY-NC-SA 4.0,UMLS via SIDER 4.1,http://identifiers.org/umls/C0006266
C0149512,Acute sinusitis,Acute sinusitis (SideEffect),CC BY-NC-SA 4.0,UMLS via SIDER 4.1,http://identifiers.org/umls/C0149512
C0221201,Rash macular,Rash macular (SideEffect),CC BY-NC-SA 4.0,UMLS via SIDER 4.1,http://identifiers.org/umls/C0221201
C0376545,Haematological malignancy,Haematological malignancy (SideEffect),CC BY-NC-SA 4.0,UMLS via SIDER 4.1,http://identifiers.org/umls/C0376545
C0238154,Epidural haemorrhage,Epidural haemorrhage (SideEffect),CC BY-NC-SA 4.0,UMLS via SIDER 4.1,http://identifiers.org/umls/C0238154
C0278080,Dependence physiological,Dependence physiological (SideEffect),CC BY-NC-SA 4.0,UMLS via SIDER 4.1,http://identifiers.org/umls/C0278080
C0555358,Morbid thoughts,Morbid thoughts (SideEffect),CC BY-NC-SA 4.0,UMLS via SIDER 4.1,http://identifiers.org/umls/C0555358
C0178421,Fibroadenoma of breast,Fibroadenoma of breast (SideEffect),CC BY-NC-SA 4.0,UMLS via SIDER 4.1,http://identifiers.org/umls/C0178421
C0270458,Psychotic depression,Psychotic depression (SideEffect),CC BY-NC-SA 4.0,UMLS via SIDER 4.1,http://identifiers.org/umls/C0270458
C3241958,Myocardial disorder,Myocardial disorder (SideEffect),CC BY-NC-SA 4.0,UMLS via SIDER 4.1,http://identifiers.org/umls/C3241958
C0341505,Chemical peritonitis,Chemical peritonitis (SideEffect),CC BY-NC-SA 4.0,UMLS via SIDER 4.1,http://identifiers.org/umls/C0341505
C0730362,Maculopathy,Maculopathy (SideEffect),CC BY-NC-SA 4.0,UMLS via SIDER 4.1,http://identifiers.org/umls/C0730362
C0035235,Respiratory syncytial virus infection,Respiratory syncytial virus infection (SideEffect),CC BY-NC-SA 4.0,UMLS via SIDER 4.1,http://identifiers.org/umls/C0035235
C0221032,Congenital generalised lipodystrophy,Congenital generalised lipodystrophy (SideEffect),CC BY-NC-SA 4.0,UMLS via SIDER 4.1,http://identifiers.org/umls/C0221032
C0085692,Cystitis haemorrhagic,Cystitis haemorrhagic (SideEffect),CC BY-NC-SA 4.0,UMLS via SIDER 4.1,http://identifiers.org/umls/C0085692
C0236082,Vaginal pain,Vaginal pain (SideEffect),CC BY-NC-SA 4.0,UMLS via SIDER 4.1,http://identifiers.org/umls/C0236082
C0919572,Agitation postoperative,Agitation postoperative (SideEffect),CC BY-NC-SA 4.0,UMLS via SIDER 4.1,http://identifiers.org/umls/C0919572
C0235296,Epigastric pain not food-related,Epigastric pain not food-related (SideEffect),CC BY-NC-SA 4.0,UMLS via SIDER 4.1,http://identifiers.org/umls/C0235296
C1444680,Posterior capsule opacification,Posterior capsule opacification (SideEffect),CC BY-NC-SA 4.0,UMLS via SIDER 4.1,http://identifiers.org/umls/C1444680
C0011334,Dental caries,Dental caries (SideEffect),CC BY-NC-SA 4.0,UMLS via SIDER 4.1,http://identifiers.org/umls/C0011334
C0041956,Ureteric obstruction,Ureteric obstruction (SideEffect),CC BY-NC-SA 4.0,UMLS via SIDER 4.1,http://identifiers.org/umls/C0041956
C0032708,Porphyrin metabolism disorder,Porphyrin metabolism disorder (SideEffect),CC BY-NC-SA 4.0,UMLS via SIDER 4.1,http://identifiers.org/umls/C0032708
C0003834,Arterial insufficiency,Arterial insufficiency (SideEffect),CC BY-NC-SA 4.0,UMLS via SIDER 4.1,http://identifiers.org/umls/C0003834
C0030552,Paresis,Paresis (SideEffect),CC BY-NC-SA 4.0,UMLS via SIDER 4.1,http://identifiers.org/umls/C0030552
C0948733,Abdominal spasm,Abdominal spasm (SideEffect),CC BY-NC-SA 4.0,UMLS via SIDER 4.1,http://identifiers.org/umls/C0948733
C0232292,Chest tightness,Chest tightness (SideEffect),CC BY-NC-SA 4.0,UMLS via SIDER 4.1,http://identifiers.org/umls/C0232292
C0013528,Echolalia,Echolalia (SideEffect),CC BY-NC-SA 4.0,UMLS via SIDER 4.1,http://identifiers.org/umls/C0013528
C0347197,Oral neoplasm benign,Oral neoplasm benign (SideEffect),CC BY-NC-SA 4.0,UMLS via SIDER 4.1,http://identifiers.org/umls/C0347197
C0026718,Mucormycosis,Mucormycosis (SideEffect),CC BY-NC-SA 4.0,UMLS via SIDER 4.1,http://identifiers.org/umls/C0026718
C0010037,Corneal oedema,Corneal oedema (SideEffect),CC BY-NC-SA 4.0,UMLS via SIDER 4.1,http://identifiers.org/umls/C0010037
C0007102,Colon cancer,Colon cancer (SideEffect),CC BY-NC-SA 4.0,UMLS via SIDER 4.1,http://identifiers.org/umls/C0007102
C0877144,Spontaneous penile erection,Spontaneous penile erection (SideEffect),CC BY-NC-SA 4.0,UMLS via SIDER 4.1,http://identifiers.org/umls/C0877144
C0021313,Kidney infection,Kidney infection (SideEffect),CC BY-NC-SA 4.0,UMLS via SIDER 4.1,http://identifiers.org/umls/C0021313
C0423282,Anterior chamber cell,Anterior chamber cell (SideEffect),CC BY-NC-SA 4.0,UMLS via SIDER 4.1,http://identifiers.org/umls/C0423282
C0017636,Glioblastoma,Glioblastoma (SideEffect),CC BY-NC-SA 4.0,UMLS via SIDER 4.1,http://identifiers.org/umls/C0017636
C0423172,Dacryocanaliculitis,Dacryocanaliculitis (SideEffect),CC BY-NC-SA 4.0,UMLS via SIDER 4.1,http://identifiers.org/umls/C0423172
C0853203,Smear cervix normal,Smear cervix normal (SideEffect),CC BY-NC-SA 4.0,UMLS via SIDER 4.1,http://identifiers.org/umls/C0853203
C0239234,Low set ears,Low set ears (SideEffect),CC BY-NC-SA 4.0,UMLS via SIDER 4.1,http://identifiers.org/umls/C0239234
C0340952,Secondary anemia,Secondary anemia (SideEffect),CC BY-NC-SA 4.0,UMLS via SIDER 4.1,http://identifiers.org/umls/C0340952
C1262005,Ischaemic cerebral infarction,Ischaemic cerebral infarction (SideEffect),CC BY-NC-SA 4.0,UMLS via SIDER 4.1,http://identifiers.org/umls/C1262005
C0014179,Endometritis,Endometritis (SideEffect),CC BY-NC-SA 4.0,UMLS via SIDER 4.1,http://identifiers.org/umls/C0014179
C0086769,Panic attack,Panic attack (SideEffect),CC BY-NC-SA 4.0,UMLS via SIDER 4.1,http://identifiers.org/umls/C0086769
C0344375,Stomach cramps,Stomach cramps (SideEffect),CC BY-NC-SA 4.0,UMLS via SIDER 4.1,http://identifiers.org/umls/C0344375
C0007166,Cardiac output decreased,Cardiac output decreased (SideEffect),CC BY-NC-SA 4.0,UMLS via SIDER 4.1,http://identifiers.org/umls/C0007166
C0042063,Congenital genitourinary abnormality,Congenital genitourinary abnormality (SideEffect),CC BY-NC-SA 4.0,UMLS via SIDER 4.1,http://identifiers.org/umls/C0042063
C0333650,Fat atrophy,Fat atrophy (SideEffect),CC BY-NC-SA 4.0,UMLS via SIDER 4.1,http://identifiers.org/umls/C0333650
C0015930,Foetal distress syndrome,Foetal distress syndrome (SideEffect),CC BY-NC-SA 4.0,UMLS via SIDER 4.1,http://identifiers.org/umls/C0015930
C0085166,Vaginitis bacterial,Vaginitis bacterial (SideEffect),CC BY-NC-SA 4.0,UMLS via SIDER 4.1,http://identifiers.org/umls/C0085166
C0410158,Muscle damage,Muscle damage (SideEffect),CC BY-NC-SA 4.0,UMLS via SIDER 4.1,http://identifiers.org/umls/C0410158
C0235287,Dysosmia,Dysosmia (SideEffect),CC BY-NC-SA 4.0,UMLS via SIDER 4.1,http://identifiers.org/umls/C0235287
C0281361,Adenocarcinoma pancreas,Adenocarcinoma pancreas (SideEffect),CC BY-NC-SA 4.0,UMLS via SIDER 4.1,http://identifiers.org/umls/C0281361
C0032320,Pneumoperitoneum,Pneumoperitoneum (SideEffect),CC BY-NC-SA 4.0,UMLS via SIDER 4.1,http://identifiers.org/umls/C0032320
C0877009,Muscle fibrosis,Muscle fibrosis (SideEffect),CC BY-NC-SA 4.0,UMLS via SIDER 4.1,http://identifiers.org/umls/C0877009
C1608953,Intestinal diaphragm disease,Intestinal diaphragm disease (SideEffect),CC BY-NC-SA 4.0,UMLS via SIDER 4.1,http://identifiers.org/umls/C1608953
C0920195,Aphakic cystoid macular oedema,Aphakic cystoid macular oedema (SideEffect),CC BY-NC-SA 4.0,UMLS via SIDER 4.1,http://identifiers.org/umls/C0920195
C0016382,Flushing,Flushing (SideEffect),CC BY-NC-SA 4.0,UMLS via SIDER 4.1,http://identifiers.org/umls/C0016382
C0041912,Upper respiratory tract infection,Upper respiratory tract infection (SideEffect),CC BY-NC-SA 4.0,UMLS via SIDER 4.1,http://identifiers.org/umls/C0041912
C0401013,Fungal peritonitis,Fungal peritonitis (SideEffect),CC BY-NC-SA 4.0,UMLS via SIDER 4.1,http://identifiers.org/umls/C0401013
C0028817,Ochronosis,Ochronosis (SideEffect),CC BY-NC-SA 4.0,UMLS via SIDER 4.1,http://identifiers.org/umls/C0028817
C0238796,Bone marrow granuloma,Bone marrow granuloma (SideEffect),CC BY-NC-SA 4.0,UMLS via SIDER 4.1,http://identifiers.org/umls/C0238796
C0577628,Latex allergy,Latex allergy (SideEffect),CC BY-NC-SA 4.0,UMLS via SIDER 4.1,http://identifiers.org/umls/C0577628
C0853026,Porphyria non-acute,Porphyria non-acute (SideEffect),CC BY-NC-SA 4.0,UMLS via SIDER 4.1,http://identifiers.org/umls/C0853026
C0853013,Diverticular perforation,Diverticular perforation (SideEffect),CC BY-NC-SA 4.0,UMLS via SIDER 4.1,http://identifiers.org/umls/C0853013
C0856677,Accelerated hair loss,Accelerated hair loss (SideEffect),CC BY-NC-SA 4.0,UMLS via SIDER 4.1,http://identifiers.org/umls/C0856677
C0423234,Punctate epithelial erosion,Punctate epithelial erosion (SideEffect),CC BY-NC-SA 4.0,UMLS via SIDER 4.1,http://identifiers.org/umls/C0423234
C0041408,Turner's syndrome,Turner's syndrome (SideEffect),CC BY-NC-SA 4.0,UMLS via SIDER 4.1,http://identifiers.org/umls/C0041408
C2973725,Pulmonary arterial hypertension,Pulmonary arterial hypertension (SideEffect),CC BY-NC-SA 4.0,UMLS via SIDER 4.1,http://identifiers.org/umls/C2973725
C0549209,Feeling jittery,Feeling jittery (SideEffect),CC BY-NC-SA 4.0,UMLS via SIDER 4.1,http://identifiers.org/umls/C0549209
C0085688,Breast engorgement,Breast engorgement (SideEffect),CC BY-NC-SA 4.0,UMLS via SIDER 4.1,http://identifiers.org/umls/C0085688
C0858667,Urinary protein increased,Urinary protein increased (SideEffect),CC BY-NC-SA 4.0,UMLS via SIDER 4.1,http://identifiers.org/umls/C0858667
C1167945,Infusion site rash,Infusion site rash (SideEffect),CC BY-NC-SA 4.0,UMLS via SIDER 4.1,http://identifiers.org/umls/C1167945
C0042035,Micturition disorder,Micturition disorder (SideEffect),CC BY-NC-SA 4.0,UMLS via SIDER 4.1,http://identifiers.org/umls/C0042035
C1535939,Pneumocystis jirovecii pneumonia,Pneumocystis jirovecii pneumonia (SideEffect),CC BY-NC-SA 4.0,UMLS via SIDER 4.1,http://identifiers.org/umls/C1535939
C0858950,Mental aberration,Mental aberration (SideEffect),CC BY-NC-SA 4.0,UMLS via SIDER 4.1,http://identifiers.org/umls/C0858950
C0150077,Skin breakdown,Skin breakdown (SideEffect),CC BY-NC-SA 4.0,UMLS via SIDER 4.1,http://identifiers.org/umls/C0150077
C0016034,Fibrocystic breast disease,Fibrocystic breast disease (SideEffect),CC BY-NC-SA 4.0,UMLS via SIDER 4.1,http://identifiers.org/umls/C0016034
C0920114,Urinary sediment abnormal,Urinary sediment abnormal (SideEffect),CC BY-NC-SA 4.0,UMLS via SIDER 4.1,http://identifiers.org/umls/C0920114
C0241633,Vaginal dryness,Vaginal dryness (SideEffect),CC BY-NC-SA 4.0,UMLS via SIDER 4.1,http://identifiers.org/umls/C0241633
C0014868,Oesophagitis,Oesophagitis (SideEffect),CC BY-NC-SA 4.0,UMLS via SIDER 4.1,http://identifiers.org/umls/C0014868
C0232487,Abdominal discomfort,Abdominal discomfort (SideEffect),CC BY-NC-SA 4.0,UMLS via SIDER 4.1,http://identifiers.org/umls/C0232487
C1142524,Asymptomatic hyperlactatemia,Asymptomatic hyperlactatemia (SideEffect),CC BY-NC-SA 4.0,UMLS via SIDER 4.1,http://identifiers.org/umls/C1142524
C0342405,Pituitary infarction,Pituitary infarction (SideEffect),CC BY-NC-SA 4.0,UMLS via SIDER 4.1,http://identifiers.org/umls/C0342405
C0232849,Bladder pain,Bladder pain (SideEffect),CC BY-NC-SA 4.0,UMLS via SIDER 4.1,http://identifiers.org/umls/C0232849
C0455880,Poor urinary stream,Poor urinary stream (SideEffect),CC BY-NC-SA 4.0,UMLS via SIDER 4.1,http://identifiers.org/umls/C0455880
C0002928,Spinal anaesthesia,Spinal anaesthesia (SideEffect),CC BY-NC-SA 4.0,UMLS via SIDER 4.1,http://identifiers.org/umls/C0002928
C0011603,Dermatitis,Dermatitis (SideEffect),CC BY-NC-SA 4.0,UMLS via SIDER 4.1,http://identifiers.org/umls/C0011603
C0000735,Abdominal neoplasm,Abdominal neoplasm (SideEffect),CC BY-NC-SA 4.0,UMLS via SIDER 4.1,http://identifiers.org/umls/C0000735
C0021655,Insulin resistance,Insulin resistance (SideEffect),CC BY-NC-SA 4.0,UMLS via SIDER 4.1,http://identifiers.org/umls/C0021655
C1142117,Adnexa uteri pain,Adnexa uteri pain (SideEffect),CC BY-NC-SA 4.0,UMLS via SIDER 4.1,http://identifiers.org/umls/C1142117
C0853760,Blood potassium increased,Blood potassium increased (SideEffect),CC BY-NC-SA 4.0,UMLS via SIDER 4.1,http://identifiers.org/umls/C0853760
C0036980,Cardiogenic shock,Cardiogenic shock (SideEffect),CC BY-NC-SA 4.0,UMLS via SIDER 4.1,http://identifiers.org/umls/C0036980
C0455769,Energy increased,Energy increased (SideEffect),CC BY-NC-SA 4.0,UMLS via SIDER 4.1,http://identifiers.org/umls/C0455769
C2939420,Metastatic disease,Metastatic disease (SideEffect),CC BY-NC-SA 4.0,UMLS via SIDER 4.1,http://identifiers.org/umls/C2939420
C0853879,Breast cancer invasive NOS,Breast cancer invasive NOS (SideEffect),CC BY-NC-SA 4.0,UMLS via SIDER 4.1,http://identifiers.org/umls/C0853879
C0235884,Gastric perforation,Gastric perforation (SideEffect),CC BY-NC-SA 4.0,UMLS via SIDER 4.1,http://identifiers.org/umls/C0235884
C0042131,Uterine disorder,Uterine disorder (SideEffect),CC BY-NC-SA 4.0,UMLS via SIDER 4.1,http://identifiers.org/umls/C0042131
C0848383,Eye ulcer,Eye ulcer (SideEffect),CC BY-NC-SA 4.0,UMLS via SIDER 4.1,http://identifiers.org/umls/C0848383
C0017601,Glaucoma,Glaucoma (SideEffect),CC BY-NC-SA 4.0,UMLS via SIDER 4.1,http://identifiers.org/umls/C0017601
C0234894,Dermatitis acneiform,Dermatitis acneiform (SideEffect),CC BY-NC-SA 4.0,UMLS via SIDER 4.1,http://identifiers.org/umls/C0234894
C0423006,Eye discharge,Eye discharge (SideEffect),CC BY-NC-SA 4.0,UMLS via SIDER 4.1,http://identifiers.org/umls/C0423006
C0154933,Iris adhesions,Iris adhesions (SideEffect),CC BY-NC-SA 4.0,UMLS via SIDER 4.1,http://identifiers.org/umls/C0154933
C0856133,Back pain aggravated,Back pain aggravated (SideEffect),CC BY-NC-SA 4.0,UMLS via SIDER 4.1,http://identifiers.org/umls/C0856133
C0920163,Idiopathic thrombocytopenia,Idiopathic thrombocytopenia (SideEffect),CC BY-NC-SA 4.0,UMLS via SIDER 4.1,http://identifiers.org/umls/C0920163
C0520904,Nausea postoperative,Nausea postoperative (SideEffect),CC BY-NC-SA 4.0,UMLS via SIDER 4.1,http://identifiers.org/umls/C0520904
C0040188,Tic,Tic (SideEffect),CC BY-NC-SA 4.0,UMLS via SIDER 4.1,http://identifiers.org/umls/C0040188
C0562057,Burning in throat,Burning in throat (SideEffect),CC BY-NC-SA 4.0,UMLS via SIDER 4.1,http://identifiers.org/umls/C0562057
C0024137,Cutaneous lupus erythematosus,Cutaneous lupus erythematosus (SideEffect),CC BY-NC-SA 4.0,UMLS via SIDER 4.1,http://identifiers.org/umls/C0024137
C0206178,Cytomegalovirus retinitis,Cytomegalovirus retinitis (SideEffect),CC BY-NC-SA 4.0,UMLS via SIDER 4.1,http://identifiers.org/umls/C0206178
C0151717,Skin hypertrophy,Skin hypertrophy (SideEffect),CC BY-NC-SA 4.0,UMLS via SIDER 4.1,http://identifiers.org/umls/C0151717
C0855977,Carotene decreased,Carotene decreased (SideEffect),CC BY-NC-SA 4.0,UMLS via SIDER 4.1,http://identifiers.org/umls/C0855977
C0009759,Conjunctival disorder,Conjunctival disorder (SideEffect),CC BY-NC-SA 4.0,UMLS via SIDER 4.1,http://identifiers.org/umls/C0009759
C0877134,Hernia pain,Hernia pain (SideEffect),CC BY-NC-SA 4.0,UMLS via SIDER 4.1,http://identifiers.org/umls/C0877134
C0151705,Retroperitoneal haemorrhage,Retroperitoneal haemorrhage (SideEffect),CC BY-NC-SA 4.0,UMLS via SIDER 4.1,http://identifiers.org/umls/C0151705
C0004936,Mental disorder,Mental disorder (SideEffect),CC BY-NC-SA 4.0,UMLS via SIDER 4.1,http://identifiers.org/umls/C0004936
C0012359,Distention,Distention (SideEffect),CC BY-NC-SA 4.0,UMLS via SIDER 4.1,http://identifiers.org/umls/C0012359
C0549609,Dysfunction adrenal,Dysfunction adrenal (SideEffect),CC BY-NC-SA 4.0,UMLS via SIDER 4.1,http://identifiers.org/umls/C0549609
C0234943,Application site anaesthesia,Application site anaesthesia (SideEffect),CC BY-NC-SA 4.0,UMLS via SIDER 4.1,http://identifiers.org/umls/C0234943
C0040997,Trigeminal neuralgia,Trigeminal neuralgia (SideEffect),CC BY-NC-SA 4.0,UMLS via SIDER 4.1,http://identifiers.org/umls/C0040997
C0238201,Iodism,Iodism (SideEffect),CC BY-NC-SA 4.0,UMLS via SIDER 4.1,http://identifiers.org/umls/C0238201
C0151838,Circumoral paresthesia,Circumoral paresthesia (SideEffect),CC BY-NC-SA 4.0,UMLS via SIDER 4.1,http://identifiers.org/umls/C0151838
C0027339,Nail disorder,Nail disorder (SideEffect),CC BY-NC-SA 4.0,UMLS via SIDER 4.1,http://identifiers.org/umls/C0027339
C0036203,Cutaneous sarcoidosis,Cutaneous sarcoidosis (SideEffect),CC BY-NC-SA 4.0,UMLS via SIDER 4.1,http://identifiers.org/umls/C0036203
C0015923,Foetal alcohol syndrome,Foetal alcohol syndrome (SideEffect),CC BY-NC-SA 4.0,UMLS via SIDER 4.1,http://identifiers.org/umls/C0015923
C0412784,Analgesic therapy,Analgesic therapy (SideEffect),CC BY-NC-SA 4.0,UMLS via SIDER 4.1,http://identifiers.org/umls/C0412784
C0239233,Early satiety,Early satiety (SideEffect),CC BY-NC-SA 4.0,UMLS via SIDER 4.1,http://identifiers.org/umls/C0239233
C0919569,Airway complication of anaesthesia,Airway complication of anaesthesia (SideEffect),CC BY-NC-SA 4.0,UMLS via SIDER 4.1,http://identifiers.org/umls/C0919569
C0025568,Metaplasia,Metaplasia (SideEffect),CC BY-NC-SA 4.0,UMLS via SIDER 4.1,http://identifiers.org/umls/C0025568
C0410918,Tachycardia foetal,Tachycardia foetal (SideEffect),CC BY-NC-SA 4.0,UMLS via SIDER 4.1,http://identifiers.org/umls/C0410918
C0151490,Congenital central nervous system anomaly,Congenital central nervous system anomaly (SideEffect),CC BY-NC-SA 4.0,UMLS via SIDER 4.1,http://identifiers.org/umls/C0151490
C0919567,Uterine contractions during pregnancy,Uterine contractions during pregnancy (SideEffect),CC BY-NC-SA 4.0,UMLS via SIDER 4.1,http://identifiers.org/umls/C0919567
C0085584,Encephalopathy,Encephalopathy (SideEffect),CC BY-NC-SA 4.0,UMLS via SIDER 4.1,http://identifiers.org/umls/C0085584
C0747979,Increased prolactin level,Increased prolactin level (SideEffect),CC BY-NC-SA 4.0,UMLS via SIDER 4.1,http://identifiers.org/umls/C0747979
