source_id,target_id,license,source,unbiased
DOID:14268,UBERON:0002110,CC0 1.0,MEDLINE cooccurrence,False
DOID:14221,UBERON:0001980,CC0 1.0,MEDLINE cooccurrence,False
DOID:11934,UBERON:0001760,CC0 1.0,MEDLINE cooccurrence,False
DOID:1115,UBERON:0002360,CC0 1.0,MEDLINE cooccurrence,False
DOID:9074,UBERON:0002389,CC0 1.0,MEDLINE cooccurrence,False
DOID:635,UBERON:0000178,CC0 1.0,MEDLINE cooccurrence,False
DOID:6364,UBERON:0000955,CC0 1.0,MEDLINE cooccurrence,False
DOID:1324,UBERON:0000977,CC0 1.0,MEDLINE cooccurrence,False
DOID:10941,UBERON:0002286,CC0 1.0,MEDLINE cooccurrence,False
DOID:5041,UBERON:0002040,CC0 1.0,MEDLINE cooccurrence,False
DOID:3565,UBERON:0001646,CC0 1.0,MEDLINE cooccurrence,False
DOID:5408,UBERON:0001679,CC0 1.0,MEDLINE cooccurrence,False
DOID:4362,UBERON:0000997,CC0 1.0,MEDLINE cooccurrence,False
DOID:5419,UBERON:0001893,CC0 1.0,MEDLINE cooccurrence,False
DOID:9352,UBERON:0002103,CC0 1.0,MEDLINE cooccurrence,False
DOID:184,UBERON:0000026,CC0 1.0,MEDLINE cooccurrence,False
DOID:2994,UBERON:0001003,CC0 1.0,MEDLINE cooccurrence,False
DOID:10941,UBERON:0001532,CC0 1.0,MEDLINE cooccurrence,False
DOID:184,UBERON:0004452,CC0 1.0,MEDLINE cooccurrence,False
DOID:4481,UBERON:0002410,CC0 1.0,MEDLINE cooccurrence,False
DOID:11934,UBERON:0001649,CC0 1.0,MEDLINE cooccurrence,False
DOID:2998,UBERON:0001072,CC0 1.0,MEDLINE cooccurrence,False
DOID:11239,UBERON:0000992,CC0 1.0,MEDLINE cooccurrence,False
DOID:119,UBERON:0000949,CC0 1.0,MEDLINE cooccurrence,False
DOID:2994,UBERON:0001579,CC0 1.0,MEDLINE cooccurrence,False
DOID:12365,UBERON:0000178,CC0 1.0,MEDLINE cooccurrence,False
DOID:2994,UBERON:0002439,CC0 1.0,MEDLINE cooccurrence,False
DOID:1826,UBERON:0002606,CC0 1.0,MEDLINE cooccurrence,False
DOID:1936,UBERON:0002066,CC0 1.0,MEDLINE cooccurrence,False
DOID:2994,UBERON:0003889,CC0 1.0,MEDLINE cooccurrence,False
DOID:5559,UBERON:0001533,CC0 1.0,MEDLINE cooccurrence,False
DOID:11239,UBERON:0002368,CC0 1.0,MEDLINE cooccurrence,False
DOID:1686,UBERON:0000941,CC0 1.0,MEDLINE cooccurrence,False
DOID:13378,UBERON:0001530,CC0 1.0,MEDLINE cooccurrence,False
DOID:5408,UBERON:0001132,CC0 1.0,MEDLINE cooccurrence,False
DOID:7693,UBERON:0001516,CC0 1.0,MEDLINE cooccurrence,False
DOID:3310,UBERON:0001690,CC0 1.0,MEDLINE cooccurrence,False
DOID:2377,UBERON:0002673,CC0 1.0,MEDLINE cooccurrence,False
DOID:1686,UBERON:0001771,CC0 1.0,MEDLINE cooccurrence,False
DOID:2377,UBERON:0002944,CC0 1.0,MEDLINE cooccurrence,False
DOID:9074,UBERON:0001017,CC0 1.0,MEDLINE cooccurrence,False
DOID:3070,UBERON:0002285,CC0 1.0,MEDLINE cooccurrence,False
DOID:184,UBERON:0002205,CC0 1.0,MEDLINE cooccurrence,False
DOID:6364,UBERON:0002519,CC0 1.0,MEDLINE cooccurrence,False
DOID:184,UBERON:0001352,CC0 1.0,MEDLINE cooccurrence,False
DOID:2841,UBERON:0002365,CC0 1.0,MEDLINE cooccurrence,False
DOID:8398,UBERON:0001463,CC0 1.0,MEDLINE cooccurrence,False
DOID:216,UBERON:0001831,CC0 1.0,MEDLINE cooccurrence,False
DOID:8398,UBERON:0001469,CC0 1.0,MEDLINE cooccurrence,False
DOID:219,UBERON:0002110,CC0 1.0,MEDLINE cooccurrence,False
DOID:4606,UBERON:0000211,CC0 1.0,MEDLINE cooccurrence,False
DOID:6364,UBERON:0001771,CC0 1.0,MEDLINE cooccurrence,False
DOID:13223,UBERON:0001300,CC0 1.0,MEDLINE cooccurrence,False
DOID:2531,UBERON:0002371,CC0 1.0,MEDLINE cooccurrence,False
DOID:1024,UBERON:0001463,CC0 1.0,MEDLINE cooccurrence,False
DOID:4045,UBERON:0002377,CC0 1.0,MEDLINE cooccurrence,False
DOID:2994,UBERON:0000974,CC0 1.0,MEDLINE cooccurrence,False
DOID:14330,UBERON:0001890,CC0 1.0,MEDLINE cooccurrence,False
DOID:4481,UBERON:0001724,CC0 1.0,MEDLINE cooccurrence,False
DOID:2355,UBERON:0001744,CC0 1.0,MEDLINE cooccurrence,False
DOID:824,UBERON:0001597,CC0 1.0,MEDLINE cooccurrence,False
DOID:4159,UBERON:0000026,CC0 1.0,MEDLINE cooccurrence,False
DOID:0060119,UBERON:0001736,CC0 1.0,MEDLINE cooccurrence,False
DOID:14221,UBERON:0001013,CC0 1.0,MEDLINE cooccurrence,False
DOID:14004,UBERON:0002523,CC0 1.0,MEDLINE cooccurrence,False
DOID:11934,UBERON:0002453,CC0 1.0,MEDLINE cooccurrence,False
DOID:11615,UBERON:0002097,CC0 1.0,MEDLINE cooccurrence,False
DOID:2377,UBERON:0001905,CC0 1.0,MEDLINE cooccurrence,False
DOID:11612,UBERON:0001235,CC0 1.0,MEDLINE cooccurrence,False
DOID:14330,UBERON:0001908,CC0 1.0,MEDLINE cooccurrence,False
DOID:10283,UBERON:0002371,CC0 1.0,MEDLINE cooccurrence,False
DOID:14330,UBERON:0002439,CC0 1.0,MEDLINE cooccurrence,False
DOID:3312,UBERON:0001088,CC0 1.0,MEDLINE cooccurrence,False
DOID:1115,UBERON:0001140,CC0 1.0,MEDLINE cooccurrence,False
DOID:1725,UBERON:0001103,CC0 1.0,MEDLINE cooccurrence,False
DOID:11934,UBERON:0001723,CC0 1.0,MEDLINE cooccurrence,False
DOID:1909,UBERON:0002387,CC0 1.0,MEDLINE cooccurrence,False
DOID:2596,UBERON:0003126,CC0 1.0,MEDLINE cooccurrence,False
DOID:6364,UBERON:0001643,CC0 1.0,MEDLINE cooccurrence,False
DOID:8577,UBERON:0001365,CC0 1.0,MEDLINE cooccurrence,False
DOID:4159,UBERON:0001567,CC0 1.0,MEDLINE cooccurrence,False
DOID:11615,UBERON:0002356,CC0 1.0,MEDLINE cooccurrence,False
DOID:1612,UBERON:0003889,CC0 1.0,MEDLINE cooccurrence,False
DOID:594,UBERON:0001633,CC0 1.0,MEDLINE cooccurrence,False
DOID:1909,UBERON:0001773,CC0 1.0,MEDLINE cooccurrence,False
DOID:9352,UBERON:0001021,CC0 1.0,MEDLINE cooccurrence,False
DOID:1115,UBERON:0001710,CC0 1.0,MEDLINE cooccurrence,False
DOID:1319,UBERON:0001650,CC0 1.0,MEDLINE cooccurrence,False
DOID:11239,UBERON:0001361,CC0 1.0,MEDLINE cooccurrence,False
DOID:119,UBERON:0002382,CC0 1.0,MEDLINE cooccurrence,False
DOID:10608,UBERON:0002107,CC0 1.0,MEDLINE cooccurrence,False
DOID:2994,UBERON:0002453,CC0 1.0,MEDLINE cooccurrence,False
DOID:10652,UBERON:0002148,CC0 1.0,MEDLINE cooccurrence,False
DOID:2994,UBERON:0001981,CC0 1.0,MEDLINE cooccurrence,False
DOID:1192,UBERON:0001597,CC0 1.0,MEDLINE cooccurrence,False
DOID:11934,UBERON:0002517,CC0 1.0,MEDLINE cooccurrence,False
DOID:3070,UBERON:0002037,CC0 1.0,MEDLINE cooccurrence,False
DOID:9074,UBERON:0002521,CC0 1.0,MEDLINE cooccurrence,False
DOID:1324,UBERON:0001105,CC0 1.0,MEDLINE cooccurrence,False
DOID:3310,UBERON:0001691,CC0 1.0,MEDLINE cooccurrence,False
DOID:5419,UBERON:0002148,CC0 1.0,MEDLINE cooccurrence,False
DOID:418,UBERON:0000946,CC0 1.0,MEDLINE cooccurrence,False
DOID:8398,UBERON:0000982,CC0 1.0,MEDLINE cooccurrence,False
DOID:14330,UBERON:0002285,CC0 1.0,MEDLINE cooccurrence,False
DOID:2994,UBERON:0002298,CC0 1.0,MEDLINE cooccurrence,False
DOID:8398,UBERON:0002516,CC0 1.0,MEDLINE cooccurrence,False
DOID:5612,UBERON:0002362,CC0 1.0,MEDLINE cooccurrence,False
DOID:2174,UBERON:0001724,CC0 1.0,MEDLINE cooccurrence,False
DOID:7148,UBERON:0001827,CC0 1.0,MEDLINE cooccurrence,False
DOID:184,UBERON:0002384,CC0 1.0,MEDLINE cooccurrence,False
DOID:12365,UBERON:0001986,CC0 1.0,MEDLINE cooccurrence,False
DOID:1826,UBERON:0001723,CC0 1.0,MEDLINE cooccurrence,False
DOID:1024,UBERON:0000026,CC0 1.0,MEDLINE cooccurrence,False
DOID:7148,UBERON:0001818,CC0 1.0,MEDLINE cooccurrence,False
DOID:8850,UBERON:0001650,CC0 1.0,MEDLINE cooccurrence,False
DOID:2994,UBERON:0001492,CC0 1.0,MEDLINE cooccurrence,False
DOID:14330,UBERON:0001460,CC0 1.0,MEDLINE cooccurrence,False
DOID:3277,UBERON:0002046,CC0 1.0,MEDLINE cooccurrence,False
DOID:9008,UBERON:0001488,CC0 1.0,MEDLINE cooccurrence,False
DOID:8398,UBERON:0000978,CC0 1.0,MEDLINE cooccurrence,False
DOID:10976,UBERON:0001231,CC0 1.0,MEDLINE cooccurrence,False
DOID:13241,UBERON:0002060,CC0 1.0,MEDLINE cooccurrence,False
DOID:12849,UBERON:0000970,CC0 1.0,MEDLINE cooccurrence,False
DOID:10021,UBERON:0000029,CC0 1.0,MEDLINE cooccurrence,False
DOID:1324,UBERON:0001911,CC0 1.0,MEDLINE cooccurrence,False
DOID:2994,UBERON:0002606,CC0 1.0,MEDLINE cooccurrence,False
DOID:4159,UBERON:0002521,CC0 1.0,MEDLINE cooccurrence,False
DOID:9744,UBERON:0001620,CC0 1.0,MEDLINE cooccurrence,False
DOID:1936,UBERON:0001620,CC0 1.0,MEDLINE cooccurrence,False
DOID:10534,UBERON:0002017,CC0 1.0,MEDLINE cooccurrence,False
DOID:1936,UBERON:0001986,CC0 1.0,MEDLINE cooccurrence,False
DOID:1909,UBERON:0001776,CC0 1.0,MEDLINE cooccurrence,False
DOID:13223,UBERON:0003216,CC0 1.0,MEDLINE cooccurrence,False
DOID:2377,UBERON:0001021,CC0 1.0,MEDLINE cooccurrence,False
DOID:5408,UBERON:0002414,CC0 1.0,MEDLINE cooccurrence,False
DOID:1319,UBERON:0001891,CC0 1.0,MEDLINE cooccurrence,False
DOID:784,UBERON:0002386,CC0 1.0,MEDLINE cooccurrence,False
DOID:0050741,UBERON:0002148,CC0 1.0,MEDLINE cooccurrence,False
DOID:3565,UBERON:0003129,CC0 1.0,MEDLINE cooccurrence,False
DOID:2998,UBERON:0000991,CC0 1.0,MEDLINE cooccurrence,False
DOID:12185,UBERON:0001647,CC0 1.0,MEDLINE cooccurrence,False
DOID:1459,UBERON:0001437,CC0 1.0,MEDLINE cooccurrence,False
DOID:10763,UBERON:0001759,CC0 1.0,MEDLINE cooccurrence,False
DOID:1192,UBERON:0002518,CC0 1.0,MEDLINE cooccurrence,False
DOID:9835,UBERON:0001908,CC0 1.0,MEDLINE cooccurrence,False
DOID:1192,UBERON:0002519,CC0 1.0,MEDLINE cooccurrence,False
DOID:635,UBERON:0002240,CC0 1.0,MEDLINE cooccurrence,False
DOID:3083,UBERON:0000978,CC0 1.0,MEDLINE cooccurrence,False
DOID:594,UBERON:0002410,CC0 1.0,MEDLINE cooccurrence,False
DOID:8398,UBERON:0001365,CC0 1.0,MEDLINE cooccurrence,False
DOID:12930,UBERON:0002349,CC0 1.0,MEDLINE cooccurrence,False
DOID:3393,UBERON:0002082,CC0 1.0,MEDLINE cooccurrence,False
DOID:2531,UBERON:0000029,CC0 1.0,MEDLINE cooccurrence,False
DOID:8986,UBERON:0000011,CC0 1.0,MEDLINE cooccurrence,False
DOID:11934,UBERON:0001860,CC0 1.0,MEDLINE cooccurrence,False
DOID:4481,UBERON:0003126,CC0 1.0,MEDLINE cooccurrence,False
DOID:10763,UBERON:0002494,CC0 1.0,MEDLINE cooccurrence,False
DOID:2986,UBERON:0001980,CC0 1.0,MEDLINE cooccurrence,False
DOID:2531,UBERON:0000178,CC0 1.0,MEDLINE cooccurrence,False
DOID:1192,UBERON:0001720,CC0 1.0,MEDLINE cooccurrence,False
DOID:119,UBERON:0000996,CC0 1.0,MEDLINE cooccurrence,False
DOID:2355,UBERON:0001037,CC0 1.0,MEDLINE cooccurrence,False
DOID:11054,UBERON:0001088,CC0 1.0,MEDLINE cooccurrence,False
DOID:2841,UBERON:0001037,CC0 1.0,MEDLINE cooccurrence,False
DOID:184,UBERON:0002389,CC0 1.0,MEDLINE cooccurrence,False
DOID:1192,UBERON:0000045,CC0 1.0,MEDLINE cooccurrence,False
DOID:11934,UBERON:0001677,CC0 1.0,MEDLINE cooccurrence,False
DOID:184,UBERON:0001461,CC0 1.0,MEDLINE cooccurrence,False
DOID:11615,UBERON:0000029,CC0 1.0,MEDLINE cooccurrence,False
DOID:7147,UBERON:0001488,CC0 1.0,MEDLINE cooccurrence,False
DOID:1612,UBERON:0002066,CC0 1.0,MEDLINE cooccurrence,False
DOID:11934,UBERON:0003092,CC0 1.0,MEDLINE cooccurrence,False
DOID:1324,UBERON:0001814,CC0 1.0,MEDLINE cooccurrence,False
DOID:1993,UBERON:0001183,CC0 1.0,MEDLINE cooccurrence,False
DOID:1324,UBERON:0002081,CC0 1.0,MEDLINE cooccurrence,False
DOID:1793,UBERON:0000211,CC0 1.0,MEDLINE cooccurrence,False
DOID:9008,UBERON:0002387,CC0 1.0,MEDLINE cooccurrence,False
DOID:11934,UBERON:0001679,CC0 1.0,MEDLINE cooccurrence,False
DOID:1781,UBERON:0001585,CC0 1.0,MEDLINE cooccurrence,False
DOID:11054,UBERON:0001300,CC0 1.0,MEDLINE cooccurrence,False
DOID:1612,UBERON:0001911,CC0 1.0,MEDLINE cooccurrence,False
DOID:1115,UBERON:0002103,CC0 1.0,MEDLINE cooccurrence,False
DOID:3393,UBERON:0002494,CC0 1.0,MEDLINE cooccurrence,False
DOID:1793,UBERON:0001640,CC0 1.0,MEDLINE cooccurrence,False
DOID:1936,UBERON:0001637,CC0 1.0,MEDLINE cooccurrence,False
DOID:10534,UBERON:0002466,CC0 1.0,MEDLINE cooccurrence,False
DOID:5419,UBERON:0002368,CC0 1.0,MEDLINE cooccurrence,False
DOID:8778,UBERON:0002378,CC0 1.0,MEDLINE cooccurrence,False
DOID:10941,UBERON:0001678,CC0 1.0,MEDLINE cooccurrence,False
DOID:2355,UBERON:0001980,CC0 1.0,MEDLINE cooccurrence,False
DOID:263,UBERON:0001224,CC0 1.0,MEDLINE cooccurrence,False
DOID:10871,UBERON:0001796,CC0 1.0,MEDLINE cooccurrence,False
DOID:3953,UBERON:0001348,CC0 1.0,MEDLINE cooccurrence,False
DOID:2174,UBERON:0001679,CC0 1.0,MEDLINE cooccurrence,False
DOID:10608,UBERON:0002414,CC0 1.0,MEDLINE cooccurrence,False
DOID:1192,UBERON:0001649,CC0 1.0,MEDLINE cooccurrence,False
DOID:175,UBERON:0001532,CC0 1.0,MEDLINE cooccurrence,False
DOID:1319,UBERON:0001846,CC0 1.0,MEDLINE cooccurrence,False
DOID:11934,UBERON:0002418,CC0 1.0,MEDLINE cooccurrence,False
DOID:11920,UBERON:0002046,CC0 1.0,MEDLINE cooccurrence,False
DOID:1192,UBERON:0001676,CC0 1.0,MEDLINE cooccurrence,False
DOID:2394,UBERON:0002371,CC0 1.0,MEDLINE cooccurrence,False
DOID:184,UBERON:0002414,CC0 1.0,MEDLINE cooccurrence,False
DOID:1192,UBERON:0001831,CC0 1.0,MEDLINE cooccurrence,False
DOID:13241,UBERON:0000970,CC0 1.0,MEDLINE cooccurrence,False
DOID:175,UBERON:0001529,CC0 1.0,MEDLINE cooccurrence,False
DOID:1115,UBERON:0002387,CC0 1.0,MEDLINE cooccurrence,False
DOID:1024,UBERON:0001089,CC0 1.0,MEDLINE cooccurrence,False
DOID:10871,UBERON:0000482,CC0 1.0,MEDLINE cooccurrence,False
DOID:3565,UBERON:0001896,CC0 1.0,MEDLINE cooccurrence,False
DOID:9744,UBERON:0001322,CC0 1.0,MEDLINE cooccurrence,False
DOID:0060119,UBERON:0001532,CC0 1.0,MEDLINE cooccurrence,False
DOID:10763,UBERON:0001649,CC0 1.0,MEDLINE cooccurrence,False
DOID:1115,UBERON:0001300,CC0 1.0,MEDLINE cooccurrence,False
DOID:585,UBERON:0001224,CC0 1.0,MEDLINE cooccurrence,False
DOID:12236,UBERON:0000483,CC0 1.0,MEDLINE cooccurrence,False
DOID:9352,UBERON:0002385,CC0 1.0,MEDLINE cooccurrence,False
DOID:1993,UBERON:0000011,CC0 1.0,MEDLINE cooccurrence,False
DOID:9352,UBERON:0002386,CC0 1.0,MEDLINE cooccurrence,False
DOID:363,UBERON:0000992,CC0 1.0,MEDLINE cooccurrence,False
DOID:14221,UBERON:0001637,CC0 1.0,MEDLINE cooccurrence,False
DOID:2994,UBERON:0001323,CC0 1.0,MEDLINE cooccurrence,False
DOID:9970,UBERON:0002385,CC0 1.0,MEDLINE cooccurrence,False
DOID:216,UBERON:0002397,CC0 1.0,MEDLINE cooccurrence,False
DOID:1324,UBERON:0002016,CC0 1.0,MEDLINE cooccurrence,False
DOID:175,UBERON:0001516,CC0 1.0,MEDLINE cooccurrence,False
DOID:9744,UBERON:0002386,CC0 1.0,MEDLINE cooccurrence,False
DOID:8850,UBERON:0000974,CC0 1.0,MEDLINE cooccurrence,False
DOID:3070,UBERON:0002347,CC0 1.0,MEDLINE cooccurrence,False
DOID:10652,UBERON:0001890,CC0 1.0,MEDLINE cooccurrence,False
DOID:1936,UBERON:0001070,CC0 1.0,MEDLINE cooccurrence,False
DOID:5041,UBERON:0003126,CC0 1.0,MEDLINE cooccurrence,False
DOID:10941,UBERON:0001529,CC0 1.0,MEDLINE cooccurrence,False
DOID:4159,UBERON:0001460,CC0 1.0,MEDLINE cooccurrence,False
DOID:1319,UBERON:0000988,CC0 1.0,MEDLINE cooccurrence,False
DOID:2596,UBERON:0002046,CC0 1.0,MEDLINE cooccurrence,False
DOID:4362,UBERON:0000996,CC0 1.0,MEDLINE cooccurrence,False
DOID:0060119,UBERON:0000029,CC0 1.0,MEDLINE cooccurrence,False
DOID:2994,UBERON:0002450,CC0 1.0,MEDLINE cooccurrence,False
DOID:14004,UBERON:0001515,CC0 1.0,MEDLINE cooccurrence,False
DOID:14330,UBERON:0000033,CC0 1.0,MEDLINE cooccurrence,False
DOID:9074,UBERON:0001090,CC0 1.0,MEDLINE cooccurrence,False
DOID:1319,UBERON:0001896,CC0 1.0,MEDLINE cooccurrence,False
DOID:14268,UBERON:0001193,CC0 1.0,MEDLINE cooccurrence,False
DOID:2355,UBERON:0002385,CC0 1.0,MEDLINE cooccurrence,False
DOID:9074,UBERON:0001103,CC0 1.0,MEDLINE cooccurrence,False
DOID:7148,UBERON:0001465,CC0 1.0,MEDLINE cooccurrence,False
DOID:12930,UBERON:0002352,CC0 1.0,MEDLINE cooccurrence,False
DOID:784,UBERON:0001007,CC0 1.0,MEDLINE cooccurrence,False
DOID:784,UBERON:0001404,CC0 1.0,MEDLINE cooccurrence,False
DOID:8850,UBERON:0001456,CC0 1.0,MEDLINE cooccurrence,False
DOID:1115,UBERON:0001135,CC0 1.0,MEDLINE cooccurrence,False
DOID:10941,UBERON:0002362,CC0 1.0,MEDLINE cooccurrence,False
DOID:2994,UBERON:0000922,CC0 1.0,MEDLINE cooccurrence,False
DOID:263,UBERON:0001143,CC0 1.0,MEDLINE cooccurrence,False
DOID:11819,UBERON:0000057,CC0 1.0,MEDLINE cooccurrence,False
DOID:5875,UBERON:0001516,CC0 1.0,MEDLINE cooccurrence,False
DOID:8986,UBERON:0000955,CC0 1.0,MEDLINE cooccurrence,False
DOID:1964,UBERON:0000995,CC0 1.0,MEDLINE cooccurrence,False
DOID:7148,UBERON:0001485,CC0 1.0,MEDLINE cooccurrence,False
DOID:2994,UBERON:0002097,CC0 1.0,MEDLINE cooccurrence,False
DOID:2377,UBERON:0001645,CC0 1.0,MEDLINE cooccurrence,False
DOID:11934,UBERON:0001831,CC0 1.0,MEDLINE cooccurrence,False
DOID:5419,UBERON:0001705,CC0 1.0,MEDLINE cooccurrence,False
DOID:2994,UBERON:0001775,CC0 1.0,MEDLINE cooccurrence,False
DOID:10283,UBERON:0001000,CC0 1.0,MEDLINE cooccurrence,False
DOID:1826,UBERON:0001759,CC0 1.0,MEDLINE cooccurrence,False
DOID:10941,UBERON:0001697,CC0 1.0,MEDLINE cooccurrence,False
DOID:5419,UBERON:0001771,CC0 1.0,MEDLINE cooccurrence,False
DOID:184,UBERON:0001598,CC0 1.0,MEDLINE cooccurrence,False
DOID:1245,UBERON:0000997,CC0 1.0,MEDLINE cooccurrence,False
DOID:0060119,UBERON:0000033,CC0 1.0,MEDLINE cooccurrence,False
DOID:6364,UBERON:0001989,CC0 1.0,MEDLINE cooccurrence,False
DOID:784,UBERON:0001148,CC0 1.0,MEDLINE cooccurrence,False
DOID:11555,UBERON:0001986,CC0 1.0,MEDLINE cooccurrence,False
DOID:1686,UBERON:0001697,CC0 1.0,MEDLINE cooccurrence,False
DOID:2174,UBERON:0001827,CC0 1.0,MEDLINE cooccurrence,False
DOID:1725,UBERON:0002450,CC0 1.0,MEDLINE cooccurrence,False
DOID:3565,UBERON:0001579,CC0 1.0,MEDLINE cooccurrence,False
DOID:1319,UBERON:0001677,CC0 1.0,MEDLINE cooccurrence,False
DOID:11934,UBERON:0001597,CC0 1.0,MEDLINE cooccurrence,False
DOID:2994,UBERON:0002387,CC0 1.0,MEDLINE cooccurrence,False
DOID:635,UBERON:0001744,CC0 1.0,MEDLINE cooccurrence,False
DOID:3277,UBERON:0000977,CC0 1.0,MEDLINE cooccurrence,False
DOID:4989,UBERON:0001007,CC0 1.0,MEDLINE cooccurrence,False
DOID:3310,UBERON:0001711,CC0 1.0,MEDLINE cooccurrence,False
DOID:3571,UBERON:0002294,CC0 1.0,MEDLINE cooccurrence,False
DOID:1192,UBERON:0001785,CC0 1.0,MEDLINE cooccurrence,False
DOID:3070,UBERON:0000955,CC0 1.0,MEDLINE cooccurrence,False
DOID:3277,UBERON:0002081,CC0 1.0,MEDLINE cooccurrence,False
DOID:9008,UBERON:0001130,CC0 1.0,MEDLINE cooccurrence,False
DOID:1319,UBERON:0001532,CC0 1.0,MEDLINE cooccurrence,False
DOID:3565,UBERON:0002240,CC0 1.0,MEDLINE cooccurrence,False
DOID:2174,UBERON:0001769,CC0 1.0,MEDLINE cooccurrence,False
DOID:11239,UBERON:0002378,CC0 1.0,MEDLINE cooccurrence,False
DOID:1324,UBERON:0002299,CC0 1.0,MEDLINE cooccurrence,False
DOID:2174,UBERON:0002500,CC0 1.0,MEDLINE cooccurrence,False
DOID:10763,UBERON:0001530,CC0 1.0,MEDLINE cooccurrence,False
DOID:3565,UBERON:0002517,CC0 1.0,MEDLINE cooccurrence,False
DOID:2355,UBERON:0001914,CC0 1.0,MEDLINE cooccurrence,False
DOID:3070,UBERON:0002361,CC0 1.0,MEDLINE cooccurrence,False
DOID:8577,UBERON:0002439,CC0 1.0,MEDLINE cooccurrence,False
DOID:3310,UBERON:0001456,CC0 1.0,MEDLINE cooccurrence,False
DOID:10763,UBERON:0001140,CC0 1.0,MEDLINE cooccurrence,False
DOID:1826,UBERON:0002037,CC0 1.0,MEDLINE cooccurrence,False
DOID:1115,UBERON:0002107,CC0 1.0,MEDLINE cooccurrence,False
DOID:2355,UBERON:0001463,CC0 1.0,MEDLINE cooccurrence,False
DOID:175,UBERON:0002016,CC0 1.0,MEDLINE cooccurrence,False
DOID:1319,UBERON:0002368,CC0 1.0,MEDLINE cooccurrence,False
DOID:1826,UBERON:0001690,CC0 1.0,MEDLINE cooccurrence,False
DOID:2394,UBERON:0001638,CC0 1.0,MEDLINE cooccurrence,False
DOID:12849,UBERON:0002037,CC0 1.0,MEDLINE cooccurrence,False
DOID:3953,UBERON:0001638,CC0 1.0,MEDLINE cooccurrence,False
DOID:784,UBERON:0004535,CC0 1.0,MEDLINE cooccurrence,False
DOID:13223,UBERON:0000996,CC0 1.0,MEDLINE cooccurrence,False
DOID:0050741,UBERON:0000011,CC0 1.0,MEDLINE cooccurrence,False
DOID:9296,UBERON:0001037,CC0 1.0,MEDLINE cooccurrence,False
DOID:2355,UBERON:0001969,CC0 1.0,MEDLINE cooccurrence,False
DOID:11476,UBERON:0001684,CC0 1.0,MEDLINE cooccurrence,False
DOID:14221,UBERON:0001398,CC0 1.0,MEDLINE cooccurrence,False
DOID:12849,UBERON:0001037,CC0 1.0,MEDLINE cooccurrence,False
DOID:1612,UBERON:0000029,CC0 1.0,MEDLINE cooccurrence,False
DOID:0060119,UBERON:0001676,CC0 1.0,MEDLINE cooccurrence,False
DOID:7147,UBERON:0002205,CC0 1.0,MEDLINE cooccurrence,False
DOID:10283,UBERON:0001008,CC0 1.0,MEDLINE cooccurrence,False
DOID:8778,UBERON:0002110,CC0 1.0,MEDLINE cooccurrence,False
DOID:13241,UBERON:0002097,CC0 1.0,MEDLINE cooccurrence,False
DOID:9352,UBERON:0001494,CC0 1.0,MEDLINE cooccurrence,False
DOID:11934,UBERON:0003129,CC0 1.0,MEDLINE cooccurrence,False
DOID:184,UBERON:0002228,CC0 1.0,MEDLINE cooccurrence,False
DOID:219,UBERON:0002378,CC0 1.0,MEDLINE cooccurrence,False
DOID:9352,UBERON:0002060,CC0 1.0,MEDLINE cooccurrence,False
DOID:3393,UBERON:0000975,CC0 1.0,MEDLINE cooccurrence,False
DOID:4045,UBERON:0001737,CC0 1.0,MEDLINE cooccurrence,False
DOID:3121,UBERON:0000483,CC0 1.0,MEDLINE cooccurrence,False
DOID:2377,UBERON:0000959,CC0 1.0,MEDLINE cooccurrence,False
DOID:1024,UBERON:0001691,CC0 1.0,MEDLINE cooccurrence,False
DOID:2994,UBERON:0002240,CC0 1.0,MEDLINE cooccurrence,False
DOID:1826,UBERON:0000033,CC0 1.0,MEDLINE cooccurrence,False
DOID:5419,UBERON:0002275,CC0 1.0,MEDLINE cooccurrence,False
DOID:0050741,UBERON:0001836,CC0 1.0,MEDLINE cooccurrence,False
DOID:7147,UBERON:0002481,CC0 1.0,MEDLINE cooccurrence,False
DOID:5408,UBERON:0001785,CC0 1.0,MEDLINE cooccurrence,False
DOID:1115,UBERON:0003889,CC0 1.0,MEDLINE cooccurrence,False
DOID:2355,UBERON:0001437,CC0 1.0,MEDLINE cooccurrence,False
DOID:7148,UBERON:0002418,CC0 1.0,MEDLINE cooccurrence,False
DOID:8577,UBERON:0002356,CC0 1.0,MEDLINE cooccurrence,False
DOID:13378,UBERON:0002387,CC0 1.0,MEDLINE cooccurrence,False
DOID:1459,UBERON:0000007,CC0 1.0,MEDLINE cooccurrence,False
DOID:1826,UBERON:0003129,CC0 1.0,MEDLINE cooccurrence,False
DOID:1324,UBERON:0000975,CC0 1.0,MEDLINE cooccurrence,False
DOID:4362,UBERON:0000056,CC0 1.0,MEDLINE cooccurrence,False
DOID:11949,UBERON:0001744,CC0 1.0,MEDLINE cooccurrence,False
DOID:9352,UBERON:0000966,CC0 1.0,MEDLINE cooccurrence,False
DOID:13223,UBERON:0002411,CC0 1.0,MEDLINE cooccurrence,False
DOID:12361,UBERON:0000941,CC0 1.0,MEDLINE cooccurrence,False
DOID:8893,UBERON:0001037,CC0 1.0,MEDLINE cooccurrence,False
DOID:2994,UBERON:0001750,CC0 1.0,MEDLINE cooccurrence,False
DOID:1192,UBERON:0000959,CC0 1.0,MEDLINE cooccurrence,False
DOID:11934,UBERON:0001708,CC0 1.0,MEDLINE cooccurrence,False
DOID:9074,UBERON:0001365,CC0 1.0,MEDLINE cooccurrence,False
DOID:6364,UBERON:0001535,CC0 1.0,MEDLINE cooccurrence,False
DOID:9206,UBERON:0000483,CC0 1.0,MEDLINE cooccurrence,False
DOID:5875,UBERON:0001300,CC0 1.0,MEDLINE cooccurrence,False
DOID:9074,UBERON:0001705,CC0 1.0,MEDLINE cooccurrence,False
DOID:10871,UBERON:0001697,CC0 1.0,MEDLINE cooccurrence,False
DOID:635,UBERON:0001827,CC0 1.0,MEDLINE cooccurrence,False
DOID:363,UBERON:0002512,CC0 1.0,MEDLINE cooccurrence,False
DOID:1725,UBERON:0000992,CC0 1.0,MEDLINE cooccurrence,False
DOID:0050741,UBERON:0000473,CC0 1.0,MEDLINE cooccurrence,False
DOID:13223,UBERON:0001637,CC0 1.0,MEDLINE cooccurrence,False
DOID:13223,UBERON:0000042,CC0 1.0,MEDLINE cooccurrence,False
DOID:219,UBERON:0001008,CC0 1.0,MEDLINE cooccurrence,False
DOID:13241,UBERON:0001638,CC0 1.0,MEDLINE cooccurrence,False
DOID:10763,UBERON:0002113,CC0 1.0,MEDLINE cooccurrence,False
DOID:2994,UBERON:0001724,CC0 1.0,MEDLINE cooccurrence,False
DOID:5875,UBERON:0001815,CC0 1.0,MEDLINE cooccurrence,False
DOID:5419,UBERON:0001905,CC0 1.0,MEDLINE cooccurrence,False
DOID:9835,UBERON:0001775,CC0 1.0,MEDLINE cooccurrence,False
DOID:1024,UBERON:0001981,CC0 1.0,MEDLINE cooccurrence,False
DOID:9970,UBERON:0002204,CC0 1.0,MEDLINE cooccurrence,False
DOID:5612,UBERON:0000974,CC0 1.0,MEDLINE cooccurrence,False
DOID:219,UBERON:0001135,CC0 1.0,MEDLINE cooccurrence,False
DOID:6364,UBERON:0002377,CC0 1.0,MEDLINE cooccurrence,False
DOID:10021,UBERON:0002394,CC0 1.0,MEDLINE cooccurrence,False
DOID:11612,UBERON:0002368,CC0 1.0,MEDLINE cooccurrence,False
DOID:9296,UBERON:0002515,CC0 1.0,MEDLINE cooccurrence,False
DOID:13189,UBERON:0001461,CC0 1.0,MEDLINE cooccurrence,False
DOID:9074,UBERON:0002523,CC0 1.0,MEDLINE cooccurrence,False
DOID:10608,UBERON:0000482,CC0 1.0,MEDLINE cooccurrence,False
DOID:1909,UBERON:0001769,CC0 1.0,MEDLINE cooccurrence,False
DOID:11949,UBERON:0001017,CC0 1.0,MEDLINE cooccurrence,False
DOID:1790,UBERON:0002352,CC0 1.0,MEDLINE cooccurrence,False
DOID:3571,UBERON:0001193,CC0 1.0,MEDLINE cooccurrence,False
DOID:10021,UBERON:0001007,CC0 1.0,MEDLINE cooccurrence,False
DOID:14330,UBERON:0002037,CC0 1.0,MEDLINE cooccurrence,False
DOID:2998,UBERON:0000922,CC0 1.0,MEDLINE cooccurrence,False
DOID:10871,UBERON:0001786,CC0 1.0,MEDLINE cooccurrence,False
DOID:1115,UBERON:0000026,CC0 1.0,MEDLINE cooccurrence,False
DOID:3393,UBERON:0001529,CC0 1.0,MEDLINE cooccurrence,False
DOID:5559,UBERON:0001529,CC0 1.0,MEDLINE cooccurrence,False
DOID:9296,UBERON:0001597,CC0 1.0,MEDLINE cooccurrence,False
DOID:9352,UBERON:0001324,CC0 1.0,MEDLINE cooccurrence,False
DOID:585,UBERON:0001228,CC0 1.0,MEDLINE cooccurrence,False
DOID:10941,UBERON:0002500,CC0 1.0,MEDLINE cooccurrence,False
DOID:1781,UBERON:0001044,CC0 1.0,MEDLINE cooccurrence,False
DOID:1595,UBERON:0001836,CC0 1.0,MEDLINE cooccurrence,False
DOID:2994,UBERON:0001908,CC0 1.0,MEDLINE cooccurrence,False
DOID:0050741,UBERON:0000955,CC0 1.0,MEDLINE cooccurrence,False
DOID:2998,UBERON:0003889,CC0 1.0,MEDLINE cooccurrence,False
DOID:2394,UBERON:0002450,CC0 1.0,MEDLINE cooccurrence,False
DOID:8577,UBERON:0002017,CC0 1.0,MEDLINE cooccurrence,False
DOID:10534,UBERON:0001135,CC0 1.0,MEDLINE cooccurrence,False
DOID:184,UBERON:0002382,CC0 1.0,MEDLINE cooccurrence,False
DOID:8398,UBERON:0002413,CC0 1.0,MEDLINE cooccurrence,False
DOID:5559,UBERON:0001587,CC0 1.0,MEDLINE cooccurrence,False
DOID:5612,UBERON:0001535,CC0 1.0,MEDLINE cooccurrence,False
DOID:13499,UBERON:0002439,CC0 1.0,MEDLINE cooccurrence,False
DOID:12185,UBERON:0001846,CC0 1.0,MEDLINE cooccurrence,False
DOID:2998,UBERON:0000992,CC0 1.0,MEDLINE cooccurrence,False
DOID:9352,UBERON:0000989,CC0 1.0,MEDLINE cooccurrence,False
DOID:824,UBERON:0002384,CC0 1.0,MEDLINE cooccurrence,False
DOID:8850,UBERON:0001723,CC0 1.0,MEDLINE cooccurrence,False
DOID:263,UBERON:0001231,CC0 1.0,MEDLINE cooccurrence,False
DOID:418,UBERON:0002441,CC0 1.0,MEDLINE cooccurrence,False
DOID:4481,UBERON:0001037,CC0 1.0,MEDLINE cooccurrence,False
DOID:9352,UBERON:0002523,CC0 1.0,MEDLINE cooccurrence,False
DOID:119,UBERON:0002356,CC0 1.0,MEDLINE cooccurrence,False
DOID:784,UBERON:0001494,CC0 1.0,MEDLINE cooccurrence,False
DOID:2377,UBERON:0001322,CC0 1.0,MEDLINE cooccurrence,False
DOID:5041,UBERON:0001135,CC0 1.0,MEDLINE cooccurrence,False
DOID:12849,UBERON:0001007,CC0 1.0,MEDLINE cooccurrence,False
DOID:263,UBERON:0000056,CC0 1.0,MEDLINE cooccurrence,False
DOID:2994,UBERON:0001679,CC0 1.0,MEDLINE cooccurrence,False
DOID:9744,UBERON:0001089,CC0 1.0,MEDLINE cooccurrence,False
DOID:184,UBERON:0006849,CC0 1.0,MEDLINE cooccurrence,False
DOID:9835,UBERON:0001827,CC0 1.0,MEDLINE cooccurrence,False
DOID:12930,UBERON:0000948,CC0 1.0,MEDLINE cooccurrence,False
DOID:13499,UBERON:0001744,CC0 1.0,MEDLINE cooccurrence,False
DOID:12849,UBERON:0000988,CC0 1.0,MEDLINE cooccurrence,False
DOID:4159,UBERON:0001744,CC0 1.0,MEDLINE cooccurrence,False
DOID:332,UBERON:0002102,CC0 1.0,MEDLINE cooccurrence,False
DOID:1993,UBERON:0000056,CC0 1.0,MEDLINE cooccurrence,False
DOID:332,UBERON:0001650,CC0 1.0,MEDLINE cooccurrence,False
DOID:1319,UBERON:0001070,CC0 1.0,MEDLINE cooccurrence,False
DOID:1595,UBERON:0002046,CC0 1.0,MEDLINE cooccurrence,False
DOID:1781,UBERON:0000974,CC0 1.0,MEDLINE cooccurrence,False
DOID:5559,UBERON:0002371,CC0 1.0,MEDLINE cooccurrence,False
DOID:219,UBERON:0001300,CC0 1.0,MEDLINE cooccurrence,False
DOID:8893,UBERON:0001986,CC0 1.0,MEDLINE cooccurrence,False
DOID:11555,UBERON:0001796,CC0 1.0,MEDLINE cooccurrence,False
DOID:12849,UBERON:0001456,CC0 1.0,MEDLINE cooccurrence,False
DOID:9296,UBERON:0001734,CC0 1.0,MEDLINE cooccurrence,False
DOID:1024,UBERON:0001647,CC0 1.0,MEDLINE cooccurrence,False
DOID:332,UBERON:0001723,CC0 1.0,MEDLINE cooccurrence,False
DOID:784,UBERON:0001132,CC0 1.0,MEDLINE cooccurrence,False
DOID:363,UBERON:0000996,CC0 1.0,MEDLINE cooccurrence,False
DOID:5408,UBERON:0006849,CC0 1.0,MEDLINE cooccurrence,False
DOID:1192,UBERON:0001780,CC0 1.0,MEDLINE cooccurrence,False
DOID:2841,UBERON:0000011,CC0 1.0,MEDLINE cooccurrence,False
DOID:2174,UBERON:0001702,CC0 1.0,MEDLINE cooccurrence,False
DOID:14330,UBERON:0000010,CC0 1.0,MEDLINE cooccurrence,False
DOID:9970,UBERON:0002369,CC0 1.0,MEDLINE cooccurrence,False
DOID:13223,UBERON:0001135,CC0 1.0,MEDLINE cooccurrence,False
DOID:10153,UBERON:0000483,CC0 1.0,MEDLINE cooccurrence,False
DOID:1612,UBERON:0000992,CC0 1.0,MEDLINE cooccurrence,False
DOID:12365,UBERON:0002113,CC0 1.0,MEDLINE cooccurrence,False
DOID:11714,UBERON:0001398,CC0 1.0,MEDLINE cooccurrence,False
DOID:9008,UBERON:0002398,CC0 1.0,MEDLINE cooccurrence,False
DOID:332,UBERON:0002413,CC0 1.0,MEDLINE cooccurrence,False
DOID:9352,UBERON:0000978,CC0 1.0,MEDLINE cooccurrence,False
DOID:2994,UBERON:0001237,CC0 1.0,MEDLINE cooccurrence,False
DOID:1319,UBERON:0001643,CC0 1.0,MEDLINE cooccurrence,False
DOID:3565,UBERON:0001707,CC0 1.0,MEDLINE cooccurrence,False
DOID:1909,UBERON:0002389,CC0 1.0,MEDLINE cooccurrence,False
DOID:2394,UBERON:0002512,CC0 1.0,MEDLINE cooccurrence,False
DOID:14004,UBERON:0001530,CC0 1.0,MEDLINE cooccurrence,False
DOID:332,UBERON:0001021,CC0 1.0,MEDLINE cooccurrence,False
DOID:5041,UBERON:0002048,CC0 1.0,MEDLINE cooccurrence,False
DOID:10871,UBERON:0001773,CC0 1.0,MEDLINE cooccurrence,False
DOID:11555,UBERON:0000964,CC0 1.0,MEDLINE cooccurrence,False
DOID:4989,UBERON:0001064,CC0 1.0,MEDLINE cooccurrence,False
DOID:986,UBERON:0001037,CC0 1.0,MEDLINE cooccurrence,False
DOID:1909,UBERON:0002362,CC0 1.0,MEDLINE cooccurrence,False
DOID:14221,UBERON:0002405,CC0 1.0,MEDLINE cooccurrence,False
DOID:3312,UBERON:0001089,CC0 1.0,MEDLINE cooccurrence,False
DOID:1319,UBERON:0002707,CC0 1.0,MEDLINE cooccurrence,False
DOID:3393,UBERON:0001516,CC0 1.0,MEDLINE cooccurrence,False
DOID:1936,UBERON:0000989,CC0 1.0,MEDLINE cooccurrence,False
DOID:1324,UBERON:0001111,CC0 1.0,MEDLINE cooccurrence,False
DOID:6364,UBERON:0001456,CC0 1.0,MEDLINE cooccurrence,False
DOID:1319,UBERON:0001886,CC0 1.0,MEDLINE cooccurrence,False
DOID:3393,UBERON:0001406,CC0 1.0,MEDLINE cooccurrence,False
DOID:11934,UBERON:0001840,CC0 1.0,MEDLINE cooccurrence,False
DOID:8893,UBERON:0002398,CC0 1.0,MEDLINE cooccurrence,False
DOID:9744,UBERON:0001437,CC0 1.0,MEDLINE cooccurrence,False
DOID:7148,UBERON:0001470,CC0 1.0,MEDLINE cooccurrence,False
DOID:3277,UBERON:0002390,CC0 1.0,MEDLINE cooccurrence,False
DOID:10763,UBERON:0001398,CC0 1.0,MEDLINE cooccurrence,False
DOID:12361,UBERON:0002046,CC0 1.0,MEDLINE cooccurrence,False
DOID:2994,UBERON:0001070,CC0 1.0,MEDLINE cooccurrence,False
DOID:12306,UBERON:0001702,CC0 1.0,MEDLINE cooccurrence,False
DOID:8986,UBERON:0002275,CC0 1.0,MEDLINE cooccurrence,False
DOID:1936,UBERON:0002060,CC0 1.0,MEDLINE cooccurrence,False
DOID:13241,UBERON:0000997,CC0 1.0,MEDLINE cooccurrence,False
DOID:184,UBERON:0001685,CC0 1.0,MEDLINE cooccurrence,False
DOID:11819,UBERON:0002113,CC0 1.0,MEDLINE cooccurrence,False
DOID:5612,UBERON:0002414,CC0 1.0,MEDLINE cooccurrence,False
DOID:418,UBERON:0002204,CC0 1.0,MEDLINE cooccurrence,False
DOID:10283,UBERON:0000473,CC0 1.0,MEDLINE cooccurrence,False
DOID:1094,UBERON:0002410,CC0 1.0,MEDLINE cooccurrence,False
DOID:14330,UBERON:0001577,CC0 1.0,MEDLINE cooccurrence,False
DOID:1909,UBERON:0000053,CC0 1.0,MEDLINE cooccurrence,False
DOID:1192,UBERON:0001460,CC0 1.0,MEDLINE cooccurrence,False
DOID:11934,UBERON:0001837,CC0 1.0,MEDLINE cooccurrence,False
DOID:14330,UBERON:0002387,CC0 1.0,MEDLINE cooccurrence,False
DOID:5419,UBERON:0001643,CC0 1.0,MEDLINE cooccurrence,False
DOID:184,UBERON:0001460,CC0 1.0,MEDLINE cooccurrence,False
DOID:1686,UBERON:0000970,CC0 1.0,MEDLINE cooccurrence,False
DOID:5041,UBERON:0002407,CC0 1.0,MEDLINE cooccurrence,False
DOID:9352,UBERON:0001986,CC0 1.0,MEDLINE cooccurrence,False
DOID:4362,UBERON:0002450,CC0 1.0,MEDLINE cooccurrence,False
DOID:8986,UBERON:0001771,CC0 1.0,MEDLINE cooccurrence,False
DOID:10283,UBERON:0000029,CC0 1.0,MEDLINE cooccurrence,False
DOID:1993,UBERON:0002017,CC0 1.0,MEDLINE cooccurrence,False
DOID:7693,UBERON:0001515,CC0 1.0,MEDLINE cooccurrence,False
DOID:1793,UBERON:0001064,CC0 1.0,MEDLINE cooccurrence,False
DOID:1319,UBERON:0001647,CC0 1.0,MEDLINE cooccurrence,False
DOID:1964,UBERON:0000474,CC0 1.0,MEDLINE cooccurrence,False
DOID:1909,UBERON:0001796,CC0 1.0,MEDLINE cooccurrence,False
DOID:14268,UBERON:0001175,CC0 1.0,MEDLINE cooccurrence,False
DOID:10941,UBERON:0001677,CC0 1.0,MEDLINE cooccurrence,False
DOID:8850,UBERON:0002384,CC0 1.0,MEDLINE cooccurrence,False
DOID:10534,UBERON:0000211,CC0 1.0,MEDLINE cooccurrence,False
DOID:184,UBERON:0002418,CC0 1.0,MEDLINE cooccurrence,False
DOID:5419,UBERON:0001017,CC0 1.0,MEDLINE cooccurrence,False
DOID:4989,UBERON:0001264,CC0 1.0,MEDLINE cooccurrence,False
DOID:363,UBERON:0000042,CC0 1.0,MEDLINE cooccurrence,False
DOID:11714,UBERON:0000922,CC0 1.0,MEDLINE cooccurrence,False
DOID:2394,UBERON:0001295,CC0 1.0,MEDLINE cooccurrence,False
DOID:11934,UBERON:0001825,CC0 1.0,MEDLINE cooccurrence,False
DOID:1115,UBERON:0006849,CC0 1.0,MEDLINE cooccurrence,False
DOID:3121,UBERON:0001264,CC0 1.0,MEDLINE cooccurrence,False
DOID:7693,UBERON:0002382,CC0 1.0,MEDLINE cooccurrence,False
DOID:1459,UBERON:0002516,CC0 1.0,MEDLINE cooccurrence,False
DOID:10941,UBERON:0002518,CC0 1.0,MEDLINE cooccurrence,False
DOID:2994,UBERON:0002360,CC0 1.0,MEDLINE cooccurrence,False
DOID:418,UBERON:0002012,CC0 1.0,MEDLINE cooccurrence,False
DOID:3312,UBERON:0002037,CC0 1.0,MEDLINE cooccurrence,False
DOID:2355,UBERON:0001007,CC0 1.0,MEDLINE cooccurrence,False
DOID:594,UBERON:0002148,CC0 1.0,MEDLINE cooccurrence,False
DOID:12930,UBERON:0002012,CC0 1.0,MEDLINE cooccurrence,False
DOID:10763,UBERON:0001135,CC0 1.0,MEDLINE cooccurrence,False
DOID:635,UBERON:0001702,CC0 1.0,MEDLINE cooccurrence,False
DOID:1909,UBERON:0001981,CC0 1.0,MEDLINE cooccurrence,False
DOID:0060119,UBERON:0001597,CC0 1.0,MEDLINE cooccurrence,False
DOID:8850,UBERON:0001821,CC0 1.0,MEDLINE cooccurrence,False
DOID:13241,UBERON:0001017,CC0 1.0,MEDLINE cooccurrence,False
DOID:1725,UBERON:0001744,CC0 1.0,MEDLINE cooccurrence,False
DOID:1192,UBERON:0002398,CC0 1.0,MEDLINE cooccurrence,False
DOID:1686,UBERON:0001986,CC0 1.0,MEDLINE cooccurrence,False
DOID:3070,UBERON:0000966,CC0 1.0,MEDLINE cooccurrence,False
DOID:8893,UBERON:0001089,CC0 1.0,MEDLINE cooccurrence,False
DOID:6364,UBERON:0002361,CC0 1.0,MEDLINE cooccurrence,False
DOID:6364,UBERON:0001636,CC0 1.0,MEDLINE cooccurrence,False
DOID:1909,UBERON:0002067,CC0 1.0,MEDLINE cooccurrence,False
DOID:0060119,UBERON:0001352,CC0 1.0,MEDLINE cooccurrence,False
DOID:1725,UBERON:0000211,CC0 1.0,MEDLINE cooccurrence,False
DOID:184,UBERON:0002515,CC0 1.0,MEDLINE cooccurrence,False
DOID:14330,UBERON:0001887,CC0 1.0,MEDLINE cooccurrence,False
DOID:4159,UBERON:0001021,CC0 1.0,MEDLINE cooccurrence,False
DOID:10871,UBERON:0001985,CC0 1.0,MEDLINE cooccurrence,False
DOID:1595,UBERON:0002037,CC0 1.0,MEDLINE cooccurrence,False
DOID:3953,UBERON:0001140,CC0 1.0,MEDLINE cooccurrence,False
DOID:3393,UBERON:0001398,CC0 1.0,MEDLINE cooccurrence,False
DOID:5875,UBERON:0000026,CC0 1.0,MEDLINE cooccurrence,False
DOID:9206,UBERON:0002365,CC0 1.0,MEDLINE cooccurrence,False
DOID:4045,UBERON:0001598,CC0 1.0,MEDLINE cooccurrence,False
DOID:7147,UBERON:0001465,CC0 1.0,MEDLINE cooccurrence,False
DOID:0050425,UBERON:0000955,CC0 1.0,MEDLINE cooccurrence,False
DOID:184,UBERON:0001697,CC0 1.0,MEDLINE cooccurrence,False
DOID:9008,UBERON:0001484,CC0 1.0,MEDLINE cooccurrence,False
DOID:1909,UBERON:0000974,CC0 1.0,MEDLINE cooccurrence,False
DOID:3565,UBERON:0001535,CC0 1.0,MEDLINE cooccurrence,False
DOID:1826,UBERON:0002129,CC0 1.0,MEDLINE cooccurrence,False
DOID:5612,UBERON:0001785,CC0 1.0,MEDLINE cooccurrence,False
DOID:12365,UBERON:0002405,CC0 1.0,MEDLINE cooccurrence,False
DOID:12185,UBERON:0002282,CC0 1.0,MEDLINE cooccurrence,False
DOID:1192,UBERON:0003129,CC0 1.0,MEDLINE cooccurrence,False
DOID:2986,UBERON:0001225,CC0 1.0,MEDLINE cooccurrence,False
DOID:7693,UBERON:0000978,CC0 1.0,MEDLINE cooccurrence,False
DOID:1024,UBERON:0001322,CC0 1.0,MEDLINE cooccurrence,False
DOID:1115,UBERON:0001567,CC0 1.0,MEDLINE cooccurrence,False
DOID:1993,UBERON:0000483,CC0 1.0,MEDLINE cooccurrence,False
DOID:184,UBERON:0001105,CC0 1.0,MEDLINE cooccurrence,False
DOID:2994,UBERON:0001896,CC0 1.0,MEDLINE cooccurrence,False
DOID:11934,UBERON:0001132,CC0 1.0,MEDLINE cooccurrence,False
DOID:4159,UBERON:0002067,CC0 1.0,MEDLINE cooccurrence,False
DOID:1686,UBERON:0001776,CC0 1.0,MEDLINE cooccurrence,False
DOID:5559,UBERON:0002016,CC0 1.0,MEDLINE cooccurrence,False
DOID:0060119,UBERON:0000483,CC0 1.0,MEDLINE cooccurrence,False
DOID:1324,UBERON:0001884,CC0 1.0,MEDLINE cooccurrence,False
DOID:1115,UBERON:0001744,CC0 1.0,MEDLINE cooccurrence,False
DOID:9296,UBERON:0003685,CC0 1.0,MEDLINE cooccurrence,False
DOID:5875,UBERON:0002378,CC0 1.0,MEDLINE cooccurrence,False
DOID:824,UBERON:0000974,CC0 1.0,MEDLINE cooccurrence,False
DOID:12185,UBERON:0002226,CC0 1.0,MEDLINE cooccurrence,False
DOID:2841,UBERON:0001135,CC0 1.0,MEDLINE cooccurrence,False
DOID:12849,UBERON:0002129,CC0 1.0,MEDLINE cooccurrence,False
DOID:11934,UBERON:0002397,CC0 1.0,MEDLINE cooccurrence,False
DOID:10976,UBERON:0001225,CC0 1.0,MEDLINE cooccurrence,False
DOID:9744,UBERON:0002385,CC0 1.0,MEDLINE cooccurrence,False
DOID:1595,UBERON:0001887,CC0 1.0,MEDLINE cooccurrence,False
DOID:13241,UBERON:0002012,CC0 1.0,MEDLINE cooccurrence,False
DOID:1324,UBERON:0003126,CC0 1.0,MEDLINE cooccurrence,False
DOID:12361,UBERON:0001827,CC0 1.0,MEDLINE cooccurrence,False
DOID:4045,UBERON:0001460,CC0 1.0,MEDLINE cooccurrence,False
DOID:11714,UBERON:0000033,CC0 1.0,MEDLINE cooccurrence,False
DOID:1612,UBERON:0002030,CC0 1.0,MEDLINE cooccurrence,False
DOID:7148,UBERON:0001463,CC0 1.0,MEDLINE cooccurrence,False
DOID:11934,UBERON:0000974,CC0 1.0,MEDLINE cooccurrence,False
DOID:219,UBERON:0001988,CC0 1.0,MEDLINE cooccurrence,False
DOID:11934,UBERON:0001577,CC0 1.0,MEDLINE cooccurrence,False
DOID:3393,UBERON:0002523,CC0 1.0,MEDLINE cooccurrence,False
DOID:1936,UBERON:0001404,CC0 1.0,MEDLINE cooccurrence,False
DOID:5041,UBERON:0000483,CC0 1.0,MEDLINE cooccurrence,False
DOID:1312,UBERON:0001231,CC0 1.0,MEDLINE cooccurrence,False
DOID:10763,UBERON:0004535,CC0 1.0,MEDLINE cooccurrence,False
DOID:10763,UBERON:0001000,CC0 1.0,MEDLINE cooccurrence,False
DOID:1793,UBERON:0002466,CC0 1.0,MEDLINE cooccurrence,False
DOID:4045,UBERON:0000026,CC0 1.0,MEDLINE cooccurrence,False
DOID:10608,UBERON:0002466,CC0 1.0,MEDLINE cooccurrence,False
DOID:1909,UBERON:0001825,CC0 1.0,MEDLINE cooccurrence,False
DOID:8986,UBERON:0002707,CC0 1.0,MEDLINE cooccurrence,False
DOID:2394,UBERON:0000922,CC0 1.0,MEDLINE cooccurrence,False
DOID:4159,UBERON:0001691,CC0 1.0,MEDLINE cooccurrence,False
DOID:8398,UBERON:0002497,CC0 1.0,MEDLINE cooccurrence,False
DOID:11476,UBERON:0001710,CC0 1.0,MEDLINE cooccurrence,False
DOID:2994,UBERON:0000026,CC0 1.0,MEDLINE cooccurrence,False
DOID:1319,UBERON:0002500,CC0 1.0,MEDLINE cooccurrence,False
DOID:0060119,UBERON:0001831,CC0 1.0,MEDLINE cooccurrence,False
DOID:7148,UBERON:0002481,CC0 1.0,MEDLINE cooccurrence,False
DOID:3277,UBERON:0002012,CC0 1.0,MEDLINE cooccurrence,False
DOID:13241,UBERON:0002298,CC0 1.0,MEDLINE cooccurrence,False
DOID:5612,UBERON:0001886,CC0 1.0,MEDLINE cooccurrence,False
DOID:5408,UBERON:0001464,CC0 1.0,MEDLINE cooccurrence,False
DOID:9744,UBERON:0001744,CC0 1.0,MEDLINE cooccurrence,False
DOID:219,UBERON:0001986,CC0 1.0,MEDLINE cooccurrence,False
DOID:1319,UBERON:0001638,CC0 1.0,MEDLINE cooccurrence,False
DOID:1192,UBERON:0002298,CC0 1.0,MEDLINE cooccurrence,False
DOID:1319,UBERON:0001017,CC0 1.0,MEDLINE cooccurrence,False
DOID:9352,UBERON:0001673,CC0 1.0,MEDLINE cooccurrence,False
DOID:9074,UBERON:0002097,CC0 1.0,MEDLINE cooccurrence,False
DOID:363,UBERON:0003889,CC0 1.0,MEDLINE cooccurrence,False
DOID:175,UBERON:0002081,CC0 1.0,MEDLINE cooccurrence,False
DOID:4045,UBERON:0001300,CC0 1.0,MEDLINE cooccurrence,False
DOID:9296,UBERON:0002418,CC0 1.0,MEDLINE cooccurrence,False
DOID:2377,UBERON:0002707,CC0 1.0,MEDLINE cooccurrence,False
DOID:1319,UBERON:0001986,CC0 1.0,MEDLINE cooccurrence,False
DOID:11949,UBERON:0002363,CC0 1.0,MEDLINE cooccurrence,False
DOID:14004,UBERON:0001516,CC0 1.0,MEDLINE cooccurrence,False
DOID:11054,UBERON:0002385,CC0 1.0,MEDLINE cooccurrence,False
DOID:5408,UBERON:0001676,CC0 1.0,MEDLINE cooccurrence,False
DOID:2043,UBERON:0001914,CC0 1.0,MEDLINE cooccurrence,False
DOID:10534,UBERON:0000483,CC0 1.0,MEDLINE cooccurrence,False
DOID:5612,UBERON:0002606,CC0 1.0,MEDLINE cooccurrence,False
DOID:11476,UBERON:0002347,CC0 1.0,MEDLINE cooccurrence,False
DOID:1115,UBERON:0002097,CC0 1.0,MEDLINE cooccurrence,False
DOID:1115,UBERON:0002500,CC0 1.0,MEDLINE cooccurrence,False
DOID:8778,UBERON:0002017,CC0 1.0,MEDLINE cooccurrence,False
DOID:4045,UBERON:0001567,CC0 1.0,MEDLINE cooccurrence,False
DOID:8577,UBERON:0002294,CC0 1.0,MEDLINE cooccurrence,False
DOID:1790,UBERON:0000473,CC0 1.0,MEDLINE cooccurrence,False
DOID:9835,UBERON:0001777,CC0 1.0,MEDLINE cooccurrence,False
DOID:9296,UBERON:0001818,CC0 1.0,MEDLINE cooccurrence,False
DOID:4481,UBERON:0000011,CC0 1.0,MEDLINE cooccurrence,False
DOID:1245,UBERON:0000057,CC0 1.0,MEDLINE cooccurrence,False
DOID:184,UBERON:0001456,CC0 1.0,MEDLINE cooccurrence,False
DOID:184,UBERON:0003216,CC0 1.0,MEDLINE cooccurrence,False
DOID:175,UBERON:0002012,CC0 1.0,MEDLINE cooccurrence,False
DOID:11934,UBERON:0002046,CC0 1.0,MEDLINE cooccurrence,False
DOID:11714,UBERON:0000996,CC0 1.0,MEDLINE cooccurrence,False
DOID:1909,UBERON:0002398,CC0 1.0,MEDLINE cooccurrence,False
DOID:1115,UBERON:0002418,CC0 1.0,MEDLINE cooccurrence,False
DOID:1459,UBERON:0000991,CC0 1.0,MEDLINE cooccurrence,False
DOID:2043,UBERON:0001988,CC0 1.0,MEDLINE cooccurrence,False
DOID:184,UBERON:0002371,CC0 1.0,MEDLINE cooccurrence,False
DOID:6364,UBERON:0001627,CC0 1.0,MEDLINE cooccurrence,False
DOID:8850,UBERON:0001691,CC0 1.0,MEDLINE cooccurrence,False
DOID:184,UBERON:0001650,CC0 1.0,MEDLINE cooccurrence,False
DOID:363,UBERON:0001008,CC0 1.0,MEDLINE cooccurrence,False
DOID:10534,UBERON:0002368,CC0 1.0,MEDLINE cooccurrence,False
DOID:4989,UBERON:0000178,CC0 1.0,MEDLINE cooccurrence,False
DOID:12361,UBERON:0000970,CC0 1.0,MEDLINE cooccurrence,False
DOID:9744,UBERON:0001148,CC0 1.0,MEDLINE cooccurrence,False
DOID:4362,UBERON:0001968,CC0 1.0,MEDLINE cooccurrence,False
DOID:14004,UBERON:0002347,CC0 1.0,MEDLINE cooccurrence,False
DOID:11555,UBERON:0001777,CC0 1.0,MEDLINE cooccurrence,False
DOID:5559,UBERON:0001103,CC0 1.0,MEDLINE cooccurrence,False
DOID:3121,UBERON:0002110,CC0 1.0,MEDLINE cooccurrence,False
DOID:0050742,UBERON:0001891,CC0 1.0,MEDLINE cooccurrence,False
DOID:10763,UBERON:0002386,CC0 1.0,MEDLINE cooccurrence,False
DOID:1909,UBERON:0001467,CC0 1.0,MEDLINE cooccurrence,False
DOID:8850,UBERON:0001833,CC0 1.0,MEDLINE cooccurrence,False
DOID:14004,UBERON:0002137,CC0 1.0,MEDLINE cooccurrence,False
DOID:11934,UBERON:0000165,CC0 1.0,MEDLINE cooccurrence,False
DOID:8986,UBERON:0001891,CC0 1.0,MEDLINE cooccurrence,False
DOID:263,UBERON:0001008,CC0 1.0,MEDLINE cooccurrence,False
DOID:1781,UBERON:0001685,CC0 1.0,MEDLINE cooccurrence,False
DOID:184,UBERON:0001490,CC0 1.0,MEDLINE cooccurrence,False
DOID:5408,UBERON:0001844,CC0 1.0,MEDLINE cooccurrence,False
DOID:1612,UBERON:0001820,CC0 1.0,MEDLINE cooccurrence,False
DOID:2994,UBERON:0001535,CC0 1.0,MEDLINE cooccurrence,False
DOID:1993,UBERON:0002410,CC0 1.0,MEDLINE cooccurrence,False
DOID:10763,UBERON:0001285,CC0 1.0,MEDLINE cooccurrence,False
DOID:8893,UBERON:0002067,CC0 1.0,MEDLINE cooccurrence,False
DOID:4045,UBERON:0002378,CC0 1.0,MEDLINE cooccurrence,False
DOID:1781,UBERON:0000029,CC0 1.0,MEDLINE cooccurrence,False
DOID:4159,UBERON:0001037,CC0 1.0,MEDLINE cooccurrence,False
DOID:14004,UBERON:0001533,CC0 1.0,MEDLINE cooccurrence,False
DOID:13223,UBERON:0002030,CC0 1.0,MEDLINE cooccurrence,False
DOID:1192,UBERON:0001884,CC0 1.0,MEDLINE cooccurrence,False
DOID:6364,UBERON:0001021,CC0 1.0,MEDLINE cooccurrence,False
DOID:10608,UBERON:0002384,CC0 1.0,MEDLINE cooccurrence,False
DOID:12306,UBERON:0001711,CC0 1.0,MEDLINE cooccurrence,False
DOID:10763,UBERON:0002450,CC0 1.0,MEDLINE cooccurrence,False
DOID:1686,UBERON:0000966,CC0 1.0,MEDLINE cooccurrence,False
DOID:8893,UBERON:0002018,CC0 1.0,MEDLINE cooccurrence,False
DOID:13378,UBERON:0001394,CC0 1.0,MEDLINE cooccurrence,False
DOID:332,UBERON:0000010,CC0 1.0,MEDLINE cooccurrence,False
DOID:8850,UBERON:0000482,CC0 1.0,MEDLINE cooccurrence,False
DOID:5875,UBERON:0001072,CC0 1.0,MEDLINE cooccurrence,False
DOID:4159,UBERON:0006849,CC0 1.0,MEDLINE cooccurrence,False
DOID:184,UBERON:0002103,CC0 1.0,MEDLINE cooccurrence,False
DOID:10941,UBERON:0001636,CC0 1.0,MEDLINE cooccurrence,False
DOID:3953,UBERON:0001072,CC0 1.0,MEDLINE cooccurrence,False
DOID:11934,UBERON:0001648,CC0 1.0,MEDLINE cooccurrence,False
DOID:14330,UBERON:0000955,CC0 1.0,MEDLINE cooccurrence,False
DOID:0060119,UBERON:0003126,CC0 1.0,MEDLINE cooccurrence,False
DOID:2377,UBERON:0001323,CC0 1.0,MEDLINE cooccurrence,False
DOID:1192,UBERON:0002517,CC0 1.0,MEDLINE cooccurrence,False
DOID:3277,UBERON:0000007,CC0 1.0,MEDLINE cooccurrence,False
DOID:1725,UBERON:0000483,CC0 1.0,MEDLINE cooccurrence,False
DOID:332,UBERON:0002037,CC0 1.0,MEDLINE cooccurrence,False
DOID:1192,UBERON:0001324,CC0 1.0,MEDLINE cooccurrence,False
DOID:5875,UBERON:0002369,CC0 1.0,MEDLINE cooccurrence,False
DOID:1115,UBERON:0002385,CC0 1.0,MEDLINE cooccurrence,False
DOID:635,UBERON:0000996,CC0 1.0,MEDLINE cooccurrence,False
DOID:0050156,UBERON:0001004,CC0 1.0,MEDLINE cooccurrence,False
DOID:10534,UBERON:0001194,CC0 1.0,MEDLINE cooccurrence,False
DOID:14330,UBERON:0001896,CC0 1.0,MEDLINE cooccurrence,False
DOID:9744,UBERON:0001836,CC0 1.0,MEDLINE cooccurrence,False
DOID:2986,UBERON:0001285,CC0 1.0,MEDLINE cooccurrence,False
DOID:5612,UBERON:0002361,CC0 1.0,MEDLINE cooccurrence,False
DOID:1790,UBERON:0002450,CC0 1.0,MEDLINE cooccurrence,False
DOID:8778,UBERON:0001744,CC0 1.0,MEDLINE cooccurrence,False
DOID:5875,UBERON:0001103,CC0 1.0,MEDLINE cooccurrence,False
DOID:3565,UBERON:0001756,CC0 1.0,MEDLINE cooccurrence,False
DOID:3571,UBERON:0000922,CC0 1.0,MEDLINE cooccurrence,False
DOID:1936,UBERON:0002107,CC0 1.0,MEDLINE cooccurrence,False
DOID:10283,UBERON:0002367,CC0 1.0,MEDLINE cooccurrence,False
DOID:2174,UBERON:0001620,CC0 1.0,MEDLINE cooccurrence,False
DOID:11934,UBERON:0001821,CC0 1.0,MEDLINE cooccurrence,False
DOID:3121,UBERON:0002107,CC0 1.0,MEDLINE cooccurrence,False
DOID:1936,UBERON:0001406,CC0 1.0,MEDLINE cooccurrence,False
DOID:184,UBERON:0000004,CC0 1.0,MEDLINE cooccurrence,False
DOID:10763,UBERON:0001638,CC0 1.0,MEDLINE cooccurrence,False
DOID:7147,UBERON:0002137,CC0 1.0,MEDLINE cooccurrence,False
DOID:219,UBERON:0001182,CC0 1.0,MEDLINE cooccurrence,False
DOID:2994,UBERON:0001643,CC0 1.0,MEDLINE cooccurrence,False
DOID:1909,UBERON:0001775,CC0 1.0,MEDLINE cooccurrence,False
DOID:7148,UBERON:0001090,CC0 1.0,MEDLINE cooccurrence,False
DOID:7148,UBERON:0001744,CC0 1.0,MEDLINE cooccurrence,False
DOID:3070,UBERON:0002606,CC0 1.0,MEDLINE cooccurrence,False
DOID:1993,UBERON:0002356,CC0 1.0,MEDLINE cooccurrence,False
DOID:4481,UBERON:0001004,CC0 1.0,MEDLINE cooccurrence,False
DOID:2994,UBERON:0002347,CC0 1.0,MEDLINE cooccurrence,False
DOID:10153,UBERON:0002378,CC0 1.0,MEDLINE cooccurrence,False
DOID:10941,UBERON:0001694,CC0 1.0,MEDLINE cooccurrence,False
DOID:1192,UBERON:0001463,CC0 1.0,MEDLINE cooccurrence,False
DOID:2596,UBERON:0001737,CC0 1.0,MEDLINE cooccurrence,False
DOID:12185,UBERON:0000043,CC0 1.0,MEDLINE cooccurrence,False
DOID:2596,UBERON:0002418,CC0 1.0,MEDLINE cooccurrence,False
DOID:1612,UBERON:0001470,CC0 1.0,MEDLINE cooccurrence,False
DOID:12185,UBERON:0001352,CC0 1.0,MEDLINE cooccurrence,False
DOID:1115,UBERON:0002363,CC0 1.0,MEDLINE cooccurrence,False
DOID:11934,UBERON:0001647,CC0 1.0,MEDLINE cooccurrence,False
DOID:13378,UBERON:0002097,CC0 1.0,MEDLINE cooccurrence,False
DOID:2531,UBERON:0001587,CC0 1.0,MEDLINE cooccurrence,False
DOID:10941,UBERON:0000941,CC0 1.0,MEDLINE cooccurrence,False
DOID:10763,UBERON:0001981,CC0 1.0,MEDLINE cooccurrence,False
DOID:10534,UBERON:0002107,CC0 1.0,MEDLINE cooccurrence,False
DOID:9206,UBERON:0001970,CC0 1.0,MEDLINE cooccurrence,False
DOID:4989,UBERON:0002365,CC0 1.0,MEDLINE cooccurrence,False
DOID:2841,UBERON:0001089,CC0 1.0,MEDLINE cooccurrence,False
DOID:3070,UBERON:0002360,CC0 1.0,MEDLINE cooccurrence,False
DOID:3565,UBERON:0001070,CC0 1.0,MEDLINE cooccurrence,False
DOID:184,UBERON:0001711,CC0 1.0,MEDLINE cooccurrence,False
DOID:784,UBERON:0000946,CC0 1.0,MEDLINE cooccurrence,False
DOID:0050425,UBERON:0002378,CC0 1.0,MEDLINE cooccurrence,False
DOID:219,UBERON:0001970,CC0 1.0,MEDLINE cooccurrence,False
DOID:8850,UBERON:0001567,CC0 1.0,MEDLINE cooccurrence,False
DOID:0050741,UBERON:0001148,CC0 1.0,MEDLINE cooccurrence,False
DOID:1686,UBERON:0001711,CC0 1.0,MEDLINE cooccurrence,False
DOID:1192,UBERON:0001643,CC0 1.0,MEDLINE cooccurrence,False
DOID:12361,UBERON:0002385,CC0 1.0,MEDLINE cooccurrence,False
DOID:3393,UBERON:0000948,CC0 1.0,MEDLINE cooccurrence,False
DOID:6364,UBERON:0001908,CC0 1.0,MEDLINE cooccurrence,False
DOID:1826,UBERON:0002130,CC0 1.0,MEDLINE cooccurrence,False
DOID:3393,UBERON:0002099,CC0 1.0,MEDLINE cooccurrence,False
DOID:14227,UBERON:0000999,CC0 1.0,MEDLINE cooccurrence,False
DOID:2174,UBERON:0000970,CC0 1.0,MEDLINE cooccurrence,False
DOID:3310,UBERON:0000033,CC0 1.0,MEDLINE cooccurrence,False
DOID:2531,UBERON:0001305,CC0 1.0,MEDLINE cooccurrence,False
DOID:1993,UBERON:0000057,CC0 1.0,MEDLINE cooccurrence,False
DOID:1793,UBERON:0002110,CC0 1.0,MEDLINE cooccurrence,False
DOID:5612,UBERON:0001896,CC0 1.0,MEDLINE cooccurrence,False
DOID:7693,UBERON:0001111,CC0 1.0,MEDLINE cooccurrence,False
DOID:2355,UBERON:0002516,CC0 1.0,MEDLINE cooccurrence,False
DOID:1790,UBERON:0002048,CC0 1.0,MEDLINE cooccurrence,False
DOID:14221,UBERON:0000989,CC0 1.0,MEDLINE cooccurrence,False
DOID:3083,UBERON:0002299,CC0 1.0,MEDLINE cooccurrence,False
DOID:9744,UBERON:0001264,CC0 1.0,MEDLINE cooccurrence,False
DOID:2394,UBERON:0000995,CC0 1.0,MEDLINE cooccurrence,False
DOID:13189,UBERON:0001365,CC0 1.0,MEDLINE cooccurrence,False
DOID:1459,UBERON:0004535,CC0 1.0,MEDLINE cooccurrence,False
DOID:11615,UBERON:0001821,CC0 1.0,MEDLINE cooccurrence,False
DOID:2355,UBERON:0000946,CC0 1.0,MEDLINE cooccurrence,False
DOID:14004,UBERON:0002521,CC0 1.0,MEDLINE cooccurrence,False
DOID:10763,UBERON:0000011,CC0 1.0,MEDLINE cooccurrence,False
DOID:11934,UBERON:0002365,CC0 1.0,MEDLINE cooccurrence,False
DOID:2174,UBERON:0001825,CC0 1.0,MEDLINE cooccurrence,False
DOID:0060119,UBERON:0001650,CC0 1.0,MEDLINE cooccurrence,False
DOID:1686,UBERON:0001620,CC0 1.0,MEDLINE cooccurrence,False
DOID:784,UBERON:0000056,CC0 1.0,MEDLINE cooccurrence,False
DOID:1115,UBERON:0001678,CC0 1.0,MEDLINE cooccurrence,False
DOID:1024,UBERON:0001323,CC0 1.0,MEDLINE cooccurrence,False
DOID:11612,UBERON:0000995,CC0 1.0,MEDLINE cooccurrence,False
DOID:119,UBERON:0000483,CC0 1.0,MEDLINE cooccurrence,False
DOID:10763,UBERON:0002351,CC0 1.0,MEDLINE cooccurrence,False
DOID:14004,UBERON:0000978,CC0 1.0,MEDLINE cooccurrence,False
DOID:1319,UBERON:0002028,CC0 1.0,MEDLINE cooccurrence,False
DOID:332,UBERON:0001884,CC0 1.0,MEDLINE cooccurrence,False
DOID:1909,UBERON:0001986,CC0 1.0,MEDLINE cooccurrence,False
DOID:11934,UBERON:0000029,CC0 1.0,MEDLINE cooccurrence,False
DOID:7148,UBERON:0002398,CC0 1.0,MEDLINE cooccurrence,False
DOID:4045,UBERON:0006849,CC0 1.0,MEDLINE cooccurrence,False
DOID:2986,UBERON:0000482,CC0 1.0,MEDLINE cooccurrence,False
DOID:9008,UBERON:0001490,CC0 1.0,MEDLINE cooccurrence,False
DOID:7148,UBERON:0002205,CC0 1.0,MEDLINE cooccurrence,False
DOID:7693,UBERON:0002414,CC0 1.0,MEDLINE cooccurrence,False
DOID:184,UBERON:0001470,CC0 1.0,MEDLINE cooccurrence,False
DOID:9835,UBERON:0001786,CC0 1.0,MEDLINE cooccurrence,False
DOID:3393,UBERON:0002146,CC0 1.0,MEDLINE cooccurrence,False
DOID:5559,UBERON:0002081,CC0 1.0,MEDLINE cooccurrence,False
DOID:1595,UBERON:0002368,CC0 1.0,MEDLINE cooccurrence,False
DOID:2994,UBERON:0001700,CC0 1.0,MEDLINE cooccurrence,False
DOID:2174,UBERON:0000941,CC0 1.0,MEDLINE cooccurrence,False
DOID:5559,UBERON:0001759,CC0 1.0,MEDLINE cooccurrence,False
DOID:13223,UBERON:0000993,CC0 1.0,MEDLINE cooccurrence,False
DOID:1595,UBERON:0000955,CC0 1.0,MEDLINE cooccurrence,False
DOID:9074,UBERON:0000946,CC0 1.0,MEDLINE cooccurrence,False
DOID:11949,UBERON:0000955,CC0 1.0,MEDLINE cooccurrence,False
DOID:10763,UBERON:0002410,CC0 1.0,MEDLINE cooccurrence,False
DOID:2174,UBERON:0003129,CC0 1.0,MEDLINE cooccurrence,False
DOID:175,UBERON:0001070,CC0 1.0,MEDLINE cooccurrence,False
DOID:0050741,UBERON:0000178,CC0 1.0,MEDLINE cooccurrence,False
DOID:1192,UBERON:0001646,CC0 1.0,MEDLINE cooccurrence,False
DOID:363,UBERON:0001296,CC0 1.0,MEDLINE cooccurrence,False
DOID:2841,UBERON:0000482,CC0 1.0,MEDLINE cooccurrence,False
DOID:4045,UBERON:0002453,CC0 1.0,MEDLINE cooccurrence,False
DOID:9074,UBERON:0004452,CC0 1.0,MEDLINE cooccurrence,False
DOID:635,UBERON:0001986,CC0 1.0,MEDLINE cooccurrence,False
DOID:10763,UBERON:0001017,CC0 1.0,MEDLINE cooccurrence,False
DOID:7147,UBERON:0001676,CC0 1.0,MEDLINE cooccurrence,False
DOID:11949,UBERON:0002240,CC0 1.0,MEDLINE cooccurrence,False
DOID:3565,UBERON:0001844,CC0 1.0,MEDLINE cooccurrence,False
DOID:4606,UBERON:0001143,CC0 1.0,MEDLINE cooccurrence,False
DOID:11934,UBERON:0001846,CC0 1.0,MEDLINE cooccurrence,False
DOID:184,UBERON:0002397,CC0 1.0,MEDLINE cooccurrence,False
DOID:4362,UBERON:0000483,CC0 1.0,MEDLINE cooccurrence,False
DOID:2994,UBERON:0002422,CC0 1.0,MEDLINE cooccurrence,False
DOID:585,UBERON:0000056,CC0 1.0,MEDLINE cooccurrence,False
DOID:2377,UBERON:0001896,CC0 1.0,MEDLINE cooccurrence,False
DOID:2174,UBERON:0001760,CC0 1.0,MEDLINE cooccurrence,False
DOID:2377,UBERON:0001577,CC0 1.0,MEDLINE cooccurrence,False
DOID:11934,UBERON:0002500,CC0 1.0,MEDLINE cooccurrence,False
DOID:4045,UBERON:0002356,CC0 1.0,MEDLINE cooccurrence,False
DOID:14330,UBERON:0002707,CC0 1.0,MEDLINE cooccurrence,False
DOID:13378,UBERON:0002523,CC0 1.0,MEDLINE cooccurrence,False
DOID:2841,UBERON:0002410,CC0 1.0,MEDLINE cooccurrence,False
DOID:4362,UBERON:0000482,CC0 1.0,MEDLINE cooccurrence,False
DOID:3565,UBERON:0001645,CC0 1.0,MEDLINE cooccurrence,False
DOID:4045,UBERON:0000922,CC0 1.0,MEDLINE cooccurrence,False
DOID:10608,UBERON:0001007,CC0 1.0,MEDLINE cooccurrence,False
DOID:1319,UBERON:0000941,CC0 1.0,MEDLINE cooccurrence,False
DOID:10941,UBERON:0001646,CC0 1.0,MEDLINE cooccurrence,False
DOID:0060119,UBERON:0001744,CC0 1.0,MEDLINE cooccurrence,False
DOID:8398,UBERON:0001479,CC0 1.0,MEDLINE cooccurrence,False
DOID:3953,UBERON:0001237,CC0 1.0,MEDLINE cooccurrence,False
DOID:1595,UBERON:0001759,CC0 1.0,MEDLINE cooccurrence,False
DOID:11934,UBERON:0002223,CC0 1.0,MEDLINE cooccurrence,False
DOID:332,UBERON:0002240,CC0 1.0,MEDLINE cooccurrence,False
DOID:11934,UBERON:0003126,CC0 1.0,MEDLINE cooccurrence,False
DOID:12361,UBERON:0001679,CC0 1.0,MEDLINE cooccurrence,False
DOID:7148,UBERON:0002387,CC0 1.0,MEDLINE cooccurrence,False
DOID:12930,UBERON:0002081,CC0 1.0,MEDLINE cooccurrence,False
DOID:5419,UBERON:0002673,CC0 1.0,MEDLINE cooccurrence,False
DOID:10608,UBERON:0001135,CC0 1.0,MEDLINE cooccurrence,False
DOID:10153,UBERON:0000056,CC0 1.0,MEDLINE cooccurrence,False
DOID:1612,UBERON:0002521,CC0 1.0,MEDLINE cooccurrence,False
DOID:0060119,UBERON:0001678,CC0 1.0,MEDLINE cooccurrence,False
DOID:10534,UBERON:0001744,CC0 1.0,MEDLINE cooccurrence,False
DOID:11476,UBERON:0002228,CC0 1.0,MEDLINE cooccurrence,False
DOID:9744,UBERON:0002516,CC0 1.0,MEDLINE cooccurrence,False
DOID:3070,UBERON:0000922,CC0 1.0,MEDLINE cooccurrence,False
DOID:1909,UBERON:0001707,CC0 1.0,MEDLINE cooccurrence,False
DOID:219,UBERON:0002466,CC0 1.0,MEDLINE cooccurrence,False
DOID:9835,UBERON:0000970,CC0 1.0,MEDLINE cooccurrence,False
DOID:11934,UBERON:0001616,CC0 1.0,MEDLINE cooccurrence,False
DOID:2355,UBERON:0002107,CC0 1.0,MEDLINE cooccurrence,False
DOID:4159,UBERON:0002384,CC0 1.0,MEDLINE cooccurrence,False
DOID:8398,UBERON:0001470,CC0 1.0,MEDLINE cooccurrence,False
DOID:9296,UBERON:0001690,CC0 1.0,MEDLINE cooccurrence,False
DOID:2994,UBERON:0002362,CC0 1.0,MEDLINE cooccurrence,False
DOID:10652,UBERON:0001981,CC0 1.0,MEDLINE cooccurrence,False
DOID:5612,UBERON:0000988,CC0 1.0,MEDLINE cooccurrence,False
DOID:1993,UBERON:0001193,CC0 1.0,MEDLINE cooccurrence,False
DOID:10283,UBERON:0000989,CC0 1.0,MEDLINE cooccurrence,False
DOID:0050742,UBERON:0000955,CC0 1.0,MEDLINE cooccurrence,False
DOID:9744,UBERON:0002410,CC0 1.0,MEDLINE cooccurrence,False
DOID:4045,UBERON:0002500,CC0 1.0,MEDLINE cooccurrence,False
DOID:3565,UBERON:0000959,CC0 1.0,MEDLINE cooccurrence,False
DOID:4481,UBERON:0002097,CC0 1.0,MEDLINE cooccurrence,False
DOID:418,UBERON:0004452,CC0 1.0,MEDLINE cooccurrence,False
DOID:11239,UBERON:0001135,CC0 1.0,MEDLINE cooccurrence,False
DOID:12930,UBERON:0002137,CC0 1.0,MEDLINE cooccurrence,False
DOID:9074,UBERON:0000977,CC0 1.0,MEDLINE cooccurrence,False
DOID:5419,UBERON:0001891,CC0 1.0,MEDLINE cooccurrence,False
DOID:8398,UBERON:0001486,CC0 1.0,MEDLINE cooccurrence,False
DOID:2394,UBERON:0000993,CC0 1.0,MEDLINE cooccurrence,False
DOID:1115,UBERON:0002146,CC0 1.0,MEDLINE cooccurrence,False
DOID:5612,UBERON:0001815,CC0 1.0,MEDLINE cooccurrence,False
DOID:184,UBERON:0001486,CC0 1.0,MEDLINE cooccurrence,False
DOID:11934,UBERON:0002382,CC0 1.0,MEDLINE cooccurrence,False
DOID:14330,UBERON:0001236,CC0 1.0,MEDLINE cooccurrence,False
DOID:14330,UBERON:0002148,CC0 1.0,MEDLINE cooccurrence,False
DOID:1686,UBERON:0001768,CC0 1.0,MEDLINE cooccurrence,False
DOID:184,UBERON:0002398,CC0 1.0,MEDLINE cooccurrence,False
DOID:9296,UBERON:0000004,CC0 1.0,MEDLINE cooccurrence,False
DOID:12930,UBERON:0000946,CC0 1.0,MEDLINE cooccurrence,False
DOID:0050425,UBERON:0000026,CC0 1.0,MEDLINE cooccurrence,False
DOID:9835,UBERON:0000053,CC0 1.0,MEDLINE cooccurrence,False
DOID:7147,UBERON:0000211,CC0 1.0,MEDLINE cooccurrence,False
DOID:2355,UBERON:0000989,CC0 1.0,MEDLINE cooccurrence,False
DOID:1781,UBERON:0001587,CC0 1.0,MEDLINE cooccurrence,False
DOID:5559,UBERON:0001884,CC0 1.0,MEDLINE cooccurrence,False
DOID:7148,UBERON:0001832,CC0 1.0,MEDLINE cooccurrence,False
DOID:184,UBERON:0001691,CC0 1.0,MEDLINE cooccurrence,False
DOID:8893,UBERON:0001365,CC0 1.0,MEDLINE cooccurrence,False
DOID:11714,UBERON:0001310,CC0 1.0,MEDLINE cooccurrence,False
DOID:2998,UBERON:0002512,CC0 1.0,MEDLINE cooccurrence,False
DOID:5419,UBERON:0001089,CC0 1.0,MEDLINE cooccurrence,False
DOID:184,UBERON:0001681,CC0 1.0,MEDLINE cooccurrence,False
DOID:8577,UBERON:0001182,CC0 1.0,MEDLINE cooccurrence,False
DOID:1319,UBERON:0004727,CC0 1.0,MEDLINE cooccurrence,False
DOID:3393,UBERON:0001533,CC0 1.0,MEDLINE cooccurrence,False
DOID:14221,UBERON:0002523,CC0 1.0,MEDLINE cooccurrence,False
DOID:4606,UBERON:0002017,CC0 1.0,MEDLINE cooccurrence,False
DOID:2841,UBERON:0000483,CC0 1.0,MEDLINE cooccurrence,False
DOID:11819,UBERON:0000056,CC0 1.0,MEDLINE cooccurrence,False
DOID:11612,UBERON:0002523,CC0 1.0,MEDLINE cooccurrence,False
DOID:3393,UBERON:0004535,CC0 1.0,MEDLINE cooccurrence,False
DOID:363,UBERON:0000211,CC0 1.0,MEDLINE cooccurrence,False
DOID:3565,UBERON:0001677,CC0 1.0,MEDLINE cooccurrence,False
DOID:13189,UBERON:0001490,CC0 1.0,MEDLINE cooccurrence,False
DOID:9074,UBERON:0002137,CC0 1.0,MEDLINE cooccurrence,False
DOID:1459,UBERON:0001343,CC0 1.0,MEDLINE cooccurrence,False
DOID:9744,UBERON:0001530,CC0 1.0,MEDLINE cooccurrence,False
DOID:10871,UBERON:0000053,CC0 1.0,MEDLINE cooccurrence,False
DOID:9074,UBERON:0001744,CC0 1.0,MEDLINE cooccurrence,False
DOID:2394,UBERON:0001103,CC0 1.0,MEDLINE cooccurrence,False
DOID:1245,UBERON:0000996,CC0 1.0,MEDLINE cooccurrence,False
DOID:8893,UBERON:0001461,CC0 1.0,MEDLINE cooccurrence,False
DOID:9970,UBERON:0001988,CC0 1.0,MEDLINE cooccurrence,False
DOID:1826,UBERON:0001649,CC0 1.0,MEDLINE cooccurrence,False
DOID:11612,UBERON:0002522,CC0 1.0,MEDLINE cooccurrence,False
DOID:14330,UBERON:0004535,CC0 1.0,MEDLINE cooccurrence,False
DOID:10652,UBERON:0001017,CC0 1.0,MEDLINE cooccurrence,False
DOID:5559,UBERON:0002046,CC0 1.0,MEDLINE cooccurrence,False
DOID:5041,UBERON:0000029,CC0 1.0,MEDLINE cooccurrence,False
DOID:2596,UBERON:0000483,CC0 1.0,MEDLINE cooccurrence,False
DOID:10652,UBERON:0001771,CC0 1.0,MEDLINE cooccurrence,False
DOID:0050741,UBERON:0001343,CC0 1.0,MEDLINE cooccurrence,False
DOID:3121,UBERON:0001175,CC0 1.0,MEDLINE cooccurrence,False
DOID:1115,UBERON:0001361,CC0 1.0,MEDLINE cooccurrence,False
DOID:0050741,UBERON:0001970,CC0 1.0,MEDLINE cooccurrence,False
DOID:3277,UBERON:0001587,CC0 1.0,MEDLINE cooccurrence,False
DOID:4481,UBERON:0002185,CC0 1.0,MEDLINE cooccurrence,False
DOID:7147,UBERON:0001464,CC0 1.0,MEDLINE cooccurrence,False
DOID:1459,UBERON:0001132,CC0 1.0,MEDLINE cooccurrence,False
DOID:2355,UBERON:0001627,CC0 1.0,MEDLINE cooccurrence,False
DOID:14004,UBERON:0002060,CC0 1.0,MEDLINE cooccurrence,False
DOID:2994,UBERON:0000970,CC0 1.0,MEDLINE cooccurrence,False
DOID:11819,UBERON:0001008,CC0 1.0,MEDLINE cooccurrence,False
DOID:9074,UBERON:0002384,CC0 1.0,MEDLINE cooccurrence,False
DOID:10652,UBERON:0000011,CC0 1.0,MEDLINE cooccurrence,False
DOID:3571,UBERON:0000211,CC0 1.0,MEDLINE cooccurrence,False
DOID:5419,UBERON:0002405,CC0 1.0,MEDLINE cooccurrence,False
DOID:1319,UBERON:0002361,CC0 1.0,MEDLINE cooccurrence,False
DOID:175,UBERON:0001406,CC0 1.0,MEDLINE cooccurrence,False
DOID:11612,UBERON:0002369,CC0 1.0,MEDLINE cooccurrence,False
DOID:8577,UBERON:0002394,CC0 1.0,MEDLINE cooccurrence,False
DOID:1319,UBERON:0001908,CC0 1.0,MEDLINE cooccurrence,False
DOID:4481,UBERON:0001762,CC0 1.0,MEDLINE cooccurrence,False
DOID:10763,UBERON:0001986,CC0 1.0,MEDLINE cooccurrence,False
DOID:418,UBERON:0002066,CC0 1.0,MEDLINE cooccurrence,False
DOID:9835,UBERON:0000941,CC0 1.0,MEDLINE cooccurrence,False
DOID:12930,UBERON:0002494,CC0 1.0,MEDLINE cooccurrence,False
DOID:9970,UBERON:0001398,CC0 1.0,MEDLINE cooccurrence,False
DOID:5612,UBERON:0002413,CC0 1.0,MEDLINE cooccurrence,False
DOID:1319,UBERON:0001577,CC0 1.0,MEDLINE cooccurrence,False
DOID:1115,UBERON:0001461,CC0 1.0,MEDLINE cooccurrence,False
DOID:11476,UBERON:0001486,CC0 1.0,MEDLINE cooccurrence,False
DOID:1192,UBERON:0001678,CC0 1.0,MEDLINE cooccurrence,False
DOID:0060119,UBERON:0001646,CC0 1.0,MEDLINE cooccurrence,False
DOID:1024,UBERON:0001148,CC0 1.0,MEDLINE cooccurrence,False
DOID:1192,UBERON:0001647,CC0 1.0,MEDLINE cooccurrence,False
DOID:1909,UBERON:0001697,CC0 1.0,MEDLINE cooccurrence,False
DOID:11934,UBERON:0001456,CC0 1.0,MEDLINE cooccurrence,False
DOID:9835,UBERON:0001985,CC0 1.0,MEDLINE cooccurrence,False
DOID:6364,UBERON:0002360,CC0 1.0,MEDLINE cooccurrence,False
DOID:219,UBERON:0001183,CC0 1.0,MEDLINE cooccurrence,False
DOID:3310,UBERON:0001702,CC0 1.0,MEDLINE cooccurrence,False
DOID:8398,UBERON:0002481,CC0 1.0,MEDLINE cooccurrence,False
DOID:332,UBERON:0002606,CC0 1.0,MEDLINE cooccurrence,False
DOID:4159,UBERON:0002097,CC0 1.0,MEDLINE cooccurrence,False
DOID:2994,UBERON:0001891,CC0 1.0,MEDLINE cooccurrence,False
DOID:6364,UBERON:0002410,CC0 1.0,MEDLINE cooccurrence,False
DOID:4159,UBERON:0001467,CC0 1.0,MEDLINE cooccurrence,False
DOID:7147,UBERON:0001467,CC0 1.0,MEDLINE cooccurrence,False
DOID:3070,UBERON:0001986,CC0 1.0,MEDLINE cooccurrence,False
DOID:8986,UBERON:0001890,CC0 1.0,MEDLINE cooccurrence,False
DOID:2994,UBERON:0001844,CC0 1.0,MEDLINE cooccurrence,False
DOID:3953,UBERON:0001184,CC0 1.0,MEDLINE cooccurrence,False
DOID:418,UBERON:0002048,CC0 1.0,MEDLINE cooccurrence,False
DOID:2394,UBERON:0002411,CC0 1.0,MEDLINE cooccurrence,False
DOID:1094,UBERON:0001836,CC0 1.0,MEDLINE cooccurrence,False
DOID:8398,UBERON:0001461,CC0 1.0,MEDLINE cooccurrence,False
DOID:1024,UBERON:0001324,CC0 1.0,MEDLINE cooccurrence,False
DOID:8398,UBERON:0001488,CC0 1.0,MEDLINE cooccurrence,False
DOID:594,UBERON:0000955,CC0 1.0,MEDLINE cooccurrence,False
DOID:10976,UBERON:0000483,CC0 1.0,MEDLINE cooccurrence,False
DOID:1826,UBERON:0002385,CC0 1.0,MEDLINE cooccurrence,False
DOID:1192,UBERON:0001267,CC0 1.0,MEDLINE cooccurrence,False
DOID:2994,UBERON:0000959,CC0 1.0,MEDLINE cooccurrence,False
DOID:2377,UBERON:0002925,CC0 1.0,MEDLINE cooccurrence,False
DOID:10941,UBERON:0002517,CC0 1.0,MEDLINE cooccurrence,False
DOID:5041,UBERON:0002365,CC0 1.0,MEDLINE cooccurrence,False
DOID:8778,UBERON:0002005,CC0 1.0,MEDLINE cooccurrence,False
DOID:0060119,UBERON:0001723,CC0 1.0,MEDLINE cooccurrence,False
DOID:10763,UBERON:0002053,CC0 1.0,MEDLINE cooccurrence,False
DOID:11612,UBERON:0003889,CC0 1.0,MEDLINE cooccurrence,False
DOID:1319,UBERON:0002037,CC0 1.0,MEDLINE cooccurrence,False
DOID:0050741,UBERON:0001322,CC0 1.0,MEDLINE cooccurrence,False
DOID:0050425,UBERON:0002298,CC0 1.0,MEDLINE cooccurrence,False
DOID:3310,UBERON:0001820,CC0 1.0,MEDLINE cooccurrence,False
DOID:8778,UBERON:0002414,CC0 1.0,MEDLINE cooccurrence,False
DOID:10941,UBERON:0002360,CC0 1.0,MEDLINE cooccurrence,False
DOID:2841,UBERON:0002299,CC0 1.0,MEDLINE cooccurrence,False
DOID:3565,UBERON:0001676,CC0 1.0,MEDLINE cooccurrence,False
DOID:2994,UBERON:0001769,CC0 1.0,MEDLINE cooccurrence,False
DOID:5559,UBERON:0002040,CC0 1.0,MEDLINE cooccurrence,False
DOID:2355,UBERON:0001970,CC0 1.0,MEDLINE cooccurrence,False
DOID:4481,UBERON:0001716,CC0 1.0,MEDLINE cooccurrence,False
DOID:7147,UBERON:0001486,CC0 1.0,MEDLINE cooccurrence,False
DOID:3277,UBERON:0000483,CC0 1.0,MEDLINE cooccurrence,False
DOID:1936,UBERON:0001532,CC0 1.0,MEDLINE cooccurrence,False
DOID:2998,UBERON:0000029,CC0 1.0,MEDLINE cooccurrence,False
DOID:4159,UBERON:0001352,CC0 1.0,MEDLINE cooccurrence,False
DOID:10763,UBERON:0001673,CC0 1.0,MEDLINE cooccurrence,False
DOID:4159,UBERON:0002356,CC0 1.0,MEDLINE cooccurrence,False
DOID:1192,UBERON:0001645,CC0 1.0,MEDLINE cooccurrence,False
DOID:11934,UBERON:0001352,CC0 1.0,MEDLINE cooccurrence,False
DOID:3565,UBERON:0002362,CC0 1.0,MEDLINE cooccurrence,False
DOID:363,UBERON:0000002,CC0 1.0,MEDLINE cooccurrence,False
DOID:1612,UBERON:0000995,CC0 1.0,MEDLINE cooccurrence,False
DOID:12849,UBERON:0002405,CC0 1.0,MEDLINE cooccurrence,False
DOID:1319,UBERON:0001724,CC0 1.0,MEDLINE cooccurrence,False
DOID:1319,UBERON:0002240,CC0 1.0,MEDLINE cooccurrence,False
DOID:8778,UBERON:0002439,CC0 1.0,MEDLINE cooccurrence,False
DOID:3571,UBERON:0002107,CC0 1.0,MEDLINE cooccurrence,False
DOID:263,UBERON:0001140,CC0 1.0,MEDLINE cooccurrence,False
DOID:2994,UBERON:0000991,CC0 1.0,MEDLINE cooccurrence,False
DOID:1612,UBERON:0002371,CC0 1.0,MEDLINE cooccurrence,False
DOID:363,UBERON:0002378,CC0 1.0,MEDLINE cooccurrence,False
DOID:2994,UBERON:0001697,CC0 1.0,MEDLINE cooccurrence,False
DOID:8398,UBERON:0001490,CC0 1.0,MEDLINE cooccurrence,False
DOID:4362,UBERON:0000474,CC0 1.0,MEDLINE cooccurrence,False
DOID:8398,UBERON:0001465,CC0 1.0,MEDLINE cooccurrence,False
DOID:1115,UBERON:0001697,CC0 1.0,MEDLINE cooccurrence,False
DOID:6364,UBERON:0002148,CC0 1.0,MEDLINE cooccurrence,False
DOID:11119,UBERON:0002410,CC0 1.0,MEDLINE cooccurrence,False
DOID:184,UBERON:0001469,CC0 1.0,MEDLINE cooccurrence,False
DOID:2355,UBERON:0002390,CC0 1.0,MEDLINE cooccurrence,False
DOID:3565,UBERON:0001760,CC0 1.0,MEDLINE cooccurrence,False
DOID:10534,UBERON:0001971,CC0 1.0,MEDLINE cooccurrence,False
DOID:6364,UBERON:0001460,CC0 1.0,MEDLINE cooccurrence,False
DOID:3310,UBERON:0000974,CC0 1.0,MEDLINE cooccurrence,False
DOID:13189,UBERON:0002018,CC0 1.0,MEDLINE cooccurrence,False
DOID:1192,UBERON:0002414,CC0 1.0,MEDLINE cooccurrence,False
DOID:7693,UBERON:0001544,CC0 1.0,MEDLINE cooccurrence,False
DOID:14330,UBERON:0001805,CC0 1.0,MEDLINE cooccurrence,False
DOID:332,UBERON:0002298,CC0 1.0,MEDLINE cooccurrence,False
DOID:7148,UBERON:0001469,CC0 1.0,MEDLINE cooccurrence,False
DOID:6364,UBERON:0001676,CC0 1.0,MEDLINE cooccurrence,False
DOID:1319,UBERON:0001646,CC0 1.0,MEDLINE cooccurrence,False
DOID:2174,UBERON:0000483,CC0 1.0,MEDLINE cooccurrence,False
DOID:7147,UBERON:0002347,CC0 1.0,MEDLINE cooccurrence,False
DOID:13241,UBERON:0001796,CC0 1.0,MEDLINE cooccurrence,False
DOID:418,UBERON:0002067,CC0 1.0,MEDLINE cooccurrence,False
DOID:10652,UBERON:0001579,CC0 1.0,MEDLINE cooccurrence,False
DOID:363,UBERON:0000993,CC0 1.0,MEDLINE cooccurrence,False
DOID:3565,UBERON:0001886,CC0 1.0,MEDLINE cooccurrence,False
DOID:2841,UBERON:0001103,CC0 1.0,MEDLINE cooccurrence,False
DOID:1115,UBERON:0004769,CC0 1.0,MEDLINE cooccurrence,False
DOID:3277,UBERON:0001585,CC0 1.0,MEDLINE cooccurrence,False
DOID:3393,UBERON:0002522,CC0 1.0,MEDLINE cooccurrence,False
DOID:0050156,UBERON:0002012,CC0 1.0,MEDLINE cooccurrence,False
DOID:4481,UBERON:0001827,CC0 1.0,MEDLINE cooccurrence,False
DOID:11714,UBERON:0001467,CC0 1.0,MEDLINE cooccurrence,False
DOID:4159,UBERON:0000029,CC0 1.0,MEDLINE cooccurrence,False
DOID:1459,UBERON:0002107,CC0 1.0,MEDLINE cooccurrence,False
DOID:12185,UBERON:0001860,CC0 1.0,MEDLINE cooccurrence,False
DOID:10534,UBERON:0000042,CC0 1.0,MEDLINE cooccurrence,False
DOID:5419,UBERON:0000988,CC0 1.0,MEDLINE cooccurrence,False
DOID:2377,UBERON:0002286,CC0 1.0,MEDLINE cooccurrence,False
DOID:1686,UBERON:0001773,CC0 1.0,MEDLINE cooccurrence,False
DOID:1319,UBERON:0000007,CC0 1.0,MEDLINE cooccurrence,False
DOID:1115,UBERON:0001691,CC0 1.0,MEDLINE cooccurrence,False
DOID:4045,UBERON:0002103,CC0 1.0,MEDLINE cooccurrence,False
DOID:3571,UBERON:0001970,CC0 1.0,MEDLINE cooccurrence,False
DOID:4606,UBERON:0001174,CC0 1.0,MEDLINE cooccurrence,False
DOID:2994,UBERON:0001720,CC0 1.0,MEDLINE cooccurrence,False
DOID:784,UBERON:0000989,CC0 1.0,MEDLINE cooccurrence,False
DOID:11615,UBERON:0002382,CC0 1.0,MEDLINE cooccurrence,False
DOID:8893,UBERON:0001820,CC0 1.0,MEDLINE cooccurrence,False
DOID:1595,UBERON:0001577,CC0 1.0,MEDLINE cooccurrence,False
DOID:10283,UBERON:0000057,CC0 1.0,MEDLINE cooccurrence,False
DOID:11934,UBERON:0001836,CC0 1.0,MEDLINE cooccurrence,False
DOID:216,UBERON:0000165,CC0 1.0,MEDLINE cooccurrence,False
DOID:11934,UBERON:0001587,CC0 1.0,MEDLINE cooccurrence,False
DOID:2394,UBERON:0000029,CC0 1.0,MEDLINE cooccurrence,False
DOID:263,UBERON:0001184,CC0 1.0,MEDLINE cooccurrence,False
DOID:9744,UBERON:0000989,CC0 1.0,MEDLINE cooccurrence,False
DOID:1686,UBERON:0002521,CC0 1.0,MEDLINE cooccurrence,False
DOID:7148,UBERON:0001831,CC0 1.0,MEDLINE cooccurrence,False
DOID:10534,UBERON:0001638,CC0 1.0,MEDLINE cooccurrence,False
DOID:2043,UBERON:0002294,CC0 1.0,MEDLINE cooccurrence,False
DOID:7693,UBERON:0001184,CC0 1.0,MEDLINE cooccurrence,False
DOID:11054,UBERON:0002411,CC0 1.0,MEDLINE cooccurrence,False
DOID:6364,UBERON:0001717,CC0 1.0,MEDLINE cooccurrence,False
DOID:8850,UBERON:0001744,CC0 1.0,MEDLINE cooccurrence,False
DOID:3121,UBERON:0001970,CC0 1.0,MEDLINE cooccurrence,False
DOID:5041,UBERON:0000975,CC0 1.0,MEDLINE cooccurrence,False
DOID:1909,UBERON:0002097,CC0 1.0,MEDLINE cooccurrence,False
DOID:986,UBERON:0002073,CC0 1.0,MEDLINE cooccurrence,False
DOID:2174,UBERON:0001619,CC0 1.0,MEDLINE cooccurrence,False
DOID:2531,UBERON:0002048,CC0 1.0,MEDLINE cooccurrence,False
DOID:10941,UBERON:0003129,CC0 1.0,MEDLINE cooccurrence,False
DOID:6364,UBERON:0001148,CC0 1.0,MEDLINE cooccurrence,False
DOID:1826,UBERON:0001016,CC0 1.0,MEDLINE cooccurrence,False
DOID:12185,UBERON:0001756,CC0 1.0,MEDLINE cooccurrence,False
DOID:12185,UBERON:0001840,CC0 1.0,MEDLINE cooccurrence,False
DOID:14268,UBERON:0001064,CC0 1.0,MEDLINE cooccurrence,False
DOID:9970,UBERON:0001708,CC0 1.0,MEDLINE cooccurrence,False
DOID:10871,UBERON:0000941,CC0 1.0,MEDLINE cooccurrence,False
DOID:4481,UBERON:0000483,CC0 1.0,MEDLINE cooccurrence,False
DOID:2355,UBERON:0003129,CC0 1.0,MEDLINE cooccurrence,False
DOID:1094,UBERON:0002037,CC0 1.0,MEDLINE cooccurrence,False
DOID:3393,UBERON:0001361,CC0 1.0,MEDLINE cooccurrence,False
DOID:1612,UBERON:0001814,CC0 1.0,MEDLINE cooccurrence,False
DOID:5875,UBERON:0001267,CC0 1.0,MEDLINE cooccurrence,False
DOID:8398,UBERON:0004452,CC0 1.0,MEDLINE cooccurrence,False
DOID:1909,UBERON:0000026,CC0 1.0,MEDLINE cooccurrence,False
DOID:12849,UBERON:0000955,CC0 1.0,MEDLINE cooccurrence,False
DOID:2174,UBERON:0001776,CC0 1.0,MEDLINE cooccurrence,False
DOID:3083,UBERON:0001103,CC0 1.0,MEDLINE cooccurrence,False
DOID:1826,UBERON:0002148,CC0 1.0,MEDLINE cooccurrence,False
DOID:2994,UBERON:0001678,CC0 1.0,MEDLINE cooccurrence,False
DOID:824,UBERON:0001567,CC0 1.0,MEDLINE cooccurrence,False
DOID:2994,UBERON:0001675,CC0 1.0,MEDLINE cooccurrence,False
DOID:2994,UBERON:0001647,CC0 1.0,MEDLINE cooccurrence,False
DOID:1115,UBERON:0003129,CC0 1.0,MEDLINE cooccurrence,False
DOID:2174,UBERON:0001818,CC0 1.0,MEDLINE cooccurrence,False
DOID:1245,UBERON:0002060,CC0 1.0,MEDLINE cooccurrence,False
DOID:7148,UBERON:0001837,CC0 1.0,MEDLINE cooccurrence,False
DOID:3277,UBERON:0002048,CC0 1.0,MEDLINE cooccurrence,False
DOID:184,UBERON:0002363,CC0 1.0,MEDLINE cooccurrence,False
DOID:1993,UBERON:0001135,CC0 1.0,MEDLINE cooccurrence,False
DOID:2994,UBERON:0000988,CC0 1.0,MEDLINE cooccurrence,False
DOID:14004,UBERON:0001361,CC0 1.0,MEDLINE cooccurrence,False
DOID:216,UBERON:0004288,CC0 1.0,MEDLINE cooccurrence,False
DOID:8850,UBERON:0001716,CC0 1.0,MEDLINE cooccurrence,False
DOID:2377,UBERON:0000941,CC0 1.0,MEDLINE cooccurrence,False
DOID:2998,UBERON:0001968,CC0 1.0,MEDLINE cooccurrence,False
DOID:13241,UBERON:0001637,CC0 1.0,MEDLINE cooccurrence,False
DOID:363,UBERON:0002450,CC0 1.0,MEDLINE cooccurrence,False
DOID:184,UBERON:0001619,CC0 1.0,MEDLINE cooccurrence,False
DOID:2841,UBERON:0001825,CC0 1.0,MEDLINE cooccurrence,False
DOID:1024,UBERON:0001827,CC0 1.0,MEDLINE cooccurrence,False
DOID:12930,UBERON:0000013,CC0 1.0,MEDLINE cooccurrence,False
DOID:3277,UBERON:0002385,CC0 1.0,MEDLINE cooccurrence,False
DOID:9970,UBERON:0002410,CC0 1.0,MEDLINE cooccurrence,False
DOID:12236,UBERON:0001970,CC0 1.0,MEDLINE cooccurrence,False
DOID:1115,UBERON:0001764,CC0 1.0,MEDLINE cooccurrence,False
DOID:2596,UBERON:0001690,CC0 1.0,MEDLINE cooccurrence,False
DOID:1826,UBERON:0001532,CC0 1.0,MEDLINE cooccurrence,False
DOID:8986,UBERON:0002298,CC0 1.0,MEDLINE cooccurrence,False
DOID:2377,UBERON:0001016,CC0 1.0,MEDLINE cooccurrence,False
DOID:5612,UBERON:0002422,CC0 1.0,MEDLINE cooccurrence,False
DOID:1826,UBERON:0001148,CC0 1.0,MEDLINE cooccurrence,False
DOID:10534,UBERON:0001007,CC0 1.0,MEDLINE cooccurrence,False
DOID:5559,UBERON:0001132,CC0 1.0,MEDLINE cooccurrence,False
DOID:1595,UBERON:0000013,CC0 1.0,MEDLINE cooccurrence,False
DOID:6364,UBERON:0001981,CC0 1.0,MEDLINE cooccurrence,False
DOID:219,UBERON:0000922,CC0 1.0,MEDLINE cooccurrence,False
DOID:1909,UBERON:0001750,CC0 1.0,MEDLINE cooccurrence,False
DOID:8986,UBERON:0001577,CC0 1.0,MEDLINE cooccurrence,False
DOID:14330,UBERON:0002398,CC0 1.0,MEDLINE cooccurrence,False
DOID:13378,UBERON:0001398,CC0 1.0,MEDLINE cooccurrence,False
DOID:11612,UBERON:0000007,CC0 1.0,MEDLINE cooccurrence,False
DOID:1024,UBERON:0001460,CC0 1.0,MEDLINE cooccurrence,False
DOID:184,UBERON:0001724,CC0 1.0,MEDLINE cooccurrence,False
DOID:9296,UBERON:0001733,CC0 1.0,MEDLINE cooccurrence,False
DOID:0060119,UBERON:0001044,CC0 1.0,MEDLINE cooccurrence,False
DOID:11920,UBERON:0002515,CC0 1.0,MEDLINE cooccurrence,False
DOID:1319,UBERON:0001678,CC0 1.0,MEDLINE cooccurrence,False
DOID:1612,UBERON:0001533,CC0 1.0,MEDLINE cooccurrence,False
DOID:784,UBERON:0001638,CC0 1.0,MEDLINE cooccurrence,False
DOID:10871,UBERON:0001776,CC0 1.0,MEDLINE cooccurrence,False
DOID:635,UBERON:0001969,CC0 1.0,MEDLINE cooccurrence,False
DOID:10608,UBERON:0001971,CC0 1.0,MEDLINE cooccurrence,False
DOID:10941,UBERON:0000959,CC0 1.0,MEDLINE cooccurrence,False
DOID:784,UBERON:0001988,CC0 1.0,MEDLINE cooccurrence,False
DOID:7693,UBERON:0001637,CC0 1.0,MEDLINE cooccurrence,False
DOID:4045,UBERON:0001103,CC0 1.0,MEDLINE cooccurrence,False
DOID:119,UBERON:0000057,CC0 1.0,MEDLINE cooccurrence,False
DOID:2394,UBERON:0002378,CC0 1.0,MEDLINE cooccurrence,False
DOID:8398,UBERON:0001485,CC0 1.0,MEDLINE cooccurrence,False
DOID:1192,UBERON:0001700,CC0 1.0,MEDLINE cooccurrence,False
DOID:12185,UBERON:0002384,CC0 1.0,MEDLINE cooccurrence,False
DOID:6364,UBERON:0002413,CC0 1.0,MEDLINE cooccurrence,False
DOID:1094,UBERON:0001016,CC0 1.0,MEDLINE cooccurrence,False
DOID:8893,UBERON:0001821,CC0 1.0,MEDLINE cooccurrence,False
DOID:14330,UBERON:0002102,CC0 1.0,MEDLINE cooccurrence,False
DOID:9352,UBERON:0001264,CC0 1.0,MEDLINE cooccurrence,False
DOID:1115,UBERON:0001707,CC0 1.0,MEDLINE cooccurrence,False
DOID:4989,UBERON:0002110,CC0 1.0,MEDLINE cooccurrence,False
DOID:1115,UBERON:0001676,CC0 1.0,MEDLINE cooccurrence,False
DOID:9835,UBERON:0001702,CC0 1.0,MEDLINE cooccurrence,False
DOID:1993,UBERON:0000474,CC0 1.0,MEDLINE cooccurrence,False
DOID:1826,UBERON:0001814,CC0 1.0,MEDLINE cooccurrence,False
DOID:2994,UBERON:0000007,CC0 1.0,MEDLINE cooccurrence,False
DOID:12995,UBERON:0000011,CC0 1.0,MEDLINE cooccurrence,False
DOID:5559,UBERON:0002228,CC0 1.0,MEDLINE cooccurrence,False
DOID:175,UBERON:0001143,CC0 1.0,MEDLINE cooccurrence,False
DOID:8778,UBERON:0001988,CC0 1.0,MEDLINE cooccurrence,False
DOID:3393,UBERON:0002349,CC0 1.0,MEDLINE cooccurrence,False
DOID:14004,UBERON:0001640,CC0 1.0,MEDLINE cooccurrence,False
DOID:13223,UBERON:0002450,CC0 1.0,MEDLINE cooccurrence,False
DOID:1319,UBERON:0002363,CC0 1.0,MEDLINE cooccurrence,False
DOID:184,UBERON:0000043,CC0 1.0,MEDLINE cooccurrence,False
DOID:11239,UBERON:0000483,CC0 1.0,MEDLINE cooccurrence,False
DOID:8778,UBERON:0000165,CC0 1.0,MEDLINE cooccurrence,False
DOID:10763,UBERON:0001980,CC0 1.0,MEDLINE cooccurrence,False
DOID:9970,UBERON:0001004,CC0 1.0,MEDLINE cooccurrence,False
DOID:9008,UBERON:0002522,CC0 1.0,MEDLINE cooccurrence,False
DOID:11949,UBERON:0001969,CC0 1.0,MEDLINE cooccurrence,False
DOID:0060119,UBERON:0002377,CC0 1.0,MEDLINE cooccurrence,False
DOID:0060119,UBERON:0001677,CC0 1.0,MEDLINE cooccurrence,False
DOID:2841,UBERON:0001111,CC0 1.0,MEDLINE cooccurrence,False
DOID:1024,UBERON:0001031,CC0 1.0,MEDLINE cooccurrence,False
DOID:2994,UBERON:0001619,CC0 1.0,MEDLINE cooccurrence,False
DOID:1909,UBERON:0001690,CC0 1.0,MEDLINE cooccurrence,False
DOID:2174,UBERON:0001786,CC0 1.0,MEDLINE cooccurrence,False
DOID:5419,UBERON:0001887,CC0 1.0,MEDLINE cooccurrence,False
DOID:0060119,UBERON:0002413,CC0 1.0,MEDLINE cooccurrence,False
DOID:784,UBERON:0001008,CC0 1.0,MEDLINE cooccurrence,False
DOID:3070,UBERON:0001130,CC0 1.0,MEDLINE cooccurrence,False
DOID:1993,UBERON:0002439,CC0 1.0,MEDLINE cooccurrence,False
DOID:12185,UBERON:0001648,CC0 1.0,MEDLINE cooccurrence,False
DOID:1192,UBERON:0000988,CC0 1.0,MEDLINE cooccurrence,False
DOID:1725,UBERON:0000042,CC0 1.0,MEDLINE cooccurrence,False
DOID:1115,UBERON:0001756,CC0 1.0,MEDLINE cooccurrence,False
DOID:1790,UBERON:0001300,CC0 1.0,MEDLINE cooccurrence,False
DOID:2596,UBERON:0001685,CC0 1.0,MEDLINE cooccurrence,False
DOID:4159,UBERON:0001461,CC0 1.0,MEDLINE cooccurrence,False
DOID:594,UBERON:0001836,CC0 1.0,MEDLINE cooccurrence,False
DOID:332,UBERON:0000026,CC0 1.0,MEDLINE cooccurrence,False
DOID:3083,UBERON:0001884,CC0 1.0,MEDLINE cooccurrence,False
DOID:4159,UBERON:0002297,CC0 1.0,MEDLINE cooccurrence,False
DOID:1324,UBERON:0002066,CC0 1.0,MEDLINE cooccurrence,False
DOID:9008,UBERON:0002481,CC0 1.0,MEDLINE cooccurrence,False
DOID:784,UBERON:0000057,CC0 1.0,MEDLINE cooccurrence,False
DOID:7147,UBERON:0002363,CC0 1.0,MEDLINE cooccurrence,False
DOID:12849,UBERON:0001908,CC0 1.0,MEDLINE cooccurrence,False
DOID:332,UBERON:0002385,CC0 1.0,MEDLINE cooccurrence,False
DOID:1826,UBERON:0001780,CC0 1.0,MEDLINE cooccurrence,False
DOID:10763,UBERON:0001232,CC0 1.0,MEDLINE cooccurrence,False
DOID:7148,UBERON:0002389,CC0 1.0,MEDLINE cooccurrence,False
DOID:3571,UBERON:0001103,CC0 1.0,MEDLINE cooccurrence,False
DOID:2841,UBERON:0002185,CC0 1.0,MEDLINE cooccurrence,False
DOID:2841,UBERON:0002405,CC0 1.0,MEDLINE cooccurrence,False
DOID:14004,UBERON:0001585,CC0 1.0,MEDLINE cooccurrence,False
DOID:14227,UBERON:0001000,CC0 1.0,MEDLINE cooccurrence,False
DOID:12849,UBERON:0002028,CC0 1.0,MEDLINE cooccurrence,False
DOID:14330,UBERON:0002298,CC0 1.0,MEDLINE cooccurrence,False
DOID:10763,UBERON:0002441,CC0 1.0,MEDLINE cooccurrence,False
DOID:1192,UBERON:0001814,CC0 1.0,MEDLINE cooccurrence,False
DOID:0050425,UBERON:0000010,CC0 1.0,MEDLINE cooccurrence,False
DOID:1024,UBERON:0001492,CC0 1.0,MEDLINE cooccurrence,False
DOID:4045,UBERON:0000043,CC0 1.0,MEDLINE cooccurrence,False
DOID:2596,UBERON:0001723,CC0 1.0,MEDLINE cooccurrence,False
DOID:2043,UBERON:0001827,CC0 1.0,MEDLINE cooccurrence,False
DOID:10763,UBERON:0002060,CC0 1.0,MEDLINE cooccurrence,False
DOID:10283,UBERON:0000998,CC0 1.0,MEDLINE cooccurrence,False
DOID:3070,UBERON:0003129,CC0 1.0,MEDLINE cooccurrence,False
DOID:5041,UBERON:0001737,CC0 1.0,MEDLINE cooccurrence,False
DOID:9970,UBERON:0001007,CC0 1.0,MEDLINE cooccurrence,False
DOID:12306,UBERON:0001037,CC0 1.0,MEDLINE cooccurrence,False
DOID:12236,UBERON:0001175,CC0 1.0,MEDLINE cooccurrence,False
DOID:12306,UBERON:0002073,CC0 1.0,MEDLINE cooccurrence,False
DOID:9352,UBERON:0004535,CC0 1.0,MEDLINE cooccurrence,False
DOID:2994,UBERON:0001905,CC0 1.0,MEDLINE cooccurrence,False
DOID:10534,UBERON:0001970,CC0 1.0,MEDLINE cooccurrence,False
DOID:14221,UBERON:0002522,CC0 1.0,MEDLINE cooccurrence,False
DOID:13378,UBERON:0002110,CC0 1.0,MEDLINE cooccurrence,False
DOID:3953,UBERON:0001235,CC0 1.0,MEDLINE cooccurrence,False
DOID:3070,UBERON:0001577,CC0 1.0,MEDLINE cooccurrence,False
DOID:10153,UBERON:0002134,CC0 1.0,MEDLINE cooccurrence,False
DOID:2994,UBERON:0000955,CC0 1.0,MEDLINE cooccurrence,False
DOID:184,UBERON:0002481,CC0 1.0,MEDLINE cooccurrence,False
DOID:13189,UBERON:0002387,CC0 1.0,MEDLINE cooccurrence,False
DOID:3953,UBERON:0002055,CC0 1.0,MEDLINE cooccurrence,False
DOID:1115,UBERON:0000473,CC0 1.0,MEDLINE cooccurrence,False
DOID:9352,UBERON:0001827,CC0 1.0,MEDLINE cooccurrence,False
DOID:363,UBERON:0002365,CC0 1.0,MEDLINE cooccurrence,False
DOID:2994,UBERON:0001846,CC0 1.0,MEDLINE cooccurrence,False
DOID:1936,UBERON:0002103,CC0 1.0,MEDLINE cooccurrence,False
DOID:6364,UBERON:0001649,CC0 1.0,MEDLINE cooccurrence,False
DOID:11476,UBERON:0001708,CC0 1.0,MEDLINE cooccurrence,False
DOID:13223,UBERON:0003889,CC0 1.0,MEDLINE cooccurrence,False
DOID:5041,UBERON:0000977,CC0 1.0,MEDLINE cooccurrence,False
DOID:11934,UBERON:0001844,CC0 1.0,MEDLINE cooccurrence,False
DOID:184,UBERON:0001756,CC0 1.0,MEDLINE cooccurrence,False
DOID:11615,UBERON:0000989,CC0 1.0,MEDLINE cooccurrence,False
DOID:9296,UBERON:0001616,CC0 1.0,MEDLINE cooccurrence,False
DOID:10608,UBERON:0001088,CC0 1.0,MEDLINE cooccurrence,False
DOID:10021,UBERON:0002368,CC0 1.0,MEDLINE cooccurrence,False
DOID:8398,UBERON:0001090,CC0 1.0,MEDLINE cooccurrence,False
DOID:4362,UBERON:0001008,CC0 1.0,MEDLINE cooccurrence,False
DOID:11920,UBERON:0001737,CC0 1.0,MEDLINE cooccurrence,False
DOID:635,UBERON:0001716,CC0 1.0,MEDLINE cooccurrence,False
DOID:9352,UBERON:0002410,CC0 1.0,MEDLINE cooccurrence,False
DOID:13499,UBERON:0001264,CC0 1.0,MEDLINE cooccurrence,False
DOID:784,UBERON:0001980,CC0 1.0,MEDLINE cooccurrence,False
DOID:11934,UBERON:0001818,CC0 1.0,MEDLINE cooccurrence,False
DOID:2355,UBERON:0000991,CC0 1.0,MEDLINE cooccurrence,False
DOID:11612,UBERON:0000038,CC0 1.0,MEDLINE cooccurrence,False
DOID:824,UBERON:0001764,CC0 1.0,MEDLINE cooccurrence,False
DOID:784,UBERON:0001637,CC0 1.0,MEDLINE cooccurrence,False
DOID:14227,UBERON:0000473,CC0 1.0,MEDLINE cooccurrence,False
DOID:3393,UBERON:0001638,CC0 1.0,MEDLINE cooccurrence,False
DOID:5419,UBERON:0001690,CC0 1.0,MEDLINE cooccurrence,False
DOID:1612,UBERON:0000975,CC0 1.0,MEDLINE cooccurrence,False
DOID:2043,UBERON:0002017,CC0 1.0,MEDLINE cooccurrence,False
DOID:4989,UBERON:0001174,CC0 1.0,MEDLINE cooccurrence,False
DOID:90,UBERON:0002418,CC0 1.0,MEDLINE cooccurrence,False
DOID:3393,UBERON:0000946,CC0 1.0,MEDLINE cooccurrence,False
DOID:1936,UBERON:0001533,CC0 1.0,MEDLINE cooccurrence,False
DOID:3565,UBERON:0002037,CC0 1.0,MEDLINE cooccurrence,False
DOID:0060119,UBERON:0001685,CC0 1.0,MEDLINE cooccurrence,False
DOID:10608,UBERON:0001182,CC0 1.0,MEDLINE cooccurrence,False
DOID:635,UBERON:0001016,CC0 1.0,MEDLINE cooccurrence,False
DOID:8893,UBERON:0002387,CC0 1.0,MEDLINE cooccurrence,False
DOID:13223,UBERON:0000057,CC0 1.0,MEDLINE cooccurrence,False
DOID:2994,UBERON:0001088,CC0 1.0,MEDLINE cooccurrence,False
DOID:2355,UBERON:0002481,CC0 1.0,MEDLINE cooccurrence,False
DOID:3571,UBERON:0001640,CC0 1.0,MEDLINE cooccurrence,False
DOID:11934,UBERON:0001646,CC0 1.0,MEDLINE cooccurrence,False
DOID:5408,UBERON:0003129,CC0 1.0,MEDLINE cooccurrence,False
DOID:8778,UBERON:0001135,CC0 1.0,MEDLINE cooccurrence,False
DOID:0060119,UBERON:0001756,CC0 1.0,MEDLINE cooccurrence,False
DOID:1192,UBERON:0001031,CC0 1.0,MEDLINE cooccurrence,False
DOID:3121,UBERON:0002378,CC0 1.0,MEDLINE cooccurrence,False
DOID:8850,UBERON:0000483,CC0 1.0,MEDLINE cooccurrence,False
DOID:11934,UBERON:0002297,CC0 1.0,MEDLINE cooccurrence,False
DOID:1024,UBERON:0001681,CC0 1.0,MEDLINE cooccurrence,False
DOID:2994,UBERON:0001707,CC0 1.0,MEDLINE cooccurrence,False
DOID:2994,UBERON:0002368,CC0 1.0,MEDLINE cooccurrence,False
DOID:2998,UBERON:0001300,CC0 1.0,MEDLINE cooccurrence,False
DOID:11119,UBERON:0001887,CC0 1.0,MEDLINE cooccurrence,False
DOID:184,UBERON:0001762,CC0 1.0,MEDLINE cooccurrence,False
DOID:3070,UBERON:0001905,CC0 1.0,MEDLINE cooccurrence,False
DOID:9296,UBERON:0001684,CC0 1.0,MEDLINE cooccurrence,False
DOID:184,UBERON:0001716,CC0 1.0,MEDLINE cooccurrence,False
DOID:3312,UBERON:0001235,CC0 1.0,MEDLINE cooccurrence,False
DOID:585,UBERON:0001285,CC0 1.0,MEDLINE cooccurrence,False
DOID:0050425,UBERON:0002240,CC0 1.0,MEDLINE cooccurrence,False
DOID:10941,UBERON:0001844,CC0 1.0,MEDLINE cooccurrence,False
DOID:3571,UBERON:0001283,CC0 1.0,MEDLINE cooccurrence,False
DOID:0050425,UBERON:0001460,CC0 1.0,MEDLINE cooccurrence,False
DOID:11714,UBERON:0002066,CC0 1.0,MEDLINE cooccurrence,False
DOID:3571,UBERON:0001072,CC0 1.0,MEDLINE cooccurrence,False
DOID:594,UBERON:0000013,CC0 1.0,MEDLINE cooccurrence,False
DOID:1826,UBERON:0001456,CC0 1.0,MEDLINE cooccurrence,False
DOID:1024,UBERON:0002398,CC0 1.0,MEDLINE cooccurrence,False
DOID:1312,UBERON:0002113,CC0 1.0,MEDLINE cooccurrence,False
DOID:13189,UBERON:0001479,CC0 1.0,MEDLINE cooccurrence,False
DOID:0050742,UBERON:0004535,CC0 1.0,MEDLINE cooccurrence,False
DOID:9744,UBERON:0002113,CC0 1.0,MEDLINE cooccurrence,False
DOID:1686,UBERON:0000053,CC0 1.0,MEDLINE cooccurrence,False
DOID:4159,UBERON:0000989,CC0 1.0,MEDLINE cooccurrence,False
DOID:4159,UBERON:0001702,CC0 1.0,MEDLINE cooccurrence,False
DOID:363,UBERON:0000949,CC0 1.0,MEDLINE cooccurrence,False
DOID:184,UBERON:0002392,CC0 1.0,MEDLINE cooccurrence,False
DOID:9352,UBERON:0001225,CC0 1.0,MEDLINE cooccurrence,False
DOID:3565,UBERON:0001532,CC0 1.0,MEDLINE cooccurrence,False
DOID:184,UBERON:0001067,CC0 1.0,MEDLINE cooccurrence,False
DOID:332,UBERON:0002103,CC0 1.0,MEDLINE cooccurrence,False
DOID:10941,UBERON:0001846,CC0 1.0,MEDLINE cooccurrence,False
DOID:3571,UBERON:0001143,CC0 1.0,MEDLINE cooccurrence,False
DOID:0050425,UBERON:0002707,CC0 1.0,MEDLINE cooccurrence,False
DOID:2174,UBERON:0001796,CC0 1.0,MEDLINE cooccurrence,False
DOID:4481,UBERON:0002048,CC0 1.0,MEDLINE cooccurrence,False
DOID:12306,UBERON:0001003,CC0 1.0,MEDLINE cooccurrence,False
DOID:10652,UBERON:0000922,CC0 1.0,MEDLINE cooccurrence,False
DOID:9296,UBERON:0000922,CC0 1.0,MEDLINE cooccurrence,False
DOID:12306,UBERON:0002067,CC0 1.0,MEDLINE cooccurrence,False
DOID:0060119,UBERON:0001762,CC0 1.0,MEDLINE cooccurrence,False
DOID:14004,UBERON:0002134,CC0 1.0,MEDLINE cooccurrence,False
DOID:8778,UBERON:0001833,CC0 1.0,MEDLINE cooccurrence,False
DOID:7693,UBERON:0001969,CC0 1.0,MEDLINE cooccurrence,False
DOID:3393,UBERON:0000011,CC0 1.0,MEDLINE cooccurrence,False
DOID:8850,UBERON:0001734,CC0 1.0,MEDLINE cooccurrence,False
DOID:1612,UBERON:0000922,CC0 1.0,MEDLINE cooccurrence,False
DOID:1936,UBERON:0002523,CC0 1.0,MEDLINE cooccurrence,False
DOID:2377,UBERON:0000955,CC0 1.0,MEDLINE cooccurrence,False
DOID:9296,UBERON:0003216,CC0 1.0,MEDLINE cooccurrence,False
DOID:2174,UBERON:0001711,CC0 1.0,MEDLINE cooccurrence,False
DOID:9074,UBERON:0000043,CC0 1.0,MEDLINE cooccurrence,False
DOID:1826,UBERON:0002275,CC0 1.0,MEDLINE cooccurrence,False
DOID:7148,UBERON:0001484,CC0 1.0,MEDLINE cooccurrence,False
DOID:13223,UBERON:0000002,CC0 1.0,MEDLINE cooccurrence,False
DOID:14004,UBERON:0001394,CC0 1.0,MEDLINE cooccurrence,False
DOID:9074,UBERON:0002405,CC0 1.0,MEDLINE cooccurrence,False
DOID:8850,UBERON:0003216,CC0 1.0,MEDLINE cooccurrence,False
DOID:7148,UBERON:0001494,CC0 1.0,MEDLINE cooccurrence,False
DOID:2994,UBERON:0002407,CC0 1.0,MEDLINE cooccurrence,False
DOID:4481,UBERON:0002453,CC0 1.0,MEDLINE cooccurrence,False
DOID:11949,UBERON:0002129,CC0 1.0,MEDLINE cooccurrence,False
DOID:3393,UBERON:0002353,CC0 1.0,MEDLINE cooccurrence,False
DOID:8893,UBERON:0001469,CC0 1.0,MEDLINE cooccurrence,False
DOID:1115,UBERON:0001103,CC0 1.0,MEDLINE cooccurrence,False
DOID:175,UBERON:0001072,CC0 1.0,MEDLINE cooccurrence,False
DOID:9008,UBERON:0001705,CC0 1.0,MEDLINE cooccurrence,False
DOID:13241,UBERON:0001072,CC0 1.0,MEDLINE cooccurrence,False
DOID:9970,UBERON:0002110,CC0 1.0,MEDLINE cooccurrence,False
DOID:5419,UBERON:0001016,CC0 1.0,MEDLINE cooccurrence,False
DOID:9008,UBERON:0001470,CC0 1.0,MEDLINE cooccurrence,False
DOID:10941,UBERON:0001644,CC0 1.0,MEDLINE cooccurrence,False
DOID:1115,UBERON:0000978,CC0 1.0,MEDLINE cooccurrence,False
DOID:0050741,UBERON:0000988,CC0 1.0,MEDLINE cooccurrence,False
DOID:10941,UBERON:0001676,CC0 1.0,MEDLINE cooccurrence,False
DOID:1324,UBERON:0001585,CC0 1.0,MEDLINE cooccurrence,False
DOID:11934,UBERON:0001697,CC0 1.0,MEDLINE cooccurrence,False
DOID:1936,UBERON:0000978,CC0 1.0,MEDLINE cooccurrence,False
DOID:10941,UBERON:0001650,CC0 1.0,MEDLINE cooccurrence,False
DOID:1115,UBERON:0002516,CC0 1.0,MEDLINE cooccurrence,False
DOID:2174,UBERON:0001744,CC0 1.0,MEDLINE cooccurrence,False
DOID:10941,UBERON:0001643,CC0 1.0,MEDLINE cooccurrence,False
DOID:0050742,UBERON:0001836,CC0 1.0,MEDLINE cooccurrence,False
DOID:10534,UBERON:0002390,CC0 1.0,MEDLINE cooccurrence,False
DOID:11934,UBERON:0001676,CC0 1.0,MEDLINE cooccurrence,False
DOID:1993,UBERON:0001008,CC0 1.0,MEDLINE cooccurrence,False
DOID:5559,UBERON:0001515,CC0 1.0,MEDLINE cooccurrence,False
DOID:2377,UBERON:0001324,CC0 1.0,MEDLINE cooccurrence,False
DOID:3565,UBERON:0002286,CC0 1.0,MEDLINE cooccurrence,False
DOID:3310,UBERON:0001003,CC0 1.0,MEDLINE cooccurrence,False
DOID:9970,UBERON:0002523,CC0 1.0,MEDLINE cooccurrence,False
DOID:4362,UBERON:0000211,CC0 1.0,MEDLINE cooccurrence,False
DOID:13241,UBERON:0001300,CC0 1.0,MEDLINE cooccurrence,False
DOID:2377,UBERON:0002162,CC0 1.0,MEDLINE cooccurrence,False
DOID:0060119,UBERON:0000974,CC0 1.0,MEDLINE cooccurrence,False
DOID:1595,UBERON:0001890,CC0 1.0,MEDLINE cooccurrence,False
DOID:13189,UBERON:0002398,CC0 1.0,MEDLINE cooccurrence,False
DOID:14330,UBERON:0002240,CC0 1.0,MEDLINE cooccurrence,False
DOID:2994,UBERON:0000054,CC0 1.0,MEDLINE cooccurrence,False
DOID:12930,UBERON:0002354,CC0 1.0,MEDLINE cooccurrence,False
DOID:14330,UBERON:0001910,CC0 1.0,MEDLINE cooccurrence,False
DOID:3312,UBERON:0000955,CC0 1.0,MEDLINE cooccurrence,False
DOID:7148,UBERON:0001488,CC0 1.0,MEDLINE cooccurrence,False
DOID:3070,UBERON:0002130,CC0 1.0,MEDLINE cooccurrence,False
DOID:2377,UBERON:0002413,CC0 1.0,MEDLINE cooccurrence,False
DOID:1595,UBERON:0002298,CC0 1.0,MEDLINE cooccurrence,False
DOID:10283,UBERON:0000999,CC0 1.0,MEDLINE cooccurrence,False
DOID:1319,UBERON:0002223,CC0 1.0,MEDLINE cooccurrence,False
DOID:9352,UBERON:0000010,CC0 1.0,MEDLINE cooccurrence,False
DOID:8850,UBERON:0001649,CC0 1.0,MEDLINE cooccurrence,False
DOID:12365,UBERON:0001044,CC0 1.0,MEDLINE cooccurrence,False
DOID:263,UBERON:0000991,CC0 1.0,MEDLINE cooccurrence,False
DOID:0050156,UBERON:0002299,CC0 1.0,MEDLINE cooccurrence,False
DOID:6364,UBERON:0001780,CC0 1.0,MEDLINE cooccurrence,False
DOID:7148,UBERON:0001464,CC0 1.0,MEDLINE cooccurrence,False
DOID:2355,UBERON:0001310,CC0 1.0,MEDLINE cooccurrence,False
DOID:1790,UBERON:0000483,CC0 1.0,MEDLINE cooccurrence,False
DOID:4481,UBERON:0001690,CC0 1.0,MEDLINE cooccurrence,False
DOID:3277,UBERON:0002205,CC0 1.0,MEDLINE cooccurrence,False
DOID:1115,UBERON:0002102,CC0 1.0,MEDLINE cooccurrence,False
DOID:5408,UBERON:0001678,CC0 1.0,MEDLINE cooccurrence,False
DOID:1115,UBERON:0002384,CC0 1.0,MEDLINE cooccurrence,False
DOID:1192,UBERON:0001815,CC0 1.0,MEDLINE cooccurrence,False
DOID:0060119,UBERON:0001645,CC0 1.0,MEDLINE cooccurrence,False
DOID:6364,UBERON:0001598,CC0 1.0,MEDLINE cooccurrence,False
DOID:6364,UBERON:0001070,CC0 1.0,MEDLINE cooccurrence,False
DOID:1686,UBERON:0001775,CC0 1.0,MEDLINE cooccurrence,False
DOID:824,UBERON:0001710,CC0 1.0,MEDLINE cooccurrence,False
DOID:0050741,UBERON:0002385,CC0 1.0,MEDLINE cooccurrence,False
DOID:8850,UBERON:0001647,CC0 1.0,MEDLINE cooccurrence,False
DOID:1024,UBERON:0000010,CC0 1.0,MEDLINE cooccurrence,False
DOID:2174,UBERON:0001643,CC0 1.0,MEDLINE cooccurrence,False
DOID:2174,UBERON:0001768,CC0 1.0,MEDLINE cooccurrence,False
DOID:7148,UBERON:0001736,CC0 1.0,MEDLINE cooccurrence,False
DOID:1312,UBERON:0000482,CC0 1.0,MEDLINE cooccurrence,False
DOID:10763,UBERON:0001231,CC0 1.0,MEDLINE cooccurrence,False
DOID:11934,UBERON:0001681,CC0 1.0,MEDLINE cooccurrence,False
DOID:7148,UBERON:0000043,CC0 1.0,MEDLINE cooccurrence,False
DOID:1595,UBERON:0001910,CC0 1.0,MEDLINE cooccurrence,False
DOID:9744,UBERON:0001980,CC0 1.0,MEDLINE cooccurrence,False
DOID:332,UBERON:0002398,CC0 1.0,MEDLINE cooccurrence,False
DOID:14268,UBERON:0001089,CC0 1.0,MEDLINE cooccurrence,False
DOID:2174,UBERON:0001456,CC0 1.0,MEDLINE cooccurrence,False
DOID:1826,UBERON:0002360,CC0 1.0,MEDLINE cooccurrence,False
DOID:10941,UBERON:0001886,CC0 1.0,MEDLINE cooccurrence,False
DOID:10941,UBERON:0001771,CC0 1.0,MEDLINE cooccurrence,False
DOID:635,UBERON:0001914,CC0 1.0,MEDLINE cooccurrence,False
DOID:5041,UBERON:0001759,CC0 1.0,MEDLINE cooccurrence,False
DOID:11934,UBERON:0003216,CC0 1.0,MEDLINE cooccurrence,False
DOID:4159,UBERON:0002030,CC0 1.0,MEDLINE cooccurrence,False
DOID:332,UBERON:0001597,CC0 1.0,MEDLINE cooccurrence,False
DOID:12236,UBERON:0001283,CC0 1.0,MEDLINE cooccurrence,False
DOID:3393,UBERON:0002081,CC0 1.0,MEDLINE cooccurrence,False
DOID:7147,UBERON:0001988,CC0 1.0,MEDLINE cooccurrence,False
DOID:13378,UBERON:0001986,CC0 1.0,MEDLINE cooccurrence,False
DOID:2394,UBERON:0000996,CC0 1.0,MEDLINE cooccurrence,False
DOID:14221,UBERON:0002113,CC0 1.0,MEDLINE cooccurrence,False
DOID:10153,UBERON:0001744,CC0 1.0,MEDLINE cooccurrence,False
DOID:7693,UBERON:0001533,CC0 1.0,MEDLINE cooccurrence,False
DOID:10763,UBERON:0000013,CC0 1.0,MEDLINE cooccurrence,False
DOID:6364,UBERON:0000010,CC0 1.0,MEDLINE cooccurrence,False
DOID:1192,UBERON:0001492,CC0 1.0,MEDLINE cooccurrence,False
DOID:363,UBERON:0000056,CC0 1.0,MEDLINE cooccurrence,False
DOID:13378,UBERON:0002135,CC0 1.0,MEDLINE cooccurrence,False
DOID:1909,UBERON:0002411,CC0 1.0,MEDLINE cooccurrence,False
DOID:3393,UBERON:0001530,CC0 1.0,MEDLINE cooccurrence,False
DOID:4606,UBERON:0002110,CC0 1.0,MEDLINE cooccurrence,False
DOID:4362,UBERON:0000992,CC0 1.0,MEDLINE cooccurrence,False
DOID:1725,UBERON:0002110,CC0 1.0,MEDLINE cooccurrence,False
DOID:1192,UBERON:0001598,CC0 1.0,MEDLINE cooccurrence,False
DOID:8778,UBERON:0002097,CC0 1.0,MEDLINE cooccurrence,False
DOID:13223,UBERON:0001295,CC0 1.0,MEDLINE cooccurrence,False
DOID:184,UBERON:0001646,CC0 1.0,MEDLINE cooccurrence,False
DOID:418,UBERON:0001986,CC0 1.0,MEDLINE cooccurrence,False
DOID:9970,UBERON:0004535,CC0 1.0,MEDLINE cooccurrence,False
DOID:11054,UBERON:0000056,CC0 1.0,MEDLINE cooccurrence,False
DOID:175,UBERON:0001594,CC0 1.0,MEDLINE cooccurrence,False
DOID:10608,UBERON:0000483,CC0 1.0,MEDLINE cooccurrence,False
DOID:184,UBERON:0003129,CC0 1.0,MEDLINE cooccurrence,False
DOID:986,UBERON:0001821,CC0 1.0,MEDLINE cooccurrence,False
DOID:6364,UBERON:0003129,CC0 1.0,MEDLINE cooccurrence,False
DOID:2994,UBERON:0001300,CC0 1.0,MEDLINE cooccurrence,False
DOID:7148,UBERON:0001007,CC0 1.0,MEDLINE cooccurrence,False
DOID:4045,UBERON:0001461,CC0 1.0,MEDLINE cooccurrence,False
DOID:1115,UBERON:0002066,CC0 1.0,MEDLINE cooccurrence,False
DOID:824,UBERON:0001736,CC0 1.0,MEDLINE cooccurrence,False
DOID:12185,UBERON:0002223,CC0 1.0,MEDLINE cooccurrence,False
DOID:10763,UBERON:0002054,CC0 1.0,MEDLINE cooccurrence,False
DOID:1459,UBERON:0000948,CC0 1.0,MEDLINE cooccurrence,False
DOID:10763,UBERON:0002012,CC0 1.0,MEDLINE cooccurrence,False
DOID:7147,UBERON:0002228,CC0 1.0,MEDLINE cooccurrence,False
DOID:1192,UBERON:0002386,CC0 1.0,MEDLINE cooccurrence,False
DOID:0050425,UBERON:0002385,CC0 1.0,MEDLINE cooccurrence,False
DOID:3565,UBERON:0000941,CC0 1.0,MEDLINE cooccurrence,False
DOID:2994,UBERON:0001773,CC0 1.0,MEDLINE cooccurrence,False
DOID:1094,UBERON:0002204,CC0 1.0,MEDLINE cooccurrence,False
DOID:7148,UBERON:0001479,CC0 1.0,MEDLINE cooccurrence,False
DOID:1993,UBERON:0000996,CC0 1.0,MEDLINE cooccurrence,False
DOID:3393,UBERON:0001394,CC0 1.0,MEDLINE cooccurrence,False
DOID:1324,UBERON:0002012,CC0 1.0,MEDLINE cooccurrence,False
DOID:332,UBERON:0001148,CC0 1.0,MEDLINE cooccurrence,False
DOID:1725,UBERON:0002407,CC0 1.0,MEDLINE cooccurrence,False
DOID:9008,UBERON:0002097,CC0 1.0,MEDLINE cooccurrence,False
DOID:8893,UBERON:0002389,CC0 1.0,MEDLINE cooccurrence,False
DOID:332,UBERON:0001323,CC0 1.0,MEDLINE cooccurrence,False
DOID:12930,UBERON:0002385,CC0 1.0,MEDLINE cooccurrence,False
DOID:10763,UBERON:0002385,CC0 1.0,MEDLINE cooccurrence,False
DOID:3083,UBERON:0002521,CC0 1.0,MEDLINE cooccurrence,False
DOID:8893,UBERON:0000043,CC0 1.0,MEDLINE cooccurrence,False
DOID:9744,UBERON:0000006,CC0 1.0,MEDLINE cooccurrence,False
DOID:216,UBERON:0001836,CC0 1.0,MEDLINE cooccurrence,False
DOID:1115,UBERON:0002515,CC0 1.0,MEDLINE cooccurrence,False
DOID:784,UBERON:0002113,CC0 1.0,MEDLINE cooccurrence,False
DOID:2986,UBERON:0001088,CC0 1.0,MEDLINE cooccurrence,False
DOID:4159,UBERON:0002102,CC0 1.0,MEDLINE cooccurrence,False
DOID:11612,UBERON:0001013,CC0 1.0,MEDLINE cooccurrence,False
DOID:8398,UBERON:0006849,CC0 1.0,MEDLINE cooccurrence,False
DOID:9074,UBERON:0002522,CC0 1.0,MEDLINE cooccurrence,False
DOID:1192,UBERON:0001840,CC0 1.0,MEDLINE cooccurrence,False
DOID:4362,UBERON:0002365,CC0 1.0,MEDLINE cooccurrence,False
DOID:0050425,UBERON:0002387,CC0 1.0,MEDLINE cooccurrence,False
DOID:184,UBERON:0002517,CC0 1.0,MEDLINE cooccurrence,False
DOID:9744,UBERON:0001323,CC0 1.0,MEDLINE cooccurrence,False
DOID:784,UBERON:0000178,CC0 1.0,MEDLINE cooccurrence,False
DOID:3565,UBERON:0001619,CC0 1.0,MEDLINE cooccurrence,False
DOID:1595,UBERON:0001235,CC0 1.0,MEDLINE cooccurrence,False
DOID:1192,UBERON:0001579,CC0 1.0,MEDLINE cooccurrence,False
DOID:12361,UBERON:0001013,CC0 1.0,MEDLINE cooccurrence,False
DOID:13241,UBERON:0001587,CC0 1.0,MEDLINE cooccurrence,False
DOID:1024,UBERON:0001645,CC0 1.0,MEDLINE cooccurrence,False
DOID:10763,UBERON:0000948,CC0 1.0,MEDLINE cooccurrence,False
DOID:10021,UBERON:0001193,CC0 1.0,MEDLINE cooccurrence,False
DOID:635,UBERON:0002097,CC0 1.0,MEDLINE cooccurrence,False
DOID:4481,UBERON:0001707,CC0 1.0,MEDLINE cooccurrence,False
DOID:11612,UBERON:0000922,CC0 1.0,MEDLINE cooccurrence,False
DOID:2994,UBERON:0001646,CC0 1.0,MEDLINE cooccurrence,False
DOID:5408,UBERON:0001130,CC0 1.0,MEDLINE cooccurrence,False
DOID:8850,UBERON:0001733,CC0 1.0,MEDLINE cooccurrence,False
DOID:1024,UBERON:0000004,CC0 1.0,MEDLINE cooccurrence,False
DOID:3121,UBERON:0002294,CC0 1.0,MEDLINE cooccurrence,False
DOID:8398,UBERON:0001437,CC0 1.0,MEDLINE cooccurrence,False
DOID:3565,UBERON:0001644,CC0 1.0,MEDLINE cooccurrence,False
DOID:3070,UBERON:0000959,CC0 1.0,MEDLINE cooccurrence,False
DOID:2994,UBERON:0001825,CC0 1.0,MEDLINE cooccurrence,False
DOID:1993,UBERON:0000989,CC0 1.0,MEDLINE cooccurrence,False
DOID:6364,UBERON:0002363,CC0 1.0,MEDLINE cooccurrence,False
DOID:1245,UBERON:0000002,CC0 1.0,MEDLINE cooccurrence,False
DOID:12236,UBERON:0001174,CC0 1.0,MEDLINE cooccurrence,False
DOID:10763,UBERON:0002162,CC0 1.0,MEDLINE cooccurrence,False
DOID:13378,UBERON:0002165,CC0 1.0,MEDLINE cooccurrence,False
DOID:10941,UBERON:0002521,CC0 1.0,MEDLINE cooccurrence,False
DOID:11054,UBERON:0000483,CC0 1.0,MEDLINE cooccurrence,False
DOID:2174,UBERON:0001905,CC0 1.0,MEDLINE cooccurrence,False
DOID:8893,UBERON:0001003,CC0 1.0,MEDLINE cooccurrence,False
DOID:11934,UBERON:0002486,CC0 1.0,MEDLINE cooccurrence,False
DOID:4606,UBERON:0001970,CC0 1.0,MEDLINE cooccurrence,False
DOID:5419,UBERON:0001456,CC0 1.0,MEDLINE cooccurrence,False
DOID:2994,UBERON:0001694,CC0 1.0,MEDLINE cooccurrence,False
DOID:8850,UBERON:0001684,CC0 1.0,MEDLINE cooccurrence,False
DOID:1781,UBERON:0001132,CC0 1.0,MEDLINE cooccurrence,False
DOID:11934,UBERON:0001716,CC0 1.0,MEDLINE cooccurrence,False
DOID:1595,UBERON:0002369,CC0 1.0,MEDLINE cooccurrence,False
DOID:184,UBERON:0001464,CC0 1.0,MEDLINE cooccurrence,False
DOID:4989,UBERON:0001971,CC0 1.0,MEDLINE cooccurrence,False
DOID:418,UBERON:0001981,CC0 1.0,MEDLINE cooccurrence,False
DOID:1993,UBERON:0001300,CC0 1.0,MEDLINE cooccurrence,False
DOID:1192,UBERON:0001323,CC0 1.0,MEDLINE cooccurrence,False
DOID:12361,UBERON:0001697,CC0 1.0,MEDLINE cooccurrence,False
DOID:0050741,UBERON:0002107,CC0 1.0,MEDLINE cooccurrence,False
DOID:11119,UBERON:0002130,CC0 1.0,MEDLINE cooccurrence,False
DOID:824,UBERON:0001723,CC0 1.0,MEDLINE cooccurrence,False
DOID:2377,UBERON:0000966,CC0 1.0,MEDLINE cooccurrence,False
DOID:10941,UBERON:0001637,CC0 1.0,MEDLINE cooccurrence,False
DOID:1024,UBERON:0001021,CC0 1.0,MEDLINE cooccurrence,False
DOID:5408,UBERON:0002481,CC0 1.0,MEDLINE cooccurrence,False
DOID:3565,UBERON:0001825,CC0 1.0,MEDLINE cooccurrence,False
DOID:3565,UBERON:0001697,CC0 1.0,MEDLINE cooccurrence,False
DOID:9296,UBERON:0001697,CC0 1.0,MEDLINE cooccurrence,False
DOID:1115,UBERON:0002371,CC0 1.0,MEDLINE cooccurrence,False
DOID:3070,UBERON:0001981,CC0 1.0,MEDLINE cooccurrence,False
DOID:8577,UBERON:0001007,CC0 1.0,MEDLINE cooccurrence,False
DOID:1909,UBERON:0000997,CC0 1.0,MEDLINE cooccurrence,False
DOID:14330,UBERON:0002389,CC0 1.0,MEDLINE cooccurrence,False
DOID:13223,UBERON:0000995,CC0 1.0,MEDLINE cooccurrence,False
DOID:2994,UBERON:0000946,CC0 1.0,MEDLINE cooccurrence,False
DOID:2994,UBERON:0002369,CC0 1.0,MEDLINE cooccurrence,False
DOID:6364,UBERON:0000033,CC0 1.0,MEDLINE cooccurrence,False
DOID:6364,UBERON:0001646,CC0 1.0,MEDLINE cooccurrence,False
DOID:3070,UBERON:0001893,CC0 1.0,MEDLINE cooccurrence,False
DOID:1115,UBERON:0001464,CC0 1.0,MEDLINE cooccurrence,False
DOID:175,UBERON:0001194,CC0 1.0,MEDLINE cooccurrence,False
DOID:1595,UBERON:0000011,CC0 1.0,MEDLINE cooccurrence,False
DOID:4159,UBERON:0001003,CC0 1.0,MEDLINE cooccurrence,False
DOID:5408,UBERON:0002347,CC0 1.0,MEDLINE cooccurrence,False
DOID:14221,UBERON:0001530,CC0 1.0,MEDLINE cooccurrence,False
DOID:1909,UBERON:0000978,CC0 1.0,MEDLINE cooccurrence,False
DOID:10153,UBERON:0000029,CC0 1.0,MEDLINE cooccurrence,False
DOID:13241,UBERON:0000165,CC0 1.0,MEDLINE cooccurrence,False
DOID:0050741,UBERON:0004535,CC0 1.0,MEDLINE cooccurrence,False
DOID:1115,UBERON:0001597,CC0 1.0,MEDLINE cooccurrence,False
DOID:2394,UBERON:0000992,CC0 1.0,MEDLINE cooccurrence,False
DOID:1826,UBERON:0002707,CC0 1.0,MEDLINE cooccurrence,False
DOID:1936,UBERON:0001627,CC0 1.0,MEDLINE cooccurrence,False
DOID:8398,UBERON:0002414,CC0 1.0,MEDLINE cooccurrence,False
DOID:9352,UBERON:0001980,CC0 1.0,MEDLINE cooccurrence,False
DOID:0050425,UBERON:0002410,CC0 1.0,MEDLINE cooccurrence,False
DOID:6364,UBERON:0001827,CC0 1.0,MEDLINE cooccurrence,False
DOID:9970,UBERON:0001460,CC0 1.0,MEDLINE cooccurrence,False
DOID:184,UBERON:0001463,CC0 1.0,MEDLINE cooccurrence,False
DOID:3565,UBERON:0001785,CC0 1.0,MEDLINE cooccurrence,False
DOID:3070,UBERON:0002363,CC0 1.0,MEDLINE cooccurrence,False
DOID:0060119,UBERON:0002397,CC0 1.0,MEDLINE cooccurrence,False
DOID:2394,UBERON:0000991,CC0 1.0,MEDLINE cooccurrence,False
DOID:332,UBERON:0001017,CC0 1.0,MEDLINE cooccurrence,False
DOID:2394,UBERON:0000038,CC0 1.0,MEDLINE cooccurrence,False
DOID:14268,UBERON:0001283,CC0 1.0,MEDLINE cooccurrence,False
DOID:13241,UBERON:0001016,CC0 1.0,MEDLINE cooccurrence,False
DOID:8893,UBERON:0001090,CC0 1.0,MEDLINE cooccurrence,False
DOID:1936,UBERON:0004535,CC0 1.0,MEDLINE cooccurrence,False
DOID:7147,UBERON:0001090,CC0 1.0,MEDLINE cooccurrence,False
DOID:1909,UBERON:0000941,CC0 1.0,MEDLINE cooccurrence,False
DOID:1936,UBERON:0001530,CC0 1.0,MEDLINE cooccurrence,False
DOID:4159,UBERON:0002386,CC0 1.0,MEDLINE cooccurrence,False
DOID:3393,UBERON:0002165,CC0 1.0,MEDLINE cooccurrence,False
DOID:219,UBERON:0000483,CC0 1.0,MEDLINE cooccurrence,False
DOID:6364,UBERON:0001597,CC0 1.0,MEDLINE cooccurrence,False
DOID:1612,UBERON:0000985,CC0 1.0,MEDLINE cooccurrence,False
DOID:11714,UBERON:0002523,CC0 1.0,MEDLINE cooccurrence,False
DOID:1115,UBERON:0001437,CC0 1.0,MEDLINE cooccurrence,False
DOID:4481,UBERON:0002517,CC0 1.0,MEDLINE cooccurrence,False
DOID:2174,UBERON:0000053,CC0 1.0,MEDLINE cooccurrence,False
DOID:1094,UBERON:0001456,CC0 1.0,MEDLINE cooccurrence,False
DOID:4159,UBERON:0001818,CC0 1.0,MEDLINE cooccurrence,False
DOID:2531,UBERON:0002405,CC0 1.0,MEDLINE cooccurrence,False
DOID:13378,UBERON:0002352,CC0 1.0,MEDLINE cooccurrence,False
DOID:14221,UBERON:0001986,CC0 1.0,MEDLINE cooccurrence,False
DOID:4159,UBERON:0002387,CC0 1.0,MEDLINE cooccurrence,False
DOID:0060119,UBERON:0001694,CC0 1.0,MEDLINE cooccurrence,False
DOID:1612,UBERON:0000482,CC0 1.0,MEDLINE cooccurrence,False
DOID:1192,UBERON:0002037,CC0 1.0,MEDLINE cooccurrence,False
DOID:3565,UBERON:0001905,CC0 1.0,MEDLINE cooccurrence,False
DOID:4481,UBERON:0001750,CC0 1.0,MEDLINE cooccurrence,False
DOID:0050741,UBERON:0001780,CC0 1.0,MEDLINE cooccurrence,False
DOID:3393,UBERON:0002134,CC0 1.0,MEDLINE cooccurrence,False
DOID:332,UBERON:0001103,CC0 1.0,MEDLINE cooccurrence,False
DOID:2355,UBERON:0001225,CC0 1.0,MEDLINE cooccurrence,False
DOID:4045,UBERON:0001597,CC0 1.0,MEDLINE cooccurrence,False
DOID:4159,UBERON:0002398,CC0 1.0,MEDLINE cooccurrence,False
DOID:418,UBERON:0002405,CC0 1.0,MEDLINE cooccurrence,False
DOID:11934,UBERON:0000033,CC0 1.0,MEDLINE cooccurrence,False
DOID:2394,UBERON:0001866,CC0 1.0,MEDLINE cooccurrence,False
DOID:1781,UBERON:0003092,CC0 1.0,MEDLINE cooccurrence,False
DOID:3953,UBERON:0000007,CC0 1.0,MEDLINE cooccurrence,False
DOID:418,UBERON:0001007,CC0 1.0,MEDLINE cooccurrence,False
DOID:1459,UBERON:0002046,CC0 1.0,MEDLINE cooccurrence,False
DOID:1612,UBERON:0001587,CC0 1.0,MEDLINE cooccurrence,False
DOID:2377,UBERON:0001599,CC0 1.0,MEDLINE cooccurrence,False
DOID:784,UBERON:0000985,CC0 1.0,MEDLINE cooccurrence,False
DOID:1993,UBERON:0000997,CC0 1.0,MEDLINE cooccurrence,False
DOID:1993,UBERON:0002378,CC0 1.0,MEDLINE cooccurrence,False
DOID:1936,UBERON:0002405,CC0 1.0,MEDLINE cooccurrence,False
DOID:1192,UBERON:0004727,CC0 1.0,MEDLINE cooccurrence,False
DOID:8850,UBERON:0001690,CC0 1.0,MEDLINE cooccurrence,False
DOID:824,UBERON:0001456,CC0 1.0,MEDLINE cooccurrence,False
DOID:184,UBERON:0002102,CC0 1.0,MEDLINE cooccurrence,False
DOID:784,UBERON:0002522,CC0 1.0,MEDLINE cooccurrence,False
DOID:2394,UBERON:0000949,CC0 1.0,MEDLINE cooccurrence,False
DOID:3083,UBERON:0002048,CC0 1.0,MEDLINE cooccurrence,False
DOID:13189,UBERON:0002389,CC0 1.0,MEDLINE cooccurrence,False
DOID:11934,UBERON:0001833,CC0 1.0,MEDLINE cooccurrence,False
DOID:0050741,UBERON:0000991,CC0 1.0,MEDLINE cooccurrence,False
DOID:6364,UBERON:0001016,CC0 1.0,MEDLINE cooccurrence,False
DOID:784,UBERON:0002060,CC0 1.0,MEDLINE cooccurrence,False
DOID:11054,UBERON:0000989,CC0 1.0,MEDLINE cooccurrence,False
DOID:8577,UBERON:0000483,CC0 1.0,MEDLINE cooccurrence,False
DOID:1024,UBERON:0001711,CC0 1.0,MEDLINE cooccurrence,False
DOID:2355,UBERON:0001971,CC0 1.0,MEDLINE cooccurrence,False
DOID:3277,UBERON:0000029,CC0 1.0,MEDLINE cooccurrence,False
DOID:12849,UBERON:0002275,CC0 1.0,MEDLINE cooccurrence,False
DOID:13189,UBERON:0004452,CC0 1.0,MEDLINE cooccurrence,False
DOID:824,UBERON:0001836,CC0 1.0,MEDLINE cooccurrence,False
DOID:2355,UBERON:0002066,CC0 1.0,MEDLINE cooccurrence,False
DOID:418,UBERON:0001456,CC0 1.0,MEDLINE cooccurrence,False
DOID:2994,UBERON:0000473,CC0 1.0,MEDLINE cooccurrence,False
DOID:1725,UBERON:0000995,CC0 1.0,MEDLINE cooccurrence,False
DOID:1781,UBERON:0000975,CC0 1.0,MEDLINE cooccurrence,False
DOID:1936,UBERON:0001184,CC0 1.0,MEDLINE cooccurrence,False
DOID:4045,UBERON:0001756,CC0 1.0,MEDLINE cooccurrence,False
DOID:1312,UBERON:0001986,CC0 1.0,MEDLINE cooccurrence,False
DOID:0050741,UBERON:0001324,CC0 1.0,MEDLINE cooccurrence,False
DOID:824,UBERON:0000483,CC0 1.0,MEDLINE cooccurrence,False
DOID:184,UBERON:0001764,CC0 1.0,MEDLINE cooccurrence,False
DOID:11934,UBERON:0002019,CC0 1.0,MEDLINE cooccurrence,False
DOID:175,UBERON:0001515,CC0 1.0,MEDLINE cooccurrence,False
DOID:175,UBERON:0001585,CC0 1.0,MEDLINE cooccurrence,False
DOID:3393,UBERON:0001986,CC0 1.0,MEDLINE cooccurrence,False
DOID:263,UBERON:0001769,CC0 1.0,MEDLINE cooccurrence,False
DOID:10763,UBERON:0002349,CC0 1.0,MEDLINE cooccurrence,False
DOID:9352,UBERON:0002387,CC0 1.0,MEDLINE cooccurrence,False
DOID:12930,UBERON:0002099,CC0 1.0,MEDLINE cooccurrence,False
DOID:2174,UBERON:0001821,CC0 1.0,MEDLINE cooccurrence,False
DOID:1319,UBERON:0000955,CC0 1.0,MEDLINE cooccurrence,False
DOID:3953,UBERON:0002054,CC0 1.0,MEDLINE cooccurrence,False
DOID:12930,UBERON:0002353,CC0 1.0,MEDLINE cooccurrence,False
DOID:7147,UBERON:0000043,CC0 1.0,MEDLINE cooccurrence,False
DOID:11476,UBERON:0002481,CC0 1.0,MEDLINE cooccurrence,False
DOID:12236,UBERON:0001135,CC0 1.0,MEDLINE cooccurrence,False
DOID:1319,UBERON:0001887,CC0 1.0,MEDLINE cooccurrence,False
DOID:184,UBERON:0002250,CC0 1.0,MEDLINE cooccurrence,False
DOID:332,UBERON:0001460,CC0 1.0,MEDLINE cooccurrence,False
DOID:10941,UBERON:0001724,CC0 1.0,MEDLINE cooccurrence,False
DOID:2994,UBERON:0001352,CC0 1.0,MEDLINE cooccurrence,False
DOID:11714,UBERON:0002099,CC0 1.0,MEDLINE cooccurrence,False
DOID:11934,UBERON:0001756,CC0 1.0,MEDLINE cooccurrence,False
DOID:1192,UBERON:0002377,CC0 1.0,MEDLINE cooccurrence,False
DOID:11714,UBERON:0001814,CC0 1.0,MEDLINE cooccurrence,False
DOID:1319,UBERON:0001905,CC0 1.0,MEDLINE cooccurrence,False
DOID:14227,UBERON:0000998,CC0 1.0,MEDLINE cooccurrence,False
DOID:7693,UBERON:0002250,CC0 1.0,MEDLINE cooccurrence,False
DOID:10021,UBERON:0002294,CC0 1.0,MEDLINE cooccurrence,False
DOID:2994,UBERON:0003129,CC0 1.0,MEDLINE cooccurrence,False
DOID:184,UBERON:0001488,CC0 1.0,MEDLINE cooccurrence,False
DOID:12236,UBERON:0002394,CC0 1.0,MEDLINE cooccurrence,False
DOID:10534,UBERON:0001981,CC0 1.0,MEDLINE cooccurrence,False
DOID:13241,UBERON:0000988,CC0 1.0,MEDLINE cooccurrence,False
DOID:1826,UBERON:0002410,CC0 1.0,MEDLINE cooccurrence,False
DOID:1319,UBERON:0001676,CC0 1.0,MEDLINE cooccurrence,False
DOID:11934,UBERON:0001710,CC0 1.0,MEDLINE cooccurrence,False
DOID:11612,UBERON:0001295,CC0 1.0,MEDLINE cooccurrence,False
DOID:14004,UBERON:0001535,CC0 1.0,MEDLINE cooccurrence,False
DOID:2994,UBERON:0001322,CC0 1.0,MEDLINE cooccurrence,False
DOID:2377,UBERON:0000010,CC0 1.0,MEDLINE cooccurrence,False
DOID:1612,UBERON:0002369,CC0 1.0,MEDLINE cooccurrence,False
DOID:5559,UBERON:0002185,CC0 1.0,MEDLINE cooccurrence,False
DOID:10763,UBERON:0001228,CC0 1.0,MEDLINE cooccurrence,False
DOID:7148,UBERON:0002384,CC0 1.0,MEDLINE cooccurrence,False
DOID:1192,UBERON:0001860,CC0 1.0,MEDLINE cooccurrence,False
DOID:3310,UBERON:0002398,CC0 1.0,MEDLINE cooccurrence,False
DOID:14330,UBERON:0001021,CC0 1.0,MEDLINE cooccurrence,False
DOID:6364,UBERON:0001532,CC0 1.0,MEDLINE cooccurrence,False
DOID:3393,UBERON:0001980,CC0 1.0,MEDLINE cooccurrence,False
DOID:332,UBERON:0001494,CC0 1.0,MEDLINE cooccurrence,False
DOID:12930,UBERON:0001585,CC0 1.0,MEDLINE cooccurrence,False
DOID:4606,UBERON:0001182,CC0 1.0,MEDLINE cooccurrence,False
DOID:3565,UBERON:0002500,CC0 1.0,MEDLINE cooccurrence,False
DOID:9970,UBERON:0002522,CC0 1.0,MEDLINE cooccurrence,False
DOID:14330,UBERON:0002410,CC0 1.0,MEDLINE cooccurrence,False
DOID:3953,UBERON:0002081,CC0 1.0,MEDLINE cooccurrence,False
DOID:14268,UBERON:0001174,CC0 1.0,MEDLINE cooccurrence,False
DOID:1115,UBERON:0000029,CC0 1.0,MEDLINE cooccurrence,False
DOID:0060119,UBERON:0001070,CC0 1.0,MEDLINE cooccurrence,False
DOID:784,UBERON:0002481,CC0 1.0,MEDLINE cooccurrence,False
DOID:1324,UBERON:0002185,CC0 1.0,MEDLINE cooccurrence,False
DOID:1115,UBERON:0001694,CC0 1.0,MEDLINE cooccurrence,False
DOID:3070,UBERON:0001891,CC0 1.0,MEDLINE cooccurrence,False
DOID:7693,UBERON:0001394,CC0 1.0,MEDLINE cooccurrence,False
DOID:3312,UBERON:0002410,CC0 1.0,MEDLINE cooccurrence,False
DOID:11612,UBERON:0001305,CC0 1.0,MEDLINE cooccurrence,False
DOID:10941,UBERON:0001627,CC0 1.0,MEDLINE cooccurrence,False
DOID:1319,UBERON:0002298,CC0 1.0,MEDLINE cooccurrence,False
DOID:216,UBERON:0001710,CC0 1.0,MEDLINE cooccurrence,False
DOID:4045,UBERON:0001267,CC0 1.0,MEDLINE cooccurrence,False
DOID:1115,UBERON:0001911,CC0 1.0,MEDLINE cooccurrence,False
DOID:11476,UBERON:0002515,CC0 1.0,MEDLINE cooccurrence,False
DOID:4606,UBERON:0000029,CC0 1.0,MEDLINE cooccurrence,False
DOID:1115,UBERON:0002081,CC0 1.0,MEDLINE cooccurrence,False
DOID:6364,UBERON:0004535,CC0 1.0,MEDLINE cooccurrence,False
DOID:11934,UBERON:0001711,CC0 1.0,MEDLINE cooccurrence,False
DOID:5559,UBERON:0001744,CC0 1.0,MEDLINE cooccurrence,False
DOID:784,UBERON:0001288,CC0 1.0,MEDLINE cooccurrence,False
DOID:3393,UBERON:0002351,CC0 1.0,MEDLINE cooccurrence,False
DOID:9835,UBERON:0000211,CC0 1.0,MEDLINE cooccurrence,False
DOID:2355,UBERON:0001988,CC0 1.0,MEDLINE cooccurrence,False
DOID:1826,UBERON:0000045,CC0 1.0,MEDLINE cooccurrence,False
DOID:11612,UBERON:0002512,CC0 1.0,MEDLINE cooccurrence,False
DOID:263,UBERON:0001232,CC0 1.0,MEDLINE cooccurrence,False
DOID:0060119,UBERON:0001734,CC0 1.0,MEDLINE cooccurrence,False
DOID:1245,UBERON:0001821,CC0 1.0,MEDLINE cooccurrence,False
DOID:12849,UBERON:0001016,CC0 1.0,MEDLINE cooccurrence,False
DOID:9352,UBERON:0001637,CC0 1.0,MEDLINE cooccurrence,False
DOID:3393,UBERON:0002137,CC0 1.0,MEDLINE cooccurrence,False
DOID:1793,UBERON:0002010,CC0 1.0,MEDLINE cooccurrence,False
DOID:11476,UBERON:0004288,CC0 1.0,MEDLINE cooccurrence,False
DOID:13241,UBERON:0002250,CC0 1.0,MEDLINE cooccurrence,False
DOID:13499,UBERON:0000029,CC0 1.0,MEDLINE cooccurrence,False
DOID:9296,UBERON:0001456,CC0 1.0,MEDLINE cooccurrence,False
DOID:14330,UBERON:0001324,CC0 1.0,MEDLINE cooccurrence,False
DOID:1826,UBERON:0001677,CC0 1.0,MEDLINE cooccurrence,False
DOID:5875,UBERON:0000473,CC0 1.0,MEDLINE cooccurrence,False
DOID:1312,UBERON:0002303,CC0 1.0,MEDLINE cooccurrence,False
DOID:1909,UBERON:0001764,CC0 1.0,MEDLINE cooccurrence,False
DOID:1725,UBERON:0002378,CC0 1.0,MEDLINE cooccurrence,False
DOID:1192,UBERON:0002362,CC0 1.0,MEDLINE cooccurrence,False
DOID:1094,UBERON:0002148,CC0 1.0,MEDLINE cooccurrence,False
DOID:4045,UBERON:0001174,CC0 1.0,MEDLINE cooccurrence,False
DOID:8850,UBERON:0001598,CC0 1.0,MEDLINE cooccurrence,False
DOID:784,UBERON:0000013,CC0 1.0,MEDLINE cooccurrence,False
DOID:1115,UBERON:0001684,CC0 1.0,MEDLINE cooccurrence,False
DOID:10608,UBERON:0001744,CC0 1.0,MEDLINE cooccurrence,False
DOID:3083,UBERON:0001004,CC0 1.0,MEDLINE cooccurrence,False
DOID:1324,UBERON:0002407,CC0 1.0,MEDLINE cooccurrence,False
DOID:9970,UBERON:0000949,CC0 1.0,MEDLINE cooccurrence,False
DOID:1094,UBERON:0000955,CC0 1.0,MEDLINE cooccurrence,False
DOID:1319,UBERON:0002286,CC0 1.0,MEDLINE cooccurrence,False
DOID:1115,UBERON:0001585,CC0 1.0,MEDLINE cooccurrence,False
DOID:7693,UBERON:0002384,CC0 1.0,MEDLINE cooccurrence,False
DOID:3565,UBERON:0002453,CC0 1.0,MEDLINE cooccurrence,False
DOID:3121,UBERON:0001193,CC0 1.0,MEDLINE cooccurrence,False
DOID:1909,UBERON:0001711,CC0 1.0,MEDLINE cooccurrence,False
DOID:184,UBERON:0004288,CC0 1.0,MEDLINE cooccurrence,False
DOID:8850,UBERON:0001678,CC0 1.0,MEDLINE cooccurrence,False
DOID:1612,UBERON:0002097,CC0 1.0,MEDLINE cooccurrence,False
DOID:12185,UBERON:0000211,CC0 1.0,MEDLINE cooccurrence,False
DOID:3121,UBERON:0002394,CC0 1.0,MEDLINE cooccurrence,False
DOID:12930,UBERON:0002135,CC0 1.0,MEDLINE cooccurrence,False
DOID:119,UBERON:0001295,CC0 1.0,MEDLINE cooccurrence,False
DOID:2994,UBERON:0001815,CC0 1.0,MEDLINE cooccurrence,False
DOID:13223,UBERON:0002081,CC0 1.0,MEDLINE cooccurrence,False
DOID:8577,UBERON:0001744,CC0 1.0,MEDLINE cooccurrence,False
DOID:4159,UBERON:0002378,CC0 1.0,MEDLINE cooccurrence,False
DOID:2174,UBERON:0001783,CC0 1.0,MEDLINE cooccurrence,False
DOID:2994,UBERON:0001645,CC0 1.0,MEDLINE cooccurrence,False
DOID:4045,UBERON:0000996,CC0 1.0,MEDLINE cooccurrence,False
DOID:1319,UBERON:0002606,CC0 1.0,MEDLINE cooccurrence,False
DOID:0050741,UBERON:0001494,CC0 1.0,MEDLINE cooccurrence,False
DOID:8778,UBERON:0000029,CC0 1.0,MEDLINE cooccurrence,False
DOID:9008,UBERON:0004452,CC0 1.0,MEDLINE cooccurrence,False
DOID:4481,UBERON:0002365,CC0 1.0,MEDLINE cooccurrence,False
DOID:3310,UBERON:0002097,CC0 1.0,MEDLINE cooccurrence,False
DOID:9835,UBERON:0001772,CC0 1.0,MEDLINE cooccurrence,False
DOID:1993,UBERON:0000029,CC0 1.0,MEDLINE cooccurrence,False
DOID:1612,UBERON:0002297,CC0 1.0,MEDLINE cooccurrence,False
DOID:11949,UBERON:0002298,CC0 1.0,MEDLINE cooccurrence,False
DOID:14268,UBERON:0002107,CC0 1.0,MEDLINE cooccurrence,False
DOID:11612,UBERON:0001088,CC0 1.0,MEDLINE cooccurrence,False
DOID:12361,UBERON:0001711,CC0 1.0,MEDLINE cooccurrence,False
DOID:7148,UBERON:0001467,CC0 1.0,MEDLINE cooccurrence,False
DOID:1686,UBERON:0001783,CC0 1.0,MEDLINE cooccurrence,False
DOID:1324,UBERON:0002040,CC0 1.0,MEDLINE cooccurrence,False
DOID:1725,UBERON:0000029,CC0 1.0,MEDLINE cooccurrence,False
DOID:4045,UBERON:0001694,CC0 1.0,MEDLINE cooccurrence,False
DOID:4045,UBERON:0001691,CC0 1.0,MEDLINE cooccurrence,False
DOID:12365,UBERON:0002390,CC0 1.0,MEDLINE cooccurrence,False
DOID:2841,UBERON:0001759,CC0 1.0,MEDLINE cooccurrence,False
DOID:6364,UBERON:0001633,CC0 1.0,MEDLINE cooccurrence,False
DOID:1024,UBERON:0002103,CC0 1.0,MEDLINE cooccurrence,False
DOID:9970,UBERON:0001530,CC0 1.0,MEDLINE cooccurrence,False
DOID:7148,UBERON:0004452,CC0 1.0,MEDLINE cooccurrence,False
DOID:3565,UBERON:0000955,CC0 1.0,MEDLINE cooccurrence,False
DOID:1725,UBERON:0001640,CC0 1.0,MEDLINE cooccurrence,False
DOID:8398,UBERON:0001467,CC0 1.0,MEDLINE cooccurrence,False
DOID:784,UBERON:0002135,CC0 1.0,MEDLINE cooccurrence,False
DOID:11920,UBERON:0003126,CC0 1.0,MEDLINE cooccurrence,False
DOID:11054,UBERON:0002367,CC0 1.0,MEDLINE cooccurrence,False
DOID:10763,UBERON:0001805,CC0 1.0,MEDLINE cooccurrence,False
DOID:9206,UBERON:0001007,CC0 1.0,MEDLINE cooccurrence,False
DOID:0050425,UBERON:0000978,CC0 1.0,MEDLINE cooccurrence,False
DOID:585,UBERON:0001132,CC0 1.0,MEDLINE cooccurrence,False
DOID:7693,UBERON:0002522,CC0 1.0,MEDLINE cooccurrence,False
DOID:824,UBERON:0001716,CC0 1.0,MEDLINE cooccurrence,False
DOID:12365,UBERON:0001969,CC0 1.0,MEDLINE cooccurrence,False
DOID:8850,UBERON:0001785,CC0 1.0,MEDLINE cooccurrence,False
DOID:10763,UBERON:0001225,CC0 1.0,MEDLINE cooccurrence,False
DOID:219,UBERON:0001193,CC0 1.0,MEDLINE cooccurrence,False
DOID:2841,UBERON:0001836,CC0 1.0,MEDLINE cooccurrence,False
DOID:2043,UBERON:0001968,CC0 1.0,MEDLINE cooccurrence,False
DOID:0060119,UBERON:0001598,CC0 1.0,MEDLINE cooccurrence,False
DOID:784,UBERON:0001021,CC0 1.0,MEDLINE cooccurrence,False
DOID:10763,UBERON:0001627,CC0 1.0,MEDLINE cooccurrence,False
DOID:1192,UBERON:0001694,CC0 1.0,MEDLINE cooccurrence,False
DOID:7147,UBERON:0001470,CC0 1.0,MEDLINE cooccurrence,False
DOID:13241,UBERON:0001585,CC0 1.0,MEDLINE cooccurrence,False
DOID:10941,UBERON:0001533,CC0 1.0,MEDLINE cooccurrence,False
DOID:10941,UBERON:0001070,CC0 1.0,MEDLINE cooccurrence,False
DOID:9008,UBERON:0001461,CC0 1.0,MEDLINE cooccurrence,False
DOID:9970,UBERON:0002162,CC0 1.0,MEDLINE cooccurrence,False
DOID:1826,UBERON:0001896,CC0 1.0,MEDLINE cooccurrence,False
DOID:12849,UBERON:0001893,CC0 1.0,MEDLINE cooccurrence,False
DOID:10652,UBERON:0002285,CC0 1.0,MEDLINE cooccurrence,False
DOID:14004,UBERON:0002240,CC0 1.0,MEDLINE cooccurrence,False
DOID:0060119,UBERON:0001710,CC0 1.0,MEDLINE cooccurrence,False
DOID:1115,UBERON:0001485,CC0 1.0,MEDLINE cooccurrence,False
DOID:11819,UBERON:0001285,CC0 1.0,MEDLINE cooccurrence,False
DOID:8577,UBERON:0002378,CC0 1.0,MEDLINE cooccurrence,False
DOID:1909,UBERON:0001783,CC0 1.0,MEDLINE cooccurrence,False
DOID:1793,UBERON:0001264,CC0 1.0,MEDLINE cooccurrence,False
DOID:9744,UBERON:0001021,CC0 1.0,MEDLINE cooccurrence,False
DOID:14221,UBERON:0000013,CC0 1.0,MEDLINE cooccurrence,False
DOID:2596,UBERON:0000029,CC0 1.0,MEDLINE cooccurrence,False
DOID:2994,UBERON:0002363,CC0 1.0,MEDLINE cooccurrence,False
DOID:1192,UBERON:0001846,CC0 1.0,MEDLINE cooccurrence,False
DOID:3565,UBERON:0001648,CC0 1.0,MEDLINE cooccurrence,False
DOID:4989,UBERON:0001988,CC0 1.0,MEDLINE cooccurrence,False
DOID:0060119,UBERON:0001764,CC0 1.0,MEDLINE cooccurrence,False
DOID:2355,UBERON:0002371,CC0 1.0,MEDLINE cooccurrence,False
DOID:1909,UBERON:0001037,CC0 1.0,MEDLINE cooccurrence,False
DOID:1826,UBERON:0001908,CC0 1.0,MEDLINE cooccurrence,False
DOID:635,UBERON:0001836,CC0 1.0,MEDLINE cooccurrence,False
DOID:4362,UBERON:0001237,CC0 1.0,MEDLINE cooccurrence,False
DOID:2377,UBERON:0002518,CC0 1.0,MEDLINE cooccurrence,False
DOID:3070,UBERON:0002066,CC0 1.0,MEDLINE cooccurrence,False
DOID:5041,UBERON:0000974,CC0 1.0,MEDLINE cooccurrence,False
DOID:184,UBERON:0001365,CC0 1.0,MEDLINE cooccurrence,False
DOID:5041,UBERON:0001640,CC0 1.0,MEDLINE cooccurrence,False
DOID:7147,UBERON:0002414,CC0 1.0,MEDLINE cooccurrence,False
DOID:14227,UBERON:0001343,CC0 1.0,MEDLINE cooccurrence,False
DOID:10941,UBERON:0001535,CC0 1.0,MEDLINE cooccurrence,False
DOID:1319,UBERON:0001649,CC0 1.0,MEDLINE cooccurrence,False
DOID:263,UBERON:0001285,CC0 1.0,MEDLINE cooccurrence,False
DOID:1826,UBERON:0002298,CC0 1.0,MEDLINE cooccurrence,False
DOID:1793,UBERON:0000006,CC0 1.0,MEDLINE cooccurrence,False
DOID:3070,UBERON:0004727,CC0 1.0,MEDLINE cooccurrence,False
DOID:11934,UBERON:0001762,CC0 1.0,MEDLINE cooccurrence,False
DOID:184,UBERON:0003685,CC0 1.0,MEDLINE cooccurrence,False
DOID:219,UBERON:0002066,CC0 1.0,MEDLINE cooccurrence,False
DOID:5875,UBERON:0001184,CC0 1.0,MEDLINE cooccurrence,False
DOID:10941,UBERON:0002298,CC0 1.0,MEDLINE cooccurrence,False
DOID:13241,UBERON:0001090,CC0 1.0,MEDLINE cooccurrence,False
DOID:3953,UBERON:0002053,CC0 1.0,MEDLINE cooccurrence,False
DOID:3083,UBERON:0002012,CC0 1.0,MEDLINE cooccurrence,False
DOID:9074,UBERON:0002371,CC0 1.0,MEDLINE cooccurrence,False
DOID:184,UBERON:0001708,CC0 1.0,MEDLINE cooccurrence,False
DOID:1319,UBERON:0002362,CC0 1.0,MEDLINE cooccurrence,False
DOID:1319,UBERON:0001844,CC0 1.0,MEDLINE cooccurrence,False
DOID:784,UBERON:0001585,CC0 1.0,MEDLINE cooccurrence,False
DOID:3277,UBERON:0001884,CC0 1.0,MEDLINE cooccurrence,False
DOID:10021,UBERON:0001640,CC0 1.0,MEDLINE cooccurrence,False
DOID:2174,UBERON:0001697,CC0 1.0,MEDLINE cooccurrence,False
DOID:2394,UBERON:0003889,CC0 1.0,MEDLINE cooccurrence,False
DOID:216,UBERON:0001832,CC0 1.0,MEDLINE cooccurrence,False
DOID:1993,UBERON:0001638,CC0 1.0,MEDLINE cooccurrence,False
DOID:7693,UBERON:0002103,CC0 1.0,MEDLINE cooccurrence,False
DOID:3083,UBERON:0001089,CC0 1.0,MEDLINE cooccurrence,False
DOID:14227,UBERON:0001968,CC0 1.0,MEDLINE cooccurrence,False
DOID:90,UBERON:0001067,CC0 1.0,MEDLINE cooccurrence,False
DOID:1192,UBERON:0000941,CC0 1.0,MEDLINE cooccurrence,False
DOID:1024,UBERON:0001461,CC0 1.0,MEDLINE cooccurrence,False
DOID:824,UBERON:0002397,CC0 1.0,MEDLINE cooccurrence,False
DOID:9970,UBERON:0001348,CC0 1.0,MEDLINE cooccurrence,False
DOID:11819,UBERON:0000999,CC0 1.0,MEDLINE cooccurrence,False
DOID:0050741,UBERON:0002466,CC0 1.0,MEDLINE cooccurrence,False
DOID:11920,UBERON:0002185,CC0 1.0,MEDLINE cooccurrence,False
DOID:7148,UBERON:0001490,CC0 1.0,MEDLINE cooccurrence,False
DOID:5875,UBERON:0000056,CC0 1.0,MEDLINE cooccurrence,False
DOID:1936,UBERON:0001529,CC0 1.0,MEDLINE cooccurrence,False
DOID:2174,UBERON:0001750,CC0 1.0,MEDLINE cooccurrence,False
DOID:2394,UBERON:0001237,CC0 1.0,MEDLINE cooccurrence,False
DOID:2998,UBERON:0000998,CC0 1.0,MEDLINE cooccurrence,False
DOID:184,UBERON:0001676,CC0 1.0,MEDLINE cooccurrence,False
DOID:9970,UBERON:0000011,CC0 1.0,MEDLINE cooccurrence,False
DOID:219,UBERON:0000042,CC0 1.0,MEDLINE cooccurrence,False
DOID:1319,UBERON:0001707,CC0 1.0,MEDLINE cooccurrence,False
DOID:585,UBERON:0001008,CC0 1.0,MEDLINE cooccurrence,False
DOID:9008,UBERON:0001530,CC0 1.0,MEDLINE cooccurrence,False
DOID:9074,UBERON:0002113,CC0 1.0,MEDLINE cooccurrence,False
DOID:10608,UBERON:0001970,CC0 1.0,MEDLINE cooccurrence,False
DOID:332,UBERON:0000955,CC0 1.0,MEDLINE cooccurrence,False
DOID:635,UBERON:0001968,CC0 1.0,MEDLINE cooccurrence,False
DOID:1115,UBERON:0001105,CC0 1.0,MEDLINE cooccurrence,False
DOID:1459,UBERON:0001348,CC0 1.0,MEDLINE cooccurrence,False
DOID:11920,UBERON:0002418,CC0 1.0,MEDLINE cooccurrence,False
DOID:2994,UBERON:0002413,CC0 1.0,MEDLINE cooccurrence,False
DOID:11934,UBERON:0001044,CC0 1.0,MEDLINE cooccurrence,False
DOID:3070,UBERON:0002298,CC0 1.0,MEDLINE cooccurrence,False
DOID:2355,UBERON:0002134,CC0 1.0,MEDLINE cooccurrence,False
DOID:0050741,UBERON:0002410,CC0 1.0,MEDLINE cooccurrence,False
DOID:10941,UBERON:0001908,CC0 1.0,MEDLINE cooccurrence,False
DOID:90,UBERON:0002347,CC0 1.0,MEDLINE cooccurrence,False
DOID:635,UBERON:0002299,CC0 1.0,MEDLINE cooccurrence,False
DOID:1115,UBERON:0002397,CC0 1.0,MEDLINE cooccurrence,False
DOID:12849,UBERON:0001910,CC0 1.0,MEDLINE cooccurrence,False
DOID:2994,UBERON:0002361,CC0 1.0,MEDLINE cooccurrence,False
DOID:0050741,UBERON:0001021,CC0 1.0,MEDLINE cooccurrence,False
DOID:1686,UBERON:0001796,CC0 1.0,MEDLINE cooccurrence,False
DOID:0060119,UBERON:0001037,CC0 1.0,MEDLINE cooccurrence,False
DOID:332,UBERON:0000922,CC0 1.0,MEDLINE cooccurrence,False
DOID:4045,UBERON:0002385,CC0 1.0,MEDLINE cooccurrence,False
DOID:2994,UBERON:0000029,CC0 1.0,MEDLINE cooccurrence,False
DOID:1459,UBERON:0002385,CC0 1.0,MEDLINE cooccurrence,False
DOID:4159,UBERON:0001690,CC0 1.0,MEDLINE cooccurrence,False
DOID:184,UBERON:0001093,CC0 1.0,MEDLINE cooccurrence,False
DOID:1793,UBERON:0001193,CC0 1.0,MEDLINE cooccurrence,False
DOID:10871,UBERON:0001771,CC0 1.0,MEDLINE cooccurrence,False
DOID:1793,UBERON:0002017,CC0 1.0,MEDLINE cooccurrence,False
DOID:8577,UBERON:0001970,CC0 1.0,MEDLINE cooccurrence,False
DOID:9296,UBERON:0001716,CC0 1.0,MEDLINE cooccurrence,False
DOID:1115,UBERON:0002378,CC0 1.0,MEDLINE cooccurrence,False
DOID:1686,UBERON:0002384,CC0 1.0,MEDLINE cooccurrence,False
DOID:1192,UBERON:0001783,CC0 1.0,MEDLINE cooccurrence,False
DOID:9744,UBERON:0001494,CC0 1.0,MEDLINE cooccurrence,False
DOID:5612,UBERON:0002298,CC0 1.0,MEDLINE cooccurrence,False
DOID:14330,UBERON:0001723,CC0 1.0,MEDLINE cooccurrence,False
DOID:3565,UBERON:0002285,CC0 1.0,MEDLINE cooccurrence,False
DOID:7147,UBERON:0001130,CC0 1.0,MEDLINE cooccurrence,False
DOID:0050741,UBERON:0001007,CC0 1.0,MEDLINE cooccurrence,False
DOID:10652,UBERON:0001016,CC0 1.0,MEDLINE cooccurrence,False
DOID:12306,UBERON:0002097,CC0 1.0,MEDLINE cooccurrence,False
DOID:1115,UBERON:0001814,CC0 1.0,MEDLINE cooccurrence,False
DOID:3083,UBERON:0002185,CC0 1.0,MEDLINE cooccurrence,False
DOID:7148,UBERON:0002413,CC0 1.0,MEDLINE cooccurrence,False
DOID:1612,UBERON:0001013,CC0 1.0,MEDLINE cooccurrence,False
DOID:1793,UBERON:0002005,CC0 1.0,MEDLINE cooccurrence,False
DOID:8893,UBERON:0002097,CC0 1.0,MEDLINE cooccurrence,False
DOID:2994,UBERON:0001494,CC0 1.0,MEDLINE cooccurrence,False
DOID:13223,UBERON:0000997,CC0 1.0,MEDLINE cooccurrence,False
DOID:11612,UBERON:0001037,CC0 1.0,MEDLINE cooccurrence,False
DOID:2043,UBERON:0002107,CC0 1.0,MEDLINE cooccurrence,False
DOID:1245,UBERON:0000483,CC0 1.0,MEDLINE cooccurrence,False
DOID:3312,UBERON:0001969,CC0 1.0,MEDLINE cooccurrence,False
DOID:10763,UBERON:0001288,CC0 1.0,MEDLINE cooccurrence,False
DOID:824,UBERON:0000165,CC0 1.0,MEDLINE cooccurrence,False
DOID:8986,UBERON:0002410,CC0 1.0,MEDLINE cooccurrence,False
DOID:184,UBERON:0004769,CC0 1.0,MEDLINE cooccurrence,False
DOID:0050741,UBERON:0002368,CC0 1.0,MEDLINE cooccurrence,False
DOID:8850,UBERON:0001750,CC0 1.0,MEDLINE cooccurrence,False
DOID:3565,UBERON:0001647,CC0 1.0,MEDLINE cooccurrence,False
DOID:10871,UBERON:0001620,CC0 1.0,MEDLINE cooccurrence,False
DOID:14268,UBERON:0002394,CC0 1.0,MEDLINE cooccurrence,False
DOID:4362,UBERON:0000995,CC0 1.0,MEDLINE cooccurrence,False
DOID:11054,UBERON:0000474,CC0 1.0,MEDLINE cooccurrence,False
DOID:1319,UBERON:0001633,CC0 1.0,MEDLINE cooccurrence,False
DOID:363,UBERON:0000995,CC0 1.0,MEDLINE cooccurrence,False
DOID:7148,UBERON:0002385,CC0 1.0,MEDLINE cooccurrence,False
DOID:1115,UBERON:0002228,CC0 1.0,MEDLINE cooccurrence,False
DOID:11934,UBERON:0002073,CC0 1.0,MEDLINE cooccurrence,False
DOID:11476,UBERON:0002516,CC0 1.0,MEDLINE cooccurrence,False
DOID:1725,UBERON:0001295,CC0 1.0,MEDLINE cooccurrence,False
DOID:13189,UBERON:0001488,CC0 1.0,MEDLINE cooccurrence,False
DOID:11054,UBERON:0001000,CC0 1.0,MEDLINE cooccurrence,False
DOID:2994,UBERON:0002517,CC0 1.0,MEDLINE cooccurrence,False
DOID:5419,UBERON:0000991,CC0 1.0,MEDLINE cooccurrence,False
DOID:1324,UBERON:0000483,CC0 1.0,MEDLINE cooccurrence,False
DOID:2043,UBERON:0001969,CC0 1.0,MEDLINE cooccurrence,False
DOID:2994,UBERON:0001649,CC0 1.0,MEDLINE cooccurrence,False
DOID:5612,UBERON:0001323,CC0 1.0,MEDLINE cooccurrence,False
DOID:9296,UBERON:0001598,CC0 1.0,MEDLINE cooccurrence,False
DOID:3393,UBERON:0002012,CC0 1.0,MEDLINE cooccurrence,False
DOID:12361,UBERON:0001764,CC0 1.0,MEDLINE cooccurrence,False
DOID:1115,UBERON:0002016,CC0 1.0,MEDLINE cooccurrence,False
DOID:5041,UBERON:0001007,CC0 1.0,MEDLINE cooccurrence,False
DOID:11934,UBERON:0001105,CC0 1.0,MEDLINE cooccurrence,False
DOID:11612,UBERON:0000949,CC0 1.0,MEDLINE cooccurrence,False
DOID:1319,UBERON:0000033,CC0 1.0,MEDLINE cooccurrence,False
DOID:1993,UBERON:0000998,CC0 1.0,MEDLINE cooccurrence,False
DOID:3571,UBERON:0001174,CC0 1.0,MEDLINE cooccurrence,False
DOID:9970,UBERON:0001970,CC0 1.0,MEDLINE cooccurrence,False
DOID:7148,UBERON:0001833,CC0 1.0,MEDLINE cooccurrence,False
DOID:1094,UBERON:0001037,CC0 1.0,MEDLINE cooccurrence,False
DOID:9352,UBERON:0002107,CC0 1.0,MEDLINE cooccurrence,False
DOID:7693,UBERON:0001530,CC0 1.0,MEDLINE cooccurrence,False
DOID:3565,UBERON:0001678,CC0 1.0,MEDLINE cooccurrence,False
DOID:10871,UBERON:0000970,CC0 1.0,MEDLINE cooccurrence,False
DOID:2531,UBERON:0002481,CC0 1.0,MEDLINE cooccurrence,False
DOID:10941,UBERON:0001633,CC0 1.0,MEDLINE cooccurrence,False
DOID:585,UBERON:0001288,CC0 1.0,MEDLINE cooccurrence,False
DOID:3070,UBERON:0001896,CC0 1.0,MEDLINE cooccurrence,False
DOID:119,UBERON:0000056,CC0 1.0,MEDLINE cooccurrence,False
DOID:7693,UBERON:0002113,CC0 1.0,MEDLINE cooccurrence,False
DOID:1192,UBERON:0001723,CC0 1.0,MEDLINE cooccurrence,False
DOID:2174,UBERON:0000964,CC0 1.0,MEDLINE cooccurrence,False
DOID:7147,UBERON:0002018,CC0 1.0,MEDLINE cooccurrence,False
DOID:13223,UBERON:0001072,CC0 1.0,MEDLINE cooccurrence,False
DOID:1826,UBERON:0000955,CC0 1.0,MEDLINE cooccurrence,False
DOID:10763,UBERON:0001310,CC0 1.0,MEDLINE cooccurrence,False
DOID:1192,UBERON:0001577,CC0 1.0,MEDLINE cooccurrence,False
DOID:6364,UBERON:0001645,CC0 1.0,MEDLINE cooccurrence,False
DOID:219,UBERON:0000996,CC0 1.0,MEDLINE cooccurrence,False
DOID:2841,UBERON:0003126,CC0 1.0,MEDLINE cooccurrence,False
DOID:11934,UBERON:0001832,CC0 1.0,MEDLINE cooccurrence,False
DOID:10153,UBERON:0001837,CC0 1.0,MEDLINE cooccurrence,False
DOID:12930,UBERON:0002165,CC0 1.0,MEDLINE cooccurrence,False
DOID:9970,UBERON:0001464,CC0 1.0,MEDLINE cooccurrence,False
DOID:13241,UBERON:0002360,CC0 1.0,MEDLINE cooccurrence,False
DOID:363,UBERON:0001815,CC0 1.0,MEDLINE cooccurrence,False
DOID:2994,UBERON:0001460,CC0 1.0,MEDLINE cooccurrence,False
DOID:12185,UBERON:0001694,CC0 1.0,MEDLINE cooccurrence,False
DOID:14330,UBERON:0000013,CC0 1.0,MEDLINE cooccurrence,False
DOID:10871,UBERON:0001619,CC0 1.0,MEDLINE cooccurrence,False
DOID:418,UBERON:0002389,CC0 1.0,MEDLINE cooccurrence,False
DOID:3393,UBERON:0002410,CC0 1.0,MEDLINE cooccurrence,False
DOID:1793,UBERON:0001175,CC0 1.0,MEDLINE cooccurrence,False
DOID:10652,UBERON:0001908,CC0 1.0,MEDLINE cooccurrence,False
DOID:1324,UBERON:0001587,CC0 1.0,MEDLINE cooccurrence,False
DOID:10763,UBERON:0001620,CC0 1.0,MEDLINE cooccurrence,False
DOID:1612,UBERON:0001394,CC0 1.0,MEDLINE cooccurrence,False
DOID:1826,UBERON:0001890,CC0 1.0,MEDLINE cooccurrence,False
DOID:3393,UBERON:0002441,CC0 1.0,MEDLINE cooccurrence,False
DOID:219,UBERON:0000029,CC0 1.0,MEDLINE cooccurrence,False
DOID:11934,UBERON:0001785,CC0 1.0,MEDLINE cooccurrence,False
DOID:3083,UBERON:0000977,CC0 1.0,MEDLINE cooccurrence,False
DOID:2394,UBERON:0000483,CC0 1.0,MEDLINE cooccurrence,False
DOID:2998,UBERON:0001105,CC0 1.0,MEDLINE cooccurrence,False
DOID:8778,UBERON:0000997,CC0 1.0,MEDLINE cooccurrence,False
DOID:1192,UBERON:0000054,CC0 1.0,MEDLINE cooccurrence,False
DOID:1459,UBERON:0001235,CC0 1.0,MEDLINE cooccurrence,False
DOID:2043,UBERON:0002297,CC0 1.0,MEDLINE cooccurrence,False
DOID:418,UBERON:0000982,CC0 1.0,MEDLINE cooccurrence,False
DOID:1319,UBERON:0000004,CC0 1.0,MEDLINE cooccurrence,False
DOID:184,UBERON:0001437,CC0 1.0,MEDLINE cooccurrence,False
DOID:8398,UBERON:0002102,CC0 1.0,MEDLINE cooccurrence,False
DOID:5612,UBERON:0002360,CC0 1.0,MEDLINE cooccurrence,False
DOID:11054,UBERON:0002066,CC0 1.0,MEDLINE cooccurrence,False
DOID:2994,UBERON:0002134,CC0 1.0,MEDLINE cooccurrence,False
DOID:1595,UBERON:0001016,CC0 1.0,MEDLINE cooccurrence,False
DOID:1245,UBERON:0001003,CC0 1.0,MEDLINE cooccurrence,False
DOID:11119,UBERON:0000955,CC0 1.0,MEDLINE cooccurrence,False
DOID:824,UBERON:0001831,CC0 1.0,MEDLINE cooccurrence,False
DOID:1595,UBERON:0000007,CC0 1.0,MEDLINE cooccurrence,False
DOID:1245,UBERON:0001300,CC0 1.0,MEDLINE cooccurrence,False
DOID:10021,UBERON:0001064,CC0 1.0,MEDLINE cooccurrence,False
DOID:10941,UBERON:0001891,CC0 1.0,MEDLINE cooccurrence,False
DOID:4362,UBERON:0000002,CC0 1.0,MEDLINE cooccurrence,False
DOID:11476,UBERON:0002204,CC0 1.0,MEDLINE cooccurrence,False
DOID:2377,UBERON:0001780,CC0 1.0,MEDLINE cooccurrence,False
DOID:9970,UBERON:0001305,CC0 1.0,MEDLINE cooccurrence,False
DOID:184,UBERON:0002387,CC0 1.0,MEDLINE cooccurrence,False
DOID:1324,UBERON:0001004,CC0 1.0,MEDLINE cooccurrence,False
DOID:2994,UBERON:0001886,CC0 1.0,MEDLINE cooccurrence,False
DOID:1909,UBERON:0001691,CC0 1.0,MEDLINE cooccurrence,False
DOID:14004,UBERON:0002522,CC0 1.0,MEDLINE cooccurrence,False
DOID:1094,UBERON:0001890,CC0 1.0,MEDLINE cooccurrence,False
DOID:7147,UBERON:0001469,CC0 1.0,MEDLINE cooccurrence,False
DOID:6364,UBERON:0002441,CC0 1.0,MEDLINE cooccurrence,False
DOID:3070,UBERON:0001017,CC0 1.0,MEDLINE cooccurrence,False
DOID:635,UBERON:0000955,CC0 1.0,MEDLINE cooccurrence,False
DOID:13189,UBERON:0001465,CC0 1.0,MEDLINE cooccurrence,False
DOID:4045,UBERON:0001111,CC0 1.0,MEDLINE cooccurrence,False
DOID:10652,UBERON:0002130,CC0 1.0,MEDLINE cooccurrence,False
DOID:1793,UBERON:0001174,CC0 1.0,MEDLINE cooccurrence,False
DOID:10021,UBERON:0001182,CC0 1.0,MEDLINE cooccurrence,False
DOID:2994,UBERON:0001599,CC0 1.0,MEDLINE cooccurrence,False
DOID:10153,UBERON:0001135,CC0 1.0,MEDLINE cooccurrence,False
DOID:4159,UBERON:0001031,CC0 1.0,MEDLINE cooccurrence,False
DOID:5875,UBERON:0002356,CC0 1.0,MEDLINE cooccurrence,False
DOID:13241,UBERON:0001891,CC0 1.0,MEDLINE cooccurrence,False
DOID:1826,UBERON:0002285,CC0 1.0,MEDLINE cooccurrence,False
DOID:784,UBERON:0002516,CC0 1.0,MEDLINE cooccurrence,False
DOID:6364,UBERON:0001762,CC0 1.0,MEDLINE cooccurrence,False
DOID:3393,UBERON:0002016,CC0 1.0,MEDLINE cooccurrence,False
DOID:1686,UBERON:0000211,CC0 1.0,MEDLINE cooccurrence,False
DOID:784,UBERON:0001971,CC0 1.0,MEDLINE cooccurrence,False
DOID:2355,UBERON:0002368,CC0 1.0,MEDLINE cooccurrence,False
DOID:8850,UBERON:0000029,CC0 1.0,MEDLINE cooccurrence,False
DOID:11934,UBERON:0001724,CC0 1.0,MEDLINE cooccurrence,False
DOID:594,UBERON:0000011,CC0 1.0,MEDLINE cooccurrence,False
DOID:3953,UBERON:0002411,CC0 1.0,MEDLINE cooccurrence,False
DOID:11819,UBERON:0001088,CC0 1.0,MEDLINE cooccurrence,False
DOID:11615,UBERON:0001300,CC0 1.0,MEDLINE cooccurrence,False
DOID:11476,UBERON:0002389,CC0 1.0,MEDLINE cooccurrence,False
DOID:3571,UBERON:0002017,CC0 1.0,MEDLINE cooccurrence,False
DOID:986,UBERON:0002097,CC0 1.0,MEDLINE cooccurrence,False
DOID:14330,UBERON:0001148,CC0 1.0,MEDLINE cooccurrence,False
DOID:1612,UBERON:0002204,CC0 1.0,MEDLINE cooccurrence,False
DOID:5408,UBERON:0001467,CC0 1.0,MEDLINE cooccurrence,False
DOID:0050741,UBERON:0001089,CC0 1.0,MEDLINE cooccurrence,False
DOID:12185,UBERON:0002501,CC0 1.0,MEDLINE cooccurrence,False
DOID:9296,UBERON:0001833,CC0 1.0,MEDLINE cooccurrence,False
DOID:3393,UBERON:0001404,CC0 1.0,MEDLINE cooccurrence,False
DOID:1192,UBERON:0001650,CC0 1.0,MEDLINE cooccurrence,False
DOID:2394,UBERON:0001305,CC0 1.0,MEDLINE cooccurrence,False
DOID:1115,UBERON:0001986,CC0 1.0,MEDLINE cooccurrence,False
DOID:1115,UBERON:0000995,CC0 1.0,MEDLINE cooccurrence,False
DOID:1725,UBERON:0001905,CC0 1.0,MEDLINE cooccurrence,False
DOID:1115,UBERON:0001737,CC0 1.0,MEDLINE cooccurrence,False
DOID:2394,UBERON:0001296,CC0 1.0,MEDLINE cooccurrence,False
DOID:184,UBERON:0001467,CC0 1.0,MEDLINE cooccurrence,False
DOID:3310,UBERON:0001827,CC0 1.0,MEDLINE cooccurrence,False
DOID:10021,UBERON:0001264,CC0 1.0,MEDLINE cooccurrence,False
DOID:9008,UBERON:0002205,CC0 1.0,MEDLINE cooccurrence,False
DOID:2174,UBERON:0001598,CC0 1.0,MEDLINE cooccurrence,False
DOID:1725,UBERON:0002017,CC0 1.0,MEDLINE cooccurrence,False
DOID:5559,UBERON:0001585,CC0 1.0,MEDLINE cooccurrence,False
DOID:0060119,UBERON:0000165,CC0 1.0,MEDLINE cooccurrence,False
DOID:3070,UBERON:0000988,CC0 1.0,MEDLINE cooccurrence,False
DOID:13241,UBERON:0001673,CC0 1.0,MEDLINE cooccurrence,False
DOID:10763,UBERON:0001184,CC0 1.0,MEDLINE cooccurrence,False
DOID:986,UBERON:0002067,CC0 1.0,MEDLINE cooccurrence,False
DOID:184,UBERON:0002204,CC0 1.0,MEDLINE cooccurrence,False
DOID:1826,UBERON:0002240,CC0 1.0,MEDLINE cooccurrence,False
DOID:14330,UBERON:0001989,CC0 1.0,MEDLINE cooccurrence,False
DOID:175,UBERON:0001981,CC0 1.0,MEDLINE cooccurrence,False
DOID:1115,UBERON:0001296,CC0 1.0,MEDLINE cooccurrence,False
DOID:585,UBERON:0001184,CC0 1.0,MEDLINE cooccurrence,False
DOID:175,UBERON:0001361,CC0 1.0,MEDLINE cooccurrence,False
DOID:184,UBERON:0001679,CC0 1.0,MEDLINE cooccurrence,False
DOID:4481,UBERON:0002392,CC0 1.0,MEDLINE cooccurrence,False
DOID:8398,UBERON:0001484,CC0 1.0,MEDLINE cooccurrence,False
DOID:0060119,UBERON:0002517,CC0 1.0,MEDLINE cooccurrence,False
DOID:184,UBERON:0002223,CC0 1.0,MEDLINE cooccurrence,False
DOID:1595,UBERON:0002410,CC0 1.0,MEDLINE cooccurrence,False
DOID:11714,UBERON:0002356,CC0 1.0,MEDLINE cooccurrence,False
DOID:3393,UBERON:0000178,CC0 1.0,MEDLINE cooccurrence,False
DOID:3083,UBERON:0002016,CC0 1.0,MEDLINE cooccurrence,False
DOID:9296,UBERON:0002517,CC0 1.0,MEDLINE cooccurrence,False
DOID:2994,UBERON:0001031,CC0 1.0,MEDLINE cooccurrence,False
DOID:7148,UBERON:0002204,CC0 1.0,MEDLINE cooccurrence,False
DOID:219,UBERON:0001744,CC0 1.0,MEDLINE cooccurrence,False
DOID:9296,UBERON:0001756,CC0 1.0,MEDLINE cooccurrence,False
DOID:14268,UBERON:0001264,CC0 1.0,MEDLINE cooccurrence,False
DOID:1909,UBERON:0000029,CC0 1.0,MEDLINE cooccurrence,False
DOID:9835,UBERON:0001771,CC0 1.0,MEDLINE cooccurrence,False
DOID:5408,UBERON:0001684,CC0 1.0,MEDLINE cooccurrence,False
DOID:11714,UBERON:0002522,CC0 1.0,MEDLINE cooccurrence,False
DOID:5419,UBERON:0001969,CC0 1.0,MEDLINE cooccurrence,False
DOID:4989,UBERON:0001970,CC0 1.0,MEDLINE cooccurrence,False
DOID:363,UBERON:0000483,CC0 1.0,MEDLINE cooccurrence,False
DOID:184,UBERON:0001684,CC0 1.0,MEDLINE cooccurrence,False
DOID:175,UBERON:0001182,CC0 1.0,MEDLINE cooccurrence,False
DOID:175,UBERON:0001640,CC0 1.0,MEDLINE cooccurrence,False
DOID:1826,UBERON:0002028,CC0 1.0,MEDLINE cooccurrence,False
DOID:8577,UBERON:0002405,CC0 1.0,MEDLINE cooccurrence,False
DOID:14330,UBERON:0001490,CC0 1.0,MEDLINE cooccurrence,False
DOID:10021,UBERON:0001971,CC0 1.0,MEDLINE cooccurrence,False
DOID:5875,UBERON:0001237,CC0 1.0,MEDLINE cooccurrence,False
DOID:2377,UBERON:0002298,CC0 1.0,MEDLINE cooccurrence,False
DOID:1319,UBERON:0001893,CC0 1.0,MEDLINE cooccurrence,False
DOID:3312,UBERON:0002286,CC0 1.0,MEDLINE cooccurrence,False
DOID:2994,UBERON:0001756,CC0 1.0,MEDLINE cooccurrence,False
DOID:9296,UBERON:0001707,CC0 1.0,MEDLINE cooccurrence,False
DOID:5419,UBERON:0002129,CC0 1.0,MEDLINE cooccurrence,False
DOID:13378,UBERON:0002389,CC0 1.0,MEDLINE cooccurrence,False
DOID:824,UBERON:0001675,CC0 1.0,MEDLINE cooccurrence,False
DOID:8850,UBERON:0001831,CC0 1.0,MEDLINE cooccurrence,False
DOID:3565,UBERON:0001643,CC0 1.0,MEDLINE cooccurrence,False
DOID:10941,UBERON:0001624,CC0 1.0,MEDLINE cooccurrence,False
DOID:6364,UBERON:0001620,CC0 1.0,MEDLINE cooccurrence,False
DOID:2986,UBERON:0002405,CC0 1.0,MEDLINE cooccurrence,False
DOID:332,UBERON:0001780,CC0 1.0,MEDLINE cooccurrence,False
DOID:3565,UBERON:0002019,CC0 1.0,MEDLINE cooccurrence,False
DOID:635,UBERON:0002371,CC0 1.0,MEDLINE cooccurrence,False
DOID:3277,UBERON:0001132,CC0 1.0,MEDLINE cooccurrence,False
DOID:119,UBERON:0000002,CC0 1.0,MEDLINE cooccurrence,False
DOID:2994,UBERON:0003685,CC0 1.0,MEDLINE cooccurrence,False
DOID:0050741,UBERON:0002037,CC0 1.0,MEDLINE cooccurrence,False
DOID:784,UBERON:0002523,CC0 1.0,MEDLINE cooccurrence,False
DOID:2596,UBERON:0002486,CC0 1.0,MEDLINE cooccurrence,False
DOID:1686,UBERON:0001772,CC0 1.0,MEDLINE cooccurrence,False
DOID:9008,UBERON:0001485,CC0 1.0,MEDLINE cooccurrence,False
DOID:0050741,UBERON:0001968,CC0 1.0,MEDLINE cooccurrence,False
DOID:10763,UBERON:0002522,CC0 1.0,MEDLINE cooccurrence,False
DOID:14330,UBERON:0001597,CC0 1.0,MEDLINE cooccurrence,False
DOID:2998,UBERON:0000473,CC0 1.0,MEDLINE cooccurrence,False
DOID:5041,UBERON:0001515,CC0 1.0,MEDLINE cooccurrence,False
DOID:6364,UBERON:0002298,CC0 1.0,MEDLINE cooccurrence,False
DOID:6364,UBERON:0002389,CC0 1.0,MEDLINE cooccurrence,False
DOID:4989,UBERON:0001089,CC0 1.0,MEDLINE cooccurrence,False
DOID:585,UBERON:0002113,CC0 1.0,MEDLINE cooccurrence,False
DOID:3070,UBERON:0002129,CC0 1.0,MEDLINE cooccurrence,False
DOID:3277,UBERON:0001638,CC0 1.0,MEDLINE cooccurrence,False
DOID:1115,UBERON:0001465,CC0 1.0,MEDLINE cooccurrence,False
DOID:11920,UBERON:0000483,CC0 1.0,MEDLINE cooccurrence,False
DOID:1612,UBERON:0000949,CC0 1.0,MEDLINE cooccurrence,False
DOID:9074,UBERON:0002352,CC0 1.0,MEDLINE cooccurrence,False
DOID:3393,UBERON:0002354,CC0 1.0,MEDLINE cooccurrence,False
DOID:6364,UBERON:0000974,CC0 1.0,MEDLINE cooccurrence,False
DOID:1324,UBERON:0001103,CC0 1.0,MEDLINE cooccurrence,False
DOID:219,UBERON:0002107,CC0 1.0,MEDLINE cooccurrence,False
DOID:12236,UBERON:0002017,CC0 1.0,MEDLINE cooccurrence,False
DOID:11934,UBERON:0000482,CC0 1.0,MEDLINE cooccurrence,False
DOID:0050156,UBERON:0002048,CC0 1.0,MEDLINE cooccurrence,False
DOID:9970,UBERON:0001103,CC0 1.0,MEDLINE cooccurrence,False
DOID:1936,UBERON:0002137,CC0 1.0,MEDLINE cooccurrence,False
DOID:13241,UBERON:0001361,CC0 1.0,MEDLINE cooccurrence,False
DOID:5408,UBERON:0002397,CC0 1.0,MEDLINE cooccurrence,False
DOID:4159,UBERON:0000974,CC0 1.0,MEDLINE cooccurrence,False
DOID:1459,UBERON:0001088,CC0 1.0,MEDLINE cooccurrence,False
DOID:5559,UBERON:0001805,CC0 1.0,MEDLINE cooccurrence,False
DOID:9352,UBERON:0001013,CC0 1.0,MEDLINE cooccurrence,False
DOID:7693,UBERON:0002060,CC0 1.0,MEDLINE cooccurrence,False
DOID:119,UBERON:0000992,CC0 1.0,MEDLINE cooccurrence,False
DOID:1826,UBERON:0001017,CC0 1.0,MEDLINE cooccurrence,False
DOID:10021,UBERON:0002110,CC0 1.0,MEDLINE cooccurrence,False
DOID:3083,UBERON:0001111,CC0 1.0,MEDLINE cooccurrence,False
DOID:11612,UBERON:0002411,CC0 1.0,MEDLINE cooccurrence,False
DOID:184,UBERON:0001645,CC0 1.0,MEDLINE cooccurrence,False
DOID:5408,UBERON:0001710,CC0 1.0,MEDLINE cooccurrence,False
DOID:0060119,UBERON:0002386,CC0 1.0,MEDLINE cooccurrence,False
DOID:4045,UBERON:0002386,CC0 1.0,MEDLINE cooccurrence,False
DOID:4481,UBERON:0001825,CC0 1.0,MEDLINE cooccurrence,False
DOID:8850,UBERON:0001832,CC0 1.0,MEDLINE cooccurrence,False
DOID:332,UBERON:0001577,CC0 1.0,MEDLINE cooccurrence,False
DOID:5419,UBERON:0001577,CC0 1.0,MEDLINE cooccurrence,False
DOID:14221,UBERON:0001348,CC0 1.0,MEDLINE cooccurrence,False
DOID:1686,UBERON:0002392,CC0 1.0,MEDLINE cooccurrence,False
DOID:0060119,UBERON:0002298,CC0 1.0,MEDLINE cooccurrence,False
DOID:0060119,UBERON:0001616,CC0 1.0,MEDLINE cooccurrence,False
DOID:1781,UBERON:0002392,CC0 1.0,MEDLINE cooccurrence,False
DOID:4606,UBERON:0002394,CC0 1.0,MEDLINE cooccurrence,False
DOID:4045,UBERON:0002387,CC0 1.0,MEDLINE cooccurrence,False
DOID:119,UBERON:0000997,CC0 1.0,MEDLINE cooccurrence,False
DOID:219,UBERON:0002371,CC0 1.0,MEDLINE cooccurrence,False
DOID:11934,UBERON:0001598,CC0 1.0,MEDLINE cooccurrence,False
DOID:1725,UBERON:0002107,CC0 1.0,MEDLINE cooccurrence,False
DOID:585,UBERON:0001232,CC0 1.0,MEDLINE cooccurrence,False
DOID:2377,UBERON:0002405,CC0 1.0,MEDLINE cooccurrence,False
DOID:5408,UBERON:0001093,CC0 1.0,MEDLINE cooccurrence,False
DOID:2531,UBERON:0000991,CC0 1.0,MEDLINE cooccurrence,False
DOID:2994,UBERON:0001690,CC0 1.0,MEDLINE cooccurrence,False
DOID:9008,UBERON:0001469,CC0 1.0,MEDLINE cooccurrence,False
DOID:1024,UBERON:0001716,CC0 1.0,MEDLINE cooccurrence,False
DOID:332,UBERON:0001643,CC0 1.0,MEDLINE cooccurrence,False
DOID:1993,UBERON:0001988,CC0 1.0,MEDLINE cooccurrence,False
DOID:11555,UBERON:0001985,CC0 1.0,MEDLINE cooccurrence,False
DOID:585,UBERON:0001231,CC0 1.0,MEDLINE cooccurrence,False
DOID:3310,UBERON:0001089,CC0 1.0,MEDLINE cooccurrence,False
DOID:13223,UBERON:0000474,CC0 1.0,MEDLINE cooccurrence,False
DOID:13241,UBERON:0001365,CC0 1.0,MEDLINE cooccurrence,False
DOID:13189,UBERON:0001090,CC0 1.0,MEDLINE cooccurrence,False
DOID:9744,UBERON:0001827,CC0 1.0,MEDLINE cooccurrence,False
DOID:9074,UBERON:0001088,CC0 1.0,MEDLINE cooccurrence,False
DOID:784,UBERON:0002385,CC0 1.0,MEDLINE cooccurrence,False
DOID:175,UBERON:0002523,CC0 1.0,MEDLINE cooccurrence,False
DOID:13223,UBERON:0001296,CC0 1.0,MEDLINE cooccurrence,False
DOID:1595,UBERON:0001017,CC0 1.0,MEDLINE cooccurrence,False
DOID:7693,UBERON:0001194,CC0 1.0,MEDLINE cooccurrence,False
DOID:0060119,UBERON:0001836,CC0 1.0,MEDLINE cooccurrence,False
DOID:2994,UBERON:0002019,CC0 1.0,MEDLINE cooccurrence,False
DOID:2596,UBERON:0002019,CC0 1.0,MEDLINE cooccurrence,False
DOID:11476,UBERON:0000995,CC0 1.0,MEDLINE cooccurrence,False
DOID:11615,UBERON:0002411,CC0 1.0,MEDLINE cooccurrence,False
DOID:2994,UBERON:0001567,CC0 1.0,MEDLINE cooccurrence,False
DOID:2355,UBERON:0000922,CC0 1.0,MEDLINE cooccurrence,False
DOID:4159,UBERON:0001866,CC0 1.0,MEDLINE cooccurrence,False
DOID:5041,UBERON:0001594,CC0 1.0,MEDLINE cooccurrence,False
DOID:0060119,UBERON:0002453,CC0 1.0,MEDLINE cooccurrence,False
DOID:4159,UBERON:0000004,CC0 1.0,MEDLINE cooccurrence,False
DOID:12306,UBERON:0000974,CC0 1.0,MEDLINE cooccurrence,False
DOID:3083,UBERON:0002040,CC0 1.0,MEDLINE cooccurrence,False
DOID:3571,UBERON:0001194,CC0 1.0,MEDLINE cooccurrence,False
DOID:14004,UBERON:0001529,CC0 1.0,MEDLINE cooccurrence,False
DOID:12361,UBERON:0001750,CC0 1.0,MEDLINE cooccurrence,False
DOID:1936,UBERON:0001394,CC0 1.0,MEDLINE cooccurrence,False
DOID:13241,UBERON:0001398,CC0 1.0,MEDLINE cooccurrence,False
DOID:4989,UBERON:0001182,CC0 1.0,MEDLINE cooccurrence,False
DOID:175,UBERON:0001587,CC0 1.0,MEDLINE cooccurrence,False
DOID:4045,UBERON:0001008,CC0 1.0,MEDLINE cooccurrence,False
DOID:11054,UBERON:0000482,CC0 1.0,MEDLINE cooccurrence,False
DOID:332,UBERON:0001708,CC0 1.0,MEDLINE cooccurrence,False
DOID:1115,UBERON:0000922,CC0 1.0,MEDLINE cooccurrence,False
DOID:332,UBERON:0000988,CC0 1.0,MEDLINE cooccurrence,False
DOID:11934,UBERON:0000483,CC0 1.0,MEDLINE cooccurrence,False
DOID:3312,UBERON:0002285,CC0 1.0,MEDLINE cooccurrence,False
DOID:13241,UBERON:0001516,CC0 1.0,MEDLINE cooccurrence,False
DOID:8398,UBERON:0002018,CC0 1.0,MEDLINE cooccurrence,False
DOID:1686,UBERON:0001786,CC0 1.0,MEDLINE cooccurrence,False
DOID:12185,UBERON:0002519,CC0 1.0,MEDLINE cooccurrence,False
DOID:2986,UBERON:0002113,CC0 1.0,MEDLINE cooccurrence,False
DOID:2355,UBERON:0002113,CC0 1.0,MEDLINE cooccurrence,False
DOID:3310,UBERON:0002067,CC0 1.0,MEDLINE cooccurrence,False
DOID:184,UBERON:0001694,CC0 1.0,MEDLINE cooccurrence,False
DOID:10763,UBERON:0002081,CC0 1.0,MEDLINE cooccurrence,False
DOID:4481,UBERON:0001677,CC0 1.0,MEDLINE cooccurrence,False
DOID:1024,UBERON:0001300,CC0 1.0,MEDLINE cooccurrence,False
DOID:2394,UBERON:0000474,CC0 1.0,MEDLINE cooccurrence,False
DOID:1319,UBERON:0002129,CC0 1.0,MEDLINE cooccurrence,False
DOID:184,UBERON:0001544,CC0 1.0,MEDLINE cooccurrence,False
DOID:1319,UBERON:0000045,CC0 1.0,MEDLINE cooccurrence,False
DOID:1319,UBERON:0001785,CC0 1.0,MEDLINE cooccurrence,False
DOID:2596,UBERON:0002365,CC0 1.0,MEDLINE cooccurrence,False
DOID:1909,UBERON:0001768,CC0 1.0,MEDLINE cooccurrence,False
DOID:263,UBERON:0001225,CC0 1.0,MEDLINE cooccurrence,False
DOID:3565,UBERON:0001624,CC0 1.0,MEDLINE cooccurrence,False
DOID:9970,UBERON:0001013,CC0 1.0,MEDLINE cooccurrence,False
DOID:585,UBERON:0001140,CC0 1.0,MEDLINE cooccurrence,False
DOID:1781,UBERON:0001737,CC0 1.0,MEDLINE cooccurrence,False
DOID:219,UBERON:0001638,CC0 1.0,MEDLINE cooccurrence,False
DOID:1686,UBERON:0001619,CC0 1.0,MEDLINE cooccurrence,False
DOID:1192,UBERON:0002387,CC0 1.0,MEDLINE cooccurrence,False
DOID:2355,UBERON:0001986,CC0 1.0,MEDLINE cooccurrence,False
DOID:6364,UBERON:0002925,CC0 1.0,MEDLINE cooccurrence,False
DOID:3070,UBERON:0002414,CC0 1.0,MEDLINE cooccurrence,False
DOID:216,UBERON:0001723,CC0 1.0,MEDLINE cooccurrence,False
DOID:9352,UBERON:0001772,CC0 1.0,MEDLINE cooccurrence,False
DOID:2596,UBERON:0002377,CC0 1.0,MEDLINE cooccurrence,False
DOID:1826,UBERON:0002361,CC0 1.0,MEDLINE cooccurrence,False
DOID:4159,UBERON:0001463,CC0 1.0,MEDLINE cooccurrence,False
DOID:216,UBERON:0001708,CC0 1.0,MEDLINE cooccurrence,False
DOID:1312,UBERON:0001980,CC0 1.0,MEDLINE cooccurrence,False
DOID:11476,UBERON:0001464,CC0 1.0,MEDLINE cooccurrence,False
DOID:7693,UBERON:0002240,CC0 1.0,MEDLINE cooccurrence,False
DOID:1686,UBERON:0001702,CC0 1.0,MEDLINE cooccurrence,False
DOID:1793,UBERON:0001194,CC0 1.0,MEDLINE cooccurrence,False
DOID:7148,UBERON:0001836,CC0 1.0,MEDLINE cooccurrence,False
DOID:2994,UBERON:0001577,CC0 1.0,MEDLINE cooccurrence,False
DOID:5419,UBERON:0002285,CC0 1.0,MEDLINE cooccurrence,False
DOID:9744,UBERON:0001398,CC0 1.0,MEDLINE cooccurrence,False
DOID:4159,UBERON:0002389,CC0 1.0,MEDLINE cooccurrence,False
DOID:8577,UBERON:0001971,CC0 1.0,MEDLINE cooccurrence,False
DOID:14330,UBERON:0002386,CC0 1.0,MEDLINE cooccurrence,False
DOID:4989,UBERON:0001640,CC0 1.0,MEDLINE cooccurrence,False
DOID:3070,UBERON:0001908,CC0 1.0,MEDLINE cooccurrence,False
DOID:119,UBERON:0003889,CC0 1.0,MEDLINE cooccurrence,False
DOID:1192,UBERON:0002389,CC0 1.0,MEDLINE cooccurrence,False
DOID:363,UBERON:0001637,CC0 1.0,MEDLINE cooccurrence,False
DOID:1936,UBERON:0001981,CC0 1.0,MEDLINE cooccurrence,False
DOID:3565,UBERON:0000988,CC0 1.0,MEDLINE cooccurrence,False
DOID:1909,UBERON:0002361,CC0 1.0,MEDLINE cooccurrence,False
DOID:0060119,UBERON:0001737,CC0 1.0,MEDLINE cooccurrence,False
DOID:635,UBERON:0002405,CC0 1.0,MEDLINE cooccurrence,False
DOID:10941,UBERON:0001404,CC0 1.0,MEDLINE cooccurrence,False
DOID:3312,UBERON:0002148,CC0 1.0,MEDLINE cooccurrence,False
DOID:5419,UBERON:0002410,CC0 1.0,MEDLINE cooccurrence,False
DOID:2377,UBERON:0002360,CC0 1.0,MEDLINE cooccurrence,False
DOID:9352,UBERON:0001398,CC0 1.0,MEDLINE cooccurrence,False
DOID:1909,UBERON:0002103,CC0 1.0,MEDLINE cooccurrence,False
DOID:10608,UBERON:0001264,CC0 1.0,MEDLINE cooccurrence,False
DOID:1909,UBERON:0000033,CC0 1.0,MEDLINE cooccurrence,False
DOID:14221,UBERON:0001981,CC0 1.0,MEDLINE cooccurrence,False
DOID:11934,UBERON:0002377,CC0 1.0,MEDLINE cooccurrence,False
DOID:9008,UBERON:0002389,CC0 1.0,MEDLINE cooccurrence,False
DOID:1964,UBERON:0000002,CC0 1.0,MEDLINE cooccurrence,False
DOID:9074,UBERON:0002299,CC0 1.0,MEDLINE cooccurrence,False
DOID:5419,UBERON:0001890,CC0 1.0,MEDLINE cooccurrence,False
DOID:1725,UBERON:0002439,CC0 1.0,MEDLINE cooccurrence,False
DOID:9744,UBERON:0002523,CC0 1.0,MEDLINE cooccurrence,False
DOID:10976,UBERON:0001140,CC0 1.0,MEDLINE cooccurrence,False
DOID:13241,UBERON:0001896,CC0 1.0,MEDLINE cooccurrence,False
DOID:9970,UBERON:0002028,CC0 1.0,MEDLINE cooccurrence,False
DOID:263,UBERON:0002081,CC0 1.0,MEDLINE cooccurrence,False
DOID:635,UBERON:0001007,CC0 1.0,MEDLINE cooccurrence,False
DOID:4989,UBERON:0002010,CC0 1.0,MEDLINE cooccurrence,False
DOID:1936,UBERON:0002250,CC0 1.0,MEDLINE cooccurrence,False
DOID:363,UBERON:0000029,CC0 1.0,MEDLINE cooccurrence,False
DOID:1936,UBERON:0000026,CC0 1.0,MEDLINE cooccurrence,False
DOID:10941,UBERON:0001887,CC0 1.0,MEDLINE cooccurrence,False
DOID:4606,UBERON:0001193,CC0 1.0,MEDLINE cooccurrence,False
DOID:3277,UBERON:0000974,CC0 1.0,MEDLINE cooccurrence,False
DOID:11239,UBERON:0003889,CC0 1.0,MEDLINE cooccurrence,False
DOID:184,UBERON:0001825,CC0 1.0,MEDLINE cooccurrence,False
DOID:9296,UBERON:0001711,CC0 1.0,MEDLINE cooccurrence,False
DOID:1319,UBERON:0001645,CC0 1.0,MEDLINE cooccurrence,False
DOID:2596,UBERON:0000974,CC0 1.0,MEDLINE cooccurrence,False
DOID:10534,UBERON:0001516,CC0 1.0,MEDLINE cooccurrence,False
DOID:784,UBERON:0001460,CC0 1.0,MEDLINE cooccurrence,False
DOID:2377,UBERON:0001643,CC0 1.0,MEDLINE cooccurrence,False
DOID:2355,UBERON:0001088,CC0 1.0,MEDLINE cooccurrence,False
DOID:1115,UBERON:0001322,CC0 1.0,MEDLINE cooccurrence,False
DOID:1826,UBERON:0002673,CC0 1.0,MEDLINE cooccurrence,False
DOID:10534,UBERON:0002439,CC0 1.0,MEDLINE cooccurrence,False
DOID:4362,UBERON:0000029,CC0 1.0,MEDLINE cooccurrence,False
DOID:12849,UBERON:0001720,CC0 1.0,MEDLINE cooccurrence,False
DOID:3565,UBERON:0004727,CC0 1.0,MEDLINE cooccurrence,False
DOID:12185,UBERON:0002502,CC0 1.0,MEDLINE cooccurrence,False
DOID:1964,UBERON:0000483,CC0 1.0,MEDLINE cooccurrence,False
DOID:10763,UBERON:0002369,CC0 1.0,MEDLINE cooccurrence,False
DOID:0060119,UBERON:0002240,CC0 1.0,MEDLINE cooccurrence,False
DOID:1115,UBERON:0002356,CC0 1.0,MEDLINE cooccurrence,False
DOID:1612,UBERON:0000474,CC0 1.0,MEDLINE cooccurrence,False
DOID:10763,UBERON:0001194,CC0 1.0,MEDLINE cooccurrence,False
DOID:11054,UBERON:0001135,CC0 1.0,MEDLINE cooccurrence,False
DOID:784,UBERON:0001228,CC0 1.0,MEDLINE cooccurrence,False
DOID:1024,UBERON:0001785,CC0 1.0,MEDLINE cooccurrence,False
DOID:3953,UBERON:0000991,CC0 1.0,MEDLINE cooccurrence,False
DOID:784,UBERON:0001088,CC0 1.0,MEDLINE cooccurrence,False
DOID:5419,UBERON:0000955,CC0 1.0,MEDLINE cooccurrence,False
DOID:3083,UBERON:0000975,CC0 1.0,MEDLINE cooccurrence,False
DOID:4159,UBERON:0001981,CC0 1.0,MEDLINE cooccurrence,False
DOID:9835,UBERON:0000964,CC0 1.0,MEDLINE cooccurrence,False
DOID:1781,UBERON:0002377,CC0 1.0,MEDLINE cooccurrence,False
DOID:3565,UBERON:0001908,CC0 1.0,MEDLINE cooccurrence,False
DOID:2174,UBERON:0000966,CC0 1.0,MEDLINE cooccurrence,False
DOID:4159,UBERON:0001705,CC0 1.0,MEDLINE cooccurrence,False
DOID:9074,UBERON:0002135,CC0 1.0,MEDLINE cooccurrence,False
DOID:12365,UBERON:0001836,CC0 1.0,MEDLINE cooccurrence,False
DOID:11934,UBERON:0001737,CC0 1.0,MEDLINE cooccurrence,False
DOID:3312,UBERON:0002046,CC0 1.0,MEDLINE cooccurrence,False
DOID:1192,UBERON:0001908,CC0 1.0,MEDLINE cooccurrence,False
DOID:2994,UBERON:0001650,CC0 1.0,MEDLINE cooccurrence,False
DOID:216,UBERON:0001684,CC0 1.0,MEDLINE cooccurrence,False
DOID:3070,UBERON:0000941,CC0 1.0,MEDLINE cooccurrence,False
DOID:2377,UBERON:0002240,CC0 1.0,MEDLINE cooccurrence,False
DOID:1024,UBERON:0001016,CC0 1.0,MEDLINE cooccurrence,False
DOID:2994,UBERON:0004727,CC0 1.0,MEDLINE cooccurrence,False
DOID:332,UBERON:0001785,CC0 1.0,MEDLINE cooccurrence,False
DOID:1612,UBERON:0002378,CC0 1.0,MEDLINE cooccurrence,False
DOID:10652,UBERON:0000955,CC0 1.0,MEDLINE cooccurrence,False
DOID:4045,UBERON:0001467,CC0 1.0,MEDLINE cooccurrence,False
DOID:2531,UBERON:0001988,CC0 1.0,MEDLINE cooccurrence,False
DOID:1793,UBERON:0001143,CC0 1.0,MEDLINE cooccurrence,False
DOID:1686,UBERON:0001827,CC0 1.0,MEDLINE cooccurrence,False
DOID:10763,UBERON:0002523,CC0 1.0,MEDLINE cooccurrence,False
DOID:12306,UBERON:0001820,CC0 1.0,MEDLINE cooccurrence,False
DOID:6364,UBERON:0001017,CC0 1.0,MEDLINE cooccurrence,False
DOID:7148,UBERON:0001044,CC0 1.0,MEDLINE cooccurrence,False
DOID:1192,UBERON:0001535,CC0 1.0,MEDLINE cooccurrence,False
DOID:0060119,UBERON:0002486,CC0 1.0,MEDLINE cooccurrence,False
DOID:8986,UBERON:0001896,CC0 1.0,MEDLINE cooccurrence,False
DOID:10652,UBERON:0002037,CC0 1.0,MEDLINE cooccurrence,False
DOID:12995,UBERON:0000955,CC0 1.0,MEDLINE cooccurrence,False
DOID:3565,UBERON:0002413,CC0 1.0,MEDLINE cooccurrence,False
DOID:9835,UBERON:0000482,CC0 1.0,MEDLINE cooccurrence,False
DOID:8398,UBERON:0001067,CC0 1.0,MEDLINE cooccurrence,False
DOID:13241,UBERON:0000966,CC0 1.0,MEDLINE cooccurrence,False
DOID:1319,UBERON:0001679,CC0 1.0,MEDLINE cooccurrence,False
DOID:9296,UBERON:0001681,CC0 1.0,MEDLINE cooccurrence,False
DOID:1024,UBERON:0000970,CC0 1.0,MEDLINE cooccurrence,False
DOID:184,UBERON:0001597,CC0 1.0,MEDLINE cooccurrence,False
DOID:184,UBERON:0001579,CC0 1.0,MEDLINE cooccurrence,False
DOID:784,UBERON:0001530,CC0 1.0,MEDLINE cooccurrence,False
DOID:1936,UBERON:0001182,CC0 1.0,MEDLINE cooccurrence,False
DOID:8850,UBERON:0001352,CC0 1.0,MEDLINE cooccurrence,False
DOID:3070,UBERON:0001648,CC0 1.0,MEDLINE cooccurrence,False
DOID:1192,UBERON:0001021,CC0 1.0,MEDLINE cooccurrence,False
DOID:184,UBERON:0001707,CC0 1.0,MEDLINE cooccurrence,False
DOID:11934,UBERON:0001467,CC0 1.0,MEDLINE cooccurrence,False
DOID:1115,UBERON:0002481,CC0 1.0,MEDLINE cooccurrence,False
DOID:1595,UBERON:0004535,CC0 1.0,MEDLINE cooccurrence,False
DOID:1115,UBERON:0002067,CC0 1.0,MEDLINE cooccurrence,False
DOID:11934,UBERON:0001691,CC0 1.0,MEDLINE cooccurrence,False
DOID:11934,UBERON:0000975,CC0 1.0,MEDLINE cooccurrence,False
DOID:0050741,UBERON:0001235,CC0 1.0,MEDLINE cooccurrence,False
DOID:1793,UBERON:0001007,CC0 1.0,MEDLINE cooccurrence,False
DOID:11119,UBERON:0001016,CC0 1.0,MEDLINE cooccurrence,False
DOID:5559,UBERON:0001594,CC0 1.0,MEDLINE cooccurrence,False
DOID:1936,UBERON:0001013,CC0 1.0,MEDLINE cooccurrence,False
DOID:5041,UBERON:0002185,CC0 1.0,MEDLINE cooccurrence,False
DOID:1793,UBERON:0001182,CC0 1.0,MEDLINE cooccurrence,False
DOID:9296,UBERON:0002389,CC0 1.0,MEDLINE cooccurrence,False
DOID:8398,UBERON:0001267,CC0 1.0,MEDLINE cooccurrence,False
DOID:824,UBERON:0002515,CC0 1.0,MEDLINE cooccurrence,False
DOID:0060119,UBERON:0001649,CC0 1.0,MEDLINE cooccurrence,False
DOID:10608,UBERON:0001836,CC0 1.0,MEDLINE cooccurrence,False
DOID:9296,UBERON:0003129,CC0 1.0,MEDLINE cooccurrence,False
DOID:986,UBERON:0001702,CC0 1.0,MEDLINE cooccurrence,False
DOID:3393,UBERON:0001759,CC0 1.0,MEDLINE cooccurrence,False
DOID:7148,UBERON:0000982,CC0 1.0,MEDLINE cooccurrence,False
DOID:184,UBERON:0001616,CC0 1.0,MEDLINE cooccurrence,False
DOID:13241,UBERON:0001619,CC0 1.0,MEDLINE cooccurrence,False
DOID:10763,UBERON:0001235,CC0 1.0,MEDLINE cooccurrence,False
DOID:585,UBERON:0001225,CC0 1.0,MEDLINE cooccurrence,False
DOID:1319,UBERON:0002285,CC0 1.0,MEDLINE cooccurrence,False
DOID:12361,UBERON:0001577,CC0 1.0,MEDLINE cooccurrence,False
DOID:1612,UBERON:0001105,CC0 1.0,MEDLINE cooccurrence,False
DOID:13378,UBERON:0002356,CC0 1.0,MEDLINE cooccurrence,False
DOID:418,UBERON:0001637,CC0 1.0,MEDLINE cooccurrence,False
DOID:418,UBERON:0001705,CC0 1.0,MEDLINE cooccurrence,False
DOID:13241,UBERON:0002137,CC0 1.0,MEDLINE cooccurrence,False
DOID:4606,UBERON:0001264,CC0 1.0,MEDLINE cooccurrence,False
DOID:1319,UBERON:0001644,CC0 1.0,MEDLINE cooccurrence,False
DOID:11476,UBERON:0002371,CC0 1.0,MEDLINE cooccurrence,False
DOID:1909,UBERON:0001460,CC0 1.0,MEDLINE cooccurrence,False
DOID:5041,UBERON:0001971,CC0 1.0,MEDLINE cooccurrence,False
DOID:635,UBERON:0001021,CC0 1.0,MEDLINE cooccurrence,False
DOID:14330,UBERON:0000011,CC0 1.0,MEDLINE cooccurrence,False
DOID:1245,UBERON:0002356,CC0 1.0,MEDLINE cooccurrence,False
DOID:3312,UBERON:0001836,CC0 1.0,MEDLINE cooccurrence,False
DOID:1115,UBERON:0001470,CC0 1.0,MEDLINE cooccurrence,False
DOID:10941,UBERON:0002037,CC0 1.0,MEDLINE cooccurrence,False
DOID:4362,UBERON:0003889,CC0 1.0,MEDLINE cooccurrence,False
DOID:184,UBERON:0001485,CC0 1.0,MEDLINE cooccurrence,False
DOID:1319,UBERON:0003129,CC0 1.0,MEDLINE cooccurrence,False
DOID:1790,UBERON:0002944,CC0 1.0,MEDLINE cooccurrence,False
DOID:5559,UBERON:0002390,CC0 1.0,MEDLINE cooccurrence,False
DOID:1459,UBERON:0000473,CC0 1.0,MEDLINE cooccurrence,False
DOID:2355,UBERON:0002466,CC0 1.0,MEDLINE cooccurrence,False
DOID:10763,UBERON:0002103,CC0 1.0,MEDLINE cooccurrence,False
DOID:5408,UBERON:0001105,CC0 1.0,MEDLINE cooccurrence,False
DOID:1115,UBERON:0000043,CC0 1.0,MEDLINE cooccurrence,False
DOID:1936,UBERON:0001398,CC0 1.0,MEDLINE cooccurrence,False
DOID:5408,UBERON:0001486,CC0 1.0,MEDLINE cooccurrence,False
DOID:2841,UBERON:0001235,CC0 1.0,MEDLINE cooccurrence,False
DOID:11476,UBERON:0002414,CC0 1.0,MEDLINE cooccurrence,False
DOID:14004,UBERON:0001637,CC0 1.0,MEDLINE cooccurrence,False
DOID:13499,UBERON:0001182,CC0 1.0,MEDLINE cooccurrence,False
DOID:332,UBERON:0001887,CC0 1.0,MEDLINE cooccurrence,False
DOID:5612,UBERON:0001905,CC0 1.0,MEDLINE cooccurrence,False
DOID:11612,UBERON:0000992,CC0 1.0,MEDLINE cooccurrence,False
DOID:2994,UBERON:0000992,CC0 1.0,MEDLINE cooccurrence,False
DOID:13223,UBERON:0001775,CC0 1.0,MEDLINE cooccurrence,False
DOID:11476,UBERON:0002386,CC0 1.0,MEDLINE cooccurrence,False
DOID:8778,UBERON:0001007,CC0 1.0,MEDLINE cooccurrence,False
DOID:14221,UBERON:0002060,CC0 1.0,MEDLINE cooccurrence,False
DOID:1936,UBERON:0001515,CC0 1.0,MEDLINE cooccurrence,False
DOID:2998,UBERON:0001000,CC0 1.0,MEDLINE cooccurrence,False
DOID:1115,UBERON:0002390,CC0 1.0,MEDLINE cooccurrence,False
DOID:1459,UBERON:0002512,CC0 1.0,MEDLINE cooccurrence,False
DOID:3277,UBERON:0002377,CC0 1.0,MEDLINE cooccurrence,False
DOID:119,UBERON:0000995,CC0 1.0,MEDLINE cooccurrence,False
DOID:14330,UBERON:0002385,CC0 1.0,MEDLINE cooccurrence,False
DOID:12365,UBERON:0001007,CC0 1.0,MEDLINE cooccurrence,False
DOID:3565,UBERON:0002298,CC0 1.0,MEDLINE cooccurrence,False
DOID:1192,UBERON:0001756,CC0 1.0,MEDLINE cooccurrence,False
DOID:6364,UBERON:0000988,CC0 1.0,MEDLINE cooccurrence,False
DOID:14004,UBERON:0002135,CC0 1.0,MEDLINE cooccurrence,False
DOID:5041,UBERON:0001821,CC0 1.0,MEDLINE cooccurrence,False
DOID:4159,UBERON:0001711,CC0 1.0,MEDLINE cooccurrence,False
DOID:2841,UBERON:0001004,CC0 1.0,MEDLINE cooccurrence,False
DOID:1993,UBERON:0002382,CC0 1.0,MEDLINE cooccurrence,False
DOID:9296,UBERON:0001762,CC0 1.0,MEDLINE cooccurrence,False
DOID:13189,UBERON:0000043,CC0 1.0,MEDLINE cooccurrence,False
DOID:8398,UBERON:0000043,CC0 1.0,MEDLINE cooccurrence,False
DOID:10763,UBERON:0001404,CC0 1.0,MEDLINE cooccurrence,False
DOID:1115,UBERON:0001463,CC0 1.0,MEDLINE cooccurrence,False
DOID:3121,UBERON:0002017,CC0 1.0,MEDLINE cooccurrence,False
DOID:1024,UBERON:0001003,CC0 1.0,MEDLINE cooccurrence,False
DOID:14004,UBERON:0000975,CC0 1.0,MEDLINE cooccurrence,False
DOID:0050425,UBERON:0001016,CC0 1.0,MEDLINE cooccurrence,False
DOID:11934,UBERON:0002392,CC0 1.0,MEDLINE cooccurrence,False
DOID:594,UBERON:0000010,CC0 1.0,MEDLINE cooccurrence,False
DOID:4045,UBERON:0001135,CC0 1.0,MEDLINE cooccurrence,False
DOID:13241,UBERON:0001887,CC0 1.0,MEDLINE cooccurrence,False
DOID:824,UBERON:0001986,CC0 1.0,MEDLINE cooccurrence,False
DOID:10871,UBERON:0001673,CC0 1.0,MEDLINE cooccurrence,False
DOID:2174,UBERON:0002392,CC0 1.0,MEDLINE cooccurrence,False
DOID:5559,UBERON:0000029,CC0 1.0,MEDLINE cooccurrence,False
DOID:10283,UBERON:0000056,CC0 1.0,MEDLINE cooccurrence,False
DOID:1993,UBERON:0001815,CC0 1.0,MEDLINE cooccurrence,False
DOID:14221,UBERON:0004535,CC0 1.0,MEDLINE cooccurrence,False
DOID:10153,UBERON:0001182,CC0 1.0,MEDLINE cooccurrence,False
DOID:13241,UBERON:0002240,CC0 1.0,MEDLINE cooccurrence,False
DOID:635,UBERON:0000029,CC0 1.0,MEDLINE cooccurrence,False
DOID:9074,UBERON:0002204,CC0 1.0,MEDLINE cooccurrence,False
DOID:8893,UBERON:0001705,CC0 1.0,MEDLINE cooccurrence,False
DOID:184,UBERON:0001733,CC0 1.0,MEDLINE cooccurrence,False
DOID:1725,UBERON:0001135,CC0 1.0,MEDLINE cooccurrence,False
DOID:2994,UBERON:0002286,CC0 1.0,MEDLINE cooccurrence,False
DOID:9296,UBERON:0002500,CC0 1.0,MEDLINE cooccurrence,False
DOID:4159,UBERON:0001821,CC0 1.0,MEDLINE cooccurrence,False
DOID:1192,UBERON:0001148,CC0 1.0,MEDLINE cooccurrence,False
DOID:263,UBERON:0002303,CC0 1.0,MEDLINE cooccurrence,False
DOID:4989,UBERON:0002017,CC0 1.0,MEDLINE cooccurrence,False
DOID:1192,UBERON:0001599,CC0 1.0,MEDLINE cooccurrence,False
DOID:2596,UBERON:0001734,CC0 1.0,MEDLINE cooccurrence,False
DOID:1909,UBERON:0002066,CC0 1.0,MEDLINE cooccurrence,False
DOID:10652,UBERON:0002129,CC0 1.0,MEDLINE cooccurrence,False
DOID:4159,UBERON:0000033,CC0 1.0,MEDLINE cooccurrence,False
DOID:0060119,UBERON:0001690,CC0 1.0,MEDLINE cooccurrence,False
DOID:784,UBERON:0001231,CC0 1.0,MEDLINE cooccurrence,False
DOID:175,UBERON:0001140,CC0 1.0,MEDLINE cooccurrence,False
DOID:1192,UBERON:0001844,CC0 1.0,MEDLINE cooccurrence,False
DOID:7693,UBERON:0002521,CC0 1.0,MEDLINE cooccurrence,False
DOID:7693,UBERON:0001182,CC0 1.0,MEDLINE cooccurrence,False
DOID:4481,UBERON:0001702,CC0 1.0,MEDLINE cooccurrence,False
DOID:418,UBERON:0002439,CC0 1.0,MEDLINE cooccurrence,False
DOID:4045,UBERON:0001764,CC0 1.0,MEDLINE cooccurrence,False
DOID:7147,UBERON:0001485,CC0 1.0,MEDLINE cooccurrence,False
DOID:1909,UBERON:0000970,CC0 1.0,MEDLINE cooccurrence,False
DOID:10652,UBERON:0002606,CC0 1.0,MEDLINE cooccurrence,False
DOID:4159,UBERON:0000978,CC0 1.0,MEDLINE cooccurrence,False
DOID:1192,UBERON:0002363,CC0 1.0,MEDLINE cooccurrence,False
DOID:9296,UBERON:0001893,CC0 1.0,MEDLINE cooccurrence,False
DOID:3565,UBERON:0001694,CC0 1.0,MEDLINE cooccurrence,False
DOID:8577,UBERON:0001988,CC0 1.0,MEDLINE cooccurrence,False
DOID:11934,UBERON:0001684,CC0 1.0,MEDLINE cooccurrence,False
DOID:12930,UBERON:0002082,CC0 1.0,MEDLINE cooccurrence,False
DOID:1686,UBERON:0001908,CC0 1.0,MEDLINE cooccurrence,False
DOID:12365,UBERON:0001011,CC0 1.0,MEDLINE cooccurrence,False
DOID:13241,UBERON:0000985,CC0 1.0,MEDLINE cooccurrence,False
DOID:184,UBERON:0002500,CC0 1.0,MEDLINE cooccurrence,False
DOID:11934,UBERON:0002386,CC0 1.0,MEDLINE cooccurrence,False
DOID:12849,UBERON:0001017,CC0 1.0,MEDLINE cooccurrence,False
DOID:9296,UBERON:0002228,CC0 1.0,MEDLINE cooccurrence,False
DOID:219,UBERON:0001007,CC0 1.0,MEDLINE cooccurrence,False
DOID:2994,UBERON:0001705,CC0 1.0,MEDLINE cooccurrence,False
DOID:2994,UBERON:0000033,CC0 1.0,MEDLINE cooccurrence,False
DOID:4159,UBERON:0000483,CC0 1.0,MEDLINE cooccurrence,False
DOID:12185,UBERON:0001678,CC0 1.0,MEDLINE cooccurrence,False
DOID:14330,UBERON:0001488,CC0 1.0,MEDLINE cooccurrence,False
DOID:10871,UBERON:0000966,CC0 1.0,MEDLINE cooccurrence,False
DOID:1612,UBERON:0002368,CC0 1.0,MEDLINE cooccurrence,False
DOID:5408,UBERON:0001070,CC0 1.0,MEDLINE cooccurrence,False
DOID:1024,UBERON:0001494,CC0 1.0,MEDLINE cooccurrence,False
DOID:119,UBERON:0000474,CC0 1.0,MEDLINE cooccurrence,False
DOID:14330,UBERON:0002130,CC0 1.0,MEDLINE cooccurrence,False
DOID:1595,UBERON:0001456,CC0 1.0,MEDLINE cooccurrence,False
DOID:12185,UBERON:0001687,CC0 1.0,MEDLINE cooccurrence,False
DOID:9970,UBERON:0000013,CC0 1.0,MEDLINE cooccurrence,False
DOID:1909,UBERON:0001567,CC0 1.0,MEDLINE cooccurrence,False
DOID:1781,UBERON:0003126,CC0 1.0,MEDLINE cooccurrence,False
DOID:1245,UBERON:0002411,CC0 1.0,MEDLINE cooccurrence,False
DOID:5559,UBERON:0000977,CC0 1.0,MEDLINE cooccurrence,False
DOID:2377,UBERON:0002130,CC0 1.0,MEDLINE cooccurrence,False
DOID:11054,UBERON:0000057,CC0 1.0,MEDLINE cooccurrence,False
DOID:9835,UBERON:0001773,CC0 1.0,MEDLINE cooccurrence,False
DOID:184,UBERON:0001785,CC0 1.0,MEDLINE cooccurrence,False
DOID:2994,UBERON:0001677,CC0 1.0,MEDLINE cooccurrence,False
DOID:1312,UBERON:0001285,CC0 1.0,MEDLINE cooccurrence,False
DOID:1686,UBERON:0001985,CC0 1.0,MEDLINE cooccurrence,False
DOID:1094,UBERON:0001891,CC0 1.0,MEDLINE cooccurrence,False
DOID:10941,UBERON:0001530,CC0 1.0,MEDLINE cooccurrence,False
DOID:9744,UBERON:0000010,CC0 1.0,MEDLINE cooccurrence,False
DOID:3953,UBERON:0000013,CC0 1.0,MEDLINE cooccurrence,False
DOID:6364,UBERON:0001675,CC0 1.0,MEDLINE cooccurrence,False
DOID:2994,UBERON:0001648,CC0 1.0,MEDLINE cooccurrence,False
DOID:5612,UBERON:0002240,CC0 1.0,MEDLINE cooccurrence,False
DOID:10941,UBERON:0001619,CC0 1.0,MEDLINE cooccurrence,False
DOID:418,UBERON:0000043,CC0 1.0,MEDLINE cooccurrence,False
DOID:3393,UBERON:0000013,CC0 1.0,MEDLINE cooccurrence,False
DOID:1459,UBERON:0000178,CC0 1.0,MEDLINE cooccurrence,False
DOID:824,UBERON:0001708,CC0 1.0,MEDLINE cooccurrence,False
DOID:1686,UBERON:0000964,CC0 1.0,MEDLINE cooccurrence,False
DOID:1781,UBERON:0000033,CC0 1.0,MEDLINE cooccurrence,False
DOID:13223,UBERON:0002512,CC0 1.0,MEDLINE cooccurrence,False
DOID:1612,UBERON:0001295,CC0 1.0,MEDLINE cooccurrence,False
DOID:5875,UBERON:0001361,CC0 1.0,MEDLINE cooccurrence,False
DOID:635,UBERON:0001017,CC0 1.0,MEDLINE cooccurrence,False
DOID:1781,UBERON:0002046,CC0 1.0,MEDLINE cooccurrence,False
DOID:10763,UBERON:0002361,CC0 1.0,MEDLINE cooccurrence,False
DOID:11714,UBERON:0000995,CC0 1.0,MEDLINE cooccurrence,False
DOID:11054,UBERON:0001224,CC0 1.0,MEDLINE cooccurrence,False
DOID:2394,UBERON:0000002,CC0 1.0,MEDLINE cooccurrence,False
DOID:3277,UBERON:0001744,CC0 1.0,MEDLINE cooccurrence,False
DOID:3070,UBERON:0002422,CC0 1.0,MEDLINE cooccurrence,False
DOID:4989,UBERON:0000006,CC0 1.0,MEDLINE cooccurrence,False
DOID:6364,UBERON:0001785,CC0 1.0,MEDLINE cooccurrence,False
DOID:0050741,UBERON:0002129,CC0 1.0,MEDLINE cooccurrence,False
DOID:1459,UBERON:0001844,CC0 1.0,MEDLINE cooccurrence,False
DOID:3121,UBERON:0001174,CC0 1.0,MEDLINE cooccurrence,False
DOID:986,UBERON:0001705,CC0 1.0,MEDLINE cooccurrence,False
DOID:332,UBERON:0002377,CC0 1.0,MEDLINE cooccurrence,False
DOID:10976,UBERON:0000482,CC0 1.0,MEDLINE cooccurrence,False
DOID:184,UBERON:0001465,CC0 1.0,MEDLINE cooccurrence,False
DOID:3565,UBERON:0001780,CC0 1.0,MEDLINE cooccurrence,False
DOID:2841,UBERON:0000004,CC0 1.0,MEDLINE cooccurrence,False
DOID:1459,UBERON:0000992,CC0 1.0,MEDLINE cooccurrence,False
DOID:10976,UBERON:0002113,CC0 1.0,MEDLINE cooccurrence,False
DOID:14330,UBERON:0001323,CC0 1.0,MEDLINE cooccurrence,False
DOID:11819,UBERON:0001224,CC0 1.0,MEDLINE cooccurrence,False
DOID:7147,UBERON:0001093,CC0 1.0,MEDLINE cooccurrence,False
DOID:9970,UBERON:0001235,CC0 1.0,MEDLINE cooccurrence,False
DOID:1115,UBERON:0002347,CC0 1.0,MEDLINE cooccurrence,False
DOID:7147,UBERON:0001067,CC0 1.0,MEDLINE cooccurrence,False
DOID:10608,UBERON:0002481,CC0 1.0,MEDLINE cooccurrence,False
DOID:9352,UBERON:0000006,CC0 1.0,MEDLINE cooccurrence,False
DOID:2841,UBERON:0002369,CC0 1.0,MEDLINE cooccurrence,False
DOID:11714,UBERON:0001013,CC0 1.0,MEDLINE cooccurrence,False
DOID:11949,UBERON:0002037,CC0 1.0,MEDLINE cooccurrence,False
DOID:175,UBERON:0001533,CC0 1.0,MEDLINE cooccurrence,False
DOID:2377,UBERON:0001017,CC0 1.0,MEDLINE cooccurrence,False
DOID:5408,UBERON:0001694,CC0 1.0,MEDLINE cooccurrence,False
DOID:1192,UBERON:0001648,CC0 1.0,MEDLINE cooccurrence,False
DOID:184,UBERON:0001535,CC0 1.0,MEDLINE cooccurrence,False
DOID:14004,UBERON:0001182,CC0 1.0,MEDLINE cooccurrence,False
DOID:2377,UBERON:0000988,CC0 1.0,MEDLINE cooccurrence,False
DOID:0050425,UBERON:0001021,CC0 1.0,MEDLINE cooccurrence,False
DOID:2174,UBERON:0001772,CC0 1.0,MEDLINE cooccurrence,False
DOID:5559,UBERON:0000974,CC0 1.0,MEDLINE cooccurrence,False
DOID:12365,UBERON:0002371,CC0 1.0,MEDLINE cooccurrence,False
DOID:8850,UBERON:0002377,CC0 1.0,MEDLINE cooccurrence,False
DOID:11054,UBERON:0000029,CC0 1.0,MEDLINE cooccurrence,False
DOID:14330,UBERON:0000988,CC0 1.0,MEDLINE cooccurrence,False
DOID:2355,UBERON:0002137,CC0 1.0,MEDLINE cooccurrence,False
DOID:0060119,UBERON:0001733,CC0 1.0,MEDLINE cooccurrence,False
DOID:12361,UBERON:0000007,CC0 1.0,MEDLINE cooccurrence,False
DOID:4481,UBERON:0000004,CC0 1.0,MEDLINE cooccurrence,False
DOID:2994,UBERON:0001644,CC0 1.0,MEDLINE cooccurrence,False
DOID:184,UBERON:0001750,CC0 1.0,MEDLINE cooccurrence,False
DOID:1115,UBERON:0001685,CC0 1.0,MEDLINE cooccurrence,False
DOID:2377,UBERON:0001594,CC0 1.0,MEDLINE cooccurrence,False
DOID:5419,UBERON:0002606,CC0 1.0,MEDLINE cooccurrence,False
DOID:3953,UBERON:0002369,CC0 1.0,MEDLINE cooccurrence,False
DOID:1826,UBERON:0000011,CC0 1.0,MEDLINE cooccurrence,False
DOID:1115,UBERON:0002389,CC0 1.0,MEDLINE cooccurrence,False
DOID:10608,UBERON:0001089,CC0 1.0,MEDLINE cooccurrence,False
DOID:9296,UBERON:0000033,CC0 1.0,MEDLINE cooccurrence,False
DOID:9074,UBERON:0002066,CC0 1.0,MEDLINE cooccurrence,False
DOID:9352,UBERON:0001530,CC0 1.0,MEDLINE cooccurrence,False
DOID:2994,UBERON:0000045,CC0 1.0,MEDLINE cooccurrence,False
DOID:3565,UBERON:0001673,CC0 1.0,MEDLINE cooccurrence,False
DOID:6364,UBERON:0001825,CC0 1.0,MEDLINE cooccurrence,False
DOID:0060119,UBERON:0003129,CC0 1.0,MEDLINE cooccurrence,False
DOID:1024,UBERON:0001780,CC0 1.0,MEDLINE cooccurrence,False
DOID:2994,UBERON:0002037,CC0 1.0,MEDLINE cooccurrence,False
DOID:10763,UBERON:0001989,CC0 1.0,MEDLINE cooccurrence,False
DOID:2531,UBERON:0000473,CC0 1.0,MEDLINE cooccurrence,False
DOID:1826,UBERON:0000988,CC0 1.0,MEDLINE cooccurrence,False
DOID:184,UBERON:0002347,CC0 1.0,MEDLINE cooccurrence,False
DOID:263,UBERON:0001072,CC0 1.0,MEDLINE cooccurrence,False
DOID:332,UBERON:0002707,CC0 1.0,MEDLINE cooccurrence,False
DOID:2994,UBERON:0000482,CC0 1.0,MEDLINE cooccurrence,False
DOID:1459,UBERON:0002369,CC0 1.0,MEDLINE cooccurrence,False
DOID:1459,UBERON:0001723,CC0 1.0,MEDLINE cooccurrence,False
DOID:4159,UBERON:0001986,CC0 1.0,MEDLINE cooccurrence,False
DOID:1192,UBERON:0002360,CC0 1.0,MEDLINE cooccurrence,False
DOID:2174,UBERON:0001764,CC0 1.0,MEDLINE cooccurrence,False
DOID:332,UBERON:0001896,CC0 1.0,MEDLINE cooccurrence,False
DOID:0050741,UBERON:0001037,CC0 1.0,MEDLINE cooccurrence,False
DOID:12849,UBERON:0002398,CC0 1.0,MEDLINE cooccurrence,False
DOID:8398,UBERON:0002418,CC0 1.0,MEDLINE cooccurrence,False
DOID:10153,UBERON:0001264,CC0 1.0,MEDLINE cooccurrence,False
DOID:9008,UBERON:0000982,CC0 1.0,MEDLINE cooccurrence,False
DOID:0060119,UBERON:0001825,CC0 1.0,MEDLINE cooccurrence,False
DOID:3121,UBERON:0000211,CC0 1.0,MEDLINE cooccurrence,False
DOID:1826,UBERON:0001891,CC0 1.0,MEDLINE cooccurrence,False
DOID:0060119,UBERON:0001684,CC0 1.0,MEDLINE cooccurrence,False
DOID:216,UBERON:0001044,CC0 1.0,MEDLINE cooccurrence,False
DOID:0060119,UBERON:0001567,CC0 1.0,MEDLINE cooccurrence,False
DOID:1909,UBERON:0001771,CC0 1.0,MEDLINE cooccurrence,False
DOID:1115,UBERON:0002398,CC0 1.0,MEDLINE cooccurrence,False
DOID:1793,UBERON:0001971,CC0 1.0,MEDLINE cooccurrence,False
DOID:13378,UBERON:0002082,CC0 1.0,MEDLINE cooccurrence,False
DOID:14330,UBERON:0002005,CC0 1.0,MEDLINE cooccurrence,False
DOID:1826,UBERON:0001884,CC0 1.0,MEDLINE cooccurrence,False
DOID:1324,UBERON:0001533,CC0 1.0,MEDLINE cooccurrence,False
DOID:2994,UBERON:0002066,CC0 1.0,MEDLINE cooccurrence,False
DOID:11934,UBERON:0001567,CC0 1.0,MEDLINE cooccurrence,False
DOID:5875,UBERON:0002113,CC0 1.0,MEDLINE cooccurrence,False
DOID:3277,UBERON:0001103,CC0 1.0,MEDLINE cooccurrence,False
DOID:12185,UBERON:0001691,CC0 1.0,MEDLINE cooccurrence,False
DOID:4606,UBERON:0001640,CC0 1.0,MEDLINE cooccurrence,False
DOID:3565,UBERON:0001724,CC0 1.0,MEDLINE cooccurrence,False
DOID:4989,UBERON:0002294,CC0 1.0,MEDLINE cooccurrence,False
DOID:1826,UBERON:0001893,CC0 1.0,MEDLINE cooccurrence,False
DOID:1324,UBERON:0000029,CC0 1.0,MEDLINE cooccurrence,False
DOID:1459,UBERON:0002037,CC0 1.0,MEDLINE cooccurrence,False
DOID:1024,UBERON:0002387,CC0 1.0,MEDLINE cooccurrence,False
DOID:3083,UBERON:0001135,CC0 1.0,MEDLINE cooccurrence,False
DOID:9744,UBERON:0001231,CC0 1.0,MEDLINE cooccurrence,False
DOID:9074,UBERON:0001016,CC0 1.0,MEDLINE cooccurrence,False
DOID:2994,UBERON:0002414,CC0 1.0,MEDLINE cooccurrence,False
DOID:4045,UBERON:0001679,CC0 1.0,MEDLINE cooccurrence,False
DOID:13241,UBERON:0001776,CC0 1.0,MEDLINE cooccurrence,False
DOID:2994,UBERON:0001764,CC0 1.0,MEDLINE cooccurrence,False
DOID:9970,UBERON:0002378,CC0 1.0,MEDLINE cooccurrence,False
DOID:784,UBERON:0001184,CC0 1.0,MEDLINE cooccurrence,False
DOID:8778,UBERON:0001182,CC0 1.0,MEDLINE cooccurrence,False
DOID:5612,UBERON:0001814,CC0 1.0,MEDLINE cooccurrence,False
DOID:9296,UBERON:0001723,CC0 1.0,MEDLINE cooccurrence,False
DOID:184,UBERON:0001070,CC0 1.0,MEDLINE cooccurrence,False
DOID:14330,UBERON:0001643,CC0 1.0,MEDLINE cooccurrence,False
DOID:7148,UBERON:0001365,CC0 1.0,MEDLINE cooccurrence,False
DOID:9296,UBERON:0001577,CC0 1.0,MEDLINE cooccurrence,False
DOID:1115,UBERON:0002453,CC0 1.0,MEDLINE cooccurrence,False
DOID:0060119,UBERON:0001724,CC0 1.0,MEDLINE cooccurrence,False
DOID:1964,UBERON:0000992,CC0 1.0,MEDLINE cooccurrence,False
DOID:4481,UBERON:0001836,CC0 1.0,MEDLINE cooccurrence,False
DOID:8850,UBERON:0001710,CC0 1.0,MEDLINE cooccurrence,False
DOID:1094,UBERON:0004535,CC0 1.0,MEDLINE cooccurrence,False
DOID:1459,UBERON:0001021,CC0 1.0,MEDLINE cooccurrence,False
DOID:1024,UBERON:0001690,CC0 1.0,MEDLINE cooccurrence,False
DOID:10941,UBERON:0000988,CC0 1.0,MEDLINE cooccurrence,False
DOID:6364,UBERON:0001805,CC0 1.0,MEDLINE cooccurrence,False
DOID:7147,UBERON:0002418,CC0 1.0,MEDLINE cooccurrence,False
DOID:635,UBERON:0001988,CC0 1.0,MEDLINE cooccurrence,False
DOID:1595,UBERON:0001891,CC0 1.0,MEDLINE cooccurrence,False
DOID:9352,UBERON:0001231,CC0 1.0,MEDLINE cooccurrence,False
DOID:1319,UBERON:0000959,CC0 1.0,MEDLINE cooccurrence,False
DOID:7693,UBERON:0001815,CC0 1.0,MEDLINE cooccurrence,False
DOID:14004,UBERON:0002081,CC0 1.0,MEDLINE cooccurrence,False
DOID:8893,UBERON:0004452,CC0 1.0,MEDLINE cooccurrence,False
DOID:14221,UBERON:0002107,CC0 1.0,MEDLINE cooccurrence,False
DOID:3571,UBERON:0001182,CC0 1.0,MEDLINE cooccurrence,False
DOID:2174,UBERON:0001775,CC0 1.0,MEDLINE cooccurrence,False
DOID:594,UBERON:0001759,CC0 1.0,MEDLINE cooccurrence,False
DOID:184,UBERON:0001677,CC0 1.0,MEDLINE cooccurrence,False
DOID:12185,UBERON:0001844,CC0 1.0,MEDLINE cooccurrence,False
DOID:9074,UBERON:0001225,CC0 1.0,MEDLINE cooccurrence,False
DOID:12185,UBERON:0004727,CC0 1.0,MEDLINE cooccurrence,False
DOID:5875,UBERON:0001194,CC0 1.0,MEDLINE cooccurrence,False
DOID:2994,UBERON:0001986,CC0 1.0,MEDLINE cooccurrence,False
DOID:13241,UBERON:0002134,CC0 1.0,MEDLINE cooccurrence,False
DOID:10534,UBERON:0002010,CC0 1.0,MEDLINE cooccurrence,False
DOID:1936,UBERON:0002384,CC0 1.0,MEDLINE cooccurrence,False
DOID:1024,UBERON:0001456,CC0 1.0,MEDLINE cooccurrence,False
DOID:1790,UBERON:0002407,CC0 1.0,MEDLINE cooccurrence,False
DOID:8893,UBERON:0000482,CC0 1.0,MEDLINE cooccurrence,False
DOID:2377,UBERON:0001673,CC0 1.0,MEDLINE cooccurrence,False
DOID:4045,UBERON:0001697,CC0 1.0,MEDLINE cooccurrence,False
DOID:1909,UBERON:0001463,CC0 1.0,MEDLINE cooccurrence,False
DOID:4159,UBERON:0001300,CC0 1.0,MEDLINE cooccurrence,False
DOID:10608,UBERON:0002385,CC0 1.0,MEDLINE cooccurrence,False
DOID:12365,UBERON:0001988,CC0 1.0,MEDLINE cooccurrence,False
DOID:2994,UBERON:0001691,CC0 1.0,MEDLINE cooccurrence,False
DOID:1826,UBERON:0001577,CC0 1.0,MEDLINE cooccurrence,False
DOID:175,UBERON:0002250,CC0 1.0,MEDLINE cooccurrence,False
DOID:784,UBERON:0001361,CC0 1.0,MEDLINE cooccurrence,False
DOID:332,UBERON:0001647,CC0 1.0,MEDLINE cooccurrence,False
DOID:8850,UBERON:0001577,CC0 1.0,MEDLINE cooccurrence,False
DOID:4989,UBERON:0002394,CC0 1.0,MEDLINE cooccurrence,False
DOID:12361,UBERON:0002384,CC0 1.0,MEDLINE cooccurrence,False
DOID:2174,UBERON:0001771,CC0 1.0,MEDLINE cooccurrence,False
DOID:3565,UBERON:0002347,CC0 1.0,MEDLINE cooccurrence,False
DOID:2994,UBERON:0002146,CC0 1.0,MEDLINE cooccurrence,False
DOID:594,UBERON:0002298,CC0 1.0,MEDLINE cooccurrence,False
DOID:1909,UBERON:0002073,CC0 1.0,MEDLINE cooccurrence,False
DOID:5875,UBERON:0000029,CC0 1.0,MEDLINE cooccurrence,False
DOID:11934,UBERON:0001736,CC0 1.0,MEDLINE cooccurrence,False
DOID:12849,UBERON:0000033,CC0 1.0,MEDLINE cooccurrence,False
DOID:9970,UBERON:0000006,CC0 1.0,MEDLINE cooccurrence,False
DOID:11714,UBERON:0001105,CC0 1.0,MEDLINE cooccurrence,False
DOID:418,UBERON:0002299,CC0 1.0,MEDLINE cooccurrence,False
DOID:184,UBERON:0001710,CC0 1.0,MEDLINE cooccurrence,False
DOID:3393,UBERON:0002060,CC0 1.0,MEDLINE cooccurrence,False
DOID:10871,UBERON:0002384,CC0 1.0,MEDLINE cooccurrence,False
DOID:3953,UBERON:0001132,CC0 1.0,MEDLINE cooccurrence,False
DOID:10763,UBERON:0002303,CC0 1.0,MEDLINE cooccurrence,False
DOID:3070,UBERON:0002362,CC0 1.0,MEDLINE cooccurrence,False
DOID:11476,UBERON:0001130,CC0 1.0,MEDLINE cooccurrence,False
DOID:9744,UBERON:0002387,CC0 1.0,MEDLINE cooccurrence,False
DOID:8398,UBERON:0001464,CC0 1.0,MEDLINE cooccurrence,False
DOID:1094,UBERON:0002389,CC0 1.0,MEDLINE cooccurrence,False
DOID:1964,UBERON:0001295,CC0 1.0,MEDLINE cooccurrence,False
DOID:1245,UBERON:0002382,CC0 1.0,MEDLINE cooccurrence,False
DOID:0050741,UBERON:0001016,CC0 1.0,MEDLINE cooccurrence,False
DOID:4481,UBERON:0000970,CC0 1.0,MEDLINE cooccurrence,False
DOID:8778,UBERON:0001300,CC0 1.0,MEDLINE cooccurrence,False
DOID:0050741,UBERON:0001323,CC0 1.0,MEDLINE cooccurrence,False
DOID:8577,UBERON:0002466,CC0 1.0,MEDLINE cooccurrence,False
DOID:3393,UBERON:0002352,CC0 1.0,MEDLINE cooccurrence,False
DOID:10283,UBERON:0002356,CC0 1.0,MEDLINE cooccurrence,False
DOID:784,UBERON:0002303,CC0 1.0,MEDLINE cooccurrence,False
DOID:418,UBERON:0002384,CC0 1.0,MEDLINE cooccurrence,False
DOID:1192,UBERON:0002413,CC0 1.0,MEDLINE cooccurrence,False
DOID:4989,UBERON:0002466,CC0 1.0,MEDLINE cooccurrence,False
DOID:13378,UBERON:0002349,CC0 1.0,MEDLINE cooccurrence,False
DOID:10608,UBERON:0002110,CC0 1.0,MEDLINE cooccurrence,False
DOID:4045,UBERON:0002371,CC0 1.0,MEDLINE cooccurrence,False
DOID:12306,UBERON:0000989,CC0 1.0,MEDLINE cooccurrence,False
DOID:1324,UBERON:0001594,CC0 1.0,MEDLINE cooccurrence,False
DOID:3083,UBERON:0002384,CC0 1.0,MEDLINE cooccurrence,False
DOID:3953,UBERON:0001805,CC0 1.0,MEDLINE cooccurrence,False
DOID:8398,UBERON:0000211,CC0 1.0,MEDLINE cooccurrence,False
DOID:3571,UBERON:0002066,CC0 1.0,MEDLINE cooccurrence,False
DOID:10652,UBERON:0001886,CC0 1.0,MEDLINE cooccurrence,False
DOID:14330,UBERON:0002377,CC0 1.0,MEDLINE cooccurrence,False
DOID:9835,UBERON:0001711,CC0 1.0,MEDLINE cooccurrence,False
DOID:10021,UBERON:0001970,CC0 1.0,MEDLINE cooccurrence,False
DOID:14330,UBERON:0001461,CC0 1.0,MEDLINE cooccurrence,False
DOID:0050741,UBERON:0001971,CC0 1.0,MEDLINE cooccurrence,False
DOID:2994,UBERON:0001776,CC0 1.0,MEDLINE cooccurrence,False
DOID:11054,UBERON:0001008,CC0 1.0,MEDLINE cooccurrence,False
DOID:1612,UBERON:0000007,CC0 1.0,MEDLINE cooccurrence,False
DOID:12185,UBERON:0001688,CC0 1.0,MEDLINE cooccurrence,False
DOID:175,UBERON:0001530,CC0 1.0,MEDLINE cooccurrence,False
DOID:1115,UBERON:0001490,CC0 1.0,MEDLINE cooccurrence,False
DOID:2994,UBERON:0002518,CC0 1.0,MEDLINE cooccurrence,False
DOID:13223,UBERON:0000992,CC0 1.0,MEDLINE cooccurrence,False
DOID:3070,UBERON:0002413,CC0 1.0,MEDLINE cooccurrence,False
DOID:6364,UBERON:0001905,CC0 1.0,MEDLINE cooccurrence,False
DOID:11934,UBERON:0001764,CC0 1.0,MEDLINE cooccurrence,False
DOID:10534,UBERON:0002110,CC0 1.0,MEDLINE cooccurrence,False
DOID:0060119,UBERON:0001716,CC0 1.0,MEDLINE cooccurrence,False
DOID:14004,UBERON:0002012,CC0 1.0,MEDLINE cooccurrence,False
DOID:9008,UBERON:0002018,CC0 1.0,MEDLINE cooccurrence,False
DOID:10652,UBERON:0001893,CC0 1.0,MEDLINE cooccurrence,False
DOID:784,UBERON:0001398,CC0 1.0,MEDLINE cooccurrence,False
DOID:12185,UBERON:0001599,CC0 1.0,MEDLINE cooccurrence,False
DOID:418,UBERON:0002398,CC0 1.0,MEDLINE cooccurrence,False
DOID:10534,UBERON:0001264,CC0 1.0,MEDLINE cooccurrence,False
DOID:1909,UBERON:0000966,CC0 1.0,MEDLINE cooccurrence,False
DOID:1686,UBERON:0001673,CC0 1.0,MEDLINE cooccurrence,False
DOID:11934,UBERON:0001645,CC0 1.0,MEDLINE cooccurrence,False
DOID:1192,UBERON:0002019,CC0 1.0,MEDLINE cooccurrence,False
DOID:10283,UBERON:0002481,CC0 1.0,MEDLINE cooccurrence,False
DOID:184,UBERON:0000975,CC0 1.0,MEDLINE cooccurrence,False
DOID:9352,UBERON:0001322,CC0 1.0,MEDLINE cooccurrence,False
DOID:184,UBERON:0002453,CC0 1.0,MEDLINE cooccurrence,False
DOID:2841,UBERON:0002048,CC0 1.0,MEDLINE cooccurrence,False
DOID:2994,UBERON:0001805,CC0 1.0,MEDLINE cooccurrence,False
DOID:3277,UBERON:0000975,CC0 1.0,MEDLINE cooccurrence,False
DOID:219,UBERON:0001981,CC0 1.0,MEDLINE cooccurrence,False
DOID:8893,UBERON:0000982,CC0 1.0,MEDLINE cooccurrence,False
DOID:14004,UBERON:0002040,CC0 1.0,MEDLINE cooccurrence,False
DOID:2994,UBERON:0002067,CC0 1.0,MEDLINE cooccurrence,False
DOID:13241,UBERON:0001533,CC0 1.0,MEDLINE cooccurrence,False
DOID:3312,UBERON:0001887,CC0 1.0,MEDLINE cooccurrence,False
DOID:11714,UBERON:0000006,CC0 1.0,MEDLINE cooccurrence,False
DOID:263,UBERON:0002113,CC0 1.0,MEDLINE cooccurrence,False
DOID:9074,UBERON:0000482,CC0 1.0,MEDLINE cooccurrence,False
DOID:5419,UBERON:0001908,CC0 1.0,MEDLINE cooccurrence,False
DOID:1324,UBERON:0002048,CC0 1.0,MEDLINE cooccurrence,False
DOID:8778,UBERON:0002405,CC0 1.0,MEDLINE cooccurrence,False
DOID:10021,UBERON:0001174,CC0 1.0,MEDLINE cooccurrence,False
DOID:7693,UBERON:0001072,CC0 1.0,MEDLINE cooccurrence,False
DOID:13499,UBERON:0002368,CC0 1.0,MEDLINE cooccurrence,False
DOID:3953,UBERON:0001088,CC0 1.0,MEDLINE cooccurrence,False
DOID:219,UBERON:0000056,CC0 1.0,MEDLINE cooccurrence,False
DOID:1595,UBERON:0000949,CC0 1.0,MEDLINE cooccurrence,False
DOID:1612,UBERON:0001914,CC0 1.0,MEDLINE cooccurrence,False
DOID:5612,UBERON:0002944,CC0 1.0,MEDLINE cooccurrence,False
DOID:175,UBERON:0002146,CC0 1.0,MEDLINE cooccurrence,False
DOID:10871,UBERON:0001783,CC0 1.0,MEDLINE cooccurrence,False
DOID:12185,UBERON:0001773,CC0 1.0,MEDLINE cooccurrence,False
DOID:7148,UBERON:0001461,CC0 1.0,MEDLINE cooccurrence,False
DOID:4159,UBERON:0001456,CC0 1.0,MEDLINE cooccurrence,False
DOID:1319,UBERON:0002360,CC0 1.0,MEDLINE cooccurrence,False
DOID:8577,UBERON:0002005,CC0 1.0,MEDLINE cooccurrence,False
DOID:10941,UBERON:0001785,CC0 1.0,MEDLINE cooccurrence,False
DOID:10763,UBERON:0002298,CC0 1.0,MEDLINE cooccurrence,False
DOID:11934,UBERON:0001989,CC0 1.0,MEDLINE cooccurrence,False
DOID:418,UBERON:0001406,CC0 1.0,MEDLINE cooccurrence,False
DOID:1324,UBERON:0002228,CC0 1.0,MEDLINE cooccurrence,False
DOID:1319,UBERON:0001694,CC0 1.0,MEDLINE cooccurrence,False
DOID:7147,UBERON:0000975,CC0 1.0,MEDLINE cooccurrence,False
DOID:5041,UBERON:0001103,CC0 1.0,MEDLINE cooccurrence,False
DOID:184,UBERON:0001678,CC0 1.0,MEDLINE cooccurrence,False
DOID:7148,UBERON:0001750,CC0 1.0,MEDLINE cooccurrence,False
DOID:3565,UBERON:0002363,CC0 1.0,MEDLINE cooccurrence,False
DOID:9008,UBERON:0001365,CC0 1.0,MEDLINE cooccurrence,False
DOID:1793,UBERON:0001970,CC0 1.0,MEDLINE cooccurrence,False
DOID:8850,UBERON:0001044,CC0 1.0,MEDLINE cooccurrence,False
DOID:2994,UBERON:0001785,CC0 1.0,MEDLINE cooccurrence,False
DOID:9008,UBERON:0002413,CC0 1.0,MEDLINE cooccurrence,False
DOID:10652,UBERON:0002707,CC0 1.0,MEDLINE cooccurrence,False
DOID:0060119,UBERON:0002500,CC0 1.0,MEDLINE cooccurrence,False
DOID:4159,UBERON:0000482,CC0 1.0,MEDLINE cooccurrence,False
DOID:2994,UBERON:0001884,CC0 1.0,MEDLINE cooccurrence,False
DOID:3571,UBERON:0002394,CC0 1.0,MEDLINE cooccurrence,False
DOID:1686,UBERON:0001769,CC0 1.0,MEDLINE cooccurrence,False
DOID:10941,UBERON:0001638,CC0 1.0,MEDLINE cooccurrence,False
DOID:9352,UBERON:0001148,CC0 1.0,MEDLINE cooccurrence,False
DOID:9744,UBERON:0002522,CC0 1.0,MEDLINE cooccurrence,False
DOID:9835,UBERON:0001783,CC0 1.0,MEDLINE cooccurrence,False
DOID:12236,UBERON:0002107,CC0 1.0,MEDLINE cooccurrence,False
DOID:90,UBERON:0001130,CC0 1.0,MEDLINE cooccurrence,False
DOID:9008,UBERON:0002414,CC0 1.0,MEDLINE cooccurrence,False
DOID:11054,UBERON:0002378,CC0 1.0,MEDLINE cooccurrence,False
DOID:3571,UBERON:0001175,CC0 1.0,MEDLINE cooccurrence,False
DOID:1936,UBERON:0001638,CC0 1.0,MEDLINE cooccurrence,False
DOID:11934,UBERON:0001690,CC0 1.0,MEDLINE cooccurrence,False
DOID:2394,UBERON:0000482,CC0 1.0,MEDLINE cooccurrence,False
DOID:10608,UBERON:0000178,CC0 1.0,MEDLINE cooccurrence,False
DOID:8850,UBERON:0001597,CC0 1.0,MEDLINE cooccurrence,False
DOID:2174,UBERON:0002453,CC0 1.0,MEDLINE cooccurrence,False
DOID:1245,UBERON:0001820,CC0 1.0,MEDLINE cooccurrence,False
DOID:3070,UBERON:0001886,CC0 1.0,MEDLINE cooccurrence,False
DOID:184,UBERON:0002240,CC0 1.0,MEDLINE cooccurrence,False
DOID:1115,UBERON:0002386,CC0 1.0,MEDLINE cooccurrence,False
DOID:5559,UBERON:0002347,CC0 1.0,MEDLINE cooccurrence,False
DOID:9744,UBERON:0004535,CC0 1.0,MEDLINE cooccurrence,False
DOID:119,UBERON:0002411,CC0 1.0,MEDLINE cooccurrence,False
DOID:1459,UBERON:0002129,CC0 1.0,MEDLINE cooccurrence,False
DOID:10763,UBERON:0001896,CC0 1.0,MEDLINE cooccurrence,False
DOID:5875,UBERON:0001140,CC0 1.0,MEDLINE cooccurrence,False
DOID:12930,UBERON:0002407,CC0 1.0,MEDLINE cooccurrence,False
DOID:594,UBERON:0002275,CC0 1.0,MEDLINE cooccurrence,False
DOID:12185,UBERON:0003129,CC0 1.0,MEDLINE cooccurrence,False
DOID:14330,UBERON:0000922,CC0 1.0,MEDLINE cooccurrence,False
DOID:9352,UBERON:0001620,CC0 1.0,MEDLINE cooccurrence,False
DOID:7693,UBERON:0001140,CC0 1.0,MEDLINE cooccurrence,False
DOID:0050741,UBERON:0001890,CC0 1.0,MEDLINE cooccurrence,False
DOID:10763,UBERON:0001515,CC0 1.0,MEDLINE cooccurrence,False
DOID:8398,UBERON:0002398,CC0 1.0,MEDLINE cooccurrence,False
DOID:12849,UBERON:0001890,CC0 1.0,MEDLINE cooccurrence,False
DOID:0050425,UBERON:0002103,CC0 1.0,MEDLINE cooccurrence,False
DOID:11119,UBERON:0001017,CC0 1.0,MEDLINE cooccurrence,False
DOID:1936,UBERON:0001980,CC0 1.0,MEDLINE cooccurrence,False
DOID:10534,UBERON:0002371,CC0 1.0,MEDLINE cooccurrence,False
DOID:2998,UBERON:0000042,CC0 1.0,MEDLINE cooccurrence,False
DOID:1192,UBERON:0001494,CC0 1.0,MEDLINE cooccurrence,False
DOID:8778,UBERON:0002356,CC0 1.0,MEDLINE cooccurrence,False
DOID:9744,UBERON:0001310,CC0 1.0,MEDLINE cooccurrence,False
DOID:2174,UBERON:0001673,CC0 1.0,MEDLINE cooccurrence,False
DOID:13241,UBERON:0000955,CC0 1.0,MEDLINE cooccurrence,False
DOID:8398,UBERON:0002103,CC0 1.0,MEDLINE cooccurrence,False
DOID:9835,UBERON:0000966,CC0 1.0,MEDLINE cooccurrence,False
DOID:8778,UBERON:0002466,CC0 1.0,MEDLINE cooccurrence,False
DOID:2986,UBERON:0001744,CC0 1.0,MEDLINE cooccurrence,False
DOID:1192,UBERON:0001855,CC0 1.0,MEDLINE cooccurrence,False
DOID:13499,UBERON:0002017,CC0 1.0,MEDLINE cooccurrence,False
DOID:1115,UBERON:0000977,CC0 1.0,MEDLINE cooccurrence,False
DOID:9008,UBERON:0000043,CC0 1.0,MEDLINE cooccurrence,False
DOID:784,UBERON:0001324,CC0 1.0,MEDLINE cooccurrence,False
DOID:11934,UBERON:0000004,CC0 1.0,MEDLINE cooccurrence,False
DOID:3121,UBERON:0001064,CC0 1.0,MEDLINE cooccurrence,False
DOID:13499,UBERON:0002389,CC0 1.0,MEDLINE cooccurrence,False
DOID:1612,UBERON:0002382,CC0 1.0,MEDLINE cooccurrence,False
DOID:2994,UBERON:0001267,CC0 1.0,MEDLINE cooccurrence,False
DOID:5875,UBERON:0001232,CC0 1.0,MEDLINE cooccurrence,False
DOID:1324,UBERON:0002371,CC0 1.0,MEDLINE cooccurrence,False
DOID:8893,UBERON:0002205,CC0 1.0,MEDLINE cooccurrence,False
DOID:2377,UBERON:0001148,CC0 1.0,MEDLINE cooccurrence,False
DOID:1192,UBERON:0001644,CC0 1.0,MEDLINE cooccurrence,False
DOID:3277,UBERON:0002407,CC0 1.0,MEDLINE cooccurrence,False
DOID:9835,UBERON:0001620,CC0 1.0,MEDLINE cooccurrence,False
DOID:184,UBERON:0000978,CC0 1.0,MEDLINE cooccurrence,False
DOID:2994,UBERON:0001676,CC0 1.0,MEDLINE cooccurrence,False
DOID:4045,UBERON:0002382,CC0 1.0,MEDLINE cooccurrence,False
DOID:3121,UBERON:0000042,CC0 1.0,MEDLINE cooccurrence,False
DOID:4045,UBERON:0000033,CC0 1.0,MEDLINE cooccurrence,False
DOID:175,UBERON:0002040,CC0 1.0,MEDLINE cooccurrence,False
DOID:90,UBERON:0002414,CC0 1.0,MEDLINE cooccurrence,False
DOID:7147,UBERON:0002413,CC0 1.0,MEDLINE cooccurrence,False
DOID:4606,UBERON:0002294,CC0 1.0,MEDLINE cooccurrence,False
DOID:9296,UBERON:0001710,CC0 1.0,MEDLINE cooccurrence,False
DOID:1115,UBERON:0001679,CC0 1.0,MEDLINE cooccurrence,False
DOID:1790,UBERON:0000042,CC0 1.0,MEDLINE cooccurrence,False
DOID:1192,UBERON:0002673,CC0 1.0,MEDLINE cooccurrence,False
DOID:14268,UBERON:0001970,CC0 1.0,MEDLINE cooccurrence,False
DOID:11934,UBERON:0001685,CC0 1.0,MEDLINE cooccurrence,False
DOID:3565,UBERON:0002422,CC0 1.0,MEDLINE cooccurrence,False
DOID:14221,UBERON:0002407,CC0 1.0,MEDLINE cooccurrence,False
DOID:3310,UBERON:0001037,CC0 1.0,MEDLINE cooccurrence,False
DOID:1612,UBERON:0001460,CC0 1.0,MEDLINE cooccurrence,False
DOID:2994,UBERON:0001893,CC0 1.0,MEDLINE cooccurrence,False
DOID:7693,UBERON:0001310,CC0 1.0,MEDLINE cooccurrence,False
DOID:4159,UBERON:0001833,CC0 1.0,MEDLINE cooccurrence,False
DOID:332,UBERON:0002028,CC0 1.0,MEDLINE cooccurrence,False
DOID:0060119,UBERON:0001707,CC0 1.0,MEDLINE cooccurrence,False
DOID:0060119,UBERON:0001759,CC0 1.0,MEDLINE cooccurrence,False
DOID:1192,UBERON:0002102,CC0 1.0,MEDLINE cooccurrence,False
DOID:9206,UBERON:0001971,CC0 1.0,MEDLINE cooccurrence,False
DOID:10941,UBERON:0001896,CC0 1.0,MEDLINE cooccurrence,False
DOID:10283,UBERON:0002366,CC0 1.0,MEDLINE cooccurrence,False
DOID:2377,UBERON:0002037,CC0 1.0,MEDLINE cooccurrence,False
DOID:12930,UBERON:0002016,CC0 1.0,MEDLINE cooccurrence,False
DOID:2994,UBERON:0001759,CC0 1.0,MEDLINE cooccurrence,False
DOID:9352,UBERON:0001348,CC0 1.0,MEDLINE cooccurrence,False
DOID:1192,UBERON:0001697,CC0 1.0,MEDLINE cooccurrence,False
DOID:12236,UBERON:0002294,CC0 1.0,MEDLINE cooccurrence,False
DOID:2355,UBERON:0001194,CC0 1.0,MEDLINE cooccurrence,False
DOID:824,UBERON:0001684,CC0 1.0,MEDLINE cooccurrence,False
DOID:219,UBERON:0002017,CC0 1.0,MEDLINE cooccurrence,False
DOID:10763,UBERON:0001516,CC0 1.0,MEDLINE cooccurrence,False
DOID:2994,UBERON:0001236,CC0 1.0,MEDLINE cooccurrence,False
DOID:12930,UBERON:0000985,CC0 1.0,MEDLINE cooccurrence,False
DOID:2377,UBERON:0001908,CC0 1.0,MEDLINE cooccurrence,False
DOID:5419,UBERON:0002286,CC0 1.0,MEDLINE cooccurrence,False
DOID:7693,UBERON:0002523,CC0 1.0,MEDLINE cooccurrence,False
DOID:6364,UBERON:0002037,CC0 1.0,MEDLINE cooccurrence,False
DOID:5408,UBERON:0002413,CC0 1.0,MEDLINE cooccurrence,False
DOID:9296,UBERON:0001691,CC0 1.0,MEDLINE cooccurrence,False
DOID:184,UBERON:0000941,CC0 1.0,MEDLINE cooccurrence,False
DOID:418,UBERON:0002386,CC0 1.0,MEDLINE cooccurrence,False
DOID:3121,UBERON:0001640,CC0 1.0,MEDLINE cooccurrence,False
DOID:1909,UBERON:0001705,CC0 1.0,MEDLINE cooccurrence,False
DOID:4362,UBERON:0001295,CC0 1.0,MEDLINE cooccurrence,False
DOID:332,UBERON:0001324,CC0 1.0,MEDLINE cooccurrence,False
DOID:2394,UBERON:0000473,CC0 1.0,MEDLINE cooccurrence,False
DOID:9744,UBERON:0001324,CC0 1.0,MEDLINE cooccurrence,False
DOID:11239,UBERON:0000029,CC0 1.0,MEDLINE cooccurrence,False
DOID:2994,UBERON:0002411,CC0 1.0,MEDLINE cooccurrence,False
DOID:263,UBERON:0001088,CC0 1.0,MEDLINE cooccurrence,False
DOID:13223,UBERON:0001638,CC0 1.0,MEDLINE cooccurrence,False
DOID:11054,UBERON:0000998,CC0 1.0,MEDLINE cooccurrence,False
DOID:8850,UBERON:0001837,CC0 1.0,MEDLINE cooccurrence,False
DOID:5408,UBERON:0001846,CC0 1.0,MEDLINE cooccurrence,False
DOID:2994,UBERON:0002371,CC0 1.0,MEDLINE cooccurrence,False
DOID:5419,UBERON:0000178,CC0 1.0,MEDLINE cooccurrence,False
DOID:9744,UBERON:0002405,CC0 1.0,MEDLINE cooccurrence,False
DOID:2394,UBERON:0000042,CC0 1.0,MEDLINE cooccurrence,False
DOID:4045,UBERON:0001678,CC0 1.0,MEDLINE cooccurrence,False
DOID:332,UBERON:0001322,CC0 1.0,MEDLINE cooccurrence,False
DOID:0050741,UBERON:0002298,CC0 1.0,MEDLINE cooccurrence,False
DOID:7148,UBERON:0002365,CC0 1.0,MEDLINE cooccurrence,False
DOID:2355,UBERON:0002135,CC0 1.0,MEDLINE cooccurrence,False
DOID:1115,UBERON:0001724,CC0 1.0,MEDLINE cooccurrence,False
DOID:5419,UBERON:0001088,CC0 1.0,MEDLINE cooccurrence,False
DOID:2355,UBERON:0000178,CC0 1.0,MEDLINE cooccurrence,False
DOID:1936,UBERON:0002522,CC0 1.0,MEDLINE cooccurrence,False
DOID:3393,UBERON:0001515,CC0 1.0,MEDLINE cooccurrence,False
DOID:13241,UBERON:0001986,CC0 1.0,MEDLINE cooccurrence,False
DOID:363,UBERON:0000997,CC0 1.0,MEDLINE cooccurrence,False
DOID:5559,UBERON:0002048,CC0 1.0,MEDLINE cooccurrence,False
DOID:1094,UBERON:0001017,CC0 1.0,MEDLINE cooccurrence,False
DOID:1612,UBERON:0002512,CC0 1.0,MEDLINE cooccurrence,False
DOID:1319,UBERON:0000991,CC0 1.0,MEDLINE cooccurrence,False
DOID:2986,UBERON:0001231,CC0 1.0,MEDLINE cooccurrence,False
DOID:2531,UBERON:0002390,CC0 1.0,MEDLINE cooccurrence,False
DOID:6364,UBERON:0001644,CC0 1.0,MEDLINE cooccurrence,False
DOID:2043,UBERON:0000178,CC0 1.0,MEDLINE cooccurrence,False
DOID:12995,UBERON:0002410,CC0 1.0,MEDLINE cooccurrence,False
DOID:12185,UBERON:0001600,CC0 1.0,MEDLINE cooccurrence,False
DOID:418,UBERON:0002385,CC0 1.0,MEDLINE cooccurrence,False
DOID:1936,UBERON:0001535,CC0 1.0,MEDLINE cooccurrence,False
DOID:12849,UBERON:0000165,CC0 1.0,MEDLINE cooccurrence,False
DOID:7693,UBERON:0001183,CC0 1.0,MEDLINE cooccurrence,False
DOID:13241,UBERON:0001768,CC0 1.0,MEDLINE cooccurrence,False
DOID:9074,UBERON:0001673,CC0 1.0,MEDLINE cooccurrence,False
DOID:216,UBERON:0001736,CC0 1.0,MEDLINE cooccurrence,False
DOID:9008,UBERON:0001465,CC0 1.0,MEDLINE cooccurrence,False
DOID:13189,UBERON:0000982,CC0 1.0,MEDLINE cooccurrence,False
DOID:11714,UBERON:0001914,CC0 1.0,MEDLINE cooccurrence,False
DOID:10534,UBERON:0001759,CC0 1.0,MEDLINE cooccurrence,False
DOID:13378,UBERON:0002066,CC0 1.0,MEDLINE cooccurrence,False
DOID:219,UBERON:0002439,CC0 1.0,MEDLINE cooccurrence,False
DOID:12185,UBERON:0001855,CC0 1.0,MEDLINE cooccurrence,False
DOID:11934,UBERON:0001733,CC0 1.0,MEDLINE cooccurrence,False
DOID:2377,UBERON:0001891,CC0 1.0,MEDLINE cooccurrence,False
DOID:9296,UBERON:0002397,CC0 1.0,MEDLINE cooccurrence,False
DOID:13241,UBERON:0001640,CC0 1.0,MEDLINE cooccurrence,False
DOID:1115,UBERON:0002407,CC0 1.0,MEDLINE cooccurrence,False
DOID:5875,UBERON:0001640,CC0 1.0,MEDLINE cooccurrence,False
DOID:1725,UBERON:0000977,CC0 1.0,MEDLINE cooccurrence,False
DOID:2596,UBERON:0000165,CC0 1.0,MEDLINE cooccurrence,False
DOID:14330,UBERON:0002275,CC0 1.0,MEDLINE cooccurrence,False
DOID:90,UBERON:0002413,CC0 1.0,MEDLINE cooccurrence,False
DOID:14330,UBERON:0001708,CC0 1.0,MEDLINE cooccurrence,False
DOID:9970,UBERON:0002368,CC0 1.0,MEDLINE cooccurrence,False
DOID:10763,UBERON:0002368,CC0 1.0,MEDLINE cooccurrence,False
DOID:6364,UBERON:0001577,CC0 1.0,MEDLINE cooccurrence,False
DOID:184,UBERON:0001760,CC0 1.0,MEDLINE cooccurrence,False
DOID:3312,UBERON:0001016,CC0 1.0,MEDLINE cooccurrence,False
DOID:13378,UBERON:0001705,CC0 1.0,MEDLINE cooccurrence,False
DOID:11615,UBERON:0000057,CC0 1.0,MEDLINE cooccurrence,False
DOID:2043,UBERON:0002405,CC0 1.0,MEDLINE cooccurrence,False
DOID:14221,UBERON:0002410,CC0 1.0,MEDLINE cooccurrence,False
DOID:784,UBERON:0002137,CC0 1.0,MEDLINE cooccurrence,False
DOID:363,UBERON:0001968,CC0 1.0,MEDLINE cooccurrence,False
DOID:13378,UBERON:0000974,CC0 1.0,MEDLINE cooccurrence,False
DOID:5612,UBERON:0001130,CC0 1.0,MEDLINE cooccurrence,False
DOID:784,UBERON:0001285,CC0 1.0,MEDLINE cooccurrence,False
DOID:4045,UBERON:0002081,CC0 1.0,MEDLINE cooccurrence,False
DOID:3312,UBERON:0001456,CC0 1.0,MEDLINE cooccurrence,False
DOID:9835,UBERON:0001769,CC0 1.0,MEDLINE cooccurrence,False
DOID:5875,UBERON:0002414,CC0 1.0,MEDLINE cooccurrence,False
DOID:1319,UBERON:0001981,CC0 1.0,MEDLINE cooccurrence,False
DOID:13378,UBERON:0001637,CC0 1.0,MEDLINE cooccurrence,False
DOID:12849,UBERON:0002285,CC0 1.0,MEDLINE cooccurrence,False
DOID:12185,UBERON:0001638,CC0 1.0,MEDLINE cooccurrence,False
DOID:10763,UBERON:0002148,CC0 1.0,MEDLINE cooccurrence,False
DOID:13189,UBERON:0001485,CC0 1.0,MEDLINE cooccurrence,False
DOID:9074,UBERON:0001886,CC0 1.0,MEDLINE cooccurrence,False
DOID:1936,UBERON:0001516,CC0 1.0,MEDLINE cooccurrence,False
DOID:184,UBERON:0001130,CC0 1.0,MEDLINE cooccurrence,False
DOID:184,UBERON:0001647,CC0 1.0,MEDLINE cooccurrence,False
DOID:14330,UBERON:0002129,CC0 1.0,MEDLINE cooccurrence,False
DOID:10941,UBERON:0000955,CC0 1.0,MEDLINE cooccurrence,False
DOID:9970,UBERON:0000007,CC0 1.0,MEDLINE cooccurrence,False
DOID:10941,UBERON:0002363,CC0 1.0,MEDLINE cooccurrence,False
DOID:13241,UBERON:0001182,CC0 1.0,MEDLINE cooccurrence,False
DOID:9352,UBERON:0002113,CC0 1.0,MEDLINE cooccurrence,False
DOID:2994,UBERON:0000966,CC0 1.0,MEDLINE cooccurrence,False
DOID:3121,UBERON:0000029,CC0 1.0,MEDLINE cooccurrence,False
DOID:9206,UBERON:0001135,CC0 1.0,MEDLINE cooccurrence,False
DOID:1024,UBERON:0001702,CC0 1.0,MEDLINE cooccurrence,False
DOID:1115,UBERON:0002413,CC0 1.0,MEDLINE cooccurrence,False
DOID:7147,UBERON:0000982,CC0 1.0,MEDLINE cooccurrence,False
DOID:7148,UBERON:0001486,CC0 1.0,MEDLINE cooccurrence,False
DOID:10763,UBERON:0001637,CC0 1.0,MEDLINE cooccurrence,False
DOID:3070,UBERON:0002240,CC0 1.0,MEDLINE cooccurrence,False
DOID:11476,UBERON:0003129,CC0 1.0,MEDLINE cooccurrence,False
DOID:3953,UBERON:0001640,CC0 1.0,MEDLINE cooccurrence,False
DOID:1319,UBERON:0001648,CC0 1.0,MEDLINE cooccurrence,False
DOID:784,UBERON:0000991,CC0 1.0,MEDLINE cooccurrence,False
DOID:5612,UBERON:0002347,CC0 1.0,MEDLINE cooccurrence,False
DOID:12185,UBERON:0001690,CC0 1.0,MEDLINE cooccurrence,False
DOID:12185,UBERON:0002518,CC0 1.0,MEDLINE cooccurrence,False
DOID:9074,UBERON:0001140,CC0 1.0,MEDLINE cooccurrence,False
DOID:9074,UBERON:0001231,CC0 1.0,MEDLINE cooccurrence,False
DOID:418,UBERON:0001135,CC0 1.0,MEDLINE cooccurrence,False
DOID:784,UBERON:0001225,CC0 1.0,MEDLINE cooccurrence,False
DOID:14330,UBERON:0001891,CC0 1.0,MEDLINE cooccurrence,False
DOID:9352,UBERON:0002522,CC0 1.0,MEDLINE cooccurrence,False
DOID:12995,UBERON:0001836,CC0 1.0,MEDLINE cooccurrence,False
DOID:9296,UBERON:0001677,CC0 1.0,MEDLINE cooccurrence,False
DOID:11920,UBERON:0002486,CC0 1.0,MEDLINE cooccurrence,False
DOID:986,UBERON:0001003,CC0 1.0,MEDLINE cooccurrence,False
DOID:5041,UBERON:0001533,CC0 1.0,MEDLINE cooccurrence,False
DOID:9352,UBERON:0001627,CC0 1.0,MEDLINE cooccurrence,False
DOID:4606,UBERON:0001175,CC0 1.0,MEDLINE cooccurrence,False
DOID:13241,UBERON:0002081,CC0 1.0,MEDLINE cooccurrence,False
DOID:1115,UBERON:0001544,CC0 1.0,MEDLINE cooccurrence,False
DOID:3277,UBERON:0002371,CC0 1.0,MEDLINE cooccurrence,False
DOID:1024,UBERON:0002389,CC0 1.0,MEDLINE cooccurrence,False
DOID:1319,UBERON:0002130,CC0 1.0,MEDLINE cooccurrence,False
DOID:7148,UBERON:0001492,CC0 1.0,MEDLINE cooccurrence,False
DOID:5612,UBERON:0002363,CC0 1.0,MEDLINE cooccurrence,False
DOID:2377,UBERON:0000978,CC0 1.0,MEDLINE cooccurrence,False
DOID:11934,UBERON:0002384,CC0 1.0,MEDLINE cooccurrence,False
DOID:1245,UBERON:0000029,CC0 1.0,MEDLINE cooccurrence,False
DOID:5612,UBERON:0001780,CC0 1.0,MEDLINE cooccurrence,False
DOID:3393,UBERON:0002407,CC0 1.0,MEDLINE cooccurrence,False
DOID:1595,UBERON:0001905,CC0 1.0,MEDLINE cooccurrence,False
DOID:184,UBERON:0001567,CC0 1.0,MEDLINE cooccurrence,False
DOID:9352,UBERON:0000013,CC0 1.0,MEDLINE cooccurrence,False
DOID:3565,UBERON:0001846,CC0 1.0,MEDLINE cooccurrence,False
DOID:2355,UBERON:0001231,CC0 1.0,MEDLINE cooccurrence,False
DOID:219,UBERON:0002356,CC0 1.0,MEDLINE cooccurrence,False
DOID:9835,UBERON:0001796,CC0 1.0,MEDLINE cooccurrence,False
DOID:175,UBERON:0001638,CC0 1.0,MEDLINE cooccurrence,False
DOID:12930,UBERON:0002351,CC0 1.0,MEDLINE cooccurrence,False
DOID:2994,UBERON:0001840,CC0 1.0,MEDLINE cooccurrence,False
DOID:2355,UBERON:0004288,CC0 1.0,MEDLINE cooccurrence,False
DOID:784,UBERON:0001587,CC0 1.0,MEDLINE cooccurrence,False
DOID:3565,UBERON:0002361,CC0 1.0,MEDLINE cooccurrence,False
DOID:363,UBERON:0001237,CC0 1.0,MEDLINE cooccurrence,False
DOID:418,UBERON:0002134,CC0 1.0,MEDLINE cooccurrence,False
DOID:8577,UBERON:0001135,CC0 1.0,MEDLINE cooccurrence,False
DOID:0050741,UBERON:0001017,CC0 1.0,MEDLINE cooccurrence,False
DOID:594,UBERON:0001891,CC0 1.0,MEDLINE cooccurrence,False
DOID:11555,UBERON:0001772,CC0 1.0,MEDLINE cooccurrence,False
DOID:1793,UBERON:0002066,CC0 1.0,MEDLINE cooccurrence,False
DOID:4606,UBERON:0002107,CC0 1.0,MEDLINE cooccurrence,False
DOID:9074,UBERON:0001969,CC0 1.0,MEDLINE cooccurrence,False
DOID:1319,UBERON:0002422,CC0 1.0,MEDLINE cooccurrence,False
DOID:14330,UBERON:0001017,CC0 1.0,MEDLINE cooccurrence,False
DOID:4159,UBERON:0002103,CC0 1.0,MEDLINE cooccurrence,False
DOID:4045,UBERON:0000473,CC0 1.0,MEDLINE cooccurrence,False
DOID:11612,UBERON:0000996,CC0 1.0,MEDLINE cooccurrence,False
DOID:219,UBERON:0000482,CC0 1.0,MEDLINE cooccurrence,False
DOID:12236,UBERON:0002110,CC0 1.0,MEDLINE cooccurrence,False
DOID:1115,UBERON:0000998,CC0 1.0,MEDLINE cooccurrence,False
DOID:2174,UBERON:0001690,CC0 1.0,MEDLINE cooccurrence,False
DOID:14004,UBERON:0001184,CC0 1.0,MEDLINE cooccurrence,False
DOID:8398,UBERON:0001130,CC0 1.0,MEDLINE cooccurrence,False
DOID:3070,UBERON:0002707,CC0 1.0,MEDLINE cooccurrence,False
DOID:2043,UBERON:0001836,CC0 1.0,MEDLINE cooccurrence,False
DOID:10763,UBERON:0001088,CC0 1.0,MEDLINE cooccurrence,False
DOID:13499,UBERON:0001135,CC0 1.0,MEDLINE cooccurrence,False
DOID:2994,UBERON:0002519,CC0 1.0,MEDLINE cooccurrence,False
DOID:7148,UBERON:0002405,CC0 1.0,MEDLINE cooccurrence,False
DOID:2994,UBERON:0000995,CC0 1.0,MEDLINE cooccurrence,False
DOID:3083,UBERON:0003126,CC0 1.0,MEDLINE cooccurrence,False
DOID:2994,UBERON:0001343,CC0 1.0,MEDLINE cooccurrence,False
DOID:11934,UBERON:0001694,CC0 1.0,MEDLINE cooccurrence,False
DOID:11476,UBERON:0001322,CC0 1.0,MEDLINE cooccurrence,False
DOID:0060119,UBERON:0000004,CC0 1.0,MEDLINE cooccurrence,False
DOID:184,UBERON:0001734,CC0 1.0,MEDLINE cooccurrence,False
DOID:5559,UBERON:0003126,CC0 1.0,MEDLINE cooccurrence,False
DOID:3312,UBERON:0000011,CC0 1.0,MEDLINE cooccurrence,False
DOID:3565,UBERON:0001700,CC0 1.0,MEDLINE cooccurrence,False
DOID:11934,UBERON:0001734,CC0 1.0,MEDLINE cooccurrence,False
DOID:7147,UBERON:0001365,CC0 1.0,MEDLINE cooccurrence,False
DOID:4159,UBERON:0000474,CC0 1.0,MEDLINE cooccurrence,False
DOID:1909,UBERON:0002405,CC0 1.0,MEDLINE cooccurrence,False
DOID:2043,UBERON:0002394,CC0 1.0,MEDLINE cooccurrence,False
DOID:11934,UBERON:0001594,CC0 1.0,MEDLINE cooccurrence,False
DOID:1115,UBERON:0001467,CC0 1.0,MEDLINE cooccurrence,False
DOID:784,UBERON:0001969,CC0 1.0,MEDLINE cooccurrence,False
DOID:9008,UBERON:0001090,CC0 1.0,MEDLINE cooccurrence,False
DOID:9744,UBERON:0000966,CC0 1.0,MEDLINE cooccurrence,False
DOID:12185,UBERON:0001689,CC0 1.0,MEDLINE cooccurrence,False
DOID:184,UBERON:0002497,CC0 1.0,MEDLINE cooccurrence,False
DOID:1725,UBERON:0001182,CC0 1.0,MEDLINE cooccurrence,False
DOID:2841,UBERON:0004535,CC0 1.0,MEDLINE cooccurrence,False
DOID:10534,UBERON:0001640,CC0 1.0,MEDLINE cooccurrence,False
DOID:3953,UBERON:0002010,CC0 1.0,MEDLINE cooccurrence,False
DOID:13223,UBERON:0002356,CC0 1.0,MEDLINE cooccurrence,False
DOID:11934,UBERON:0001678,CC0 1.0,MEDLINE cooccurrence,False
DOID:6364,UBERON:0002398,CC0 1.0,MEDLINE cooccurrence,False
DOID:10534,UBERON:0000029,CC0 1.0,MEDLINE cooccurrence,False
DOID:1790,UBERON:0001103,CC0 1.0,MEDLINE cooccurrence,False
DOID:418,UBERON:0002521,CC0 1.0,MEDLINE cooccurrence,False
DOID:1115,UBERON:0001072,CC0 1.0,MEDLINE cooccurrence,False
DOID:11934,UBERON:0001750,CC0 1.0,MEDLINE cooccurrence,False
DOID:9744,UBERON:0001673,CC0 1.0,MEDLINE cooccurrence,False
DOID:10021,UBERON:0002017,CC0 1.0,MEDLINE cooccurrence,False
DOID:3565,UBERON:0002360,CC0 1.0,MEDLINE cooccurrence,False
DOID:1312,UBERON:0001225,CC0 1.0,MEDLINE cooccurrence,False
DOID:4989,UBERON:0001175,CC0 1.0,MEDLINE cooccurrence,False
DOID:1192,UBERON:0002223,CC0 1.0,MEDLINE cooccurrence,False
DOID:9970,UBERON:0002107,CC0 1.0,MEDLINE cooccurrence,False
DOID:4045,UBERON:0002398,CC0 1.0,MEDLINE cooccurrence,False
DOID:0060119,UBERON:0001708,CC0 1.0,MEDLINE cooccurrence,False
DOID:1192,UBERON:0001322,CC0 1.0,MEDLINE cooccurrence,False
DOID:1612,UBERON:0001467,CC0 1.0,MEDLINE cooccurrence,False
DOID:7693,UBERON:0001361,CC0 1.0,MEDLINE cooccurrence,False
DOID:14330,UBERON:0002028,CC0 1.0,MEDLINE cooccurrence,False
DOID:11054,UBERON:0002356,CC0 1.0,MEDLINE cooccurrence,False
DOID:2994,UBERON:0002285,CC0 1.0,MEDLINE cooccurrence,False
DOID:635,UBERON:0000966,CC0 1.0,MEDLINE cooccurrence,False
DOID:12306,UBERON:0002046,CC0 1.0,MEDLINE cooccurrence,False
DOID:9296,UBERON:0000165,CC0 1.0,MEDLINE cooccurrence,False
DOID:10153,UBERON:0002368,CC0 1.0,MEDLINE cooccurrence,False
DOID:418,UBERON:0002097,CC0 1.0,MEDLINE cooccurrence,False
DOID:12930,UBERON:0002134,CC0 1.0,MEDLINE cooccurrence,False
DOID:363,UBERON:0001295,CC0 1.0,MEDLINE cooccurrence,False
DOID:7148,UBERON:0001093,CC0 1.0,MEDLINE cooccurrence,False
DOID:11119,UBERON:0001891,CC0 1.0,MEDLINE cooccurrence,False
DOID:9970,UBERON:0001759,CC0 1.0,MEDLINE cooccurrence,False
DOID:14330,UBERON:0001016,CC0 1.0,MEDLINE cooccurrence,False
DOID:10534,UBERON:0002378,CC0 1.0,MEDLINE cooccurrence,False
DOID:8778,UBERON:0000483,CC0 1.0,MEDLINE cooccurrence,False
DOID:1024,UBERON:0002097,CC0 1.0,MEDLINE cooccurrence,False
DOID:9744,UBERON:0000482,CC0 1.0,MEDLINE cooccurrence,False
DOID:332,UBERON:0001016,CC0 1.0,MEDLINE cooccurrence,False
DOID:10652,UBERON:0002741,CC0 1.0,MEDLINE cooccurrence,False
DOID:13241,UBERON:0001620,CC0 1.0,MEDLINE cooccurrence,False
DOID:3953,UBERON:0001236,CC0 1.0,MEDLINE cooccurrence,False
DOID:3565,UBERON:0001679,CC0 1.0,MEDLINE cooccurrence,False
DOID:1612,UBERON:0002481,CC0 1.0,MEDLINE cooccurrence,False
DOID:10283,UBERON:0001088,CC0 1.0,MEDLINE cooccurrence,False
DOID:1595,UBERON:0002148,CC0 1.0,MEDLINE cooccurrence,False
DOID:11934,UBERON:0001070,CC0 1.0,MEDLINE cooccurrence,False
DOID:10763,UBERON:0002082,CC0 1.0,MEDLINE cooccurrence,False
DOID:10283,UBERON:0001968,CC0 1.0,MEDLINE cooccurrence,False
DOID:1192,UBERON:0001759,CC0 1.0,MEDLINE cooccurrence,False
DOID:184,UBERON:0001815,CC0 1.0,MEDLINE cooccurrence,False
DOID:7148,UBERON:0002018,CC0 1.0,MEDLINE cooccurrence,False
DOID:6364,UBERON:0000013,CC0 1.0,MEDLINE cooccurrence,False
DOID:1319,UBERON:0001579,CC0 1.0,MEDLINE cooccurrence,False
DOID:12306,UBERON:0001456,CC0 1.0,MEDLINE cooccurrence,False
DOID:11612,UBERON:0001398,CC0 1.0,MEDLINE cooccurrence,False
DOID:10534,UBERON:0001193,CC0 1.0,MEDLINE cooccurrence,False
DOID:8850,UBERON:0001736,CC0 1.0,MEDLINE cooccurrence,False
DOID:11476,UBERON:0004769,CC0 1.0,MEDLINE cooccurrence,False
DOID:1793,UBERON:0002394,CC0 1.0,MEDLINE cooccurrence,False
DOID:3393,UBERON:0002135,CC0 1.0,MEDLINE cooccurrence,False
DOID:4159,UBERON:0001820,CC0 1.0,MEDLINE cooccurrence,False
DOID:2174,UBERON:0000959,CC0 1.0,MEDLINE cooccurrence,False
DOID:363,UBERON:0001072,CC0 1.0,MEDLINE cooccurrence,False
DOID:1790,UBERON:0000977,CC0 1.0,MEDLINE cooccurrence,False
DOID:1024,UBERON:0000043,CC0 1.0,MEDLINE cooccurrence,False
DOID:14330,UBERON:0004452,CC0 1.0,MEDLINE cooccurrence,False
DOID:9296,UBERON:0001708,CC0 1.0,MEDLINE cooccurrence,False
DOID:2994,UBERON:0000941,CC0 1.0,MEDLINE cooccurrence,False
DOID:14221,UBERON:0000949,CC0 1.0,MEDLINE cooccurrence,False
DOID:2994,UBERON:0001780,CC0 1.0,MEDLINE cooccurrence,False
DOID:1115,UBERON:0003216,CC0 1.0,MEDLINE cooccurrence,False
DOID:11476,UBERON:0001132,CC0 1.0,MEDLINE cooccurrence,False
DOID:14330,UBERON:0001492,CC0 1.0,MEDLINE cooccurrence,False
DOID:0050425,UBERON:0001017,CC0 1.0,MEDLINE cooccurrence,False
DOID:4159,UBERON:0000997,CC0 1.0,MEDLINE cooccurrence,False
DOID:2994,UBERON:0001768,CC0 1.0,MEDLINE cooccurrence,False
DOID:10941,UBERON:0001645,CC0 1.0,MEDLINE cooccurrence,False
DOID:0060119,UBERON:0001679,CC0 1.0,MEDLINE cooccurrence,False
DOID:8893,UBERON:0001130,CC0 1.0,MEDLINE cooccurrence,False
DOID:1115,UBERON:0000975,CC0 1.0,MEDLINE cooccurrence,False
DOID:8893,UBERON:0002405,CC0 1.0,MEDLINE cooccurrence,False
DOID:3310,UBERON:0001866,CC0 1.0,MEDLINE cooccurrence,False
DOID:2994,UBERON:0001814,CC0 1.0,MEDLINE cooccurrence,False
DOID:8986,UBERON:0002148,CC0 1.0,MEDLINE cooccurrence,False
DOID:635,UBERON:0002048,CC0 1.0,MEDLINE cooccurrence,False
DOID:184,UBERON:0001479,CC0 1.0,MEDLINE cooccurrence,False
DOID:10763,UBERON:0001182,CC0 1.0,MEDLINE cooccurrence,False
DOID:1595,UBERON:0002405,CC0 1.0,MEDLINE cooccurrence,False
DOID:3571,UBERON:0002110,CC0 1.0,MEDLINE cooccurrence,False
DOID:4989,UBERON:0001194,CC0 1.0,MEDLINE cooccurrence,False
DOID:8986,UBERON:0002005,CC0 1.0,MEDLINE cooccurrence,False
DOID:1793,UBERON:0002294,CC0 1.0,MEDLINE cooccurrence,False
DOID:2998,UBERON:0001638,CC0 1.0,MEDLINE cooccurrence,False
DOID:12185,UBERON:0002279,CC0 1.0,MEDLINE cooccurrence,False
DOID:13378,UBERON:0000948,CC0 1.0,MEDLINE cooccurrence,False
DOID:1115,UBERON:0001460,CC0 1.0,MEDLINE cooccurrence,False
DOID:0060119,UBERON:0001785,CC0 1.0,MEDLINE cooccurrence,False
DOID:1909,UBERON:0002360,CC0 1.0,MEDLINE cooccurrence,False
DOID:2994,UBERON:0002392,CC0 1.0,MEDLINE cooccurrence,False
DOID:1319,UBERON:0002019,CC0 1.0,MEDLINE cooccurrence,False
DOID:0050741,UBERON:0001891,CC0 1.0,MEDLINE cooccurrence,False
DOID:3070,UBERON:0002286,CC0 1.0,MEDLINE cooccurrence,False
DOID:5559,UBERON:0002012,CC0 1.0,MEDLINE cooccurrence,False
DOID:5559,UBERON:0000975,CC0 1.0,MEDLINE cooccurrence,False
DOID:11054,UBERON:0000996,CC0 1.0,MEDLINE cooccurrence,False
DOID:824,UBERON:0000482,CC0 1.0,MEDLINE cooccurrence,False
DOID:1319,UBERON:0002517,CC0 1.0,MEDLINE cooccurrence,False
DOID:0050741,UBERON:0001264,CC0 1.0,MEDLINE cooccurrence,False
DOID:12365,UBERON:0002107,CC0 1.0,MEDLINE cooccurrence,False
DOID:5408,UBERON:0001088,CC0 1.0,MEDLINE cooccurrence,False
DOID:3393,UBERON:0001637,CC0 1.0,MEDLINE cooccurrence,False
DOID:10871,UBERON:0001769,CC0 1.0,MEDLINE cooccurrence,False
DOID:14004,UBERON:0001111,CC0 1.0,MEDLINE cooccurrence,False
DOID:11934,UBERON:0001650,CC0 1.0,MEDLINE cooccurrence,False
DOID:3565,UBERON:0002279,CC0 1.0,MEDLINE cooccurrence,False
DOID:11476,UBERON:0001437,CC0 1.0,MEDLINE cooccurrence,False
DOID:585,UBERON:0001088,CC0 1.0,MEDLINE cooccurrence,False
DOID:5408,UBERON:0001756,CC0 1.0,MEDLINE cooccurrence,False
DOID:1612,UBERON:0000483,CC0 1.0,MEDLINE cooccurrence,False
DOID:8778,UBERON:0001365,CC0 1.0,MEDLINE cooccurrence,False
DOID:4481,UBERON:0001764,CC0 1.0,MEDLINE cooccurrence,False
DOID:10283,UBERON:0000483,CC0 1.0,MEDLINE cooccurrence,False
DOID:12365,UBERON:0000955,CC0 1.0,MEDLINE cooccurrence,False
DOID:363,UBERON:0000474,CC0 1.0,MEDLINE cooccurrence,False
DOID:5559,UBERON:0002407,CC0 1.0,MEDLINE cooccurrence,False
DOID:8778,UBERON:0000989,CC0 1.0,MEDLINE cooccurrence,False
DOID:13241,UBERON:0001981,CC0 1.0,MEDLINE cooccurrence,False
DOID:1319,UBERON:0001535,CC0 1.0,MEDLINE cooccurrence,False
DOID:1192,UBERON:0002347,CC0 1.0,MEDLINE cooccurrence,False
DOID:9835,UBERON:0001776,CC0 1.0,MEDLINE cooccurrence,False
DOID:12849,UBERON:0002673,CC0 1.0,MEDLINE cooccurrence,False
DOID:2998,UBERON:0001343,CC0 1.0,MEDLINE cooccurrence,False
DOID:263,UBERON:0001228,CC0 1.0,MEDLINE cooccurrence,False
DOID:13189,UBERON:0002414,CC0 1.0,MEDLINE cooccurrence,False
DOID:11934,UBERON:0001707,CC0 1.0,MEDLINE cooccurrence,False
DOID:1909,UBERON:0001003,CC0 1.0,MEDLINE cooccurrence,False
DOID:1612,UBERON:0002228,CC0 1.0,MEDLINE cooccurrence,False
DOID:14268,UBERON:0002294,CC0 1.0,MEDLINE cooccurrence,False
DOID:363,UBERON:0001135,CC0 1.0,MEDLINE cooccurrence,False
DOID:1024,UBERON:0002385,CC0 1.0,MEDLINE cooccurrence,False
DOID:1115,UBERON:0002012,CC0 1.0,MEDLINE cooccurrence,False
DOID:14330,UBERON:0001866,CC0 1.0,MEDLINE cooccurrence,False
DOID:9352,UBERON:0001323,CC0 1.0,MEDLINE cooccurrence,False
DOID:784,UBERON:0001394,CC0 1.0,MEDLINE cooccurrence,False
DOID:184,UBERON:0002413,CC0 1.0,MEDLINE cooccurrence,False
DOID:9074,UBERON:0001986,CC0 1.0,MEDLINE cooccurrence,False
DOID:184,UBERON:0002516,CC0 1.0,MEDLINE cooccurrence,False
DOID:5875,UBERON:0000045,CC0 1.0,MEDLINE cooccurrence,False
DOID:1192,UBERON:0001352,CC0 1.0,MEDLINE cooccurrence,False
DOID:1192,UBERON:0001675,CC0 1.0,MEDLINE cooccurrence,False
DOID:8577,UBERON:0002107,CC0 1.0,MEDLINE cooccurrence,False
DOID:1024,UBERON:0000473,CC0 1.0,MEDLINE cooccurrence,False
DOID:2994,UBERON:0001989,CC0 1.0,MEDLINE cooccurrence,False
DOID:1964,UBERON:0003889,CC0 1.0,MEDLINE cooccurrence,False
DOID:1725,UBERON:0003889,CC0 1.0,MEDLINE cooccurrence,False
DOID:7693,UBERON:0001640,CC0 1.0,MEDLINE cooccurrence,False
DOID:4606,UBERON:0001064,CC0 1.0,MEDLINE cooccurrence,False
DOID:7148,UBERON:0001676,CC0 1.0,MEDLINE cooccurrence,False
DOID:1826,UBERON:0002102,CC0 1.0,MEDLINE cooccurrence,False
DOID:2174,UBERON:0001773,CC0 1.0,MEDLINE cooccurrence,False
DOID:9008,UBERON:0002204,CC0 1.0,MEDLINE cooccurrence,False
DOID:6364,UBERON:0002275,CC0 1.0,MEDLINE cooccurrence,False
DOID:9074,UBERON:0002048,CC0 1.0,MEDLINE cooccurrence,False
DOID:10608,UBERON:0001988,CC0 1.0,MEDLINE cooccurrence,False
DOID:6364,UBERON:0000011,CC0 1.0,MEDLINE cooccurrence,False
DOID:7148,UBERON:0002497,CC0 1.0,MEDLINE cooccurrence,False
DOID:3310,UBERON:0001988,CC0 1.0,MEDLINE cooccurrence,False
DOID:12185,UBERON:0002418,CC0 1.0,MEDLINE cooccurrence,False
DOID:4159,UBERON:0002073,CC0 1.0,MEDLINE cooccurrence,False
DOID:3565,UBERON:0001352,CC0 1.0,MEDLINE cooccurrence,False
DOID:10534,UBERON:0001103,CC0 1.0,MEDLINE cooccurrence,False
DOID:5419,UBERON:0002037,CC0 1.0,MEDLINE cooccurrence,False
DOID:1964,UBERON:0000996,CC0 1.0,MEDLINE cooccurrence,False
DOID:8398,UBERON:0002387,CC0 1.0,MEDLINE cooccurrence,False
DOID:8778,UBERON:0001970,CC0 1.0,MEDLINE cooccurrence,False
DOID:11934,UBERON:0001744,CC0 1.0,MEDLINE cooccurrence,False
DOID:12849,UBERON:0002298,CC0 1.0,MEDLINE cooccurrence,False
DOID:175,UBERON:0002017,CC0 1.0,MEDLINE cooccurrence,False
DOID:1909,UBERON:0000482,CC0 1.0,MEDLINE cooccurrence,False
DOID:8577,UBERON:0001183,CC0 1.0,MEDLINE cooccurrence,False
DOID:2174,UBERON:0001677,CC0 1.0,MEDLINE cooccurrence,False
DOID:784,UBERON:0001814,CC0 1.0,MEDLINE cooccurrence,False
DOID:8986,UBERON:0000988,CC0 1.0,MEDLINE cooccurrence,False
