source_id,target_id,license,source,unbiased
UBERON:0002110,DOID:14268,CC0 1.0,MEDLINE cooccurrence,false
UBERON:0001980,DOID:14221,CC0 1.0,MEDLINE cooccurrence,false
UBERON:0001760,DOID:11934,CC0 1.0,MEDLINE cooccurrence,false
UBERON:0002360,DOID:1115,CC0 1.0,MEDLINE cooccurrence,false
UBERON:0002389,DOID:9074,CC0 1.0,MEDLINE cooccurrence,false
UBERON:0000178,DOID:635,CC0 1.0,MEDLINE cooccurrence,false
UBERON:0000955,DOID:6364,CC0 1.0,MEDLINE cooccurrence,false
UBERON:0000977,DOID:1324,CC0 1.0,MEDLINE cooccurrence,false
UBERON:0002286,DOID:10941,CC0 1.0,MEDLINE cooccurrence,false
UBERON:0002040,DOID:5041,CC0 1.0,MEDLINE cooccurrence,false
UBERON:0001646,DOID:3565,CC0 1.0,MEDLINE cooccurrence,false
UBERON:0001679,DOID:5408,CC0 1.0,MEDLINE cooccurrence,false
UBERON:0000997,DOID:4362,CC0 1.0,MEDLINE cooccurrence,false
UBERON:0001893,DOID:5419,CC0 1.0,MEDLINE cooccurrence,false
UBERON:0002103,DOID:9352,CC0 1.0,MEDLINE cooccurrence,false
UBERON:0000026,DOID:184,CC0 1.0,MEDLINE cooccurrence,false
UBERON:0001003,DOID:2994,CC0 1.0,MEDLINE cooccurrence,false
UBERON:0001532,DOID:10941,CC0 1.0,MEDLINE cooccurrence,false
UBERON:0004452,DOID:184,CC0 1.0,MEDLINE cooccurrence,false
UBERON:0002410,DOID:4481,CC0 1.0,MEDLINE cooccurrence,false
UBERON:0001649,DOID:11934,CC0 1.0,MEDLINE cooccurrence,false
UBERON:0001072,DOID:2998,CC0 1.0,MEDLINE cooccurrence,false
UBERON:0000992,DOID:11239,CC0 1.0,MEDLINE cooccurrence,false
UBERON:0000949,DOID:119,CC0 1.0,MEDLINE cooccurrence,false
UBERON:0001579,DOID:2994,CC0 1.0,MEDLINE cooccurrence,false
UBERON:0000178,DOID:12365,CC0 1.0,MEDLINE cooccurrence,false
UBERON:0002439,DOID:2994,CC0 1.0,MEDLINE cooccurrence,false
UBERON:0002606,DOID:1826,CC0 1.0,MEDLINE cooccurrence,false
UBERON:0002066,DOID:1936,CC0 1.0,MEDLINE cooccurrence,false
UBERON:0003889,DOID:2994,CC0 1.0,MEDLINE cooccurrence,false
UBERON:0001533,DOID:5559,CC0 1.0,MEDLINE cooccurrence,false
UBERON:0002368,DOID:11239,CC0 1.0,MEDLINE cooccurrence,false
UBERON:0000941,DOID:1686,CC0 1.0,MEDLINE cooccurrence,false
UBERON:0001530,DOID:13378,CC0 1.0,MEDLINE cooccurrence,false
UBERON:0001132,DOID:5408,CC0 1.0,MEDLINE cooccurrence,false
UBERON:0001516,DOID:7693,CC0 1.0,MEDLINE cooccurrence,false
UBERON:0001690,DOID:3310,CC0 1.0,MEDLINE cooccurrence,false
UBERON:0002673,DOID:2377,CC0 1.0,MEDLINE cooccurrence,false
UBERON:0001771,DOID:1686,CC0 1.0,MEDLINE cooccurrence,false
UBERON:0002944,DOID:2377,CC0 1.0,MEDLINE cooccurrence,false
UBERON:0001017,DOID:9074,CC0 1.0,MEDLINE cooccurrence,false
UBERON:0002285,DOID:3070,CC0 1.0,MEDLINE cooccurrence,false
UBERON:0002205,DOID:184,CC0 1.0,MEDLINE cooccurrence,false
UBERON:0002519,DOID:6364,CC0 1.0,MEDLINE cooccurrence,false
UBERON:0001352,DOID:184,CC0 1.0,MEDLINE cooccurrence,false
UBERON:0002365,DOID:2841,CC0 1.0,MEDLINE cooccurrence,false
UBERON:0001463,DOID:8398,CC0 1.0,MEDLINE cooccurrence,false
UBERON:0001831,DOID:216,CC0 1.0,MEDLINE cooccurrence,false
UBERON:0001469,DOID:8398,CC0 1.0,MEDLINE cooccurrence,false
UBERON:0002110,DOID:219,CC0 1.0,MEDLINE cooccurrence,false
UBERON:0000211,DOID:4606,CC0 1.0,MEDLINE cooccurrence,false
UBERON:0001771,DOID:6364,CC0 1.0,MEDLINE cooccurrence,false
UBERON:0001300,DOID:13223,CC0 1.0,MEDLINE cooccurrence,false
UBERON:0002371,DOID:2531,CC0 1.0,MEDLINE cooccurrence,false
UBERON:0001463,DOID:1024,CC0 1.0,MEDLINE cooccurrence,false
UBERON:0002377,DOID:4045,CC0 1.0,MEDLINE cooccurrence,false
UBERON:0000974,DOID:2994,CC0 1.0,MEDLINE cooccurrence,false
UBERON:0001890,DOID:14330,CC0 1.0,MEDLINE cooccurrence,false
UBERON:0001724,DOID:4481,CC0 1.0,MEDLINE cooccurrence,false
UBERON:0001744,DOID:2355,CC0 1.0,MEDLINE cooccurrence,false
UBERON:0001597,DOID:824,CC0 1.0,MEDLINE cooccurrence,false
UBERON:0000026,DOID:4159,CC0 1.0,MEDLINE cooccurrence,false
UBERON:0001736,DOID:0060119,CC0 1.0,MEDLINE cooccurrence,false
UBERON:0001013,DOID:14221,CC0 1.0,MEDLINE cooccurrence,false
UBERON:0002523,DOID:14004,CC0 1.0,MEDLINE cooccurrence,false
UBERON:0002453,DOID:11934,CC0 1.0,MEDLINE cooccurrence,false
UBERON:0002097,DOID:11615,CC0 1.0,MEDLINE cooccurrence,false
UBERON:0001905,DOID:2377,CC0 1.0,MEDLINE cooccurrence,false
UBERON:0001235,DOID:11612,CC0 1.0,MEDLINE cooccurrence,false
UBERON:0001908,DOID:14330,CC0 1.0,MEDLINE cooccurrence,false
UBERON:0002371,DOID:10283,CC0 1.0,MEDLINE cooccurrence,false
UBERON:0002439,DOID:14330,CC0 1.0,MEDLINE cooccurrence,false
UBERON:0001088,DOID:3312,CC0 1.0,MEDLINE cooccurrence,false
UBERON:0001140,DOID:1115,CC0 1.0,MEDLINE cooccurrence,false
UBERON:0001103,DOID:1725,CC0 1.0,MEDLINE cooccurrence,false
UBERON:0001723,DOID:11934,CC0 1.0,MEDLINE cooccurrence,false
UBERON:0002387,DOID:1909,CC0 1.0,MEDLINE cooccurrence,false
UBERON:0003126,DOID:2596,CC0 1.0,MEDLINE cooccurrence,false
UBERON:0001643,DOID:6364,CC0 1.0,MEDLINE cooccurrence,false
UBERON:0001365,DOID:8577,CC0 1.0,MEDLINE cooccurrence,false
UBERON:0001567,DOID:4159,CC0 1.0,MEDLINE cooccurrence,false
UBERON:0002356,DOID:11615,CC0 1.0,MEDLINE cooccurrence,false
UBERON:0003889,DOID:1612,CC0 1.0,MEDLINE cooccurrence,false
UBERON:0001633,DOID:594,CC0 1.0,MEDLINE cooccurrence,false
UBERON:0001773,DOID:1909,CC0 1.0,MEDLINE cooccurrence,false
UBERON:0001021,DOID:9352,CC0 1.0,MEDLINE cooccurrence,false
UBERON:0001710,DOID:1115,CC0 1.0,MEDLINE cooccurrence,false
UBERON:0001650,DOID:1319,CC0 1.0,MEDLINE cooccurrence,false
UBERON:0001361,DOID:11239,CC0 1.0,MEDLINE cooccurrence,false
UBERON:0002382,DOID:119,CC0 1.0,MEDLINE cooccurrence,false
UBERON:0002107,DOID:10608,CC0 1.0,MEDLINE cooccurrence,false
UBERON:0002453,DOID:2994,CC0 1.0,MEDLINE cooccurrence,false
UBERON:0002148,DOID:10652,CC0 1.0,MEDLINE cooccurrence,false
UBERON:0001981,DOID:2994,CC0 1.0,MEDLINE cooccurrence,false
UBERON:0001597,DOID:1192,CC0 1.0,MEDLINE cooccurrence,false
UBERON:0002517,DOID:11934,CC0 1.0,MEDLINE cooccurrence,false
UBERON:0002037,DOID:3070,CC0 1.0,MEDLINE cooccurrence,false
UBERON:0002521,DOID:9074,CC0 1.0,MEDLINE cooccurrence,false
UBERON:0001105,DOID:1324,CC0 1.0,MEDLINE cooccurrence,false
UBERON:0001691,DOID:3310,CC0 1.0,MEDLINE cooccurrence,false
UBERON:0002148,DOID:5419,CC0 1.0,MEDLINE cooccurrence,false
UBERON:0000946,DOID:418,CC0 1.0,MEDLINE cooccurrence,false
UBERON:0000982,DOID:8398,CC0 1.0,MEDLINE cooccurrence,false
UBERON:0002285,DOID:14330,CC0 1.0,MEDLINE cooccurrence,false
UBERON:0002298,DOID:2994,CC0 1.0,MEDLINE cooccurrence,false
UBERON:0002516,DOID:8398,CC0 1.0,MEDLINE cooccurrence,false
UBERON:0002362,DOID:5612,CC0 1.0,MEDLINE cooccurrence,false
UBERON:0001724,DOID:2174,CC0 1.0,MEDLINE cooccurrence,false
UBERON:0001827,DOID:7148,CC0 1.0,MEDLINE cooccurrence,false
UBERON:0002384,DOID:184,CC0 1.0,MEDLINE cooccurrence,false
UBERON:0001986,DOID:12365,CC0 1.0,MEDLINE cooccurrence,false
UBERON:0001723,DOID:1826,CC0 1.0,MEDLINE cooccurrence,false
UBERON:0000026,DOID:1024,CC0 1.0,MEDLINE cooccurrence,false
UBERON:0001818,DOID:7148,CC0 1.0,MEDLINE cooccurrence,false
UBERON:0001650,DOID:8850,CC0 1.0,MEDLINE cooccurrence,false
UBERON:0001492,DOID:2994,CC0 1.0,MEDLINE cooccurrence,false
UBERON:0001460,DOID:14330,CC0 1.0,MEDLINE cooccurrence,false
UBERON:0002046,DOID:3277,CC0 1.0,MEDLINE cooccurrence,false
UBERON:0001488,DOID:9008,CC0 1.0,MEDLINE cooccurrence,false
UBERON:0000978,DOID:8398,CC0 1.0,MEDLINE cooccurrence,false
UBERON:0001231,DOID:10976,CC0 1.0,MEDLINE cooccurrence,false
UBERON:0002060,DOID:13241,CC0 1.0,MEDLINE cooccurrence,false
UBERON:0000970,DOID:12849,CC0 1.0,MEDLINE cooccurrence,false
UBERON:0000029,DOID:10021,CC0 1.0,MEDLINE cooccurrence,false
UBERON:0001911,DOID:1324,CC0 1.0,MEDLINE cooccurrence,false
UBERON:0002606,DOID:2994,CC0 1.0,MEDLINE cooccurrence,false
UBERON:0002521,DOID:4159,CC0 1.0,MEDLINE cooccurrence,false
UBERON:0001620,DOID:9744,CC0 1.0,MEDLINE cooccurrence,false
UBERON:0001620,DOID:1936,CC0 1.0,MEDLINE cooccurrence,false
UBERON:0002017,DOID:10534,CC0 1.0,MEDLINE cooccurrence,false
UBERON:0001986,DOID:1936,CC0 1.0,MEDLINE cooccurrence,false
UBERON:0001776,DOID:1909,CC0 1.0,MEDLINE cooccurrence,false
UBERON:0003216,DOID:13223,CC0 1.0,MEDLINE cooccurrence,false
UBERON:0001021,DOID:2377,CC0 1.0,MEDLINE cooccurrence,false
UBERON:0002414,DOID:5408,CC0 1.0,MEDLINE cooccurrence,false
UBERON:0001891,DOID:1319,CC0 1.0,MEDLINE cooccurrence,false
UBERON:0002386,DOID:784,CC0 1.0,MEDLINE cooccurrence,false
UBERON:0002148,DOID:0050741,CC0 1.0,MEDLINE cooccurrence,false
UBERON:0003129,DOID:3565,CC0 1.0,MEDLINE cooccurrence,false
UBERON:0000991,DOID:2998,CC0 1.0,MEDLINE cooccurrence,false
UBERON:0001647,DOID:12185,CC0 1.0,MEDLINE cooccurrence,false
UBERON:0001437,DOID:1459,CC0 1.0,MEDLINE cooccurrence,false
UBERON:0001759,DOID:10763,CC0 1.0,MEDLINE cooccurrence,false
UBERON:0002518,DOID:1192,CC0 1.0,MEDLINE cooccurrence,false
UBERON:0001908,DOID:9835,CC0 1.0,MEDLINE cooccurrence,false
UBERON:0002519,DOID:1192,CC0 1.0,MEDLINE cooccurrence,false
UBERON:0002240,DOID:635,CC0 1.0,MEDLINE cooccurrence,false
UBERON:0000978,DOID:3083,CC0 1.0,MEDLINE cooccurrence,false
UBERON:0002410,DOID:594,CC0 1.0,MEDLINE cooccurrence,false
UBERON:0001365,DOID:8398,CC0 1.0,MEDLINE cooccurrence,false
UBERON:0002349,DOID:12930,CC0 1.0,MEDLINE cooccurrence,false
UBERON:0002082,DOID:3393,CC0 1.0,MEDLINE cooccurrence,false
UBERON:0000029,DOID:2531,CC0 1.0,MEDLINE cooccurrence,false
UBERON:0000011,DOID:8986,CC0 1.0,MEDLINE cooccurrence,false
UBERON:0001860,DOID:11934,CC0 1.0,MEDLINE cooccurrence,false
UBERON:0003126,DOID:4481,CC0 1.0,MEDLINE cooccurrence,false
UBERON:0002494,DOID:10763,CC0 1.0,MEDLINE cooccurrence,false
UBERON:0001980,DOID:2986,CC0 1.0,MEDLINE cooccurrence,false
UBERON:0000178,DOID:2531,CC0 1.0,MEDLINE cooccurrence,false
UBERON:0001720,DOID:1192,CC0 1.0,MEDLINE cooccurrence,false
UBERON:0000996,DOID:119,CC0 1.0,MEDLINE cooccurrence,false
UBERON:0001037,DOID:2355,CC0 1.0,MEDLINE cooccurrence,false
UBERON:0001088,DOID:11054,CC0 1.0,MEDLINE cooccurrence,false
UBERON:0001037,DOID:2841,CC0 1.0,MEDLINE cooccurrence,false
UBERON:0002389,DOID:184,CC0 1.0,MEDLINE cooccurrence,false
UBERON:0000045,DOID:1192,CC0 1.0,MEDLINE cooccurrence,false
UBERON:0001677,DOID:11934,CC0 1.0,MEDLINE cooccurrence,false
UBERON:0001461,DOID:184,CC0 1.0,MEDLINE cooccurrence,false
UBERON:0000029,DOID:11615,CC0 1.0,MEDLINE cooccurrence,false
UBERON:0001488,DOID:7147,CC0 1.0,MEDLINE cooccurrence,false
UBERON:0002066,DOID:1612,CC0 1.0,MEDLINE cooccurrence,false
UBERON:0003092,DOID:11934,CC0 1.0,MEDLINE cooccurrence,false
UBERON:0001814,DOID:1324,CC0 1.0,MEDLINE cooccurrence,false
UBERON:0001183,DOID:1993,CC0 1.0,MEDLINE cooccurrence,false
UBERON:0002081,DOID:1324,CC0 1.0,MEDLINE cooccurrence,false
UBERON:0000211,DOID:1793,CC0 1.0,MEDLINE cooccurrence,false
UBERON:0002387,DOID:9008,CC0 1.0,MEDLINE cooccurrence,false
UBERON:0001679,DOID:11934,CC0 1.0,MEDLINE cooccurrence,false
UBERON:0001585,DOID:1781,CC0 1.0,MEDLINE cooccurrence,false
UBERON:0001300,DOID:11054,CC0 1.0,MEDLINE cooccurrence,false
UBERON:0001911,DOID:1612,CC0 1.0,MEDLINE cooccurrence,false
UBERON:0002103,DOID:1115,CC0 1.0,MEDLINE cooccurrence,false
UBERON:0002494,DOID:3393,CC0 1.0,MEDLINE cooccurrence,false
UBERON:0001640,DOID:1793,CC0 1.0,MEDLINE cooccurrence,false
UBERON:0001637,DOID:1936,CC0 1.0,MEDLINE cooccurrence,false
UBERON:0002466,DOID:10534,CC0 1.0,MEDLINE cooccurrence,false
UBERON:0002368,DOID:5419,CC0 1.0,MEDLINE cooccurrence,false
UBERON:0002378,DOID:8778,CC0 1.0,MEDLINE cooccurrence,false
UBERON:0001678,DOID:10941,CC0 1.0,MEDLINE cooccurrence,false
UBERON:0001980,DOID:2355,CC0 1.0,MEDLINE cooccurrence,false
UBERON:0001224,DOID:263,CC0 1.0,MEDLINE cooccurrence,false
UBERON:0001796,DOID:10871,CC0 1.0,MEDLINE cooccurrence,false
UBERON:0001348,DOID:3953,CC0 1.0,MEDLINE cooccurrence,false
UBERON:0001679,DOID:2174,CC0 1.0,MEDLINE cooccurrence,false
UBERON:0002414,DOID:10608,CC0 1.0,MEDLINE cooccurrence,false
UBERON:0001649,DOID:1192,CC0 1.0,MEDLINE cooccurrence,false
UBERON:0001532,DOID:175,CC0 1.0,MEDLINE cooccurrence,false
UBERON:0001846,DOID:1319,CC0 1.0,MEDLINE cooccurrence,false
UBERON:0002418,DOID:11934,CC0 1.0,MEDLINE cooccurrence,false
UBERON:0002046,DOID:11920,CC0 1.0,MEDLINE cooccurrence,false
UBERON:0001676,DOID:1192,CC0 1.0,MEDLINE cooccurrence,false
UBERON:0002371,DOID:2394,CC0 1.0,MEDLINE cooccurrence,false
UBERON:0002414,DOID:184,CC0 1.0,MEDLINE cooccurrence,false
UBERON:0001831,DOID:1192,CC0 1.0,MEDLINE cooccurrence,false
UBERON:0000970,DOID:13241,CC0 1.0,MEDLINE cooccurrence,false
UBERON:0001529,DOID:175,CC0 1.0,MEDLINE cooccurrence,false
UBERON:0002387,DOID:1115,CC0 1.0,MEDLINE cooccurrence,false
UBERON:0001089,DOID:1024,CC0 1.0,MEDLINE cooccurrence,false
UBERON:0000482,DOID:10871,CC0 1.0,MEDLINE cooccurrence,false
UBERON:0001896,DOID:3565,CC0 1.0,MEDLINE cooccurrence,false
UBERON:0001322,DOID:9744,CC0 1.0,MEDLINE cooccurrence,false
UBERON:0001532,DOID:0060119,CC0 1.0,MEDLINE cooccurrence,false
UBERON:0001649,DOID:10763,CC0 1.0,MEDLINE cooccurrence,false
UBERON:0001300,DOID:1115,CC0 1.0,MEDLINE cooccurrence,false
UBERON:0001224,DOID:585,CC0 1.0,MEDLINE cooccurrence,false
UBERON:0000483,DOID:12236,CC0 1.0,MEDLINE cooccurrence,false
UBERON:0002385,DOID:9352,CC0 1.0,MEDLINE cooccurrence,false
UBERON:0000011,DOID:1993,CC0 1.0,MEDLINE cooccurrence,false
UBERON:0002386,DOID:9352,CC0 1.0,MEDLINE cooccurrence,false
UBERON:0000992,DOID:363,CC0 1.0,MEDLINE cooccurrence,false
UBERON:0001637,DOID:14221,CC0 1.0,MEDLINE cooccurrence,false
UBERON:0001323,DOID:2994,CC0 1.0,MEDLINE cooccurrence,false
UBERON:0002385,DOID:9970,CC0 1.0,MEDLINE cooccurrence,false
UBERON:0002397,DOID:216,CC0 1.0,MEDLINE cooccurrence,false
UBERON:0002016,DOID:1324,CC0 1.0,MEDLINE cooccurrence,false
UBERON:0001516,DOID:175,CC0 1.0,MEDLINE cooccurrence,false
UBERON:0002386,DOID:9744,CC0 1.0,MEDLINE cooccurrence,false
UBERON:0000974,DOID:8850,CC0 1.0,MEDLINE cooccurrence,false
UBERON:0002347,DOID:3070,CC0 1.0,MEDLINE cooccurrence,false
UBERON:0001890,DOID:10652,CC0 1.0,MEDLINE cooccurrence,false
UBERON:0001070,DOID:1936,CC0 1.0,MEDLINE cooccurrence,false
UBERON:0003126,DOID:5041,CC0 1.0,MEDLINE cooccurrence,false
UBERON:0001529,DOID:10941,CC0 1.0,MEDLINE cooccurrence,false
UBERON:0001460,DOID:4159,CC0 1.0,MEDLINE cooccurrence,false
UBERON:0000988,DOID:1319,CC0 1.0,MEDLINE cooccurrence,false
UBERON:0002046,DOID:2596,CC0 1.0,MEDLINE cooccurrence,false
UBERON:0000996,DOID:4362,CC0 1.0,MEDLINE cooccurrence,false
UBERON:0000029,DOID:0060119,CC0 1.0,MEDLINE cooccurrence,false
UBERON:0002450,DOID:2994,CC0 1.0,MEDLINE cooccurrence,false
UBERON:0001515,DOID:14004,CC0 1.0,MEDLINE cooccurrence,false
UBERON:0000033,DOID:14330,CC0 1.0,MEDLINE cooccurrence,false
UBERON:0001090,DOID:9074,CC0 1.0,MEDLINE cooccurrence,false
UBERON:0001896,DOID:1319,CC0 1.0,MEDLINE cooccurrence,false
UBERON:0001193,DOID:14268,CC0 1.0,MEDLINE cooccurrence,false
UBERON:0002385,DOID:2355,CC0 1.0,MEDLINE cooccurrence,false
UBERON:0001103,DOID:9074,CC0 1.0,MEDLINE cooccurrence,false
UBERON:0001465,DOID:7148,CC0 1.0,MEDLINE cooccurrence,false
UBERON:0002352,DOID:12930,CC0 1.0,MEDLINE cooccurrence,false
UBERON:0001007,DOID:784,CC0 1.0,MEDLINE cooccurrence,false
UBERON:0001404,DOID:784,CC0 1.0,MEDLINE cooccurrence,false
UBERON:0001456,DOID:8850,CC0 1.0,MEDLINE cooccurrence,false
UBERON:0001135,DOID:1115,CC0 1.0,MEDLINE cooccurrence,false
UBERON:0002362,DOID:10941,CC0 1.0,MEDLINE cooccurrence,false
UBERON:0000922,DOID:2994,CC0 1.0,MEDLINE cooccurrence,false
UBERON:0001143,DOID:263,CC0 1.0,MEDLINE cooccurrence,false
UBERON:0000057,DOID:11819,CC0 1.0,MEDLINE cooccurrence,false
UBERON:0001516,DOID:5875,CC0 1.0,MEDLINE cooccurrence,false
UBERON:0000955,DOID:8986,CC0 1.0,MEDLINE cooccurrence,false
UBERON:0000995,DOID:1964,CC0 1.0,MEDLINE cooccurrence,false
UBERON:0001485,DOID:7148,CC0 1.0,MEDLINE cooccurrence,false
UBERON:0002097,DOID:2994,CC0 1.0,MEDLINE cooccurrence,false
UBERON:0001645,DOID:2377,CC0 1.0,MEDLINE cooccurrence,false
UBERON:0001831,DOID:11934,CC0 1.0,MEDLINE cooccurrence,false
UBERON:0001705,DOID:5419,CC0 1.0,MEDLINE cooccurrence,false
UBERON:0001775,DOID:2994,CC0 1.0,MEDLINE cooccurrence,false
UBERON:0001000,DOID:10283,CC0 1.0,MEDLINE cooccurrence,false
UBERON:0001759,DOID:1826,CC0 1.0,MEDLINE cooccurrence,false
UBERON:0001697,DOID:10941,CC0 1.0,MEDLINE cooccurrence,false
UBERON:0001771,DOID:5419,CC0 1.0,MEDLINE cooccurrence,false
UBERON:0001598,DOID:184,CC0 1.0,MEDLINE cooccurrence,false
UBERON:0000997,DOID:1245,CC0 1.0,MEDLINE cooccurrence,false
UBERON:0000033,DOID:0060119,CC0 1.0,MEDLINE cooccurrence,false
UBERON:0001989,DOID:6364,CC0 1.0,MEDLINE cooccurrence,false
UBERON:0001148,DOID:784,CC0 1.0,MEDLINE cooccurrence,false
UBERON:0001986,DOID:11555,CC0 1.0,MEDLINE cooccurrence,false
UBERON:0001697,DOID:1686,CC0 1.0,MEDLINE cooccurrence,false
UBERON:0001827,DOID:2174,CC0 1.0,MEDLINE cooccurrence,false
UBERON:0002450,DOID:1725,CC0 1.0,MEDLINE cooccurrence,false
UBERON:0001579,DOID:3565,CC0 1.0,MEDLINE cooccurrence,false
UBERON:0001677,DOID:1319,CC0 1.0,MEDLINE cooccurrence,false
UBERON:0001597,DOID:11934,CC0 1.0,MEDLINE cooccurrence,false
UBERON:0002387,DOID:2994,CC0 1.0,MEDLINE cooccurrence,false
UBERON:0001744,DOID:635,CC0 1.0,MEDLINE cooccurrence,false
UBERON:0000977,DOID:3277,CC0 1.0,MEDLINE cooccurrence,false
UBERON:0001007,DOID:4989,CC0 1.0,MEDLINE cooccurrence,false
UBERON:0001711,DOID:3310,CC0 1.0,MEDLINE cooccurrence,false
UBERON:0002294,DOID:3571,CC0 1.0,MEDLINE cooccurrence,false
UBERON:0001785,DOID:1192,CC0 1.0,MEDLINE cooccurrence,false
UBERON:0000955,DOID:3070,CC0 1.0,MEDLINE cooccurrence,false
UBERON:0002081,DOID:3277,CC0 1.0,MEDLINE cooccurrence,false
UBERON:0001130,DOID:9008,CC0 1.0,MEDLINE cooccurrence,false
UBERON:0001532,DOID:1319,CC0 1.0,MEDLINE cooccurrence,false
UBERON:0002240,DOID:3565,CC0 1.0,MEDLINE cooccurrence,false
UBERON:0001769,DOID:2174,CC0 1.0,MEDLINE cooccurrence,false
UBERON:0002378,DOID:11239,CC0 1.0,MEDLINE cooccurrence,false
UBERON:0002299,DOID:1324,CC0 1.0,MEDLINE cooccurrence,false
UBERON:0002500,DOID:2174,CC0 1.0,MEDLINE cooccurrence,false
UBERON:0001530,DOID:10763,CC0 1.0,MEDLINE cooccurrence,false
UBERON:0002517,DOID:3565,CC0 1.0,MEDLINE cooccurrence,false
UBERON:0001914,DOID:2355,CC0 1.0,MEDLINE cooccurrence,false
UBERON:0002361,DOID:3070,CC0 1.0,MEDLINE cooccurrence,false
UBERON:0002439,DOID:8577,CC0 1.0,MEDLINE cooccurrence,false
UBERON:0001456,DOID:3310,CC0 1.0,MEDLINE cooccurrence,false
UBERON:0001140,DOID:10763,CC0 1.0,MEDLINE cooccurrence,false
UBERON:0002037,DOID:1826,CC0 1.0,MEDLINE cooccurrence,false
UBERON:0002107,DOID:1115,CC0 1.0,MEDLINE cooccurrence,false
UBERON:0001463,DOID:2355,CC0 1.0,MEDLINE cooccurrence,false
UBERON:0002016,DOID:175,CC0 1.0,MEDLINE cooccurrence,false
UBERON:0002368,DOID:1319,CC0 1.0,MEDLINE cooccurrence,false
UBERON:0001690,DOID:1826,CC0 1.0,MEDLINE cooccurrence,false
UBERON:0001638,DOID:2394,CC0 1.0,MEDLINE cooccurrence,false
UBERON:0002037,DOID:12849,CC0 1.0,MEDLINE cooccurrence,false
UBERON:0001638,DOID:3953,CC0 1.0,MEDLINE cooccurrence,false
UBERON:0004535,DOID:784,CC0 1.0,MEDLINE cooccurrence,false
UBERON:0000996,DOID:13223,CC0 1.0,MEDLINE cooccurrence,false
UBERON:0000011,DOID:0050741,CC0 1.0,MEDLINE cooccurrence,false
UBERON:0001037,DOID:9296,CC0 1.0,MEDLINE cooccurrence,false
UBERON:0001969,DOID:2355,CC0 1.0,MEDLINE cooccurrence,false
UBERON:0001684,DOID:11476,CC0 1.0,MEDLINE cooccurrence,false
UBERON:0001398,DOID:14221,CC0 1.0,MEDLINE cooccurrence,false
UBERON:0001037,DOID:12849,CC0 1.0,MEDLINE cooccurrence,false
UBERON:0000029,DOID:1612,CC0 1.0,MEDLINE cooccurrence,false
UBERON:0001676,DOID:0060119,CC0 1.0,MEDLINE cooccurrence,false
UBERON:0002205,DOID:7147,CC0 1.0,MEDLINE cooccurrence,false
UBERON:0001008,DOID:10283,CC0 1.0,MEDLINE cooccurrence,false
UBERON:0002110,DOID:8778,CC0 1.0,MEDLINE cooccurrence,false
UBERON:0002097,DOID:13241,CC0 1.0,MEDLINE cooccurrence,false
UBERON:0001494,DOID:9352,CC0 1.0,MEDLINE cooccurrence,false
UBERON:0003129,DOID:11934,CC0 1.0,MEDLINE cooccurrence,false
UBERON:0002228,DOID:184,CC0 1.0,MEDLINE cooccurrence,false
UBERON:0002378,DOID:219,CC0 1.0,MEDLINE cooccurrence,false
UBERON:0002060,DOID:9352,CC0 1.0,MEDLINE cooccurrence,false
UBERON:0000975,DOID:3393,CC0 1.0,MEDLINE cooccurrence,false
UBERON:0001737,DOID:4045,CC0 1.0,MEDLINE cooccurrence,false
UBERON:0000483,DOID:3121,CC0 1.0,MEDLINE cooccurrence,false
UBERON:0000959,DOID:2377,CC0 1.0,MEDLINE cooccurrence,false
UBERON:0001691,DOID:1024,CC0 1.0,MEDLINE cooccurrence,false
UBERON:0002240,DOID:2994,CC0 1.0,MEDLINE cooccurrence,false
UBERON:0000033,DOID:1826,CC0 1.0,MEDLINE cooccurrence,false
UBERON:0002275,DOID:5419,CC0 1.0,MEDLINE cooccurrence,false
UBERON:0001836,DOID:0050741,CC0 1.0,MEDLINE cooccurrence,false
UBERON:0002481,DOID:7147,CC0 1.0,MEDLINE cooccurrence,false
UBERON:0001785,DOID:5408,CC0 1.0,MEDLINE cooccurrence,false
UBERON:0003889,DOID:1115,CC0 1.0,MEDLINE cooccurrence,false
UBERON:0001437,DOID:2355,CC0 1.0,MEDLINE cooccurrence,false
UBERON:0002418,DOID:7148,CC0 1.0,MEDLINE cooccurrence,false
UBERON:0002356,DOID:8577,CC0 1.0,MEDLINE cooccurrence,false
UBERON:0002387,DOID:13378,CC0 1.0,MEDLINE cooccurrence,false
UBERON:0000007,DOID:1459,CC0 1.0,MEDLINE cooccurrence,false
UBERON:0003129,DOID:1826,CC0 1.0,MEDLINE cooccurrence,false
UBERON:0000975,DOID:1324,CC0 1.0,MEDLINE cooccurrence,false
UBERON:0000056,DOID:4362,CC0 1.0,MEDLINE cooccurrence,false
UBERON:0001744,DOID:11949,CC0 1.0,MEDLINE cooccurrence,false
UBERON:0000966,DOID:9352,CC0 1.0,MEDLINE cooccurrence,false
UBERON:0002411,DOID:13223,CC0 1.0,MEDLINE cooccurrence,false
UBERON:0000941,DOID:12361,CC0 1.0,MEDLINE cooccurrence,false
UBERON:0001037,DOID:8893,CC0 1.0,MEDLINE cooccurrence,false
UBERON:0001750,DOID:2994,CC0 1.0,MEDLINE cooccurrence,false
UBERON:0000959,DOID:1192,CC0 1.0,MEDLINE cooccurrence,false
UBERON:0001708,DOID:11934,CC0 1.0,MEDLINE cooccurrence,false
UBERON:0001365,DOID:9074,CC0 1.0,MEDLINE cooccurrence,false
UBERON:0001535,DOID:6364,CC0 1.0,MEDLINE cooccurrence,false
UBERON:0000483,DOID:9206,CC0 1.0,MEDLINE cooccurrence,false
UBERON:0001300,DOID:5875,CC0 1.0,MEDLINE cooccurrence,false
UBERON:0001705,DOID:9074,CC0 1.0,MEDLINE cooccurrence,false
UBERON:0001697,DOID:10871,CC0 1.0,MEDLINE cooccurrence,false
UBERON:0001827,DOID:635,CC0 1.0,MEDLINE cooccurrence,false
UBERON:0002512,DOID:363,CC0 1.0,MEDLINE cooccurrence,false
UBERON:0000992,DOID:1725,CC0 1.0,MEDLINE cooccurrence,false
UBERON:0000473,DOID:0050741,CC0 1.0,MEDLINE cooccurrence,false
UBERON:0001637,DOID:13223,CC0 1.0,MEDLINE cooccurrence,false
UBERON:0000042,DOID:13223,CC0 1.0,MEDLINE cooccurrence,false
UBERON:0001008,DOID:219,CC0 1.0,MEDLINE cooccurrence,false
UBERON:0001638,DOID:13241,CC0 1.0,MEDLINE cooccurrence,false
UBERON:0002113,DOID:10763,CC0 1.0,MEDLINE cooccurrence,false
UBERON:0001724,DOID:2994,CC0 1.0,MEDLINE cooccurrence,false
UBERON:0001815,DOID:5875,CC0 1.0,MEDLINE cooccurrence,false
UBERON:0001905,DOID:5419,CC0 1.0,MEDLINE cooccurrence,false
UBERON:0001775,DOID:9835,CC0 1.0,MEDLINE cooccurrence,false
UBERON:0001981,DOID:1024,CC0 1.0,MEDLINE cooccurrence,false
UBERON:0002204,DOID:9970,CC0 1.0,MEDLINE cooccurrence,false
UBERON:0000974,DOID:5612,CC0 1.0,MEDLINE cooccurrence,false
UBERON:0001135,DOID:219,CC0 1.0,MEDLINE cooccurrence,false
UBERON:0002377,DOID:6364,CC0 1.0,MEDLINE cooccurrence,false
UBERON:0002394,DOID:10021,CC0 1.0,MEDLINE cooccurrence,false
UBERON:0002368,DOID:11612,CC0 1.0,MEDLINE cooccurrence,false
UBERON:0002515,DOID:9296,CC0 1.0,MEDLINE cooccurrence,false
UBERON:0001461,DOID:13189,CC0 1.0,MEDLINE cooccurrence,false
UBERON:0002523,DOID:9074,CC0 1.0,MEDLINE cooccurrence,false
UBERON:0000482,DOID:10608,CC0 1.0,MEDLINE cooccurrence,false
UBERON:0001769,DOID:1909,CC0 1.0,MEDLINE cooccurrence,false
UBERON:0001017,DOID:11949,CC0 1.0,MEDLINE cooccurrence,false
UBERON:0002352,DOID:1790,CC0 1.0,MEDLINE cooccurrence,false
UBERON:0001193,DOID:3571,CC0 1.0,MEDLINE cooccurrence,false
UBERON:0001007,DOID:10021,CC0 1.0,MEDLINE cooccurrence,false
UBERON:0002037,DOID:14330,CC0 1.0,MEDLINE cooccurrence,false
UBERON:0000922,DOID:2998,CC0 1.0,MEDLINE cooccurrence,false
UBERON:0001786,DOID:10871,CC0 1.0,MEDLINE cooccurrence,false
UBERON:0000026,DOID:1115,CC0 1.0,MEDLINE cooccurrence,false
UBERON:0001529,DOID:3393,CC0 1.0,MEDLINE cooccurrence,false
UBERON:0001529,DOID:5559,CC0 1.0,MEDLINE cooccurrence,false
UBERON:0001597,DOID:9296,CC0 1.0,MEDLINE cooccurrence,false
UBERON:0001324,DOID:9352,CC0 1.0,MEDLINE cooccurrence,false
UBERON:0001228,DOID:585,CC0 1.0,MEDLINE cooccurrence,false
UBERON:0002500,DOID:10941,CC0 1.0,MEDLINE cooccurrence,false
UBERON:0001044,DOID:1781,CC0 1.0,MEDLINE cooccurrence,false
UBERON:0001836,DOID:1595,CC0 1.0,MEDLINE cooccurrence,false
UBERON:0001908,DOID:2994,CC0 1.0,MEDLINE cooccurrence,false
UBERON:0000955,DOID:0050741,CC0 1.0,MEDLINE cooccurrence,false
UBERON:0003889,DOID:2998,CC0 1.0,MEDLINE cooccurrence,false
UBERON:0002450,DOID:2394,CC0 1.0,MEDLINE cooccurrence,false
UBERON:0002017,DOID:8577,CC0 1.0,MEDLINE cooccurrence,false
UBERON:0001135,DOID:10534,CC0 1.0,MEDLINE cooccurrence,false
UBERON:0002382,DOID:184,CC0 1.0,MEDLINE cooccurrence,false
UBERON:0002413,DOID:8398,CC0 1.0,MEDLINE cooccurrence,false
UBERON:0001587,DOID:5559,CC0 1.0,MEDLINE cooccurrence,false
UBERON:0001535,DOID:5612,CC0 1.0,MEDLINE cooccurrence,false
UBERON:0002439,DOID:13499,CC0 1.0,MEDLINE cooccurrence,false
UBERON:0001846,DOID:12185,CC0 1.0,MEDLINE cooccurrence,false
UBERON:0000992,DOID:2998,CC0 1.0,MEDLINE cooccurrence,false
UBERON:0000989,DOID:9352,CC0 1.0,MEDLINE cooccurrence,false
UBERON:0002384,DOID:824,CC0 1.0,MEDLINE cooccurrence,false
UBERON:0001723,DOID:8850,CC0 1.0,MEDLINE cooccurrence,false
UBERON:0001231,DOID:263,CC0 1.0,MEDLINE cooccurrence,false
UBERON:0002441,DOID:418,CC0 1.0,MEDLINE cooccurrence,false
UBERON:0001037,DOID:4481,CC0 1.0,MEDLINE cooccurrence,false
UBERON:0002523,DOID:9352,CC0 1.0,MEDLINE cooccurrence,false
UBERON:0002356,DOID:119,CC0 1.0,MEDLINE cooccurrence,false
UBERON:0001494,DOID:784,CC0 1.0,MEDLINE cooccurrence,false
UBERON:0001322,DOID:2377,CC0 1.0,MEDLINE cooccurrence,false
UBERON:0001135,DOID:5041,CC0 1.0,MEDLINE cooccurrence,false
UBERON:0001007,DOID:12849,CC0 1.0,MEDLINE cooccurrence,false
UBERON:0000056,DOID:263,CC0 1.0,MEDLINE cooccurrence,false
UBERON:0001679,DOID:2994,CC0 1.0,MEDLINE cooccurrence,false
UBERON:0001089,DOID:9744,CC0 1.0,MEDLINE cooccurrence,false
UBERON:0006849,DOID:184,CC0 1.0,MEDLINE cooccurrence,false
UBERON:0001827,DOID:9835,CC0 1.0,MEDLINE cooccurrence,false
UBERON:0000948,DOID:12930,CC0 1.0,MEDLINE cooccurrence,false
UBERON:0001744,DOID:13499,CC0 1.0,MEDLINE cooccurrence,false
UBERON:0000988,DOID:12849,CC0 1.0,MEDLINE cooccurrence,false
UBERON:0001744,DOID:4159,CC0 1.0,MEDLINE cooccurrence,false
UBERON:0002102,DOID:332,CC0 1.0,MEDLINE cooccurrence,false
UBERON:0000056,DOID:1993,CC0 1.0,MEDLINE cooccurrence,false
UBERON:0001650,DOID:332,CC0 1.0,MEDLINE cooccurrence,false
UBERON:0001070,DOID:1319,CC0 1.0,MEDLINE cooccurrence,false
UBERON:0002046,DOID:1595,CC0 1.0,MEDLINE cooccurrence,false
UBERON:0000974,DOID:1781,CC0 1.0,MEDLINE cooccurrence,false
UBERON:0002371,DOID:5559,CC0 1.0,MEDLINE cooccurrence,false
UBERON:0001300,DOID:219,CC0 1.0,MEDLINE cooccurrence,false
UBERON:0001986,DOID:8893,CC0 1.0,MEDLINE cooccurrence,false
UBERON:0001796,DOID:11555,CC0 1.0,MEDLINE cooccurrence,false
UBERON:0001456,DOID:12849,CC0 1.0,MEDLINE cooccurrence,false
UBERON:0001734,DOID:9296,CC0 1.0,MEDLINE cooccurrence,false
UBERON:0001647,DOID:1024,CC0 1.0,MEDLINE cooccurrence,false
UBERON:0001723,DOID:332,CC0 1.0,MEDLINE cooccurrence,false
UBERON:0001132,DOID:784,CC0 1.0,MEDLINE cooccurrence,false
UBERON:0000996,DOID:363,CC0 1.0,MEDLINE cooccurrence,false
UBERON:0006849,DOID:5408,CC0 1.0,MEDLINE cooccurrence,false
UBERON:0001780,DOID:1192,CC0 1.0,MEDLINE cooccurrence,false
UBERON:0000011,DOID:2841,CC0 1.0,MEDLINE cooccurrence,false
UBERON:0001702,DOID:2174,CC0 1.0,MEDLINE cooccurrence,false
UBERON:0000010,DOID:14330,CC0 1.0,MEDLINE cooccurrence,false
UBERON:0002369,DOID:9970,CC0 1.0,MEDLINE cooccurrence,false
UBERON:0001135,DOID:13223,CC0 1.0,MEDLINE cooccurrence,false
UBERON:0000483,DOID:10153,CC0 1.0,MEDLINE cooccurrence,false
UBERON:0000992,DOID:1612,CC0 1.0,MEDLINE cooccurrence,false
UBERON:0002113,DOID:12365,CC0 1.0,MEDLINE cooccurrence,false
UBERON:0001398,DOID:11714,CC0 1.0,MEDLINE cooccurrence,false
UBERON:0002398,DOID:9008,CC0 1.0,MEDLINE cooccurrence,false
UBERON:0002413,DOID:332,CC0 1.0,MEDLINE cooccurrence,false
UBERON:0000978,DOID:9352,CC0 1.0,MEDLINE cooccurrence,false
UBERON:0001237,DOID:2994,CC0 1.0,MEDLINE cooccurrence,false
UBERON:0001643,DOID:1319,CC0 1.0,MEDLINE cooccurrence,false
UBERON:0001707,DOID:3565,CC0 1.0,MEDLINE cooccurrence,false
UBERON:0002389,DOID:1909,CC0 1.0,MEDLINE cooccurrence,false
UBERON:0002512,DOID:2394,CC0 1.0,MEDLINE cooccurrence,false
UBERON:0001530,DOID:14004,CC0 1.0,MEDLINE cooccurrence,false
UBERON:0001021,DOID:332,CC0 1.0,MEDLINE cooccurrence,false
UBERON:0002048,DOID:5041,CC0 1.0,MEDLINE cooccurrence,false
UBERON:0001773,DOID:10871,CC0 1.0,MEDLINE cooccurrence,false
UBERON:0000964,DOID:11555,CC0 1.0,MEDLINE cooccurrence,false
UBERON:0001064,DOID:4989,CC0 1.0,MEDLINE cooccurrence,false
UBERON:0001037,DOID:986,CC0 1.0,MEDLINE cooccurrence,false
UBERON:0002362,DOID:1909,CC0 1.0,MEDLINE cooccurrence,false
UBERON:0002405,DOID:14221,CC0 1.0,MEDLINE cooccurrence,false
UBERON:0001089,DOID:3312,CC0 1.0,MEDLINE cooccurrence,false
UBERON:0002707,DOID:1319,CC0 1.0,MEDLINE cooccurrence,false
UBERON:0001516,DOID:3393,CC0 1.0,MEDLINE cooccurrence,false
UBERON:0000989,DOID:1936,CC0 1.0,MEDLINE cooccurrence,false
UBERON:0001111,DOID:1324,CC0 1.0,MEDLINE cooccurrence,false
UBERON:0001456,DOID:6364,CC0 1.0,MEDLINE cooccurrence,false
UBERON:0001886,DOID:1319,CC0 1.0,MEDLINE cooccurrence,false
UBERON:0001406,DOID:3393,CC0 1.0,MEDLINE cooccurrence,false
UBERON:0001840,DOID:11934,CC0 1.0,MEDLINE cooccurrence,false
UBERON:0002398,DOID:8893,CC0 1.0,MEDLINE cooccurrence,false
UBERON:0001437,DOID:9744,CC0 1.0,MEDLINE cooccurrence,false
UBERON:0001470,DOID:7148,CC0 1.0,MEDLINE cooccurrence,false
UBERON:0002390,DOID:3277,CC0 1.0,MEDLINE cooccurrence,false
UBERON:0001398,DOID:10763,CC0 1.0,MEDLINE cooccurrence,false
UBERON:0002046,DOID:12361,CC0 1.0,MEDLINE cooccurrence,false
UBERON:0001070,DOID:2994,CC0 1.0,MEDLINE cooccurrence,false
UBERON:0001702,DOID:12306,CC0 1.0,MEDLINE cooccurrence,false
UBERON:0002275,DOID:8986,CC0 1.0,MEDLINE cooccurrence,false
UBERON:0002060,DOID:1936,CC0 1.0,MEDLINE cooccurrence,false
UBERON:0000997,DOID:13241,CC0 1.0,MEDLINE cooccurrence,false
UBERON:0001685,DOID:184,CC0 1.0,MEDLINE cooccurrence,false
UBERON:0002113,DOID:11819,CC0 1.0,MEDLINE cooccurrence,false
UBERON:0002414,DOID:5612,CC0 1.0,MEDLINE cooccurrence,false
UBERON:0002204,DOID:418,CC0 1.0,MEDLINE cooccurrence,false
UBERON:0000473,DOID:10283,CC0 1.0,MEDLINE cooccurrence,false
UBERON:0002410,DOID:1094,CC0 1.0,MEDLINE cooccurrence,false
UBERON:0001577,DOID:14330,CC0 1.0,MEDLINE cooccurrence,false
UBERON:0000053,DOID:1909,CC0 1.0,MEDLINE cooccurrence,false
UBERON:0001460,DOID:1192,CC0 1.0,MEDLINE cooccurrence,false
UBERON:0001837,DOID:11934,CC0 1.0,MEDLINE cooccurrence,false
UBERON:0002387,DOID:14330,CC0 1.0,MEDLINE cooccurrence,false
UBERON:0001643,DOID:5419,CC0 1.0,MEDLINE cooccurrence,false
UBERON:0001460,DOID:184,CC0 1.0,MEDLINE cooccurrence,false
UBERON:0000970,DOID:1686,CC0 1.0,MEDLINE cooccurrence,false
UBERON:0002407,DOID:5041,CC0 1.0,MEDLINE cooccurrence,false
UBERON:0001986,DOID:9352,CC0 1.0,MEDLINE cooccurrence,false
UBERON:0002450,DOID:4362,CC0 1.0,MEDLINE cooccurrence,false
UBERON:0001771,DOID:8986,CC0 1.0,MEDLINE cooccurrence,false
UBERON:0000029,DOID:10283,CC0 1.0,MEDLINE cooccurrence,false
UBERON:0002017,DOID:1993,CC0 1.0,MEDLINE cooccurrence,false
UBERON:0001515,DOID:7693,CC0 1.0,MEDLINE cooccurrence,false
UBERON:0001064,DOID:1793,CC0 1.0,MEDLINE cooccurrence,false
UBERON:0001647,DOID:1319,CC0 1.0,MEDLINE cooccurrence,false
UBERON:0000474,DOID:1964,CC0 1.0,MEDLINE cooccurrence,false
UBERON:0001796,DOID:1909,CC0 1.0,MEDLINE cooccurrence,false
UBERON:0001175,DOID:14268,CC0 1.0,MEDLINE cooccurrence,false
UBERON:0001677,DOID:10941,CC0 1.0,MEDLINE cooccurrence,false
UBERON:0002384,DOID:8850,CC0 1.0,MEDLINE cooccurrence,false
UBERON:0000211,DOID:10534,CC0 1.0,MEDLINE cooccurrence,false
UBERON:0002418,DOID:184,CC0 1.0,MEDLINE cooccurrence,false
UBERON:0001017,DOID:5419,CC0 1.0,MEDLINE cooccurrence,false
UBERON:0001264,DOID:4989,CC0 1.0,MEDLINE cooccurrence,false
UBERON:0000042,DOID:363,CC0 1.0,MEDLINE cooccurrence,false
UBERON:0000922,DOID:11714,CC0 1.0,MEDLINE cooccurrence,false
UBERON:0001295,DOID:2394,CC0 1.0,MEDLINE cooccurrence,false
UBERON:0001825,DOID:11934,CC0 1.0,MEDLINE cooccurrence,false
UBERON:0006849,DOID:1115,CC0 1.0,MEDLINE cooccurrence,false
UBERON:0001264,DOID:3121,CC0 1.0,MEDLINE cooccurrence,false
UBERON:0002382,DOID:7693,CC0 1.0,MEDLINE cooccurrence,false
UBERON:0002516,DOID:1459,CC0 1.0,MEDLINE cooccurrence,false
UBERON:0002518,DOID:10941,CC0 1.0,MEDLINE cooccurrence,false
UBERON:0002360,DOID:2994,CC0 1.0,MEDLINE cooccurrence,false
UBERON:0002012,DOID:418,CC0 1.0,MEDLINE cooccurrence,false
UBERON:0002037,DOID:3312,CC0 1.0,MEDLINE cooccurrence,false
UBERON:0001007,DOID:2355,CC0 1.0,MEDLINE cooccurrence,false
UBERON:0002148,DOID:594,CC0 1.0,MEDLINE cooccurrence,false
UBERON:0002012,DOID:12930,CC0 1.0,MEDLINE cooccurrence,false
UBERON:0001135,DOID:10763,CC0 1.0,MEDLINE cooccurrence,false
UBERON:0001702,DOID:635,CC0 1.0,MEDLINE cooccurrence,false
UBERON:0001981,DOID:1909,CC0 1.0,MEDLINE cooccurrence,false
UBERON:0001597,DOID:0060119,CC0 1.0,MEDLINE cooccurrence,false
UBERON:0001821,DOID:8850,CC0 1.0,MEDLINE cooccurrence,false
UBERON:0001017,DOID:13241,CC0 1.0,MEDLINE cooccurrence,false
UBERON:0001744,DOID:1725,CC0 1.0,MEDLINE cooccurrence,false
UBERON:0002398,DOID:1192,CC0 1.0,MEDLINE cooccurrence,false
UBERON:0001986,DOID:1686,CC0 1.0,MEDLINE cooccurrence,false
UBERON:0000966,DOID:3070,CC0 1.0,MEDLINE cooccurrence,false
UBERON:0001089,DOID:8893,CC0 1.0,MEDLINE cooccurrence,false
UBERON:0002361,DOID:6364,CC0 1.0,MEDLINE cooccurrence,false
UBERON:0001636,DOID:6364,CC0 1.0,MEDLINE cooccurrence,false
UBERON:0002067,DOID:1909,CC0 1.0,MEDLINE cooccurrence,false
UBERON:0001352,DOID:0060119,CC0 1.0,MEDLINE cooccurrence,false
UBERON:0000211,DOID:1725,CC0 1.0,MEDLINE cooccurrence,false
UBERON:0002515,DOID:184,CC0 1.0,MEDLINE cooccurrence,false
UBERON:0001887,DOID:14330,CC0 1.0,MEDLINE cooccurrence,false
UBERON:0001021,DOID:4159,CC0 1.0,MEDLINE cooccurrence,false
UBERON:0001985,DOID:10871,CC0 1.0,MEDLINE cooccurrence,false
UBERON:0002037,DOID:1595,CC0 1.0,MEDLINE cooccurrence,false
UBERON:0001140,DOID:3953,CC0 1.0,MEDLINE cooccurrence,false
UBERON:0001398,DOID:3393,CC0 1.0,MEDLINE cooccurrence,false
UBERON:0000026,DOID:5875,CC0 1.0,MEDLINE cooccurrence,false
UBERON:0002365,DOID:9206,CC0 1.0,MEDLINE cooccurrence,false
UBERON:0001598,DOID:4045,CC0 1.0,MEDLINE cooccurrence,false
UBERON:0001465,DOID:7147,CC0 1.0,MEDLINE cooccurrence,false
UBERON:0000955,DOID:0050425,CC0 1.0,MEDLINE cooccurrence,false
UBERON:0001697,DOID:184,CC0 1.0,MEDLINE cooccurrence,false
UBERON:0001484,DOID:9008,CC0 1.0,MEDLINE cooccurrence,false
UBERON:0000974,DOID:1909,CC0 1.0,MEDLINE cooccurrence,false
UBERON:0001535,DOID:3565,CC0 1.0,MEDLINE cooccurrence,false
UBERON:0002129,DOID:1826,CC0 1.0,MEDLINE cooccurrence,false
UBERON:0001785,DOID:5612,CC0 1.0,MEDLINE cooccurrence,false
UBERON:0002405,DOID:12365,CC0 1.0,MEDLINE cooccurrence,false
UBERON:0002282,DOID:12185,CC0 1.0,MEDLINE cooccurrence,false
UBERON:0003129,DOID:1192,CC0 1.0,MEDLINE cooccurrence,false
UBERON:0001225,DOID:2986,CC0 1.0,MEDLINE cooccurrence,false
UBERON:0000978,DOID:7693,CC0 1.0,MEDLINE cooccurrence,false
UBERON:0001322,DOID:1024,CC0 1.0,MEDLINE cooccurrence,false
UBERON:0001567,DOID:1115,CC0 1.0,MEDLINE cooccurrence,false
UBERON:0000483,DOID:1993,CC0 1.0,MEDLINE cooccurrence,false
UBERON:0001105,DOID:184,CC0 1.0,MEDLINE cooccurrence,false
UBERON:0001896,DOID:2994,CC0 1.0,MEDLINE cooccurrence,false
UBERON:0001132,DOID:11934,CC0 1.0,MEDLINE cooccurrence,false
UBERON:0002067,DOID:4159,CC0 1.0,MEDLINE cooccurrence,false
UBERON:0001776,DOID:1686,CC0 1.0,MEDLINE cooccurrence,false
UBERON:0002016,DOID:5559,CC0 1.0,MEDLINE cooccurrence,false
UBERON:0000483,DOID:0060119,CC0 1.0,MEDLINE cooccurrence,false
UBERON:0001884,DOID:1324,CC0 1.0,MEDLINE cooccurrence,false
UBERON:0001744,DOID:1115,CC0 1.0,MEDLINE cooccurrence,false
UBERON:0003685,DOID:9296,CC0 1.0,MEDLINE cooccurrence,false
UBERON:0002378,DOID:5875,CC0 1.0,MEDLINE cooccurrence,false
UBERON:0000974,DOID:824,CC0 1.0,MEDLINE cooccurrence,false
UBERON:0002226,DOID:12185,CC0 1.0,MEDLINE cooccurrence,false
UBERON:0001135,DOID:2841,CC0 1.0,MEDLINE cooccurrence,false
UBERON:0002129,DOID:12849,CC0 1.0,MEDLINE cooccurrence,false
UBERON:0002397,DOID:11934,CC0 1.0,MEDLINE cooccurrence,false
UBERON:0001225,DOID:10976,CC0 1.0,MEDLINE cooccurrence,false
UBERON:0002385,DOID:9744,CC0 1.0,MEDLINE cooccurrence,false
UBERON:0001887,DOID:1595,CC0 1.0,MEDLINE cooccurrence,false
UBERON:0002012,DOID:13241,CC0 1.0,MEDLINE cooccurrence,false
UBERON:0003126,DOID:1324,CC0 1.0,MEDLINE cooccurrence,false
UBERON:0001827,DOID:12361,CC0 1.0,MEDLINE cooccurrence,false
UBERON:0001460,DOID:4045,CC0 1.0,MEDLINE cooccurrence,false
UBERON:0000033,DOID:11714,CC0 1.0,MEDLINE cooccurrence,false
UBERON:0002030,DOID:1612,CC0 1.0,MEDLINE cooccurrence,false
UBERON:0001463,DOID:7148,CC0 1.0,MEDLINE cooccurrence,false
UBERON:0000974,DOID:11934,CC0 1.0,MEDLINE cooccurrence,false
UBERON:0001988,DOID:219,CC0 1.0,MEDLINE cooccurrence,false
UBERON:0001577,DOID:11934,CC0 1.0,MEDLINE cooccurrence,false
UBERON:0002523,DOID:3393,CC0 1.0,MEDLINE cooccurrence,false
UBERON:0001404,DOID:1936,CC0 1.0,MEDLINE cooccurrence,false
UBERON:0000483,DOID:5041,CC0 1.0,MEDLINE cooccurrence,false
UBERON:0001231,DOID:1312,CC0 1.0,MEDLINE cooccurrence,false
UBERON:0004535,DOID:10763,CC0 1.0,MEDLINE cooccurrence,false
UBERON:0001000,DOID:10763,CC0 1.0,MEDLINE cooccurrence,false
UBERON:0002466,DOID:1793,CC0 1.0,MEDLINE cooccurrence,false
UBERON:0000026,DOID:4045,CC0 1.0,MEDLINE cooccurrence,false
UBERON:0002466,DOID:10608,CC0 1.0,MEDLINE cooccurrence,false
UBERON:0001825,DOID:1909,CC0 1.0,MEDLINE cooccurrence,false
UBERON:0002707,DOID:8986,CC0 1.0,MEDLINE cooccurrence,false
UBERON:0000922,DOID:2394,CC0 1.0,MEDLINE cooccurrence,false
UBERON:0001691,DOID:4159,CC0 1.0,MEDLINE cooccurrence,false
UBERON:0002497,DOID:8398,CC0 1.0,MEDLINE cooccurrence,false
UBERON:0001710,DOID:11476,CC0 1.0,MEDLINE cooccurrence,false
UBERON:0000026,DOID:2994,CC0 1.0,MEDLINE cooccurrence,false
UBERON:0002500,DOID:1319,CC0 1.0,MEDLINE cooccurrence,false
UBERON:0001831,DOID:0060119,CC0 1.0,MEDLINE cooccurrence,false
UBERON:0002481,DOID:7148,CC0 1.0,MEDLINE cooccurrence,false
UBERON:0002012,DOID:3277,CC0 1.0,MEDLINE cooccurrence,false
UBERON:0002298,DOID:13241,CC0 1.0,MEDLINE cooccurrence,false
UBERON:0001886,DOID:5612,CC0 1.0,MEDLINE cooccurrence,false
UBERON:0001464,DOID:5408,CC0 1.0,MEDLINE cooccurrence,false
UBERON:0001744,DOID:9744,CC0 1.0,MEDLINE cooccurrence,false
UBERON:0001986,DOID:219,CC0 1.0,MEDLINE cooccurrence,false
UBERON:0001638,DOID:1319,CC0 1.0,MEDLINE cooccurrence,false
UBERON:0002298,DOID:1192,CC0 1.0,MEDLINE cooccurrence,false
UBERON:0001017,DOID:1319,CC0 1.0,MEDLINE cooccurrence,false
UBERON:0001673,DOID:9352,CC0 1.0,MEDLINE cooccurrence,false
UBERON:0002097,DOID:9074,CC0 1.0,MEDLINE cooccurrence,false
UBERON:0003889,DOID:363,CC0 1.0,MEDLINE cooccurrence,false
UBERON:0002081,DOID:175,CC0 1.0,MEDLINE cooccurrence,false
UBERON:0001300,DOID:4045,CC0 1.0,MEDLINE cooccurrence,false
UBERON:0002418,DOID:9296,CC0 1.0,MEDLINE cooccurrence,false
UBERON:0002707,DOID:2377,CC0 1.0,MEDLINE cooccurrence,false
UBERON:0001986,DOID:1319,CC0 1.0,MEDLINE cooccurrence,false
UBERON:0002363,DOID:11949,CC0 1.0,MEDLINE cooccurrence,false
UBERON:0001516,DOID:14004,CC0 1.0,MEDLINE cooccurrence,false
UBERON:0002385,DOID:11054,CC0 1.0,MEDLINE cooccurrence,false
UBERON:0001676,DOID:5408,CC0 1.0,MEDLINE cooccurrence,false
UBERON:0001914,DOID:2043,CC0 1.0,MEDLINE cooccurrence,false
UBERON:0000483,DOID:10534,CC0 1.0,MEDLINE cooccurrence,false
UBERON:0002606,DOID:5612,CC0 1.0,MEDLINE cooccurrence,false
UBERON:0002347,DOID:11476,CC0 1.0,MEDLINE cooccurrence,false
UBERON:0002097,DOID:1115,CC0 1.0,MEDLINE cooccurrence,false
UBERON:0002500,DOID:1115,CC0 1.0,MEDLINE cooccurrence,false
UBERON:0002017,DOID:8778,CC0 1.0,MEDLINE cooccurrence,false
UBERON:0001567,DOID:4045,CC0 1.0,MEDLINE cooccurrence,false
UBERON:0002294,DOID:8577,CC0 1.0,MEDLINE cooccurrence,false
UBERON:0000473,DOID:1790,CC0 1.0,MEDLINE cooccurrence,false
UBERON:0001777,DOID:9835,CC0 1.0,MEDLINE cooccurrence,false
UBERON:0001818,DOID:9296,CC0 1.0,MEDLINE cooccurrence,false
UBERON:0000011,DOID:4481,CC0 1.0,MEDLINE cooccurrence,false
UBERON:0000057,DOID:1245,CC0 1.0,MEDLINE cooccurrence,false
UBERON:0001456,DOID:184,CC0 1.0,MEDLINE cooccurrence,false
UBERON:0003216,DOID:184,CC0 1.0,MEDLINE cooccurrence,false
UBERON:0002012,DOID:175,CC0 1.0,MEDLINE cooccurrence,false
UBERON:0002046,DOID:11934,CC0 1.0,MEDLINE cooccurrence,false
UBERON:0000996,DOID:11714,CC0 1.0,MEDLINE cooccurrence,false
UBERON:0002398,DOID:1909,CC0 1.0,MEDLINE cooccurrence,false
UBERON:0002418,DOID:1115,CC0 1.0,MEDLINE cooccurrence,false
UBERON:0000991,DOID:1459,CC0 1.0,MEDLINE cooccurrence,false
UBERON:0001988,DOID:2043,CC0 1.0,MEDLINE cooccurrence,false
UBERON:0002371,DOID:184,CC0 1.0,MEDLINE cooccurrence,false
UBERON:0001627,DOID:6364,CC0 1.0,MEDLINE cooccurrence,false
UBERON:0001691,DOID:8850,CC0 1.0,MEDLINE cooccurrence,false
UBERON:0001650,DOID:184,CC0 1.0,MEDLINE cooccurrence,false
UBERON:0001008,DOID:363,CC0 1.0,MEDLINE cooccurrence,false
UBERON:0002368,DOID:10534,CC0 1.0,MEDLINE cooccurrence,false
UBERON:0000178,DOID:4989,CC0 1.0,MEDLINE cooccurrence,false
UBERON:0000970,DOID:12361,CC0 1.0,MEDLINE cooccurrence,false
UBERON:0001148,DOID:9744,CC0 1.0,MEDLINE cooccurrence,false
UBERON:0001968,DOID:4362,CC0 1.0,MEDLINE cooccurrence,false
UBERON:0002347,DOID:14004,CC0 1.0,MEDLINE cooccurrence,false
UBERON:0001777,DOID:11555,CC0 1.0,MEDLINE cooccurrence,false
UBERON:0001103,DOID:5559,CC0 1.0,MEDLINE cooccurrence,false
UBERON:0002110,DOID:3121,CC0 1.0,MEDLINE cooccurrence,false
UBERON:0001891,DOID:0050742,CC0 1.0,MEDLINE cooccurrence,false
UBERON:0002386,DOID:10763,CC0 1.0,MEDLINE cooccurrence,false
UBERON:0001467,DOID:1909,CC0 1.0,MEDLINE cooccurrence,false
UBERON:0001833,DOID:8850,CC0 1.0,MEDLINE cooccurrence,false
UBERON:0002137,DOID:14004,CC0 1.0,MEDLINE cooccurrence,false
UBERON:0000165,DOID:11934,CC0 1.0,MEDLINE cooccurrence,false
UBERON:0001891,DOID:8986,CC0 1.0,MEDLINE cooccurrence,false
UBERON:0001008,DOID:263,CC0 1.0,MEDLINE cooccurrence,false
UBERON:0001685,DOID:1781,CC0 1.0,MEDLINE cooccurrence,false
UBERON:0001490,DOID:184,CC0 1.0,MEDLINE cooccurrence,false
UBERON:0001844,DOID:5408,CC0 1.0,MEDLINE cooccurrence,false
UBERON:0001820,DOID:1612,CC0 1.0,MEDLINE cooccurrence,false
UBERON:0001535,DOID:2994,CC0 1.0,MEDLINE cooccurrence,false
UBERON:0002410,DOID:1993,CC0 1.0,MEDLINE cooccurrence,false
UBERON:0001285,DOID:10763,CC0 1.0,MEDLINE cooccurrence,false
UBERON:0002067,DOID:8893,CC0 1.0,MEDLINE cooccurrence,false
UBERON:0002378,DOID:4045,CC0 1.0,MEDLINE cooccurrence,false
UBERON:0000029,DOID:1781,CC0 1.0,MEDLINE cooccurrence,false
UBERON:0001037,DOID:4159,CC0 1.0,MEDLINE cooccurrence,false
UBERON:0001533,DOID:14004,CC0 1.0,MEDLINE cooccurrence,false
UBERON:0002030,DOID:13223,CC0 1.0,MEDLINE cooccurrence,false
UBERON:0001884,DOID:1192,CC0 1.0,MEDLINE cooccurrence,false
UBERON:0001021,DOID:6364,CC0 1.0,MEDLINE cooccurrence,false
UBERON:0002384,DOID:10608,CC0 1.0,MEDLINE cooccurrence,false
UBERON:0001711,DOID:12306,CC0 1.0,MEDLINE cooccurrence,false
UBERON:0002450,DOID:10763,CC0 1.0,MEDLINE cooccurrence,false
UBERON:0000966,DOID:1686,CC0 1.0,MEDLINE cooccurrence,false
UBERON:0002018,DOID:8893,CC0 1.0,MEDLINE cooccurrence,false
UBERON:0001394,DOID:13378,CC0 1.0,MEDLINE cooccurrence,false
UBERON:0000010,DOID:332,CC0 1.0,MEDLINE cooccurrence,false
UBERON:0000482,DOID:8850,CC0 1.0,MEDLINE cooccurrence,false
UBERON:0001072,DOID:5875,CC0 1.0,MEDLINE cooccurrence,false
UBERON:0006849,DOID:4159,CC0 1.0,MEDLINE cooccurrence,false
UBERON:0002103,DOID:184,CC0 1.0,MEDLINE cooccurrence,false
UBERON:0001636,DOID:10941,CC0 1.0,MEDLINE cooccurrence,false
UBERON:0001072,DOID:3953,CC0 1.0,MEDLINE cooccurrence,false
UBERON:0001648,DOID:11934,CC0 1.0,MEDLINE cooccurrence,false
UBERON:0000955,DOID:14330,CC0 1.0,MEDLINE cooccurrence,false
UBERON:0003126,DOID:0060119,CC0 1.0,MEDLINE cooccurrence,false
UBERON:0001323,DOID:2377,CC0 1.0,MEDLINE cooccurrence,false
UBERON:0002517,DOID:1192,CC0 1.0,MEDLINE cooccurrence,false
UBERON:0000007,DOID:3277,CC0 1.0,MEDLINE cooccurrence,false
UBERON:0000483,DOID:1725,CC0 1.0,MEDLINE cooccurrence,false
UBERON:0002037,DOID:332,CC0 1.0,MEDLINE cooccurrence,false
UBERON:0001324,DOID:1192,CC0 1.0,MEDLINE cooccurrence,false
UBERON:0002369,DOID:5875,CC0 1.0,MEDLINE cooccurrence,false
UBERON:0002385,DOID:1115,CC0 1.0,MEDLINE cooccurrence,false
UBERON:0000996,DOID:635,CC0 1.0,MEDLINE cooccurrence,false
UBERON:0001004,DOID:0050156,CC0 1.0,MEDLINE cooccurrence,false
UBERON:0001194,DOID:10534,CC0 1.0,MEDLINE cooccurrence,false
UBERON:0001896,DOID:14330,CC0 1.0,MEDLINE cooccurrence,false
UBERON:0001836,DOID:9744,CC0 1.0,MEDLINE cooccurrence,false
UBERON:0001285,DOID:2986,CC0 1.0,MEDLINE cooccurrence,false
UBERON:0002361,DOID:5612,CC0 1.0,MEDLINE cooccurrence,false
UBERON:0002450,DOID:1790,CC0 1.0,MEDLINE cooccurrence,false
UBERON:0001744,DOID:8778,CC0 1.0,MEDLINE cooccurrence,false
UBERON:0001103,DOID:5875,CC0 1.0,MEDLINE cooccurrence,false
UBERON:0001756,DOID:3565,CC0 1.0,MEDLINE cooccurrence,false
UBERON:0000922,DOID:3571,CC0 1.0,MEDLINE cooccurrence,false
UBERON:0002107,DOID:1936,CC0 1.0,MEDLINE cooccurrence,false
UBERON:0002367,DOID:10283,CC0 1.0,MEDLINE cooccurrence,false
UBERON:0001620,DOID:2174,CC0 1.0,MEDLINE cooccurrence,false
UBERON:0001821,DOID:11934,CC0 1.0,MEDLINE cooccurrence,false
UBERON:0002107,DOID:3121,CC0 1.0,MEDLINE cooccurrence,false
UBERON:0001406,DOID:1936,CC0 1.0,MEDLINE cooccurrence,false
UBERON:0000004,DOID:184,CC0 1.0,MEDLINE cooccurrence,false
UBERON:0001638,DOID:10763,CC0 1.0,MEDLINE cooccurrence,false
UBERON:0002137,DOID:7147,CC0 1.0,MEDLINE cooccurrence,false
UBERON:0001182,DOID:219,CC0 1.0,MEDLINE cooccurrence,false
UBERON:0001643,DOID:2994,CC0 1.0,MEDLINE cooccurrence,false
UBERON:0001775,DOID:1909,CC0 1.0,MEDLINE cooccurrence,false
UBERON:0001090,DOID:7148,CC0 1.0,MEDLINE cooccurrence,false
UBERON:0001744,DOID:7148,CC0 1.0,MEDLINE cooccurrence,false
UBERON:0002606,DOID:3070,CC0 1.0,MEDLINE cooccurrence,false
UBERON:0002356,DOID:1993,CC0 1.0,MEDLINE cooccurrence,false
UBERON:0001004,DOID:4481,CC0 1.0,MEDLINE cooccurrence,false
UBERON:0002347,DOID:2994,CC0 1.0,MEDLINE cooccurrence,false
UBERON:0002378,DOID:10153,CC0 1.0,MEDLINE cooccurrence,false
UBERON:0001694,DOID:10941,CC0 1.0,MEDLINE cooccurrence,false
UBERON:0001463,DOID:1192,CC0 1.0,MEDLINE cooccurrence,false
UBERON:0001737,DOID:2596,CC0 1.0,MEDLINE cooccurrence,false
UBERON:0000043,DOID:12185,CC0 1.0,MEDLINE cooccurrence,false
UBERON:0002418,DOID:2596,CC0 1.0,MEDLINE cooccurrence,false
UBERON:0001470,DOID:1612,CC0 1.0,MEDLINE cooccurrence,false
UBERON:0001352,DOID:12185,CC0 1.0,MEDLINE cooccurrence,false
UBERON:0002363,DOID:1115,CC0 1.0,MEDLINE cooccurrence,false
UBERON:0001647,DOID:11934,CC0 1.0,MEDLINE cooccurrence,false
UBERON:0002097,DOID:13378,CC0 1.0,MEDLINE cooccurrence,false
UBERON:0001587,DOID:2531,CC0 1.0,MEDLINE cooccurrence,false
UBERON:0000941,DOID:10941,CC0 1.0,MEDLINE cooccurrence,false
UBERON:0001981,DOID:10763,CC0 1.0,MEDLINE cooccurrence,false
UBERON:0002107,DOID:10534,CC0 1.0,MEDLINE cooccurrence,false
UBERON:0001970,DOID:9206,CC0 1.0,MEDLINE cooccurrence,false
UBERON:0002365,DOID:4989,CC0 1.0,MEDLINE cooccurrence,false
UBERON:0001089,DOID:2841,CC0 1.0,MEDLINE cooccurrence,false
UBERON:0002360,DOID:3070,CC0 1.0,MEDLINE cooccurrence,false
UBERON:0001070,DOID:3565,CC0 1.0,MEDLINE cooccurrence,false
UBERON:0001711,DOID:184,CC0 1.0,MEDLINE cooccurrence,false
UBERON:0000946,DOID:784,CC0 1.0,MEDLINE cooccurrence,false
UBERON:0002378,DOID:0050425,CC0 1.0,MEDLINE cooccurrence,false
UBERON:0001970,DOID:219,CC0 1.0,MEDLINE cooccurrence,false
UBERON:0001567,DOID:8850,CC0 1.0,MEDLINE cooccurrence,false
UBERON:0001148,DOID:0050741,CC0 1.0,MEDLINE cooccurrence,false
UBERON:0001711,DOID:1686,CC0 1.0,MEDLINE cooccurrence,false
UBERON:0001643,DOID:1192,CC0 1.0,MEDLINE cooccurrence,false
UBERON:0002385,DOID:12361,CC0 1.0,MEDLINE cooccurrence,false
UBERON:0000948,DOID:3393,CC0 1.0,MEDLINE cooccurrence,false
UBERON:0001908,DOID:6364,CC0 1.0,MEDLINE cooccurrence,false
UBERON:0002130,DOID:1826,CC0 1.0,MEDLINE cooccurrence,false
UBERON:0002099,DOID:3393,CC0 1.0,MEDLINE cooccurrence,false
UBERON:0000999,DOID:14227,CC0 1.0,MEDLINE cooccurrence,false
UBERON:0000970,DOID:2174,CC0 1.0,MEDLINE cooccurrence,false
UBERON:0000033,DOID:3310,CC0 1.0,MEDLINE cooccurrence,false
UBERON:0001305,DOID:2531,CC0 1.0,MEDLINE cooccurrence,false
UBERON:0000057,DOID:1993,CC0 1.0,MEDLINE cooccurrence,false
UBERON:0002110,DOID:1793,CC0 1.0,MEDLINE cooccurrence,false
UBERON:0001896,DOID:5612,CC0 1.0,MEDLINE cooccurrence,false
UBERON:0001111,DOID:7693,CC0 1.0,MEDLINE cooccurrence,false
UBERON:0002516,DOID:2355,CC0 1.0,MEDLINE cooccurrence,false
UBERON:0002048,DOID:1790,CC0 1.0,MEDLINE cooccurrence,false
UBERON:0000989,DOID:14221,CC0 1.0,MEDLINE cooccurrence,false
UBERON:0002299,DOID:3083,CC0 1.0,MEDLINE cooccurrence,false
UBERON:0001264,DOID:9744,CC0 1.0,MEDLINE cooccurrence,false
UBERON:0000995,DOID:2394,CC0 1.0,MEDLINE cooccurrence,false
UBERON:0001365,DOID:13189,CC0 1.0,MEDLINE cooccurrence,false
UBERON:0004535,DOID:1459,CC0 1.0,MEDLINE cooccurrence,false
UBERON:0001821,DOID:11615,CC0 1.0,MEDLINE cooccurrence,false
UBERON:0000946,DOID:2355,CC0 1.0,MEDLINE cooccurrence,false
UBERON:0002521,DOID:14004,CC0 1.0,MEDLINE cooccurrence,false
UBERON:0000011,DOID:10763,CC0 1.0,MEDLINE cooccurrence,false
UBERON:0002365,DOID:11934,CC0 1.0,MEDLINE cooccurrence,false
UBERON:0001825,DOID:2174,CC0 1.0,MEDLINE cooccurrence,false
UBERON:0001650,DOID:0060119,CC0 1.0,MEDLINE cooccurrence,false
UBERON:0001620,DOID:1686,CC0 1.0,MEDLINE cooccurrence,false
UBERON:0000056,DOID:784,CC0 1.0,MEDLINE cooccurrence,false
UBERON:0001678,DOID:1115,CC0 1.0,MEDLINE cooccurrence,false
UBERON:0001323,DOID:1024,CC0 1.0,MEDLINE cooccurrence,false
UBERON:0000995,DOID:11612,CC0 1.0,MEDLINE cooccurrence,false
UBERON:0000483,DOID:119,CC0 1.0,MEDLINE cooccurrence,false
UBERON:0002351,DOID:10763,CC0 1.0,MEDLINE cooccurrence,false
UBERON:0000978,DOID:14004,CC0 1.0,MEDLINE cooccurrence,false
UBERON:0002028,DOID:1319,CC0 1.0,MEDLINE cooccurrence,false
UBERON:0001884,DOID:332,CC0 1.0,MEDLINE cooccurrence,false
UBERON:0001986,DOID:1909,CC0 1.0,MEDLINE cooccurrence,false
UBERON:0000029,DOID:11934,CC0 1.0,MEDLINE cooccurrence,false
UBERON:0002398,DOID:7148,CC0 1.0,MEDLINE cooccurrence,false
UBERON:0006849,DOID:4045,CC0 1.0,MEDLINE cooccurrence,false
UBERON:0000482,DOID:2986,CC0 1.0,MEDLINE cooccurrence,false
UBERON:0001490,DOID:9008,CC0 1.0,MEDLINE cooccurrence,false
UBERON:0002205,DOID:7148,CC0 1.0,MEDLINE cooccurrence,false
UBERON:0002414,DOID:7693,CC0 1.0,MEDLINE cooccurrence,false
UBERON:0001470,DOID:184,CC0 1.0,MEDLINE cooccurrence,false
UBERON:0001786,DOID:9835,CC0 1.0,MEDLINE cooccurrence,false
UBERON:0002146,DOID:3393,CC0 1.0,MEDLINE cooccurrence,false
UBERON:0002081,DOID:5559,CC0 1.0,MEDLINE cooccurrence,false
UBERON:0002368,DOID:1595,CC0 1.0,MEDLINE cooccurrence,false
UBERON:0001700,DOID:2994,CC0 1.0,MEDLINE cooccurrence,false
UBERON:0000941,DOID:2174,CC0 1.0,MEDLINE cooccurrence,false
UBERON:0001759,DOID:5559,CC0 1.0,MEDLINE cooccurrence,false
UBERON:0000993,DOID:13223,CC0 1.0,MEDLINE cooccurrence,false
UBERON:0000955,DOID:1595,CC0 1.0,MEDLINE cooccurrence,false
UBERON:0000946,DOID:9074,CC0 1.0,MEDLINE cooccurrence,false
UBERON:0000955,DOID:11949,CC0 1.0,MEDLINE cooccurrence,false
UBERON:0002410,DOID:10763,CC0 1.0,MEDLINE cooccurrence,false
UBERON:0003129,DOID:2174,CC0 1.0,MEDLINE cooccurrence,false
UBERON:0001070,DOID:175,CC0 1.0,MEDLINE cooccurrence,false
UBERON:0000178,DOID:0050741,CC0 1.0,MEDLINE cooccurrence,false
UBERON:0001646,DOID:1192,CC0 1.0,MEDLINE cooccurrence,false
UBERON:0001296,DOID:363,CC0 1.0,MEDLINE cooccurrence,false
UBERON:0000482,DOID:2841,CC0 1.0,MEDLINE cooccurrence,false
UBERON:0002453,DOID:4045,CC0 1.0,MEDLINE cooccurrence,false
UBERON:0004452,DOID:9074,CC0 1.0,MEDLINE cooccurrence,false
UBERON:0001986,DOID:635,CC0 1.0,MEDLINE cooccurrence,false
UBERON:0001017,DOID:10763,CC0 1.0,MEDLINE cooccurrence,false
UBERON:0001676,DOID:7147,CC0 1.0,MEDLINE cooccurrence,false
UBERON:0002240,DOID:11949,CC0 1.0,MEDLINE cooccurrence,false
UBERON:0001844,DOID:3565,CC0 1.0,MEDLINE cooccurrence,false
UBERON:0001143,DOID:4606,CC0 1.0,MEDLINE cooccurrence,false
UBERON:0001846,DOID:11934,CC0 1.0,MEDLINE cooccurrence,false
UBERON:0002397,DOID:184,CC0 1.0,MEDLINE cooccurrence,false
UBERON:0000483,DOID:4362,CC0 1.0,MEDLINE cooccurrence,false
UBERON:0002422,DOID:2994,CC0 1.0,MEDLINE cooccurrence,false
UBERON:0000056,DOID:585,CC0 1.0,MEDLINE cooccurrence,false
UBERON:0001896,DOID:2377,CC0 1.0,MEDLINE cooccurrence,false
UBERON:0001760,DOID:2174,CC0 1.0,MEDLINE cooccurrence,false
UBERON:0001577,DOID:2377,CC0 1.0,MEDLINE cooccurrence,false
UBERON:0002500,DOID:11934,CC0 1.0,MEDLINE cooccurrence,false
UBERON:0002356,DOID:4045,CC0 1.0,MEDLINE cooccurrence,false
UBERON:0002707,DOID:14330,CC0 1.0,MEDLINE cooccurrence,false
UBERON:0002523,DOID:13378,CC0 1.0,MEDLINE cooccurrence,false
UBERON:0002410,DOID:2841,CC0 1.0,MEDLINE cooccurrence,false
UBERON:0000482,DOID:4362,CC0 1.0,MEDLINE cooccurrence,false
UBERON:0001645,DOID:3565,CC0 1.0,MEDLINE cooccurrence,false
UBERON:0000922,DOID:4045,CC0 1.0,MEDLINE cooccurrence,false
UBERON:0001007,DOID:10608,CC0 1.0,MEDLINE cooccurrence,false
UBERON:0000941,DOID:1319,CC0 1.0,MEDLINE cooccurrence,false
UBERON:0001646,DOID:10941,CC0 1.0,MEDLINE cooccurrence,false
UBERON:0001744,DOID:0060119,CC0 1.0,MEDLINE cooccurrence,false
UBERON:0001479,DOID:8398,CC0 1.0,MEDLINE cooccurrence,false
UBERON:0001237,DOID:3953,CC0 1.0,MEDLINE cooccurrence,false
UBERON:0001759,DOID:1595,CC0 1.0,MEDLINE cooccurrence,false
UBERON:0002223,DOID:11934,CC0 1.0,MEDLINE cooccurrence,false
UBERON:0002240,DOID:332,CC0 1.0,MEDLINE cooccurrence,false
UBERON:0003126,DOID:11934,CC0 1.0,MEDLINE cooccurrence,false
UBERON:0001679,DOID:12361,CC0 1.0,MEDLINE cooccurrence,false
UBERON:0002387,DOID:7148,CC0 1.0,MEDLINE cooccurrence,false
UBERON:0002081,DOID:12930,CC0 1.0,MEDLINE cooccurrence,false
UBERON:0002673,DOID:5419,CC0 1.0,MEDLINE cooccurrence,false
UBERON:0001135,DOID:10608,CC0 1.0,MEDLINE cooccurrence,false
UBERON:0000056,DOID:10153,CC0 1.0,MEDLINE cooccurrence,false
UBERON:0002521,DOID:1612,CC0 1.0,MEDLINE cooccurrence,false
UBERON:0001678,DOID:0060119,CC0 1.0,MEDLINE cooccurrence,false
UBERON:0001744,DOID:10534,CC0 1.0,MEDLINE cooccurrence,false
UBERON:0002228,DOID:11476,CC0 1.0,MEDLINE cooccurrence,false
UBERON:0002516,DOID:9744,CC0 1.0,MEDLINE cooccurrence,false
UBERON:0000922,DOID:3070,CC0 1.0,MEDLINE cooccurrence,false
UBERON:0001707,DOID:1909,CC0 1.0,MEDLINE cooccurrence,false
UBERON:0002466,DOID:219,CC0 1.0,MEDLINE cooccurrence,false
UBERON:0000970,DOID:9835,CC0 1.0,MEDLINE cooccurrence,false
UBERON:0001616,DOID:11934,CC0 1.0,MEDLINE cooccurrence,false
UBERON:0002107,DOID:2355,CC0 1.0,MEDLINE cooccurrence,false
UBERON:0002384,DOID:4159,CC0 1.0,MEDLINE cooccurrence,false
UBERON:0001470,DOID:8398,CC0 1.0,MEDLINE cooccurrence,false
UBERON:0001690,DOID:9296,CC0 1.0,MEDLINE cooccurrence,false
UBERON:0002362,DOID:2994,CC0 1.0,MEDLINE cooccurrence,false
UBERON:0001981,DOID:10652,CC0 1.0,MEDLINE cooccurrence,false
UBERON:0000988,DOID:5612,CC0 1.0,MEDLINE cooccurrence,false
UBERON:0001193,DOID:1993,CC0 1.0,MEDLINE cooccurrence,false
UBERON:0000989,DOID:10283,CC0 1.0,MEDLINE cooccurrence,false
UBERON:0000955,DOID:0050742,CC0 1.0,MEDLINE cooccurrence,false
UBERON:0002410,DOID:9744,CC0 1.0,MEDLINE cooccurrence,false
UBERON:0002500,DOID:4045,CC0 1.0,MEDLINE cooccurrence,false
UBERON:0000959,DOID:3565,CC0 1.0,MEDLINE cooccurrence,false
UBERON:0002097,DOID:4481,CC0 1.0,MEDLINE cooccurrence,false
UBERON:0004452,DOID:418,CC0 1.0,MEDLINE cooccurrence,false
UBERON:0001135,DOID:11239,CC0 1.0,MEDLINE cooccurrence,false
UBERON:0002137,DOID:12930,CC0 1.0,MEDLINE cooccurrence,false
UBERON:0000977,DOID:9074,CC0 1.0,MEDLINE cooccurrence,false
UBERON:0001891,DOID:5419,CC0 1.0,MEDLINE cooccurrence,false
UBERON:0001486,DOID:8398,CC0 1.0,MEDLINE cooccurrence,false
UBERON:0000993,DOID:2394,CC0 1.0,MEDLINE cooccurrence,false
UBERON:0002146,DOID:1115,CC0 1.0,MEDLINE cooccurrence,false
UBERON:0001815,DOID:5612,CC0 1.0,MEDLINE cooccurrence,false
UBERON:0001486,DOID:184,CC0 1.0,MEDLINE cooccurrence,false
UBERON:0002382,DOID:11934,CC0 1.0,MEDLINE cooccurrence,false
UBERON:0001236,DOID:14330,CC0 1.0,MEDLINE cooccurrence,false
UBERON:0002148,DOID:14330,CC0 1.0,MEDLINE cooccurrence,false
UBERON:0001768,DOID:1686,CC0 1.0,MEDLINE cooccurrence,false
UBERON:0002398,DOID:184,CC0 1.0,MEDLINE cooccurrence,false
UBERON:0000004,DOID:9296,CC0 1.0,MEDLINE cooccurrence,false
UBERON:0000946,DOID:12930,CC0 1.0,MEDLINE cooccurrence,false
UBERON:0000026,DOID:0050425,CC0 1.0,MEDLINE cooccurrence,false
UBERON:0000053,DOID:9835,CC0 1.0,MEDLINE cooccurrence,false
UBERON:0000211,DOID:7147,CC0 1.0,MEDLINE cooccurrence,false
UBERON:0000989,DOID:2355,CC0 1.0,MEDLINE cooccurrence,false
UBERON:0001587,DOID:1781,CC0 1.0,MEDLINE cooccurrence,false
UBERON:0001884,DOID:5559,CC0 1.0,MEDLINE cooccurrence,false
UBERON:0001832,DOID:7148,CC0 1.0,MEDLINE cooccurrence,false
UBERON:0001691,DOID:184,CC0 1.0,MEDLINE cooccurrence,false
UBERON:0001365,DOID:8893,CC0 1.0,MEDLINE cooccurrence,false
UBERON:0001310,DOID:11714,CC0 1.0,MEDLINE cooccurrence,false
UBERON:0002512,DOID:2998,CC0 1.0,MEDLINE cooccurrence,false
UBERON:0001089,DOID:5419,CC0 1.0,MEDLINE cooccurrence,false
UBERON:0001681,DOID:184,CC0 1.0,MEDLINE cooccurrence,false
UBERON:0001182,DOID:8577,CC0 1.0,MEDLINE cooccurrence,false
UBERON:0004727,DOID:1319,CC0 1.0,MEDLINE cooccurrence,false
UBERON:0001533,DOID:3393,CC0 1.0,MEDLINE cooccurrence,false
UBERON:0002523,DOID:14221,CC0 1.0,MEDLINE cooccurrence,false
UBERON:0002017,DOID:4606,CC0 1.0,MEDLINE cooccurrence,false
UBERON:0000483,DOID:2841,CC0 1.0,MEDLINE cooccurrence,false
UBERON:0000056,DOID:11819,CC0 1.0,MEDLINE cooccurrence,false
UBERON:0002523,DOID:11612,CC0 1.0,MEDLINE cooccurrence,false
UBERON:0004535,DOID:3393,CC0 1.0,MEDLINE cooccurrence,false
UBERON:0000211,DOID:363,CC0 1.0,MEDLINE cooccurrence,false
UBERON:0001677,DOID:3565,CC0 1.0,MEDLINE cooccurrence,false
UBERON:0001490,DOID:13189,CC0 1.0,MEDLINE cooccurrence,false
UBERON:0002137,DOID:9074,CC0 1.0,MEDLINE cooccurrence,false
UBERON:0001343,DOID:1459,CC0 1.0,MEDLINE cooccurrence,false
UBERON:0001530,DOID:9744,CC0 1.0,MEDLINE cooccurrence,false
UBERON:0000053,DOID:10871,CC0 1.0,MEDLINE cooccurrence,false
UBERON:0001744,DOID:9074,CC0 1.0,MEDLINE cooccurrence,false
UBERON:0001103,DOID:2394,CC0 1.0,MEDLINE cooccurrence,false
UBERON:0000996,DOID:1245,CC0 1.0,MEDLINE cooccurrence,false
UBERON:0001461,DOID:8893,CC0 1.0,MEDLINE cooccurrence,false
UBERON:0001988,DOID:9970,CC0 1.0,MEDLINE cooccurrence,false
UBERON:0001649,DOID:1826,CC0 1.0,MEDLINE cooccurrence,false
UBERON:0002522,DOID:11612,CC0 1.0,MEDLINE cooccurrence,false
UBERON:0004535,DOID:14330,CC0 1.0,MEDLINE cooccurrence,false
UBERON:0001017,DOID:10652,CC0 1.0,MEDLINE cooccurrence,false
UBERON:0002046,DOID:5559,CC0 1.0,MEDLINE cooccurrence,false
UBERON:0000029,DOID:5041,CC0 1.0,MEDLINE cooccurrence,false
UBERON:0000483,DOID:2596,CC0 1.0,MEDLINE cooccurrence,false
UBERON:0001771,DOID:10652,CC0 1.0,MEDLINE cooccurrence,false
UBERON:0001343,DOID:0050741,CC0 1.0,MEDLINE cooccurrence,false
UBERON:0001175,DOID:3121,CC0 1.0,MEDLINE cooccurrence,false
UBERON:0001361,DOID:1115,CC0 1.0,MEDLINE cooccurrence,false
UBERON:0001970,DOID:0050741,CC0 1.0,MEDLINE cooccurrence,false
UBERON:0001587,DOID:3277,CC0 1.0,MEDLINE cooccurrence,false
UBERON:0002185,DOID:4481,CC0 1.0,MEDLINE cooccurrence,false
UBERON:0001464,DOID:7147,CC0 1.0,MEDLINE cooccurrence,false
UBERON:0001132,DOID:1459,CC0 1.0,MEDLINE cooccurrence,false
UBERON:0001627,DOID:2355,CC0 1.0,MEDLINE cooccurrence,false
UBERON:0002060,DOID:14004,CC0 1.0,MEDLINE cooccurrence,false
UBERON:0000970,DOID:2994,CC0 1.0,MEDLINE cooccurrence,false
UBERON:0001008,DOID:11819,CC0 1.0,MEDLINE cooccurrence,false
UBERON:0002384,DOID:9074,CC0 1.0,MEDLINE cooccurrence,false
UBERON:0000011,DOID:10652,CC0 1.0,MEDLINE cooccurrence,false
UBERON:0000211,DOID:3571,CC0 1.0,MEDLINE cooccurrence,false
UBERON:0002405,DOID:5419,CC0 1.0,MEDLINE cooccurrence,false
UBERON:0002361,DOID:1319,CC0 1.0,MEDLINE cooccurrence,false
UBERON:0001406,DOID:175,CC0 1.0,MEDLINE cooccurrence,false
UBERON:0002369,DOID:11612,CC0 1.0,MEDLINE cooccurrence,false
UBERON:0002394,DOID:8577,CC0 1.0,MEDLINE cooccurrence,false
UBERON:0001908,DOID:1319,CC0 1.0,MEDLINE cooccurrence,false
UBERON:0001762,DOID:4481,CC0 1.0,MEDLINE cooccurrence,false
UBERON:0001986,DOID:10763,CC0 1.0,MEDLINE cooccurrence,false
UBERON:0002066,DOID:418,CC0 1.0,MEDLINE cooccurrence,false
UBERON:0000941,DOID:9835,CC0 1.0,MEDLINE cooccurrence,false
UBERON:0002494,DOID:12930,CC0 1.0,MEDLINE cooccurrence,false
UBERON:0001398,DOID:9970,CC0 1.0,MEDLINE cooccurrence,false
UBERON:0002413,DOID:5612,CC0 1.0,MEDLINE cooccurrence,false
UBERON:0001577,DOID:1319,CC0 1.0,MEDLINE cooccurrence,false
UBERON:0001461,DOID:1115,CC0 1.0,MEDLINE cooccurrence,false
UBERON:0001486,DOID:11476,CC0 1.0,MEDLINE cooccurrence,false
UBERON:0001678,DOID:1192,CC0 1.0,MEDLINE cooccurrence,false
UBERON:0001646,DOID:0060119,CC0 1.0,MEDLINE cooccurrence,false
UBERON:0001148,DOID:1024,CC0 1.0,MEDLINE cooccurrence,false
UBERON:0001647,DOID:1192,CC0 1.0,MEDLINE cooccurrence,false
UBERON:0001697,DOID:1909,CC0 1.0,MEDLINE cooccurrence,false
UBERON:0001456,DOID:11934,CC0 1.0,MEDLINE cooccurrence,false
UBERON:0001985,DOID:9835,CC0 1.0,MEDLINE cooccurrence,false
UBERON:0002360,DOID:6364,CC0 1.0,MEDLINE cooccurrence,false
UBERON:0001183,DOID:219,CC0 1.0,MEDLINE cooccurrence,false
UBERON:0001702,DOID:3310,CC0 1.0,MEDLINE cooccurrence,false
UBERON:0002481,DOID:8398,CC0 1.0,MEDLINE cooccurrence,false
UBERON:0002606,DOID:332,CC0 1.0,MEDLINE cooccurrence,false
UBERON:0002097,DOID:4159,CC0 1.0,MEDLINE cooccurrence,false
UBERON:0001891,DOID:2994,CC0 1.0,MEDLINE cooccurrence,false
UBERON:0002410,DOID:6364,CC0 1.0,MEDLINE cooccurrence,false
UBERON:0001467,DOID:4159,CC0 1.0,MEDLINE cooccurrence,false
UBERON:0001467,DOID:7147,CC0 1.0,MEDLINE cooccurrence,false
UBERON:0001986,DOID:3070,CC0 1.0,MEDLINE cooccurrence,false
UBERON:0001890,DOID:8986,CC0 1.0,MEDLINE cooccurrence,false
UBERON:0001844,DOID:2994,CC0 1.0,MEDLINE cooccurrence,false
UBERON:0001184,DOID:3953,CC0 1.0,MEDLINE cooccurrence,false
UBERON:0002048,DOID:418,CC0 1.0,MEDLINE cooccurrence,false
UBERON:0002411,DOID:2394,CC0 1.0,MEDLINE cooccurrence,false
UBERON:0001836,DOID:1094,CC0 1.0,MEDLINE cooccurrence,false
UBERON:0001461,DOID:8398,CC0 1.0,MEDLINE cooccurrence,false
UBERON:0001324,DOID:1024,CC0 1.0,MEDLINE cooccurrence,false
UBERON:0001488,DOID:8398,CC0 1.0,MEDLINE cooccurrence,false
UBERON:0000955,DOID:594,CC0 1.0,MEDLINE cooccurrence,false
UBERON:0000483,DOID:10976,CC0 1.0,MEDLINE cooccurrence,false
UBERON:0002385,DOID:1826,CC0 1.0,MEDLINE cooccurrence,false
UBERON:0001267,DOID:1192,CC0 1.0,MEDLINE cooccurrence,false
UBERON:0000959,DOID:2994,CC0 1.0,MEDLINE cooccurrence,false
UBERON:0002925,DOID:2377,CC0 1.0,MEDLINE cooccurrence,false
UBERON:0002517,DOID:10941,CC0 1.0,MEDLINE cooccurrence,false
UBERON:0002365,DOID:5041,CC0 1.0,MEDLINE cooccurrence,false
UBERON:0002005,DOID:8778,CC0 1.0,MEDLINE cooccurrence,false
UBERON:0001723,DOID:0060119,CC0 1.0,MEDLINE cooccurrence,false
UBERON:0002053,DOID:10763,CC0 1.0,MEDLINE cooccurrence,false
UBERON:0003889,DOID:11612,CC0 1.0,MEDLINE cooccurrence,false
UBERON:0002037,DOID:1319,CC0 1.0,MEDLINE cooccurrence,false
UBERON:0001322,DOID:0050741,CC0 1.0,MEDLINE cooccurrence,false
UBERON:0002298,DOID:0050425,CC0 1.0,MEDLINE cooccurrence,false
UBERON:0001820,DOID:3310,CC0 1.0,MEDLINE cooccurrence,false
UBERON:0002414,DOID:8778,CC0 1.0,MEDLINE cooccurrence,false
UBERON:0002360,DOID:10941,CC0 1.0,MEDLINE cooccurrence,false
UBERON:0002299,DOID:2841,CC0 1.0,MEDLINE cooccurrence,false
UBERON:0001676,DOID:3565,CC0 1.0,MEDLINE cooccurrence,false
UBERON:0001769,DOID:2994,CC0 1.0,MEDLINE cooccurrence,false
UBERON:0002040,DOID:5559,CC0 1.0,MEDLINE cooccurrence,false
UBERON:0001970,DOID:2355,CC0 1.0,MEDLINE cooccurrence,false
UBERON:0001716,DOID:4481,CC0 1.0,MEDLINE cooccurrence,false
UBERON:0001486,DOID:7147,CC0 1.0,MEDLINE cooccurrence,false
UBERON:0000483,DOID:3277,CC0 1.0,MEDLINE cooccurrence,false
UBERON:0001532,DOID:1936,CC0 1.0,MEDLINE cooccurrence,false
UBERON:0000029,DOID:2998,CC0 1.0,MEDLINE cooccurrence,false
UBERON:0001352,DOID:4159,CC0 1.0,MEDLINE cooccurrence,false
UBERON:0001673,DOID:10763,CC0 1.0,MEDLINE cooccurrence,false
UBERON:0002356,DOID:4159,CC0 1.0,MEDLINE cooccurrence,false
UBERON:0001645,DOID:1192,CC0 1.0,MEDLINE cooccurrence,false
UBERON:0001352,DOID:11934,CC0 1.0,MEDLINE cooccurrence,false
UBERON:0002362,DOID:3565,CC0 1.0,MEDLINE cooccurrence,false
UBERON:0000002,DOID:363,CC0 1.0,MEDLINE cooccurrence,false
UBERON:0000995,DOID:1612,CC0 1.0,MEDLINE cooccurrence,false
UBERON:0002405,DOID:12849,CC0 1.0,MEDLINE cooccurrence,false
UBERON:0001724,DOID:1319,CC0 1.0,MEDLINE cooccurrence,false
UBERON:0002240,DOID:1319,CC0 1.0,MEDLINE cooccurrence,false
UBERON:0002439,DOID:8778,CC0 1.0,MEDLINE cooccurrence,false
UBERON:0002107,DOID:3571,CC0 1.0,MEDLINE cooccurrence,false
UBERON:0001140,DOID:263,CC0 1.0,MEDLINE cooccurrence,false
UBERON:0000991,DOID:2994,CC0 1.0,MEDLINE cooccurrence,false
UBERON:0002371,DOID:1612,CC0 1.0,MEDLINE cooccurrence,false
UBERON:0002378,DOID:363,CC0 1.0,MEDLINE cooccurrence,false
UBERON:0001697,DOID:2994,CC0 1.0,MEDLINE cooccurrence,false
UBERON:0001490,DOID:8398,CC0 1.0,MEDLINE cooccurrence,false
UBERON:0000474,DOID:4362,CC0 1.0,MEDLINE cooccurrence,false
UBERON:0001465,DOID:8398,CC0 1.0,MEDLINE cooccurrence,false
UBERON:0001697,DOID:1115,CC0 1.0,MEDLINE cooccurrence,false
UBERON:0002148,DOID:6364,CC0 1.0,MEDLINE cooccurrence,false
UBERON:0002410,DOID:11119,CC0 1.0,MEDLINE cooccurrence,false
UBERON:0001469,DOID:184,CC0 1.0,MEDLINE cooccurrence,false
UBERON:0002390,DOID:2355,CC0 1.0,MEDLINE cooccurrence,false
UBERON:0001760,DOID:3565,CC0 1.0,MEDLINE cooccurrence,false
UBERON:0001971,DOID:10534,CC0 1.0,MEDLINE cooccurrence,false
UBERON:0001460,DOID:6364,CC0 1.0,MEDLINE cooccurrence,false
UBERON:0000974,DOID:3310,CC0 1.0,MEDLINE cooccurrence,false
UBERON:0002018,DOID:13189,CC0 1.0,MEDLINE cooccurrence,false
UBERON:0002414,DOID:1192,CC0 1.0,MEDLINE cooccurrence,false
UBERON:0001544,DOID:7693,CC0 1.0,MEDLINE cooccurrence,false
UBERON:0001805,DOID:14330,CC0 1.0,MEDLINE cooccurrence,false
UBERON:0002298,DOID:332,CC0 1.0,MEDLINE cooccurrence,false
UBERON:0001469,DOID:7148,CC0 1.0,MEDLINE cooccurrence,false
UBERON:0001676,DOID:6364,CC0 1.0,MEDLINE cooccurrence,false
UBERON:0001646,DOID:1319,CC0 1.0,MEDLINE cooccurrence,false
UBERON:0000483,DOID:2174,CC0 1.0,MEDLINE cooccurrence,false
UBERON:0002347,DOID:7147,CC0 1.0,MEDLINE cooccurrence,false
UBERON:0001796,DOID:13241,CC0 1.0,MEDLINE cooccurrence,false
UBERON:0002067,DOID:418,CC0 1.0,MEDLINE cooccurrence,false
UBERON:0001579,DOID:10652,CC0 1.0,MEDLINE cooccurrence,false
UBERON:0000993,DOID:363,CC0 1.0,MEDLINE cooccurrence,false
UBERON:0001886,DOID:3565,CC0 1.0,MEDLINE cooccurrence,false
UBERON:0001103,DOID:2841,CC0 1.0,MEDLINE cooccurrence,false
UBERON:0004769,DOID:1115,CC0 1.0,MEDLINE cooccurrence,false
UBERON:0001585,DOID:3277,CC0 1.0,MEDLINE cooccurrence,false
UBERON:0002522,DOID:3393,CC0 1.0,MEDLINE cooccurrence,false
UBERON:0002012,DOID:0050156,CC0 1.0,MEDLINE cooccurrence,false
UBERON:0001827,DOID:4481,CC0 1.0,MEDLINE cooccurrence,false
UBERON:0001467,DOID:11714,CC0 1.0,MEDLINE cooccurrence,false
UBERON:0000029,DOID:4159,CC0 1.0,MEDLINE cooccurrence,false
UBERON:0002107,DOID:1459,CC0 1.0,MEDLINE cooccurrence,false
UBERON:0001860,DOID:12185,CC0 1.0,MEDLINE cooccurrence,false
UBERON:0000042,DOID:10534,CC0 1.0,MEDLINE cooccurrence,false
UBERON:0000988,DOID:5419,CC0 1.0,MEDLINE cooccurrence,false
UBERON:0002286,DOID:2377,CC0 1.0,MEDLINE cooccurrence,false
UBERON:0001773,DOID:1686,CC0 1.0,MEDLINE cooccurrence,false
UBERON:0000007,DOID:1319,CC0 1.0,MEDLINE cooccurrence,false
UBERON:0001691,DOID:1115,CC0 1.0,MEDLINE cooccurrence,false
UBERON:0002103,DOID:4045,CC0 1.0,MEDLINE cooccurrence,false
UBERON:0001970,DOID:3571,CC0 1.0,MEDLINE cooccurrence,false
UBERON:0001174,DOID:4606,CC0 1.0,MEDLINE cooccurrence,false
UBERON:0001720,DOID:2994,CC0 1.0,MEDLINE cooccurrence,false
UBERON:0000989,DOID:784,CC0 1.0,MEDLINE cooccurrence,false
UBERON:0002382,DOID:11615,CC0 1.0,MEDLINE cooccurrence,false
UBERON:0001820,DOID:8893,CC0 1.0,MEDLINE cooccurrence,false
UBERON:0001577,DOID:1595,CC0 1.0,MEDLINE cooccurrence,false
UBERON:0000057,DOID:10283,CC0 1.0,MEDLINE cooccurrence,false
UBERON:0001836,DOID:11934,CC0 1.0,MEDLINE cooccurrence,false
UBERON:0000165,DOID:216,CC0 1.0,MEDLINE cooccurrence,false
UBERON:0001587,DOID:11934,CC0 1.0,MEDLINE cooccurrence,false
UBERON:0000029,DOID:2394,CC0 1.0,MEDLINE cooccurrence,false
UBERON:0001184,DOID:263,CC0 1.0,MEDLINE cooccurrence,false
UBERON:0000989,DOID:9744,CC0 1.0,MEDLINE cooccurrence,false
UBERON:0002521,DOID:1686,CC0 1.0,MEDLINE cooccurrence,false
UBERON:0001831,DOID:7148,CC0 1.0,MEDLINE cooccurrence,false
UBERON:0001638,DOID:10534,CC0 1.0,MEDLINE cooccurrence,false
UBERON:0002294,DOID:2043,CC0 1.0,MEDLINE cooccurrence,false
UBERON:0001184,DOID:7693,CC0 1.0,MEDLINE cooccurrence,false
UBERON:0002411,DOID:11054,CC0 1.0,MEDLINE cooccurrence,false
UBERON:0001717,DOID:6364,CC0 1.0,MEDLINE cooccurrence,false
UBERON:0001744,DOID:8850,CC0 1.0,MEDLINE cooccurrence,false
UBERON:0001970,DOID:3121,CC0 1.0,MEDLINE cooccurrence,false
UBERON:0000975,DOID:5041,CC0 1.0,MEDLINE cooccurrence,false
UBERON:0002097,DOID:1909,CC0 1.0,MEDLINE cooccurrence,false
UBERON:0002073,DOID:986,CC0 1.0,MEDLINE cooccurrence,false
UBERON:0001619,DOID:2174,CC0 1.0,MEDLINE cooccurrence,false
UBERON:0002048,DOID:2531,CC0 1.0,MEDLINE cooccurrence,false
UBERON:0003129,DOID:10941,CC0 1.0,MEDLINE cooccurrence,false
UBERON:0001148,DOID:6364,CC0 1.0,MEDLINE cooccurrence,false
UBERON:0001016,DOID:1826,CC0 1.0,MEDLINE cooccurrence,false
UBERON:0001756,DOID:12185,CC0 1.0,MEDLINE cooccurrence,false
UBERON:0001840,DOID:12185,CC0 1.0,MEDLINE cooccurrence,false
UBERON:0001064,DOID:14268,CC0 1.0,MEDLINE cooccurrence,false
UBERON:0001708,DOID:9970,CC0 1.0,MEDLINE cooccurrence,false
UBERON:0000941,DOID:10871,CC0 1.0,MEDLINE cooccurrence,false
UBERON:0000483,DOID:4481,CC0 1.0,MEDLINE cooccurrence,false
UBERON:0003129,DOID:2355,CC0 1.0,MEDLINE cooccurrence,false
UBERON:0002037,DOID:1094,CC0 1.0,MEDLINE cooccurrence,false
UBERON:0001361,DOID:3393,CC0 1.0,MEDLINE cooccurrence,false
UBERON:0001814,DOID:1612,CC0 1.0,MEDLINE cooccurrence,false
UBERON:0001267,DOID:5875,CC0 1.0,MEDLINE cooccurrence,false
UBERON:0004452,DOID:8398,CC0 1.0,MEDLINE cooccurrence,false
UBERON:0000026,DOID:1909,CC0 1.0,MEDLINE cooccurrence,false
UBERON:0000955,DOID:12849,CC0 1.0,MEDLINE cooccurrence,false
UBERON:0001776,DOID:2174,CC0 1.0,MEDLINE cooccurrence,false
UBERON:0001103,DOID:3083,CC0 1.0,MEDLINE cooccurrence,false
UBERON:0002148,DOID:1826,CC0 1.0,MEDLINE cooccurrence,false
UBERON:0001678,DOID:2994,CC0 1.0,MEDLINE cooccurrence,false
UBERON:0001567,DOID:824,CC0 1.0,MEDLINE cooccurrence,false
UBERON:0001675,DOID:2994,CC0 1.0,MEDLINE cooccurrence,false
UBERON:0001647,DOID:2994,CC0 1.0,MEDLINE cooccurrence,false
UBERON:0003129,DOID:1115,CC0 1.0,MEDLINE cooccurrence,false
UBERON:0001818,DOID:2174,CC0 1.0,MEDLINE cooccurrence,false
UBERON:0002060,DOID:1245,CC0 1.0,MEDLINE cooccurrence,false
UBERON:0001837,DOID:7148,CC0 1.0,MEDLINE cooccurrence,false
UBERON:0002048,DOID:3277,CC0 1.0,MEDLINE cooccurrence,false
UBERON:0002363,DOID:184,CC0 1.0,MEDLINE cooccurrence,false
UBERON:0001135,DOID:1993,CC0 1.0,MEDLINE cooccurrence,false
UBERON:0000988,DOID:2994,CC0 1.0,MEDLINE cooccurrence,false
UBERON:0001361,DOID:14004,CC0 1.0,MEDLINE cooccurrence,false
UBERON:0004288,DOID:216,CC0 1.0,MEDLINE cooccurrence,false
UBERON:0001716,DOID:8850,CC0 1.0,MEDLINE cooccurrence,false
UBERON:0000941,DOID:2377,CC0 1.0,MEDLINE cooccurrence,false
UBERON:0001968,DOID:2998,CC0 1.0,MEDLINE cooccurrence,false
UBERON:0001637,DOID:13241,CC0 1.0,MEDLINE cooccurrence,false
UBERON:0002450,DOID:363,CC0 1.0,MEDLINE cooccurrence,false
UBERON:0001619,DOID:184,CC0 1.0,MEDLINE cooccurrence,false
UBERON:0001825,DOID:2841,CC0 1.0,MEDLINE cooccurrence,false
UBERON:0001827,DOID:1024,CC0 1.0,MEDLINE cooccurrence,false
UBERON:0000013,DOID:12930,CC0 1.0,MEDLINE cooccurrence,false
UBERON:0002385,DOID:3277,CC0 1.0,MEDLINE cooccurrence,false
UBERON:0002410,DOID:9970,CC0 1.0,MEDLINE cooccurrence,false
UBERON:0001970,DOID:12236,CC0 1.0,MEDLINE cooccurrence,false
UBERON:0001764,DOID:1115,CC0 1.0,MEDLINE cooccurrence,false
UBERON:0001690,DOID:2596,CC0 1.0,MEDLINE cooccurrence,false
UBERON:0001532,DOID:1826,CC0 1.0,MEDLINE cooccurrence,false
UBERON:0002298,DOID:8986,CC0 1.0,MEDLINE cooccurrence,false
UBERON:0001016,DOID:2377,CC0 1.0,MEDLINE cooccurrence,false
UBERON:0002422,DOID:5612,CC0 1.0,MEDLINE cooccurrence,false
UBERON:0001148,DOID:1826,CC0 1.0,MEDLINE cooccurrence,false
UBERON:0001007,DOID:10534,CC0 1.0,MEDLINE cooccurrence,false
UBERON:0001132,DOID:5559,CC0 1.0,MEDLINE cooccurrence,false
UBERON:0000013,DOID:1595,CC0 1.0,MEDLINE cooccurrence,false
UBERON:0001981,DOID:6364,CC0 1.0,MEDLINE cooccurrence,false
UBERON:0000922,DOID:219,CC0 1.0,MEDLINE cooccurrence,false
UBERON:0001750,DOID:1909,CC0 1.0,MEDLINE cooccurrence,false
UBERON:0001577,DOID:8986,CC0 1.0,MEDLINE cooccurrence,false
UBERON:0002398,DOID:14330,CC0 1.0,MEDLINE cooccurrence,false
UBERON:0001398,DOID:13378,CC0 1.0,MEDLINE cooccurrence,false
UBERON:0000007,DOID:11612,CC0 1.0,MEDLINE cooccurrence,false
UBERON:0001460,DOID:1024,CC0 1.0,MEDLINE cooccurrence,false
UBERON:0001724,DOID:184,CC0 1.0,MEDLINE cooccurrence,false
UBERON:0001733,DOID:9296,CC0 1.0,MEDLINE cooccurrence,false
UBERON:0001044,DOID:0060119,CC0 1.0,MEDLINE cooccurrence,false
UBERON:0002515,DOID:11920,CC0 1.0,MEDLINE cooccurrence,false
UBERON:0001678,DOID:1319,CC0 1.0,MEDLINE cooccurrence,false
UBERON:0001533,DOID:1612,CC0 1.0,MEDLINE cooccurrence,false
UBERON:0001638,DOID:784,CC0 1.0,MEDLINE cooccurrence,false
UBERON:0001776,DOID:10871,CC0 1.0,MEDLINE cooccurrence,false
UBERON:0001969,DOID:635,CC0 1.0,MEDLINE cooccurrence,false
UBERON:0001971,DOID:10608,CC0 1.0,MEDLINE cooccurrence,false
UBERON:0000959,DOID:10941,CC0 1.0,MEDLINE cooccurrence,false
UBERON:0001988,DOID:784,CC0 1.0,MEDLINE cooccurrence,false
UBERON:0001637,DOID:7693,CC0 1.0,MEDLINE cooccurrence,false
UBERON:0001103,DOID:4045,CC0 1.0,MEDLINE cooccurrence,false
UBERON:0000057,DOID:119,CC0 1.0,MEDLINE cooccurrence,false
UBERON:0002378,DOID:2394,CC0 1.0,MEDLINE cooccurrence,false
UBERON:0001485,DOID:8398,CC0 1.0,MEDLINE cooccurrence,false
UBERON:0001700,DOID:1192,CC0 1.0,MEDLINE cooccurrence,false
UBERON:0002384,DOID:12185,CC0 1.0,MEDLINE cooccurrence,false
UBERON:0002413,DOID:6364,CC0 1.0,MEDLINE cooccurrence,false
UBERON:0001016,DOID:1094,CC0 1.0,MEDLINE cooccurrence,false
UBERON:0001821,DOID:8893,CC0 1.0,MEDLINE cooccurrence,false
UBERON:0002102,DOID:14330,CC0 1.0,MEDLINE cooccurrence,false
UBERON:0001264,DOID:9352,CC0 1.0,MEDLINE cooccurrence,false
UBERON:0001707,DOID:1115,CC0 1.0,MEDLINE cooccurrence,false
UBERON:0002110,DOID:4989,CC0 1.0,MEDLINE cooccurrence,false
UBERON:0001676,DOID:1115,CC0 1.0,MEDLINE cooccurrence,false
UBERON:0001702,DOID:9835,CC0 1.0,MEDLINE cooccurrence,false
UBERON:0000474,DOID:1993,CC0 1.0,MEDLINE cooccurrence,false
UBERON:0001814,DOID:1826,CC0 1.0,MEDLINE cooccurrence,false
UBERON:0000007,DOID:2994,CC0 1.0,MEDLINE cooccurrence,false
UBERON:0000011,DOID:12995,CC0 1.0,MEDLINE cooccurrence,false
UBERON:0002228,DOID:5559,CC0 1.0,MEDLINE cooccurrence,false
UBERON:0001143,DOID:175,CC0 1.0,MEDLINE cooccurrence,false
UBERON:0001988,DOID:8778,CC0 1.0,MEDLINE cooccurrence,false
UBERON:0002349,DOID:3393,CC0 1.0,MEDLINE cooccurrence,false
UBERON:0001640,DOID:14004,CC0 1.0,MEDLINE cooccurrence,false
UBERON:0002450,DOID:13223,CC0 1.0,MEDLINE cooccurrence,false
UBERON:0002363,DOID:1319,CC0 1.0,MEDLINE cooccurrence,false
UBERON:0000043,DOID:184,CC0 1.0,MEDLINE cooccurrence,false
UBERON:0000483,DOID:11239,CC0 1.0,MEDLINE cooccurrence,false
UBERON:0000165,DOID:8778,CC0 1.0,MEDLINE cooccurrence,false
UBERON:0001980,DOID:10763,CC0 1.0,MEDLINE cooccurrence,false
UBERON:0001004,DOID:9970,CC0 1.0,MEDLINE cooccurrence,false
UBERON:0002522,DOID:9008,CC0 1.0,MEDLINE cooccurrence,false
UBERON:0001969,DOID:11949,CC0 1.0,MEDLINE cooccurrence,false
UBERON:0002377,DOID:0060119,CC0 1.0,MEDLINE cooccurrence,false
UBERON:0001677,DOID:0060119,CC0 1.0,MEDLINE cooccurrence,false
UBERON:0001111,DOID:2841,CC0 1.0,MEDLINE cooccurrence,false
UBERON:0001031,DOID:1024,CC0 1.0,MEDLINE cooccurrence,false
UBERON:0001619,DOID:2994,CC0 1.0,MEDLINE cooccurrence,false
UBERON:0001690,DOID:1909,CC0 1.0,MEDLINE cooccurrence,false
UBERON:0001786,DOID:2174,CC0 1.0,MEDLINE cooccurrence,false
UBERON:0001887,DOID:5419,CC0 1.0,MEDLINE cooccurrence,false
UBERON:0002413,DOID:0060119,CC0 1.0,MEDLINE cooccurrence,false
UBERON:0001008,DOID:784,CC0 1.0,MEDLINE cooccurrence,false
UBERON:0001130,DOID:3070,CC0 1.0,MEDLINE cooccurrence,false
UBERON:0002439,DOID:1993,CC0 1.0,MEDLINE cooccurrence,false
UBERON:0001648,DOID:12185,CC0 1.0,MEDLINE cooccurrence,false
UBERON:0000988,DOID:1192,CC0 1.0,MEDLINE cooccurrence,false
UBERON:0000042,DOID:1725,CC0 1.0,MEDLINE cooccurrence,false
UBERON:0001756,DOID:1115,CC0 1.0,MEDLINE cooccurrence,false
UBERON:0001300,DOID:1790,CC0 1.0,MEDLINE cooccurrence,false
UBERON:0001685,DOID:2596,CC0 1.0,MEDLINE cooccurrence,false
UBERON:0001461,DOID:4159,CC0 1.0,MEDLINE cooccurrence,false
UBERON:0001836,DOID:594,CC0 1.0,MEDLINE cooccurrence,false
UBERON:0000026,DOID:332,CC0 1.0,MEDLINE cooccurrence,false
UBERON:0001884,DOID:3083,CC0 1.0,MEDLINE cooccurrence,false
UBERON:0002297,DOID:4159,CC0 1.0,MEDLINE cooccurrence,false
UBERON:0002066,DOID:1324,CC0 1.0,MEDLINE cooccurrence,false
UBERON:0002481,DOID:9008,CC0 1.0,MEDLINE cooccurrence,false
UBERON:0000057,DOID:784,CC0 1.0,MEDLINE cooccurrence,false
UBERON:0002363,DOID:7147,CC0 1.0,MEDLINE cooccurrence,false
UBERON:0001908,DOID:12849,CC0 1.0,MEDLINE cooccurrence,false
UBERON:0002385,DOID:332,CC0 1.0,MEDLINE cooccurrence,false
UBERON:0001780,DOID:1826,CC0 1.0,MEDLINE cooccurrence,false
UBERON:0001232,DOID:10763,CC0 1.0,MEDLINE cooccurrence,false
UBERON:0002389,DOID:7148,CC0 1.0,MEDLINE cooccurrence,false
UBERON:0001103,DOID:3571,CC0 1.0,MEDLINE cooccurrence,false
UBERON:0002185,DOID:2841,CC0 1.0,MEDLINE cooccurrence,false
UBERON:0002405,DOID:2841,CC0 1.0,MEDLINE cooccurrence,false
UBERON:0001585,DOID:14004,CC0 1.0,MEDLINE cooccurrence,false
UBERON:0001000,DOID:14227,CC0 1.0,MEDLINE cooccurrence,false
UBERON:0002028,DOID:12849,CC0 1.0,MEDLINE cooccurrence,false
UBERON:0002298,DOID:14330,CC0 1.0,MEDLINE cooccurrence,false
UBERON:0002441,DOID:10763,CC0 1.0,MEDLINE cooccurrence,false
UBERON:0001814,DOID:1192,CC0 1.0,MEDLINE cooccurrence,false
UBERON:0000010,DOID:0050425,CC0 1.0,MEDLINE cooccurrence,false
UBERON:0001492,DOID:1024,CC0 1.0,MEDLINE cooccurrence,false
UBERON:0000043,DOID:4045,CC0 1.0,MEDLINE cooccurrence,false
UBERON:0001723,DOID:2596,CC0 1.0,MEDLINE cooccurrence,false
UBERON:0001827,DOID:2043,CC0 1.0,MEDLINE cooccurrence,false
UBERON:0002060,DOID:10763,CC0 1.0,MEDLINE cooccurrence,false
UBERON:0000998,DOID:10283,CC0 1.0,MEDLINE cooccurrence,false
UBERON:0003129,DOID:3070,CC0 1.0,MEDLINE cooccurrence,false
UBERON:0001737,DOID:5041,CC0 1.0,MEDLINE cooccurrence,false
UBERON:0001007,DOID:9970,CC0 1.0,MEDLINE cooccurrence,false
UBERON:0001037,DOID:12306,CC0 1.0,MEDLINE cooccurrence,false
UBERON:0001175,DOID:12236,CC0 1.0,MEDLINE cooccurrence,false
UBERON:0002073,DOID:12306,CC0 1.0,MEDLINE cooccurrence,false
UBERON:0004535,DOID:9352,CC0 1.0,MEDLINE cooccurrence,false
UBERON:0001905,DOID:2994,CC0 1.0,MEDLINE cooccurrence,false
UBERON:0001970,DOID:10534,CC0 1.0,MEDLINE cooccurrence,false
UBERON:0002522,DOID:14221,CC0 1.0,MEDLINE cooccurrence,false
UBERON:0002110,DOID:13378,CC0 1.0,MEDLINE cooccurrence,false
UBERON:0001235,DOID:3953,CC0 1.0,MEDLINE cooccurrence,false
UBERON:0001577,DOID:3070,CC0 1.0,MEDLINE cooccurrence,false
UBERON:0002134,DOID:10153,CC0 1.0,MEDLINE cooccurrence,false
UBERON:0000955,DOID:2994,CC0 1.0,MEDLINE cooccurrence,false
UBERON:0002481,DOID:184,CC0 1.0,MEDLINE cooccurrence,false
UBERON:0002387,DOID:13189,CC0 1.0,MEDLINE cooccurrence,false
UBERON:0002055,DOID:3953,CC0 1.0,MEDLINE cooccurrence,false
UBERON:0000473,DOID:1115,CC0 1.0,MEDLINE cooccurrence,false
UBERON:0001827,DOID:9352,CC0 1.0,MEDLINE cooccurrence,false
UBERON:0002365,DOID:363,CC0 1.0,MEDLINE cooccurrence,false
UBERON:0001846,DOID:2994,CC0 1.0,MEDLINE cooccurrence,false
UBERON:0002103,DOID:1936,CC0 1.0,MEDLINE cooccurrence,false
UBERON:0001649,DOID:6364,CC0 1.0,MEDLINE cooccurrence,false
UBERON:0001708,DOID:11476,CC0 1.0,MEDLINE cooccurrence,false
UBERON:0003889,DOID:13223,CC0 1.0,MEDLINE cooccurrence,false
UBERON:0000977,DOID:5041,CC0 1.0,MEDLINE cooccurrence,false
UBERON:0001844,DOID:11934,CC0 1.0,MEDLINE cooccurrence,false
UBERON:0001756,DOID:184,CC0 1.0,MEDLINE cooccurrence,false
UBERON:0000989,DOID:11615,CC0 1.0,MEDLINE cooccurrence,false
UBERON:0001616,DOID:9296,CC0 1.0,MEDLINE cooccurrence,false
UBERON:0001088,DOID:10608,CC0 1.0,MEDLINE cooccurrence,false
UBERON:0002368,DOID:10021,CC0 1.0,MEDLINE cooccurrence,false
UBERON:0001090,DOID:8398,CC0 1.0,MEDLINE cooccurrence,false
UBERON:0001008,DOID:4362,CC0 1.0,MEDLINE cooccurrence,false
UBERON:0001737,DOID:11920,CC0 1.0,MEDLINE cooccurrence,false
UBERON:0001716,DOID:635,CC0 1.0,MEDLINE cooccurrence,false
UBERON:0002410,DOID:9352,CC0 1.0,MEDLINE cooccurrence,false
UBERON:0001264,DOID:13499,CC0 1.0,MEDLINE cooccurrence,false
UBERON:0001980,DOID:784,CC0 1.0,MEDLINE cooccurrence,false
UBERON:0001818,DOID:11934,CC0 1.0,MEDLINE cooccurrence,false
UBERON:0000991,DOID:2355,CC0 1.0,MEDLINE cooccurrence,false
UBERON:0000038,DOID:11612,CC0 1.0,MEDLINE cooccurrence,false
UBERON:0001764,DOID:824,CC0 1.0,MEDLINE cooccurrence,false
UBERON:0001637,DOID:784,CC0 1.0,MEDLINE cooccurrence,false
UBERON:0000473,DOID:14227,CC0 1.0,MEDLINE cooccurrence,false
UBERON:0001638,DOID:3393,CC0 1.0,MEDLINE cooccurrence,false
UBERON:0001690,DOID:5419,CC0 1.0,MEDLINE cooccurrence,false
UBERON:0000975,DOID:1612,CC0 1.0,MEDLINE cooccurrence,false
UBERON:0002017,DOID:2043,CC0 1.0,MEDLINE cooccurrence,false
UBERON:0001174,DOID:4989,CC0 1.0,MEDLINE cooccurrence,false
UBERON:0002418,DOID:90,CC0 1.0,MEDLINE cooccurrence,false
UBERON:0000946,DOID:3393,CC0 1.0,MEDLINE cooccurrence,false
UBERON:0001533,DOID:1936,CC0 1.0,MEDLINE cooccurrence,false
UBERON:0002037,DOID:3565,CC0 1.0,MEDLINE cooccurrence,false
UBERON:0001685,DOID:0060119,CC0 1.0,MEDLINE cooccurrence,false
UBERON:0001182,DOID:10608,CC0 1.0,MEDLINE cooccurrence,false
UBERON:0001016,DOID:635,CC0 1.0,MEDLINE cooccurrence,false
UBERON:0002387,DOID:8893,CC0 1.0,MEDLINE cooccurrence,false
UBERON:0000057,DOID:13223,CC0 1.0,MEDLINE cooccurrence,false
UBERON:0001088,DOID:2994,CC0 1.0,MEDLINE cooccurrence,false
UBERON:0002481,DOID:2355,CC0 1.0,MEDLINE cooccurrence,false
UBERON:0001640,DOID:3571,CC0 1.0,MEDLINE cooccurrence,false
UBERON:0001646,DOID:11934,CC0 1.0,MEDLINE cooccurrence,false
UBERON:0003129,DOID:5408,CC0 1.0,MEDLINE cooccurrence,false
UBERON:0001135,DOID:8778,CC0 1.0,MEDLINE cooccurrence,false
UBERON:0001756,DOID:0060119,CC0 1.0,MEDLINE cooccurrence,false
UBERON:0001031,DOID:1192,CC0 1.0,MEDLINE cooccurrence,false
UBERON:0002378,DOID:3121,CC0 1.0,MEDLINE cooccurrence,false
UBERON:0000483,DOID:8850,CC0 1.0,MEDLINE cooccurrence,false
UBERON:0002297,DOID:11934,CC0 1.0,MEDLINE cooccurrence,false
UBERON:0001681,DOID:1024,CC0 1.0,MEDLINE cooccurrence,false
UBERON:0001707,DOID:2994,CC0 1.0,MEDLINE cooccurrence,false
UBERON:0002368,DOID:2994,CC0 1.0,MEDLINE cooccurrence,false
UBERON:0001300,DOID:2998,CC0 1.0,MEDLINE cooccurrence,false
UBERON:0001887,DOID:11119,CC0 1.0,MEDLINE cooccurrence,false
UBERON:0001762,DOID:184,CC0 1.0,MEDLINE cooccurrence,false
UBERON:0001905,DOID:3070,CC0 1.0,MEDLINE cooccurrence,false
UBERON:0001684,DOID:9296,CC0 1.0,MEDLINE cooccurrence,false
UBERON:0001716,DOID:184,CC0 1.0,MEDLINE cooccurrence,false
UBERON:0001235,DOID:3312,CC0 1.0,MEDLINE cooccurrence,false
UBERON:0001285,DOID:585,CC0 1.0,MEDLINE cooccurrence,false
UBERON:0002240,DOID:0050425,CC0 1.0,MEDLINE cooccurrence,false
UBERON:0001844,DOID:10941,CC0 1.0,MEDLINE cooccurrence,false
UBERON:0001283,DOID:3571,CC0 1.0,MEDLINE cooccurrence,false
UBERON:0001460,DOID:0050425,CC0 1.0,MEDLINE cooccurrence,false
UBERON:0002066,DOID:11714,CC0 1.0,MEDLINE cooccurrence,false
UBERON:0001072,DOID:3571,CC0 1.0,MEDLINE cooccurrence,false
UBERON:0000013,DOID:594,CC0 1.0,MEDLINE cooccurrence,false
UBERON:0001456,DOID:1826,CC0 1.0,MEDLINE cooccurrence,false
UBERON:0002398,DOID:1024,CC0 1.0,MEDLINE cooccurrence,false
UBERON:0002113,DOID:1312,CC0 1.0,MEDLINE cooccurrence,false
UBERON:0001479,DOID:13189,CC0 1.0,MEDLINE cooccurrence,false
UBERON:0004535,DOID:0050742,CC0 1.0,MEDLINE cooccurrence,false
UBERON:0002113,DOID:9744,CC0 1.0,MEDLINE cooccurrence,false
UBERON:0000053,DOID:1686,CC0 1.0,MEDLINE cooccurrence,false
UBERON:0000989,DOID:4159,CC0 1.0,MEDLINE cooccurrence,false
UBERON:0001702,DOID:4159,CC0 1.0,MEDLINE cooccurrence,false
UBERON:0000949,DOID:363,CC0 1.0,MEDLINE cooccurrence,false
UBERON:0002392,DOID:184,CC0 1.0,MEDLINE cooccurrence,false
UBERON:0001225,DOID:9352,CC0 1.0,MEDLINE cooccurrence,false
UBERON:0001532,DOID:3565,CC0 1.0,MEDLINE cooccurrence,false
UBERON:0001067,DOID:184,CC0 1.0,MEDLINE cooccurrence,false
UBERON:0002103,DOID:332,CC0 1.0,MEDLINE cooccurrence,false
UBERON:0001846,DOID:10941,CC0 1.0,MEDLINE cooccurrence,false
UBERON:0001143,DOID:3571,CC0 1.0,MEDLINE cooccurrence,false
UBERON:0002707,DOID:0050425,CC0 1.0,MEDLINE cooccurrence,false
UBERON:0001796,DOID:2174,CC0 1.0,MEDLINE cooccurrence,false
UBERON:0002048,DOID:4481,CC0 1.0,MEDLINE cooccurrence,false
UBERON:0001003,DOID:12306,CC0 1.0,MEDLINE cooccurrence,false
UBERON:0000922,DOID:10652,CC0 1.0,MEDLINE cooccurrence,false
UBERON:0000922,DOID:9296,CC0 1.0,MEDLINE cooccurrence,false
UBERON:0002067,DOID:12306,CC0 1.0,MEDLINE cooccurrence,false
UBERON:0001762,DOID:0060119,CC0 1.0,MEDLINE cooccurrence,false
UBERON:0002134,DOID:14004,CC0 1.0,MEDLINE cooccurrence,false
UBERON:0001833,DOID:8778,CC0 1.0,MEDLINE cooccurrence,false
UBERON:0001969,DOID:7693,CC0 1.0,MEDLINE cooccurrence,false
UBERON:0000011,DOID:3393,CC0 1.0,MEDLINE cooccurrence,false
UBERON:0001734,DOID:8850,CC0 1.0,MEDLINE cooccurrence,false
UBERON:0000922,DOID:1612,CC0 1.0,MEDLINE cooccurrence,false
UBERON:0002523,DOID:1936,CC0 1.0,MEDLINE cooccurrence,false
UBERON:0000955,DOID:2377,CC0 1.0,MEDLINE cooccurrence,false
UBERON:0003216,DOID:9296,CC0 1.0,MEDLINE cooccurrence,false
UBERON:0001711,DOID:2174,CC0 1.0,MEDLINE cooccurrence,false
UBERON:0000043,DOID:9074,CC0 1.0,MEDLINE cooccurrence,false
UBERON:0002275,DOID:1826,CC0 1.0,MEDLINE cooccurrence,false
UBERON:0001484,DOID:7148,CC0 1.0,MEDLINE cooccurrence,false
UBERON:0000002,DOID:13223,CC0 1.0,MEDLINE cooccurrence,false
UBERON:0001394,DOID:14004,CC0 1.0,MEDLINE cooccurrence,false
UBERON:0002405,DOID:9074,CC0 1.0,MEDLINE cooccurrence,false
UBERON:0003216,DOID:8850,CC0 1.0,MEDLINE cooccurrence,false
UBERON:0001494,DOID:7148,CC0 1.0,MEDLINE cooccurrence,false
UBERON:0002407,DOID:2994,CC0 1.0,MEDLINE cooccurrence,false
UBERON:0002453,DOID:4481,CC0 1.0,MEDLINE cooccurrence,false
UBERON:0002129,DOID:11949,CC0 1.0,MEDLINE cooccurrence,false
UBERON:0002353,DOID:3393,CC0 1.0,MEDLINE cooccurrence,false
UBERON:0001469,DOID:8893,CC0 1.0,MEDLINE cooccurrence,false
UBERON:0001103,DOID:1115,CC0 1.0,MEDLINE cooccurrence,false
UBERON:0001072,DOID:175,CC0 1.0,MEDLINE cooccurrence,false
UBERON:0001705,DOID:9008,CC0 1.0,MEDLINE cooccurrence,false
UBERON:0001072,DOID:13241,CC0 1.0,MEDLINE cooccurrence,false
UBERON:0002110,DOID:9970,CC0 1.0,MEDLINE cooccurrence,false
UBERON:0001016,DOID:5419,CC0 1.0,MEDLINE cooccurrence,false
UBERON:0001470,DOID:9008,CC0 1.0,MEDLINE cooccurrence,false
UBERON:0001644,DOID:10941,CC0 1.0,MEDLINE cooccurrence,false
UBERON:0000978,DOID:1115,CC0 1.0,MEDLINE cooccurrence,false
UBERON:0000988,DOID:0050741,CC0 1.0,MEDLINE cooccurrence,false
UBERON:0001676,DOID:10941,CC0 1.0,MEDLINE cooccurrence,false
UBERON:0001585,DOID:1324,CC0 1.0,MEDLINE cooccurrence,false
UBERON:0001697,DOID:11934,CC0 1.0,MEDLINE cooccurrence,false
UBERON:0000978,DOID:1936,CC0 1.0,MEDLINE cooccurrence,false
UBERON:0001650,DOID:10941,CC0 1.0,MEDLINE cooccurrence,false
UBERON:0002516,DOID:1115,CC0 1.0,MEDLINE cooccurrence,false
UBERON:0001744,DOID:2174,CC0 1.0,MEDLINE cooccurrence,false
UBERON:0001643,DOID:10941,CC0 1.0,MEDLINE cooccurrence,false
UBERON:0001836,DOID:0050742,CC0 1.0,MEDLINE cooccurrence,false
UBERON:0002390,DOID:10534,CC0 1.0,MEDLINE cooccurrence,false
UBERON:0001676,DOID:11934,CC0 1.0,MEDLINE cooccurrence,false
UBERON:0001008,DOID:1993,CC0 1.0,MEDLINE cooccurrence,false
UBERON:0001515,DOID:5559,CC0 1.0,MEDLINE cooccurrence,false
UBERON:0001324,DOID:2377,CC0 1.0,MEDLINE cooccurrence,false
UBERON:0002286,DOID:3565,CC0 1.0,MEDLINE cooccurrence,false
UBERON:0001003,DOID:3310,CC0 1.0,MEDLINE cooccurrence,false
UBERON:0002523,DOID:9970,CC0 1.0,MEDLINE cooccurrence,false
UBERON:0000211,DOID:4362,CC0 1.0,MEDLINE cooccurrence,false
UBERON:0001300,DOID:13241,CC0 1.0,MEDLINE cooccurrence,false
UBERON:0002162,DOID:2377,CC0 1.0,MEDLINE cooccurrence,false
UBERON:0000974,DOID:0060119,CC0 1.0,MEDLINE cooccurrence,false
UBERON:0001890,DOID:1595,CC0 1.0,MEDLINE cooccurrence,false
UBERON:0002398,DOID:13189,CC0 1.0,MEDLINE cooccurrence,false
UBERON:0002240,DOID:14330,CC0 1.0,MEDLINE cooccurrence,false
UBERON:0000054,DOID:2994,CC0 1.0,MEDLINE cooccurrence,false
UBERON:0002354,DOID:12930,CC0 1.0,MEDLINE cooccurrence,false
UBERON:0001910,DOID:14330,CC0 1.0,MEDLINE cooccurrence,false
UBERON:0000955,DOID:3312,CC0 1.0,MEDLINE cooccurrence,false
UBERON:0001488,DOID:7148,CC0 1.0,MEDLINE cooccurrence,false
UBERON:0002130,DOID:3070,CC0 1.0,MEDLINE cooccurrence,false
UBERON:0002413,DOID:2377,CC0 1.0,MEDLINE cooccurrence,false
UBERON:0002298,DOID:1595,CC0 1.0,MEDLINE cooccurrence,false
UBERON:0000999,DOID:10283,CC0 1.0,MEDLINE cooccurrence,false
UBERON:0002223,DOID:1319,CC0 1.0,MEDLINE cooccurrence,false
UBERON:0000010,DOID:9352,CC0 1.0,MEDLINE cooccurrence,false
UBERON:0001649,DOID:8850,CC0 1.0,MEDLINE cooccurrence,false
UBERON:0001044,DOID:12365,CC0 1.0,MEDLINE cooccurrence,false
UBERON:0000991,DOID:263,CC0 1.0,MEDLINE cooccurrence,false
UBERON:0002299,DOID:0050156,CC0 1.0,MEDLINE cooccurrence,false
UBERON:0001780,DOID:6364,CC0 1.0,MEDLINE cooccurrence,false
UBERON:0001464,DOID:7148,CC0 1.0,MEDLINE cooccurrence,false
UBERON:0001310,DOID:2355,CC0 1.0,MEDLINE cooccurrence,false
UBERON:0000483,DOID:1790,CC0 1.0,MEDLINE cooccurrence,false
UBERON:0001690,DOID:4481,CC0 1.0,MEDLINE cooccurrence,false
UBERON:0002205,DOID:3277,CC0 1.0,MEDLINE cooccurrence,false
UBERON:0002102,DOID:1115,CC0 1.0,MEDLINE cooccurrence,false
UBERON:0001678,DOID:5408,CC0 1.0,MEDLINE cooccurrence,false
UBERON:0002384,DOID:1115,CC0 1.0,MEDLINE cooccurrence,false
UBERON:0001815,DOID:1192,CC0 1.0,MEDLINE cooccurrence,false
UBERON:0001645,DOID:0060119,CC0 1.0,MEDLINE cooccurrence,false
UBERON:0001598,DOID:6364,CC0 1.0,MEDLINE cooccurrence,false
UBERON:0001070,DOID:6364,CC0 1.0,MEDLINE cooccurrence,false
UBERON:0001775,DOID:1686,CC0 1.0,MEDLINE cooccurrence,false
UBERON:0001710,DOID:824,CC0 1.0,MEDLINE cooccurrence,false
UBERON:0002385,DOID:0050741,CC0 1.0,MEDLINE cooccurrence,false
UBERON:0001647,DOID:8850,CC0 1.0,MEDLINE cooccurrence,false
UBERON:0000010,DOID:1024,CC0 1.0,MEDLINE cooccurrence,false
UBERON:0001643,DOID:2174,CC0 1.0,MEDLINE cooccurrence,false
UBERON:0001768,DOID:2174,CC0 1.0,MEDLINE cooccurrence,false
UBERON:0001736,DOID:7148,CC0 1.0,MEDLINE cooccurrence,false
UBERON:0000482,DOID:1312,CC0 1.0,MEDLINE cooccurrence,false
UBERON:0001231,DOID:10763,CC0 1.0,MEDLINE cooccurrence,false
UBERON:0001681,DOID:11934,CC0 1.0,MEDLINE cooccurrence,false
UBERON:0000043,DOID:7148,CC0 1.0,MEDLINE cooccurrence,false
UBERON:0001910,DOID:1595,CC0 1.0,MEDLINE cooccurrence,false
UBERON:0001980,DOID:9744,CC0 1.0,MEDLINE cooccurrence,false
UBERON:0002398,DOID:332,CC0 1.0,MEDLINE cooccurrence,false
UBERON:0001089,DOID:14268,CC0 1.0,MEDLINE cooccurrence,false
UBERON:0001456,DOID:2174,CC0 1.0,MEDLINE cooccurrence,false
UBERON:0002360,DOID:1826,CC0 1.0,MEDLINE cooccurrence,false
UBERON:0001886,DOID:10941,CC0 1.0,MEDLINE cooccurrence,false
UBERON:0001771,DOID:10941,CC0 1.0,MEDLINE cooccurrence,false
UBERON:0001914,DOID:635,CC0 1.0,MEDLINE cooccurrence,false
UBERON:0001759,DOID:5041,CC0 1.0,MEDLINE cooccurrence,false
UBERON:0003216,DOID:11934,CC0 1.0,MEDLINE cooccurrence,false
UBERON:0002030,DOID:4159,CC0 1.0,MEDLINE cooccurrence,false
UBERON:0001597,DOID:332,CC0 1.0,MEDLINE cooccurrence,false
UBERON:0001283,DOID:12236,CC0 1.0,MEDLINE cooccurrence,false
UBERON:0002081,DOID:3393,CC0 1.0,MEDLINE cooccurrence,false
UBERON:0001988,DOID:7147,CC0 1.0,MEDLINE cooccurrence,false
UBERON:0001986,DOID:13378,CC0 1.0,MEDLINE cooccurrence,false
UBERON:0000996,DOID:2394,CC0 1.0,MEDLINE cooccurrence,false
UBERON:0002113,DOID:14221,CC0 1.0,MEDLINE cooccurrence,false
UBERON:0001744,DOID:10153,CC0 1.0,MEDLINE cooccurrence,false
UBERON:0001533,DOID:7693,CC0 1.0,MEDLINE cooccurrence,false
UBERON:0000013,DOID:10763,CC0 1.0,MEDLINE cooccurrence,false
UBERON:0000010,DOID:6364,CC0 1.0,MEDLINE cooccurrence,false
UBERON:0001492,DOID:1192,CC0 1.0,MEDLINE cooccurrence,false
UBERON:0000056,DOID:363,CC0 1.0,MEDLINE cooccurrence,false
UBERON:0002135,DOID:13378,CC0 1.0,MEDLINE cooccurrence,false
UBERON:0002411,DOID:1909,CC0 1.0,MEDLINE cooccurrence,false
UBERON:0001530,DOID:3393,CC0 1.0,MEDLINE cooccurrence,false
UBERON:0002110,DOID:4606,CC0 1.0,MEDLINE cooccurrence,false
UBERON:0000992,DOID:4362,CC0 1.0,MEDLINE cooccurrence,false
UBERON:0002110,DOID:1725,CC0 1.0,MEDLINE cooccurrence,false
UBERON:0001598,DOID:1192,CC0 1.0,MEDLINE cooccurrence,false
UBERON:0002097,DOID:8778,CC0 1.0,MEDLINE cooccurrence,false
UBERON:0001295,DOID:13223,CC0 1.0,MEDLINE cooccurrence,false
UBERON:0001646,DOID:184,CC0 1.0,MEDLINE cooccurrence,false
UBERON:0001986,DOID:418,CC0 1.0,MEDLINE cooccurrence,false
UBERON:0004535,DOID:9970,CC0 1.0,MEDLINE cooccurrence,false
UBERON:0000056,DOID:11054,CC0 1.0,MEDLINE cooccurrence,false
UBERON:0001594,DOID:175,CC0 1.0,MEDLINE cooccurrence,false
UBERON:0000483,DOID:10608,CC0 1.0,MEDLINE cooccurrence,false
UBERON:0003129,DOID:184,CC0 1.0,MEDLINE cooccurrence,false
UBERON:0001821,DOID:986,CC0 1.0,MEDLINE cooccurrence,false
UBERON:0003129,DOID:6364,CC0 1.0,MEDLINE cooccurrence,false
UBERON:0001300,DOID:2994,CC0 1.0,MEDLINE cooccurrence,false
UBERON:0001007,DOID:7148,CC0 1.0,MEDLINE cooccurrence,false
UBERON:0001461,DOID:4045,CC0 1.0,MEDLINE cooccurrence,false
UBERON:0002066,DOID:1115,CC0 1.0,MEDLINE cooccurrence,false
UBERON:0001736,DOID:824,CC0 1.0,MEDLINE cooccurrence,false
UBERON:0002223,DOID:12185,CC0 1.0,MEDLINE cooccurrence,false
UBERON:0002054,DOID:10763,CC0 1.0,MEDLINE cooccurrence,false
UBERON:0000948,DOID:1459,CC0 1.0,MEDLINE cooccurrence,false
UBERON:0002012,DOID:10763,CC0 1.0,MEDLINE cooccurrence,false
UBERON:0002228,DOID:7147,CC0 1.0,MEDLINE cooccurrence,false
UBERON:0002386,DOID:1192,CC0 1.0,MEDLINE cooccurrence,false
UBERON:0002385,DOID:0050425,CC0 1.0,MEDLINE cooccurrence,false
UBERON:0000941,DOID:3565,CC0 1.0,MEDLINE cooccurrence,false
UBERON:0001773,DOID:2994,CC0 1.0,MEDLINE cooccurrence,false
UBERON:0002204,DOID:1094,CC0 1.0,MEDLINE cooccurrence,false
UBERON:0001479,DOID:7148,CC0 1.0,MEDLINE cooccurrence,false
UBERON:0000996,DOID:1993,CC0 1.0,MEDLINE cooccurrence,false
UBERON:0001394,DOID:3393,CC0 1.0,MEDLINE cooccurrence,false
UBERON:0002012,DOID:1324,CC0 1.0,MEDLINE cooccurrence,false
UBERON:0001148,DOID:332,CC0 1.0,MEDLINE cooccurrence,false
UBERON:0002407,DOID:1725,CC0 1.0,MEDLINE cooccurrence,false
UBERON:0002097,DOID:9008,CC0 1.0,MEDLINE cooccurrence,false
UBERON:0002389,DOID:8893,CC0 1.0,MEDLINE cooccurrence,false
UBERON:0001323,DOID:332,CC0 1.0,MEDLINE cooccurrence,false
UBERON:0002385,DOID:12930,CC0 1.0,MEDLINE cooccurrence,false
UBERON:0002385,DOID:10763,CC0 1.0,MEDLINE cooccurrence,false
UBERON:0002521,DOID:3083,CC0 1.0,MEDLINE cooccurrence,false
UBERON:0000043,DOID:8893,CC0 1.0,MEDLINE cooccurrence,false
UBERON:0000006,DOID:9744,CC0 1.0,MEDLINE cooccurrence,false
UBERON:0001836,DOID:216,CC0 1.0,MEDLINE cooccurrence,false
UBERON:0002515,DOID:1115,CC0 1.0,MEDLINE cooccurrence,false
UBERON:0002113,DOID:784,CC0 1.0,MEDLINE cooccurrence,false
UBERON:0001088,DOID:2986,CC0 1.0,MEDLINE cooccurrence,false
UBERON:0002102,DOID:4159,CC0 1.0,MEDLINE cooccurrence,false
UBERON:0001013,DOID:11612,CC0 1.0,MEDLINE cooccurrence,false
UBERON:0006849,DOID:8398,CC0 1.0,MEDLINE cooccurrence,false
UBERON:0002522,DOID:9074,CC0 1.0,MEDLINE cooccurrence,false
UBERON:0001840,DOID:1192,CC0 1.0,MEDLINE cooccurrence,false
UBERON:0002365,DOID:4362,CC0 1.0,MEDLINE cooccurrence,false
UBERON:0002387,DOID:0050425,CC0 1.0,MEDLINE cooccurrence,false
UBERON:0002517,DOID:184,CC0 1.0,MEDLINE cooccurrence,false
UBERON:0001323,DOID:9744,CC0 1.0,MEDLINE cooccurrence,false
UBERON:0000178,DOID:784,CC0 1.0,MEDLINE cooccurrence,false
UBERON:0001619,DOID:3565,CC0 1.0,MEDLINE cooccurrence,false
UBERON:0001235,DOID:1595,CC0 1.0,MEDLINE cooccurrence,false
UBERON:0001579,DOID:1192,CC0 1.0,MEDLINE cooccurrence,false
UBERON:0001013,DOID:12361,CC0 1.0,MEDLINE cooccurrence,false
UBERON:0001587,DOID:13241,CC0 1.0,MEDLINE cooccurrence,false
UBERON:0001645,DOID:1024,CC0 1.0,MEDLINE cooccurrence,false
UBERON:0000948,DOID:10763,CC0 1.0,MEDLINE cooccurrence,false
UBERON:0001193,DOID:10021,CC0 1.0,MEDLINE cooccurrence,false
UBERON:0002097,DOID:635,CC0 1.0,MEDLINE cooccurrence,false
UBERON:0001707,DOID:4481,CC0 1.0,MEDLINE cooccurrence,false
UBERON:0000922,DOID:11612,CC0 1.0,MEDLINE cooccurrence,false
UBERON:0001646,DOID:2994,CC0 1.0,MEDLINE cooccurrence,false
UBERON:0001130,DOID:5408,CC0 1.0,MEDLINE cooccurrence,false
UBERON:0001733,DOID:8850,CC0 1.0,MEDLINE cooccurrence,false
UBERON:0000004,DOID:1024,CC0 1.0,MEDLINE cooccurrence,false
UBERON:0002294,DOID:3121,CC0 1.0,MEDLINE cooccurrence,false
UBERON:0001437,DOID:8398,CC0 1.0,MEDLINE cooccurrence,false
UBERON:0001644,DOID:3565,CC0 1.0,MEDLINE cooccurrence,false
UBERON:0000959,DOID:3070,CC0 1.0,MEDLINE cooccurrence,false
UBERON:0001825,DOID:2994,CC0 1.0,MEDLINE cooccurrence,false
UBERON:0000989,DOID:1993,CC0 1.0,MEDLINE cooccurrence,false
UBERON:0002363,DOID:6364,CC0 1.0,MEDLINE cooccurrence,false
UBERON:0000002,DOID:1245,CC0 1.0,MEDLINE cooccurrence,false
UBERON:0001174,DOID:12236,CC0 1.0,MEDLINE cooccurrence,false
UBERON:0002162,DOID:10763,CC0 1.0,MEDLINE cooccurrence,false
UBERON:0002165,DOID:13378,CC0 1.0,MEDLINE cooccurrence,false
UBERON:0002521,DOID:10941,CC0 1.0,MEDLINE cooccurrence,false
UBERON:0000483,DOID:11054,CC0 1.0,MEDLINE cooccurrence,false
UBERON:0001905,DOID:2174,CC0 1.0,MEDLINE cooccurrence,false
UBERON:0001003,DOID:8893,CC0 1.0,MEDLINE cooccurrence,false
UBERON:0002486,DOID:11934,CC0 1.0,MEDLINE cooccurrence,false
UBERON:0001970,DOID:4606,CC0 1.0,MEDLINE cooccurrence,false
UBERON:0001456,DOID:5419,CC0 1.0,MEDLINE cooccurrence,false
UBERON:0001694,DOID:2994,CC0 1.0,MEDLINE cooccurrence,false
UBERON:0001684,DOID:8850,CC0 1.0,MEDLINE cooccurrence,false
UBERON:0001132,DOID:1781,CC0 1.0,MEDLINE cooccurrence,false
UBERON:0001716,DOID:11934,CC0 1.0,MEDLINE cooccurrence,false
UBERON:0002369,DOID:1595,CC0 1.0,MEDLINE cooccurrence,false
UBERON:0001464,DOID:184,CC0 1.0,MEDLINE cooccurrence,false
UBERON:0001971,DOID:4989,CC0 1.0,MEDLINE cooccurrence,false
UBERON:0001981,DOID:418,CC0 1.0,MEDLINE cooccurrence,false
UBERON:0001300,DOID:1993,CC0 1.0,MEDLINE cooccurrence,false
UBERON:0001323,DOID:1192,CC0 1.0,MEDLINE cooccurrence,false
UBERON:0001697,DOID:12361,CC0 1.0,MEDLINE cooccurrence,false
UBERON:0002107,DOID:0050741,CC0 1.0,MEDLINE cooccurrence,false
UBERON:0002130,DOID:11119,CC0 1.0,MEDLINE cooccurrence,false
UBERON:0001723,DOID:824,CC0 1.0,MEDLINE cooccurrence,false
UBERON:0000966,DOID:2377,CC0 1.0,MEDLINE cooccurrence,false
UBERON:0001637,DOID:10941,CC0 1.0,MEDLINE cooccurrence,false
UBERON:0001021,DOID:1024,CC0 1.0,MEDLINE cooccurrence,false
UBERON:0002481,DOID:5408,CC0 1.0,MEDLINE cooccurrence,false
UBERON:0001825,DOID:3565,CC0 1.0,MEDLINE cooccurrence,false
UBERON:0001697,DOID:3565,CC0 1.0,MEDLINE cooccurrence,false
UBERON:0001697,DOID:9296,CC0 1.0,MEDLINE cooccurrence,false
UBERON:0002371,DOID:1115,CC0 1.0,MEDLINE cooccurrence,false
UBERON:0001981,DOID:3070,CC0 1.0,MEDLINE cooccurrence,false
UBERON:0001007,DOID:8577,CC0 1.0,MEDLINE cooccurrence,false
UBERON:0000997,DOID:1909,CC0 1.0,MEDLINE cooccurrence,false
UBERON:0002389,DOID:14330,CC0 1.0,MEDLINE cooccurrence,false
UBERON:0000995,DOID:13223,CC0 1.0,MEDLINE cooccurrence,false
UBERON:0000946,DOID:2994,CC0 1.0,MEDLINE cooccurrence,false
UBERON:0002369,DOID:2994,CC0 1.0,MEDLINE cooccurrence,false
UBERON:0000033,DOID:6364,CC0 1.0,MEDLINE cooccurrence,false
UBERON:0001646,DOID:6364,CC0 1.0,MEDLINE cooccurrence,false
UBERON:0001893,DOID:3070,CC0 1.0,MEDLINE cooccurrence,false
UBERON:0001464,DOID:1115,CC0 1.0,MEDLINE cooccurrence,false
UBERON:0001194,DOID:175,CC0 1.0,MEDLINE cooccurrence,false
UBERON:0000011,DOID:1595,CC0 1.0,MEDLINE cooccurrence,false
UBERON:0001003,DOID:4159,CC0 1.0,MEDLINE cooccurrence,false
UBERON:0002347,DOID:5408,CC0 1.0,MEDLINE cooccurrence,false
UBERON:0001530,DOID:14221,CC0 1.0,MEDLINE cooccurrence,false
UBERON:0000978,DOID:1909,CC0 1.0,MEDLINE cooccurrence,false
UBERON:0000029,DOID:10153,CC0 1.0,MEDLINE cooccurrence,false
UBERON:0000165,DOID:13241,CC0 1.0,MEDLINE cooccurrence,false
UBERON:0004535,DOID:0050741,CC0 1.0,MEDLINE cooccurrence,false
UBERON:0001597,DOID:1115,CC0 1.0,MEDLINE cooccurrence,false
UBERON:0000992,DOID:2394,CC0 1.0,MEDLINE cooccurrence,false
UBERON:0002707,DOID:1826,CC0 1.0,MEDLINE cooccurrence,false
UBERON:0001627,DOID:1936,CC0 1.0,MEDLINE cooccurrence,false
UBERON:0002414,DOID:8398,CC0 1.0,MEDLINE cooccurrence,false
UBERON:0001980,DOID:9352,CC0 1.0,MEDLINE cooccurrence,false
UBERON:0002410,DOID:0050425,CC0 1.0,MEDLINE cooccurrence,false
UBERON:0001827,DOID:6364,CC0 1.0,MEDLINE cooccurrence,false
UBERON:0001460,DOID:9970,CC0 1.0,MEDLINE cooccurrence,false
UBERON:0001463,DOID:184,CC0 1.0,MEDLINE cooccurrence,false
UBERON:0001785,DOID:3565,CC0 1.0,MEDLINE cooccurrence,false
UBERON:0002363,DOID:3070,CC0 1.0,MEDLINE cooccurrence,false
UBERON:0002397,DOID:0060119,CC0 1.0,MEDLINE cooccurrence,false
UBERON:0000991,DOID:2394,CC0 1.0,MEDLINE cooccurrence,false
UBERON:0001017,DOID:332,CC0 1.0,MEDLINE cooccurrence,false
UBERON:0000038,DOID:2394,CC0 1.0,MEDLINE cooccurrence,false
UBERON:0001283,DOID:14268,CC0 1.0,MEDLINE cooccurrence,false
UBERON:0001016,DOID:13241,CC0 1.0,MEDLINE cooccurrence,false
UBERON:0001090,DOID:8893,CC0 1.0,MEDLINE cooccurrence,false
UBERON:0004535,DOID:1936,CC0 1.0,MEDLINE cooccurrence,false
UBERON:0001090,DOID:7147,CC0 1.0,MEDLINE cooccurrence,false
UBERON:0000941,DOID:1909,CC0 1.0,MEDLINE cooccurrence,false
UBERON:0001530,DOID:1936,CC0 1.0,MEDLINE cooccurrence,false
UBERON:0002386,DOID:4159,CC0 1.0,MEDLINE cooccurrence,false
UBERON:0002165,DOID:3393,CC0 1.0,MEDLINE cooccurrence,false
UBERON:0000483,DOID:219,CC0 1.0,MEDLINE cooccurrence,false
UBERON:0001597,DOID:6364,CC0 1.0,MEDLINE cooccurrence,false
UBERON:0000985,DOID:1612,CC0 1.0,MEDLINE cooccurrence,false
UBERON:0002523,DOID:11714,CC0 1.0,MEDLINE cooccurrence,false
UBERON:0001437,DOID:1115,CC0 1.0,MEDLINE cooccurrence,false
UBERON:0002517,DOID:4481,CC0 1.0,MEDLINE cooccurrence,false
UBERON:0000053,DOID:2174,CC0 1.0,MEDLINE cooccurrence,false
UBERON:0001456,DOID:1094,CC0 1.0,MEDLINE cooccurrence,false
UBERON:0001818,DOID:4159,CC0 1.0,MEDLINE cooccurrence,false
UBERON:0002405,DOID:2531,CC0 1.0,MEDLINE cooccurrence,false
UBERON:0002352,DOID:13378,CC0 1.0,MEDLINE cooccurrence,false
UBERON:0001986,DOID:14221,CC0 1.0,MEDLINE cooccurrence,false
UBERON:0002387,DOID:4159,CC0 1.0,MEDLINE cooccurrence,false
UBERON:0001694,DOID:0060119,CC0 1.0,MEDLINE cooccurrence,false
UBERON:0000482,DOID:1612,CC0 1.0,MEDLINE cooccurrence,false
UBERON:0002037,DOID:1192,CC0 1.0,MEDLINE cooccurrence,false
UBERON:0001905,DOID:3565,CC0 1.0,MEDLINE cooccurrence,false
UBERON:0001750,DOID:4481,CC0 1.0,MEDLINE cooccurrence,false
UBERON:0001780,DOID:0050741,CC0 1.0,MEDLINE cooccurrence,false
UBERON:0002134,DOID:3393,CC0 1.0,MEDLINE cooccurrence,false
UBERON:0001103,DOID:332,CC0 1.0,MEDLINE cooccurrence,false
UBERON:0001225,DOID:2355,CC0 1.0,MEDLINE cooccurrence,false
UBERON:0001597,DOID:4045,CC0 1.0,MEDLINE cooccurrence,false
UBERON:0002398,DOID:4159,CC0 1.0,MEDLINE cooccurrence,false
UBERON:0002405,DOID:418,CC0 1.0,MEDLINE cooccurrence,false
UBERON:0000033,DOID:11934,CC0 1.0,MEDLINE cooccurrence,false
UBERON:0001866,DOID:2394,CC0 1.0,MEDLINE cooccurrence,false
UBERON:0003092,DOID:1781,CC0 1.0,MEDLINE cooccurrence,false
UBERON:0000007,DOID:3953,CC0 1.0,MEDLINE cooccurrence,false
UBERON:0001007,DOID:418,CC0 1.0,MEDLINE cooccurrence,false
UBERON:0002046,DOID:1459,CC0 1.0,MEDLINE cooccurrence,false
UBERON:0001587,DOID:1612,CC0 1.0,MEDLINE cooccurrence,false
UBERON:0001599,DOID:2377,CC0 1.0,MEDLINE cooccurrence,false
UBERON:0000985,DOID:784,CC0 1.0,MEDLINE cooccurrence,false
UBERON:0000997,DOID:1993,CC0 1.0,MEDLINE cooccurrence,false
UBERON:0002378,DOID:1993,CC0 1.0,MEDLINE cooccurrence,false
UBERON:0002405,DOID:1936,CC0 1.0,MEDLINE cooccurrence,false
UBERON:0004727,DOID:1192,CC0 1.0,MEDLINE cooccurrence,false
UBERON:0001690,DOID:8850,CC0 1.0,MEDLINE cooccurrence,false
UBERON:0001456,DOID:824,CC0 1.0,MEDLINE cooccurrence,false
UBERON:0002102,DOID:184,CC0 1.0,MEDLINE cooccurrence,false
UBERON:0002522,DOID:784,CC0 1.0,MEDLINE cooccurrence,false
UBERON:0000949,DOID:2394,CC0 1.0,MEDLINE cooccurrence,false
UBERON:0002048,DOID:3083,CC0 1.0,MEDLINE cooccurrence,false
UBERON:0002389,DOID:13189,CC0 1.0,MEDLINE cooccurrence,false
UBERON:0001833,DOID:11934,CC0 1.0,MEDLINE cooccurrence,false
UBERON:0000991,DOID:0050741,CC0 1.0,MEDLINE cooccurrence,false
UBERON:0001016,DOID:6364,CC0 1.0,MEDLINE cooccurrence,false
UBERON:0002060,DOID:784,CC0 1.0,MEDLINE cooccurrence,false
UBERON:0000989,DOID:11054,CC0 1.0,MEDLINE cooccurrence,false
UBERON:0000483,DOID:8577,CC0 1.0,MEDLINE cooccurrence,false
UBERON:0001711,DOID:1024,CC0 1.0,MEDLINE cooccurrence,false
UBERON:0001971,DOID:2355,CC0 1.0,MEDLINE cooccurrence,false
UBERON:0000029,DOID:3277,CC0 1.0,MEDLINE cooccurrence,false
UBERON:0002275,DOID:12849,CC0 1.0,MEDLINE cooccurrence,false
UBERON:0004452,DOID:13189,CC0 1.0,MEDLINE cooccurrence,false
UBERON:0001836,DOID:824,CC0 1.0,MEDLINE cooccurrence,false
UBERON:0002066,DOID:2355,CC0 1.0,MEDLINE cooccurrence,false
UBERON:0001456,DOID:418,CC0 1.0,MEDLINE cooccurrence,false
UBERON:0000473,DOID:2994,CC0 1.0,MEDLINE cooccurrence,false
UBERON:0000995,DOID:1725,CC0 1.0,MEDLINE cooccurrence,false
UBERON:0000975,DOID:1781,CC0 1.0,MEDLINE cooccurrence,false
UBERON:0001184,DOID:1936,CC0 1.0,MEDLINE cooccurrence,false
UBERON:0001756,DOID:4045,CC0 1.0,MEDLINE cooccurrence,false
UBERON:0001986,DOID:1312,CC0 1.0,MEDLINE cooccurrence,false
UBERON:0001324,DOID:0050741,CC0 1.0,MEDLINE cooccurrence,false
UBERON:0000483,DOID:824,CC0 1.0,MEDLINE cooccurrence,false
UBERON:0001764,DOID:184,CC0 1.0,MEDLINE cooccurrence,false
UBERON:0002019,DOID:11934,CC0 1.0,MEDLINE cooccurrence,false
UBERON:0001515,DOID:175,CC0 1.0,MEDLINE cooccurrence,false
UBERON:0001585,DOID:175,CC0 1.0,MEDLINE cooccurrence,false
UBERON:0001986,DOID:3393,CC0 1.0,MEDLINE cooccurrence,false
UBERON:0001769,DOID:263,CC0 1.0,MEDLINE cooccurrence,false
UBERON:0002349,DOID:10763,CC0 1.0,MEDLINE cooccurrence,false
UBERON:0002387,DOID:9352,CC0 1.0,MEDLINE cooccurrence,false
UBERON:0002099,DOID:12930,CC0 1.0,MEDLINE cooccurrence,false
UBERON:0001821,DOID:2174,CC0 1.0,MEDLINE cooccurrence,false
UBERON:0000955,DOID:1319,CC0 1.0,MEDLINE cooccurrence,false
UBERON:0002054,DOID:3953,CC0 1.0,MEDLINE cooccurrence,false
UBERON:0002353,DOID:12930,CC0 1.0,MEDLINE cooccurrence,false
UBERON:0000043,DOID:7147,CC0 1.0,MEDLINE cooccurrence,false
UBERON:0002481,DOID:11476,CC0 1.0,MEDLINE cooccurrence,false
UBERON:0001135,DOID:12236,CC0 1.0,MEDLINE cooccurrence,false
UBERON:0001887,DOID:1319,CC0 1.0,MEDLINE cooccurrence,false
UBERON:0002250,DOID:184,CC0 1.0,MEDLINE cooccurrence,false
UBERON:0001460,DOID:332,CC0 1.0,MEDLINE cooccurrence,false
UBERON:0001724,DOID:10941,CC0 1.0,MEDLINE cooccurrence,false
UBERON:0001352,DOID:2994,CC0 1.0,MEDLINE cooccurrence,false
UBERON:0002099,DOID:11714,CC0 1.0,MEDLINE cooccurrence,false
UBERON:0001756,DOID:11934,CC0 1.0,MEDLINE cooccurrence,false
UBERON:0002377,DOID:1192,CC0 1.0,MEDLINE cooccurrence,false
UBERON:0001814,DOID:11714,CC0 1.0,MEDLINE cooccurrence,false
UBERON:0001905,DOID:1319,CC0 1.0,MEDLINE cooccurrence,false
UBERON:0000998,DOID:14227,CC0 1.0,MEDLINE cooccurrence,false
UBERON:0002250,DOID:7693,CC0 1.0,MEDLINE cooccurrence,false
UBERON:0002294,DOID:10021,CC0 1.0,MEDLINE cooccurrence,false
UBERON:0003129,DOID:2994,CC0 1.0,MEDLINE cooccurrence,false
UBERON:0001488,DOID:184,CC0 1.0,MEDLINE cooccurrence,false
UBERON:0002394,DOID:12236,CC0 1.0,MEDLINE cooccurrence,false
UBERON:0001981,DOID:10534,CC0 1.0,MEDLINE cooccurrence,false
UBERON:0000988,DOID:13241,CC0 1.0,MEDLINE cooccurrence,false
UBERON:0002410,DOID:1826,CC0 1.0,MEDLINE cooccurrence,false
UBERON:0001676,DOID:1319,CC0 1.0,MEDLINE cooccurrence,false
UBERON:0001710,DOID:11934,CC0 1.0,MEDLINE cooccurrence,false
UBERON:0001295,DOID:11612,CC0 1.0,MEDLINE cooccurrence,false
UBERON:0001535,DOID:14004,CC0 1.0,MEDLINE cooccurrence,false
UBERON:0001322,DOID:2994,CC0 1.0,MEDLINE cooccurrence,false
UBERON:0000010,DOID:2377,CC0 1.0,MEDLINE cooccurrence,false
UBERON:0002369,DOID:1612,CC0 1.0,MEDLINE cooccurrence,false
UBERON:0002185,DOID:5559,CC0 1.0,MEDLINE cooccurrence,false
UBERON:0001228,DOID:10763,CC0 1.0,MEDLINE cooccurrence,false
UBERON:0002384,DOID:7148,CC0 1.0,MEDLINE cooccurrence,false
UBERON:0001860,DOID:1192,CC0 1.0,MEDLINE cooccurrence,false
UBERON:0002398,DOID:3310,CC0 1.0,MEDLINE cooccurrence,false
UBERON:0001021,DOID:14330,CC0 1.0,MEDLINE cooccurrence,false
UBERON:0001532,DOID:6364,CC0 1.0,MEDLINE cooccurrence,false
UBERON:0001980,DOID:3393,CC0 1.0,MEDLINE cooccurrence,false
UBERON:0001494,DOID:332,CC0 1.0,MEDLINE cooccurrence,false
UBERON:0001585,DOID:12930,CC0 1.0,MEDLINE cooccurrence,false
UBERON:0001182,DOID:4606,CC0 1.0,MEDLINE cooccurrence,false
UBERON:0002500,DOID:3565,CC0 1.0,MEDLINE cooccurrence,false
UBERON:0002522,DOID:9970,CC0 1.0,MEDLINE cooccurrence,false
UBERON:0002410,DOID:14330,CC0 1.0,MEDLINE cooccurrence,false
UBERON:0002081,DOID:3953,CC0 1.0,MEDLINE cooccurrence,false
UBERON:0001174,DOID:14268,CC0 1.0,MEDLINE cooccurrence,false
UBERON:0000029,DOID:1115,CC0 1.0,MEDLINE cooccurrence,false
UBERON:0001070,DOID:0060119,CC0 1.0,MEDLINE cooccurrence,false
UBERON:0002481,DOID:784,CC0 1.0,MEDLINE cooccurrence,false
UBERON:0002185,DOID:1324,CC0 1.0,MEDLINE cooccurrence,false
UBERON:0001694,DOID:1115,CC0 1.0,MEDLINE cooccurrence,false
UBERON:0001891,DOID:3070,CC0 1.0,MEDLINE cooccurrence,false
UBERON:0001394,DOID:7693,CC0 1.0,MEDLINE cooccurrence,false
UBERON:0002410,DOID:3312,CC0 1.0,MEDLINE cooccurrence,false
UBERON:0001305,DOID:11612,CC0 1.0,MEDLINE cooccurrence,false
UBERON:0001627,DOID:10941,CC0 1.0,MEDLINE cooccurrence,false
UBERON:0002298,DOID:1319,CC0 1.0,MEDLINE cooccurrence,false
UBERON:0001710,DOID:216,CC0 1.0,MEDLINE cooccurrence,false
UBERON:0001267,DOID:4045,CC0 1.0,MEDLINE cooccurrence,false
UBERON:0001911,DOID:1115,CC0 1.0,MEDLINE cooccurrence,false
UBERON:0002515,DOID:11476,CC0 1.0,MEDLINE cooccurrence,false
UBERON:0000029,DOID:4606,CC0 1.0,MEDLINE cooccurrence,false
UBERON:0002081,DOID:1115,CC0 1.0,MEDLINE cooccurrence,false
UBERON:0004535,DOID:6364,CC0 1.0,MEDLINE cooccurrence,false
UBERON:0001711,DOID:11934,CC0 1.0,MEDLINE cooccurrence,false
UBERON:0001744,DOID:5559,CC0 1.0,MEDLINE cooccurrence,false
UBERON:0001288,DOID:784,CC0 1.0,MEDLINE cooccurrence,false
UBERON:0002351,DOID:3393,CC0 1.0,MEDLINE cooccurrence,false
UBERON:0000211,DOID:9835,CC0 1.0,MEDLINE cooccurrence,false
UBERON:0001988,DOID:2355,CC0 1.0,MEDLINE cooccurrence,false
UBERON:0000045,DOID:1826,CC0 1.0,MEDLINE cooccurrence,false
UBERON:0002512,DOID:11612,CC0 1.0,MEDLINE cooccurrence,false
UBERON:0001232,DOID:263,CC0 1.0,MEDLINE cooccurrence,false
UBERON:0001734,DOID:0060119,CC0 1.0,MEDLINE cooccurrence,false
UBERON:0001821,DOID:1245,CC0 1.0,MEDLINE cooccurrence,false
UBERON:0001016,DOID:12849,CC0 1.0,MEDLINE cooccurrence,false
UBERON:0001637,DOID:9352,CC0 1.0,MEDLINE cooccurrence,false
UBERON:0002137,DOID:3393,CC0 1.0,MEDLINE cooccurrence,false
UBERON:0002010,DOID:1793,CC0 1.0,MEDLINE cooccurrence,false
UBERON:0004288,DOID:11476,CC0 1.0,MEDLINE cooccurrence,false
UBERON:0002250,DOID:13241,CC0 1.0,MEDLINE cooccurrence,false
UBERON:0000029,DOID:13499,CC0 1.0,MEDLINE cooccurrence,false
UBERON:0001456,DOID:9296,CC0 1.0,MEDLINE cooccurrence,false
UBERON:0001324,DOID:14330,CC0 1.0,MEDLINE cooccurrence,false
UBERON:0001677,DOID:1826,CC0 1.0,MEDLINE cooccurrence,false
UBERON:0000473,DOID:5875,CC0 1.0,MEDLINE cooccurrence,false
UBERON:0002303,DOID:1312,CC0 1.0,MEDLINE cooccurrence,false
UBERON:0001764,DOID:1909,CC0 1.0,MEDLINE cooccurrence,false
UBERON:0002378,DOID:1725,CC0 1.0,MEDLINE cooccurrence,false
UBERON:0002362,DOID:1192,CC0 1.0,MEDLINE cooccurrence,false
UBERON:0002148,DOID:1094,CC0 1.0,MEDLINE cooccurrence,false
UBERON:0001174,DOID:4045,CC0 1.0,MEDLINE cooccurrence,false
UBERON:0001598,DOID:8850,CC0 1.0,MEDLINE cooccurrence,false
UBERON:0000013,DOID:784,CC0 1.0,MEDLINE cooccurrence,false
UBERON:0001684,DOID:1115,CC0 1.0,MEDLINE cooccurrence,false
UBERON:0001744,DOID:10608,CC0 1.0,MEDLINE cooccurrence,false
UBERON:0001004,DOID:3083,CC0 1.0,MEDLINE cooccurrence,false
UBERON:0002407,DOID:1324,CC0 1.0,MEDLINE cooccurrence,false
UBERON:0000949,DOID:9970,CC0 1.0,MEDLINE cooccurrence,false
UBERON:0000955,DOID:1094,CC0 1.0,MEDLINE cooccurrence,false
UBERON:0002286,DOID:1319,CC0 1.0,MEDLINE cooccurrence,false
UBERON:0001585,DOID:1115,CC0 1.0,MEDLINE cooccurrence,false
UBERON:0002384,DOID:7693,CC0 1.0,MEDLINE cooccurrence,false
UBERON:0002453,DOID:3565,CC0 1.0,MEDLINE cooccurrence,false
UBERON:0001193,DOID:3121,CC0 1.0,MEDLINE cooccurrence,false
UBERON:0001711,DOID:1909,CC0 1.0,MEDLINE cooccurrence,false
UBERON:0004288,DOID:184,CC0 1.0,MEDLINE cooccurrence,false
UBERON:0001678,DOID:8850,CC0 1.0,MEDLINE cooccurrence,false
UBERON:0002097,DOID:1612,CC0 1.0,MEDLINE cooccurrence,false
UBERON:0000211,DOID:12185,CC0 1.0,MEDLINE cooccurrence,false
UBERON:0002394,DOID:3121,CC0 1.0,MEDLINE cooccurrence,false
UBERON:0002135,DOID:12930,CC0 1.0,MEDLINE cooccurrence,false
UBERON:0001295,DOID:119,CC0 1.0,MEDLINE cooccurrence,false
UBERON:0001815,DOID:2994,CC0 1.0,MEDLINE cooccurrence,false
UBERON:0002081,DOID:13223,CC0 1.0,MEDLINE cooccurrence,false
UBERON:0001744,DOID:8577,CC0 1.0,MEDLINE cooccurrence,false
UBERON:0002378,DOID:4159,CC0 1.0,MEDLINE cooccurrence,false
UBERON:0001783,DOID:2174,CC0 1.0,MEDLINE cooccurrence,false
UBERON:0001645,DOID:2994,CC0 1.0,MEDLINE cooccurrence,false
UBERON:0000996,DOID:4045,CC0 1.0,MEDLINE cooccurrence,false
UBERON:0002606,DOID:1319,CC0 1.0,MEDLINE cooccurrence,false
UBERON:0001494,DOID:0050741,CC0 1.0,MEDLINE cooccurrence,false
UBERON:0000029,DOID:8778,CC0 1.0,MEDLINE cooccurrence,false
UBERON:0004452,DOID:9008,CC0 1.0,MEDLINE cooccurrence,false
UBERON:0002365,DOID:4481,CC0 1.0,MEDLINE cooccurrence,false
UBERON:0002097,DOID:3310,CC0 1.0,MEDLINE cooccurrence,false
UBERON:0001772,DOID:9835,CC0 1.0,MEDLINE cooccurrence,false
UBERON:0000029,DOID:1993,CC0 1.0,MEDLINE cooccurrence,false
UBERON:0002297,DOID:1612,CC0 1.0,MEDLINE cooccurrence,false
UBERON:0002298,DOID:11949,CC0 1.0,MEDLINE cooccurrence,false
UBERON:0002107,DOID:14268,CC0 1.0,MEDLINE cooccurrence,false
UBERON:0001088,DOID:11612,CC0 1.0,MEDLINE cooccurrence,false
UBERON:0001711,DOID:12361,CC0 1.0,MEDLINE cooccurrence,false
UBERON:0001467,DOID:7148,CC0 1.0,MEDLINE cooccurrence,false
UBERON:0001783,DOID:1686,CC0 1.0,MEDLINE cooccurrence,false
UBERON:0002040,DOID:1324,CC0 1.0,MEDLINE cooccurrence,false
UBERON:0000029,DOID:1725,CC0 1.0,MEDLINE cooccurrence,false
UBERON:0001694,DOID:4045,CC0 1.0,MEDLINE cooccurrence,false
UBERON:0001691,DOID:4045,CC0 1.0,MEDLINE cooccurrence,false
UBERON:0002390,DOID:12365,CC0 1.0,MEDLINE cooccurrence,false
UBERON:0001759,DOID:2841,CC0 1.0,MEDLINE cooccurrence,false
UBERON:0001633,DOID:6364,CC0 1.0,MEDLINE cooccurrence,false
UBERON:0002103,DOID:1024,CC0 1.0,MEDLINE cooccurrence,false
UBERON:0001530,DOID:9970,CC0 1.0,MEDLINE cooccurrence,false
UBERON:0004452,DOID:7148,CC0 1.0,MEDLINE cooccurrence,false
UBERON:0000955,DOID:3565,CC0 1.0,MEDLINE cooccurrence,false
UBERON:0001640,DOID:1725,CC0 1.0,MEDLINE cooccurrence,false
UBERON:0001467,DOID:8398,CC0 1.0,MEDLINE cooccurrence,false
UBERON:0002135,DOID:784,CC0 1.0,MEDLINE cooccurrence,false
UBERON:0003126,DOID:11920,CC0 1.0,MEDLINE cooccurrence,false
UBERON:0002367,DOID:11054,CC0 1.0,MEDLINE cooccurrence,false
UBERON:0001805,DOID:10763,CC0 1.0,MEDLINE cooccurrence,false
UBERON:0001007,DOID:9206,CC0 1.0,MEDLINE cooccurrence,false
UBERON:0000978,DOID:0050425,CC0 1.0,MEDLINE cooccurrence,false
UBERON:0001132,DOID:585,CC0 1.0,MEDLINE cooccurrence,false
UBERON:0002522,DOID:7693,CC0 1.0,MEDLINE cooccurrence,false
UBERON:0001716,DOID:824,CC0 1.0,MEDLINE cooccurrence,false
UBERON:0001969,DOID:12365,CC0 1.0,MEDLINE cooccurrence,false
UBERON:0001785,DOID:8850,CC0 1.0,MEDLINE cooccurrence,false
UBERON:0001225,DOID:10763,CC0 1.0,MEDLINE cooccurrence,false
UBERON:0001193,DOID:219,CC0 1.0,MEDLINE cooccurrence,false
UBERON:0001836,DOID:2841,CC0 1.0,MEDLINE cooccurrence,false
UBERON:0001968,DOID:2043,CC0 1.0,MEDLINE cooccurrence,false
UBERON:0001598,DOID:0060119,CC0 1.0,MEDLINE cooccurrence,false
UBERON:0001021,DOID:784,CC0 1.0,MEDLINE cooccurrence,false
UBERON:0001627,DOID:10763,CC0 1.0,MEDLINE cooccurrence,false
UBERON:0001694,DOID:1192,CC0 1.0,MEDLINE cooccurrence,false
UBERON:0001470,DOID:7147,CC0 1.0,MEDLINE cooccurrence,false
UBERON:0001585,DOID:13241,CC0 1.0,MEDLINE cooccurrence,false
UBERON:0001533,DOID:10941,CC0 1.0,MEDLINE cooccurrence,false
UBERON:0001070,DOID:10941,CC0 1.0,MEDLINE cooccurrence,false
UBERON:0001461,DOID:9008,CC0 1.0,MEDLINE cooccurrence,false
UBERON:0002162,DOID:9970,CC0 1.0,MEDLINE cooccurrence,false
UBERON:0001896,DOID:1826,CC0 1.0,MEDLINE cooccurrence,false
UBERON:0001893,DOID:12849,CC0 1.0,MEDLINE cooccurrence,false
UBERON:0002285,DOID:10652,CC0 1.0,MEDLINE cooccurrence,false
UBERON:0002240,DOID:14004,CC0 1.0,MEDLINE cooccurrence,false
UBERON:0001710,DOID:0060119,CC0 1.0,MEDLINE cooccurrence,false
UBERON:0001485,DOID:1115,CC0 1.0,MEDLINE cooccurrence,false
UBERON:0001285,DOID:11819,CC0 1.0,MEDLINE cooccurrence,false
UBERON:0002378,DOID:8577,CC0 1.0,MEDLINE cooccurrence,false
UBERON:0001783,DOID:1909,CC0 1.0,MEDLINE cooccurrence,false
UBERON:0001264,DOID:1793,CC0 1.0,MEDLINE cooccurrence,false
UBERON:0001021,DOID:9744,CC0 1.0,MEDLINE cooccurrence,false
UBERON:0000013,DOID:14221,CC0 1.0,MEDLINE cooccurrence,false
UBERON:0000029,DOID:2596,CC0 1.0,MEDLINE cooccurrence,false
UBERON:0002363,DOID:2994,CC0 1.0,MEDLINE cooccurrence,false
UBERON:0001846,DOID:1192,CC0 1.0,MEDLINE cooccurrence,false
UBERON:0001648,DOID:3565,CC0 1.0,MEDLINE cooccurrence,false
UBERON:0001988,DOID:4989,CC0 1.0,MEDLINE cooccurrence,false
UBERON:0001764,DOID:0060119,CC0 1.0,MEDLINE cooccurrence,false
UBERON:0002371,DOID:2355,CC0 1.0,MEDLINE cooccurrence,false
UBERON:0001037,DOID:1909,CC0 1.0,MEDLINE cooccurrence,false
UBERON:0001908,DOID:1826,CC0 1.0,MEDLINE cooccurrence,false
UBERON:0001836,DOID:635,CC0 1.0,MEDLINE cooccurrence,false
UBERON:0001237,DOID:4362,CC0 1.0,MEDLINE cooccurrence,false
UBERON:0002518,DOID:2377,CC0 1.0,MEDLINE cooccurrence,false
UBERON:0002066,DOID:3070,CC0 1.0,MEDLINE cooccurrence,false
UBERON:0000974,DOID:5041,CC0 1.0,MEDLINE cooccurrence,false
UBERON:0001365,DOID:184,CC0 1.0,MEDLINE cooccurrence,false
UBERON:0001640,DOID:5041,CC0 1.0,MEDLINE cooccurrence,false
UBERON:0002414,DOID:7147,CC0 1.0,MEDLINE cooccurrence,false
UBERON:0001343,DOID:14227,CC0 1.0,MEDLINE cooccurrence,false
UBERON:0001535,DOID:10941,CC0 1.0,MEDLINE cooccurrence,false
UBERON:0001649,DOID:1319,CC0 1.0,MEDLINE cooccurrence,false
UBERON:0001285,DOID:263,CC0 1.0,MEDLINE cooccurrence,false
UBERON:0002298,DOID:1826,CC0 1.0,MEDLINE cooccurrence,false
UBERON:0000006,DOID:1793,CC0 1.0,MEDLINE cooccurrence,false
UBERON:0004727,DOID:3070,CC0 1.0,MEDLINE cooccurrence,false
UBERON:0001762,DOID:11934,CC0 1.0,MEDLINE cooccurrence,false
UBERON:0003685,DOID:184,CC0 1.0,MEDLINE cooccurrence,false
UBERON:0002066,DOID:219,CC0 1.0,MEDLINE cooccurrence,false
UBERON:0001184,DOID:5875,CC0 1.0,MEDLINE cooccurrence,false
UBERON:0002298,DOID:10941,CC0 1.0,MEDLINE cooccurrence,false
UBERON:0001090,DOID:13241,CC0 1.0,MEDLINE cooccurrence,false
UBERON:0002053,DOID:3953,CC0 1.0,MEDLINE cooccurrence,false
UBERON:0002012,DOID:3083,CC0 1.0,MEDLINE cooccurrence,false
UBERON:0002371,DOID:9074,CC0 1.0,MEDLINE cooccurrence,false
UBERON:0001708,DOID:184,CC0 1.0,MEDLINE cooccurrence,false
UBERON:0002362,DOID:1319,CC0 1.0,MEDLINE cooccurrence,false
UBERON:0001844,DOID:1319,CC0 1.0,MEDLINE cooccurrence,false
UBERON:0001585,DOID:784,CC0 1.0,MEDLINE cooccurrence,false
UBERON:0001884,DOID:3277,CC0 1.0,MEDLINE cooccurrence,false
UBERON:0001640,DOID:10021,CC0 1.0,MEDLINE cooccurrence,false
UBERON:0001697,DOID:2174,CC0 1.0,MEDLINE cooccurrence,false
UBERON:0003889,DOID:2394,CC0 1.0,MEDLINE cooccurrence,false
UBERON:0001832,DOID:216,CC0 1.0,MEDLINE cooccurrence,false
UBERON:0001638,DOID:1993,CC0 1.0,MEDLINE cooccurrence,false
UBERON:0002103,DOID:7693,CC0 1.0,MEDLINE cooccurrence,false
UBERON:0001089,DOID:3083,CC0 1.0,MEDLINE cooccurrence,false
UBERON:0001968,DOID:14227,CC0 1.0,MEDLINE cooccurrence,false
UBERON:0001067,DOID:90,CC0 1.0,MEDLINE cooccurrence,false
UBERON:0000941,DOID:1192,CC0 1.0,MEDLINE cooccurrence,false
UBERON:0001461,DOID:1024,CC0 1.0,MEDLINE cooccurrence,false
UBERON:0002397,DOID:824,CC0 1.0,MEDLINE cooccurrence,false
UBERON:0001348,DOID:9970,CC0 1.0,MEDLINE cooccurrence,false
UBERON:0000999,DOID:11819,CC0 1.0,MEDLINE cooccurrence,false
UBERON:0002466,DOID:0050741,CC0 1.0,MEDLINE cooccurrence,false
UBERON:0002185,DOID:11920,CC0 1.0,MEDLINE cooccurrence,false
UBERON:0001490,DOID:7148,CC0 1.0,MEDLINE cooccurrence,false
UBERON:0000056,DOID:5875,CC0 1.0,MEDLINE cooccurrence,false
UBERON:0001529,DOID:1936,CC0 1.0,MEDLINE cooccurrence,false
UBERON:0001750,DOID:2174,CC0 1.0,MEDLINE cooccurrence,false
UBERON:0001237,DOID:2394,CC0 1.0,MEDLINE cooccurrence,false
UBERON:0000998,DOID:2998,CC0 1.0,MEDLINE cooccurrence,false
UBERON:0001676,DOID:184,CC0 1.0,MEDLINE cooccurrence,false
UBERON:0000011,DOID:9970,CC0 1.0,MEDLINE cooccurrence,false
UBERON:0000042,DOID:219,CC0 1.0,MEDLINE cooccurrence,false
UBERON:0001707,DOID:1319,CC0 1.0,MEDLINE cooccurrence,false
UBERON:0001008,DOID:585,CC0 1.0,MEDLINE cooccurrence,false
UBERON:0001530,DOID:9008,CC0 1.0,MEDLINE cooccurrence,false
UBERON:0002113,DOID:9074,CC0 1.0,MEDLINE cooccurrence,false
UBERON:0001970,DOID:10608,CC0 1.0,MEDLINE cooccurrence,false
UBERON:0000955,DOID:332,CC0 1.0,MEDLINE cooccurrence,false
UBERON:0001968,DOID:635,CC0 1.0,MEDLINE cooccurrence,false
UBERON:0001105,DOID:1115,CC0 1.0,MEDLINE cooccurrence,false
UBERON:0001348,DOID:1459,CC0 1.0,MEDLINE cooccurrence,false
UBERON:0002418,DOID:11920,CC0 1.0,MEDLINE cooccurrence,false
UBERON:0002413,DOID:2994,CC0 1.0,MEDLINE cooccurrence,false
UBERON:0001044,DOID:11934,CC0 1.0,MEDLINE cooccurrence,false
UBERON:0002298,DOID:3070,CC0 1.0,MEDLINE cooccurrence,false
UBERON:0002134,DOID:2355,CC0 1.0,MEDLINE cooccurrence,false
UBERON:0002410,DOID:0050741,CC0 1.0,MEDLINE cooccurrence,false
UBERON:0001908,DOID:10941,CC0 1.0,MEDLINE cooccurrence,false
UBERON:0002347,DOID:90,CC0 1.0,MEDLINE cooccurrence,false
UBERON:0002299,DOID:635,CC0 1.0,MEDLINE cooccurrence,false
UBERON:0002397,DOID:1115,CC0 1.0,MEDLINE cooccurrence,false
UBERON:0001910,DOID:12849,CC0 1.0,MEDLINE cooccurrence,false
UBERON:0002361,DOID:2994,CC0 1.0,MEDLINE cooccurrence,false
UBERON:0001021,DOID:0050741,CC0 1.0,MEDLINE cooccurrence,false
UBERON:0001796,DOID:1686,CC0 1.0,MEDLINE cooccurrence,false
UBERON:0001037,DOID:0060119,CC0 1.0,MEDLINE cooccurrence,false
UBERON:0000922,DOID:332,CC0 1.0,MEDLINE cooccurrence,false
UBERON:0002385,DOID:4045,CC0 1.0,MEDLINE cooccurrence,false
UBERON:0000029,DOID:2994,CC0 1.0,MEDLINE cooccurrence,false
UBERON:0002385,DOID:1459,CC0 1.0,MEDLINE cooccurrence,false
UBERON:0001690,DOID:4159,CC0 1.0,MEDLINE cooccurrence,false
UBERON:0001093,DOID:184,CC0 1.0,MEDLINE cooccurrence,false
UBERON:0001193,DOID:1793,CC0 1.0,MEDLINE cooccurrence,false
UBERON:0001771,DOID:10871,CC0 1.0,MEDLINE cooccurrence,false
UBERON:0002017,DOID:1793,CC0 1.0,MEDLINE cooccurrence,false
UBERON:0001970,DOID:8577,CC0 1.0,MEDLINE cooccurrence,false
UBERON:0001716,DOID:9296,CC0 1.0,MEDLINE cooccurrence,false
UBERON:0002378,DOID:1115,CC0 1.0,MEDLINE cooccurrence,false
UBERON:0002384,DOID:1686,CC0 1.0,MEDLINE cooccurrence,false
UBERON:0001783,DOID:1192,CC0 1.0,MEDLINE cooccurrence,false
UBERON:0001494,DOID:9744,CC0 1.0,MEDLINE cooccurrence,false
UBERON:0002298,DOID:5612,CC0 1.0,MEDLINE cooccurrence,false
UBERON:0001723,DOID:14330,CC0 1.0,MEDLINE cooccurrence,false
UBERON:0002285,DOID:3565,CC0 1.0,MEDLINE cooccurrence,false
UBERON:0001130,DOID:7147,CC0 1.0,MEDLINE cooccurrence,false
UBERON:0001007,DOID:0050741,CC0 1.0,MEDLINE cooccurrence,false
UBERON:0001016,DOID:10652,CC0 1.0,MEDLINE cooccurrence,false
UBERON:0002097,DOID:12306,CC0 1.0,MEDLINE cooccurrence,false
UBERON:0001814,DOID:1115,CC0 1.0,MEDLINE cooccurrence,false
UBERON:0002185,DOID:3083,CC0 1.0,MEDLINE cooccurrence,false
UBERON:0002413,DOID:7148,CC0 1.0,MEDLINE cooccurrence,false
UBERON:0001013,DOID:1612,CC0 1.0,MEDLINE cooccurrence,false
UBERON:0002005,DOID:1793,CC0 1.0,MEDLINE cooccurrence,false
UBERON:0002097,DOID:8893,CC0 1.0,MEDLINE cooccurrence,false
UBERON:0001494,DOID:2994,CC0 1.0,MEDLINE cooccurrence,false
UBERON:0000997,DOID:13223,CC0 1.0,MEDLINE cooccurrence,false
UBERON:0001037,DOID:11612,CC0 1.0,MEDLINE cooccurrence,false
UBERON:0002107,DOID:2043,CC0 1.0,MEDLINE cooccurrence,false
UBERON:0000483,DOID:1245,CC0 1.0,MEDLINE cooccurrence,false
UBERON:0001969,DOID:3312,CC0 1.0,MEDLINE cooccurrence,false
UBERON:0001288,DOID:10763,CC0 1.0,MEDLINE cooccurrence,false
UBERON:0000165,DOID:824,CC0 1.0,MEDLINE cooccurrence,false
UBERON:0002410,DOID:8986,CC0 1.0,MEDLINE cooccurrence,false
UBERON:0004769,DOID:184,CC0 1.0,MEDLINE cooccurrence,false
UBERON:0002368,DOID:0050741,CC0 1.0,MEDLINE cooccurrence,false
UBERON:0001750,DOID:8850,CC0 1.0,MEDLINE cooccurrence,false
UBERON:0001647,DOID:3565,CC0 1.0,MEDLINE cooccurrence,false
UBERON:0001620,DOID:10871,CC0 1.0,MEDLINE cooccurrence,false
UBERON:0002394,DOID:14268,CC0 1.0,MEDLINE cooccurrence,false
UBERON:0000995,DOID:4362,CC0 1.0,MEDLINE cooccurrence,false
UBERON:0000474,DOID:11054,CC0 1.0,MEDLINE cooccurrence,false
UBERON:0001633,DOID:1319,CC0 1.0,MEDLINE cooccurrence,false
UBERON:0000995,DOID:363,CC0 1.0,MEDLINE cooccurrence,false
UBERON:0002385,DOID:7148,CC0 1.0,MEDLINE cooccurrence,false
UBERON:0002228,DOID:1115,CC0 1.0,MEDLINE cooccurrence,false
UBERON:0002073,DOID:11934,CC0 1.0,MEDLINE cooccurrence,false
UBERON:0002516,DOID:11476,CC0 1.0,MEDLINE cooccurrence,false
UBERON:0001295,DOID:1725,CC0 1.0,MEDLINE cooccurrence,false
UBERON:0001488,DOID:13189,CC0 1.0,MEDLINE cooccurrence,false
UBERON:0001000,DOID:11054,CC0 1.0,MEDLINE cooccurrence,false
UBERON:0002517,DOID:2994,CC0 1.0,MEDLINE cooccurrence,false
UBERON:0000991,DOID:5419,CC0 1.0,MEDLINE cooccurrence,false
UBERON:0000483,DOID:1324,CC0 1.0,MEDLINE cooccurrence,false
UBERON:0001969,DOID:2043,CC0 1.0,MEDLINE cooccurrence,false
UBERON:0001649,DOID:2994,CC0 1.0,MEDLINE cooccurrence,false
UBERON:0001323,DOID:5612,CC0 1.0,MEDLINE cooccurrence,false
UBERON:0001598,DOID:9296,CC0 1.0,MEDLINE cooccurrence,false
UBERON:0002012,DOID:3393,CC0 1.0,MEDLINE cooccurrence,false
UBERON:0001764,DOID:12361,CC0 1.0,MEDLINE cooccurrence,false
UBERON:0002016,DOID:1115,CC0 1.0,MEDLINE cooccurrence,false
UBERON:0001007,DOID:5041,CC0 1.0,MEDLINE cooccurrence,false
UBERON:0001105,DOID:11934,CC0 1.0,MEDLINE cooccurrence,false
UBERON:0000949,DOID:11612,CC0 1.0,MEDLINE cooccurrence,false
UBERON:0000033,DOID:1319,CC0 1.0,MEDLINE cooccurrence,false
UBERON:0000998,DOID:1993,CC0 1.0,MEDLINE cooccurrence,false
UBERON:0001174,DOID:3571,CC0 1.0,MEDLINE cooccurrence,false
UBERON:0001970,DOID:9970,CC0 1.0,MEDLINE cooccurrence,false
UBERON:0001833,DOID:7148,CC0 1.0,MEDLINE cooccurrence,false
UBERON:0001037,DOID:1094,CC0 1.0,MEDLINE cooccurrence,false
UBERON:0002107,DOID:9352,CC0 1.0,MEDLINE cooccurrence,false
UBERON:0001530,DOID:7693,CC0 1.0,MEDLINE cooccurrence,false
UBERON:0001678,DOID:3565,CC0 1.0,MEDLINE cooccurrence,false
UBERON:0000970,DOID:10871,CC0 1.0,MEDLINE cooccurrence,false
UBERON:0002481,DOID:2531,CC0 1.0,MEDLINE cooccurrence,false
UBERON:0001633,DOID:10941,CC0 1.0,MEDLINE cooccurrence,false
UBERON:0001288,DOID:585,CC0 1.0,MEDLINE cooccurrence,false
UBERON:0001896,DOID:3070,CC0 1.0,MEDLINE cooccurrence,false
UBERON:0000056,DOID:119,CC0 1.0,MEDLINE cooccurrence,false
UBERON:0002113,DOID:7693,CC0 1.0,MEDLINE cooccurrence,false
UBERON:0001723,DOID:1192,CC0 1.0,MEDLINE cooccurrence,false
UBERON:0000964,DOID:2174,CC0 1.0,MEDLINE cooccurrence,false
UBERON:0002018,DOID:7147,CC0 1.0,MEDLINE cooccurrence,false
UBERON:0001072,DOID:13223,CC0 1.0,MEDLINE cooccurrence,false
UBERON:0000955,DOID:1826,CC0 1.0,MEDLINE cooccurrence,false
UBERON:0001310,DOID:10763,CC0 1.0,MEDLINE cooccurrence,false
UBERON:0001577,DOID:1192,CC0 1.0,MEDLINE cooccurrence,false
UBERON:0001645,DOID:6364,CC0 1.0,MEDLINE cooccurrence,false
UBERON:0000996,DOID:219,CC0 1.0,MEDLINE cooccurrence,false
UBERON:0003126,DOID:2841,CC0 1.0,MEDLINE cooccurrence,false
UBERON:0001832,DOID:11934,CC0 1.0,MEDLINE cooccurrence,false
UBERON:0001837,DOID:10153,CC0 1.0,MEDLINE cooccurrence,false
UBERON:0002165,DOID:12930,CC0 1.0,MEDLINE cooccurrence,false
UBERON:0001464,DOID:9970,CC0 1.0,MEDLINE cooccurrence,false
UBERON:0002360,DOID:13241,CC0 1.0,MEDLINE cooccurrence,false
UBERON:0001815,DOID:363,CC0 1.0,MEDLINE cooccurrence,false
UBERON:0001460,DOID:2994,CC0 1.0,MEDLINE cooccurrence,false
UBERON:0001694,DOID:12185,CC0 1.0,MEDLINE cooccurrence,false
UBERON:0000013,DOID:14330,CC0 1.0,MEDLINE cooccurrence,false
UBERON:0001619,DOID:10871,CC0 1.0,MEDLINE cooccurrence,false
UBERON:0002389,DOID:418,CC0 1.0,MEDLINE cooccurrence,false
UBERON:0002410,DOID:3393,CC0 1.0,MEDLINE cooccurrence,false
UBERON:0001175,DOID:1793,CC0 1.0,MEDLINE cooccurrence,false
UBERON:0001908,DOID:10652,CC0 1.0,MEDLINE cooccurrence,false
UBERON:0001587,DOID:1324,CC0 1.0,MEDLINE cooccurrence,false
UBERON:0001620,DOID:10763,CC0 1.0,MEDLINE cooccurrence,false
UBERON:0001394,DOID:1612,CC0 1.0,MEDLINE cooccurrence,false
UBERON:0001890,DOID:1826,CC0 1.0,MEDLINE cooccurrence,false
UBERON:0002441,DOID:3393,CC0 1.0,MEDLINE cooccurrence,false
UBERON:0000029,DOID:219,CC0 1.0,MEDLINE cooccurrence,false
UBERON:0001785,DOID:11934,CC0 1.0,MEDLINE cooccurrence,false
UBERON:0000977,DOID:3083,CC0 1.0,MEDLINE cooccurrence,false
UBERON:0000483,DOID:2394,CC0 1.0,MEDLINE cooccurrence,false
UBERON:0001105,DOID:2998,CC0 1.0,MEDLINE cooccurrence,false
UBERON:0000997,DOID:8778,CC0 1.0,MEDLINE cooccurrence,false
UBERON:0000054,DOID:1192,CC0 1.0,MEDLINE cooccurrence,false
UBERON:0001235,DOID:1459,CC0 1.0,MEDLINE cooccurrence,false
UBERON:0002297,DOID:2043,CC0 1.0,MEDLINE cooccurrence,false
UBERON:0000982,DOID:418,CC0 1.0,MEDLINE cooccurrence,false
UBERON:0000004,DOID:1319,CC0 1.0,MEDLINE cooccurrence,false
UBERON:0001437,DOID:184,CC0 1.0,MEDLINE cooccurrence,false
UBERON:0002102,DOID:8398,CC0 1.0,MEDLINE cooccurrence,false
UBERON:0002360,DOID:5612,CC0 1.0,MEDLINE cooccurrence,false
UBERON:0002066,DOID:11054,CC0 1.0,MEDLINE cooccurrence,false
UBERON:0002134,DOID:2994,CC0 1.0,MEDLINE cooccurrence,false
UBERON:0001016,DOID:1595,CC0 1.0,MEDLINE cooccurrence,false
UBERON:0001003,DOID:1245,CC0 1.0,MEDLINE cooccurrence,false
UBERON:0000955,DOID:11119,CC0 1.0,MEDLINE cooccurrence,false
UBERON:0001831,DOID:824,CC0 1.0,MEDLINE cooccurrence,false
UBERON:0000007,DOID:1595,CC0 1.0,MEDLINE cooccurrence,false
UBERON:0001300,DOID:1245,CC0 1.0,MEDLINE cooccurrence,false
UBERON:0001064,DOID:10021,CC0 1.0,MEDLINE cooccurrence,false
UBERON:0001891,DOID:10941,CC0 1.0,MEDLINE cooccurrence,false
UBERON:0000002,DOID:4362,CC0 1.0,MEDLINE cooccurrence,false
UBERON:0002204,DOID:11476,CC0 1.0,MEDLINE cooccurrence,false
UBERON:0001780,DOID:2377,CC0 1.0,MEDLINE cooccurrence,false
UBERON:0001305,DOID:9970,CC0 1.0,MEDLINE cooccurrence,false
UBERON:0002387,DOID:184,CC0 1.0,MEDLINE cooccurrence,false
UBERON:0001004,DOID:1324,CC0 1.0,MEDLINE cooccurrence,false
UBERON:0001886,DOID:2994,CC0 1.0,MEDLINE cooccurrence,false
UBERON:0001691,DOID:1909,CC0 1.0,MEDLINE cooccurrence,false
UBERON:0002522,DOID:14004,CC0 1.0,MEDLINE cooccurrence,false
UBERON:0001890,DOID:1094,CC0 1.0,MEDLINE cooccurrence,false
UBERON:0001469,DOID:7147,CC0 1.0,MEDLINE cooccurrence,false
UBERON:0002441,DOID:6364,CC0 1.0,MEDLINE cooccurrence,false
UBERON:0001017,DOID:3070,CC0 1.0,MEDLINE cooccurrence,false
UBERON:0000955,DOID:635,CC0 1.0,MEDLINE cooccurrence,false
UBERON:0001465,DOID:13189,CC0 1.0,MEDLINE cooccurrence,false
UBERON:0001111,DOID:4045,CC0 1.0,MEDLINE cooccurrence,false
UBERON:0002130,DOID:10652,CC0 1.0,MEDLINE cooccurrence,false
UBERON:0001174,DOID:1793,CC0 1.0,MEDLINE cooccurrence,false
UBERON:0001182,DOID:10021,CC0 1.0,MEDLINE cooccurrence,false
UBERON:0001599,DOID:2994,CC0 1.0,MEDLINE cooccurrence,false
UBERON:0001135,DOID:10153,CC0 1.0,MEDLINE cooccurrence,false
UBERON:0001031,DOID:4159,CC0 1.0,MEDLINE cooccurrence,false
UBERON:0002356,DOID:5875,CC0 1.0,MEDLINE cooccurrence,false
UBERON:0001891,DOID:13241,CC0 1.0,MEDLINE cooccurrence,false
UBERON:0002285,DOID:1826,CC0 1.0,MEDLINE cooccurrence,false
UBERON:0002516,DOID:784,CC0 1.0,MEDLINE cooccurrence,false
UBERON:0001762,DOID:6364,CC0 1.0,MEDLINE cooccurrence,false
UBERON:0002016,DOID:3393,CC0 1.0,MEDLINE cooccurrence,false
UBERON:0000211,DOID:1686,CC0 1.0,MEDLINE cooccurrence,false
UBERON:0001971,DOID:784,CC0 1.0,MEDLINE cooccurrence,false
UBERON:0002368,DOID:2355,CC0 1.0,MEDLINE cooccurrence,false
UBERON:0000029,DOID:8850,CC0 1.0,MEDLINE cooccurrence,false
UBERON:0001724,DOID:11934,CC0 1.0,MEDLINE cooccurrence,false
UBERON:0000011,DOID:594,CC0 1.0,MEDLINE cooccurrence,false
UBERON:0002411,DOID:3953,CC0 1.0,MEDLINE cooccurrence,false
UBERON:0001088,DOID:11819,CC0 1.0,MEDLINE cooccurrence,false
UBERON:0001300,DOID:11615,CC0 1.0,MEDLINE cooccurrence,false
UBERON:0002389,DOID:11476,CC0 1.0,MEDLINE cooccurrence,false
UBERON:0002017,DOID:3571,CC0 1.0,MEDLINE cooccurrence,false
UBERON:0002097,DOID:986,CC0 1.0,MEDLINE cooccurrence,false
UBERON:0001148,DOID:14330,CC0 1.0,MEDLINE cooccurrence,false
UBERON:0002204,DOID:1612,CC0 1.0,MEDLINE cooccurrence,false
UBERON:0001467,DOID:5408,CC0 1.0,MEDLINE cooccurrence,false
UBERON:0001089,DOID:0050741,CC0 1.0,MEDLINE cooccurrence,false
UBERON:0002501,DOID:12185,CC0 1.0,MEDLINE cooccurrence,false
UBERON:0001833,DOID:9296,CC0 1.0,MEDLINE cooccurrence,false
UBERON:0001404,DOID:3393,CC0 1.0,MEDLINE cooccurrence,false
UBERON:0001650,DOID:1192,CC0 1.0,MEDLINE cooccurrence,false
UBERON:0001305,DOID:2394,CC0 1.0,MEDLINE cooccurrence,false
UBERON:0001986,DOID:1115,CC0 1.0,MEDLINE cooccurrence,false
UBERON:0000995,DOID:1115,CC0 1.0,MEDLINE cooccurrence,false
UBERON:0001905,DOID:1725,CC0 1.0,MEDLINE cooccurrence,false
UBERON:0001737,DOID:1115,CC0 1.0,MEDLINE cooccurrence,false
UBERON:0001296,DOID:2394,CC0 1.0,MEDLINE cooccurrence,false
UBERON:0001467,DOID:184,CC0 1.0,MEDLINE cooccurrence,false
UBERON:0001827,DOID:3310,CC0 1.0,MEDLINE cooccurrence,false
UBERON:0001264,DOID:10021,CC0 1.0,MEDLINE cooccurrence,false
UBERON:0002205,DOID:9008,CC0 1.0,MEDLINE cooccurrence,false
UBERON:0001598,DOID:2174,CC0 1.0,MEDLINE cooccurrence,false
UBERON:0002017,DOID:1725,CC0 1.0,MEDLINE cooccurrence,false
UBERON:0001585,DOID:5559,CC0 1.0,MEDLINE cooccurrence,false
UBERON:0000165,DOID:0060119,CC0 1.0,MEDLINE cooccurrence,false
UBERON:0000988,DOID:3070,CC0 1.0,MEDLINE cooccurrence,false
UBERON:0001673,DOID:13241,CC0 1.0,MEDLINE cooccurrence,false
UBERON:0001184,DOID:10763,CC0 1.0,MEDLINE cooccurrence,false
UBERON:0002067,DOID:986,CC0 1.0,MEDLINE cooccurrence,false
UBERON:0002204,DOID:184,CC0 1.0,MEDLINE cooccurrence,false
UBERON:0002240,DOID:1826,CC0 1.0,MEDLINE cooccurrence,false
UBERON:0001989,DOID:14330,CC0 1.0,MEDLINE cooccurrence,false
UBERON:0001981,DOID:175,CC0 1.0,MEDLINE cooccurrence,false
UBERON:0001296,DOID:1115,CC0 1.0,MEDLINE cooccurrence,false
UBERON:0001184,DOID:585,CC0 1.0,MEDLINE cooccurrence,false
UBERON:0001361,DOID:175,CC0 1.0,MEDLINE cooccurrence,false
UBERON:0001679,DOID:184,CC0 1.0,MEDLINE cooccurrence,false
UBERON:0002392,DOID:4481,CC0 1.0,MEDLINE cooccurrence,false
UBERON:0001484,DOID:8398,CC0 1.0,MEDLINE cooccurrence,false
UBERON:0002517,DOID:0060119,CC0 1.0,MEDLINE cooccurrence,false
UBERON:0002223,DOID:184,CC0 1.0,MEDLINE cooccurrence,false
UBERON:0002410,DOID:1595,CC0 1.0,MEDLINE cooccurrence,false
UBERON:0002356,DOID:11714,CC0 1.0,MEDLINE cooccurrence,false
UBERON:0000178,DOID:3393,CC0 1.0,MEDLINE cooccurrence,false
UBERON:0002016,DOID:3083,CC0 1.0,MEDLINE cooccurrence,false
UBERON:0002517,DOID:9296,CC0 1.0,MEDLINE cooccurrence,false
UBERON:0001031,DOID:2994,CC0 1.0,MEDLINE cooccurrence,false
UBERON:0002204,DOID:7148,CC0 1.0,MEDLINE cooccurrence,false
UBERON:0001744,DOID:219,CC0 1.0,MEDLINE cooccurrence,false
UBERON:0001756,DOID:9296,CC0 1.0,MEDLINE cooccurrence,false
UBERON:0001264,DOID:14268,CC0 1.0,MEDLINE cooccurrence,false
UBERON:0000029,DOID:1909,CC0 1.0,MEDLINE cooccurrence,false
UBERON:0001771,DOID:9835,CC0 1.0,MEDLINE cooccurrence,false
UBERON:0001684,DOID:5408,CC0 1.0,MEDLINE cooccurrence,false
UBERON:0002522,DOID:11714,CC0 1.0,MEDLINE cooccurrence,false
UBERON:0001969,DOID:5419,CC0 1.0,MEDLINE cooccurrence,false
UBERON:0001970,DOID:4989,CC0 1.0,MEDLINE cooccurrence,false
UBERON:0000483,DOID:363,CC0 1.0,MEDLINE cooccurrence,false
UBERON:0001684,DOID:184,CC0 1.0,MEDLINE cooccurrence,false
UBERON:0001182,DOID:175,CC0 1.0,MEDLINE cooccurrence,false
UBERON:0001640,DOID:175,CC0 1.0,MEDLINE cooccurrence,false
UBERON:0002028,DOID:1826,CC0 1.0,MEDLINE cooccurrence,false
UBERON:0002405,DOID:8577,CC0 1.0,MEDLINE cooccurrence,false
UBERON:0001490,DOID:14330,CC0 1.0,MEDLINE cooccurrence,false
UBERON:0001971,DOID:10021,CC0 1.0,MEDLINE cooccurrence,false
UBERON:0001237,DOID:5875,CC0 1.0,MEDLINE cooccurrence,false
UBERON:0002298,DOID:2377,CC0 1.0,MEDLINE cooccurrence,false
UBERON:0001893,DOID:1319,CC0 1.0,MEDLINE cooccurrence,false
UBERON:0002286,DOID:3312,CC0 1.0,MEDLINE cooccurrence,false
UBERON:0001756,DOID:2994,CC0 1.0,MEDLINE cooccurrence,false
UBERON:0001707,DOID:9296,CC0 1.0,MEDLINE cooccurrence,false
UBERON:0002129,DOID:5419,CC0 1.0,MEDLINE cooccurrence,false
UBERON:0002389,DOID:13378,CC0 1.0,MEDLINE cooccurrence,false
UBERON:0001675,DOID:824,CC0 1.0,MEDLINE cooccurrence,false
UBERON:0001831,DOID:8850,CC0 1.0,MEDLINE cooccurrence,false
UBERON:0001643,DOID:3565,CC0 1.0,MEDLINE cooccurrence,false
UBERON:0001624,DOID:10941,CC0 1.0,MEDLINE cooccurrence,false
UBERON:0001620,DOID:6364,CC0 1.0,MEDLINE cooccurrence,false
UBERON:0002405,DOID:2986,CC0 1.0,MEDLINE cooccurrence,false
UBERON:0001780,DOID:332,CC0 1.0,MEDLINE cooccurrence,false
UBERON:0002019,DOID:3565,CC0 1.0,MEDLINE cooccurrence,false
UBERON:0002371,DOID:635,CC0 1.0,MEDLINE cooccurrence,false
UBERON:0001132,DOID:3277,CC0 1.0,MEDLINE cooccurrence,false
UBERON:0000002,DOID:119,CC0 1.0,MEDLINE cooccurrence,false
UBERON:0003685,DOID:2994,CC0 1.0,MEDLINE cooccurrence,false
UBERON:0002037,DOID:0050741,CC0 1.0,MEDLINE cooccurrence,false
UBERON:0002523,DOID:784,CC0 1.0,MEDLINE cooccurrence,false
UBERON:0002486,DOID:2596,CC0 1.0,MEDLINE cooccurrence,false
UBERON:0001772,DOID:1686,CC0 1.0,MEDLINE cooccurrence,false
UBERON:0001485,DOID:9008,CC0 1.0,MEDLINE cooccurrence,false
UBERON:0001968,DOID:0050741,CC0 1.0,MEDLINE cooccurrence,false
UBERON:0002522,DOID:10763,CC0 1.0,MEDLINE cooccurrence,false
UBERON:0001597,DOID:14330,CC0 1.0,MEDLINE cooccurrence,false
UBERON:0000473,DOID:2998,CC0 1.0,MEDLINE cooccurrence,false
UBERON:0001515,DOID:5041,CC0 1.0,MEDLINE cooccurrence,false
UBERON:0002298,DOID:6364,CC0 1.0,MEDLINE cooccurrence,false
UBERON:0002389,DOID:6364,CC0 1.0,MEDLINE cooccurrence,false
UBERON:0001089,DOID:4989,CC0 1.0,MEDLINE cooccurrence,false
UBERON:0002113,DOID:585,CC0 1.0,MEDLINE cooccurrence,false
UBERON:0002129,DOID:3070,CC0 1.0,MEDLINE cooccurrence,false
UBERON:0001638,DOID:3277,CC0 1.0,MEDLINE cooccurrence,false
UBERON:0001465,DOID:1115,CC0 1.0,MEDLINE cooccurrence,false
UBERON:0000483,DOID:11920,CC0 1.0,MEDLINE cooccurrence,false
UBERON:0000949,DOID:1612,CC0 1.0,MEDLINE cooccurrence,false
UBERON:0002352,DOID:9074,CC0 1.0,MEDLINE cooccurrence,false
UBERON:0002354,DOID:3393,CC0 1.0,MEDLINE cooccurrence,false
UBERON:0000974,DOID:6364,CC0 1.0,MEDLINE cooccurrence,false
UBERON:0001103,DOID:1324,CC0 1.0,MEDLINE cooccurrence,false
UBERON:0002107,DOID:219,CC0 1.0,MEDLINE cooccurrence,false
UBERON:0002017,DOID:12236,CC0 1.0,MEDLINE cooccurrence,false
UBERON:0000482,DOID:11934,CC0 1.0,MEDLINE cooccurrence,false
UBERON:0002048,DOID:0050156,CC0 1.0,MEDLINE cooccurrence,false
UBERON:0001103,DOID:9970,CC0 1.0,MEDLINE cooccurrence,false
UBERON:0002137,DOID:1936,CC0 1.0,MEDLINE cooccurrence,false
UBERON:0001361,DOID:13241,CC0 1.0,MEDLINE cooccurrence,false
UBERON:0002397,DOID:5408,CC0 1.0,MEDLINE cooccurrence,false
UBERON:0000974,DOID:4159,CC0 1.0,MEDLINE cooccurrence,false
UBERON:0001088,DOID:1459,CC0 1.0,MEDLINE cooccurrence,false
UBERON:0001805,DOID:5559,CC0 1.0,MEDLINE cooccurrence,false
UBERON:0001013,DOID:9352,CC0 1.0,MEDLINE cooccurrence,false
UBERON:0002060,DOID:7693,CC0 1.0,MEDLINE cooccurrence,false
UBERON:0000992,DOID:119,CC0 1.0,MEDLINE cooccurrence,false
UBERON:0001017,DOID:1826,CC0 1.0,MEDLINE cooccurrence,false
UBERON:0002110,DOID:10021,CC0 1.0,MEDLINE cooccurrence,false
UBERON:0001111,DOID:3083,CC0 1.0,MEDLINE cooccurrence,false
UBERON:0002411,DOID:11612,CC0 1.0,MEDLINE cooccurrence,false
UBERON:0001645,DOID:184,CC0 1.0,MEDLINE cooccurrence,false
UBERON:0001710,DOID:5408,CC0 1.0,MEDLINE cooccurrence,false
UBERON:0002386,DOID:0060119,CC0 1.0,MEDLINE cooccurrence,false
UBERON:0002386,DOID:4045,CC0 1.0,MEDLINE cooccurrence,false
UBERON:0001825,DOID:4481,CC0 1.0,MEDLINE cooccurrence,false
UBERON:0001832,DOID:8850,CC0 1.0,MEDLINE cooccurrence,false
UBERON:0001577,DOID:332,CC0 1.0,MEDLINE cooccurrence,false
UBERON:0001577,DOID:5419,CC0 1.0,MEDLINE cooccurrence,false
UBERON:0001348,DOID:14221,CC0 1.0,MEDLINE cooccurrence,false
UBERON:0002392,DOID:1686,CC0 1.0,MEDLINE cooccurrence,false
UBERON:0002298,DOID:0060119,CC0 1.0,MEDLINE cooccurrence,false
UBERON:0001616,DOID:0060119,CC0 1.0,MEDLINE cooccurrence,false
UBERON:0002392,DOID:1781,CC0 1.0,MEDLINE cooccurrence,false
UBERON:0002394,DOID:4606,CC0 1.0,MEDLINE cooccurrence,false
UBERON:0002387,DOID:4045,CC0 1.0,MEDLINE cooccurrence,false
UBERON:0000997,DOID:119,CC0 1.0,MEDLINE cooccurrence,false
UBERON:0002371,DOID:219,CC0 1.0,MEDLINE cooccurrence,false
UBERON:0001598,DOID:11934,CC0 1.0,MEDLINE cooccurrence,false
UBERON:0002107,DOID:1725,CC0 1.0,MEDLINE cooccurrence,false
UBERON:0001232,DOID:585,CC0 1.0,MEDLINE cooccurrence,false
UBERON:0002405,DOID:2377,CC0 1.0,MEDLINE cooccurrence,false
UBERON:0001093,DOID:5408,CC0 1.0,MEDLINE cooccurrence,false
UBERON:0000991,DOID:2531,CC0 1.0,MEDLINE cooccurrence,false
UBERON:0001690,DOID:2994,CC0 1.0,MEDLINE cooccurrence,false
UBERON:0001469,DOID:9008,CC0 1.0,MEDLINE cooccurrence,false
UBERON:0001716,DOID:1024,CC0 1.0,MEDLINE cooccurrence,false
UBERON:0001643,DOID:332,CC0 1.0,MEDLINE cooccurrence,false
UBERON:0001988,DOID:1993,CC0 1.0,MEDLINE cooccurrence,false
UBERON:0001985,DOID:11555,CC0 1.0,MEDLINE cooccurrence,false
UBERON:0001231,DOID:585,CC0 1.0,MEDLINE cooccurrence,false
UBERON:0001089,DOID:3310,CC0 1.0,MEDLINE cooccurrence,false
UBERON:0000474,DOID:13223,CC0 1.0,MEDLINE cooccurrence,false
UBERON:0001365,DOID:13241,CC0 1.0,MEDLINE cooccurrence,false
UBERON:0001090,DOID:13189,CC0 1.0,MEDLINE cooccurrence,false
UBERON:0001827,DOID:9744,CC0 1.0,MEDLINE cooccurrence,false
UBERON:0001088,DOID:9074,CC0 1.0,MEDLINE cooccurrence,false
UBERON:0002385,DOID:784,CC0 1.0,MEDLINE cooccurrence,false
UBERON:0002523,DOID:175,CC0 1.0,MEDLINE cooccurrence,false
UBERON:0001296,DOID:13223,CC0 1.0,MEDLINE cooccurrence,false
UBERON:0001017,DOID:1595,CC0 1.0,MEDLINE cooccurrence,false
UBERON:0001194,DOID:7693,CC0 1.0,MEDLINE cooccurrence,false
UBERON:0001836,DOID:0060119,CC0 1.0,MEDLINE cooccurrence,false
UBERON:0002019,DOID:2994,CC0 1.0,MEDLINE cooccurrence,false
UBERON:0002019,DOID:2596,CC0 1.0,MEDLINE cooccurrence,false
UBERON:0000995,DOID:11476,CC0 1.0,MEDLINE cooccurrence,false
UBERON:0002411,DOID:11615,CC0 1.0,MEDLINE cooccurrence,false
UBERON:0001567,DOID:2994,CC0 1.0,MEDLINE cooccurrence,false
UBERON:0000922,DOID:2355,CC0 1.0,MEDLINE cooccurrence,false
UBERON:0001866,DOID:4159,CC0 1.0,MEDLINE cooccurrence,false
UBERON:0001594,DOID:5041,CC0 1.0,MEDLINE cooccurrence,false
UBERON:0002453,DOID:0060119,CC0 1.0,MEDLINE cooccurrence,false
UBERON:0000004,DOID:4159,CC0 1.0,MEDLINE cooccurrence,false
UBERON:0000974,DOID:12306,CC0 1.0,MEDLINE cooccurrence,false
UBERON:0002040,DOID:3083,CC0 1.0,MEDLINE cooccurrence,false
UBERON:0001194,DOID:3571,CC0 1.0,MEDLINE cooccurrence,false
UBERON:0001529,DOID:14004,CC0 1.0,MEDLINE cooccurrence,false
UBERON:0001750,DOID:12361,CC0 1.0,MEDLINE cooccurrence,false
UBERON:0001394,DOID:1936,CC0 1.0,MEDLINE cooccurrence,false
UBERON:0001398,DOID:13241,CC0 1.0,MEDLINE cooccurrence,false
UBERON:0001182,DOID:4989,CC0 1.0,MEDLINE cooccurrence,false
UBERON:0001587,DOID:175,CC0 1.0,MEDLINE cooccurrence,false
UBERON:0001008,DOID:4045,CC0 1.0,MEDLINE cooccurrence,false
UBERON:0000482,DOID:11054,CC0 1.0,MEDLINE cooccurrence,false
UBERON:0001708,DOID:332,CC0 1.0,MEDLINE cooccurrence,false
UBERON:0000922,DOID:1115,CC0 1.0,MEDLINE cooccurrence,false
UBERON:0000988,DOID:332,CC0 1.0,MEDLINE cooccurrence,false
UBERON:0000483,DOID:11934,CC0 1.0,MEDLINE cooccurrence,false
UBERON:0002285,DOID:3312,CC0 1.0,MEDLINE cooccurrence,false
UBERON:0001516,DOID:13241,CC0 1.0,MEDLINE cooccurrence,false
UBERON:0002018,DOID:8398,CC0 1.0,MEDLINE cooccurrence,false
UBERON:0001786,DOID:1686,CC0 1.0,MEDLINE cooccurrence,false
UBERON:0002519,DOID:12185,CC0 1.0,MEDLINE cooccurrence,false
UBERON:0002113,DOID:2986,CC0 1.0,MEDLINE cooccurrence,false
UBERON:0002113,DOID:2355,CC0 1.0,MEDLINE cooccurrence,false
UBERON:0002067,DOID:3310,CC0 1.0,MEDLINE cooccurrence,false
UBERON:0001694,DOID:184,CC0 1.0,MEDLINE cooccurrence,false
UBERON:0002081,DOID:10763,CC0 1.0,MEDLINE cooccurrence,false
UBERON:0001677,DOID:4481,CC0 1.0,MEDLINE cooccurrence,false
UBERON:0001300,DOID:1024,CC0 1.0,MEDLINE cooccurrence,false
UBERON:0000474,DOID:2394,CC0 1.0,MEDLINE cooccurrence,false
UBERON:0002129,DOID:1319,CC0 1.0,MEDLINE cooccurrence,false
UBERON:0001544,DOID:184,CC0 1.0,MEDLINE cooccurrence,false
UBERON:0000045,DOID:1319,CC0 1.0,MEDLINE cooccurrence,false
UBERON:0001785,DOID:1319,CC0 1.0,MEDLINE cooccurrence,false
UBERON:0002365,DOID:2596,CC0 1.0,MEDLINE cooccurrence,false
UBERON:0001768,DOID:1909,CC0 1.0,MEDLINE cooccurrence,false
UBERON:0001225,DOID:263,CC0 1.0,MEDLINE cooccurrence,false
UBERON:0001624,DOID:3565,CC0 1.0,MEDLINE cooccurrence,false
UBERON:0001013,DOID:9970,CC0 1.0,MEDLINE cooccurrence,false
UBERON:0001140,DOID:585,CC0 1.0,MEDLINE cooccurrence,false
UBERON:0001737,DOID:1781,CC0 1.0,MEDLINE cooccurrence,false
UBERON:0001638,DOID:219,CC0 1.0,MEDLINE cooccurrence,false
UBERON:0001619,DOID:1686,CC0 1.0,MEDLINE cooccurrence,false
UBERON:0002387,DOID:1192,CC0 1.0,MEDLINE cooccurrence,false
UBERON:0001986,DOID:2355,CC0 1.0,MEDLINE cooccurrence,false
UBERON:0002925,DOID:6364,CC0 1.0,MEDLINE cooccurrence,false
UBERON:0002414,DOID:3070,CC0 1.0,MEDLINE cooccurrence,false
UBERON:0001723,DOID:216,CC0 1.0,MEDLINE cooccurrence,false
UBERON:0001772,DOID:9352,CC0 1.0,MEDLINE cooccurrence,false
UBERON:0002377,DOID:2596,CC0 1.0,MEDLINE cooccurrence,false
UBERON:0002361,DOID:1826,CC0 1.0,MEDLINE cooccurrence,false
UBERON:0001463,DOID:4159,CC0 1.0,MEDLINE cooccurrence,false
UBERON:0001708,DOID:216,CC0 1.0,MEDLINE cooccurrence,false
UBERON:0001980,DOID:1312,CC0 1.0,MEDLINE cooccurrence,false
UBERON:0001464,DOID:11476,CC0 1.0,MEDLINE cooccurrence,false
UBERON:0002240,DOID:7693,CC0 1.0,MEDLINE cooccurrence,false
UBERON:0001702,DOID:1686,CC0 1.0,MEDLINE cooccurrence,false
UBERON:0001194,DOID:1793,CC0 1.0,MEDLINE cooccurrence,false
UBERON:0001836,DOID:7148,CC0 1.0,MEDLINE cooccurrence,false
UBERON:0001577,DOID:2994,CC0 1.0,MEDLINE cooccurrence,false
UBERON:0002285,DOID:5419,CC0 1.0,MEDLINE cooccurrence,false
UBERON:0001398,DOID:9744,CC0 1.0,MEDLINE cooccurrence,false
UBERON:0002389,DOID:4159,CC0 1.0,MEDLINE cooccurrence,false
UBERON:0001971,DOID:8577,CC0 1.0,MEDLINE cooccurrence,false
UBERON:0002386,DOID:14330,CC0 1.0,MEDLINE cooccurrence,false
UBERON:0001640,DOID:4989,CC0 1.0,MEDLINE cooccurrence,false
UBERON:0001908,DOID:3070,CC0 1.0,MEDLINE cooccurrence,false
UBERON:0003889,DOID:119,CC0 1.0,MEDLINE cooccurrence,false
UBERON:0002389,DOID:1192,CC0 1.0,MEDLINE cooccurrence,false
UBERON:0001637,DOID:363,CC0 1.0,MEDLINE cooccurrence,false
UBERON:0001981,DOID:1936,CC0 1.0,MEDLINE cooccurrence,false
UBERON:0000988,DOID:3565,CC0 1.0,MEDLINE cooccurrence,false
UBERON:0002361,DOID:1909,CC0 1.0,MEDLINE cooccurrence,false
UBERON:0001737,DOID:0060119,CC0 1.0,MEDLINE cooccurrence,false
UBERON:0002405,DOID:635,CC0 1.0,MEDLINE cooccurrence,false
UBERON:0001404,DOID:10941,CC0 1.0,MEDLINE cooccurrence,false
UBERON:0002148,DOID:3312,CC0 1.0,MEDLINE cooccurrence,false
UBERON:0002410,DOID:5419,CC0 1.0,MEDLINE cooccurrence,false
UBERON:0002360,DOID:2377,CC0 1.0,MEDLINE cooccurrence,false
UBERON:0001398,DOID:9352,CC0 1.0,MEDLINE cooccurrence,false
UBERON:0002103,DOID:1909,CC0 1.0,MEDLINE cooccurrence,false
UBERON:0001264,DOID:10608,CC0 1.0,MEDLINE cooccurrence,false
UBERON:0000033,DOID:1909,CC0 1.0,MEDLINE cooccurrence,false
UBERON:0001981,DOID:14221,CC0 1.0,MEDLINE cooccurrence,false
UBERON:0002377,DOID:11934,CC0 1.0,MEDLINE cooccurrence,false
UBERON:0002389,DOID:9008,CC0 1.0,MEDLINE cooccurrence,false
UBERON:0000002,DOID:1964,CC0 1.0,MEDLINE cooccurrence,false
UBERON:0002299,DOID:9074,CC0 1.0,MEDLINE cooccurrence,false
UBERON:0001890,DOID:5419,CC0 1.0,MEDLINE cooccurrence,false
UBERON:0002439,DOID:1725,CC0 1.0,MEDLINE cooccurrence,false
UBERON:0002523,DOID:9744,CC0 1.0,MEDLINE cooccurrence,false
UBERON:0001140,DOID:10976,CC0 1.0,MEDLINE cooccurrence,false
UBERON:0001896,DOID:13241,CC0 1.0,MEDLINE cooccurrence,false
UBERON:0002028,DOID:9970,CC0 1.0,MEDLINE cooccurrence,false
UBERON:0002081,DOID:263,CC0 1.0,MEDLINE cooccurrence,false
UBERON:0001007,DOID:635,CC0 1.0,MEDLINE cooccurrence,false
UBERON:0002010,DOID:4989,CC0 1.0,MEDLINE cooccurrence,false
UBERON:0002250,DOID:1936,CC0 1.0,MEDLINE cooccurrence,false
UBERON:0000029,DOID:363,CC0 1.0,MEDLINE cooccurrence,false
UBERON:0000026,DOID:1936,CC0 1.0,MEDLINE cooccurrence,false
UBERON:0001887,DOID:10941,CC0 1.0,MEDLINE cooccurrence,false
UBERON:0001193,DOID:4606,CC0 1.0,MEDLINE cooccurrence,false
UBERON:0000974,DOID:3277,CC0 1.0,MEDLINE cooccurrence,false
UBERON:0003889,DOID:11239,CC0 1.0,MEDLINE cooccurrence,false
UBERON:0001825,DOID:184,CC0 1.0,MEDLINE cooccurrence,false
UBERON:0001711,DOID:9296,CC0 1.0,MEDLINE cooccurrence,false
UBERON:0001645,DOID:1319,CC0 1.0,MEDLINE cooccurrence,false
UBERON:0000974,DOID:2596,CC0 1.0,MEDLINE cooccurrence,false
UBERON:0001516,DOID:10534,CC0 1.0,MEDLINE cooccurrence,false
UBERON:0001460,DOID:784,CC0 1.0,MEDLINE cooccurrence,false
UBERON:0001643,DOID:2377,CC0 1.0,MEDLINE cooccurrence,false
UBERON:0001088,DOID:2355,CC0 1.0,MEDLINE cooccurrence,false
UBERON:0001322,DOID:1115,CC0 1.0,MEDLINE cooccurrence,false
UBERON:0002673,DOID:1826,CC0 1.0,MEDLINE cooccurrence,false
UBERON:0002439,DOID:10534,CC0 1.0,MEDLINE cooccurrence,false
UBERON:0000029,DOID:4362,CC0 1.0,MEDLINE cooccurrence,false
UBERON:0001720,DOID:12849,CC0 1.0,MEDLINE cooccurrence,false
UBERON:0004727,DOID:3565,CC0 1.0,MEDLINE cooccurrence,false
UBERON:0002502,DOID:12185,CC0 1.0,MEDLINE cooccurrence,false
UBERON:0000483,DOID:1964,CC0 1.0,MEDLINE cooccurrence,false
UBERON:0002369,DOID:10763,CC0 1.0,MEDLINE cooccurrence,false
UBERON:0002240,DOID:0060119,CC0 1.0,MEDLINE cooccurrence,false
UBERON:0002356,DOID:1115,CC0 1.0,MEDLINE cooccurrence,false
UBERON:0000474,DOID:1612,CC0 1.0,MEDLINE cooccurrence,false
UBERON:0001194,DOID:10763,CC0 1.0,MEDLINE cooccurrence,false
UBERON:0001135,DOID:11054,CC0 1.0,MEDLINE cooccurrence,false
UBERON:0001228,DOID:784,CC0 1.0,MEDLINE cooccurrence,false
UBERON:0001785,DOID:1024,CC0 1.0,MEDLINE cooccurrence,false
UBERON:0000991,DOID:3953,CC0 1.0,MEDLINE cooccurrence,false
UBERON:0001088,DOID:784,CC0 1.0,MEDLINE cooccurrence,false
UBERON:0000955,DOID:5419,CC0 1.0,MEDLINE cooccurrence,false
UBERON:0000975,DOID:3083,CC0 1.0,MEDLINE cooccurrence,false
UBERON:0001981,DOID:4159,CC0 1.0,MEDLINE cooccurrence,false
UBERON:0000964,DOID:9835,CC0 1.0,MEDLINE cooccurrence,false
UBERON:0002377,DOID:1781,CC0 1.0,MEDLINE cooccurrence,false
UBERON:0001908,DOID:3565,CC0 1.0,MEDLINE cooccurrence,false
UBERON:0000966,DOID:2174,CC0 1.0,MEDLINE cooccurrence,false
UBERON:0001705,DOID:4159,CC0 1.0,MEDLINE cooccurrence,false
UBERON:0002135,DOID:9074,CC0 1.0,MEDLINE cooccurrence,false
UBERON:0001836,DOID:12365,CC0 1.0,MEDLINE cooccurrence,false
UBERON:0001737,DOID:11934,CC0 1.0,MEDLINE cooccurrence,false
UBERON:0002046,DOID:3312,CC0 1.0,MEDLINE cooccurrence,false
UBERON:0001908,DOID:1192,CC0 1.0,MEDLINE cooccurrence,false
UBERON:0001650,DOID:2994,CC0 1.0,MEDLINE cooccurrence,false
UBERON:0001684,DOID:216,CC0 1.0,MEDLINE cooccurrence,false
UBERON:0000941,DOID:3070,CC0 1.0,MEDLINE cooccurrence,false
UBERON:0002240,DOID:2377,CC0 1.0,MEDLINE cooccurrence,false
UBERON:0001016,DOID:1024,CC0 1.0,MEDLINE cooccurrence,false
UBERON:0004727,DOID:2994,CC0 1.0,MEDLINE cooccurrence,false
UBERON:0001785,DOID:332,CC0 1.0,MEDLINE cooccurrence,false
UBERON:0002378,DOID:1612,CC0 1.0,MEDLINE cooccurrence,false
UBERON:0000955,DOID:10652,CC0 1.0,MEDLINE cooccurrence,false
UBERON:0001467,DOID:4045,CC0 1.0,MEDLINE cooccurrence,false
UBERON:0001988,DOID:2531,CC0 1.0,MEDLINE cooccurrence,false
UBERON:0001143,DOID:1793,CC0 1.0,MEDLINE cooccurrence,false
UBERON:0001827,DOID:1686,CC0 1.0,MEDLINE cooccurrence,false
UBERON:0002523,DOID:10763,CC0 1.0,MEDLINE cooccurrence,false
UBERON:0001820,DOID:12306,CC0 1.0,MEDLINE cooccurrence,false
UBERON:0001017,DOID:6364,CC0 1.0,MEDLINE cooccurrence,false
UBERON:0001044,DOID:7148,CC0 1.0,MEDLINE cooccurrence,false
UBERON:0001535,DOID:1192,CC0 1.0,MEDLINE cooccurrence,false
UBERON:0002486,DOID:0060119,CC0 1.0,MEDLINE cooccurrence,false
UBERON:0001896,DOID:8986,CC0 1.0,MEDLINE cooccurrence,false
UBERON:0002037,DOID:10652,CC0 1.0,MEDLINE cooccurrence,false
UBERON:0000955,DOID:12995,CC0 1.0,MEDLINE cooccurrence,false
UBERON:0002413,DOID:3565,CC0 1.0,MEDLINE cooccurrence,false
UBERON:0000482,DOID:9835,CC0 1.0,MEDLINE cooccurrence,false
UBERON:0001067,DOID:8398,CC0 1.0,MEDLINE cooccurrence,false
UBERON:0000966,DOID:13241,CC0 1.0,MEDLINE cooccurrence,false
UBERON:0001679,DOID:1319,CC0 1.0,MEDLINE cooccurrence,false
UBERON:0001681,DOID:9296,CC0 1.0,MEDLINE cooccurrence,false
UBERON:0000970,DOID:1024,CC0 1.0,MEDLINE cooccurrence,false
UBERON:0001597,DOID:184,CC0 1.0,MEDLINE cooccurrence,false
UBERON:0001579,DOID:184,CC0 1.0,MEDLINE cooccurrence,false
UBERON:0001530,DOID:784,CC0 1.0,MEDLINE cooccurrence,false
UBERON:0001182,DOID:1936,CC0 1.0,MEDLINE cooccurrence,false
UBERON:0001352,DOID:8850,CC0 1.0,MEDLINE cooccurrence,false
UBERON:0001648,DOID:3070,CC0 1.0,MEDLINE cooccurrence,false
UBERON:0001021,DOID:1192,CC0 1.0,MEDLINE cooccurrence,false
UBERON:0001707,DOID:184,CC0 1.0,MEDLINE cooccurrence,false
UBERON:0001467,DOID:11934,CC0 1.0,MEDLINE cooccurrence,false
UBERON:0002481,DOID:1115,CC0 1.0,MEDLINE cooccurrence,false
UBERON:0004535,DOID:1595,CC0 1.0,MEDLINE cooccurrence,false
UBERON:0002067,DOID:1115,CC0 1.0,MEDLINE cooccurrence,false
UBERON:0001691,DOID:11934,CC0 1.0,MEDLINE cooccurrence,false
UBERON:0000975,DOID:11934,CC0 1.0,MEDLINE cooccurrence,false
UBERON:0001235,DOID:0050741,CC0 1.0,MEDLINE cooccurrence,false
UBERON:0001007,DOID:1793,CC0 1.0,MEDLINE cooccurrence,false
UBERON:0001016,DOID:11119,CC0 1.0,MEDLINE cooccurrence,false
UBERON:0001594,DOID:5559,CC0 1.0,MEDLINE cooccurrence,false
UBERON:0001013,DOID:1936,CC0 1.0,MEDLINE cooccurrence,false
UBERON:0002185,DOID:5041,CC0 1.0,MEDLINE cooccurrence,false
UBERON:0001182,DOID:1793,CC0 1.0,MEDLINE cooccurrence,false
UBERON:0002389,DOID:9296,CC0 1.0,MEDLINE cooccurrence,false
UBERON:0001267,DOID:8398,CC0 1.0,MEDLINE cooccurrence,false
UBERON:0002515,DOID:824,CC0 1.0,MEDLINE cooccurrence,false
UBERON:0001649,DOID:0060119,CC0 1.0,MEDLINE cooccurrence,false
UBERON:0001836,DOID:10608,CC0 1.0,MEDLINE cooccurrence,false
UBERON:0003129,DOID:9296,CC0 1.0,MEDLINE cooccurrence,false
UBERON:0001702,DOID:986,CC0 1.0,MEDLINE cooccurrence,false
UBERON:0001759,DOID:3393,CC0 1.0,MEDLINE cooccurrence,false
UBERON:0000982,DOID:7148,CC0 1.0,MEDLINE cooccurrence,false
UBERON:0001616,DOID:184,CC0 1.0,MEDLINE cooccurrence,false
UBERON:0001619,DOID:13241,CC0 1.0,MEDLINE cooccurrence,false
UBERON:0001235,DOID:10763,CC0 1.0,MEDLINE cooccurrence,false
UBERON:0001225,DOID:585,CC0 1.0,MEDLINE cooccurrence,false
UBERON:0002285,DOID:1319,CC0 1.0,MEDLINE cooccurrence,false
UBERON:0001577,DOID:12361,CC0 1.0,MEDLINE cooccurrence,false
UBERON:0001105,DOID:1612,CC0 1.0,MEDLINE cooccurrence,false
UBERON:0002356,DOID:13378,CC0 1.0,MEDLINE cooccurrence,false
UBERON:0001637,DOID:418,CC0 1.0,MEDLINE cooccurrence,false
UBERON:0001705,DOID:418,CC0 1.0,MEDLINE cooccurrence,false
UBERON:0002137,DOID:13241,CC0 1.0,MEDLINE cooccurrence,false
UBERON:0001264,DOID:4606,CC0 1.0,MEDLINE cooccurrence,false
UBERON:0001644,DOID:1319,CC0 1.0,MEDLINE cooccurrence,false
UBERON:0002371,DOID:11476,CC0 1.0,MEDLINE cooccurrence,false
UBERON:0001460,DOID:1909,CC0 1.0,MEDLINE cooccurrence,false
UBERON:0001971,DOID:5041,CC0 1.0,MEDLINE cooccurrence,false
UBERON:0001021,DOID:635,CC0 1.0,MEDLINE cooccurrence,false
UBERON:0000011,DOID:14330,CC0 1.0,MEDLINE cooccurrence,false
UBERON:0002356,DOID:1245,CC0 1.0,MEDLINE cooccurrence,false
UBERON:0001836,DOID:3312,CC0 1.0,MEDLINE cooccurrence,false
UBERON:0001470,DOID:1115,CC0 1.0,MEDLINE cooccurrence,false
UBERON:0002037,DOID:10941,CC0 1.0,MEDLINE cooccurrence,false
UBERON:0003889,DOID:4362,CC0 1.0,MEDLINE cooccurrence,false
UBERON:0001485,DOID:184,CC0 1.0,MEDLINE cooccurrence,false
UBERON:0003129,DOID:1319,CC0 1.0,MEDLINE cooccurrence,false
UBERON:0002944,DOID:1790,CC0 1.0,MEDLINE cooccurrence,false
UBERON:0002390,DOID:5559,CC0 1.0,MEDLINE cooccurrence,false
UBERON:0000473,DOID:1459,CC0 1.0,MEDLINE cooccurrence,false
UBERON:0002466,DOID:2355,CC0 1.0,MEDLINE cooccurrence,false
UBERON:0002103,DOID:10763,CC0 1.0,MEDLINE cooccurrence,false
UBERON:0001105,DOID:5408,CC0 1.0,MEDLINE cooccurrence,false
UBERON:0000043,DOID:1115,CC0 1.0,MEDLINE cooccurrence,false
UBERON:0001398,DOID:1936,CC0 1.0,MEDLINE cooccurrence,false
UBERON:0001486,DOID:5408,CC0 1.0,MEDLINE cooccurrence,false
UBERON:0001235,DOID:2841,CC0 1.0,MEDLINE cooccurrence,false
UBERON:0002414,DOID:11476,CC0 1.0,MEDLINE cooccurrence,false
UBERON:0001637,DOID:14004,CC0 1.0,MEDLINE cooccurrence,false
UBERON:0001182,DOID:13499,CC0 1.0,MEDLINE cooccurrence,false
UBERON:0001887,DOID:332,CC0 1.0,MEDLINE cooccurrence,false
UBERON:0001905,DOID:5612,CC0 1.0,MEDLINE cooccurrence,false
UBERON:0000992,DOID:11612,CC0 1.0,MEDLINE cooccurrence,false
UBERON:0000992,DOID:2994,CC0 1.0,MEDLINE cooccurrence,false
UBERON:0001775,DOID:13223,CC0 1.0,MEDLINE cooccurrence,false
UBERON:0002386,DOID:11476,CC0 1.0,MEDLINE cooccurrence,false
UBERON:0001007,DOID:8778,CC0 1.0,MEDLINE cooccurrence,false
UBERON:0002060,DOID:14221,CC0 1.0,MEDLINE cooccurrence,false
UBERON:0001515,DOID:1936,CC0 1.0,MEDLINE cooccurrence,false
UBERON:0001000,DOID:2998,CC0 1.0,MEDLINE cooccurrence,false
UBERON:0002390,DOID:1115,CC0 1.0,MEDLINE cooccurrence,false
UBERON:0002512,DOID:1459,CC0 1.0,MEDLINE cooccurrence,false
UBERON:0002377,DOID:3277,CC0 1.0,MEDLINE cooccurrence,false
UBERON:0000995,DOID:119,CC0 1.0,MEDLINE cooccurrence,false
UBERON:0002385,DOID:14330,CC0 1.0,MEDLINE cooccurrence,false
UBERON:0001007,DOID:12365,CC0 1.0,MEDLINE cooccurrence,false
UBERON:0002298,DOID:3565,CC0 1.0,MEDLINE cooccurrence,false
UBERON:0001756,DOID:1192,CC0 1.0,MEDLINE cooccurrence,false
UBERON:0000988,DOID:6364,CC0 1.0,MEDLINE cooccurrence,false
UBERON:0002135,DOID:14004,CC0 1.0,MEDLINE cooccurrence,false
UBERON:0001821,DOID:5041,CC0 1.0,MEDLINE cooccurrence,false
UBERON:0001711,DOID:4159,CC0 1.0,MEDLINE cooccurrence,false
UBERON:0001004,DOID:2841,CC0 1.0,MEDLINE cooccurrence,false
UBERON:0002382,DOID:1993,CC0 1.0,MEDLINE cooccurrence,false
UBERON:0001762,DOID:9296,CC0 1.0,MEDLINE cooccurrence,false
UBERON:0000043,DOID:13189,CC0 1.0,MEDLINE cooccurrence,false
UBERON:0000043,DOID:8398,CC0 1.0,MEDLINE cooccurrence,false
UBERON:0001404,DOID:10763,CC0 1.0,MEDLINE cooccurrence,false
UBERON:0001463,DOID:1115,CC0 1.0,MEDLINE cooccurrence,false
UBERON:0002017,DOID:3121,CC0 1.0,MEDLINE cooccurrence,false
UBERON:0001003,DOID:1024,CC0 1.0,MEDLINE cooccurrence,false
UBERON:0000975,DOID:14004,CC0 1.0,MEDLINE cooccurrence,false
UBERON:0001016,DOID:0050425,CC0 1.0,MEDLINE cooccurrence,false
UBERON:0002392,DOID:11934,CC0 1.0,MEDLINE cooccurrence,false
UBERON:0000010,DOID:594,CC0 1.0,MEDLINE cooccurrence,false
UBERON:0001135,DOID:4045,CC0 1.0,MEDLINE cooccurrence,false
UBERON:0001887,DOID:13241,CC0 1.0,MEDLINE cooccurrence,false
UBERON:0001986,DOID:824,CC0 1.0,MEDLINE cooccurrence,false
UBERON:0001673,DOID:10871,CC0 1.0,MEDLINE cooccurrence,false
UBERON:0002392,DOID:2174,CC0 1.0,MEDLINE cooccurrence,false
UBERON:0000029,DOID:5559,CC0 1.0,MEDLINE cooccurrence,false
UBERON:0000056,DOID:10283,CC0 1.0,MEDLINE cooccurrence,false
UBERON:0001815,DOID:1993,CC0 1.0,MEDLINE cooccurrence,false
UBERON:0004535,DOID:14221,CC0 1.0,MEDLINE cooccurrence,false
UBERON:0001182,DOID:10153,CC0 1.0,MEDLINE cooccurrence,false
UBERON:0002240,DOID:13241,CC0 1.0,MEDLINE cooccurrence,false
UBERON:0000029,DOID:635,CC0 1.0,MEDLINE cooccurrence,false
UBERON:0002204,DOID:9074,CC0 1.0,MEDLINE cooccurrence,false
UBERON:0001705,DOID:8893,CC0 1.0,MEDLINE cooccurrence,false
UBERON:0001733,DOID:184,CC0 1.0,MEDLINE cooccurrence,false
UBERON:0001135,DOID:1725,CC0 1.0,MEDLINE cooccurrence,false
UBERON:0002286,DOID:2994,CC0 1.0,MEDLINE cooccurrence,false
UBERON:0002500,DOID:9296,CC0 1.0,MEDLINE cooccurrence,false
UBERON:0001821,DOID:4159,CC0 1.0,MEDLINE cooccurrence,false
UBERON:0001148,DOID:1192,CC0 1.0,MEDLINE cooccurrence,false
UBERON:0002303,DOID:263,CC0 1.0,MEDLINE cooccurrence,false
UBERON:0002017,DOID:4989,CC0 1.0,MEDLINE cooccurrence,false
UBERON:0001599,DOID:1192,CC0 1.0,MEDLINE cooccurrence,false
UBERON:0001734,DOID:2596,CC0 1.0,MEDLINE cooccurrence,false
UBERON:0002066,DOID:1909,CC0 1.0,MEDLINE cooccurrence,false
UBERON:0002129,DOID:10652,CC0 1.0,MEDLINE cooccurrence,false
UBERON:0000033,DOID:4159,CC0 1.0,MEDLINE cooccurrence,false
UBERON:0001690,DOID:0060119,CC0 1.0,MEDLINE cooccurrence,false
UBERON:0001231,DOID:784,CC0 1.0,MEDLINE cooccurrence,false
UBERON:0001140,DOID:175,CC0 1.0,MEDLINE cooccurrence,false
UBERON:0001844,DOID:1192,CC0 1.0,MEDLINE cooccurrence,false
UBERON:0002521,DOID:7693,CC0 1.0,MEDLINE cooccurrence,false
UBERON:0001182,DOID:7693,CC0 1.0,MEDLINE cooccurrence,false
UBERON:0001702,DOID:4481,CC0 1.0,MEDLINE cooccurrence,false
UBERON:0002439,DOID:418,CC0 1.0,MEDLINE cooccurrence,false
UBERON:0001764,DOID:4045,CC0 1.0,MEDLINE cooccurrence,false
UBERON:0001485,DOID:7147,CC0 1.0,MEDLINE cooccurrence,false
UBERON:0000970,DOID:1909,CC0 1.0,MEDLINE cooccurrence,false
UBERON:0002606,DOID:10652,CC0 1.0,MEDLINE cooccurrence,false
UBERON:0000978,DOID:4159,CC0 1.0,MEDLINE cooccurrence,false
UBERON:0002363,DOID:1192,CC0 1.0,MEDLINE cooccurrence,false
UBERON:0001893,DOID:9296,CC0 1.0,MEDLINE cooccurrence,false
UBERON:0001694,DOID:3565,CC0 1.0,MEDLINE cooccurrence,false
UBERON:0001988,DOID:8577,CC0 1.0,MEDLINE cooccurrence,false
UBERON:0001684,DOID:11934,CC0 1.0,MEDLINE cooccurrence,false
UBERON:0002082,DOID:12930,CC0 1.0,MEDLINE cooccurrence,false
UBERON:0001908,DOID:1686,CC0 1.0,MEDLINE cooccurrence,false
UBERON:0001011,DOID:12365,CC0 1.0,MEDLINE cooccurrence,false
UBERON:0000985,DOID:13241,CC0 1.0,MEDLINE cooccurrence,false
UBERON:0002500,DOID:184,CC0 1.0,MEDLINE cooccurrence,false
UBERON:0002386,DOID:11934,CC0 1.0,MEDLINE cooccurrence,false
UBERON:0001017,DOID:12849,CC0 1.0,MEDLINE cooccurrence,false
UBERON:0002228,DOID:9296,CC0 1.0,MEDLINE cooccurrence,false
UBERON:0001007,DOID:219,CC0 1.0,MEDLINE cooccurrence,false
UBERON:0001705,DOID:2994,CC0 1.0,MEDLINE cooccurrence,false
UBERON:0000033,DOID:2994,CC0 1.0,MEDLINE cooccurrence,false
UBERON:0000483,DOID:4159,CC0 1.0,MEDLINE cooccurrence,false
UBERON:0001678,DOID:12185,CC0 1.0,MEDLINE cooccurrence,false
UBERON:0001488,DOID:14330,CC0 1.0,MEDLINE cooccurrence,false
UBERON:0000966,DOID:10871,CC0 1.0,MEDLINE cooccurrence,false
UBERON:0002368,DOID:1612,CC0 1.0,MEDLINE cooccurrence,false
UBERON:0001070,DOID:5408,CC0 1.0,MEDLINE cooccurrence,false
UBERON:0001494,DOID:1024,CC0 1.0,MEDLINE cooccurrence,false
UBERON:0000474,DOID:119,CC0 1.0,MEDLINE cooccurrence,false
UBERON:0002130,DOID:14330,CC0 1.0,MEDLINE cooccurrence,false
UBERON:0001456,DOID:1595,CC0 1.0,MEDLINE cooccurrence,false
UBERON:0001687,DOID:12185,CC0 1.0,MEDLINE cooccurrence,false
UBERON:0000013,DOID:9970,CC0 1.0,MEDLINE cooccurrence,false
UBERON:0001567,DOID:1909,CC0 1.0,MEDLINE cooccurrence,false
UBERON:0003126,DOID:1781,CC0 1.0,MEDLINE cooccurrence,false
UBERON:0002411,DOID:1245,CC0 1.0,MEDLINE cooccurrence,false
UBERON:0000977,DOID:5559,CC0 1.0,MEDLINE cooccurrence,false
UBERON:0002130,DOID:2377,CC0 1.0,MEDLINE cooccurrence,false
UBERON:0000057,DOID:11054,CC0 1.0,MEDLINE cooccurrence,false
UBERON:0001773,DOID:9835,CC0 1.0,MEDLINE cooccurrence,false
UBERON:0001785,DOID:184,CC0 1.0,MEDLINE cooccurrence,false
UBERON:0001677,DOID:2994,CC0 1.0,MEDLINE cooccurrence,false
UBERON:0001285,DOID:1312,CC0 1.0,MEDLINE cooccurrence,false
UBERON:0001985,DOID:1686,CC0 1.0,MEDLINE cooccurrence,false
UBERON:0001891,DOID:1094,CC0 1.0,MEDLINE cooccurrence,false
UBERON:0001530,DOID:10941,CC0 1.0,MEDLINE cooccurrence,false
UBERON:0000010,DOID:9744,CC0 1.0,MEDLINE cooccurrence,false
UBERON:0000013,DOID:3953,CC0 1.0,MEDLINE cooccurrence,false
UBERON:0001675,DOID:6364,CC0 1.0,MEDLINE cooccurrence,false
UBERON:0001648,DOID:2994,CC0 1.0,MEDLINE cooccurrence,false
UBERON:0002240,DOID:5612,CC0 1.0,MEDLINE cooccurrence,false
UBERON:0001619,DOID:10941,CC0 1.0,MEDLINE cooccurrence,false
UBERON:0000043,DOID:418,CC0 1.0,MEDLINE cooccurrence,false
UBERON:0000013,DOID:3393,CC0 1.0,MEDLINE cooccurrence,false
UBERON:0000178,DOID:1459,CC0 1.0,MEDLINE cooccurrence,false
UBERON:0001708,DOID:824,CC0 1.0,MEDLINE cooccurrence,false
UBERON:0000964,DOID:1686,CC0 1.0,MEDLINE cooccurrence,false
UBERON:0000033,DOID:1781,CC0 1.0,MEDLINE cooccurrence,false
UBERON:0002512,DOID:13223,CC0 1.0,MEDLINE cooccurrence,false
UBERON:0001295,DOID:1612,CC0 1.0,MEDLINE cooccurrence,false
UBERON:0001361,DOID:5875,CC0 1.0,MEDLINE cooccurrence,false
UBERON:0001017,DOID:635,CC0 1.0,MEDLINE cooccurrence,false
UBERON:0002046,DOID:1781,CC0 1.0,MEDLINE cooccurrence,false
UBERON:0002361,DOID:10763,CC0 1.0,MEDLINE cooccurrence,false
UBERON:0000995,DOID:11714,CC0 1.0,MEDLINE cooccurrence,false
UBERON:0001224,DOID:11054,CC0 1.0,MEDLINE cooccurrence,false
UBERON:0000002,DOID:2394,CC0 1.0,MEDLINE cooccurrence,false
UBERON:0001744,DOID:3277,CC0 1.0,MEDLINE cooccurrence,false
UBERON:0002422,DOID:3070,CC0 1.0,MEDLINE cooccurrence,false
UBERON:0000006,DOID:4989,CC0 1.0,MEDLINE cooccurrence,false
UBERON:0001785,DOID:6364,CC0 1.0,MEDLINE cooccurrence,false
UBERON:0002129,DOID:0050741,CC0 1.0,MEDLINE cooccurrence,false
UBERON:0001844,DOID:1459,CC0 1.0,MEDLINE cooccurrence,false
UBERON:0001174,DOID:3121,CC0 1.0,MEDLINE cooccurrence,false
UBERON:0001705,DOID:986,CC0 1.0,MEDLINE cooccurrence,false
UBERON:0002377,DOID:332,CC0 1.0,MEDLINE cooccurrence,false
UBERON:0000482,DOID:10976,CC0 1.0,MEDLINE cooccurrence,false
UBERON:0001465,DOID:184,CC0 1.0,MEDLINE cooccurrence,false
UBERON:0001780,DOID:3565,CC0 1.0,MEDLINE cooccurrence,false
UBERON:0000004,DOID:2841,CC0 1.0,MEDLINE cooccurrence,false
UBERON:0000992,DOID:1459,CC0 1.0,MEDLINE cooccurrence,false
UBERON:0002113,DOID:10976,CC0 1.0,MEDLINE cooccurrence,false
UBERON:0001323,DOID:14330,CC0 1.0,MEDLINE cooccurrence,false
UBERON:0001224,DOID:11819,CC0 1.0,MEDLINE cooccurrence,false
UBERON:0001093,DOID:7147,CC0 1.0,MEDLINE cooccurrence,false
UBERON:0001235,DOID:9970,CC0 1.0,MEDLINE cooccurrence,false
UBERON:0002347,DOID:1115,CC0 1.0,MEDLINE cooccurrence,false
UBERON:0001067,DOID:7147,CC0 1.0,MEDLINE cooccurrence,false
UBERON:0002481,DOID:10608,CC0 1.0,MEDLINE cooccurrence,false
UBERON:0000006,DOID:9352,CC0 1.0,MEDLINE cooccurrence,false
UBERON:0002369,DOID:2841,CC0 1.0,MEDLINE cooccurrence,false
UBERON:0001013,DOID:11714,CC0 1.0,MEDLINE cooccurrence,false
UBERON:0002037,DOID:11949,CC0 1.0,MEDLINE cooccurrence,false
UBERON:0001533,DOID:175,CC0 1.0,MEDLINE cooccurrence,false
UBERON:0001017,DOID:2377,CC0 1.0,MEDLINE cooccurrence,false
UBERON:0001694,DOID:5408,CC0 1.0,MEDLINE cooccurrence,false
UBERON:0001648,DOID:1192,CC0 1.0,MEDLINE cooccurrence,false
UBERON:0001535,DOID:184,CC0 1.0,MEDLINE cooccurrence,false
UBERON:0001182,DOID:14004,CC0 1.0,MEDLINE cooccurrence,false
UBERON:0000988,DOID:2377,CC0 1.0,MEDLINE cooccurrence,false
UBERON:0001021,DOID:0050425,CC0 1.0,MEDLINE cooccurrence,false
UBERON:0001772,DOID:2174,CC0 1.0,MEDLINE cooccurrence,false
UBERON:0000974,DOID:5559,CC0 1.0,MEDLINE cooccurrence,false
UBERON:0002371,DOID:12365,CC0 1.0,MEDLINE cooccurrence,false
UBERON:0002377,DOID:8850,CC0 1.0,MEDLINE cooccurrence,false
UBERON:0000029,DOID:11054,CC0 1.0,MEDLINE cooccurrence,false
UBERON:0000988,DOID:14330,CC0 1.0,MEDLINE cooccurrence,false
UBERON:0002137,DOID:2355,CC0 1.0,MEDLINE cooccurrence,false
UBERON:0001733,DOID:0060119,CC0 1.0,MEDLINE cooccurrence,false
UBERON:0000007,DOID:12361,CC0 1.0,MEDLINE cooccurrence,false
UBERON:0000004,DOID:4481,CC0 1.0,MEDLINE cooccurrence,false
UBERON:0001644,DOID:2994,CC0 1.0,MEDLINE cooccurrence,false
UBERON:0001750,DOID:184,CC0 1.0,MEDLINE cooccurrence,false
UBERON:0001685,DOID:1115,CC0 1.0,MEDLINE cooccurrence,false
UBERON:0001594,DOID:2377,CC0 1.0,MEDLINE cooccurrence,false
UBERON:0002606,DOID:5419,CC0 1.0,MEDLINE cooccurrence,false
UBERON:0002369,DOID:3953,CC0 1.0,MEDLINE cooccurrence,false
UBERON:0000011,DOID:1826,CC0 1.0,MEDLINE cooccurrence,false
UBERON:0002389,DOID:1115,CC0 1.0,MEDLINE cooccurrence,false
UBERON:0001089,DOID:10608,CC0 1.0,MEDLINE cooccurrence,false
UBERON:0000033,DOID:9296,CC0 1.0,MEDLINE cooccurrence,false
UBERON:0002066,DOID:9074,CC0 1.0,MEDLINE cooccurrence,false
UBERON:0001530,DOID:9352,CC0 1.0,MEDLINE cooccurrence,false
UBERON:0000045,DOID:2994,CC0 1.0,MEDLINE cooccurrence,false
UBERON:0001673,DOID:3565,CC0 1.0,MEDLINE cooccurrence,false
UBERON:0001825,DOID:6364,CC0 1.0,MEDLINE cooccurrence,false
UBERON:0003129,DOID:0060119,CC0 1.0,MEDLINE cooccurrence,false
UBERON:0001780,DOID:1024,CC0 1.0,MEDLINE cooccurrence,false
UBERON:0002037,DOID:2994,CC0 1.0,MEDLINE cooccurrence,false
UBERON:0001989,DOID:10763,CC0 1.0,MEDLINE cooccurrence,false
UBERON:0000473,DOID:2531,CC0 1.0,MEDLINE cooccurrence,false
UBERON:0000988,DOID:1826,CC0 1.0,MEDLINE cooccurrence,false
UBERON:0002347,DOID:184,CC0 1.0,MEDLINE cooccurrence,false
UBERON:0001072,DOID:263,CC0 1.0,MEDLINE cooccurrence,false
UBERON:0002707,DOID:332,CC0 1.0,MEDLINE cooccurrence,false
UBERON:0000482,DOID:2994,CC0 1.0,MEDLINE cooccurrence,false
UBERON:0002369,DOID:1459,CC0 1.0,MEDLINE cooccurrence,false
UBERON:0001723,DOID:1459,CC0 1.0,MEDLINE cooccurrence,false
UBERON:0001986,DOID:4159,CC0 1.0,MEDLINE cooccurrence,false
UBERON:0002360,DOID:1192,CC0 1.0,MEDLINE cooccurrence,false
UBERON:0001764,DOID:2174,CC0 1.0,MEDLINE cooccurrence,false
UBERON:0001896,DOID:332,CC0 1.0,MEDLINE cooccurrence,false
UBERON:0001037,DOID:0050741,CC0 1.0,MEDLINE cooccurrence,false
UBERON:0002398,DOID:12849,CC0 1.0,MEDLINE cooccurrence,false
UBERON:0002418,DOID:8398,CC0 1.0,MEDLINE cooccurrence,false
UBERON:0001264,DOID:10153,CC0 1.0,MEDLINE cooccurrence,false
UBERON:0000982,DOID:9008,CC0 1.0,MEDLINE cooccurrence,false
UBERON:0001825,DOID:0060119,CC0 1.0,MEDLINE cooccurrence,false
UBERON:0000211,DOID:3121,CC0 1.0,MEDLINE cooccurrence,false
UBERON:0001891,DOID:1826,CC0 1.0,MEDLINE cooccurrence,false
UBERON:0001684,DOID:0060119,CC0 1.0,MEDLINE cooccurrence,false
UBERON:0001044,DOID:216,CC0 1.0,MEDLINE cooccurrence,false
UBERON:0001567,DOID:0060119,CC0 1.0,MEDLINE cooccurrence,false
UBERON:0001771,DOID:1909,CC0 1.0,MEDLINE cooccurrence,false
UBERON:0002398,DOID:1115,CC0 1.0,MEDLINE cooccurrence,false
UBERON:0001971,DOID:1793,CC0 1.0,MEDLINE cooccurrence,false
UBERON:0002082,DOID:13378,CC0 1.0,MEDLINE cooccurrence,false
UBERON:0002005,DOID:14330,CC0 1.0,MEDLINE cooccurrence,false
UBERON:0001884,DOID:1826,CC0 1.0,MEDLINE cooccurrence,false
UBERON:0001533,DOID:1324,CC0 1.0,MEDLINE cooccurrence,false
UBERON:0002066,DOID:2994,CC0 1.0,MEDLINE cooccurrence,false
UBERON:0001567,DOID:11934,CC0 1.0,MEDLINE cooccurrence,false
UBERON:0002113,DOID:5875,CC0 1.0,MEDLINE cooccurrence,false
UBERON:0001103,DOID:3277,CC0 1.0,MEDLINE cooccurrence,false
UBERON:0001691,DOID:12185,CC0 1.0,MEDLINE cooccurrence,false
UBERON:0001640,DOID:4606,CC0 1.0,MEDLINE cooccurrence,false
UBERON:0001724,DOID:3565,CC0 1.0,MEDLINE cooccurrence,false
UBERON:0002294,DOID:4989,CC0 1.0,MEDLINE cooccurrence,false
UBERON:0001893,DOID:1826,CC0 1.0,MEDLINE cooccurrence,false
UBERON:0000029,DOID:1324,CC0 1.0,MEDLINE cooccurrence,false
UBERON:0002037,DOID:1459,CC0 1.0,MEDLINE cooccurrence,false
UBERON:0002387,DOID:1024,CC0 1.0,MEDLINE cooccurrence,false
UBERON:0001135,DOID:3083,CC0 1.0,MEDLINE cooccurrence,false
UBERON:0001231,DOID:9744,CC0 1.0,MEDLINE cooccurrence,false
UBERON:0001016,DOID:9074,CC0 1.0,MEDLINE cooccurrence,false
UBERON:0002414,DOID:2994,CC0 1.0,MEDLINE cooccurrence,false
UBERON:0001679,DOID:4045,CC0 1.0,MEDLINE cooccurrence,false
UBERON:0001776,DOID:13241,CC0 1.0,MEDLINE cooccurrence,false
UBERON:0001764,DOID:2994,CC0 1.0,MEDLINE cooccurrence,false
UBERON:0002378,DOID:9970,CC0 1.0,MEDLINE cooccurrence,false
UBERON:0001184,DOID:784,CC0 1.0,MEDLINE cooccurrence,false
UBERON:0001182,DOID:8778,CC0 1.0,MEDLINE cooccurrence,false
UBERON:0001814,DOID:5612,CC0 1.0,MEDLINE cooccurrence,false
UBERON:0001723,DOID:9296,CC0 1.0,MEDLINE cooccurrence,false
UBERON:0001070,DOID:184,CC0 1.0,MEDLINE cooccurrence,false
UBERON:0001643,DOID:14330,CC0 1.0,MEDLINE cooccurrence,false
UBERON:0001365,DOID:7148,CC0 1.0,MEDLINE cooccurrence,false
UBERON:0001577,DOID:9296,CC0 1.0,MEDLINE cooccurrence,false
UBERON:0002453,DOID:1115,CC0 1.0,MEDLINE cooccurrence,false
UBERON:0001724,DOID:0060119,CC0 1.0,MEDLINE cooccurrence,false
UBERON:0000992,DOID:1964,CC0 1.0,MEDLINE cooccurrence,false
UBERON:0001836,DOID:4481,CC0 1.0,MEDLINE cooccurrence,false
UBERON:0001710,DOID:8850,CC0 1.0,MEDLINE cooccurrence,false
UBERON:0004535,DOID:1094,CC0 1.0,MEDLINE cooccurrence,false
UBERON:0001021,DOID:1459,CC0 1.0,MEDLINE cooccurrence,false
UBERON:0001690,DOID:1024,CC0 1.0,MEDLINE cooccurrence,false
UBERON:0000988,DOID:10941,CC0 1.0,MEDLINE cooccurrence,false
UBERON:0001805,DOID:6364,CC0 1.0,MEDLINE cooccurrence,false
UBERON:0002418,DOID:7147,CC0 1.0,MEDLINE cooccurrence,false
UBERON:0001988,DOID:635,CC0 1.0,MEDLINE cooccurrence,false
UBERON:0001891,DOID:1595,CC0 1.0,MEDLINE cooccurrence,false
UBERON:0001231,DOID:9352,CC0 1.0,MEDLINE cooccurrence,false
UBERON:0000959,DOID:1319,CC0 1.0,MEDLINE cooccurrence,false
UBERON:0001815,DOID:7693,CC0 1.0,MEDLINE cooccurrence,false
UBERON:0002081,DOID:14004,CC0 1.0,MEDLINE cooccurrence,false
UBERON:0004452,DOID:8893,CC0 1.0,MEDLINE cooccurrence,false
UBERON:0002107,DOID:14221,CC0 1.0,MEDLINE cooccurrence,false
UBERON:0001182,DOID:3571,CC0 1.0,MEDLINE cooccurrence,false
UBERON:0001775,DOID:2174,CC0 1.0,MEDLINE cooccurrence,false
UBERON:0001759,DOID:594,CC0 1.0,MEDLINE cooccurrence,false
UBERON:0001677,DOID:184,CC0 1.0,MEDLINE cooccurrence,false
UBERON:0001844,DOID:12185,CC0 1.0,MEDLINE cooccurrence,false
UBERON:0001225,DOID:9074,CC0 1.0,MEDLINE cooccurrence,false
UBERON:0004727,DOID:12185,CC0 1.0,MEDLINE cooccurrence,false
UBERON:0001194,DOID:5875,CC0 1.0,MEDLINE cooccurrence,false
UBERON:0001986,DOID:2994,CC0 1.0,MEDLINE cooccurrence,false
UBERON:0002134,DOID:13241,CC0 1.0,MEDLINE cooccurrence,false
UBERON:0002010,DOID:10534,CC0 1.0,MEDLINE cooccurrence,false
UBERON:0002384,DOID:1936,CC0 1.0,MEDLINE cooccurrence,false
UBERON:0001456,DOID:1024,CC0 1.0,MEDLINE cooccurrence,false
UBERON:0002407,DOID:1790,CC0 1.0,MEDLINE cooccurrence,false
UBERON:0000482,DOID:8893,CC0 1.0,MEDLINE cooccurrence,false
UBERON:0001673,DOID:2377,CC0 1.0,MEDLINE cooccurrence,false
UBERON:0001697,DOID:4045,CC0 1.0,MEDLINE cooccurrence,false
UBERON:0001463,DOID:1909,CC0 1.0,MEDLINE cooccurrence,false
UBERON:0001300,DOID:4159,CC0 1.0,MEDLINE cooccurrence,false
UBERON:0002385,DOID:10608,CC0 1.0,MEDLINE cooccurrence,false
UBERON:0001988,DOID:12365,CC0 1.0,MEDLINE cooccurrence,false
UBERON:0001691,DOID:2994,CC0 1.0,MEDLINE cooccurrence,false
UBERON:0001577,DOID:1826,CC0 1.0,MEDLINE cooccurrence,false
UBERON:0002250,DOID:175,CC0 1.0,MEDLINE cooccurrence,false
UBERON:0001361,DOID:784,CC0 1.0,MEDLINE cooccurrence,false
UBERON:0001647,DOID:332,CC0 1.0,MEDLINE cooccurrence,false
UBERON:0001577,DOID:8850,CC0 1.0,MEDLINE cooccurrence,false
UBERON:0002394,DOID:4989,CC0 1.0,MEDLINE cooccurrence,false
UBERON:0002384,DOID:12361,CC0 1.0,MEDLINE cooccurrence,false
UBERON:0001771,DOID:2174,CC0 1.0,MEDLINE cooccurrence,false
UBERON:0002347,DOID:3565,CC0 1.0,MEDLINE cooccurrence,false
UBERON:0002146,DOID:2994,CC0 1.0,MEDLINE cooccurrence,false
UBERON:0002298,DOID:594,CC0 1.0,MEDLINE cooccurrence,false
UBERON:0002073,DOID:1909,CC0 1.0,MEDLINE cooccurrence,false
UBERON:0000029,DOID:5875,CC0 1.0,MEDLINE cooccurrence,false
UBERON:0001736,DOID:11934,CC0 1.0,MEDLINE cooccurrence,false
UBERON:0000033,DOID:12849,CC0 1.0,MEDLINE cooccurrence,false
UBERON:0000006,DOID:9970,CC0 1.0,MEDLINE cooccurrence,false
UBERON:0001105,DOID:11714,CC0 1.0,MEDLINE cooccurrence,false
UBERON:0002299,DOID:418,CC0 1.0,MEDLINE cooccurrence,false
UBERON:0001710,DOID:184,CC0 1.0,MEDLINE cooccurrence,false
UBERON:0002060,DOID:3393,CC0 1.0,MEDLINE cooccurrence,false
UBERON:0002384,DOID:10871,CC0 1.0,MEDLINE cooccurrence,false
UBERON:0001132,DOID:3953,CC0 1.0,MEDLINE cooccurrence,false
UBERON:0002303,DOID:10763,CC0 1.0,MEDLINE cooccurrence,false
UBERON:0002362,DOID:3070,CC0 1.0,MEDLINE cooccurrence,false
UBERON:0001130,DOID:11476,CC0 1.0,MEDLINE cooccurrence,false
UBERON:0002387,DOID:9744,CC0 1.0,MEDLINE cooccurrence,false
UBERON:0001464,DOID:8398,CC0 1.0,MEDLINE cooccurrence,false
UBERON:0002389,DOID:1094,CC0 1.0,MEDLINE cooccurrence,false
UBERON:0001295,DOID:1964,CC0 1.0,MEDLINE cooccurrence,false
UBERON:0002382,DOID:1245,CC0 1.0,MEDLINE cooccurrence,false
UBERON:0001016,DOID:0050741,CC0 1.0,MEDLINE cooccurrence,false
UBERON:0000970,DOID:4481,CC0 1.0,MEDLINE cooccurrence,false
UBERON:0001300,DOID:8778,CC0 1.0,MEDLINE cooccurrence,false
UBERON:0001323,DOID:0050741,CC0 1.0,MEDLINE cooccurrence,false
UBERON:0002466,DOID:8577,CC0 1.0,MEDLINE cooccurrence,false
UBERON:0002352,DOID:3393,CC0 1.0,MEDLINE cooccurrence,false
UBERON:0002356,DOID:10283,CC0 1.0,MEDLINE cooccurrence,false
UBERON:0002303,DOID:784,CC0 1.0,MEDLINE cooccurrence,false
UBERON:0002384,DOID:418,CC0 1.0,MEDLINE cooccurrence,false
UBERON:0002413,DOID:1192,CC0 1.0,MEDLINE cooccurrence,false
UBERON:0002466,DOID:4989,CC0 1.0,MEDLINE cooccurrence,false
UBERON:0002349,DOID:13378,CC0 1.0,MEDLINE cooccurrence,false
UBERON:0002110,DOID:10608,CC0 1.0,MEDLINE cooccurrence,false
UBERON:0002371,DOID:4045,CC0 1.0,MEDLINE cooccurrence,false
UBERON:0000989,DOID:12306,CC0 1.0,MEDLINE cooccurrence,false
UBERON:0001594,DOID:1324,CC0 1.0,MEDLINE cooccurrence,false
UBERON:0002384,DOID:3083,CC0 1.0,MEDLINE cooccurrence,false
UBERON:0001805,DOID:3953,CC0 1.0,MEDLINE cooccurrence,false
UBERON:0000211,DOID:8398,CC0 1.0,MEDLINE cooccurrence,false
UBERON:0002066,DOID:3571,CC0 1.0,MEDLINE cooccurrence,false
UBERON:0001886,DOID:10652,CC0 1.0,MEDLINE cooccurrence,false
UBERON:0002377,DOID:14330,CC0 1.0,MEDLINE cooccurrence,false
UBERON:0001711,DOID:9835,CC0 1.0,MEDLINE cooccurrence,false
UBERON:0001970,DOID:10021,CC0 1.0,MEDLINE cooccurrence,false
UBERON:0001461,DOID:14330,CC0 1.0,MEDLINE cooccurrence,false
UBERON:0001971,DOID:0050741,CC0 1.0,MEDLINE cooccurrence,false
UBERON:0001776,DOID:2994,CC0 1.0,MEDLINE cooccurrence,false
UBERON:0001008,DOID:11054,CC0 1.0,MEDLINE cooccurrence,false
UBERON:0000007,DOID:1612,CC0 1.0,MEDLINE cooccurrence,false
UBERON:0001688,DOID:12185,CC0 1.0,MEDLINE cooccurrence,false
UBERON:0001530,DOID:175,CC0 1.0,MEDLINE cooccurrence,false
UBERON:0001490,DOID:1115,CC0 1.0,MEDLINE cooccurrence,false
UBERON:0002518,DOID:2994,CC0 1.0,MEDLINE cooccurrence,false
UBERON:0000992,DOID:13223,CC0 1.0,MEDLINE cooccurrence,false
UBERON:0002413,DOID:3070,CC0 1.0,MEDLINE cooccurrence,false
UBERON:0001905,DOID:6364,CC0 1.0,MEDLINE cooccurrence,false
UBERON:0001764,DOID:11934,CC0 1.0,MEDLINE cooccurrence,false
UBERON:0002110,DOID:10534,CC0 1.0,MEDLINE cooccurrence,false
UBERON:0001716,DOID:0060119,CC0 1.0,MEDLINE cooccurrence,false
UBERON:0002012,DOID:14004,CC0 1.0,MEDLINE cooccurrence,false
UBERON:0002018,DOID:9008,CC0 1.0,MEDLINE cooccurrence,false
UBERON:0001893,DOID:10652,CC0 1.0,MEDLINE cooccurrence,false
UBERON:0001398,DOID:784,CC0 1.0,MEDLINE cooccurrence,false
UBERON:0001599,DOID:12185,CC0 1.0,MEDLINE cooccurrence,false
UBERON:0002398,DOID:418,CC0 1.0,MEDLINE cooccurrence,false
UBERON:0001264,DOID:10534,CC0 1.0,MEDLINE cooccurrence,false
UBERON:0000966,DOID:1909,CC0 1.0,MEDLINE cooccurrence,false
UBERON:0001673,DOID:1686,CC0 1.0,MEDLINE cooccurrence,false
UBERON:0001645,DOID:11934,CC0 1.0,MEDLINE cooccurrence,false
UBERON:0002019,DOID:1192,CC0 1.0,MEDLINE cooccurrence,false
UBERON:0002481,DOID:10283,CC0 1.0,MEDLINE cooccurrence,false
UBERON:0000975,DOID:184,CC0 1.0,MEDLINE cooccurrence,false
UBERON:0001322,DOID:9352,CC0 1.0,MEDLINE cooccurrence,false
UBERON:0002453,DOID:184,CC0 1.0,MEDLINE cooccurrence,false
UBERON:0002048,DOID:2841,CC0 1.0,MEDLINE cooccurrence,false
UBERON:0001805,DOID:2994,CC0 1.0,MEDLINE cooccurrence,false
UBERON:0000975,DOID:3277,CC0 1.0,MEDLINE cooccurrence,false
UBERON:0001981,DOID:219,CC0 1.0,MEDLINE cooccurrence,false
UBERON:0000982,DOID:8893,CC0 1.0,MEDLINE cooccurrence,false
UBERON:0002040,DOID:14004,CC0 1.0,MEDLINE cooccurrence,false
UBERON:0002067,DOID:2994,CC0 1.0,MEDLINE cooccurrence,false
UBERON:0001533,DOID:13241,CC0 1.0,MEDLINE cooccurrence,false
UBERON:0001887,DOID:3312,CC0 1.0,MEDLINE cooccurrence,false
UBERON:0000006,DOID:11714,CC0 1.0,MEDLINE cooccurrence,false
UBERON:0002113,DOID:263,CC0 1.0,MEDLINE cooccurrence,false
UBERON:0000482,DOID:9074,CC0 1.0,MEDLINE cooccurrence,false
UBERON:0001908,DOID:5419,CC0 1.0,MEDLINE cooccurrence,false
UBERON:0002048,DOID:1324,CC0 1.0,MEDLINE cooccurrence,false
UBERON:0002405,DOID:8778,CC0 1.0,MEDLINE cooccurrence,false
UBERON:0001174,DOID:10021,CC0 1.0,MEDLINE cooccurrence,false
UBERON:0001072,DOID:7693,CC0 1.0,MEDLINE cooccurrence,false
UBERON:0002368,DOID:13499,CC0 1.0,MEDLINE cooccurrence,false
UBERON:0001088,DOID:3953,CC0 1.0,MEDLINE cooccurrence,false
UBERON:0000056,DOID:219,CC0 1.0,MEDLINE cooccurrence,false
UBERON:0000949,DOID:1595,CC0 1.0,MEDLINE cooccurrence,false
UBERON:0001914,DOID:1612,CC0 1.0,MEDLINE cooccurrence,false
UBERON:0002944,DOID:5612,CC0 1.0,MEDLINE cooccurrence,false
UBERON:0002146,DOID:175,CC0 1.0,MEDLINE cooccurrence,false
UBERON:0001783,DOID:10871,CC0 1.0,MEDLINE cooccurrence,false
UBERON:0001773,DOID:12185,CC0 1.0,MEDLINE cooccurrence,false
UBERON:0001461,DOID:7148,CC0 1.0,MEDLINE cooccurrence,false
UBERON:0001456,DOID:4159,CC0 1.0,MEDLINE cooccurrence,false
UBERON:0002360,DOID:1319,CC0 1.0,MEDLINE cooccurrence,false
UBERON:0002005,DOID:8577,CC0 1.0,MEDLINE cooccurrence,false
UBERON:0001785,DOID:10941,CC0 1.0,MEDLINE cooccurrence,false
UBERON:0002298,DOID:10763,CC0 1.0,MEDLINE cooccurrence,false
UBERON:0001989,DOID:11934,CC0 1.0,MEDLINE cooccurrence,false
UBERON:0001406,DOID:418,CC0 1.0,MEDLINE cooccurrence,false
UBERON:0002228,DOID:1324,CC0 1.0,MEDLINE cooccurrence,false
UBERON:0001694,DOID:1319,CC0 1.0,MEDLINE cooccurrence,false
UBERON:0000975,DOID:7147,CC0 1.0,MEDLINE cooccurrence,false
UBERON:0001103,DOID:5041,CC0 1.0,MEDLINE cooccurrence,false
UBERON:0001678,DOID:184,CC0 1.0,MEDLINE cooccurrence,false
UBERON:0001750,DOID:7148,CC0 1.0,MEDLINE cooccurrence,false
UBERON:0002363,DOID:3565,CC0 1.0,MEDLINE cooccurrence,false
UBERON:0001365,DOID:9008,CC0 1.0,MEDLINE cooccurrence,false
UBERON:0001970,DOID:1793,CC0 1.0,MEDLINE cooccurrence,false
UBERON:0001044,DOID:8850,CC0 1.0,MEDLINE cooccurrence,false
UBERON:0001785,DOID:2994,CC0 1.0,MEDLINE cooccurrence,false
UBERON:0002413,DOID:9008,CC0 1.0,MEDLINE cooccurrence,false
UBERON:0002707,DOID:10652,CC0 1.0,MEDLINE cooccurrence,false
UBERON:0002500,DOID:0060119,CC0 1.0,MEDLINE cooccurrence,false
UBERON:0000482,DOID:4159,CC0 1.0,MEDLINE cooccurrence,false
UBERON:0001884,DOID:2994,CC0 1.0,MEDLINE cooccurrence,false
UBERON:0002394,DOID:3571,CC0 1.0,MEDLINE cooccurrence,false
UBERON:0001769,DOID:1686,CC0 1.0,MEDLINE cooccurrence,false
UBERON:0001638,DOID:10941,CC0 1.0,MEDLINE cooccurrence,false
UBERON:0001148,DOID:9352,CC0 1.0,MEDLINE cooccurrence,false
UBERON:0002522,DOID:9744,CC0 1.0,MEDLINE cooccurrence,false
UBERON:0001783,DOID:9835,CC0 1.0,MEDLINE cooccurrence,false
UBERON:0002107,DOID:12236,CC0 1.0,MEDLINE cooccurrence,false
UBERON:0001130,DOID:90,CC0 1.0,MEDLINE cooccurrence,false
UBERON:0002414,DOID:9008,CC0 1.0,MEDLINE cooccurrence,false
UBERON:0002378,DOID:11054,CC0 1.0,MEDLINE cooccurrence,false
UBERON:0001175,DOID:3571,CC0 1.0,MEDLINE cooccurrence,false
UBERON:0001638,DOID:1936,CC0 1.0,MEDLINE cooccurrence,false
UBERON:0001690,DOID:11934,CC0 1.0,MEDLINE cooccurrence,false
UBERON:0000482,DOID:2394,CC0 1.0,MEDLINE cooccurrence,false
UBERON:0000178,DOID:10608,CC0 1.0,MEDLINE cooccurrence,false
UBERON:0001597,DOID:8850,CC0 1.0,MEDLINE cooccurrence,false
UBERON:0002453,DOID:2174,CC0 1.0,MEDLINE cooccurrence,false
UBERON:0001820,DOID:1245,CC0 1.0,MEDLINE cooccurrence,false
UBERON:0001886,DOID:3070,CC0 1.0,MEDLINE cooccurrence,false
UBERON:0002240,DOID:184,CC0 1.0,MEDLINE cooccurrence,false
UBERON:0002386,DOID:1115,CC0 1.0,MEDLINE cooccurrence,false
UBERON:0002347,DOID:5559,CC0 1.0,MEDLINE cooccurrence,false
UBERON:0004535,DOID:9744,CC0 1.0,MEDLINE cooccurrence,false
UBERON:0002411,DOID:119,CC0 1.0,MEDLINE cooccurrence,false
UBERON:0002129,DOID:1459,CC0 1.0,MEDLINE cooccurrence,false
UBERON:0001896,DOID:10763,CC0 1.0,MEDLINE cooccurrence,false
UBERON:0001140,DOID:5875,CC0 1.0,MEDLINE cooccurrence,false
UBERON:0002407,DOID:12930,CC0 1.0,MEDLINE cooccurrence,false
UBERON:0002275,DOID:594,CC0 1.0,MEDLINE cooccurrence,false
UBERON:0003129,DOID:12185,CC0 1.0,MEDLINE cooccurrence,false
UBERON:0000922,DOID:14330,CC0 1.0,MEDLINE cooccurrence,false
UBERON:0001620,DOID:9352,CC0 1.0,MEDLINE cooccurrence,false
UBERON:0001140,DOID:7693,CC0 1.0,MEDLINE cooccurrence,false
UBERON:0001890,DOID:0050741,CC0 1.0,MEDLINE cooccurrence,false
UBERON:0001515,DOID:10763,CC0 1.0,MEDLINE cooccurrence,false
UBERON:0002398,DOID:8398,CC0 1.0,MEDLINE cooccurrence,false
UBERON:0001890,DOID:12849,CC0 1.0,MEDLINE cooccurrence,false
UBERON:0002103,DOID:0050425,CC0 1.0,MEDLINE cooccurrence,false
UBERON:0001017,DOID:11119,CC0 1.0,MEDLINE cooccurrence,false
UBERON:0001980,DOID:1936,CC0 1.0,MEDLINE cooccurrence,false
UBERON:0002371,DOID:10534,CC0 1.0,MEDLINE cooccurrence,false
UBERON:0000042,DOID:2998,CC0 1.0,MEDLINE cooccurrence,false
UBERON:0001494,DOID:1192,CC0 1.0,MEDLINE cooccurrence,false
UBERON:0002356,DOID:8778,CC0 1.0,MEDLINE cooccurrence,false
UBERON:0001310,DOID:9744,CC0 1.0,MEDLINE cooccurrence,false
UBERON:0001673,DOID:2174,CC0 1.0,MEDLINE cooccurrence,false
UBERON:0000955,DOID:13241,CC0 1.0,MEDLINE cooccurrence,false
UBERON:0002103,DOID:8398,CC0 1.0,MEDLINE cooccurrence,false
UBERON:0000966,DOID:9835,CC0 1.0,MEDLINE cooccurrence,false
UBERON:0002466,DOID:8778,CC0 1.0,MEDLINE cooccurrence,false
UBERON:0001744,DOID:2986,CC0 1.0,MEDLINE cooccurrence,false
UBERON:0001855,DOID:1192,CC0 1.0,MEDLINE cooccurrence,false
UBERON:0002017,DOID:13499,CC0 1.0,MEDLINE cooccurrence,false
UBERON:0000977,DOID:1115,CC0 1.0,MEDLINE cooccurrence,false
UBERON:0000043,DOID:9008,CC0 1.0,MEDLINE cooccurrence,false
UBERON:0001324,DOID:784,CC0 1.0,MEDLINE cooccurrence,false
UBERON:0000004,DOID:11934,CC0 1.0,MEDLINE cooccurrence,false
UBERON:0001064,DOID:3121,CC0 1.0,MEDLINE cooccurrence,false
UBERON:0002389,DOID:13499,CC0 1.0,MEDLINE cooccurrence,false
UBERON:0002382,DOID:1612,CC0 1.0,MEDLINE cooccurrence,false
UBERON:0001267,DOID:2994,CC0 1.0,MEDLINE cooccurrence,false
UBERON:0001232,DOID:5875,CC0 1.0,MEDLINE cooccurrence,false
UBERON:0002371,DOID:1324,CC0 1.0,MEDLINE cooccurrence,false
UBERON:0002205,DOID:8893,CC0 1.0,MEDLINE cooccurrence,false
UBERON:0001148,DOID:2377,CC0 1.0,MEDLINE cooccurrence,false
UBERON:0001644,DOID:1192,CC0 1.0,MEDLINE cooccurrence,false
UBERON:0002407,DOID:3277,CC0 1.0,MEDLINE cooccurrence,false
UBERON:0001620,DOID:9835,CC0 1.0,MEDLINE cooccurrence,false
UBERON:0000978,DOID:184,CC0 1.0,MEDLINE cooccurrence,false
UBERON:0001676,DOID:2994,CC0 1.0,MEDLINE cooccurrence,false
UBERON:0002382,DOID:4045,CC0 1.0,MEDLINE cooccurrence,false
UBERON:0000042,DOID:3121,CC0 1.0,MEDLINE cooccurrence,false
UBERON:0000033,DOID:4045,CC0 1.0,MEDLINE cooccurrence,false
UBERON:0002040,DOID:175,CC0 1.0,MEDLINE cooccurrence,false
UBERON:0002414,DOID:90,CC0 1.0,MEDLINE cooccurrence,false
UBERON:0002413,DOID:7147,CC0 1.0,MEDLINE cooccurrence,false
UBERON:0002294,DOID:4606,CC0 1.0,MEDLINE cooccurrence,false
UBERON:0001710,DOID:9296,CC0 1.0,MEDLINE cooccurrence,false
UBERON:0001679,DOID:1115,CC0 1.0,MEDLINE cooccurrence,false
UBERON:0000042,DOID:1790,CC0 1.0,MEDLINE cooccurrence,false
UBERON:0002673,DOID:1192,CC0 1.0,MEDLINE cooccurrence,false
UBERON:0001970,DOID:14268,CC0 1.0,MEDLINE cooccurrence,false
UBERON:0001685,DOID:11934,CC0 1.0,MEDLINE cooccurrence,false
UBERON:0002422,DOID:3565,CC0 1.0,MEDLINE cooccurrence,false
UBERON:0002407,DOID:14221,CC0 1.0,MEDLINE cooccurrence,false
UBERON:0001037,DOID:3310,CC0 1.0,MEDLINE cooccurrence,false
UBERON:0001460,DOID:1612,CC0 1.0,MEDLINE cooccurrence,false
UBERON:0001893,DOID:2994,CC0 1.0,MEDLINE cooccurrence,false
UBERON:0001310,DOID:7693,CC0 1.0,MEDLINE cooccurrence,false
UBERON:0001833,DOID:4159,CC0 1.0,MEDLINE cooccurrence,false
UBERON:0002028,DOID:332,CC0 1.0,MEDLINE cooccurrence,false
UBERON:0001707,DOID:0060119,CC0 1.0,MEDLINE cooccurrence,false
UBERON:0001759,DOID:0060119,CC0 1.0,MEDLINE cooccurrence,false
UBERON:0002102,DOID:1192,CC0 1.0,MEDLINE cooccurrence,false
UBERON:0001971,DOID:9206,CC0 1.0,MEDLINE cooccurrence,false
UBERON:0001896,DOID:10941,CC0 1.0,MEDLINE cooccurrence,false
UBERON:0002366,DOID:10283,CC0 1.0,MEDLINE cooccurrence,false
UBERON:0002037,DOID:2377,CC0 1.0,MEDLINE cooccurrence,false
UBERON:0002016,DOID:12930,CC0 1.0,MEDLINE cooccurrence,false
UBERON:0001759,DOID:2994,CC0 1.0,MEDLINE cooccurrence,false
UBERON:0001348,DOID:9352,CC0 1.0,MEDLINE cooccurrence,false
UBERON:0001697,DOID:1192,CC0 1.0,MEDLINE cooccurrence,false
UBERON:0002294,DOID:12236,CC0 1.0,MEDLINE cooccurrence,false
UBERON:0001194,DOID:2355,CC0 1.0,MEDLINE cooccurrence,false
UBERON:0001684,DOID:824,CC0 1.0,MEDLINE cooccurrence,false
UBERON:0002017,DOID:219,CC0 1.0,MEDLINE cooccurrence,false
UBERON:0001516,DOID:10763,CC0 1.0,MEDLINE cooccurrence,false
UBERON:0001236,DOID:2994,CC0 1.0,MEDLINE cooccurrence,false
UBERON:0000985,DOID:12930,CC0 1.0,MEDLINE cooccurrence,false
UBERON:0001908,DOID:2377,CC0 1.0,MEDLINE cooccurrence,false
UBERON:0002286,DOID:5419,CC0 1.0,MEDLINE cooccurrence,false
UBERON:0002523,DOID:7693,CC0 1.0,MEDLINE cooccurrence,false
UBERON:0002037,DOID:6364,CC0 1.0,MEDLINE cooccurrence,false
UBERON:0002413,DOID:5408,CC0 1.0,MEDLINE cooccurrence,false
UBERON:0001691,DOID:9296,CC0 1.0,MEDLINE cooccurrence,false
UBERON:0000941,DOID:184,CC0 1.0,MEDLINE cooccurrence,false
UBERON:0002386,DOID:418,CC0 1.0,MEDLINE cooccurrence,false
UBERON:0001640,DOID:3121,CC0 1.0,MEDLINE cooccurrence,false
UBERON:0001705,DOID:1909,CC0 1.0,MEDLINE cooccurrence,false
UBERON:0001295,DOID:4362,CC0 1.0,MEDLINE cooccurrence,false
UBERON:0001324,DOID:332,CC0 1.0,MEDLINE cooccurrence,false
UBERON:0000473,DOID:2394,CC0 1.0,MEDLINE cooccurrence,false
UBERON:0001324,DOID:9744,CC0 1.0,MEDLINE cooccurrence,false
UBERON:0000029,DOID:11239,CC0 1.0,MEDLINE cooccurrence,false
UBERON:0002411,DOID:2994,CC0 1.0,MEDLINE cooccurrence,false
UBERON:0001088,DOID:263,CC0 1.0,MEDLINE cooccurrence,false
UBERON:0001638,DOID:13223,CC0 1.0,MEDLINE cooccurrence,false
UBERON:0000998,DOID:11054,CC0 1.0,MEDLINE cooccurrence,false
UBERON:0001837,DOID:8850,CC0 1.0,MEDLINE cooccurrence,false
UBERON:0001846,DOID:5408,CC0 1.0,MEDLINE cooccurrence,false
UBERON:0002371,DOID:2994,CC0 1.0,MEDLINE cooccurrence,false
UBERON:0000178,DOID:5419,CC0 1.0,MEDLINE cooccurrence,false
UBERON:0002405,DOID:9744,CC0 1.0,MEDLINE cooccurrence,false
UBERON:0000042,DOID:2394,CC0 1.0,MEDLINE cooccurrence,false
UBERON:0001678,DOID:4045,CC0 1.0,MEDLINE cooccurrence,false
UBERON:0001322,DOID:332,CC0 1.0,MEDLINE cooccurrence,false
UBERON:0002298,DOID:0050741,CC0 1.0,MEDLINE cooccurrence,false
UBERON:0002365,DOID:7148,CC0 1.0,MEDLINE cooccurrence,false
UBERON:0002135,DOID:2355,CC0 1.0,MEDLINE cooccurrence,false
UBERON:0001724,DOID:1115,CC0 1.0,MEDLINE cooccurrence,false
UBERON:0001088,DOID:5419,CC0 1.0,MEDLINE cooccurrence,false
UBERON:0000178,DOID:2355,CC0 1.0,MEDLINE cooccurrence,false
UBERON:0002522,DOID:1936,CC0 1.0,MEDLINE cooccurrence,false
UBERON:0001515,DOID:3393,CC0 1.0,MEDLINE cooccurrence,false
UBERON:0001986,DOID:13241,CC0 1.0,MEDLINE cooccurrence,false
UBERON:0000997,DOID:363,CC0 1.0,MEDLINE cooccurrence,false
UBERON:0002048,DOID:5559,CC0 1.0,MEDLINE cooccurrence,false
UBERON:0001017,DOID:1094,CC0 1.0,MEDLINE cooccurrence,false
UBERON:0002512,DOID:1612,CC0 1.0,MEDLINE cooccurrence,false
UBERON:0000991,DOID:1319,CC0 1.0,MEDLINE cooccurrence,false
UBERON:0001231,DOID:2986,CC0 1.0,MEDLINE cooccurrence,false
UBERON:0002390,DOID:2531,CC0 1.0,MEDLINE cooccurrence,false
UBERON:0001644,DOID:6364,CC0 1.0,MEDLINE cooccurrence,false
UBERON:0000178,DOID:2043,CC0 1.0,MEDLINE cooccurrence,false
UBERON:0002410,DOID:12995,CC0 1.0,MEDLINE cooccurrence,false
UBERON:0001600,DOID:12185,CC0 1.0,MEDLINE cooccurrence,false
UBERON:0002385,DOID:418,CC0 1.0,MEDLINE cooccurrence,false
UBERON:0001535,DOID:1936,CC0 1.0,MEDLINE cooccurrence,false
UBERON:0000165,DOID:12849,CC0 1.0,MEDLINE cooccurrence,false
UBERON:0001183,DOID:7693,CC0 1.0,MEDLINE cooccurrence,false
UBERON:0001768,DOID:13241,CC0 1.0,MEDLINE cooccurrence,false
UBERON:0001673,DOID:9074,CC0 1.0,MEDLINE cooccurrence,false
UBERON:0001736,DOID:216,CC0 1.0,MEDLINE cooccurrence,false
UBERON:0001465,DOID:9008,CC0 1.0,MEDLINE cooccurrence,false
UBERON:0000982,DOID:13189,CC0 1.0,MEDLINE cooccurrence,false
UBERON:0001914,DOID:11714,CC0 1.0,MEDLINE cooccurrence,false
UBERON:0001759,DOID:10534,CC0 1.0,MEDLINE cooccurrence,false
UBERON:0002066,DOID:13378,CC0 1.0,MEDLINE cooccurrence,false
UBERON:0002439,DOID:219,CC0 1.0,MEDLINE cooccurrence,false
UBERON:0001855,DOID:12185,CC0 1.0,MEDLINE cooccurrence,false
UBERON:0001733,DOID:11934,CC0 1.0,MEDLINE cooccurrence,false
UBERON:0001891,DOID:2377,CC0 1.0,MEDLINE cooccurrence,false
UBERON:0002397,DOID:9296,CC0 1.0,MEDLINE cooccurrence,false
UBERON:0001640,DOID:13241,CC0 1.0,MEDLINE cooccurrence,false
UBERON:0002407,DOID:1115,CC0 1.0,MEDLINE cooccurrence,false
UBERON:0001640,DOID:5875,CC0 1.0,MEDLINE cooccurrence,false
UBERON:0000977,DOID:1725,CC0 1.0,MEDLINE cooccurrence,false
UBERON:0000165,DOID:2596,CC0 1.0,MEDLINE cooccurrence,false
UBERON:0002275,DOID:14330,CC0 1.0,MEDLINE cooccurrence,false
UBERON:0002413,DOID:90,CC0 1.0,MEDLINE cooccurrence,false
UBERON:0001708,DOID:14330,CC0 1.0,MEDLINE cooccurrence,false
UBERON:0002368,DOID:9970,CC0 1.0,MEDLINE cooccurrence,false
UBERON:0002368,DOID:10763,CC0 1.0,MEDLINE cooccurrence,false
UBERON:0001577,DOID:6364,CC0 1.0,MEDLINE cooccurrence,false
UBERON:0001760,DOID:184,CC0 1.0,MEDLINE cooccurrence,false
UBERON:0001016,DOID:3312,CC0 1.0,MEDLINE cooccurrence,false
UBERON:0001705,DOID:13378,CC0 1.0,MEDLINE cooccurrence,false
UBERON:0000057,DOID:11615,CC0 1.0,MEDLINE cooccurrence,false
UBERON:0002405,DOID:2043,CC0 1.0,MEDLINE cooccurrence,false
UBERON:0002410,DOID:14221,CC0 1.0,MEDLINE cooccurrence,false
UBERON:0002137,DOID:784,CC0 1.0,MEDLINE cooccurrence,false
UBERON:0001968,DOID:363,CC0 1.0,MEDLINE cooccurrence,false
UBERON:0000974,DOID:13378,CC0 1.0,MEDLINE cooccurrence,false
UBERON:0001130,DOID:5612,CC0 1.0,MEDLINE cooccurrence,false
UBERON:0001285,DOID:784,CC0 1.0,MEDLINE cooccurrence,false
UBERON:0002081,DOID:4045,CC0 1.0,MEDLINE cooccurrence,false
UBERON:0001456,DOID:3312,CC0 1.0,MEDLINE cooccurrence,false
UBERON:0001769,DOID:9835,CC0 1.0,MEDLINE cooccurrence,false
UBERON:0002414,DOID:5875,CC0 1.0,MEDLINE cooccurrence,false
UBERON:0001981,DOID:1319,CC0 1.0,MEDLINE cooccurrence,false
UBERON:0001637,DOID:13378,CC0 1.0,MEDLINE cooccurrence,false
UBERON:0002285,DOID:12849,CC0 1.0,MEDLINE cooccurrence,false
UBERON:0001638,DOID:12185,CC0 1.0,MEDLINE cooccurrence,false
UBERON:0002148,DOID:10763,CC0 1.0,MEDLINE cooccurrence,false
UBERON:0001485,DOID:13189,CC0 1.0,MEDLINE cooccurrence,false
UBERON:0001886,DOID:9074,CC0 1.0,MEDLINE cooccurrence,false
UBERON:0001516,DOID:1936,CC0 1.0,MEDLINE cooccurrence,false
UBERON:0001130,DOID:184,CC0 1.0,MEDLINE cooccurrence,false
UBERON:0001647,DOID:184,CC0 1.0,MEDLINE cooccurrence,false
UBERON:0002129,DOID:14330,CC0 1.0,MEDLINE cooccurrence,false
UBERON:0000955,DOID:10941,CC0 1.0,MEDLINE cooccurrence,false
UBERON:0000007,DOID:9970,CC0 1.0,MEDLINE cooccurrence,false
UBERON:0002363,DOID:10941,CC0 1.0,MEDLINE cooccurrence,false
UBERON:0001182,DOID:13241,CC0 1.0,MEDLINE cooccurrence,false
UBERON:0002113,DOID:9352,CC0 1.0,MEDLINE cooccurrence,false
UBERON:0000966,DOID:2994,CC0 1.0,MEDLINE cooccurrence,false
UBERON:0000029,DOID:3121,CC0 1.0,MEDLINE cooccurrence,false
UBERON:0001135,DOID:9206,CC0 1.0,MEDLINE cooccurrence,false
UBERON:0001702,DOID:1024,CC0 1.0,MEDLINE cooccurrence,false
UBERON:0002413,DOID:1115,CC0 1.0,MEDLINE cooccurrence,false
UBERON:0000982,DOID:7147,CC0 1.0,MEDLINE cooccurrence,false
UBERON:0001486,DOID:7148,CC0 1.0,MEDLINE cooccurrence,false
UBERON:0001637,DOID:10763,CC0 1.0,MEDLINE cooccurrence,false
UBERON:0002240,DOID:3070,CC0 1.0,MEDLINE cooccurrence,false
UBERON:0003129,DOID:11476,CC0 1.0,MEDLINE cooccurrence,false
UBERON:0001640,DOID:3953,CC0 1.0,MEDLINE cooccurrence,false
UBERON:0001648,DOID:1319,CC0 1.0,MEDLINE cooccurrence,false
UBERON:0000991,DOID:784,CC0 1.0,MEDLINE cooccurrence,false
UBERON:0002347,DOID:5612,CC0 1.0,MEDLINE cooccurrence,false
UBERON:0001690,DOID:12185,CC0 1.0,MEDLINE cooccurrence,false
UBERON:0002518,DOID:12185,CC0 1.0,MEDLINE cooccurrence,false
UBERON:0001140,DOID:9074,CC0 1.0,MEDLINE cooccurrence,false
UBERON:0001231,DOID:9074,CC0 1.0,MEDLINE cooccurrence,false
UBERON:0001135,DOID:418,CC0 1.0,MEDLINE cooccurrence,false
UBERON:0001225,DOID:784,CC0 1.0,MEDLINE cooccurrence,false
UBERON:0001891,DOID:14330,CC0 1.0,MEDLINE cooccurrence,false
UBERON:0002522,DOID:9352,CC0 1.0,MEDLINE cooccurrence,false
UBERON:0001836,DOID:12995,CC0 1.0,MEDLINE cooccurrence,false
UBERON:0001677,DOID:9296,CC0 1.0,MEDLINE cooccurrence,false
UBERON:0002486,DOID:11920,CC0 1.0,MEDLINE cooccurrence,false
UBERON:0001003,DOID:986,CC0 1.0,MEDLINE cooccurrence,false
UBERON:0001533,DOID:5041,CC0 1.0,MEDLINE cooccurrence,false
UBERON:0001627,DOID:9352,CC0 1.0,MEDLINE cooccurrence,false
UBERON:0001175,DOID:4606,CC0 1.0,MEDLINE cooccurrence,false
UBERON:0002081,DOID:13241,CC0 1.0,MEDLINE cooccurrence,false
UBERON:0001544,DOID:1115,CC0 1.0,MEDLINE cooccurrence,false
UBERON:0002371,DOID:3277,CC0 1.0,MEDLINE cooccurrence,false
UBERON:0002389,DOID:1024,CC0 1.0,MEDLINE cooccurrence,false
UBERON:0002130,DOID:1319,CC0 1.0,MEDLINE cooccurrence,false
UBERON:0001492,DOID:7148,CC0 1.0,MEDLINE cooccurrence,false
UBERON:0002363,DOID:5612,CC0 1.0,MEDLINE cooccurrence,false
UBERON:0000978,DOID:2377,CC0 1.0,MEDLINE cooccurrence,false
UBERON:0002384,DOID:11934,CC0 1.0,MEDLINE cooccurrence,false
UBERON:0000029,DOID:1245,CC0 1.0,MEDLINE cooccurrence,false
UBERON:0001780,DOID:5612,CC0 1.0,MEDLINE cooccurrence,false
UBERON:0002407,DOID:3393,CC0 1.0,MEDLINE cooccurrence,false
UBERON:0001905,DOID:1595,CC0 1.0,MEDLINE cooccurrence,false
UBERON:0001567,DOID:184,CC0 1.0,MEDLINE cooccurrence,false
UBERON:0000013,DOID:9352,CC0 1.0,MEDLINE cooccurrence,false
UBERON:0001846,DOID:3565,CC0 1.0,MEDLINE cooccurrence,false
UBERON:0001231,DOID:2355,CC0 1.0,MEDLINE cooccurrence,false
UBERON:0002356,DOID:219,CC0 1.0,MEDLINE cooccurrence,false
UBERON:0001796,DOID:9835,CC0 1.0,MEDLINE cooccurrence,false
UBERON:0001638,DOID:175,CC0 1.0,MEDLINE cooccurrence,false
UBERON:0002351,DOID:12930,CC0 1.0,MEDLINE cooccurrence,false
UBERON:0001840,DOID:2994,CC0 1.0,MEDLINE cooccurrence,false
UBERON:0004288,DOID:2355,CC0 1.0,MEDLINE cooccurrence,false
UBERON:0001587,DOID:784,CC0 1.0,MEDLINE cooccurrence,false
UBERON:0002361,DOID:3565,CC0 1.0,MEDLINE cooccurrence,false
UBERON:0001237,DOID:363,CC0 1.0,MEDLINE cooccurrence,false
UBERON:0002134,DOID:418,CC0 1.0,MEDLINE cooccurrence,false
UBERON:0001135,DOID:8577,CC0 1.0,MEDLINE cooccurrence,false
UBERON:0001017,DOID:0050741,CC0 1.0,MEDLINE cooccurrence,false
UBERON:0001891,DOID:594,CC0 1.0,MEDLINE cooccurrence,false
UBERON:0001772,DOID:11555,CC0 1.0,MEDLINE cooccurrence,false
UBERON:0002066,DOID:1793,CC0 1.0,MEDLINE cooccurrence,false
UBERON:0002107,DOID:4606,CC0 1.0,MEDLINE cooccurrence,false
UBERON:0001969,DOID:9074,CC0 1.0,MEDLINE cooccurrence,false
UBERON:0002422,DOID:1319,CC0 1.0,MEDLINE cooccurrence,false
UBERON:0001017,DOID:14330,CC0 1.0,MEDLINE cooccurrence,false
UBERON:0002103,DOID:4159,CC0 1.0,MEDLINE cooccurrence,false
UBERON:0000473,DOID:4045,CC0 1.0,MEDLINE cooccurrence,false
UBERON:0000996,DOID:11612,CC0 1.0,MEDLINE cooccurrence,false
UBERON:0000482,DOID:219,CC0 1.0,MEDLINE cooccurrence,false
UBERON:0002110,DOID:12236,CC0 1.0,MEDLINE cooccurrence,false
UBERON:0000998,DOID:1115,CC0 1.0,MEDLINE cooccurrence,false
UBERON:0001690,DOID:2174,CC0 1.0,MEDLINE cooccurrence,false
UBERON:0001184,DOID:14004,CC0 1.0,MEDLINE cooccurrence,false
UBERON:0001130,DOID:8398,CC0 1.0,MEDLINE cooccurrence,false
UBERON:0002707,DOID:3070,CC0 1.0,MEDLINE cooccurrence,false
UBERON:0001836,DOID:2043,CC0 1.0,MEDLINE cooccurrence,false
UBERON:0001088,DOID:10763,CC0 1.0,MEDLINE cooccurrence,false
UBERON:0001135,DOID:13499,CC0 1.0,MEDLINE cooccurrence,false
UBERON:0002519,DOID:2994,CC0 1.0,MEDLINE cooccurrence,false
UBERON:0002405,DOID:7148,CC0 1.0,MEDLINE cooccurrence,false
UBERON:0000995,DOID:2994,CC0 1.0,MEDLINE cooccurrence,false
UBERON:0003126,DOID:3083,CC0 1.0,MEDLINE cooccurrence,false
UBERON:0001343,DOID:2994,CC0 1.0,MEDLINE cooccurrence,false
UBERON:0001694,DOID:11934,CC0 1.0,MEDLINE cooccurrence,false
UBERON:0001322,DOID:11476,CC0 1.0,MEDLINE cooccurrence,false
UBERON:0000004,DOID:0060119,CC0 1.0,MEDLINE cooccurrence,false
UBERON:0001734,DOID:184,CC0 1.0,MEDLINE cooccurrence,false
UBERON:0003126,DOID:5559,CC0 1.0,MEDLINE cooccurrence,false
UBERON:0000011,DOID:3312,CC0 1.0,MEDLINE cooccurrence,false
UBERON:0001700,DOID:3565,CC0 1.0,MEDLINE cooccurrence,false
UBERON:0001734,DOID:11934,CC0 1.0,MEDLINE cooccurrence,false
UBERON:0001365,DOID:7147,CC0 1.0,MEDLINE cooccurrence,false
UBERON:0000474,DOID:4159,CC0 1.0,MEDLINE cooccurrence,false
UBERON:0002405,DOID:1909,CC0 1.0,MEDLINE cooccurrence,false
UBERON:0002394,DOID:2043,CC0 1.0,MEDLINE cooccurrence,false
UBERON:0001594,DOID:11934,CC0 1.0,MEDLINE cooccurrence,false
UBERON:0001467,DOID:1115,CC0 1.0,MEDLINE cooccurrence,false
UBERON:0001969,DOID:784,CC0 1.0,MEDLINE cooccurrence,false
UBERON:0001090,DOID:9008,CC0 1.0,MEDLINE cooccurrence,false
UBERON:0000966,DOID:9744,CC0 1.0,MEDLINE cooccurrence,false
UBERON:0001689,DOID:12185,CC0 1.0,MEDLINE cooccurrence,false
UBERON:0002497,DOID:184,CC0 1.0,MEDLINE cooccurrence,false
UBERON:0001182,DOID:1725,CC0 1.0,MEDLINE cooccurrence,false
UBERON:0004535,DOID:2841,CC0 1.0,MEDLINE cooccurrence,false
UBERON:0001640,DOID:10534,CC0 1.0,MEDLINE cooccurrence,false
UBERON:0002010,DOID:3953,CC0 1.0,MEDLINE cooccurrence,false
UBERON:0002356,DOID:13223,CC0 1.0,MEDLINE cooccurrence,false
UBERON:0001678,DOID:11934,CC0 1.0,MEDLINE cooccurrence,false
UBERON:0002398,DOID:6364,CC0 1.0,MEDLINE cooccurrence,false
UBERON:0000029,DOID:10534,CC0 1.0,MEDLINE cooccurrence,false
UBERON:0001103,DOID:1790,CC0 1.0,MEDLINE cooccurrence,false
UBERON:0002521,DOID:418,CC0 1.0,MEDLINE cooccurrence,false
UBERON:0001072,DOID:1115,CC0 1.0,MEDLINE cooccurrence,false
UBERON:0001750,DOID:11934,CC0 1.0,MEDLINE cooccurrence,false
UBERON:0001673,DOID:9744,CC0 1.0,MEDLINE cooccurrence,false
UBERON:0002017,DOID:10021,CC0 1.0,MEDLINE cooccurrence,false
UBERON:0002360,DOID:3565,CC0 1.0,MEDLINE cooccurrence,false
UBERON:0001225,DOID:1312,CC0 1.0,MEDLINE cooccurrence,false
UBERON:0001175,DOID:4989,CC0 1.0,MEDLINE cooccurrence,false
UBERON:0002223,DOID:1192,CC0 1.0,MEDLINE cooccurrence,false
UBERON:0002107,DOID:9970,CC0 1.0,MEDLINE cooccurrence,false
UBERON:0002398,DOID:4045,CC0 1.0,MEDLINE cooccurrence,false
UBERON:0001708,DOID:0060119,CC0 1.0,MEDLINE cooccurrence,false
UBERON:0001322,DOID:1192,CC0 1.0,MEDLINE cooccurrence,false
UBERON:0001467,DOID:1612,CC0 1.0,MEDLINE cooccurrence,false
UBERON:0001361,DOID:7693,CC0 1.0,MEDLINE cooccurrence,false
UBERON:0002028,DOID:14330,CC0 1.0,MEDLINE cooccurrence,false
UBERON:0002356,DOID:11054,CC0 1.0,MEDLINE cooccurrence,false
UBERON:0002285,DOID:2994,CC0 1.0,MEDLINE cooccurrence,false
UBERON:0000966,DOID:635,CC0 1.0,MEDLINE cooccurrence,false
UBERON:0002046,DOID:12306,CC0 1.0,MEDLINE cooccurrence,false
UBERON:0000165,DOID:9296,CC0 1.0,MEDLINE cooccurrence,false
UBERON:0002368,DOID:10153,CC0 1.0,MEDLINE cooccurrence,false
UBERON:0002097,DOID:418,CC0 1.0,MEDLINE cooccurrence,false
UBERON:0002134,DOID:12930,CC0 1.0,MEDLINE cooccurrence,false
UBERON:0001295,DOID:363,CC0 1.0,MEDLINE cooccurrence,false
UBERON:0001093,DOID:7148,CC0 1.0,MEDLINE cooccurrence,false
UBERON:0001891,DOID:11119,CC0 1.0,MEDLINE cooccurrence,false
UBERON:0001759,DOID:9970,CC0 1.0,MEDLINE cooccurrence,false
UBERON:0001016,DOID:14330,CC0 1.0,MEDLINE cooccurrence,false
UBERON:0002378,DOID:10534,CC0 1.0,MEDLINE cooccurrence,false
UBERON:0000483,DOID:8778,CC0 1.0,MEDLINE cooccurrence,false
UBERON:0002097,DOID:1024,CC0 1.0,MEDLINE cooccurrence,false
UBERON:0000482,DOID:9744,CC0 1.0,MEDLINE cooccurrence,false
UBERON:0001016,DOID:332,CC0 1.0,MEDLINE cooccurrence,false
UBERON:0002741,DOID:10652,CC0 1.0,MEDLINE cooccurrence,false
UBERON:0001620,DOID:13241,CC0 1.0,MEDLINE cooccurrence,false
UBERON:0001236,DOID:3953,CC0 1.0,MEDLINE cooccurrence,false
UBERON:0001679,DOID:3565,CC0 1.0,MEDLINE cooccurrence,false
UBERON:0002481,DOID:1612,CC0 1.0,MEDLINE cooccurrence,false
UBERON:0001088,DOID:10283,CC0 1.0,MEDLINE cooccurrence,false
UBERON:0002148,DOID:1595,CC0 1.0,MEDLINE cooccurrence,false
UBERON:0001070,DOID:11934,CC0 1.0,MEDLINE cooccurrence,false
UBERON:0002082,DOID:10763,CC0 1.0,MEDLINE cooccurrence,false
UBERON:0001968,DOID:10283,CC0 1.0,MEDLINE cooccurrence,false
UBERON:0001759,DOID:1192,CC0 1.0,MEDLINE cooccurrence,false
UBERON:0001815,DOID:184,CC0 1.0,MEDLINE cooccurrence,false
UBERON:0002018,DOID:7148,CC0 1.0,MEDLINE cooccurrence,false
UBERON:0000013,DOID:6364,CC0 1.0,MEDLINE cooccurrence,false
UBERON:0001579,DOID:1319,CC0 1.0,MEDLINE cooccurrence,false
UBERON:0001456,DOID:12306,CC0 1.0,MEDLINE cooccurrence,false
UBERON:0001398,DOID:11612,CC0 1.0,MEDLINE cooccurrence,false
UBERON:0001193,DOID:10534,CC0 1.0,MEDLINE cooccurrence,false
UBERON:0001736,DOID:8850,CC0 1.0,MEDLINE cooccurrence,false
UBERON:0004769,DOID:11476,CC0 1.0,MEDLINE cooccurrence,false
UBERON:0002394,DOID:1793,CC0 1.0,MEDLINE cooccurrence,false
UBERON:0002135,DOID:3393,CC0 1.0,MEDLINE cooccurrence,false
UBERON:0001820,DOID:4159,CC0 1.0,MEDLINE cooccurrence,false
UBERON:0000959,DOID:2174,CC0 1.0,MEDLINE cooccurrence,false
UBERON:0001072,DOID:363,CC0 1.0,MEDLINE cooccurrence,false
UBERON:0000977,DOID:1790,CC0 1.0,MEDLINE cooccurrence,false
UBERON:0000043,DOID:1024,CC0 1.0,MEDLINE cooccurrence,false
UBERON:0004452,DOID:14330,CC0 1.0,MEDLINE cooccurrence,false
UBERON:0001708,DOID:9296,CC0 1.0,MEDLINE cooccurrence,false
UBERON:0000941,DOID:2994,CC0 1.0,MEDLINE cooccurrence,false
UBERON:0000949,DOID:14221,CC0 1.0,MEDLINE cooccurrence,false
UBERON:0001780,DOID:2994,CC0 1.0,MEDLINE cooccurrence,false
UBERON:0003216,DOID:1115,CC0 1.0,MEDLINE cooccurrence,false
UBERON:0001132,DOID:11476,CC0 1.0,MEDLINE cooccurrence,false
UBERON:0001492,DOID:14330,CC0 1.0,MEDLINE cooccurrence,false
UBERON:0001017,DOID:0050425,CC0 1.0,MEDLINE cooccurrence,false
UBERON:0000997,DOID:4159,CC0 1.0,MEDLINE cooccurrence,false
UBERON:0001768,DOID:2994,CC0 1.0,MEDLINE cooccurrence,false
UBERON:0001645,DOID:10941,CC0 1.0,MEDLINE cooccurrence,false
UBERON:0001679,DOID:0060119,CC0 1.0,MEDLINE cooccurrence,false
UBERON:0001130,DOID:8893,CC0 1.0,MEDLINE cooccurrence,false
UBERON:0000975,DOID:1115,CC0 1.0,MEDLINE cooccurrence,false
UBERON:0002405,DOID:8893,CC0 1.0,MEDLINE cooccurrence,false
UBERON:0001866,DOID:3310,CC0 1.0,MEDLINE cooccurrence,false
UBERON:0001814,DOID:2994,CC0 1.0,MEDLINE cooccurrence,false
UBERON:0002148,DOID:8986,CC0 1.0,MEDLINE cooccurrence,false
UBERON:0002048,DOID:635,CC0 1.0,MEDLINE cooccurrence,false
UBERON:0001479,DOID:184,CC0 1.0,MEDLINE cooccurrence,false
UBERON:0001182,DOID:10763,CC0 1.0,MEDLINE cooccurrence,false
UBERON:0002405,DOID:1595,CC0 1.0,MEDLINE cooccurrence,false
UBERON:0002110,DOID:3571,CC0 1.0,MEDLINE cooccurrence,false
UBERON:0001194,DOID:4989,CC0 1.0,MEDLINE cooccurrence,false
UBERON:0002005,DOID:8986,CC0 1.0,MEDLINE cooccurrence,false
UBERON:0002294,DOID:1793,CC0 1.0,MEDLINE cooccurrence,false
UBERON:0001638,DOID:2998,CC0 1.0,MEDLINE cooccurrence,false
UBERON:0002279,DOID:12185,CC0 1.0,MEDLINE cooccurrence,false
UBERON:0000948,DOID:13378,CC0 1.0,MEDLINE cooccurrence,false
UBERON:0001460,DOID:1115,CC0 1.0,MEDLINE cooccurrence,false
UBERON:0001785,DOID:0060119,CC0 1.0,MEDLINE cooccurrence,false
UBERON:0002360,DOID:1909,CC0 1.0,MEDLINE cooccurrence,false
UBERON:0002392,DOID:2994,CC0 1.0,MEDLINE cooccurrence,false
UBERON:0002019,DOID:1319,CC0 1.0,MEDLINE cooccurrence,false
UBERON:0001891,DOID:0050741,CC0 1.0,MEDLINE cooccurrence,false
UBERON:0002286,DOID:3070,CC0 1.0,MEDLINE cooccurrence,false
UBERON:0002012,DOID:5559,CC0 1.0,MEDLINE cooccurrence,false
UBERON:0000975,DOID:5559,CC0 1.0,MEDLINE cooccurrence,false
UBERON:0000996,DOID:11054,CC0 1.0,MEDLINE cooccurrence,false
UBERON:0000482,DOID:824,CC0 1.0,MEDLINE cooccurrence,false
UBERON:0002517,DOID:1319,CC0 1.0,MEDLINE cooccurrence,false
UBERON:0001264,DOID:0050741,CC0 1.0,MEDLINE cooccurrence,false
UBERON:0002107,DOID:12365,CC0 1.0,MEDLINE cooccurrence,false
UBERON:0001088,DOID:5408,CC0 1.0,MEDLINE cooccurrence,false
UBERON:0001637,DOID:3393,CC0 1.0,MEDLINE cooccurrence,false
UBERON:0001769,DOID:10871,CC0 1.0,MEDLINE cooccurrence,false
UBERON:0001111,DOID:14004,CC0 1.0,MEDLINE cooccurrence,false
UBERON:0001650,DOID:11934,CC0 1.0,MEDLINE cooccurrence,false
UBERON:0002279,DOID:3565,CC0 1.0,MEDLINE cooccurrence,false
UBERON:0001437,DOID:11476,CC0 1.0,MEDLINE cooccurrence,false
UBERON:0001088,DOID:585,CC0 1.0,MEDLINE cooccurrence,false
UBERON:0001756,DOID:5408,CC0 1.0,MEDLINE cooccurrence,false
UBERON:0000483,DOID:1612,CC0 1.0,MEDLINE cooccurrence,false
UBERON:0001365,DOID:8778,CC0 1.0,MEDLINE cooccurrence,false
UBERON:0001764,DOID:4481,CC0 1.0,MEDLINE cooccurrence,false
UBERON:0000483,DOID:10283,CC0 1.0,MEDLINE cooccurrence,false
UBERON:0000955,DOID:12365,CC0 1.0,MEDLINE cooccurrence,false
UBERON:0000474,DOID:363,CC0 1.0,MEDLINE cooccurrence,false
UBERON:0002407,DOID:5559,CC0 1.0,MEDLINE cooccurrence,false
UBERON:0000989,DOID:8778,CC0 1.0,MEDLINE cooccurrence,false
UBERON:0001981,DOID:13241,CC0 1.0,MEDLINE cooccurrence,false
UBERON:0001535,DOID:1319,CC0 1.0,MEDLINE cooccurrence,false
UBERON:0002347,DOID:1192,CC0 1.0,MEDLINE cooccurrence,false
UBERON:0001776,DOID:9835,CC0 1.0,MEDLINE cooccurrence,false
UBERON:0002673,DOID:12849,CC0 1.0,MEDLINE cooccurrence,false
UBERON:0001343,DOID:2998,CC0 1.0,MEDLINE cooccurrence,false
UBERON:0001228,DOID:263,CC0 1.0,MEDLINE cooccurrence,false
UBERON:0002414,DOID:13189,CC0 1.0,MEDLINE cooccurrence,false
UBERON:0001707,DOID:11934,CC0 1.0,MEDLINE cooccurrence,false
UBERON:0001003,DOID:1909,CC0 1.0,MEDLINE cooccurrence,false
UBERON:0002228,DOID:1612,CC0 1.0,MEDLINE cooccurrence,false
UBERON:0002294,DOID:14268,CC0 1.0,MEDLINE cooccurrence,false
UBERON:0001135,DOID:363,CC0 1.0,MEDLINE cooccurrence,false
UBERON:0002385,DOID:1024,CC0 1.0,MEDLINE cooccurrence,false
UBERON:0002012,DOID:1115,CC0 1.0,MEDLINE cooccurrence,false
UBERON:0001866,DOID:14330,CC0 1.0,MEDLINE cooccurrence,false
UBERON:0001323,DOID:9352,CC0 1.0,MEDLINE cooccurrence,false
UBERON:0001394,DOID:784,CC0 1.0,MEDLINE cooccurrence,false
UBERON:0002413,DOID:184,CC0 1.0,MEDLINE cooccurrence,false
UBERON:0001986,DOID:9074,CC0 1.0,MEDLINE cooccurrence,false
UBERON:0002516,DOID:184,CC0 1.0,MEDLINE cooccurrence,false
UBERON:0000045,DOID:5875,CC0 1.0,MEDLINE cooccurrence,false
UBERON:0001352,DOID:1192,CC0 1.0,MEDLINE cooccurrence,false
UBERON:0001675,DOID:1192,CC0 1.0,MEDLINE cooccurrence,false
UBERON:0002107,DOID:8577,CC0 1.0,MEDLINE cooccurrence,false
UBERON:0000473,DOID:1024,CC0 1.0,MEDLINE cooccurrence,false
UBERON:0001989,DOID:2994,CC0 1.0,MEDLINE cooccurrence,false
UBERON:0003889,DOID:1964,CC0 1.0,MEDLINE cooccurrence,false
UBERON:0003889,DOID:1725,CC0 1.0,MEDLINE cooccurrence,false
UBERON:0001640,DOID:7693,CC0 1.0,MEDLINE cooccurrence,false
UBERON:0001064,DOID:4606,CC0 1.0,MEDLINE cooccurrence,false
UBERON:0001676,DOID:7148,CC0 1.0,MEDLINE cooccurrence,false
UBERON:0002102,DOID:1826,CC0 1.0,MEDLINE cooccurrence,false
UBERON:0001773,DOID:2174,CC0 1.0,MEDLINE cooccurrence,false
UBERON:0002204,DOID:9008,CC0 1.0,MEDLINE cooccurrence,false
UBERON:0002275,DOID:6364,CC0 1.0,MEDLINE cooccurrence,false
UBERON:0002048,DOID:9074,CC0 1.0,MEDLINE cooccurrence,false
UBERON:0001988,DOID:10608,CC0 1.0,MEDLINE cooccurrence,false
UBERON:0000011,DOID:6364,CC0 1.0,MEDLINE cooccurrence,false
UBERON:0002497,DOID:7148,CC0 1.0,MEDLINE cooccurrence,false
UBERON:0001988,DOID:3310,CC0 1.0,MEDLINE cooccurrence,false
UBERON:0002418,DOID:12185,CC0 1.0,MEDLINE cooccurrence,false
UBERON:0002073,DOID:4159,CC0 1.0,MEDLINE cooccurrence,false
UBERON:0001352,DOID:3565,CC0 1.0,MEDLINE cooccurrence,false
UBERON:0001103,DOID:10534,CC0 1.0,MEDLINE cooccurrence,false
UBERON:0002037,DOID:5419,CC0 1.0,MEDLINE cooccurrence,false
UBERON:0000996,DOID:1964,CC0 1.0,MEDLINE cooccurrence,false
UBERON:0002387,DOID:8398,CC0 1.0,MEDLINE cooccurrence,false
UBERON:0001970,DOID:8778,CC0 1.0,MEDLINE cooccurrence,false
UBERON:0001744,DOID:11934,CC0 1.0,MEDLINE cooccurrence,false
UBERON:0002298,DOID:12849,CC0 1.0,MEDLINE cooccurrence,false
UBERON:0002017,DOID:175,CC0 1.0,MEDLINE cooccurrence,false
UBERON:0000482,DOID:1909,CC0 1.0,MEDLINE cooccurrence,false
UBERON:0001183,DOID:8577,CC0 1.0,MEDLINE cooccurrence,false
UBERON:0001677,DOID:2174,CC0 1.0,MEDLINE cooccurrence,false
UBERON:0001814,DOID:784,CC0 1.0,MEDLINE cooccurrence,false
UBERON:0000988,DOID:8986,CC0 1.0,MEDLINE cooccurrence,false
