source_id,target_id,license,source,unbiased
DOID:7693,D007383,CC0 1.0,MEDLINE cooccurrence,false
DOID:2994,D021501,CC0 1.0,MEDLINE cooccurrence,false
DOID:7148,D010146,CC0 1.0,MEDLINE cooccurrence,false
DOID:1319,D013064,CC0 1.0,MEDLINE cooccurrence,false
DOID:1324,D003248,CC0 1.0,MEDLINE cooccurrence,false
DOID:1612,D059373,CC0 1.0,MEDLINE cooccurrence,false
DOID:1192,D009437,CC0 1.0,MEDLINE cooccurrence,false
DOID:13499,D006396,CC0 1.0,MEDLINE cooccurrence,false
DOID:2994,D004433,CC0 1.0,MEDLINE cooccurrence,false
DOID:5559,D006732,CC0 1.0,MEDLINE cooccurrence,false
DOID:1595,D053608,CC0 1.0,MEDLINE cooccurrence,false
DOID:1024,D012877,CC0 1.0,MEDLINE cooccurrence,false
DOID:2596,D004417,CC0 1.0,MEDLINE cooccurrence,false
DOID:1319,D000381,CC0 1.0,MEDLINE cooccurrence,false
DOID:5419,D011596,CC0 1.0,MEDLINE cooccurrence,false
DOID:10534,D006356,CC0 1.0,MEDLINE cooccurrence,false
DOID:2377,D006816,CC0 1.0,MEDLINE cooccurrence,false
DOID:0060119,D003639,CC0 1.0,MEDLINE cooccurrence,false
DOID:784,D054058,CC0 1.0,MEDLINE cooccurrence,false
DOID:5419,D000377,CC0 1.0,MEDLINE cooccurrence,false
DOID:8850,D005158,CC0 1.0,MEDLINE cooccurrence,false
DOID:263,D010148,CC0 1.0,MEDLINE cooccurrence,false
DOID:1024,D009133,CC0 1.0,MEDLINE cooccurrence,false
DOID:13241,D001750,CC0 1.0,MEDLINE cooccurrence,false
DOID:1826,D003655,CC0 1.0,MEDLINE cooccurrence,false
DOID:1595,D012893,CC0 1.0,MEDLINE cooccurrence,false
DOID:1115,D010264,CC0 1.0,MEDLINE cooccurrence,false
DOID:9074,D011693,CC0 1.0,MEDLINE cooccurrence,false
DOID:5559,D006469,CC0 1.0,MEDLINE cooccurrence,false
DOID:1115,D004417,CC0 1.0,MEDLINE cooccurrence,false
DOID:11119,D012021,CC0 1.0,MEDLINE cooccurrence,false
DOID:2994,D002637,CC0 1.0,MEDLINE cooccurrence,false
DOID:824,D009058,CC0 1.0,MEDLINE cooccurrence,false
DOID:3393,D020181,CC0 1.0,MEDLINE cooccurrence,false
DOID:4989,D014839,CC0 1.0,MEDLINE cooccurrence,false
DOID:2377,D005132,CC0 1.0,MEDLINE cooccurrence,false
DOID:1993,D005334,CC0 1.0,MEDLINE cooccurrence,false
DOID:0050742,D006930,CC0 1.0,MEDLINE cooccurrence,false
DOID:4606,D003085,CC0 1.0,MEDLINE cooccurrence,false
DOID:1909,D009325,CC0 1.0,MEDLINE cooccurrence,false
DOID:12930,D006319,CC0 1.0,MEDLINE cooccurrence,false
DOID:1595,D002389,CC0 1.0,MEDLINE cooccurrence,false
DOID:0060119,D006314,CC0 1.0,MEDLINE cooccurrence,false
DOID:10652,D000849,CC0 1.0,MEDLINE cooccurrence,false
DOID:10534,D056865,CC0 1.0,MEDLINE cooccurrence,false
DOID:1324,D007040,CC0 1.0,MEDLINE cooccurrence,false
DOID:1725,D003085,CC0 1.0,MEDLINE cooccurrence,false
DOID:13241,D014786,CC0 1.0,MEDLINE cooccurrence,false
DOID:594,D000472,CC0 1.0,MEDLINE cooccurrence,false
DOID:7148,D009133,CC0 1.0,MEDLINE cooccurrence,false
DOID:10871,D005130,CC0 1.0,MEDLINE cooccurrence,false
DOID:14004,D015746,CC0 1.0,MEDLINE cooccurrence,false
DOID:2994,D001259,CC0 1.0,MEDLINE cooccurrence,false
DOID:986,D011538,CC0 1.0,MEDLINE cooccurrence,false
DOID:263,D000006,CC0 1.0,MEDLINE cooccurrence,false
DOID:7693,D002303,CC0 1.0,MEDLINE cooccurrence,false
DOID:1826,D004421,CC0 1.0,MEDLINE cooccurrence,false
DOID:418,D004417,CC0 1.0,MEDLINE cooccurrence,false
DOID:1192,D015875,CC0 1.0,MEDLINE cooccurrence,false
DOID:2841,D006985,CC0 1.0,MEDLINE cooccurrence,false
DOID:635,D000006,CC0 1.0,MEDLINE cooccurrence,false
DOID:2998,D005262,CC0 1.0,MEDLINE cooccurrence,false
DOID:1024,D005334,CC0 1.0,MEDLINE cooccurrence,false
DOID:1324,D009461,CC0 1.0,MEDLINE cooccurrence,false
DOID:4481,D012135,CC0 1.0,MEDLINE cooccurrence,false
DOID:2043,D011696,CC0 1.0,MEDLINE cooccurrence,false
DOID:10652,D007706,CC0 1.0,MEDLINE cooccurrence,false
DOID:8778,D015746,CC0 1.0,MEDLINE cooccurrence,false
DOID:6364,D006212,CC0 1.0,MEDLINE cooccurrence,false
DOID:1595,D019954,CC0 1.0,MEDLINE cooccurrence,false
DOID:7693,D010149,CC0 1.0,MEDLINE cooccurrence,false
DOID:12995,D011595,CC0 1.0,MEDLINE cooccurrence,false
DOID:12365,D002524,CC0 1.0,MEDLINE cooccurrence,false
DOID:585,D053584,CC0 1.0,MEDLINE cooccurrence,false
DOID:8986,D009290,CC0 1.0,MEDLINE cooccurrence,false
DOID:3083,D006985,CC0 1.0,MEDLINE cooccurrence,false
DOID:1115,D010146,CC0 1.0,MEDLINE cooccurrence,false
DOID:1909,D005221,CC0 1.0,MEDLINE cooccurrence,false
DOID:10941,D012607,CC0 1.0,MEDLINE cooccurrence,false
DOID:12930,D002639,CC0 1.0,MEDLINE cooccurrence,false
DOID:184,D014786,CC0 1.0,MEDLINE cooccurrence,false
DOID:784,D000787,CC0 1.0,MEDLINE cooccurrence,false
DOID:418,D005132,CC0 1.0,MEDLINE cooccurrence,false
DOID:7148,D005334,CC0 1.0,MEDLINE cooccurrence,false
DOID:11934,D046089,CC0 1.0,MEDLINE cooccurrence,false
DOID:2994,D001072,CC0 1.0,MEDLINE cooccurrence,false
DOID:3565,D006987,CC0 1.0,MEDLINE cooccurrence,false
DOID:184,D018908,CC0 1.0,MEDLINE cooccurrence,false
DOID:10534,D006606,CC0 1.0,MEDLINE cooccurrence,false
DOID:5041,D014840,CC0 1.0,MEDLINE cooccurrence,false
DOID:1793,D000860,CC0 1.0,MEDLINE cooccurrence,false
DOID:10608,D016553,CC0 1.0,MEDLINE cooccurrence,false
DOID:5559,D009207,CC0 1.0,MEDLINE cooccurrence,false
DOID:5408,D003128,CC0 1.0,MEDLINE cooccurrence,false
DOID:8778,D003967,CC0 1.0,MEDLINE cooccurrence,false
DOID:1319,D010291,CC0 1.0,MEDLINE cooccurrence,false
DOID:4989,D013746,CC0 1.0,MEDLINE cooccurrence,false
DOID:784,D001926,CC0 1.0,MEDLINE cooccurrence,false
DOID:3312,D012892,CC0 1.0,MEDLINE cooccurrence,false
DOID:3070,D010292,CC0 1.0,MEDLINE cooccurrence,false
DOID:10763,D000787,CC0 1.0,MEDLINE cooccurrence,false
DOID:12849,D002389,CC0 1.0,MEDLINE cooccurrence,false
DOID:10608,D002524,CC0 1.0,MEDLINE cooccurrence,false
DOID:1595,D005926,CC0 1.0,MEDLINE cooccurrence,false
DOID:10941,D003128,CC0 1.0,MEDLINE cooccurrence,false
DOID:2994,D005862,CC0 1.0,MEDLINE cooccurrence,false
DOID:14268,D007565,CC0 1.0,MEDLINE cooccurrence,false
DOID:8577,D011693,CC0 1.0,MEDLINE cooccurrence,false
DOID:12849,D020238,CC0 1.0,MEDLINE cooccurrence,false
DOID:12236,D005222,CC0 1.0,MEDLINE cooccurrence,false
DOID:13241,D012166,CC0 1.0,MEDLINE cooccurrence,false
DOID:9296,D004314,CC0 1.0,MEDLINE cooccurrence,false
DOID:11054,D053202,CC0 1.0,MEDLINE cooccurrence,false
DOID:1115,D006930,CC0 1.0,MEDLINE cooccurrence,false
DOID:13189,D010146,CC0 1.0,MEDLINE cooccurrence,false
DOID:1245,D017699,CC0 1.0,MEDLINE cooccurrence,false
DOID:11949,D020234,CC0 1.0,MEDLINE cooccurrence,false
DOID:11054,D011782,CC0 1.0,MEDLINE cooccurrence,false
DOID:3312,D014202,CC0 1.0,MEDLINE cooccurrence,false
DOID:1319,D000849,CC0 1.0,MEDLINE cooccurrence,false
DOID:418,D018589,CC0 1.0,MEDLINE cooccurrence,false
DOID:2998,D006396,CC0 1.0,MEDLINE cooccurrence,false
DOID:263,D008607,CC0 1.0,MEDLINE cooccurrence,false
DOID:8778,D005335,CC0 1.0,MEDLINE cooccurrence,false
DOID:6364,D014839,CC0 1.0,MEDLINE cooccurrence,false
DOID:9296,D009058,CC0 1.0,MEDLINE cooccurrence,false
DOID:2043,D008607,CC0 1.0,MEDLINE cooccurrence,false
DOID:10652,D004314,CC0 1.0,MEDLINE cooccurrence,false
DOID:219,D005414,CC0 1.0,MEDLINE cooccurrence,false
DOID:1826,D019575,CC0 1.0,MEDLINE cooccurrence,false
DOID:1094,D017109,CC0 1.0,MEDLINE cooccurrence,false
DOID:1909,D014008,CC0 1.0,MEDLINE cooccurrence,false
DOID:13223,D003248,CC0 1.0,MEDLINE cooccurrence,false
DOID:8398,D010149,CC0 1.0,MEDLINE cooccurrence,false
DOID:8986,D012891,CC0 1.0,MEDLINE cooccurrence,false
DOID:5041,D005483,CC0 1.0,MEDLINE cooccurrence,false
DOID:3121,D003085,CC0 1.0,MEDLINE cooccurrence,false
DOID:4481,D011602,CC0 1.0,MEDLINE cooccurrence,false
DOID:3070,D012640,CC0 1.0,MEDLINE cooccurrence,false
DOID:332,D014826,CC0 1.0,MEDLINE cooccurrence,false
DOID:3571,D004438,CC0 1.0,MEDLINE cooccurrence,false
DOID:9074,D001750,CC0 1.0,MEDLINE cooccurrence,false
DOID:3070,D014717,CC0 1.0,MEDLINE cooccurrence,false
DOID:1993,D005414,CC0 1.0,MEDLINE cooccurrence,false
DOID:1993,D003967,CC0 1.0,MEDLINE cooccurrence,false
DOID:13223,D003085,CC0 1.0,MEDLINE cooccurrence,false
DOID:2377,D009122,CC0 1.0,MEDLINE cooccurrence,false
DOID:12361,D006942,CC0 1.0,MEDLINE cooccurrence,false
DOID:10763,D050177,CC0 1.0,MEDLINE cooccurrence,false
DOID:1192,D006261,CC0 1.0,MEDLINE cooccurrence,false
DOID:14330,D013494,CC0 1.0,MEDLINE cooccurrence,false
DOID:9296,D006472,CC0 1.0,MEDLINE cooccurrence,false
DOID:1781,D014832,CC0 1.0,MEDLINE cooccurrence,false
DOID:12185,D004244,CC0 1.0,MEDLINE cooccurrence,false
DOID:12306,D006311,CC0 1.0,MEDLINE cooccurrence,false
DOID:10283,D059411,CC0 1.0,MEDLINE cooccurrence,false
DOID:7148,D011782,CC0 1.0,MEDLINE cooccurrence,false
DOID:784,D011537,CC0 1.0,MEDLINE cooccurrence,false
DOID:1936,D050177,CC0 1.0,MEDLINE cooccurrence,false
DOID:2841,D006685,CC0 1.0,MEDLINE cooccurrence,false
DOID:2994,D010291,CC0 1.0,MEDLINE cooccurrence,false
DOID:8986,D017593,CC0 1.0,MEDLINE cooccurrence,false
DOID:10652,D000381,CC0 1.0,MEDLINE cooccurrence,false
DOID:13241,D018908,CC0 1.0,MEDLINE cooccurrence,false
DOID:90,D012585,CC0 1.0,MEDLINE cooccurrence,false
DOID:12185,D006312,CC0 1.0,MEDLINE cooccurrence,false
DOID:3083,D006935,CC0 1.0,MEDLINE cooccurrence,false
DOID:11934,D019547,CC0 1.0,MEDLINE cooccurrence,false
DOID:5419,D007806,CC0 1.0,MEDLINE cooccurrence,false
DOID:12185,D011304,CC0 1.0,MEDLINE cooccurrence,false
DOID:1024,D005158,CC0 1.0,MEDLINE cooccurrence,false
DOID:3070,D010243,CC0 1.0,MEDLINE cooccurrence,false
DOID:7148,D013651,CC0 1.0,MEDLINE cooccurrence,false
DOID:3083,D007040,CC0 1.0,MEDLINE cooccurrence,false
DOID:2994,D013575,CC0 1.0,MEDLINE cooccurrence,false
DOID:10941,D014474,CC0 1.0,MEDLINE cooccurrence,false
DOID:5419,D002375,CC0 1.0,MEDLINE cooccurrence,false
DOID:11949,D006212,CC0 1.0,MEDLINE cooccurrence,false
DOID:10941,D003221,CC0 1.0,MEDLINE cooccurrence,false
DOID:1319,D006606,CC0 1.0,MEDLINE cooccurrence,false
DOID:11949,D034062,CC0 1.0,MEDLINE cooccurrence,false
DOID:9835,D003638,CC0 1.0,MEDLINE cooccurrence,false
DOID:2394,D004487,CC0 1.0,MEDLINE cooccurrence,false
DOID:1790,D003128,CC0 1.0,MEDLINE cooccurrence,false
DOID:2531,D014839,CC0 1.0,MEDLINE cooccurrence,false
DOID:2377,D009222,CC0 1.0,MEDLINE cooccurrence,false
DOID:1459,D005221,CC0 1.0,MEDLINE cooccurrence,false
DOID:1909,D003967,CC0 1.0,MEDLINE cooccurrence,false
DOID:1595,D006963,CC0 1.0,MEDLINE cooccurrence,false
DOID:8398,D059226,CC0 1.0,MEDLINE cooccurrence,false
DOID:5559,D004417,CC0 1.0,MEDLINE cooccurrence,false
DOID:3070,D002524,CC0 1.0,MEDLINE cooccurrence,false
DOID:3070,D010291,CC0 1.0,MEDLINE cooccurrence,false
DOID:3953,D005334,CC0 1.0,MEDLINE cooccurrence,false
DOID:14330,D053158,CC0 1.0,MEDLINE cooccurrence,false
DOID:2377,D004244,CC0 1.0,MEDLINE cooccurrence,false
DOID:10652,D008569,CC0 1.0,MEDLINE cooccurrence,false
DOID:2986,D016553,CC0 1.0,MEDLINE cooccurrence,false
DOID:2994,D006315,CC0 1.0,MEDLINE cooccurrence,false
DOID:635,D011696,CC0 1.0,MEDLINE cooccurrence,false
DOID:2841,D001049,CC0 1.0,MEDLINE cooccurrence,false
DOID:1686,D015877,CC0 1.0,MEDLINE cooccurrence,false
DOID:363,D000860,CC0 1.0,MEDLINE cooccurrence,false
DOID:14330,D009325,CC0 1.0,MEDLINE cooccurrence,false
DOID:594,D009041,CC0 1.0,MEDLINE cooccurrence,false
DOID:1826,D038901,CC0 1.0,MEDLINE cooccurrence,false
DOID:12361,D011782,CC0 1.0,MEDLINE cooccurrence,false
DOID:1459,D002524,CC0 1.0,MEDLINE cooccurrence,false
DOID:14330,D003693,CC0 1.0,MEDLINE cooccurrence,false
DOID:4606,D041781,CC0 1.0,MEDLINE cooccurrence,false
DOID:12849,D001072,CC0 1.0,MEDLINE cooccurrence,false
DOID:2174,D000550,CC0 1.0,MEDLINE cooccurrence,false
DOID:784,D009133,CC0 1.0,MEDLINE cooccurrence,false
DOID:1319,D004614,CC0 1.0,MEDLINE cooccurrence,false
DOID:1319,D034381,CC0 1.0,MEDLINE cooccurrence,false
DOID:10534,D011696,CC0 1.0,MEDLINE cooccurrence,false
DOID:6364,D009903,CC0 1.0,MEDLINE cooccurrence,false
DOID:986,D006311,CC0 1.0,MEDLINE cooccurrence,false
DOID:2994,D014012,CC0 1.0,MEDLINE cooccurrence,false
DOID:1790,D009325,CC0 1.0,MEDLINE cooccurrence,false
DOID:1826,D003128,CC0 1.0,MEDLINE cooccurrence,false
DOID:8893,D011538,CC0 1.0,MEDLINE cooccurrence,false
DOID:175,D007383,CC0 1.0,MEDLINE cooccurrence,false
DOID:2377,D006423,CC0 1.0,MEDLINE cooccurrence,false
DOID:5041,D003371,CC0 1.0,MEDLINE cooccurrence,false
DOID:363,D014549,CC0 1.0,MEDLINE cooccurrence,false
DOID:1319,D002819,CC0 1.0,MEDLINE cooccurrence,false
DOID:10941,D014012,CC0 1.0,MEDLINE cooccurrence,false
DOID:2377,D004401,CC0 1.0,MEDLINE cooccurrence,false
DOID:11612,D002032,CC0 1.0,MEDLINE cooccurrence,false
DOID:8398,D012585,CC0 1.0,MEDLINE cooccurrence,false
DOID:9970,D006963,CC0 1.0,MEDLINE cooccurrence,false
DOID:332,D020336,CC0 1.0,MEDLINE cooccurrence,false
DOID:9970,D009765,CC0 1.0,MEDLINE cooccurrence,false
DOID:1686,D058447,CC0 1.0,MEDLINE cooccurrence,false
DOID:2994,D015160,CC0 1.0,MEDLINE cooccurrence,false
DOID:1936,D000860,CC0 1.0,MEDLINE cooccurrence,false
DOID:3083,D002100,CC0 1.0,MEDLINE cooccurrence,false
DOID:1909,D009755,CC0 1.0,MEDLINE cooccurrence,false
DOID:1909,D004172,CC0 1.0,MEDLINE cooccurrence,false
DOID:8577,D003635,CC0 1.0,MEDLINE cooccurrence,false
DOID:12849,D000377,CC0 1.0,MEDLINE cooccurrence,false
DOID:9352,D005483,CC0 1.0,MEDLINE cooccurrence,false
DOID:9835,D001766,CC0 1.0,MEDLINE cooccurrence,false
DOID:4989,D004487,CC0 1.0,MEDLINE cooccurrence,false
DOID:3277,D006469,CC0 1.0,MEDLINE cooccurrence,false
DOID:594,D008065,CC0 1.0,MEDLINE cooccurrence,false
DOID:9835,D019591,CC0 1.0,MEDLINE cooccurrence,false
DOID:1324,D020069,CC0 1.0,MEDLINE cooccurrence,false
DOID:3070,D004401,CC0 1.0,MEDLINE cooccurrence,false
DOID:1909,D004487,CC0 1.0,MEDLINE cooccurrence,false
DOID:2994,D020182,CC0 1.0,MEDLINE cooccurrence,false
DOID:9352,D054058,CC0 1.0,MEDLINE cooccurrence,false
DOID:11949,D004401,CC0 1.0,MEDLINE cooccurrence,false
DOID:1826,D009207,CC0 1.0,MEDLINE cooccurrence,false
DOID:184,D020069,CC0 1.0,MEDLINE cooccurrence,false
DOID:1459,D006311,CC0 1.0,MEDLINE cooccurrence,false
DOID:3277,D009123,CC0 1.0,MEDLINE cooccurrence,false
DOID:13378,D006337,CC0 1.0,MEDLINE cooccurrence,false
DOID:2355,D007565,CC0 1.0,MEDLINE cooccurrence,false
DOID:10871,D014823,CC0 1.0,MEDLINE cooccurrence,false
DOID:1612,D001247,CC0 1.0,MEDLINE cooccurrence,false
DOID:594,D002032,CC0 1.0,MEDLINE cooccurrence,false
DOID:2994,D005157,CC0 1.0,MEDLINE cooccurrence,false
DOID:2377,D054972,CC0 1.0,MEDLINE cooccurrence,false
DOID:9970,D010845,CC0 1.0,MEDLINE cooccurrence,false
DOID:0060119,D009437,CC0 1.0,MEDLINE cooccurrence,false
DOID:1094,D001072,CC0 1.0,MEDLINE cooccurrence,false
DOID:1612,D019584,CC0 1.0,MEDLINE cooccurrence,false
DOID:363,D001750,CC0 1.0,MEDLINE cooccurrence,false
DOID:4989,D015746,CC0 1.0,MEDLINE cooccurrence,false
DOID:1324,D012135,CC0 1.0,MEDLINE cooccurrence,false
DOID:12306,D004421,CC0 1.0,MEDLINE cooccurrence,false
DOID:1993,D011537,CC0 1.0,MEDLINE cooccurrence,false
DOID:11934,D009912,CC0 1.0,MEDLINE cooccurrence,false
DOID:8986,D010845,CC0 1.0,MEDLINE cooccurrence,false
DOID:0050425,D007319,CC0 1.0,MEDLINE cooccurrence,false
DOID:1115,D004487,CC0 1.0,MEDLINE cooccurrence,false
DOID:175,D002637,CC0 1.0,MEDLINE cooccurrence,false
DOID:5041,D002637,CC0 1.0,MEDLINE cooccurrence,false
DOID:13241,D006469,CC0 1.0,MEDLINE cooccurrence,false
DOID:11555,D014786,CC0 1.0,MEDLINE cooccurrence,false
DOID:0050425,D017827,CC0 1.0,MEDLINE cooccurrence,false
DOID:175,D010291,CC0 1.0,MEDLINE cooccurrence,false
DOID:3953,D004438,CC0 1.0,MEDLINE cooccurrence,false
DOID:13378,D011696,CC0 1.0,MEDLINE cooccurrence,false
DOID:14221,D050177,CC0 1.0,MEDLINE cooccurrence,false
DOID:2355,D002637,CC0 1.0,MEDLINE cooccurrence,false
DOID:1115,D001416,CC0 1.0,MEDLINE cooccurrence,false
DOID:9835,D009755,CC0 1.0,MEDLINE cooccurrence,false
DOID:8398,D017116,CC0 1.0,MEDLINE cooccurrence,false
DOID:7148,D004487,CC0 1.0,MEDLINE cooccurrence,false
DOID:6364,D018908,CC0 1.0,MEDLINE cooccurrence,false
DOID:2377,D005221,CC0 1.0,MEDLINE cooccurrence,false
DOID:12849,D009155,CC0 1.0,MEDLINE cooccurrence,false
DOID:784,D004415,CC0 1.0,MEDLINE cooccurrence,false
DOID:332,D018908,CC0 1.0,MEDLINE cooccurrence,false
DOID:1319,D001037,CC0 1.0,MEDLINE cooccurrence,false
DOID:0060119,D006319,CC0 1.0,MEDLINE cooccurrence,false
DOID:2994,D003968,CC0 1.0,MEDLINE cooccurrence,false
DOID:10153,D003967,CC0 1.0,MEDLINE cooccurrence,false
DOID:14268,D041781,CC0 1.0,MEDLINE cooccurrence,false
DOID:3953,D015746,CC0 1.0,MEDLINE cooccurrence,false
DOID:1595,D048949,CC0 1.0,MEDLINE cooccurrence,false
DOID:9744,D001750,CC0 1.0,MEDLINE cooccurrence,false
DOID:3565,D003221,CC0 1.0,MEDLINE cooccurrence,false
DOID:3070,D006606,CC0 1.0,MEDLINE cooccurrence,false
DOID:1115,D010243,CC0 1.0,MEDLINE cooccurrence,false
DOID:1612,D005334,CC0 1.0,MEDLINE cooccurrence,false
DOID:1595,D005183,CC0 1.0,MEDLINE cooccurrence,false
DOID:8778,D003248,CC0 1.0,MEDLINE cooccurrence,false
DOID:5408,D009912,CC0 1.0,MEDLINE cooccurrence,false
DOID:8577,D012877,CC0 1.0,MEDLINE cooccurrence,false
DOID:13223,D006396,CC0 1.0,MEDLINE cooccurrence,false
DOID:0050741,D000472,CC0 1.0,MEDLINE cooccurrence,false
DOID:184,D014012,CC0 1.0,MEDLINE cooccurrence,false
DOID:0050741,D006963,CC0 1.0,MEDLINE cooccurrence,false
DOID:1595,D001247,CC0 1.0,MEDLINE cooccurrence,false
DOID:363,D014840,CC0 1.0,MEDLINE cooccurrence,false
DOID:0050741,D007319,CC0 1.0,MEDLINE cooccurrence,false
DOID:2994,D019569,CC0 1.0,MEDLINE cooccurrence,false
DOID:2531,D005335,CC0 1.0,MEDLINE cooccurrence,false
DOID:0060119,D005132,CC0 1.0,MEDLINE cooccurrence,false
DOID:1094,D007859,CC0 1.0,MEDLINE cooccurrence,false
DOID:12306,D016553,CC0 1.0,MEDLINE cooccurrence,false
DOID:3393,D007383,CC0 1.0,MEDLINE cooccurrence,false
DOID:4481,D003371,CC0 1.0,MEDLINE cooccurrence,false
DOID:12185,D013651,CC0 1.0,MEDLINE cooccurrence,false
DOID:0050741,D012893,CC0 1.0,MEDLINE cooccurrence,false
DOID:9352,D000419,CC0 1.0,MEDLINE cooccurrence,false
DOID:12849,D006948,CC0 1.0,MEDLINE cooccurrence,false
DOID:2377,D009461,CC0 1.0,MEDLINE cooccurrence,false
DOID:1826,D020754,CC0 1.0,MEDLINE cooccurrence,false
DOID:1192,D006313,CC0 1.0,MEDLINE cooccurrence,false
DOID:10652,D000377,CC0 1.0,MEDLINE cooccurrence,false
DOID:10941,D015875,CC0 1.0,MEDLINE cooccurrence,false
DOID:11119,D007806,CC0 1.0,MEDLINE cooccurrence,false
DOID:1324,D010148,CC0 1.0,MEDLINE cooccurrence,false
DOID:594,D011602,CC0 1.0,MEDLINE cooccurrence,false
DOID:1324,D004408,CC0 1.0,MEDLINE cooccurrence,false
DOID:4045,D005130,CC0 1.0,MEDLINE cooccurrence,false
DOID:7148,D011507,CC0 1.0,MEDLINE cooccurrence,false
DOID:12849,D003635,CC0 1.0,MEDLINE cooccurrence,false
DOID:3571,D000006,CC0 1.0,MEDLINE cooccurrence,false
DOID:1115,D010291,CC0 1.0,MEDLINE cooccurrence,false
DOID:12361,D012607,CC0 1.0,MEDLINE cooccurrence,false
DOID:3571,D005335,CC0 1.0,MEDLINE cooccurrence,false
DOID:7147,D010146,CC0 1.0,MEDLINE cooccurrence,false
DOID:10941,D005158,CC0 1.0,MEDLINE cooccurrence,false
DOID:8986,D038921,CC0 1.0,MEDLINE cooccurrence,false
DOID:0060119,D000857,CC0 1.0,MEDLINE cooccurrence,false
DOID:12185,D016532,CC0 1.0,MEDLINE cooccurrence,false
DOID:2596,D006469,CC0 1.0,MEDLINE cooccurrence,false
DOID:7693,D020335,CC0 1.0,MEDLINE cooccurrence,false
DOID:90,D010146,CC0 1.0,MEDLINE cooccurrence,false
DOID:14330,D006948,CC0 1.0,MEDLINE cooccurrence,false
DOID:9296,D005183,CC0 1.0,MEDLINE cooccurrence,false
DOID:11949,D001041,CC0 1.0,MEDLINE cooccurrence,false
DOID:11934,D006685,CC0 1.0,MEDLINE cooccurrence,false
DOID:1324,D002100,CC0 1.0,MEDLINE cooccurrence,false
DOID:10941,D011782,CC0 1.0,MEDLINE cooccurrence,false
DOID:1686,D019591,CC0 1.0,MEDLINE cooccurrence,false
DOID:5419,D059607,CC0 1.0,MEDLINE cooccurrence,false
DOID:784,D011141,CC0 1.0,MEDLINE cooccurrence,false
DOID:7148,D019873,CC0 1.0,MEDLINE cooccurrence,false
DOID:11949,D018908,CC0 1.0,MEDLINE cooccurrence,false
DOID:3571,D005483,CC0 1.0,MEDLINE cooccurrence,false
DOID:175,D015746,CC0 1.0,MEDLINE cooccurrence,false
DOID:2994,D000006,CC0 1.0,MEDLINE cooccurrence,false
DOID:1790,D015746,CC0 1.0,MEDLINE cooccurrence,false
DOID:594,D006212,CC0 1.0,MEDLINE cooccurrence,false
DOID:2355,D003967,CC0 1.0,MEDLINE cooccurrence,false
DOID:1094,D006970,CC0 1.0,MEDLINE cooccurrence,false
DOID:11934,D014098,CC0 1.0,MEDLINE cooccurrence,false
DOID:1826,D013035,CC0 1.0,MEDLINE cooccurrence,false
DOID:175,D006469,CC0 1.0,MEDLINE cooccurrence,false
DOID:6364,D002524,CC0 1.0,MEDLINE cooccurrence,false
DOID:1793,D015746,CC0 1.0,MEDLINE cooccurrence,false
DOID:4045,D020069,CC0 1.0,MEDLINE cooccurrence,false
DOID:12306,D046088,CC0 1.0,MEDLINE cooccurrence,false
DOID:14004,D002303,CC0 1.0,MEDLINE cooccurrence,false
DOID:11934,D012135,CC0 1.0,MEDLINE cooccurrence,false
DOID:9352,D056128,CC0 1.0,MEDLINE cooccurrence,false
DOID:8850,D010292,CC0 1.0,MEDLINE cooccurrence,false
DOID:219,D000006,CC0 1.0,MEDLINE cooccurrence,false
DOID:13378,D004487,CC0 1.0,MEDLINE cooccurrence,false
DOID:10941,D004172,CC0 1.0,MEDLINE cooccurrence,false
DOID:219,D014840,CC0 1.0,MEDLINE cooccurrence,false
DOID:11949,D018476,CC0 1.0,MEDLINE cooccurrence,false
DOID:1324,D009325,CC0 1.0,MEDLINE cooccurrence,false
DOID:2994,D004438,CC0 1.0,MEDLINE cooccurrence,false
DOID:10021,D015746,CC0 1.0,MEDLINE cooccurrence,false
DOID:2531,D010146,CC0 1.0,MEDLINE cooccurrence,false
DOID:11054,D059411,CC0 1.0,MEDLINE cooccurrence,false
DOID:14330,D020886,CC0 1.0,MEDLINE cooccurrence,false
DOID:1993,D017699,CC0 1.0,MEDLINE cooccurrence,false
DOID:4362,D010148,CC0 1.0,MEDLINE cooccurrence,false
DOID:184,D004438,CC0 1.0,MEDLINE cooccurrence,false
DOID:14004,D004438,CC0 1.0,MEDLINE cooccurrence,false
DOID:3953,D013575,CC0 1.0,MEDLINE cooccurrence,false
DOID:4362,D014839,CC0 1.0,MEDLINE cooccurrence,false
DOID:1595,D017288,CC0 1.0,MEDLINE cooccurrence,false
DOID:184,D015354,CC0 1.0,MEDLINE cooccurrence,false
DOID:2174,D011681,CC0 1.0,MEDLINE cooccurrence,false
DOID:9074,D011782,CC0 1.0,MEDLINE cooccurrence,false
DOID:4159,D006930,CC0 1.0,MEDLINE cooccurrence,false
DOID:2994,D003639,CC0 1.0,MEDLINE cooccurrence,false
DOID:4989,D007035,CC0 1.0,MEDLINE cooccurrence,false
DOID:2394,D014840,CC0 1.0,MEDLINE cooccurrence,false
DOID:784,D009120,CC0 1.0,MEDLINE cooccurrence,false
DOID:13223,D000006,CC0 1.0,MEDLINE cooccurrence,false
DOID:184,D005157,CC0 1.0,MEDLINE cooccurrence,false
DOID:1324,D005157,CC0 1.0,MEDLINE cooccurrence,false
DOID:14221,D001835,CC0 1.0,MEDLINE cooccurrence,false
DOID:5408,D017116,CC0 1.0,MEDLINE cooccurrence,false
DOID:3953,D010149,CC0 1.0,MEDLINE cooccurrence,false
DOID:1094,D007088,CC0 1.0,MEDLINE cooccurrence,false
DOID:1115,D006987,CC0 1.0,MEDLINE cooccurrence,false
DOID:332,D012133,CC0 1.0,MEDLINE cooccurrence,false
DOID:0050741,D003128,CC0 1.0,MEDLINE cooccurrence,false
DOID:2377,D012133,CC0 1.0,MEDLINE cooccurrence,false
DOID:11119,D004454,CC0 1.0,MEDLINE cooccurrence,false
DOID:2998,D010292,CC0 1.0,MEDLINE cooccurrence,false
DOID:635,D010146,CC0 1.0,MEDLINE cooccurrence,false
DOID:90,D001416,CC0 1.0,MEDLINE cooccurrence,false
DOID:10871,D004172,CC0 1.0,MEDLINE cooccurrence,false
DOID:1319,D011681,CC0 1.0,MEDLINE cooccurrence,false
DOID:1964,D017699,CC0 1.0,MEDLINE cooccurrence,false
DOID:8778,D004487,CC0 1.0,MEDLINE cooccurrence,false
DOID:14330,D006970,CC0 1.0,MEDLINE cooccurrence,false
DOID:3070,D014786,CC0 1.0,MEDLINE cooccurrence,false
DOID:13223,D005334,CC0 1.0,MEDLINE cooccurrence,false
DOID:11920,D014826,CC0 1.0,MEDLINE cooccurrence,false
DOID:14221,D015430,CC0 1.0,MEDLINE cooccurrence,false
DOID:6364,D007088,CC0 1.0,MEDLINE cooccurrence,false
DOID:0060119,D009886,CC0 1.0,MEDLINE cooccurrence,false
DOID:8778,D010149,CC0 1.0,MEDLINE cooccurrence,false
DOID:5875,D017699,CC0 1.0,MEDLINE cooccurrence,false
DOID:5408,D017699,CC0 1.0,MEDLINE cooccurrence,false
DOID:2531,D009325,CC0 1.0,MEDLINE cooccurrence,false
DOID:585,D011782,CC0 1.0,MEDLINE cooccurrence,false
DOID:10871,D012166,CC0 1.0,MEDLINE cooccurrence,false
DOID:6364,D011602,CC0 1.0,MEDLINE cooccurrence,false
DOID:7148,D010591,CC0 1.0,MEDLINE cooccurrence,false
DOID:10941,D010243,CC0 1.0,MEDLINE cooccurrence,false
DOID:784,D006316,CC0 1.0,MEDLINE cooccurrence,false
DOID:3070,D001037,CC0 1.0,MEDLINE cooccurrence,false
DOID:6364,D006732,CC0 1.0,MEDLINE cooccurrence,false
DOID:12361,D018908,CC0 1.0,MEDLINE cooccurrence,false
DOID:90,D010149,CC0 1.0,MEDLINE cooccurrence,false
DOID:5041,D004417,CC0 1.0,MEDLINE cooccurrence,false
DOID:10871,D058447,CC0 1.0,MEDLINE cooccurrence,false
DOID:9744,D006316,CC0 1.0,MEDLINE cooccurrence,false
DOID:10941,D005132,CC0 1.0,MEDLINE cooccurrence,false
DOID:3312,D004421,CC0 1.0,MEDLINE cooccurrence,false
DOID:9296,D007859,CC0 1.0,MEDLINE cooccurrence,false
DOID:3393,D004489,CC0 1.0,MEDLINE cooccurrence,false
DOID:1319,D006429,CC0 1.0,MEDLINE cooccurrence,false
DOID:5559,D006396,CC0 1.0,MEDLINE cooccurrence,false
DOID:184,D009437,CC0 1.0,MEDLINE cooccurrence,false
DOID:11714,D020567,CC0 1.0,MEDLINE cooccurrence,false
DOID:5408,D006312,CC0 1.0,MEDLINE cooccurrence,false
DOID:8850,D010243,CC0 1.0,MEDLINE cooccurrence,false
DOID:0060119,D020385,CC0 1.0,MEDLINE cooccurrence,false
DOID:14268,D006942,CC0 1.0,MEDLINE cooccurrence,false
DOID:11054,D001750,CC0 1.0,MEDLINE cooccurrence,false
DOID:363,D006939,CC0 1.0,MEDLINE cooccurrence,false
DOID:9835,D005130,CC0 1.0,MEDLINE cooccurrence,false
DOID:418,D009846,CC0 1.0,MEDLINE cooccurrence,false
DOID:3083,D059246,CC0 1.0,MEDLINE cooccurrence,false
DOID:10283,D053158,CC0 1.0,MEDLINE cooccurrence,false
DOID:5559,D053578,CC0 1.0,MEDLINE cooccurrence,false
DOID:1115,D015746,CC0 1.0,MEDLINE cooccurrence,false
DOID:184,D002559,CC0 1.0,MEDLINE cooccurrence,false
DOID:10941,D000648,CC0 1.0,MEDLINE cooccurrence,false
DOID:11934,D055154,CC0 1.0,MEDLINE cooccurrence,false
DOID:12849,D001037,CC0 1.0,MEDLINE cooccurrence,false
DOID:7148,D006930,CC0 1.0,MEDLINE cooccurrence,false
DOID:4159,D012415,CC0 1.0,MEDLINE cooccurrence,false
DOID:10283,D060545,CC0 1.0,MEDLINE cooccurrence,false
DOID:13189,D018771,CC0 1.0,MEDLINE cooccurrence,false
DOID:2377,D020234,CC0 1.0,MEDLINE cooccurrence,false
DOID:10608,D018980,CC0 1.0,MEDLINE cooccurrence,false
DOID:3565,D006429,CC0 1.0,MEDLINE cooccurrence,false
DOID:418,D006987,CC0 1.0,MEDLINE cooccurrence,false
DOID:0050742,D012893,CC0 1.0,MEDLINE cooccurrence,false
DOID:1909,D023341,CC0 1.0,MEDLINE cooccurrence,false
DOID:1192,D014786,CC0 1.0,MEDLINE cooccurrence,false
DOID:1909,D002100,CC0 1.0,MEDLINE cooccurrence,false
DOID:332,D009128,CC0 1.0,MEDLINE cooccurrence,false
DOID:12849,D007805,CC0 1.0,MEDLINE cooccurrence,false
DOID:1192,D006319,CC0 1.0,MEDLINE cooccurrence,false
DOID:3070,D034381,CC0 1.0,MEDLINE cooccurrence,false
DOID:11934,D001260,CC0 1.0,MEDLINE cooccurrence,false
DOID:12365,D003244,CC0 1.0,MEDLINE cooccurrence,false
DOID:11934,D004438,CC0 1.0,MEDLINE cooccurrence,false
DOID:4159,D006942,CC0 1.0,MEDLINE cooccurrence,false
DOID:1192,D010243,CC0 1.0,MEDLINE cooccurrence,false
DOID:9296,D006311,CC0 1.0,MEDLINE cooccurrence,false
DOID:14330,D002819,CC0 1.0,MEDLINE cooccurrence,false
DOID:2994,D002100,CC0 1.0,MEDLINE cooccurrence,false
DOID:8986,D020189,CC0 1.0,MEDLINE cooccurrence,false
DOID:0050741,D005262,CC0 1.0,MEDLINE cooccurrence,false
DOID:1781,D004417,CC0 1.0,MEDLINE cooccurrence,false
DOID:0050741,D001259,CC0 1.0,MEDLINE cooccurrence,false
DOID:10283,D003248,CC0 1.0,MEDLINE cooccurrence,false
DOID:1793,D014839,CC0 1.0,MEDLINE cooccurrence,false
DOID:0060119,D004172,CC0 1.0,MEDLINE cooccurrence,false
DOID:1826,D020238,CC0 1.0,MEDLINE cooccurrence,false
DOID:10652,D011595,CC0 1.0,MEDLINE cooccurrence,false
DOID:635,D000855,CC0 1.0,MEDLINE cooccurrence,false
DOID:2377,D012021,CC0 1.0,MEDLINE cooccurrence,false
DOID:9352,D053201,CC0 1.0,MEDLINE cooccurrence,false
DOID:263,D005335,CC0 1.0,MEDLINE cooccurrence,false
DOID:6364,D003221,CC0 1.0,MEDLINE cooccurrence,false
DOID:1595,D059350,CC0 1.0,MEDLINE cooccurrence,false
DOID:184,D006472,CC0 1.0,MEDLINE cooccurrence,false
DOID:12930,D004489,CC0 1.0,MEDLINE cooccurrence,false
DOID:14227,D050177,CC0 1.0,MEDLINE cooccurrence,false
DOID:12365,D006942,CC0 1.0,MEDLINE cooccurrence,false
DOID:2994,D053578,CC0 1.0,MEDLINE cooccurrence,false
DOID:3953,D014839,CC0 1.0,MEDLINE cooccurrence,false
DOID:7148,D009912,CC0 1.0,MEDLINE cooccurrence,false
DOID:3312,D003693,CC0 1.0,MEDLINE cooccurrence,false
DOID:2355,D011694,CC0 1.0,MEDLINE cooccurrence,false
DOID:6364,D012678,CC0 1.0,MEDLINE cooccurrence,false
DOID:3070,D004614,CC0 1.0,MEDLINE cooccurrence,false
DOID:635,D002100,CC0 1.0,MEDLINE cooccurrence,false
DOID:7148,D059350,CC0 1.0,MEDLINE cooccurrence,false
DOID:1612,D004487,CC0 1.0,MEDLINE cooccurrence,false
DOID:10763,D012913,CC0 1.0,MEDLINE cooccurrence,false
DOID:5419,D000857,CC0 1.0,MEDLINE cooccurrence,false
DOID:784,D006311,CC0 1.0,MEDLINE cooccurrence,false
DOID:363,D003248,CC0 1.0,MEDLINE cooccurrence,false
DOID:2994,D006429,CC0 1.0,MEDLINE cooccurrence,false
DOID:12849,D010468,CC0 1.0,MEDLINE cooccurrence,false
DOID:2994,D014823,CC0 1.0,MEDLINE cooccurrence,false
DOID:10652,D001039,CC0 1.0,MEDLINE cooccurrence,false
DOID:4989,D041781,CC0 1.0,MEDLINE cooccurrence,false
DOID:2355,D014823,CC0 1.0,MEDLINE cooccurrence,false
DOID:9074,D005132,CC0 1.0,MEDLINE cooccurrence,false
DOID:175,D020335,CC0 1.0,MEDLINE cooccurrence,false
DOID:8577,D005132,CC0 1.0,MEDLINE cooccurrence,false
DOID:1686,D014786,CC0 1.0,MEDLINE cooccurrence,false
DOID:1826,D020182,CC0 1.0,MEDLINE cooccurrence,false
DOID:11119,D007926,CC0 1.0,MEDLINE cooccurrence,false
DOID:5419,D020820,CC0 1.0,MEDLINE cooccurrence,false
DOID:4989,D011697,CC0 1.0,MEDLINE cooccurrence,false
DOID:0050741,D003244,CC0 1.0,MEDLINE cooccurrence,false
DOID:8398,D020886,CC0 1.0,MEDLINE cooccurrence,false
DOID:12995,D004410,CC0 1.0,MEDLINE cooccurrence,false
DOID:8577,D006319,CC0 1.0,MEDLINE cooccurrence,false
DOID:3312,D015430,CC0 1.0,MEDLINE cooccurrence,false
DOID:2986,D011695,CC0 1.0,MEDLINE cooccurrence,false
DOID:1115,D009461,CC0 1.0,MEDLINE cooccurrence,false
DOID:1826,D001264,CC0 1.0,MEDLINE cooccurrence,false
DOID:2841,D005311,CC0 1.0,MEDLINE cooccurrence,false
DOID:594,D016857,CC0 1.0,MEDLINE cooccurrence,false
DOID:1595,D010148,CC0 1.0,MEDLINE cooccurrence,false
DOID:10283,D053201,CC0 1.0,MEDLINE cooccurrence,false
DOID:11934,D014826,CC0 1.0,MEDLINE cooccurrence,false
DOID:0050156,D012891,CC0 1.0,MEDLINE cooccurrence,false
DOID:1324,D001416,CC0 1.0,MEDLINE cooccurrence,false
DOID:4045,D009886,CC0 1.0,MEDLINE cooccurrence,false
DOID:1993,D000855,CC0 1.0,MEDLINE cooccurrence,false
DOID:5041,D006469,CC0 1.0,MEDLINE cooccurrence,false
DOID:12306,D006316,CC0 1.0,MEDLINE cooccurrence,false
DOID:2994,D003638,CC0 1.0,MEDLINE cooccurrence,false
DOID:2355,D011693,CC0 1.0,MEDLINE cooccurrence,false
DOID:2998,D014770,CC0 1.0,MEDLINE cooccurrence,false
DOID:4045,D004417,CC0 1.0,MEDLINE cooccurrence,false
DOID:1245,D014549,CC0 1.0,MEDLINE cooccurrence,false
DOID:5041,D010149,CC0 1.0,MEDLINE cooccurrence,false
DOID:9835,D004410,CC0 1.0,MEDLINE cooccurrence,false
DOID:7693,D015746,CC0 1.0,MEDLINE cooccurrence,false
DOID:10941,D009461,CC0 1.0,MEDLINE cooccurrence,false
DOID:14330,D004421,CC0 1.0,MEDLINE cooccurrence,false
DOID:10652,D011596,CC0 1.0,MEDLINE cooccurrence,false
DOID:10652,D003147,CC0 1.0,MEDLINE cooccurrence,false
DOID:4159,D001260,CC0 1.0,MEDLINE cooccurrence,false
DOID:8577,D003967,CC0 1.0,MEDLINE cooccurrence,false
DOID:1115,D020335,CC0 1.0,MEDLINE cooccurrence,false
DOID:10763,D005132,CC0 1.0,MEDLINE cooccurrence,false
DOID:635,D009437,CC0 1.0,MEDLINE cooccurrence,false
DOID:585,D000006,CC0 1.0,MEDLINE cooccurrence,false
DOID:12849,D006311,CC0 1.0,MEDLINE cooccurrence,false
DOID:8893,D011537,CC0 1.0,MEDLINE cooccurrence,false
DOID:1094,D007806,CC0 1.0,MEDLINE cooccurrence,false
DOID:7693,D005334,CC0 1.0,MEDLINE cooccurrence,false
DOID:11476,D059352,CC0 1.0,MEDLINE cooccurrence,false
DOID:2174,D034381,CC0 1.0,MEDLINE cooccurrence,false
DOID:1115,D006396,CC0 1.0,MEDLINE cooccurrence,false
DOID:1826,D010291,CC0 1.0,MEDLINE cooccurrence,false
DOID:1595,D004409,CC0 1.0,MEDLINE cooccurrence,false
DOID:12185,D006316,CC0 1.0,MEDLINE cooccurrence,false
DOID:0050425,D020189,CC0 1.0,MEDLINE cooccurrence,false
DOID:7148,D017288,CC0 1.0,MEDLINE cooccurrence,false
DOID:1319,D003221,CC0 1.0,MEDLINE cooccurrence,false
DOID:9970,D055948,CC0 1.0,MEDLINE cooccurrence,false
DOID:8893,D023341,CC0 1.0,MEDLINE cooccurrence,false
DOID:2355,D020567,CC0 1.0,MEDLINE cooccurrence,false
DOID:11934,D006356,CC0 1.0,MEDLINE cooccurrence,false
DOID:10941,D000425,CC0 1.0,MEDLINE cooccurrence,false
DOID:7148,D011696,CC0 1.0,MEDLINE cooccurrence,false
DOID:9744,D003638,CC0 1.0,MEDLINE cooccurrence,false
DOID:1826,D008569,CC0 1.0,MEDLINE cooccurrence,false
DOID:119,D010146,CC0 1.0,MEDLINE cooccurrence,false
DOID:12361,D002819,CC0 1.0,MEDLINE cooccurrence,false
DOID:332,D010243,CC0 1.0,MEDLINE cooccurrence,false
DOID:7148,D008998,CC0 1.0,MEDLINE cooccurrence,false
DOID:14330,D020189,CC0 1.0,MEDLINE cooccurrence,false
DOID:7147,D006319,CC0 1.0,MEDLINE cooccurrence,false
DOID:14221,D053448,CC0 1.0,MEDLINE cooccurrence,false
DOID:8986,D002375,CC0 1.0,MEDLINE cooccurrence,false
DOID:10153,D018589,CC0 1.0,MEDLINE cooccurrence,false
DOID:14330,D008569,CC0 1.0,MEDLINE cooccurrence,false
DOID:4481,D012893,CC0 1.0,MEDLINE cooccurrence,false
DOID:10763,D017566,CC0 1.0,MEDLINE cooccurrence,false
DOID:6364,D001037,CC0 1.0,MEDLINE cooccurrence,false
DOID:11920,D003371,CC0 1.0,MEDLINE cooccurrence,false
DOID:5041,D006606,CC0 1.0,MEDLINE cooccurrence,false
DOID:1319,D003639,CC0 1.0,MEDLINE cooccurrence,false
DOID:8986,D020187,CC0 1.0,MEDLINE cooccurrence,false
DOID:5875,D004487,CC0 1.0,MEDLINE cooccurrence,false
DOID:1115,D006469,CC0 1.0,MEDLINE cooccurrence,false
DOID:363,D020250,CC0 1.0,MEDLINE cooccurrence,false
DOID:5041,D014839,CC0 1.0,MEDLINE cooccurrence,false
DOID:11934,D006472,CC0 1.0,MEDLINE cooccurrence,false
DOID:9744,D015430,CC0 1.0,MEDLINE cooccurrence,false
DOID:3953,D054068,CC0 1.0,MEDLINE cooccurrence,false
DOID:10608,D005414,CC0 1.0,MEDLINE cooccurrence,false
DOID:1115,D004172,CC0 1.0,MEDLINE cooccurrence,false
DOID:1319,D003638,CC0 1.0,MEDLINE cooccurrence,false
DOID:11615,D010146,CC0 1.0,MEDLINE cooccurrence,false
DOID:5419,D005483,CC0 1.0,MEDLINE cooccurrence,false
DOID:11934,D004487,CC0 1.0,MEDLINE cooccurrence,false
DOID:175,D013575,CC0 1.0,MEDLINE cooccurrence,false
DOID:3565,D011782,CC0 1.0,MEDLINE cooccurrence,false
DOID:2174,D020757,CC0 1.0,MEDLINE cooccurrence,false
DOID:4159,D003638,CC0 1.0,MEDLINE cooccurrence,false
DOID:4606,D011537,CC0 1.0,MEDLINE cooccurrence,false
DOID:1909,D012166,CC0 1.0,MEDLINE cooccurrence,false
DOID:5559,D006685,CC0 1.0,MEDLINE cooccurrence,false
DOID:13241,D003967,CC0 1.0,MEDLINE cooccurrence,false
DOID:5041,D018589,CC0 1.0,MEDLINE cooccurrence,false
DOID:10652,D009207,CC0 1.0,MEDLINE cooccurrence,false
DOID:1192,D019080,CC0 1.0,MEDLINE cooccurrence,false
DOID:11119,D000334,CC0 1.0,MEDLINE cooccurrence,false
DOID:7148,D010149,CC0 1.0,MEDLINE cooccurrence,false
DOID:5408,D034381,CC0 1.0,MEDLINE cooccurrence,false
DOID:1319,D002524,CC0 1.0,MEDLINE cooccurrence,false
DOID:9074,D014826,CC0 1.0,MEDLINE cooccurrence,false
DOID:5408,D001416,CC0 1.0,MEDLINE cooccurrence,false
DOID:1115,D013575,CC0 1.0,MEDLINE cooccurrence,false
DOID:10283,D053159,CC0 1.0,MEDLINE cooccurrence,false
DOID:2998,D002100,CC0 1.0,MEDLINE cooccurrence,false
DOID:12849,D009123,CC0 1.0,MEDLINE cooccurrence,false
DOID:5041,D006685,CC0 1.0,MEDLINE cooccurrence,false
DOID:8398,D051346,CC0 1.0,MEDLINE cooccurrence,false
DOID:13499,D003967,CC0 1.0,MEDLINE cooccurrence,false
DOID:5419,D003221,CC0 1.0,MEDLINE cooccurrence,false
DOID:824,D004314,CC0 1.0,MEDLINE cooccurrence,false
DOID:11934,D009437,CC0 1.0,MEDLINE cooccurrence,false
DOID:418,D012021,CC0 1.0,MEDLINE cooccurrence,false
DOID:1826,D007806,CC0 1.0,MEDLINE cooccurrence,false
DOID:1826,D001259,CC0 1.0,MEDLINE cooccurrence,false
DOID:12849,D011596,CC0 1.0,MEDLINE cooccurrence,false
DOID:2174,D014786,CC0 1.0,MEDLINE cooccurrence,false
DOID:1612,D009325,CC0 1.0,MEDLINE cooccurrence,false
DOID:2994,D018908,CC0 1.0,MEDLINE cooccurrence,false
DOID:3565,D014012,CC0 1.0,MEDLINE cooccurrence,false
DOID:418,D005221,CC0 1.0,MEDLINE cooccurrence,false
DOID:0050741,D007859,CC0 1.0,MEDLINE cooccurrence,false
DOID:1192,D006316,CC0 1.0,MEDLINE cooccurrence,false
DOID:9074,D018771,CC0 1.0,MEDLINE cooccurrence,false
DOID:1115,D001835,CC0 1.0,MEDLINE cooccurrence,false
DOID:8850,D006987,CC0 1.0,MEDLINE cooccurrence,false
DOID:3083,D003371,CC0 1.0,MEDLINE cooccurrence,false
DOID:2394,D004412,CC0 1.0,MEDLINE cooccurrence,false
DOID:8893,D005334,CC0 1.0,MEDLINE cooccurrence,false
DOID:14330,D018476,CC0 1.0,MEDLINE cooccurrence,false
DOID:10534,D011697,CC0 1.0,MEDLINE cooccurrence,false
DOID:2377,D002524,CC0 1.0,MEDLINE cooccurrence,false
DOID:8893,D008998,CC0 1.0,MEDLINE cooccurrence,false
DOID:3312,D002389,CC0 1.0,MEDLINE cooccurrence,false
DOID:10763,D053158,CC0 1.0,MEDLINE cooccurrence,false
DOID:12849,D038901,CC0 1.0,MEDLINE cooccurrence,false
DOID:3953,D006261,CC0 1.0,MEDLINE cooccurrence,false
DOID:10871,D019591,CC0 1.0,MEDLINE cooccurrence,false
DOID:5612,D011782,CC0 1.0,MEDLINE cooccurrence,false
DOID:1319,D006261,CC0 1.0,MEDLINE cooccurrence,false
DOID:10763,D000860,CC0 1.0,MEDLINE cooccurrence,false
DOID:0050742,D000550,CC0 1.0,MEDLINE cooccurrence,false
DOID:3083,D005221,CC0 1.0,MEDLINE cooccurrence,false
DOID:1459,D018908,CC0 1.0,MEDLINE cooccurrence,false
DOID:2596,D055154,CC0 1.0,MEDLINE cooccurrence,false
DOID:6364,D009041,CC0 1.0,MEDLINE cooccurrence,false
DOID:11949,D012678,CC0 1.0,MEDLINE cooccurrence,false
DOID:12185,D003638,CC0 1.0,MEDLINE cooccurrence,false
DOID:14330,D000857,CC0 1.0,MEDLINE cooccurrence,false
DOID:11934,D006319,CC0 1.0,MEDLINE cooccurrence,false
DOID:1826,D001041,CC0 1.0,MEDLINE cooccurrence,false
DOID:9074,D006942,CC0 1.0,MEDLINE cooccurrence,false
DOID:418,D011697,CC0 1.0,MEDLINE cooccurrence,false
DOID:12365,D014839,CC0 1.0,MEDLINE cooccurrence,false
DOID:11612,D013851,CC0 1.0,MEDLINE cooccurrence,false
DOID:184,D034381,CC0 1.0,MEDLINE cooccurrence,false
DOID:1725,D021501,CC0 1.0,MEDLINE cooccurrence,false
DOID:1595,D062706,CC0 1.0,MEDLINE cooccurrence,false
DOID:184,D019080,CC0 1.0,MEDLINE cooccurrence,false
DOID:11934,D059606,CC0 1.0,MEDLINE cooccurrence,false
DOID:14330,D003147,CC0 1.0,MEDLINE cooccurrence,false
DOID:8778,D011602,CC0 1.0,MEDLINE cooccurrence,false
DOID:8778,D005334,CC0 1.0,MEDLINE cooccurrence,false
DOID:2994,D004172,CC0 1.0,MEDLINE cooccurrence,false
DOID:10763,D009846,CC0 1.0,MEDLINE cooccurrence,false
DOID:1319,D010243,CC0 1.0,MEDLINE cooccurrence,false
DOID:3953,D000006,CC0 1.0,MEDLINE cooccurrence,false
DOID:3277,D004408,CC0 1.0,MEDLINE cooccurrence,false
DOID:2994,D015875,CC0 1.0,MEDLINE cooccurrence,false
DOID:3277,D006942,CC0 1.0,MEDLINE cooccurrence,false
DOID:13241,D010243,CC0 1.0,MEDLINE cooccurrence,false
DOID:594,D020184,CC0 1.0,MEDLINE cooccurrence,false
DOID:8577,D007565,CC0 1.0,MEDLINE cooccurrence,false
DOID:1909,D006988,CC0 1.0,MEDLINE cooccurrence,false
DOID:2377,D001766,CC0 1.0,MEDLINE cooccurrence,false
DOID:9074,D004487,CC0 1.0,MEDLINE cooccurrence,false
DOID:0050741,D000647,CC0 1.0,MEDLINE cooccurrence,false
DOID:1793,D007331,CC0 1.0,MEDLINE cooccurrence,false
DOID:4481,D020181,CC0 1.0,MEDLINE cooccurrence,false
DOID:3571,D000860,CC0 1.0,MEDLINE cooccurrence,false
DOID:11949,D004454,CC0 1.0,MEDLINE cooccurrence,false
DOID:263,D009325,CC0 1.0,MEDLINE cooccurrence,false
DOID:5419,D020886,CC0 1.0,MEDLINE cooccurrence,false
DOID:219,D010148,CC0 1.0,MEDLINE cooccurrence,false
DOID:1459,D007035,CC0 1.0,MEDLINE cooccurrence,false
DOID:2841,D000860,CC0 1.0,MEDLINE cooccurrence,false
DOID:10652,D006816,CC0 1.0,MEDLINE cooccurrence,false
DOID:3070,D006987,CC0 1.0,MEDLINE cooccurrence,false
DOID:6364,D009886,CC0 1.0,MEDLINE cooccurrence,false
DOID:2841,D012912,CC0 1.0,MEDLINE cooccurrence,false
DOID:14330,D006816,CC0 1.0,MEDLINE cooccurrence,false
DOID:1595,D054058,CC0 1.0,MEDLINE cooccurrence,false
DOID:11934,D003639,CC0 1.0,MEDLINE cooccurrence,false
DOID:4159,D011537,CC0 1.0,MEDLINE cooccurrence,false
DOID:2994,D012021,CC0 1.0,MEDLINE cooccurrence,false
DOID:0060119,D005158,CC0 1.0,MEDLINE cooccurrence,false
DOID:7148,D004415,CC0 1.0,MEDLINE cooccurrence,false
DOID:9835,D009886,CC0 1.0,MEDLINE cooccurrence,false
DOID:11119,D011602,CC0 1.0,MEDLINE cooccurrence,false
DOID:3083,D004418,CC0 1.0,MEDLINE cooccurrence,false
DOID:9206,D056128,CC0 1.0,MEDLINE cooccurrence,false
DOID:5612,D009133,CC0 1.0,MEDLINE cooccurrence,false
DOID:0050741,D011782,CC0 1.0,MEDLINE cooccurrence,false
DOID:1192,D001766,CC0 1.0,MEDLINE cooccurrence,false
DOID:0050741,D003693,CC0 1.0,MEDLINE cooccurrence,false
DOID:2377,D014717,CC0 1.0,MEDLINE cooccurrence,false
DOID:2355,D008998,CC0 1.0,MEDLINE cooccurrence,false
DOID:0050425,D017109,CC0 1.0,MEDLINE cooccurrence,false
DOID:418,D010146,CC0 1.0,MEDLINE cooccurrence,false
DOID:12185,D006314,CC0 1.0,MEDLINE cooccurrence,false
DOID:3312,D010468,CC0 1.0,MEDLINE cooccurrence,false
DOID:1319,D001039,CC0 1.0,MEDLINE cooccurrence,false
DOID:3083,D000860,CC0 1.0,MEDLINE cooccurrence,false
DOID:1936,D054058,CC0 1.0,MEDLINE cooccurrence,false
DOID:3312,D001308,CC0 1.0,MEDLINE cooccurrence,false
DOID:7148,D011695,CC0 1.0,MEDLINE cooccurrence,false
DOID:6364,D004412,CC0 1.0,MEDLINE cooccurrence,false
DOID:12361,D017246,CC0 1.0,MEDLINE cooccurrence,false
DOID:2998,D009325,CC0 1.0,MEDLINE cooccurrence,false
DOID:2355,D005311,CC0 1.0,MEDLINE cooccurrence,false
DOID:2994,D009755,CC0 1.0,MEDLINE cooccurrence,false
DOID:824,D014313,CC0 1.0,MEDLINE cooccurrence,false
DOID:4989,D010149,CC0 1.0,MEDLINE cooccurrence,false
DOID:3571,D001835,CC0 1.0,MEDLINE cooccurrence,false
DOID:11949,D006816,CC0 1.0,MEDLINE cooccurrence,false
DOID:5408,D012585,CC0 1.0,MEDLINE cooccurrence,false
DOID:332,D020233,CC0 1.0,MEDLINE cooccurrence,false
DOID:1115,D002637,CC0 1.0,MEDLINE cooccurrence,false
DOID:3393,D059787,CC0 1.0,MEDLINE cooccurrence,false
DOID:3312,D011595,CC0 1.0,MEDLINE cooccurrence,false
DOID:1964,D010146,CC0 1.0,MEDLINE cooccurrence,false
DOID:0050741,D020234,CC0 1.0,MEDLINE cooccurrence,false
DOID:219,D015746,CC0 1.0,MEDLINE cooccurrence,false
DOID:11714,D015430,CC0 1.0,MEDLINE cooccurrence,false
DOID:9074,D054068,CC0 1.0,MEDLINE cooccurrence,false
DOID:5408,D006319,CC0 1.0,MEDLINE cooccurrence,false
DOID:1936,D051346,CC0 1.0,MEDLINE cooccurrence,false
DOID:2841,D055154,CC0 1.0,MEDLINE cooccurrence,false
DOID:1094,D007805,CC0 1.0,MEDLINE cooccurrence,false
DOID:2394,D017699,CC0 1.0,MEDLINE cooccurrence,false
DOID:8850,D005157,CC0 1.0,MEDLINE cooccurrence,false
DOID:2174,D006732,CC0 1.0,MEDLINE cooccurrence,false
DOID:10763,D012891,CC0 1.0,MEDLINE cooccurrence,false
DOID:1781,D013651,CC0 1.0,MEDLINE cooccurrence,false
DOID:5612,D010292,CC0 1.0,MEDLINE cooccurrence,false
DOID:1909,D014823,CC0 1.0,MEDLINE cooccurrence,false
DOID:2394,D001260,CC0 1.0,MEDLINE cooccurrence,false
DOID:418,D004415,CC0 1.0,MEDLINE cooccurrence,false
DOID:2994,D001260,CC0 1.0,MEDLINE cooccurrence,false
DOID:3070,D002100,CC0 1.0,MEDLINE cooccurrence,false
DOID:14004,D006337,CC0 1.0,MEDLINE cooccurrence,false
DOID:14330,D006212,CC0 1.0,MEDLINE cooccurrence,false
DOID:11949,D003221,CC0 1.0,MEDLINE cooccurrence,false
DOID:0050425,D009207,CC0 1.0,MEDLINE cooccurrence,false
DOID:10652,D020336,CC0 1.0,MEDLINE cooccurrence,false
DOID:14330,D014832,CC0 1.0,MEDLINE cooccurrence,false
DOID:1595,D004421,CC0 1.0,MEDLINE cooccurrence,false
DOID:2994,D006319,CC0 1.0,MEDLINE cooccurrence,false
DOID:332,D003147,CC0 1.0,MEDLINE cooccurrence,false
DOID:10652,D000648,CC0 1.0,MEDLINE cooccurrence,false
DOID:14330,D001072,CC0 1.0,MEDLINE cooccurrence,false
DOID:10534,D010149,CC0 1.0,MEDLINE cooccurrence,false
DOID:3565,D003128,CC0 1.0,MEDLINE cooccurrence,false
DOID:2043,D011695,CC0 1.0,MEDLINE cooccurrence,false
DOID:1192,D004614,CC0 1.0,MEDLINE cooccurrence,false
DOID:9296,D004410,CC0 1.0,MEDLINE cooccurrence,false
DOID:594,D004244,CC0 1.0,MEDLINE cooccurrence,false
DOID:1612,D009437,CC0 1.0,MEDLINE cooccurrence,false
DOID:1324,D003967,CC0 1.0,MEDLINE cooccurrence,false
DOID:263,D005334,CC0 1.0,MEDLINE cooccurrence,false
DOID:14330,D003221,CC0 1.0,MEDLINE cooccurrence,false
DOID:10608,D000006,CC0 1.0,MEDLINE cooccurrence,false
DOID:2377,D013035,CC0 1.0,MEDLINE cooccurrence,false
DOID:8577,D009325,CC0 1.0,MEDLINE cooccurrence,false
DOID:12361,D006987,CC0 1.0,MEDLINE cooccurrence,false
DOID:10763,D011602,CC0 1.0,MEDLINE cooccurrence,false
DOID:4989,D007565,CC0 1.0,MEDLINE cooccurrence,false
DOID:10941,D015354,CC0 1.0,MEDLINE cooccurrence,false
DOID:8893,D011693,CC0 1.0,MEDLINE cooccurrence,false
DOID:1790,D005334,CC0 1.0,MEDLINE cooccurrence,false
DOID:12361,D010243,CC0 1.0,MEDLINE cooccurrence,false
DOID:11476,D004487,CC0 1.0,MEDLINE cooccurrence,false
DOID:1319,D013035,CC0 1.0,MEDLINE cooccurrence,false
DOID:332,D011782,CC0 1.0,MEDLINE cooccurrence,false
DOID:9970,D050177,CC0 1.0,MEDLINE cooccurrence,false
DOID:14268,D011537,CC0 1.0,MEDLINE cooccurrence,false
DOID:7148,D011693,CC0 1.0,MEDLINE cooccurrence,false
DOID:1595,D007024,CC0 1.0,MEDLINE cooccurrence,false
DOID:986,D004314,CC0 1.0,MEDLINE cooccurrence,false
DOID:5419,D006816,CC0 1.0,MEDLINE cooccurrence,false
DOID:3312,D004409,CC0 1.0,MEDLINE cooccurrence,false
DOID:4362,D009846,CC0 1.0,MEDLINE cooccurrence,false
DOID:7148,D012585,CC0 1.0,MEDLINE cooccurrence,false
DOID:184,D010149,CC0 1.0,MEDLINE cooccurrence,false
DOID:10941,D006732,CC0 1.0,MEDLINE cooccurrence,false
DOID:1094,D000381,CC0 1.0,MEDLINE cooccurrence,false
DOID:0050425,D020181,CC0 1.0,MEDLINE cooccurrence,false
DOID:2994,D020335,CC0 1.0,MEDLINE cooccurrence,false
DOID:2377,D006606,CC0 1.0,MEDLINE cooccurrence,false
DOID:3565,D006312,CC0 1.0,MEDLINE cooccurrence,false
DOID:4045,D006685,CC0 1.0,MEDLINE cooccurrence,false
DOID:12361,D009886,CC0 1.0,MEDLINE cooccurrence,false
DOID:11934,D046088,CC0 1.0,MEDLINE cooccurrence,false
DOID:8577,D011695,CC0 1.0,MEDLINE cooccurrence,false
DOID:2531,D003967,CC0 1.0,MEDLINE cooccurrence,false
DOID:14330,D007319,CC0 1.0,MEDLINE cooccurrence,false
DOID:2355,D000006,CC0 1.0,MEDLINE cooccurrence,false
DOID:9744,D002032,CC0 1.0,MEDLINE cooccurrence,false
DOID:2355,D005183,CC0 1.0,MEDLINE cooccurrence,false
DOID:1781,D059606,CC0 1.0,MEDLINE cooccurrence,false
DOID:4045,D010243,CC0 1.0,MEDLINE cooccurrence,false
DOID:1192,D012585,CC0 1.0,MEDLINE cooccurrence,false
DOID:10283,D004487,CC0 1.0,MEDLINE cooccurrence,false
DOID:8850,D006319,CC0 1.0,MEDLINE cooccurrence,false
DOID:3070,D006319,CC0 1.0,MEDLINE cooccurrence,false
DOID:6364,D004244,CC0 1.0,MEDLINE cooccurrence,false
DOID:11054,D001835,CC0 1.0,MEDLINE cooccurrence,false
DOID:10021,D003085,CC0 1.0,MEDLINE cooccurrence,false
DOID:0050741,D019588,CC0 1.0,MEDLINE cooccurrence,false
DOID:784,D000419,CC0 1.0,MEDLINE cooccurrence,false
DOID:11054,D021501,CC0 1.0,MEDLINE cooccurrence,false
DOID:1790,D002637,CC0 1.0,MEDLINE cooccurrence,false
DOID:1826,D013575,CC0 1.0,MEDLINE cooccurrence,false
DOID:1115,D017699,CC0 1.0,MEDLINE cooccurrence,false
DOID:3565,D019547,CC0 1.0,MEDLINE cooccurrence,false
DOID:3070,D019080,CC0 1.0,MEDLINE cooccurrence,false
DOID:332,D009133,CC0 1.0,MEDLINE cooccurrence,false
DOID:1595,D010146,CC0 1.0,MEDLINE cooccurrence,false
DOID:5612,D010243,CC0 1.0,MEDLINE cooccurrence,false
DOID:4989,D006930,CC0 1.0,MEDLINE cooccurrence,false
DOID:2377,D001750,CC0 1.0,MEDLINE cooccurrence,false
DOID:2377,D009886,CC0 1.0,MEDLINE cooccurrence,false
DOID:184,D010291,CC0 1.0,MEDLINE cooccurrence,false
DOID:7148,D010292,CC0 1.0,MEDLINE cooccurrence,false
DOID:594,D017109,CC0 1.0,MEDLINE cooccurrence,false
DOID:10941,D001037,CC0 1.0,MEDLINE cooccurrence,false
DOID:3571,D009325,CC0 1.0,MEDLINE cooccurrence,false
DOID:4045,D001750,CC0 1.0,MEDLINE cooccurrence,false
DOID:6364,D014098,CC0 1.0,MEDLINE cooccurrence,false
DOID:9206,D002637,CC0 1.0,MEDLINE cooccurrence,false
DOID:1115,D004438,CC0 1.0,MEDLINE cooccurrence,false
DOID:1192,D006317,CC0 1.0,MEDLINE cooccurrence,false
DOID:8850,D004433,CC0 1.0,MEDLINE cooccurrence,false
DOID:263,D012585,CC0 1.0,MEDLINE cooccurrence,false
DOID:3565,D001416,CC0 1.0,MEDLINE cooccurrence,false
DOID:7147,D012585,CC0 1.0,MEDLINE cooccurrence,false
DOID:2043,D011693,CC0 1.0,MEDLINE cooccurrence,false
DOID:363,D010149,CC0 1.0,MEDLINE cooccurrence,false
DOID:10763,D005311,CC0 1.0,MEDLINE cooccurrence,false
DOID:1909,D015354,CC0 1.0,MEDLINE cooccurrence,false
DOID:6364,D015875,CC0 1.0,MEDLINE cooccurrence,false
DOID:184,D009886,CC0 1.0,MEDLINE cooccurrence,false
DOID:11934,D006261,CC0 1.0,MEDLINE cooccurrence,false
DOID:13378,D006319,CC0 1.0,MEDLINE cooccurrence,false
DOID:10871,D012607,CC0 1.0,MEDLINE cooccurrence,false
DOID:10871,D001766,CC0 1.0,MEDLINE cooccurrence,false
DOID:2994,D001750,CC0 1.0,MEDLINE cooccurrence,false
DOID:2377,D010292,CC0 1.0,MEDLINE cooccurrence,false
DOID:2994,D001926,CC0 1.0,MEDLINE cooccurrence,false
DOID:10534,D014839,CC0 1.0,MEDLINE cooccurrence,false
DOID:1459,D001247,CC0 1.0,MEDLINE cooccurrence,false
DOID:3565,D006311,CC0 1.0,MEDLINE cooccurrence,false
DOID:2841,D012913,CC0 1.0,MEDLINE cooccurrence,false
DOID:2174,D004172,CC0 1.0,MEDLINE cooccurrence,false
DOID:12306,D004314,CC0 1.0,MEDLINE cooccurrence,false
DOID:2355,D045262,CC0 1.0,MEDLINE cooccurrence,false
DOID:184,D059352,CC0 1.0,MEDLINE cooccurrence,false
DOID:9296,D034381,CC0 1.0,MEDLINE cooccurrence,false
DOID:3121,D014839,CC0 1.0,MEDLINE cooccurrence,false
DOID:2355,D000472,CC0 1.0,MEDLINE cooccurrence,false
DOID:9970,D011218,CC0 1.0,MEDLINE cooccurrence,false
DOID:594,D012893,CC0 1.0,MEDLINE cooccurrence,false
DOID:1245,D004487,CC0 1.0,MEDLINE cooccurrence,false
DOID:7693,D006396,CC0 1.0,MEDLINE cooccurrence,false
DOID:1781,D006469,CC0 1.0,MEDLINE cooccurrence,false
DOID:2994,D012166,CC0 1.0,MEDLINE cooccurrence,false
DOID:10608,D013746,CC0 1.0,MEDLINE cooccurrence,false
DOID:9074,D002389,CC0 1.0,MEDLINE cooccurrence,false
DOID:2174,D003638,CC0 1.0,MEDLINE cooccurrence,false
DOID:12930,D006337,CC0 1.0,MEDLINE cooccurrence,false
DOID:4481,D006261,CC0 1.0,MEDLINE cooccurrence,false
DOID:11119,D006948,CC0 1.0,MEDLINE cooccurrence,false
DOID:14330,D012893,CC0 1.0,MEDLINE cooccurrence,false
DOID:184,D004487,CC0 1.0,MEDLINE cooccurrence,false
DOID:2355,D005221,CC0 1.0,MEDLINE cooccurrence,false
DOID:263,D009846,CC0 1.0,MEDLINE cooccurrence,false
DOID:1319,D014103,CC0 1.0,MEDLINE cooccurrence,false
DOID:0060119,D006685,CC0 1.0,MEDLINE cooccurrence,false
DOID:2174,D004487,CC0 1.0,MEDLINE cooccurrence,false
DOID:5875,D003968,CC0 1.0,MEDLINE cooccurrence,false
DOID:2596,D001044,CC0 1.0,MEDLINE cooccurrence,false
DOID:10941,D000857,CC0 1.0,MEDLINE cooccurrence,false
DOID:363,D019584,CC0 1.0,MEDLINE cooccurrence,false
DOID:1826,D014474,CC0 1.0,MEDLINE cooccurrence,false
DOID:12930,D007625,CC0 1.0,MEDLINE cooccurrence,false
DOID:10534,D015431,CC0 1.0,MEDLINE cooccurrence,false
DOID:5612,D014549,CC0 1.0,MEDLINE cooccurrence,false
DOID:184,D004433,CC0 1.0,MEDLINE cooccurrence,false
DOID:11054,D055948,CC0 1.0,MEDLINE cooccurrence,false
DOID:3070,D011596,CC0 1.0,MEDLINE cooccurrence,false
DOID:7148,D009437,CC0 1.0,MEDLINE cooccurrence,false
DOID:3070,D005158,CC0 1.0,MEDLINE cooccurrence,false
DOID:9296,D007806,CC0 1.0,MEDLINE cooccurrence,false
DOID:7693,D000006,CC0 1.0,MEDLINE cooccurrence,false
DOID:1319,D006319,CC0 1.0,MEDLINE cooccurrence,false
DOID:1595,D015430,CC0 1.0,MEDLINE cooccurrence,false
DOID:3070,D010468,CC0 1.0,MEDLINE cooccurrence,false
DOID:0050741,D020270,CC0 1.0,MEDLINE cooccurrence,false
DOID:13241,D015746,CC0 1.0,MEDLINE cooccurrence,false
DOID:1993,D005221,CC0 1.0,MEDLINE cooccurrence,false
DOID:3565,D002558,CC0 1.0,MEDLINE cooccurrence,false
DOID:1319,D020324,CC0 1.0,MEDLINE cooccurrence,false
DOID:1781,D010243,CC0 1.0,MEDLINE cooccurrence,false
DOID:7148,D010243,CC0 1.0,MEDLINE cooccurrence,false
DOID:1459,D003248,CC0 1.0,MEDLINE cooccurrence,false
DOID:10652,D018888,CC0 1.0,MEDLINE cooccurrence,false
DOID:2355,D003410,CC0 1.0,MEDLINE cooccurrence,false
DOID:1319,D014474,CC0 1.0,MEDLINE cooccurrence,false
DOID:3070,D012678,CC0 1.0,MEDLINE cooccurrence,false
DOID:9744,D001766,CC0 1.0,MEDLINE cooccurrence,false
DOID:12849,D012001,CC0 1.0,MEDLINE cooccurrence,false
DOID:7148,D009325,CC0 1.0,MEDLINE cooccurrence,false
DOID:4362,D004487,CC0 1.0,MEDLINE cooccurrence,false
DOID:263,D003967,CC0 1.0,MEDLINE cooccurrence,false
DOID:5559,D002524,CC0 1.0,MEDLINE cooccurrence,false
DOID:2377,D054971,CC0 1.0,MEDLINE cooccurrence,false
DOID:635,D011697,CC0 1.0,MEDLINE cooccurrence,false
DOID:10976,D011507,CC0 1.0,MEDLINE cooccurrence,false
DOID:14004,D005335,CC0 1.0,MEDLINE cooccurrence,false
DOID:12306,D011537,CC0 1.0,MEDLINE cooccurrence,false
DOID:9835,D058447,CC0 1.0,MEDLINE cooccurrence,false
DOID:1993,D010149,CC0 1.0,MEDLINE cooccurrence,false
DOID:1595,D006816,CC0 1.0,MEDLINE cooccurrence,false
DOID:14330,D020240,CC0 1.0,MEDLINE cooccurrence,false
DOID:2355,D011697,CC0 1.0,MEDLINE cooccurrence,false
DOID:8893,D006942,CC0 1.0,MEDLINE cooccurrence,false
DOID:3953,D002637,CC0 1.0,MEDLINE cooccurrence,false
DOID:3953,D005132,CC0 1.0,MEDLINE cooccurrence,false
DOID:0060119,D019547,CC0 1.0,MEDLINE cooccurrence,false
DOID:2377,D020078,CC0 1.0,MEDLINE cooccurrence,false
DOID:418,D013035,CC0 1.0,MEDLINE cooccurrence,false
DOID:3953,D003967,CC0 1.0,MEDLINE cooccurrence,false
DOID:4362,D001724,CC0 1.0,MEDLINE cooccurrence,false
DOID:12365,D005311,CC0 1.0,MEDLINE cooccurrence,false
DOID:5612,D018908,CC0 1.0,MEDLINE cooccurrence,false
DOID:5419,D007859,CC0 1.0,MEDLINE cooccurrence,false
DOID:10941,D008569,CC0 1.0,MEDLINE cooccurrence,false
DOID:784,D000789,CC0 1.0,MEDLINE cooccurrence,false
DOID:5408,D013035,CC0 1.0,MEDLINE cooccurrence,false
DOID:1319,D014717,CC0 1.0,MEDLINE cooccurrence,false
DOID:1324,D014839,CC0 1.0,MEDLINE cooccurrence,false
DOID:3121,D015746,CC0 1.0,MEDLINE cooccurrence,false
DOID:14330,D009120,CC0 1.0,MEDLINE cooccurrence,false
DOID:12361,D004172,CC0 1.0,MEDLINE cooccurrence,false
DOID:2355,D004415,CC0 1.0,MEDLINE cooccurrence,false
DOID:12849,D004454,CC0 1.0,MEDLINE cooccurrence,false
DOID:11239,D000006,CC0 1.0,MEDLINE cooccurrence,false
DOID:11934,D014717,CC0 1.0,MEDLINE cooccurrence,false
DOID:1024,D001766,CC0 1.0,MEDLINE cooccurrence,false
DOID:10871,D000550,CC0 1.0,MEDLINE cooccurrence,false
DOID:10608,D004314,CC0 1.0,MEDLINE cooccurrence,false
DOID:3565,D003638,CC0 1.0,MEDLINE cooccurrence,false
DOID:1595,D003221,CC0 1.0,MEDLINE cooccurrence,false
DOID:1993,D014840,CC0 1.0,MEDLINE cooccurrence,false
DOID:5419,D062706,CC0 1.0,MEDLINE cooccurrence,false
DOID:7147,D051346,CC0 1.0,MEDLINE cooccurrence,false
DOID:184,D014313,CC0 1.0,MEDLINE cooccurrence,false
DOID:3565,D005158,CC0 1.0,MEDLINE cooccurrence,false
DOID:363,D010146,CC0 1.0,MEDLINE cooccurrence,false
DOID:2841,D000472,CC0 1.0,MEDLINE cooccurrence,false
DOID:7148,D005221,CC0 1.0,MEDLINE cooccurrence,false
DOID:12849,D020886,CC0 1.0,MEDLINE cooccurrence,false
DOID:12361,D004314,CC0 1.0,MEDLINE cooccurrence,false
DOID:3565,D006319,CC0 1.0,MEDLINE cooccurrence,false
DOID:3070,D005862,CC0 1.0,MEDLINE cooccurrence,false
DOID:8398,D009437,CC0 1.0,MEDLINE cooccurrence,false
DOID:2994,D034381,CC0 1.0,MEDLINE cooccurrence,false
DOID:2994,D005183,CC0 1.0,MEDLINE cooccurrence,false
DOID:9835,D000550,CC0 1.0,MEDLINE cooccurrence,false
DOID:10283,D059373,CC0 1.0,MEDLINE cooccurrence,false
DOID:263,D011507,CC0 1.0,MEDLINE cooccurrence,false
DOID:14221,D000419,CC0 1.0,MEDLINE cooccurrence,false
DOID:2355,D001247,CC0 1.0,MEDLINE cooccurrence,false
DOID:12185,D012021,CC0 1.0,MEDLINE cooccurrence,false
DOID:3565,D019569,CC0 1.0,MEDLINE cooccurrence,false
DOID:1612,D001724,CC0 1.0,MEDLINE cooccurrence,false
DOID:11119,D002819,CC0 1.0,MEDLINE cooccurrence,false
DOID:3953,D015845,CC0 1.0,MEDLINE cooccurrence,false
DOID:2394,D014770,CC0 1.0,MEDLINE cooccurrence,false
DOID:1319,D002100,CC0 1.0,MEDLINE cooccurrence,false
DOID:184,D008998,CC0 1.0,MEDLINE cooccurrence,false
DOID:2394,D006628,CC0 1.0,MEDLINE cooccurrence,false
DOID:1094,D002032,CC0 1.0,MEDLINE cooccurrence,false
DOID:1993,D009325,CC0 1.0,MEDLINE cooccurrence,false
DOID:2994,D004411,CC0 1.0,MEDLINE cooccurrence,false
DOID:1793,D004415,CC0 1.0,MEDLINE cooccurrence,false
DOID:2596,D003371,CC0 1.0,MEDLINE cooccurrence,false
DOID:332,D020754,CC0 1.0,MEDLINE cooccurrence,false
DOID:2355,D010146,CC0 1.0,MEDLINE cooccurrence,false
DOID:14330,D011596,CC0 1.0,MEDLINE cooccurrence,false
DOID:2994,D014826,CC0 1.0,MEDLINE cooccurrence,false
DOID:2377,D014103,CC0 1.0,MEDLINE cooccurrence,false
DOID:3565,D065634,CC0 1.0,MEDLINE cooccurrence,false
DOID:0060119,D014826,CC0 1.0,MEDLINE cooccurrence,false
DOID:418,D004487,CC0 1.0,MEDLINE cooccurrence,false
DOID:1686,D012607,CC0 1.0,MEDLINE cooccurrence,false
DOID:10976,D004487,CC0 1.0,MEDLINE cooccurrence,false
DOID:8778,D011695,CC0 1.0,MEDLINE cooccurrence,false
DOID:9744,D011141,CC0 1.0,MEDLINE cooccurrence,false
DOID:13189,D007926,CC0 1.0,MEDLINE cooccurrence,false
DOID:8577,D011696,CC0 1.0,MEDLINE cooccurrence,false
DOID:12365,D003128,CC0 1.0,MEDLINE cooccurrence,false
DOID:5612,D009123,CC0 1.0,MEDLINE cooccurrence,false
DOID:7693,D007035,CC0 1.0,MEDLINE cooccurrence,false
DOID:2355,D002303,CC0 1.0,MEDLINE cooccurrence,false
DOID:10652,D013494,CC0 1.0,MEDLINE cooccurrence,false
DOID:5041,D010146,CC0 1.0,MEDLINE cooccurrence,false
DOID:11476,D007706,CC0 1.0,MEDLINE cooccurrence,false
DOID:2043,D004314,CC0 1.0,MEDLINE cooccurrence,false
DOID:3312,D012893,CC0 1.0,MEDLINE cooccurrence,false
DOID:10763,D012166,CC0 1.0,MEDLINE cooccurrence,false
DOID:0050425,D020920,CC0 1.0,MEDLINE cooccurrence,false
DOID:8893,D005157,CC0 1.0,MEDLINE cooccurrence,false
DOID:1459,D000787,CC0 1.0,MEDLINE cooccurrence,false
DOID:1459,D034381,CC0 1.0,MEDLINE cooccurrence,false
DOID:11714,D005311,CC0 1.0,MEDLINE cooccurrence,false
DOID:1826,D019462,CC0 1.0,MEDLINE cooccurrence,false
DOID:1725,D000855,CC0 1.0,MEDLINE cooccurrence,false
DOID:3565,D000647,CC0 1.0,MEDLINE cooccurrence,false
DOID:9835,D004172,CC0 1.0,MEDLINE cooccurrence,false
DOID:13189,D004487,CC0 1.0,MEDLINE cooccurrence,false
DOID:11934,D003638,CC0 1.0,MEDLINE cooccurrence,false
DOID:9074,D016553,CC0 1.0,MEDLINE cooccurrence,false
DOID:2355,D008607,CC0 1.0,MEDLINE cooccurrence,false
DOID:11934,D013651,CC0 1.0,MEDLINE cooccurrence,false
DOID:7693,D000787,CC0 1.0,MEDLINE cooccurrence,false
DOID:13223,D004487,CC0 1.0,MEDLINE cooccurrence,false
DOID:2394,D000855,CC0 1.0,MEDLINE cooccurrence,false
DOID:1793,D015431,CC0 1.0,MEDLINE cooccurrence,false
DOID:7693,D010291,CC0 1.0,MEDLINE cooccurrence,false
DOID:10652,D053202,CC0 1.0,MEDLINE cooccurrence,false
DOID:635,D001766,CC0 1.0,MEDLINE cooccurrence,false
DOID:11949,D057178,CC0 1.0,MEDLINE cooccurrence,false
DOID:2994,D015746,CC0 1.0,MEDLINE cooccurrence,false
DOID:10608,D015746,CC0 1.0,MEDLINE cooccurrence,false
DOID:9744,D003117,CC0 1.0,MEDLINE cooccurrence,false
DOID:11934,D010148,CC0 1.0,MEDLINE cooccurrence,false
DOID:11054,D053584,CC0 1.0,MEDLINE cooccurrence,false
DOID:1964,D015746,CC0 1.0,MEDLINE cooccurrence,false
DOID:14330,D005221,CC0 1.0,MEDLINE cooccurrence,false
DOID:4481,D000857,CC0 1.0,MEDLINE cooccurrence,false
DOID:1790,D003371,CC0 1.0,MEDLINE cooccurrence,false
DOID:2841,D002637,CC0 1.0,MEDLINE cooccurrence,false
DOID:1612,D020250,CC0 1.0,MEDLINE cooccurrence,false
DOID:5875,D009461,CC0 1.0,MEDLINE cooccurrence,false
DOID:1094,D003147,CC0 1.0,MEDLINE cooccurrence,false
DOID:2994,D006313,CC0 1.0,MEDLINE cooccurrence,false
DOID:1094,D006948,CC0 1.0,MEDLINE cooccurrence,false
DOID:1319,D001926,CC0 1.0,MEDLINE cooccurrence,false
DOID:216,D005183,CC0 1.0,MEDLINE cooccurrence,false
DOID:10534,D002100,CC0 1.0,MEDLINE cooccurrence,false
DOID:13241,D009912,CC0 1.0,MEDLINE cooccurrence,false
DOID:1595,D011304,CC0 1.0,MEDLINE cooccurrence,false
DOID:2043,D012877,CC0 1.0,MEDLINE cooccurrence,false
DOID:0050741,D014202,CC0 1.0,MEDLINE cooccurrence,false
DOID:1115,D006337,CC0 1.0,MEDLINE cooccurrence,false
DOID:8893,D004487,CC0 1.0,MEDLINE cooccurrence,false
DOID:784,D012893,CC0 1.0,MEDLINE cooccurrence,false
DOID:2355,D054068,CC0 1.0,MEDLINE cooccurrence,false
DOID:2994,D014839,CC0 1.0,MEDLINE cooccurrence,false
DOID:5612,D020336,CC0 1.0,MEDLINE cooccurrence,false
DOID:332,D020828,CC0 1.0,MEDLINE cooccurrence,false
DOID:1192,D000370,CC0 1.0,MEDLINE cooccurrence,false
DOID:11934,D001184,CC0 1.0,MEDLINE cooccurrence,false
DOID:1094,D005600,CC0 1.0,MEDLINE cooccurrence,false
DOID:10021,D003967,CC0 1.0,MEDLINE cooccurrence,false
DOID:4362,D014550,CC0 1.0,MEDLINE cooccurrence,false
DOID:14330,D020235,CC0 1.0,MEDLINE cooccurrence,false
DOID:784,D000860,CC0 1.0,MEDLINE cooccurrence,false
DOID:7148,D000270,CC0 1.0,MEDLINE cooccurrence,false
DOID:585,D010146,CC0 1.0,MEDLINE cooccurrence,false
DOID:4989,D006942,CC0 1.0,MEDLINE cooccurrence,false
DOID:4989,D003085,CC0 1.0,MEDLINE cooccurrence,false
DOID:10763,D020181,CC0 1.0,MEDLINE cooccurrence,false
DOID:5612,D020233,CC0 1.0,MEDLINE cooccurrence,false
DOID:5419,D007331,CC0 1.0,MEDLINE cooccurrence,false
DOID:0050425,D012148,CC0 1.0,MEDLINE cooccurrence,false
DOID:184,D006314,CC0 1.0,MEDLINE cooccurrence,false
DOID:11949,D001037,CC0 1.0,MEDLINE cooccurrence,false
DOID:2994,D006988,CC0 1.0,MEDLINE cooccurrence,false
DOID:263,D000860,CC0 1.0,MEDLINE cooccurrence,false
DOID:2174,D009755,CC0 1.0,MEDLINE cooccurrence,false
DOID:12365,D003967,CC0 1.0,MEDLINE cooccurrence,false
DOID:14330,D051346,CC0 1.0,MEDLINE cooccurrence,false
DOID:635,D003967,CC0 1.0,MEDLINE cooccurrence,false
DOID:2841,D012893,CC0 1.0,MEDLINE cooccurrence,false
DOID:5559,D010264,CC0 1.0,MEDLINE cooccurrence,false
DOID:2994,D016534,CC0 1.0,MEDLINE cooccurrence,false
DOID:11819,D010146,CC0 1.0,MEDLINE cooccurrence,false
DOID:11934,D006312,CC0 1.0,MEDLINE cooccurrence,false
DOID:1964,D004487,CC0 1.0,MEDLINE cooccurrence,false
DOID:2994,D019080,CC0 1.0,MEDLINE cooccurrence,false
DOID:5419,D004409,CC0 1.0,MEDLINE cooccurrence,false
DOID:10941,D001926,CC0 1.0,MEDLINE cooccurrence,false
DOID:9296,D003638,CC0 1.0,MEDLINE cooccurrence,false
DOID:3312,D002819,CC0 1.0,MEDLINE cooccurrence,false
DOID:14330,D020233,CC0 1.0,MEDLINE cooccurrence,false
DOID:2174,D009886,CC0 1.0,MEDLINE cooccurrence,false
DOID:5875,D001416,CC0 1.0,MEDLINE cooccurrence,false
DOID:3571,D000855,CC0 1.0,MEDLINE cooccurrence,false
DOID:986,D002422,CC0 1.0,MEDLINE cooccurrence,false
DOID:4159,D009912,CC0 1.0,MEDLINE cooccurrence,false
DOID:1094,D011595,CC0 1.0,MEDLINE cooccurrence,false
DOID:1909,D011537,CC0 1.0,MEDLINE cooccurrence,false
DOID:10941,D010291,CC0 1.0,MEDLINE cooccurrence,false
DOID:2377,D005207,CC0 1.0,MEDLINE cooccurrence,false
DOID:1612,D002100,CC0 1.0,MEDLINE cooccurrence,false
DOID:11054,D014549,CC0 1.0,MEDLINE cooccurrence,false
DOID:6364,D006429,CC0 1.0,MEDLINE cooccurrence,false
DOID:10871,D006212,CC0 1.0,MEDLINE cooccurrence,false
DOID:12849,D015518,CC0 1.0,MEDLINE cooccurrence,false
DOID:5612,D009461,CC0 1.0,MEDLINE cooccurrence,false
DOID:12236,D016553,CC0 1.0,MEDLINE cooccurrence,false
DOID:2377,D001072,CC0 1.0,MEDLINE cooccurrence,false
DOID:13223,D014550,CC0 1.0,MEDLINE cooccurrence,false
DOID:1790,D006469,CC0 1.0,MEDLINE cooccurrence,false
DOID:8398,D018771,CC0 1.0,MEDLINE cooccurrence,false
DOID:0050741,D006941,CC0 1.0,MEDLINE cooccurrence,false
DOID:6364,D000647,CC0 1.0,MEDLINE cooccurrence,false
DOID:1909,D003085,CC0 1.0,MEDLINE cooccurrence,false
DOID:3310,D011538,CC0 1.0,MEDLINE cooccurrence,false
DOID:1909,D018908,CC0 1.0,MEDLINE cooccurrence,false
DOID:7147,D009437,CC0 1.0,MEDLINE cooccurrence,false
DOID:10283,D053448,CC0 1.0,MEDLINE cooccurrence,false
DOID:6364,D006941,CC0 1.0,MEDLINE cooccurrence,false
DOID:1094,D020189,CC0 1.0,MEDLINE cooccurrence,false
DOID:9835,D012607,CC0 1.0,MEDLINE cooccurrence,false
DOID:9074,D020757,CC0 1.0,MEDLINE cooccurrence,false
DOID:1595,D020178,CC0 1.0,MEDLINE cooccurrence,false
DOID:10941,D003244,CC0 1.0,MEDLINE cooccurrence,false
DOID:10652,D001037,CC0 1.0,MEDLINE cooccurrence,false
DOID:10652,D003693,CC0 1.0,MEDLINE cooccurrence,false
DOID:219,D005335,CC0 1.0,MEDLINE cooccurrence,false
DOID:332,D013494,CC0 1.0,MEDLINE cooccurrence,false
DOID:8398,D059350,CC0 1.0,MEDLINE cooccurrence,false
DOID:3312,D006948,CC0 1.0,MEDLINE cooccurrence,false
DOID:1826,D006985,CC0 1.0,MEDLINE cooccurrence,false
DOID:10941,D013035,CC0 1.0,MEDLINE cooccurrence,false
DOID:11476,D018771,CC0 1.0,MEDLINE cooccurrence,false
DOID:3083,D018496,CC0 1.0,MEDLINE cooccurrence,false
DOID:1245,D011539,CC0 1.0,MEDLINE cooccurrence,false
DOID:2994,D006261,CC0 1.0,MEDLINE cooccurrence,false
DOID:7148,D002819,CC0 1.0,MEDLINE cooccurrence,false
DOID:3277,D009207,CC0 1.0,MEDLINE cooccurrence,false
DOID:5875,D015746,CC0 1.0,MEDLINE cooccurrence,false
DOID:1459,D009222,CC0 1.0,MEDLINE cooccurrence,false
DOID:4481,D020078,CC0 1.0,MEDLINE cooccurrence,false
DOID:10652,D019954,CC0 1.0,MEDLINE cooccurrence,false
DOID:1826,D001037,CC0 1.0,MEDLINE cooccurrence,false
DOID:2994,D000647,CC0 1.0,MEDLINE cooccurrence,false
DOID:418,D012877,CC0 1.0,MEDLINE cooccurrence,false
DOID:2355,D000860,CC0 1.0,MEDLINE cooccurrence,false
DOID:6364,D006930,CC0 1.0,MEDLINE cooccurrence,false
DOID:2994,D010243,CC0 1.0,MEDLINE cooccurrence,false
DOID:1725,D009325,CC0 1.0,MEDLINE cooccurrence,false
DOID:5419,D007088,CC0 1.0,MEDLINE cooccurrence,false
DOID:7693,D053591,CC0 1.0,MEDLINE cooccurrence,false
DOID:784,D011507,CC0 1.0,MEDLINE cooccurrence,false
DOID:1319,D005158,CC0 1.0,MEDLINE cooccurrence,false
DOID:9744,D005884,CC0 1.0,MEDLINE cooccurrence,false
DOID:10534,D005334,CC0 1.0,MEDLINE cooccurrence,false
DOID:10763,D004487,CC0 1.0,MEDLINE cooccurrence,false
DOID:1612,D020920,CC0 1.0,MEDLINE cooccurrence,false
DOID:0060119,D013064,CC0 1.0,MEDLINE cooccurrence,false
DOID:9074,D011507,CC0 1.0,MEDLINE cooccurrence,false
DOID:4481,D009058,CC0 1.0,MEDLINE cooccurrence,false
DOID:1595,D020186,CC0 1.0,MEDLINE cooccurrence,false
DOID:184,D001750,CC0 1.0,MEDLINE cooccurrence,false
DOID:10871,D015877,CC0 1.0,MEDLINE cooccurrence,false
DOID:585,D007926,CC0 1.0,MEDLINE cooccurrence,false
DOID:5612,D010291,CC0 1.0,MEDLINE cooccurrence,false
DOID:12361,D009461,CC0 1.0,MEDLINE cooccurrence,false
DOID:2377,D011782,CC0 1.0,MEDLINE cooccurrence,false
DOID:1909,D001766,CC0 1.0,MEDLINE cooccurrence,false
DOID:10021,D004415,CC0 1.0,MEDLINE cooccurrence,false
DOID:0050741,D011596,CC0 1.0,MEDLINE cooccurrence,false
DOID:1319,D008569,CC0 1.0,MEDLINE cooccurrence,false
DOID:7148,D015845,CC0 1.0,MEDLINE cooccurrence,false
DOID:1909,D055154,CC0 1.0,MEDLINE cooccurrence,false
DOID:1319,D020234,CC0 1.0,MEDLINE cooccurrence,false
DOID:635,D019588,CC0 1.0,MEDLINE cooccurrence,false
DOID:184,D051346,CC0 1.0,MEDLINE cooccurrence,false
DOID:5408,D014012,CC0 1.0,MEDLINE cooccurrence,false
DOID:1595,D005222,CC0 1.0,MEDLINE cooccurrence,false
DOID:6364,D013035,CC0 1.0,MEDLINE cooccurrence,false
DOID:14330,D001264,CC0 1.0,MEDLINE cooccurrence,false
DOID:3565,D012678,CC0 1.0,MEDLINE cooccurrence,false
DOID:1094,D012913,CC0 1.0,MEDLINE cooccurrence,false
DOID:2994,D017699,CC0 1.0,MEDLINE cooccurrence,false
DOID:2377,D001264,CC0 1.0,MEDLINE cooccurrence,false
DOID:11949,D002524,CC0 1.0,MEDLINE cooccurrence,false
DOID:11949,D004421,CC0 1.0,MEDLINE cooccurrence,false
DOID:1612,D015430,CC0 1.0,MEDLINE cooccurrence,false
DOID:9744,D011507,CC0 1.0,MEDLINE cooccurrence,false
DOID:9835,D015878,CC0 1.0,MEDLINE cooccurrence,false
DOID:9074,D000419,CC0 1.0,MEDLINE cooccurrence,false
DOID:1595,D008607,CC0 1.0,MEDLINE cooccurrence,false
DOID:1826,D002524,CC0 1.0,MEDLINE cooccurrence,false
DOID:1319,D019080,CC0 1.0,MEDLINE cooccurrence,false
DOID:1024,D009912,CC0 1.0,MEDLINE cooccurrence,false
DOID:2377,D006311,CC0 1.0,MEDLINE cooccurrence,false
DOID:11819,D021501,CC0 1.0,MEDLINE cooccurrence,false
DOID:10608,D014839,CC0 1.0,MEDLINE cooccurrence,false
DOID:0060119,D009461,CC0 1.0,MEDLINE cooccurrence,false
DOID:12306,D019588,CC0 1.0,MEDLINE cooccurrence,false
DOID:3277,D016553,CC0 1.0,MEDLINE cooccurrence,false
DOID:1612,D010149,CC0 1.0,MEDLINE cooccurrence,false
DOID:8893,D014008,CC0 1.0,MEDLINE cooccurrence,false
DOID:1612,D059350,CC0 1.0,MEDLINE cooccurrence,false
DOID:184,D010146,CC0 1.0,MEDLINE cooccurrence,false
DOID:1459,D005183,CC0 1.0,MEDLINE cooccurrence,false
DOID:8778,D018771,CC0 1.0,MEDLINE cooccurrence,false
DOID:8986,D006970,CC0 1.0,MEDLINE cooccurrence,false
DOID:13241,D006261,CC0 1.0,MEDLINE cooccurrence,false
DOID:3070,D013064,CC0 1.0,MEDLINE cooccurrence,false
DOID:1115,D006685,CC0 1.0,MEDLINE cooccurrence,false
DOID:4362,D000855,CC0 1.0,MEDLINE cooccurrence,false
DOID:12849,D012678,CC0 1.0,MEDLINE cooccurrence,false
DOID:1319,D006313,CC0 1.0,MEDLINE cooccurrence,false
DOID:14330,D001259,CC0 1.0,MEDLINE cooccurrence,false
DOID:12995,D008607,CC0 1.0,MEDLINE cooccurrence,false
DOID:1319,D053609,CC0 1.0,MEDLINE cooccurrence,false
DOID:13241,D006312,CC0 1.0,MEDLINE cooccurrence,false
DOID:0050741,D020915,CC0 1.0,MEDLINE cooccurrence,false
DOID:4362,D005335,CC0 1.0,MEDLINE cooccurrence,false
DOID:2355,D001260,CC0 1.0,MEDLINE cooccurrence,false
DOID:3121,D000006,CC0 1.0,MEDLINE cooccurrence,false
DOID:4159,D014008,CC0 1.0,MEDLINE cooccurrence,false
DOID:3565,D014474,CC0 1.0,MEDLINE cooccurrence,false
DOID:11934,D002100,CC0 1.0,MEDLINE cooccurrence,false
DOID:13499,D003085,CC0 1.0,MEDLINE cooccurrence,false
DOID:12365,D007565,CC0 1.0,MEDLINE cooccurrence,false
DOID:10534,D016553,CC0 1.0,MEDLINE cooccurrence,false
DOID:5559,D014826,CC0 1.0,MEDLINE cooccurrence,false
DOID:2174,D012607,CC0 1.0,MEDLINE cooccurrence,false
DOID:6364,D010148,CC0 1.0,MEDLINE cooccurrence,false
DOID:175,D004487,CC0 1.0,MEDLINE cooccurrence,false
DOID:14330,D014202,CC0 1.0,MEDLINE cooccurrence,false
DOID:1324,D003221,CC0 1.0,MEDLINE cooccurrence,false
DOID:11054,D009325,CC0 1.0,MEDLINE cooccurrence,false
DOID:2394,D000006,CC0 1.0,MEDLINE cooccurrence,false
DOID:8850,D012678,CC0 1.0,MEDLINE cooccurrence,false
DOID:9074,D011694,CC0 1.0,MEDLINE cooccurrence,false
DOID:11054,D017699,CC0 1.0,MEDLINE cooccurrence,false
DOID:9296,D003490,CC0 1.0,MEDLINE cooccurrence,false
DOID:14330,D002375,CC0 1.0,MEDLINE cooccurrence,false
DOID:8577,D003085,CC0 1.0,MEDLINE cooccurrence,false
DOID:13223,D010149,CC0 1.0,MEDLINE cooccurrence,false
DOID:4159,D004438,CC0 1.0,MEDLINE cooccurrence,false
DOID:119,D011602,CC0 1.0,MEDLINE cooccurrence,false
DOID:332,D000860,CC0 1.0,MEDLINE cooccurrence,false
DOID:11555,D015354,CC0 1.0,MEDLINE cooccurrence,false
DOID:1826,D013342,CC0 1.0,MEDLINE cooccurrence,false
DOID:10283,D017699,CC0 1.0,MEDLINE cooccurrence,false
DOID:8577,D003968,CC0 1.0,MEDLINE cooccurrence,false
DOID:1115,D005334,CC0 1.0,MEDLINE cooccurrence,false
DOID:90,D017116,CC0 1.0,MEDLINE cooccurrence,false
DOID:418,D009912,CC0 1.0,MEDLINE cooccurrence,false
DOID:3565,D012607,CC0 1.0,MEDLINE cooccurrence,false
DOID:3565,D015354,CC0 1.0,MEDLINE cooccurrence,false
DOID:9835,D011681,CC0 1.0,MEDLINE cooccurrence,false
DOID:332,D004401,CC0 1.0,MEDLINE cooccurrence,false
DOID:1686,D000550,CC0 1.0,MEDLINE cooccurrence,false
DOID:219,D005334,CC0 1.0,MEDLINE cooccurrence,false
DOID:1686,D020757,CC0 1.0,MEDLINE cooccurrence,false
DOID:2355,D006337,CC0 1.0,MEDLINE cooccurrence,false
DOID:0060119,D013575,CC0 1.0,MEDLINE cooccurrence,false
DOID:1324,D001247,CC0 1.0,MEDLINE cooccurrence,false
DOID:1245,D011537,CC0 1.0,MEDLINE cooccurrence,false
DOID:216,D013651,CC0 1.0,MEDLINE cooccurrence,false
DOID:14330,D062706,CC0 1.0,MEDLINE cooccurrence,false
DOID:9074,D002637,CC0 1.0,MEDLINE cooccurrence,false
DOID:11615,D004487,CC0 1.0,MEDLINE cooccurrence,false
DOID:1612,D014840,CC0 1.0,MEDLINE cooccurrence,false
DOID:5612,D001750,CC0 1.0,MEDLINE cooccurrence,false
DOID:1459,D004314,CC0 1.0,MEDLINE cooccurrence,false
DOID:12930,D004417,CC0 1.0,MEDLINE cooccurrence,false
DOID:4045,D017699,CC0 1.0,MEDLINE cooccurrence,false
DOID:418,D011696,CC0 1.0,MEDLINE cooccurrence,false
DOID:2994,D005132,CC0 1.0,MEDLINE cooccurrence,false
DOID:5559,D020335,CC0 1.0,MEDLINE cooccurrence,false
DOID:10763,D018980,CC0 1.0,MEDLINE cooccurrence,false
DOID:175,D005335,CC0 1.0,MEDLINE cooccurrence,false
DOID:10652,D057178,CC0 1.0,MEDLINE cooccurrence,false
DOID:635,D005183,CC0 1.0,MEDLINE cooccurrence,false
DOID:1793,D014474,CC0 1.0,MEDLINE cooccurrence,false
DOID:2994,D006396,CC0 1.0,MEDLINE cooccurrence,false
DOID:175,D010264,CC0 1.0,MEDLINE cooccurrence,false
DOID:10534,D006939,CC0 1.0,MEDLINE cooccurrence,false
DOID:1192,D006315,CC0 1.0,MEDLINE cooccurrence,false
DOID:8986,D010243,CC0 1.0,MEDLINE cooccurrence,false
DOID:1324,D003371,CC0 1.0,MEDLINE cooccurrence,false
DOID:11934,D005926,CC0 1.0,MEDLINE cooccurrence,false
DOID:2377,D001037,CC0 1.0,MEDLINE cooccurrence,false
DOID:9008,D019547,CC0 1.0,MEDLINE cooccurrence,false
DOID:3070,D000381,CC0 1.0,MEDLINE cooccurrence,false
DOID:5612,D014103,CC0 1.0,MEDLINE cooccurrence,false
DOID:3571,D007565,CC0 1.0,MEDLINE cooccurrence,false
DOID:3312,D008607,CC0 1.0,MEDLINE cooccurrence,false
DOID:4159,D011538,CC0 1.0,MEDLINE cooccurrence,false
DOID:1725,D002100,CC0 1.0,MEDLINE cooccurrence,false
DOID:0060119,D034381,CC0 1.0,MEDLINE cooccurrence,false
DOID:2377,D004172,CC0 1.0,MEDLINE cooccurrence,false
DOID:2377,D018908,CC0 1.0,MEDLINE cooccurrence,false
DOID:3070,D006311,CC0 1.0,MEDLINE cooccurrence,false
DOID:1826,D005311,CC0 1.0,MEDLINE cooccurrence,false
DOID:3083,D051346,CC0 1.0,MEDLINE cooccurrence,false
DOID:8893,D012877,CC0 1.0,MEDLINE cooccurrence,false
DOID:1319,D018496,CC0 1.0,MEDLINE cooccurrence,false
DOID:6364,D012001,CC0 1.0,MEDLINE cooccurrence,false
DOID:13189,D006930,CC0 1.0,MEDLINE cooccurrence,false
DOID:1725,D041781,CC0 1.0,MEDLINE cooccurrence,false
DOID:219,D014839,CC0 1.0,MEDLINE cooccurrence,false
DOID:2994,D009155,CC0 1.0,MEDLINE cooccurrence,false
DOID:11934,D012913,CC0 1.0,MEDLINE cooccurrence,false
DOID:13241,D005158,CC0 1.0,MEDLINE cooccurrence,false
DOID:14330,D006606,CC0 1.0,MEDLINE cooccurrence,false
DOID:7147,D018771,CC0 1.0,MEDLINE cooccurrence,false
DOID:7148,D006356,CC0 1.0,MEDLINE cooccurrence,false
DOID:1192,D014012,CC0 1.0,MEDLINE cooccurrence,false
DOID:13378,D000787,CC0 1.0,MEDLINE cooccurrence,false
DOID:1781,D013746,CC0 1.0,MEDLINE cooccurrence,false
DOID:1192,D010291,CC0 1.0,MEDLINE cooccurrence,false
DOID:1094,D001308,CC0 1.0,MEDLINE cooccurrence,false
DOID:1115,D009886,CC0 1.0,MEDLINE cooccurrence,false
DOID:175,D003371,CC0 1.0,MEDLINE cooccurrence,false
DOID:1612,D000860,CC0 1.0,MEDLINE cooccurrence,false
DOID:1192,D002558,CC0 1.0,MEDLINE cooccurrence,false
DOID:1964,D000006,CC0 1.0,MEDLINE cooccurrence,false
DOID:1319,D005157,CC0 1.0,MEDLINE cooccurrence,false
DOID:0060119,D010243,CC0 1.0,MEDLINE cooccurrence,false
DOID:3565,D010243,CC0 1.0,MEDLINE cooccurrence,false
DOID:585,D010264,CC0 1.0,MEDLINE cooccurrence,false
DOID:1094,D004410,CC0 1.0,MEDLINE cooccurrence,false
DOID:4481,D002559,CC0 1.0,MEDLINE cooccurrence,false
DOID:13241,D005132,CC0 1.0,MEDLINE cooccurrence,false
DOID:0050741,D014474,CC0 1.0,MEDLINE cooccurrence,false
DOID:3083,D013851,CC0 1.0,MEDLINE cooccurrence,false
DOID:1595,D011596,CC0 1.0,MEDLINE cooccurrence,false
DOID:12361,D014826,CC0 1.0,MEDLINE cooccurrence,false
DOID:635,D012166,CC0 1.0,MEDLINE cooccurrence,false
DOID:1324,D010149,CC0 1.0,MEDLINE cooccurrence,false
DOID:7693,D056844,CC0 1.0,MEDLINE cooccurrence,false
DOID:12930,D002637,CC0 1.0,MEDLINE cooccurrence,false
DOID:9074,D004172,CC0 1.0,MEDLINE cooccurrence,false
DOID:7693,D016534,CC0 1.0,MEDLINE cooccurrence,false
DOID:2994,D014717,CC0 1.0,MEDLINE cooccurrence,false
DOID:332,D002524,CC0 1.0,MEDLINE cooccurrence,false
DOID:2377,D010146,CC0 1.0,MEDLINE cooccurrence,false
DOID:184,D019547,CC0 1.0,MEDLINE cooccurrence,false
DOID:1024,D018908,CC0 1.0,MEDLINE cooccurrence,false
DOID:8893,D004314,CC0 1.0,MEDLINE cooccurrence,false
DOID:12365,D009846,CC0 1.0,MEDLINE cooccurrence,false
DOID:8986,D006212,CC0 1.0,MEDLINE cooccurrence,false
DOID:9970,D015431,CC0 1.0,MEDLINE cooccurrence,false
DOID:8778,D004415,CC0 1.0,MEDLINE cooccurrence,false
DOID:2377,D007035,CC0 1.0,MEDLINE cooccurrence,false
DOID:1319,D001041,CC0 1.0,MEDLINE cooccurrence,false
DOID:1319,D010468,CC0 1.0,MEDLINE cooccurrence,false
DOID:2994,D006337,CC0 1.0,MEDLINE cooccurrence,false
DOID:11934,D000550,CC0 1.0,MEDLINE cooccurrence,false
DOID:4045,D009437,CC0 1.0,MEDLINE cooccurrence,false
DOID:8986,D009123,CC0 1.0,MEDLINE cooccurrence,false
DOID:585,D013746,CC0 1.0,MEDLINE cooccurrence,false
DOID:10652,D020178,CC0 1.0,MEDLINE cooccurrence,false
DOID:3070,D017116,CC0 1.0,MEDLINE cooccurrence,false
DOID:5419,D010468,CC0 1.0,MEDLINE cooccurrence,false
DOID:216,D004314,CC0 1.0,MEDLINE cooccurrence,false
DOID:6364,D009437,CC0 1.0,MEDLINE cooccurrence,false
DOID:635,D011537,CC0 1.0,MEDLINE cooccurrence,false
DOID:263,D004438,CC0 1.0,MEDLINE cooccurrence,false
DOID:0050156,D006356,CC0 1.0,MEDLINE cooccurrence,false
DOID:12185,D014012,CC0 1.0,MEDLINE cooccurrence,false
DOID:5612,D012678,CC0 1.0,MEDLINE cooccurrence,false
DOID:10283,D003967,CC0 1.0,MEDLINE cooccurrence,false
DOID:8398,D005157,CC0 1.0,MEDLINE cooccurrence,false
DOID:0050425,D020886,CC0 1.0,MEDLINE cooccurrence,false
DOID:3070,D000849,CC0 1.0,MEDLINE cooccurrence,false
DOID:594,D004417,CC0 1.0,MEDLINE cooccurrence,false
DOID:0050741,D003221,CC0 1.0,MEDLINE cooccurrence,false
DOID:4362,D015746,CC0 1.0,MEDLINE cooccurrence,false
DOID:594,D020188,CC0 1.0,MEDLINE cooccurrence,false
DOID:4159,D019080,CC0 1.0,MEDLINE cooccurrence,false
DOID:1459,D009133,CC0 1.0,MEDLINE cooccurrence,false
DOID:1595,D003248,CC0 1.0,MEDLINE cooccurrence,false
DOID:7148,D019547,CC0 1.0,MEDLINE cooccurrence,false
DOID:1826,D020183,CC0 1.0,MEDLINE cooccurrence,false
DOID:6364,D006985,CC0 1.0,MEDLINE cooccurrence,false
DOID:2841,D003371,CC0 1.0,MEDLINE cooccurrence,false
DOID:1595,D004244,CC0 1.0,MEDLINE cooccurrence,false
DOID:1909,D014786,CC0 1.0,MEDLINE cooccurrence,false
DOID:10534,D041781,CC0 1.0,MEDLINE cooccurrence,false
DOID:2355,D016532,CC0 1.0,MEDLINE cooccurrence,false
DOID:11920,D002637,CC0 1.0,MEDLINE cooccurrence,false
DOID:1192,D014826,CC0 1.0,MEDLINE cooccurrence,false
DOID:1024,D014786,CC0 1.0,MEDLINE cooccurrence,false
DOID:0060119,D019462,CC0 1.0,MEDLINE cooccurrence,false
DOID:1686,D006423,CC0 1.0,MEDLINE cooccurrence,false
DOID:11054,D053159,CC0 1.0,MEDLINE cooccurrence,false
DOID:3070,D001926,CC0 1.0,MEDLINE cooccurrence,false
DOID:10608,D003968,CC0 1.0,MEDLINE cooccurrence,false
DOID:11934,D001766,CC0 1.0,MEDLINE cooccurrence,false
DOID:1686,D006988,CC0 1.0,MEDLINE cooccurrence,false
DOID:3070,D004244,CC0 1.0,MEDLINE cooccurrence,false
DOID:14330,D020919,CC0 1.0,MEDLINE cooccurrence,false
DOID:1909,D005334,CC0 1.0,MEDLINE cooccurrence,false
DOID:784,D001750,CC0 1.0,MEDLINE cooccurrence,false
DOID:1686,D005130,CC0 1.0,MEDLINE cooccurrence,false
DOID:418,D018908,CC0 1.0,MEDLINE cooccurrence,false
DOID:216,D013851,CC0 1.0,MEDLINE cooccurrence,false
DOID:3121,D005335,CC0 1.0,MEDLINE cooccurrence,false
DOID:11934,D014832,CC0 1.0,MEDLINE cooccurrence,false
DOID:10153,D015746,CC0 1.0,MEDLINE cooccurrence,false
DOID:9835,D020795,CC0 1.0,MEDLINE cooccurrence,false
DOID:1319,D006312,CC0 1.0,MEDLINE cooccurrence,false
DOID:8893,D001416,CC0 1.0,MEDLINE cooccurrence,false
DOID:6364,D020757,CC0 1.0,MEDLINE cooccurrence,false
DOID:1964,D004412,CC0 1.0,MEDLINE cooccurrence,false
DOID:12365,D005334,CC0 1.0,MEDLINE cooccurrence,false
DOID:3953,D019080,CC0 1.0,MEDLINE cooccurrence,false
DOID:3565,D000857,CC0 1.0,MEDLINE cooccurrence,false
DOID:6364,D006261,CC0 1.0,MEDLINE cooccurrence,false
DOID:9744,D001926,CC0 1.0,MEDLINE cooccurrence,false
DOID:1192,D014717,CC0 1.0,MEDLINE cooccurrence,false
DOID:11934,D006316,CC0 1.0,MEDLINE cooccurrence,false
DOID:9074,D005335,CC0 1.0,MEDLINE cooccurrence,false
DOID:12236,D041781,CC0 1.0,MEDLINE cooccurrence,false
DOID:1781,D019547,CC0 1.0,MEDLINE cooccurrence,false
DOID:2174,D003117,CC0 1.0,MEDLINE cooccurrence,false
DOID:5041,D015431,CC0 1.0,MEDLINE cooccurrence,false
DOID:10941,D004401,CC0 1.0,MEDLINE cooccurrence,false
DOID:13378,D005334,CC0 1.0,MEDLINE cooccurrence,false
DOID:2174,D058447,CC0 1.0,MEDLINE cooccurrence,false
DOID:6364,D020238,CC0 1.0,MEDLINE cooccurrence,false
DOID:90,D019547,CC0 1.0,MEDLINE cooccurrence,false
DOID:10871,D003117,CC0 1.0,MEDLINE cooccurrence,false
DOID:11949,D010292,CC0 1.0,MEDLINE cooccurrence,false
DOID:12995,D003147,CC0 1.0,MEDLINE cooccurrence,false
DOID:3070,D002559,CC0 1.0,MEDLINE cooccurrence,false
DOID:1094,D013342,CC0 1.0,MEDLINE cooccurrence,false
DOID:184,D006732,CC0 1.0,MEDLINE cooccurrence,false
DOID:11476,D001835,CC0 1.0,MEDLINE cooccurrence,false
DOID:5419,D011141,CC0 1.0,MEDLINE cooccurrence,false
DOID:1024,D012678,CC0 1.0,MEDLINE cooccurrence,false
DOID:0050425,D020447,CC0 1.0,MEDLINE cooccurrence,false
DOID:12849,D004314,CC0 1.0,MEDLINE cooccurrence,false
DOID:11934,D001044,CC0 1.0,MEDLINE cooccurrence,false
DOID:8577,D003248,CC0 1.0,MEDLINE cooccurrence,false
DOID:1612,D010292,CC0 1.0,MEDLINE cooccurrence,false
DOID:2994,D009461,CC0 1.0,MEDLINE cooccurrence,false
DOID:1115,D011696,CC0 1.0,MEDLINE cooccurrence,false
DOID:2377,D055955,CC0 1.0,MEDLINE cooccurrence,false
DOID:10763,D007383,CC0 1.0,MEDLINE cooccurrence,false
DOID:784,D004489,CC0 1.0,MEDLINE cooccurrence,false
DOID:14330,D020754,CC0 1.0,MEDLINE cooccurrence,false
DOID:10763,D003655,CC0 1.0,MEDLINE cooccurrence,false
DOID:2994,D005158,CC0 1.0,MEDLINE cooccurrence,false
DOID:11934,D006987,CC0 1.0,MEDLINE cooccurrence,false
DOID:0050156,D020181,CC0 1.0,MEDLINE cooccurrence,false
DOID:13241,D006319,CC0 1.0,MEDLINE cooccurrence,false
DOID:7693,D010243,CC0 1.0,MEDLINE cooccurrence,false
DOID:0050742,D001835,CC0 1.0,MEDLINE cooccurrence,false
DOID:0050425,D006970,CC0 1.0,MEDLINE cooccurrence,false
DOID:332,D004417,CC0 1.0,MEDLINE cooccurrence,false
DOID:1686,D015875,CC0 1.0,MEDLINE cooccurrence,false
DOID:2841,D006935,CC0 1.0,MEDLINE cooccurrence,false
DOID:585,D015746,CC0 1.0,MEDLINE cooccurrence,false
DOID:11476,D010243,CC0 1.0,MEDLINE cooccurrence,false
DOID:8986,D020178,CC0 1.0,MEDLINE cooccurrence,false
DOID:10941,D011681,CC0 1.0,MEDLINE cooccurrence,false
DOID:2994,D002524,CC0 1.0,MEDLINE cooccurrence,false
DOID:10652,D012893,CC0 1.0,MEDLINE cooccurrence,false
DOID:6364,D012607,CC0 1.0,MEDLINE cooccurrence,false
DOID:9074,D006429,CC0 1.0,MEDLINE cooccurrence,false
DOID:9074,D003221,CC0 1.0,MEDLINE cooccurrence,false
DOID:1324,D003490,CC0 1.0,MEDLINE cooccurrence,false
DOID:4159,D004314,CC0 1.0,MEDLINE cooccurrence,false
DOID:11934,D006314,CC0 1.0,MEDLINE cooccurrence,false
DOID:7148,D018771,CC0 1.0,MEDLINE cooccurrence,false
DOID:14004,D014826,CC0 1.0,MEDLINE cooccurrence,false
DOID:10941,D006423,CC0 1.0,MEDLINE cooccurrence,false
DOID:3565,D005132,CC0 1.0,MEDLINE cooccurrence,false
DOID:4362,D010149,CC0 1.0,MEDLINE cooccurrence,false
DOID:1459,D012877,CC0 1.0,MEDLINE cooccurrence,false
DOID:1826,D054546,CC0 1.0,MEDLINE cooccurrence,false
DOID:10652,D001072,CC0 1.0,MEDLINE cooccurrence,false
DOID:3070,D001416,CC0 1.0,MEDLINE cooccurrence,false
DOID:2377,D001039,CC0 1.0,MEDLINE cooccurrence,false
DOID:12995,D006948,CC0 1.0,MEDLINE cooccurrence,false
DOID:5612,D001259,CC0 1.0,MEDLINE cooccurrence,false
DOID:9296,D014832,CC0 1.0,MEDLINE cooccurrence,false
DOID:1826,D000648,CC0 1.0,MEDLINE cooccurrence,false
DOID:13499,D014839,CC0 1.0,MEDLINE cooccurrence,false
DOID:13241,D004401,CC0 1.0,MEDLINE cooccurrence,false
DOID:0050425,D009120,CC0 1.0,MEDLINE cooccurrence,false
DOID:219,D003085,CC0 1.0,MEDLINE cooccurrence,false
DOID:5612,D018437,CC0 1.0,MEDLINE cooccurrence,false
DOID:1686,D010167,CC0 1.0,MEDLINE cooccurrence,false
DOID:2355,D006988,CC0 1.0,MEDLINE cooccurrence,false
DOID:219,D009325,CC0 1.0,MEDLINE cooccurrence,false
DOID:1793,D009461,CC0 1.0,MEDLINE cooccurrence,false
DOID:0060119,D014313,CC0 1.0,MEDLINE cooccurrence,false
DOID:2994,D004401,CC0 1.0,MEDLINE cooccurrence,false
DOID:10941,D000647,CC0 1.0,MEDLINE cooccurrence,false
DOID:8778,D011538,CC0 1.0,MEDLINE cooccurrence,false
DOID:12185,D006311,CC0 1.0,MEDLINE cooccurrence,false
DOID:2355,D005926,CC0 1.0,MEDLINE cooccurrence,false
DOID:2377,D020336,CC0 1.0,MEDLINE cooccurrence,false
DOID:11612,D001724,CC0 1.0,MEDLINE cooccurrence,false
DOID:5041,D000860,CC0 1.0,MEDLINE cooccurrence,false
DOID:10763,D000419,CC0 1.0,MEDLINE cooccurrence,false
DOID:8893,D003967,CC0 1.0,MEDLINE cooccurrence,false
DOID:2994,D000381,CC0 1.0,MEDLINE cooccurrence,false
DOID:8778,D001835,CC0 1.0,MEDLINE cooccurrence,false
DOID:4045,D010291,CC0 1.0,MEDLINE cooccurrence,false
DOID:3083,D012135,CC0 1.0,MEDLINE cooccurrence,false
DOID:2355,D006456,CC0 1.0,MEDLINE cooccurrence,false
DOID:184,D006261,CC0 1.0,MEDLINE cooccurrence,false
DOID:8398,D019547,CC0 1.0,MEDLINE cooccurrence,false
DOID:12185,D034381,CC0 1.0,MEDLINE cooccurrence,false
DOID:3312,D003128,CC0 1.0,MEDLINE cooccurrence,false
DOID:7148,D011602,CC0 1.0,MEDLINE cooccurrence,false
DOID:12365,D011693,CC0 1.0,MEDLINE cooccurrence,false
DOID:7148,D012678,CC0 1.0,MEDLINE cooccurrence,false
DOID:5559,D002637,CC0 1.0,MEDLINE cooccurrence,false
DOID:1793,D012877,CC0 1.0,MEDLINE cooccurrence,false
DOID:3393,D002637,CC0 1.0,MEDLINE cooccurrence,false
DOID:4989,D003967,CC0 1.0,MEDLINE cooccurrence,false
DOID:1319,D011596,CC0 1.0,MEDLINE cooccurrence,false
DOID:9744,D007024,CC0 1.0,MEDLINE cooccurrence,false
DOID:1909,D000860,CC0 1.0,MEDLINE cooccurrence,false
DOID:3312,D011141,CC0 1.0,MEDLINE cooccurrence,false
DOID:10283,D010148,CC0 1.0,MEDLINE cooccurrence,false
DOID:1793,D014840,CC0 1.0,MEDLINE cooccurrence,false
DOID:5875,D017116,CC0 1.0,MEDLINE cooccurrence,false
DOID:1319,D005132,CC0 1.0,MEDLINE cooccurrence,false
DOID:4045,D010146,CC0 1.0,MEDLINE cooccurrence,false
DOID:2377,D003117,CC0 1.0,MEDLINE cooccurrence,false
DOID:14330,D013342,CC0 1.0,MEDLINE cooccurrence,false
DOID:1936,D000419,CC0 1.0,MEDLINE cooccurrence,false
DOID:5612,D020335,CC0 1.0,MEDLINE cooccurrence,false
DOID:3070,D000377,CC0 1.0,MEDLINE cooccurrence,false
DOID:1993,D014839,CC0 1.0,MEDLINE cooccurrence,false
DOID:10941,D019575,CC0 1.0,MEDLINE cooccurrence,false
DOID:12185,D006317,CC0 1.0,MEDLINE cooccurrence,false
DOID:1324,D012877,CC0 1.0,MEDLINE cooccurrence,false
DOID:363,D015160,CC0 1.0,MEDLINE cooccurrence,false
DOID:585,D005334,CC0 1.0,MEDLINE cooccurrence,false
DOID:14330,D000849,CC0 1.0,MEDLINE cooccurrence,false
DOID:11934,D006311,CC0 1.0,MEDLINE cooccurrence,false
DOID:5875,D010146,CC0 1.0,MEDLINE cooccurrence,false
DOID:2998,D006628,CC0 1.0,MEDLINE cooccurrence,false
DOID:5408,D011304,CC0 1.0,MEDLINE cooccurrence,false
DOID:10763,D006261,CC0 1.0,MEDLINE cooccurrence,false
DOID:3571,D001926,CC0 1.0,MEDLINE cooccurrence,false
DOID:12995,D007805,CC0 1.0,MEDLINE cooccurrence,false
DOID:3312,D006970,CC0 1.0,MEDLINE cooccurrence,false
DOID:5559,D005334,CC0 1.0,MEDLINE cooccurrence,false
DOID:5408,D006311,CC0 1.0,MEDLINE cooccurrence,false
DOID:0050425,D012891,CC0 1.0,MEDLINE cooccurrence,false
DOID:11054,D053201,CC0 1.0,MEDLINE cooccurrence,false
DOID:1612,D007319,CC0 1.0,MEDLINE cooccurrence,false
DOID:12365,D045262,CC0 1.0,MEDLINE cooccurrence,false
DOID:5419,D007319,CC0 1.0,MEDLINE cooccurrence,false
DOID:2994,D001037,CC0 1.0,MEDLINE cooccurrence,false
DOID:219,D003967,CC0 1.0,MEDLINE cooccurrence,false
DOID:6364,D013575,CC0 1.0,MEDLINE cooccurrence,false
DOID:1192,D006685,CC0 1.0,MEDLINE cooccurrence,false
DOID:1459,D011596,CC0 1.0,MEDLINE cooccurrence,false
DOID:5041,D006356,CC0 1.0,MEDLINE cooccurrence,false
DOID:8398,D037061,CC0 1.0,MEDLINE cooccurrence,false
DOID:2377,D053202,CC0 1.0,MEDLINE cooccurrence,false
DOID:3277,D012133,CC0 1.0,MEDLINE cooccurrence,false
DOID:7693,D018908,CC0 1.0,MEDLINE cooccurrence,false
DOID:2994,D003248,CC0 1.0,MEDLINE cooccurrence,false
DOID:1115,D014839,CC0 1.0,MEDLINE cooccurrence,false
DOID:184,D006930,CC0 1.0,MEDLINE cooccurrence,false
DOID:2994,D014786,CC0 1.0,MEDLINE cooccurrence,false
DOID:1826,D002819,CC0 1.0,MEDLINE cooccurrence,false
DOID:3953,D006628,CC0 1.0,MEDLINE cooccurrence,false
DOID:10652,D018458,CC0 1.0,MEDLINE cooccurrence,false
DOID:1826,D007088,CC0 1.0,MEDLINE cooccurrence,false
DOID:2994,D006312,CC0 1.0,MEDLINE cooccurrence,false
DOID:263,D010146,CC0 1.0,MEDLINE cooccurrence,false
DOID:2043,D005334,CC0 1.0,MEDLINE cooccurrence,false
DOID:1319,D002558,CC0 1.0,MEDLINE cooccurrence,false
DOID:1826,D008607,CC0 1.0,MEDLINE cooccurrence,false
DOID:3953,D005483,CC0 1.0,MEDLINE cooccurrence,false
DOID:8778,D005183,CC0 1.0,MEDLINE cooccurrence,false
DOID:824,D006472,CC0 1.0,MEDLINE cooccurrence,false
DOID:1612,D014839,CC0 1.0,MEDLINE cooccurrence,false
DOID:2174,D001260,CC0 1.0,MEDLINE cooccurrence,false
DOID:11819,D003085,CC0 1.0,MEDLINE cooccurrence,false
DOID:7147,D004487,CC0 1.0,MEDLINE cooccurrence,false
DOID:2174,D004314,CC0 1.0,MEDLINE cooccurrence,false
DOID:1793,D018589,CC0 1.0,MEDLINE cooccurrence,false
DOID:1595,D012892,CC0 1.0,MEDLINE cooccurrence,false
DOID:8577,D005414,CC0 1.0,MEDLINE cooccurrence,false
DOID:3070,D006313,CC0 1.0,MEDLINE cooccurrence,false
DOID:3312,D017593,CC0 1.0,MEDLINE cooccurrence,false
DOID:2355,D006396,CC0 1.0,MEDLINE cooccurrence,false
DOID:12930,D020182,CC0 1.0,MEDLINE cooccurrence,false
DOID:2841,D011602,CC0 1.0,MEDLINE cooccurrence,false
DOID:1192,D010292,CC0 1.0,MEDLINE cooccurrence,false
DOID:635,D002819,CC0 1.0,MEDLINE cooccurrence,false
DOID:13223,D004412,CC0 1.0,MEDLINE cooccurrence,false
DOID:5612,D009437,CC0 1.0,MEDLINE cooccurrence,false
DOID:2377,D012678,CC0 1.0,MEDLINE cooccurrence,false
DOID:1115,D000006,CC0 1.0,MEDLINE cooccurrence,false
DOID:1459,D011141,CC0 1.0,MEDLINE cooccurrence,false
DOID:3070,D012021,CC0 1.0,MEDLINE cooccurrence,false
DOID:2377,D014202,CC0 1.0,MEDLINE cooccurrence,false
DOID:2377,D001259,CC0 1.0,MEDLINE cooccurrence,false
DOID:14221,D056865,CC0 1.0,MEDLINE cooccurrence,false
DOID:12306,D006319,CC0 1.0,MEDLINE cooccurrence,false
DOID:219,D002100,CC0 1.0,MEDLINE cooccurrence,false
DOID:4159,D005158,CC0 1.0,MEDLINE cooccurrence,false
DOID:2377,D006319,CC0 1.0,MEDLINE cooccurrence,false
DOID:0060119,D012913,CC0 1.0,MEDLINE cooccurrence,false
DOID:1319,D010292,CC0 1.0,MEDLINE cooccurrence,false
DOID:9835,D014786,CC0 1.0,MEDLINE cooccurrence,false
DOID:6364,D015845,CC0 1.0,MEDLINE cooccurrence,false
DOID:4481,D011537,CC0 1.0,MEDLINE cooccurrence,false
DOID:2841,D014202,CC0 1.0,MEDLINE cooccurrence,false
DOID:10652,D007319,CC0 1.0,MEDLINE cooccurrence,false
DOID:9296,D003147,CC0 1.0,MEDLINE cooccurrence,false
DOID:2994,D015354,CC0 1.0,MEDLINE cooccurrence,false
DOID:12185,D014717,CC0 1.0,MEDLINE cooccurrence,false
DOID:6364,D062026,CC0 1.0,MEDLINE cooccurrence,false
DOID:3083,D010845,CC0 1.0,MEDLINE cooccurrence,false
DOID:5419,D008569,CC0 1.0,MEDLINE cooccurrence,false
DOID:10652,D019588,CC0 1.0,MEDLINE cooccurrence,false
DOID:824,D010149,CC0 1.0,MEDLINE cooccurrence,false
DOID:1793,D000006,CC0 1.0,MEDLINE cooccurrence,false
DOID:5559,D003490,CC0 1.0,MEDLINE cooccurrence,false
DOID:8577,D011602,CC0 1.0,MEDLINE cooccurrence,false
DOID:4159,D009325,CC0 1.0,MEDLINE cooccurrence,false
DOID:2355,D003490,CC0 1.0,MEDLINE cooccurrence,false
DOID:1826,D053608,CC0 1.0,MEDLINE cooccurrence,false
DOID:4159,D020335,CC0 1.0,MEDLINE cooccurrence,false
DOID:3953,D053578,CC0 1.0,MEDLINE cooccurrence,false
DOID:8850,D006314,CC0 1.0,MEDLINE cooccurrence,false
DOID:1459,D008607,CC0 1.0,MEDLINE cooccurrence,false
DOID:1826,D017246,CC0 1.0,MEDLINE cooccurrence,false
DOID:5875,D000006,CC0 1.0,MEDLINE cooccurrence,false
DOID:4362,D000860,CC0 1.0,MEDLINE cooccurrence,false
DOID:0050741,D011602,CC0 1.0,MEDLINE cooccurrence,false
DOID:7693,D003085,CC0 1.0,MEDLINE cooccurrence,false
DOID:1826,D006948,CC0 1.0,MEDLINE cooccurrence,false
DOID:4362,D014549,CC0 1.0,MEDLINE cooccurrence,false
DOID:2596,D013064,CC0 1.0,MEDLINE cooccurrence,false
DOID:13223,D002637,CC0 1.0,MEDLINE cooccurrence,false
DOID:10283,D005483,CC0 1.0,MEDLINE cooccurrence,false
DOID:2355,D001049,CC0 1.0,MEDLINE cooccurrence,false
DOID:1686,D001766,CC0 1.0,MEDLINE cooccurrence,false
DOID:3070,D014103,CC0 1.0,MEDLINE cooccurrence,false
DOID:3565,D020335,CC0 1.0,MEDLINE cooccurrence,false
DOID:0050742,D020250,CC0 1.0,MEDLINE cooccurrence,false
DOID:216,D005884,CC0 1.0,MEDLINE cooccurrence,false
DOID:7148,D006429,CC0 1.0,MEDLINE cooccurrence,false
DOID:184,D059226,CC0 1.0,MEDLINE cooccurrence,false
DOID:12849,D003638,CC0 1.0,MEDLINE cooccurrence,false
DOID:9835,D009123,CC0 1.0,MEDLINE cooccurrence,false
DOID:418,D011695,CC0 1.0,MEDLINE cooccurrence,false
DOID:14330,D020234,CC0 1.0,MEDLINE cooccurrence,false
DOID:3565,D006423,CC0 1.0,MEDLINE cooccurrence,false
DOID:7148,D020069,CC0 1.0,MEDLINE cooccurrence,false
DOID:3312,D007926,CC0 1.0,MEDLINE cooccurrence,false
DOID:7148,D006685,CC0 1.0,MEDLINE cooccurrence,false
DOID:2174,D012166,CC0 1.0,MEDLINE cooccurrence,false
DOID:2377,D009120,CC0 1.0,MEDLINE cooccurrence,false
DOID:11476,D013851,CC0 1.0,MEDLINE cooccurrence,false
DOID:1192,D015354,CC0 1.0,MEDLINE cooccurrence,false
DOID:332,D013064,CC0 1.0,MEDLINE cooccurrence,false
DOID:1192,D002559,CC0 1.0,MEDLINE cooccurrence,false
DOID:1725,D017699,CC0 1.0,MEDLINE cooccurrence,false
DOID:8398,D004415,CC0 1.0,MEDLINE cooccurrence,false
DOID:2355,D009461,CC0 1.0,MEDLINE cooccurrence,false
DOID:1094,D008569,CC0 1.0,MEDLINE cooccurrence,false
DOID:2994,D011681,CC0 1.0,MEDLINE cooccurrence,false
DOID:2377,D006970,CC0 1.0,MEDLINE cooccurrence,false
DOID:1192,D009133,CC0 1.0,MEDLINE cooccurrence,false
DOID:4045,D005158,CC0 1.0,MEDLINE cooccurrence,false
DOID:2377,D003639,CC0 1.0,MEDLINE cooccurrence,false
DOID:3565,D004244,CC0 1.0,MEDLINE cooccurrence,false
DOID:13223,D005335,CC0 1.0,MEDLINE cooccurrence,false
DOID:1595,D000647,CC0 1.0,MEDLINE cooccurrence,false
DOID:824,D009912,CC0 1.0,MEDLINE cooccurrence,false
DOID:184,D004172,CC0 1.0,MEDLINE cooccurrence,false
DOID:184,D020335,CC0 1.0,MEDLINE cooccurrence,false
DOID:11934,D013746,CC0 1.0,MEDLINE cooccurrence,false
DOID:332,D020182,CC0 1.0,MEDLINE cooccurrence,false
DOID:635,D004614,CC0 1.0,MEDLINE cooccurrence,false
DOID:0050425,D020183,CC0 1.0,MEDLINE cooccurrence,false
DOID:635,D015431,CC0 1.0,MEDLINE cooccurrence,false
DOID:4159,D005334,CC0 1.0,MEDLINE cooccurrence,false
DOID:10763,D005316,CC0 1.0,MEDLINE cooccurrence,false
DOID:2994,D020324,CC0 1.0,MEDLINE cooccurrence,false
DOID:10283,D005262,CC0 1.0,MEDLINE cooccurrence,false
DOID:1324,D059390,CC0 1.0,MEDLINE cooccurrence,false
DOID:3565,D019575,CC0 1.0,MEDLINE cooccurrence,false
DOID:418,D003248,CC0 1.0,MEDLINE cooccurrence,false
DOID:216,D050177,CC0 1.0,MEDLINE cooccurrence,false
DOID:8893,D019547,CC0 1.0,MEDLINE cooccurrence,false
DOID:14330,D010468,CC0 1.0,MEDLINE cooccurrence,false
DOID:8986,D020181,CC0 1.0,MEDLINE cooccurrence,false
DOID:263,D003085,CC0 1.0,MEDLINE cooccurrence,false
DOID:7148,D006942,CC0 1.0,MEDLINE cooccurrence,false
DOID:184,D010264,CC0 1.0,MEDLINE cooccurrence,false
DOID:11934,D004433,CC0 1.0,MEDLINE cooccurrence,false
DOID:11476,D010146,CC0 1.0,MEDLINE cooccurrence,false
DOID:10652,D020240,CC0 1.0,MEDLINE cooccurrence,false
DOID:7693,D002637,CC0 1.0,MEDLINE cooccurrence,false
DOID:10871,D009755,CC0 1.0,MEDLINE cooccurrence,false
DOID:0060119,D020181,CC0 1.0,MEDLINE cooccurrence,false
DOID:4989,D000006,CC0 1.0,MEDLINE cooccurrence,false
DOID:2998,D006311,CC0 1.0,MEDLINE cooccurrence,false
DOID:2994,D014103,CC0 1.0,MEDLINE cooccurrence,false
DOID:9970,D015430,CC0 1.0,MEDLINE cooccurrence,false
DOID:3312,D013009,CC0 1.0,MEDLINE cooccurrence,false
DOID:12185,D005158,CC0 1.0,MEDLINE cooccurrence,false
DOID:1909,D015746,CC0 1.0,MEDLINE cooccurrence,false
DOID:635,D006942,CC0 1.0,MEDLINE cooccurrence,false
DOID:418,D006356,CC0 1.0,MEDLINE cooccurrence,false
DOID:8778,D014839,CC0 1.0,MEDLINE cooccurrence,false
DOID:1192,D005158,CC0 1.0,MEDLINE cooccurrence,false
DOID:2394,D010292,CC0 1.0,MEDLINE cooccurrence,false
DOID:594,D010292,CC0 1.0,MEDLINE cooccurrence,false
DOID:11054,D003967,CC0 1.0,MEDLINE cooccurrence,false
DOID:10608,D001835,CC0 1.0,MEDLINE cooccurrence,false
DOID:3070,D013035,CC0 1.0,MEDLINE cooccurrence,false
DOID:5041,D056128,CC0 1.0,MEDLINE cooccurrence,false
DOID:6364,D017288,CC0 1.0,MEDLINE cooccurrence,false
DOID:1826,D001049,CC0 1.0,MEDLINE cooccurrence,false
DOID:1192,D046088,CC0 1.0,MEDLINE cooccurrence,false
DOID:3070,D011782,CC0 1.0,MEDLINE cooccurrence,false
DOID:1612,D010148,CC0 1.0,MEDLINE cooccurrence,false
DOID:8893,D005221,CC0 1.0,MEDLINE cooccurrence,false
DOID:12930,D019462,CC0 1.0,MEDLINE cooccurrence,false
DOID:12361,D011681,CC0 1.0,MEDLINE cooccurrence,false
DOID:1793,D059265,CC0 1.0,MEDLINE cooccurrence,false
DOID:1793,D003221,CC0 1.0,MEDLINE cooccurrence,false
DOID:11949,D019575,CC0 1.0,MEDLINE cooccurrence,false
DOID:2174,D015354,CC0 1.0,MEDLINE cooccurrence,false
DOID:5419,D001247,CC0 1.0,MEDLINE cooccurrence,false
DOID:3953,D003968,CC0 1.0,MEDLINE cooccurrence,false
DOID:11949,D013494,CC0 1.0,MEDLINE cooccurrence,false
DOID:14330,D053201,CC0 1.0,MEDLINE cooccurrence,false
DOID:8577,D005334,CC0 1.0,MEDLINE cooccurrence,false
DOID:2998,D006423,CC0 1.0,MEDLINE cooccurrence,false
DOID:0050742,D015430,CC0 1.0,MEDLINE cooccurrence,false
DOID:1094,D008607,CC0 1.0,MEDLINE cooccurrence,false
DOID:1094,D012148,CC0 1.0,MEDLINE cooccurrence,false
DOID:2841,D020078,CC0 1.0,MEDLINE cooccurrence,false
DOID:418,D006319,CC0 1.0,MEDLINE cooccurrence,false
DOID:12306,D034381,CC0 1.0,MEDLINE cooccurrence,false
DOID:2998,D000855,CC0 1.0,MEDLINE cooccurrence,false
DOID:8893,D020078,CC0 1.0,MEDLINE cooccurrence,false
DOID:8577,D005335,CC0 1.0,MEDLINE cooccurrence,false
DOID:10021,D006396,CC0 1.0,MEDLINE cooccurrence,false
DOID:5875,D012585,CC0 1.0,MEDLINE cooccurrence,false
DOID:3070,D005132,CC0 1.0,MEDLINE cooccurrence,false
DOID:1192,D006423,CC0 1.0,MEDLINE cooccurrence,false
DOID:1324,D009133,CC0 1.0,MEDLINE cooccurrence,false
DOID:1793,D006396,CC0 1.0,MEDLINE cooccurrence,false
DOID:10608,D005183,CC0 1.0,MEDLINE cooccurrence,false
DOID:10534,D004487,CC0 1.0,MEDLINE cooccurrence,false
DOID:1192,D065634,CC0 1.0,MEDLINE cooccurrence,false
DOID:10652,D006212,CC0 1.0,MEDLINE cooccurrence,false
DOID:184,D015875,CC0 1.0,MEDLINE cooccurrence,false
DOID:5419,D017109,CC0 1.0,MEDLINE cooccurrence,false
DOID:3310,D014008,CC0 1.0,MEDLINE cooccurrence,false
DOID:1595,D004415,CC0 1.0,MEDLINE cooccurrence,false
DOID:784,D006337,CC0 1.0,MEDLINE cooccurrence,false
DOID:13241,D003639,CC0 1.0,MEDLINE cooccurrence,false
DOID:784,D004487,CC0 1.0,MEDLINE cooccurrence,false
DOID:6364,D006423,CC0 1.0,MEDLINE cooccurrence,false
DOID:8398,D006930,CC0 1.0,MEDLINE cooccurrence,false
DOID:14004,D004417,CC0 1.0,MEDLINE cooccurrence,false
DOID:1909,D000855,CC0 1.0,MEDLINE cooccurrence,false
DOID:1115,D005335,CC0 1.0,MEDLINE cooccurrence,false
DOID:12365,D003968,CC0 1.0,MEDLINE cooccurrence,false
DOID:2531,D011697,CC0 1.0,MEDLINE cooccurrence,false
DOID:2394,D015746,CC0 1.0,MEDLINE cooccurrence,false
DOID:0050742,D059445,CC0 1.0,MEDLINE cooccurrence,false
DOID:7147,D001416,CC0 1.0,MEDLINE cooccurrence,false
DOID:2355,D003968,CC0 1.0,MEDLINE cooccurrence,false
DOID:363,D014839,CC0 1.0,MEDLINE cooccurrence,false
DOID:5419,D004410,CC0 1.0,MEDLINE cooccurrence,false
DOID:1826,D020447,CC0 1.0,MEDLINE cooccurrence,false
DOID:6364,D020236,CC0 1.0,MEDLINE cooccurrence,false
DOID:9744,D007331,CC0 1.0,MEDLINE cooccurrence,false
DOID:10652,D000647,CC0 1.0,MEDLINE cooccurrence,false
DOID:1192,D004172,CC0 1.0,MEDLINE cooccurrence,false
DOID:1595,D017116,CC0 1.0,MEDLINE cooccurrence,false
DOID:12306,D008607,CC0 1.0,MEDLINE cooccurrence,false
DOID:216,D014313,CC0 1.0,MEDLINE cooccurrence,false
DOID:9744,D005316,CC0 1.0,MEDLINE cooccurrence,false
DOID:9970,D002032,CC0 1.0,MEDLINE cooccurrence,false
DOID:3070,D005183,CC0 1.0,MEDLINE cooccurrence,false
DOID:3310,D004487,CC0 1.0,MEDLINE cooccurrence,false
DOID:11555,D004487,CC0 1.0,MEDLINE cooccurrence,false
DOID:1024,D010243,CC0 1.0,MEDLINE cooccurrence,false
DOID:4159,D014839,CC0 1.0,MEDLINE cooccurrence,false
DOID:0060119,D006472,CC0 1.0,MEDLINE cooccurrence,false
DOID:0060119,D006315,CC0 1.0,MEDLINE cooccurrence,false
DOID:4989,D012166,CC0 1.0,MEDLINE cooccurrence,false
DOID:11612,D015431,CC0 1.0,MEDLINE cooccurrence,false
DOID:1319,D046088,CC0 1.0,MEDLINE cooccurrence,false
DOID:784,D001835,CC0 1.0,MEDLINE cooccurrence,false
DOID:1595,D011602,CC0 1.0,MEDLINE cooccurrence,false
DOID:11476,D053565,CC0 1.0,MEDLINE cooccurrence,false
DOID:12849,D018980,CC0 1.0,MEDLINE cooccurrence,false
DOID:11476,D010264,CC0 1.0,MEDLINE cooccurrence,false
DOID:1612,D006987,CC0 1.0,MEDLINE cooccurrence,false
DOID:1595,D001416,CC0 1.0,MEDLINE cooccurrence,false
DOID:14221,D063766,CC0 1.0,MEDLINE cooccurrence,false
DOID:14330,D007088,CC0 1.0,MEDLINE cooccurrence,false
DOID:11949,D001259,CC0 1.0,MEDLINE cooccurrence,false
DOID:2394,D005262,CC0 1.0,MEDLINE cooccurrence,false
DOID:10534,D018589,CC0 1.0,MEDLINE cooccurrence,false
DOID:1826,D015325,CC0 1.0,MEDLINE cooccurrence,false
DOID:1319,D018886,CC0 1.0,MEDLINE cooccurrence,false
DOID:2531,D016553,CC0 1.0,MEDLINE cooccurrence,false
DOID:10941,D006606,CC0 1.0,MEDLINE cooccurrence,false
DOID:2355,D004487,CC0 1.0,MEDLINE cooccurrence,false
DOID:11119,D013342,CC0 1.0,MEDLINE cooccurrence,false
DOID:2377,D010243,CC0 1.0,MEDLINE cooccurrence,false
DOID:13189,D005334,CC0 1.0,MEDLINE cooccurrence,false
DOID:1826,D020184,CC0 1.0,MEDLINE cooccurrence,false
DOID:363,D003967,CC0 1.0,MEDLINE cooccurrence,false
DOID:6364,D005157,CC0 1.0,MEDLINE cooccurrence,false
DOID:5875,D003248,CC0 1.0,MEDLINE cooccurrence,false
DOID:8398,D010146,CC0 1.0,MEDLINE cooccurrence,false
DOID:263,D001416,CC0 1.0,MEDLINE cooccurrence,false
DOID:8778,D000006,CC0 1.0,MEDLINE cooccurrence,false
DOID:3070,D006429,CC0 1.0,MEDLINE cooccurrence,false
DOID:0050156,D000860,CC0 1.0,MEDLINE cooccurrence,false
DOID:263,D002100,CC0 1.0,MEDLINE cooccurrence,false
DOID:14330,D007024,CC0 1.0,MEDLINE cooccurrence,false
DOID:9835,D003117,CC0 1.0,MEDLINE cooccurrence,false
DOID:10534,D009325,CC0 1.0,MEDLINE cooccurrence,false
DOID:10652,D020238,CC0 1.0,MEDLINE cooccurrence,false
DOID:1725,D014839,CC0 1.0,MEDLINE cooccurrence,false
DOID:9835,D014823,CC0 1.0,MEDLINE cooccurrence,false
DOID:2377,D053201,CC0 1.0,MEDLINE cooccurrence,false
DOID:585,D053565,CC0 1.0,MEDLINE cooccurrence,false
DOID:14330,D009122,CC0 1.0,MEDLINE cooccurrence,false
DOID:784,D009846,CC0 1.0,MEDLINE cooccurrence,false
DOID:1319,D000647,CC0 1.0,MEDLINE cooccurrence,false
DOID:784,D002100,CC0 1.0,MEDLINE cooccurrence,false
DOID:11934,D010146,CC0 1.0,MEDLINE cooccurrence,false
DOID:2994,D009325,CC0 1.0,MEDLINE cooccurrence,false
DOID:4159,D004487,CC0 1.0,MEDLINE cooccurrence,false
DOID:7148,D012877,CC0 1.0,MEDLINE cooccurrence,false
DOID:1781,D055154,CC0 1.0,MEDLINE cooccurrence,false
DOID:1826,D020236,CC0 1.0,MEDLINE cooccurrence,false
DOID:2994,D009437,CC0 1.0,MEDLINE cooccurrence,false
DOID:363,D009325,CC0 1.0,MEDLINE cooccurrence,false
DOID:0060119,D004417,CC0 1.0,MEDLINE cooccurrence,false
DOID:175,D004417,CC0 1.0,MEDLINE cooccurrence,false
DOID:2377,D000370,CC0 1.0,MEDLINE cooccurrence,false
DOID:3953,D002303,CC0 1.0,MEDLINE cooccurrence,false
DOID:12306,D003638,CC0 1.0,MEDLINE cooccurrence,false
DOID:1319,D004172,CC0 1.0,MEDLINE cooccurrence,false
DOID:3565,D001037,CC0 1.0,MEDLINE cooccurrence,false
DOID:4989,D059350,CC0 1.0,MEDLINE cooccurrence,false
DOID:1459,D001259,CC0 1.0,MEDLINE cooccurrence,false
DOID:263,D001247,CC0 1.0,MEDLINE cooccurrence,false
DOID:9296,D010149,CC0 1.0,MEDLINE cooccurrence,false
DOID:363,D000006,CC0 1.0,MEDLINE cooccurrence,false
DOID:119,D014549,CC0 1.0,MEDLINE cooccurrence,false
DOID:784,D012148,CC0 1.0,MEDLINE cooccurrence,false
DOID:9008,D010146,CC0 1.0,MEDLINE cooccurrence,false
DOID:5419,D003693,CC0 1.0,MEDLINE cooccurrence,false
DOID:5612,D010146,CC0 1.0,MEDLINE cooccurrence,false
DOID:14330,D004401,CC0 1.0,MEDLINE cooccurrence,false
DOID:11555,D006987,CC0 1.0,MEDLINE cooccurrence,false
DOID:2994,D046088,CC0 1.0,MEDLINE cooccurrence,false
DOID:5875,D014770,CC0 1.0,MEDLINE cooccurrence,false
DOID:2531,D000855,CC0 1.0,MEDLINE cooccurrence,false
DOID:1595,D018458,CC0 1.0,MEDLINE cooccurrence,false
DOID:12849,D007859,CC0 1.0,MEDLINE cooccurrence,false
DOID:12849,D001308,CC0 1.0,MEDLINE cooccurrence,false
DOID:2377,D009128,CC0 1.0,MEDLINE cooccurrence,false
DOID:8778,D013746,CC0 1.0,MEDLINE cooccurrence,false
DOID:1115,D041781,CC0 1.0,MEDLINE cooccurrence,false
DOID:11476,D055948,CC0 1.0,MEDLINE cooccurrence,false
DOID:9835,D014103,CC0 1.0,MEDLINE cooccurrence,false
DOID:12365,D001724,CC0 1.0,MEDLINE cooccurrence,false
DOID:1781,D006732,CC0 1.0,MEDLINE cooccurrence,false
DOID:1319,D004244,CC0 1.0,MEDLINE cooccurrence,false
DOID:1781,D014826,CC0 1.0,MEDLINE cooccurrence,false
DOID:2043,D006942,CC0 1.0,MEDLINE cooccurrence,false
DOID:13499,D018589,CC0 1.0,MEDLINE cooccurrence,false
DOID:11615,D053159,CC0 1.0,MEDLINE cooccurrence,false
DOID:2994,D003085,CC0 1.0,MEDLINE cooccurrence,false
DOID:3565,D014839,CC0 1.0,MEDLINE cooccurrence,false
DOID:12361,D001766,CC0 1.0,MEDLINE cooccurrence,false
DOID:7147,D014313,CC0 1.0,MEDLINE cooccurrence,false
DOID:1459,D001835,CC0 1.0,MEDLINE cooccurrence,false
DOID:11949,D020233,CC0 1.0,MEDLINE cooccurrence,false
DOID:418,D003967,CC0 1.0,MEDLINE cooccurrence,false
DOID:1319,D012021,CC0 1.0,MEDLINE cooccurrence,false
DOID:12849,D013064,CC0 1.0,MEDLINE cooccurrence,false
DOID:594,D020886,CC0 1.0,MEDLINE cooccurrence,false
DOID:8577,D011694,CC0 1.0,MEDLINE cooccurrence,false
DOID:1192,D006314,CC0 1.0,MEDLINE cooccurrence,false
DOID:10652,D007859,CC0 1.0,MEDLINE cooccurrence,false
DOID:9970,D063766,CC0 1.0,MEDLINE cooccurrence,false
DOID:10763,D007024,CC0 1.0,MEDLINE cooccurrence,false
DOID:2355,D006319,CC0 1.0,MEDLINE cooccurrence,false
DOID:4045,D012585,CC0 1.0,MEDLINE cooccurrence,false
DOID:11934,D065634,CC0 1.0,MEDLINE cooccurrence,false
DOID:5612,D020234,CC0 1.0,MEDLINE cooccurrence,false
DOID:2994,D002558,CC0 1.0,MEDLINE cooccurrence,false
DOID:3565,D004411,CC0 1.0,MEDLINE cooccurrence,false
DOID:11714,D005320,CC0 1.0,MEDLINE cooccurrence,false
DOID:9296,D007805,CC0 1.0,MEDLINE cooccurrence,false
DOID:1686,D020795,CC0 1.0,MEDLINE cooccurrence,false
DOID:11612,D014770,CC0 1.0,MEDLINE cooccurrence,false
DOID:11934,D005132,CC0 1.0,MEDLINE cooccurrence,false
DOID:13378,D007565,CC0 1.0,MEDLINE cooccurrence,false
DOID:1319,D000377,CC0 1.0,MEDLINE cooccurrence,false
DOID:11934,D000855,CC0 1.0,MEDLINE cooccurrence,false
DOID:3565,D014717,CC0 1.0,MEDLINE cooccurrence,false
DOID:219,D000860,CC0 1.0,MEDLINE cooccurrence,false
DOID:2596,D004487,CC0 1.0,MEDLINE cooccurrence,false
DOID:635,D005334,CC0 1.0,MEDLINE cooccurrence,false
DOID:2377,D059411,CC0 1.0,MEDLINE cooccurrence,false
DOID:8398,D020233,CC0 1.0,MEDLINE cooccurrence,false
DOID:10283,D010146,CC0 1.0,MEDLINE cooccurrence,false
DOID:2377,D006313,CC0 1.0,MEDLINE cooccurrence,false
DOID:1993,D011538,CC0 1.0,MEDLINE cooccurrence,false
DOID:1324,D006469,CC0 1.0,MEDLINE cooccurrence,false
DOID:11476,D019584,CC0 1.0,MEDLINE cooccurrence,false
DOID:2994,D007040,CC0 1.0,MEDLINE cooccurrence,false
DOID:3571,D014840,CC0 1.0,MEDLINE cooccurrence,false
DOID:3070,D006985,CC0 1.0,MEDLINE cooccurrence,false
DOID:11920,D006685,CC0 1.0,MEDLINE cooccurrence,false
DOID:2174,D002832,CC0 1.0,MEDLINE cooccurrence,false
DOID:824,D014098,CC0 1.0,MEDLINE cooccurrence,false
DOID:10608,D001259,CC0 1.0,MEDLINE cooccurrence,false
DOID:1192,D010591,CC0 1.0,MEDLINE cooccurrence,false
DOID:3070,D004172,CC0 1.0,MEDLINE cooccurrence,false
DOID:8893,D011539,CC0 1.0,MEDLINE cooccurrence,false
DOID:0060119,D014012,CC0 1.0,MEDLINE cooccurrence,false
DOID:0050741,D000425,CC0 1.0,MEDLINE cooccurrence,false
DOID:9074,D004438,CC0 1.0,MEDLINE cooccurrence,false
DOID:3070,D001766,CC0 1.0,MEDLINE cooccurrence,false
DOID:12930,D001926,CC0 1.0,MEDLINE cooccurrence,false
DOID:5419,D011595,CC0 1.0,MEDLINE cooccurrence,false
DOID:5419,D001041,CC0 1.0,MEDLINE cooccurrence,false
DOID:1826,D007859,CC0 1.0,MEDLINE cooccurrence,false
DOID:5559,D015160,CC0 1.0,MEDLINE cooccurrence,false
DOID:2377,D014786,CC0 1.0,MEDLINE cooccurrence,false
DOID:7148,D006319,CC0 1.0,MEDLINE cooccurrence,false
DOID:11934,D006209,CC0 1.0,MEDLINE cooccurrence,false
DOID:9074,D006469,CC0 1.0,MEDLINE cooccurrence,false
DOID:2841,D007040,CC0 1.0,MEDLINE cooccurrence,false
DOID:3070,D009325,CC0 1.0,MEDLINE cooccurrence,false
DOID:175,D011693,CC0 1.0,MEDLINE cooccurrence,false
DOID:7693,D021501,CC0 1.0,MEDLINE cooccurrence,false
DOID:11476,D019588,CC0 1.0,MEDLINE cooccurrence,false
DOID:9296,D001184,CC0 1.0,MEDLINE cooccurrence,false
DOID:2531,D005334,CC0 1.0,MEDLINE cooccurrence,false
DOID:1192,D034381,CC0 1.0,MEDLINE cooccurrence,false
DOID:9074,D002819,CC0 1.0,MEDLINE cooccurrence,false
DOID:11054,D010149,CC0 1.0,MEDLINE cooccurrence,false
DOID:2994,D003967,CC0 1.0,MEDLINE cooccurrence,false
DOID:5419,D013342,CC0 1.0,MEDLINE cooccurrence,false
DOID:1459,D002819,CC0 1.0,MEDLINE cooccurrence,false
DOID:6364,D015877,CC0 1.0,MEDLINE cooccurrence,false
DOID:3565,D006313,CC0 1.0,MEDLINE cooccurrence,false
DOID:3565,D001259,CC0 1.0,MEDLINE cooccurrence,false
DOID:0050741,D007035,CC0 1.0,MEDLINE cooccurrence,false
DOID:219,D000855,CC0 1.0,MEDLINE cooccurrence,false
DOID:9008,D018771,CC0 1.0,MEDLINE cooccurrence,false
DOID:1319,D005862,CC0 1.0,MEDLINE cooccurrence,false
DOID:11119,D006816,CC0 1.0,MEDLINE cooccurrence,false
DOID:1192,D006311,CC0 1.0,MEDLINE cooccurrence,false
DOID:3277,D001260,CC0 1.0,MEDLINE cooccurrence,false
DOID:1319,D003128,CC0 1.0,MEDLINE cooccurrence,false
DOID:11476,D009133,CC0 1.0,MEDLINE cooccurrence,false
DOID:1319,D006311,CC0 1.0,MEDLINE cooccurrence,false
DOID:184,D065634,CC0 1.0,MEDLINE cooccurrence,false
DOID:1459,D012021,CC0 1.0,MEDLINE cooccurrence,false
DOID:4045,D041781,CC0 1.0,MEDLINE cooccurrence,false
DOID:14268,D004314,CC0 1.0,MEDLINE cooccurrence,false
DOID:4045,D004487,CC0 1.0,MEDLINE cooccurrence,false
DOID:418,D003490,CC0 1.0,MEDLINE cooccurrence,false
DOID:1909,D012607,CC0 1.0,MEDLINE cooccurrence,false
DOID:9744,D001835,CC0 1.0,MEDLINE cooccurrence,false
DOID:7148,D005157,CC0 1.0,MEDLINE cooccurrence,false
DOID:2994,D014008,CC0 1.0,MEDLINE cooccurrence,false
DOID:585,D003085,CC0 1.0,MEDLINE cooccurrence,false
DOID:8986,D020447,CC0 1.0,MEDLINE cooccurrence,false
DOID:11949,D006423,CC0 1.0,MEDLINE cooccurrence,false
DOID:12849,D005600,CC0 1.0,MEDLINE cooccurrence,false
DOID:3571,D006396,CC0 1.0,MEDLINE cooccurrence,false
DOID:3312,D007319,CC0 1.0,MEDLINE cooccurrence,false
DOID:14221,D054058,CC0 1.0,MEDLINE cooccurrence,false
DOID:1793,D010148,CC0 1.0,MEDLINE cooccurrence,false
DOID:14330,D010591,CC0 1.0,MEDLINE cooccurrence,false
DOID:4481,D012913,CC0 1.0,MEDLINE cooccurrence,false
DOID:1324,D006685,CC0 1.0,MEDLINE cooccurrence,false
DOID:1094,D020178,CC0 1.0,MEDLINE cooccurrence,false
DOID:10941,D020324,CC0 1.0,MEDLINE cooccurrence,false
DOID:5419,D004421,CC0 1.0,MEDLINE cooccurrence,false
DOID:332,D010292,CC0 1.0,MEDLINE cooccurrence,false
DOID:4481,D004487,CC0 1.0,MEDLINE cooccurrence,false
DOID:2994,D011782,CC0 1.0,MEDLINE cooccurrence,false
DOID:3565,D034381,CC0 1.0,MEDLINE cooccurrence,false
DOID:12185,D046089,CC0 1.0,MEDLINE cooccurrence,false
DOID:3571,D005262,CC0 1.0,MEDLINE cooccurrence,false
DOID:11934,D014012,CC0 1.0,MEDLINE cooccurrence,false
DOID:9744,D014929,CC0 1.0,MEDLINE cooccurrence,false
DOID:332,D005207,CC0 1.0,MEDLINE cooccurrence,false
DOID:9296,D013064,CC0 1.0,MEDLINE cooccurrence,false
DOID:14330,D001750,CC0 1.0,MEDLINE cooccurrence,false
DOID:1826,D009123,CC0 1.0,MEDLINE cooccurrence,false
DOID:9074,D005221,CC0 1.0,MEDLINE cooccurrence,false
DOID:1324,D004433,CC0 1.0,MEDLINE cooccurrence,false
DOID:184,D058447,CC0 1.0,MEDLINE cooccurrence,false
DOID:3070,D006423,CC0 1.0,MEDLINE cooccurrence,false
DOID:12365,D020179,CC0 1.0,MEDLINE cooccurrence,false
DOID:1115,D053159,CC0 1.0,MEDLINE cooccurrence,false
DOID:184,D010591,CC0 1.0,MEDLINE cooccurrence,false
DOID:4989,D020078,CC0 1.0,MEDLINE cooccurrence,false
DOID:7148,D005132,CC0 1.0,MEDLINE cooccurrence,false
DOID:12365,D006456,CC0 1.0,MEDLINE cooccurrence,false
DOID:12185,D006319,CC0 1.0,MEDLINE cooccurrence,false
DOID:1781,D010149,CC0 1.0,MEDLINE cooccurrence,false
DOID:824,D001724,CC0 1.0,MEDLINE cooccurrence,false
DOID:1459,D009461,CC0 1.0,MEDLINE cooccurrence,false
DOID:2998,D000006,CC0 1.0,MEDLINE cooccurrence,false
DOID:0050741,D001247,CC0 1.0,MEDLINE cooccurrence,false
DOID:5041,D001835,CC0 1.0,MEDLINE cooccurrence,false
DOID:12365,D011537,CC0 1.0,MEDLINE cooccurrence,false
DOID:11934,D010292,CC0 1.0,MEDLINE cooccurrence,false
DOID:6364,D003244,CC0 1.0,MEDLINE cooccurrence,false
DOID:10608,D003248,CC0 1.0,MEDLINE cooccurrence,false
DOID:11119,D004409,CC0 1.0,MEDLINE cooccurrence,false
DOID:1793,D000855,CC0 1.0,MEDLINE cooccurrence,false
DOID:14330,D014549,CC0 1.0,MEDLINE cooccurrence,false
DOID:10871,D020795,CC0 1.0,MEDLINE cooccurrence,false
DOID:3312,D006212,CC0 1.0,MEDLINE cooccurrence,false
DOID:6364,D000270,CC0 1.0,MEDLINE cooccurrence,false
DOID:2998,D006316,CC0 1.0,MEDLINE cooccurrence,false
DOID:10652,D000857,CC0 1.0,MEDLINE cooccurrence,false
DOID:363,D014550,CC0 1.0,MEDLINE cooccurrence,false
DOID:1192,D001416,CC0 1.0,MEDLINE cooccurrence,false
DOID:11934,D020385,CC0 1.0,MEDLINE cooccurrence,false
DOID:3277,D011696,CC0 1.0,MEDLINE cooccurrence,false
DOID:2841,D004417,CC0 1.0,MEDLINE cooccurrence,false
DOID:12365,D055665,CC0 1.0,MEDLINE cooccurrence,false
DOID:0050741,D002032,CC0 1.0,MEDLINE cooccurrence,false
DOID:184,D006987,CC0 1.0,MEDLINE cooccurrence,false
DOID:9296,D005884,CC0 1.0,MEDLINE cooccurrence,false
DOID:3565,D017116,CC0 1.0,MEDLINE cooccurrence,false
DOID:2377,D006316,CC0 1.0,MEDLINE cooccurrence,false
DOID:1324,D004417,CC0 1.0,MEDLINE cooccurrence,false
DOID:11239,D014839,CC0 1.0,MEDLINE cooccurrence,false
DOID:11949,D008569,CC0 1.0,MEDLINE cooccurrence,false
DOID:0050741,D006212,CC0 1.0,MEDLINE cooccurrence,false
DOID:1793,D009325,CC0 1.0,MEDLINE cooccurrence,false
DOID:7147,D006987,CC0 1.0,MEDLINE cooccurrence,false
DOID:3070,D006261,CC0 1.0,MEDLINE cooccurrence,false
DOID:3565,D018908,CC0 1.0,MEDLINE cooccurrence,false
DOID:2994,D000860,CC0 1.0,MEDLINE cooccurrence,false
DOID:6364,D020886,CC0 1.0,MEDLINE cooccurrence,false
DOID:10534,D015746,CC0 1.0,MEDLINE cooccurrence,false
DOID:986,D011537,CC0 1.0,MEDLINE cooccurrence,false
DOID:8893,D018771,CC0 1.0,MEDLINE cooccurrence,false
DOID:4045,D014549,CC0 1.0,MEDLINE cooccurrence,false
DOID:12236,D005221,CC0 1.0,MEDLINE cooccurrence,false
DOID:1595,D006970,CC0 1.0,MEDLINE cooccurrence,false
DOID:9296,D013342,CC0 1.0,MEDLINE cooccurrence,false
DOID:1319,D014012,CC0 1.0,MEDLINE cooccurrence,false
DOID:5419,D009903,CC0 1.0,MEDLINE cooccurrence,false
DOID:2531,D008998,CC0 1.0,MEDLINE cooccurrence,false
DOID:7147,D004244,CC0 1.0,MEDLINE cooccurrence,false
DOID:1686,D005132,CC0 1.0,MEDLINE cooccurrence,false
DOID:9970,D007040,CC0 1.0,MEDLINE cooccurrence,false
DOID:2841,D016857,CC0 1.0,MEDLINE cooccurrence,false
DOID:3083,D020181,CC0 1.0,MEDLINE cooccurrence,false
DOID:0050425,D010591,CC0 1.0,MEDLINE cooccurrence,false
DOID:1793,D001416,CC0 1.0,MEDLINE cooccurrence,false
DOID:11714,D050177,CC0 1.0,MEDLINE cooccurrence,false
DOID:2377,D004411,CC0 1.0,MEDLINE cooccurrence,false
DOID:184,D012585,CC0 1.0,MEDLINE cooccurrence,false
DOID:3310,D006942,CC0 1.0,MEDLINE cooccurrence,false
DOID:594,D014717,CC0 1.0,MEDLINE cooccurrence,false
DOID:1319,D004401,CC0 1.0,MEDLINE cooccurrence,false
DOID:3310,D011537,CC0 1.0,MEDLINE cooccurrence,false
DOID:184,D018437,CC0 1.0,MEDLINE cooccurrence,false
DOID:0060119,D002559,CC0 1.0,MEDLINE cooccurrence,false
DOID:5875,D021501,CC0 1.0,MEDLINE cooccurrence,false
DOID:418,D010292,CC0 1.0,MEDLINE cooccurrence,false
DOID:6364,D010146,CC0 1.0,MEDLINE cooccurrence,false
DOID:8778,D016553,CC0 1.0,MEDLINE cooccurrence,false
DOID:9206,D003635,CC0 1.0,MEDLINE cooccurrence,false
DOID:2377,D012607,CC0 1.0,MEDLINE cooccurrence,false
DOID:184,D018771,CC0 1.0,MEDLINE cooccurrence,false
DOID:1192,D018908,CC0 1.0,MEDLINE cooccurrence,false
DOID:6364,D014103,CC0 1.0,MEDLINE cooccurrence,false
DOID:9970,D009767,CC0 1.0,MEDLINE cooccurrence,false
DOID:1612,D005222,CC0 1.0,MEDLINE cooccurrence,false
DOID:1324,D053578,CC0 1.0,MEDLINE cooccurrence,false
DOID:14268,D005221,CC0 1.0,MEDLINE cooccurrence,false
DOID:9074,D006319,CC0 1.0,MEDLINE cooccurrence,false
DOID:9744,D005320,CC0 1.0,MEDLINE cooccurrence,false
DOID:10871,D015354,CC0 1.0,MEDLINE cooccurrence,false
DOID:5041,D009325,CC0 1.0,MEDLINE cooccurrence,false
DOID:11612,D056128,CC0 1.0,MEDLINE cooccurrence,false
DOID:585,D010149,CC0 1.0,MEDLINE cooccurrence,false
DOID:0050741,D007565,CC0 1.0,MEDLINE cooccurrence,false
DOID:1192,D020335,CC0 1.0,MEDLINE cooccurrence,false
DOID:3310,D020078,CC0 1.0,MEDLINE cooccurrence,false
DOID:3571,D011693,CC0 1.0,MEDLINE cooccurrence,false
DOID:1319,D018908,CC0 1.0,MEDLINE cooccurrence,false
DOID:3312,D020178,CC0 1.0,MEDLINE cooccurrence,false
DOID:11934,D000857,CC0 1.0,MEDLINE cooccurrence,false
DOID:1595,D002032,CC0 1.0,MEDLINE cooccurrence,false
DOID:9835,D002832,CC0 1.0,MEDLINE cooccurrence,false
DOID:10283,D005221,CC0 1.0,MEDLINE cooccurrence,false
DOID:8398,D017288,CC0 1.0,MEDLINE cooccurrence,false
DOID:0060119,D001766,CC0 1.0,MEDLINE cooccurrence,false
DOID:3393,D000787,CC0 1.0,MEDLINE cooccurrence,false
DOID:2377,D015354,CC0 1.0,MEDLINE cooccurrence,false
DOID:6364,D000788,CC0 1.0,MEDLINE cooccurrence,false
DOID:3277,D002637,CC0 1.0,MEDLINE cooccurrence,false
DOID:2377,D002819,CC0 1.0,MEDLINE cooccurrence,false
DOID:10941,D009886,CC0 1.0,MEDLINE cooccurrence,false
DOID:263,D015746,CC0 1.0,MEDLINE cooccurrence,false
DOID:6364,D014786,CC0 1.0,MEDLINE cooccurrence,false
DOID:2841,D009058,CC0 1.0,MEDLINE cooccurrence,false
DOID:5419,D006948,CC0 1.0,MEDLINE cooccurrence,false
DOID:10941,D008580,CC0 1.0,MEDLINE cooccurrence,false
DOID:1686,D012166,CC0 1.0,MEDLINE cooccurrence,false
DOID:11476,D001416,CC0 1.0,MEDLINE cooccurrence,false
DOID:3277,D008998,CC0 1.0,MEDLINE cooccurrence,false
DOID:12365,D009461,CC0 1.0,MEDLINE cooccurrence,false
DOID:119,D014550,CC0 1.0,MEDLINE cooccurrence,false
DOID:8398,D059787,CC0 1.0,MEDLINE cooccurrence,false
DOID:11714,D001724,CC0 1.0,MEDLINE cooccurrence,false
DOID:0060119,D003638,CC0 1.0,MEDLINE cooccurrence,false
DOID:5612,D006987,CC0 1.0,MEDLINE cooccurrence,false
DOID:1192,D003639,CC0 1.0,MEDLINE cooccurrence,false
DOID:263,D014839,CC0 1.0,MEDLINE cooccurrence,false
DOID:1826,D054221,CC0 1.0,MEDLINE cooccurrence,false
DOID:2355,D005316,CC0 1.0,MEDLINE cooccurrence,false
DOID:119,D014839,CC0 1.0,MEDLINE cooccurrence,false
DOID:7147,D019547,CC0 1.0,MEDLINE cooccurrence,false
DOID:5408,D010264,CC0 1.0,MEDLINE cooccurrence,false
DOID:3565,D014786,CC0 1.0,MEDLINE cooccurrence,false
DOID:1781,D006685,CC0 1.0,MEDLINE cooccurrence,false
DOID:0060119,D001184,CC0 1.0,MEDLINE cooccurrence,false
DOID:219,D003248,CC0 1.0,MEDLINE cooccurrence,false
DOID:11920,D012135,CC0 1.0,MEDLINE cooccurrence,false
DOID:1459,D009912,CC0 1.0,MEDLINE cooccurrence,false
DOID:3310,D012877,CC0 1.0,MEDLINE cooccurrence,false
DOID:7147,D014717,CC0 1.0,MEDLINE cooccurrence,false
DOID:1094,D004688,CC0 1.0,MEDLINE cooccurrence,false
DOID:10941,D001766,CC0 1.0,MEDLINE cooccurrence,false
DOID:418,D011693,CC0 1.0,MEDLINE cooccurrence,false
DOID:13241,D006429,CC0 1.0,MEDLINE cooccurrence,false
DOID:2355,D038901,CC0 1.0,MEDLINE cooccurrence,false
DOID:1725,D001247,CC0 1.0,MEDLINE cooccurrence,false
DOID:332,D009461,CC0 1.0,MEDLINE cooccurrence,false
DOID:2994,D001039,CC0 1.0,MEDLINE cooccurrence,false
DOID:1324,D005221,CC0 1.0,MEDLINE cooccurrence,false
DOID:3312,D053608,CC0 1.0,MEDLINE cooccurrence,false
DOID:10153,D005483,CC0 1.0,MEDLINE cooccurrence,false
DOID:1192,D012001,CC0 1.0,MEDLINE cooccurrence,false
DOID:10283,D014549,CC0 1.0,MEDLINE cooccurrence,false
DOID:0050425,D012913,CC0 1.0,MEDLINE cooccurrence,false
DOID:1826,D000647,CC0 1.0,MEDLINE cooccurrence,false
DOID:184,D010292,CC0 1.0,MEDLINE cooccurrence,false
DOID:9744,D059606,CC0 1.0,MEDLINE cooccurrence,false
DOID:6364,D020795,CC0 1.0,MEDLINE cooccurrence,false
DOID:1024,D005132,CC0 1.0,MEDLINE cooccurrence,false
DOID:1094,D012891,CC0 1.0,MEDLINE cooccurrence,false
DOID:5559,D003371,CC0 1.0,MEDLINE cooccurrence,false
DOID:635,D005335,CC0 1.0,MEDLINE cooccurrence,false
DOID:0060119,D013651,CC0 1.0,MEDLINE cooccurrence,false
DOID:11119,D012893,CC0 1.0,MEDLINE cooccurrence,false
DOID:11119,D014103,CC0 1.0,MEDLINE cooccurrence,false
DOID:10283,D010264,CC0 1.0,MEDLINE cooccurrence,false
DOID:1790,D000855,CC0 1.0,MEDLINE cooccurrence,false
DOID:5875,D001750,CC0 1.0,MEDLINE cooccurrence,false
DOID:9744,D006319,CC0 1.0,MEDLINE cooccurrence,false
DOID:11949,D019569,CC0 1.0,MEDLINE cooccurrence,false
DOID:0050741,D008569,CC0 1.0,MEDLINE cooccurrence,false
DOID:14221,D055948,CC0 1.0,MEDLINE cooccurrence,false
DOID:5612,D010148,CC0 1.0,MEDLINE cooccurrence,false
DOID:10941,D005157,CC0 1.0,MEDLINE cooccurrence,false
DOID:2355,D015160,CC0 1.0,MEDLINE cooccurrence,false
DOID:2841,D014832,CC0 1.0,MEDLINE cooccurrence,false
DOID:5041,D000855,CC0 1.0,MEDLINE cooccurrence,false
DOID:11934,D005157,CC0 1.0,MEDLINE cooccurrence,false
DOID:9352,D011507,CC0 1.0,MEDLINE cooccurrence,false
DOID:3565,D014549,CC0 1.0,MEDLINE cooccurrence,false
DOID:3070,D019547,CC0 1.0,MEDLINE cooccurrence,false
DOID:11949,D014786,CC0 1.0,MEDLINE cooccurrence,false
DOID:1319,D065634,CC0 1.0,MEDLINE cooccurrence,false
DOID:986,D013746,CC0 1.0,MEDLINE cooccurrence,false
DOID:2994,D006732,CC0 1.0,MEDLINE cooccurrence,false
DOID:7148,D062706,CC0 1.0,MEDLINE cooccurrence,false
DOID:3565,D010292,CC0 1.0,MEDLINE cooccurrence,false
DOID:11119,D008607,CC0 1.0,MEDLINE cooccurrence,false
DOID:2377,D008569,CC0 1.0,MEDLINE cooccurrence,false
DOID:3070,D001260,CC0 1.0,MEDLINE cooccurrence,false
DOID:1094,D012893,CC0 1.0,MEDLINE cooccurrence,false
DOID:9074,D009912,CC0 1.0,MEDLINE cooccurrence,false
DOID:10871,D020754,CC0 1.0,MEDLINE cooccurrence,false
DOID:3393,D000788,CC0 1.0,MEDLINE cooccurrence,false
DOID:5408,D003638,CC0 1.0,MEDLINE cooccurrence,false
DOID:2377,D014549,CC0 1.0,MEDLINE cooccurrence,false
DOID:5408,D014717,CC0 1.0,MEDLINE cooccurrence,false
DOID:175,D001416,CC0 1.0,MEDLINE cooccurrence,false
DOID:418,D011537,CC0 1.0,MEDLINE cooccurrence,false
DOID:1324,D018908,CC0 1.0,MEDLINE cooccurrence,false
DOID:3070,D020233,CC0 1.0,MEDLINE cooccurrence,false
DOID:11934,D004415,CC0 1.0,MEDLINE cooccurrence,false
DOID:1826,D020919,CC0 1.0,MEDLINE cooccurrence,false
DOID:2377,D005158,CC0 1.0,MEDLINE cooccurrence,false
DOID:263,D017116,CC0 1.0,MEDLINE cooccurrence,false
DOID:2355,D016534,CC0 1.0,MEDLINE cooccurrence,false
DOID:11934,D003371,CC0 1.0,MEDLINE cooccurrence,false
DOID:11949,D009207,CC0 1.0,MEDLINE cooccurrence,false
DOID:2841,D001724,CC0 1.0,MEDLINE cooccurrence,false
DOID:2355,D004614,CC0 1.0,MEDLINE cooccurrence,false
DOID:1312,D000419,CC0 1.0,MEDLINE cooccurrence,false
DOID:1319,D001766,CC0 1.0,MEDLINE cooccurrence,false
DOID:1024,D010292,CC0 1.0,MEDLINE cooccurrence,false
DOID:12236,D009755,CC0 1.0,MEDLINE cooccurrence,false
DOID:635,D009325,CC0 1.0,MEDLINE cooccurrence,false
DOID:1790,D005335,CC0 1.0,MEDLINE cooccurrence,false
DOID:3571,D010149,CC0 1.0,MEDLINE cooccurrence,false
DOID:216,D001835,CC0 1.0,MEDLINE cooccurrence,false
DOID:1793,D002100,CC0 1.0,MEDLINE cooccurrence,false
DOID:14330,D012678,CC0 1.0,MEDLINE cooccurrence,false
DOID:8850,D018908,CC0 1.0,MEDLINE cooccurrence,false
DOID:1319,D019569,CC0 1.0,MEDLINE cooccurrence,false
DOID:11934,D010243,CC0 1.0,MEDLINE cooccurrence,false
DOID:5612,D006732,CC0 1.0,MEDLINE cooccurrence,false
DOID:2355,D006472,CC0 1.0,MEDLINE cooccurrence,false
DOID:7147,D010243,CC0 1.0,MEDLINE cooccurrence,false
DOID:594,D006935,CC0 1.0,MEDLINE cooccurrence,false
DOID:3571,D002100,CC0 1.0,MEDLINE cooccurrence,false
DOID:2596,D014832,CC0 1.0,MEDLINE cooccurrence,false
DOID:1024,D009437,CC0 1.0,MEDLINE cooccurrence,false
DOID:13241,D009461,CC0 1.0,MEDLINE cooccurrence,false
DOID:10763,D001724,CC0 1.0,MEDLINE cooccurrence,false
DOID:1319,D002559,CC0 1.0,MEDLINE cooccurrence,false
DOID:4159,D012877,CC0 1.0,MEDLINE cooccurrence,false
DOID:10021,D041781,CC0 1.0,MEDLINE cooccurrence,false
DOID:263,D010264,CC0 1.0,MEDLINE cooccurrence,false
DOID:5559,D001416,CC0 1.0,MEDLINE cooccurrence,false
DOID:1790,D000006,CC0 1.0,MEDLINE cooccurrence,false
DOID:11054,D005334,CC0 1.0,MEDLINE cooccurrence,false
DOID:1686,D012415,CC0 1.0,MEDLINE cooccurrence,false
DOID:14004,D020335,CC0 1.0,MEDLINE cooccurrence,false
DOID:3083,D004417,CC0 1.0,MEDLINE cooccurrence,false
DOID:3571,D003967,CC0 1.0,MEDLINE cooccurrence,false
DOID:3565,D003244,CC0 1.0,MEDLINE cooccurrence,false
DOID:11920,D001049,CC0 1.0,MEDLINE cooccurrence,false
DOID:1192,D006732,CC0 1.0,MEDLINE cooccurrence,false
DOID:7148,D011694,CC0 1.0,MEDLINE cooccurrence,false
DOID:3565,D020233,CC0 1.0,MEDLINE cooccurrence,false
DOID:10941,D002559,CC0 1.0,MEDLINE cooccurrence,false
DOID:2841,D020181,CC0 1.0,MEDLINE cooccurrence,false
DOID:2377,D000326,CC0 1.0,MEDLINE cooccurrence,false
DOID:1324,D006732,CC0 1.0,MEDLINE cooccurrence,false
DOID:263,D005221,CC0 1.0,MEDLINE cooccurrence,false
DOID:184,D010243,CC0 1.0,MEDLINE cooccurrence,false
DOID:10283,D059226,CC0 1.0,MEDLINE cooccurrence,false
DOID:3571,D015746,CC0 1.0,MEDLINE cooccurrence,false
DOID:2355,D015746,CC0 1.0,MEDLINE cooccurrence,false
DOID:1725,D015746,CC0 1.0,MEDLINE cooccurrence,false
DOID:1094,D012678,CC0 1.0,MEDLINE cooccurrence,false
DOID:2377,D010264,CC0 1.0,MEDLINE cooccurrence,false
DOID:1319,D007806,CC0 1.0,MEDLINE cooccurrence,false
DOID:5559,D012135,CC0 1.0,MEDLINE cooccurrence,false
DOID:1826,D013009,CC0 1.0,MEDLINE cooccurrence,false
DOID:3953,D014770,CC0 1.0,MEDLINE cooccurrence,false
DOID:10021,D000855,CC0 1.0,MEDLINE cooccurrence,false
DOID:1319,D008580,CC0 1.0,MEDLINE cooccurrence,false
DOID:3571,D015160,CC0 1.0,MEDLINE cooccurrence,false
DOID:784,D013651,CC0 1.0,MEDLINE cooccurrence,false
DOID:1826,D011602,CC0 1.0,MEDLINE cooccurrence,false
DOID:1319,D001259,CC0 1.0,MEDLINE cooccurrence,false
DOID:1115,D011693,CC0 1.0,MEDLINE cooccurrence,false
DOID:5419,D013064,CC0 1.0,MEDLINE cooccurrence,false
DOID:11054,D011141,CC0 1.0,MEDLINE cooccurrence,false
DOID:184,D001416,CC0 1.0,MEDLINE cooccurrence,false
DOID:7148,D037061,CC0 1.0,MEDLINE cooccurrence,false
DOID:2841,D003490,CC0 1.0,MEDLINE cooccurrence,false
DOID:1319,D020915,CC0 1.0,MEDLINE cooccurrence,false
DOID:2994,D012585,CC0 1.0,MEDLINE cooccurrence,false
DOID:418,D009461,CC0 1.0,MEDLINE cooccurrence,false
DOID:0050425,D020187,CC0 1.0,MEDLINE cooccurrence,false
DOID:1612,D010146,CC0 1.0,MEDLINE cooccurrence,false
DOID:4989,D006396,CC0 1.0,MEDLINE cooccurrence,false
DOID:1319,D012640,CC0 1.0,MEDLINE cooccurrence,false
DOID:10941,D015878,CC0 1.0,MEDLINE cooccurrence,false
DOID:14330,D001184,CC0 1.0,MEDLINE cooccurrence,false
DOID:3070,D008569,CC0 1.0,MEDLINE cooccurrence,false
DOID:3277,D006337,CC0 1.0,MEDLINE cooccurrence,false
DOID:12361,D005132,CC0 1.0,MEDLINE cooccurrence,false
DOID:1324,D015845,CC0 1.0,MEDLINE cooccurrence,false
DOID:216,D006209,CC0 1.0,MEDLINE cooccurrence,false
DOID:13499,D015746,CC0 1.0,MEDLINE cooccurrence,false
DOID:3070,D012585,CC0 1.0,MEDLINE cooccurrence,false
DOID:3070,D010264,CC0 1.0,MEDLINE cooccurrence,false
DOID:184,D059390,CC0 1.0,MEDLINE cooccurrence,false
DOID:3312,D013064,CC0 1.0,MEDLINE cooccurrence,false
DOID:2394,D053578,CC0 1.0,MEDLINE cooccurrence,false
DOID:4362,D001750,CC0 1.0,MEDLINE cooccurrence,false
DOID:8986,D020923,CC0 1.0,MEDLINE cooccurrence,false
DOID:10763,D011141,CC0 1.0,MEDLINE cooccurrence,false
DOID:3953,D005335,CC0 1.0,MEDLINE cooccurrence,false
DOID:11934,D034381,CC0 1.0,MEDLINE cooccurrence,false
DOID:635,D003371,CC0 1.0,MEDLINE cooccurrence,false
DOID:11934,D002558,CC0 1.0,MEDLINE cooccurrence,false
DOID:263,D010149,CC0 1.0,MEDLINE cooccurrence,false
DOID:2994,D012607,CC0 1.0,MEDLINE cooccurrence,false
DOID:2994,D004244,CC0 1.0,MEDLINE cooccurrence,false
DOID:1094,D001184,CC0 1.0,MEDLINE cooccurrence,false
DOID:1319,D009886,CC0 1.0,MEDLINE cooccurrence,false
DOID:0060119,D004433,CC0 1.0,MEDLINE cooccurrence,false
DOID:1826,D000377,CC0 1.0,MEDLINE cooccurrence,false
DOID:418,D018771,CC0 1.0,MEDLINE cooccurrence,false
DOID:1319,D009325,CC0 1.0,MEDLINE cooccurrence,false
DOID:332,D003371,CC0 1.0,MEDLINE cooccurrence,false
DOID:594,D007319,CC0 1.0,MEDLINE cooccurrence,false
DOID:1459,D006685,CC0 1.0,MEDLINE cooccurrence,false
DOID:8893,D010146,CC0 1.0,MEDLINE cooccurrence,false
DOID:332,D001259,CC0 1.0,MEDLINE cooccurrence,false
DOID:1192,D013651,CC0 1.0,MEDLINE cooccurrence,false
DOID:2994,D004487,CC0 1.0,MEDLINE cooccurrence,false
DOID:8986,D012892,CC0 1.0,MEDLINE cooccurrence,false
DOID:13241,D005335,CC0 1.0,MEDLINE cooccurrence,false
DOID:8398,D020069,CC0 1.0,MEDLINE cooccurrence,false
DOID:0050741,D000381,CC0 1.0,MEDLINE cooccurrence,false
DOID:12365,D005335,CC0 1.0,MEDLINE cooccurrence,false
DOID:1245,D014550,CC0 1.0,MEDLINE cooccurrence,false
DOID:0060119,D006732,CC0 1.0,MEDLINE cooccurrence,false
DOID:1725,D000006,CC0 1.0,MEDLINE cooccurrence,false
DOID:1024,D004487,CC0 1.0,MEDLINE cooccurrence,false
DOID:4362,D011602,CC0 1.0,MEDLINE cooccurrence,false
DOID:11119,D002375,CC0 1.0,MEDLINE cooccurrence,false
DOID:2596,D012135,CC0 1.0,MEDLINE cooccurrence,false
DOID:4362,D009325,CC0 1.0,MEDLINE cooccurrence,false
DOID:5612,D020886,CC0 1.0,MEDLINE cooccurrence,false
DOID:7148,D002100,CC0 1.0,MEDLINE cooccurrence,false
DOID:5419,D012678,CC0 1.0,MEDLINE cooccurrence,false
DOID:14004,D010264,CC0 1.0,MEDLINE cooccurrence,false
DOID:10871,D002832,CC0 1.0,MEDLINE cooccurrence,false
DOID:1612,D003967,CC0 1.0,MEDLINE cooccurrence,false
DOID:2377,D012893,CC0 1.0,MEDLINE cooccurrence,false
DOID:14221,D064250,CC0 1.0,MEDLINE cooccurrence,false
DOID:1192,D012678,CC0 1.0,MEDLINE cooccurrence,false
DOID:9835,D015354,CC0 1.0,MEDLINE cooccurrence,false
DOID:11934,D013064,CC0 1.0,MEDLINE cooccurrence,false
DOID:4159,D005132,CC0 1.0,MEDLINE cooccurrence,false
DOID:2174,D005132,CC0 1.0,MEDLINE cooccurrence,false
DOID:13223,D010146,CC0 1.0,MEDLINE cooccurrence,false
DOID:1595,D017699,CC0 1.0,MEDLINE cooccurrence,false
DOID:11934,D009886,CC0 1.0,MEDLINE cooccurrence,false
DOID:3310,D011602,CC0 1.0,MEDLINE cooccurrence,false
DOID:3070,D000860,CC0 1.0,MEDLINE cooccurrence,false
DOID:12361,D016553,CC0 1.0,MEDLINE cooccurrence,false
DOID:2531,D051474,CC0 1.0,MEDLINE cooccurrence,false
DOID:11934,D019462,CC0 1.0,MEDLINE cooccurrence,false
DOID:2531,D005221,CC0 1.0,MEDLINE cooccurrence,false
DOID:12361,D014786,CC0 1.0,MEDLINE cooccurrence,false
DOID:6364,D010291,CC0 1.0,MEDLINE cooccurrence,false
DOID:2994,D008580,CC0 1.0,MEDLINE cooccurrence,false
DOID:9074,D011697,CC0 1.0,MEDLINE cooccurrence,false
DOID:1964,D002524,CC0 1.0,MEDLINE cooccurrence,false
DOID:2174,D001766,CC0 1.0,MEDLINE cooccurrence,false
DOID:7693,D017116,CC0 1.0,MEDLINE cooccurrence,false
DOID:10941,D018458,CC0 1.0,MEDLINE cooccurrence,false
DOID:12930,D013575,CC0 1.0,MEDLINE cooccurrence,false
DOID:9074,D006261,CC0 1.0,MEDLINE cooccurrence,false
DOID:8986,D020177,CC0 1.0,MEDLINE cooccurrence,false
DOID:8577,D005183,CC0 1.0,MEDLINE cooccurrence,false
DOID:6364,D020922,CC0 1.0,MEDLINE cooccurrence,false
DOID:1595,D008569,CC0 1.0,MEDLINE cooccurrence,false
DOID:1319,D009207,CC0 1.0,MEDLINE cooccurrence,false
DOID:11476,D011782,CC0 1.0,MEDLINE cooccurrence,false
DOID:4045,D004172,CC0 1.0,MEDLINE cooccurrence,false
DOID:9970,D013851,CC0 1.0,MEDLINE cooccurrence,false
DOID:332,D007806,CC0 1.0,MEDLINE cooccurrence,false
DOID:0050741,D014839,CC0 1.0,MEDLINE cooccurrence,false
DOID:1324,D010146,CC0 1.0,MEDLINE cooccurrence,false
DOID:263,D020335,CC0 1.0,MEDLINE cooccurrence,false
DOID:5559,D010243,CC0 1.0,MEDLINE cooccurrence,false
DOID:3070,D018908,CC0 1.0,MEDLINE cooccurrence,false
DOID:5408,D009461,CC0 1.0,MEDLINE cooccurrence,false
DOID:1324,D018437,CC0 1.0,MEDLINE cooccurrence,false
DOID:13223,D053159,CC0 1.0,MEDLINE cooccurrence,false
DOID:9835,D011304,CC0 1.0,MEDLINE cooccurrence,false
DOID:14004,D013575,CC0 1.0,MEDLINE cooccurrence,false
DOID:7147,D014103,CC0 1.0,MEDLINE cooccurrence,false
DOID:2986,D011507,CC0 1.0,MEDLINE cooccurrence,false
DOID:12306,D019080,CC0 1.0,MEDLINE cooccurrence,false
DOID:12849,D004688,CC0 1.0,MEDLINE cooccurrence,false
DOID:3083,D020182,CC0 1.0,MEDLINE cooccurrence,false
DOID:2998,D001416,CC0 1.0,MEDLINE cooccurrence,false
DOID:332,D020385,CC0 1.0,MEDLINE cooccurrence,false
DOID:11119,D009207,CC0 1.0,MEDLINE cooccurrence,false
DOID:1612,D018771,CC0 1.0,MEDLINE cooccurrence,false
DOID:0060119,D002558,CC0 1.0,MEDLINE cooccurrence,false
DOID:635,D015746,CC0 1.0,MEDLINE cooccurrence,false
DOID:14330,D012021,CC0 1.0,MEDLINE cooccurrence,false
DOID:1909,D006930,CC0 1.0,MEDLINE cooccurrence,false
DOID:13241,D012877,CC0 1.0,MEDLINE cooccurrence,false
DOID:1115,D002100,CC0 1.0,MEDLINE cooccurrence,false
DOID:11119,D020323,CC0 1.0,MEDLINE cooccurrence,false
DOID:10941,D014786,CC0 1.0,MEDLINE cooccurrence,false
DOID:10534,D003967,CC0 1.0,MEDLINE cooccurrence,false
DOID:12306,D007565,CC0 1.0,MEDLINE cooccurrence,false
DOID:1459,D006319,CC0 1.0,MEDLINE cooccurrence,false
DOID:11615,D010148,CC0 1.0,MEDLINE cooccurrence,false
DOID:363,D000855,CC0 1.0,MEDLINE cooccurrence,false
DOID:1319,D003244,CC0 1.0,MEDLINE cooccurrence,false
DOID:13378,D005158,CC0 1.0,MEDLINE cooccurrence,false
DOID:1826,D011596,CC0 1.0,MEDLINE cooccurrence,false
DOID:1319,D009155,CC0 1.0,MEDLINE cooccurrence,false
DOID:3070,D005207,CC0 1.0,MEDLINE cooccurrence,false
DOID:6364,D003085,CC0 1.0,MEDLINE cooccurrence,false
DOID:12930,D000787,CC0 1.0,MEDLINE cooccurrence,false
DOID:1459,D003638,CC0 1.0,MEDLINE cooccurrence,false
DOID:5419,D005311,CC0 1.0,MEDLINE cooccurrence,false
DOID:14330,D012148,CC0 1.0,MEDLINE cooccurrence,false
DOID:14330,D020820,CC0 1.0,MEDLINE cooccurrence,false
DOID:418,D006942,CC0 1.0,MEDLINE cooccurrence,false
DOID:13499,D000006,CC0 1.0,MEDLINE cooccurrence,false
DOID:5559,D004487,CC0 1.0,MEDLINE cooccurrence,false
DOID:13223,D004415,CC0 1.0,MEDLINE cooccurrence,false
DOID:9008,D005221,CC0 1.0,MEDLINE cooccurrence,false
DOID:8986,D002385,CC0 1.0,MEDLINE cooccurrence,false
DOID:5419,D019954,CC0 1.0,MEDLINE cooccurrence,false
DOID:2355,D011696,CC0 1.0,MEDLINE cooccurrence,false
DOID:11476,D018908,CC0 1.0,MEDLINE cooccurrence,false
DOID:1319,D006423,CC0 1.0,MEDLINE cooccurrence,false
DOID:5612,D010264,CC0 1.0,MEDLINE cooccurrence,false
DOID:14330,D009127,CC0 1.0,MEDLINE cooccurrence,false
DOID:1459,D009120,CC0 1.0,MEDLINE cooccurrence,false
DOID:263,D021501,CC0 1.0,MEDLINE cooccurrence,false
DOID:635,D003693,CC0 1.0,MEDLINE cooccurrence,false
DOID:5612,D017116,CC0 1.0,MEDLINE cooccurrence,false
DOID:1612,D001835,CC0 1.0,MEDLINE cooccurrence,false
DOID:1245,D010146,CC0 1.0,MEDLINE cooccurrence,false
DOID:2174,D014823,CC0 1.0,MEDLINE cooccurrence,false
DOID:3953,D059606,CC0 1.0,MEDLINE cooccurrence,false
DOID:2994,D012678,CC0 1.0,MEDLINE cooccurrence,false
DOID:2355,D010167,CC0 1.0,MEDLINE cooccurrence,false
DOID:8778,D009325,CC0 1.0,MEDLINE cooccurrence,false
DOID:1595,D001037,CC0 1.0,MEDLINE cooccurrence,false
DOID:1024,D000370,CC0 1.0,MEDLINE cooccurrence,false
DOID:363,D005335,CC0 1.0,MEDLINE cooccurrence,false
DOID:10763,D001835,CC0 1.0,MEDLINE cooccurrence,false
DOID:3393,D017566,CC0 1.0,MEDLINE cooccurrence,false
DOID:5875,D005335,CC0 1.0,MEDLINE cooccurrence,false
DOID:0060119,D012891,CC0 1.0,MEDLINE cooccurrence,false
DOID:13223,D015746,CC0 1.0,MEDLINE cooccurrence,false
DOID:10941,D003655,CC0 1.0,MEDLINE cooccurrence,false
DOID:11612,D050177,CC0 1.0,MEDLINE cooccurrence,false
DOID:784,D005221,CC0 1.0,MEDLINE cooccurrence,false
DOID:1459,D001724,CC0 1.0,MEDLINE cooccurrence,false
DOID:10763,D006337,CC0 1.0,MEDLINE cooccurrence,false
DOID:2355,D009846,CC0 1.0,MEDLINE cooccurrence,false
DOID:5408,D004244,CC0 1.0,MEDLINE cooccurrence,false
DOID:10652,D009127,CC0 1.0,MEDLINE cooccurrence,false
DOID:4989,D017288,CC0 1.0,MEDLINE cooccurrence,false
DOID:7148,D005335,CC0 1.0,MEDLINE cooccurrence,false
DOID:1686,D002832,CC0 1.0,MEDLINE cooccurrence,false
DOID:9074,D009461,CC0 1.0,MEDLINE cooccurrence,false
DOID:1936,D001835,CC0 1.0,MEDLINE cooccurrence,false
DOID:3070,D000647,CC0 1.0,MEDLINE cooccurrence,false
DOID:1725,D003967,CC0 1.0,MEDLINE cooccurrence,false
DOID:2531,D011693,CC0 1.0,MEDLINE cooccurrence,false
DOID:784,D009461,CC0 1.0,MEDLINE cooccurrence,false
DOID:175,D000860,CC0 1.0,MEDLINE cooccurrence,false
DOID:1094,D013064,CC0 1.0,MEDLINE cooccurrence,false
DOID:3953,D017116,CC0 1.0,MEDLINE cooccurrence,false
DOID:0050425,D010292,CC0 1.0,MEDLINE cooccurrence,false
DOID:7148,D001416,CC0 1.0,MEDLINE cooccurrence,false
DOID:2994,D006316,CC0 1.0,MEDLINE cooccurrence,false
DOID:9352,D018589,CC0 1.0,MEDLINE cooccurrence,false
DOID:2994,D002559,CC0 1.0,MEDLINE cooccurrence,false
DOID:12849,D003248,CC0 1.0,MEDLINE cooccurrence,false
DOID:1115,D010292,CC0 1.0,MEDLINE cooccurrence,false
DOID:2596,D004433,CC0 1.0,MEDLINE cooccurrence,false
DOID:0060119,D012135,CC0 1.0,MEDLINE cooccurrence,false
DOID:10283,D000860,CC0 1.0,MEDLINE cooccurrence,false
DOID:0060119,D014839,CC0 1.0,MEDLINE cooccurrence,false
DOID:11934,D004172,CC0 1.0,MEDLINE cooccurrence,false
DOID:11054,D005414,CC0 1.0,MEDLINE cooccurrence,false
DOID:2377,D009133,CC0 1.0,MEDLINE cooccurrence,false
DOID:2994,D006987,CC0 1.0,MEDLINE cooccurrence,false
DOID:9835,D003635,CC0 1.0,MEDLINE cooccurrence,false
DOID:2994,D001766,CC0 1.0,MEDLINE cooccurrence,false
DOID:2043,D016553,CC0 1.0,MEDLINE cooccurrence,false
DOID:2355,D010292,CC0 1.0,MEDLINE cooccurrence,false
DOID:1793,D041781,CC0 1.0,MEDLINE cooccurrence,false
DOID:1595,D006261,CC0 1.0,MEDLINE cooccurrence,false
DOID:9296,D001724,CC0 1.0,MEDLINE cooccurrence,false
DOID:1686,D003117,CC0 1.0,MEDLINE cooccurrence,false
DOID:11949,D001072,CC0 1.0,MEDLINE cooccurrence,false
DOID:1686,D004487,CC0 1.0,MEDLINE cooccurrence,false
DOID:2998,D014839,CC0 1.0,MEDLINE cooccurrence,false
DOID:4989,D004415,CC0 1.0,MEDLINE cooccurrence,false
DOID:8986,D012893,CC0 1.0,MEDLINE cooccurrence,false
DOID:3070,D003221,CC0 1.0,MEDLINE cooccurrence,false
DOID:10021,D014839,CC0 1.0,MEDLINE cooccurrence,false
DOID:9744,D018589,CC0 1.0,MEDLINE cooccurrence,false
DOID:2994,D065634,CC0 1.0,MEDLINE cooccurrence,false
DOID:10021,D000006,CC0 1.0,MEDLINE cooccurrence,false
DOID:14330,D055154,CC0 1.0,MEDLINE cooccurrence,false
DOID:7147,D006942,CC0 1.0,MEDLINE cooccurrence,false
DOID:14004,D006396,CC0 1.0,MEDLINE cooccurrence,false
DOID:14221,D009765,CC0 1.0,MEDLINE cooccurrence,false
DOID:1936,D020181,CC0 1.0,MEDLINE cooccurrence,false
DOID:12930,D005311,CC0 1.0,MEDLINE cooccurrence,false
DOID:1790,D010146,CC0 1.0,MEDLINE cooccurrence,false
DOID:3565,D005157,CC0 1.0,MEDLINE cooccurrence,false
DOID:5041,D002100,CC0 1.0,MEDLINE cooccurrence,false
DOID:332,D062706,CC0 1.0,MEDLINE cooccurrence,false
DOID:3083,D012893,CC0 1.0,MEDLINE cooccurrence,false
DOID:332,D012021,CC0 1.0,MEDLINE cooccurrence,false
DOID:11949,D009128,CC0 1.0,MEDLINE cooccurrence,false
DOID:11476,D051346,CC0 1.0,MEDLINE cooccurrence,false
DOID:12849,D003410,CC0 1.0,MEDLINE cooccurrence,false
DOID:2174,D004438,CC0 1.0,MEDLINE cooccurrence,false
DOID:8986,D007319,CC0 1.0,MEDLINE cooccurrence,false
DOID:4159,D011693,CC0 1.0,MEDLINE cooccurrence,false
DOID:5559,D006337,CC0 1.0,MEDLINE cooccurrence,false
DOID:216,D001724,CC0 1.0,MEDLINE cooccurrence,false
DOID:10534,D001835,CC0 1.0,MEDLINE cooccurrence,false
DOID:10283,D005414,CC0 1.0,MEDLINE cooccurrence,false
DOID:13241,D006311,CC0 1.0,MEDLINE cooccurrence,false
DOID:332,D014832,CC0 1.0,MEDLINE cooccurrence,false
DOID:9296,D006314,CC0 1.0,MEDLINE cooccurrence,false
DOID:12365,D023341,CC0 1.0,MEDLINE cooccurrence,false
DOID:2355,D006942,CC0 1.0,MEDLINE cooccurrence,false
DOID:1826,D053609,CC0 1.0,MEDLINE cooccurrence,false
DOID:1790,D015431,CC0 1.0,MEDLINE cooccurrence,false
DOID:2998,D010264,CC0 1.0,MEDLINE cooccurrence,false
DOID:1312,D007625,CC0 1.0,MEDLINE cooccurrence,false
DOID:8778,D017116,CC0 1.0,MEDLINE cooccurrence,false
DOID:2596,D006685,CC0 1.0,MEDLINE cooccurrence,false
DOID:12365,D012166,CC0 1.0,MEDLINE cooccurrence,false
DOID:11119,D011596,CC0 1.0,MEDLINE cooccurrence,false
DOID:14004,D001416,CC0 1.0,MEDLINE cooccurrence,false
DOID:3083,D009133,CC0 1.0,MEDLINE cooccurrence,false
DOID:0060119,D014832,CC0 1.0,MEDLINE cooccurrence,false
DOID:2355,D041781,CC0 1.0,MEDLINE cooccurrence,false
DOID:4045,D014313,CC0 1.0,MEDLINE cooccurrence,false
DOID:5408,D006314,CC0 1.0,MEDLINE cooccurrence,false
DOID:7148,D001259,CC0 1.0,MEDLINE cooccurrence,false
DOID:11054,D010264,CC0 1.0,MEDLINE cooccurrence,false
DOID:0050742,D005311,CC0 1.0,MEDLINE cooccurrence,false
DOID:8778,D009912,CC0 1.0,MEDLINE cooccurrence,false
DOID:5419,D009155,CC0 1.0,MEDLINE cooccurrence,false
DOID:1024,D020233,CC0 1.0,MEDLINE cooccurrence,false
DOID:5612,D012585,CC0 1.0,MEDLINE cooccurrence,false
DOID:1245,D012877,CC0 1.0,MEDLINE cooccurrence,false
DOID:1993,D014549,CC0 1.0,MEDLINE cooccurrence,false
DOID:332,D009222,CC0 1.0,MEDLINE cooccurrence,false
DOID:1192,D004244,CC0 1.0,MEDLINE cooccurrence,false
DOID:2994,D002832,CC0 1.0,MEDLINE cooccurrence,false
DOID:784,D000472,CC0 1.0,MEDLINE cooccurrence,false
DOID:14004,D018908,CC0 1.0,MEDLINE cooccurrence,false
DOID:3953,D007024,CC0 1.0,MEDLINE cooccurrence,false
DOID:11934,D000860,CC0 1.0,MEDLINE cooccurrence,false
DOID:13223,D001247,CC0 1.0,MEDLINE cooccurrence,false
DOID:5041,D004415,CC0 1.0,MEDLINE cooccurrence,false
DOID:12849,D007806,CC0 1.0,MEDLINE cooccurrence,false
DOID:6364,D020078,CC0 1.0,MEDLINE cooccurrence,false
DOID:9744,D004314,CC0 1.0,MEDLINE cooccurrence,false
DOID:11934,D009461,CC0 1.0,MEDLINE cooccurrence,false
DOID:11934,D003967,CC0 1.0,MEDLINE cooccurrence,false
DOID:4989,D011695,CC0 1.0,MEDLINE cooccurrence,false
DOID:1993,D010146,CC0 1.0,MEDLINE cooccurrence,false
DOID:1612,D012678,CC0 1.0,MEDLINE cooccurrence,false
DOID:10534,D004614,CC0 1.0,MEDLINE cooccurrence,false
DOID:8893,D011602,CC0 1.0,MEDLINE cooccurrence,false
DOID:3393,D054058,CC0 1.0,MEDLINE cooccurrence,false
DOID:3571,D041781,CC0 1.0,MEDLINE cooccurrence,false
DOID:12930,D005183,CC0 1.0,MEDLINE cooccurrence,false
DOID:1024,D006941,CC0 1.0,MEDLINE cooccurrence,false
DOID:1192,D006312,CC0 1.0,MEDLINE cooccurrence,false
DOID:13241,D001766,CC0 1.0,MEDLINE cooccurrence,false
DOID:14221,D059411,CC0 1.0,MEDLINE cooccurrence,false
DOID:1612,D059352,CC0 1.0,MEDLINE cooccurrence,false
DOID:0050156,D012135,CC0 1.0,MEDLINE cooccurrence,false
DOID:3070,D001259,CC0 1.0,MEDLINE cooccurrence,false
DOID:11934,D002637,CC0 1.0,MEDLINE cooccurrence,false
DOID:0050156,D003371,CC0 1.0,MEDLINE cooccurrence,false
DOID:0050741,D003117,CC0 1.0,MEDLINE cooccurrence,false
DOID:14268,D015746,CC0 1.0,MEDLINE cooccurrence,false
DOID:184,D005158,CC0 1.0,MEDLINE cooccurrence,false
DOID:12236,D007565,CC0 1.0,MEDLINE cooccurrence,false
DOID:8577,D018771,CC0 1.0,MEDLINE cooccurrence,false
DOID:5408,D010146,CC0 1.0,MEDLINE cooccurrence,false
DOID:3277,D018908,CC0 1.0,MEDLINE cooccurrence,false
DOID:2174,D005130,CC0 1.0,MEDLINE cooccurrence,false
DOID:5612,D009128,CC0 1.0,MEDLINE cooccurrence,false
DOID:2994,D005334,CC0 1.0,MEDLINE cooccurrence,false
DOID:0050742,D017288,CC0 1.0,MEDLINE cooccurrence,false
DOID:1319,D000857,CC0 1.0,MEDLINE cooccurrence,false
DOID:11949,D055964,CC0 1.0,MEDLINE cooccurrence,false
DOID:7148,D006314,CC0 1.0,MEDLINE cooccurrence,false
DOID:2994,D001416,CC0 1.0,MEDLINE cooccurrence,false
DOID:1192,D037061,CC0 1.0,MEDLINE cooccurrence,false
DOID:5041,D014826,CC0 1.0,MEDLINE cooccurrence,false
DOID:11119,D011595,CC0 1.0,MEDLINE cooccurrence,false
DOID:1094,D010468,CC0 1.0,MEDLINE cooccurrence,false
DOID:7147,D009461,CC0 1.0,MEDLINE cooccurrence,false
DOID:0050741,D009133,CC0 1.0,MEDLINE cooccurrence,false
DOID:2994,D012877,CC0 1.0,MEDLINE cooccurrence,false
DOID:3565,D004172,CC0 1.0,MEDLINE cooccurrence,false
DOID:10652,D020233,CC0 1.0,MEDLINE cooccurrence,false
DOID:1459,D003128,CC0 1.0,MEDLINE cooccurrence,false
DOID:12849,D008607,CC0 1.0,MEDLINE cooccurrence,false
DOID:2998,D004314,CC0 1.0,MEDLINE cooccurrence,false
DOID:184,D009461,CC0 1.0,MEDLINE cooccurrence,false
DOID:594,D006985,CC0 1.0,MEDLINE cooccurrence,false
DOID:1324,D010292,CC0 1.0,MEDLINE cooccurrence,false
DOID:1993,D053159,CC0 1.0,MEDLINE cooccurrence,false
DOID:3393,D060050,CC0 1.0,MEDLINE cooccurrence,false
DOID:11934,D004417,CC0 1.0,MEDLINE cooccurrence,false
DOID:8986,D020188,CC0 1.0,MEDLINE cooccurrence,false
DOID:14221,D056128,CC0 1.0,MEDLINE cooccurrence,false
DOID:184,D005132,CC0 1.0,MEDLINE cooccurrence,false
DOID:2355,D014884,CC0 1.0,MEDLINE cooccurrence,false
DOID:11949,D018888,CC0 1.0,MEDLINE cooccurrence,false
DOID:1793,D010146,CC0 1.0,MEDLINE cooccurrence,false
DOID:3565,D015875,CC0 1.0,MEDLINE cooccurrence,false
DOID:10652,D020078,CC0 1.0,MEDLINE cooccurrence,false
DOID:5875,D003085,CC0 1.0,MEDLINE cooccurrence,false
DOID:363,D005334,CC0 1.0,MEDLINE cooccurrence,false
DOID:1094,D020323,CC0 1.0,MEDLINE cooccurrence,false
DOID:4159,D010149,CC0 1.0,MEDLINE cooccurrence,false
DOID:10763,D011507,CC0 1.0,MEDLINE cooccurrence,false
DOID:1459,D018980,CC0 1.0,MEDLINE cooccurrence,false
DOID:0050741,D001835,CC0 1.0,MEDLINE cooccurrence,false
DOID:9352,D001724,CC0 1.0,MEDLINE cooccurrence,false
DOID:11119,D004421,CC0 1.0,MEDLINE cooccurrence,false
DOID:2986,D006942,CC0 1.0,MEDLINE cooccurrence,false
DOID:1115,D009325,CC0 1.0,MEDLINE cooccurrence,false
DOID:2355,D005335,CC0 1.0,MEDLINE cooccurrence,false
DOID:332,D000381,CC0 1.0,MEDLINE cooccurrence,false
DOID:9074,D000006,CC0 1.0,MEDLINE cooccurrence,false
DOID:7147,D005132,CC0 1.0,MEDLINE cooccurrence,false
DOID:10534,D004884,CC0 1.0,MEDLINE cooccurrence,false
DOID:10871,D004487,CC0 1.0,MEDLINE cooccurrence,false
DOID:1612,D005221,CC0 1.0,MEDLINE cooccurrence,false
DOID:5408,D013746,CC0 1.0,MEDLINE cooccurrence,false
DOID:3121,D007565,CC0 1.0,MEDLINE cooccurrence,false
DOID:10941,D014717,CC0 1.0,MEDLINE cooccurrence,false
DOID:2377,D020233,CC0 1.0,MEDLINE cooccurrence,false
DOID:3565,D010291,CC0 1.0,MEDLINE cooccurrence,false
DOID:1595,D007859,CC0 1.0,MEDLINE cooccurrence,false
DOID:12930,D002303,CC0 1.0,MEDLINE cooccurrence,false
DOID:2994,D006311,CC0 1.0,MEDLINE cooccurrence,false
DOID:3070,D004411,CC0 1.0,MEDLINE cooccurrence,false
DOID:1909,D014839,CC0 1.0,MEDLINE cooccurrence,false
DOID:11119,D007859,CC0 1.0,MEDLINE cooccurrence,false
DOID:10941,D012166,CC0 1.0,MEDLINE cooccurrence,false
DOID:10534,D005414,CC0 1.0,MEDLINE cooccurrence,false
DOID:9352,D017566,CC0 1.0,MEDLINE cooccurrence,false
DOID:12930,D052120,CC0 1.0,MEDLINE cooccurrence,false
DOID:11920,D004417,CC0 1.0,MEDLINE cooccurrence,false
DOID:6364,D014717,CC0 1.0,MEDLINE cooccurrence,false
DOID:3571,D011696,CC0 1.0,MEDLINE cooccurrence,false
DOID:4159,D011539,CC0 1.0,MEDLINE cooccurrence,false
DOID:8398,D059352,CC0 1.0,MEDLINE cooccurrence,false
DOID:11934,D006396,CC0 1.0,MEDLINE cooccurrence,false
DOID:5419,D015430,CC0 1.0,MEDLINE cooccurrence,false
DOID:10283,D010149,CC0 1.0,MEDLINE cooccurrence,false
DOID:2994,D014770,CC0 1.0,MEDLINE cooccurrence,false
DOID:2994,D005483,CC0 1.0,MEDLINE cooccurrence,false
DOID:2994,D055154,CC0 1.0,MEDLINE cooccurrence,false
DOID:1793,D058568,CC0 1.0,MEDLINE cooccurrence,false
DOID:12849,D001259,CC0 1.0,MEDLINE cooccurrence,false
DOID:10941,D004244,CC0 1.0,MEDLINE cooccurrence,false
DOID:11934,D009325,CC0 1.0,MEDLINE cooccurrence,false
DOID:11920,D006469,CC0 1.0,MEDLINE cooccurrence,false
DOID:11949,D010291,CC0 1.0,MEDLINE cooccurrence,false
DOID:10534,D005221,CC0 1.0,MEDLINE cooccurrence,false
DOID:216,D014098,CC0 1.0,MEDLINE cooccurrence,false
DOID:1826,D020828,CC0 1.0,MEDLINE cooccurrence,false
DOID:13378,D015746,CC0 1.0,MEDLINE cooccurrence,false
DOID:9835,D012166,CC0 1.0,MEDLINE cooccurrence,false
DOID:2994,D058447,CC0 1.0,MEDLINE cooccurrence,false
DOID:1936,D056128,CC0 1.0,MEDLINE cooccurrence,false
DOID:3277,D003371,CC0 1.0,MEDLINE cooccurrence,false
DOID:6364,D053591,CC0 1.0,MEDLINE cooccurrence,false
DOID:9744,D000419,CC0 1.0,MEDLINE cooccurrence,false
DOID:2994,D010292,CC0 1.0,MEDLINE cooccurrence,false
DOID:3070,D009155,CC0 1.0,MEDLINE cooccurrence,false
DOID:1826,D006429,CC0 1.0,MEDLINE cooccurrence,false
DOID:14330,D020923,CC0 1.0,MEDLINE cooccurrence,false
DOID:10652,D007806,CC0 1.0,MEDLINE cooccurrence,false
DOID:4159,D010292,CC0 1.0,MEDLINE cooccurrence,false
DOID:10941,D014823,CC0 1.0,MEDLINE cooccurrence,false
DOID:8577,D000006,CC0 1.0,MEDLINE cooccurrence,false
DOID:11934,D005158,CC0 1.0,MEDLINE cooccurrence,false
DOID:4045,D010148,CC0 1.0,MEDLINE cooccurrence,false
DOID:11054,D015746,CC0 1.0,MEDLINE cooccurrence,false
DOID:5419,D006212,CC0 1.0,MEDLINE cooccurrence,false
DOID:2377,D005222,CC0 1.0,MEDLINE cooccurrence,false
DOID:11476,D008998,CC0 1.0,MEDLINE cooccurrence,false
DOID:14004,D018437,CC0 1.0,MEDLINE cooccurrence,false
DOID:14004,D010291,CC0 1.0,MEDLINE cooccurrence,false
DOID:7693,D054068,CC0 1.0,MEDLINE cooccurrence,false
DOID:3312,D017109,CC0 1.0,MEDLINE cooccurrence,false
DOID:175,D054160,CC0 1.0,MEDLINE cooccurrence,false
DOID:5041,D006396,CC0 1.0,MEDLINE cooccurrence,false
DOID:784,D007926,CC0 1.0,MEDLINE cooccurrence,false
DOID:1826,D005334,CC0 1.0,MEDLINE cooccurrence,false
DOID:2394,D014839,CC0 1.0,MEDLINE cooccurrence,false
DOID:1595,D003693,CC0 1.0,MEDLINE cooccurrence,false
DOID:1024,D012021,CC0 1.0,MEDLINE cooccurrence,false
DOID:2355,D011507,CC0 1.0,MEDLINE cooccurrence,false
DOID:12306,D001260,CC0 1.0,MEDLINE cooccurrence,false
DOID:1826,D015518,CC0 1.0,MEDLINE cooccurrence,false
DOID:10534,D001260,CC0 1.0,MEDLINE cooccurrence,false
DOID:5419,D002389,CC0 1.0,MEDLINE cooccurrence,false
DOID:9352,D001835,CC0 1.0,MEDLINE cooccurrence,false
DOID:2377,D020828,CC0 1.0,MEDLINE cooccurrence,false
DOID:1115,D010148,CC0 1.0,MEDLINE cooccurrence,false
DOID:11949,D007319,CC0 1.0,MEDLINE cooccurrence,false
DOID:5559,D005483,CC0 1.0,MEDLINE cooccurrence,false
DOID:0050741,D009461,CC0 1.0,MEDLINE cooccurrence,false
DOID:1909,D010292,CC0 1.0,MEDLINE cooccurrence,false
DOID:2355,D059787,CC0 1.0,MEDLINE cooccurrence,false
DOID:1793,D007565,CC0 1.0,MEDLINE cooccurrence,false
DOID:2994,D004614,CC0 1.0,MEDLINE cooccurrence,false
DOID:1324,D010243,CC0 1.0,MEDLINE cooccurrence,false
DOID:2355,D018496,CC0 1.0,MEDLINE cooccurrence,false
DOID:2994,D006685,CC0 1.0,MEDLINE cooccurrence,false
DOID:1115,D010591,CC0 1.0,MEDLINE cooccurrence,false
DOID:5041,D001044,CC0 1.0,MEDLINE cooccurrence,false
DOID:1826,D020921,CC0 1.0,MEDLINE cooccurrence,false
DOID:4481,D012891,CC0 1.0,MEDLINE cooccurrence,false
DOID:1115,D005158,CC0 1.0,MEDLINE cooccurrence,false
DOID:332,D009120,CC0 1.0,MEDLINE cooccurrence,false
DOID:1781,D003967,CC0 1.0,MEDLINE cooccurrence,false
DOID:594,D002637,CC0 1.0,MEDLINE cooccurrence,false
DOID:1319,D020233,CC0 1.0,MEDLINE cooccurrence,false
DOID:1312,D011507,CC0 1.0,MEDLINE cooccurrence,false
DOID:2355,D016553,CC0 1.0,MEDLINE cooccurrence,false
DOID:7693,D001416,CC0 1.0,MEDLINE cooccurrence,false
DOID:11934,D004408,CC0 1.0,MEDLINE cooccurrence,false
DOID:8893,D013746,CC0 1.0,MEDLINE cooccurrence,false
DOID:12185,D012001,CC0 1.0,MEDLINE cooccurrence,false
DOID:9744,D001724,CC0 1.0,MEDLINE cooccurrence,false
DOID:1993,D015746,CC0 1.0,MEDLINE cooccurrence,false
DOID:11476,D006429,CC0 1.0,MEDLINE cooccurrence,false
DOID:10534,D000855,CC0 1.0,MEDLINE cooccurrence,false
DOID:12930,D009123,CC0 1.0,MEDLINE cooccurrence,false
DOID:2994,D019547,CC0 1.0,MEDLINE cooccurrence,false
DOID:0050741,D000550,CC0 1.0,MEDLINE cooccurrence,false
DOID:0050741,D005483,CC0 1.0,MEDLINE cooccurrence,false
DOID:418,D004489,CC0 1.0,MEDLINE cooccurrence,false
DOID:5419,D003147,CC0 1.0,MEDLINE cooccurrence,false
DOID:4989,D059265,CC0 1.0,MEDLINE cooccurrence,false
DOID:1826,D013746,CC0 1.0,MEDLINE cooccurrence,false
DOID:1595,D009325,CC0 1.0,MEDLINE cooccurrence,false
DOID:263,D000855,CC0 1.0,MEDLINE cooccurrence,false
DOID:418,D000006,CC0 1.0,MEDLINE cooccurrence,false
DOID:2355,D001724,CC0 1.0,MEDLINE cooccurrence,false
DOID:3565,D001766,CC0 1.0,MEDLINE cooccurrence,false
DOID:585,D011507,CC0 1.0,MEDLINE cooccurrence,false
DOID:10763,D004244,CC0 1.0,MEDLINE cooccurrence,false
DOID:184,D006319,CC0 1.0,MEDLINE cooccurrence,false
DOID:594,D012892,CC0 1.0,MEDLINE cooccurrence,false
DOID:4045,D000860,CC0 1.0,MEDLINE cooccurrence,false
DOID:1793,D010149,CC0 1.0,MEDLINE cooccurrence,false
DOID:784,D011695,CC0 1.0,MEDLINE cooccurrence,false
DOID:11949,D020754,CC0 1.0,MEDLINE cooccurrence,false
DOID:10534,D003248,CC0 1.0,MEDLINE cooccurrence,false
DOID:0050156,D019588,CC0 1.0,MEDLINE cooccurrence,false
DOID:6364,D060486,CC0 1.0,MEDLINE cooccurrence,false
DOID:10763,D012021,CC0 1.0,MEDLINE cooccurrence,false
DOID:184,D002558,CC0 1.0,MEDLINE cooccurrence,false
DOID:1324,D016553,CC0 1.0,MEDLINE cooccurrence,false
DOID:4045,D001416,CC0 1.0,MEDLINE cooccurrence,false
DOID:418,D011507,CC0 1.0,MEDLINE cooccurrence,false
DOID:1192,D005157,CC0 1.0,MEDLINE cooccurrence,false
DOID:3070,D001072,CC0 1.0,MEDLINE cooccurrence,false
DOID:1826,D012893,CC0 1.0,MEDLINE cooccurrence,false
DOID:1686,D015878,CC0 1.0,MEDLINE cooccurrence,false
DOID:2377,D009437,CC0 1.0,MEDLINE cooccurrence,false
DOID:1686,D011681,CC0 1.0,MEDLINE cooccurrence,false
DOID:3565,D006261,CC0 1.0,MEDLINE cooccurrence,false
DOID:3953,D011141,CC0 1.0,MEDLINE cooccurrence,false
DOID:11119,D015518,CC0 1.0,MEDLINE cooccurrence,false
DOID:3070,D007806,CC0 1.0,MEDLINE cooccurrence,false
DOID:0050425,D020754,CC0 1.0,MEDLINE cooccurrence,false
DOID:5612,D009207,CC0 1.0,MEDLINE cooccurrence,false
DOID:9206,D009765,CC0 1.0,MEDLINE cooccurrence,false
DOID:9835,D012415,CC0 1.0,MEDLINE cooccurrence,false
DOID:7148,D009461,CC0 1.0,MEDLINE cooccurrence,false
DOID:5875,D009437,CC0 1.0,MEDLINE cooccurrence,false
DOID:13241,D018771,CC0 1.0,MEDLINE cooccurrence,false
DOID:1595,D014012,CC0 1.0,MEDLINE cooccurrence,false
DOID:7147,D005221,CC0 1.0,MEDLINE cooccurrence,false
DOID:0050741,D001308,CC0 1.0,MEDLINE cooccurrence,false
DOID:1115,D000855,CC0 1.0,MEDLINE cooccurrence,false
DOID:5041,D003967,CC0 1.0,MEDLINE cooccurrence,false
DOID:1319,D000648,CC0 1.0,MEDLINE cooccurrence,false
DOID:7147,D017116,CC0 1.0,MEDLINE cooccurrence,false
DOID:14330,D003248,CC0 1.0,MEDLINE cooccurrence,false
DOID:13223,D019584,CC0 1.0,MEDLINE cooccurrence,false
DOID:1826,D003221,CC0 1.0,MEDLINE cooccurrence,false
DOID:13378,D005335,CC0 1.0,MEDLINE cooccurrence,false
DOID:3571,D006942,CC0 1.0,MEDLINE cooccurrence,false
DOID:3277,D003967,CC0 1.0,MEDLINE cooccurrence,false
DOID:1686,D015845,CC0 1.0,MEDLINE cooccurrence,false
DOID:2841,D012135,CC0 1.0,MEDLINE cooccurrence,false
DOID:6364,D019547,CC0 1.0,MEDLINE cooccurrence,false
DOID:10608,D011693,CC0 1.0,MEDLINE cooccurrence,false
DOID:10941,D019569,CC0 1.0,MEDLINE cooccurrence,false
DOID:1936,D020757,CC0 1.0,MEDLINE cooccurrence,false
DOID:13378,D054078,CC0 1.0,MEDLINE cooccurrence,false
DOID:3571,D055948,CC0 1.0,MEDLINE cooccurrence,false
DOID:1612,D012893,CC0 1.0,MEDLINE cooccurrence,false
DOID:9352,D009765,CC0 1.0,MEDLINE cooccurrence,false
DOID:14330,D014103,CC0 1.0,MEDLINE cooccurrence,false
DOID:2355,D003117,CC0 1.0,MEDLINE cooccurrence,false
DOID:2998,D015746,CC0 1.0,MEDLINE cooccurrence,false
DOID:0050741,D002524,CC0 1.0,MEDLINE cooccurrence,false
DOID:1595,D000648,CC0 1.0,MEDLINE cooccurrence,false
DOID:9835,D013035,CC0 1.0,MEDLINE cooccurrence,false
DOID:3312,D007859,CC0 1.0,MEDLINE cooccurrence,false
DOID:219,D001835,CC0 1.0,MEDLINE cooccurrence,false
DOID:3312,D010291,CC0 1.0,MEDLINE cooccurrence,false
DOID:8893,D009912,CC0 1.0,MEDLINE cooccurrence,false
DOID:9074,D015746,CC0 1.0,MEDLINE cooccurrence,false
DOID:12849,D012893,CC0 1.0,MEDLINE cooccurrence,false
DOID:1936,D000787,CC0 1.0,MEDLINE cooccurrence,false
DOID:1993,D003248,CC0 1.0,MEDLINE cooccurrence,false
DOID:3083,D018908,CC0 1.0,MEDLINE cooccurrence,false
DOID:7147,D010264,CC0 1.0,MEDLINE cooccurrence,false
DOID:184,D009912,CC0 1.0,MEDLINE cooccurrence,false
DOID:12849,D004410,CC0 1.0,MEDLINE cooccurrence,false
DOID:0050425,D012893,CC0 1.0,MEDLINE cooccurrence,false
DOID:363,D004412,CC0 1.0,MEDLINE cooccurrence,false
DOID:184,D000550,CC0 1.0,MEDLINE cooccurrence,false
DOID:11476,D001247,CC0 1.0,MEDLINE cooccurrence,false
DOID:13241,D010291,CC0 1.0,MEDLINE cooccurrence,false
DOID:2377,D010291,CC0 1.0,MEDLINE cooccurrence,false
DOID:2994,D006469,CC0 1.0,MEDLINE cooccurrence,false
DOID:4481,D012912,CC0 1.0,MEDLINE cooccurrence,false
DOID:216,D009912,CC0 1.0,MEDLINE cooccurrence,false
DOID:3312,D002032,CC0 1.0,MEDLINE cooccurrence,false
DOID:216,D002032,CC0 1.0,MEDLINE cooccurrence,false
DOID:3565,D012585,CC0 1.0,MEDLINE cooccurrence,false
DOID:1964,D014549,CC0 1.0,MEDLINE cooccurrence,false
DOID:11612,D001835,CC0 1.0,MEDLINE cooccurrence,false
DOID:332,D007040,CC0 1.0,MEDLINE cooccurrence,false
DOID:4362,D017699,CC0 1.0,MEDLINE cooccurrence,false
DOID:3083,D012891,CC0 1.0,MEDLINE cooccurrence,false
DOID:4606,D007565,CC0 1.0,MEDLINE cooccurrence,false
DOID:2994,D005130,CC0 1.0,MEDLINE cooccurrence,false
DOID:11476,D017116,CC0 1.0,MEDLINE cooccurrence,false
DOID:585,D001416,CC0 1.0,MEDLINE cooccurrence,false
DOID:2355,D012166,CC0 1.0,MEDLINE cooccurrence,false
DOID:1094,D018980,CC0 1.0,MEDLINE cooccurrence,false
DOID:2377,D013064,CC0 1.0,MEDLINE cooccurrence,false
DOID:11934,D006469,CC0 1.0,MEDLINE cooccurrence,false
DOID:14004,D006685,CC0 1.0,MEDLINE cooccurrence,false
DOID:8893,D009325,CC0 1.0,MEDLINE cooccurrence,false
DOID:0060119,D004487,CC0 1.0,MEDLINE cooccurrence,false
DOID:1725,D005334,CC0 1.0,MEDLINE cooccurrence,false
DOID:11054,D000855,CC0 1.0,MEDLINE cooccurrence,false
DOID:10652,D000425,CC0 1.0,MEDLINE cooccurrence,false
DOID:12361,D012877,CC0 1.0,MEDLINE cooccurrence,false
DOID:8398,D009133,CC0 1.0,MEDLINE cooccurrence,false
DOID:8577,D014839,CC0 1.0,MEDLINE cooccurrence,false
DOID:11119,D017109,CC0 1.0,MEDLINE cooccurrence,false
DOID:2394,D005334,CC0 1.0,MEDLINE cooccurrence,false
DOID:11934,D020069,CC0 1.0,MEDLINE cooccurrence,false
DOID:4362,D003248,CC0 1.0,MEDLINE cooccurrence,false
DOID:14004,D006469,CC0 1.0,MEDLINE cooccurrence,false
DOID:3083,D003490,CC0 1.0,MEDLINE cooccurrence,false
DOID:263,D041781,CC0 1.0,MEDLINE cooccurrence,false
DOID:2994,D004314,CC0 1.0,MEDLINE cooccurrence,false
DOID:11555,D051346,CC0 1.0,MEDLINE cooccurrence,false
DOID:3312,D062706,CC0 1.0,MEDLINE cooccurrence,false
DOID:9744,D004415,CC0 1.0,MEDLINE cooccurrence,false
DOID:6364,D009325,CC0 1.0,MEDLINE cooccurrence,false
DOID:9835,D010149,CC0 1.0,MEDLINE cooccurrence,false
DOID:1319,D001072,CC0 1.0,MEDLINE cooccurrence,false
DOID:184,D011782,CC0 1.0,MEDLINE cooccurrence,false
DOID:6364,D015878,CC0 1.0,MEDLINE cooccurrence,false
DOID:1319,D020250,CC0 1.0,MEDLINE cooccurrence,false
DOID:216,D006472,CC0 1.0,MEDLINE cooccurrence,false
DOID:10534,D014840,CC0 1.0,MEDLINE cooccurrence,false
DOID:10763,D006317,CC0 1.0,MEDLINE cooccurrence,false
DOID:11239,D015746,CC0 1.0,MEDLINE cooccurrence,false
DOID:10652,D013064,CC0 1.0,MEDLINE cooccurrence,false
DOID:3953,D021501,CC0 1.0,MEDLINE cooccurrence,false
DOID:10608,D004415,CC0 1.0,MEDLINE cooccurrence,false
DOID:1909,D002832,CC0 1.0,MEDLINE cooccurrence,false
DOID:1459,D012891,CC0 1.0,MEDLINE cooccurrence,false
DOID:14004,D002637,CC0 1.0,MEDLINE cooccurrence,false
DOID:11934,D005483,CC0 1.0,MEDLINE cooccurrence,false
DOID:9835,D010468,CC0 1.0,MEDLINE cooccurrence,false
DOID:12365,D010167,CC0 1.0,MEDLINE cooccurrence,false
DOID:9008,D001416,CC0 1.0,MEDLINE cooccurrence,false
DOID:635,D005158,CC0 1.0,MEDLINE cooccurrence,false
DOID:1115,D020069,CC0 1.0,MEDLINE cooccurrence,false
DOID:11949,D010468,CC0 1.0,MEDLINE cooccurrence,false
DOID:3393,D002303,CC0 1.0,MEDLINE cooccurrence,false
DOID:1319,D012607,CC0 1.0,MEDLINE cooccurrence,false
DOID:184,D014098,CC0 1.0,MEDLINE cooccurrence,false
DOID:585,D001750,CC0 1.0,MEDLINE cooccurrence,false
DOID:2998,D034381,CC0 1.0,MEDLINE cooccurrence,false
DOID:4481,D014832,CC0 1.0,MEDLINE cooccurrence,false
DOID:1094,D007319,CC0 1.0,MEDLINE cooccurrence,false
DOID:3070,D011681,CC0 1.0,MEDLINE cooccurrence,false
DOID:5875,D005334,CC0 1.0,MEDLINE cooccurrence,false
DOID:216,D009058,CC0 1.0,MEDLINE cooccurrence,false
DOID:8398,D018908,CC0 1.0,MEDLINE cooccurrence,false
DOID:0060119,D055154,CC0 1.0,MEDLINE cooccurrence,false
DOID:9835,D009903,CC0 1.0,MEDLINE cooccurrence,false
DOID:3565,D002559,CC0 1.0,MEDLINE cooccurrence,false
DOID:2394,D003248,CC0 1.0,MEDLINE cooccurrence,false
DOID:0050742,D011595,CC0 1.0,MEDLINE cooccurrence,false
DOID:1324,D002524,CC0 1.0,MEDLINE cooccurrence,false
DOID:3070,D009461,CC0 1.0,MEDLINE cooccurrence,false
DOID:3565,D009461,CC0 1.0,MEDLINE cooccurrence,false
DOID:1936,D000789,CC0 1.0,MEDLINE cooccurrence,false
DOID:11934,D013575,CC0 1.0,MEDLINE cooccurrence,false
DOID:9074,D012877,CC0 1.0,MEDLINE cooccurrence,false
DOID:2994,D006314,CC0 1.0,MEDLINE cooccurrence,false
DOID:9970,D020181,CC0 1.0,MEDLINE cooccurrence,false
DOID:3571,D014839,CC0 1.0,MEDLINE cooccurrence,false
DOID:5041,D005221,CC0 1.0,MEDLINE cooccurrence,false
DOID:216,D005157,CC0 1.0,MEDLINE cooccurrence,false
DOID:2994,D058568,CC0 1.0,MEDLINE cooccurrence,false
DOID:2994,D009207,CC0 1.0,MEDLINE cooccurrence,false
DOID:1192,D019569,CC0 1.0,MEDLINE cooccurrence,false
DOID:0050742,D007319,CC0 1.0,MEDLINE cooccurrence,false
DOID:8778,D012877,CC0 1.0,MEDLINE cooccurrence,false
DOID:8398,D001416,CC0 1.0,MEDLINE cooccurrence,false
DOID:10976,D008998,CC0 1.0,MEDLINE cooccurrence,false
DOID:0050742,D059350,CC0 1.0,MEDLINE cooccurrence,false
DOID:184,D014103,CC0 1.0,MEDLINE cooccurrence,false
DOID:1793,D003967,CC0 1.0,MEDLINE cooccurrence,false
DOID:6364,D013009,CC0 1.0,MEDLINE cooccurrence,false
DOID:10534,D004415,CC0 1.0,MEDLINE cooccurrence,false
DOID:263,D017624,CC0 1.0,MEDLINE cooccurrence,false
DOID:1324,D000855,CC0 1.0,MEDLINE cooccurrence,false
DOID:2394,D009325,CC0 1.0,MEDLINE cooccurrence,false
DOID:10021,D007565,CC0 1.0,MEDLINE cooccurrence,false
DOID:2174,D006988,CC0 1.0,MEDLINE cooccurrence,false
DOID:12365,D005130,CC0 1.0,MEDLINE cooccurrence,false
DOID:90,D055111,CC0 1.0,MEDLINE cooccurrence,false
DOID:1612,D063806,CC0 1.0,MEDLINE cooccurrence,false
DOID:12849,D011595,CC0 1.0,MEDLINE cooccurrence,false
DOID:11934,D004244,CC0 1.0,MEDLINE cooccurrence,false
DOID:9352,D050177,CC0 1.0,MEDLINE cooccurrence,false
DOID:10941,D006261,CC0 1.0,MEDLINE cooccurrence,false
DOID:1826,D003244,CC0 1.0,MEDLINE cooccurrence,false
DOID:8893,D005483,CC0 1.0,MEDLINE cooccurrence,false
DOID:12930,D012891,CC0 1.0,MEDLINE cooccurrence,false
DOID:10283,D019584,CC0 1.0,MEDLINE cooccurrence,false
DOID:1595,D007319,CC0 1.0,MEDLINE cooccurrence,false
DOID:1324,D002637,CC0 1.0,MEDLINE cooccurrence,false
DOID:12849,D007926,CC0 1.0,MEDLINE cooccurrence,false
DOID:585,D021501,CC0 1.0,MEDLINE cooccurrence,false
DOID:8577,D004415,CC0 1.0,MEDLINE cooccurrence,false
DOID:1115,D012585,CC0 1.0,MEDLINE cooccurrence,false
DOID:11934,D019080,CC0 1.0,MEDLINE cooccurrence,false
DOID:1319,D011782,CC0 1.0,MEDLINE cooccurrence,false
DOID:3070,D019569,CC0 1.0,MEDLINE cooccurrence,false
DOID:6364,D065635,CC0 1.0,MEDLINE cooccurrence,false
DOID:184,D001766,CC0 1.0,MEDLINE cooccurrence,false
DOID:11054,D014550,CC0 1.0,MEDLINE cooccurrence,false
DOID:10941,D018908,CC0 1.0,MEDLINE cooccurrence,false
DOID:12849,D003147,CC0 1.0,MEDLINE cooccurrence,false
DOID:13241,D015354,CC0 1.0,MEDLINE cooccurrence,false
DOID:5612,D012021,CC0 1.0,MEDLINE cooccurrence,false
DOID:2994,D003490,CC0 1.0,MEDLINE cooccurrence,false
DOID:216,D008607,CC0 1.0,MEDLINE cooccurrence,false
DOID:332,D012891,CC0 1.0,MEDLINE cooccurrence,false
DOID:9970,D056128,CC0 1.0,MEDLINE cooccurrence,false
DOID:1909,D010291,CC0 1.0,MEDLINE cooccurrence,false
DOID:9352,D015431,CC0 1.0,MEDLINE cooccurrence,false
DOID:3310,D012135,CC0 1.0,MEDLINE cooccurrence,false
DOID:1612,D020069,CC0 1.0,MEDLINE cooccurrence,false
DOID:1324,D014840,CC0 1.0,MEDLINE cooccurrence,false
DOID:10283,D009325,CC0 1.0,MEDLINE cooccurrence,false
DOID:5612,D019547,CC0 1.0,MEDLINE cooccurrence,false
DOID:1319,D006985,CC0 1.0,MEDLINE cooccurrence,false
DOID:12236,D006942,CC0 1.0,MEDLINE cooccurrence,false
DOID:332,D006935,CC0 1.0,MEDLINE cooccurrence,false
DOID:8398,D004487,CC0 1.0,MEDLINE cooccurrence,false
DOID:11612,D009765,CC0 1.0,MEDLINE cooccurrence,false
DOID:4045,D018908,CC0 1.0,MEDLINE cooccurrence,false
DOID:2377,D051346,CC0 1.0,MEDLINE cooccurrence,false
DOID:9008,D004487,CC0 1.0,MEDLINE cooccurrence,false
DOID:418,D009133,CC0 1.0,MEDLINE cooccurrence,false
DOID:9074,D005334,CC0 1.0,MEDLINE cooccurrence,false
DOID:11934,D014840,CC0 1.0,MEDLINE cooccurrence,false
DOID:263,D011141,CC0 1.0,MEDLINE cooccurrence,false
DOID:1024,D020886,CC0 1.0,MEDLINE cooccurrence,false
DOID:13223,D059411,CC0 1.0,MEDLINE cooccurrence,false
DOID:7147,D011782,CC0 1.0,MEDLINE cooccurrence,false
DOID:1192,D009886,CC0 1.0,MEDLINE cooccurrence,false
DOID:1826,D007706,CC0 1.0,MEDLINE cooccurrence,false
DOID:824,D004487,CC0 1.0,MEDLINE cooccurrence,false
DOID:1319,D004411,CC0 1.0,MEDLINE cooccurrence,false
DOID:332,D010264,CC0 1.0,MEDLINE cooccurrence,false
DOID:11612,D004412,CC0 1.0,MEDLINE cooccurrence,false
DOID:4159,D008607,CC0 1.0,MEDLINE cooccurrence,false
DOID:1094,D006315,CC0 1.0,MEDLINE cooccurrence,false
DOID:11934,D002559,CC0 1.0,MEDLINE cooccurrence,false
DOID:3083,D006469,CC0 1.0,MEDLINE cooccurrence,false
DOID:9744,D011681,CC0 1.0,MEDLINE cooccurrence,false
DOID:332,D006816,CC0 1.0,MEDLINE cooccurrence,false
DOID:9074,D011696,CC0 1.0,MEDLINE cooccurrence,false
DOID:1324,D005334,CC0 1.0,MEDLINE cooccurrence,false
DOID:2596,D014826,CC0 1.0,MEDLINE cooccurrence,false
DOID:4606,D015746,CC0 1.0,MEDLINE cooccurrence,false
DOID:0060119,D006311,CC0 1.0,MEDLINE cooccurrence,false
DOID:4362,D004412,CC0 1.0,MEDLINE cooccurrence,false
DOID:1324,D000860,CC0 1.0,MEDLINE cooccurrence,false
DOID:13378,D011695,CC0 1.0,MEDLINE cooccurrence,false
DOID:1319,D014839,CC0 1.0,MEDLINE cooccurrence,false
DOID:13223,D017699,CC0 1.0,MEDLINE cooccurrence,false
DOID:1324,D014826,CC0 1.0,MEDLINE cooccurrence,false
DOID:3565,D010264,CC0 1.0,MEDLINE cooccurrence,false
DOID:1725,D005335,CC0 1.0,MEDLINE cooccurrence,false
DOID:3953,D005262,CC0 1.0,MEDLINE cooccurrence,false
DOID:585,D056844,CC0 1.0,MEDLINE cooccurrence,false
DOID:175,D018908,CC0 1.0,MEDLINE cooccurrence,false
DOID:4159,D010264,CC0 1.0,MEDLINE cooccurrence,false
DOID:986,D011602,CC0 1.0,MEDLINE cooccurrence,false
DOID:13241,D005334,CC0 1.0,MEDLINE cooccurrence,false
DOID:1909,D005130,CC0 1.0,MEDLINE cooccurrence,false
DOID:1826,D007625,CC0 1.0,MEDLINE cooccurrence,false
DOID:11054,D014839,CC0 1.0,MEDLINE cooccurrence,false
DOID:4989,D004438,CC0 1.0,MEDLINE cooccurrence,false
DOID:824,D006209,CC0 1.0,MEDLINE cooccurrence,false
DOID:3070,D018886,CC0 1.0,MEDLINE cooccurrence,false
DOID:7147,D059350,CC0 1.0,MEDLINE cooccurrence,false
DOID:6364,D010292,CC0 1.0,MEDLINE cooccurrence,false
DOID:3953,D009207,CC0 1.0,MEDLINE cooccurrence,false
DOID:10763,D019569,CC0 1.0,MEDLINE cooccurrence,false
DOID:14330,D002524,CC0 1.0,MEDLINE cooccurrence,false
DOID:11714,D005316,CC0 1.0,MEDLINE cooccurrence,false
DOID:8778,D004884,CC0 1.0,MEDLINE cooccurrence,false
DOID:2841,D004418,CC0 1.0,MEDLINE cooccurrence,false
DOID:2355,D009912,CC0 1.0,MEDLINE cooccurrence,false
DOID:3312,D008569,CC0 1.0,MEDLINE cooccurrence,false
DOID:12185,D002558,CC0 1.0,MEDLINE cooccurrence,false
DOID:4481,D006970,CC0 1.0,MEDLINE cooccurrence,false
DOID:1319,D006732,CC0 1.0,MEDLINE cooccurrence,false
DOID:2394,D005221,CC0 1.0,MEDLINE cooccurrence,false
DOID:2394,D002100,CC0 1.0,MEDLINE cooccurrence,false
DOID:11054,D004487,CC0 1.0,MEDLINE cooccurrence,false
DOID:14221,D053201,CC0 1.0,MEDLINE cooccurrence,false
DOID:7693,D005335,CC0 1.0,MEDLINE cooccurrence,false
DOID:3312,D011596,CC0 1.0,MEDLINE cooccurrence,false
DOID:11934,D006732,CC0 1.0,MEDLINE cooccurrence,false
DOID:1319,D015354,CC0 1.0,MEDLINE cooccurrence,false
DOID:2043,D001926,CC0 1.0,MEDLINE cooccurrence,false
DOID:1595,D017109,CC0 1.0,MEDLINE cooccurrence,false
DOID:824,D005157,CC0 1.0,MEDLINE cooccurrence,false
DOID:9296,D038901,CC0 1.0,MEDLINE cooccurrence,false
DOID:11949,D018886,CC0 1.0,MEDLINE cooccurrence,false
DOID:14330,D004409,CC0 1.0,MEDLINE cooccurrence,false
DOID:184,D013064,CC0 1.0,MEDLINE cooccurrence,false
DOID:1115,D003371,CC0 1.0,MEDLINE cooccurrence,false
DOID:13189,D001416,CC0 1.0,MEDLINE cooccurrence,false
DOID:14330,D007806,CC0 1.0,MEDLINE cooccurrence,false
DOID:184,D010148,CC0 1.0,MEDLINE cooccurrence,false
DOID:1936,D060050,CC0 1.0,MEDLINE cooccurrence,false
DOID:1319,D005183,CC0 1.0,MEDLINE cooccurrence,false
DOID:11819,D053584,CC0 1.0,MEDLINE cooccurrence,false
DOID:3277,D005207,CC0 1.0,MEDLINE cooccurrence,false
DOID:1024,D009461,CC0 1.0,MEDLINE cooccurrence,false
DOID:1826,D020270,CC0 1.0,MEDLINE cooccurrence,false
DOID:11555,D019591,CC0 1.0,MEDLINE cooccurrence,false
DOID:5041,D001037,CC0 1.0,MEDLINE cooccurrence,false
DOID:4362,D003967,CC0 1.0,MEDLINE cooccurrence,false
DOID:3312,D011602,CC0 1.0,MEDLINE cooccurrence,false
DOID:4362,D005334,CC0 1.0,MEDLINE cooccurrence,false
DOID:2043,D007565,CC0 1.0,MEDLINE cooccurrence,false
DOID:2043,D011507,CC0 1.0,MEDLINE cooccurrence,false
DOID:4159,D011696,CC0 1.0,MEDLINE cooccurrence,false
DOID:9296,D006209,CC0 1.0,MEDLINE cooccurrence,false
DOID:4362,D010146,CC0 1.0,MEDLINE cooccurrence,false
DOID:585,D011141,CC0 1.0,MEDLINE cooccurrence,false
DOID:3310,D012893,CC0 1.0,MEDLINE cooccurrence,false
DOID:7147,D009133,CC0 1.0,MEDLINE cooccurrence,false
DOID:332,D020240,CC0 1.0,MEDLINE cooccurrence,false
DOID:10652,D001041,CC0 1.0,MEDLINE cooccurrence,false
DOID:1192,D012021,CC0 1.0,MEDLINE cooccurrence,false
DOID:9352,D015430,CC0 1.0,MEDLINE cooccurrence,false
DOID:0060119,D014103,CC0 1.0,MEDLINE cooccurrence,false
DOID:9206,D004415,CC0 1.0,MEDLINE cooccurrence,false
DOID:2994,D009886,CC0 1.0,MEDLINE cooccurrence,false
DOID:1595,D006212,CC0 1.0,MEDLINE cooccurrence,false
DOID:263,D015160,CC0 1.0,MEDLINE cooccurrence,false
DOID:1909,D058447,CC0 1.0,MEDLINE cooccurrence,false
DOID:2994,D011141,CC0 1.0,MEDLINE cooccurrence,false
DOID:10534,D000006,CC0 1.0,MEDLINE cooccurrence,false
DOID:784,D016534,CC0 1.0,MEDLINE cooccurrence,false
DOID:1595,D011595,CC0 1.0,MEDLINE cooccurrence,false
DOID:10941,D065634,CC0 1.0,MEDLINE cooccurrence,false
DOID:3571,D001260,CC0 1.0,MEDLINE cooccurrence,false
DOID:90,D059350,CC0 1.0,MEDLINE cooccurrence,false
DOID:12361,D004487,CC0 1.0,MEDLINE cooccurrence,false
DOID:1192,D006987,CC0 1.0,MEDLINE cooccurrence,false
DOID:5419,D020238,CC0 1.0,MEDLINE cooccurrence,false
DOID:12361,D011696,CC0 1.0,MEDLINE cooccurrence,false
DOID:1319,D001049,CC0 1.0,MEDLINE cooccurrence,false
DOID:0060119,D005157,CC0 1.0,MEDLINE cooccurrence,false
DOID:7148,D016553,CC0 1.0,MEDLINE cooccurrence,false
DOID:11119,D013064,CC0 1.0,MEDLINE cooccurrence,false
DOID:2174,D052245,CC0 1.0,MEDLINE cooccurrence,false
DOID:1826,D002375,CC0 1.0,MEDLINE cooccurrence,false
DOID:2994,D017116,CC0 1.0,MEDLINE cooccurrence,false
DOID:9744,D007625,CC0 1.0,MEDLINE cooccurrence,false
DOID:1790,D017699,CC0 1.0,MEDLINE cooccurrence,false
DOID:5408,D010243,CC0 1.0,MEDLINE cooccurrence,false
DOID:784,D020189,CC0 1.0,MEDLINE cooccurrence,false
DOID:184,D017288,CC0 1.0,MEDLINE cooccurrence,false
DOID:9206,D006356,CC0 1.0,MEDLINE cooccurrence,false
DOID:1459,D007040,CC0 1.0,MEDLINE cooccurrence,false
DOID:1686,D014823,CC0 1.0,MEDLINE cooccurrence,false
DOID:3070,D057896,CC0 1.0,MEDLINE cooccurrence,false
DOID:11476,D013746,CC0 1.0,MEDLINE cooccurrence,false
DOID:1612,D000855,CC0 1.0,MEDLINE cooccurrence,false
DOID:363,D010148,CC0 1.0,MEDLINE cooccurrence,false
DOID:3070,D009886,CC0 1.0,MEDLINE cooccurrence,false
DOID:12995,D007859,CC0 1.0,MEDLINE cooccurrence,false
DOID:3312,D002524,CC0 1.0,MEDLINE cooccurrence,false
DOID:10941,D004411,CC0 1.0,MEDLINE cooccurrence,false
DOID:5612,D001416,CC0 1.0,MEDLINE cooccurrence,false
DOID:11934,D014103,CC0 1.0,MEDLINE cooccurrence,false
DOID:2355,D005334,CC0 1.0,MEDLINE cooccurrence,false
DOID:9296,D008607,CC0 1.0,MEDLINE cooccurrence,false
DOID:784,D015430,CC0 1.0,MEDLINE cooccurrence,false
DOID:1826,D012892,CC0 1.0,MEDLINE cooccurrence,false
DOID:2377,D006987,CC0 1.0,MEDLINE cooccurrence,false
DOID:1319,D011141,CC0 1.0,MEDLINE cooccurrence,false
DOID:10763,D056128,CC0 1.0,MEDLINE cooccurrence,false
DOID:1790,D004417,CC0 1.0,MEDLINE cooccurrence,false
DOID:824,D005884,CC0 1.0,MEDLINE cooccurrence,false
DOID:363,D017699,CC0 1.0,MEDLINE cooccurrence,false
DOID:2994,D010264,CC0 1.0,MEDLINE cooccurrence,false
DOID:4159,D009755,CC0 1.0,MEDLINE cooccurrence,false
DOID:1115,D019547,CC0 1.0,MEDLINE cooccurrence,false
DOID:10871,D052245,CC0 1.0,MEDLINE cooccurrence,false
DOID:1459,D004487,CC0 1.0,MEDLINE cooccurrence,false
DOID:824,D020078,CC0 1.0,MEDLINE cooccurrence,false
DOID:1826,D020324,CC0 1.0,MEDLINE cooccurrence,false
DOID:1595,D059445,CC0 1.0,MEDLINE cooccurrence,false
DOID:8850,D014313,CC0 1.0,MEDLINE cooccurrence,false
DOID:4989,D010146,CC0 1.0,MEDLINE cooccurrence,false
DOID:2994,D060486,CC0 1.0,MEDLINE cooccurrence,false
DOID:0050425,D020922,CC0 1.0,MEDLINE cooccurrence,false
DOID:7147,D020069,CC0 1.0,MEDLINE cooccurrence,false
DOID:2377,D004421,CC0 1.0,MEDLINE cooccurrence,false
DOID:1459,D013746,CC0 1.0,MEDLINE cooccurrence,false
DOID:4045,D014103,CC0 1.0,MEDLINE cooccurrence,false
DOID:2394,D005414,CC0 1.0,MEDLINE cooccurrence,false
DOID:14330,D059445,CC0 1.0,MEDLINE cooccurrence,false
DOID:3070,D020324,CC0 1.0,MEDLINE cooccurrence,false
DOID:1993,D001750,CC0 1.0,MEDLINE cooccurrence,false
DOID:0050156,D004417,CC0 1.0,MEDLINE cooccurrence,false
DOID:10153,D000006,CC0 1.0,MEDLINE cooccurrence,false
DOID:5559,D012133,CC0 1.0,MEDLINE cooccurrence,false
DOID:10941,D013575,CC0 1.0,MEDLINE cooccurrence,false
DOID:11934,D010149,CC0 1.0,MEDLINE cooccurrence,false
DOID:3121,D041781,CC0 1.0,MEDLINE cooccurrence,false
DOID:2377,D003248,CC0 1.0,MEDLINE cooccurrence,false
DOID:10652,D003221,CC0 1.0,MEDLINE cooccurrence,false
DOID:3393,D000789,CC0 1.0,MEDLINE cooccurrence,false
DOID:14004,D010243,CC0 1.0,MEDLINE cooccurrence,false
DOID:5419,D059445,CC0 1.0,MEDLINE cooccurrence,false
DOID:10534,D001247,CC0 1.0,MEDLINE cooccurrence,false
DOID:11934,D014839,CC0 1.0,MEDLINE cooccurrence,false
DOID:1781,D001260,CC0 1.0,MEDLINE cooccurrence,false
DOID:14221,D015431,CC0 1.0,MEDLINE cooccurrence,false
DOID:10941,D006429,CC0 1.0,MEDLINE cooccurrence,false
DOID:3070,D001039,CC0 1.0,MEDLINE cooccurrence,false
DOID:2377,D010468,CC0 1.0,MEDLINE cooccurrence,false
DOID:2377,D006429,CC0 1.0,MEDLINE cooccurrence,false
DOID:175,D005334,CC0 1.0,MEDLINE cooccurrence,false
DOID:1993,D010148,CC0 1.0,MEDLINE cooccurrence,false
DOID:3312,D000326,CC0 1.0,MEDLINE cooccurrence,false
DOID:14330,D013064,CC0 1.0,MEDLINE cooccurrence,false
DOID:12361,D013746,CC0 1.0,MEDLINE cooccurrence,false
DOID:1094,D011596,CC0 1.0,MEDLINE cooccurrence,false
DOID:14221,D020181,CC0 1.0,MEDLINE cooccurrence,false
DOID:6364,D001259,CC0 1.0,MEDLINE cooccurrence,false
DOID:11615,D019080,CC0 1.0,MEDLINE cooccurrence,false
DOID:3277,D004417,CC0 1.0,MEDLINE cooccurrence,false
DOID:3070,D009207,CC0 1.0,MEDLINE cooccurrence,false
DOID:1612,D001260,CC0 1.0,MEDLINE cooccurrence,false
DOID:3565,D012021,CC0 1.0,MEDLINE cooccurrence,false
DOID:332,D001184,CC0 1.0,MEDLINE cooccurrence,false
DOID:3312,D001247,CC0 1.0,MEDLINE cooccurrence,false
DOID:216,D012415,CC0 1.0,MEDLINE cooccurrence,false
DOID:332,D009886,CC0 1.0,MEDLINE cooccurrence,false
DOID:4159,D010146,CC0 1.0,MEDLINE cooccurrence,false
DOID:219,D010149,CC0 1.0,MEDLINE cooccurrence,false
DOID:3070,D015354,CC0 1.0,MEDLINE cooccurrence,false
DOID:3070,D014839,CC0 1.0,MEDLINE cooccurrence,false
DOID:12849,D009903,CC0 1.0,MEDLINE cooccurrence,false
DOID:12365,D014474,CC0 1.0,MEDLINE cooccurrence,false
DOID:1115,D017116,CC0 1.0,MEDLINE cooccurrence,false
DOID:7693,D010264,CC0 1.0,MEDLINE cooccurrence,false
DOID:3393,D006337,CC0 1.0,MEDLINE cooccurrence,false
DOID:2994,D006939,CC0 1.0,MEDLINE cooccurrence,false
DOID:10021,D019080,CC0 1.0,MEDLINE cooccurrence,false
DOID:10871,D014786,CC0 1.0,MEDLINE cooccurrence,false
DOID:1319,D009461,CC0 1.0,MEDLINE cooccurrence,false
DOID:1826,D012640,CC0 1.0,MEDLINE cooccurrence,false
DOID:1936,D007383,CC0 1.0,MEDLINE cooccurrence,false
DOID:10652,D010468,CC0 1.0,MEDLINE cooccurrence,false
DOID:9835,D004314,CC0 1.0,MEDLINE cooccurrence,false
DOID:10652,D062706,CC0 1.0,MEDLINE cooccurrence,false
DOID:1686,D015354,CC0 1.0,MEDLINE cooccurrence,false
DOID:3312,D003221,CC0 1.0,MEDLINE cooccurrence,false
DOID:6364,D000857,CC0 1.0,MEDLINE cooccurrence,false
DOID:2174,D005157,CC0 1.0,MEDLINE cooccurrence,false
DOID:11934,D014313,CC0 1.0,MEDLINE cooccurrence,false
DOID:3565,D003639,CC0 1.0,MEDLINE cooccurrence,false
DOID:2355,D012877,CC0 1.0,MEDLINE cooccurrence,false
DOID:1192,D017116,CC0 1.0,MEDLINE cooccurrence,false
DOID:2355,D007625,CC0 1.0,MEDLINE cooccurrence,false
DOID:10763,D002303,CC0 1.0,MEDLINE cooccurrence,false
DOID:184,D017116,CC0 1.0,MEDLINE cooccurrence,false
DOID:784,D012891,CC0 1.0,MEDLINE cooccurrence,false
DOID:1725,D003248,CC0 1.0,MEDLINE cooccurrence,false
DOID:10283,D014550,CC0 1.0,MEDLINE cooccurrence,false
DOID:3565,D009886,CC0 1.0,MEDLINE cooccurrence,false
DOID:11612,D006628,CC0 1.0,MEDLINE cooccurrence,false
DOID:418,D014313,CC0 1.0,MEDLINE cooccurrence,false
DOID:1319,D006987,CC0 1.0,MEDLINE cooccurrence,false
DOID:9835,D015875,CC0 1.0,MEDLINE cooccurrence,false
DOID:2994,D006423,CC0 1.0,MEDLINE cooccurrence,false
DOID:784,D000855,CC0 1.0,MEDLINE cooccurrence,false
DOID:8778,D010146,CC0 1.0,MEDLINE cooccurrence,false
DOID:10021,D009325,CC0 1.0,MEDLINE cooccurrence,false
DOID:8778,D003085,CC0 1.0,MEDLINE cooccurrence,false
DOID:10652,D004411,CC0 1.0,MEDLINE cooccurrence,false
DOID:363,D004487,CC0 1.0,MEDLINE cooccurrence,false
DOID:10534,D006396,CC0 1.0,MEDLINE cooccurrence,false
DOID:1595,D005221,CC0 1.0,MEDLINE cooccurrence,false
DOID:1319,D014786,CC0 1.0,MEDLINE cooccurrence,false
DOID:3571,D005334,CC0 1.0,MEDLINE cooccurrence,false
DOID:14330,D017827,CC0 1.0,MEDLINE cooccurrence,false
DOID:2355,D005132,CC0 1.0,MEDLINE cooccurrence,false
DOID:8577,D016553,CC0 1.0,MEDLINE cooccurrence,false
DOID:9970,D001835,CC0 1.0,MEDLINE cooccurrence,false
DOID:11949,D000377,CC0 1.0,MEDLINE cooccurrence,false
DOID:10608,D003967,CC0 1.0,MEDLINE cooccurrence,false
DOID:12930,D001835,CC0 1.0,MEDLINE cooccurrence,false
DOID:11476,D004614,CC0 1.0,MEDLINE cooccurrence,false
DOID:9835,D015877,CC0 1.0,MEDLINE cooccurrence,false
DOID:1024,D006987,CC0 1.0,MEDLINE cooccurrence,false
DOID:3312,D003117,CC0 1.0,MEDLINE cooccurrence,false
DOID:1115,D009133,CC0 1.0,MEDLINE cooccurrence,false
DOID:11054,D011507,CC0 1.0,MEDLINE cooccurrence,false
DOID:0050741,D008607,CC0 1.0,MEDLINE cooccurrence,false
DOID:5419,D001308,CC0 1.0,MEDLINE cooccurrence,false
DOID:2377,D000381,CC0 1.0,MEDLINE cooccurrence,false
DOID:1115,D000860,CC0 1.0,MEDLINE cooccurrence,false
DOID:8577,D015746,CC0 1.0,MEDLINE cooccurrence,false
DOID:9970,D056865,CC0 1.0,MEDLINE cooccurrence,false
DOID:11555,D011681,CC0 1.0,MEDLINE cooccurrence,false
DOID:363,D015746,CC0 1.0,MEDLINE cooccurrence,false
DOID:1319,D006316,CC0 1.0,MEDLINE cooccurrence,false
DOID:5419,D008607,CC0 1.0,MEDLINE cooccurrence,false
DOID:9074,D011695,CC0 1.0,MEDLINE cooccurrence,false
DOID:12236,D011537,CC0 1.0,MEDLINE cooccurrence,false
DOID:10763,D057774,CC0 1.0,MEDLINE cooccurrence,false
DOID:1192,D003638,CC0 1.0,MEDLINE cooccurrence,false
DOID:4989,D010148,CC0 1.0,MEDLINE cooccurrence,false
DOID:14330,D020187,CC0 1.0,MEDLINE cooccurrence,false
