source_id,target_id,license,sources,unbiased
3439,DOID:263,CC BY 4.0,DISEASES,false
1462,DOID:1909,,DOAF,false
1394,DOID:10763,ODbL 1.0,DisGeNET,false
4313,DOID:2394,CC BY 4.0,DISEASES,false
5021,DOID:12849,,DISEASES|DOAF|DisGeNET,false
1387,DOID:10283,ODbL 1.0,DisGeNET,false
3363,DOID:14330,CC BY 4.0,DISEASES,false
8562,DOID:8850,CC BY 4.0,DISEASES,false
5524,DOID:10652,CC BY 4.0,DISEASES,false
2876,DOID:10763,,DISEASES|DisGeNET,false
4524,DOID:14330,,DOAF,false
9526,DOID:2986,CC BY 4.0,GWAS Catalog,true
4982,DOID:1936,CC BY 4.0,DISEASES|DOAF,false
51201,DOID:3571,ODbL 1.0,DisGeNET,false
5241,DOID:6364,,DOAF,false
5105,DOID:9970,ODbL 1.0,DisGeNET,false
3600,DOID:12849,ODbL 1.0,DisGeNET,false
1401,DOID:13378,CC BY 4.0,DISEASES,false
4318,DOID:10534,ODbL 1.0,DisGeNET,false
7124,DOID:8986,CC BY 4.0,DISEASES,false
23411,DOID:10283,ODbL 1.0,DisGeNET,false
7040,DOID:4989,,DOAF,false
55858,DOID:2394,CC BY 4.0,DISEASES,false
1111,DOID:2355,,DOAF,false
8540,DOID:635,CC BY 4.0,DISEASES,false
8702,DOID:10283,ODbL 1.0,DisGeNET,false
56999,DOID:9352,,DisGeNET|GWAS Catalog,true
7704,DOID:2531,CC BY 4.0,DISEASES,false
3645,DOID:8850,ODbL 1.0,DisGeNET,false
192286,DOID:3571,ODbL 1.0,DisGeNET,false
492,DOID:10763,ODbL 1.0,DisGeNET,false
51083,DOID:9744,ODbL 1.0,DisGeNET,false
9375,DOID:2986,ODbL 1.0,DisGeNET,false
4129,DOID:0050741,CC BY 4.0,DISEASES,false
6737,DOID:9074,CC BY 4.0,DISEASES,false
25797,DOID:1324,CC BY 4.0,DISEASES,false
5551,DOID:2355,ODbL 1.0,DisGeNET,false
598,DOID:10283,CC BY 4.0,DISEASES,false
10397,DOID:3070,ODbL 1.0,DisGeNET,false
8224,DOID:12849,ODbL 1.0,DisGeNET,false
157807,DOID:9835,CC BY 4.0,DISEASES,false
6351,DOID:635,CC BY 4.0,DISEASES,false
6775,DOID:3083,ODbL 1.0,DisGeNET,false
183,DOID:3393,,DISEASES|DOAF|DisGeNET,false
6648,DOID:11476,ODbL 1.0,DisGeNET,false
11127,DOID:3310,CC BY 4.0,GWAS Catalog,true
1269,DOID:1936,ODbL 1.0,DisGeNET,false
3440,DOID:2355,ODbL 1.0,DisGeNET,false
2247,DOID:824,ODbL 1.0,DisGeNET,false
56246,DOID:9008,CC BY 4.0,DISEASES,false
6337,DOID:11612,ODbL 1.0,DisGeNET,false
958,DOID:2377,,DISEASES|DOAF|DisGeNET|GWAS Catalog,true
5141,DOID:2841,CC BY 4.0,DISEASES,false
4363,DOID:10763,ODbL 1.0,DisGeNET,false
2359,DOID:2986,ODbL 1.0,DisGeNET,false
5068,DOID:4989,CC BY 4.0,DISEASES,false
25865,DOID:11612,ODbL 1.0,DisGeNET,false
4317,DOID:11934,CC BY 4.0,DISEASES,false
51083,DOID:10763,ODbL 1.0,DisGeNET,false
80142,DOID:1781,ODbL 1.0,DisGeNET,false
1152,DOID:3393,,DISEASES|DisGeNET,false
3908,DOID:10763,ODbL 1.0,DisGeNET,false
84634,DOID:10534,ODbL 1.0,DisGeNET,false
7030,DOID:4045,CC BY 4.0,DISEASES,false
9,DOID:10283,ODbL 1.0,DisGeNET,false
2650,DOID:10283,ODbL 1.0,DisGeNET,false
1565,DOID:5419,CC BY 4.0,DISEASES|DOAF,false
5657,DOID:7148,CC BY 4.0,DISEASES,false
10847,DOID:8850,ODbL 1.0,DisGeNET,false
6814,DOID:4989,CC BY 4.0,DISEASES,false
3106,DOID:635,,DOAF,false
92335,DOID:1319,ODbL 1.0,DisGeNET,false
10745,DOID:1459,CC BY 4.0,GWAS Catalog,true
891,DOID:2986,ODbL 1.0,DisGeNET,false
2035,DOID:1909,ODbL 1.0,DisGeNET,false
6723,DOID:2377,CC BY 4.0,DISEASES,false
1571,DOID:3571,,DISEASES|DisGeNET,false
3190,DOID:1612,ODbL 1.0,DisGeNET,false
59272,DOID:1686,ODbL 1.0,DisGeNET,false
2023,DOID:5041,ODbL 1.0,DisGeNET,false
8871,DOID:1612,ODbL 1.0,DisGeNET,false
11010,DOID:2986,ODbL 1.0,DisGeNET,false
4879,DOID:2355,,DOAF,false
6869,DOID:2841,,DISEASES|DisGeNET,false
1672,DOID:9970,ODbL 1.0,DisGeNET,false
3084,DOID:5419,CC BY 4.0,DISEASES|DOAF,false
4893,DOID:2394,CC BY 4.0,DISEASES,false
5728,DOID:1612,,DISEASES|DisGeNET,false
389434,DOID:1459,,DOAF,false
341,DOID:2986,ODbL 1.0,DisGeNET,false
10419,DOID:2841,ODbL 1.0,DisGeNET,false
920,DOID:2355,CC BY 4.0,DISEASES,false
920,DOID:3310,CC BY 4.0,DISEASES,false
10404,DOID:216,CC BY 4.0,DISEASES,false
5445,DOID:3393,CC BY 4.0,DISEASES,false
1361,DOID:9970,ODbL 1.0,DisGeNET,false
367,DOID:12849,ODbL 1.0,DisGeNET,false
4193,DOID:10283,ODbL 1.0,DisGeNET,false
2697,DOID:10763,ODbL 1.0,DisGeNET,false
55856,DOID:2596,CC BY 4.0,DISEASES,false
2558,DOID:12849,ODbL 1.0,DisGeNET,false
959,DOID:2377,CC BY 4.0,DISEASES,false
2100,DOID:3393,ODbL 1.0,DisGeNET,false
3567,DOID:4481,CC BY 4.0,DISEASES,false
1956,DOID:2394,,DISEASES|DisGeNET,false
51582,DOID:2986,ODbL 1.0,DisGeNET,false
329,DOID:2531,,DISEASES|DisGeNET,false
1583,DOID:11612,CC BY 4.0,DISEASES|DOAF,false
333,DOID:10652,CC BY 4.0,DISEASES,false
1015,DOID:263,CC BY 4.0,DISEASES,false
200186,DOID:9352,ODbL 1.0,DisGeNET,false
1775,DOID:10283,ODbL 1.0,DisGeNET,false
9454,DOID:8850,ODbL 1.0,DisGeNET,false
1588,DOID:11714,ODbL 1.0,DisGeNET,false
1612,DOID:1324,ODbL 1.0,DisGeNET,false
867,DOID:2355,CC BY 4.0,DISEASES,false
9780,DOID:2355,CC BY 4.0,DISEASES,false
255738,DOID:1936,CC BY 4.0,DISEASES,false
572,DOID:3070,ODbL 1.0,DisGeNET,false
57167,DOID:9835,,DISEASES|DisGeNET,false
4843,DOID:3083,ODbL 1.0,DOAF|DisGeNET,false
26,DOID:10763,ODbL 1.0,DisGeNET,false
29108,DOID:1324,ODbL 1.0,DisGeNET,false
10412,DOID:12236,ODbL 1.0,DisGeNET,false
1906,DOID:14330,ODbL 1.0,DisGeNET,false
1512,DOID:2531,ODbL 1.0,DisGeNET,false
51163,DOID:332,ODbL 1.0,DisGeNET,false
1409,DOID:1686,,DISEASES|DisGeNET,false
4905,DOID:2394,CC BY 4.0,GWAS Catalog,true
1495,DOID:263,CC BY 4.0,DISEASES,false
10318,DOID:1612,ODbL 1.0,DisGeNET,false
973,DOID:635,CC BY 4.0,DISEASES,false
6774,DOID:10283,,DISEASES|DisGeNET,false
3685,DOID:1909,,DOAF,false
3553,DOID:2531,CC BY 4.0,DISEASES,false
6295,DOID:2043,CC BY 4.0,DISEASES,false
5581,DOID:3393,ODbL 1.0,DisGeNET,false
9241,DOID:9296,CC BY 4.0,GWAS Catalog,true
4313,DOID:3393,,DISEASES|DOAF|DisGeNET,false
1803,DOID:7148,CC BY 4.0,DOAF|GWAS Catalog,true
11262,DOID:2531,CC BY 4.0,GWAS Catalog,true
23532,DOID:1909,ODbL 1.0,DisGeNET,false
55014,DOID:1909,ODbL 1.0,DisGeNET,false
5243,DOID:784,ODbL 1.0,DisGeNET,false
183,DOID:1826,ODbL 1.0,DisGeNET,false
55215,DOID:2355,CC BY 4.0,DISEASES|DOAF,false
1958,DOID:10283,ODbL 1.0,DisGeNET,false
202500,DOID:3953,CC BY 4.0,DISEASES,false
5743,DOID:184,ODbL 1.0,DisGeNET,false
623,DOID:10763,ODbL 1.0,DisGeNET,false
11124,DOID:9352,CC BY 4.0,GWAS Catalog,true
923,DOID:0060119,CC BY 4.0,DISEASES,false
71,DOID:635,CC BY 4.0,DISEASES,false
640,DOID:7148,,DISEASES|DisGeNET|GWAS Catalog,true
66037,DOID:10941,CC BY 4.0,GWAS Catalog,true
8209,DOID:1115,CC BY 4.0,DISEASES,false
10528,DOID:10534,ODbL 1.0,DisGeNET,false
958,DOID:2841,ODbL 1.0,DisGeNET,false
1030,DOID:1686,,DisGeNET|GWAS Catalog,true
2638,DOID:3083,,DOAF,false
23314,DOID:1324,ODbL 1.0,DisGeNET,false
23411,DOID:3393,ODbL 1.0,DisGeNET,false
7422,DOID:1909,CC BY 4.0,DISEASES|DOAF,false
6648,DOID:5041,ODbL 1.0,DisGeNET,false
7099,DOID:2377,,DOAF,false
6317,DOID:5041,ODbL 1.0,DisGeNET,false
3880,DOID:2841,ODbL 1.0,DisGeNET,false
2585,DOID:2986,ODbL 1.0,DisGeNET,false
53615,DOID:12849,ODbL 1.0,DisGeNET,false
5886,DOID:10534,ODbL 1.0,DisGeNET,false
4285,DOID:9835,CC BY 4.0,GWAS Catalog,true
6885,DOID:10283,ODbL 1.0,DisGeNET,false
5308,DOID:1686,CC BY 4.0,DISEASES|DOAF,false
285601,DOID:2394,ODbL 1.0,DisGeNET,false
6812,DOID:1826,,DISEASES|DisGeNET,false
5168,DOID:9970,CC BY 4.0,DISEASES,false
7166,DOID:1595,CC BY 4.0,DISEASES,false
1813,DOID:0050741,CC BY 4.0,DISEASES,false
55839,DOID:2986,ODbL 1.0,DisGeNET,false
1004,DOID:263,CC BY 4.0,DISEASES,false
4842,DOID:9970,ODbL 1.0,DisGeNET,false
5444,DOID:332,,DOAF,false
81693,DOID:2355,CC BY 4.0,DISEASES,false
3191,DOID:1612,ODbL 1.0,DisGeNET,false
6347,DOID:10763,,DISEASES|DisGeNET,false
640,DOID:13378,,DisGeNET|GWAS Catalog,true
6528,DOID:263,ODbL 1.0,DisGeNET,false
4904,DOID:1612,ODbL 1.0,DisGeNET,false
2705,DOID:3571,ODbL 1.0,DisGeNET,false
5551,DOID:12849,ODbL 1.0,DisGeNET,false
2192,DOID:3312,CC BY 4.0,GWAS Catalog,true
6714,DOID:1826,ODbL 1.0,DisGeNET,false
81567,DOID:10283,ODbL 1.0,DisGeNET,false
7442,DOID:1826,ODbL 1.0,DisGeNET,false
254428,DOID:14227,CC BY 4.0,DISEASES,false
10682,DOID:9835,CC BY 4.0,DISEASES,false
3135,DOID:2841,ODbL 1.0,DOAF|DisGeNET,false
1238,DOID:8778,CC BY 4.0,DISEASES,false
2078,DOID:10283,ODbL 1.0,DisGeNET,false
440387,DOID:4989,ODbL 1.0,DisGeNET,false
153,DOID:10763,,DISEASES|DOAF|DisGeNET,false
2125,DOID:2531,CC BY 4.0,DISEASES,false
478,DOID:6364,CC BY 4.0,DISEASES,false
5653,DOID:10652,,DOAF,false
4049,DOID:2841,,DOAF,false
43,DOID:10283,ODbL 1.0,DisGeNET,false
79058,DOID:4045,,DISEASES|DisGeNET,false
4067,DOID:9074,ODbL 1.0,DisGeNET,false
7369,DOID:10763,,DisGeNET|GWAS Catalog,true
9435,DOID:2986,ODbL 1.0,DisGeNET,false
843,DOID:1909,ODbL 1.0,DisGeNET,false
4089,DOID:1793,,DISEASES|DisGeNET,false
9370,DOID:11714,,DISEASES|DOAF|DisGeNET,false
6037,DOID:3310,CC BY 4.0,DISEASES,false
4436,DOID:363,CC BY 4.0,DISEASES,false
4436,DOID:2394,,DISEASES|DisGeNET,false
4286,DOID:1115,CC BY 4.0,DISEASES,false
5915,DOID:10534,ODbL 1.0,DisGeNET,false
27306,DOID:1612,CC BY 4.0,DISEASES,false
120892,DOID:8778,CC BY 4.0,GWAS Catalog,true
10198,DOID:9352,CC BY 4.0,GWAS Catalog,true
7369,DOID:585,CC BY 4.0,DISEASES,false
2571,DOID:5419,CC BY 4.0,DISEASES|DOAF,false
10403,DOID:2986,ODbL 1.0,DisGeNET,false
8031,DOID:1781,ODbL 1.0,DisGeNET,false
4915,DOID:10652,CC BY 4.0,DISEASES,false
6237,DOID:10283,ODbL 1.0,DisGeNET,false
4968,DOID:9352,ODbL 1.0,DisGeNET,false
3670,DOID:8850,CC BY 4.0,DISEASES,false
144577,DOID:11612,ODbL 1.0,DisGeNET,false
2628,DOID:3393,ODbL 1.0,DisGeNET,false
5465,DOID:3571,ODbL 1.0,DisGeNET,false
1938,DOID:1612,ODbL 1.0,DisGeNET,false
3291,DOID:2841,ODbL 1.0,DisGeNET,false
9370,DOID:1936,,DISEASES|DOAF|DisGeNET,false
133482,DOID:5419,CC BY 4.0,GWAS Catalog,true
8831,DOID:12849,,DISEASES|DisGeNET,false
3148,DOID:9970,ODbL 1.0,DisGeNET,false
1471,DOID:10652,ODbL 1.0,DOAF|DisGeNET,false
23788,DOID:9970,,DISEASES|DisGeNET,false
3099,DOID:3393,ODbL 1.0,DisGeNET,false
4153,DOID:10608,,DOAF,false
201299,DOID:4045,CC BY 4.0,DISEASES,false
6583,DOID:7148,ODbL 1.0,DOAF|DisGeNET,false
3565,DOID:7148,CC BY 4.0,DISEASES|DOAF,false
23583,DOID:1826,CC BY 4.0,DISEASES,false
80264,DOID:11612,ODbL 1.0,DisGeNET,false
10743,DOID:1909,ODbL 1.0,DisGeNET,false
775,DOID:5419,CC BY 4.0,DISEASES|DOAF|GWAS Catalog,true
3337,DOID:3571,CC BY 4.0,DISEASES,false
79465,DOID:986,ODbL 1.0,DisGeNET,false
3485,DOID:8850,ODbL 1.0,DisGeNET,false
1604,DOID:1192,ODbL 1.0,DisGeNET,false
6870,DOID:10763,ODbL 1.0,DisGeNET,false
7015,DOID:4362,ODbL 1.0,DisGeNET,false
51604,DOID:1826,CC BY 4.0,DISEASES,false
3105,DOID:12361,CC BY 4.0,DISEASES,false
596,DOID:10283,ODbL 1.0,DisGeNET,false
1393,DOID:9970,ODbL 1.0,DisGeNET,false
4313,DOID:1115,,DOAF,false
9839,DOID:9835,CC BY 4.0,GWAS Catalog,true
284217,DOID:9352,CC BY 4.0,GWAS Catalog,true
7372,DOID:1612,ODbL 1.0,DisGeNET,false
1634,DOID:2841,ODbL 1.0,DisGeNET,false
595,DOID:5041,,DISEASES|DisGeNET,false
64240,DOID:10283,ODbL 1.0,DisGeNET,false
6647,DOID:9352,ODbL 1.0,DisGeNET,false
653509,DOID:0050156,ODbL 1.0,DisGeNET,false
8516,DOID:2394,ODbL 1.0,DisGeNET,false
3356,DOID:11119,CC BY 4.0,DISEASES,false
1058,DOID:418,CC BY 4.0,DISEASES,false
3576,DOID:8778,CC BY 4.0,DISEASES,false
1149,DOID:3571,ODbL 1.0,DisGeNET,false
8880,DOID:3070,CC BY 4.0,DISEASES,false
26762,DOID:1312,ODbL 1.0,DisGeNET,false
327,DOID:10652,CC BY 4.0,DISEASES,false
4233,DOID:1192,ODbL 1.0,DisGeNET,false
3952,DOID:9352,,DISEASES|DisGeNET|GWAS Catalog,true
3931,DOID:3393,,DisGeNET|GWAS Catalog,true
2147,DOID:9970,ODbL 1.0,DisGeNET,false
54901,DOID:9352,,DISEASES|DisGeNET|GWAS Catalog,true
10159,DOID:10763,CC BY 4.0,DISEASES,false
326,DOID:7148,CC BY 4.0,GWAS Catalog,true
154288,DOID:2994,CC BY 4.0,DISEASES,false
7516,DOID:1612,,DISEASES|DisGeNET,false
1756,DOID:4045,ODbL 1.0,DisGeNET,false
9699,DOID:1324,ODbL 1.0,DisGeNET,false
4340,DOID:5419,,DOAF,false
8358,DOID:3070,ODbL 1.0,DisGeNET,false
2335,DOID:1312,ODbL 1.0,DisGeNET,false
8897,DOID:2986,CC BY 4.0,GWAS Catalog,true
1312,DOID:594,,DISEASES|DOAF|DisGeNET,false
3439,DOID:1909,,DISEASES|DisGeNET,false
26136,DOID:3070,ODbL 1.0,DisGeNET,false
131965,DOID:1612,ODbL 1.0,DisGeNET,false
7430,DOID:1115,,DOAF,false
6239,DOID:1245,CC BY 4.0,DISEASES,false
51181,DOID:10283,ODbL 1.0,DisGeNET,false
773,DOID:6364,CC BY 4.0,DISEASES|DOAF,false
2876,DOID:1612,ODbL 1.0,DisGeNET,false
7009,DOID:1612,ODbL 1.0,DisGeNET,false
7372,DOID:2355,ODbL 1.0,DisGeNET,false
81037,DOID:11054,ODbL 1.0,DisGeNET,false
63892,DOID:9296,CC BY 4.0,GWAS Catalog,true
246778,DOID:9744,,DisGeNET|GWAS Catalog,true
2767,DOID:2174,,DISEASES|DisGeNET,false
6647,DOID:332,,DISEASES|DOAF|DisGeNET,false
7305,DOID:2986,ODbL 1.0,DisGeNET,false
6623,DOID:1686,ODbL 1.0,DisGeNET,false
207,DOID:9352,,DISEASES|DisGeNET,false
1387,DOID:5041,ODbL 1.0,DisGeNET,false
185,DOID:3393,,DISEASES|DOAF|DisGeNET,false
9869,DOID:1909,ODbL 1.0,DisGeNET,false
83879,DOID:784,CC BY 4.0,GWAS Catalog,true
79647,DOID:2986,ODbL 1.0,DisGeNET,false
841,DOID:1909,,DisGeNET|GWAS Catalog,true
345,DOID:3393,,DISEASES|DisGeNET,false
54491,DOID:2986,ODbL 1.0,DisGeNET,false
200315,DOID:1612,ODbL 1.0,DisGeNET,false
9745,DOID:263,ODbL 1.0,DisGeNET,false
10133,DOID:9835,CC BY 4.0,DISEASES,false
4283,DOID:986,ODbL 1.0,DisGeNET,false
2784,DOID:9970,,DISEASES|DOAF|DisGeNET,false
27344,DOID:8850,ODbL 1.0,DisGeNET,false
2799,DOID:1192,CC BY 4.0,DISEASES,false
1906,DOID:1909,,DOAF,false
949,DOID:14221,CC BY 4.0,DISEASES,false
64135,DOID:8893,,DisGeNET|GWAS Catalog,true
794,DOID:1790,CC BY 4.0,DISEASES,false
3606,DOID:3393,,DOAF,false
27339,DOID:10534,ODbL 1.0,DisGeNET,false
7076,DOID:8398,CC BY 4.0,DISEASES,false
3082,DOID:1612,ODbL 1.0,DisGeNET,false
5333,DOID:10763,ODbL 1.0,DisGeNET,false
3579,DOID:8577,,DisGeNET|GWAS Catalog,true
374920,DOID:11612,ODbL 1.0,DisGeNET,false
10673,DOID:2531,CC BY 4.0,DISEASES,false
2078,DOID:184,CC BY 4.0,DISEASES,false
5771,DOID:2531,ODbL 1.0,DisGeNET,false
3557,DOID:9074,,DOAF,false
1674,DOID:10534,ODbL 1.0,DisGeNET,false
2553,DOID:2986,ODbL 1.0,DisGeNET,false
6095,DOID:12849,ODbL 1.0,DisGeNET,false
2064,DOID:3070,ODbL 1.0,DisGeNET,false
1641,DOID:1909,ODbL 1.0,DisGeNET,false
7124,DOID:2841,,DISEASES|DOAF|DisGeNET,false
1072,DOID:1612,ODbL 1.0,DisGeNET,false
6657,DOID:3070,CC BY 4.0,DISEASES,false
3178,DOID:332,CC BY 4.0,DISEASES,false
283927,DOID:3571,ODbL 1.0,DisGeNET,false
659,DOID:10763,,DISEASES|DOAF|DisGeNET,false
1958,DOID:4989,ODbL 1.0,DisGeNET,false
1284,DOID:1324,ODbL 1.0,DisGeNET,false
573,DOID:1612,ODbL 1.0,DisGeNET,false
7124,DOID:2377,,DISEASES|DOAF|DisGeNET,false
7351,DOID:10763,ODbL 1.0,DisGeNET,false
6850,DOID:2531,CC BY 4.0,DISEASES,false
5354,DOID:2377,CC BY 4.0,DISEASES,false
1312,DOID:1595,CC BY 4.0,DISEASES,false
2520,DOID:10534,,DISEASES|DisGeNET,false
10437,DOID:2531,ODbL 1.0,DisGeNET,false
57511,DOID:7148,CC BY 4.0,GWAS Catalog,true
5328,DOID:10534,ODbL 1.0,DisGeNET,false
5111,DOID:1319,ODbL 1.0,DisGeNET,false
4318,DOID:14004,ODbL 1.0,DisGeNET,false
3569,DOID:12849,ODbL 1.0,DisGeNET,false
2956,DOID:2986,ODbL 1.0,DisGeNET,false
3351,DOID:12849,ODbL 1.0,DisGeNET,false
23410,DOID:3393,ODbL 1.0,DisGeNET,false
23586,DOID:8893,ODbL 1.0,DisGeNET,false
925,DOID:8893,CC BY 4.0,DISEASES,false
8754,DOID:1826,ODbL 1.0,DisGeNET,false
57476,DOID:5419,CC BY 4.0,GWAS Catalog,true
10850,DOID:3310,CC BY 4.0,DISEASES|DOAF,false
3146,DOID:3393,ODbL 1.0,DisGeNET,false
310,DOID:3571,ODbL 1.0,DisGeNET,false
2294,DOID:10763,ODbL 1.0,DisGeNET,false
2202,DOID:1793,ODbL 1.0,DisGeNET,false
7099,DOID:12365,,DOAF,false
5950,DOID:14221,CC BY 4.0,DISEASES,false
5468,DOID:219,ODbL 1.0,DisGeNET,false
26135,DOID:10534,ODbL 1.0,DisGeNET,false
1401,DOID:9352,CC BY 4.0,DISEASES,false
3880,DOID:3571,CC BY 4.0,DISEASES,false
115004,DOID:1094,CC BY 4.0,DISEASES,false
5286,DOID:1459,CC BY 4.0,DISEASES,false
2475,DOID:1826,CC BY 4.0,DISEASES,false
10451,DOID:10763,ODbL 1.0,DisGeNET,false
53335,DOID:9352,CC BY 4.0,GWAS Catalog,true
4656,DOID:9970,ODbL 1.0,DisGeNET,false
1548,DOID:1324,ODbL 1.0,DisGeNET,false
920,DOID:986,CC BY 4.0,DISEASES,false
2670,DOID:10652,CC BY 4.0,DISEASES,false
22891,DOID:3310,,DisGeNET|GWAS Catalog,true
7018,DOID:1324,ODbL 1.0,DisGeNET,false
7356,DOID:3083,CC BY 4.0,GWAS Catalog,true
3558,DOID:3070,ODbL 1.0,DisGeNET,false
27159,DOID:2841,CC BY 4.0,DISEASES|DOAF,false
718,DOID:1686,ODbL 1.0,DisGeNET,false
4306,DOID:3393,ODbL 1.0,DisGeNET,false
10815,DOID:3312,ODbL 1.0,DisGeNET,false
22914,DOID:9074,,DOAF,false
2308,DOID:9970,CC BY 4.0,DISEASES,false
9863,DOID:8850,ODbL 1.0,DisGeNET,false
4593,DOID:3277,CC BY 4.0,DISEASES,false
2099,DOID:13223,CC BY 4.0,DISEASES,false
8878,DOID:1612,CC BY 4.0,DISEASES,false
111,DOID:9352,,DisGeNET|GWAS Catalog,true
1356,DOID:1781,ODbL 1.0,DisGeNET,false
6007,DOID:2355,,DISEASES|DisGeNET,false
23046,DOID:8577,,DisGeNET|GWAS Catalog,true
2194,DOID:784,ODbL 1.0,DisGeNET,false
7852,DOID:2531,CC BY 4.0,DISEASES,false
3627,DOID:2377,CC BY 4.0,DISEASES,false
8777,DOID:0050741,CC BY 4.0,DISEASES,false
2099,DOID:1936,ODbL 1.0,DOAF|DisGeNET,false
64137,DOID:2355,CC BY 4.0,DISEASES,false
55737,DOID:14330,CC BY 4.0,DISEASES,false
6091,DOID:12849,ODbL 1.0,DisGeNET,false
307,DOID:2531,ODbL 1.0,DisGeNET,false
1215,DOID:2531,CC BY 4.0,DISEASES,false
100,DOID:12849,ODbL 1.0,DisGeNET,false
346288,DOID:3070,ODbL 1.0,DisGeNET,false
2149,DOID:1909,,DOAF,false
4318,DOID:10283,,DISEASES|DisGeNET,false
57016,DOID:1909,ODbL 1.0,DisGeNET,false
22924,DOID:2531,CC BY 4.0,DISEASES,false
3135,DOID:2377,,DOAF,false
4353,DOID:7148,ODbL 1.0,DisGeNET,false
3172,DOID:219,CC BY 4.0,DISEASES,false
2908,DOID:9352,ODbL 1.0,DisGeNET,false
4953,DOID:219,CC BY 4.0,DISEASES,false
79661,DOID:14221,ODbL 1.0,DisGeNET,false
10891,DOID:3393,ODbL 1.0,DisGeNET,false
4656,DOID:4045,CC BY 4.0,DISEASES,false
116449,DOID:12306,,DisGeNET|GWAS Catalog,true
2176,DOID:2355,,DISEASES|DOAF|DisGeNET,false
10539,DOID:2986,ODbL 1.0,DisGeNET,false
6514,DOID:1612,ODbL 1.0,DisGeNET,false
3351,DOID:9970,ODbL 1.0,DisGeNET,false
3815,DOID:184,ODbL 1.0,DisGeNET,false
5329,DOID:1936,,DOAF,false
26050,DOID:1319,CC BY 4.0,DISEASES,false
3713,DOID:2531,CC BY 4.0,DISEASES,false
4026,DOID:10608,CC BY 4.0,GWAS Catalog,true
2255,DOID:1612,ODbL 1.0,DisGeNET,false
7150,DOID:1324,CC BY 4.0,DISEASES,false
1440,DOID:5041,ODbL 1.0,DisGeNET,false
9,DOID:11054,ODbL 1.0,DisGeNET,false
166379,DOID:9970,CC BY 4.0,DISEASES,false
2318,DOID:2841,CC BY 4.0,DISEASES,false
10565,DOID:2986,ODbL 1.0,DisGeNET,false
2920,DOID:5041,ODbL 1.0,DisGeNET,false
1543,DOID:784,ODbL 1.0,DisGeNET,false
847,DOID:12306,,DOAF,false
642,DOID:10652,ODbL 1.0,DisGeNET,false
3240,DOID:9352,ODbL 1.0,DisGeNET,false
80328,DOID:10534,ODbL 1.0,DisGeNET,false
594857,DOID:9970,CC BY 4.0,DISEASES,false
7200,DOID:1459,CC BY 4.0,DISEASES,false
5744,DOID:2531,,DISEASES|DisGeNET,false
23583,DOID:4362,CC BY 4.0,DISEASES,false
6147,DOID:14330,ODbL 1.0,DisGeNET,false
3586,DOID:8577,,DISEASES|DOAF|DisGeNET|GWAS Catalog,true
5997,DOID:10534,ODbL 1.0,DisGeNET,false
3553,DOID:3310,ODbL 1.0,DisGeNET,false
22909,DOID:2355,CC BY 4.0,DISEASES,false
6331,DOID:12930,,DISEASES|DisGeNET,false
10019,DOID:9074,ODbL 1.0,DisGeNET,false
1869,DOID:2174,CC BY 4.0,DISEASES,false
1938,DOID:263,ODbL 1.0,DisGeNET,false
4792,DOID:3310,ODbL 1.0,DisGeNET,false
2475,DOID:10763,ODbL 1.0,DisGeNET,false
4282,DOID:7148,,DISEASES|DOAF|DisGeNET,false
673,DOID:1781,,DISEASES|DisGeNET,false
1103,DOID:2841,ODbL 1.0,DisGeNET,false
3784,DOID:9352,,DisGeNET|GWAS Catalog,true
1788,DOID:8778,CC BY 4.0,GWAS Catalog,true
26058,DOID:14330,CC BY 4.0,DISEASES|DOAF,false
3627,DOID:12236,ODbL 1.0,DisGeNET,false
432,DOID:3571,CC BY 4.0,DISEASES,false
759,DOID:5041,ODbL 1.0,DisGeNET,false
1234,DOID:1826,ODbL 1.0,DisGeNET,false
116519,DOID:3393,CC BY 4.0,DISEASES|DOAF,false
2778,DOID:4606,ODbL 1.0,DisGeNET,false
163486,DOID:8778,CC BY 4.0,GWAS Catalog,true
196527,DOID:7147,,DisGeNET|GWAS Catalog,true
26119,DOID:1936,CC BY 4.0,DISEASES,false
221895,DOID:418,CC BY 4.0,GWAS Catalog,true
84059,DOID:1192,CC BY 4.0,DISEASES,false
23269,DOID:8850,ODbL 1.0,DisGeNET,false
10048,DOID:1612,CC BY 4.0,GWAS Catalog,true
64374,DOID:219,CC BY 4.0,DISEASES,false
2877,DOID:3393,CC BY 4.0,DISEASES,false
10019,DOID:10608,,DISEASES|DisGeNET|GWAS Catalog,true
4504,DOID:1612,ODbL 1.0,DisGeNET,false
3664,DOID:9296,,DISEASES|DOAF|DisGeNET|GWAS Catalog,true
2332,DOID:12849,,DISEASES|DOAF|DisGeNET,false
203062,DOID:5419,CC BY 4.0,GWAS Catalog,true
1012,DOID:9206,ODbL 1.0,DisGeNET,false
4824,DOID:10283,,DISEASES|DisGeNET|GWAS Catalog,true
4846,DOID:10283,ODbL 1.0,DisGeNET,false
4524,DOID:2355,ODbL 1.0,DisGeNET,false
3480,DOID:363,ODbL 1.0,DisGeNET,false
55170,DOID:14227,CC BY 4.0,GWAS Catalog,true
5268,DOID:1612,,DISEASES|DisGeNET,false
5627,DOID:2986,ODbL 1.0,DisGeNET,false
224,DOID:0050741,CC BY 4.0,DISEASES,false
4582,DOID:2531,ODbL 1.0,DisGeNET,false
1401,DOID:3083,CC BY 4.0,DISEASES|DOAF,false
2052,DOID:10283,ODbL 1.0,DisGeNET,false
4318,DOID:824,,DISEASES|DOAF|DisGeNET,false
914,DOID:7148,,DISEASES|DisGeNET|GWAS Catalog,true
7019,DOID:10652,ODbL 1.0,DisGeNET,false
6746,DOID:10283,ODbL 1.0,DisGeNET,false
190,DOID:2994,CC BY 4.0,DISEASES,false
1832,DOID:12930,ODbL 1.0,DisGeNET,false
1401,DOID:11612,CC BY 4.0,DISEASES|DOAF,false
5054,DOID:9352,,DISEASES|DisGeNET,false
7132,DOID:2355,,DOAF,false
5583,DOID:9970,,DisGeNET|GWAS Catalog,true
5081,DOID:9296,CC BY 4.0,GWAS Catalog,true
1149,DOID:9970,ODbL 1.0,DisGeNET,false
6779,DOID:12849,ODbL 1.0,DisGeNET,false
4893,DOID:219,,DISEASES|DisGeNET,false
5443,DOID:1595,CC BY 4.0,DISEASES,false
306,DOID:2394,ODbL 1.0,DisGeNET,false
2524,DOID:2531,CC BY 4.0,DISEASES,false
1440,DOID:1324,,DISEASES|DisGeNET,false
8754,DOID:10283,ODbL 1.0,DisGeNET,false
2026,DOID:1192,CC BY 4.0,DISEASES,false
2033,DOID:2531,CC BY 4.0,DISEASES,false
4318,DOID:1826,ODbL 1.0,DisGeNET,false
5564,DOID:10534,ODbL 1.0,DisGeNET,false
3572,DOID:1826,ODbL 1.0,DisGeNET,false
4352,DOID:2531,,DISEASES|DisGeNET,false
7422,DOID:1319,ODbL 1.0,DisGeNET,false
1555,DOID:3070,ODbL 1.0,DisGeNET,false
5307,DOID:2998,ODbL 1.0,DisGeNET,false
4313,DOID:1324,CC BY 4.0,DISEASES,false
3915,DOID:10283,ODbL 1.0,DisGeNET,false
79258,DOID:12236,ODbL 1.0,DisGeNET,false
5142,DOID:3312,ODbL 1.0,DisGeNET,false
240,DOID:10763,ODbL 1.0,DisGeNET,false
120114,DOID:5041,ODbL 1.0,DisGeNET,false
2067,DOID:2394,CC BY 4.0,DISEASES,false
151295,DOID:1826,CC BY 4.0,DISEASES,false
3559,DOID:12361,CC BY 4.0,DISEASES,false
94103,DOID:2841,,DISEASES|DOAF|DisGeNET|GWAS Catalog,true
7263,DOID:10283,ODbL 1.0,DisGeNET,false
9855,DOID:12849,ODbL 1.0,DisGeNET,false
4316,DOID:10763,ODbL 1.0,DisGeNET,false
115004,DOID:3312,CC BY 4.0,DISEASES,false
2214,DOID:1936,,DOAF,false
1723,DOID:2355,ODbL 1.0,DisGeNET,false
6786,DOID:1612,CC BY 4.0,DISEASES,false
11315,DOID:11476,ODbL 1.0,DisGeNET,false
9205,DOID:11612,ODbL 1.0,DisGeNET,false
4313,DOID:10283,CC BY 4.0,DISEASES,false
3066,DOID:3083,ODbL 1.0,DisGeNET,false
353144,DOID:8893,,DISEASES|DOAF|DisGeNET,false
858,DOID:3070,ODbL 1.0,DisGeNET,false
7422,DOID:11612,,DOAF,false
5304,DOID:1612,CC BY 4.0,DISEASES,false
5727,DOID:4159,,DISEASES|DisGeNET,false
3309,DOID:1909,,DOAF,false
54904,DOID:2531,ODbL 1.0,DisGeNET,false
1956,DOID:2841,ODbL 1.0,DisGeNET,false
7270,DOID:2394,CC BY 4.0,DISEASES,false
5917,DOID:2994,CC BY 4.0,DISEASES,false
6623,DOID:14330,CC BY 4.0,DISEASES,false
51741,DOID:5041,ODbL 1.0,DisGeNET,false
7869,DOID:363,ODbL 1.0,DisGeNET,false
3039,DOID:2355,,DISEASES|DisGeNET,false
7421,DOID:7148,,DOAF,false
7157,DOID:3277,ODbL 1.0,DisGeNET,false
131566,DOID:11612,ODbL 1.0,DisGeNET,false
5539,DOID:4989,CC BY 4.0,DISEASES,false
53335,DOID:2355,CC BY 4.0,DISEASES,false
1571,DOID:0050741,CC BY 4.0,DISEASES,false
9722,DOID:5419,CC BY 4.0,DISEASES|DOAF,false
7157,DOID:1793,,DISEASES|DisGeNET,false
311,DOID:3083,CC BY 4.0,GWAS Catalog,true
64151,DOID:2986,ODbL 1.0,DisGeNET,false
2064,DOID:11054,CC BY 4.0,DISEASES,false
834,DOID:1826,ODbL 1.0,DisGeNET,false
207,DOID:10652,CC BY 4.0,DISEASES,false
6506,DOID:1826,,DISEASES|DisGeNET,false
11254,DOID:9970,CC BY 4.0,DISEASES,false
4291,DOID:10534,ODbL 1.0,DisGeNET,false
6296,DOID:1686,ODbL 1.0,DisGeNET,false
7097,DOID:1024,ODbL 1.0,DOAF|DisGeNET,false
723961,DOID:9744,ODbL 1.0,DisGeNET,false
9355,DOID:7148,ODbL 1.0,DisGeNET,false
3156,DOID:3393,CC BY 4.0,DISEASES,false
4915,DOID:1826,ODbL 1.0,DisGeNET,false
5587,DOID:5419,CC BY 4.0,GWAS Catalog,true
2335,DOID:0050156,CC BY 4.0,DISEASES,false
94081,DOID:2355,CC BY 4.0,DISEASES,false
81562,DOID:263,ODbL 1.0,DisGeNET,false
154,DOID:11612,ODbL 1.0,DisGeNET,false
1610,DOID:332,CC BY 4.0,DISEASES,false
3630,DOID:9352,ODbL 1.0,DisGeNET,false
6678,DOID:3393,ODbL 1.0,DisGeNET,false
8869,DOID:2986,ODbL 1.0,DisGeNET,false
4312,DOID:3393,ODbL 1.0,DisGeNET,false
10232,DOID:4606,ODbL 1.0,DisGeNET,false
57670,DOID:3070,ODbL 1.0,DisGeNET,false
1147,DOID:2986,ODbL 1.0,DisGeNET,false
189,DOID:585,CC BY 4.0,DISEASES,false
5630,DOID:332,CC BY 4.0,DISEASES|DOAF,false
3458,DOID:9970,ODbL 1.0,DisGeNET,false
596,DOID:9352,ODbL 1.0,DisGeNET,false
8792,DOID:184,ODbL 1.0,DisGeNET,false
4914,DOID:824,ODbL 1.0,DisGeNET,false
6533,DOID:3393,ODbL 1.0,DisGeNET,false
490,DOID:3393,CC BY 4.0,GWAS Catalog,true
3486,DOID:12849,ODbL 1.0,DisGeNET,false
864,DOID:11612,ODbL 1.0,DisGeNET,false
1499,DOID:2043,,DOAF,false
22796,DOID:9970,CC BY 4.0,DISEASES,false
213,DOID:12236,CC BY 4.0,DISEASES,false
6227,DOID:10534,ODbL 1.0,DisGeNET,false
10125,DOID:9352,CC BY 4.0,GWAS Catalog,true
163702,DOID:8893,ODbL 1.0,DisGeNET,false
213,DOID:10976,,DISEASES|DisGeNET,false
8445,DOID:2986,ODbL 1.0,DisGeNET,false
8289,DOID:8850,ODbL 1.0,DisGeNET,false
5588,DOID:7148,,DISEASES|DisGeNET|GWAS Catalog,true
6794,DOID:9970,ODbL 1.0,DisGeNET,false
3820,DOID:1909,ODbL 1.0,DisGeNET,false
3860,DOID:5041,ODbL 1.0,DisGeNET,false
7038,DOID:2994,CC BY 4.0,DISEASES,false
8935,DOID:9744,CC BY 4.0,GWAS Catalog,true
7763,DOID:10283,ODbL 1.0,DisGeNET,false
134430,DOID:4481,CC BY 4.0,GWAS Catalog,true
10297,DOID:1612,ODbL 1.0,DisGeNET,false
3600,DOID:8577,CC BY 4.0,DISEASES,false
3309,DOID:5041,ODbL 1.0,DisGeNET,false
356,DOID:2531,CC BY 4.0,DISEASES,false
6010,DOID:10871,CC BY 4.0,DISEASES,false
9232,DOID:8893,ODbL 1.0,DisGeNET,false
4722,DOID:1612,ODbL 1.0,DisGeNET,false
3359,DOID:12849,ODbL 1.0,DisGeNET,false
170679,DOID:13241,ODbL 1.0,DisGeNET,false
4313,DOID:10534,ODbL 1.0,DisGeNET,false
259266,DOID:8850,ODbL 1.0,DisGeNET,false
23583,DOID:1993,CC BY 4.0,DISEASES,false
5743,DOID:1826,ODbL 1.0,DisGeNET,false
7422,DOID:1324,,DISEASES|DisGeNET,false
1639,DOID:14330,CC BY 4.0,DISEASES,false
2052,DOID:10763,,DISEASES|DisGeNET,false
944,DOID:2531,CC BY 4.0,DISEASES,false
3569,DOID:824,CC BY 4.0,DISEASES|DOAF,false
596,DOID:9970,ODbL 1.0,DisGeNET,false
1088,DOID:2355,CC BY 4.0,DISEASES,false
6571,DOID:9744,ODbL 1.0,DisGeNET,false
2099,DOID:2531,ODbL 1.0,DisGeNET,false
2550,DOID:10763,ODbL 1.0,DisGeNET,false
7157,DOID:4159,,DISEASES|DisGeNET,false
4322,DOID:8398,CC BY 4.0,DISEASES|DOAF,false
4121,DOID:2986,ODbL 1.0,DisGeNET,false
4647,DOID:1909,ODbL 1.0,DisGeNET,false
3381,DOID:11476,CC BY 4.0,DISEASES,false
307,DOID:263,ODbL 1.0,DisGeNET,false
546,DOID:1192,ODbL 1.0,DisGeNET,false
55435,DOID:2986,ODbL 1.0,DisGeNET,false
8936,DOID:12995,CC BY 4.0,DISEASES,false
4929,DOID:5419,,DOAF,false
8863,DOID:1612,ODbL 1.0,DisGeNET,false
4780,DOID:1793,ODbL 1.0,DisGeNET,false
332,DOID:363,ODbL 1.0,DisGeNET,false
54790,DOID:10283,,DisGeNET|GWAS Catalog,true
57523,DOID:4362,CC BY 4.0,DISEASES,false
1602,DOID:784,CC BY 4.0,GWAS Catalog,true
6635,DOID:1909,,DOAF,false
8869,DOID:1826,CC BY 4.0,DISEASES,false
9947,DOID:2531,CC BY 4.0,DISEASES,false
2918,DOID:1324,ODbL 1.0,DisGeNET,false
3972,DOID:11612,ODbL 1.0,DisGeNET,false
7128,DOID:2377,ODbL 1.0,DisGeNET,false
1401,DOID:8893,ODbL 1.0,DisGeNET,false
5444,DOID:9352,ODbL 1.0,DisGeNET,false
6581,DOID:3393,CC BY 4.0,GWAS Catalog,true
2248,DOID:9296,ODbL 1.0,DisGeNET,false
11214,DOID:4362,CC BY 4.0,DISEASES,false
1435,DOID:1612,ODbL 1.0,DisGeNET,false
4041,DOID:11476,,DISEASES|DOAF|DisGeNET,false
22985,DOID:1612,CC BY 4.0,DISEASES,false
200734,DOID:7148,,DISEASES|DisGeNET|GWAS Catalog,true
1908,DOID:10763,,DisGeNET|GWAS Catalog,true
1803,DOID:5419,CC BY 4.0,GWAS Catalog,true
7818,DOID:1612,ODbL 1.0,DisGeNET,false
2549,DOID:11612,ODbL 1.0,DisGeNET,false
57818,DOID:9744,ODbL 1.0,DisGeNET,false
3576,DOID:363,ODbL 1.0,DisGeNET,false
682,DOID:1319,CC BY 4.0,DISEASES,false
7079,DOID:10763,ODbL 1.0,DisGeNET,false
196,DOID:1793,ODbL 1.0,DisGeNET,false
5530,DOID:10283,ODbL 1.0,DisGeNET,false
4139,DOID:12849,ODbL 1.0,DisGeNET,false
920,DOID:263,CC BY 4.0,DISEASES,false
4100,DOID:1909,CC BY 4.0,DISEASES,false
1514,DOID:4989,ODbL 1.0,DisGeNET,false
1437,DOID:3571,ODbL 1.0,DisGeNET,false
1630,DOID:219,ODbL 1.0,DisGeNET,false
5395,DOID:1319,ODbL 1.0,DisGeNET,false
5293,DOID:1612,CC BY 4.0,DISEASES,false
126410,DOID:5612,CC BY 4.0,DISEASES,false
3265,DOID:2994,ODbL 1.0,DisGeNET,false
84654,DOID:10534,ODbL 1.0,DisGeNET,false
1440,DOID:1909,ODbL 1.0,DisGeNET,false
3047,DOID:2355,CC BY 4.0,DISEASES,false
7490,DOID:1312,CC BY 4.0,DISEASES,false
348,DOID:9352,ODbL 1.0,DisGeNET,false
5142,DOID:5419,CC BY 4.0,DISEASES|DOAF,false
1548,DOID:2043,ODbL 1.0,DisGeNET,false
10451,DOID:1459,CC BY 4.0,GWAS Catalog,true
4583,DOID:1612,CC BY 4.0,DISEASES,false
7171,DOID:5041,ODbL 1.0,DisGeNET,false
7039,DOID:9296,CC BY 4.0,DISEASES|DOAF,false
7124,DOID:12930,,DOAF,false
673,DOID:1612,CC BY 4.0,DISEASES,false
2026,DOID:4045,CC BY 4.0,DISEASES,false
6647,DOID:1686,ODbL 1.0,DisGeNET,false
79738,DOID:9970,CC BY 4.0,DISEASES,false
925,DOID:2531,CC BY 4.0,DISEASES,false
4688,DOID:9074,CC BY 4.0,DISEASES,false
6480,DOID:9352,,DisGeNET|GWAS Catalog,true
7066,DOID:2355,CC BY 4.0,DISEASES,false
8407,DOID:263,ODbL 1.0,DisGeNET,false
1027,DOID:363,ODbL 1.0,DisGeNET,false
81552,DOID:2531,ODbL 1.0,DisGeNET,false
3605,DOID:3393,ODbL 1.0,DisGeNET,false
7409,DOID:9744,ODbL 1.0,DisGeNET,false
3014,DOID:1612,ODbL 1.0,DisGeNET,false
10818,DOID:10811,CC BY 4.0,DISEASES,false
5771,DOID:7148,,DisGeNET|GWAS Catalog,true
59,DOID:14004,,DISEASES|DisGeNET,false
27086,DOID:5041,ODbL 1.0,DisGeNET,false
2185,DOID:10652,CC BY 4.0,GWAS Catalog,true
8320,DOID:2531,CC BY 4.0,GWAS Catalog,true
3308,DOID:2986,ODbL 1.0,DisGeNET,false
646960,DOID:9835,,DisGeNET|GWAS Catalog,true
222546,DOID:1909,ODbL 1.0,DisGeNET,false
50805,DOID:8850,ODbL 1.0,DisGeNET,false
2696,DOID:1324,ODbL 1.0,DisGeNET,false
24,DOID:10871,,DISEASES|DisGeNET,false
721,DOID:12849,ODbL 1.0,DisGeNET,false
5290,DOID:2986,ODbL 1.0,DisGeNET,false
728,DOID:2986,ODbL 1.0,DisGeNET,false
1375,DOID:3571,ODbL 1.0,DisGeNET,false
540,DOID:3571,ODbL 1.0,DisGeNET,false
1236,DOID:1909,,DOAF,false
54765,DOID:1115,CC BY 4.0,DISEASES,false
3105,DOID:1909,CC BY 4.0,DISEASES,false
3600,DOID:2355,CC BY 4.0,DISEASES,false
23627,DOID:11949,CC BY 4.0,DISEASES,false
1407,DOID:2531,ODbL 1.0,DisGeNET,false
7755,DOID:11612,ODbL 1.0,DisGeNET,false
7380,DOID:4159,CC BY 4.0,DISEASES,false
3479,DOID:11476,CC BY 4.0,DISEASES,false
5788,DOID:2986,ODbL 1.0,DisGeNET,false
6320,DOID:2531,CC BY 4.0,DISEASES,false
94103,DOID:8577,ODbL 1.0,DisGeNET,false
1385,DOID:2531,CC BY 4.0,DISEASES,false
6598,DOID:263,,DISEASES|DisGeNET,false
4286,DOID:263,ODbL 1.0,DisGeNET,false
8718,DOID:7148,CC BY 4.0,DISEASES,false
9700,DOID:8850,ODbL 1.0,DisGeNET,false
3592,DOID:10608,CC BY 4.0,GWAS Catalog,true
51141,DOID:9970,,DISEASES|DOAF|DisGeNET,false
1789,DOID:1612,ODbL 1.0,DisGeNET,false
4602,DOID:3070,ODbL 1.0,DisGeNET,false
5058,DOID:263,ODbL 1.0,DisGeNET,false
3156,DOID:14221,ODbL 1.0,DisGeNET,false
653220,DOID:8850,ODbL 1.0,DisGeNET,false
3037,DOID:10763,ODbL 1.0,DisGeNET,false
3187,DOID:10283,ODbL 1.0,DisGeNET,false
8365,DOID:10283,ODbL 1.0,DisGeNET,false
4255,DOID:1319,,DISEASES|DisGeNET,false
6821,DOID:11612,CC BY 4.0,GWAS Catalog,true
5728,DOID:2394,,DISEASES|DisGeNET,false
6517,DOID:11612,,DOAF,false
51752,DOID:13241,,DisGeNET|GWAS Catalog,true
6538,DOID:1909,ODbL 1.0,DisGeNET,false
7142,DOID:14227,CC BY 4.0,DISEASES,false
7849,DOID:1459,CC BY 4.0,DISEASES|DOAF,false
5175,DOID:12849,ODbL 1.0,DisGeNET,false
6678,DOID:184,CC BY 4.0,DISEASES,false
23531,DOID:2986,ODbL 1.0,DisGeNET,false
1806,DOID:1595,CC BY 4.0,GWAS Catalog,true
3398,DOID:2531,ODbL 1.0,DisGeNET,false
2938,DOID:1324,CC BY 4.0,DISEASES,false
7056,DOID:10534,ODbL 1.0,DisGeNET,false
6348,DOID:1936,ODbL 1.0,DisGeNET,false
4885,DOID:1826,CC BY 4.0,DISEASES,false
4353,DOID:10763,ODbL 1.0,DisGeNET,false
759,DOID:10534,ODbL 1.0,DisGeNET,false
3952,DOID:9970,,DISEASES|DOAF|DisGeNET,false
114902,DOID:10871,ODbL 1.0,DisGeNET,false
11096,DOID:90,CC BY 4.0,DISEASES,false
55892,DOID:2531,CC BY 4.0,GWAS Catalog,true
2903,DOID:12849,ODbL 1.0,DisGeNET,false
1029,DOID:5041,ODbL 1.0,DisGeNET,false
5781,DOID:3070,ODbL 1.0,DisGeNET,false
799,DOID:11476,,DISEASES|DisGeNET,false
186,DOID:9352,ODbL 1.0,DisGeNET,false
149233,DOID:8778,CC BY 4.0,DISEASES|DOAF|GWAS Catalog,true
5728,DOID:3070,,DISEASES|DisGeNET,false
2175,DOID:8850,ODbL 1.0,DisGeNET,false
27324,DOID:11612,CC BY 4.0,GWAS Catalog,true
6715,DOID:9970,ODbL 1.0,DisGeNET,false
10452,DOID:14221,CC BY 4.0,GWAS Catalog,true
9360,DOID:10763,CC BY 4.0,DISEASES,false
23683,DOID:2986,ODbL 1.0,DisGeNET,false
677,DOID:8778,CC BY 4.0,GWAS Catalog,true
9378,DOID:5419,CC BY 4.0,DISEASES|DOAF,false
2776,DOID:1312,ODbL 1.0,DisGeNET,false
5664,DOID:12930,,DISEASES|DisGeNET,false
3576,DOID:3393,,DISEASES|DisGeNET,false
2778,DOID:3953,ODbL 1.0,DisGeNET,false
7124,DOID:13241,,DOAF,false
229,DOID:3571,ODbL 1.0,DisGeNET,false
925,DOID:263,CC BY 4.0,DISEASES,false
3856,DOID:263,ODbL 1.0,DisGeNET,false
925,DOID:12365,CC BY 4.0,DISEASES,false
11023,DOID:9296,CC BY 4.0,DISEASES,false
128602,DOID:1324,CC BY 4.0,DISEASES,false
25977,DOID:1826,CC BY 4.0,DISEASES,false
552,DOID:12849,,DISEASES|DOAF|DisGeNET,false
875,DOID:10763,ODbL 1.0,DisGeNET,false
5588,DOID:10283,ODbL 1.0,DisGeNET,false
4744,DOID:1459,ODbL 1.0,DisGeNET,false
79923,DOID:2994,,DISEASES|DisGeNET,false
7226,DOID:3312,ODbL 1.0,DisGeNET,false
3627,DOID:2043,,DOAF,false
2263,DOID:9296,ODbL 1.0,DisGeNET,false
998,DOID:3953,ODbL 1.0,DisGeNET,false
1029,DOID:1909,,DOAF|DisGeNET|GWAS Catalog,true
8332,DOID:8850,ODbL 1.0,DisGeNET,false
4552,DOID:2986,ODbL 1.0,DisGeNET,false
2561,DOID:12849,CC BY 4.0,DISEASES,false
5868,DOID:3393,ODbL 1.0,DisGeNET,false
10058,DOID:11612,ODbL 1.0,DisGeNET,false
1814,DOID:10763,ODbL 1.0,DisGeNET,false
1432,DOID:2531,ODbL 1.0,DisGeNET,false
5997,DOID:2531,ODbL 1.0,DisGeNET,false
9899,DOID:10283,CC BY 4.0,DISEASES,false
3039,DOID:3393,CC BY 4.0,DISEASES,false
8714,DOID:784,ODbL 1.0,DisGeNET,false
2538,DOID:9352,ODbL 1.0,DisGeNET,false
23339,DOID:4159,CC BY 4.0,DISEASES,false
7128,DOID:10608,CC BY 4.0,GWAS Catalog,true
1786,DOID:1319,ODbL 1.0,DisGeNET,false
6347,DOID:2531,ODbL 1.0,DisGeNET,false
1960,DOID:5419,,DOAF,false
5443,DOID:784,CC BY 4.0,DISEASES,false
201163,DOID:263,,DISEASES|DisGeNET,false
3889,DOID:184,CC BY 4.0,DISEASES,false
4322,DOID:3393,ODbL 1.0,DisGeNET,false
5290,DOID:9970,CC BY 4.0,DISEASES,false
3133,DOID:3312,CC BY 4.0,GWAS Catalog,true
3988,DOID:2986,ODbL 1.0,DisGeNET,false
10278,DOID:1094,CC BY 4.0,DISEASES,false
1848,DOID:3393,ODbL 1.0,DisGeNET,false
4193,DOID:1909,ODbL 1.0,DOAF|DisGeNET,false
1508,DOID:4989,CC BY 4.0,DISEASES|DOAF,false
51081,DOID:1612,ODbL 1.0,DisGeNET,false
1026,DOID:1324,CC BY 4.0,DISEASES,false
401,DOID:9352,ODbL 1.0,DisGeNET,false
1630,DOID:1909,ODbL 1.0,DisGeNET,false
5894,DOID:1612,ODbL 1.0,DisGeNET,false
5663,DOID:12930,,DISEASES|DisGeNET,false
3002,DOID:12306,CC BY 4.0,GWAS Catalog,true
1786,DOID:5419,,DOAF,false
1474,DOID:1612,ODbL 1.0,DisGeNET,false
863,DOID:2531,CC BY 4.0,DISEASES,false
7980,DOID:1909,ODbL 1.0,DisGeNET,false
1499,DOID:3953,ODbL 1.0,DisGeNET,false
1636,DOID:2355,CC BY 4.0,DISEASES,false
5770,DOID:2531,ODbL 1.0,DisGeNET,false
10498,DOID:2841,ODbL 1.0,DisGeNET,false
32,DOID:9970,ODbL 1.0,DisGeNET,false
93035,DOID:2531,CC BY 4.0,DISEASES,false
9183,DOID:184,ODbL 1.0,DisGeNET,false
185,DOID:10763,,DISEASES|DOAF|DisGeNET,false
1829,DOID:12930,CC BY 4.0,DISEASES,false
5792,DOID:10534,ODbL 1.0,DisGeNET,false
898,DOID:10763,ODbL 1.0,DisGeNET,false
7345,DOID:5041,ODbL 1.0,DisGeNET,false
1387,DOID:11054,ODbL 1.0,DisGeNET,false
595,DOID:3393,ODbL 1.0,DisGeNET,false
9370,DOID:9074,,DOAF,false
1776,DOID:7148,ODbL 1.0,DisGeNET,false
4233,DOID:1612,ODbL 1.0,DisGeNET,false
10551,DOID:1612,ODbL 1.0,DisGeNET,false
151556,DOID:12849,ODbL 1.0,DisGeNET,false
546,DOID:3070,ODbL 1.0,DisGeNET,false
2944,DOID:3083,,DOAF,false
8795,DOID:1793,ODbL 1.0,DisGeNET,false
8754,DOID:2986,ODbL 1.0,DisGeNET,false
10763,DOID:1319,CC BY 4.0,DISEASES,false
6324,DOID:1826,CC BY 4.0,DISEASES|DOAF,false
8872,DOID:9352,CC BY 4.0,GWAS Catalog,true
4835,DOID:14330,,DOAF,false
1027,DOID:3571,ODbL 1.0,DisGeNET,false
3490,DOID:10283,ODbL 1.0,DisGeNET,false
1544,DOID:2355,ODbL 1.0,DisGeNET,false
7167,DOID:2355,ODbL 1.0,DisGeNET,false
55840,DOID:10283,ODbL 1.0,DisGeNET,false
1956,DOID:3070,,DISEASES|DOAF|DisGeNET,false
3059,DOID:2986,ODbL 1.0,DisGeNET,false
3676,DOID:2377,CC BY 4.0,DISEASES|DOAF,false
80306,DOID:1612,ODbL 1.0,DisGeNET,false
238,DOID:1192,,DISEASES|DisGeNET,false
83990,DOID:2355,,DISEASES|DOAF|DisGeNET,false
23530,DOID:2986,ODbL 1.0,DisGeNET,false
6256,DOID:1781,ODbL 1.0,DisGeNET,false
2913,DOID:1826,ODbL 1.0,DisGeNET,false
29119,DOID:2841,ODbL 1.0,DisGeNET,false
3047,DOID:10283,ODbL 1.0,DisGeNET,false
7150,DOID:2531,CC BY 4.0,DISEASES,false
186,DOID:12930,ODbL 1.0,DisGeNET,false
361,DOID:12236,ODbL 1.0,DisGeNET,false
654231,DOID:4159,CC BY 4.0,DISEASES,false
841,DOID:9352,ODbL 1.0,DisGeNET,false
3663,DOID:9074,,DISEASES|DOAF|DisGeNET|GWAS Catalog,true
25865,DOID:9744,CC BY 4.0,GWAS Catalog,true
1301,DOID:1686,,DisGeNET|GWAS Catalog,true
5595,DOID:10534,ODbL 1.0,DisGeNET,false
1644,DOID:14330,,DISEASES|DisGeNET,false
440836,DOID:11612,ODbL 1.0,DisGeNET,false
1029,DOID:10763,ODbL 1.0,DisGeNET,false
7030,DOID:175,CC BY 4.0,DISEASES,false
948,DOID:1936,CC BY 4.0,DISEASES|DOAF,false
6648,DOID:1936,ODbL 1.0,DisGeNET,false
8633,DOID:263,ODbL 1.0,DisGeNET,false
836,DOID:3070,CC BY 4.0,DISEASES,false
5020,DOID:784,CC BY 4.0,DISEASES,false
3439,DOID:9074,CC BY 4.0,DISEASES|DOAF,false
27166,DOID:9835,CC BY 4.0,DISEASES,false
1026,DOID:1909,,DOAF,false
7020,DOID:9296,CC BY 4.0,DISEASES,false
2739,DOID:5041,ODbL 1.0,DisGeNET,false
5294,DOID:9970,CC BY 4.0,DISEASES,false
11173,DOID:11612,ODbL 1.0,DisGeNET,false
54738,DOID:184,CC BY 4.0,DISEASES,false
3792,DOID:2355,CC BY 4.0,DISEASES,false
8625,DOID:2531,CC BY 4.0,DISEASES,false
3606,DOID:4989,ODbL 1.0,DisGeNET,false
3978,DOID:11054,ODbL 1.0,DisGeNET,false
10630,DOID:263,CC BY 4.0,DISEASES,false
5176,DOID:10283,ODbL 1.0,DisGeNET,false
329,DOID:10534,ODbL 1.0,DisGeNET,false
6382,DOID:9970,ODbL 1.0,DisGeNET,false
147920,DOID:2531,CC BY 4.0,DISEASES,false
654231,DOID:2174,CC BY 4.0,DISEASES,false
4318,DOID:9352,ODbL 1.0,DisGeNET,false
998,DOID:1826,ODbL 1.0,DisGeNET,false
166,DOID:3393,ODbL 1.0,DisGeNET,false
29127,DOID:2986,ODbL 1.0,DisGeNET,false
744,DOID:784,CC BY 4.0,GWAS Catalog,true
958,DOID:2531,CC BY 4.0,DISEASES,false
4151,DOID:4045,CC BY 4.0,DISEASES,false
1029,DOID:3953,ODbL 1.0,DisGeNET,false
1029,DOID:4159,ODbL 1.0,DisGeNET,false
4288,DOID:8893,ODbL 1.0,DisGeNET,false
5728,DOID:1909,,DISEASES|DOAF|DisGeNET,false
836,DOID:14330,CC BY 4.0,DISEASES,false
2908,DOID:11612,ODbL 1.0,DisGeNET,false
28951,DOID:8986,CC BY 4.0,DISEASES|DOAF,false
2353,DOID:5419,CC BY 4.0,DISEASES,false
3856,DOID:10534,ODbL 1.0,DisGeNET,false
6402,DOID:2531,CC BY 4.0,DISEASES,false
3440,DOID:1781,ODbL 1.0,DisGeNET,false
79817,DOID:332,CC BY 4.0,DISEASES,false
56033,DOID:9206,CC BY 4.0,GWAS Catalog,true
94103,DOID:9744,CC BY 4.0,GWAS Catalog,true
4353,DOID:2531,CC BY 4.0,DISEASES,false
9497,DOID:1612,CC BY 4.0,GWAS Catalog,true
4771,DOID:1790,CC BY 4.0,DISEASES,false
9572,DOID:3312,CC BY 4.0,DISEASES,false
4316,DOID:3393,ODbL 1.0,DisGeNET,false
84273,DOID:1115,CC BY 4.0,DISEASES,false
596,DOID:14227,ODbL 1.0,DisGeNET,false
607,DOID:2394,ODbL 1.0,DisGeNET,false
6556,DOID:1024,,DISEASES|DOAF|DisGeNET,false
3569,DOID:10763,,DISEASES|DOAF|DisGeNET,false
3552,DOID:7148,CC BY 4.0,DISEASES,false
1508,DOID:3070,ODbL 1.0,DisGeNET,false
3558,DOID:3310,CC BY 4.0,DISEASES,false
563,DOID:10283,ODbL 1.0,DisGeNET,false
221895,DOID:8778,CC BY 4.0,GWAS Catalog,true
4976,DOID:1686,ODbL 1.0,DOAF|DisGeNET,false
79885,DOID:2531,CC BY 4.0,DISEASES,false
3078,DOID:2355,CC BY 4.0,DISEASES,false
920,DOID:9744,CC BY 4.0,DISEASES,false
10133,DOID:1686,,DISEASES|DOAF|DisGeNET,false
64240,DOID:1936,,DISEASES|DisGeNET,false
6548,DOID:3393,ODbL 1.0,DisGeNET,false
4524,DOID:11054,ODbL 1.0,DisGeNET,false
1509,DOID:1612,CC BY 4.0,DISEASES,false
1071,DOID:9352,CC BY 4.0,DISEASES,false
9380,DOID:10283,ODbL 1.0,DisGeNET,false
6248,DOID:9970,ODbL 1.0,DisGeNET,false
84285,DOID:1909,ODbL 1.0,DisGeNET,false
2904,DOID:14330,CC BY 4.0,DISEASES,false
5468,DOID:9074,ODbL 1.0,DisGeNET,false
5743,DOID:10763,,DISEASES|DisGeNET,false
2312,DOID:3310,,DISEASES|DOAF|DisGeNET|GWAS Catalog,true
5733,DOID:11612,ODbL 1.0,DisGeNET,false
22976,DOID:10652,ODbL 1.0,DisGeNET,false
7837,DOID:2531,ODbL 1.0,DisGeNET,false
3716,DOID:2531,CC BY 4.0,DISEASES,false
7738,DOID:7148,CC BY 4.0,GWAS Catalog,true
57405,DOID:2986,ODbL 1.0,DisGeNET,false
150274,DOID:2355,CC BY 4.0,DISEASES,false
7422,DOID:1686,,DISEASES|DisGeNET,false
56913,DOID:2986,CC BY 4.0,DISEASES,false
50943,DOID:9744,,DISEASES|DisGeNET,false
79140,DOID:9970,CC BY 4.0,DISEASES,false
2009,DOID:1826,CC BY 4.0,DISEASES,false
2521,DOID:332,,DISEASES|DOAF|DisGeNET,false
7157,DOID:3953,,DISEASES|DisGeNET,false
3606,DOID:1936,,DISEASES|DOAF|DisGeNET,false
3123,DOID:12849,ODbL 1.0,DisGeNET,false
1008,DOID:12849,ODbL 1.0,DisGeNET,false
7421,DOID:1909,,DOAF,false
54567,DOID:1612,ODbL 1.0,DisGeNET,false
8611,DOID:10534,ODbL 1.0,DisGeNET,false
3565,DOID:12236,ODbL 1.0,DisGeNET,false
5371,DOID:5408,,DisGeNET|GWAS Catalog,true
4094,DOID:2531,,DISEASES|DisGeNET,false
596,DOID:1909,,DOAF,false
3329,DOID:3393,ODbL 1.0,DisGeNET,false
952,DOID:9352,ODbL 1.0,DisGeNET,false
2033,DOID:12995,CC BY 4.0,DISEASES,false
23135,DOID:8850,ODbL 1.0,DisGeNET,false
1871,DOID:2174,CC BY 4.0,DISEASES,false
9342,DOID:1094,CC BY 4.0,DISEASES,false
3683,DOID:8577,CC BY 4.0,GWAS Catalog,true
3553,DOID:1826,ODbL 1.0,DOAF|DisGeNET,false
284110,DOID:4481,CC BY 4.0,GWAS Catalog,true
5819,DOID:2394,CC BY 4.0,DISEASES,false
51501,DOID:1909,ODbL 1.0,DisGeNET,false
84866,DOID:1612,ODbL 1.0,DisGeNET,false
10965,DOID:9352,ODbL 1.0,DisGeNET,false
10019,DOID:1459,CC BY 4.0,GWAS Catalog,true
3123,DOID:9008,CC BY 4.0,DISEASES,false
8936,DOID:0050741,CC BY 4.0,DISEASES,false
8797,DOID:10871,ODbL 1.0,DisGeNET,false
4772,DOID:7148,CC BY 4.0,DISEASES,false
3570,DOID:3393,ODbL 1.0,DisGeNET,false
3727,DOID:263,ODbL 1.0,DisGeNET,false
5080,DOID:9352,ODbL 1.0,DisGeNET,false
5293,DOID:2394,CC BY 4.0,DISEASES,false
1638,DOID:1909,CC BY 4.0,DISEASES,false
4853,DOID:4362,ODbL 1.0,DisGeNET,false
6362,DOID:3310,,DOAF,false
131,DOID:5041,ODbL 1.0,DisGeNET,false
4897,DOID:12849,ODbL 1.0,DisGeNET,false
959,DOID:418,CC BY 4.0,DISEASES,false
3280,DOID:1324,ODbL 1.0,DisGeNET,false
1814,DOID:14330,,DOAF,false
9855,DOID:10283,CC BY 4.0,GWAS Catalog,true
951,DOID:2986,ODbL 1.0,DisGeNET,false
23583,DOID:2531,CC BY 4.0,DISEASES,false
1907,DOID:3393,ODbL 1.0,DisGeNET,false
6855,DOID:1324,,DISEASES|DisGeNET,false
142,DOID:2531,,DISEASES|DisGeNET,false
112464,DOID:2355,CC BY 4.0,DISEASES,false
64963,DOID:10534,ODbL 1.0,DisGeNET,false
10019,DOID:2531,ODbL 1.0,DisGeNET,false
7372,DOID:10534,ODbL 1.0,DisGeNET,false
213,DOID:1324,ODbL 1.0,DisGeNET,false
3207,DOID:363,ODbL 1.0,DisGeNET,false
158,DOID:1826,CC BY 4.0,DISEASES,false
441478,DOID:1319,ODbL 1.0,DisGeNET,false
3352,DOID:6364,CC BY 4.0,DISEASES,false
5290,DOID:3070,CC BY 4.0,DISEASES,false
5629,DOID:9352,ODbL 1.0,DisGeNET,false
6529,DOID:1686,CC BY 4.0,DISEASES,false
9055,DOID:9352,CC BY 4.0,GWAS Catalog,true
6241,DOID:11612,ODbL 1.0,DisGeNET,false
1294,DOID:1612,ODbL 1.0,DisGeNET,false
4868,DOID:263,CC BY 4.0,DISEASES,false
6925,DOID:14268,CC BY 4.0,GWAS Catalog,true
5816,DOID:263,ODbL 1.0,DisGeNET,false
2346,DOID:10283,,DISEASES|DisGeNET,false
1806,DOID:1793,ODbL 1.0,DisGeNET,false
114757,DOID:2355,CC BY 4.0,DISEASES,false
1029,DOID:263,ODbL 1.0,DisGeNET,false
54474,DOID:219,CC BY 4.0,DISEASES,false
9622,DOID:10283,CC BY 4.0,DISEASES,false
5080,DOID:12849,ODbL 1.0,DisGeNET,false
51176,DOID:2531,CC BY 4.0,GWAS Catalog,true
732,DOID:3393,ODbL 1.0,DisGeNET,false
23030,DOID:1319,ODbL 1.0,DisGeNET,false
5328,DOID:10652,ODbL 1.0,DOAF|DisGeNET,false
57619,DOID:784,CC BY 4.0,GWAS Catalog,true
8342,DOID:5041,ODbL 1.0,DisGeNET,false
11026,DOID:10283,CC BY 4.0,GWAS Catalog,true
7048,DOID:3393,ODbL 1.0,DisGeNET,false
7249,DOID:1793,ODbL 1.0,DisGeNET,false
6347,DOID:10871,CC BY 4.0,DISEASES,false
3015,DOID:2986,ODbL 1.0,DisGeNET,false
6696,DOID:2377,,DOAF,false
6137,DOID:10534,ODbL 1.0,DisGeNET,false
10951,DOID:10283,ODbL 1.0,DisGeNET,false
9820,DOID:263,ODbL 1.0,DisGeNET,false
2171,DOID:3393,ODbL 1.0,DisGeNET,false
19,DOID:1936,,DISEASES|DOAF|DisGeNET,false
999,DOID:363,ODbL 1.0,DisGeNET,false
731,DOID:3393,ODbL 1.0,DisGeNET,false
23261,DOID:175,CC BY 4.0,DISEASES,false
4094,DOID:9970,CC BY 4.0,GWAS Catalog,true
6138,DOID:10534,ODbL 1.0,DisGeNET,false
713,DOID:2986,ODbL 1.0,DisGeNET,false
9978,DOID:11054,CC BY 4.0,DISEASES,false
7517,DOID:10534,ODbL 1.0,DisGeNET,false
1234,DOID:10763,ODbL 1.0,DisGeNET,false
2982,DOID:10763,ODbL 1.0,DisGeNET,false
7124,DOID:9074,,DISEASES|DOAF|DisGeNET,false
4852,DOID:10763,,DISEASES|DisGeNET,false
51744,DOID:7148,ODbL 1.0,DisGeNET,false
251,DOID:2043,CC BY 4.0,DISEASES,false
3484,DOID:9970,CC BY 4.0,DISEASES,false
1579,DOID:10763,,DISEASES|DOAF|DisGeNET,false
6774,DOID:2531,,DISEASES|DisGeNET,false
1270,DOID:1686,ODbL 1.0,DisGeNET,false
79718,DOID:2986,ODbL 1.0,DisGeNET,false
7421,DOID:824,,DOAF,false
8525,DOID:3393,ODbL 1.0,DisGeNET,false
5294,DOID:2394,CC BY 4.0,DISEASES,false
374,DOID:11934,ODbL 1.0,DisGeNET,false
1543,DOID:1324,CC BY 4.0,DISEASES,false
7110,DOID:10283,ODbL 1.0,DisGeNET,false
683,DOID:14330,,DisGeNET|GWAS Catalog,true
6778,DOID:2841,,DISEASES|DisGeNET,false
259,DOID:585,CC BY 4.0,DISEASES,false
4282,DOID:2841,ODbL 1.0,DisGeNET,false
2950,DOID:1612,,DISEASES|DisGeNET,false
26525,DOID:8893,CC BY 4.0,DISEASES,false
1653,DOID:1192,CC BY 4.0,DISEASES,false
6347,DOID:1936,,DISEASES|DOAF|DisGeNET,false
3586,DOID:7147,,DOAF,false
4313,DOID:10763,,DISEASES|DOAF|DisGeNET,false
1380,DOID:2531,CC BY 4.0,DISEASES,false
9612,DOID:2531,ODbL 1.0,DisGeNET,false
26034,DOID:2531,,DisGeNET|GWAS Catalog,true
4292,DOID:219,CC BY 4.0,DISEASES,false
3569,DOID:9074,,DISEASES|DOAF|DisGeNET,false
9611,DOID:3070,ODbL 1.0,DisGeNET,false
9575,DOID:5419,,DOAF,false
56833,DOID:2986,ODbL 1.0,DisGeNET,false
26191,DOID:9074,,DISEASES|DOAF|DisGeNET,false
207,DOID:1793,CC BY 4.0,DISEASES,false
728441,DOID:2043,CC BY 4.0,DISEASES,false
6869,DOID:10763,ODbL 1.0,DisGeNET,false
116,DOID:5041,ODbL 1.0,DisGeNET,false
6854,DOID:5419,,DOAF,false
114795,DOID:10941,CC BY 4.0,DISEASES,false
57606,DOID:8778,CC BY 4.0,GWAS Catalog,true
1520,DOID:10941,ODbL 1.0,DisGeNET,false
3845,DOID:10283,ODbL 1.0,DisGeNET,false
2175,DOID:2355,,DISEASES|DOAF|DisGeNET,false
48,DOID:2355,CC BY 4.0,DISEASES,false
1463,DOID:3312,CC BY 4.0,GWAS Catalog,true
3284,DOID:11612,ODbL 1.0,DisGeNET,false
4312,DOID:3083,ODbL 1.0,DOAF|DisGeNET,false
6531,DOID:14330,,DISEASES|DOAF|DisGeNET,false
7039,DOID:10283,ODbL 1.0,DisGeNET,false
8242,DOID:263,ODbL 1.0,DisGeNET,false
1636,DOID:9744,,DISEASES|DisGeNET,false
3688,DOID:12930,ODbL 1.0,DisGeNET,false
1141,DOID:10652,ODbL 1.0,DisGeNET,false
5829,DOID:1324,ODbL 1.0,DisGeNET,false
1493,DOID:1612,CC BY 4.0,DISEASES,false
57412,DOID:11054,ODbL 1.0,DisGeNET,false
338,DOID:9352,CC BY 4.0,DISEASES,false
7184,DOID:10283,ODbL 1.0,DisGeNET,false
3320,DOID:2531,CC BY 4.0,DISEASES,false
114781,DOID:0050425,,DISEASES|DisGeNET|GWAS Catalog,true
2810,DOID:1324,ODbL 1.0,DisGeNET,false
1185,DOID:1826,CC BY 4.0,DISEASES,false
23038,DOID:10763,CC BY 4.0,DISEASES,false
4295,DOID:8778,CC BY 4.0,GWAS Catalog,true
5972,DOID:784,CC BY 4.0,DISEASES,false
639,DOID:7148,,DISEASES|DisGeNET,false
2952,DOID:10534,ODbL 1.0,DisGeNET,false
3606,DOID:7148,,DISEASES|DOAF|DisGeNET,false
64170,DOID:8778,CC BY 4.0,GWAS Catalog,true
55350,DOID:8893,ODbL 1.0,DisGeNET,false
9968,DOID:13223,CC BY 4.0,DISEASES,false
167826,DOID:2377,CC BY 4.0,GWAS Catalog,true
1269,DOID:4989,ODbL 1.0,DisGeNET,false
324,DOID:219,,DISEASES|DisGeNET,false
716,DOID:9074,CC BY 4.0,DISEASES,false
4137,DOID:10652,,DISEASES|DOAF|DisGeNET,false
3992,DOID:10763,ODbL 1.0,DisGeNET,false
2736,DOID:1612,CC BY 4.0,GWAS Catalog,true
3613,DOID:3312,CC BY 4.0,DISEASES|DOAF,false
6532,DOID:12849,,DISEASES|DOAF|DisGeNET,false
5594,DOID:11934,ODbL 1.0,DisGeNET,false
729230,DOID:1826,ODbL 1.0,DisGeNET,false
3557,DOID:2841,ODbL 1.0,DisGeNET,false
374569,DOID:2355,ODbL 1.0,DisGeNET,false
3082,DOID:4606,ODbL 1.0,DisGeNET,false
4803,DOID:784,ODbL 1.0,DisGeNET,false
389421,DOID:1192,ODbL 1.0,DisGeNET,false
6402,DOID:9744,ODbL 1.0,DisGeNET,false
760,DOID:263,CC BY 4.0,DISEASES,false
9889,DOID:2986,ODbL 1.0,DisGeNET,false
2952,DOID:3083,,DOAF,false
6573,DOID:11054,ODbL 1.0,DisGeNET,false
8431,DOID:2531,CC BY 4.0,DISEASES,false
6502,DOID:1909,,DOAF,false
839,DOID:10283,ODbL 1.0,DisGeNET,false
3745,DOID:1826,CC BY 4.0,DISEASES,false
7490,DOID:1793,ODbL 1.0,DisGeNET,false
3172,DOID:2043,,DOAF,false
5159,DOID:2531,CC BY 4.0,DISEASES,false
3119,DOID:8986,,DISEASES|DOAF|DisGeNET,false
6774,DOID:4362,ODbL 1.0,DisGeNET,false
60482,DOID:1459,CC BY 4.0,DISEASES,false
1395,DOID:10763,ODbL 1.0,DisGeNET,false
6462,DOID:11476,CC BY 4.0,DISEASES,false
4323,DOID:3393,ODbL 1.0,DisGeNET,false
335,DOID:14221,,DISEASES|DisGeNET,false
23071,DOID:10283,ODbL 1.0,DisGeNET,false
153,DOID:10534,ODbL 1.0,DisGeNET,false
811,DOID:2531,,DISEASES|DisGeNET,false
23362,DOID:3070,ODbL 1.0,DisGeNET,false
23236,DOID:3393,ODbL 1.0,DisGeNET,false
8643,DOID:4159,,DISEASES|DisGeNET,false
1297,DOID:8398,CC BY 4.0,DISEASES,false
3098,DOID:9352,ODbL 1.0,DisGeNET,false
5725,DOID:2377,CC BY 4.0,DISEASES,false
9429,DOID:13189,CC BY 4.0,DISEASES|DOAF|GWAS Catalog,true
18,DOID:1826,ODbL 1.0,DisGeNET,false
5228,DOID:3393,ODbL 1.0,DisGeNET,false
3952,DOID:1936,CC BY 4.0,DISEASES|DOAF,false
4585,DOID:10283,ODbL 1.0,DisGeNET,false
79728,DOID:2355,CC BY 4.0,DISEASES|DOAF,false
5319,DOID:1936,CC BY 4.0,DISEASES,false
6648,DOID:7148,ODbL 1.0,DisGeNET,false
200539,DOID:9352,ODbL 1.0,DisGeNET,false
3479,DOID:1612,,DISEASES|DisGeNET,false
3681,DOID:2531,CC BY 4.0,DISEASES,false
2823,DOID:5419,CC BY 4.0,GWAS Catalog,true
7297,DOID:8778,CC BY 4.0,GWAS Catalog,true
22891,DOID:1612,,DisGeNET|GWAS Catalog,true
3746,DOID:1826,,DISEASES|DisGeNET,false
55156,DOID:2986,ODbL 1.0,DisGeNET,false
6423,DOID:1612,ODbL 1.0,DisGeNET,false
60314,DOID:12306,CC BY 4.0,DISEASES,false
3861,DOID:1612,CC BY 4.0,DISEASES,false
2670,DOID:1319,CC BY 4.0,DISEASES,false
2952,DOID:9744,ODbL 1.0,DisGeNET,false
10087,DOID:1324,ODbL 1.0,DisGeNET,false
4665,DOID:3565,CC BY 4.0,DISEASES,false
5471,DOID:263,ODbL 1.0,DisGeNET,false
6725,DOID:3571,ODbL 1.0,DisGeNET,false
4124,DOID:5419,CC BY 4.0,GWAS Catalog,true
3383,DOID:12361,,DOAF,false
3558,DOID:635,,DISEASES|DisGeNET,false
4129,DOID:12849,ODbL 1.0,DisGeNET,false
4520,DOID:7148,CC BY 4.0,GWAS Catalog,true
5644,DOID:1793,CC BY 4.0,DISEASES,false
4139,DOID:10534,ODbL 1.0,DisGeNET,false
10979,DOID:10283,CC BY 4.0,GWAS Catalog,true
595,DOID:2174,CC BY 4.0,DISEASES,false
1869,DOID:1612,ODbL 1.0,DisGeNET,false
1950,DOID:1793,CC BY 4.0,DISEASES,false
375611,DOID:3571,CC BY 4.0,DISEASES,false
6376,DOID:1936,CC BY 4.0,DISEASES,false
2305,DOID:1793,CC BY 4.0,DISEASES,false
5824,DOID:1686,CC BY 4.0,DISEASES,false
4830,DOID:1612,CC BY 4.0,DISEASES,false
3814,DOID:10534,ODbL 1.0,DisGeNET,false
8438,DOID:219,ODbL 1.0,DisGeNET,false
3440,DOID:2531,,DISEASES|DisGeNET,false
4589,DOID:2841,,DISEASES|DisGeNET,false
207,DOID:14221,CC BY 4.0,DISEASES,false
3779,DOID:10763,ODbL 1.0,DisGeNET,false
8289,DOID:11054,ODbL 1.0,DisGeNET,false
10013,DOID:2394,ODbL 1.0,DisGeNET,false
7098,DOID:4989,ODbL 1.0,DisGeNET,false
1512,DOID:9744,,DisGeNET|GWAS Catalog,true
3569,DOID:3393,,DISEASES|DOAF|DisGeNET,false
4688,DOID:10763,ODbL 1.0,DisGeNET,false
2650,DOID:2531,CC BY 4.0,DISEASES,false
154,DOID:10283,ODbL 1.0,DisGeNET,false
3659,DOID:363,ODbL 1.0,DisGeNET,false
25897,DOID:332,CC BY 4.0,DISEASES,false
133522,DOID:9970,ODbL 1.0,DisGeNET,false
6098,DOID:263,CC BY 4.0,DISEASES,false
7473,DOID:9296,CC BY 4.0,DISEASES,false
824,DOID:2531,ODbL 1.0,DisGeNET,false
3727,DOID:2531,CC BY 4.0,DISEASES,false
6869,DOID:4989,ODbL 1.0,DisGeNET,false
84668,DOID:3571,CC BY 4.0,DISEASES,false
958,DOID:13378,,DisGeNET|GWAS Catalog,true
10116,DOID:9352,ODbL 1.0,DisGeNET,false
4734,DOID:3393,ODbL 1.0,DisGeNET,false
3592,DOID:12236,,DisGeNET|GWAS Catalog,true
1789,DOID:10283,ODbL 1.0,DisGeNET,false
5284,DOID:2355,CC BY 4.0,DISEASES,false
284382,DOID:3310,,DisGeNET|GWAS Catalog,true
1075,DOID:9835,CC BY 4.0,DISEASES,false
4856,DOID:10763,CC BY 4.0,GWAS Catalog,true
2118,DOID:184,CC BY 4.0,DISEASES,false
23583,DOID:1781,CC BY 4.0,DISEASES,false
5734,DOID:7147,ODbL 1.0,DisGeNET,false
4223,DOID:3393,ODbL 1.0,DisGeNET,false
84624,DOID:10283,CC BY 4.0,DISEASES,false
1586,DOID:1612,,DISEASES|DisGeNET,false
5465,DOID:14221,CC BY 4.0,DISEASES,false
5909,DOID:1909,ODbL 1.0,DisGeNET,false
9622,DOID:4989,CC BY 4.0,DISEASES,false
847,DOID:9352,ODbL 1.0,DisGeNET,false
3481,DOID:2355,ODbL 1.0,DisGeNET,false
288,DOID:1094,CC BY 4.0,GWAS Catalog,true
114826,DOID:1319,ODbL 1.0,DisGeNET,false
223117,DOID:8398,CC BY 4.0,DISEASES,false
142,DOID:1612,,DISEASES|DisGeNET,false
10,DOID:1612,ODbL 1.0,DisGeNET,false
472,DOID:1909,,DisGeNET|GWAS Catalog,true
8639,DOID:9970,ODbL 1.0,DisGeNET,false
7040,DOID:2986,ODbL 1.0,DOAF|DisGeNET,false
6571,DOID:14330,,DISEASES|DisGeNET,false
2167,DOID:1936,CC BY 4.0,DISEASES,false
224,DOID:5041,CC BY 4.0,DISEASES,false
8600,DOID:8398,CC BY 4.0,DISEASES,false
2908,DOID:1595,CC BY 4.0,DISEASES,false
7850,DOID:7147,ODbL 1.0,DisGeNET,false
3845,DOID:363,,DISEASES|DisGeNET,false
4317,DOID:1826,CC BY 4.0,GWAS Catalog,true
7389,DOID:11934,ODbL 1.0,DisGeNET,false
4855,DOID:1612,ODbL 1.0,DisGeNET,false
347730,DOID:5419,CC BY 4.0,DISEASES,false
375056,DOID:3393,,DisGeNET|GWAS Catalog,true
10060,DOID:12930,CC BY 4.0,DISEASES,false
29072,DOID:263,,DISEASES|DisGeNET,false
122618,DOID:7148,,DisGeNET|GWAS Catalog,true
7054,DOID:14330,,DISEASES|DisGeNET,false
11040,DOID:2531,,DISEASES|DisGeNET,false
5111,DOID:2986,ODbL 1.0,DisGeNET,false
7298,DOID:2986,ODbL 1.0,DisGeNET,false
29118,DOID:14227,CC BY 4.0,DISEASES,false
675,DOID:1612,,DISEASES|DisGeNET,false
9937,DOID:2355,CC BY 4.0,DISEASES,false
57142,DOID:5419,CC BY 4.0,DISEASES|DOAF,false
131566,DOID:10534,ODbL 1.0,DisGeNET,false
7027,DOID:2174,CC BY 4.0,DISEASES,false
1026,DOID:2531,CC BY 4.0,DISEASES,false
22920,DOID:332,CC BY 4.0,DISEASES|DOAF|GWAS Catalog,true
171558,DOID:11054,CC BY 4.0,DISEASES,false
7040,DOID:11476,ODbL 1.0,DOAF|DisGeNET,false
675,DOID:263,ODbL 1.0,DisGeNET,false
1965,DOID:2986,ODbL 1.0,DisGeNET,false
9948,DOID:11476,ODbL 1.0,DisGeNET,false
7054,DOID:10283,CC BY 4.0,GWAS Catalog,true
83939,DOID:3393,ODbL 1.0,DisGeNET,false
11326,DOID:2986,ODbL 1.0,DisGeNET,false
672,DOID:10283,ODbL 1.0,DisGeNET,false
5167,DOID:9970,,DISEASES|DOAF|DisGeNET,false
350,DOID:1936,CC BY 4.0,DISEASES,false
257106,DOID:11612,ODbL 1.0,DisGeNET,false
817,DOID:3393,ODbL 1.0,DisGeNET,false
55604,DOID:13189,CC BY 4.0,DISEASES,false
1234,DOID:7148,CC BY 4.0,DISEASES|DOAF,false
2173,DOID:3070,,DOAF,false
79444,DOID:263,ODbL 1.0,DisGeNET,false
1890,DOID:1793,ODbL 1.0,DisGeNET,false
4535,DOID:10652,ODbL 1.0,DisGeNET,false
116840,DOID:11612,ODbL 1.0,DisGeNET,false
9231,DOID:8778,CC BY 4.0,DISEASES,false
7827,DOID:784,CC BY 4.0,DISEASES,false
4288,DOID:1612,,DISEASES|DisGeNET,false
5937,DOID:9352,CC BY 4.0,GWAS Catalog,true
4353,DOID:1936,CC BY 4.0,DISEASES|DOAF,false
3362,DOID:5419,CC BY 4.0,DISEASES,false
2847,DOID:9970,,DISEASES|DisGeNET,false
55532,DOID:14330,CC BY 4.0,DISEASES,false
23753,DOID:10283,ODbL 1.0,DisGeNET,false
5742,DOID:10652,ODbL 1.0,DisGeNET,false
7515,DOID:4159,,DOAF,false
8991,DOID:10534,ODbL 1.0,DisGeNET,false
7442,DOID:1936,ODbL 1.0,DisGeNET,false
2678,DOID:10283,ODbL 1.0,DisGeNET,false
6329,DOID:1826,CC BY 4.0,DISEASES,false
10631,DOID:2841,CC BY 4.0,DISEASES,false
10855,DOID:1612,ODbL 1.0,DisGeNET,false
9536,DOID:8398,CC BY 4.0,DISEASES,false
54539,DOID:14330,CC BY 4.0,DISEASES,false
3156,DOID:1936,CC BY 4.0,DISEASES,false
3280,DOID:1612,ODbL 1.0,DisGeNET,false
154,DOID:3393,ODbL 1.0,DisGeNET,false
9362,DOID:9835,CC BY 4.0,DISEASES,false
3306,DOID:3393,ODbL 1.0,DisGeNET,false
282996,DOID:12930,,DISEASES|DOAF|DisGeNET,false
3732,DOID:10283,,DISEASES|DisGeNET,false
3458,DOID:7148,,DISEASES|DOAF|DisGeNET,false
7090,DOID:5419,CC BY 4.0,GWAS Catalog,true
7099,DOID:8778,CC BY 4.0,DISEASES|DOAF,false
3087,DOID:9352,,DisGeNET|GWAS Catalog,true
7038,DOID:1459,CC BY 4.0,DISEASES|DOAF,false
10693,DOID:2531,ODbL 1.0,DisGeNET,false
7869,DOID:1192,ODbL 1.0,DisGeNET,false
1869,DOID:1909,ODbL 1.0,DOAF|DisGeNET,false
2321,DOID:3070,CC BY 4.0,DISEASES,false
4915,DOID:5419,,DOAF,false
7546,DOID:10283,ODbL 1.0,DisGeNET,false
8995,DOID:8778,CC BY 4.0,GWAS Catalog,true
768,DOID:4362,ODbL 1.0,DisGeNET,false
5621,DOID:10652,ODbL 1.0,DOAF|DisGeNET,false
718,DOID:2355,CC BY 4.0,DISEASES,false
9446,DOID:8398,CC BY 4.0,DISEASES,false
5550,DOID:10534,ODbL 1.0,DisGeNET,false
7297,DOID:2377,ODbL 1.0,DOAF|DisGeNET,false
4792,DOID:1612,ODbL 1.0,DisGeNET,false
4838,DOID:9296,CC BY 4.0,DISEASES,false
4826,DOID:1324,ODbL 1.0,DisGeNET,false
3458,DOID:2043,,DISEASES|DOAF|DisGeNET,false
836,DOID:4989,ODbL 1.0,DisGeNET,false
84260,DOID:2377,CC BY 4.0,DISEASES,false
367,DOID:11612,,DOAF,false
10253,DOID:9296,,DisGeNET|GWAS Catalog,true
7275,DOID:9970,,DISEASES|DisGeNET,false
7157,DOID:3083,ODbL 1.0,DisGeNET,false
794,DOID:1725,CC BY 4.0,DISEASES,false
7124,DOID:14221,CC BY 4.0,DISEASES,false
1906,DOID:784,ODbL 1.0,DisGeNET,false
5133,DOID:2043,,DOAF,false
8694,DOID:9970,CC BY 4.0,DISEASES,false
4128,DOID:594,CC BY 4.0,DISEASES,false
240,DOID:2841,,DISEASES|DOAF|DisGeNET,false
4609,DOID:1324,CC BY 4.0,DISEASES,false
7252,DOID:1459,CC BY 4.0,DISEASES,false
4353,DOID:8577,,DISEASES|DisGeNET,false
5139,DOID:10763,ODbL 1.0,DisGeNET,false
9589,DOID:263,CC BY 4.0,DISEASES,false
207,DOID:363,CC BY 4.0,DISEASES,false
64231,DOID:2986,ODbL 1.0,DisGeNET,false
64127,DOID:4989,ODbL 1.0,DisGeNET,false
857,DOID:10763,ODbL 1.0,DisGeNET,false
1488,DOID:10283,ODbL 1.0,DisGeNET,false
3690,DOID:12849,ODbL 1.0,DOAF|DisGeNET,false
5394,DOID:418,CC BY 4.0,DISEASES,false
10659,DOID:2986,ODbL 1.0,DisGeNET,false
1647,DOID:2394,ODbL 1.0,DisGeNET,false
374,DOID:3393,ODbL 1.0,DisGeNET,false
3553,DOID:2377,,DISEASES|DOAF|DisGeNET,false
23462,DOID:1793,ODbL 1.0,DisGeNET,false
6387,DOID:635,,DOAF,false
10858,DOID:10652,,DISEASES|DOAF|DisGeNET,false
10397,DOID:3571,ODbL 1.0,DisGeNET,false
23345,DOID:5419,CC BY 4.0,GWAS Catalog,true
9968,DOID:3953,ODbL 1.0,DisGeNET,false
4982,DOID:11476,,DISEASES|DOAF|DisGeNET|GWAS Catalog,true
3688,DOID:1324,ODbL 1.0,DisGeNET,false
5894,DOID:1324,ODbL 1.0,DisGeNET,false
2117,DOID:9970,CC BY 4.0,DISEASES,false
5577,DOID:9970,ODbL 1.0,DisGeNET,false
4869,DOID:0060073,CC BY 4.0,DISEASES,false
11141,DOID:12849,,DISEASES|DisGeNET,false
5122,DOID:9352,ODbL 1.0,DisGeNET,false
4322,DOID:90,CC BY 4.0,DISEASES,false
4140,DOID:1319,CC BY 4.0,DISEASES,false
1437,DOID:635,CC BY 4.0,DISEASES,false
5743,DOID:10652,,DISEASES|DisGeNET,false
79068,DOID:9970,,DISEASES|DOAF|DisGeNET|GWAS Catalog,true
7391,DOID:3393,CC BY 4.0,DISEASES,false
158,DOID:3310,CC BY 4.0,DISEASES,false
3082,DOID:1909,,DOAF,false
3569,DOID:2377,CC BY 4.0,DISEASES|DOAF,false
224,DOID:1612,CC BY 4.0,DISEASES,false
3586,DOID:13378,,DOAF,false
6376,DOID:3393,ODbL 1.0,DisGeNET,false
1814,DOID:3312,CC BY 4.0,DISEASES,false
208,DOID:10763,ODbL 1.0,DisGeNET,false
567,DOID:9744,ODbL 1.0,DisGeNET,false
10451,DOID:10283,ODbL 1.0,DisGeNET,false
6348,DOID:635,CC BY 4.0,DISEASES,false
2122,DOID:263,CC BY 4.0,DISEASES,false
1392,DOID:594,CC BY 4.0,DISEASES,false
56896,DOID:3277,CC BY 4.0,DISEASES,false
328,DOID:10283,ODbL 1.0,DisGeNET,false
219333,DOID:8577,CC BY 4.0,GWAS Catalog,true
1815,DOID:0050741,CC BY 4.0,DISEASES,false
2335,DOID:1686,CC BY 4.0,DISEASES,false
5743,DOID:4159,CC BY 4.0,DISEASES,false
3630,DOID:10652,ODbL 1.0,DisGeNET,false
4217,DOID:14330,ODbL 1.0,DisGeNET,false
1072,DOID:5041,ODbL 1.0,DisGeNET,false
5236,DOID:3393,ODbL 1.0,DisGeNET,false
387082,DOID:9744,CC BY 4.0,DISEASES,false
6251,DOID:11476,ODbL 1.0,DisGeNET,false
1114,DOID:5419,,DOAF,false
81606,DOID:7148,CC BY 4.0,GWAS Catalog,true
1464,DOID:1909,CC BY 4.0,DISEASES|DOAF,false
3952,DOID:3083,,DOAF,false
150,DOID:1826,ODbL 1.0,DisGeNET,false
6382,DOID:3393,ODbL 1.0,DisGeNET,false
8809,DOID:3310,CC BY 4.0,GWAS Catalog,true
1154,DOID:12365,ODbL 1.0,DisGeNET,false
64005,DOID:2531,CC BY 4.0,DISEASES,false
1545,DOID:10283,ODbL 1.0,DisGeNET,false
64240,DOID:3393,ODbL 1.0,DisGeNET,false
26508,DOID:1612,ODbL 1.0,DisGeNET,false
868,DOID:2377,,DisGeNET|GWAS Catalog,true
5329,DOID:1826,ODbL 1.0,DisGeNET,false
57104,DOID:11612,ODbL 1.0,DisGeNET,false
5950,DOID:10534,ODbL 1.0,DisGeNET,false
8913,DOID:9744,ODbL 1.0,DisGeNET,false
3912,DOID:12849,ODbL 1.0,DisGeNET,false
3303,DOID:1793,ODbL 1.0,DisGeNET,false
11127,DOID:2841,ODbL 1.0,DisGeNET,false
2068,DOID:4159,CC BY 4.0,DISEASES,false
4353,DOID:3083,ODbL 1.0,DisGeNET,false
23301,DOID:10283,,DISEASES|DisGeNET|GWAS Catalog,true
6775,DOID:2841,ODbL 1.0,DisGeNET,false
3676,DOID:12849,ODbL 1.0,DisGeNET,false
5888,DOID:2986,ODbL 1.0,DisGeNET,false
1401,DOID:7147,CC BY 4.0,DISEASES,false
4481,DOID:2986,ODbL 1.0,DisGeNET,false
766,DOID:219,CC BY 4.0,DISEASES,false
249,DOID:12236,CC BY 4.0,DISEASES,false
7422,DOID:784,CC BY 4.0,GWAS Catalog,true
306,DOID:7148,,DisGeNET|GWAS Catalog,true
6786,DOID:10763,ODbL 1.0,DisGeNET,false
10743,DOID:3393,CC BY 4.0,GWAS Catalog,true
5195,DOID:1612,CC BY 4.0,GWAS Catalog,true
63892,DOID:11612,CC BY 4.0,DISEASES|GWAS Catalog,true
4133,DOID:1909,,DOAF,false
138046,DOID:1612,ODbL 1.0,DisGeNET,false
2890,DOID:1826,,DISEASES|DisGeNET,false
9508,DOID:90,CC BY 4.0,DISEASES,false
79071,DOID:2986,ODbL 1.0,DisGeNET,false
768,DOID:263,CC BY 4.0,DISEASES,false
1030,DOID:363,ODbL 1.0,DisGeNET,false
1409,DOID:9835,CC BY 4.0,DISEASES,false
26762,DOID:2841,,DOAF,false
4628,DOID:1312,ODbL 1.0,DisGeNET,false
6389,DOID:12930,ODbL 1.0,DisGeNET,false
337,DOID:1936,ODbL 1.0,DisGeNET,false
710,DOID:10871,,DOAF,false
80267,DOID:7148,CC BY 4.0,GWAS Catalog,true
4843,DOID:10652,ODbL 1.0,DisGeNET,false
26502,DOID:1686,CC BY 4.0,DISEASES,false
2254,DOID:9296,ODbL 1.0,DisGeNET,false
51311,DOID:2986,ODbL 1.0,DisGeNET,false
23236,DOID:10652,ODbL 1.0,DisGeNET,false
10163,DOID:0050742,CC BY 4.0,DISEASES,false
5111,DOID:1909,,DOAF,false
133,DOID:1595,CC BY 4.0,GWAS Catalog,true
3135,DOID:10763,CC BY 4.0,DISEASES,false
353144,DOID:9008,CC BY 4.0,DISEASES,false
10198,DOID:5419,CC BY 4.0,GWAS Catalog,true
5781,DOID:1192,ODbL 1.0,DisGeNET,false
1489,DOID:9352,ODbL 1.0,DisGeNET,false
5443,DOID:7148,CC BY 4.0,DISEASES,false
51562,DOID:1781,CC BY 4.0,GWAS Catalog,true
3569,DOID:3083,CC BY 4.0,DISEASES|DOAF,false
57514,DOID:10608,CC BY 4.0,GWAS Catalog,true
5083,DOID:9296,CC BY 4.0,DISEASES,false
332,DOID:1324,ODbL 1.0,DisGeNET,false
2701,DOID:1115,ODbL 1.0,DisGeNET,false
54822,DOID:332,CC BY 4.0,DISEASES,false
51561,DOID:8778,CC BY 4.0,DISEASES,false
7078,DOID:10871,CC BY 4.0,DISEASES,false
3767,DOID:9352,,DISEASES|DisGeNET|GWAS Catalog,true
5721,DOID:5041,ODbL 1.0,DisGeNET,false
55619,DOID:2986,ODbL 1.0,DisGeNET,false
2949,DOID:10763,ODbL 1.0,DisGeNET,false
3875,DOID:1612,ODbL 1.0,DisGeNET,false
886,DOID:5419,,DOAF,false
1277,DOID:10763,ODbL 1.0,DisGeNET,false
54947,DOID:11612,ODbL 1.0,DisGeNET,false
3239,DOID:7148,ODbL 1.0,DisGeNET,false
598,DOID:9352,ODbL 1.0,DisGeNET,false
6323,DOID:6364,,DOAF,false
11155,DOID:12930,ODbL 1.0,DisGeNET,false
19,DOID:1686,CC BY 4.0,GWAS Catalog,true
1839,DOID:10534,ODbL 1.0,DisGeNET,false
3237,DOID:7148,ODbL 1.0,DisGeNET,false
5934,DOID:2174,CC BY 4.0,DISEASES,false
22797,DOID:2986,ODbL 1.0,DisGeNET,false
10610,DOID:2986,,DISEASES|DisGeNET,false
217,DOID:10763,,DOAF,false
4897,DOID:1612,ODbL 1.0,DisGeNET,false
3091,DOID:1612,,DISEASES|DisGeNET,false
9839,DOID:1612,ODbL 1.0,DisGeNET,false
3077,DOID:332,,DOAF,false
59352,DOID:1612,,DisGeNET|GWAS Catalog,true
2215,DOID:9074,,DOAF,false
332,DOID:1612,ODbL 1.0,DisGeNET,false
5166,DOID:3393,ODbL 1.0,DisGeNET,false
7124,DOID:8778,CC BY 4.0,DISEASES|DOAF,false
3699,DOID:1595,CC BY 4.0,GWAS Catalog,true
127,DOID:0050741,CC BY 4.0,DISEASES,false
5747,DOID:7148,ODbL 1.0,DisGeNET,false
27030,DOID:5041,ODbL 1.0,DisGeNET,false
3559,DOID:2841,ODbL 1.0,DisGeNET,false
10574,DOID:10534,ODbL 1.0,DisGeNET,false
7068,DOID:1781,,DISEASES|DisGeNET,false
2050,DOID:1612,ODbL 1.0,DisGeNET,false
7284,DOID:5041,ODbL 1.0,DisGeNET,false
943,DOID:2531,,DISEASES|DisGeNET,false
3936,DOID:2986,ODbL 1.0,DisGeNET,false
6166,DOID:2355,CC BY 4.0,DISEASES,false
332,DOID:4989,ODbL 1.0,DisGeNET,false
1244,DOID:5041,ODbL 1.0,DisGeNET,false
64783,DOID:2531,CC BY 4.0,DISEASES,false
4938,DOID:9744,,DISEASES|DisGeNET,false
6443,DOID:10534,CC BY 4.0,DISEASES,false
3576,DOID:11054,ODbL 1.0,DisGeNET,false
27306,DOID:10283,CC BY 4.0,DISEASES,false
83992,DOID:3393,ODbL 1.0,DisGeNET,false
3123,DOID:2377,,DISEASES|DOAF|DisGeNET,false
8714,DOID:2531,CC BY 4.0,DISEASES,false
959,DOID:1936,,DISEASES|DOAF|DisGeNET,false
4855,DOID:5419,,DOAF,false
7112,DOID:7148,ODbL 1.0,DisGeNET,false
7157,DOID:10283,,DISEASES|DisGeNET,false
8178,DOID:2531,CC BY 4.0,DISEASES,false
3352,DOID:12849,ODbL 1.0,DisGeNET,false
121278,DOID:5419,,DOAF,false
250,DOID:2043,CC BY 4.0,DISEASES,false
5080,DOID:1686,CC BY 4.0,DISEASES,false
4072,DOID:1793,ODbL 1.0,DisGeNET,false
5734,DOID:2377,CC BY 4.0,GWAS Catalog,true
5080,DOID:263,CC BY 4.0,DISEASES,false
4318,DOID:13378,,DOAF,false
8817,DOID:11612,ODbL 1.0,DisGeNET,false
857,DOID:2394,ODbL 1.0,DisGeNET,false
590,DOID:1612,ODbL 1.0,DisGeNET,false
81537,DOID:2986,ODbL 1.0,DisGeNET,false
885,DOID:4989,,DISEASES|DisGeNET,false
353238,DOID:4159,CC BY 4.0,GWAS Catalog,true
5649,DOID:1826,,DISEASES|DOAF|DisGeNET,false
2950,DOID:1324,,DISEASES|DisGeNET,false
4057,DOID:216,CC BY 4.0,DISEASES,false
55024,DOID:418,CC BY 4.0,DISEASES,false
3559,DOID:986,,DisGeNET|GWAS Catalog,true
1992,DOID:3083,CC BY 4.0,DISEASES,false
10014,DOID:10763,ODbL 1.0,DisGeNET,false
7099,DOID:7147,,DOAF,false
5798,DOID:4362,CC BY 4.0,DISEASES,false
3553,DOID:1612,ODbL 1.0,DisGeNET,false
1746,DOID:1459,CC BY 4.0,DISEASES,false
3727,DOID:1826,ODbL 1.0,DisGeNET,false
93664,DOID:12849,ODbL 1.0,DisGeNET,false
151056,DOID:7148,ODbL 1.0,DisGeNET,false
9881,DOID:5419,CC BY 4.0,GWAS Catalog,true
3105,DOID:2355,CC BY 4.0,DISEASES,false
8516,DOID:10534,ODbL 1.0,DisGeNET,false
727,DOID:7148,CC BY 4.0,DISEASES|DOAF,false
9668,DOID:1612,ODbL 1.0,DisGeNET,false
376497,DOID:9970,,DISEASES|DisGeNET,false
55605,DOID:1324,ODbL 1.0,DisGeNET,false
1401,DOID:2531,CC BY 4.0,DISEASES,false
6757,DOID:1115,,DOAF,false
9212,DOID:10534,ODbL 1.0,DisGeNET,false
5468,DOID:11054,ODbL 1.0,DisGeNET,false
6528,DOID:1909,ODbL 1.0,DisGeNET,false
10973,DOID:2986,ODbL 1.0,DisGeNET,false
9507,DOID:8398,CC BY 4.0,DISEASES|DOAF,false
3383,DOID:9352,ODbL 1.0,DisGeNET,false
5228,DOID:1826,ODbL 1.0,DisGeNET,false
2315,DOID:1115,CC BY 4.0,DISEASES,false
6716,DOID:10283,ODbL 1.0,DisGeNET,false
8743,DOID:3571,ODbL 1.0,DisGeNET,false
7525,DOID:2986,ODbL 1.0,DisGeNET,false
11041,DOID:263,CC BY 4.0,DISEASES,false
6262,DOID:3393,ODbL 1.0,DisGeNET,false
7298,DOID:1993,CC BY 4.0,DISEASES,false
643847,DOID:332,CC BY 4.0,DISEASES,false
55783,DOID:8850,ODbL 1.0,DisGeNET,false
7157,DOID:9206,CC BY 4.0,DISEASES|DOAF,false
2152,DOID:2531,CC BY 4.0,DISEASES,false
51728,DOID:10534,ODbL 1.0,DisGeNET,false
6957,DOID:8986,CC BY 4.0,GWAS Catalog,true
1666,DOID:12365,CC BY 4.0,DISEASES,false
7297,DOID:9074,,DOAF,false
4036,DOID:10976,,DISEASES|DisGeNET,false
2245,DOID:0050742,CC BY 4.0,DISEASES,false
6376,DOID:10763,ODbL 1.0,DisGeNET,false
1990,DOID:4989,CC BY 4.0,DISEASES,false
10961,DOID:10283,ODbL 1.0,DisGeNET,false
153,DOID:9970,ODbL 1.0,DOAF|DisGeNET,false
4023,DOID:10763,ODbL 1.0,DOAF|DisGeNET,false
1742,DOID:1826,ODbL 1.0,DisGeNET,false
6804,DOID:12849,ODbL 1.0,DisGeNET,false
1474,DOID:1909,ODbL 1.0,DisGeNET,false
1026,DOID:1612,CC BY 4.0,DISEASES,false
886,DOID:1793,ODbL 1.0,DisGeNET,false
7164,DOID:10283,ODbL 1.0,DisGeNET,false
257194,DOID:9970,,DISEASES|DisGeNET|GWAS Catalog,true
388,DOID:418,ODbL 1.0,DisGeNET,false
3786,DOID:1826,CC BY 4.0,DISEASES|DOAF,false
3855,DOID:2394,CC BY 4.0,DISEASES,false
8379,DOID:2998,ODbL 1.0,DisGeNET,false
6347,DOID:824,ODbL 1.0,DisGeNET,false
54901,DOID:11714,CC BY 4.0,DISEASES|GWAS Catalog,true
5443,DOID:1826,,DISEASES|DisGeNET,false
336,DOID:1936,CC BY 4.0,DISEASES,false
55024,DOID:9074,,DISEASES|DOAF|DisGeNET,false
158983,DOID:14227,CC BY 4.0,DISEASES,false
57572,DOID:3070,CC BY 4.0,DISEASES,false
2120,DOID:2531,ODbL 1.0,DisGeNET,false
23042,DOID:263,ODbL 1.0,DisGeNET,false
2632,DOID:2986,ODbL 1.0,DisGeNET,false
1312,DOID:12995,CC BY 4.0,DISEASES,false
56915,DOID:10534,ODbL 1.0,DisGeNET,false
51251,DOID:2355,,DISEASES|DisGeNET,false
481,DOID:2531,ODbL 1.0,DisGeNET,false
1401,DOID:7148,,DISEASES|DOAF|DisGeNET,false
55691,DOID:10652,CC BY 4.0,GWAS Catalog,true
85358,DOID:12849,ODbL 1.0,DOAF|DisGeNET,false
56999,DOID:10871,CC BY 4.0,GWAS Catalog,true
3206,DOID:363,ODbL 1.0,DisGeNET,false
1993,DOID:1324,ODbL 1.0,DisGeNET,false
4009,DOID:14330,CC BY 4.0,DISEASES,false
5293,DOID:3571,CC BY 4.0,DISEASES,false
7416,DOID:1826,ODbL 1.0,DisGeNET,false
3484,DOID:12236,ODbL 1.0,DisGeNET,false
348,DOID:1793,ODbL 1.0,DisGeNET,false
1816,DOID:1094,CC BY 4.0,DISEASES,false
5972,DOID:2355,ODbL 1.0,DisGeNET,false
55054,DOID:8778,CC BY 4.0,DISEASES|DOAF|GWAS Catalog,true
6776,DOID:1612,,DISEASES|DisGeNET,false
145264,DOID:14221,CC BY 4.0,DISEASES,false
3558,DOID:10283,ODbL 1.0,DisGeNET,false
2100,DOID:1319,ODbL 1.0,DisGeNET,false
6714,DOID:219,CC BY 4.0,DISEASES,false
4085,DOID:5041,ODbL 1.0,DisGeNET,false
6261,DOID:263,ODbL 1.0,DisGeNET,false
6696,DOID:1312,ODbL 1.0,DisGeNET,false
57697,DOID:2355,,DISEASES|DisGeNET,false
947,DOID:3393,CC BY 4.0,DISEASES,false
4088,DOID:363,ODbL 1.0,DisGeNET,false
4255,DOID:2531,ODbL 1.0,DisGeNET,false
5917,DOID:2531,CC BY 4.0,DISEASES,false
7515,DOID:11934,CC BY 4.0,DISEASES,false
213,DOID:9744,CC BY 4.0,DISEASES,false
251,DOID:3571,CC BY 4.0,DISEASES,false
115019,DOID:9352,CC BY 4.0,GWAS Catalog,true
4313,DOID:1909,CC BY 4.0,DISEASES|DOAF,false
1045,DOID:10534,CC BY 4.0,DISEASES,false
1956,DOID:1909,,DOAF,false
3552,DOID:2355,ODbL 1.0,DisGeNET,false
4153,DOID:9074,ODbL 1.0,DOAF|DisGeNET,false
6257,DOID:1612,ODbL 1.0,DisGeNET,false
546,DOID:8850,ODbL 1.0,DisGeNET,false
4297,DOID:1324,ODbL 1.0,DisGeNET,false
9451,DOID:3393,ODbL 1.0,DisGeNET,false
3198,DOID:12849,ODbL 1.0,DOAF|DisGeNET,false
23118,DOID:1612,CC BY 4.0,GWAS Catalog,true
4312,DOID:7148,CC BY 4.0,DISEASES|DOAF,false
7913,DOID:2531,CC BY 4.0,DISEASES,false
55676,DOID:10652,ODbL 1.0,DisGeNET,false
2261,DOID:4362,ODbL 1.0,DisGeNET,false
3383,DOID:7148,CC BY 4.0,DISEASES|DOAF,false
3605,DOID:10608,,DOAF,false
9149,DOID:2394,ODbL 1.0,DisGeNET,false
79682,DOID:13378,CC BY 4.0,GWAS Catalog,true
5290,DOID:11934,CC BY 4.0,DISEASES,false
1401,DOID:14221,,DISEASES|DisGeNET,false
7498,DOID:10763,ODbL 1.0,DOAF|DisGeNET,false
207,DOID:1781,CC BY 4.0,DISEASES,false
1636,DOID:784,,DISEASES|DisGeNET,false
3630,DOID:4989,ODbL 1.0,DisGeNET,false
316,DOID:10283,ODbL 1.0,DisGeNET,false
3557,DOID:7147,,DOAF,false
1839,DOID:784,ODbL 1.0,DisGeNET,false
3240,DOID:12365,ODbL 1.0,DisGeNET,false
4312,DOID:1936,,DISEASES|DOAF|DisGeNET,false
2206,DOID:3310,CC BY 4.0,DISEASES,false
58504,DOID:2986,ODbL 1.0,DisGeNET,false
3597,DOID:2986,ODbL 1.0,DisGeNET,false
9575,DOID:9970,,DOAF,false
5551,DOID:2841,ODbL 1.0,DisGeNET,false
5371,DOID:9835,CC BY 4.0,GWAS Catalog,true
9787,DOID:2986,ODbL 1.0,DisGeNET,false
920,DOID:2043,CC BY 4.0,DISEASES,false
801,DOID:9352,ODbL 1.0,DisGeNET,false
1630,DOID:11819,CC BY 4.0,DISEASES,false
7852,DOID:1115,,DOAF,false
1647,DOID:10283,ODbL 1.0,DisGeNET,false
3566,DOID:7148,,DOAF,false
1137,DOID:12849,ODbL 1.0,DisGeNET,false
3563,DOID:5419,,DOAF,false
361,DOID:1826,ODbL 1.0,DisGeNET,false
6608,DOID:4989,ODbL 1.0,DisGeNET,false
7056,DOID:1936,CC BY 4.0,DISEASES,false
3925,DOID:1612,ODbL 1.0,DisGeNET,false
8737,DOID:9074,CC BY 4.0,DISEASES,false
65078,DOID:5419,,DOAF,false
10207,DOID:10283,ODbL 1.0,DisGeNET,false
8170,DOID:11054,CC BY 4.0,GWAS Catalog,true
10732,DOID:4606,CC BY 4.0,DISEASES,false
1499,DOID:1319,,DISEASES|DisGeNET,false
6688,DOID:2531,,DISEASES|DisGeNET,false
7103,DOID:9352,ODbL 1.0,DisGeNET,false
3308,DOID:14330,,DISEASES|DisGeNET,false
122769,DOID:12306,CC BY 4.0,DISEASES,false
2922,DOID:11934,ODbL 1.0,DisGeNET,false
343641,DOID:2531,ODbL 1.0,DisGeNET,false
9968,DOID:4045,CC BY 4.0,DISEASES,false
4283,DOID:12236,ODbL 1.0,DisGeNET,false
7015,DOID:1324,,DISEASES|DisGeNET|GWAS Catalog,true
59336,DOID:1319,CC BY 4.0,DISEASES,false
11186,DOID:1324,,DISEASES|DisGeNET,false
145264,DOID:9970,CC BY 4.0,DISEASES,false
5179,DOID:10283,ODbL 1.0,DisGeNET,false
5970,DOID:10763,ODbL 1.0,DisGeNET,false
51530,DOID:3393,CC BY 4.0,GWAS Catalog,true
1600,DOID:12849,ODbL 1.0,DisGeNET,false
2678,DOID:2043,CC BY 4.0,DISEASES,false
1482,DOID:1459,CC BY 4.0,DISEASES,false
56129,DOID:10763,CC BY 4.0,DISEASES,false
1045,DOID:9206,,DOAF,false
3708,DOID:1612,CC BY 4.0,GWAS Catalog,true
7422,DOID:10283,,DISEASES|DisGeNET,false
64092,DOID:2986,ODbL 1.0,DisGeNET,false
2833,DOID:12930,ODbL 1.0,DisGeNET,false
973,DOID:8778,CC BY 4.0,DISEASES,false
11178,DOID:10283,ODbL 1.0,DisGeNET,false
4691,DOID:3393,ODbL 1.0,DisGeNET,false
80198,DOID:2355,CC BY 4.0,DISEASES,false
796,DOID:5408,CC BY 4.0,DISEASES,false
9926,DOID:2986,ODbL 1.0,DisGeNET,false
79444,DOID:1909,,DOAF,false
1717,DOID:12849,ODbL 1.0,DisGeNET,false
4267,DOID:2394,CC BY 4.0,DISEASES,false
250,DOID:784,CC BY 4.0,DISEASES,false
83943,DOID:12849,,DISEASES|DisGeNET,false
4695,DOID:2355,CC BY 4.0,DISEASES,false
170692,DOID:9835,CC BY 4.0,DISEASES,false
8864,DOID:2531,ODbL 1.0,DisGeNET,false
3782,DOID:5419,CC BY 4.0,DISEASES|DOAF,false
207,DOID:3571,CC BY 4.0,DISEASES,false
4967,DOID:12236,CC BY 4.0,DISEASES,false
84631,DOID:1319,CC BY 4.0,DISEASES,false
2591,DOID:10283,ODbL 1.0,DisGeNET,false
79783,DOID:332,CC BY 4.0,DISEASES,false
3479,DOID:12849,ODbL 1.0,DisGeNET,false
6347,DOID:10652,,DOAF,false
219736,DOID:10763,,DISEASES|DisGeNET,false
3624,DOID:10763,ODbL 1.0,DisGeNET,false
55765,DOID:2377,CC BY 4.0,GWAS Catalog,true
3623,DOID:2994,CC BY 4.0,DISEASES,false
4291,DOID:2531,ODbL 1.0,DisGeNET,false
19,DOID:2986,ODbL 1.0,DisGeNET,false
6778,DOID:11934,ODbL 1.0,DisGeNET,false
817,DOID:11612,ODbL 1.0,DisGeNET,false
79624,DOID:2986,ODbL 1.0,DisGeNET,false
2124,DOID:2986,ODbL 1.0,DisGeNET,false
3630,DOID:10283,ODbL 1.0,DisGeNET,false
4846,DOID:1686,,DOAF,false
3899,DOID:7148,,DISEASES|DisGeNET|GWAS Catalog,true
2932,DOID:5419,,DOAF,false
1616,DOID:3953,ODbL 1.0,DisGeNET,false
1027,DOID:10534,ODbL 1.0,DisGeNET,false
7380,DOID:263,CC BY 4.0,DISEASES,false
8398,DOID:14330,CC BY 4.0,DISEASES,false
5465,DOID:9970,,DISEASES|DOAF|DisGeNET,false
51804,DOID:3393,CC BY 4.0,DISEASES,false
50943,DOID:2531,,DISEASES|DisGeNET,false
6497,DOID:1909,,DOAF,false
213,DOID:14221,CC BY 4.0,DISEASES,false
308,DOID:10534,ODbL 1.0,DisGeNET,false
3990,DOID:9352,ODbL 1.0,DisGeNET,false
6338,DOID:10763,ODbL 1.0,DOAF|DisGeNET,false
27034,DOID:10534,ODbL 1.0,DisGeNET,false
1019,DOID:2531,CC BY 4.0,DISEASES,false
4072,DOID:2394,,DISEASES|DisGeNET,false
3123,DOID:7148,,DISEASES|DOAF|DisGeNET|GWAS Catalog,true
26586,DOID:1459,CC BY 4.0,DISEASES,false
322,DOID:10652,CC BY 4.0,DISEASES,false
6340,DOID:10763,ODbL 1.0,DisGeNET,false
9966,DOID:7148,,DOAF,false
183,DOID:1312,ODbL 1.0,DisGeNET,false
1840,DOID:3070,ODbL 1.0,DisGeNET,false
116987,DOID:12849,ODbL 1.0,DisGeNET,false
2475,DOID:3571,CC BY 4.0,DISEASES,false
9839,DOID:1826,CC BY 4.0,DISEASES|GWAS Catalog,true
580,DOID:1612,,DISEASES|DisGeNET,false
23671,DOID:11612,ODbL 1.0,DisGeNET,false
8614,DOID:1612,ODbL 1.0,DisGeNET,false
5294,DOID:1324,CC BY 4.0,DISEASES,false
2006,DOID:7693,,DISEASES|DisGeNET,false
3688,DOID:1909,,DOAF,false
713,DOID:1686,ODbL 1.0,DisGeNET,false
4015,DOID:3393,ODbL 1.0,DisGeNET,false
6899,DOID:12849,ODbL 1.0,DisGeNET,false
170302,DOID:1826,CC BY 4.0,DISEASES|DOAF,false
6928,DOID:263,ODbL 1.0,DisGeNET,false
3553,DOID:418,,DOAF,false
5020,DOID:1826,ODbL 1.0,DisGeNET,false
84942,DOID:1826,CC BY 4.0,DISEASES,false
2521,DOID:1115,CC BY 4.0,DISEASES|DOAF,false
3843,DOID:5419,,DOAF,false
650,DOID:1612,ODbL 1.0,DisGeNET,false
3119,DOID:4481,CC BY 4.0,GWAS Catalog,true
11093,DOID:2355,CC BY 4.0,DISEASES,false
23216,DOID:8778,CC BY 4.0,GWAS Catalog,true
7153,DOID:2986,ODbL 1.0,DisGeNET,false
5091,DOID:2531,ODbL 1.0,DisGeNET,false
3889,DOID:12365,CC BY 4.0,DISEASES,false
3569,DOID:10534,ODbL 1.0,DisGeNET,false
6794,DOID:363,ODbL 1.0,DisGeNET,false
7137,DOID:3393,,DISEASES|DisGeNET,false
3483,DOID:332,,DOAF,false
111,DOID:8577,CC BY 4.0,DISEASES,false
3356,DOID:1826,CC BY 4.0,DISEASES,false
8626,DOID:2394,ODbL 1.0,DisGeNET,false
10112,DOID:2986,ODbL 1.0,DisGeNET,false
9353,DOID:1826,ODbL 1.0,DisGeNET,false
1437,DOID:1612,,DISEASES|DisGeNET,false
3593,DOID:12236,ODbL 1.0,DisGeNET,false
9037,DOID:12849,ODbL 1.0,DisGeNET,false
8651,DOID:9970,ODbL 1.0,DisGeNET,false
4358,DOID:1312,ODbL 1.0,DisGeNET,false
10318,DOID:8893,,DISEASES|DisGeNET|GWAS Catalog,true
27161,DOID:2531,,DISEASES|DisGeNET,false
5286,DOID:3312,CC BY 4.0,GWAS Catalog,true
27030,DOID:219,ODbL 1.0,DisGeNET,false
5371,DOID:3070,ODbL 1.0,DisGeNET,false
57817,DOID:2355,,DISEASES|DOAF|DisGeNET,false
1191,DOID:9074,ODbL 1.0,DisGeNET,false
10699,DOID:10763,CC BY 4.0,DISEASES|DOAF,false
3569,DOID:14221,,DISEASES|DisGeNET,false
3565,DOID:635,CC BY 4.0,DISEASES,false
345611,DOID:8778,CC BY 4.0,DOAF|GWAS Catalog,true
3569,DOID:2531,,DISEASES|DisGeNET,false
6285,DOID:5419,CC BY 4.0,DISEASES|DOAF,false
1381,DOID:3571,ODbL 1.0,DisGeNET,false
70,DOID:9835,ODbL 1.0,DisGeNET,false
8671,DOID:10763,ODbL 1.0,DisGeNET,false
3117,DOID:2841,,DisGeNET|GWAS Catalog,true
7422,DOID:1826,ODbL 1.0,DisGeNET,false
5599,DOID:10652,CC BY 4.0,DISEASES,false
3480,DOID:1324,CC BY 4.0,DISEASES,false
3718,DOID:2531,CC BY 4.0,DISEASES,false
4842,DOID:1826,ODbL 1.0,DisGeNET,false
6441,DOID:0050156,CC BY 4.0,DISEASES,false
55014,DOID:986,ODbL 1.0,DisGeNET,false
8660,DOID:10534,ODbL 1.0,DisGeNET,false
2243,DOID:11476,ODbL 1.0,DisGeNET,false
11141,DOID:1909,ODbL 1.0,DisGeNET,false
9588,DOID:3393,ODbL 1.0,DisGeNET,false
3117,DOID:9074,ODbL 1.0,DisGeNET,false
5465,DOID:10763,,DISEASES|DisGeNET,false
1437,DOID:7148,,DISEASES|DisGeNET|GWAS Catalog,true
9332,DOID:2986,ODbL 1.0,DisGeNET,false
1870,DOID:2174,CC BY 4.0,DISEASES,false
3690,DOID:10763,,DOAF,false
3627,DOID:12361,,DOAF,false
388372,DOID:9970,ODbL 1.0,DisGeNET,false
4193,DOID:3070,CC BY 4.0,DISEASES,false
4654,DOID:10763,ODbL 1.0,DisGeNET,false
5352,DOID:2986,ODbL 1.0,DisGeNET,false
8624,DOID:7147,CC BY 4.0,GWAS Catalog,true
51146,DOID:10534,CC BY 4.0,DISEASES,false
6462,DOID:1459,CC BY 4.0,DISEASES,false
836,DOID:1612,CC BY 4.0,DISEASES,false
3439,DOID:119,ODbL 1.0,DisGeNET,false
250,DOID:10283,CC BY 4.0,DISEASES,false
4314,DOID:7693,ODbL 1.0,DisGeNET,false
2122,DOID:1612,ODbL 1.0,DisGeNET,false
8626,DOID:4045,CC BY 4.0,DISEASES,false
5771,DOID:8778,CC BY 4.0,DISEASES|GWAS Catalog,true
51534,DOID:332,CC BY 4.0,DISEASES,false
9479,DOID:9352,ODbL 1.0,DisGeNET,false
3664,DOID:216,CC BY 4.0,DISEASES,false
84327,DOID:9352,CC BY 4.0,GWAS Catalog,true
26284,DOID:1612,CC BY 4.0,DISEASES,false
3651,DOID:1793,ODbL 1.0,DisGeNET,false
4015,DOID:10763,ODbL 1.0,DisGeNET,false
94233,DOID:1686,CC BY 4.0,DISEASES,false
3663,DOID:8577,,DisGeNET|GWAS Catalog,true
5655,DOID:1612,ODbL 1.0,DisGeNET,false
6496,DOID:3571,ODbL 1.0,DisGeNET,false
5444,DOID:11612,,DOAF,false
4747,DOID:1459,ODbL 1.0,DisGeNET,false
822,DOID:2531,ODbL 1.0,DisGeNET,false
1909,DOID:6364,ODbL 1.0,DisGeNET,false
950,DOID:12365,CC BY 4.0,DISEASES,false
4017,DOID:1612,ODbL 1.0,DisGeNET,false
5027,DOID:2377,ODbL 1.0,DisGeNET,false
4153,DOID:635,,DOAF,false
29087,DOID:10283,ODbL 1.0,DisGeNET,false
9370,DOID:7148,ODbL 1.0,DOAF|DisGeNET,false
2904,DOID:0050741,CC BY 4.0,DISEASES,false
5325,DOID:10534,ODbL 1.0,DisGeNET,false
5741,DOID:784,,DISEASES|DisGeNET,false
7249,DOID:1826,,DISEASES|DisGeNET,false
54756,DOID:8850,ODbL 1.0,DisGeNET,false
144983,DOID:332,CC BY 4.0,DISEASES,false
83990,DOID:2394,ODbL 1.0,DisGeNET,false
2660,DOID:332,ODbL 1.0,DisGeNET,false
3291,DOID:10763,,DISEASES|DOAF|DisGeNET,false
284119,DOID:8778,CC BY 4.0,GWAS Catalog,true
4914,DOID:2841,ODbL 1.0,DisGeNET,false
952,DOID:2355,,DOAF,false
6696,DOID:1936,CC BY 4.0,DISEASES|DOAF,false
2123,DOID:2986,ODbL 1.0,DisGeNET,false
3486,DOID:332,,DOAF,false
51706,DOID:2355,CC BY 4.0,DISEASES,false
2625,DOID:2531,,DisGeNET|GWAS Catalog,true
64764,DOID:4045,CC BY 4.0,DISEASES,false
6928,DOID:9352,,DisGeNET|GWAS Catalog,true
4318,DOID:1793,,DISEASES|DisGeNET,false
5742,DOID:263,ODbL 1.0,DisGeNET,false
328,DOID:1909,ODbL 1.0,DOAF|DisGeNET,false
114327,DOID:1826,,DISEASES|DOAF|DisGeNET,false
4318,DOID:2394,CC BY 4.0,DISEASES,false
81491,DOID:11119,CC BY 4.0,DISEASES,false
11005,DOID:12365,CC BY 4.0,DISEASES,false
1440,DOID:1115,ODbL 1.0,DisGeNET,false
4023,DOID:10283,ODbL 1.0,DisGeNET,false
57628,DOID:2841,ODbL 1.0,DisGeNET,false
7166,DOID:10763,ODbL 1.0,DisGeNET,false
11326,DOID:2531,ODbL 1.0,DisGeNET,false
1565,DOID:10652,ODbL 1.0,DisGeNET,false
5818,DOID:9296,CC BY 4.0,DISEASES|DOAF,false
3304,DOID:1612,ODbL 1.0,DisGeNET,false
23583,DOID:1909,CC BY 4.0,DISEASES,false
55273,DOID:2986,ODbL 1.0,DisGeNET,false
1647,DOID:1793,ODbL 1.0,DisGeNET,false
1374,DOID:9970,,DISEASES|DisGeNET,false
2596,DOID:1826,ODbL 1.0,DisGeNET,false
9518,DOID:1909,ODbL 1.0,DisGeNET,false
50809,DOID:1595,CC BY 4.0,DISEASES,false
1280,DOID:1909,ODbL 1.0,DisGeNET,false
3043,DOID:2355,,DISEASES|DOAF|DisGeNET,false
925,DOID:2377,CC BY 4.0,DISEASES,false
348,DOID:1826,,DOAF,false
4656,DOID:1115,CC BY 4.0,DISEASES,false
331,DOID:2394,ODbL 1.0,DisGeNET,false
2158,DOID:10283,CC BY 4.0,DISEASES,false
1840,DOID:1793,ODbL 1.0,DisGeNET,false
3552,DOID:824,,DISEASES|DOAF|DisGeNET,false
26227,DOID:1612,ODbL 1.0,DisGeNET,false
3008,DOID:8850,ODbL 1.0,DisGeNET,false
7054,DOID:1826,ODbL 1.0,DisGeNET,false
133,DOID:10763,,DISEASES|DOAF|DisGeNET,false
3077,DOID:2355,CC BY 4.0,DISEASES,false
3456,DOID:2377,,DISEASES|DOAF|DisGeNET,false
23532,DOID:263,ODbL 1.0,DisGeNET,false
2212,DOID:12365,,DOAF,false
50943,DOID:4481,,DOAF,false
2247,DOID:1909,,DOAF,false
949,DOID:9970,CC BY 4.0,DISEASES,false
6343,DOID:12849,ODbL 1.0,DisGeNET,false
251,DOID:5408,CC BY 4.0,DISEASES,false
6558,DOID:4159,CC BY 4.0,DISEASES,false
84189,DOID:1319,CC BY 4.0,DISEASES,false
5243,DOID:263,ODbL 1.0,DisGeNET,false
4151,DOID:1115,CC BY 4.0,DISEASES,false
2194,DOID:1909,ODbL 1.0,DisGeNET,false
472,DOID:2531,CC BY 4.0,DISEASES,false
6092,DOID:12849,ODbL 1.0,DisGeNET,false
53826,DOID:2531,ODbL 1.0,DisGeNET,false
5024,DOID:6364,CC BY 4.0,DISEASES,false
3082,DOID:2531,ODbL 1.0,DisGeNET,false
7415,DOID:332,CC BY 4.0,DISEASES,false
5048,DOID:1826,CC BY 4.0,DISEASES,false
3490,DOID:263,ODbL 1.0,DisGeNET,false
25842,DOID:1909,ODbL 1.0,DisGeNET,false
1471,DOID:332,,DOAF,false
8856,DOID:9970,ODbL 1.0,DisGeNET,false
213,DOID:3083,CC BY 4.0,DISEASES,false
23308,DOID:10608,,DisGeNET|GWAS Catalog,true
1736,DOID:2355,CC BY 4.0,DISEASES,false
28,DOID:10283,ODbL 1.0,DisGeNET,false
8877,DOID:2531,ODbL 1.0,DisGeNET,false
3777,DOID:1826,ODbL 1.0,DisGeNET,false
55275,DOID:1826,CC BY 4.0,DISEASES,false
1103,DOID:332,CC BY 4.0,DISEASES,false
3309,DOID:8398,,DOAF,false
249,DOID:11476,CC BY 4.0,DISEASES,false
28998,DOID:1612,ODbL 1.0,DisGeNET,false
4625,DOID:12930,,DISEASES|DisGeNET,false
3606,DOID:2043,,DOAF,false
4241,DOID:1909,,DISEASES|DOAF|DisGeNET,false
2033,DOID:0050741,CC BY 4.0,DISEASES,false
3988,DOID:3393,CC BY 4.0,GWAS Catalog,true
5245,DOID:5041,ODbL 1.0,DisGeNET,false
7128,DOID:7148,,DISEASES|DOAF|DisGeNET|GWAS Catalog,true
284058,DOID:8850,ODbL 1.0,DisGeNET,false
594857,DOID:10652,CC BY 4.0,DISEASES,false
5160,DOID:10534,ODbL 1.0,DisGeNET,false
54,DOID:824,CC BY 4.0,DISEASES,false
847,DOID:8893,ODbL 1.0,DisGeNET,false
4495,DOID:5041,ODbL 1.0,DisGeNET,false
650,DOID:9835,,DisGeNET|GWAS Catalog,true
7422,DOID:2531,,DISEASES|DisGeNET,false
1026,DOID:219,CC BY 4.0,DISEASES,false
6647,DOID:10763,ODbL 1.0,DisGeNET,false
7403,DOID:5041,ODbL 1.0,DisGeNET,false
9334,DOID:1324,CC BY 4.0,DISEASES,false
23218,DOID:2531,CC BY 4.0,DISEASES,false
6036,DOID:2986,ODbL 1.0,DisGeNET,false
156,DOID:10763,ODbL 1.0,DisGeNET,false
23607,DOID:1312,,DISEASES|DisGeNET,false
4204,DOID:12849,,DISEASES|DOAF|DisGeNET,false
7422,DOID:13378,,DOAF,false
6336,DOID:11615,CC BY 4.0,DISEASES,false
148,DOID:10763,ODbL 1.0,DisGeNET,false
2064,DOID:1612,,DISEASES|DOAF|DisGeNET,false
2353,DOID:6364,CC BY 4.0,DISEASES,false
54620,DOID:8893,,DisGeNET|GWAS Catalog,true
226,DOID:3393,ODbL 1.0,DisGeNET,false
10135,DOID:11714,CC BY 4.0,DISEASES|DOAF,false
10000,DOID:1909,,DOAF,false
8406,DOID:2986,ODbL 1.0,DisGeNET,false
3855,DOID:1993,CC BY 4.0,DISEASES,false
3586,DOID:2355,,DOAF,false
7849,DOID:263,CC BY 4.0,DISEASES,false
60506,DOID:9835,CC BY 4.0,DISEASES,false
6556,DOID:3310,ODbL 1.0,DisGeNET,false
1543,DOID:1612,,DISEASES|DisGeNET,false
80352,DOID:13241,CC BY 4.0,DISEASES,false
6622,DOID:10652,CC BY 4.0,DISEASES|DOAF,false
6820,DOID:10283,ODbL 1.0,DisGeNET,false
6774,DOID:1612,,DISEASES|DisGeNET,false
84433,DOID:2531,CC BY 4.0,DISEASES,false
189,DOID:784,CC BY 4.0,DISEASES,false
7100,DOID:9074,,DISEASES|DOAF|DisGeNET,false
7110,DOID:9835,CC BY 4.0,DISEASES,false
2308,DOID:4045,,DISEASES|DisGeNET,false
5294,DOID:1936,CC BY 4.0,GWAS Catalog,true
8645,DOID:1826,ODbL 1.0,DisGeNET,false
7076,DOID:10763,,DISEASES|DisGeNET,false
3586,DOID:1909,CC BY 4.0,DISEASES|DOAF,false
22908,DOID:332,CC BY 4.0,DISEASES,false
27429,DOID:14330,CC BY 4.0,DISEASES|DOAF,false
58508,DOID:10534,ODbL 1.0,DisGeNET,false
4843,DOID:7148,,DOAF,false
1634,DOID:3393,ODbL 1.0,DisGeNET,false
2668,DOID:1826,ODbL 1.0,DisGeNET,false
51320,DOID:10763,ODbL 1.0,DisGeNET,false
51738,DOID:8577,ODbL 1.0,DisGeNET,false
1234,DOID:3310,ODbL 1.0,DisGeNET,false
29765,DOID:332,CC BY 4.0,DISEASES,false
136991,DOID:10283,ODbL 1.0,DisGeNET,false
6014,DOID:14330,CC BY 4.0,GWAS Catalog,true
5599,DOID:3571,CC BY 4.0,DISEASES,false
6281,DOID:2531,ODbL 1.0,DisGeNET,false
2623,DOID:2531,,DISEASES|DisGeNET,false
5654,DOID:10871,,DISEASES|DOAF|DisGeNET|GWAS Catalog,true
25,DOID:1612,ODbL 1.0,DisGeNET,false
249,DOID:1612,CC BY 4.0,DISEASES,false
2516,DOID:3953,CC BY 4.0,DISEASES,false
2246,DOID:2531,ODbL 1.0,DisGeNET,false
221895,DOID:363,,DISEASES|DisGeNET,false
6319,DOID:3571,ODbL 1.0,DisGeNET,false
7799,DOID:2174,CC BY 4.0,DISEASES,false
4548,DOID:2531,ODbL 1.0,DisGeNET,false
1158,DOID:3393,,DISEASES|DisGeNET,false
3972,DOID:10763,ODbL 1.0,DisGeNET,false
26503,DOID:1909,ODbL 1.0,DisGeNET,false
2475,DOID:2531,CC BY 4.0,DISEASES,false
3912,DOID:8577,ODbL 1.0,DisGeNET,false
127933,DOID:5419,,DOAF,false
7249,DOID:175,CC BY 4.0,DISEASES,false
673,DOID:1324,ODbL 1.0,DisGeNET,false
64116,DOID:2986,ODbL 1.0,DisGeNET,false
4985,DOID:3393,ODbL 1.0,DisGeNET,false
8894,DOID:1612,ODbL 1.0,DisGeNET,false
732,DOID:2355,CC BY 4.0,DISEASES,false
4914,DOID:3312,ODbL 1.0,DisGeNET,false
2627,DOID:10763,ODbL 1.0,DisGeNET,false
8807,DOID:10608,,DOAF,false
1017,DOID:2531,CC BY 4.0,DISEASES,false
119,DOID:10763,ODbL 1.0,DisGeNET,false
1848,DOID:4989,ODbL 1.0,DisGeNET,false
2908,DOID:9074,,DOAF,false
5216,DOID:332,CC BY 4.0,DISEASES,false
4852,DOID:2841,ODbL 1.0,DisGeNET,false
63827,DOID:3070,CC BY 4.0,DISEASES,false
3479,DOID:3393,ODbL 1.0,DisGeNET,false
2,DOID:4989,CC BY 4.0,DISEASES,false
2876,DOID:14330,ODbL 1.0,DisGeNET,false
2152,DOID:2355,CC BY 4.0,DISEASES,false
156,DOID:7148,ODbL 1.0,DisGeNET,false
255520,DOID:0050156,,DISEASES|DisGeNET,false
3586,DOID:2531,,DISEASES|DisGeNET,false
51741,DOID:1612,ODbL 1.0,DisGeNET,false
7157,DOID:8893,ODbL 1.0,DisGeNET,false
590,DOID:10652,,DISEASES|DOAF|DisGeNET,false
4599,DOID:10534,ODbL 1.0,DisGeNET,false
3586,DOID:12930,ODbL 1.0,DisGeNET,false
7042,DOID:1612,ODbL 1.0,DisGeNET,false
60528,DOID:10283,,DISEASES|DisGeNET,false
8636,DOID:9835,CC BY 4.0,DISEASES,false
1956,DOID:11054,,DISEASES|DisGeNET,false
197257,DOID:2531,CC BY 4.0,DISEASES,false
6628,DOID:9074,CC BY 4.0,DISEASES,false
2335,DOID:1612,CC BY 4.0,DISEASES,false
9829,DOID:14330,CC BY 4.0,DISEASES,false
23262,DOID:1192,CC BY 4.0,DISEASES,false
6790,DOID:10283,ODbL 1.0,DisGeNET,false
3363,DOID:1826,ODbL 1.0,DisGeNET,false
1353,DOID:1612,CC BY 4.0,DISEASES|GWAS Catalog,true
5925,DOID:1793,ODbL 1.0,DisGeNET,false
1401,DOID:2841,,DOAF,false
23630,DOID:2355,CC BY 4.0,DISEASES,false
79890,DOID:5408,,DisGeNET|GWAS Catalog,true
5743,DOID:1324,CC BY 4.0,DISEASES,false
351,DOID:10652,,DISEASES|DOAF|DisGeNET,false
2805,DOID:9970,CC BY 4.0,DISEASES,false
51135,DOID:10283,ODbL 1.0,DisGeNET,false
865,DOID:2986,ODbL 1.0,DisGeNET,false
8857,DOID:10534,ODbL 1.0,DisGeNET,false
4544,DOID:14221,CC BY 4.0,GWAS Catalog,true
3625,DOID:1612,CC BY 4.0,GWAS Catalog,true
925,DOID:9744,CC BY 4.0,DISEASES,false
2114,DOID:1612,ODbL 1.0,DisGeNET,false
100631383,DOID:14330,CC BY 4.0,GWAS Catalog,true
23774,DOID:8850,ODbL 1.0,DisGeNET,false
79581,DOID:824,CC BY 4.0,DISEASES,false
256472,DOID:11612,ODbL 1.0,DisGeNET,false
6574,DOID:2986,ODbL 1.0,DisGeNET,false
9025,DOID:12849,ODbL 1.0,DisGeNET,false
5594,DOID:3393,ODbL 1.0,DisGeNET,false
8061,DOID:2986,ODbL 1.0,DisGeNET,false
5970,DOID:8577,ODbL 1.0,DOAF|DisGeNET,false
4057,DOID:8577,,DISEASES|DisGeNET,false
11200,DOID:5041,CC BY 4.0,GWAS Catalog,true
51477,DOID:8850,ODbL 1.0,DisGeNET,false
64428,DOID:1686,CC BY 4.0,DISEASES,false
526,DOID:2986,ODbL 1.0,DisGeNET,false
3945,DOID:10283,ODbL 1.0,DisGeNET,false
70,DOID:10534,ODbL 1.0,DisGeNET,false
84162,DOID:10608,CC BY 4.0,GWAS Catalog,true
624,DOID:1826,ODbL 1.0,DisGeNET,false
3593,DOID:12365,,DOAF,false
5518,DOID:2394,CC BY 4.0,DISEASES,false
595,DOID:1115,ODbL 1.0,DisGeNET,false
4771,DOID:1192,CC BY 4.0,DISEASES,false
2033,DOID:2174,CC BY 4.0,DISEASES,false
7099,DOID:9970,,DISEASES|DisGeNET,false
27436,DOID:1319,ODbL 1.0,DisGeNET,false
25855,DOID:1909,,DOAF,false
53358,DOID:3571,CC BY 4.0,DISEASES,false
24,DOID:9296,ODbL 1.0,DisGeNET,false
719,DOID:2841,ODbL 1.0,DisGeNET,false
4625,DOID:10763,ODbL 1.0,DisGeNET,false
5649,DOID:10652,,DISEASES|DisGeNET,false
8623,DOID:2531,ODbL 1.0,DisGeNET,false
3479,DOID:8398,CC BY 4.0,DISEASES,false
5142,DOID:2531,ODbL 1.0,DisGeNET,false
3577,DOID:1909,,DOAF,false
10040,DOID:10283,ODbL 1.0,DisGeNET,false
796,DOID:10283,ODbL 1.0,DisGeNET,false
9518,DOID:2355,ODbL 1.0,DisGeNET,false
775,DOID:3312,,DISEASES|DOAF|DisGeNET|GWAS Catalog,true
9021,DOID:1826,ODbL 1.0,DisGeNET,false
54106,DOID:12365,CC BY 4.0,DISEASES|DOAF,false
978,DOID:1612,ODbL 1.0,DisGeNET,false
5329,DOID:12849,ODbL 1.0,DisGeNET,false
55500,DOID:2986,ODbL 1.0,DisGeNET,false
23512,DOID:363,,DISEASES|DisGeNET,false
84909,DOID:11612,CC BY 4.0,GWAS Catalog,true
474,DOID:1319,,DISEASES|DisGeNET,false
4129,DOID:10652,CC BY 4.0,DISEASES,false
2147,DOID:2355,CC BY 4.0,DISEASES,false
924,DOID:2531,CC BY 4.0,DISEASES,false
590,DOID:1826,ODbL 1.0,DisGeNET,false
64127,DOID:2986,ODbL 1.0,DisGeNET,false
83879,DOID:9744,CC BY 4.0,GWAS Catalog,true
23462,DOID:3070,ODbL 1.0,DisGeNET,false
627,DOID:1192,CC BY 4.0,DISEASES,false
11200,DOID:10534,,DisGeNET|GWAS Catalog,true
55294,DOID:8850,ODbL 1.0,DisGeNET,false
1956,DOID:219,CC BY 4.0,DISEASES,false
4254,DOID:2355,CC BY 4.0,DISEASES,false
11317,DOID:5875,CC BY 4.0,DISEASES,false
1192,DOID:1612,ODbL 1.0,DisGeNET,false
23236,DOID:1826,CC BY 4.0,DISEASES,false
251,DOID:4989,CC BY 4.0,DISEASES,false
3458,DOID:1936,ODbL 1.0,DisGeNET,false
2305,DOID:1324,ODbL 1.0,DisGeNET,false
1003,DOID:1612,ODbL 1.0,DisGeNET,false
3458,DOID:12361,CC BY 4.0,DISEASES,false
7124,DOID:1686,ODbL 1.0,DOAF|DisGeNET,false
56946,DOID:11612,ODbL 1.0,DisGeNET,false
3418,DOID:3070,,DISEASES|DisGeNET,false
10109,DOID:8577,ODbL 1.0,DisGeNET,false
6605,DOID:3565,ODbL 1.0,DisGeNET,false
55227,DOID:1826,CC BY 4.0,DISEASES,false
5328,DOID:1612,,DISEASES|DisGeNET,false
3827,DOID:3070,CC BY 4.0,DISEASES,false
9832,DOID:1909,ODbL 1.0,DisGeNET,false
399694,DOID:10283,CC BY 4.0,DISEASES,false
6532,DOID:3083,,DOAF,false
207,DOID:3277,CC BY 4.0,DISEASES,false
3237,DOID:12849,ODbL 1.0,DisGeNET,false
8767,DOID:1024,CC BY 4.0,GWAS Catalog,true
3569,DOID:1612,,DISEASES|DisGeNET,false
9651,DOID:5419,CC BY 4.0,GWAS Catalog,true
10484,DOID:2355,CC BY 4.0,DISEASES,false
2475,DOID:9970,CC BY 4.0,DISEASES,false
923,DOID:2377,,DisGeNET|GWAS Catalog,true
79937,DOID:3312,CC BY 4.0,DISEASES,false
345,DOID:9744,ODbL 1.0,DisGeNET,false
4488,DOID:10763,ODbL 1.0,DisGeNET,false
1942,DOID:1612,ODbL 1.0,DisGeNET,false
1565,DOID:14330,,DISEASES|DisGeNET,false
1649,DOID:1612,ODbL 1.0,DisGeNET,false
3551,DOID:10763,ODbL 1.0,DisGeNET,false
948,DOID:2986,ODbL 1.0,DisGeNET,false
4519,DOID:9970,ODbL 1.0,DisGeNET,false
6580,DOID:2531,CC BY 4.0,DISEASES,false
9219,DOID:9074,ODbL 1.0,DisGeNET,false
7922,DOID:1612,CC BY 4.0,DISEASES,false
5650,DOID:3310,ODbL 1.0,DisGeNET,false
462,DOID:1936,CC BY 4.0,DISEASES,false
387,DOID:10763,,DISEASES|DisGeNET,false
3699,DOID:1094,CC BY 4.0,GWAS Catalog,true
2876,DOID:9970,ODbL 1.0,DisGeNET,false
7421,DOID:9744,ODbL 1.0,DisGeNET,false
79008,DOID:2355,CC BY 4.0,DISEASES,false
864,DOID:10534,ODbL 1.0,DisGeNET,false
2208,DOID:2841,CC BY 4.0,DISEASES,false
30816,DOID:635,CC BY 4.0,DISEASES,false
57636,DOID:11612,ODbL 1.0,DisGeNET,false
10857,DOID:2986,ODbL 1.0,DisGeNET,false
121278,DOID:1094,CC BY 4.0,DISEASES,false
2543,DOID:1793,ODbL 1.0,DisGeNET,false
22822,DOID:4159,CC BY 4.0,DISEASES,false
116966,DOID:3571,ODbL 1.0,DisGeNET,false
1557,DOID:10283,ODbL 1.0,DisGeNET,false
9444,DOID:5419,,DOAF,false
1493,DOID:12236,,DOAF,false
3358,DOID:9970,,DISEASES|DOAF|DisGeNET,false
8100,DOID:3571,ODbL 1.0,DisGeNET,false
55247,DOID:2986,ODbL 1.0,DisGeNET,false
1875,DOID:2174,CC BY 4.0,DISEASES,false
539,DOID:1459,CC BY 4.0,DISEASES,false
11188,DOID:10763,ODbL 1.0,DisGeNET,false
4023,DOID:3393,,DISEASES|DisGeNET,false
3356,DOID:14330,CC BY 4.0,DISEASES,false
7090,DOID:7148,ODbL 1.0,DisGeNET,false
943,DOID:0060073,CC BY 4.0,DISEASES,false
434,DOID:1909,ODbL 1.0,DisGeNET,false
11086,DOID:1612,CC BY 4.0,GWAS Catalog,true
9966,DOID:1024,CC BY 4.0,GWAS Catalog,true
3156,DOID:9352,ODbL 1.0,DisGeNET,false
467,DOID:1324,ODbL 1.0,DisGeNET,false
25932,DOID:10283,ODbL 1.0,DisGeNET,false
1244,DOID:12236,ODbL 1.0,DisGeNET,false
81570,DOID:1826,CC BY 4.0,DISEASES,false
440193,DOID:1612,CC BY 4.0,GWAS Catalog,true
672,DOID:2394,ODbL 1.0,DisGeNET,false
6348,DOID:2531,CC BY 4.0,DISEASES,false
4313,DOID:7148,ODbL 1.0,DisGeNET,false
120400,DOID:8577,CC BY 4.0,GWAS Catalog,true
6462,DOID:11714,,DOAF,false
8028,DOID:263,ODbL 1.0,DisGeNET,false
3816,DOID:4989,ODbL 1.0,DisGeNET,false
79694,DOID:11612,ODbL 1.0,DisGeNET,false
2762,DOID:1686,CC BY 4.0,GWAS Catalog,true
7015,DOID:1781,ODbL 1.0,DisGeNET,false
5599,DOID:1612,CC BY 4.0,DISEASES,false
6041,DOID:10283,,DISEASES|DisGeNET,false
9877,DOID:1612,,DisGeNET|GWAS Catalog,true
23327,DOID:10763,,DISEASES|DOAF|DisGeNET,false
2117,DOID:14221,CC BY 4.0,DISEASES,false
55240,DOID:2355,CC BY 4.0,DISEASES,false
2098,DOID:2174,CC BY 4.0,DISEASES,false
10159,DOID:14330,CC BY 4.0,DISEASES,false
5669,DOID:2994,CC BY 4.0,DISEASES,false
10013,DOID:1909,ODbL 1.0,DisGeNET,false
3480,DOID:3953,ODbL 1.0,DisGeNET,false
53947,DOID:2531,ODbL 1.0,DisGeNET,false
8942,DOID:2986,ODbL 1.0,DisGeNET,false
4507,DOID:2531,CC BY 4.0,DISEASES,false
5788,DOID:1115,CC BY 4.0,DISEASES,false
595,DOID:1612,,DISEASES|DisGeNET|GWAS Catalog,true
169026,DOID:2841,CC BY 4.0,GWAS Catalog,true
51752,DOID:8893,,DISEASES|DisGeNET|GWAS Catalog,true
867,DOID:2531,CC BY 4.0,DISEASES,false
3732,DOID:2394,ODbL 1.0,DisGeNET,false
3336,DOID:4362,CC BY 4.0,DISEASES,false
10898,DOID:8850,CC BY 4.0,DISEASES,false
3480,DOID:184,CC BY 4.0,DISEASES,false
3685,DOID:10763,ODbL 1.0,DisGeNET,false
6750,DOID:4989,,DISEASES|DisGeNET,false
4862,DOID:12849,ODbL 1.0,DisGeNET,false
54531,DOID:8850,ODbL 1.0,DisGeNET,false
1893,DOID:8577,ODbL 1.0,DisGeNET,false
8405,DOID:363,ODbL 1.0,DisGeNET,false
3358,DOID:6364,CC BY 4.0,DISEASES,false
2643,DOID:10763,ODbL 1.0,DisGeNET,false
2212,DOID:8577,,DisGeNET|GWAS Catalog,true
4286,DOID:175,CC BY 4.0,DISEASES,false
9211,DOID:3070,,DISEASES|DisGeNET,false
794,DOID:2394,CC BY 4.0,DISEASES,false
7042,DOID:3393,ODbL 1.0,DisGeNET,false
250,DOID:2355,CC BY 4.0,DISEASES,false
100507436,DOID:8577,,DOAF,false
3105,DOID:12849,ODbL 1.0,DisGeNET,false
10804,DOID:2531,CC BY 4.0,DISEASES,false
256471,DOID:1826,CC BY 4.0,DISEASES,false
1026,DOID:11054,ODbL 1.0,DisGeNET,false
7442,DOID:11054,ODbL 1.0,DisGeNET,false
5819,DOID:2994,CC BY 4.0,DISEASES,false
2315,DOID:2377,CC BY 4.0,GWAS Catalog,true
79632,DOID:1319,CC BY 4.0,DISEASES,false
7099,DOID:2043,,DOAF,false
93611,DOID:11612,ODbL 1.0,DisGeNET,false
5892,DOID:2394,ODbL 1.0,DisGeNET,false
5293,DOID:1793,CC BY 4.0,DISEASES,false
1268,DOID:1826,,DISEASES|DisGeNET,false
1538,DOID:9835,CC BY 4.0,DISEASES,false
847,DOID:2841,ODbL 1.0,DisGeNET,false
64324,DOID:8850,ODbL 1.0,DisGeNET,false
3458,DOID:2531,,DISEASES|DisGeNET,false
1594,DOID:2377,CC BY 4.0,DISEASES|GWAS Catalog,true
4208,DOID:5419,CC BY 4.0,GWAS Catalog,true
627,DOID:3312,,DISEASES|DOAF|DisGeNET,false
1029,DOID:3571,ODbL 1.0,DisGeNET,false
3458,DOID:12849,ODbL 1.0,DisGeNET,false
51714,DOID:2986,ODbL 1.0,DisGeNET,false
4602,DOID:8850,ODbL 1.0,DisGeNET,false
3663,DOID:2377,,DOAF,false
1045,DOID:11054,CC BY 4.0,DISEASES,false
2735,DOID:1319,CC BY 4.0,DISEASES,false
1845,DOID:1324,ODbL 1.0,DisGeNET,false
9732,DOID:12849,,DISEASES|DisGeNET,false
5617,DOID:5419,CC BY 4.0,DISEASES,false
4609,DOID:2377,CC BY 4.0,GWAS Catalog,true
947,DOID:2531,,DISEASES|DisGeNET,false
5409,DOID:10763,ODbL 1.0,DisGeNET,false
2247,DOID:11714,ODbL 1.0,DisGeNET,false
472,DOID:1826,ODbL 1.0,DisGeNET,false
23165,DOID:5408,,DisGeNET|GWAS Catalog,true
6188,DOID:1909,ODbL 1.0,DisGeNET,false
203228,DOID:332,CC BY 4.0,DISEASES|GWAS Catalog,true
8243,DOID:2531,ODbL 1.0,DisGeNET,false
5328,DOID:1826,ODbL 1.0,DisGeNET,false
2701,DOID:1936,CC BY 4.0,DISEASES|DOAF,false
7222,DOID:3312,ODbL 1.0,DisGeNET,false
4771,DOID:3565,,DISEASES|DOAF|DisGeNET,false
4282,DOID:10283,ODbL 1.0,DisGeNET,false
23204,DOID:10283,ODbL 1.0,DisGeNET,false
135,DOID:14330,CC BY 4.0,DISEASES,false
2175,DOID:11054,ODbL 1.0,DisGeNET,false
2072,DOID:2994,ODbL 1.0,DisGeNET,false
56729,DOID:3393,CC BY 4.0,DISEASES,false
4613,DOID:1192,,DISEASES|DisGeNET,false
4285,DOID:1324,CC BY 4.0,GWAS Catalog,true
7067,DOID:1459,CC BY 4.0,DISEASES,false
84441,DOID:8850,CC BY 4.0,DISEASES,false
11277,DOID:9074,ODbL 1.0,DisGeNET,false
2099,DOID:11476,,DISEASES|DOAF|DisGeNET,false
30001,DOID:2986,ODbL 1.0,DisGeNET,false
7157,DOID:7148,,DOAF,false
5507,DOID:9352,ODbL 1.0,DisGeNET,false
627,DOID:3310,,DOAF,false
3371,DOID:10763,ODbL 1.0,DisGeNET,false
7137,DOID:12930,,DISEASES|DisGeNET,false
3078,DOID:2986,ODbL 1.0,DisGeNET,false
7450,DOID:1936,CC BY 4.0,DISEASES,false
2590,DOID:14221,CC BY 4.0,GWAS Catalog,true
5445,DOID:9970,ODbL 1.0,DisGeNET,false
7200,DOID:2531,ODbL 1.0,DisGeNET,false
5754,DOID:594,CC BY 4.0,DISEASES,false
8091,DOID:11612,CC BY 4.0,GWAS Catalog,true
239,DOID:9970,ODbL 1.0,DisGeNET,false
4318,DOID:11054,CC BY 4.0,DISEASES,false
5291,DOID:3070,CC BY 4.0,DISEASES,false
862,DOID:2531,ODbL 1.0,DisGeNET,false
23583,DOID:1324,CC BY 4.0,DISEASES,false
2879,DOID:8778,CC BY 4.0,GWAS Catalog,true
10018,DOID:1909,,DOAF,false
4102,DOID:1909,CC BY 4.0,DISEASES|DOAF,false
2006,DOID:1686,CC BY 4.0,DISEASES,false
50943,DOID:7148,CC BY 4.0,DISEASES,false
64651,DOID:12930,ODbL 1.0,DisGeNET,false
1756,DOID:1826,ODbL 1.0,DisGeNET,false
4074,DOID:263,ODbL 1.0,DisGeNET,false
801,DOID:10763,CC BY 4.0,DISEASES,false
3592,DOID:3571,ODbL 1.0,DisGeNET,false
6850,DOID:7148,CC BY 4.0,DISEASES,false
1956,DOID:1612,,DISEASES|DisGeNET,false
2561,DOID:5419,CC BY 4.0,DISEASES|DOAF,false
28514,DOID:1612,ODbL 1.0,DisGeNET,false
5890,DOID:1612,,DisGeNET|GWAS Catalog,true
673,DOID:4159,CC BY 4.0,DISEASES,false
3673,DOID:2986,ODbL 1.0,DisGeNET,false
23081,DOID:1319,ODbL 1.0,DisGeNET,false
2944,DOID:12849,ODbL 1.0,DisGeNET,false
5159,DOID:10763,ODbL 1.0,DisGeNET,false
4312,DOID:1612,ODbL 1.0,DisGeNET,false
6558,DOID:1826,,DISEASES|DisGeNET,false
5293,DOID:3070,CC BY 4.0,DISEASES,false
10998,DOID:5419,CC BY 4.0,DISEASES,false
7422,DOID:1793,,DISEASES|DisGeNET,false
3560,DOID:7148,,DISEASES|DisGeNET,false
1636,DOID:2986,,DISEASES|DOAF|DisGeNET,false
286530,DOID:2531,CC BY 4.0,DISEASES,false
6208,DOID:2355,CC BY 4.0,DISEASES,false
142,DOID:9970,ODbL 1.0,DisGeNET,false
4312,DOID:2986,ODbL 1.0,DisGeNET,false
586,DOID:2986,ODbL 1.0,DisGeNET,false
5454,DOID:1909,CC BY 4.0,DISEASES|DOAF,false
26579,DOID:10283,CC BY 4.0,GWAS Catalog,true
1071,DOID:9970,,DOAF,false
5290,DOID:2394,,DISEASES|DisGeNET,false
81839,DOID:9835,CC BY 4.0,DISEASES,false
2069,DOID:2986,ODbL 1.0,DisGeNET,false
10320,DOID:2531,,DISEASES|DisGeNET|GWAS Catalog,true
4018,DOID:1936,,DISEASES|DisGeNET,false
23209,DOID:8850,ODbL 1.0,DisGeNET,false
1645,DOID:11612,ODbL 1.0,DisGeNET,false
3855,DOID:12236,ODbL 1.0,DisGeNET,false
11178,DOID:5041,ODbL 1.0,DisGeNET,false
959,DOID:12236,CC BY 4.0,DISEASES,false
8848,DOID:1319,CC BY 4.0,DISEASES,false
8863,DOID:2531,ODbL 1.0,DisGeNET,false
2806,DOID:2043,CC BY 4.0,DISEASES,false
7001,DOID:5041,ODbL 1.0,DisGeNET,false
5294,DOID:1319,ODbL 1.0,DisGeNET,false
23095,DOID:1192,,DISEASES|DisGeNET,false
207,DOID:11934,CC BY 4.0,DISEASES,false
5453,DOID:7148,,DISEASES|DisGeNET|GWAS Catalog,true
10804,DOID:1826,ODbL 1.0,DisGeNET,false
1361,DOID:11612,,DOAF,false
896,DOID:2531,CC BY 4.0,DISEASES,false
6569,DOID:585,CC BY 4.0,DISEASES,false
9378,DOID:12849,,DISEASES|DOAF|DisGeNET,false
10397,DOID:10283,ODbL 1.0,DisGeNET,false
3593,DOID:3070,ODbL 1.0,DisGeNET,false
6572,DOID:10652,CC BY 4.0,DISEASES,false
23308,DOID:8577,,DisGeNET|GWAS Catalog,true
23643,DOID:3083,CC BY 4.0,DISEASES,false
9476,DOID:1324,CC BY 4.0,DISEASES,false
118,DOID:10763,,DISEASES|DOAF|DisGeNET,false
1950,DOID:10283,,DISEASES|DisGeNET,false
5172,DOID:10283,ODbL 1.0,DisGeNET,false
27306,DOID:11054,CC BY 4.0,DISEASES,false
3596,DOID:3083,,DOAF,false
288,DOID:1826,ODbL 1.0,DisGeNET,false
1638,DOID:12306,CC BY 4.0,DISEASES,false
4193,DOID:184,CC BY 4.0,DISEASES,false
7153,DOID:2531,ODbL 1.0,DisGeNET,false
6530,DOID:10763,ODbL 1.0,DisGeNET,false
4298,DOID:1024,CC BY 4.0,DISEASES,false
800,DOID:175,CC BY 4.0,DISEASES,false
29126,DOID:1324,CC BY 4.0,DISEASES,false
51133,DOID:11119,CC BY 4.0,DISEASES,false
950,DOID:9970,CC BY 4.0,DISEASES,false
5663,DOID:2986,ODbL 1.0,DisGeNET,false
23644,DOID:14221,CC BY 4.0,GWAS Catalog,true
70,DOID:10763,ODbL 1.0,DisGeNET,false
4233,DOID:184,ODbL 1.0,DisGeNET,false
7185,DOID:9074,,DOAF,false
80332,DOID:3083,,DOAF,false
91,DOID:1793,ODbL 1.0,DisGeNET,false
255239,DOID:0050742,CC BY 4.0,DISEASES,false
54806,DOID:12849,ODbL 1.0,DisGeNET,false
6347,DOID:418,,DOAF,false
207,DOID:9970,,DISEASES|DisGeNET,false
9607,DOID:9970,,DISEASES|DOAF|DisGeNET,false
5970,DOID:9206,ODbL 1.0,DisGeNET,false
5468,DOID:14221,,DISEASES|DisGeNET,false
2057,DOID:1909,ODbL 1.0,DisGeNET,false
4846,DOID:1936,,DISEASES|DOAF|DisGeNET,false
115265,DOID:1909,ODbL 1.0,DisGeNET,false
3569,DOID:4606,ODbL 1.0,DisGeNET,false
5100,DOID:10283,ODbL 1.0,DisGeNET,false
7124,DOID:7147,CC BY 4.0,DISEASES|DOAF,false
2033,DOID:10763,ODbL 1.0,DisGeNET,false
11255,DOID:8986,CC BY 4.0,DISEASES,false
2131,DOID:12849,ODbL 1.0,DisGeNET,false
23386,DOID:3571,ODbL 1.0,DisGeNET,false
7398,DOID:2355,CC BY 4.0,DISEASES,false
2688,DOID:9970,ODbL 1.0,DisGeNET,false
203611,DOID:14227,CC BY 4.0,DISEASES,false
1363,DOID:9970,,DISEASES|DisGeNET,false
210,DOID:3565,ODbL 1.0,DisGeNET,false
3565,DOID:2841,,DISEASES|DOAF|DisGeNET,false
27242,DOID:10283,ODbL 1.0,DisGeNET,false
56603,DOID:9970,ODbL 1.0,DisGeNET,false
7257,DOID:5419,CC BY 4.0,DISEASES,false
121278,DOID:594,,DOAF,false
2796,DOID:10763,ODbL 1.0,DisGeNET,false
9415,DOID:7148,CC BY 4.0,GWAS Catalog,true
120224,DOID:1612,CC BY 4.0,GWAS Catalog,true
2911,DOID:1826,,DISEASES|DisGeNET,false
1143,DOID:0050742,CC BY 4.0,DISEASES,false
1843,DOID:3393,ODbL 1.0,DisGeNET,false
7941,DOID:2986,ODbL 1.0,DisGeNET,false
6608,DOID:184,ODbL 1.0,DisGeNET,false
55163,DOID:1826,,DISEASES|DisGeNET,false
6751,DOID:1793,ODbL 1.0,DisGeNET,false
958,DOID:9970,ODbL 1.0,DisGeNET,false
3704,DOID:2355,,DISEASES|DisGeNET,false
7099,DOID:7148,CC BY 4.0,DISEASES|DOAF,false
55829,DOID:1324,ODbL 1.0,DisGeNET,false
5243,DOID:1324,,DISEASES|DisGeNET,false
3265,DOID:11934,CC BY 4.0,DISEASES,false
4099,DOID:5419,,DOAF,false
23078,DOID:12849,ODbL 1.0,DisGeNET,false
7873,DOID:1793,ODbL 1.0,DisGeNET,false
920,DOID:10608,CC BY 4.0,DISEASES,false
836,DOID:3393,CC BY 4.0,DISEASES,false
4843,DOID:824,,DOAF,false
10015,DOID:2986,ODbL 1.0,DisGeNET,false
2100,DOID:11476,,DISEASES|DisGeNET,false
55720,DOID:3277,CC BY 4.0,DISEASES,false
221692,DOID:3393,,DisGeNET|GWAS Catalog,true
2940,DOID:1612,CC BY 4.0,DISEASES,false
2195,DOID:5041,ODbL 1.0,DisGeNET,false
925,DOID:2043,CC BY 4.0,DISEASES,false
1036,DOID:9352,ODbL 1.0,DisGeNET,false
23583,DOID:3393,CC BY 4.0,DISEASES,false
836,DOID:10283,CC BY 4.0,DISEASES,false
3845,DOID:1909,CC BY 4.0,DISEASES,false
3590,DOID:2986,ODbL 1.0,DisGeNET,false
79818,DOID:2531,CC BY 4.0,DISEASES,false
10678,DOID:7148,,DisGeNET|GWAS Catalog,true
2740,DOID:9352,CC BY 4.0,DISEASES,false
5795,DOID:219,ODbL 1.0,DisGeNET,false
27286,DOID:1826,CC BY 4.0,DISEASES,false
4852,DOID:5419,,DOAF,false
3725,DOID:1612,,DISEASES|DisGeNET,false
142,DOID:2841,ODbL 1.0,DisGeNET,false
5291,DOID:3571,CC BY 4.0,DISEASES,false
3600,DOID:2377,CC BY 4.0,DISEASES,false
27340,DOID:0050741,CC BY 4.0,GWAS Catalog,true
81876,DOID:3393,ODbL 1.0,DisGeNET,false
25,DOID:5041,ODbL 1.0,DisGeNET,false
84365,DOID:2355,CC BY 4.0,DISEASES,false
3371,DOID:1909,ODbL 1.0,DOAF|DisGeNET,false
84894,DOID:2377,CC BY 4.0,DISEASES,false
2562,DOID:1826,,DISEASES|DOAF|DisGeNET,false
1795,DOID:10652,CC BY 4.0,DISEASES,false
6606,DOID:332,CC BY 4.0,DISEASES,false
5743,DOID:1781,ODbL 1.0,DisGeNET,false
3162,DOID:3571,ODbL 1.0,DisGeNET,false
249,DOID:4989,CC BY 4.0,DISEASES,false
51592,DOID:1781,ODbL 1.0,DisGeNET,false
251,DOID:14268,CC BY 4.0,DISEASES,false
1612,DOID:1319,ODbL 1.0,DisGeNET,false
5423,DOID:11054,ODbL 1.0,DisGeNET,false
3290,DOID:14221,,DISEASES|DisGeNET,false
4128,DOID:3312,CC BY 4.0,DISEASES|DOAF,false
7157,DOID:4362,,DISEASES|DisGeNET,false
4155,DOID:1826,ODbL 1.0,DisGeNET,false
5315,DOID:11476,ODbL 1.0,DisGeNET,false
64222,DOID:12849,CC BY 4.0,DISEASES,false
25791,DOID:5419,CC BY 4.0,GWAS Catalog,true
9212,DOID:2986,ODbL 1.0,DisGeNET,false
4008,DOID:9744,CC BY 4.0,GWAS Catalog,true
6745,DOID:2986,ODbL 1.0,DisGeNET,false
5179,DOID:14330,CC BY 4.0,DISEASES,false
81572,DOID:3571,ODbL 1.0,DisGeNET,false
1113,DOID:1781,CC BY 4.0,DISEASES,false
4193,DOID:4989,ODbL 1.0,DisGeNET,false
79017,DOID:2986,ODbL 1.0,DisGeNET,false
1019,DOID:1319,ODbL 1.0,DisGeNET,false
723961,DOID:11612,ODbL 1.0,DisGeNET,false
2561,DOID:1826,CC BY 4.0,DISEASES,false
9370,DOID:784,ODbL 1.0,DisGeNET,false
27145,DOID:2841,CC BY 4.0,DISEASES,false
1312,DOID:9970,,DOAF,false
9429,DOID:1612,,DISEASES|DisGeNET,false
28984,DOID:3393,ODbL 1.0,DisGeNET,false
5591,DOID:8850,ODbL 1.0,DisGeNET,false
1029,DOID:1319,ODbL 1.0,DisGeNET,false
54715,DOID:12849,,DISEASES|DisGeNET,false
56776,DOID:263,ODbL 1.0,DisGeNET,false
134430,DOID:2841,,DisGeNET|GWAS Catalog,true
2146,DOID:2986,ODbL 1.0,DisGeNET,false
9370,DOID:9970,,DISEASES|DOAF|DisGeNET,false
5223,DOID:1324,ODbL 1.0,DisGeNET,false
2014,DOID:10283,ODbL 1.0,DisGeNET,false
3606,DOID:1826,ODbL 1.0,DisGeNET,false
353,DOID:585,CC BY 4.0,DISEASES,false
1555,DOID:784,ODbL 1.0,DisGeNET,false
90527,DOID:1459,CC BY 4.0,DISEASES,false
9445,DOID:10763,ODbL 1.0,DisGeNET,false
4627,DOID:784,,DISEASES|DisGeNET,false
54982,DOID:1826,,DISEASES|DisGeNET,false
5294,DOID:1612,CC BY 4.0,DISEASES,false
3375,DOID:9352,,DISEASES|DisGeNET,false
6855,DOID:4159,CC BY 4.0,DISEASES,false
5551,DOID:9744,ODbL 1.0,DisGeNET,false
4763,DOID:1192,,DISEASES|DisGeNET,false
864,DOID:8893,ODbL 1.0,DisGeNET,false
348980,DOID:1826,,DISEASES|DisGeNET,false
65264,DOID:3393,CC BY 4.0,GWAS Catalog,true
5599,DOID:14330,CC BY 4.0,DISEASES,false
2668,DOID:14330,ODbL 1.0,DisGeNET,false
2066,DOID:1909,ODbL 1.0,DisGeNET,false
1728,DOID:9970,ODbL 1.0,DisGeNET,false
3484,DOID:9744,CC BY 4.0,DISEASES,false
5245,DOID:1612,ODbL 1.0,DisGeNET,false
197,DOID:1826,CC BY 4.0,DISEASES,false
5350,DOID:9352,ODbL 1.0,DisGeNET,false
2941,DOID:3571,CC BY 4.0,DISEASES,false
441151,DOID:11612,ODbL 1.0,DisGeNET,false
85476,DOID:332,CC BY 4.0,DISEASES,false
50943,DOID:2841,CC BY 4.0,DISEASES|DOAF,false
55722,DOID:8577,CC BY 4.0,GWAS Catalog,true
920,DOID:1909,CC BY 4.0,DISEASES,false
3958,DOID:3070,ODbL 1.0,DisGeNET,false
5290,DOID:1612,,DISEASES|DisGeNET,false
639,DOID:2531,CC BY 4.0,DISEASES,false
10135,DOID:11612,CC BY 4.0,DISEASES|DOAF,false
4879,DOID:9352,ODbL 1.0,DisGeNET,false
5646,DOID:4989,CC BY 4.0,DISEASES|DOAF,false
91752,DOID:5419,CC BY 4.0,DISEASES|DOAF|GWAS Catalog,true
2033,DOID:1094,CC BY 4.0,DISEASES,false
2313,DOID:1319,ODbL 1.0,DisGeNET,false
121256,DOID:2531,CC BY 4.0,DISEASES,false
8797,DOID:2355,ODbL 1.0,DisGeNET,false
960,DOID:1909,,DOAF,false
8572,DOID:11612,ODbL 1.0,DisGeNET,false
9861,DOID:9352,,DisGeNET|GWAS Catalog,true
1268,DOID:4989,ODbL 1.0,DisGeNET,false
79934,DOID:13378,CC BY 4.0,GWAS Catalog,true
6672,DOID:2531,CC BY 4.0,DISEASES,false
6288,DOID:7148,CC BY 4.0,DISEASES,false
29949,DOID:9744,ODbL 1.0,DisGeNET,false
84062,DOID:5419,CC BY 4.0,DISEASES|DOAF,false
7052,DOID:1319,ODbL 1.0,DisGeNET,false
948,DOID:9970,,DISEASES|DisGeNET,false
356,DOID:1936,ODbL 1.0,DisGeNET,false
590,DOID:1192,ODbL 1.0,DisGeNET,false
4214,DOID:1612,,DISEASES|DisGeNET|GWAS Catalog,true
10891,DOID:9352,ODbL 1.0,DisGeNET,false
388566,DOID:332,CC BY 4.0,DISEASES,false
5144,DOID:10283,ODbL 1.0,DisGeNET,false
2956,DOID:363,,DISEASES|DisGeNET,false
6202,DOID:1612,ODbL 1.0,DisGeNET,false
2064,DOID:4606,ODbL 1.0,DisGeNET,false
8629,DOID:1826,ODbL 1.0,DisGeNET,false
10891,DOID:10763,,DOAF,false
5241,DOID:13223,CC BY 4.0,DISEASES|DOAF,false
4828,DOID:9970,ODbL 1.0,DisGeNET,false
7298,DOID:1324,CC BY 4.0,DISEASES,false
7345,DOID:1324,ODbL 1.0,DisGeNET,false
1745,DOID:12849,ODbL 1.0,DisGeNET,false
438,DOID:3070,CC BY 4.0,DISEASES,false
2879,DOID:3393,CC BY 4.0,DISEASES,false
84660,DOID:14330,CC BY 4.0,DISEASES,false
3816,DOID:3393,ODbL 1.0,DisGeNET,false
5444,DOID:14221,,DISEASES|DisGeNET,false
7097,DOID:4989,ODbL 1.0,DisGeNET,false
466,DOID:1115,CC BY 4.0,DISEASES|DOAF,false
1401,DOID:10871,,DOAF,false
9988,DOID:216,CC BY 4.0,DISEASES,false
84519,DOID:10283,ODbL 1.0,DisGeNET,false
1609,DOID:14330,CC BY 4.0,GWAS Catalog,true
783,DOID:1595,CC BY 4.0,GWAS Catalog,true
1029,DOID:2043,,DOAF,false
1806,DOID:5419,CC BY 4.0,GWAS Catalog,true
5295,DOID:2531,ODbL 1.0,DisGeNET,false
4684,DOID:2531,CC BY 4.0,DISEASES,false
2065,DOID:3083,ODbL 1.0,DisGeNET,false
79258,DOID:2377,CC BY 4.0,GWAS Catalog,true
8842,DOID:1324,CC BY 4.0,DISEASES,false
80323,DOID:1094,CC BY 4.0,GWAS Catalog,true
200931,DOID:11476,CC BY 4.0,DISEASES,false
829,DOID:5041,ODbL 1.0,DisGeNET,false
2033,DOID:8850,ODbL 1.0,DisGeNET,false
959,DOID:12365,CC BY 4.0,DISEASES,false
6531,DOID:0050741,CC BY 4.0,DISEASES,false
10413,DOID:11934,ODbL 1.0,DisGeNET,false
5617,DOID:1459,CC BY 4.0,DISEASES,false
5332,DOID:1909,ODbL 1.0,DisGeNET,false
1846,DOID:1826,CC BY 4.0,DISEASES,false
729238,DOID:9970,ODbL 1.0,DisGeNET,false
136259,DOID:4159,CC BY 4.0,GWAS Catalog,true
597,DOID:5041,ODbL 1.0,DisGeNET,false
4668,DOID:1826,CC BY 4.0,DISEASES,false
51501,DOID:10534,ODbL 1.0,DisGeNET,false
4588,DOID:10534,,DISEASES|DisGeNET,false
6447,DOID:1319,ODbL 1.0,DisGeNET,false
56980,DOID:1319,CC BY 4.0,DISEASES,false
2289,DOID:1595,CC BY 4.0,DISEASES,false
4154,DOID:2986,ODbL 1.0,DisGeNET,false
2006,DOID:3083,CC BY 4.0,DISEASES|DOAF,false
56475,DOID:5041,ODbL 1.0,DisGeNET,false
8288,DOID:2841,CC BY 4.0,DISEASES,false
367,DOID:9352,ODbL 1.0,DisGeNET,false
30009,DOID:2377,CC BY 4.0,DISEASES,false
7040,DOID:10763,,DISEASES|DOAF|DisGeNET,false
5744,DOID:1324,ODbL 1.0,DisGeNET,false
9672,DOID:9970,ODbL 1.0,DisGeNET,false
2835,DOID:9970,ODbL 1.0,DisGeNET,false
6648,DOID:14330,ODbL 1.0,DisGeNET,false
56729,DOID:9970,CC BY 4.0,DISEASES|DOAF,false
259266,DOID:10871,CC BY 4.0,DISEASES,false
2912,DOID:5419,CC BY 4.0,DISEASES,false
23671,DOID:10283,ODbL 1.0,DisGeNET,false
2322,DOID:2531,,DISEASES|DisGeNET,false
6648,DOID:1319,ODbL 1.0,DisGeNET,false
1131,DOID:585,CC BY 4.0,DISEASES,false
8878,DOID:332,,DISEASES|DisGeNET,false
9230,DOID:1993,CC BY 4.0,DISEASES,false
9379,DOID:5612,CC BY 4.0,DISEASES,false
5307,DOID:12849,ODbL 1.0,DisGeNET,false
9370,DOID:9352,,DISEASES|DisGeNET,false
7076,DOID:3393,CC BY 4.0,DISEASES,false
959,DOID:2986,CC BY 4.0,DISEASES,false
950,DOID:1936,CC BY 4.0,DISEASES,false
93986,DOID:8850,ODbL 1.0,DisGeNET,false
6527,DOID:9352,CC BY 4.0,DISEASES,false
8893,DOID:1324,ODbL 1.0,DisGeNET,false
1910,DOID:2841,ODbL 1.0,DisGeNET,false
83483,DOID:2531,CC BY 4.0,DISEASES,false
673,DOID:3571,ODbL 1.0,DisGeNET,false
741,DOID:1612,CC BY 4.0,DISEASES,false
207,DOID:3393,CC BY 4.0,DISEASES,false
6441,DOID:3083,,DISEASES|DOAF|DisGeNET|GWAS Catalog,true
2065,DOID:1324,CC BY 4.0,DISEASES,false
4613,DOID:8850,ODbL 1.0,DisGeNET,false
3553,DOID:12361,,DOAF,false
10,DOID:11934,,DOAF,false
3265,DOID:1192,ODbL 1.0,DisGeNET,false
22829,DOID:12849,,DOAF,false
4645,DOID:3571,ODbL 1.0,DisGeNET,false
3157,DOID:9970,ODbL 1.0,DisGeNET,false
94241,DOID:9352,CC BY 4.0,GWAS Catalog,true
7415,DOID:5408,CC BY 4.0,DISEASES|DOAF,false
64321,DOID:10941,CC BY 4.0,GWAS Catalog,true
10516,DOID:10283,ODbL 1.0,DisGeNET,false
207,DOID:1612,,DISEASES|DisGeNET,false
4978,DOID:2394,ODbL 1.0,DisGeNET,false
57030,DOID:1826,CC BY 4.0,DISEASES,false
949,DOID:1936,CC BY 4.0,DISEASES|DOAF,false
7494,DOID:3070,ODbL 1.0,DisGeNET,false
2913,DOID:1909,ODbL 1.0,DisGeNET,false
151647,DOID:1612,ODbL 1.0,DisGeNET,false
3791,DOID:1324,CC BY 4.0,DISEASES,false
6781,DOID:784,CC BY 4.0,GWAS Catalog,true
79879,DOID:3571,ODbL 1.0,DisGeNET,false
7124,DOID:12365,,DISEASES|DOAF|DisGeNET,false
4159,DOID:8850,CC BY 4.0,DISEASES,false
3565,DOID:2377,CC BY 4.0,DISEASES,false
7099,DOID:1909,ODbL 1.0,DisGeNET,false
6441,DOID:7148,CC BY 4.0,GWAS Catalog,true
6522,DOID:12236,ODbL 1.0,DisGeNET,false
5054,DOID:3571,ODbL 1.0,DisGeNET,false
729230,DOID:2986,ODbL 1.0,DisGeNET,false
958,DOID:1936,,DISEASES|DisGeNET,false
1910,DOID:9352,ODbL 1.0,DisGeNET,false
4317,DOID:0060119,CC BY 4.0,DISEASES,false
1571,DOID:9970,ODbL 1.0,DisGeNET,false
1281,DOID:14221,ODbL 1.0,DisGeNET,false
1977,DOID:12849,ODbL 1.0,DisGeNET,false
11200,DOID:1612,,DISEASES|DisGeNET,false
3312,DOID:5419,,DOAF,false
6528,DOID:1781,,DISEASES|DisGeNET,false
6517,DOID:9970,CC BY 4.0,DISEASES,false
2246,DOID:3393,,DISEASES|DisGeNET,false
5518,DOID:10534,ODbL 1.0,DisGeNET,false
8631,DOID:2394,,DisGeNET|GWAS Catalog,true
10267,DOID:6364,CC BY 4.0,DISEASES,false
3265,DOID:4989,CC BY 4.0,DISEASES,false
581,DOID:10652,ODbL 1.0,DisGeNET,false
857,DOID:1612,,DISEASES|DisGeNET,false
6303,DOID:9970,ODbL 1.0,DisGeNET,false
4068,DOID:2531,CC BY 4.0,DISEASES,false
5243,DOID:5041,ODbL 1.0,DisGeNET,false
348180,DOID:9835,CC BY 4.0,DISEASES,false
51491,DOID:3571,ODbL 1.0,DisGeNET,false
5037,DOID:5419,,DOAF,false
5793,DOID:10534,ODbL 1.0,DisGeNET,false
10628,DOID:10534,ODbL 1.0,DisGeNET,false
2977,DOID:1612,ODbL 1.0,DisGeNET,false
7341,DOID:2531,CC BY 4.0,DISEASES,false
91543,DOID:3393,ODbL 1.0,DisGeNET,false
1437,DOID:3393,ODbL 1.0,DisGeNET,false
100,DOID:2355,CC BY 4.0,DISEASES,false
27299,DOID:2986,ODbL 1.0,DisGeNET,false
1543,DOID:11612,,DOAF,false
6209,DOID:10534,ODbL 1.0,DisGeNET,false
1103,DOID:10652,,DISEASES|DOAF|DisGeNET,false
752014,DOID:3277,CC BY 4.0,DISEASES,false
8379,DOID:3312,CC BY 4.0,GWAS Catalog,true
5806,DOID:2986,ODbL 1.0,DisGeNET,false
11093,DOID:8398,CC BY 4.0,DISEASES,false
6343,DOID:10021,CC BY 4.0,DISEASES,false
5940,DOID:14227,CC BY 4.0,DISEASES,false
353143,DOID:8893,,DISEASES|DOAF|DisGeNET,false
1486,DOID:10763,CC BY 4.0,DISEASES,false
2697,DOID:10283,ODbL 1.0,DisGeNET,false
6774,DOID:9970,CC BY 4.0,DISEASES|DOAF,false
219790,DOID:7148,CC BY 4.0,GWAS Catalog,true
22943,DOID:11476,CC BY 4.0,DISEASES,false
10457,DOID:2986,ODbL 1.0,DisGeNET,false
7124,DOID:1612,ODbL 1.0,DisGeNET,false
51754,DOID:0060119,CC BY 4.0,DISEASES,false
29946,DOID:332,CC BY 4.0,DISEASES,false
8086,DOID:7693,CC BY 4.0,DISEASES,false
488,DOID:1826,ODbL 1.0,DisGeNET,false
5291,DOID:9970,CC BY 4.0,DISEASES,false
25817,DOID:1793,CC BY 4.0,GWAS Catalog,true
8678,DOID:3393,ODbL 1.0,DisGeNET,false
4843,DOID:12365,ODbL 1.0,DOAF|DisGeNET,false
959,DOID:10763,,DISEASES|DisGeNET,false
3976,DOID:11612,ODbL 1.0,DisGeNET,false
10553,DOID:2174,CC BY 4.0,DISEASES,false
57544,DOID:3565,CC BY 4.0,DISEASES,false
6768,DOID:10283,ODbL 1.0,DisGeNET,false
55212,DOID:9970,CC BY 4.0,DISEASES,false
631,DOID:4159,CC BY 4.0,DISEASES,false
3553,DOID:10976,ODbL 1.0,DisGeNET,false
7040,DOID:14221,ODbL 1.0,DisGeNET,false
8829,DOID:10283,ODbL 1.0,DisGeNET,false
3627,DOID:3393,ODbL 1.0,DisGeNET,false
10253,DOID:9352,CC BY 4.0,GWAS Catalog,true
54363,DOID:10283,ODbL 1.0,DisGeNET,false
55252,DOID:11054,ODbL 1.0,DisGeNET,false
7184,DOID:3393,CC BY 4.0,GWAS Catalog,true
5594,DOID:10534,ODbL 1.0,DisGeNET,false
221074,DOID:1909,ODbL 1.0,DisGeNET,false
2200,DOID:10763,ODbL 1.0,DisGeNET,false
9526,DOID:9835,CC BY 4.0,DISEASES,false
9365,DOID:3083,CC BY 4.0,DISEASES,false
5478,DOID:1826,ODbL 1.0,DisGeNET,false
7367,DOID:10283,ODbL 1.0,DisGeNET,false
3930,DOID:12236,CC BY 4.0,DISEASES,false
2597,DOID:11476,ODbL 1.0,DisGeNET,false
1410,DOID:12930,CC BY 4.0,DISEASES,false
7099,DOID:8577,CC BY 4.0,DISEASES|DOAF,false
6423,DOID:263,ODbL 1.0,DisGeNET,false
2275,DOID:1319,CC BY 4.0,DISEASES,false
3516,DOID:7148,,DISEASES|DisGeNET|GWAS Catalog,true
11345,DOID:332,CC BY 4.0,DISEASES,false
5071,DOID:1024,ODbL 1.0,DisGeNET,false
4004,DOID:1192,CC BY 4.0,DISEASES|GWAS Catalog,true
10628,DOID:263,ODbL 1.0,DisGeNET,false
3399,DOID:10283,ODbL 1.0,DisGeNET,false
10370,DOID:184,ODbL 1.0,DisGeNET,false
10758,DOID:9008,,DisGeNET|GWAS Catalog,true
23563,DOID:219,CC BY 4.0,DISEASES,false
9342,DOID:5419,CC BY 4.0,DISEASES,false
7037,DOID:3393,ODbL 1.0,DisGeNET,false
84342,DOID:9835,CC BY 4.0,DISEASES,false
284,DOID:3393,ODbL 1.0,DisGeNET,false
952,DOID:9744,ODbL 1.0,DisGeNET,false
783,DOID:1094,CC BY 4.0,GWAS Catalog,true
4585,DOID:263,ODbL 1.0,DisGeNET,false
4846,DOID:7148,,DOAF,false
5241,DOID:11612,ODbL 1.0,DisGeNET,false
55608,DOID:2986,ODbL 1.0,DisGeNET,false
5697,DOID:9970,,DISEASES|DOAF|DisGeNET,false
84364,DOID:10534,ODbL 1.0,DisGeNET,false
2185,DOID:1909,ODbL 1.0,DisGeNET,false
1137,DOID:1094,CC BY 4.0,DISEASES,false
9570,DOID:1826,CC BY 4.0,DISEASES,false
139628,DOID:1192,ODbL 1.0,DisGeNET,false
6361,DOID:3310,,DISEASES|DOAF|DisGeNET,false
2566,DOID:1826,,DISEASES|DOAF|DisGeNET,false
23302,DOID:3571,ODbL 1.0,DisGeNET,false
2952,DOID:3393,,DOAF,false
602,DOID:2531,CC BY 4.0,DISEASES,false
8405,DOID:10283,ODbL 1.0,DisGeNET,false
8743,DOID:1793,ODbL 1.0,DisGeNET,false
9379,DOID:12849,CC BY 4.0,DISEASES,false
1138,DOID:3083,,DOAF,false
5457,DOID:1686,CC BY 4.0,DISEASES,false
3557,DOID:10283,ODbL 1.0,DisGeNET,false
4282,DOID:8577,,DOAF,false
55699,DOID:2986,ODbL 1.0,DisGeNET,false
2670,DOID:1826,,DISEASES|DisGeNET,false
100506742,DOID:4989,ODbL 1.0,DisGeNET,false
596,DOID:11934,ODbL 1.0,DisGeNET,false
88,DOID:12930,CC BY 4.0,DISEASES,false
79047,DOID:9970,,DISEASES|DisGeNET,false
1013,DOID:11612,ODbL 1.0,DisGeNET,false
5286,DOID:5419,CC BY 4.0,GWAS Catalog,true
738,DOID:3393,CC BY 4.0,DISEASES,false
23534,DOID:12236,CC BY 4.0,GWAS Catalog,true
2167,DOID:14221,CC BY 4.0,DISEASES,false
3953,DOID:1612,ODbL 1.0,DisGeNET,false
7124,DOID:11054,ODbL 1.0,DisGeNET,false
84709,DOID:7148,ODbL 1.0,DisGeNET,false
7128,DOID:418,CC BY 4.0,GWAS Catalog,true
9162,DOID:5419,CC BY 4.0,GWAS Catalog,true
251,DOID:2355,CC BY 4.0,DISEASES,false
54474,DOID:11239,CC BY 4.0,DISEASES,false
4542,DOID:2986,ODbL 1.0,DisGeNET,false
6663,DOID:1909,CC BY 4.0,DISEASES|DOAF,false
8028,DOID:1909,ODbL 1.0,DisGeNET,false
1435,DOID:418,ODbL 1.0,DisGeNET,false
3798,DOID:7148,ODbL 1.0,DisGeNET,false
3350,DOID:594,,DISEASES|DOAF|DisGeNET,false
22914,DOID:1909,ODbL 1.0,DisGeNET,false
5328,DOID:784,ODbL 1.0,DisGeNET,false
79991,DOID:0050156,ODbL 1.0,DisGeNET,false
3562,DOID:2355,,DISEASES|DisGeNET,false
54796,DOID:2394,ODbL 1.0,DisGeNET,false
367,DOID:11714,ODbL 1.0,DisGeNET,false
1565,DOID:1595,CC BY 4.0,DISEASES,false
60312,DOID:1686,CC BY 4.0,GWAS Catalog,true
23112,DOID:13223,CC BY 4.0,GWAS Catalog,true
1071,DOID:3393,,DISEASES|DOAF|DisGeNET,false
84295,DOID:1826,CC BY 4.0,DISEASES,false
2678,DOID:12236,CC BY 4.0,DISEASES,false
177,DOID:9352,ODbL 1.0,DisGeNET,false
4846,DOID:14221,,DISEASES|DisGeNET,false
1282,DOID:1312,ODbL 1.0,DisGeNET,false
6495,DOID:1686,CC BY 4.0,DISEASES,false
4316,DOID:10283,,DisGeNET|GWAS Catalog,true
56890,DOID:3312,CC BY 4.0,GWAS Catalog,true
6787,DOID:2986,ODbL 1.0,DisGeNET,false
3162,DOID:3083,ODbL 1.0,DisGeNET,false
2304,DOID:1781,CC BY 4.0,DISEASES|GWAS Catalog,true
6462,DOID:11612,CC BY 4.0,DISEASES|DOAF,false
4856,DOID:1115,,DOAF,false
2706,DOID:2531,CC BY 4.0,DISEASES,false
7124,DOID:3571,ODbL 1.0,DisGeNET,false
207,DOID:5419,,DOAF,false
7161,DOID:1909,,DOAF,false
6400,DOID:8577,CC BY 4.0,DISEASES,false
4314,DOID:90,CC BY 4.0,DISEASES,false
1200,DOID:10652,ODbL 1.0,DisGeNET,false
2626,DOID:10763,ODbL 1.0,DisGeNET,false
6103,DOID:10871,ODbL 1.0,DisGeNET,false
3199,DOID:10534,ODbL 1.0,DisGeNET,false
6598,DOID:1115,,DOAF,false
1329,DOID:3393,ODbL 1.0,DisGeNET,false
1636,DOID:5419,,DOAF,false
6347,DOID:7693,ODbL 1.0,DisGeNET,false
7276,DOID:10652,CC BY 4.0,DISEASES|DOAF,false
5742,DOID:8577,ODbL 1.0,DisGeNET,false
11197,DOID:5041,ODbL 1.0,DisGeNET,false
3097,DOID:3393,ODbL 1.0,DisGeNET,false
57054,DOID:14227,CC BY 4.0,DISEASES,false
7015,DOID:2394,ODbL 1.0,DisGeNET,false
6096,DOID:9835,CC BY 4.0,GWAS Catalog,true
973,DOID:216,CC BY 4.0,DISEASES,false
7045,DOID:418,CC BY 4.0,DISEASES,false
3566,DOID:3393,ODbL 1.0,DisGeNET,false
9582,DOID:1324,ODbL 1.0,DisGeNET,false
5080,DOID:10534,ODbL 1.0,DisGeNET,false
8837,DOID:2531,,DISEASES|DisGeNET,false
5787,DOID:1115,ODbL 1.0,DisGeNET,false
5800,DOID:1312,CC BY 4.0,DISEASES,false
353143,DOID:9008,CC BY 4.0,DISEASES,false
10666,DOID:7148,CC BY 4.0,GWAS Catalog,true
4842,DOID:9352,ODbL 1.0,DisGeNET,false
1233,DOID:3571,ODbL 1.0,DisGeNET,false
776,DOID:1826,CC BY 4.0,DISEASES,false
2820,DOID:9352,ODbL 1.0,DisGeNET,false
51119,DOID:2531,CC BY 4.0,DISEASES,false
57379,DOID:2531,,DISEASES|DisGeNET,false
54903,DOID:9970,CC BY 4.0,DISEASES,false
177,DOID:11476,ODbL 1.0,DisGeNET,false
5816,DOID:5419,CC BY 4.0,DISEASES,false
8764,DOID:7148,,DISEASES|DisGeNET,false
5371,DOID:2531,CC BY 4.0,DISEASES,false
113878,DOID:1319,ODbL 1.0,DisGeNET,false
1139,DOID:5419,,DOAF,false
729230,DOID:635,CC BY 4.0,DISEASES,false
5290,DOID:3393,CC BY 4.0,DISEASES,false
84769,DOID:2377,CC BY 4.0,GWAS Catalog,true
135,DOID:594,ODbL 1.0,DOAF|DisGeNET,false
50833,DOID:0050742,CC BY 4.0,DISEASES,false
6783,DOID:10283,ODbL 1.0,DisGeNET,false
3356,DOID:8986,CC BY 4.0,DISEASES,false
4018,DOID:10763,CC BY 4.0,DISEASES,false
27328,DOID:10652,ODbL 1.0,DOAF|DisGeNET,false
4193,DOID:2531,CC BY 4.0,DISEASES,false
5444,DOID:7148,ODbL 1.0,DOAF|DisGeNET,false
301,DOID:263,ODbL 1.0,DisGeNET,false
2571,DOID:9744,CC BY 4.0,DISEASES,false
5742,DOID:10763,ODbL 1.0,DisGeNET,false
55706,DOID:2986,ODbL 1.0,DisGeNET,false
8537,DOID:10283,ODbL 1.0,DisGeNET,false
3123,DOID:10608,ODbL 1.0,DisGeNET,false
840,DOID:1612,ODbL 1.0,DisGeNET,false
186,DOID:2841,ODbL 1.0,DisGeNET,false
8807,DOID:8577,ODbL 1.0,DisGeNET,false
2729,DOID:1324,ODbL 1.0,DisGeNET,false
5552,DOID:2986,ODbL 1.0,DisGeNET,false
3106,DOID:7147,,DISEASES|DOAF|DisGeNET,false
4436,DOID:4159,CC BY 4.0,DISEASES,false
925,DOID:4362,CC BY 4.0,DISEASES,false
665,DOID:4989,ODbL 1.0,DisGeNET,false
3146,DOID:5041,ODbL 1.0,DisGeNET,false
23252,DOID:8577,CC BY 4.0,GWAS Catalog,true
93986,DOID:12849,,DISEASES|DisGeNET,false
632,DOID:2841,ODbL 1.0,DisGeNET,false
79092,DOID:8893,,DISEASES|DisGeNET,false
9425,DOID:1324,ODbL 1.0,DisGeNET,false
3593,DOID:2377,CC BY 4.0,DOAF|GWAS Catalog,true
152330,DOID:12849,,DISEASES|DisGeNET,false
7153,DOID:1612,,DISEASES|DisGeNET,false
1280,DOID:9835,,DISEASES|DisGeNET,false
1269,DOID:11476,,DOAF,false
200504,DOID:10534,CC BY 4.0,DISEASES,false
6770,DOID:9352,ODbL 1.0,DisGeNET,false
7171,DOID:11476,ODbL 1.0,DisGeNET,false
10803,DOID:1826,ODbL 1.0,DisGeNET,false
28,DOID:1793,,DisGeNET|GWAS Catalog,true
3075,DOID:10976,ODbL 1.0,DisGeNET,false
3866,DOID:4159,CC BY 4.0,DISEASES,false
3263,DOID:9352,ODbL 1.0,DisGeNET,false
2026,DOID:1115,CC BY 4.0,DISEASES,false
4128,DOID:1094,CC BY 4.0,DISEASES,false
2834,DOID:9970,ODbL 1.0,DisGeNET,false
2261,DOID:2531,ODbL 1.0,DisGeNET,false
4313,DOID:418,,DOAF,false
3586,DOID:2377,CC BY 4.0,DISEASES|DOAF,false
26031,DOID:2986,ODbL 1.0,DisGeNET,false
2296,DOID:10283,ODbL 1.0,DisGeNET,false
91661,DOID:263,ODbL 1.0,DisGeNET,false
27306,DOID:3571,CC BY 4.0,DISEASES,false
1374,DOID:784,ODbL 1.0,DisGeNET,false
340351,DOID:7148,CC BY 4.0,DISEASES,false
1728,DOID:14330,ODbL 1.0,DisGeNET,false
9080,DOID:10283,ODbL 1.0,DisGeNET,false
3586,DOID:13241,,DisGeNET|GWAS Catalog,true
5928,DOID:2174,CC BY 4.0,DISEASES,false
2563,DOID:1826,CC BY 4.0,DISEASES,false
4609,DOID:9970,ODbL 1.0,DisGeNET,false
675,DOID:2355,,DISEASES|DOAF|DisGeNET,false
2899,DOID:1324,ODbL 1.0,DisGeNET,false
585,DOID:9970,,DISEASES|DisGeNET,false
3852,DOID:1790,CC BY 4.0,DISEASES,false
3118,DOID:7148,ODbL 1.0,DisGeNET,false
3229,DOID:4159,CC BY 4.0,DISEASES,false
2897,DOID:14330,CC BY 4.0,DISEASES,false
9817,DOID:784,ODbL 1.0,DisGeNET,false
55600,DOID:9352,ODbL 1.0,DisGeNET,false
4889,DOID:9970,ODbL 1.0,DisGeNET,false
81605,DOID:10534,ODbL 1.0,DisGeNET,false
1543,DOID:3083,ODbL 1.0,DisGeNET,false
51733,DOID:12849,ODbL 1.0,DisGeNET,false
7422,DOID:3083,,DOAF,false
64764,DOID:1192,CC BY 4.0,DISEASES,false
2896,DOID:332,CC BY 4.0,DISEASES|DOAF,false
7764,DOID:2394,CC BY 4.0,DISEASES,false
5786,DOID:3393,ODbL 1.0,DisGeNET,false
3557,DOID:1826,ODbL 1.0,DisGeNET,false
6944,DOID:332,CC BY 4.0,DISEASES,false
1969,DOID:1909,,DOAF,false
1528,DOID:9970,ODbL 1.0,DisGeNET,false
2944,DOID:3393,,DOAF,false
6868,DOID:3571,CC BY 4.0,DISEASES,false
4074,DOID:10534,ODbL 1.0,DisGeNET,false
3394,DOID:9074,CC BY 4.0,GWAS Catalog,true
114904,DOID:9744,,DisGeNET|GWAS Catalog,true
185,DOID:1793,ODbL 1.0,DisGeNET,false
3162,DOID:2986,ODbL 1.0,DisGeNET,false
947,DOID:3565,CC BY 4.0,DISEASES,false
157,DOID:14330,ODbL 1.0,DisGeNET,false
2557,DOID:12849,ODbL 1.0,DisGeNET,false
57142,DOID:1094,CC BY 4.0,DISEASES,false
8050,DOID:12236,CC BY 4.0,DISEASES,false
56729,DOID:11714,CC BY 4.0,DISEASES,false
2950,DOID:11054,,DISEASES|DisGeNET,false
6751,DOID:1826,ODbL 1.0,DisGeNET,false
9510,DOID:2986,ODbL 1.0,DisGeNET,false
56852,DOID:2355,CC BY 4.0,DISEASES,false
3575,DOID:12236,,DisGeNET|GWAS Catalog,true
5972,DOID:3393,,DISEASES|DisGeNET,false
8477,DOID:2377,CC BY 4.0,GWAS Catalog,true
6531,DOID:3070,ODbL 1.0,DisGeNET,false
5743,DOID:3953,ODbL 1.0,DisGeNET,false
27069,DOID:2841,CC BY 4.0,DISEASES,false
2033,DOID:10283,CC BY 4.0,DISEASES,false
1137,DOID:1826,,DISEASES|DOAF|DisGeNET,false
3855,DOID:263,,DISEASES|DisGeNET,false
250,DOID:2994,CC BY 4.0,DISEASES,false
50632,DOID:3070,CC BY 4.0,DISEASES,false
4683,DOID:10283,,DISEASES|DisGeNET,false
5972,DOID:3953,CC BY 4.0,DISEASES,false
5290,DOID:219,CC BY 4.0,DISEASES,false
4076,DOID:2986,ODbL 1.0,DisGeNET,false
22803,DOID:332,CC BY 4.0,DISEASES,false
9507,DOID:90,CC BY 4.0,DISEASES,false
3033,DOID:3393,ODbL 1.0,DisGeNET,false
10347,DOID:10652,,DISEASES|DisGeNET|GWAS Catalog,true
4255,DOID:1909,ODbL 1.0,DisGeNET,false
3756,DOID:2043,CC BY 4.0,DISEASES,false
7490,DOID:184,CC BY 4.0,DISEASES,false
84639,DOID:7147,CC BY 4.0,DISEASES,false
10861,DOID:585,CC BY 4.0,DISEASES,false
26986,DOID:2377,CC BY 4.0,DISEASES,false
2006,DOID:10941,,DOAF,false
4001,DOID:2986,ODbL 1.0,DisGeNET,false
1958,DOID:1612,ODbL 1.0,DisGeNET,false
147381,DOID:10763,ODbL 1.0,DisGeNET,false
7010,DOID:3393,ODbL 1.0,DisGeNET,false
64434,DOID:2394,CC BY 4.0,DISEASES,false
3627,DOID:9744,ODbL 1.0,DisGeNET,false
4193,DOID:1115,CC BY 4.0,DISEASES|DOAF,false
79364,DOID:1993,CC BY 4.0,DISEASES,false
991,DOID:2986,ODbL 1.0,DisGeNET,false
3558,DOID:9744,CC BY 4.0,GWAS Catalog,true
90865,DOID:4481,CC BY 4.0,GWAS Catalog,true
6927,DOID:9352,,DISEASES|DisGeNET|GWAS Catalog,true
64137,DOID:1936,CC BY 4.0,DISEASES,false
3751,DOID:1826,CC BY 4.0,DISEASES,false
118429,DOID:11476,ODbL 1.0,DisGeNET,false
10454,DOID:8778,CC BY 4.0,GWAS Catalog,true
8841,DOID:14221,ODbL 1.0,DisGeNET,false
11186,DOID:1909,,DOAF,false
51324,DOID:0050741,CC BY 4.0,DISEASES,false
648,DOID:2531,CC BY 4.0,DISEASES,false
3375,DOID:1793,CC BY 4.0,DISEASES,false
9640,DOID:4362,CC BY 4.0,DISEASES,false
7157,DOID:8850,ODbL 1.0,DisGeNET,false
3553,DOID:3070,ODbL 1.0,DisGeNET,false
1184,DOID:585,CC BY 4.0,DISEASES,false
939,DOID:9074,,DOAF,false
5890,DOID:10283,CC BY 4.0,GWAS Catalog,true
131,DOID:0050741,ODbL 1.0,DisGeNET,false
4642,DOID:12849,ODbL 1.0,DisGeNET,false
3868,DOID:11054,ODbL 1.0,DisGeNET,false
2012,DOID:10283,ODbL 1.0,DisGeNET,false
30008,DOID:10283,ODbL 1.0,DisGeNET,false
3569,DOID:14330,ODbL 1.0,DisGeNET,false
50618,DOID:1826,CC BY 4.0,DISEASES,false
583,DOID:9970,CC BY 4.0,DISEASES,false
3123,DOID:1909,,DOAF,false
9611,DOID:11612,ODbL 1.0,DisGeNET,false
3061,DOID:8986,CC BY 4.0,DISEASES,false
11221,DOID:2986,ODbL 1.0,DisGeNET,false
29801,DOID:5419,,DOAF,false
23245,DOID:6364,,DisGeNET|GWAS Catalog,true
23411,DOID:1319,ODbL 1.0,DisGeNET,false
4218,DOID:7148,ODbL 1.0,DisGeNET,false
467,DOID:10283,ODbL 1.0,DisGeNET,false
948,DOID:9352,ODbL 1.0,DisGeNET,false
948,DOID:10871,ODbL 1.0,DisGeNET,false
7474,DOID:4362,ODbL 1.0,DisGeNET,false
83998,DOID:10534,ODbL 1.0,DisGeNET,false
4314,DOID:3393,ODbL 1.0,DisGeNET,false
57167,DOID:2531,ODbL 1.0,DisGeNET,false
177,DOID:10763,ODbL 1.0,DisGeNET,false
8929,DOID:9835,CC BY 4.0,DISEASES,false
3162,DOID:5041,ODbL 1.0,DisGeNET,false
1621,DOID:14330,,DOAF,false
5925,DOID:184,ODbL 1.0,DisGeNET,false
56259,DOID:8986,CC BY 4.0,DISEASES,false
1476,DOID:3565,ODbL 1.0,DisGeNET,false
6241,DOID:2986,ODbL 1.0,DisGeNET,false
2938,DOID:10283,,DISEASES|DisGeNET,false
56477,DOID:10763,ODbL 1.0,DisGeNET,false
3205,DOID:1909,ODbL 1.0,DisGeNET,false
51738,DOID:10763,,DOAF,false
440,DOID:2531,CC BY 4.0,DISEASES,false
885,DOID:5419,CC BY 4.0,DISEASES,false
10163,DOID:1595,CC BY 4.0,DISEASES,false
1652,DOID:9835,CC BY 4.0,DISEASES,false
8807,DOID:8778,CC BY 4.0,GWAS Catalog,true
2833,DOID:2841,,DOAF,false
3383,DOID:12365,,DISEASES|DOAF|DisGeNET,false
6277,DOID:9352,ODbL 1.0,DisGeNET,false
57216,DOID:10763,CC BY 4.0,DISEASES,false
4014,DOID:8893,CC BY 4.0,DISEASES,false
723961,DOID:9970,ODbL 1.0,DisGeNET,false
1012,DOID:3393,ODbL 1.0,DisGeNET,false
158,DOID:12849,ODbL 1.0,DisGeNET,false
150962,DOID:8778,CC BY 4.0,GWAS Catalog,true
1910,DOID:3393,ODbL 1.0,DisGeNET,false
4267,DOID:3277,CC BY 4.0,DISEASES,false
4535,DOID:9352,ODbL 1.0,DisGeNET,false
1543,DOID:11934,,DOAF,false
6469,DOID:1793,CC BY 4.0,DISEASES,false
2897,DOID:1826,,DISEASES|DisGeNET,false
10527,DOID:2986,ODbL 1.0,DisGeNET,false
7124,DOID:7148,,DISEASES|DOAF|DisGeNET,false
3952,DOID:14221,,DISEASES|DisGeNET,false
4099,DOID:14330,ODbL 1.0,DisGeNET,false
3082,DOID:3571,,DISEASES|DisGeNET,false
57094,DOID:4989,CC BY 4.0,DISEASES,false
57497,DOID:1324,CC BY 4.0,GWAS Catalog,true
1611,DOID:8577,,DisGeNET|GWAS Catalog,true
729238,DOID:2841,ODbL 1.0,DisGeNET,false
2532,DOID:2355,,DOAF,false
1965,DOID:1826,ODbL 1.0,DisGeNET,false
2950,DOID:3070,ODbL 1.0,DisGeNET,false
7486,DOID:10283,CC BY 4.0,DISEASES,false
4282,DOID:1826,ODbL 1.0,DisGeNET,false
5620,DOID:14227,CC BY 4.0,DISEASES,false
3359,DOID:6364,CC BY 4.0,DISEASES,false
1029,DOID:11054,ODbL 1.0,DisGeNET,false
5340,DOID:1936,CC BY 4.0,DISEASES,false
5274,DOID:1826,ODbL 1.0,DisGeNET,false
10454,DOID:11612,ODbL 1.0,DisGeNET,false
55193,DOID:4606,ODbL 1.0,DisGeNET,false
7132,DOID:2377,,DISEASES|DOAF|DisGeNET|GWAS Catalog,true
7515,DOID:1612,,DISEASES|DisGeNET,false
2559,DOID:9970,ODbL 1.0,DisGeNET,false
5686,DOID:11476,ODbL 1.0,DisGeNET,false
10232,DOID:10534,ODbL 1.0,DisGeNET,false
11010,DOID:263,ODbL 1.0,DisGeNET,false
160762,DOID:1909,ODbL 1.0,DisGeNET,false
57103,DOID:2986,ODbL 1.0,DisGeNET,false
4233,DOID:4989,ODbL 1.0,DisGeNET,false
1029,DOID:3070,ODbL 1.0,DisGeNET,false
343930,DOID:263,ODbL 1.0,DisGeNET,false
3605,DOID:3310,CC BY 4.0,DISEASES,false
7097,DOID:2841,,DOAF,false
6347,DOID:3393,,DISEASES|DisGeNET,false
6571,DOID:5419,,DOAF,false
5313,DOID:2355,CC BY 4.0,DISEASES|DOAF,false
2055,DOID:1826,CC BY 4.0,DISEASES,false
6271,DOID:2174,CC BY 4.0,DISEASES,false
598,DOID:1324,CC BY 4.0,DISEASES,false
5979,DOID:2531,ODbL 1.0,DisGeNET,false
7040,DOID:12185,,DOAF,false
140733,DOID:10763,CC BY 4.0,GWAS Catalog,true
56128,DOID:1909,ODbL 1.0,DisGeNET,false
4318,DOID:10976,ODbL 1.0,DisGeNET,false
4889,DOID:3393,ODbL 1.0,DisGeNET,false
1493,DOID:9074,,DISEASES|DOAF|DisGeNET,false
3952,DOID:10763,,DISEASES|DOAF|DisGeNET,false
1636,DOID:3393,,DISEASES|DOAF|DisGeNET,false
3123,DOID:12361,,DISEASES|DOAF|DisGeNET,false
25793,DOID:11555,CC BY 4.0,DISEASES,false
5292,DOID:3070,ODbL 1.0,DisGeNET,false
5546,DOID:263,,DISEASES|DisGeNET,false
4233,DOID:12849,ODbL 1.0,DOAF|DisGeNET,false
3231,DOID:2394,ODbL 1.0,DisGeNET,false
401,DOID:9835,CC BY 4.0,DISEASES,false
308,DOID:10763,ODbL 1.0,DisGeNET,false
1436,DOID:2531,,DISEASES|DisGeNET,false
1365,DOID:10534,ODbL 1.0,DisGeNET,false
64799,DOID:1909,ODbL 1.0,DisGeNET,false
2670,DOID:332,ODbL 1.0,DisGeNET,false
10376,DOID:11476,ODbL 1.0,DisGeNET,false
2167,DOID:9970,CC BY 4.0,DISEASES|DOAF,false
4842,DOID:10763,ODbL 1.0,DisGeNET,false
3576,DOID:10534,ODbL 1.0,DisGeNET,false
54407,DOID:2986,ODbL 1.0,DisGeNET,false
1063,DOID:1612,ODbL 1.0,DisGeNET,false
6038,DOID:10283,ODbL 1.0,DisGeNET,false
140838,DOID:12365,CC BY 4.0,DISEASES,false
55892,DOID:11054,CC BY 4.0,GWAS Catalog,true
4843,DOID:7693,ODbL 1.0,DisGeNET,false
4288,DOID:3070,ODbL 1.0,DisGeNET,false
6584,DOID:12930,ODbL 1.0,DisGeNET,false
1647,DOID:10534,ODbL 1.0,DisGeNET,false
4108,DOID:11054,ODbL 1.0,DisGeNET,false
84790,DOID:10534,ODbL 1.0,DisGeNET,false
3562,DOID:184,ODbL 1.0,DisGeNET,false
412,DOID:10763,ODbL 1.0,DisGeNET,false
909,DOID:3393,CC BY 4.0,DISEASES,false
5447,DOID:3070,ODbL 1.0,DisGeNET,false
396,DOID:10763,ODbL 1.0,DisGeNET,false
6659,DOID:8850,ODbL 1.0,DisGeNET,false
768,DOID:1612,ODbL 1.0,DisGeNET,false
1366,DOID:2394,ODbL 1.0,DisGeNET,false
28973,DOID:10534,ODbL 1.0,DisGeNET,false
185,DOID:1612,ODbL 1.0,DisGeNET,false
51284,DOID:9074,,DISEASES|DOAF|DisGeNET,false
594857,DOID:3310,CC BY 4.0,DISEASES,false
1950,DOID:1909,,DOAF,false
9126,DOID:2531,ODbL 1.0,DisGeNET,false
4669,DOID:10283,ODbL 1.0,DisGeNET,false
6347,DOID:10941,ODbL 1.0,DisGeNET,false
3356,DOID:12849,,DISEASES|DisGeNET,false
1588,DOID:12849,ODbL 1.0,DisGeNET,false
3562,DOID:2841,CC BY 4.0,DISEASES,false
1535,DOID:784,ODbL 1.0,DisGeNET,false
10052,DOID:10763,ODbL 1.0,DisGeNET,false
3569,DOID:2043,,DOAF,false
3356,DOID:10763,CC BY 4.0,DISEASES|DOAF,false
8644,DOID:10283,,DISEASES|DisGeNET,false
11255,DOID:10763,ODbL 1.0,DisGeNET,false
81037,DOID:1324,,DISEASES|DisGeNET|GWAS Catalog,true
23451,DOID:2174,ODbL 1.0,DisGeNET,false
6935,DOID:363,ODbL 1.0,DisGeNET,false
9582,DOID:11054,ODbL 1.0,DisGeNET,false
3123,DOID:8986,,DISEASES|DOAF|DisGeNET,false
7517,DOID:11934,ODbL 1.0,DisGeNET,false
6548,DOID:9352,ODbL 1.0,DisGeNET,false
632,DOID:5408,CC BY 4.0,DISEASES,false
3595,DOID:12236,CC BY 4.0,GWAS Catalog,true
3123,DOID:10976,ODbL 1.0,DisGeNET,false
7508,DOID:1324,ODbL 1.0,DisGeNET,false
846,DOID:4989,,DOAF,false
301,DOID:10534,ODbL 1.0,DisGeNET,false
5327,DOID:3393,,DISEASES|DisGeNET,false
6285,DOID:3393,ODbL 1.0,DisGeNET,false
613,DOID:2531,,DISEASES|DisGeNET,false
6513,DOID:2394,ODbL 1.0,DisGeNET,false
355,DOID:7148,,DOAF,false
7124,DOID:8398,CC BY 4.0,DISEASES|DOAF,false
51752,DOID:7147,,DISEASES|DOAF|DisGeNET|GWAS Catalog,true
3558,DOID:1319,ODbL 1.0,DisGeNET,false
1234,DOID:9074,,DOAF,false
3106,DOID:8893,CC BY 4.0,DISEASES|DOAF,false
3383,DOID:2531,CC BY 4.0,DISEASES,false
4610,DOID:1319,ODbL 1.0,DisGeNET,false
8718,DOID:12361,CC BY 4.0,DISEASES,false
8128,DOID:12849,ODbL 1.0,DisGeNET,false
5444,DOID:3393,,DISEASES|DOAF|DisGeNET,false
4609,DOID:9296,ODbL 1.0,DisGeNET,false
3265,DOID:2174,CC BY 4.0,DISEASES,false
57465,DOID:1826,,DISEASES|DisGeNET,false
3791,DOID:10763,,DISEASES|DisGeNET,false
3592,DOID:2377,ODbL 1.0,DisGeNET,false
7442,DOID:4989,ODbL 1.0,DisGeNET,false
5582,DOID:2531,CC BY 4.0,DISEASES,false
3358,DOID:3312,CC BY 4.0,DISEASES|DOAF,false
29128,DOID:8850,ODbL 1.0,DisGeNET,false
7077,DOID:10941,ODbL 1.0,DisGeNET,false
313,DOID:2986,ODbL 1.0,DisGeNET,false
7157,DOID:2043,,DOAF,false
117579,DOID:3393,ODbL 1.0,DisGeNET,false
4353,DOID:8778,CC BY 4.0,DISEASES,false
23404,DOID:3571,ODbL 1.0,DisGeNET,false
8916,DOID:3571,ODbL 1.0,DisGeNET,false
2949,DOID:12849,ODbL 1.0,DisGeNET,false
7112,DOID:3393,ODbL 1.0,DisGeNET,false
1108,DOID:363,ODbL 1.0,DisGeNET,false
54617,DOID:216,CC BY 4.0,DISEASES,false
7150,DOID:418,CC BY 4.0,DISEASES,false
6860,DOID:1909,ODbL 1.0,DisGeNET,false
212,DOID:2355,,DISEASES|DOAF|DisGeNET,false
1029,DOID:9970,ODbL 1.0,DisGeNET,false
26227,DOID:10283,ODbL 1.0,DisGeNET,false
8924,DOID:8577,ODbL 1.0,DisGeNET,false
10232,DOID:2394,,DISEASES|DisGeNET,false
6653,DOID:10652,,DISEASES|DOAF|DisGeNET|GWAS Catalog,true
5663,DOID:10652,,DISEASES|DOAF|DisGeNET,false
6678,DOID:2394,ODbL 1.0,DisGeNET,false
332,DOID:3070,ODbL 1.0,DisGeNET,false
7167,DOID:11476,ODbL 1.0,DisGeNET,false
5604,DOID:2531,ODbL 1.0,DisGeNET,false
221035,DOID:12849,ODbL 1.0,DisGeNET,false
6352,DOID:3310,,DISEASES|DisGeNET,false
886,DOID:9970,ODbL 1.0,DisGeNET,false
1493,DOID:9744,,DISEASES|DisGeNET|GWAS Catalog,true
999,DOID:2394,,DISEASES|DisGeNET,false
27134,DOID:10283,ODbL 1.0,DisGeNET,false
6401,DOID:3310,ODbL 1.0,DisGeNET,false
11213,DOID:11476,ODbL 1.0,DisGeNET,false
8882,DOID:3393,CC BY 4.0,GWAS Catalog,true
11280,DOID:1909,ODbL 1.0,DisGeNET,false
208,DOID:3070,ODbL 1.0,DisGeNET,false
107,DOID:1324,ODbL 1.0,DisGeNET,false
581,DOID:2531,CC BY 4.0,DISEASES,false
3440,DOID:11054,ODbL 1.0,DisGeNET,false
7040,DOID:7148,CC BY 4.0,DISEASES|DOAF,false
4288,DOID:2394,ODbL 1.0,DisGeNET,false
7422,DOID:1612,,DISEASES|DOAF|DisGeNET,false
1740,DOID:1909,ODbL 1.0,DisGeNET,false
2950,DOID:263,ODbL 1.0,DisGeNET,false
1029,DOID:2531,ODbL 1.0,DisGeNET,false
4537,DOID:14330,ODbL 1.0,DisGeNET,false
1577,DOID:10283,ODbL 1.0,DisGeNET,false
947,DOID:1612,CC BY 4.0,DISEASES,false
3105,DOID:7148,CC BY 4.0,DISEASES,false
2065,DOID:9744,CC BY 4.0,GWAS Catalog,true
862,DOID:1324,ODbL 1.0,DisGeNET,false
51742,DOID:8850,ODbL 1.0,DisGeNET,false
25797,DOID:5419,CC BY 4.0,GWAS Catalog,true
1052,DOID:2531,ODbL 1.0,DisGeNET,false
51167,DOID:9352,ODbL 1.0,DisGeNET,false
10060,DOID:10763,ODbL 1.0,DisGeNET,false
4322,DOID:12236,ODbL 1.0,DisGeNET,false
5054,DOID:14221,CC BY 4.0,DISEASES,false
7040,DOID:3571,CC BY 4.0,DISEASES,false
7068,DOID:1612,ODbL 1.0,DisGeNET,false
4133,DOID:10652,,DISEASES|DisGeNET,false
10897,DOID:332,CC BY 4.0,DISEASES,false
1636,DOID:12930,CC BY 4.0,DISEASES|DOAF,false
4046,DOID:8577,,DisGeNET|GWAS Catalog,true
3460,DOID:8778,CC BY 4.0,GWAS Catalog,true
355,DOID:1686,ODbL 1.0,DisGeNET,false
2805,DOID:14268,CC BY 4.0,DISEASES,false
2065,DOID:1612,CC BY 4.0,DISEASES,false
3416,DOID:9352,ODbL 1.0,DisGeNET,false
4973,DOID:3393,,DISEASES|DisGeNET,false
5271,DOID:8893,ODbL 1.0,DisGeNET,false
6853,DOID:1826,CC BY 4.0,DISEASES,false
22948,DOID:2986,ODbL 1.0,DisGeNET,false
3417,DOID:1612,CC BY 4.0,DISEASES,false
7170,DOID:1781,ODbL 1.0,DisGeNET,false
10481,DOID:1909,ODbL 1.0,DisGeNET,false
7490,DOID:263,,DISEASES|DisGeNET,false
1116,DOID:10763,ODbL 1.0,DisGeNET,false
10203,DOID:6364,CC BY 4.0,DISEASES,false
54790,DOID:2355,CC BY 4.0,DISEASES,false
5444,DOID:1936,,DISEASES|DOAF|DisGeNET,false
1181,DOID:1826,,DISEASES|DOAF|DisGeNET,false
3596,DOID:824,,DOAF,false
8718,DOID:14268,CC BY 4.0,DISEASES,false
2747,DOID:14330,ODbL 1.0,DisGeNET,false
6513,DOID:1192,CC BY 4.0,DISEASES,false
5069,DOID:10763,CC BY 4.0,DISEASES,false
5796,DOID:2377,CC BY 4.0,GWAS Catalog,true
3060,DOID:9970,,DISEASES|DisGeNET,false
5595,DOID:1324,CC BY 4.0,DISEASES,false
85301,DOID:11119,CC BY 4.0,GWAS Catalog,true
51312,DOID:2355,ODbL 1.0,DisGeNET,false
7253,DOID:1459,,DISEASES|DOAF|DisGeNET,false
9531,DOID:12930,CC BY 4.0,DISEASES|GWAS Catalog,true
389015,DOID:10608,CC BY 4.0,GWAS Catalog,true
80323,DOID:1595,CC BY 4.0,GWAS Catalog,true
112609,DOID:9970,,DISEASES|DisGeNET,false
9027,DOID:784,CC BY 4.0,GWAS Catalog,true
3481,DOID:10652,ODbL 1.0,DisGeNET,false
9131,DOID:9744,ODbL 1.0,DisGeNET,false
5054,DOID:3083,ODbL 1.0,DisGeNET,false
396,DOID:1612,ODbL 1.0,DisGeNET,false
841,DOID:11934,ODbL 1.0,DisGeNET,false
3356,DOID:10652,CC BY 4.0,DISEASES|DOAF,false
3382,DOID:9744,,DISEASES|DisGeNET,false
4325,DOID:1595,CC BY 4.0,GWAS Catalog,true
6790,DOID:1909,ODbL 1.0,DisGeNET,false
1513,DOID:11476,CC BY 4.0,DISEASES,false
925,DOID:10608,CC BY 4.0,DISEASES,false
6648,DOID:11054,ODbL 1.0,DisGeNET,false
3459,DOID:3393,ODbL 1.0,DisGeNET,false
8085,DOID:5041,ODbL 1.0,DisGeNET,false
4868,DOID:10976,,DISEASES|DisGeNET,false
23532,DOID:2531,ODbL 1.0,DisGeNET,false
7080,DOID:4159,CC BY 4.0,DISEASES,false
84181,DOID:1192,ODbL 1.0,DisGeNET,false
6328,DOID:1826,,DISEASES|DisGeNET,false
5213,DOID:3393,ODbL 1.0,DisGeNET,false
1894,DOID:2986,ODbL 1.0,DisGeNET,false
4826,DOID:1826,CC BY 4.0,DISEASES,false
948,DOID:3393,ODbL 1.0,DisGeNET,false
8000,DOID:10283,,DISEASES|DisGeNET,false
2690,DOID:12849,ODbL 1.0,DisGeNET,false
3273,DOID:1612,ODbL 1.0,DisGeNET,false
7040,DOID:3083,ODbL 1.0,DOAF|DisGeNET,false
7157,DOID:2531,,DISEASES|DisGeNET,false
79685,DOID:11612,ODbL 1.0,DisGeNET,false
4886,DOID:9970,ODbL 1.0,DisGeNET,false
55743,DOID:10534,ODbL 1.0,DisGeNET,false
8434,DOID:5099,CC BY 4.0,DISEASES,false
199699,DOID:4159,CC BY 4.0,DISEASES,false
652968,DOID:7148,CC BY 4.0,GWAS Catalog,true
2694,DOID:2355,CC BY 4.0,DISEASES,false
4524,DOID:2531,,DISEASES|DisGeNET,false
4155,DOID:2377,ODbL 1.0,DOAF|DisGeNET,false
94103,DOID:8778,CC BY 4.0,GWAS Catalog,true
8876,DOID:3310,ODbL 1.0,DisGeNET,false
1806,DOID:1612,ODbL 1.0,DisGeNET,false
8790,DOID:263,ODbL 1.0,DisGeNET,false
26610,DOID:1826,CC BY 4.0,DISEASES,false
83854,DOID:9970,ODbL 1.0,DisGeNET,false
81553,DOID:2986,ODbL 1.0,DisGeNET,false
283093,DOID:1319,CC BY 4.0,DISEASES,false
4093,DOID:10763,ODbL 1.0,DisGeNET,false
9663,DOID:2355,CC BY 4.0,DISEASES,false
90338,DOID:10283,ODbL 1.0,DisGeNET,false
6198,DOID:12236,ODbL 1.0,DisGeNET,false
1879,DOID:2531,CC BY 4.0,DISEASES,false
54622,DOID:9352,CC BY 4.0,GWAS Catalog,true
2200,DOID:418,CC BY 4.0,DISEASES|DOAF,false
1365,DOID:10283,ODbL 1.0,DisGeNET,false
135228,DOID:1612,ODbL 1.0,DisGeNET,false
22796,DOID:10763,CC BY 4.0,DISEASES,false
2033,DOID:5041,ODbL 1.0,DisGeNET,false
7248,DOID:1826,,DISEASES|DisGeNET,false
9173,DOID:4481,CC BY 4.0,GWAS Catalog,true
8651,DOID:8778,CC BY 4.0,GWAS Catalog,true
735,DOID:10871,,DISEASES|DisGeNET,false
7941,DOID:1936,CC BY 4.0,DISEASES|DOAF,false
639,DOID:8577,ODbL 1.0,DisGeNET,false
10085,DOID:7147,CC BY 4.0,GWAS Catalog,true
1950,DOID:1324,CC BY 4.0,DISEASES,false
3952,DOID:2841,,DOAF,false
6240,DOID:1324,,DISEASES|DisGeNET,false
6369,DOID:2841,CC BY 4.0,DISEASES,false
9507,DOID:10652,ODbL 1.0,DisGeNET,false
7040,DOID:418,CC BY 4.0,DISEASES|DOAF,false
6696,DOID:3070,ODbL 1.0,DisGeNET,false
5859,DOID:1826,CC BY 4.0,DISEASES,false
150223,DOID:8778,CC BY 4.0,GWAS Catalog,true
386653,DOID:3310,,DISEASES|DOAF|DisGeNET,false
213,DOID:784,,DISEASES|DisGeNET,false
836,DOID:1909,CC BY 4.0,DISEASES,false
5621,DOID:5419,,DOAF,false
10479,DOID:1826,CC BY 4.0,DISEASES,false
207,DOID:3565,ODbL 1.0,DisGeNET,false
4990,DOID:9835,,DisGeNET|GWAS Catalog,true
51284,DOID:4159,CC BY 4.0,DISEASES,false
84181,DOID:11054,ODbL 1.0,DisGeNET,false
254122,DOID:1612,CC BY 4.0,GWAS Catalog,true
4312,DOID:824,CC BY 4.0,DISEASES|DOAF,false
3586,DOID:1324,ODbL 1.0,DisGeNET,false
3949,DOID:3393,,DOAF|DisGeNET|GWAS Catalog,true
5329,DOID:3565,,DOAF,false
8912,DOID:1826,,DISEASES|DOAF|DisGeNET,false
3605,DOID:1936,,DOAF,false
4162,DOID:2994,CC BY 4.0,DISEASES,false
1398,DOID:3393,ODbL 1.0,DisGeNET,false
5243,DOID:3953,ODbL 1.0,DisGeNET,false
8202,DOID:1324,ODbL 1.0,DisGeNET,false
55275,DOID:10283,CC BY 4.0,GWAS Catalog,true
7076,DOID:7148,CC BY 4.0,DISEASES,false
7517,DOID:1909,ODbL 1.0,DisGeNET,false
3667,DOID:784,ODbL 1.0,DisGeNET,false
9510,DOID:3393,ODbL 1.0,DisGeNET,false
10239,DOID:9352,,DisGeNET|GWAS Catalog,true
54546,DOID:8577,CC BY 4.0,GWAS Catalog,true
340152,DOID:2531,CC BY 4.0,DISEASES,false
3559,DOID:2377,,DISEASES|DOAF|DisGeNET|GWAS Catalog,true
250,DOID:3571,CC BY 4.0,DISEASES,false
4151,DOID:1192,CC BY 4.0,DISEASES,false
2932,DOID:3393,ODbL 1.0,DisGeNET,false
51379,DOID:2986,ODbL 1.0,DisGeNET,false
5244,DOID:14268,,DISEASES|DisGeNET,false
1378,DOID:2531,CC BY 4.0,DISEASES,false
356,DOID:12930,ODbL 1.0,DisGeNET,false
3976,DOID:2986,ODbL 1.0,DisGeNET,false
7134,DOID:12930,CC BY 4.0,DISEASES|DOAF,false
7133,DOID:8893,CC BY 4.0,DISEASES,false
1021,DOID:7148,,DisGeNET|GWAS Catalog,true
999,DOID:3571,CC BY 4.0,DISEASES,false
208,DOID:1612,ODbL 1.0,DisGeNET,false
4153,DOID:2841,,DOAF,false
1996,DOID:2377,CC BY 4.0,DISEASES,false
5743,DOID:2841,ODbL 1.0,DOAF|DisGeNET,false
389058,DOID:10283,ODbL 1.0,DisGeNET,false
10111,DOID:2841,ODbL 1.0,DisGeNET,false
3605,DOID:824,,DISEASES|DOAF|DisGeNET,false
23191,DOID:12849,CC BY 4.0,DISEASES,false
6461,DOID:2355,CC BY 4.0,DISEASES,false
142,DOID:1936,ODbL 1.0,DisGeNET,false
3350,DOID:3312,CC BY 4.0,DISEASES,false
5801,DOID:9835,CC BY 4.0,GWAS Catalog,true
115294,DOID:1686,CC BY 4.0,DISEASES,false
7040,DOID:10652,,DOAF,false
346653,DOID:2994,CC BY 4.0,DISEASES,false
1795,DOID:14330,CC BY 4.0,DISEASES,false
6532,DOID:9970,,DOAF,false
286753,DOID:9835,CC BY 4.0,DISEASES,false
22884,DOID:784,CC BY 4.0,GWAS Catalog,true
2335,DOID:7148,CC BY 4.0,DISEASES,false
10678,DOID:12361,ODbL 1.0,DisGeNET,false
55,DOID:10283,ODbL 1.0,DisGeNET,false
6648,DOID:12930,ODbL 1.0,DisGeNET,false
7040,DOID:4481,,DOAF,false
1026,DOID:2043,,DOAF,false
9971,DOID:3571,ODbL 1.0,DisGeNET,false
4838,DOID:1909,,DOAF,false
10666,DOID:9074,,DOAF,false
366,DOID:2531,ODbL 1.0,DisGeNET,false
90,DOID:2986,ODbL 1.0,DisGeNET,false
2260,DOID:1324,ODbL 1.0,DisGeNET,false
51684,DOID:3070,CC BY 4.0,DISEASES,false
259197,DOID:12365,ODbL 1.0,DisGeNET,false
1855,DOID:3393,ODbL 1.0,DisGeNET,false
2944,DOID:1936,ODbL 1.0,DisGeNET,false
3098,DOID:3393,ODbL 1.0,DisGeNET,false
319100,DOID:5419,,DOAF,false
7345,DOID:14330,CC BY 4.0,DISEASES|DOAF,false
1232,DOID:1826,ODbL 1.0,DisGeNET,false
10479,DOID:2986,ODbL 1.0,DisGeNET,false
23293,DOID:5419,CC BY 4.0,GWAS Catalog,true
1191,DOID:10652,,DISEASES|DOAF|DisGeNET|GWAS Catalog,true
823,DOID:1909,ODbL 1.0,DisGeNET,false
7534,DOID:2986,ODbL 1.0,DisGeNET,false
6934,DOID:9970,,DOAF,false
2952,DOID:1612,ODbL 1.0,DisGeNET,false
147040,DOID:1319,CC BY 4.0,DISEASES,false
171558,DOID:11612,ODbL 1.0,DisGeNET,false
85480,DOID:4481,CC BY 4.0,DISEASES|DOAF|GWAS Catalog,true
7096,DOID:2841,CC BY 4.0,DISEASES|GWAS Catalog,true
4524,DOID:784,ODbL 1.0,DisGeNET,false
5580,DOID:9970,ODbL 1.0,DisGeNET,false
115352,DOID:12361,,DISEASES|DOAF|DisGeNET|GWAS Catalog,true
2665,DOID:1793,CC BY 4.0,DISEASES,false
6774,DOID:2394,ODbL 1.0,DisGeNET,false
8651,DOID:1909,,DOAF,false
3181,DOID:7148,ODbL 1.0,DisGeNET,false
374,DOID:3070,ODbL 1.0,DisGeNET,false
10576,DOID:11476,ODbL 1.0,DisGeNET,false
3371,DOID:3070,,DISEASES|DisGeNET,false
441478,DOID:1612,CC BY 4.0,DISEASES,false
3418,DOID:4606,ODbL 1.0,DisGeNET,false
7358,DOID:3571,ODbL 1.0,DisGeNET,false
6640,DOID:1826,ODbL 1.0,DisGeNET,false
7039,DOID:11934,ODbL 1.0,DisGeNET,false
4747,DOID:332,,DOAF,false
5243,DOID:1826,,DISEASES|DOAF|DisGeNET,false
7080,DOID:1324,CC BY 4.0,DISEASES,false
598,DOID:219,CC BY 4.0,DISEASES,false
6513,DOID:9352,ODbL 1.0,DisGeNET,false
7827,DOID:1312,,DISEASES|DOAF|DisGeNET,false
60685,DOID:9352,,DisGeNET|GWAS Catalog,true
5743,DOID:10534,ODbL 1.0,DisGeNET,false
6223,DOID:10283,ODbL 1.0,DisGeNET,false
1890,DOID:10534,ODbL 1.0,DisGeNET,false
201799,DOID:9352,CC BY 4.0,GWAS Catalog,true
463,DOID:10283,,DISEASES|DisGeNET,false
7163,DOID:7148,CC BY 4.0,GWAS Catalog,true
6507,DOID:1826,,DISEASES|DisGeNET,false
5788,DOID:2531,CC BY 4.0,DISEASES,false
3035,DOID:263,ODbL 1.0,DisGeNET,false
3569,DOID:10283,,DISEASES|DisGeNET,false
942,DOID:2531,,DISEASES|DisGeNET,false
3953,DOID:9970,,DISEASES|DOAF|DisGeNET|GWAS Catalog,true
54535,DOID:10283,ODbL 1.0,DisGeNET,false
3687,DOID:9074,ODbL 1.0,DisGeNET,false
345,DOID:9970,CC BY 4.0,DISEASES,false
7001,DOID:2531,ODbL 1.0,DisGeNET,false
581,DOID:3393,ODbL 1.0,DisGeNET,false
301,DOID:5041,ODbL 1.0,DisGeNET,false
23493,DOID:1793,ODbL 1.0,DisGeNET,false
1513,DOID:8398,CC BY 4.0,DISEASES,false
3265,DOID:3121,CC BY 4.0,DISEASES,false
1576,DOID:184,ODbL 1.0,DisGeNET,false
8288,DOID:4481,CC BY 4.0,DISEASES|DOAF,false
3572,DOID:7148,,DISEASES|DisGeNET,false
4018,DOID:3393,,DISEASES|DOAF|DisGeNET|GWAS Catalog,true
639,DOID:8778,CC BY 4.0,GWAS Catalog,true
55818,DOID:9970,ODbL 1.0,DisGeNET,false
29,DOID:5875,CC BY 4.0,DISEASES,false
1815,DOID:9970,ODbL 1.0,DisGeNET,false
3308,DOID:3571,ODbL 1.0,DisGeNET,false
3481,DOID:4045,ODbL 1.0,DisGeNET,false
6647,DOID:10652,ODbL 1.0,DisGeNET,false
240,DOID:2531,ODbL 1.0,DisGeNET,false
4792,DOID:3393,ODbL 1.0,DisGeNET,false
6347,DOID:2986,ODbL 1.0,DisGeNET,false
64221,DOID:9835,CC BY 4.0,DISEASES,false
7157,DOID:5419,,DOAF,false
55740,DOID:2986,ODbL 1.0,DisGeNET,false
7326,DOID:2986,ODbL 1.0,DisGeNET,false
136259,DOID:9352,CC BY 4.0,GWAS Catalog,true
677,DOID:9744,CC BY 4.0,GWAS Catalog,true
57419,DOID:8850,ODbL 1.0,DisGeNET,false
1728,DOID:2355,ODbL 1.0,DisGeNET,false
27232,DOID:10283,,DISEASES|DisGeNET,false
10542,DOID:2043,CC BY 4.0,DISEASES,false
3845,DOID:1793,,DISEASES|DisGeNET,false
4314,DOID:7147,,DOAF,false
5594,DOID:2986,ODbL 1.0,DisGeNET,false
84938,DOID:12849,CC BY 4.0,DISEASES,false
112755,DOID:2355,CC BY 4.0,DISEASES,false
324,DOID:1319,ODbL 1.0,DisGeNET,false
655,DOID:10534,ODbL 1.0,DisGeNET,false
572,DOID:3953,CC BY 4.0,DISEASES,false
54206,DOID:11612,ODbL 1.0,DisGeNET,false
5861,DOID:1993,CC BY 4.0,DISEASES,false
81037,DOID:4159,ODbL 1.0,DisGeNET,false
999,DOID:1793,,DISEASES|DisGeNET,false
1719,DOID:184,ODbL 1.0,DisGeNET,false
229,DOID:9352,ODbL 1.0,DisGeNET,false
1583,DOID:363,ODbL 1.0,DisGeNET,false
3091,DOID:10763,ODbL 1.0,DOAF|DisGeNET,false
7490,DOID:1612,ODbL 1.0,DisGeNET,false
6352,DOID:784,ODbL 1.0,DisGeNET,false
83990,DOID:1612,,DISEASES|DisGeNET,false
7037,DOID:3070,ODbL 1.0,DisGeNET,false
7490,DOID:2531,,DISEASES|DisGeNET,false
51300,DOID:2377,CC BY 4.0,GWAS Catalog,true
356,DOID:12361,,DOAF,false
3791,DOID:3571,CC BY 4.0,DISEASES,false
6710,DOID:2355,,DISEASES|DisGeNET,false
5428,DOID:1826,,DISEASES|DOAF|DisGeNET,false
2939,DOID:10283,CC BY 4.0,DISEASES,false
1234,DOID:2043,,DOAF,false
2118,DOID:1612,ODbL 1.0,DisGeNET,false
9715,DOID:3070,CC BY 4.0,DISEASES,false
1583,DOID:1826,ODbL 1.0,DisGeNET,false
6401,DOID:3393,,DISEASES|DisGeNET,false
5581,DOID:3571,ODbL 1.0,DisGeNET,false
2737,DOID:10534,ODbL 1.0,DisGeNET,false
56946,DOID:8778,CC BY 4.0,GWAS Catalog,true
6939,DOID:11612,ODbL 1.0,DisGeNET,false
5728,DOID:1793,ODbL 1.0,DisGeNET,false
7133,DOID:12849,ODbL 1.0,DisGeNET,false
4904,DOID:3393,ODbL 1.0,DisGeNET,false
51114,DOID:1826,CC BY 4.0,DISEASES,false
2521,DOID:184,CC BY 4.0,DISEASES,false
83737,DOID:2986,ODbL 1.0,DisGeNET,false
2944,DOID:263,ODbL 1.0,DisGeNET,false
7201,DOID:10763,ODbL 1.0,DisGeNET,false
3394,DOID:2531,CC BY 4.0,DISEASES|GWAS Catalog,true
3684,DOID:9074,,DOAF|DisGeNET|GWAS Catalog,true
8028,DOID:2531,ODbL 1.0,DisGeNET,false
6792,DOID:1826,CC BY 4.0,DISEASES|DOAF,false
1490,DOID:418,CC BY 4.0,DISEASES|DOAF,false
84530,DOID:1319,CC BY 4.0,DISEASES,false
80326,DOID:9835,CC BY 4.0,GWAS Catalog,true
1312,DOID:1612,,DISEASES|DisGeNET,false
307,DOID:3571,ODbL 1.0,DisGeNET,false
5465,DOID:1936,CC BY 4.0,DISEASES|DOAF,false
2702,DOID:10763,ODbL 1.0,DisGeNET,false
7204,DOID:2531,ODbL 1.0,DisGeNET,false
353145,DOID:9835,CC BY 4.0,GWAS Catalog,true
183,DOID:12930,ODbL 1.0,DisGeNET,false
55749,DOID:0050741,CC BY 4.0,DISEASES,false
8061,DOID:263,ODbL 1.0,DisGeNET,false
10898,DOID:1826,CC BY 4.0,DISEASES,false
925,DOID:2355,CC BY 4.0,DISEASES,false
3078,DOID:10871,CC BY 4.0,DISEASES|DOAF,false
5054,DOID:12849,ODbL 1.0,DisGeNET,false
55332,DOID:9074,CC BY 4.0,GWAS Catalog,true
477,DOID:10763,ODbL 1.0,DisGeNET,false
596,DOID:12849,ODbL 1.0,DOAF|DisGeNET,false
4846,DOID:10763,,DISEASES|DOAF|DisGeNET,false
6502,DOID:2394,ODbL 1.0,DisGeNET,false
57705,DOID:9074,CC BY 4.0,GWAS Catalog,true
2806,DOID:10763,CC BY 4.0,DISEASES,false
940,DOID:2377,,DOAF,false
2921,DOID:1612,ODbL 1.0,DisGeNET,false
5950,DOID:9352,,DISEASES|DisGeNET,false
623,DOID:1826,ODbL 1.0,DisGeNET,false
23274,DOID:9074,ODbL 1.0,DisGeNET,false
57657,DOID:14330,ODbL 1.0,DisGeNET,false
55197,DOID:2986,ODbL 1.0,DisGeNET,false
7015,DOID:1612,,DISEASES|DisGeNET|GWAS Catalog,true
5443,DOID:3953,CC BY 4.0,DISEASES,false
22841,DOID:2986,ODbL 1.0,DisGeNET,false
2309,DOID:8850,ODbL 1.0,DisGeNET,false
79944,DOID:1826,ODbL 1.0,DisGeNET,false
5625,DOID:5419,CC BY 4.0,DISEASES|DOAF,false
1080,DOID:14227,,DISEASES|DisGeNET,false
9254,DOID:1826,ODbL 1.0,DisGeNET,false
3574,DOID:2531,CC BY 4.0,DISEASES,false
23175,DOID:784,ODbL 1.0,DisGeNET,false
2066,DOID:5419,CC BY 4.0,DISEASES|DOAF,false
841,DOID:5041,ODbL 1.0,DisGeNET,false
2806,DOID:14268,CC BY 4.0,DISEASES,false
81850,DOID:2174,CC BY 4.0,DISEASES,false
7385,DOID:9970,ODbL 1.0,DisGeNET,false
55193,DOID:8398,CC BY 4.0,GWAS Catalog,true
3977,DOID:10283,ODbL 1.0,DisGeNET,false
2944,DOID:9352,ODbL 1.0,DisGeNET,false
5629,DOID:0060073,CC BY 4.0,DISEASES,false
51561,DOID:2377,CC BY 4.0,DISEASES,false
2028,DOID:635,CC BY 4.0,DISEASES,false
3739,DOID:3277,CC BY 4.0,DISEASES,false
1268,DOID:9970,,DISEASES|DOAF|DisGeNET,false
4843,DOID:8893,,DisGeNET|GWAS Catalog,true
1544,DOID:5419,CC BY 4.0,DISEASES|DOAF,false
40,DOID:12849,ODbL 1.0,DisGeNET,false
1535,DOID:14221,ODbL 1.0,DisGeNET,false
540,DOID:263,ODbL 1.0,DisGeNET,false
3482,DOID:14330,ODbL 1.0,DisGeNET,false
1071,DOID:1936,CC BY 4.0,DISEASES|DOAF,false
5340,DOID:10976,ODbL 1.0,DisGeNET,false
6775,DOID:7148,,DISEASES|DOAF|DisGeNET|GWAS Catalog,true
1557,DOID:784,ODbL 1.0,DisGeNET,false
2886,DOID:263,ODbL 1.0,DisGeNET,false
5277,DOID:1826,CC BY 4.0,DISEASES,false
1234,DOID:635,CC BY 4.0,DISEASES|DOAF,false
6352,DOID:9970,ODbL 1.0,DisGeNET,false
4319,DOID:2841,ODbL 1.0,DisGeNET,false
593,DOID:13189,CC BY 4.0,DISEASES,false
5304,DOID:1245,CC BY 4.0,DISEASES,false
5889,DOID:2394,,DISEASES|DisGeNET,false
9821,DOID:1612,ODbL 1.0,DisGeNET,false
1798,DOID:10534,ODbL 1.0,DisGeNET,false
30061,DOID:2355,,DISEASES|DisGeNET,false
1636,DOID:3083,,DOAF,false
4916,DOID:3070,ODbL 1.0,DisGeNET,false
6168,DOID:11612,ODbL 1.0,DisGeNET,false
3480,DOID:1612,,DISEASES|DisGeNET,false
6275,DOID:1612,ODbL 1.0,DisGeNET,false
27035,DOID:10763,CC BY 4.0,DISEASES|DOAF,false
1029,DOID:4045,ODbL 1.0,DisGeNET,false
5970,DOID:784,ODbL 1.0,DisGeNET,false
5592,DOID:10763,ODbL 1.0,DisGeNET,false
1806,DOID:10534,ODbL 1.0,DisGeNET,false
4804,DOID:10283,ODbL 1.0,DisGeNET,false
476,DOID:10763,ODbL 1.0,DOAF|DisGeNET,false
3485,DOID:9970,ODbL 1.0,DisGeNET,false
3479,DOID:9744,,DISEASES|DisGeNET,false
8654,DOID:10763,,DISEASES|DisGeNET,false
10644,DOID:9352,,DISEASES|DisGeNET|GWAS Catalog,true
144811,DOID:8778,CC BY 4.0,GWAS Catalog,true
149041,DOID:9074,ODbL 1.0,DisGeNET,false
1012,DOID:5041,ODbL 1.0,DisGeNET,false
54805,DOID:5419,CC BY 4.0,GWAS Catalog,true
2524,DOID:8778,CC BY 4.0,GWAS Catalog,true
7066,DOID:2531,,DISEASES|DisGeNET,false
1183,DOID:585,CC BY 4.0,DISEASES,false
8289,DOID:4606,ODbL 1.0,DisGeNET,false
376497,DOID:3393,ODbL 1.0,DisGeNET,false
22,DOID:2355,,DISEASES|DisGeNET,false
84649,DOID:9970,CC BY 4.0,DISEASES,false
627,DOID:1826,,DISEASES|DOAF|DisGeNET,false
149233,DOID:8893,,DISEASES|DOAF|DisGeNET|GWAS Catalog,true
2122,DOID:2394,ODbL 1.0,DisGeNET,false
5819,DOID:10652,CC BY 4.0,GWAS Catalog,true
251,DOID:784,CC BY 4.0,DISEASES,false
57055,DOID:14227,CC BY 4.0,DISEASES,false
4924,DOID:2043,CC BY 4.0,DISEASES,false
64506,DOID:3070,ODbL 1.0,DisGeNET,false
3596,DOID:2531,CC BY 4.0,GWAS Catalog,true
2778,DOID:9970,ODbL 1.0,DisGeNET,false
3439,DOID:3571,,DISEASES|DisGeNET,false
846,DOID:3393,ODbL 1.0,DisGeNET,false
4524,DOID:3571,ODbL 1.0,DisGeNET,false
940,DOID:7148,,DISEASES|DOAF|DisGeNET|GWAS Catalog,true
6547,DOID:1826,ODbL 1.0,DisGeNET,false
3908,DOID:1781,ODbL 1.0,DisGeNET,false
2806,DOID:14221,CC BY 4.0,DISEASES,false
114836,DOID:12361,CC BY 4.0,GWAS Catalog,true
213,DOID:1312,CC BY 4.0,DISEASES,false
5888,DOID:1612,ODbL 1.0,DisGeNET,false
55165,DOID:11612,ODbL 1.0,DisGeNET,false
26470,DOID:12849,ODbL 1.0,DisGeNET,false
211,DOID:2355,CC BY 4.0,DISEASES,false
2212,DOID:7148,,DISEASES|DOAF|DisGeNET,false
5290,DOID:10283,,DISEASES|DisGeNET,false
1378,DOID:9074,CC BY 4.0,DISEASES|DOAF,false
790,DOID:2355,ODbL 1.0,DisGeNET,false
5076,DOID:263,ODbL 1.0,DisGeNET,false
2628,DOID:784,CC BY 4.0,GWAS Catalog,true
718,DOID:2841,,DOAF,false
400935,DOID:8577,,DisGeNET|GWAS Catalog,true
1562,DOID:784,ODbL 1.0,DisGeNET,false
307,DOID:10283,ODbL 1.0,DisGeNET,false
1329,DOID:10763,ODbL 1.0,DisGeNET,false
7466,DOID:9352,,DisGeNET|GWAS Catalog,true
4603,DOID:11612,ODbL 1.0,DisGeNET,false
3371,DOID:4606,ODbL 1.0,DisGeNET,false
1892,DOID:9970,ODbL 1.0,DisGeNET,false
3600,DOID:10608,ODbL 1.0,DOAF|DisGeNET,false
1979,DOID:12849,ODbL 1.0,DisGeNET,false
4312,DOID:8577,ODbL 1.0,DOAF|DisGeNET,false
4586,DOID:2841,ODbL 1.0,DisGeNET,false
1445,DOID:9074,,DisGeNET|GWAS Catalog,true
3897,DOID:263,ODbL 1.0,DisGeNET,false
359787,DOID:2994,ODbL 1.0,DisGeNET,false
3458,DOID:2841,CC BY 4.0,DISEASES|DOAF,false
387129,DOID:2841,,DISEASES|DOAF|DisGeNET,false
4988,DOID:0050742,CC BY 4.0,DISEASES,false
170302,DOID:9352,ODbL 1.0,DisGeNET,false
51752,DOID:10763,ODbL 1.0,DisGeNET,false
6608,DOID:1319,,DISEASES|DisGeNET,false
4313,DOID:1686,ODbL 1.0,DisGeNET,false
3593,DOID:3571,ODbL 1.0,DisGeNET,false
84984,DOID:9970,CC BY 4.0,DISEASES,false
5350,DOID:12930,CC BY 4.0,DISEASES|DOAF,false
5160,DOID:3393,ODbL 1.0,DisGeNET,false
26150,DOID:1612,ODbL 1.0,DisGeNET,false
3240,DOID:2531,ODbL 1.0,DisGeNET,false
6390,DOID:3953,CC BY 4.0,DISEASES,false
4318,DOID:1612,,DISEASES|DisGeNET,false
154,DOID:3083,,DOAF,false
3557,DOID:3393,ODbL 1.0,DisGeNET,false
1543,DOID:3571,CC BY 4.0,DISEASES,false
6548,DOID:9206,ODbL 1.0,DisGeNET,false
3586,DOID:9744,,DisGeNET|GWAS Catalog,true
841,DOID:1612,,DISEASES|DisGeNET,false
9173,DOID:2841,,DISEASES|DOAF|DisGeNET|GWAS Catalog,true
2242,DOID:5419,CC BY 4.0,GWAS Catalog,true
9575,DOID:3312,CC BY 4.0,DISEASES|DOAF,false
3872,DOID:5041,ODbL 1.0,DisGeNET,false
6439,DOID:3083,,DOAF,false
7040,DOID:2174,CC BY 4.0,DISEASES,false
84071,DOID:10283,CC BY 4.0,GWAS Catalog,true
5743,DOID:1612,,DISEASES|DisGeNET,false
125997,DOID:10534,ODbL 1.0,DisGeNET,false
3600,DOID:4989,,DISEASES|DisGeNET,false
83943,DOID:5419,CC BY 4.0,GWAS Catalog,true
2153,DOID:3393,,DISEASES|DisGeNET,false
1129,DOID:9744,ODbL 1.0,DisGeNET,false
7099,DOID:2841,CC BY 4.0,DISEASES|DOAF,false
3075,DOID:10871,,DISEASES|DOAF|DisGeNET|GWAS Catalog,true
8029,DOID:2355,CC BY 4.0,DISEASES,false
2530,DOID:1793,CC BY 4.0,DISEASES,false
8973,DOID:0050742,CC BY 4.0,DISEASES,false
208,DOID:9352,ODbL 1.0,DisGeNET,false
2069,DOID:2394,ODbL 1.0,DisGeNET,false
6532,DOID:594,CC BY 4.0,DISEASES|DOAF,false
9833,DOID:2986,ODbL 1.0,DisGeNET,false
11132,DOID:9352,,DISEASES|DisGeNET,false
3796,DOID:2986,ODbL 1.0,DisGeNET,false
4314,DOID:1612,ODbL 1.0,DisGeNET,false
3726,DOID:1324,ODbL 1.0,DisGeNET,false
10299,DOID:332,CC BY 4.0,DISEASES,false
4627,DOID:10763,ODbL 1.0,DisGeNET,false
6790,DOID:1612,ODbL 1.0,DisGeNET,false
57575,DOID:12849,ODbL 1.0,DisGeNET,false
27012,DOID:1826,CC BY 4.0,DISEASES,false
7025,DOID:1612,ODbL 1.0,DisGeNET,false
338328,DOID:4989,CC BY 4.0,DISEASES,false
4046,DOID:11054,CC BY 4.0,GWAS Catalog,true
7015,DOID:3070,ODbL 1.0,DisGeNET,false
973,DOID:7148,CC BY 4.0,DISEASES,false
941,DOID:3070,ODbL 1.0,DisGeNET,false
219771,DOID:8577,,DisGeNET|GWAS Catalog,true
3066,DOID:1909,ODbL 1.0,DisGeNET,false
4193,DOID:1612,,DISEASES|DisGeNET,false
7078,DOID:2841,ODbL 1.0,DisGeNET,false
5290,DOID:1324,,DISEASES|DisGeNET,false
2313,DOID:1115,,DOAF,false
2826,DOID:1826,ODbL 1.0,DisGeNET,false
8900,DOID:11934,ODbL 1.0,DisGeNET,false
5724,DOID:11612,ODbL 1.0,DisGeNET,false
627,DOID:5419,CC BY 4.0,DISEASES|DOAF,false
11136,DOID:784,CC BY 4.0,GWAS Catalog,true
2886,DOID:1612,ODbL 1.0,DisGeNET,false
19,DOID:10976,ODbL 1.0,DisGeNET,false
55718,DOID:2531,CC BY 4.0,DISEASES,false
598,DOID:1793,ODbL 1.0,DisGeNET,false
2706,DOID:8893,ODbL 1.0,DisGeNET,false
2335,DOID:1909,CC BY 4.0,DISEASES,false
4893,DOID:363,CC BY 4.0,DISEASES,false
4000,DOID:1324,ODbL 1.0,DisGeNET,false
2571,DOID:12849,ODbL 1.0,DOAF|DisGeNET,false
4233,DOID:2394,ODbL 1.0,DisGeNET,false
25800,DOID:1612,ODbL 1.0,DisGeNET,false
9447,DOID:2986,ODbL 1.0,DisGeNET,false
6595,DOID:216,CC BY 4.0,DISEASES,false
3714,DOID:1612,ODbL 1.0,DisGeNET,false
23038,DOID:3393,CC BY 4.0,DISEASES,false
25978,DOID:2986,ODbL 1.0,DisGeNET,false
580,DOID:1192,,DISEASES|DisGeNET|GWAS Catalog,true
595,DOID:8850,ODbL 1.0,DisGeNET,false
1141,DOID:1826,,DISEASES|DOAF|DisGeNET,false
64398,DOID:332,CC BY 4.0,DISEASES,false
23440,DOID:184,CC BY 4.0,DISEASES,false
302,DOID:263,ODbL 1.0,DisGeNET,false
152,DOID:1094,CC BY 4.0,DISEASES,false
358,DOID:1826,ODbL 1.0,DisGeNET,false
10964,DOID:5419,CC BY 4.0,GWAS Catalog,true
7040,DOID:2841,,DISEASES|DOAF|DisGeNET,false
3558,DOID:1324,CC BY 4.0,DISEASES,false
3586,DOID:5419,,DOAF,false
6455,DOID:2531,ODbL 1.0,DisGeNET,false
1618,DOID:2998,ODbL 1.0,DisGeNET,false
5414,DOID:1909,CC BY 4.0,DISEASES,false
154064,DOID:986,,DISEASES|DisGeNET,false
2147,DOID:10652,ODbL 1.0,DisGeNET,false
54361,DOID:10283,ODbL 1.0,DisGeNET,false
2806,DOID:2355,CC BY 4.0,DISEASES,false
22882,DOID:1936,CC BY 4.0,GWAS Catalog,true
2875,DOID:9970,,DOAF,false
4489,DOID:11054,ODbL 1.0,DisGeNET,false
3699,DOID:3312,CC BY 4.0,DISEASES|GWAS Catalog,true
7528,DOID:9744,ODbL 1.0,DisGeNET,false
7052,DOID:263,ODbL 1.0,DisGeNET,false
2312,DOID:4481,CC BY 4.0,DISEASES,false
3274,DOID:3393,ODbL 1.0,DisGeNET,false
3827,DOID:4989,CC BY 4.0,DISEASES,false
5291,DOID:1612,CC BY 4.0,DISEASES,false
4599,DOID:2377,CC BY 4.0,DISEASES|DOAF,false
7157,DOID:1192,CC BY 4.0,DISEASES,false
10673,DOID:7148,CC BY 4.0,DISEASES|DOAF,false
1312,DOID:5419,CC BY 4.0,DISEASES|DOAF,false
6598,DOID:3565,CC BY 4.0,DISEASES,false
4548,DOID:1612,ODbL 1.0,DisGeNET,false
1499,DOID:1115,ODbL 1.0,DOAF|DisGeNET,false
3075,DOID:10652,,DOAF,false
59344,DOID:10283,ODbL 1.0,DisGeNET,false
2869,DOID:9352,CC BY 4.0,GWAS Catalog,true
4190,DOID:10763,ODbL 1.0,DisGeNET,false
3612,DOID:2986,ODbL 1.0,DisGeNET,false
23220,DOID:8850,ODbL 1.0,DisGeNET,false
2768,DOID:8577,,DisGeNET|GWAS Catalog,true
3481,DOID:14330,ODbL 1.0,DisGeNET,false
847,DOID:3070,ODbL 1.0,DisGeNET,false
3394,DOID:8577,CC BY 4.0,GWAS Catalog,true
83854,DOID:216,CC BY 4.0,DISEASES,false
4163,DOID:12849,ODbL 1.0,DisGeNET,false
7432,DOID:12849,ODbL 1.0,DisGeNET,false
4609,DOID:1793,ODbL 1.0,DisGeNET,false
1965,DOID:184,ODbL 1.0,DisGeNET,false
4340,DOID:2377,CC BY 4.0,DISEASES|DOAF,false
441549,DOID:14330,CC BY 4.0,DISEASES,false
2752,DOID:1826,ODbL 1.0,DisGeNET,false
921,DOID:7148,,DISEASES|DisGeNET,false
1665,DOID:9835,CC BY 4.0,GWAS Catalog,true
1812,DOID:3312,,DISEASES|DisGeNET,false
7079,DOID:7693,ODbL 1.0,DisGeNET,false
1027,DOID:10283,ODbL 1.0,DisGeNET,false
6901,DOID:12930,CC BY 4.0,DISEASES,false
2066,DOID:332,CC BY 4.0,DISEASES,false
183,DOID:7693,ODbL 1.0,DisGeNET,false
9370,DOID:4481,,DOAF,false
5782,DOID:219,ODbL 1.0,DisGeNET,false
551,DOID:0050741,CC BY 4.0,DISEASES,false
2898,DOID:3312,ODbL 1.0,DisGeNET,false
3039,DOID:10763,CC BY 4.0,DISEASES,false
250,DOID:4989,CC BY 4.0,DISEASES,false
2099,DOID:3571,ODbL 1.0,DisGeNET,false
3440,DOID:263,,DISEASES|DisGeNET,false
4208,DOID:1826,ODbL 1.0,DisGeNET,false
51129,DOID:9970,CC BY 4.0,DISEASES,false
55379,DOID:2986,ODbL 1.0,DisGeNET,false
56729,DOID:1936,CC BY 4.0,DISEASES|DOAF,false
54469,DOID:9352,CC BY 4.0,GWAS Catalog,true
4524,DOID:9296,,DISEASES|DOAF|DisGeNET,false
868,DOID:9744,ODbL 1.0,DisGeNET,false
1610,DOID:5419,CC BY 4.0,DISEASES|DOAF,false
3162,DOID:14330,,DISEASES|DOAF|DisGeNET,false
100506658,DOID:1612,ODbL 1.0,DisGeNET,false
3952,DOID:11714,,DISEASES|DOAF|DisGeNET,false
5655,DOID:10534,ODbL 1.0,DisGeNET,false
5179,DOID:8986,ODbL 1.0,DisGeNET,false
5607,DOID:0050425,CC BY 4.0,DISEASES|GWAS Catalog,true
4915,DOID:3312,ODbL 1.0,DisGeNET,false
148,DOID:11612,ODbL 1.0,DisGeNET,false
5970,DOID:1612,ODbL 1.0,DisGeNET,false
920,DOID:1324,CC BY 4.0,DISEASES,false
3159,DOID:14221,ODbL 1.0,DisGeNET,false
3593,DOID:8778,CC BY 4.0,GWAS Catalog,true
200931,DOID:12236,ODbL 1.0,DisGeNET,false
23242,DOID:9744,CC BY 4.0,GWAS Catalog,true
7015,DOID:1793,ODbL 1.0,DisGeNET,false
6529,DOID:332,ODbL 1.0,DisGeNET,false
3553,DOID:5419,,DOAF,false
443,DOID:9835,CC BY 4.0,GWAS Catalog,true
4313,DOID:1936,,DISEASES|DisGeNET,false
54899,DOID:7148,,DISEASES|DisGeNET|GWAS Catalog,true
5539,DOID:1793,CC BY 4.0,DISEASES,false
332,DOID:7148,,DOAF,false
23373,DOID:5041,ODbL 1.0,DisGeNET,false
57599,DOID:2355,CC BY 4.0,DISEASES,false
5329,DOID:3393,ODbL 1.0,DisGeNET,false
5420,DOID:1312,CC BY 4.0,DISEASES,false
80896,DOID:2986,ODbL 1.0,DisGeNET,false
672,DOID:1612,ODbL 1.0,DOAF|DisGeNET,false
79728,DOID:1612,,DISEASES|DisGeNET,false
7253,DOID:3953,ODbL 1.0,DisGeNET,false
4323,DOID:3083,ODbL 1.0,DisGeNET,false
1601,DOID:1793,CC BY 4.0,GWAS Catalog,true
64764,DOID:1115,CC BY 4.0,DISEASES,false
5295,DOID:9352,ODbL 1.0,DisGeNET,false
1060,DOID:418,CC BY 4.0,DISEASES,false
3624,DOID:363,ODbL 1.0,DisGeNET,false
6926,DOID:2174,CC BY 4.0,DISEASES,false
5664,DOID:10652,,DISEASES|DOAF|DisGeNET,false
5020,DOID:10763,,DISEASES|DisGeNET,false
1493,DOID:8577,,DOAF,false
7097,DOID:3310,,DOAF,false
643834,DOID:332,CC BY 4.0,DISEASES,false
4909,DOID:1686,CC BY 4.0,DISEASES|DOAF,false
2796,DOID:11612,CC BY 4.0,DISEASES,false
6401,DOID:2986,ODbL 1.0,DisGeNET,false
7057,DOID:1612,ODbL 1.0,DisGeNET,false
151112,DOID:9074,CC BY 4.0,DISEASES,false
1586,DOID:1909,ODbL 1.0,DisGeNET,false
3303,DOID:3393,ODbL 1.0,DisGeNET,false
6616,DOID:5419,CC BY 4.0,DISEASES|DOAF,false
29894,DOID:10534,ODbL 1.0,DisGeNET,false
5329,DOID:1612,CC BY 4.0,DISEASES,false
102,DOID:1612,ODbL 1.0,DisGeNET,false
2908,DOID:1686,ODbL 1.0,DisGeNET,false
56246,DOID:7147,CC BY 4.0,DISEASES,false
3133,DOID:12361,CC BY 4.0,GWAS Catalog,true
3084,DOID:11612,ODbL 1.0,DisGeNET,false
7157,DOID:4045,CC BY 4.0,DISEASES,false
3628,DOID:12849,ODbL 1.0,DisGeNET,false
3845,DOID:2394,,DISEASES|DisGeNET,false
2806,DOID:3393,CC BY 4.0,DISEASES,false
4317,DOID:1909,ODbL 1.0,DisGeNET,false
3091,DOID:10283,ODbL 1.0,DisGeNET,false
942,DOID:1909,CC BY 4.0,DISEASES,false
2155,DOID:3393,CC BY 4.0,DISEASES|DOAF,false
79001,DOID:3393,ODbL 1.0,DisGeNET,false
1440,DOID:11934,ODbL 1.0,DisGeNET,false
5530,DOID:10652,ODbL 1.0,DisGeNET,false
159,DOID:2986,ODbL 1.0,DisGeNET,false
1012,DOID:10283,ODbL 1.0,DisGeNET,false
22997,DOID:5419,CC BY 4.0,GWAS Catalog,true
7299,DOID:1909,,DISEASES|DOAF|DisGeNET|GWAS Catalog,true
22953,DOID:1826,ODbL 1.0,DisGeNET,false
2004,DOID:1612,ODbL 1.0,DisGeNET,false
4312,DOID:418,,DOAF,false
43,DOID:263,ODbL 1.0,DisGeNET,false
64332,DOID:3310,ODbL 1.0,DisGeNET,false
2160,DOID:10763,ODbL 1.0,DisGeNET,false
3164,DOID:3393,ODbL 1.0,DisGeNET,false
7091,DOID:3393,ODbL 1.0,DisGeNET,false
5890,DOID:12236,CC BY 4.0,GWAS Catalog,true
3699,DOID:5419,CC BY 4.0,GWAS Catalog,true
192683,DOID:12849,ODbL 1.0,DisGeNET,false
7424,DOID:1909,ODbL 1.0,DisGeNET,false
2010,DOID:12930,CC BY 4.0,DISEASES,false
213,DOID:9352,CC BY 4.0,DISEASES,false
7979,DOID:1459,CC BY 4.0,DISEASES,false
10389,DOID:1319,ODbL 1.0,DisGeNET,false
4311,DOID:10652,,DISEASES|DOAF|DisGeNET,false
160851,DOID:3312,CC BY 4.0,DISEASES|GWAS Catalog,true
29947,DOID:2994,CC BY 4.0,DISEASES,false
3569,DOID:4989,CC BY 4.0,DISEASES,false
2268,DOID:1324,CC BY 4.0,DISEASES,false
498,DOID:10652,ODbL 1.0,DisGeNET,false
2202,DOID:10871,CC BY 4.0,DISEASES,false
80114,DOID:9835,CC BY 4.0,GWAS Catalog,true
3014,DOID:10763,ODbL 1.0,DisGeNET,false
268,DOID:2394,ODbL 1.0,DisGeNET,false
3929,DOID:9970,ODbL 1.0,DisGeNET,false
5420,DOID:10283,ODbL 1.0,DisGeNET,false
1890,DOID:11054,ODbL 1.0,DisGeNET,false
5741,DOID:2355,,DISEASES|DisGeNET,false
23742,DOID:1909,ODbL 1.0,DisGeNET,false
6898,DOID:635,CC BY 4.0,DISEASES,false
8802,DOID:10534,ODbL 1.0,DisGeNET,false
5444,DOID:10283,ODbL 1.0,DisGeNET,false
3651,DOID:9744,ODbL 1.0,DisGeNET,false
7431,DOID:10283,ODbL 1.0,DisGeNET,false
2940,DOID:10283,CC BY 4.0,DISEASES,false
595,DOID:1781,ODbL 1.0,DisGeNET,false
6541,DOID:10283,ODbL 1.0,DisGeNET,false
5020,DOID:5419,CC BY 4.0,DISEASES,false
4922,DOID:5419,CC BY 4.0,DISEASES,false
5728,DOID:363,,DISEASES|DisGeNET,false
2632,DOID:1826,CC BY 4.0,DISEASES,false
26499,DOID:10283,ODbL 1.0,DisGeNET,false
595,DOID:0060119,CC BY 4.0,DISEASES,false
3990,DOID:9970,ODbL 1.0,DisGeNET,false
1956,DOID:5041,,DISEASES|DisGeNET,false
57795,DOID:5419,CC BY 4.0,GWAS Catalog,true
567,DOID:10283,ODbL 1.0,DisGeNET,false
5395,DOID:219,CC BY 4.0,DISEASES,false
5054,DOID:2841,ODbL 1.0,DOAF|DisGeNET,false
3990,DOID:10871,CC BY 4.0,DISEASES|GWAS Catalog,true
238,DOID:263,ODbL 1.0,DisGeNET,false
3032,DOID:1612,ODbL 1.0,DisGeNET,false
4137,DOID:332,CC BY 4.0,DISEASES|DOAF,false
7038,DOID:1781,CC BY 4.0,DISEASES,false
55755,DOID:7148,CC BY 4.0,GWAS Catalog,true
6755,DOID:1826,ODbL 1.0,DisGeNET,false
948,DOID:12365,,DISEASES|DOAF|DisGeNET,false
10560,DOID:2355,CC BY 4.0,DISEASES|DOAF,false
1268,DOID:14221,CC BY 4.0,DISEASES,false
2100,DOID:1612,,DISEASES|DisGeNET,false
632,DOID:1612,CC BY 4.0,DISEASES,false
2153,DOID:1936,,DOAF,false
79092,DOID:9008,CC BY 4.0,DISEASES,false
57554,DOID:10763,CC BY 4.0,GWAS Catalog,true
8986,DOID:12236,CC BY 4.0,GWAS Catalog,true
5265,DOID:10763,ODbL 1.0,DisGeNET,false
6241,DOID:11054,ODbL 1.0,DisGeNET,false
8932,DOID:10283,ODbL 1.0,DisGeNET,false
284274,DOID:7148,CC BY 4.0,GWAS Catalog,true
1440,DOID:363,ODbL 1.0,DisGeNET,false
9429,DOID:2531,CC BY 4.0,DISEASES,false
8446,DOID:332,CC BY 4.0,DISEASES,false
330,DOID:11054,ODbL 1.0,DisGeNET,false
118,DOID:1826,ODbL 1.0,DisGeNET,false
51196,DOID:10534,,DISEASES|DisGeNET|GWAS Catalog,true
975,DOID:3571,CC BY 4.0,DISEASES,false
7345,DOID:3121,ODbL 1.0,DisGeNET,false
3356,DOID:594,CC BY 4.0,DISEASES|DOAF,false
10965,DOID:3393,ODbL 1.0,DisGeNET,false
350,DOID:9074,CC BY 4.0,DISEASES,false
9607,DOID:9352,ODbL 1.0,DisGeNET,false
6925,DOID:8577,CC BY 4.0,GWAS Catalog,true
3050,DOID:2531,CC BY 4.0,DISEASES,false
624,DOID:10763,ODbL 1.0,DisGeNET,false
3479,DOID:14221,CC BY 4.0,DISEASES,false
111,DOID:11476,ODbL 1.0,DisGeNET,false
3106,DOID:12365,,DOAF,false
7280,DOID:184,CC BY 4.0,DISEASES,false
146,DOID:11612,ODbL 1.0,DisGeNET,false
6750,DOID:1793,,DISEASES|DisGeNET,false
80312,DOID:3393,CC BY 4.0,DISEASES,false
170679,DOID:418,ODbL 1.0,DisGeNET,false
5539,DOID:9970,CC BY 4.0,DISEASES,false
864,DOID:3070,ODbL 1.0,DisGeNET,false
6295,DOID:2174,CC BY 4.0,DISEASES,false
84619,DOID:10283,CC BY 4.0,GWAS Catalog,true
6311,DOID:784,CC BY 4.0,GWAS Catalog,true
360203,DOID:824,CC BY 4.0,DISEASES|GWAS Catalog,true
7982,DOID:184,CC BY 4.0,DISEASES,false
55279,DOID:2174,CC BY 4.0,DISEASES,false
5579,DOID:1826,ODbL 1.0,DisGeNET,false
3552,DOID:7147,CC BY 4.0,DISEASES,false
5747,DOID:10763,ODbL 1.0,DisGeNET,false
5631,DOID:13189,CC BY 4.0,DISEASES,false
55289,DOID:2531,CC BY 4.0,GWAS Catalog,true
3570,DOID:2531,CC BY 4.0,DISEASES,false
26191,DOID:12361,,DISEASES|DOAF|DisGeNET,false
54790,DOID:1612,CC BY 4.0,GWAS Catalog,true
51338,DOID:2986,ODbL 1.0,DisGeNET,false
3763,DOID:0050741,CC BY 4.0,GWAS Catalog,true
2353,DOID:2531,CC BY 4.0,DISEASES,false
958,DOID:1612,ODbL 1.0,DisGeNET,false
9582,DOID:1612,ODbL 1.0,DisGeNET,false
10481,DOID:1612,ODbL 1.0,DisGeNET,false
5795,DOID:10763,ODbL 1.0,DisGeNET,false
5889,DOID:2355,,DISEASES|DisGeNET,false
7225,DOID:9352,ODbL 1.0,DisGeNET,false
9277,DOID:10534,ODbL 1.0,DisGeNET,false
23220,DOID:1793,ODbL 1.0,DisGeNET,false
4854,DOID:5041,ODbL 1.0,DisGeNET,false
100131390,DOID:8398,CC BY 4.0,DISEASES,false
10964,DOID:3312,CC BY 4.0,GWAS Catalog,true
3123,DOID:8577,ODbL 1.0,DisGeNET,false
53347,DOID:9744,CC BY 4.0,GWAS Catalog,true
4524,DOID:10534,ODbL 1.0,DisGeNET,false
6615,DOID:10534,ODbL 1.0,DisGeNET,false
8915,DOID:2531,,DISEASES|DisGeNET,false
348,DOID:14221,CC BY 4.0,DISEASES,false
2064,DOID:10534,,DISEASES|DisGeNET,false
3931,DOID:784,ODbL 1.0,DisGeNET,false
94234,DOID:1612,CC BY 4.0,GWAS Catalog,true
6515,DOID:2994,ODbL 1.0,DisGeNET,false
58508,DOID:11054,ODbL 1.0,DisGeNET,false
6275,DOID:1319,ODbL 1.0,DisGeNET,false
4852,DOID:10652,ODbL 1.0,DisGeNET,false
3091,DOID:1909,,DOAF,false
3481,DOID:9352,ODbL 1.0,DisGeNET,false
767,DOID:5419,CC BY 4.0,GWAS Catalog,true
683,DOID:2355,CC BY 4.0,DISEASES,false
3605,DOID:8778,CC BY 4.0,DISEASES,false
50507,DOID:1936,CC BY 4.0,DISEASES,false
2475,DOID:1324,,DISEASES|DisGeNET,false
8915,DOID:219,ODbL 1.0,DisGeNET,false
56952,DOID:2394,ODbL 1.0,DisGeNET,false
3356,DOID:4989,ODbL 1.0,DisGeNET,false
1027,DOID:9074,CC BY 4.0,GWAS Catalog,true
5742,DOID:784,ODbL 1.0,DisGeNET,false
3237,DOID:1612,ODbL 1.0,DisGeNET,false
3855,DOID:4159,CC BY 4.0,DISEASES,false
3417,DOID:1319,CC BY 4.0,DISEASES,false
2214,DOID:824,,DOAF,false
7153,DOID:11612,ODbL 1.0,DisGeNET,false
9350,DOID:263,CC BY 4.0,DISEASES,false
6750,DOID:10021,CC BY 4.0,DISEASES,false
121278,DOID:12849,ODbL 1.0,DOAF|DisGeNET,false
2821,DOID:2355,ODbL 1.0,DisGeNET,false
2243,DOID:5419,CC BY 4.0,DISEASES,false
213,DOID:2043,CC BY 4.0,DISEASES,false
5728,DOID:2531,,DISEASES|DisGeNET,false
4318,DOID:9074,,DOAF,false
6446,DOID:2531,ODbL 1.0,DisGeNET,false
3552,DOID:10652,ODbL 1.0,DOAF|DisGeNET,false
5649,DOID:3312,,DISEASES|DisGeNET,false
7225,DOID:1319,CC BY 4.0,DISEASES,false
5277,DOID:2355,CC BY 4.0,DISEASES|DOAF,false
205428,DOID:12849,,DISEASES|DisGeNET,false
23400,DOID:14330,,DISEASES|DOAF|DisGeNET,false
6323,DOID:1826,ODbL 1.0,DOAF|DisGeNET,false
7432,DOID:2841,ODbL 1.0,DisGeNET,false
5792,DOID:332,CC BY 4.0,DISEASES,false
8743,DOID:1612,ODbL 1.0,DisGeNET,false
9446,DOID:10283,ODbL 1.0,DisGeNET,false
5552,DOID:2531,CC BY 4.0,DISEASES,false
4481,DOID:10283,,DISEASES|DisGeNET,false
55717,DOID:3070,ODbL 1.0,DisGeNET,false
7248,DOID:263,ODbL 1.0,DisGeNET,false
4026,DOID:9352,CC BY 4.0,GWAS Catalog,true
151056,DOID:332,CC BY 4.0,DISEASES,false
113278,DOID:5041,ODbL 1.0,DisGeNET,false
4318,DOID:10763,,DISEASES|DOAF|DisGeNET,false
84159,DOID:2531,CC BY 4.0,DISEASES|GWAS Catalog,true
4846,DOID:9352,ODbL 1.0,DisGeNET,false
5997,DOID:10763,,DISEASES|DOAF|DisGeNET,false
2914,DOID:184,ODbL 1.0,DisGeNET,false
6241,DOID:363,ODbL 1.0,DisGeNET,false
6847,DOID:1793,ODbL 1.0,DisGeNET,false
384,DOID:2841,ODbL 1.0,DisGeNET,false
3005,DOID:2174,CC BY 4.0,DISEASES,false
7040,DOID:8577,,DOAF,false
6623,DOID:1612,ODbL 1.0,DisGeNET,false
5745,DOID:11476,CC BY 4.0,DISEASES,false
4846,DOID:418,,DOAF,false
50964,DOID:11476,CC BY 4.0,DISEASES,false
7351,DOID:2986,ODbL 1.0,DisGeNET,false
7124,DOID:10652,ODbL 1.0,DOAF|DisGeNET,false
2940,DOID:1324,CC BY 4.0,DISEASES,false
9985,DOID:1909,ODbL 1.0,DisGeNET,false
1585,DOID:3393,ODbL 1.0,DisGeNET,false
4869,DOID:1115,,DOAF,false
2638,DOID:7148,ODbL 1.0,DisGeNET,false
836,DOID:4362,CC BY 4.0,DISEASES,false
5291,DOID:1324,CC BY 4.0,DISEASES,false
2335,DOID:2841,CC BY 4.0,DISEASES,false
4609,DOID:1115,ODbL 1.0,DisGeNET,false
10673,DOID:9074,CC BY 4.0,DISEASES|DOAF,false
3992,DOID:10534,ODbL 1.0,DisGeNET,false
259266,DOID:2986,ODbL 1.0,DisGeNET,false
4758,DOID:1826,ODbL 1.0,DisGeNET,false
11213,DOID:2841,CC BY 4.0,DISEASES,false
3291,DOID:3393,ODbL 1.0,DisGeNET,false
10766,DOID:12306,,DisGeNET|GWAS Catalog,true
166336,DOID:1826,CC BY 4.0,DISEASES,false
29967,DOID:1686,CC BY 4.0,GWAS Catalog,true
338,DOID:9970,CC BY 4.0,DISEASES,false
1373,DOID:10763,ODbL 1.0,DisGeNET,false
925,DOID:635,CC BY 4.0,DISEASES,false
51750,DOID:3070,ODbL 1.0,DisGeNET,false
1915,DOID:10534,ODbL 1.0,DisGeNET,false
1071,DOID:10763,ODbL 1.0,DisGeNET,false
973,DOID:10608,CC BY 4.0,DISEASES,false
2315,DOID:12306,CC BY 4.0,DISEASES,false
2146,DOID:363,ODbL 1.0,DisGeNET,false
1605,DOID:12236,ODbL 1.0,DisGeNET,false
4318,DOID:8577,ODbL 1.0,DisGeNET,false
775,DOID:1595,CC BY 4.0,GWAS Catalog,true
921,DOID:2531,CC BY 4.0,DISEASES,false
2719,DOID:263,ODbL 1.0,DisGeNET,false
5723,DOID:2174,CC BY 4.0,DISEASES,false
22796,DOID:14221,CC BY 4.0,DISEASES,false
6597,DOID:2531,ODbL 1.0,DisGeNET,false
10158,DOID:10283,ODbL 1.0,DisGeNET,false
653361,DOID:7148,ODbL 1.0,DisGeNET,false
5327,DOID:1936,ODbL 1.0,DisGeNET,false
64866,DOID:2986,ODbL 1.0,DisGeNET,false
3312,DOID:10534,ODbL 1.0,DisGeNET,false
3596,DOID:2841,,DISEASES|DOAF|DisGeNET,false
1565,DOID:1612,,DISEASES|DisGeNET,false
23385,DOID:10652,,DISEASES|DisGeNET,false
673,DOID:3953,ODbL 1.0,DisGeNET,false
8148,DOID:10534,ODbL 1.0,DisGeNET,false
26160,DOID:2531,CC BY 4.0,DISEASES,false
4313,DOID:184,ODbL 1.0,DisGeNET,false
5169,DOID:2355,CC BY 4.0,DISEASES,false
1385,DOID:1115,CC BY 4.0,DISEASES,false
284359,DOID:1686,CC BY 4.0,DISEASES,false
973,DOID:2531,CC BY 4.0,DISEASES,false
1440,DOID:3571,ODbL 1.0,DisGeNET,false
8653,DOID:14227,CC BY 4.0,DISEASES,false
2057,DOID:1612,ODbL 1.0,DisGeNET,false
54658,DOID:2531,ODbL 1.0,DisGeNET,false
4162,DOID:2377,ODbL 1.0,DisGeNET,false
57085,DOID:10763,ODbL 1.0,DisGeNET,false
1813,DOID:9970,ODbL 1.0,DisGeNET,false
955,DOID:2994,ODbL 1.0,DisGeNET,false
5743,DOID:4989,ODbL 1.0,DisGeNET,false
11173,DOID:3393,CC BY 4.0,GWAS Catalog,true
4609,DOID:1909,,DOAF,false
1794,DOID:5041,ODbL 1.0,DisGeNET,false
3313,DOID:263,ODbL 1.0,DisGeNET,false
7080,DOID:1781,CC BY 4.0,DISEASES|GWAS Catalog,true
3119,DOID:10608,,DISEASES|DOAF|DisGeNET,false
8626,DOID:1324,,DisGeNET|GWAS Catalog,true
26011,DOID:1094,CC BY 4.0,GWAS Catalog,true
55534,DOID:8850,ODbL 1.0,DisGeNET,false
999,DOID:10283,,DISEASES|DisGeNET,false
4318,DOID:3571,CC BY 4.0,DISEASES,false
23435,DOID:10652,CC BY 4.0,DISEASES,false
6648,DOID:7693,ODbL 1.0,DisGeNET,false
133522,DOID:1612,ODbL 1.0,DisGeNET,false
8743,DOID:2531,,DISEASES|DisGeNET,false
5209,DOID:3393,ODbL 1.0,DisGeNET,false
8200,DOID:8398,CC BY 4.0,DISEASES|DOAF,false
219,DOID:3312,CC BY 4.0,DISEASES,false
4036,DOID:784,ODbL 1.0,DisGeNET,false
79602,DOID:784,ODbL 1.0,DisGeNET,false
7153,DOID:3953,ODbL 1.0,DisGeNET,false
60468,DOID:12306,,DisGeNET|GWAS Catalog,true
6517,DOID:14221,CC BY 4.0,DISEASES,false
2814,DOID:4362,CC BY 4.0,DISEASES,false
3553,DOID:2355,ODbL 1.0,DisGeNET,false
3558,DOID:3277,CC BY 4.0,DISEASES,false
4854,DOID:6364,CC BY 4.0,DISEASES,false
221927,DOID:1826,CC BY 4.0,DISEASES,false
59067,DOID:9074,ODbL 1.0,DisGeNET,false
540,DOID:11934,ODbL 1.0,DisGeNET,false
6885,DOID:2986,ODbL 1.0,DisGeNET,false
1557,DOID:3393,CC BY 4.0,DISEASES,false
83259,DOID:10283,ODbL 1.0,DisGeNET,false
3567,DOID:3310,,DISEASES|DisGeNET,false
59272,DOID:12236,ODbL 1.0,DisGeNET,false
285440,DOID:184,CC BY 4.0,DISEASES,false
4524,DOID:363,ODbL 1.0,DisGeNET,false
29089,DOID:2355,CC BY 4.0,DISEASES,false
79887,DOID:1324,ODbL 1.0,DisGeNET,false
9509,DOID:10652,CC BY 4.0,DISEASES,false
3570,DOID:2841,CC BY 4.0,GWAS Catalog,true
56729,DOID:7148,,DOAF,false
10452,DOID:10652,CC BY 4.0,DISEASES,false
3815,DOID:1909,,DISEASES|DOAF|DisGeNET,false
8829,DOID:1793,ODbL 1.0,DisGeNET,false
7015,DOID:11054,,DisGeNET|GWAS Catalog,true
2806,DOID:3571,CC BY 4.0,DISEASES,false
7189,DOID:7148,ODbL 1.0,DisGeNET,false
1000,DOID:3393,ODbL 1.0,DisGeNET,false
3233,DOID:2994,CC BY 4.0,DISEASES,false
2870,DOID:7148,ODbL 1.0,DisGeNET,false
6285,DOID:10652,,DISEASES|DisGeNET,false
3728,DOID:10283,ODbL 1.0,DisGeNET,false
50617,DOID:585,CC BY 4.0,DISEASES,false
4292,DOID:2531,ODbL 1.0,DisGeNET,false
3952,DOID:7148,,DOAF,false
6288,DOID:2355,CC BY 4.0,DISEASES,false
3202,DOID:11934,ODbL 1.0,DisGeNET,false
5300,DOID:1612,ODbL 1.0,DisGeNET,false
324,DOID:9206,,DOAF,false
6648,DOID:10652,ODbL 1.0,DisGeNET,false
2026,DOID:4159,CC BY 4.0,DISEASES,false
1636,DOID:10763,,DISEASES|DOAF|DisGeNET,false
3113,DOID:2043,CC BY 4.0,DISEASES|DOAF,false
2787,DOID:10283,ODbL 1.0,DisGeNET,false
221895,DOID:7148,CC BY 4.0,GWAS Catalog,true
2941,DOID:1612,CC BY 4.0,DISEASES,false
2196,DOID:5041,ODbL 1.0,DisGeNET,false
1592,DOID:9206,ODbL 1.0,DisGeNET,false
3251,DOID:13189,CC BY 4.0,DISEASES,false
5796,DOID:1909,ODbL 1.0,DisGeNET,false
84312,DOID:1612,CC BY 4.0,DISEASES,false
84787,DOID:3571,ODbL 1.0,DisGeNET,false
1719,DOID:12365,CC BY 4.0,DISEASES,false
2805,DOID:0050741,CC BY 4.0,DISEASES,false
23394,DOID:12849,ODbL 1.0,DisGeNET,false
2,DOID:10652,,DISEASES|DOAF|DisGeNET,false
4524,DOID:1936,CC BY 4.0,DISEASES|DOAF,false
8495,DOID:4606,CC BY 4.0,DISEASES,false
250,DOID:11476,CC BY 4.0,DISEASES,false
9334,DOID:0060119,CC BY 4.0,DISEASES,false
79132,DOID:1909,CC BY 4.0,DISEASES,false
3855,DOID:3571,CC BY 4.0,DISEASES,false
627,DOID:1686,ODbL 1.0,DisGeNET,false
3400,DOID:10534,ODbL 1.0,DisGeNET,false
4286,DOID:4159,,DISEASES|DisGeNET,false
4193,DOID:1324,ODbL 1.0,DisGeNET,false
4318,DOID:332,,DOAF,false
335,DOID:10534,ODbL 1.0,DisGeNET,false
5445,DOID:1936,CC BY 4.0,DISEASES|DOAF,false
4129,DOID:14330,,DISEASES|DisGeNET,false
5981,DOID:184,ODbL 1.0,DisGeNET,false
4605,DOID:2531,ODbL 1.0,DisGeNET,false
249,DOID:14268,CC BY 4.0,DISEASES,false
5069,DOID:3393,,DISEASES|DisGeNET,false
1116,DOID:7148,CC BY 4.0,DISEASES|DOAF,false
9839,DOID:5419,CC BY 4.0,GWAS Catalog,true
3123,DOID:8893,,DOAF,false
6605,DOID:8850,ODbL 1.0,DisGeNET,false
3115,DOID:10608,,DISEASES|DisGeNET,false
5176,DOID:10652,ODbL 1.0,DisGeNET,false
5245,DOID:11054,ODbL 1.0,DisGeNET,false
8743,DOID:11612,ODbL 1.0,DisGeNET,false
7166,DOID:5419,CC BY 4.0,DISEASES|DOAF,false
23495,DOID:9074,ODbL 1.0,DisGeNET,false
81037,DOID:4362,ODbL 1.0,DisGeNET,false
2571,DOID:3312,CC BY 4.0,DISEASES,false
23603,DOID:1324,ODbL 1.0,DisGeNET,false
5293,DOID:1909,CC BY 4.0,DISEASES,false
1298,DOID:8398,CC BY 4.0,DISEASES,false
5734,DOID:2531,ODbL 1.0,DisGeNET,false
83872,DOID:10871,CC BY 4.0,DISEASES,false
619373,DOID:9970,CC BY 4.0,DISEASES,false
5921,DOID:2986,ODbL 1.0,DisGeNET,false
4153,DOID:11714,ODbL 1.0,DisGeNET,false
123016,DOID:9970,CC BY 4.0,DISEASES,false
2641,DOID:10763,ODbL 1.0,DisGeNET,false
5055,DOID:10534,ODbL 1.0,DisGeNET,false
3586,DOID:10608,,DOAF,false
10981,DOID:2986,ODbL 1.0,DisGeNET,false
4255,DOID:3070,,DISEASES|DisGeNET,false
57094,DOID:1826,CC BY 4.0,DISEASES,false
2255,DOID:9296,ODbL 1.0,DisGeNET,false
2952,DOID:5041,ODbL 1.0,DisGeNET,false
7515,DOID:1324,CC BY 4.0,DISEASES,false
1373,DOID:9970,ODbL 1.0,DisGeNET,false
7037,DOID:11612,ODbL 1.0,DisGeNET,false
1364,DOID:11612,ODbL 1.0,DisGeNET,false
207,DOID:1826,ODbL 1.0,DisGeNET,false
2952,DOID:2841,ODbL 1.0,DOAF|DisGeNET,false
3952,DOID:11476,CC BY 4.0,DISEASES,false
4988,DOID:0050741,CC BY 4.0,DISEASES,false
4155,DOID:5419,,DOAF,false
4131,DOID:1192,CC BY 4.0,DISEASES,false
2904,DOID:10652,CC BY 4.0,DISEASES|DOAF,false
969,DOID:7148,CC BY 4.0,DISEASES,false
210,DOID:10763,ODbL 1.0,DisGeNET,false
1129,DOID:0050741,CC BY 4.0,DISEASES,false
6532,DOID:6364,,DOAF,false
65986,DOID:2841,CC BY 4.0,GWAS Catalog,true
962,DOID:2355,CC BY 4.0,DISEASES,false
222546,DOID:10283,,DisGeNET|GWAS Catalog,true
91646,DOID:8850,CC BY 4.0,DISEASES,false
25976,DOID:2394,,DisGeNET|GWAS Catalog,true
8065,DOID:1612,ODbL 1.0,DisGeNET,false
960,DOID:1793,ODbL 1.0,DisGeNET,false
2837,DOID:10763,ODbL 1.0,DisGeNET,false
2878,DOID:3393,CC BY 4.0,DISEASES,false
55729,DOID:2994,ODbL 1.0,DisGeNET,false
3351,DOID:6364,CC BY 4.0,DISEASES,false
7306,DOID:12306,CC BY 4.0,DISEASES,false
2803,DOID:10283,ODbL 1.0,DisGeNET,false
11343,DOID:11476,ODbL 1.0,DisGeNET,false
27347,DOID:12849,ODbL 1.0,DisGeNET,false
4583,DOID:8577,ODbL 1.0,DisGeNET,false
11067,DOID:9970,CC BY 4.0,DISEASES,false
7852,DOID:1612,CC BY 4.0,DISEASES,false
130814,DOID:3571,ODbL 1.0,DisGeNET,false
2833,DOID:2377,CC BY 4.0,DISEASES,false
9426,DOID:14227,CC BY 4.0,DISEASES,false
1153,DOID:3393,ODbL 1.0,DisGeNET,false
4829,DOID:1612,ODbL 1.0,DisGeNET,false
551,DOID:784,CC BY 4.0,DISEASES,false
6348,DOID:2377,CC BY 4.0,DISEASES,false
4843,DOID:9744,ODbL 1.0,DisGeNET,false
3732,DOID:10763,ODbL 1.0,DisGeNET,false
1508,DOID:3393,ODbL 1.0,DisGeNET,false
10586,DOID:7148,ODbL 1.0,DisGeNET,false
3030,DOID:10763,CC BY 4.0,DISEASES,false
23270,DOID:1909,ODbL 1.0,DisGeNET,false
9874,DOID:2986,ODbL 1.0,DisGeNET,false
1465,DOID:10283,ODbL 1.0,DisGeNET,false
673,DOID:1909,,DISEASES|DOAF|DisGeNET,false
7062,DOID:9835,CC BY 4.0,GWAS Catalog,true
624,DOID:2841,ODbL 1.0,DisGeNET,false
55876,DOID:2841,ODbL 1.0,DisGeNET,false
3440,DOID:3070,ODbL 1.0,DisGeNET,false
5644,DOID:4989,,DISEASES|DOAF|DisGeNET|GWAS Catalog,true
378884,DOID:1826,,DISEASES|DisGeNET,false
2312,DOID:2841,CC BY 4.0,DISEASES|DOAF,false
949,DOID:784,ODbL 1.0,DisGeNET,false
5017,DOID:3310,,DisGeNET|GWAS Catalog,true
4313,DOID:10941,ODbL 1.0,DisGeNET,false
6558,DOID:10763,ODbL 1.0,DisGeNET,false
713,DOID:3393,ODbL 1.0,DisGeNET,false
6532,DOID:0050741,CC BY 4.0,DISEASES,false
966,DOID:2355,CC BY 4.0,DISEASES|DOAF,false
63892,DOID:9352,,DisGeNET|GWAS Catalog,true
9379,DOID:1793,CC BY 4.0,DISEASES,false
27035,DOID:1936,CC BY 4.0,DISEASES,false
3939,DOID:3393,ODbL 1.0,DisGeNET,false
2100,DOID:363,CC BY 4.0,DISEASES,false
6943,DOID:3393,CC BY 4.0,GWAS Catalog,true
730,DOID:10976,ODbL 1.0,DisGeNET,false
912,DOID:3393,CC BY 4.0,DISEASES,false
171389,DOID:3393,CC BY 4.0,DISEASES,false
8243,DOID:8850,ODbL 1.0,DisGeNET,false
2178,DOID:2355,,DISEASES|DisGeNET,false
7432,DOID:824,ODbL 1.0,DisGeNET,false
80271,DOID:13378,,DISEASES|DOAF|DisGeNET,false
63978,DOID:2998,ODbL 1.0,DisGeNET,false
6635,DOID:1826,CC BY 4.0,DISEASES,false
4194,DOID:10283,CC BY 4.0,GWAS Catalog,true
3020,DOID:3070,ODbL 1.0,DisGeNET,false
9136,DOID:418,CC BY 4.0,DISEASES,false
125893,DOID:8893,ODbL 1.0,DisGeNET,false
3872,DOID:4159,ODbL 1.0,DisGeNET,false
3990,DOID:1936,CC BY 4.0,DISEASES|DOAF,false
166336,DOID:3571,ODbL 1.0,DisGeNET,false
2946,DOID:1324,ODbL 1.0,DisGeNET,false
7038,DOID:12361,CC BY 4.0,DISEASES|DOAF|GWAS Catalog,true
3084,DOID:3312,CC BY 4.0,DISEASES|DOAF,false
23556,DOID:1826,CC BY 4.0,DISEASES,false
10236,DOID:1612,ODbL 1.0,DisGeNET,false
2208,DOID:3310,CC BY 4.0,DISEASES,false
7352,DOID:10763,ODbL 1.0,DisGeNET,false
796,DOID:9352,ODbL 1.0,DisGeNET,false
1653,DOID:784,CC BY 4.0,GWAS Catalog,true
9697,DOID:1826,CC BY 4.0,DISEASES,false
3146,DOID:9074,,DOAF,false
5999,DOID:3312,CC BY 4.0,DISEASES,false
8644,DOID:11612,ODbL 1.0,DisGeNET,false
3558,DOID:2394,CC BY 4.0,DISEASES,false
8767,DOID:8577,ODbL 1.0,DisGeNET,false
4650,DOID:10608,,DISEASES|DOAF|DisGeNET,false
3107,DOID:8893,,DISEASES|DOAF|DisGeNET,false
6565,DOID:2377,CC BY 4.0,GWAS Catalog,true
7980,DOID:1612,ODbL 1.0,DisGeNET,false
3845,DOID:1612,ODbL 1.0,DisGeNET,false
650,DOID:10534,ODbL 1.0,DisGeNET,false
4282,DOID:1612,ODbL 1.0,DisGeNET,false
4089,DOID:5041,ODbL 1.0,DisGeNET,false
5741,DOID:11476,,DISEASES|DisGeNET,false
6513,DOID:1612,ODbL 1.0,DisGeNET,false
245806,DOID:1909,ODbL 1.0,DisGeNET,false
4843,DOID:1909,,DOAF,false
150094,DOID:12930,ODbL 1.0,DisGeNET,false
8710,DOID:2986,CC BY 4.0,DISEASES|DOAF,false
1636,DOID:9074,,DOAF,false
10,DOID:10283,ODbL 1.0,DisGeNET,false
55149,DOID:1909,ODbL 1.0,DisGeNET,false
959,DOID:2531,CC BY 4.0,DISEASES,false
90226,DOID:784,CC BY 4.0,DISEASES,false
5327,DOID:10763,ODbL 1.0,DisGeNET,false
1789,DOID:2531,CC BY 4.0,DISEASES,false
9966,DOID:8577,,DISEASES|DOAF|DisGeNET|GWAS Catalog,true
1387,DOID:8850,ODbL 1.0,DisGeNET,false
7178,DOID:10283,ODbL 1.0,DisGeNET,false
57167,DOID:2994,CC BY 4.0,DISEASES,false
29126,DOID:1909,CC BY 4.0,DISEASES,false
7015,DOID:1909,ODbL 1.0,DisGeNET,false
54894,DOID:363,ODbL 1.0,DisGeNET,false
22999,DOID:5419,CC BY 4.0,GWAS Catalog,true
79977,DOID:7148,CC BY 4.0,GWAS Catalog,true
114905,DOID:12995,CC BY 4.0,DISEASES|GWAS Catalog,true
10806,DOID:5419,CC BY 4.0,GWAS Catalog,true
2690,DOID:10283,ODbL 1.0,DisGeNET,false
3898,DOID:9744,CC BY 4.0,DISEASES,false
4790,DOID:1936,,DOAF,false
941,DOID:12236,,DisGeNET|GWAS Catalog,true
57088,DOID:1324,ODbL 1.0,DisGeNET,false
1636,DOID:12236,ODbL 1.0,DisGeNET,false
701,DOID:219,ODbL 1.0,DisGeNET,false
26191,DOID:8893,,DOAF,false
4292,DOID:363,CC BY 4.0,DISEASES,false
213,DOID:9970,CC BY 4.0,DISEASES,false
9113,DOID:263,CC BY 4.0,DISEASES,false
54413,DOID:12849,ODbL 1.0,DOAF|DisGeNET,false
3371,DOID:2841,ODbL 1.0,DisGeNET,false
309,DOID:2531,ODbL 1.0,DisGeNET,false
151354,DOID:11612,ODbL 1.0,DisGeNET,false
55219,DOID:3393,ODbL 1.0,DisGeNET,false
9055,DOID:2986,ODbL 1.0,DisGeNET,false
11251,DOID:2841,CC BY 4.0,DISEASES|DOAF,false
4582,DOID:3083,ODbL 1.0,DisGeNET,false
1786,DOID:10283,ODbL 1.0,DisGeNET,false
10800,DOID:10763,ODbL 1.0,DisGeNET,false
2268,DOID:2531,CC BY 4.0,DISEASES,false
9687,DOID:10283,ODbL 1.0,DisGeNET,false
7076,DOID:9352,ODbL 1.0,DisGeNET,false
3105,DOID:3070,ODbL 1.0,DisGeNET,false
7292,DOID:9074,,DISEASES|DOAF|DisGeNET|GWAS Catalog,true
6356,DOID:3310,,DISEASES|DisGeNET,false
5243,DOID:5419,,DOAF,false
54556,DOID:11934,,DISEASES|DisGeNET,false
835,DOID:263,ODbL 1.0,DisGeNET,false
4843,DOID:4606,ODbL 1.0,DisGeNET,false
27175,DOID:3070,CC BY 4.0,DISEASES,false
5743,DOID:9352,ODbL 1.0,DisGeNET,false
6352,DOID:3393,ODbL 1.0,DisGeNET,false
4089,DOID:4606,ODbL 1.0,DisGeNET,false
3557,DOID:12849,ODbL 1.0,DisGeNET,false
5728,DOID:263,ODbL 1.0,DisGeNET,false
4000,DOID:12930,,DISEASES|DOAF|DisGeNET,false
2099,DOID:363,,DISEASES|DisGeNET,false
6550,DOID:10763,,DISEASES|DisGeNET,false
163486,DOID:12236,,DisGeNET|GWAS Catalog,true
5468,DOID:10534,ODbL 1.0,DisGeNET,false
6556,DOID:8577,ODbL 1.0,DisGeNET,false
220,DOID:10534,ODbL 1.0,DisGeNET,false
1017,DOID:1909,ODbL 1.0,DisGeNET,false
1906,DOID:10763,,DISEASES|DOAF|DisGeNET,false
5599,DOID:3310,ODbL 1.0,DisGeNET,false
5743,DOID:10283,,DISEASES|DisGeNET,false
213,DOID:7148,CC BY 4.0,DISEASES,false
229,DOID:10534,ODbL 1.0,DisGeNET,false
720,DOID:2377,,DOAF,false
4792,DOID:8893,,DisGeNET|GWAS Catalog,true
6128,DOID:14330,ODbL 1.0,DisGeNET,false
7124,DOID:1793,ODbL 1.0,DisGeNET,false
4854,DOID:3070,ODbL 1.0,DisGeNET,false
1549,DOID:0050742,CC BY 4.0,DISEASES,false
2833,DOID:3070,ODbL 1.0,DisGeNET,false
100,DOID:10763,ODbL 1.0,DisGeNET,false
1814,DOID:5419,CC BY 4.0,DISEASES|DOAF,false
4162,DOID:1909,CC BY 4.0,DISEASES|DOAF,false
973,DOID:12236,CC BY 4.0,DISEASES,false
7480,DOID:1612,ODbL 1.0,DisGeNET,false
4625,DOID:3393,ODbL 1.0,DisGeNET,false
9048,DOID:1612,ODbL 1.0,DisGeNET,false
8440,DOID:1686,CC BY 4.0,DISEASES,false
3577,DOID:8577,ODbL 1.0,DisGeNET,false
3569,DOID:12365,CC BY 4.0,DISEASES,false
7054,DOID:1192,CC BY 4.0,DISEASES,false
26047,DOID:1826,,DISEASES|DisGeNET,false
2355,DOID:263,ODbL 1.0,DisGeNET,false
3690,DOID:1909,,DOAF,false
267012,DOID:3312,CC BY 4.0,DISEASES|DOAF,false
617,DOID:2355,CC BY 4.0,DISEASES,false
842,DOID:332,ODbL 1.0,DisGeNET,false
1636,DOID:14221,CC BY 4.0,DISEASES|DOAF,false
3458,DOID:8577,CC BY 4.0,DISEASES|DOAF|GWAS Catalog,true
2876,DOID:1826,ODbL 1.0,DisGeNET,false
1958,DOID:10763,ODbL 1.0,DisGeNET,false
5471,DOID:3393,ODbL 1.0,DisGeNET,false
1909,DOID:10941,CC BY 4.0,GWAS Catalog,true
1666,DOID:10763,CC BY 4.0,DISEASES,false
4763,DOID:2531,,DISEASES|DisGeNET,false
23607,DOID:10652,,DisGeNET|GWAS Catalog,true
6696,DOID:1909,,DOAF,false
5610,DOID:10652,,DOAF,false
55905,DOID:7148,CC BY 4.0,GWAS Catalog,true
84665,DOID:12930,CC BY 4.0,DISEASES,false
25913,DOID:2531,,DisGeNET|GWAS Catalog,true
3553,DOID:7148,,DISEASES|DOAF|DisGeNET,false
4609,DOID:1319,,DISEASES|DisGeNET,false
7054,DOID:5419,CC BY 4.0,DISEASES,false
6662,DOID:8398,CC BY 4.0,DISEASES,false
7341,DOID:9296,,DISEASES|DOAF|DisGeNET,false
2707,DOID:2531,CC BY 4.0,DISEASES,false
3091,DOID:3393,ODbL 1.0,DisGeNET,false
53345,DOID:3393,ODbL 1.0,DisGeNET,false
1803,DOID:9352,CC BY 4.0,DISEASES,false
5468,DOID:9206,ODbL 1.0,DisGeNET,false
623,DOID:3393,ODbL 1.0,DisGeNET,false
238,DOID:2531,CC BY 4.0,DISEASES,false
4217,DOID:1909,ODbL 1.0,DisGeNET,false
865,DOID:2531,ODbL 1.0,DisGeNET,false
7298,DOID:9296,ODbL 1.0,DisGeNET,false
441168,DOID:8577,CC BY 4.0,GWAS Catalog,true
3026,DOID:10763,CC BY 4.0,DISEASES,false
22954,DOID:9970,CC BY 4.0,DISEASES,false
1268,DOID:10763,ODbL 1.0,DisGeNET,false
4790,DOID:2043,,DOAF,false
64061,DOID:363,ODbL 1.0,DisGeNET,false
29901,DOID:1909,ODbL 1.0,DisGeNET,false
1401,DOID:1826,ODbL 1.0,DisGeNET,false
6557,DOID:10763,CC BY 4.0,DISEASES,false
920,DOID:8778,CC BY 4.0,DISEASES,false
3265,DOID:1115,,DISEASES|DisGeNET,false
306,DOID:9074,ODbL 1.0,DisGeNET,false
80303,DOID:8850,ODbL 1.0,DisGeNET,false
5154,DOID:2531,ODbL 1.0,DisGeNET,false
51268,DOID:8893,CC BY 4.0,DISEASES,false
6678,DOID:10976,ODbL 1.0,DisGeNET,false
51561,DOID:9008,CC BY 4.0,DISEASES,false
836,DOID:2531,CC BY 4.0,DISEASES,false
3717,DOID:8778,CC BY 4.0,GWAS Catalog,true
308,DOID:1324,,DISEASES|DisGeNET,false
5653,DOID:2394,CC BY 4.0,DISEASES,false
3363,DOID:5419,CC BY 4.0,DISEASES,false
7124,DOID:824,CC BY 4.0,DISEASES|DOAF,false
3265,DOID:11054,,DISEASES|DisGeNET,false
6750,DOID:5041,ODbL 1.0,DisGeNET,false
1906,DOID:1686,CC BY 4.0,DISEASES,false
3099,DOID:9970,ODbL 1.0,DisGeNET,false
10625,DOID:10283,ODbL 1.0,DisGeNET,false
3592,DOID:3070,ODbL 1.0,DisGeNET,false
6387,DOID:1612,ODbL 1.0,DisGeNET,false
1910,DOID:1909,,DOAF,false
1141,DOID:12849,ODbL 1.0,DisGeNET,false
836,DOID:219,CC BY 4.0,DISEASES,false
3778,DOID:12849,ODbL 1.0,DisGeNET,false
5360,DOID:1936,CC BY 4.0,DISEASES|DOAF,false
3569,DOID:635,CC BY 4.0,DISEASES,false
6546,DOID:10763,ODbL 1.0,DisGeNET,false
8289,DOID:2531,ODbL 1.0,DisGeNET,false
4502,DOID:11054,ODbL 1.0,DisGeNET,false
50604,DOID:9744,ODbL 1.0,DisGeNET,false
5083,DOID:1612,CC BY 4.0,GWAS Catalog,true
51738,DOID:5041,ODbL 1.0,DisGeNET,false
3709,DOID:263,CC BY 4.0,GWAS Catalog,true
5449,DOID:1459,CC BY 4.0,DISEASES,false
4851,DOID:5041,ODbL 1.0,DisGeNET,false
4072,DOID:219,CC BY 4.0,DISEASES,false
1524,DOID:10763,ODbL 1.0,DisGeNET,false
3784,DOID:10763,ODbL 1.0,DisGeNET,false
1027,DOID:2531,CC BY 4.0,DISEASES,false
1191,DOID:1936,ODbL 1.0,DisGeNET,false
808,DOID:8577,CC BY 4.0,GWAS Catalog,true
4288,DOID:9352,ODbL 1.0,DisGeNET,false
153129,DOID:3571,ODbL 1.0,DisGeNET,false
2299,DOID:1459,CC BY 4.0,DISEASES,false
10188,DOID:3571,ODbL 1.0,DisGeNET,false
51466,DOID:1612,ODbL 1.0,DisGeNET,false
10397,DOID:1793,ODbL 1.0,DisGeNET,false
4129,DOID:2355,ODbL 1.0,DisGeNET,false
5078,DOID:1909,ODbL 1.0,DisGeNET,false
93611,DOID:10283,ODbL 1.0,DisGeNET,false
3135,DOID:4481,,DOAF,false
6367,DOID:2841,,DISEASES|DisGeNET,false
5536,DOID:8778,CC BY 4.0,GWAS Catalog,true
2026,DOID:11054,ODbL 1.0,DisGeNET,false
434,DOID:4159,ODbL 1.0,DisGeNET,false
1316,DOID:10283,,DISEASES|DisGeNET,false
56990,DOID:363,CC BY 4.0,DISEASES,false
8630,DOID:2394,CC BY 4.0,DISEASES,false
3815,DOID:263,CC BY 4.0,DISEASES,false
2305,DOID:1612,ODbL 1.0,DisGeNET,false
27185,DOID:3312,,DOAF,false
9824,DOID:2986,ODbL 1.0,DisGeNET,false
5743,DOID:4606,ODbL 1.0,DisGeNET,false
7157,DOID:5041,,DISEASES|DisGeNET,false
53353,DOID:1909,ODbL 1.0,DisGeNET,false
859,DOID:3393,ODbL 1.0,DisGeNET,false
2353,DOID:1612,ODbL 1.0,DisGeNET,false
4851,DOID:1793,ODbL 1.0,DisGeNET,false
3623,DOID:2394,CC BY 4.0,DISEASES,false
4118,DOID:11934,ODbL 1.0,DisGeNET,false
83636,DOID:2394,ODbL 1.0,DisGeNET,false
4318,DOID:8398,CC BY 4.0,DISEASES,false
84444,DOID:8398,CC BY 4.0,GWAS Catalog,true
9547,DOID:2841,ODbL 1.0,DisGeNET,false
7352,DOID:9970,,DISEASES|DOAF|DisGeNET,false
5341,DOID:2377,CC BY 4.0,GWAS Catalog,true
4318,DOID:12236,ODbL 1.0,DisGeNET,false
23046,DOID:7147,CC BY 4.0,GWAS Catalog,true
213,DOID:8778,CC BY 4.0,DISEASES,false
8842,DOID:363,ODbL 1.0,DisGeNET,false
4852,DOID:1826,,DISEASES|DisGeNET,false
8936,DOID:1595,CC BY 4.0,DISEASES,false
7412,DOID:7148,CC BY 4.0,DISEASES|DOAF,false
3586,DOID:4989,,DISEASES|DOAF|DisGeNET,false
6492,DOID:9970,,DISEASES|DOAF|DisGeNET,false
2248,DOID:1612,ODbL 1.0,DisGeNET,false
652,DOID:9296,CC BY 4.0,DISEASES,false
7941,DOID:14221,ODbL 1.0,DisGeNET,false
2908,DOID:2531,CC BY 4.0,DISEASES,false
8575,DOID:14330,CC BY 4.0,DISEASES,false
7150,DOID:2394,CC BY 4.0,DISEASES,false
6647,DOID:3393,ODbL 1.0,DisGeNET,false
558,DOID:1324,ODbL 1.0,DisGeNET,false
887,DOID:1793,,DISEASES|DisGeNET,false
4661,DOID:10534,CC BY 4.0,DISEASES,false
8764,DOID:3393,ODbL 1.0,DisGeNET,false
2778,DOID:10763,ODbL 1.0,DisGeNET,false
7840,DOID:9970,,DISEASES|DOAF|DisGeNET,false
6446,DOID:10763,CC BY 4.0,DISEASES,false
677,DOID:2377,CC BY 4.0,GWAS Catalog,true
5580,DOID:10763,ODbL 1.0,DisGeNET,false
4973,DOID:784,ODbL 1.0,DisGeNET,false
22822,DOID:2986,ODbL 1.0,DisGeNET,false
3605,DOID:9074,CC BY 4.0,DISEASES|DOAF,false
4524,DOID:7148,ODbL 1.0,DOAF|DisGeNET,false
23493,DOID:3070,ODbL 1.0,DisGeNET,false
1244,DOID:9352,ODbL 1.0,DisGeNET,false
2246,DOID:1909,CC BY 4.0,DISEASES,false
10758,DOID:9074,ODbL 1.0,DisGeNET,false
9619,DOID:1936,CC BY 4.0,DISEASES,false
5133,DOID:2377,ODbL 1.0,DisGeNET,false
8600,DOID:8778,CC BY 4.0,GWAS Catalog,true
3394,DOID:418,CC BY 4.0,GWAS Catalog,true
5739,DOID:10763,CC BY 4.0,DISEASES,false
55600,DOID:8778,CC BY 4.0,GWAS Catalog,true
580,DOID:2394,CC BY 4.0,DISEASES,false
27086,DOID:9206,CC BY 4.0,GWAS Catalog,true
2641,DOID:1793,CC BY 4.0,DISEASES,false
10232,DOID:1790,CC BY 4.0,DISEASES|DOAF,false
57185,DOID:10283,ODbL 1.0,DisGeNET,false
4012,DOID:9352,ODbL 1.0,DisGeNET,false
1742,DOID:11612,ODbL 1.0,DisGeNET,false
5034,DOID:10283,ODbL 1.0,DisGeNET,false
51151,DOID:4159,ODbL 1.0,DisGeNET,false
1788,DOID:2531,,DISEASES|DisGeNET,false
3383,DOID:1909,CC BY 4.0,DISEASES|DOAF,false
3248,DOID:10283,ODbL 1.0,DisGeNET,false
686,DOID:12849,ODbL 1.0,DisGeNET,false
4017,DOID:2043,ODbL 1.0,DisGeNET,false
54474,DOID:4606,CC BY 4.0,DISEASES,false
3606,DOID:824,,DOAF,false
27257,DOID:5419,CC BY 4.0,GWAS Catalog,true
871,DOID:2531,CC BY 4.0,DISEASES,false
27348,DOID:8986,CC BY 4.0,DISEASES,false
10499,DOID:10283,ODbL 1.0,DisGeNET,false
1593,DOID:1936,ODbL 1.0,DisGeNET,false
3397,DOID:9352,ODbL 1.0,DisGeNET,false
29887,DOID:2986,ODbL 1.0,DisGeNET,false
1490,DOID:3083,ODbL 1.0,DisGeNET,false
2274,DOID:2531,ODbL 1.0,DisGeNET,false
57178,DOID:9352,CC BY 4.0,GWAS Catalog,true
6648,DOID:1324,ODbL 1.0,DisGeNET,false
57498,DOID:4045,CC BY 4.0,DISEASES,false
2100,DOID:9970,ODbL 1.0,DisGeNET,false
7941,DOID:3393,,DISEASES|DOAF|DisGeNET,false
632,DOID:10283,ODbL 1.0,DisGeNET,false
26291,DOID:9744,ODbL 1.0,DisGeNET,false
4018,DOID:9970,CC BY 4.0,DISEASES,false
374,DOID:10534,ODbL 1.0,DisGeNET,false
1520,DOID:2986,ODbL 1.0,DisGeNET,false
6519,DOID:585,CC BY 4.0,DISEASES,false
10955,DOID:10283,ODbL 1.0,DisGeNET,false
8540,DOID:2986,ODbL 1.0,DisGeNET,false
4916,DOID:1319,CC BY 4.0,DISEASES,false
23308,DOID:8778,CC BY 4.0,GWAS Catalog,true
2041,DOID:10652,,DisGeNET|GWAS Catalog,true
5991,DOID:3070,CC BY 4.0,DISEASES,false
9457,DOID:6364,,DisGeNET|GWAS Catalog,true
1381,DOID:5041,ODbL 1.0,DisGeNET,false
2920,DOID:7148,ODbL 1.0,DisGeNET,false
8089,DOID:3070,ODbL 1.0,DisGeNET,false
79258,DOID:10608,CC BY 4.0,GWAS Catalog,true
2812,DOID:11612,ODbL 1.0,DisGeNET,false
23471,DOID:2986,ODbL 1.0,DisGeNET,false
6532,DOID:10763,,DISEASES|DOAF|DisGeNET,false
91147,DOID:9970,CC BY 4.0,DISEASES,false
23230,DOID:1826,CC BY 4.0,DISEASES,false
3106,DOID:9008,CC BY 4.0,DISEASES|DOAF,false
3678,DOID:10534,ODbL 1.0,DisGeNET,false
2805,DOID:3393,CC BY 4.0,DISEASES,false
4128,DOID:12995,CC BY 4.0,DISEASES,false
60343,DOID:2986,ODbL 1.0,DisGeNET,false
6170,DOID:2174,CC BY 4.0,DISEASES,false
6928,DOID:10283,,DISEASES|DisGeNET|GWAS Catalog,true
8209,DOID:184,CC BY 4.0,DISEASES,false
1761,DOID:2998,ODbL 1.0,DisGeNET,false
10564,DOID:2986,ODbL 1.0,DisGeNET,false
3384,DOID:10534,ODbL 1.0,DisGeNET,false
3439,DOID:2043,,DISEASES|DisGeNET,false
1410,DOID:3393,ODbL 1.0,DisGeNET,false
6154,DOID:2355,CC BY 4.0,DISEASES,false
2950,DOID:2531,ODbL 1.0,DisGeNET,false
55603,DOID:1612,CC BY 4.0,GWAS Catalog,true
2091,DOID:1612,ODbL 1.0,DisGeNET,false
7040,DOID:2377,CC BY 4.0,DISEASES,false
1600,DOID:1826,ODbL 1.0,DisGeNET,false
7432,DOID:10763,ODbL 1.0,DisGeNET,false
6657,DOID:2994,CC BY 4.0,DISEASES,false
712,DOID:2986,ODbL 1.0,DisGeNET,false
112755,DOID:1826,,DISEASES|DisGeNET,false
383,DOID:10763,ODbL 1.0,DisGeNET,false
3675,DOID:3393,ODbL 1.0,DisGeNET,false
6698,DOID:1612,CC BY 4.0,DISEASES,false
2200,DOID:14004,,DISEASES|DisGeNET|GWAS Catalog,true
3115,DOID:2841,ODbL 1.0,DOAF|DisGeNET,false
6347,DOID:9074,,DOAF,false
6833,DOID:9744,ODbL 1.0,DisGeNET,false
5602,DOID:1826,CC BY 4.0,DISEASES,false
55063,DOID:10652,CC BY 4.0,GWAS Catalog,true
1233,DOID:2841,ODbL 1.0,DisGeNET,false
811,DOID:10283,ODbL 1.0,DisGeNET,false
3605,DOID:2841,,DISEASES|DOAF|DisGeNET,false
6898,DOID:3571,CC BY 4.0,DISEASES,false
7052,DOID:10763,ODbL 1.0,DisGeNET,false
3065,DOID:10763,ODbL 1.0,DisGeNET,false
2212,DOID:9074,,DISEASES|DOAF|DisGeNET,false
7490,DOID:1115,CC BY 4.0,DISEASES,false
185,DOID:2841,ODbL 1.0,DisGeNET,false
2697,DOID:12930,CC BY 4.0,DISEASES,false
501,DOID:1612,CC BY 4.0,DISEASES,false
80829,DOID:2531,ODbL 1.0,DisGeNET,false
6497,DOID:1324,CC BY 4.0,DISEASES,false
1576,DOID:10283,ODbL 1.0,DisGeNET,false
54828,DOID:784,CC BY 4.0,GWAS Catalog,true
3569,DOID:11476,,DISEASES|DisGeNET,false
3291,DOID:9744,ODbL 1.0,DisGeNET,false
5476,DOID:1686,CC BY 4.0,DISEASES,false
2920,DOID:10763,ODbL 1.0,DisGeNET,false
945,DOID:2531,,DISEASES|DisGeNET,false
10019,DOID:12306,,DisGeNET|GWAS Catalog,true
7204,DOID:3571,ODbL 1.0,DisGeNET,false
7323,DOID:2986,ODbL 1.0,DisGeNET,false
5305,DOID:1909,ODbL 1.0,DisGeNET,false
4142,DOID:12236,ODbL 1.0,DisGeNET,false
79890,DOID:3083,CC BY 4.0,GWAS Catalog,true
84870,DOID:1612,ODbL 1.0,DisGeNET,false
9651,DOID:14227,CC BY 4.0,GWAS Catalog,true
6583,DOID:8577,CC BY 4.0,DISEASES,false
2212,DOID:13378,,DisGeNET|GWAS Catalog,true
7533,DOID:2986,ODbL 1.0,DisGeNET,false
22979,DOID:9744,CC BY 4.0,GWAS Catalog,true
79068,DOID:11612,,DOAF,false
22924,DOID:11612,ODbL 1.0,DisGeNET,false
4504,DOID:10652,CC BY 4.0,DISEASES,false
22909,DOID:9835,CC BY 4.0,DISEASES,false
2641,DOID:4989,CC BY 4.0,DISEASES,false
331,DOID:2531,CC BY 4.0,DISEASES,false
23583,DOID:10652,CC BY 4.0,DISEASES,false
163882,DOID:5612,CC BY 4.0,DISEASES,false
402,DOID:1909,ODbL 1.0,DisGeNET,false
387,DOID:9970,ODbL 1.0,DisGeNET,false
3880,DOID:1612,CC BY 4.0,DISEASES,false
6361,DOID:2841,,DISEASES|DisGeNET,false
7039,DOID:8893,ODbL 1.0,DisGeNET,false
268,DOID:14227,CC BY 4.0,DISEASES,false
3934,DOID:9970,ODbL 1.0,DisGeNET,false
3105,DOID:7147,,DISEASES|DisGeNET,false
196403,DOID:1612,ODbL 1.0,DisGeNET,false
79722,DOID:8778,CC BY 4.0,GWAS Catalog,true
7040,DOID:1312,ODbL 1.0,DisGeNET,false
2067,DOID:1324,,DISEASES|DisGeNET,false
3146,DOID:7148,,DOAF,false
4160,DOID:9352,CC BY 4.0,GWAS Catalog,true
23583,DOID:1612,CC BY 4.0,DISEASES,false
117159,DOID:3571,ODbL 1.0,DisGeNET,false
199990,DOID:2355,CC BY 4.0,DISEASES,false
1493,DOID:12361,,DISEASES|DOAF|DisGeNET|GWAS Catalog,true
3159,DOID:4045,ODbL 1.0,DisGeNET,false
3925,DOID:10283,ODbL 1.0,DisGeNET,false
3832,DOID:2986,ODbL 1.0,DisGeNET,false
102,DOID:14004,ODbL 1.0,DisGeNET,false
5154,DOID:4989,ODbL 1.0,DisGeNET,false
375790,DOID:2531,ODbL 1.0,DisGeNET,false
6721,DOID:9970,ODbL 1.0,DisGeNET,false
80183,DOID:2986,ODbL 1.0,DisGeNET,false
26191,DOID:7148,,DISEASES|DOAF|DisGeNET|GWAS Catalog,true
5770,DOID:10763,,DOAF,false
9508,DOID:8398,CC BY 4.0,DISEASES,false
4811,DOID:2986,ODbL 1.0,DisGeNET,false
2147,DOID:3070,ODbL 1.0,DisGeNET,false
27185,DOID:12849,ODbL 1.0,DisGeNET,false
9191,DOID:216,CC BY 4.0,DISEASES,false
10747,DOID:8577,ODbL 1.0,DisGeNET,false
6272,DOID:3393,CC BY 4.0,GWAS Catalog,true
267,DOID:11054,ODbL 1.0,DisGeNET,false
146664,DOID:11612,ODbL 1.0,DisGeNET,false
2735,DOID:1793,CC BY 4.0,DISEASES,false
604,DOID:2531,,DISEASES|DisGeNET,false
10,DOID:3571,ODbL 1.0,DisGeNET,false
6573,DOID:9296,ODbL 1.0,DisGeNET,false
1029,DOID:1793,ODbL 1.0,DisGeNET,false
590,DOID:2377,ODbL 1.0,DisGeNET,false
345,DOID:14221,,DISEASES|DisGeNET,false
3484,DOID:11612,CC BY 4.0,DISEASES,false
3417,DOID:3070,,DISEASES|DisGeNET,false
6138,DOID:2355,CC BY 4.0,DISEASES,false
6935,DOID:1612,ODbL 1.0,DisGeNET,false
81029,DOID:8850,ODbL 1.0,DisGeNET,false
5243,DOID:1192,ODbL 1.0,DisGeNET,false
7200,DOID:10763,ODbL 1.0,DisGeNET,false
3957,DOID:3393,,DISEASES|DisGeNET,false
9210,DOID:11612,,DISEASES|DOAF|DisGeNET,false
8797,DOID:7148,CC BY 4.0,DISEASES,false
835,DOID:1826,ODbL 1.0,DisGeNET,false
10961,DOID:1324,ODbL 1.0,DisGeNET,false
2729,DOID:2355,,DISEASES|DisGeNET,false
3315,DOID:1826,ODbL 1.0,DisGeNET,false
6484,DOID:8850,ODbL 1.0,DisGeNET,false
164395,DOID:3571,ODbL 1.0,DisGeNET,false
2539,DOID:14221,ODbL 1.0,DisGeNET,false
4804,DOID:10763,ODbL 1.0,DisGeNET,false
10568,DOID:1324,ODbL 1.0,DisGeNET,false
8379,DOID:5419,CC BY 4.0,GWAS Catalog,true
9607,DOID:635,CC BY 4.0,DISEASES,false
6934,DOID:3312,CC BY 4.0,GWAS Catalog,true
10855,DOID:1909,ODbL 1.0,DOAF|DisGeNET,false
1642,DOID:10534,ODbL 1.0,DisGeNET,false
7852,DOID:1909,,DOAF,false
5346,DOID:3393,CC BY 4.0,DISEASES,false
155,DOID:11612,ODbL 1.0,DisGeNET,false
4915,DOID:1686,ODbL 1.0,DisGeNET,false
3558,DOID:12849,ODbL 1.0,DisGeNET,false
4330,DOID:3565,ODbL 1.0,DisGeNET,false
6696,DOID:7148,,DOAF,false
285704,DOID:7148,ODbL 1.0,DisGeNET,false
488,DOID:9352,ODbL 1.0,DisGeNET,false
5071,DOID:12849,ODbL 1.0,DisGeNET,false
285,DOID:10763,ODbL 1.0,DOAF|DisGeNET,false
257,DOID:1319,CC BY 4.0,DISEASES,false
2661,DOID:11612,,DISEASES|DOAF|DisGeNET,false
1136,DOID:3083,CC BY 4.0,DISEASES|GWAS Catalog,true
3559,DOID:7148,,DISEASES|DisGeNET|GWAS Catalog,true
134,DOID:10763,ODbL 1.0,DisGeNET,false
4318,DOID:1909,,DOAF,false
1128,DOID:5419,,DOAF,false
55783,DOID:11612,ODbL 1.0,DisGeNET,false
5141,DOID:3083,CC BY 4.0,DISEASES,false
112476,DOID:1826,CC BY 4.0,DISEASES,false
1394,DOID:0050741,CC BY 4.0,DISEASES,false
249,DOID:5408,CC BY 4.0,DISEASES,false
3106,DOID:2531,CC BY 4.0,DISEASES,false
255239,DOID:5419,,DOAF,false
222643,DOID:5041,CC BY 4.0,GWAS Catalog,true
857,DOID:1686,ODbL 1.0,DisGeNET,false
3176,DOID:2841,ODbL 1.0,DisGeNET,false
10743,DOID:9970,ODbL 1.0,DisGeNET,false
4627,DOID:1312,,DISEASES|DisGeNET,false
9563,DOID:14221,CC BY 4.0,DISEASES,false
64135,DOID:9074,ODbL 1.0,DisGeNET,false
4314,DOID:12236,ODbL 1.0,DisGeNET,false
894,DOID:3393,ODbL 1.0,DisGeNET,false
6198,DOID:3393,ODbL 1.0,DisGeNET,false
6934,DOID:1612,CC BY 4.0,GWAS Catalog,true
11005,DOID:10283,ODbL 1.0,DisGeNET,false
2920,DOID:12930,ODbL 1.0,DisGeNET,false
56033,DOID:5041,ODbL 1.0,DisGeNET,false
2249,DOID:1612,ODbL 1.0,DisGeNET,false
23347,DOID:2986,ODbL 1.0,DisGeNET,false
9568,DOID:12849,ODbL 1.0,DisGeNET,false
55770,DOID:4159,CC BY 4.0,GWAS Catalog,true
925,DOID:3277,CC BY 4.0,DISEASES,false
3952,DOID:10283,ODbL 1.0,DisGeNET,false
3090,DOID:1319,ODbL 1.0,DisGeNET,false
3248,DOID:1781,ODbL 1.0,DisGeNET,false
9516,DOID:2986,ODbL 1.0,DisGeNET,false
1437,DOID:1909,,DISEASES|DisGeNET,false
5314,DOID:784,CC BY 4.0,DISEASES,false
374,DOID:1612,,DisGeNET|GWAS Catalog,true
10164,DOID:219,CC BY 4.0,DISEASES,false
1812,DOID:9970,ODbL 1.0,DisGeNET,false
3062,DOID:8986,,DISEASES|DisGeNET,false
5002,DOID:1612,ODbL 1.0,DisGeNET,false
4091,DOID:10763,ODbL 1.0,DisGeNET,false
84636,DOID:12361,CC BY 4.0,DISEASES,false
5071,DOID:14330,,DISEASES|DOAF|DisGeNET,false
79187,DOID:10534,ODbL 1.0,DisGeNET,false
1401,DOID:824,,DISEASES|DisGeNET,false
4233,DOID:11119,ODbL 1.0,DisGeNET,false
10935,DOID:11476,ODbL 1.0,DisGeNET,false
1493,DOID:1909,,DISEASES|DOAF|DisGeNET,false
3481,DOID:3571,ODbL 1.0,DisGeNET,false
8767,DOID:8778,CC BY 4.0,DISEASES|GWAS Catalog,true
218,DOID:1612,CC BY 4.0,DISEASES,false
2053,DOID:14221,ODbL 1.0,DisGeNET,false
185,DOID:7693,ODbL 1.0,DisGeNET,false
892,DOID:2986,ODbL 1.0,DisGeNET,false
27165,DOID:11714,CC BY 4.0,DISEASES,false
675,DOID:2394,,DISEASES|DisGeNET,false
640,DOID:418,CC BY 4.0,DISEASES|GWAS Catalog,true
63976,DOID:6364,,DisGeNET|GWAS Catalog,true
6750,DOID:1781,CC BY 4.0,DISEASES,false
3283,DOID:11612,,DISEASES|DisGeNET,false
8320,DOID:2377,CC BY 4.0,GWAS Catalog,true
8912,DOID:12849,ODbL 1.0,DisGeNET,false
2215,DOID:2355,CC BY 4.0,DISEASES,false
10296,DOID:9352,ODbL 1.0,DisGeNET,false
11200,DOID:1192,ODbL 1.0,DisGeNET,false
5034,DOID:3393,ODbL 1.0,DisGeNET,false
90865,DOID:2841,,DISEASES|DOAF|DisGeNET|GWAS Catalog,true
5595,DOID:2531,CC BY 4.0,DISEASES,false
5879,DOID:12930,ODbL 1.0,DisGeNET,false
1135,DOID:1826,,DOAF,false
4843,DOID:1612,ODbL 1.0,DisGeNET,false
5357,DOID:3571,ODbL 1.0,DisGeNET,false
673,DOID:3070,ODbL 1.0,DisGeNET,false
10660,DOID:1612,ODbL 1.0,DisGeNET,false
8626,DOID:9296,,DISEASES|DOAF|DisGeNET,false
10383,DOID:184,CC BY 4.0,DISEASES,false
5743,DOID:784,ODbL 1.0,DisGeNET,false
5290,DOID:1793,CC BY 4.0,DISEASES,false
1236,DOID:1826,ODbL 1.0,DisGeNET,false
84456,DOID:1319,ODbL 1.0,DisGeNET,false
5443,DOID:0050741,CC BY 4.0,DISEASES,false
387715,DOID:10871,ODbL 1.0,DOAF|DisGeNET,false
3572,DOID:2394,ODbL 1.0,DisGeNET,false
5629,DOID:1826,ODbL 1.0,DisGeNET,false
959,DOID:7147,CC BY 4.0,DISEASES,false
4982,DOID:9970,,DOAF,false
1786,DOID:2841,ODbL 1.0,DisGeNET,false
551,DOID:12849,ODbL 1.0,DisGeNET,false
489,DOID:10763,ODbL 1.0,DisGeNET,false
5507,DOID:1826,CC BY 4.0,DISEASES,false
595,DOID:1324,CC BY 4.0,DISEASES,false
3952,DOID:1612,ODbL 1.0,DisGeNET,false
51167,DOID:2355,CC BY 4.0,DISEASES,false
7124,DOID:1024,CC BY 4.0,DISEASES,false
7088,DOID:5419,CC BY 4.0,GWAS Catalog,true
4902,DOID:14330,CC BY 4.0,DISEASES,false
6665,DOID:11612,ODbL 1.0,DisGeNET,false
11052,DOID:2986,ODbL 1.0,DisGeNET,false
4485,DOID:8778,CC BY 4.0,GWAS Catalog,true
3569,DOID:7148,,DISEASES|DOAF|DisGeNET,false
57705,DOID:7148,CC BY 4.0,GWAS Catalog,true
6285,DOID:1909,CC BY 4.0,DISEASES|DOAF,false
5243,DOID:1909,,DOAF,false
10686,DOID:585,CC BY 4.0,DISEASES,false
4831,DOID:2394,ODbL 1.0,DisGeNET,false
54877,DOID:2986,ODbL 1.0,DisGeNET,false
1636,DOID:1312,CC BY 4.0,DISEASES|DOAF,false
23228,DOID:7148,CC BY 4.0,GWAS Catalog,true
1808,DOID:10652,,DISEASES|DisGeNET,false
64805,DOID:7693,ODbL 1.0,DisGeNET,false
942,DOID:2841,,DISEASES|DisGeNET,false
23621,DOID:10652,,DISEASES|DOAF|DisGeNET,false
7096,DOID:2986,ODbL 1.0,DisGeNET,false
8600,DOID:824,CC BY 4.0,DISEASES|DOAF,false
7516,DOID:2394,CC BY 4.0,DISEASES,false
58473,DOID:332,CC BY 4.0,DISEASES,false
1160,DOID:10283,CC BY 4.0,DISEASES,false
23136,DOID:3565,CC BY 4.0,DISEASES,false
3569,DOID:11612,,DOAF,false
3458,DOID:635,,DISEASES|DisGeNET,false
3066,DOID:2531,ODbL 1.0,DisGeNET,false
5621,DOID:10534,ODbL 1.0,DisGeNET,false
8797,DOID:10283,ODbL 1.0,DisGeNET,false
572,DOID:2531,ODbL 1.0,DisGeNET,false
5651,DOID:4989,CC BY 4.0,DISEASES,false
2992,DOID:3393,ODbL 1.0,DisGeNET,false
8989,DOID:2841,ODbL 1.0,DisGeNET,false
4851,DOID:11934,CC BY 4.0,DISEASES,false
5743,DOID:3393,CC BY 4.0,DISEASES,false
2033,DOID:11054,ODbL 1.0,DisGeNET,false
57030,DOID:5419,CC BY 4.0,DISEASES|DOAF,false
8804,DOID:10283,ODbL 1.0,DisGeNET,false
3326,DOID:10283,ODbL 1.0,DisGeNET,false
55512,DOID:2531,ODbL 1.0,DisGeNET,false
3077,DOID:10652,ODbL 1.0,DOAF|DisGeNET,false
55729,DOID:2998,ODbL 1.0,DisGeNET,false
920,DOID:8577,CC BY 4.0,DISEASES,false
170394,DOID:11612,ODbL 1.0,DisGeNET,false
80315,DOID:8778,CC BY 4.0,GWAS Catalog,true
5979,DOID:1781,,DISEASES|DisGeNET,false
6373,DOID:10811,CC BY 4.0,DISEASES,false
79932,DOID:418,CC BY 4.0,GWAS Catalog,true
8189,DOID:10534,ODbL 1.0,DisGeNET,false
55294,DOID:3070,ODbL 1.0,DisGeNET,false
23405,DOID:2986,ODbL 1.0,DisGeNET,false
5066,DOID:9352,ODbL 1.0,DisGeNET,false
197021,DOID:8398,CC BY 4.0,DISEASES,false
3426,DOID:2355,CC BY 4.0,DISEASES,false
10928,DOID:3393,ODbL 1.0,DisGeNET,false
9370,DOID:14221,,DISEASES|DisGeNET,false
5743,DOID:1909,ODbL 1.0,DOAF|DisGeNET,false
1017,DOID:2841,CC BY 4.0,GWAS Catalog,true
4353,DOID:3393,CC BY 4.0,DISEASES,false
2904,DOID:1826,,DISEASES|DisGeNET,false
285195,DOID:12849,ODbL 1.0,DisGeNET,false
3627,DOID:7148,,DOAF,false
231,DOID:3393,ODbL 1.0,DisGeNET,false
4583,DOID:10534,CC BY 4.0,DISEASES,false
632,DOID:1459,ODbL 1.0,DisGeNET,false
83932,DOID:7147,CC BY 4.0,DISEASES,false
57120,DOID:1909,ODbL 1.0,DisGeNET,false
5649,DOID:12185,CC BY 4.0,DISEASES|DOAF,false
3593,DOID:8893,,DOAF|DisGeNET|GWAS Catalog,true
4026,DOID:12306,CC BY 4.0,GWAS Catalog,true
5209,DOID:9970,ODbL 1.0,DisGeNET,false
302,DOID:11476,ODbL 1.0,DisGeNET,false
3293,DOID:9352,ODbL 1.0,DisGeNET,false
1536,DOID:3393,ODbL 1.0,DisGeNET,false
7076,DOID:824,CC BY 4.0,DISEASES,false
1476,DOID:5041,ODbL 1.0,DisGeNET,false
308,DOID:3393,ODbL 1.0,DisGeNET,false
90668,DOID:11612,ODbL 1.0,DisGeNET,false
5111,DOID:1312,ODbL 1.0,DisGeNET,false
54806,DOID:2377,CC BY 4.0,GWAS Catalog,true
116442,DOID:12849,ODbL 1.0,DisGeNET,false
718,DOID:3393,ODbL 1.0,DisGeNET,false
6598,DOID:1319,CC BY 4.0,DISEASES,false
51435,DOID:2986,ODbL 1.0,DisGeNET,false
6049,DOID:5041,ODbL 1.0,DisGeNET,false
10131,DOID:10534,ODbL 1.0,DisGeNET,false
7474,DOID:1909,,DOAF,false
2149,DOID:10763,ODbL 1.0,DisGeNET,false
10775,DOID:2394,ODbL 1.0,DisGeNET,false
6198,DOID:12930,ODbL 1.0,DisGeNET,false
3990,DOID:784,ODbL 1.0,DisGeNET,false
4853,DOID:3070,ODbL 1.0,DisGeNET,false
864,DOID:7147,,DisGeNET|GWAS Catalog,true
624,DOID:3393,ODbL 1.0,DisGeNET,false
1509,DOID:10652,CC BY 4.0,DISEASES,false
5176,DOID:10871,ODbL 1.0,DOAF|DisGeNET,false
26472,DOID:1909,ODbL 1.0,DisGeNET,false
6863,DOID:4481,CC BY 4.0,DISEASES,false
2315,DOID:4159,CC BY 4.0,DISEASES,false
5947,DOID:10534,ODbL 1.0,DisGeNET,false
3242,DOID:2596,CC BY 4.0,DISEASES,false
4017,DOID:12236,ODbL 1.0,DisGeNET,false
7412,DOID:3393,,DISEASES|DisGeNET,false
5728,DOID:11054,ODbL 1.0,DisGeNET,false
3567,DOID:12849,ODbL 1.0,DisGeNET,false
5894,DOID:3070,ODbL 1.0,DisGeNET,false
10683,DOID:3070,ODbL 1.0,DisGeNET,false
5345,DOID:3393,CC BY 4.0,DISEASES,false
1861,DOID:10608,CC BY 4.0,DISEASES,false
200150,DOID:12849,ODbL 1.0,DisGeNET,false
5587,DOID:784,CC BY 4.0,DISEASES,false
6793,DOID:2998,ODbL 1.0,DisGeNET,false
5728,DOID:10763,ODbL 1.0,DisGeNET,false
6336,DOID:1909,CC BY 4.0,DISEASES,false
2321,DOID:1612,CC BY 4.0,DISEASES,false
5970,DOID:1826,ODbL 1.0,DisGeNET,false
1036,DOID:10763,ODbL 1.0,DisGeNET,false
53347,DOID:12306,CC BY 4.0,GWAS Catalog,true
3576,DOID:7148,CC BY 4.0,DISEASES,false
3558,DOID:8577,CC BY 4.0,DISEASES,false
2868,DOID:10763,CC BY 4.0,DISEASES,false
23373,DOID:9206,CC BY 4.0,GWAS Catalog,true
7018,DOID:10652,ODbL 1.0,DisGeNET,false
1312,DOID:14330,CC BY 4.0,DISEASES,false
2664,DOID:1793,CC BY 4.0,DISEASES,false
6632,DOID:9074,CC BY 4.0,DISEASES,false
4878,DOID:10763,,DISEASES|DOAF|DisGeNET,false
4072,DOID:10283,ODbL 1.0,DisGeNET,false
3566,DOID:263,ODbL 1.0,DisGeNET,false
54806,DOID:5419,,DOAF,false
53347,DOID:7148,CC BY 4.0,GWAS Catalog,true
3791,DOID:1826,ODbL 1.0,DisGeNET,false
79068,DOID:1909,,DisGeNET|GWAS Catalog,true
2665,DOID:5041,ODbL 1.0,DisGeNET,false
633,DOID:1936,CC BY 4.0,DISEASES,false
58480,DOID:4159,CC BY 4.0,GWAS Catalog,true
7450,DOID:3393,CC BY 4.0,DISEASES,false
7332,DOID:9074,CC BY 4.0,GWAS Catalog,true
3569,DOID:2394,ODbL 1.0,DisGeNET,false
79666,DOID:2986,ODbL 1.0,DisGeNET,false
3418,DOID:11476,ODbL 1.0,DisGeNET,false
1719,DOID:2355,ODbL 1.0,DisGeNET,false
5657,DOID:9074,CC BY 4.0,DISEASES,false
4014,DOID:3310,CC BY 4.0,DISEASES,false
1727,DOID:2355,ODbL 1.0,DisGeNET,false
1755,DOID:3070,ODbL 1.0,DisGeNET,false
8671,DOID:1686,ODbL 1.0,DisGeNET,false
186,DOID:1312,ODbL 1.0,DisGeNET,false
89795,DOID:9835,CC BY 4.0,GWAS Catalog,true
8726,DOID:1192,ODbL 1.0,DisGeNET,false
23017,DOID:9970,CC BY 4.0,DISEASES,false
9562,DOID:1781,ODbL 1.0,DisGeNET,false
9021,DOID:1936,ODbL 1.0,DisGeNET,false
6605,DOID:5612,CC BY 4.0,DISEASES,false
595,DOID:1319,ODbL 1.0,DisGeNET,false
830,DOID:2986,ODbL 1.0,DisGeNET,false
2271,DOID:4045,CC BY 4.0,DISEASES,false
265,DOID:12236,CC BY 4.0,DISEASES,false
50943,DOID:11612,ODbL 1.0,DisGeNET,false
5966,DOID:9008,CC BY 4.0,GWAS Catalog,true
5973,DOID:12930,ODbL 1.0,DisGeNET,false
86614,DOID:14227,CC BY 4.0,DISEASES,false
3566,DOID:2377,ODbL 1.0,DisGeNET,false
8190,DOID:10534,ODbL 1.0,DisGeNET,false
1509,DOID:263,ODbL 1.0,DisGeNET,false
4601,DOID:5041,ODbL 1.0,DisGeNET,false
10273,DOID:1094,CC BY 4.0,DISEASES,false
3117,DOID:9744,,DISEASES|DisGeNET,false
255738,DOID:1324,CC BY 4.0,DISEASES,false
4524,DOID:9970,,DOAF,false
2147,DOID:784,ODbL 1.0,DisGeNET,false
1019,DOID:1612,CC BY 4.0,DISEASES,false
4018,DOID:9352,CC BY 4.0,DISEASES,false
3600,DOID:10652,CC BY 4.0,DISEASES,false
3687,DOID:2986,ODbL 1.0,DisGeNET,false
79083,DOID:10283,CC BY 4.0,GWAS Catalog,true
64924,DOID:2986,ODbL 1.0,DisGeNET,false
6279,DOID:10534,CC BY 4.0,DISEASES,false
3077,DOID:14330,ODbL 1.0,DisGeNET,false
6014,DOID:2043,CC BY 4.0,DISEASES,false
7472,DOID:4362,ODbL 1.0,DisGeNET,false
1392,DOID:784,CC BY 4.0,DISEASES|DOAF,false
4250,DOID:1612,CC BY 4.0,DISEASES,false
177,DOID:10652,,DISEASES|DOAF|DisGeNET,false
793,DOID:14330,CC BY 4.0,DISEASES,false
26227,DOID:8850,CC BY 4.0,DISEASES,false
64641,DOID:10283,CC BY 4.0,GWAS Catalog,true
3293,DOID:10283,ODbL 1.0,DisGeNET,false
8493,DOID:3070,ODbL 1.0,DisGeNET,false
720,DOID:9074,,DISEASES|DOAF|DisGeNET,false
4601,DOID:10283,,DISEASES|DisGeNET,false
6906,DOID:1459,CC BY 4.0,DISEASES,false
920,DOID:4481,CC BY 4.0,DISEASES,false
288,DOID:1595,CC BY 4.0,GWAS Catalog,true
221120,DOID:8850,CC BY 4.0,DISEASES,false
27165,DOID:10763,CC BY 4.0,DISEASES,false
3815,DOID:3393,CC BY 4.0,DISEASES,false
8559,DOID:8893,CC BY 4.0,DISEASES,false
816,DOID:8398,CC BY 4.0,GWAS Catalog,true
3375,DOID:9970,CC BY 4.0,DISEASES,false
836,DOID:1192,CC BY 4.0,DISEASES,false
3383,DOID:784,ODbL 1.0,DisGeNET,false
196,DOID:10763,ODbL 1.0,DisGeNET,false
847,DOID:784,ODbL 1.0,DisGeNET,false
11136,DOID:585,CC BY 4.0,DISEASES,false
6352,DOID:1936,CC BY 4.0,DISEASES,false
3361,DOID:12849,ODbL 1.0,DisGeNET,false
23523,DOID:784,CC BY 4.0,DISEASES,false
954,DOID:10763,ODbL 1.0,DisGeNET,false
3692,DOID:1612,ODbL 1.0,DisGeNET,false
6556,DOID:8778,,DOAF,false
2896,DOID:10652,CC BY 4.0,DISEASES|DOAF,false
10000,DOID:1826,CC BY 4.0,DISEASES,false
5176,DOID:9970,ODbL 1.0,DisGeNET,false
2950,DOID:2841,ODbL 1.0,DOAF|DisGeNET,false
8287,DOID:14227,CC BY 4.0,DISEASES|DOAF,false
26507,DOID:1909,ODbL 1.0,DisGeNET,false
4312,DOID:8398,CC BY 4.0,DISEASES|DOAF,false
1843,DOID:1826,CC BY 4.0,DISEASES,false
79901,DOID:2355,CC BY 4.0,DISEASES,false
4653,DOID:1686,,DISEASES|DOAF|DisGeNET,false
1728,DOID:10283,ODbL 1.0,DisGeNET,false
4221,DOID:10021,CC BY 4.0,DISEASES,false
51121,DOID:2355,CC BY 4.0,DISEASES,false
8991,DOID:2394,ODbL 1.0,DisGeNET,false
10538,DOID:2377,CC BY 4.0,GWAS Catalog,true
3569,DOID:8398,CC BY 4.0,DISEASES|DOAF,false
6715,DOID:11612,ODbL 1.0,DisGeNET,false
55743,DOID:1324,ODbL 1.0,DisGeNET,false
5071,DOID:2394,ODbL 1.0,DisGeNET,false
745,DOID:1993,CC BY 4.0,DISEASES,false
65018,DOID:1192,ODbL 1.0,DisGeNET,false
6136,DOID:10283,ODbL 1.0,DisGeNET,false
3456,DOID:1909,ODbL 1.0,DOAF|DisGeNET,false
8409,DOID:332,CC BY 4.0,DISEASES,false
4318,DOID:1686,ODbL 1.0,DisGeNET,false
861,DOID:7148,,DISEASES|DOAF|DisGeNET|GWAS Catalog,true
4609,DOID:1192,,DISEASES|DisGeNET,false
1050,DOID:11934,ODbL 1.0,DisGeNET,false
4321,DOID:2986,ODbL 1.0,DisGeNET,false
57178,DOID:1612,CC BY 4.0,GWAS Catalog,true
85414,DOID:10283,CC BY 4.0,DISEASES,false
64084,DOID:3571,ODbL 1.0,DisGeNET,false
4170,DOID:1324,CC BY 4.0,DISEASES,false
4282,DOID:3393,ODbL 1.0,DisGeNET,false
57381,DOID:2531,CC BY 4.0,DISEASES,false
6750,DOID:9744,CC BY 4.0,DISEASES,false
624,DOID:3070,ODbL 1.0,DisGeNET,false
4790,DOID:4481,,DOAF,false
1493,DOID:2355,,DOAF,false
1234,DOID:9744,,DISEASES|DisGeNET,false
1636,DOID:1936,CC BY 4.0,DISEASES,false
4481,DOID:784,ODbL 1.0,DisGeNET,false
4157,DOID:4159,,DOAF|DisGeNET|GWAS Catalog,true
5294,DOID:1909,CC BY 4.0,DISEASES,false
2833,DOID:986,ODbL 1.0,DisGeNET,false
51206,DOID:4362,CC BY 4.0,DISEASES,false
4267,DOID:184,CC BY 4.0,DISEASES,false
81285,DOID:10283,CC BY 4.0,DISEASES,false
9414,DOID:10763,ODbL 1.0,DisGeNET,false
5241,DOID:2377,CC BY 4.0,DISEASES,false
6750,DOID:9206,ODbL 1.0,DisGeNET,false
26281,DOID:14330,CC BY 4.0,DISEASES|DOAF,false
7099,DOID:2986,ODbL 1.0,DisGeNET,false
6277,DOID:1319,ODbL 1.0,DisGeNET,false
4158,DOID:10283,ODbL 1.0,DisGeNET,false
624,DOID:4989,ODbL 1.0,DisGeNET,false
2309,DOID:9970,ODbL 1.0,DisGeNET,false
56922,DOID:14330,CC BY 4.0,GWAS Catalog,true
6733,DOID:5419,CC BY 4.0,GWAS Catalog,true
51301,DOID:2531,CC BY 4.0,DISEASES,false
6696,DOID:4989,,DOAF,false
3596,DOID:9008,CC BY 4.0,DISEASES,false
3458,DOID:9744,ODbL 1.0,DisGeNET,false
1311,DOID:8398,CC BY 4.0,DISEASES|DOAF,false
3350,DOID:1595,CC BY 4.0,DISEASES,false
5443,DOID:2841,CC BY 4.0,DISEASES,false
114795,DOID:1909,ODbL 1.0,DisGeNET,false
47,DOID:9970,ODbL 1.0,DisGeNET,false
55729,DOID:1612,CC BY 4.0,GWAS Catalog,true
25788,DOID:219,ODbL 1.0,DisGeNET,false
50615,DOID:9074,ODbL 1.0,DisGeNET,false
367,DOID:10763,ODbL 1.0,DisGeNET,false
5806,DOID:1936,,DOAF,false
5393,DOID:332,CC BY 4.0,DISEASES,false
920,DOID:2531,CC BY 4.0,DISEASES,false
1444,DOID:9744,ODbL 1.0,DisGeNET,false
341,DOID:1936,CC BY 4.0,GWAS Catalog,true
5743,DOID:219,CC BY 4.0,DISEASES,false
5329,DOID:3083,ODbL 1.0,DisGeNET,false
7168,DOID:5041,ODbL 1.0,DisGeNET,false
81567,DOID:7148,ODbL 1.0,DisGeNET,false
84441,DOID:8577,CC BY 4.0,GWAS Catalog,true
673,DOID:184,ODbL 1.0,DisGeNET,false
6580,DOID:9970,ODbL 1.0,DisGeNET,false
9479,DOID:4362,CC BY 4.0,DISEASES,false
654,DOID:2531,ODbL 1.0,DisGeNET,false
56925,DOID:1909,ODbL 1.0,DisGeNET,false
5330,DOID:10283,CC BY 4.0,DISEASES,false
3600,DOID:9970,CC BY 4.0,DISEASES,false
8741,DOID:7148,,DOAF,false
144811,DOID:1024,CC BY 4.0,DISEASES|GWAS Catalog,true
9582,DOID:2986,ODbL 1.0,DisGeNET,false
81631,DOID:3393,ODbL 1.0,DisGeNET,false
947,DOID:4045,CC BY 4.0,DISEASES,false
4544,DOID:4989,ODbL 1.0,DisGeNET,false
5295,DOID:10763,ODbL 1.0,DisGeNET,false
5796,DOID:10283,ODbL 1.0,DisGeNET,false
598,DOID:3571,CC BY 4.0,DISEASES,false
2876,DOID:1936,CC BY 4.0,DISEASES,false
6139,DOID:3393,ODbL 1.0,DisGeNET,false
170572,DOID:12849,ODbL 1.0,DisGeNET,false
768,DOID:10763,ODbL 1.0,DisGeNET,false
196,DOID:10283,ODbL 1.0,DisGeNET,false
4318,DOID:9970,ODbL 1.0,DisGeNET,false
5443,DOID:13189,ODbL 1.0,DisGeNET,false
7020,DOID:1612,ODbL 1.0,DisGeNET,false
11318,DOID:10763,ODbL 1.0,DisGeNET,false
3726,DOID:3393,ODbL 1.0,DisGeNET,false
8613,DOID:3393,CC BY 4.0,GWAS Catalog,true
23274,DOID:9744,,DisGeNET|GWAS Catalog,true
1269,DOID:1793,ODbL 1.0,DisGeNET,false
153,DOID:824,ODbL 1.0,DisGeNET,false
8764,DOID:8577,CC BY 4.0,GWAS Catalog,true
1129,DOID:1826,ODbL 1.0,DisGeNET,false
5918,DOID:10534,ODbL 1.0,DisGeNET,false
3553,DOID:8398,CC BY 4.0,DISEASES|DOAF,false
4233,DOID:10534,ODbL 1.0,DisGeNET,false
10333,DOID:10283,ODbL 1.0,DisGeNET,false
4057,DOID:3571,ODbL 1.0,DisGeNET,false
55721,DOID:11612,ODbL 1.0,DisGeNET,false
2206,DOID:2841,CC BY 4.0,DISEASES,false
2736,DOID:1319,CC BY 4.0,DISEASES,false
8635,DOID:12306,CC BY 4.0,GWAS Catalog,true
7422,DOID:2394,CC BY 4.0,DISEASES,false
2020,DOID:12849,,DISEASES|DOAF|DisGeNET,false
7942,DOID:263,CC BY 4.0,DISEASES,false
4314,DOID:3070,ODbL 1.0,DisGeNET,false
5328,DOID:184,ODbL 1.0,DisGeNET,false
10133,DOID:332,CC BY 4.0,DISEASES,false
79837,DOID:7148,CC BY 4.0,DISEASES,false
5890,DOID:7148,CC BY 4.0,GWAS Catalog,true
11170,DOID:3070,ODbL 1.0,DisGeNET,false
5321,DOID:14221,ODbL 1.0,DisGeNET,false
22996,DOID:3571,ODbL 1.0,DisGeNET,false
4209,DOID:6364,,DisGeNET|GWAS Catalog,true
348980,DOID:5419,CC BY 4.0,GWAS Catalog,true
4023,DOID:784,ODbL 1.0,DisGeNET,false
6257,DOID:10534,ODbL 1.0,DisGeNET,false
317,DOID:1909,,DOAF,false
1827,DOID:7148,,DISEASES|DisGeNET,false
1847,DOID:1826,CC BY 4.0,DISEASES,false
1435,DOID:3070,ODbL 1.0,DisGeNET,false
284086,DOID:3121,CC BY 4.0,DISEASES,false
6311,DOID:332,CC BY 4.0,DISEASES,false
7043,DOID:9296,CC BY 4.0,DISEASES,false
335,DOID:9970,CC BY 4.0,DISEASES,false
5074,DOID:363,ODbL 1.0,DisGeNET,false
5744,DOID:11476,CC BY 4.0,DISEASES,false
55748,DOID:0060119,CC BY 4.0,DISEASES,false
925,DOID:9074,CC BY 4.0,DISEASES,false
27324,DOID:1612,,DisGeNET|GWAS Catalog,true
645,DOID:5041,ODbL 1.0,DisGeNET,false
4982,DOID:5408,CC BY 4.0,DISEASES,false
324,DOID:12849,ODbL 1.0,DisGeNET,false
5333,DOID:3393,ODbL 1.0,DisGeNET,false
6240,DOID:3953,ODbL 1.0,DisGeNET,false
1535,DOID:9352,ODbL 1.0,DisGeNET,false
7349,DOID:784,CC BY 4.0,DISEASES,false
5155,DOID:2531,ODbL 1.0,DisGeNET,false
920,DOID:9074,CC BY 4.0,DISEASES,false
3845,DOID:1324,,DISEASES|DisGeNET,false
5019,DOID:9970,ODbL 1.0,DisGeNET,false
7984,DOID:1612,CC BY 4.0,GWAS Catalog,true
7262,DOID:1324,ODbL 1.0,DisGeNET,false
2863,DOID:10763,CC BY 4.0,GWAS Catalog,true
468,DOID:1612,ODbL 1.0,DisGeNET,false
6897,DOID:8893,CC BY 4.0,DISEASES,false
392636,DOID:14221,CC BY 4.0,GWAS Catalog,true
2567,DOID:12849,CC BY 4.0,DISEASES,false
213,DOID:635,CC BY 4.0,DISEASES,false
898,DOID:2394,ODbL 1.0,DisGeNET,false
4318,DOID:2986,ODbL 1.0,DisGeNET,false
3265,DOID:3571,,DISEASES|DisGeNET,false
10963,DOID:1909,ODbL 1.0,DisGeNET,false
25830,DOID:3393,CC BY 4.0,DISEASES,false
6581,DOID:10283,,DisGeNET|GWAS Catalog,true
249,DOID:784,CC BY 4.0,DISEASES,false
319100,DOID:4362,CC BY 4.0,DISEASES,false
2,DOID:2355,ODbL 1.0,DisGeNET,false
2572,DOID:9744,,DISEASES|DisGeNET,false
6347,DOID:14221,,DISEASES|DisGeNET,false
8572,DOID:11476,ODbL 1.0,DisGeNET,false
2305,DOID:2531,ODbL 1.0,DisGeNET,false
4297,DOID:11054,ODbL 1.0,DisGeNET,false
11065,DOID:1612,ODbL 1.0,DisGeNET,false
9308,DOID:7148,,DisGeNET|GWAS Catalog,true
10125,DOID:2531,ODbL 1.0,DisGeNET,false
7498,DOID:12849,ODbL 1.0,DisGeNET,false
29940,DOID:9835,CC BY 4.0,DISEASES,false
361,DOID:2377,CC BY 4.0,DISEASES|DOAF,false
1812,DOID:12849,ODbL 1.0,DisGeNET,false
4329,DOID:9970,ODbL 1.0,DisGeNET,false
1440,DOID:1612,,DISEASES|DisGeNET,false
338,DOID:1936,CC BY 4.0,DISEASES|DOAF,false
4319,DOID:10534,ODbL 1.0,DisGeNET,false
729230,DOID:824,ODbL 1.0,DisGeNET,false
6392,DOID:1024,CC BY 4.0,DISEASES,false
6714,DOID:10283,CC BY 4.0,DISEASES,false
4842,DOID:784,ODbL 1.0,DisGeNET,false
7157,DOID:3070,,DISEASES|DisGeNET,false
4891,DOID:2355,ODbL 1.0,DOAF|DisGeNET,false
6387,DOID:1826,ODbL 1.0,DisGeNET,false
182,DOID:1612,ODbL 1.0,DisGeNET,false
79633,DOID:1909,ODbL 1.0,DisGeNET,false
1026,DOID:10763,ODbL 1.0,DisGeNET,false
58492,DOID:184,CC BY 4.0,DISEASES,false
9134,DOID:11612,ODbL 1.0,DisGeNET,false
11262,DOID:8778,CC BY 4.0,GWAS Catalog,true
84159,DOID:9074,CC BY 4.0,GWAS Catalog,true
201232,DOID:9352,CC BY 4.0,GWAS Catalog,true
79852,DOID:10534,ODbL 1.0,DisGeNET,false
833,DOID:12849,CC BY 4.0,DISEASES,false
324,DOID:3571,ODbL 1.0,DisGeNET,false
1351,DOID:3070,CC BY 4.0,DISEASES,false
6164,DOID:90,CC BY 4.0,DISEASES,false
64375,DOID:986,,DisGeNET|GWAS Catalog,true
1113,DOID:10763,ODbL 1.0,DOAF|DisGeNET,false
3623,DOID:1964,CC BY 4.0,DISEASES,false
3383,DOID:4481,CC BY 4.0,DISEASES,false
7100,DOID:10283,ODbL 1.0,DisGeNET,false
22919,DOID:3393,ODbL 1.0,DisGeNET,false
332,DOID:2394,ODbL 1.0,DisGeNET,false
1471,DOID:10763,CC BY 4.0,DISEASES|DOAF,false
5606,DOID:3393,ODbL 1.0,DisGeNET,false
84818,DOID:10283,ODbL 1.0,DisGeNET,false
669,DOID:2355,CC BY 4.0,DISEASES,false
9133,DOID:2986,ODbL 1.0,DisGeNET,false
898,DOID:11054,,DisGeNET|GWAS Catalog,true
7298,DOID:219,CC BY 4.0,DISEASES,false
5534,DOID:1192,CC BY 4.0,DISEASES,false
79751,DOID:1826,CC BY 4.0,DISEASES,false
5744,DOID:1612,,DISEASES|DisGeNET|GWAS Catalog,true
5757,DOID:4045,ODbL 1.0,DisGeNET,false
10499,DOID:1612,ODbL 1.0,DisGeNET,false
10550,DOID:10534,ODbL 1.0,DisGeNET,false
2899,DOID:5419,CC BY 4.0,DISEASES|DOAF,false
114904,DOID:12306,CC BY 4.0,GWAS Catalog,true
23411,DOID:9970,,DISEASES|DOAF|DisGeNET,false
4804,DOID:1686,ODbL 1.0,DisGeNET,false
79633,DOID:10534,ODbL 1.0,DisGeNET,false
5037,DOID:3393,ODbL 1.0,DisGeNET,false
7039,DOID:10534,ODbL 1.0,DisGeNET,false
3309,DOID:2043,,DOAF,false
847,DOID:9744,ODbL 1.0,DisGeNET,false
2554,DOID:1826,,DISEASES|DOAF|DisGeNET,false
7048,DOID:10763,ODbL 1.0,DisGeNET,false
348654,DOID:0050425,CC BY 4.0,DISEASES,false
4747,DOID:5419,,DOAF,false
1270,DOID:332,CC BY 4.0,DISEASES,false
760,DOID:5041,ODbL 1.0,DisGeNET,false
4485,DOID:8577,,DisGeNET|GWAS Catalog,true
5591,DOID:10283,ODbL 1.0,DisGeNET,false
80723,DOID:1909,ODbL 1.0,DisGeNET,false
9610,DOID:1909,ODbL 1.0,DisGeNET,false
952,DOID:2531,CC BY 4.0,DISEASES,false
6279,DOID:3310,ODbL 1.0,DisGeNET,false
7036,DOID:2355,CC BY 4.0,DISEASES,false
2993,DOID:2355,CC BY 4.0,DISEASES,false
12,DOID:10283,ODbL 1.0,DisGeNET,false
642987,DOID:4481,CC BY 4.0,GWAS Catalog,true
6278,DOID:11054,CC BY 4.0,DISEASES,false
22891,DOID:8778,CC BY 4.0,GWAS Catalog,true
84376,DOID:11612,ODbL 1.0,DisGeNET,false
3576,DOID:1793,ODbL 1.0,DisGeNET,false
7248,DOID:12849,,DISEASES|DisGeNET,false
5967,DOID:10534,ODbL 1.0,DisGeNET,false
2908,DOID:7148,ODbL 1.0,DOAF|DisGeNET,false
1540,DOID:3277,ODbL 1.0,DisGeNET,false
23583,DOID:1115,CC BY 4.0,DISEASES,false
6597,DOID:216,CC BY 4.0,DISEASES,false
50944,DOID:12849,,DISEASES|DisGeNET,false
7010,DOID:1115,ODbL 1.0,DisGeNET,false
90121,DOID:2355,CC BY 4.0,DISEASES,false
5469,DOID:7148,CC BY 4.0,GWAS Catalog,true
84417,DOID:5041,CC BY 4.0,DISEASES,false
54984,DOID:1936,CC BY 4.0,GWAS Catalog,true
10611,DOID:10283,CC BY 4.0,GWAS Catalog,true
2274,DOID:1612,ODbL 1.0,DisGeNET,false
1617,DOID:14227,CC BY 4.0,DISEASES|DOAF,false
151,DOID:10763,ODbL 1.0,DisGeNET,false
7531,DOID:3070,CC BY 4.0,DISEASES,false
1136,DOID:1324,CC BY 4.0,DISEASES|GWAS Catalog,true
5292,DOID:1612,ODbL 1.0,DisGeNET,false
5728,DOID:2043,,DOAF,false
5742,DOID:5041,ODbL 1.0,DisGeNET,false
5443,DOID:3312,ODbL 1.0,DisGeNET,false
5744,DOID:2986,ODbL 1.0,DisGeNET,false
5888,DOID:11934,ODbL 1.0,DisGeNET,false
5919,DOID:14221,CC BY 4.0,DISEASES,false
3339,DOID:418,CC BY 4.0,DISEASES,false
150,DOID:1094,CC BY 4.0,DISEASES,false
222068,DOID:1324,CC BY 4.0,DISEASES,false
7040,DOID:0050156,CC BY 4.0,DISEASES,false
57661,DOID:9074,,DisGeNET|GWAS Catalog,true
6550,DOID:9970,ODbL 1.0,DisGeNET,false
6888,DOID:14330,ODbL 1.0,DisGeNET,false
1113,DOID:4159,CC BY 4.0,DISEASES,false
7422,DOID:263,CC BY 4.0,DISEASES,false
250,DOID:14268,CC BY 4.0,DISEASES,false
5067,DOID:12849,ODbL 1.0,DisGeNET,false
3578,DOID:2841,CC BY 4.0,DISEASES|DOAF,false
2266,DOID:10534,ODbL 1.0,DisGeNET,false
3074,DOID:2986,ODbL 1.0,DisGeNET,false
342945,DOID:3571,ODbL 1.0,DisGeNET,false
7168,DOID:12930,,DISEASES|DOAF|DisGeNET,false
10537,DOID:12236,ODbL 1.0,DisGeNET,false
146198,DOID:8577,CC BY 4.0,GWAS Catalog,true
347,DOID:3070,ODbL 1.0,DisGeNET,false
116519,DOID:14221,CC BY 4.0,DISEASES|GWAS Catalog,true
29785,DOID:8893,ODbL 1.0,DisGeNET,false
6648,DOID:2531,ODbL 1.0,DisGeNET,false
3749,DOID:1826,ODbL 1.0,DisGeNET,false
7408,DOID:3393,CC BY 4.0,DISEASES,false
6141,DOID:10534,ODbL 1.0,DisGeNET,false
847,DOID:1324,ODbL 1.0,DisGeNET,false
114609,DOID:12365,ODbL 1.0,DisGeNET,false
919,DOID:418,,DisGeNET|GWAS Catalog,true
7484,DOID:9296,CC BY 4.0,DISEASES,false
3913,DOID:10283,ODbL 1.0,DisGeNET,false
167465,DOID:1612,ODbL 1.0,DisGeNET,false
54658,DOID:1324,ODbL 1.0,DisGeNET,false
857,DOID:10652,ODbL 1.0,DisGeNET,false
1071,DOID:10871,CC BY 4.0,DISEASES|GWAS Catalog,true
2512,DOID:9970,ODbL 1.0,DisGeNET,false
6822,DOID:11612,CC BY 4.0,DISEASES,false
238,DOID:0060073,CC BY 4.0,DISEASES,false
55765,DOID:8778,CC BY 4.0,GWAS Catalog,true
332,DOID:1192,CC BY 4.0,DISEASES,false
284013,DOID:263,ODbL 1.0,DisGeNET,false
130540,DOID:7148,CC BY 4.0,GWAS Catalog,true
2056,DOID:1826,ODbL 1.0,DisGeNET,false
1401,DOID:784,,DISEASES|DisGeNET,false
3265,DOID:1781,,DISEASES|DisGeNET,false
2550,DOID:1826,CC BY 4.0,DISEASES|DOAF,false
6785,DOID:10871,CC BY 4.0,DISEASES,false
5025,DOID:1826,ODbL 1.0,DisGeNET,false
7053,DOID:4159,CC BY 4.0,GWAS Catalog,true
51029,DOID:2394,ODbL 1.0,DisGeNET,false
2023,DOID:7148,ODbL 1.0,DisGeNET,false
3898,DOID:9352,CC BY 4.0,DISEASES,false
6756,DOID:184,CC BY 4.0,DISEASES,false
23213,DOID:2394,ODbL 1.0,DisGeNET,false
925,DOID:986,CC BY 4.0,DISEASES,false
324,DOID:2394,ODbL 1.0,DisGeNET,false
353,DOID:263,ODbL 1.0,DisGeNET,false
846,DOID:1936,ODbL 1.0,DisGeNET,false
84245,DOID:5612,CC BY 4.0,DISEASES,false
9211,DOID:1826,CC BY 4.0,DISEASES|DOAF,false
6364,DOID:9744,ODbL 1.0,DisGeNET,false
64127,DOID:9008,ODbL 1.0,DOAF|DisGeNET,false
3440,DOID:1909,,DISEASES|DisGeNET,false
920,DOID:2986,ODbL 1.0,DisGeNET,false
6558,DOID:10283,ODbL 1.0,DisGeNET,false
6281,DOID:1319,ODbL 1.0,DisGeNET,false
9201,DOID:2986,ODbL 1.0,DisGeNET,false
251,DOID:2531,CC BY 4.0,DISEASES,false
7295,DOID:1686,ODbL 1.0,DisGeNET,false
6647,DOID:3070,ODbL 1.0,DisGeNET,false
1641,DOID:1826,CC BY 4.0,DISEASES,false
213,DOID:2841,CC BY 4.0,DISEASES,false
145946,DOID:7148,CC BY 4.0,GWAS Catalog,true
9622,DOID:10763,CC BY 4.0,DISEASES,false
2180,DOID:9970,ODbL 1.0,DisGeNET,false
7099,DOID:2394,ODbL 1.0,DisGeNET,false
3122,DOID:14330,ODbL 1.0,DisGeNET,false
3046,DOID:2355,CC BY 4.0,DISEASES,false
338,DOID:14221,CC BY 4.0,DISEASES|GWAS Catalog,true
8398,DOID:14221,ODbL 1.0,DisGeNET,false
3077,DOID:2377,,DOAF,false
1814,DOID:12849,ODbL 1.0,DisGeNET,false
929,DOID:1936,,DOAF,false
148867,DOID:5041,ODbL 1.0,DisGeNET,false
2099,DOID:10283,,DISEASES|DisGeNET,false
817,DOID:2531,CC BY 4.0,GWAS Catalog,true
4968,DOID:10652,,DOAF,false
2202,DOID:1612,ODbL 1.0,DisGeNET,false
1933,DOID:1612,ODbL 1.0,DisGeNET,false
2173,DOID:1612,ODbL 1.0,DisGeNET,false
2312,DOID:7148,CC BY 4.0,DISEASES,false
5578,DOID:1909,,DOAF,false
1536,DOID:2986,ODbL 1.0,DisGeNET,false
54622,DOID:0050741,CC BY 4.0,GWAS Catalog,true
10806,DOID:3312,CC BY 4.0,GWAS Catalog,true
3643,DOID:9352,ODbL 1.0,DisGeNET,false
898,DOID:1612,ODbL 1.0,DisGeNET,false
4012,DOID:10763,CC BY 4.0,DISEASES,false
800,DOID:4045,CC BY 4.0,DISEASES,false
1588,DOID:11476,,DISEASES|DOAF|DisGeNET,false
634,DOID:1909,,DOAF,false
201161,DOID:0060073,CC BY 4.0,DISEASES,false
1356,DOID:10763,ODbL 1.0,DisGeNET,false
5468,DOID:8893,ODbL 1.0,DisGeNET,false
2099,DOID:1612,,DISEASES|DisGeNET|GWAS Catalog,true
3815,DOID:1324,ODbL 1.0,DisGeNET,false
4843,DOID:1826,ODbL 1.0,DisGeNET,false
3659,DOID:10534,ODbL 1.0,DisGeNET,false
57178,DOID:2377,CC BY 4.0,GWAS Catalog,true
6810,DOID:10283,ODbL 1.0,DisGeNET,false
2915,DOID:12849,CC BY 4.0,DISEASES,false
1137,DOID:10652,CC BY 4.0,DISEASES|DOAF,false
2099,DOID:5419,,DOAF,false
6528,DOID:3070,ODbL 1.0,DisGeNET,false
3557,DOID:7148,,DISEASES|DOAF|DisGeNET,false
10158,DOID:10763,CC BY 4.0,DISEASES,false
3075,DOID:2355,CC BY 4.0,DISEASES,false
1436,DOID:1936,CC BY 4.0,DISEASES,false
183,DOID:9352,ODbL 1.0,DisGeNET,false
6927,DOID:9744,,DISEASES|DisGeNET,false
1401,DOID:8577,CC BY 4.0,DISEASES,false
2064,DOID:263,ODbL 1.0,DisGeNET,false
2946,DOID:3393,ODbL 1.0,DisGeNET,false
3861,DOID:4159,CC BY 4.0,DISEASES,false
3266,DOID:635,CC BY 4.0,DISEASES,false
7124,DOID:3070,ODbL 1.0,DisGeNET,false
91543,DOID:1936,CC BY 4.0,DISEASES,false
10628,DOID:1686,ODbL 1.0,DisGeNET,false
8195,DOID:9970,,DISEASES|DisGeNET,false
94033,DOID:0050425,CC BY 4.0,DISEASES,false
633,DOID:8398,CC BY 4.0,DISEASES,false
664,DOID:10283,ODbL 1.0,DisGeNET,false
28966,DOID:2986,ODbL 1.0,DisGeNET,false
7957,DOID:1826,,DISEASES|DisGeNET,false
2526,DOID:2994,CC BY 4.0,DISEASES,false
6507,DOID:332,CC BY 4.0,DISEASES,false
26047,DOID:12849,,DISEASES|DOAF|DisGeNET,false
4893,DOID:1993,CC BY 4.0,DISEASES,false
182,DOID:1793,ODbL 1.0,DisGeNET,false
2056,DOID:1781,ODbL 1.0,DisGeNET,false
79838,DOID:263,CC BY 4.0,DISEASES,false
8661,DOID:10283,ODbL 1.0,DisGeNET,false
894,DOID:2394,ODbL 1.0,DisGeNET,false
3479,DOID:10763,,DISEASES|DisGeNET,false
5462,DOID:10283,CC BY 4.0,GWAS Catalog,true
2805,DOID:12236,CC BY 4.0,DISEASES,false
5526,DOID:1793,CC BY 4.0,DISEASES,false
51144,DOID:1192,CC BY 4.0,GWAS Catalog,true
4771,DOID:5612,CC BY 4.0,DISEASES,false
55312,DOID:10283,ODbL 1.0,DisGeNET,false
5055,DOID:10763,CC BY 4.0,DISEASES,false
2901,DOID:1826,ODbL 1.0,DisGeNET,false
1910,DOID:10763,ODbL 1.0,DisGeNET,false
1956,DOID:1115,,DOAF,false
5328,DOID:3565,,DOAF,false
7157,DOID:10534,,DISEASES|DisGeNET,false
10179,DOID:1324,ODbL 1.0,DisGeNET,false
389,DOID:3393,ODbL 1.0,DisGeNET,false
2161,DOID:2986,ODbL 1.0,DisGeNET,false
5047,DOID:1612,ODbL 1.0,DisGeNET,false
1043,DOID:2531,CC BY 4.0,DISEASES,false
8600,DOID:10283,CC BY 4.0,DISEASES,false
4170,DOID:9206,ODbL 1.0,DisGeNET,false
7157,DOID:184,,DISEASES|DisGeNET,false
27347,DOID:14330,CC BY 4.0,GWAS Catalog,true
5155,DOID:2841,ODbL 1.0,DisGeNET,false
3855,DOID:2994,CC BY 4.0,DISEASES,false
999,DOID:1324,CC BY 4.0,DISEASES,false
1030,DOID:2531,,DISEASES|DisGeNET,false
8522,DOID:9970,ODbL 1.0,DisGeNET,false
2205,DOID:2841,,DOAF,false
1806,DOID:11934,ODbL 1.0,DisGeNET,false
5727,DOID:1781,CC BY 4.0,DISEASES,false
7052,DOID:10608,,DISEASES|DOAF|DisGeNET,false
10019,DOID:7148,CC BY 4.0,GWAS Catalog,true
427,DOID:10941,CC BY 4.0,DISEASES,false
3481,DOID:263,ODbL 1.0,DisGeNET,false
27063,DOID:12930,CC BY 4.0,DISEASES,false
6555,DOID:5041,CC BY 4.0,GWAS Catalog,true
2903,DOID:5419,CC BY 4.0,DISEASES|GWAS Catalog,true
7018,DOID:0050425,ODbL 1.0,DisGeNET,false
5133,DOID:1909,ODbL 1.0,DisGeNET,false
3621,DOID:10534,ODbL 1.0,DisGeNET,false
10135,DOID:9352,CC BY 4.0,DISEASES,false
6521,DOID:12365,ODbL 1.0,DOAF|DisGeNET,false
10206,DOID:3070,CC BY 4.0,DISEASES,false
64109,DOID:2531,CC BY 4.0,DISEASES,false
10763,DOID:1826,ODbL 1.0,DisGeNET,false
3600,DOID:1909,CC BY 4.0,DISEASES,false
7356,DOID:2986,,DOAF,false
81037,DOID:2531,ODbL 1.0,DisGeNET,false
7072,DOID:2531,CC BY 4.0,DISEASES,false
1475,DOID:3070,ODbL 1.0,DisGeNET,false
4297,DOID:2531,ODbL 1.0,DisGeNET,false
1495,DOID:5041,ODbL 1.0,DisGeNET,false
7001,DOID:10283,ODbL 1.0,DisGeNET,false
125,DOID:0050741,,DISEASES|DisGeNET,false
2767,DOID:1909,,DISEASES|DisGeNET,false
3579,DOID:3083,CC BY 4.0,DISEASES,false
3091,DOID:1324,CC BY 4.0,DISEASES,false
3329,DOID:263,ODbL 1.0,DisGeNET,false
8553,DOID:3393,ODbL 1.0,DisGeNET,false
3845,DOID:10534,ODbL 1.0,DisGeNET,false
5468,DOID:3571,ODbL 1.0,DisGeNET,false
23378,DOID:0060073,CC BY 4.0,DISEASES,false
4201,DOID:8850,CC BY 4.0,DISEASES,false
332,DOID:2531,ODbL 1.0,DisGeNET,false
2147,DOID:2043,CC BY 4.0,DISEASES,false
308,DOID:3571,CC BY 4.0,DISEASES,false
6622,DOID:14330,,DISEASES|DOAF|DisGeNET|GWAS Catalog,true
925,DOID:3571,CC BY 4.0,DISEASES,false
3576,DOID:8577,,DISEASES|DOAF|DisGeNET,false
4313,DOID:8398,CC BY 4.0,DISEASES,false
7157,DOID:3571,,DISEASES|DisGeNET,false
5582,DOID:10652,CC BY 4.0,DISEASES,false
1296,DOID:11555,CC BY 4.0,DISEASES,false
23411,DOID:1826,ODbL 1.0,DisGeNET,false
2263,DOID:363,ODbL 1.0,DisGeNET,false
2953,DOID:10763,ODbL 1.0,DisGeNET,false
2147,DOID:3571,CC BY 4.0,DISEASES,false
6092,DOID:4606,ODbL 1.0,DisGeNET,false
23373,DOID:2174,CC BY 4.0,DISEASES,false
1672,DOID:3310,,DOAF,false
2952,DOID:1324,CC BY 4.0,DISEASES,false
1027,DOID:263,ODbL 1.0,DisGeNET,false
9380,DOID:585,CC BY 4.0,DISEASES,false
8878,DOID:5408,,DISEASES|DOAF|DisGeNET,false
3014,DOID:1826,ODbL 1.0,DisGeNET,false
1950,DOID:1612,,DISEASES|DisGeNET,false
27306,DOID:12365,CC BY 4.0,DISEASES,false
79705,DOID:14330,CC BY 4.0,DISEASES,false
64806,DOID:2841,,DOAF,false
81037,DOID:9296,CC BY 4.0,DISEASES,false
1392,DOID:10652,ODbL 1.0,DisGeNET,false
9113,DOID:3070,ODbL 1.0,DisGeNET,false
4846,DOID:2841,,DOAF,false
59277,DOID:1612,CC BY 4.0,GWAS Catalog,true
3106,DOID:1909,CC BY 4.0,DISEASES,false
23457,DOID:2531,CC BY 4.0,DISEASES,false
285195,DOID:1094,CC BY 4.0,DISEASES,false
7124,DOID:8577,,DISEASES|DOAF|DisGeNET,false
133,DOID:3312,CC BY 4.0,GWAS Catalog,true
4854,DOID:1324,ODbL 1.0,DisGeNET,false
10874,DOID:9970,ODbL 1.0,DisGeNET,false
4968,DOID:2531,ODbL 1.0,DisGeNET,false
25824,DOID:986,ODbL 1.0,DisGeNET,false
79932,DOID:9074,CC BY 4.0,GWAS Catalog,true
1874,DOID:2174,CC BY 4.0,DISEASES,false
60,DOID:1826,ODbL 1.0,DisGeNET,false
63036,DOID:10763,ODbL 1.0,DisGeNET,false
11339,DOID:2986,ODbL 1.0,DisGeNET,false
252995,DOID:9970,CC BY 4.0,DISEASES,false
55711,DOID:4606,CC BY 4.0,DISEASES,false
324,DOID:10283,ODbL 1.0,DisGeNET,false
387129,DOID:594,CC BY 4.0,DISEASES,false
8914,DOID:2986,ODbL 1.0,DisGeNET,false
27294,DOID:10283,ODbL 1.0,DisGeNET,false
347,DOID:10652,,DOAF,false
4487,DOID:9296,CC BY 4.0,DISEASES|DOAF,false
8533,DOID:184,CC BY 4.0,DISEASES,false
7515,DOID:5041,ODbL 1.0,DisGeNET,false
26011,DOID:3312,,DISEASES|DisGeNET|GWAS Catalog,true
6005,DOID:2355,CC BY 4.0,DISEASES,false
5618,DOID:1612,CC BY 4.0,DISEASES,false
9914,DOID:3083,CC BY 4.0,GWAS Catalog,true
4057,DOID:11476,ODbL 1.0,DisGeNET,false
2668,DOID:3070,ODbL 1.0,DisGeNET,false
5630,DOID:10283,CC BY 4.0,GWAS Catalog,true
6696,DOID:10763,ODbL 1.0,DisGeNET,false
1493,DOID:986,,DisGeNET|GWAS Catalog,true
7422,DOID:10652,ODbL 1.0,DOAF|DisGeNET,false
335,DOID:9352,CC BY 4.0,DISEASES,false
7386,DOID:3393,ODbL 1.0,DisGeNET,false
100507436,DOID:13241,,DOAF,false
6439,DOID:9970,ODbL 1.0,DisGeNET,false
5605,DOID:1909,ODbL 1.0,DisGeNET,false
5162,DOID:263,ODbL 1.0,DisGeNET,false
356,DOID:1909,ODbL 1.0,DOAF|DisGeNET,false
2645,DOID:9970,ODbL 1.0,DisGeNET,false
925,DOID:1324,CC BY 4.0,DISEASES,false
7170,DOID:10534,ODbL 1.0,DisGeNET,false
8924,DOID:12306,CC BY 4.0,GWAS Catalog,true
1041,DOID:7148,CC BY 4.0,DISEASES,false
84328,DOID:184,ODbL 1.0,DisGeNET,false
5087,DOID:2531,,DISEASES|DisGeNET,false
1791,DOID:2531,CC BY 4.0,DISEASES,false
2888,DOID:9352,,DisGeNET|GWAS Catalog,true
3576,DOID:10763,ODbL 1.0,DisGeNET,false
50813,DOID:10534,ODbL 1.0,DisGeNET,false
6616,DOID:9352,ODbL 1.0,DisGeNET,false
6649,DOID:3083,ODbL 1.0,DOAF|DisGeNET,false
1543,DOID:10763,,DISEASES|DisGeNET,false
57194,DOID:12849,ODbL 1.0,DisGeNET,false
2261,DOID:2998,ODbL 1.0,DisGeNET,false
10891,DOID:9970,,DISEASES|DOAF|DisGeNET,false
5054,DOID:10763,,DISEASES|DOAF|DisGeNET,false
8289,DOID:2394,CC BY 4.0,DISEASES,false
3717,DOID:3393,ODbL 1.0,DisGeNET,false
57178,DOID:8893,CC BY 4.0,GWAS Catalog,true
55749,DOID:0050742,CC BY 4.0,DISEASES,false
6929,DOID:2531,,DISEASES|DisGeNET|GWAS Catalog,true
19,DOID:10652,CC BY 4.0,DISEASES|DOAF,false
5519,DOID:1324,ODbL 1.0,DisGeNET,false
384,DOID:784,ODbL 1.0,DisGeNET,false
116150,DOID:1909,ODbL 1.0,DisGeNET,false
56479,DOID:9835,,DisGeNET|GWAS Catalog,true
6934,DOID:9352,,DisGeNET|GWAS Catalog,true
482,DOID:5041,ODbL 1.0,DisGeNET,false
3304,DOID:8778,,DOAF,false
8600,DOID:1612,CC BY 4.0,DISEASES,false
5590,DOID:2531,ODbL 1.0,DisGeNET,false
81555,DOID:2986,ODbL 1.0,DisGeNET,false
7428,DOID:11054,ODbL 1.0,DisGeNET,false
3091,DOID:9352,ODbL 1.0,DisGeNET,false
83439,DOID:1781,ODbL 1.0,DisGeNET,false
348,DOID:12849,,DOAF,false
6402,DOID:4989,ODbL 1.0,DisGeNET,false
2941,DOID:10283,CC BY 4.0,DISEASES,false
29902,DOID:2986,ODbL 1.0,DisGeNET,false
2153,DOID:10763,,DISEASES|DisGeNET,false
8701,DOID:1324,CC BY 4.0,GWAS Catalog,true
23600,DOID:10283,ODbL 1.0,DisGeNET,false
2101,DOID:1612,ODbL 1.0,DisGeNET,false
60489,DOID:635,CC BY 4.0,DISEASES,false
7021,DOID:9970,CC BY 4.0,GWAS Catalog,true
10333,DOID:9074,CC BY 4.0,DISEASES,false
5133,DOID:9074,,DISEASES|DOAF|DisGeNET,false
8490,DOID:10763,ODbL 1.0,DisGeNET,false
6643,DOID:2986,ODbL 1.0,DisGeNET,false
51272,DOID:13223,CC BY 4.0,GWAS Catalog,true
5475,DOID:2531,CC BY 4.0,DISEASES,false
6855,DOID:1192,CC BY 4.0,DISEASES,false
83933,DOID:2531,CC BY 4.0,DISEASES,false
9194,DOID:9970,ODbL 1.0,DisGeNET,false
2153,DOID:8778,,DOAF,false
388228,DOID:5041,CC BY 4.0,DISEASES,false
1019,DOID:2174,CC BY 4.0,DISEASES,false
1621,DOID:10763,ODbL 1.0,DisGeNET,false
7528,DOID:4362,ODbL 1.0,DisGeNET,false
4519,DOID:2394,ODbL 1.0,DisGeNET,false
776,DOID:9835,CC BY 4.0,GWAS Catalog,true
84171,DOID:11054,ODbL 1.0,DisGeNET,false
6470,DOID:1612,ODbL 1.0,DisGeNET,false
51297,DOID:0060119,CC BY 4.0,DISEASES,false
154,DOID:12849,ODbL 1.0,DisGeNET,false
7052,DOID:3070,ODbL 1.0,DisGeNET,false
2555,DOID:0050741,CC BY 4.0,DISEASES,false
7040,DOID:9970,ODbL 1.0,DisGeNET,false
25818,DOID:10283,ODbL 1.0,DisGeNET,false
5154,DOID:10763,ODbL 1.0,DisGeNET,false
10125,DOID:9074,,DISEASES|DisGeNET,false
1813,DOID:0050742,CC BY 4.0,DISEASES,false
5243,DOID:8577,,DOAF,false
1029,DOID:10534,ODbL 1.0,DisGeNET,false
4595,DOID:219,ODbL 1.0,DisGeNET,false
5081,DOID:1115,CC BY 4.0,DISEASES,false
4879,DOID:9970,ODbL 1.0,DOAF|DisGeNET,false
3119,DOID:9074,,DOAF,false
3553,DOID:8577,,DISEASES|DOAF|DisGeNET,false
27102,DOID:0060119,CC BY 4.0,DISEASES,false
79966,DOID:635,CC BY 4.0,DISEASES,false
1947,DOID:9970,ODbL 1.0,DisGeNET,false
1847,DOID:2531,CC BY 4.0,DISEASES,false
5321,DOID:332,ODbL 1.0,DisGeNET,false
108,DOID:2841,ODbL 1.0,DisGeNET,false
7472,DOID:12849,ODbL 1.0,DOAF|DisGeNET,false
1588,DOID:10283,ODbL 1.0,DisGeNET,false
3852,DOID:11054,ODbL 1.0,DisGeNET,false
3553,DOID:9744,CC BY 4.0,DISEASES,false
3827,DOID:1192,CC BY 4.0,DISEASES,false
3667,DOID:10283,ODbL 1.0,DisGeNET,false
29071,DOID:2986,CC BY 4.0,DISEASES,false
347735,DOID:0050741,CC BY 4.0,GWAS Catalog,true
153,DOID:9744,ODbL 1.0,DisGeNET,false
5241,DOID:2394,CC BY 4.0,DISEASES,false
778,DOID:9835,CC BY 4.0,DISEASES,false
1075,DOID:824,,DISEASES|DisGeNET,false
7133,DOID:3393,ODbL 1.0,DisGeNET,false
4125,DOID:2986,ODbL 1.0,DisGeNET,false
4878,DOID:3393,,DISEASES|DisGeNET,false
1592,DOID:9835,CC BY 4.0,GWAS Catalog,true
2072,DOID:5419,CC BY 4.0,GWAS Catalog,true
6714,DOID:1324,CC BY 4.0,DISEASES,false
6324,DOID:9352,ODbL 1.0,DisGeNET,false
4548,DOID:9296,ODbL 1.0,DisGeNET,false
1805,DOID:9835,CC BY 4.0,DISEASES,false
3265,DOID:1324,CC BY 4.0,DISEASES,false
2952,DOID:263,ODbL 1.0,DisGeNET,false
2934,DOID:11476,ODbL 1.0,DisGeNET,false
7980,DOID:1793,ODbL 1.0,DisGeNET,false
2878,DOID:10283,ODbL 1.0,DisGeNET,false
3586,DOID:1936,CC BY 4.0,DISEASES|DOAF,false
1277,DOID:3571,ODbL 1.0,DisGeNET,false
79068,DOID:9352,,DisGeNET|GWAS Catalog,true
8660,DOID:11476,ODbL 1.0,DisGeNET,false
3458,DOID:8778,CC BY 4.0,DISEASES,false
801,DOID:10652,ODbL 1.0,DisGeNET,false
3117,DOID:10976,ODbL 1.0,DisGeNET,false
1431,DOID:9970,ODbL 1.0,DisGeNET,false
84619,DOID:8778,CC BY 4.0,GWAS Catalog,true
6335,DOID:1826,CC BY 4.0,DISEASES,false
3119,DOID:9744,,DISEASES|DisGeNET,false
4192,DOID:3393,ODbL 1.0,DisGeNET,false
4790,DOID:7693,ODbL 1.0,DisGeNET,false
1636,DOID:418,CC BY 4.0,DISEASES,false
1209,DOID:9296,CC BY 4.0,DISEASES,false
3676,DOID:8778,CC BY 4.0,DISEASES,false
1951,DOID:2355,CC BY 4.0,DISEASES,false
10413,DOID:11612,CC BY 4.0,GWAS Catalog,true
3480,DOID:10652,ODbL 1.0,DisGeNET,false
3358,DOID:1595,CC BY 4.0,DISEASES,false
3717,DOID:2531,,DISEASES|DisGeNET|GWAS Catalog,true
6598,DOID:1192,CC BY 4.0,DISEASES,false
3845,DOID:3070,ODbL 1.0,DisGeNET,false
1499,DOID:3571,,DISEASES|DisGeNET,false
1906,DOID:1312,ODbL 1.0,DisGeNET,false
6347,DOID:2841,,DISEASES|DisGeNET,false
973,DOID:9744,CC BY 4.0,DISEASES,false
5054,DOID:3393,,DISEASES|DisGeNET,false
6352,DOID:10763,ODbL 1.0,DisGeNET,false
7803,DOID:2986,ODbL 1.0,DisGeNET,false
7421,DOID:1612,ODbL 1.0,DisGeNET,false
79587,DOID:12849,CC BY 4.0,DISEASES,false
571,DOID:1793,CC BY 4.0,GWAS Catalog,true
1032,DOID:10534,ODbL 1.0,DisGeNET,false
3238,DOID:1909,ODbL 1.0,DisGeNET,false
58189,DOID:1909,ODbL 1.0,DisGeNET,false
11009,DOID:1793,ODbL 1.0,DisGeNET,false
100506742,DOID:332,ODbL 1.0,DisGeNET,false
1657,DOID:3070,ODbL 1.0,DisGeNET,false
317,DOID:263,ODbL 1.0,DisGeNET,false
27242,DOID:2986,ODbL 1.0,DisGeNET,false
7200,DOID:8986,ODbL 1.0,DisGeNET,false
2214,DOID:9074,ODbL 1.0,DOAF|DisGeNET,false
1063,DOID:2986,ODbL 1.0,DisGeNET,false
2064,DOID:3121,ODbL 1.0,DisGeNET,false
50616,DOID:8893,CC BY 4.0,DISEASES,false
3161,DOID:2531,ODbL 1.0,DisGeNET,false
3092,DOID:9074,CC BY 4.0,GWAS Catalog,true
3716,DOID:9074,ODbL 1.0,DisGeNET,false
4312,DOID:1909,,DOAF,false
51741,DOID:10534,ODbL 1.0,DisGeNET,false
5293,DOID:2531,CC BY 4.0,DISEASES,false
2335,DOID:10763,,DISEASES|DisGeNET,false
1215,DOID:10763,ODbL 1.0,DisGeNET,false
127255,DOID:5419,CC BY 4.0,GWAS Catalog,true
327657,DOID:2531,CC BY 4.0,DISEASES,false
332,DOID:2986,ODbL 1.0,DisGeNET,false
1385,DOID:3393,ODbL 1.0,DisGeNET,false
6772,DOID:7148,ODbL 1.0,DisGeNET,false
4507,DOID:10283,ODbL 1.0,DisGeNET,false
84231,DOID:3565,CC BY 4.0,DISEASES,false
8714,DOID:1324,CC BY 4.0,DISEASES,false
794,DOID:1826,CC BY 4.0,DISEASES,false
218,DOID:0050741,CC BY 4.0,DISEASES,false
1545,DOID:1686,,DISEASES|DOAF|DisGeNET,false
8243,DOID:11054,ODbL 1.0,DisGeNET,false
11200,DOID:184,ODbL 1.0,DisGeNET,false
23532,DOID:11934,ODbL 1.0,DisGeNET,false
4524,DOID:10283,ODbL 1.0,DisGeNET,false
4773,DOID:10763,ODbL 1.0,DisGeNET,false
142,DOID:10283,ODbL 1.0,DisGeNET,false
2908,DOID:1826,ODbL 1.0,DisGeNET,false
768,DOID:2531,ODbL 1.0,DisGeNET,false
3593,DOID:9074,ODbL 1.0,DisGeNET,false
4058,DOID:11612,ODbL 1.0,DisGeNET,false
23512,DOID:1192,ODbL 1.0,DisGeNET,false
1813,DOID:3312,CC BY 4.0,DISEASES,false
4318,DOID:1312,ODbL 1.0,DisGeNET,false
154467,DOID:1686,CC BY 4.0,DISEASES,false
7490,DOID:1909,,DOAF,false
196,DOID:10534,ODbL 1.0,DisGeNET,false
51738,DOID:9970,,DISEASES|DOAF|DisGeNET,false
267,DOID:10652,ODbL 1.0,DisGeNET,false
472,DOID:1612,,DISEASES|DisGeNET,false
5444,DOID:2531,ODbL 1.0,DisGeNET,false
6120,DOID:2986,ODbL 1.0,DisGeNET,false
9734,DOID:2531,CC BY 4.0,DISEASES,false
7299,DOID:4159,,DISEASES|DisGeNET,false
355,DOID:2377,,DOAF,false
864,DOID:8577,,DOAF,false
3576,DOID:10283,ODbL 1.0,DisGeNET,false
210,DOID:263,ODbL 1.0,DisGeNET,false
3106,DOID:7148,CC BY 4.0,DISEASES,false
27113,DOID:2531,ODbL 1.0,DisGeNET,false
7507,DOID:4159,,DISEASES|DisGeNET,false
8493,DOID:1612,ODbL 1.0,DisGeNET,false
91272,DOID:10283,CC BY 4.0,GWAS Catalog,true
840,DOID:12306,,DisGeNET|GWAS Catalog,true
6865,DOID:10763,ODbL 1.0,DisGeNET,false
6863,DOID:14330,CC BY 4.0,DISEASES,false
1401,DOID:9970,CC BY 4.0,DISEASES|DOAF,false
2859,DOID:8577,CC BY 4.0,GWAS Catalog,true
9755,DOID:7147,,DisGeNET|GWAS Catalog,true
1299,DOID:90,CC BY 4.0,DISEASES,false
23037,DOID:10283,CC BY 4.0,DISEASES,false
9518,DOID:10283,ODbL 1.0,DisGeNET,false
5914,DOID:2531,CC BY 4.0,DISEASES,false
4124,DOID:2355,CC BY 4.0,DISEASES,false
1493,DOID:7148,,DISEASES|DOAF|DisGeNET|GWAS Catalog,true
7434,DOID:9835,CC BY 4.0,GWAS Catalog,true
7040,DOID:2043,,DOAF,false
2876,DOID:3393,CC BY 4.0,DISEASES,false
1978,DOID:2531,ODbL 1.0,DisGeNET,false
5617,DOID:10763,ODbL 1.0,DisGeNET,false
7450,DOID:10763,,DISEASES|DisGeNET,false
2023,DOID:1324,ODbL 1.0,DisGeNET,false
22974,DOID:2986,ODbL 1.0,DisGeNET,false
2056,DOID:2355,,DISEASES|DOAF|DisGeNET,false
5020,DOID:2994,CC BY 4.0,DISEASES,false
2026,DOID:2531,ODbL 1.0,DisGeNET,false
655,DOID:263,ODbL 1.0,DisGeNET,false
93953,DOID:11239,CC BY 4.0,DISEASES,false
429,DOID:10283,CC BY 4.0,DISEASES,false
3133,DOID:3393,ODbL 1.0,DisGeNET,false
64747,DOID:2986,ODbL 1.0,DisGeNET,false
4170,DOID:2531,,DISEASES|DisGeNET,false
57178,DOID:10608,,DisGeNET|GWAS Catalog,true
4854,DOID:1612,ODbL 1.0,DisGeNET,false
5245,DOID:10534,ODbL 1.0,DisGeNET,false
6415,DOID:1826,ODbL 1.0,DisGeNET,false
960,DOID:2986,ODbL 1.0,DisGeNET,false
4282,DOID:12849,ODbL 1.0,DisGeNET,false
55027,DOID:5041,CC BY 4.0,GWAS Catalog,true
10752,DOID:1324,CC BY 4.0,DISEASES,false
6343,DOID:11612,ODbL 1.0,DisGeNET,false
1028,DOID:1909,ODbL 1.0,DisGeNET,false
23216,DOID:9970,ODbL 1.0,DisGeNET,false
2939,DOID:1324,CC BY 4.0,DISEASES,false
2023,DOID:10763,ODbL 1.0,DisGeNET,false
221895,DOID:9352,,DisGeNET|GWAS Catalog,true
5599,DOID:2531,CC BY 4.0,DISEASES,false
1535,DOID:10763,,DISEASES|DOAF|DisGeNET,false
887,DOID:594,,DISEASES|DisGeNET,false
6303,DOID:2986,ODbL 1.0,DisGeNET,false
1116,DOID:8398,CC BY 4.0,DISEASES,false
79026,DOID:263,ODbL 1.0,DisGeNET,false
1,DOID:12185,CC BY 4.0,DISEASES,false
50619,DOID:9074,ODbL 1.0,DisGeNET,false
3091,DOID:12236,ODbL 1.0,DisGeNET,false
857,DOID:3070,ODbL 1.0,DisGeNET,false
8877,DOID:3070,ODbL 1.0,DisGeNET,false
5588,DOID:9744,,DisGeNET|GWAS Catalog,true
1007,DOID:12849,,DisGeNET|GWAS Catalog,true
2922,DOID:10283,CC BY 4.0,DISEASES,false
79574,DOID:10283,ODbL 1.0,DisGeNET,false
1020,DOID:10652,,DOAF,false
7453,DOID:1826,CC BY 4.0,DISEASES,false
4900,DOID:5419,CC BY 4.0,DISEASES|GWAS Catalog,true
7010,DOID:1826,ODbL 1.0,DisGeNET,false
11214,DOID:5041,ODbL 1.0,DisGeNET,false
3576,DOID:8893,CC BY 4.0,DISEASES|DOAF,false
4261,DOID:7148,ODbL 1.0,DOAF|DisGeNET,false
5465,DOID:10283,ODbL 1.0,DisGeNET,false
6356,DOID:2841,,DISEASES|DOAF|DisGeNET,false
8030,DOID:1781,,DISEASES|DisGeNET,false
861,DOID:5041,CC BY 4.0,GWAS Catalog,true
7098,DOID:10763,ODbL 1.0,DisGeNET,false
10801,DOID:2531,ODbL 1.0,DisGeNET,false
116519,DOID:1936,,DOAF,false
3586,DOID:10534,ODbL 1.0,DisGeNET,false
84527,DOID:10534,ODbL 1.0,DisGeNET,false
5731,DOID:1612,ODbL 1.0,DisGeNET,false
5178,DOID:4606,ODbL 1.0,DisGeNET,false
2908,DOID:784,ODbL 1.0,DisGeNET,false
185,DOID:1936,CC BY 4.0,DISEASES|DOAF,false
6521,DOID:2355,,DISEASES|DOAF|DisGeNET,false
1052,DOID:3393,ODbL 1.0,DisGeNET,false
10892,DOID:2531,CC BY 4.0,DISEASES,false
23250,DOID:0050156,ODbL 1.0,DisGeNET,false
3383,DOID:10283,ODbL 1.0,DisGeNET,false
5126,DOID:9352,ODbL 1.0,DisGeNET,false
10544,DOID:8577,CC BY 4.0,GWAS Catalog,true
9145,DOID:2531,ODbL 1.0,DisGeNET,false
5465,DOID:824,ODbL 1.0,DisGeNET,false
5660,DOID:2986,ODbL 1.0,DisGeNET,false
4118,DOID:1612,ODbL 1.0,DisGeNET,false
114788,DOID:12849,ODbL 1.0,DisGeNET,false
10611,DOID:3312,,DOAF,false
10019,DOID:9744,,DisGeNET|GWAS Catalog,true
3586,DOID:2841,,DISEASES|DOAF|DisGeNET,false
1499,DOID:363,CC BY 4.0,DISEASES,false
5743,DOID:11054,ODbL 1.0,DisGeNET,false
7432,DOID:10283,ODbL 1.0,DisGeNET,false
4524,DOID:5419,,DOAF,false
6556,DOID:2377,ODbL 1.0,DisGeNET,false
5167,DOID:9352,ODbL 1.0,DisGeNET,false
6714,DOID:10763,ODbL 1.0,DisGeNET,false
3783,DOID:1612,CC BY 4.0,GWAS Catalog,true
9611,DOID:2531,CC BY 4.0,DISEASES,false
1535,DOID:3393,,DISEASES|DOAF|DisGeNET,false
10562,DOID:9970,CC BY 4.0,GWAS Catalog,true
7456,DOID:2986,ODbL 1.0,DisGeNET,false
5284,DOID:2986,ODbL 1.0,DisGeNET,false
1277,DOID:12236,ODbL 1.0,DisGeNET,false
64778,DOID:1686,ODbL 1.0,DisGeNET,false
4069,DOID:2531,CC BY 4.0,DISEASES,false
2691,DOID:9970,CC BY 4.0,DISEASES,false
57492,DOID:1192,ODbL 1.0,DisGeNET,false
6006,DOID:2355,,DISEASES|DisGeNET,false
10599,DOID:1612,ODbL 1.0,DisGeNET,false
5079,DOID:2531,CC BY 4.0,DISEASES,false
8526,DOID:2355,CC BY 4.0,DISEASES,false
1545,DOID:5041,ODbL 1.0,DisGeNET,false
7048,DOID:5041,ODbL 1.0,DisGeNET,false
5468,DOID:9352,,DISEASES|DisGeNET|GWAS Catalog,true
4790,DOID:8893,,DOAF,false
3553,DOID:4989,,DISEASES|DOAF|DisGeNET,false
57700,DOID:1909,ODbL 1.0,DisGeNET,false
7133,DOID:8778,CC BY 4.0,DISEASES,false
1019,DOID:11054,ODbL 1.0,DisGeNET,false
1794,DOID:2986,ODbL 1.0,DisGeNET,false
1645,DOID:363,ODbL 1.0,DisGeNET,false
129080,DOID:1612,CC BY 4.0,GWAS Catalog,true
7099,DOID:10871,,DISEASES|DisGeNET,false
4880,DOID:3393,CC BY 4.0,DISEASES,false
4157,DOID:1909,,DOAF|DisGeNET|GWAS Catalog,true
10423,DOID:216,CC BY 4.0,DISEASES,false
3690,DOID:3393,ODbL 1.0,DisGeNET,false
83539,DOID:1612,CC BY 4.0,GWAS Catalog,true
64184,DOID:14227,CC BY 4.0,DISEASES,false
2768,DOID:3393,ODbL 1.0,DisGeNET,false
3375,DOID:10652,CC BY 4.0,DISEASES,false
4311,DOID:10763,CC BY 4.0,DISEASES,false
11260,DOID:1686,CC BY 4.0,DISEASES,false
4361,DOID:1612,CC BY 4.0,DISEASES,false
3458,DOID:12365,CC BY 4.0,DISEASES|DOAF,false
196,DOID:1612,ODbL 1.0,DisGeNET,false
959,DOID:7148,CC BY 4.0,DISEASES,false
3559,DOID:9074,,DOAF,false
4254,DOID:3393,ODbL 1.0,DisGeNET,false
4023,DOID:14221,CC BY 4.0,DISEASES|GWAS Catalog,true
6948,DOID:2355,,DISEASES|DisGeNET,false
1489,DOID:10283,CC BY 4.0,DISEASES,false
79068,DOID:14221,CC BY 4.0,GWAS Catalog,true
658,DOID:10283,ODbL 1.0,DisGeNET,false
7432,DOID:1192,CC BY 4.0,DISEASES,false
5610,DOID:1826,ODbL 1.0,DisGeNET,false
4803,DOID:3310,,DOAF,false
118980,DOID:2355,CC BY 4.0,DISEASES,false
904,DOID:635,CC BY 4.0,DISEASES,false
6925,DOID:11555,CC BY 4.0,DISEASES,false
4158,DOID:10763,ODbL 1.0,DisGeNET,false
5595,DOID:263,ODbL 1.0,DisGeNET,false
5139,DOID:3393,ODbL 1.0,DisGeNET,false
63940,DOID:10283,CC BY 4.0,DISEASES,false
3105,DOID:2377,CC BY 4.0,DISEASES|DOAF,false
2838,DOID:2531,CC BY 4.0,DISEASES,false
3725,DOID:1115,ODbL 1.0,DisGeNET,false
4851,DOID:4362,ODbL 1.0,DisGeNET,false
1672,DOID:9352,ODbL 1.0,DisGeNET,false
7124,DOID:2043,ODbL 1.0,DOAF|DisGeNET,false
11186,DOID:1319,ODbL 1.0,DisGeNET,false
6347,DOID:9970,,DISEASES|DOAF|DisGeNET,false
650,DOID:11476,CC BY 4.0,DISEASES,false
356,DOID:1324,ODbL 1.0,DisGeNET,false
7409,DOID:1319,ODbL 1.0,DisGeNET,false
7422,DOID:9352,ODbL 1.0,DisGeNET,false
4288,DOID:2986,ODbL 1.0,DisGeNET,false
10397,DOID:1909,ODbL 1.0,DisGeNET,false
5291,DOID:2394,CC BY 4.0,DISEASES,false
152330,DOID:5419,CC BY 4.0,GWAS Catalog,true
221037,DOID:8850,ODbL 1.0,DisGeNET,false
7127,DOID:12236,CC BY 4.0,GWAS Catalog,true
3791,DOID:1115,ODbL 1.0,DisGeNET,false
57412,DOID:1595,CC BY 4.0,GWAS Catalog,true
1956,DOID:10283,,DISEASES|DisGeNET,false
3458,DOID:2377,CC BY 4.0,DISEASES|DOAF,false
2898,DOID:5419,CC BY 4.0,DISEASES,false
169026,DOID:9352,,DisGeNET|GWAS Catalog,true
7879,DOID:3393,ODbL 1.0,DisGeNET,false
4233,DOID:2531,ODbL 1.0,DisGeNET,false
5862,DOID:11612,ODbL 1.0,DisGeNET,false
10979,DOID:10652,CC BY 4.0,GWAS Catalog,true
84662,DOID:2531,CC BY 4.0,DISEASES,false
116085,DOID:585,CC BY 4.0,DISEASES,false
5925,DOID:2986,ODbL 1.0,DisGeNET,false
5934,DOID:2394,ODbL 1.0,DisGeNET,false
161291,DOID:1909,ODbL 1.0,DisGeNET,false
7494,DOID:5041,CC BY 4.0,GWAS Catalog,true
6526,DOID:263,ODbL 1.0,DisGeNET,false
3458,DOID:8893,CC BY 4.0,DISEASES,false
23576,DOID:10763,CC BY 4.0,DISEASES,false
84141,DOID:1793,CC BY 4.0,DISEASES,false
2068,DOID:10534,ODbL 1.0,DisGeNET,false
26974,DOID:9835,CC BY 4.0,GWAS Catalog,true
23636,DOID:8850,CC BY 4.0,DISEASES,false
65005,DOID:1612,ODbL 1.0,DisGeNET,false
23224,DOID:263,ODbL 1.0,DisGeNET,false
5144,DOID:2841,,DisGeNET|GWAS Catalog,true
25937,DOID:175,CC BY 4.0,DISEASES,false
4956,DOID:2531,CC BY 4.0,GWAS Catalog,true
5932,DOID:10941,CC BY 4.0,GWAS Catalog,true
9076,DOID:1612,ODbL 1.0,DisGeNET,false
8803,DOID:2355,CC BY 4.0,DISEASES,false
213,DOID:10534,ODbL 1.0,DisGeNET,false
7139,DOID:12930,ODbL 1.0,DOAF|DisGeNET,false
3952,DOID:11612,,DISEASES|DOAF|DisGeNET,false
360,DOID:5041,ODbL 1.0,DisGeNET,false
2629,DOID:10763,ODbL 1.0,DisGeNET,false
999,DOID:0060119,CC BY 4.0,DISEASES,false
5184,DOID:9352,,DisGeNET|GWAS Catalog,true
2304,DOID:1459,CC BY 4.0,DISEASES|GWAS Catalog,true
10320,DOID:8778,CC BY 4.0,GWAS Catalog,true
56342,DOID:8986,CC BY 4.0,GWAS Catalog,true
4023,DOID:9352,,DISEASES|DisGeNET,false
3603,DOID:10283,ODbL 1.0,DisGeNET,false
960,DOID:10534,ODbL 1.0,DisGeNET,false
6343,DOID:1793,CC BY 4.0,DISEASES,false
1956,DOID:10763,ODbL 1.0,DisGeNET,false
1295,DOID:11555,CC BY 4.0,DISEASES,false
3265,DOID:2394,CC BY 4.0,DISEASES,false
7422,DOID:10534,,DISEASES|DisGeNET,false
4609,DOID:263,,DisGeNET|GWAS Catalog,true
959,DOID:635,CC BY 4.0,DISEASES,false
57188,DOID:5419,CC BY 4.0,GWAS Catalog,true
64225,DOID:2531,CC BY 4.0,DISEASES,false
2556,DOID:12849,ODbL 1.0,DisGeNET,false
92342,DOID:2986,ODbL 1.0,DisGeNET,false
7029,DOID:784,CC BY 4.0,GWAS Catalog,true
3684,DOID:7148,CC BY 4.0,GWAS Catalog,true
7547,DOID:12930,CC BY 4.0,DISEASES,false
2908,DOID:10283,ODbL 1.0,DisGeNET,false
11117,DOID:184,CC BY 4.0,DISEASES,false
3383,DOID:2377,,DISEASES|DOAF|DisGeNET,false
858,DOID:10283,ODbL 1.0,DisGeNET,false
2213,DOID:7148,CC BY 4.0,DISEASES|DOAF,false
2869,DOID:14330,ODbL 1.0,DisGeNET,false
3606,DOID:11612,,DOAF,false
7124,DOID:11714,,DOAF,false
369,DOID:1612,ODbL 1.0,DisGeNET,false
4909,DOID:12849,ODbL 1.0,DisGeNET,false
1756,DOID:11612,ODbL 1.0,DisGeNET,false
3600,DOID:3393,CC BY 4.0,DISEASES,false
2516,DOID:2394,ODbL 1.0,DisGeNET,false
8929,DOID:1192,,DISEASES|DisGeNET,false
9351,DOID:10763,ODbL 1.0,DisGeNET,false
91039,DOID:0050156,ODbL 1.0,DisGeNET,false
7099,DOID:3083,,DOAF,false
5789,DOID:1612,ODbL 1.0,DisGeNET,false
79906,DOID:11612,ODbL 1.0,DisGeNET,false
51268,DOID:9008,CC BY 4.0,DISEASES,false
885,DOID:9970,CC BY 4.0,DISEASES,false
2941,DOID:14330,ODbL 1.0,DisGeNET,false
4803,DOID:10763,ODbL 1.0,DisGeNET,false
3119,DOID:12361,CC BY 4.0,DISEASES|DOAF,false
116085,DOID:13189,CC BY 4.0,DISEASES,false
8743,DOID:363,ODbL 1.0,DisGeNET,false
2625,DOID:2841,,DISEASES|DOAF|DisGeNET,false
3558,DOID:119,ODbL 1.0,DisGeNET,false
6337,DOID:2994,ODbL 1.0,DisGeNET,false
4314,DOID:9352,ODbL 1.0,DisGeNET,false
9943,DOID:10763,ODbL 1.0,DisGeNET,false
3107,DOID:7147,CC BY 4.0,DISEASES,false
5909,DOID:1793,ODbL 1.0,DisGeNET,false
8878,DOID:10871,ODbL 1.0,DisGeNET,false
51181,DOID:9970,ODbL 1.0,DisGeNET,false
1636,DOID:11612,,DOAF,false
117156,DOID:2841,ODbL 1.0,DOAF|DisGeNET,false
2214,DOID:7148,ODbL 1.0,DOAF|DisGeNET,false
23274,DOID:2841,CC BY 4.0,GWAS Catalog,true
1543,DOID:263,ODbL 1.0,DisGeNET,false
284,DOID:10763,ODbL 1.0,DOAF|DisGeNET,false
217,DOID:4989,CC BY 4.0,DISEASES,false
57706,DOID:11612,CC BY 4.0,DISEASES|GWAS Catalog,true
54478,DOID:2986,ODbL 1.0,DisGeNET,false
186,DOID:10534,ODbL 1.0,DisGeNET,false
36,DOID:12849,ODbL 1.0,DisGeNET,false
10392,DOID:2377,CC BY 4.0,DISEASES,false
23532,DOID:1319,ODbL 1.0,DisGeNET,false
1489,DOID:9970,ODbL 1.0,DisGeNET,false
7155,DOID:2531,ODbL 1.0,DisGeNET,false
7068,DOID:1459,CC BY 4.0,DISEASES,false
54739,DOID:10534,ODbL 1.0,DisGeNET,false
183,DOID:14221,ODbL 1.0,DisGeNET,false
1889,DOID:10763,ODbL 1.0,DisGeNET,false
8320,DOID:7148,CC BY 4.0,GWAS Catalog,true
5911,DOID:7148,ODbL 1.0,DisGeNET,false
1742,DOID:14330,ODbL 1.0,DisGeNET,false
9463,DOID:5419,,DOAF,false
1440,DOID:4045,ODbL 1.0,DisGeNET,false
23564,DOID:10763,ODbL 1.0,DisGeNET,false
10630,DOID:3121,CC BY 4.0,DISEASES,false
5743,DOID:8577,ODbL 1.0,DisGeNET,false
8678,DOID:1686,ODbL 1.0,DisGeNET,false
8220,DOID:6364,CC BY 4.0,DISEASES,false
5537,DOID:1909,ODbL 1.0,DisGeNET,false
793,DOID:1826,CC BY 4.0,DISEASES,false
3358,DOID:14221,ODbL 1.0,DisGeNET,false
3077,DOID:8398,,DOAF,false
3559,DOID:8778,CC BY 4.0,GWAS Catalog,true
6505,DOID:1826,,DISEASES|DisGeNET,false
3280,DOID:3565,ODbL 1.0,DisGeNET,false
717,DOID:10871,,DISEASES|DOAF|DisGeNET,false
5617,DOID:12849,ODbL 1.0,DisGeNET,false
9817,DOID:3121,ODbL 1.0,DisGeNET,false
3605,DOID:7148,CC BY 4.0,DISEASES|DOAF,false
8718,DOID:10608,CC BY 4.0,DISEASES,false
5740,DOID:10763,ODbL 1.0,DOAF|DisGeNET,false
4864,DOID:1936,ODbL 1.0,DisGeNET,false
391196,DOID:9835,CC BY 4.0,GWAS Catalog,true
387,DOID:2986,ODbL 1.0,DisGeNET,false
79661,DOID:9970,ODbL 1.0,DisGeNET,false
695,DOID:2531,CC BY 4.0,DISEASES,false
1636,DOID:10534,ODbL 1.0,DisGeNET,false
2565,DOID:0050741,CC BY 4.0,DISEASES,false
3162,DOID:3393,,DISEASES|DisGeNET,false
894,DOID:2174,CC BY 4.0,DISEASES,false
1906,DOID:418,CC BY 4.0,DISEASES|DOAF,false
5265,DOID:3083,,DISEASES|DOAF|DisGeNET,false
5334,DOID:8778,CC BY 4.0,GWAS Catalog,true
701,DOID:9835,CC BY 4.0,DISEASES,false
3717,DOID:2355,CC BY 4.0,DISEASES|DOAF,false
55577,DOID:10283,ODbL 1.0,DisGeNET,false
1812,DOID:5419,CC BY 4.0,DISEASES|DOAF,false
2571,DOID:1826,CC BY 4.0,DISEASES,false
1959,DOID:12849,ODbL 1.0,DisGeNET,false
54756,DOID:10283,ODbL 1.0,DisGeNET,false
6678,DOID:3953,ODbL 1.0,DisGeNET,false
27145,DOID:10534,ODbL 1.0,DisGeNET,false
6218,DOID:2355,,DISEASES|DisGeNET,false
25902,DOID:3393,CC BY 4.0,GWAS Catalog,true
169792,DOID:1459,CC BY 4.0,DISEASES,false
2696,DOID:9352,ODbL 1.0,DisGeNET,false
723961,DOID:10763,ODbL 1.0,DisGeNET,false
9727,DOID:1319,CC BY 4.0,DISEASES,false
999,DOID:1612,,DISEASES|DisGeNET,false
875,DOID:9352,ODbL 1.0,DisGeNET,false
3292,DOID:10283,ODbL 1.0,DisGeNET,false
7070,DOID:2531,CC BY 4.0,DISEASES,false
3290,DOID:9352,ODbL 1.0,DisGeNET,false
23186,DOID:2986,ODbL 1.0,DisGeNET,false
3683,DOID:2531,CC BY 4.0,DISEASES,false
1786,DOID:1612,ODbL 1.0,DisGeNET,false
6899,DOID:11612,ODbL 1.0,DisGeNET,false
121256,DOID:1324,ODbL 1.0,DisGeNET,false
3420,DOID:10534,ODbL 1.0,DisGeNET,false
4313,DOID:4606,ODbL 1.0,DisGeNET,false
3479,DOID:11612,CC BY 4.0,DISEASES|DOAF,false
3767,DOID:10763,ODbL 1.0,DisGeNET,false
3612,DOID:3312,CC BY 4.0,DISEASES,false
2247,DOID:1826,ODbL 1.0,DisGeNET,false
412,DOID:9970,ODbL 1.0,DisGeNET,false
7991,DOID:10283,ODbL 1.0,DisGeNET,false
3399,DOID:2531,ODbL 1.0,DisGeNET,false
3363,DOID:0050741,CC BY 4.0,DISEASES,false
6199,DOID:1612,ODbL 1.0,DisGeNET,false
7584,DOID:263,CC BY 4.0,DISEASES,false
29119,DOID:10652,,DOAF,false
5270,DOID:10763,ODbL 1.0,DisGeNET,false
2932,DOID:10652,,DISEASES|DOAF|DisGeNET,false
3375,DOID:9744,CC BY 4.0,DISEASES,false
3643,DOID:11612,CC BY 4.0,DISEASES|DOAF|GWAS Catalog,true
11200,DOID:2394,CC BY 4.0,DISEASES,false
387,DOID:11054,ODbL 1.0,DisGeNET,false
216,DOID:263,ODbL 1.0,DisGeNET,false
1437,DOID:2841,CC BY 4.0,DISEASES,false
883,DOID:263,ODbL 1.0,DisGeNET,false
3861,DOID:8850,CC BY 4.0,DISEASES,false
57591,DOID:2531,CC BY 4.0,DISEASES,false
3708,DOID:10283,ODbL 1.0,DisGeNET,false
3123,DOID:2355,,DOAF,false
4780,DOID:10283,ODbL 1.0,DisGeNET,false
27255,DOID:1192,CC BY 4.0,DISEASES,false
4629,DOID:2531,,DISEASES|DisGeNET,false
7422,DOID:219,CC BY 4.0,DISEASES,false
201254,DOID:2355,CC BY 4.0,DISEASES,false
861,DOID:2531,,DISEASES|DisGeNET,false
1814,DOID:11119,ODbL 1.0,DisGeNET,false
339,DOID:9970,ODbL 1.0,DisGeNET,false
2155,DOID:10763,ODbL 1.0,DisGeNET,false
6863,DOID:3310,CC BY 4.0,DISEASES,false
947,DOID:175,CC BY 4.0,DISEASES,false
8743,DOID:263,ODbL 1.0,DisGeNET,false
6367,DOID:3310,,DISEASES|DOAF|DisGeNET,false
51085,DOID:14221,CC BY 4.0,GWAS Catalog,true
595,DOID:10534,ODbL 1.0,DisGeNET,false
6647,DOID:14330,ODbL 1.0,DisGeNET,false
1435,DOID:2531,CC BY 4.0,DISEASES,false
4860,DOID:5419,CC BY 4.0,DISEASES,false
4843,DOID:1936,ODbL 1.0,DisGeNET,false
4803,DOID:1686,ODbL 1.0,DisGeNET,false
894,DOID:1686,ODbL 1.0,DisGeNET,false
256021,DOID:5419,CC BY 4.0,GWAS Catalog,true
3558,DOID:2531,,DISEASES|DisGeNET,false
9260,DOID:2531,CC BY 4.0,DISEASES,false
1592,DOID:5041,ODbL 1.0,DisGeNET,false
6678,DOID:10534,ODbL 1.0,DisGeNET,false
26191,DOID:2986,ODbL 1.0,DisGeNET,false
10097,DOID:2986,ODbL 1.0,DisGeNET,false
4330,DOID:2531,,DISEASES|DisGeNET,false
5294,DOID:2531,CC BY 4.0,DISEASES,false
200728,DOID:8778,CC BY 4.0,GWAS Catalog,true
64478,DOID:1595,CC BY 4.0,GWAS Catalog,true
6866,DOID:10763,,DISEASES|DisGeNET,false
7298,DOID:11054,ODbL 1.0,DisGeNET,false
55159,DOID:2998,ODbL 1.0,DisGeNET,false
55742,DOID:363,CC BY 4.0,DISEASES,false
6596,DOID:2986,ODbL 1.0,DisGeNET,false
1788,DOID:1612,ODbL 1.0,DisGeNET,false
1390,DOID:8778,CC BY 4.0,GWAS Catalog,true
10135,DOID:2986,ODbL 1.0,DisGeNET,false
482,DOID:3070,ODbL 1.0,DisGeNET,false
595,DOID:1909,CC BY 4.0,DISEASES|DOAF,false
108,DOID:3312,CC BY 4.0,GWAS Catalog,true
846,DOID:10763,ODbL 1.0,DisGeNET,false
130540,DOID:332,CC BY 4.0,DISEASES,false
22853,DOID:10283,,DisGeNET|GWAS Catalog,true
1234,DOID:2841,,DOAF,false
1742,DOID:5419,CC BY 4.0,DISEASES|DOAF,false
3880,DOID:1324,CC BY 4.0,DISEASES,false
3606,DOID:14221,ODbL 1.0,DisGeNET,false
5834,DOID:3393,ODbL 1.0,DisGeNET,false
928,DOID:1324,ODbL 1.0,DisGeNET,false
8530,DOID:10534,ODbL 1.0,DisGeNET,false
4843,DOID:12849,ODbL 1.0,DisGeNET,false
6037,DOID:4481,CC BY 4.0,DISEASES,false
8854,DOID:10283,ODbL 1.0,DisGeNET,false
3689,DOID:2986,ODbL 1.0,DisGeNET,false
50943,DOID:9074,CC BY 4.0,DISEASES|DOAF,false
148867,DOID:2377,CC BY 4.0,GWAS Catalog,true
157869,DOID:8778,CC BY 4.0,GWAS Catalog,true
3087,DOID:2377,CC BY 4.0,GWAS Catalog,true
1028,DOID:363,ODbL 1.0,DisGeNET,false
5300,DOID:10652,ODbL 1.0,DOAF|DisGeNET,false
5655,DOID:2394,ODbL 1.0,DisGeNET,false
2821,DOID:1612,ODbL 1.0,DisGeNET,false
3630,DOID:10763,ODbL 1.0,DisGeNET,false
7046,DOID:14004,CC BY 4.0,DISEASES,false
135138,DOID:1024,,DISEASES|DisGeNET,false
3006,DOID:1612,ODbL 1.0,DisGeNET,false
6910,DOID:3393,ODbL 1.0,DisGeNET,false
4205,DOID:3393,CC BY 4.0,DISEASES,false
2739,DOID:1909,ODbL 1.0,DisGeNET,false
4208,DOID:3393,ODbL 1.0,DisGeNET,false
3356,DOID:5419,CC BY 4.0,DISEASES|DOAF,false
5319,DOID:3393,CC BY 4.0,DISEASES,false
182,DOID:3070,ODbL 1.0,DisGeNET,false
6616,DOID:1094,CC BY 4.0,DISEASES,false
56287,DOID:10534,ODbL 1.0,DisGeNET,false
7127,DOID:3571,CC BY 4.0,DISEASES,false
55819,DOID:10283,ODbL 1.0,DisGeNET,false
6487,DOID:1826,CC BY 4.0,DISEASES,false
1557,DOID:1826,CC BY 4.0,DISEASES,false
3237,DOID:2394,ODbL 1.0,DisGeNET,false
2180,DOID:2986,ODbL 1.0,DisGeNET,false
4601,DOID:1612,ODbL 1.0,DisGeNET,false
177,DOID:7148,ODbL 1.0,DOAF|DisGeNET,false
7045,DOID:8398,CC BY 4.0,DISEASES,false
894,DOID:9352,ODbL 1.0,DisGeNET,false
11330,DOID:4989,CC BY 4.0,DISEASES|DOAF,false
64135,DOID:2377,,DOAF,false
7042,DOID:14004,ODbL 1.0,DisGeNET,false
5444,DOID:12849,ODbL 1.0,DisGeNET,false
9935,DOID:2531,CC BY 4.0,DISEASES,false
125,DOID:4989,CC BY 4.0,DISEASES,false
10313,DOID:10652,,DOAF,false
7412,DOID:2841,CC BY 4.0,DISEASES,false
58531,DOID:2377,CC BY 4.0,DISEASES,false
3329,DOID:10652,ODbL 1.0,DisGeNET,false
2626,DOID:3393,,DISEASES|DisGeNET,false
627,DOID:2841,,DOAF,false
10318,DOID:9074,,DOAF|DisGeNET|GWAS Catalog,true
2905,DOID:5419,CC BY 4.0,DISEASES,false
149233,DOID:9074,,DOAF,false
4194,DOID:3070,ODbL 1.0,DisGeNET,false
55289,DOID:7148,CC BY 4.0,GWAS Catalog,true
128869,DOID:1909,CC BY 4.0,GWAS Catalog,true
7096,DOID:1024,ODbL 1.0,DisGeNET,false
60468,DOID:2531,ODbL 1.0,DisGeNET,false
3479,DOID:1936,,DOAF,false
2191,DOID:2986,ODbL 1.0,DisGeNET,false
1593,DOID:11476,CC BY 4.0,DISEASES,false
29968,DOID:10283,CC BY 4.0,DISEASES,false
2539,DOID:12365,CC BY 4.0,DISEASES,false
9021,DOID:3393,ODbL 1.0,DisGeNET,false
3106,DOID:2355,CC BY 4.0,DISEASES,false
6868,DOID:14004,ODbL 1.0,DisGeNET,false
6483,DOID:263,CC BY 4.0,DISEASES,false
4060,DOID:1909,,DOAF,false
7357,DOID:3393,ODbL 1.0,DisGeNET,false
836,DOID:1826,ODbL 1.0,DisGeNET,false
7087,DOID:1612,ODbL 1.0,DisGeNET,false
4046,DOID:1612,,DISEASES|DisGeNET|GWAS Catalog,true
5266,DOID:8893,CC BY 4.0,DISEASES,false
11261,DOID:8577,CC BY 4.0,GWAS Catalog,true
3702,DOID:2986,ODbL 1.0,DisGeNET,false
2554,DOID:12849,ODbL 1.0,DisGeNET,false
66037,DOID:14227,CC BY 4.0,DISEASES,false
2911,DOID:1909,,DOAF,false
152100,DOID:8398,CC BY 4.0,DISEASES,false
2261,DOID:9296,ODbL 1.0,DisGeNET,false
2067,DOID:4362,ODbL 1.0,DisGeNET,false
2539,DOID:2355,,DISEASES|DOAF|DisGeNET,false
4842,DOID:2841,,DOAF,false
348,DOID:3393,,DISEASES|DOAF|DisGeNET,false
6326,DOID:1826,,DISEASES|DOAF|DisGeNET,false
60678,DOID:10283,CC BY 4.0,GWAS Catalog,true
10911,DOID:1936,CC BY 4.0,DISEASES,false
1267,DOID:5419,,DOAF,false
9020,DOID:12236,ODbL 1.0,DisGeNET,false
3553,DOID:3083,,DOAF,false
26524,DOID:3070,ODbL 1.0,DisGeNET,false
2321,DOID:263,ODbL 1.0,DisGeNET,false
2155,DOID:1936,CC BY 4.0,DISEASES|DOAF,false
2078,DOID:1115,,DOAF,false
3107,DOID:3070,ODbL 1.0,DisGeNET,false
54474,DOID:11054,CC BY 4.0,DISEASES,false
2678,DOID:0050741,CC BY 4.0,DISEASES,false
4208,DOID:12849,ODbL 1.0,DisGeNET,false
90865,DOID:8577,,DOAF,false
1001,DOID:8577,ODbL 1.0,DisGeNET,false
3684,DOID:2986,ODbL 1.0,DisGeNET,false
11197,DOID:10534,ODbL 1.0,DisGeNET,false
2070,DOID:12930,CC BY 4.0,DISEASES,false
4795,DOID:7148,ODbL 1.0,DOAF|DisGeNET,false
2879,DOID:1612,ODbL 1.0,DisGeNET,false
3606,DOID:12365,,DOAF,false
7128,DOID:9074,,DISEASES|DOAF|DisGeNET|GWAS Catalog,true
7044,DOID:3393,CC BY 4.0,DISEASES,false
196,DOID:3571,ODbL 1.0,DisGeNET,false
7508,DOID:12849,ODbL 1.0,DisGeNET,false
5347,DOID:3070,ODbL 1.0,DisGeNET,false
3630,DOID:3312,ODbL 1.0,DisGeNET,false
2695,DOID:9970,,DISEASES|DisGeNET,false
84925,DOID:263,,DISEASES|DisGeNET,false
2263,DOID:10534,ODbL 1.0,DisGeNET,false
6403,DOID:10763,,DISEASES|DisGeNET,false
2067,DOID:10534,ODbL 1.0,DisGeNET,false
3953,DOID:11714,ODbL 1.0,DisGeNET,false
8477,DOID:8778,CC BY 4.0,GWAS Catalog,true
127665,DOID:9352,CC BY 4.0,GWAS Catalog,true
728118,DOID:363,CC BY 4.0,DISEASES,false
117289,DOID:10608,CC BY 4.0,DISEASES|GWAS Catalog,true
1636,DOID:11476,ODbL 1.0,DisGeNET,false
3329,DOID:10763,ODbL 1.0,DisGeNET,false
54221,DOID:12849,ODbL 1.0,DisGeNET,false
5743,DOID:8398,CC BY 4.0,DISEASES,false
1645,DOID:1324,ODbL 1.0,DisGeNET,false
7157,DOID:1909,,DISEASES|DOAF|DisGeNET,false
948,DOID:14221,,DISEASES|DisGeNET,false
3486,DOID:3393,ODbL 1.0,DisGeNET,false
1026,DOID:10283,,DISEASES|DisGeNET,false
23603,DOID:2986,ODbL 1.0,DisGeNET,false
5054,DOID:10283,ODbL 1.0,DisGeNET,false
8339,DOID:10283,ODbL 1.0,DisGeNET,false
4807,DOID:9296,CC BY 4.0,DISEASES,false
8522,DOID:2986,ODbL 1.0,DisGeNET,false
29086,DOID:2394,,DisGeNET|GWAS Catalog,true
6597,DOID:1324,ODbL 1.0,DisGeNET,false
2729,DOID:10763,ODbL 1.0,DisGeNET,false
355,DOID:12365,ODbL 1.0,DisGeNET,false
286,DOID:2355,CC BY 4.0,DISEASES,false
2938,DOID:1612,CC BY 4.0,DISEASES,false
3590,DOID:2394,ODbL 1.0,DisGeNET,false
4878,DOID:12930,ODbL 1.0,DisGeNET,false
941,DOID:9074,CC BY 4.0,GWAS Catalog,true
1326,DOID:3393,ODbL 1.0,DisGeNET,false
1524,DOID:3393,ODbL 1.0,DisGeNET,false
1786,DOID:10534,ODbL 1.0,DisGeNET,false
51196,DOID:5041,,DISEASES|DisGeNET|GWAS Catalog,true
624,DOID:7148,ODbL 1.0,DisGeNET,false
358,DOID:10763,ODbL 1.0,DisGeNET,false
6404,DOID:3393,,DOAF,false
7157,DOID:363,,DISEASES|DisGeNET,false
5138,DOID:1612,ODbL 1.0,DisGeNET,false
3162,DOID:2355,ODbL 1.0,DisGeNET,false
3845,DOID:3571,,DISEASES|DisGeNET,false
50613,DOID:332,CC BY 4.0,DISEASES,false
5562,DOID:10534,CC BY 4.0,GWAS Catalog,true
3778,DOID:9970,ODbL 1.0,DisGeNET,false
627,DOID:9970,,DISEASES|DOAF|DisGeNET,false
4267,DOID:1115,CC BY 4.0,DISEASES,false
27306,DOID:2998,ODbL 1.0,DisGeNET,false
10717,DOID:1612,CC BY 4.0,GWAS Catalog,true
149628,DOID:2841,ODbL 1.0,DisGeNET,false
23225,DOID:12236,CC BY 4.0,DISEASES,false
728239,DOID:1909,CC BY 4.0,DISEASES,false
999,DOID:8577,ODbL 1.0,DisGeNET,false
3045,DOID:2355,CC BY 4.0,DISEASES,false
4771,DOID:263,ODbL 1.0,DisGeNET,false
6579,DOID:1826,ODbL 1.0,DisGeNET,false
2950,DOID:10534,ODbL 1.0,DisGeNET,false
22943,DOID:2531,CC BY 4.0,DISEASES,false
594857,DOID:784,CC BY 4.0,DISEASES,false
861,DOID:2355,,DOAF,false
9388,DOID:1936,CC BY 4.0,DISEASES,false
3600,DOID:9008,CC BY 4.0,DISEASES,false
6584,DOID:8577,CC BY 4.0,DISEASES,false
4313,DOID:1312,ODbL 1.0,DisGeNET,false
2170,DOID:3393,CC BY 4.0,DISEASES,false
5713,DOID:263,CC BY 4.0,DISEASES,false
8837,DOID:1793,ODbL 1.0,DisGeNET,false
50489,DOID:2531,CC BY 4.0,DISEASES,false
3576,DOID:4989,CC BY 4.0,DISEASES,false
7175,DOID:1781,ODbL 1.0,DisGeNET,false
2316,DOID:1909,,DOAF,false
5290,DOID:3571,CC BY 4.0,DISEASES,false
7097,DOID:2986,ODbL 1.0,DisGeNET,false
51514,DOID:2986,ODbL 1.0,DisGeNET,false
10269,DOID:1312,ODbL 1.0,DisGeNET,false
8862,DOID:10763,,DISEASES|DOAF|DisGeNET,false
3596,DOID:263,ODbL 1.0,DisGeNET,false
6664,DOID:8850,ODbL 1.0,DisGeNET,false
5610,DOID:10283,ODbL 1.0,DisGeNET,false
10874,DOID:2986,ODbL 1.0,DisGeNET,false
4519,DOID:9352,ODbL 1.0,DisGeNET,false
4088,DOID:4481,CC BY 4.0,GWAS Catalog,true
9518,DOID:3393,ODbL 1.0,DisGeNET,false
10557,DOID:1909,ODbL 1.0,DisGeNET,false
5160,DOID:10283,ODbL 1.0,DisGeNET,false
23491,DOID:3393,ODbL 1.0,DisGeNET,false
3861,DOID:5041,ODbL 1.0,DisGeNET,false
680,DOID:9970,CC BY 4.0,DISEASES,false
920,DOID:4362,CC BY 4.0,DISEASES,false
3990,DOID:3393,CC BY 4.0,DISEASES,false
5791,DOID:4606,CC BY 4.0,DISEASES,false
5174,DOID:8850,ODbL 1.0,DisGeNET,false
2937,DOID:2355,CC BY 4.0,DISEASES,false
5595,DOID:2394,ODbL 1.0,DisGeNET,false
23443,DOID:1826,CC BY 4.0,DISEASES,false
114609,DOID:10283,ODbL 1.0,DisGeNET,false
5480,DOID:10534,ODbL 1.0,DisGeNET,false
4982,DOID:8398,CC BY 4.0,DISEASES,false
5443,DOID:10763,,DISEASES|DisGeNET,false
841,DOID:4362,ODbL 1.0,DisGeNET,false
54663,DOID:1909,ODbL 1.0,DisGeNET,false
4624,DOID:12930,,DISEASES|DisGeNET,false
27324,DOID:0050425,CC BY 4.0,GWAS Catalog,true
1387,DOID:2531,,DISEASES|DisGeNET,false
2952,DOID:10763,ODbL 1.0,DOAF|DisGeNET,false
183,DOID:2355,ODbL 1.0,DisGeNET,false
951,DOID:2531,CC BY 4.0,DISEASES,false
6256,DOID:10283,ODbL 1.0,DisGeNET,false
2944,DOID:2841,ODbL 1.0,DOAF|DisGeNET,false
64083,DOID:6364,CC BY 4.0,DISEASES,false
5890,DOID:10871,CC BY 4.0,GWAS Catalog,true
2642,DOID:9352,ODbL 1.0,DisGeNET,false
9086,DOID:14227,CC BY 4.0,DISEASES,false
1490,DOID:1312,ODbL 1.0,DisGeNET,false
7442,DOID:9970,ODbL 1.0,DisGeNET,false
23436,DOID:1793,CC BY 4.0,DISEASES,false
356,DOID:14330,ODbL 1.0,DisGeNET,false
1021,DOID:1319,ODbL 1.0,DisGeNET,false
3162,DOID:1612,ODbL 1.0,DisGeNET,false
1471,DOID:9970,ODbL 1.0,DisGeNET,false
79753,DOID:1826,CC BY 4.0,DISEASES,false
28,DOID:12365,CC BY 4.0,GWAS Catalog,true
2852,DOID:1612,,DISEASES|DisGeNET,false
1471,DOID:10871,CC BY 4.0,DISEASES,false
1017,DOID:2174,CC BY 4.0,DISEASES,false
3738,DOID:2377,CC BY 4.0,DISEASES|DOAF,false
4210,DOID:9008,ODbL 1.0,DisGeNET,false
3460,DOID:9744,ODbL 1.0,DisGeNET,false
1742,DOID:10652,CC BY 4.0,DISEASES,false
5228,DOID:10763,ODbL 1.0,DOAF|DisGeNET,false
5447,DOID:11054,ODbL 1.0,DisGeNET,false
3048,DOID:2355,CC BY 4.0,DISEASES,false
7422,DOID:363,ODbL 1.0,DisGeNET,false
5173,DOID:0050741,CC BY 4.0,DISEASES,false
6351,DOID:1936,ODbL 1.0,DisGeNET,false
6869,DOID:3312,ODbL 1.0,DisGeNET,false
4524,DOID:11612,,DOAF,false
2520,DOID:9206,ODbL 1.0,DisGeNET,false
54964,DOID:14227,CC BY 4.0,DISEASES,false
8801,DOID:9970,ODbL 1.0,DisGeNET,false
6198,DOID:10763,ODbL 1.0,DisGeNET,false
355,DOID:9352,ODbL 1.0,DisGeNET,false
10363,DOID:9352,,DisGeNET|GWAS Catalog,true
1719,DOID:12849,ODbL 1.0,DisGeNET,false
11161,DOID:1826,CC BY 4.0,DISEASES,false
4153,DOID:2355,,DOAF,false
3358,DOID:5419,CC BY 4.0,DISEASES|DOAF,false
54969,DOID:2986,ODbL 1.0,DisGeNET,false
2064,DOID:1324,,DISEASES|DisGeNET,false
374470,DOID:5419,CC BY 4.0,GWAS Catalog,true
1540,DOID:8850,CC BY 4.0,DISEASES,false
7037,DOID:1612,ODbL 1.0,DisGeNET,false
3383,DOID:4989,,DISEASES|DisGeNET,false
11196,DOID:2986,ODbL 1.0,DisGeNET,false
2944,DOID:1686,,DOAF,false
1571,DOID:1324,ODbL 1.0,DisGeNET,false
727897,DOID:0050156,ODbL 1.0,DisGeNET,false
596,DOID:5041,ODbL 1.0,DisGeNET,false
5156,DOID:1115,CC BY 4.0,DISEASES,false
2796,DOID:10283,CC BY 4.0,DISEASES,false
1612,DOID:8850,ODbL 1.0,DisGeNET,false
5157,DOID:219,ODbL 1.0,DisGeNET,false
51594,DOID:10534,ODbL 1.0,DisGeNET,false
4907,DOID:1826,ODbL 1.0,DisGeNET,false
5265,DOID:4989,,DISEASES|DisGeNET,false
162,DOID:3565,CC BY 4.0,DISEASES,false
5757,DOID:2043,CC BY 4.0,DISEASES,false
84876,DOID:10763,ODbL 1.0,DisGeNET,false
1192,DOID:5041,ODbL 1.0,DisGeNET,false
6507,DOID:2986,ODbL 1.0,DisGeNET,false
3630,DOID:9970,ODbL 1.0,DOAF|DisGeNET,false
678,DOID:10283,ODbL 1.0,DisGeNET,false
923,DOID:10283,CC BY 4.0,DISEASES,false
5321,DOID:12849,ODbL 1.0,DisGeNET,false
4688,DOID:9970,ODbL 1.0,DisGeNET,false
3717,DOID:10283,ODbL 1.0,DisGeNET,false
144132,DOID:263,ODbL 1.0,DisGeNET,false
3586,DOID:10283,ODbL 1.0,DisGeNET,false
5054,DOID:1612,CC BY 4.0,DISEASES,false
5515,DOID:2841,ODbL 1.0,DisGeNET,false
222256,DOID:2841,,DISEASES|DisGeNET,false
2475,DOID:2394,ODbL 1.0,DisGeNET,false
3394,DOID:2986,ODbL 1.0,DisGeNET,false
10404,DOID:263,ODbL 1.0,DisGeNET,false
6441,DOID:2841,ODbL 1.0,DisGeNET,false
8600,DOID:7148,CC BY 4.0,DISEASES|DOAF,false
6361,DOID:2531,CC BY 4.0,DISEASES,false
199,DOID:9744,ODbL 1.0,DisGeNET,false
9469,DOID:90,CC BY 4.0,GWAS Catalog,true
55010,DOID:2986,ODbL 1.0,DisGeNET,false
3346,DOID:12849,ODbL 1.0,DisGeNET,false
6596,DOID:263,ODbL 1.0,DisGeNET,false
6319,DOID:14221,CC BY 4.0,DISEASES,false
8600,DOID:2531,CC BY 4.0,DISEASES,false
8661,DOID:1612,CC BY 4.0,DISEASES,false
3667,DOID:9352,,DISEASES|DisGeNET|GWAS Catalog,true
10589,DOID:1909,ODbL 1.0,DisGeNET,false
5020,DOID:1595,CC BY 4.0,DISEASES,false
7349,DOID:8778,CC BY 4.0,GWAS Catalog,true
7356,DOID:2841,,DISEASES|DOAF|DisGeNET,false
6524,DOID:9352,CC BY 4.0,DISEASES,false
1393,DOID:1826,ODbL 1.0,DisGeNET,false
7157,DOID:10763,ODbL 1.0,DisGeNET,false
9429,DOID:1324,CC BY 4.0,DISEASES,false
1654,DOID:2986,ODbL 1.0,DisGeNET,false
255057,DOID:1686,CC BY 4.0,DISEASES,false
4311,DOID:1612,ODbL 1.0,DisGeNET,false
6822,DOID:9970,CC BY 4.0,DISEASES,false
6400,DOID:8778,CC BY 4.0,DISEASES,false
821,DOID:3393,ODbL 1.0,DisGeNET,false
113251,DOID:11612,ODbL 1.0,DisGeNET,false
3002,DOID:2531,CC BY 4.0,DISEASES,false
578,DOID:2531,CC BY 4.0,GWAS Catalog,true
912,DOID:2986,ODbL 1.0,DisGeNET,false
153090,DOID:10283,ODbL 1.0,DisGeNET,false
2203,DOID:14330,ODbL 1.0,DisGeNET,false
256764,DOID:784,CC BY 4.0,GWAS Catalog,true
324,DOID:3070,ODbL 1.0,DisGeNET,false
5834,DOID:8850,ODbL 1.0,DisGeNET,false
6421,DOID:3953,CC BY 4.0,DISEASES,false
27102,DOID:2531,CC BY 4.0,DISEASES,false
2915,DOID:1826,,DISEASES|DisGeNET,false
4780,DOID:1324,ODbL 1.0,DisGeNET,false
2697,DOID:3070,ODbL 1.0,DisGeNET,false
5894,DOID:12930,ODbL 1.0,DisGeNET,false
3117,DOID:4989,ODbL 1.0,DisGeNET,false
54107,DOID:635,CC BY 4.0,DISEASES,false
920,DOID:2377,CC BY 4.0,DISEASES,false
2100,DOID:10283,,DISEASES|DisGeNET,false
94025,DOID:2394,,DISEASES|DisGeNET,false
2188,DOID:2355,,DISEASES|DisGeNET,false
10460,DOID:11054,,DisGeNET|GWAS Catalog,true
54716,DOID:2986,ODbL 1.0,DisGeNET,false
3927,DOID:12849,ODbL 1.0,DisGeNET,false
2195,DOID:3070,ODbL 1.0,DisGeNET,false
207,DOID:10763,CC BY 4.0,DISEASES,false
91,DOID:3393,ODbL 1.0,DisGeNET,false
4644,DOID:2986,ODbL 1.0,DisGeNET,false
1462,DOID:3393,ODbL 1.0,DisGeNET,false
590,DOID:263,ODbL 1.0,DisGeNET,false
990,DOID:11612,ODbL 1.0,DisGeNET,false
5959,DOID:9835,,DisGeNET|GWAS Catalog,true
1440,DOID:2355,,DISEASES|DisGeNET,false
7799,DOID:1781,ODbL 1.0,DisGeNET,false
90355,DOID:7148,CC BY 4.0,GWAS Catalog,true
257,DOID:9296,CC BY 4.0,DISEASES,false
7074,DOID:2531,CC BY 4.0,DISEASES,false
5657,DOID:2531,ODbL 1.0,DisGeNET,false
201163,DOID:219,ODbL 1.0,DisGeNET,false
22913,DOID:1612,CC BY 4.0,GWAS Catalog,true
116985,DOID:9352,CC BY 4.0,GWAS Catalog,true
1316,DOID:10534,ODbL 1.0,DisGeNET,false
1244,DOID:1826,ODbL 1.0,DisGeNET,false
10617,DOID:1826,ODbL 1.0,DisGeNET,false
2113,DOID:10608,,DisGeNET|GWAS Catalog,true
81793,DOID:9074,CC BY 4.0,DISEASES,false
7157,DOID:2174,,DISEASES|DisGeNET,false
3553,DOID:3393,,DISEASES|DOAF|DisGeNET,false
653361,DOID:1936,CC BY 4.0,DISEASES,false
4314,DOID:824,ODbL 1.0,DisGeNET,false
177,DOID:10941,ODbL 1.0,DisGeNET,false
3920,DOID:1826,ODbL 1.0,DisGeNET,false
57678,DOID:1909,ODbL 1.0,DisGeNET,false
203190,DOID:3070,CC BY 4.0,DISEASES,false
9759,DOID:11054,ODbL 1.0,DisGeNET,false
5533,DOID:5419,CC BY 4.0,DISEASES|DOAF,false
1116,DOID:2841,CC BY 4.0,DISEASES|DOAF,false
2030,DOID:1793,,DISEASES|DisGeNET,false
973,DOID:0060119,CC BY 4.0,DISEASES,false
54,DOID:9970,ODbL 1.0,DisGeNET,false
4148,DOID:8398,CC BY 4.0,DISEASES|DOAF,false
1755,DOID:1319,ODbL 1.0,DisGeNET,false
5468,DOID:3070,ODbL 1.0,DisGeNET,false
23274,DOID:2377,,DISEASES|DOAF|DisGeNET|GWAS Catalog,true
11098,DOID:1909,ODbL 1.0,DisGeNET,false
9788,DOID:10534,ODbL 1.0,DisGeNET,false
4049,DOID:1024,ODbL 1.0,DisGeNET,false
5595,DOID:1612,CC BY 4.0,DISEASES,false
5743,DOID:11934,ODbL 1.0,DisGeNET,false
6299,DOID:1324,CC BY 4.0,DISEASES,false
30816,DOID:1115,CC BY 4.0,DISEASES,false
4609,DOID:10534,ODbL 1.0,DisGeNET,false
5454,DOID:3312,CC BY 4.0,GWAS Catalog,true
2353,DOID:10763,,DISEASES|DisGeNET,false
5652,DOID:10283,ODbL 1.0,DisGeNET,false
8667,DOID:10283,ODbL 1.0,DisGeNET,false
7436,DOID:9970,ODbL 1.0,DisGeNET,false
6722,DOID:10763,ODbL 1.0,DisGeNET,false
9370,DOID:3083,,DOAF,false
10461,DOID:14330,CC BY 4.0,DISEASES,false
3484,DOID:2986,ODbL 1.0,DisGeNET,false
7037,DOID:2531,CC BY 4.0,DISEASES,false
4883,DOID:10763,CC BY 4.0,GWAS Catalog,true
6355,DOID:7148,ODbL 1.0,DisGeNET,false
5921,DOID:4159,ODbL 1.0,DisGeNET,false
2705,DOID:263,ODbL 1.0,DisGeNET,false
3329,DOID:10534,ODbL 1.0,DisGeNET,false
3586,DOID:8893,CC BY 4.0,DISEASES|DOAF,false
3587,DOID:2986,ODbL 1.0,DisGeNET,false
51762,DOID:2986,ODbL 1.0,DisGeNET,false
1956,DOID:3083,ODbL 1.0,DisGeNET,false
596,DOID:1826,ODbL 1.0,DisGeNET,false
5744,DOID:1793,ODbL 1.0,DisGeNET,false
3123,DOID:9744,,DISEASES|DisGeNET,false
3162,DOID:1936,CC BY 4.0,DISEASES|DOAF,false
3275,DOID:2841,ODbL 1.0,DisGeNET,false
2052,DOID:3083,ODbL 1.0,DOAF|DisGeNET,false
929,DOID:2986,ODbL 1.0,DisGeNET,false
355,DOID:12361,,DOAF,false
90338,DOID:10534,ODbL 1.0,DisGeNET,false
495,DOID:9206,CC BY 4.0,DISEASES,false
9582,DOID:11934,ODbL 1.0,DisGeNET,false
1268,DOID:1793,ODbL 1.0,DisGeNET,false
57178,DOID:8778,CC BY 4.0,GWAS Catalog,true
3958,DOID:1781,CC BY 4.0,DISEASES,false
3087,DOID:1612,ODbL 1.0,DisGeNET,false
6160,DOID:1612,ODbL 1.0,DisGeNET,false
1510,DOID:3310,ODbL 1.0,DisGeNET,false
152789,DOID:12849,ODbL 1.0,DisGeNET,false
1440,DOID:11054,ODbL 1.0,DisGeNET,false
1312,DOID:12849,ODbL 1.0,DisGeNET,false
1917,DOID:10534,ODbL 1.0,DisGeNET,false
8038,DOID:10763,CC BY 4.0,DISEASES,false
3845,DOID:4989,CC BY 4.0,DISEASES|DOAF,false
10265,DOID:9835,ODbL 1.0,DisGeNET,false
727,DOID:2841,ODbL 1.0,DisGeNET,false
9669,DOID:263,CC BY 4.0,DISEASES,false
221895,DOID:9074,,DisGeNET|GWAS Catalog,true
4810,DOID:1245,CC BY 4.0,DISEASES,false
6425,DOID:1612,ODbL 1.0,DisGeNET,false
169792,DOID:9744,,DisGeNET|GWAS Catalog,true
1410,DOID:2377,,DOAF,false
727,DOID:2355,CC BY 4.0,DISEASES,false
1043,DOID:2377,CC BY 4.0,DISEASES,false
1535,DOID:2841,,DOAF,false
1806,DOID:3312,CC BY 4.0,GWAS Catalog,true
3799,DOID:1324,,DISEASES|DisGeNET,false
2122,DOID:11476,CC BY 4.0,GWAS Catalog,true
1832,DOID:2986,ODbL 1.0,DisGeNET,false
7133,DOID:9074,,DOAF,false
4792,DOID:2531,,DISEASES|DisGeNET,false
1789,DOID:10534,ODbL 1.0,DisGeNET,false
4599,DOID:2531,ODbL 1.0,DisGeNET,false
3910,DOID:12930,CC BY 4.0,DISEASES,false
56924,DOID:10283,ODbL 1.0,DisGeNET,false
3605,DOID:7147,,DOAF,false
374955,DOID:3571,ODbL 1.0,DisGeNET,false
2314,DOID:1115,CC BY 4.0,DISEASES,false
10800,DOID:2841,CC BY 4.0,DISEASES|DOAF,false
6648,DOID:2394,ODbL 1.0,DisGeNET,false
54847,DOID:10283,CC BY 4.0,GWAS Catalog,true
1718,DOID:10652,,DISEASES|DOAF|DisGeNET,false
4306,DOID:10763,,DOAF,false
6401,DOID:9074,,DOAF,false
124220,DOID:3393,CC BY 4.0,DISEASES,false
3557,DOID:10534,ODbL 1.0,DisGeNET,false
1896,DOID:1909,ODbL 1.0,DisGeNET,false
1601,DOID:3393,ODbL 1.0,DisGeNET,false
54539,DOID:363,CC BY 4.0,DISEASES,false
50506,DOID:1459,ODbL 1.0,DOAF|DisGeNET,false
26986,DOID:1612,ODbL 1.0,DisGeNET,false
9045,DOID:14330,ODbL 1.0,DisGeNET,false
6414,DOID:10283,ODbL 1.0,DisGeNET,false
10403,DOID:363,CC BY 4.0,DISEASES,false
139411,DOID:12849,ODbL 1.0,DisGeNET,false
4599,DOID:2355,ODbL 1.0,DisGeNET,false
5468,DOID:1781,ODbL 1.0,DisGeNET,false
2261,DOID:2994,ODbL 1.0,DisGeNET,false
7015,DOID:3953,ODbL 1.0,DisGeNET,false
57698,DOID:9296,CC BY 4.0,GWAS Catalog,true
57688,DOID:5419,CC BY 4.0,GWAS Catalog,true
7220,DOID:9352,ODbL 1.0,DisGeNET,false
9050,DOID:2986,ODbL 1.0,DisGeNET,false
339896,DOID:3571,ODbL 1.0,DisGeNET,false
2091,DOID:2043,CC BY 4.0,DISEASES,false
3015,DOID:2994,CC BY 4.0,DISEASES,false
51042,DOID:10534,ODbL 1.0,DisGeNET,false
857,DOID:10534,ODbL 1.0,DisGeNET,false
6229,DOID:2355,CC BY 4.0,DISEASES,false
5444,DOID:1319,ODbL 1.0,DisGeNET,false
566,DOID:2174,CC BY 4.0,DISEASES,false
2918,DOID:12849,ODbL 1.0,DisGeNET,false
1401,DOID:8398,CC BY 4.0,DISEASES,false
6935,DOID:3393,ODbL 1.0,DisGeNET,false
3945,DOID:263,ODbL 1.0,DisGeNET,false
5058,DOID:1612,ODbL 1.0,DisGeNET,false
56244,DOID:8577,,DOAF,false
6775,DOID:9074,,DISEASES|DOAF|DisGeNET|GWAS Catalog,true
3559,DOID:9744,,DISEASES|DisGeNET|GWAS Catalog,true
51313,DOID:2986,ODbL 1.0,DisGeNET,false
335,DOID:10763,,DISEASES|DisGeNET,false
123041,DOID:10652,CC BY 4.0,GWAS Catalog,true
6573,DOID:12849,ODbL 1.0,DisGeNET,false
6506,DOID:10534,ODbL 1.0,DisGeNET,false
5478,DOID:1324,ODbL 1.0,DisGeNET,false
2177,DOID:2355,,DISEASES|DOAF|DisGeNET,false
783,DOID:5419,CC BY 4.0,GWAS Catalog,true
84441,DOID:2174,CC BY 4.0,DISEASES,false
2006,DOID:3393,ODbL 1.0,DisGeNET,false
857,DOID:10283,ODbL 1.0,DisGeNET,false
6098,DOID:1324,,DISEASES|DisGeNET,false
3106,DOID:3070,ODbL 1.0,DisGeNET,false
4211,DOID:0050425,,DISEASES|DisGeNET|GWAS Catalog,true
246744,DOID:10652,,DOAF,false
999,DOID:8850,ODbL 1.0,DisGeNET,false
26292,DOID:8850,ODbL 1.0,DisGeNET,false
1812,DOID:1094,CC BY 4.0,DISEASES,false
841,DOID:1324,ODbL 1.0,DisGeNET,false
6774,DOID:1793,,DISEASES|DisGeNET,false
9774,DOID:1324,ODbL 1.0,DisGeNET,false
920,DOID:7148,CC BY 4.0,DISEASES,false
5443,DOID:2377,ODbL 1.0,DisGeNET,false
1804,DOID:332,,DISEASES|DOAF|DisGeNET|GWAS Catalog,true
337,DOID:3393,,DOAF,false
54977,DOID:2355,,DISEASES|DisGeNET,false
1021,DOID:2531,ODbL 1.0,DisGeNET,false
1027,DOID:1909,,DOAF,false
2861,DOID:14330,CC BY 4.0,DISEASES,false
3766,DOID:1826,,DISEASES|DisGeNET,false
5685,DOID:3571,ODbL 1.0,DisGeNET,false
822,DOID:1324,ODbL 1.0,DisGeNET,false
7098,DOID:2841,ODbL 1.0,DisGeNET,false
80339,DOID:9970,CC BY 4.0,DISEASES,false
775,DOID:1094,CC BY 4.0,GWAS Catalog,true
3356,DOID:1094,CC BY 4.0,DISEASES,false
3815,DOID:3277,CC BY 4.0,DISEASES,false
5465,DOID:3310,ODbL 1.0,DisGeNET,false
55294,DOID:5041,ODbL 1.0,DisGeNET,false
9314,DOID:2994,CC BY 4.0,DISEASES,false
10206,DOID:1192,CC BY 4.0,DISEASES,false
5728,DOID:1781,,DISEASES|DisGeNET,false
56946,DOID:1612,,DISEASES|DisGeNET,false
1269,DOID:1612,ODbL 1.0,DisGeNET,false
64167,DOID:8778,CC BY 4.0,GWAS Catalog,true
3676,DOID:2986,ODbL 1.0,DisGeNET,false
354,DOID:10283,,DISEASES|DisGeNET|GWAS Catalog,true
7415,DOID:1612,CC BY 4.0,DISEASES,false
5798,DOID:9352,CC BY 4.0,DISEASES,false
59,DOID:1312,ODbL 1.0,DisGeNET,false
3486,DOID:10283,,DISEASES|DisGeNET,false
2904,DOID:3312,,DOAF,false
3162,DOID:10763,,DISEASES|DOAF|DisGeNET,false
5465,DOID:9352,,DISEASES|DisGeNET,false
80781,DOID:8577,ODbL 1.0,DisGeNET,false
886,DOID:4989,CC BY 4.0,DISEASES,false
3351,DOID:5419,,DOAF,false
2556,DOID:12361,CC BY 4.0,DISEASES,false
60386,DOID:10811,CC BY 4.0,DISEASES,false
5293,DOID:1324,CC BY 4.0,DISEASES,false
56475,DOID:9206,ODbL 1.0,DisGeNET,false
23569,DOID:7148,,DISEASES|DOAF|DisGeNET|GWAS Catalog,true
7014,DOID:2531,ODbL 1.0,DisGeNET,false
26191,DOID:12306,CC BY 4.0,DISEASES|DOAF,false
56606,DOID:13189,,DISEASES|DOAF|DisGeNET|GWAS Catalog,true
55203,DOID:1826,CC BY 4.0,DISEASES,false
3827,DOID:10763,CC BY 4.0,DISEASES,false
3938,DOID:10608,CC BY 4.0,DISEASES,false
1401,DOID:9074,,DISEASES|DOAF|DisGeNET,false
3397,DOID:10763,ODbL 1.0,DisGeNET,false
8856,DOID:5041,ODbL 1.0,DisGeNET,false
6934,DOID:11612,,DOAF,false
150962,DOID:10608,CC BY 4.0,GWAS Catalog,true
5054,DOID:9970,,DISEASES|DOAF|DisGeNET,false
10434,DOID:2986,ODbL 1.0,DisGeNET,false
3932,DOID:2531,CC BY 4.0,DISEASES,false
5925,DOID:2174,,DISEASES|DisGeNET,false
8654,DOID:3393,ODbL 1.0,DisGeNET,false
5799,DOID:9835,CC BY 4.0,GWAS Catalog,true
256536,DOID:8778,CC BY 4.0,GWAS Catalog,true
2150,DOID:3393,ODbL 1.0,DisGeNET,false
285,DOID:3070,ODbL 1.0,DisGeNET,false
3576,DOID:2841,CC BY 4.0,DISEASES|DOAF,false
23562,DOID:585,CC BY 4.0,DISEASES,false
6845,DOID:11934,ODbL 1.0,DisGeNET,false
84146,DOID:9835,CC BY 4.0,DISEASES,false
121278,DOID:3312,CC BY 4.0,DISEASES|DOAF,false
3371,DOID:3393,ODbL 1.0,DisGeNET,false
4313,DOID:824,,DISEASES|DOAF|DisGeNET,false
57731,DOID:11612,ODbL 1.0,DisGeNET,false
4914,DOID:1192,ODbL 1.0,DisGeNET,false
2067,DOID:2998,ODbL 1.0,DisGeNET,false
6364,DOID:8577,ODbL 1.0,DisGeNET,false
1113,DOID:10283,CC BY 4.0,DISEASES,false
10395,DOID:2394,ODbL 1.0,DisGeNET,false
5743,DOID:7148,,DISEASES|DOAF|DisGeNET,false
3827,DOID:3393,CC BY 4.0,DISEASES,false
763,DOID:1686,CC BY 4.0,DISEASES,false
4323,DOID:5041,ODbL 1.0,DisGeNET,false
4352,DOID:2355,CC BY 4.0,DISEASES,false
7094,DOID:11476,ODbL 1.0,DisGeNET,false
728,DOID:2841,ODbL 1.0,DisGeNET,false
495,DOID:2531,CC BY 4.0,DISEASES,false
2294,DOID:9206,CC BY 4.0,GWAS Catalog,true
8468,DOID:14227,CC BY 4.0,DISEASES,false
6750,DOID:1826,CC BY 4.0,DISEASES,false
6689,DOID:12236,,DisGeNET|GWAS Catalog,true
19,DOID:3393,CC BY 4.0,DISEASES|DOAF,false
11338,DOID:2377,CC BY 4.0,DISEASES,false
54205,DOID:3571,CC BY 4.0,DISEASES,false
2099,DOID:6364,ODbL 1.0,DOAF|DisGeNET,false
6231,DOID:10534,ODbL 1.0,DisGeNET,false
60676,DOID:10763,CC BY 4.0,DISEASES,false
7078,DOID:10534,ODbL 1.0,DisGeNET,false
6503,DOID:12306,,DisGeNET|GWAS Catalog,true
864,DOID:10608,,DisGeNET|GWAS Catalog,true
359,DOID:10763,ODbL 1.0,DisGeNET,false
596,DOID:3121,ODbL 1.0,DisGeNET,false
633,DOID:7148,ODbL 1.0,DisGeNET,false
64802,DOID:10871,ODbL 1.0,DisGeNET,false
3283,DOID:10283,ODbL 1.0,DisGeNET,false
3159,DOID:363,ODbL 1.0,DisGeNET,false
10935,DOID:2986,ODbL 1.0,DisGeNET,false
8048,DOID:12930,CC BY 4.0,DISEASES,false
27173,DOID:10283,ODbL 1.0,DisGeNET,false
648,DOID:3070,ODbL 1.0,DisGeNET,false
7421,DOID:11476,ODbL 1.0,DOAF|DisGeNET,false
2056,DOID:784,,DISEASES|DisGeNET,false
6423,DOID:3393,ODbL 1.0,DisGeNET,false
9712,DOID:1909,ODbL 1.0,DisGeNET,false
4088,DOID:14004,CC BY 4.0,DISEASES,false
57091,DOID:10652,CC BY 4.0,GWAS Catalog,true
671,DOID:8577,CC BY 4.0,DISEASES,false
57412,DOID:3312,CC BY 4.0,GWAS Catalog,true
7124,DOID:4989,CC BY 4.0,DISEASES|DOAF,false
3815,DOID:2531,,DISEASES|DisGeNET,false
2944,DOID:5419,,DOAF,false
6584,DOID:8778,CC BY 4.0,DISEASES|DOAF,false
6352,DOID:14221,ODbL 1.0,DisGeNET,false
1200,DOID:10283,ODbL 1.0,DisGeNET,false
7535,DOID:7148,ODbL 1.0,DisGeNET,false
8856,DOID:9206,ODbL 1.0,DisGeNET,false
201229,DOID:1324,ODbL 1.0,DisGeNET,false
7291,DOID:10534,ODbL 1.0,DisGeNET,false
3265,DOID:2531,CC BY 4.0,DISEASES,false
3553,DOID:1936,CC BY 4.0,DISEASES,false
25953,DOID:263,ODbL 1.0,DisGeNET,false
4973,DOID:1936,CC BY 4.0,DISEASES|DOAF,false
1906,DOID:2841,ODbL 1.0,DOAF|DisGeNET,false
941,DOID:2377,CC BY 4.0,DISEASES,false
90326,DOID:11612,ODbL 1.0,DisGeNET,false
64375,DOID:12306,,DisGeNET|GWAS Catalog,true
64135,DOID:12361,ODbL 1.0,DOAF|DisGeNET,false
5788,DOID:9074,ODbL 1.0,DisGeNET,false
9073,DOID:263,CC BY 4.0,DISEASES,false
2643,DOID:3393,ODbL 1.0,DisGeNET,false
27120,DOID:1993,CC BY 4.0,DISEASES,false
196,DOID:1936,ODbL 1.0,DisGeNET,false
4915,DOID:9970,,DISEASES|DisGeNET,false
18,DOID:12849,ODbL 1.0,DisGeNET,false
3791,DOID:12365,CC BY 4.0,DISEASES,false
7001,DOID:1909,ODbL 1.0,DisGeNET,false
7421,DOID:8893,,DOAF,false
1471,DOID:3565,ODbL 1.0,DisGeNET,false
8549,DOID:219,CC BY 4.0,DISEASES,false
7306,DOID:1909,CC BY 4.0,DISEASES|DOAF,false
7337,DOID:4362,CC BY 4.0,DISEASES,false
3949,DOID:1936,ODbL 1.0,DOAF|DisGeNET,false
581,DOID:1612,ODbL 1.0,DisGeNET,false
3815,DOID:4045,CC BY 4.0,DISEASES,false
9844,DOID:5041,ODbL 1.0,DisGeNET,false
3606,DOID:10283,ODbL 1.0,DisGeNET,false
7168,DOID:10763,ODbL 1.0,DisGeNET,false
113278,DOID:824,CC BY 4.0,DISEASES,false
594857,DOID:6364,CC BY 4.0,DISEASES,false
50507,DOID:784,ODbL 1.0,DisGeNET,false
2033,DOID:363,ODbL 1.0,DisGeNET,false
406,DOID:3393,ODbL 1.0,DisGeNET,false
1366,DOID:10283,ODbL 1.0,DisGeNET,false
5071,DOID:1826,CC BY 4.0,DISEASES,false
29957,DOID:2986,ODbL 1.0,DisGeNET,false
1440,DOID:12930,ODbL 1.0,DisGeNET,false
4609,DOID:5041,ODbL 1.0,DisGeNET,false
836,DOID:10652,,DISEASES|DisGeNET,false
5358,DOID:2531,CC BY 4.0,DISEASES,false
10468,DOID:3571,ODbL 1.0,DisGeNET,false
10758,DOID:3310,ODbL 1.0,DisGeNET,false
7424,DOID:1324,CC BY 4.0,DISEASES,false
1033,DOID:2986,ODbL 1.0,DisGeNET,false
6715,DOID:10283,,DISEASES|DisGeNET,false
22796,DOID:3393,CC BY 4.0,DISEASES,false
27030,DOID:363,ODbL 1.0,DisGeNET,false
595,DOID:2394,ODbL 1.0,DisGeNET,false
1813,DOID:5419,CC BY 4.0,DISEASES|DOAF|GWAS Catalog,true
920,DOID:635,CC BY 4.0,DISEASES,false
640,DOID:9074,,DISEASES|DisGeNET|GWAS Catalog,true
4435,DOID:1781,CC BY 4.0,DISEASES,false
3845,DOID:11054,ODbL 1.0,DisGeNET,false
5187,DOID:12849,ODbL 1.0,DisGeNET,false
7262,DOID:184,ODbL 1.0,DisGeNET,false
130,DOID:0050741,CC BY 4.0,DISEASES,false
627,DOID:1595,CC BY 4.0,DISEASES,false
4599,DOID:3393,ODbL 1.0,DisGeNET,false
1816,DOID:3312,ODbL 1.0,DisGeNET,false
5141,DOID:12849,ODbL 1.0,DisGeNET,false
9970,DOID:14221,ODbL 1.0,DisGeNET,false
4790,DOID:8577,CC BY 4.0,GWAS Catalog,true
1285,DOID:784,CC BY 4.0,DISEASES,false
162681,DOID:3393,CC BY 4.0,DISEASES,false
10686,DOID:10763,ODbL 1.0,DisGeNET,false
2152,DOID:1936,CC BY 4.0,DISEASES,false
2091,DOID:418,CC BY 4.0,DISEASES,false
2308,DOID:1115,CC BY 4.0,DISEASES,false
3356,DOID:3083,ODbL 1.0,DisGeNET,false
6657,DOID:1324,ODbL 1.0,DisGeNET,false
388372,DOID:1826,ODbL 1.0,DisGeNET,false
3439,DOID:2531,,DISEASES|DisGeNET,false
2820,DOID:11476,ODbL 1.0,DisGeNET,false
79657,DOID:12365,CC BY 4.0,DISEASES,false
2625,DOID:7148,,DISEASES|DisGeNET|GWAS Catalog,true
8557,DOID:12930,CC BY 4.0,DISEASES,false
3981,DOID:2531,ODbL 1.0,DisGeNET,false
6019,DOID:10283,ODbL 1.0,DisGeNET,false
3621,DOID:1909,,DOAF,false
1909,DOID:3393,,DisGeNET|GWAS Catalog,true
2950,DOID:5419,,DOAF,false
3122,DOID:2377,ODbL 1.0,DisGeNET,false
7039,DOID:10763,ODbL 1.0,DisGeNET,false
1026,DOID:10534,ODbL 1.0,DisGeNET,false
551,DOID:9352,ODbL 1.0,DisGeNET,false
942,DOID:9744,ODbL 1.0,DisGeNET,false
5465,DOID:784,ODbL 1.0,DisGeNET,false
3845,DOID:4606,,DISEASES|DisGeNET,false
5349,DOID:1793,ODbL 1.0,DisGeNET,false
1620,DOID:11054,CC BY 4.0,DISEASES,false
5742,DOID:1612,ODbL 1.0,DisGeNET,false
7048,DOID:4606,ODbL 1.0,DisGeNET,false
7325,DOID:9352,,DisGeNET|GWAS Catalog,true
462,DOID:3393,CC BY 4.0,DISEASES,false
8029,DOID:1909,ODbL 1.0,DisGeNET,false
23325,DOID:11615,CC BY 4.0,DISEASES,false
8216,DOID:3070,ODbL 1.0,DisGeNET,false
1815,DOID:12995,CC BY 4.0,DISEASES,false
3562,DOID:8778,CC BY 4.0,GWAS Catalog,true
5743,DOID:1686,ODbL 1.0,DisGeNET,false
23495,DOID:2531,,DisGeNET|GWAS Catalog,true
241,DOID:1936,ODbL 1.0,DisGeNET,false
3925,DOID:3070,ODbL 1.0,DisGeNET,false
364,DOID:9970,ODbL 1.0,DOAF|DisGeNET,false
23462,DOID:1319,ODbL 1.0,DisGeNET,false
2678,DOID:9970,CC BY 4.0,DISEASES|DOAF,false
7124,DOID:784,ODbL 1.0,DisGeNET,false
959,DOID:2355,CC BY 4.0,DISEASES,false
91107,DOID:8398,CC BY 4.0,DISEASES,false
83935,DOID:10763,CC BY 4.0,GWAS Catalog,true
29979,DOID:10652,CC BY 4.0,DISEASES,false
367,DOID:10283,,DISEASES|DOAF|DisGeNET,false
6462,DOID:9352,ODbL 1.0,DisGeNET,false
6240,DOID:2377,CC BY 4.0,DISEASES,false
3606,DOID:9970,ODbL 1.0,DisGeNET,false
9702,DOID:7148,CC BY 4.0,GWAS Catalog,true
1737,DOID:12236,CC BY 4.0,DISEASES|DOAF,false
4142,DOID:1686,ODbL 1.0,DisGeNET,false
923,DOID:1993,CC BY 4.0,DISEASES,false
6648,DOID:3393,ODbL 1.0,DisGeNET,false
121278,DOID:1595,CC BY 4.0,DISEASES,false
664,DOID:2531,ODbL 1.0,DisGeNET,false
2215,DOID:824,,DOAF,false
3215,DOID:9970,,DisGeNET|GWAS Catalog,true
3458,DOID:824,,DOAF,false
154,DOID:2841,,DISEASES|DOAF|DisGeNET,false
9074,DOID:1319,CC BY 4.0,DISEASES,false
79870,DOID:2531,,DISEASES|DisGeNET,false
29841,DOID:10283,CC BY 4.0,GWAS Catalog,true
57455,DOID:11612,ODbL 1.0,DisGeNET,false
283237,DOID:10283,ODbL 1.0,DisGeNET,false
1902,DOID:2531,ODbL 1.0,DisGeNET,false
6223,DOID:10534,ODbL 1.0,DisGeNET,false
5281,DOID:10763,CC BY 4.0,DISEASES,false
89832,DOID:5419,CC BY 4.0,DISEASES|DOAF,false
121551,DOID:3571,ODbL 1.0,DisGeNET,false
3440,DOID:3393,ODbL 1.0,DisGeNET,false
2697,DOID:9352,ODbL 1.0,DisGeNET,false
10320,DOID:8577,ODbL 1.0,DisGeNET,false
836,DOID:1793,CC BY 4.0,DISEASES,false
56979,DOID:14227,CC BY 4.0,DISEASES,false
54209,DOID:10652,,DISEASES|DisGeNET|GWAS Catalog,true
7039,DOID:1793,ODbL 1.0,DisGeNET,false
1378,DOID:12365,,DISEASES|DOAF|DisGeNET,false
10296,DOID:2531,CC BY 4.0,DISEASES,false
2904,DOID:5419,CC BY 4.0,DISEASES|DOAF,false
9001,DOID:5041,CC BY 4.0,GWAS Catalog,true
2908,DOID:2841,,DISEASES|DOAF|DisGeNET,false
387103,DOID:9744,CC BY 4.0,GWAS Catalog,true
59272,DOID:10763,,DISEASES|DOAF|DisGeNET,false
7984,DOID:10283,ODbL 1.0,DisGeNET,false
1207,DOID:1909,ODbL 1.0,DisGeNET,false
4233,DOID:263,,DISEASES|DisGeNET,false
4659,DOID:1319,CC BY 4.0,DISEASES,false
174,DOID:10534,ODbL 1.0,DisGeNET,false
596,DOID:10652,ODbL 1.0,DisGeNET,false
3552,DOID:1686,,DOAF,false
7124,DOID:10763,,DISEASES|DOAF|DisGeNET,false
57526,DOID:1826,ODbL 1.0,DOAF|DisGeNET,false
973,DOID:9074,CC BY 4.0,DISEASES,false
1670,DOID:2986,ODbL 1.0,DisGeNET,false
57018,DOID:2986,ODbL 1.0,DisGeNET,false
8604,DOID:12849,,DISEASES|DOAF|DisGeNET,false
6326,DOID:2355,CC BY 4.0,DISEASES,false
213,DOID:9074,CC BY 4.0,DISEASES,false
3084,DOID:1612,ODbL 1.0,DisGeNET,false
84188,DOID:1826,CC BY 4.0,DISEASES,false
8838,DOID:7148,CC BY 4.0,DISEASES,false
23244,DOID:2986,ODbL 1.0,DisGeNET,false
342897,DOID:2377,CC BY 4.0,DISEASES,false
2906,DOID:5419,CC BY 4.0,DISEASES,false
3265,DOID:1793,CC BY 4.0,DISEASES,false
3456,DOID:2043,ODbL 1.0,DOAF|DisGeNET,false
5716,DOID:3571,CC BY 4.0,DISEASES,false
5915,DOID:4362,ODbL 1.0,DisGeNET,false
2950,DOID:10283,,DISEASES|DisGeNET,false
10772,DOID:2394,ODbL 1.0,DisGeNET,false
1044,DOID:11054,CC BY 4.0,DISEASES,false
4143,DOID:9352,ODbL 1.0,DisGeNET,false
170691,DOID:3571,ODbL 1.0,DisGeNET,false
488,DOID:5419,CC BY 4.0,GWAS Catalog,true
7124,DOID:3310,CC BY 4.0,DISEASES,false
728,DOID:332,ODbL 1.0,DisGeNET,false
3687,DOID:2531,CC BY 4.0,DISEASES,false
4804,DOID:1909,,DOAF,false
9559,DOID:9352,,DisGeNET|GWAS Catalog,true
4893,DOID:1324,,DISEASES|DisGeNET,false
958,DOID:9074,CC BY 4.0,DISEASES,false
182,DOID:8850,ODbL 1.0,DisGeNET,false
2099,DOID:2394,,DISEASES|DisGeNET,false
8452,DOID:1909,ODbL 1.0,DisGeNET,false
5457,DOID:2531,ODbL 1.0,DisGeNET,false
160335,DOID:1686,CC BY 4.0,DISEASES,false
3708,DOID:2841,ODbL 1.0,DisGeNET,false
29110,DOID:1686,CC BY 4.0,DISEASES,false
158038,DOID:3571,ODbL 1.0,DisGeNET,false
54894,DOID:10534,ODbL 1.0,DisGeNET,false
51083,DOID:10652,CC BY 4.0,DISEASES,false
1280,DOID:8398,CC BY 4.0,DISEASES|DOAF,false
4072,DOID:1612,CC BY 4.0,DISEASES,false
3586,DOID:4481,CC BY 4.0,DISEASES,false
3827,DOID:2841,CC BY 4.0,DISEASES,false
7422,DOID:3393,,DISEASES|DisGeNET,false
643,DOID:2531,CC BY 4.0,DISEASES,false
481,DOID:10763,ODbL 1.0,DisGeNET,false
3174,DOID:1612,CC BY 4.0,GWAS Catalog,true
4584,DOID:8577,ODbL 1.0,DisGeNET,false
3576,DOID:3083,,DISEASES|DOAF|DisGeNET,false
554,DOID:10763,ODbL 1.0,DisGeNET,false
1410,DOID:263,ODbL 1.0,DisGeNET,false
55759,DOID:3393,,DisGeNET|GWAS Catalog,true
23187,DOID:3070,,DISEASES|DisGeNET,false
6382,DOID:2531,CC BY 4.0,DISEASES,false
374393,DOID:263,ODbL 1.0,DisGeNET,false
7428,DOID:263,,DISEASES|DisGeNET,false
3627,DOID:986,ODbL 1.0,DisGeNET,false
796,DOID:10763,ODbL 1.0,DisGeNET,false
6817,DOID:3393,ODbL 1.0,DisGeNET,false
5915,DOID:1612,ODbL 1.0,DisGeNET,false
7846,DOID:3393,ODbL 1.0,DisGeNET,false
2206,DOID:4481,CC BY 4.0,DISEASES,false
7133,DOID:7147,CC BY 4.0,DISEASES,false
4318,DOID:3070,,DISEASES|DisGeNET,false
3458,DOID:1612,ODbL 1.0,DisGeNET,false
54474,DOID:1245,CC BY 4.0,DISEASES,false
595,DOID:263,ODbL 1.0,DisGeNET,false
3383,DOID:8778,,DOAF,false
91608,DOID:11612,ODbL 1.0,DisGeNET,false
3363,DOID:6364,,DISEASES|DisGeNET,false
6862,DOID:184,,DISEASES|DisGeNET,false
1545,DOID:1909,ODbL 1.0,DisGeNET,false
57016,DOID:0050742,CC BY 4.0,DISEASES,false
5304,DOID:4159,CC BY 4.0,DISEASES,false
57582,DOID:1826,ODbL 1.0,DisGeNET,false
64784,DOID:8850,CC BY 4.0,DISEASES,false
1815,DOID:3312,CC BY 4.0,DISEASES,false
6515,DOID:10763,ODbL 1.0,DisGeNET,false
6863,DOID:2841,CC BY 4.0,DISEASES|DOAF,false
1215,DOID:2841,CC BY 4.0,DISEASES|DOAF,false
5970,DOID:263,ODbL 1.0,DisGeNET,false
30012,DOID:2531,CC BY 4.0,DISEASES,false
3726,DOID:1826,ODbL 1.0,DisGeNET,false
8289,DOID:5041,ODbL 1.0,DisGeNET,false
51684,DOID:1319,,DISEASES|DisGeNET,false
25796,DOID:11476,ODbL 1.0,DisGeNET,false
1501,DOID:3070,ODbL 1.0,DisGeNET,false
54658,DOID:2355,,DOAF,false
81793,DOID:2841,CC BY 4.0,DISEASES,false
5743,DOID:4045,ODbL 1.0,DisGeNET,false
54205,DOID:9970,ODbL 1.0,DisGeNET,false
7253,DOID:1781,,DISEASES|DisGeNET,false
23263,DOID:8398,CC BY 4.0,GWAS Catalog,true
384,DOID:10283,ODbL 1.0,DisGeNET,false
5230,DOID:2355,CC BY 4.0,DISEASES,false
501,DOID:3083,CC BY 4.0,DISEASES,false
3588,DOID:2043,ODbL 1.0,DisGeNET,false
9734,DOID:1686,CC BY 4.0,DISEASES,false
9451,DOID:1826,ODbL 1.0,DisGeNET,false
5741,DOID:585,CC BY 4.0,DISEASES,false
25824,DOID:10534,ODbL 1.0,DisGeNET,false
2944,DOID:10283,ODbL 1.0,DisGeNET,false
1832,DOID:0050156,ODbL 1.0,DisGeNET,false
5216,DOID:5041,ODbL 1.0,DisGeNET,false
641371,DOID:635,CC BY 4.0,DISEASES,false
796,DOID:6364,ODbL 1.0,DOAF|DisGeNET,false
4163,DOID:219,ODbL 1.0,DisGeNET,false
22796,DOID:1936,CC BY 4.0,DISEASES,false
2078,DOID:2531,ODbL 1.0,DisGeNET,false
9978,DOID:8778,CC BY 4.0,GWAS Catalog,true
1026,DOID:2174,CC BY 4.0,DISEASES,false
3625,DOID:11612,,DOAF,false
6565,DOID:1909,ODbL 1.0,DisGeNET,false
3570,DOID:10534,ODbL 1.0,DisGeNET,false
6928,DOID:363,CC BY 4.0,GWAS Catalog,true
3606,DOID:2841,,DOAF,false
596,DOID:3393,ODbL 1.0,DisGeNET,false
142680,DOID:585,CC BY 4.0,DISEASES,false
80173,DOID:332,CC BY 4.0,DISEASES,false
81578,DOID:2986,ODbL 1.0,DisGeNET,false
8648,DOID:1612,ODbL 1.0,DisGeNET,false
5515,DOID:3393,ODbL 1.0,DisGeNET,false
4763,DOID:3070,,DISEASES|DisGeNET,false
57476,DOID:2531,CC BY 4.0,GWAS Catalog,true
1469,DOID:10283,ODbL 1.0,DisGeNET,false
581,DOID:11612,ODbL 1.0,DisGeNET,false
25,DOID:2531,,DISEASES|DisGeNET,false
3115,DOID:9744,CC BY 4.0,DISEASES,false
80150,DOID:3083,CC BY 4.0,GWAS Catalog,true
3309,DOID:2531,ODbL 1.0,DisGeNET,false
7132,DOID:9352,ODbL 1.0,DisGeNET,false
1106,DOID:1826,,DISEASES|DisGeNET,false
9510,DOID:1612,ODbL 1.0,DisGeNET,false
2130,DOID:184,ODbL 1.0,DisGeNET,false
1141,DOID:0050742,CC BY 4.0,DISEASES,false
213,DOID:2377,CC BY 4.0,DISEASES,false
5617,DOID:9074,,DISEASES|DOAF|DisGeNET,false
2019,DOID:14330,CC BY 4.0,DISEASES,false
10850,DOID:1612,CC BY 4.0,DISEASES,false
23542,DOID:4362,CC BY 4.0,DISEASES,false
6899,DOID:11476,CC BY 4.0,DISEASES,false
5144,DOID:5041,CC BY 4.0,GWAS Catalog,true
7167,DOID:5041,ODbL 1.0,DisGeNET,false
6817,DOID:10283,ODbL 1.0,DisGeNET,false
6768,DOID:2355,CC BY 4.0,DISEASES,false
51124,DOID:1826,CC BY 4.0,DISEASES,false
4860,DOID:11476,ODbL 1.0,DisGeNET,false
3240,DOID:2043,ODbL 1.0,DisGeNET,false
4982,DOID:824,CC BY 4.0,DISEASES|DOAF,false
5052,DOID:5041,ODbL 1.0,DisGeNET,false
142,DOID:2355,ODbL 1.0,DisGeNET,false
3659,DOID:1324,ODbL 1.0,DisGeNET,false
348,DOID:9970,,DISEASES|DOAF|DisGeNET,false
11145,DOID:9835,CC BY 4.0,DISEASES,false
965,DOID:2531,CC BY 4.0,DISEASES,false
8074,DOID:784,CC BY 4.0,DISEASES,false
6543,DOID:1826,ODbL 1.0,DisGeNET,false
7114,DOID:10283,ODbL 1.0,DisGeNET,false
347853,DOID:9296,CC BY 4.0,DISEASES,false
5230,DOID:263,ODbL 1.0,DisGeNET,false
2720,DOID:3310,,DisGeNET|GWAS Catalog,true
54887,DOID:9074,,DisGeNET|GWAS Catalog,true
4026,DOID:2531,ODbL 1.0,DisGeNET,false
374654,DOID:9970,CC BY 4.0,DISEASES,false
119391,DOID:11054,ODbL 1.0,DisGeNET,false
3778,DOID:263,ODbL 1.0,DisGeNET,false
2550,DOID:12849,ODbL 1.0,DisGeNET,false
4982,DOID:2531,CC BY 4.0,DISEASES,false
5328,DOID:0050156,ODbL 1.0,DisGeNET,false
5081,DOID:4045,,DISEASES|DisGeNET,false
55739,DOID:10534,ODbL 1.0,DisGeNET,false
594857,DOID:8986,CC BY 4.0,DISEASES,false
10911,DOID:2841,ODbL 1.0,DisGeNET,false
540,DOID:1612,ODbL 1.0,DisGeNET,false
92595,DOID:1459,CC BY 4.0,DISEASES,false
117289,DOID:2377,CC BY 4.0,GWAS Catalog,true
4035,DOID:6364,,DisGeNET|GWAS Catalog,true
2775,DOID:1826,CC BY 4.0,DISEASES,false
23484,DOID:2986,ODbL 1.0,DisGeNET,false
2072,DOID:2355,CC BY 4.0,DISEASES,false
4159,DOID:9970,,DISEASES|DOAF|DisGeNET,false
139065,DOID:1319,CC BY 4.0,DISEASES,false
142,DOID:2394,CC BY 4.0,DISEASES,false
4329,DOID:3393,ODbL 1.0,DisGeNET,false
50943,DOID:1612,ODbL 1.0,DisGeNET,false
9055,DOID:1612,,DisGeNET|GWAS Catalog,true
920,DOID:8893,CC BY 4.0,DISEASES,false
6774,DOID:10534,ODbL 1.0,DisGeNET,false
5743,DOID:332,ODbL 1.0,DisGeNET,false
10763,DOID:3070,CC BY 4.0,DISEASES,false
6372,DOID:7148,ODbL 1.0,DisGeNET,false
4642,DOID:9835,CC BY 4.0,GWAS Catalog,true
64127,DOID:8577,,DISEASES|DOAF|DisGeNET,false
26298,DOID:10283,ODbL 1.0,DisGeNET,false
5996,DOID:10608,CC BY 4.0,GWAS Catalog,true
79157,DOID:2986,ODbL 1.0,DisGeNET,false
5340,DOID:3393,CC BY 4.0,DISEASES,false
55966,DOID:6364,CC BY 4.0,GWAS Catalog,true
126129,DOID:1909,ODbL 1.0,DisGeNET,false
9510,DOID:1324,ODbL 1.0,DisGeNET,false
1495,DOID:2531,ODbL 1.0,DisGeNET,false
1950,DOID:12849,ODbL 1.0,DisGeNET,false
4058,DOID:9074,CC BY 4.0,DISEASES,false
64101,DOID:3070,CC BY 4.0,DISEASES,false
2184,DOID:10763,ODbL 1.0,DisGeNET,false
7097,DOID:1936,,DOAF,false
3480,DOID:14330,ODbL 1.0,DisGeNET,false
85463,DOID:8893,ODbL 1.0,DisGeNET,false
5156,DOID:9835,CC BY 4.0,GWAS Catalog,true
4292,DOID:2394,,DISEASES|DisGeNET,false
2247,DOID:9296,ODbL 1.0,DisGeNET,false
10397,DOID:263,ODbL 1.0,DisGeNET,false
3713,DOID:8893,CC BY 4.0,DISEASES,false
3383,DOID:1936,,DISEASES|DOAF|DisGeNET,false
10786,DOID:13189,CC BY 4.0,DISEASES,false
187,DOID:10763,,DOAF,false
56849,DOID:10283,ODbL 1.0,DisGeNET,false
2931,DOID:10652,CC BY 4.0,DISEASES,false
150962,DOID:8577,CC BY 4.0,GWAS Catalog,true
7422,DOID:1936,,DISEASES|DOAF|DisGeNET,false
338382,DOID:11476,ODbL 1.0,DisGeNET,false
4609,DOID:2994,CC BY 4.0,DISEASES,false
6532,DOID:3312,,DISEASES|DOAF|DisGeNET,false
4544,DOID:11612,ODbL 1.0,DisGeNET,false
9232,DOID:2986,ODbL 1.0,DisGeNET,false
7351,DOID:9970,,DISEASES|DOAF|DisGeNET,false
7273,DOID:3393,ODbL 1.0,DisGeNET,false
567,DOID:5041,ODbL 1.0,DisGeNET,false
3579,DOID:1909,,DOAF,false
999,DOID:263,CC BY 4.0,DISEASES,false
27306,DOID:1324,CC BY 4.0,DISEASES,false
1152,DOID:10534,ODbL 1.0,DisGeNET,false
7321,DOID:8778,CC BY 4.0,GWAS Catalog,true
6369,DOID:3310,ODbL 1.0,DisGeNET,false
324,DOID:1909,,DOAF,false
2064,DOID:1192,CC BY 4.0,DISEASES,false
3162,DOID:2841,ODbL 1.0,DisGeNET,false
4825,DOID:9352,ODbL 1.0,DisGeNET,false
23178,DOID:12849,ODbL 1.0,DisGeNET,false
6648,DOID:5419,,DOAF,false
7018,DOID:2355,ODbL 1.0,DisGeNET,false
1014,DOID:263,CC BY 4.0,DISEASES,false
2805,DOID:3571,CC BY 4.0,DISEASES,false
2247,DOID:3070,ODbL 1.0,DisGeNET,false
7421,DOID:10283,ODbL 1.0,DOAF|DisGeNET,false
6648,DOID:9352,ODbL 1.0,DisGeNET,false
2110,DOID:9970,ODbL 1.0,DisGeNET,false
10763,DOID:1909,,DOAF,false
83716,DOID:9296,CC BY 4.0,DISEASES,false
1075,DOID:5041,ODbL 1.0,DisGeNET,false
60468,DOID:2377,CC BY 4.0,GWAS Catalog,true
55600,DOID:9970,CC BY 4.0,DISEASES,false
81555,DOID:8850,CC BY 4.0,DISEASES,false
4617,DOID:4045,CC BY 4.0,DISEASES,false
25939,DOID:2986,ODbL 1.0,DisGeNET,false
6422,DOID:1612,ODbL 1.0,DisGeNET,false
23705,DOID:12849,ODbL 1.0,DisGeNET,false
348,DOID:332,,DOAF,false
3586,DOID:12365,CC BY 4.0,DISEASES|DOAF,false
5743,DOID:12849,ODbL 1.0,DisGeNET,false
7349,DOID:2841,ODbL 1.0,DisGeNET,false
51548,DOID:9970,ODbL 1.0,DisGeNET,false
23365,DOID:2531,ODbL 1.0,DisGeNET,false
6326,DOID:6364,CC BY 4.0,DISEASES,false
3761,DOID:14330,ODbL 1.0,DisGeNET,false
4790,DOID:9352,ODbL 1.0,DisGeNET,false
594857,DOID:5419,CC BY 4.0,DISEASES,false
4486,DOID:184,ODbL 1.0,DisGeNET,false
9136,DOID:10534,ODbL 1.0,DisGeNET,false
7056,DOID:3393,,DISEASES|DisGeNET,false
11009,DOID:1909,,DOAF,false
84239,DOID:1826,CC BY 4.0,DISEASES,false
1843,DOID:9744,ODbL 1.0,DisGeNET,false
10563,DOID:7148,,DOAF,false
10210,DOID:184,ODbL 1.0,DisGeNET,false
10656,DOID:1826,CC BY 4.0,DISEASES,false
8128,DOID:2355,CC BY 4.0,DISEASES,false
3682,DOID:13378,CC BY 4.0,DISEASES,false
11128,DOID:1094,CC BY 4.0,DISEASES,false
3553,DOID:8778,CC BY 4.0,DISEASES,false
4287,DOID:14330,,DOAF,false
3611,DOID:1909,,DOAF,false
285,DOID:1115,ODbL 1.0,DisGeNET,false
50511,DOID:14227,,DISEASES|DisGeNET,false
2033,DOID:9074,ODbL 1.0,DisGeNET,false
1965,DOID:10652,ODbL 1.0,DisGeNET,false
9141,DOID:7148,,DOAF,false
5021,DOID:10763,ODbL 1.0,DisGeNET,false
1280,DOID:7148,,DOAF,false
55192,DOID:8778,CC BY 4.0,DISEASES,false
7294,DOID:1324,CC BY 4.0,DISEASES,false
2064,DOID:1909,,DOAF,false
4520,DOID:12849,ODbL 1.0,DisGeNET,false
3284,DOID:10283,ODbL 1.0,DisGeNET,false
9350,DOID:9835,CC BY 4.0,DISEASES,false
5594,DOID:1909,,DOAF,false
943,DOID:2994,CC BY 4.0,DISEASES,false
6286,DOID:11612,ODbL 1.0,DisGeNET,false
3161,DOID:1612,ODbL 1.0,DisGeNET,false
7124,DOID:9008,,DISEASES|DOAF|DisGeNET,false
51314,DOID:10652,CC BY 4.0,GWAS Catalog,true
27012,DOID:5419,CC BY 4.0,GWAS Catalog,true
153090,DOID:7693,,DisGeNET|GWAS Catalog,true
4878,DOID:1909,ODbL 1.0,DisGeNET,false
8314,DOID:4159,CC BY 4.0,DISEASES,false
3991,DOID:9970,,DISEASES|DOAF|DisGeNET,false
2735,DOID:11054,ODbL 1.0,DisGeNET,false
7369,DOID:13189,CC BY 4.0,DISEASES,false
1493,DOID:418,,DOAF,false
3565,DOID:1909,CC BY 4.0,DISEASES,false
27044,DOID:12849,ODbL 1.0,DisGeNET,false
6657,DOID:5041,ODbL 1.0,DisGeNET,false
6147,DOID:1612,ODbL 1.0,DisGeNET,false
81037,DOID:1909,CC BY 4.0,GWAS Catalog,true
7132,DOID:3393,ODbL 1.0,DisGeNET,false
176,DOID:7148,ODbL 1.0,DisGeNET,false
4869,DOID:10534,ODbL 1.0,DisGeNET,false
338645,DOID:5419,CC BY 4.0,GWAS Catalog,true
257202,DOID:3393,CC BY 4.0,DISEASES,false
968,DOID:1115,CC BY 4.0,DISEASES,false
1080,DOID:3393,ODbL 1.0,DisGeNET,false
2885,DOID:2531,CC BY 4.0,DISEASES,false
7040,DOID:219,CC BY 4.0,DISEASES,false
4200,DOID:1826,CC BY 4.0,DISEASES,false
7444,DOID:5419,CC BY 4.0,GWAS Catalog,true
26191,DOID:8778,CC BY 4.0,GWAS Catalog,true
1044,DOID:10534,CC BY 4.0,DISEASES,false
25800,DOID:5041,ODbL 1.0,DisGeNET,false
29086,DOID:1612,CC BY 4.0,GWAS Catalog,true
56729,DOID:11612,CC BY 4.0,DISEASES|DOAF,false
3363,DOID:1595,CC BY 4.0,DISEASES,false
29949,DOID:8893,CC BY 4.0,DISEASES,false
3714,DOID:3070,ODbL 1.0,DisGeNET,false
8936,DOID:0050742,CC BY 4.0,DISEASES,false
5579,DOID:9352,ODbL 1.0,DisGeNET,false
249,DOID:2043,CC BY 4.0,DISEASES,false
59341,DOID:3083,ODbL 1.0,DisGeNET,false
9681,DOID:1826,CC BY 4.0,DISEASES,false
7022,DOID:2998,CC BY 4.0,DISEASES,false
5743,DOID:3070,ODbL 1.0,DisGeNET,false
79784,DOID:10283,ODbL 1.0,DisGeNET,false
53635,DOID:10534,ODbL 1.0,DisGeNET,false
3359,DOID:5419,CC BY 4.0,DISEASES|DOAF,false
6529,DOID:1826,,DISEASES|DisGeNET,false
246778,DOID:10283,ODbL 1.0,DisGeNET,false
7110,DOID:11612,ODbL 1.0,DisGeNET,false
1811,DOID:8577,ODbL 1.0,DisGeNET,false
25878,DOID:1324,ODbL 1.0,DisGeNET,false
4609,DOID:11054,,DisGeNET|GWAS Catalog,true
149233,DOID:7147,,DISEASES|DOAF|DisGeNET,false
8483,DOID:90,CC BY 4.0,DISEASES,false
1499,DOID:219,,DISEASES|DisGeNET,false
4893,DOID:1781,CC BY 4.0,DISEASES,false
5054,DOID:11612,CC BY 4.0,DISEASES|DOAF,false
1496,DOID:10534,ODbL 1.0,DisGeNET,false
4582,DOID:4606,ODbL 1.0,DisGeNET,false
1636,DOID:10652,ODbL 1.0,DOAF|DisGeNET,false
6352,DOID:2841,,DISEASES|DOAF|DisGeNET,false
5341,DOID:2986,ODbL 1.0,DisGeNET,false
1278,DOID:418,CC BY 4.0,DISEASES,false
3046,DOID:2043,CC BY 4.0,DISEASES,false
5966,DOID:2531,,DISEASES|DisGeNET|GWAS Catalog,true
27347,DOID:10763,,DISEASES|DisGeNET,false
4862,DOID:11949,CC BY 4.0,GWAS Catalog,true
2529,DOID:11612,ODbL 1.0,DisGeNET,false
5925,DOID:1324,ODbL 1.0,DisGeNET,false
7357,DOID:2986,ODbL 1.0,DisGeNET,false
6494,DOID:1909,ODbL 1.0,DisGeNET,false
4477,DOID:10283,,DISEASES|DisGeNET|GWAS Catalog,true
4790,DOID:784,ODbL 1.0,DisGeNET,false
7099,DOID:4989,ODbL 1.0,DisGeNET,false
5582,DOID:1936,CC BY 4.0,DISEASES,false
384,DOID:1793,ODbL 1.0,DisGeNET,false
2799,DOID:2986,ODbL 1.0,DisGeNET,false
3741,DOID:10763,,DISEASES|DOAF|DisGeNET,false
134,DOID:3393,CC BY 4.0,DISEASES,false
7403,DOID:8850,ODbL 1.0,DisGeNET,false
51444,DOID:2986,ODbL 1.0,DisGeNET,false
6863,DOID:8986,ODbL 1.0,DisGeNET,false
2660,DOID:9970,CC BY 4.0,DISEASES,false
10468,DOID:11612,,DISEASES|DisGeNET,false
217,DOID:2841,ODbL 1.0,DisGeNET,false
11108,DOID:1826,CC BY 4.0,DISEASES,false
627,DOID:6364,,DOAF,false
51510,DOID:2531,ODbL 1.0,DisGeNET,false
1909,DOID:1936,CC BY 4.0,GWAS Catalog,true
8720,DOID:10283,ODbL 1.0,DisGeNET,false
6646,DOID:1936,CC BY 4.0,DISEASES,false
1956,DOID:184,ODbL 1.0,DisGeNET,false
3040,DOID:2355,CC BY 4.0,DISEASES,false
6687,DOID:2986,CC BY 4.0,DISEASES,false
324,DOID:263,CC BY 4.0,DISEASES,false
6505,DOID:5419,CC BY 4.0,DISEASES,false
361,DOID:332,ODbL 1.0,DisGeNET,false
925,DOID:1909,CC BY 4.0,DISEASES,false
1374,DOID:1612,ODbL 1.0,DisGeNET,false
1562,DOID:10283,ODbL 1.0,DisGeNET,false
3569,DOID:8577,CC BY 4.0,DISEASES,false
7124,DOID:635,CC BY 4.0,DISEASES,false
8773,DOID:1094,CC BY 4.0,DISEASES,false
1588,DOID:1612,,DISEASES|DisGeNET,false
3351,DOID:10763,ODbL 1.0,DisGeNET,false
8833,DOID:2531,ODbL 1.0,DisGeNET,false
2254,DOID:1324,ODbL 1.0,DisGeNET,false
4286,DOID:12306,CC BY 4.0,DISEASES,false
5468,DOID:1793,ODbL 1.0,DisGeNET,false
6772,DOID:2531,CC BY 4.0,DISEASES,false
4985,DOID:0050741,CC BY 4.0,DISEASES,false
3586,DOID:1024,CC BY 4.0,DISEASES|DOAF,false
5925,DOID:11054,,DISEASES|DisGeNET,false
1113,DOID:1793,CC BY 4.0,DISEASES,false
5054,DOID:7693,ODbL 1.0,DisGeNET,false
7292,DOID:3393,ODbL 1.0,DisGeNET,false
2645,DOID:14221,CC BY 4.0,GWAS Catalog,true
8741,DOID:2986,,DisGeNET|GWAS Catalog,true
3418,DOID:2531,CC BY 4.0,DISEASES,false
1277,DOID:11476,,DISEASES|DOAF|DisGeNET,false
6252,DOID:3393,ODbL 1.0,DisGeNET,false
3558,DOID:1115,CC BY 4.0,DISEASES,false
6774,DOID:2841,,DOAF,false
2261,DOID:219,ODbL 1.0,DisGeNET,false
5728,DOID:12849,ODbL 1.0,DOAF|DisGeNET,false
3558,DOID:12365,CC BY 4.0,DISEASES,false
330,DOID:2531,,DISEASES|DisGeNET,false
23314,DOID:5419,CC BY 4.0,GWAS Catalog,true
1644,DOID:784,ODbL 1.0,DisGeNET,false
3791,DOID:10283,ODbL 1.0,DisGeNET,false
8227,DOID:2531,CC BY 4.0,DISEASES,false
2243,DOID:4989,ODbL 1.0,DisGeNET,false
821,DOID:2986,ODbL 1.0,DisGeNET,false
4303,DOID:1909,CC BY 4.0,DISEASES,false
1528,DOID:2355,CC BY 4.0,DISEASES,false
7782,DOID:10652,ODbL 1.0,DisGeNET,false
1000,DOID:10534,ODbL 1.0,DisGeNET,false
7471,DOID:1612,,DISEASES|DisGeNET,false
1285,DOID:1312,CC BY 4.0,DISEASES|DOAF,false
3236,DOID:7148,ODbL 1.0,DisGeNET,false
3126,DOID:2377,CC BY 4.0,GWAS Catalog,true
4843,DOID:1312,ODbL 1.0,DisGeNET,false
3569,DOID:1324,CC BY 4.0,DISEASES,false
3458,DOID:1909,,DISEASES|DOAF|DisGeNET,false
1956,DOID:4362,ODbL 1.0,DisGeNET,false
7534,DOID:5419,,DOAF,false
1385,DOID:10652,CC BY 4.0,DISEASES,false
4684,DOID:1324,CC BY 4.0,DISEASES,false
3069,DOID:12849,ODbL 1.0,DisGeNET,false
7412,DOID:8577,ODbL 1.0,DisGeNET,false
3682,DOID:2531,CC BY 4.0,DISEASES,false
54,DOID:7148,CC BY 4.0,DISEASES,false
1508,DOID:10941,ODbL 1.0,DisGeNET,false
645832,DOID:2043,CC BY 4.0,DISEASES,false
1432,DOID:3571,ODbL 1.0,DisGeNET,false
3458,DOID:2986,,DOAF,false
283316,DOID:1909,ODbL 1.0,DisGeNET,false
3882,DOID:263,ODbL 1.0,DisGeNET,false
3148,DOID:1324,ODbL 1.0,DisGeNET,false
9138,DOID:2531,CC BY 4.0,DISEASES,false
5331,DOID:3393,ODbL 1.0,DisGeNET,false
1029,DOID:7693,CC BY 4.0,GWAS Catalog,true
1241,DOID:2841,CC BY 4.0,DISEASES,false
5468,DOID:4989,ODbL 1.0,DisGeNET,false
598,DOID:11934,ODbL 1.0,DisGeNET,false
718,DOID:9970,ODbL 1.0,DisGeNET,false
1627,DOID:10652,CC BY 4.0,DISEASES,false
4851,DOID:2531,,DISEASES|DisGeNET,false
7099,DOID:824,CC BY 4.0,DISEASES|DOAF,false
207,DOID:2174,CC BY 4.0,DISEASES,false
3115,DOID:7148,,DISEASES|DisGeNET,false
147,DOID:11612,ODbL 1.0,DisGeNET,false
140733,DOID:12849,,DISEASES|DisGeNET,false
3600,DOID:4481,CC BY 4.0,DISEASES,false
2487,DOID:8398,CC BY 4.0,DISEASES|DOAF,false
6948,DOID:12849,ODbL 1.0,DisGeNET,false
6343,DOID:4989,CC BY 4.0,DISEASES,false
5328,DOID:11054,ODbL 1.0,DisGeNET,false
4548,DOID:9352,ODbL 1.0,DisGeNET,false
5649,DOID:5419,CC BY 4.0,DISEASES|DOAF,false
847,DOID:3393,ODbL 1.0,DisGeNET,false
800,DOID:7148,ODbL 1.0,DisGeNET,false
3356,DOID:9970,,DISEASES|DOAF|DisGeNET,false
1786,DOID:9352,ODbL 1.0,DisGeNET,false
6347,DOID:363,ODbL 1.0,DisGeNET,false
92344,DOID:11476,ODbL 1.0,DisGeNET,false
1493,DOID:13241,,DOAF,false
3685,DOID:3393,ODbL 1.0,DisGeNET,false
347734,DOID:2531,CC BY 4.0,DISEASES,false
84263,DOID:3571,ODbL 1.0,DisGeNET,false
4609,DOID:3070,,DISEASES|DisGeNET,false
4629,DOID:14004,CC BY 4.0,DISEASES,false
9968,DOID:10283,,DISEASES|DisGeNET,false
8795,DOID:11934,ODbL 1.0,DisGeNET,false
26027,DOID:9835,CC BY 4.0,DISEASES,false
3117,DOID:10608,,DISEASES|DOAF|DisGeNET,false
3586,DOID:7148,,DISEASES|DOAF|DisGeNET,false
572,DOID:9970,ODbL 1.0,DisGeNET,false
253175,DOID:14227,CC BY 4.0,DISEASES,false
1738,DOID:8577,CC BY 4.0,GWAS Catalog,true
191,DOID:10763,ODbL 1.0,DisGeNET,false
203,DOID:3393,ODbL 1.0,DisGeNET,false
3782,DOID:10283,CC BY 4.0,GWAS Catalog,true
5366,DOID:2531,CC BY 4.0,DISEASES|GWAS Catalog,true
3855,DOID:11239,CC BY 4.0,DISEASES,false
4199,DOID:9970,ODbL 1.0,DisGeNET,false
79039,DOID:11612,ODbL 1.0,DisGeNET,false
1392,DOID:1826,ODbL 1.0,DisGeNET,false
4605,DOID:2174,CC BY 4.0,DISEASES,false
1583,DOID:9352,ODbL 1.0,DisGeNET,false
7052,DOID:1612,ODbL 1.0,DisGeNET,false
63892,DOID:2377,CC BY 4.0,GWAS Catalog,true
9075,DOID:4989,ODbL 1.0,DisGeNET,false
3028,DOID:1324,ODbL 1.0,DisGeNET,false
7097,DOID:3083,,DOAF,false
4782,DOID:10283,ODbL 1.0,DisGeNET,false
54585,DOID:9970,CC BY 4.0,DISEASES,false
10013,DOID:10763,ODbL 1.0,DisGeNET,false
3195,DOID:2531,,DISEASES|DisGeNET,false
8200,DOID:90,CC BY 4.0,DISEASES,false
63035,DOID:8850,ODbL 1.0,DisGeNET,false
282617,DOID:2841,ODbL 1.0,DisGeNET,false
6059,DOID:2986,ODbL 1.0,DisGeNET,false
6597,DOID:2394,ODbL 1.0,DisGeNET,false
6714,DOID:1115,CC BY 4.0,DISEASES,false
27020,DOID:3393,ODbL 1.0,DisGeNET,false
5446,DOID:1936,CC BY 4.0,DISEASES,false
83943,DOID:11119,CC BY 4.0,DISEASES,false
246,DOID:10763,ODbL 1.0,DisGeNET,false
8644,DOID:9970,ODbL 1.0,DisGeNET,false
3090,DOID:1612,ODbL 1.0,DisGeNET,false
6401,DOID:2377,ODbL 1.0,DisGeNET,false
1485,DOID:1909,CC BY 4.0,DISEASES|DOAF,false
8842,DOID:3393,CC BY 4.0,DISEASES,false
60468,DOID:8778,CC BY 4.0,GWAS Catalog,true
8315,DOID:3393,ODbL 1.0,DisGeNET,false
121340,DOID:11476,CC BY 4.0,DISEASES,false
5599,DOID:10763,ODbL 1.0,DisGeNET,false
405,DOID:1909,ODbL 1.0,DisGeNET,false
26086,DOID:9352,CC BY 4.0,GWAS Catalog,true
6775,DOID:9744,ODbL 1.0,DisGeNET,false
7163,DOID:10283,ODbL 1.0,DisGeNET,false
5741,DOID:10763,,DISEASES|DisGeNET,false
959,DOID:332,ODbL 1.0,DisGeNET,false
3931,DOID:1936,CC BY 4.0,DISEASES|DOAF,false
1577,DOID:10763,ODbL 1.0,DOAF|DisGeNET,false
5252,DOID:363,CC BY 4.0,DISEASES,false
5228,DOID:784,ODbL 1.0,DisGeNET,false
4513,DOID:1192,ODbL 1.0,DisGeNET,false
5978,DOID:10871,CC BY 4.0,GWAS Catalog,true
3458,DOID:1024,CC BY 4.0,DISEASES,false
1656,DOID:12306,CC BY 4.0,GWAS Catalog,true
959,DOID:1312,CC BY 4.0,DISEASES,false
3313,DOID:3393,ODbL 1.0,DisGeNET,false
4318,DOID:2841,,DISEASES|DOAF|DisGeNET,false
1235,DOID:8577,ODbL 1.0,DisGeNET,false
351,DOID:1324,CC BY 4.0,DISEASES,false
5624,DOID:10763,ODbL 1.0,DisGeNET,false
10483,DOID:2355,,DISEASES|DisGeNET,false
57531,DOID:1192,,DisGeNET|GWAS Catalog,true
90678,DOID:784,CC BY 4.0,DISEASES,false
2146,DOID:10283,,DISEASES|DisGeNET,false
675,DOID:1964,CC BY 4.0,DISEASES,false
84464,DOID:2355,,DISEASES|DisGeNET,false
1956,DOID:3121,ODbL 1.0,DisGeNET,false
23228,DOID:3393,CC BY 4.0,GWAS Catalog,true
1571,DOID:14330,ODbL 1.0,DisGeNET,false
3559,DOID:2531,CC BY 4.0,DISEASES,false
79258,DOID:7148,ODbL 1.0,DisGeNET,false
4790,DOID:1909,,DOAF,false
9217,DOID:332,CC BY 4.0,DISEASES|DOAF,false
213,DOID:10763,,DISEASES|DisGeNET,false
2255,DOID:10283,,DisGeNET|GWAS Catalog,true
5156,DOID:1909,,DOAF,false
51809,DOID:2986,ODbL 1.0,DisGeNET,false
374,DOID:2394,ODbL 1.0,DisGeNET,false
929,DOID:2043,,DOAF,false
1401,DOID:9008,CC BY 4.0,DISEASES,false
10897,DOID:3571,ODbL 1.0,DisGeNET,false
6583,DOID:8778,CC BY 4.0,DISEASES|DOAF,false
84236,DOID:1319,CC BY 4.0,DISEASES,false
1038,DOID:9074,CC BY 4.0,DISEASES,false
5241,DOID:3565,,DISEASES|DisGeNET,false
246,DOID:1936,ODbL 1.0,DOAF|DisGeNET,false
55328,DOID:10763,CC BY 4.0,DISEASES,false
847,DOID:12849,ODbL 1.0,DisGeNET,false
2891,DOID:1826,,DISEASES|DisGeNET,false
6376,DOID:1826,ODbL 1.0,DisGeNET,false
4254,DOID:2994,ODbL 1.0,DisGeNET,false
3558,DOID:3571,ODbL 1.0,DisGeNET,false
4886,DOID:10763,ODbL 1.0,DisGeNET,false
201161,DOID:2531,CC BY 4.0,DISEASES,false
2100,DOID:1936,,DOAF,false
6352,DOID:7148,CC BY 4.0,DISEASES|DOAF,false
3560,DOID:2841,CC BY 4.0,GWAS Catalog,true
3358,DOID:9352,ODbL 1.0,DisGeNET,false
2064,DOID:10283,,DISEASES|DisGeNET,false
64332,DOID:2377,CC BY 4.0,GWAS Catalog,true
57608,DOID:3393,CC BY 4.0,GWAS Catalog,true
5599,DOID:7148,CC BY 4.0,DISEASES|DOAF,false
1401,DOID:9744,ODbL 1.0,DisGeNET,false
56729,DOID:784,ODbL 1.0,DisGeNET,false
4137,DOID:14330,,DISEASES|DOAF|DisGeNET|GWAS Catalog,true
6615,DOID:1612,,DISEASES|DisGeNET,false
4233,DOID:363,ODbL 1.0,DisGeNET,false
11132,DOID:11612,CC BY 4.0,DISEASES|DOAF,false
10950,DOID:263,ODbL 1.0,DisGeNET,false
5950,DOID:11612,ODbL 1.0,DOAF|DisGeNET,false
196,DOID:7148,ODbL 1.0,DisGeNET,false
3576,DOID:8398,CC BY 4.0,DISEASES,false
5743,DOID:1936,,DISEASES|DOAF|DisGeNET,false
2187,DOID:2355,,DISEASES|DisGeNET,false
115352,DOID:7148,CC BY 4.0,DISEASES|DOAF,false
495,DOID:2841,CC BY 4.0,DISEASES,false
5915,DOID:1324,CC BY 4.0,DISEASES,false
3080,DOID:10871,CC BY 4.0,DISEASES,false
255239,DOID:0050741,CC BY 4.0,DISEASES,false
6591,DOID:5041,ODbL 1.0,DisGeNET,false
9852,DOID:1826,CC BY 4.0,DISEASES,false
2056,DOID:2531,CC BY 4.0,DISEASES,false
596,DOID:1612,,DISEASES|DisGeNET,false
3855,DOID:4606,CC BY 4.0,DISEASES,false
3596,DOID:4481,CC BY 4.0,DISEASES|DOAF,false
8895,DOID:10283,ODbL 1.0,DisGeNET,false
6439,DOID:2841,ODbL 1.0,DisGeNET,false
718,DOID:9074,CC BY 4.0,DISEASES|DOAF,false
301,DOID:10763,ODbL 1.0,DisGeNET,false
5443,DOID:11612,CC BY 4.0,DISEASES,false
10563,DOID:2377,CC BY 4.0,DISEASES|DOAF,false
2572,DOID:1826,CC BY 4.0,DISEASES,false
701,DOID:2986,ODbL 1.0,DisGeNET,false
340061,DOID:5041,ODbL 1.0,DisGeNET,false
23136,DOID:1612,ODbL 1.0,DisGeNET,false
717,DOID:2986,ODbL 1.0,DisGeNET,false
84441,DOID:3277,CC BY 4.0,DISEASES,false
2624,DOID:2531,,DISEASES|DisGeNET,false
8842,DOID:219,CC BY 4.0,DISEASES,false
2920,DOID:3393,ODbL 1.0,DisGeNET,false
6262,DOID:12930,ODbL 1.0,DisGeNET,false
5581,DOID:10763,ODbL 1.0,DisGeNET,false
349565,DOID:11612,ODbL 1.0,DisGeNET,false
7124,DOID:8893,,DISEASES|DOAF|DisGeNET,false
7421,DOID:8577,,DOAF,false
7042,DOID:3083,CC BY 4.0,GWAS Catalog,true
2064,DOID:2394,,DISEASES|DisGeNET,false
920,DOID:13378,CC BY 4.0,DISEASES,false
1499,DOID:10283,ODbL 1.0,DisGeNET,false
1813,DOID:11119,,DISEASES|DisGeNET,false
3092,DOID:10283,ODbL 1.0,DisGeNET,false
25792,DOID:184,ODbL 1.0,DisGeNET,false
80762,DOID:8778,CC BY 4.0,GWAS Catalog,true
1959,DOID:3393,ODbL 1.0,DisGeNET,false
2244,DOID:14330,ODbL 1.0,DisGeNET,false
10884,DOID:1612,CC BY 4.0,GWAS Catalog,true
10154,DOID:1909,,DOAF,false
54106,DOID:9074,CC BY 4.0,DISEASES|DOAF,false
56832,DOID:332,CC BY 4.0,DISEASES,false
4323,DOID:2986,ODbL 1.0,DisGeNET,false
7157,DOID:2596,CC BY 4.0,DISEASES,false
5111,DOID:3571,ODbL 1.0,DisGeNET,false
59340,DOID:2841,CC BY 4.0,DISEASES,false
1956,DOID:4606,ODbL 1.0,DisGeNET,false
712,DOID:9074,ODbL 1.0,DisGeNET,false
718,DOID:10763,ODbL 1.0,DisGeNET,false
6278,DOID:8893,,DISEASES|DisGeNET,false
9815,DOID:418,CC BY 4.0,DISEASES,false
259266,DOID:11612,ODbL 1.0,DisGeNET,false
4049,DOID:9008,ODbL 1.0,DisGeNET,false
4763,DOID:12849,ODbL 1.0,DisGeNET,false
55311,DOID:8850,CC BY 4.0,DISEASES,false
6720,DOID:9970,,DISEASES|DOAF|DisGeNET,false
6872,DOID:14330,CC BY 4.0,DISEASES,false
740,DOID:1909,ODbL 1.0,DisGeNET,false
1524,DOID:7148,,DOAF,false
653361,DOID:7693,ODbL 1.0,DisGeNET,false
8314,DOID:3277,ODbL 1.0,DisGeNET,false
177,DOID:824,ODbL 1.0,DisGeNET,false
2944,DOID:2531,ODbL 1.0,DisGeNET,false
4053,DOID:1686,,DISEASES|DisGeNET,false
217,DOID:5041,,DISEASES|DisGeNET,false
1356,DOID:9744,ODbL 1.0,DisGeNET,false
51738,DOID:11612,CC BY 4.0,DISEASES|DOAF,false
11281,DOID:12849,ODbL 1.0,DisGeNET,false
6037,DOID:2841,,DISEASES|DOAF|DisGeNET,false
6648,DOID:10534,ODbL 1.0,DisGeNET,false
7157,DOID:1686,,DOAF,false
8740,DOID:2377,,DisGeNET|GWAS Catalog,true
347,DOID:1826,ODbL 1.0,DisGeNET,false
3579,DOID:824,ODbL 1.0,DisGeNET,false
246,DOID:2841,,DOAF,false
3845,DOID:1781,ODbL 1.0,DisGeNET,false
8434,DOID:1324,ODbL 1.0,DisGeNET,false
2195,DOID:11934,,DISEASES|DisGeNET,false
3036,DOID:10763,ODbL 1.0,DisGeNET,false
186,DOID:1612,ODbL 1.0,DisGeNET,false
10196,DOID:2841,ODbL 1.0,DisGeNET,false
3600,DOID:12365,CC BY 4.0,DISEASES,false
1909,DOID:9352,ODbL 1.0,DisGeNET,false
115352,DOID:9074,,DOAF,false
1803,DOID:9970,CC BY 4.0,DISEASES,false
2903,DOID:1826,,DISEASES|DisGeNET,false
10735,DOID:11054,ODbL 1.0,DisGeNET,false
8862,DOID:9970,,DISEASES|DOAF|DisGeNET,false
4060,DOID:9835,CC BY 4.0,DISEASES,false
114788,DOID:263,ODbL 1.0,DisGeNET,false
3105,DOID:2531,,DISEASES|DisGeNET,false
7133,DOID:9352,ODbL 1.0,DisGeNET,false
5756,DOID:2531,ODbL 1.0,DisGeNET,false
3417,DOID:2531,CC BY 4.0,DISEASES,false
4688,DOID:2986,ODbL 1.0,DisGeNET,false
152002,DOID:1324,CC BY 4.0,GWAS Catalog,true
8091,DOID:13223,CC BY 4.0,DISEASES,false
4313,DOID:12236,ODbL 1.0,DisGeNET,false
50943,DOID:3310,,DOAF,false
2784,DOID:9352,ODbL 1.0,DisGeNET,false
64816,DOID:10283,ODbL 1.0,DisGeNET,false
1462,DOID:8850,ODbL 1.0,DisGeNET,false
7031,DOID:10534,ODbL 1.0,DisGeNET,false
3576,DOID:824,CC BY 4.0,DISEASES,false
3880,DOID:4606,CC BY 4.0,DISEASES,false
22865,DOID:1319,CC BY 4.0,DISEASES,false
2063,DOID:1612,ODbL 1.0,DisGeNET,false
23111,DOID:5041,ODbL 1.0,DisGeNET,false
8678,DOID:1826,ODbL 1.0,DisGeNET,false
1139,DOID:12849,ODbL 1.0,DisGeNET,false
345456,DOID:585,CC BY 4.0,DISEASES,false
2185,DOID:1826,ODbL 1.0,DisGeNET,false
9218,DOID:332,CC BY 4.0,DISEASES,false
7056,DOID:10763,,DISEASES|DisGeNET,false
1191,DOID:10763,ODbL 1.0,DisGeNET,false
6540,DOID:1686,CC BY 4.0,DISEASES,false
2893,DOID:9835,,DisGeNET|GWAS Catalog,true
5743,DOID:7693,ODbL 1.0,DisGeNET,false
1636,DOID:9008,,DOAF,false
2902,DOID:5419,,DOAF,false
57575,DOID:1826,CC BY 4.0,DISEASES,false
3852,DOID:1612,CC BY 4.0,DISEASES,false
10878,DOID:2355,CC BY 4.0,DISEASES,false
2118,DOID:10283,ODbL 1.0,DisGeNET,false
8000,DOID:11054,,DISEASES|DisGeNET|GWAS Catalog,true
22982,DOID:1324,ODbL 1.0,DisGeNET,false
3569,DOID:2355,,DISEASES|DOAF|DisGeNET,false
8050,DOID:2986,ODbL 1.0,DisGeNET,false
7709,DOID:12930,CC BY 4.0,GWAS Catalog,true
4855,DOID:6364,CC BY 4.0,DISEASES,false
85236,DOID:1612,ODbL 1.0,DisGeNET,false
23523,DOID:10763,CC BY 4.0,DISEASES,false
7298,DOID:11934,ODbL 1.0,DisGeNET,false
6776,DOID:2531,CC BY 4.0,DISEASES,false
6672,DOID:12236,CC BY 4.0,DISEASES,false
4288,DOID:11054,ODbL 1.0,DisGeNET,false
3604,DOID:7148,CC BY 4.0,GWAS Catalog,true
1113,DOID:332,,DOAF,false
7015,DOID:2531,ODbL 1.0,DisGeNET,false
26011,DOID:5419,CC BY 4.0,GWAS Catalog,true
26762,DOID:10763,ODbL 1.0,DisGeNET,false
3459,DOID:2986,ODbL 1.0,DisGeNET,false
5187,DOID:2531,ODbL 1.0,DisGeNET,false
3067,DOID:2531,CC BY 4.0,DISEASES,false
5965,DOID:2986,ODbL 1.0,DisGeNET,false
6347,DOID:7148,CC BY 4.0,DISEASES|DOAF,false
9154,DOID:1612,ODbL 1.0,DisGeNET,false
6641,DOID:9835,CC BY 4.0,GWAS Catalog,true
3015,DOID:2998,CC BY 4.0,DISEASES,false
1234,DOID:2377,CC BY 4.0,DISEASES|DOAF,false
1902,DOID:1612,ODbL 1.0,DisGeNET,false
56259,DOID:9970,,DOAF,false
288,DOID:5419,CC BY 4.0,DISEASES|GWAS Catalog,true
5241,DOID:1612,,DISEASES|DisGeNET,false
1509,DOID:10283,ODbL 1.0,DisGeNET,false
2122,DOID:2531,,DISEASES|DisGeNET,false
6535,DOID:1826,CC BY 4.0,DISEASES,false
3600,DOID:2531,CC BY 4.0,DISEASES,false
84939,DOID:2531,CC BY 4.0,DISEASES,false
10990,DOID:2986,ODbL 1.0,DisGeNET,false
54472,DOID:0050156,CC BY 4.0,GWAS Catalog,true
328,DOID:10534,ODbL 1.0,DisGeNET,false
55279,DOID:1909,CC BY 4.0,DISEASES,false
2224,DOID:11476,CC BY 4.0,DISEASES,false
5923,DOID:9835,,DISEASES|DisGeNET|GWAS Catalog,true
3553,DOID:824,,DISEASES|DOAF|DisGeNET,false
7157,DOID:1324,,DISEASES|DisGeNET,false
3586,DOID:635,CC BY 4.0,DISEASES|DOAF,false
7090,DOID:1612,ODbL 1.0,DisGeNET,false
5599,DOID:9970,CC BY 4.0,DISEASES|DOAF,false
26511,DOID:2531,ODbL 1.0,DisGeNET,false
5054,DOID:2986,ODbL 1.0,DisGeNET,false
5879,DOID:1909,ODbL 1.0,DisGeNET,false
6750,DOID:10763,ODbL 1.0,DisGeNET,false
5972,DOID:8893,ODbL 1.0,DisGeNET,false
6279,DOID:11054,ODbL 1.0,DisGeNET,false
2903,DOID:1909,ODbL 1.0,DisGeNET,false
4524,DOID:6364,CC BY 4.0,DISEASES|DOAF,false
1452,DOID:5041,CC BY 4.0,GWAS Catalog,true
3630,DOID:1936,,DOAF,false
90627,DOID:10941,CC BY 4.0,GWAS Catalog,true
7297,DOID:9744,CC BY 4.0,GWAS Catalog,true
5294,DOID:12849,ODbL 1.0,DisGeNET,false
4254,DOID:2998,ODbL 1.0,DisGeNET,false
5885,DOID:2531,ODbL 1.0,DisGeNET,false
9611,DOID:11054,ODbL 1.0,DisGeNET,false
2272,DOID:1324,,DISEASES|DisGeNET,false
23345,DOID:1612,ODbL 1.0,DisGeNET,false
3815,DOID:1612,ODbL 1.0,DisGeNET,false
2730,DOID:3393,ODbL 1.0,DisGeNET,false
10144,DOID:3083,,DISEASES|DisGeNET|GWAS Catalog,true
9358,DOID:11555,CC BY 4.0,DISEASES,false
3689,DOID:13241,ODbL 1.0,DisGeNET,false
8242,DOID:12849,ODbL 1.0,DisGeNET,false
83482,DOID:4606,CC BY 4.0,DISEASES,false
7040,DOID:4606,ODbL 1.0,DisGeNET,false
7431,DOID:14330,CC BY 4.0,DISEASES,false
4299,DOID:9074,CC BY 4.0,GWAS Catalog,true
55159,DOID:2986,ODbL 1.0,DisGeNET,false
5265,DOID:3312,ODbL 1.0,DisGeNET,false
2064,DOID:3565,,DOAF,false
2520,DOID:2355,CC BY 4.0,DISEASES,false
9745,DOID:9835,CC BY 4.0,GWAS Catalog,true
7517,DOID:1612,,DISEASES|DisGeNET,false
5468,DOID:9970,,DISEASES|DOAF|DisGeNET,false
9108,DOID:11949,CC BY 4.0,GWAS Catalog,true
27120,DOID:2377,CC BY 4.0,GWAS Catalog,true
4320,DOID:1324,ODbL 1.0,DisGeNET,false
2286,DOID:10534,ODbL 1.0,DisGeNET,false
4435,DOID:263,CC BY 4.0,DISEASES,false
159119,DOID:14227,CC BY 4.0,DISEASES,false
2033,DOID:1324,ODbL 1.0,DisGeNET,false
10456,DOID:8893,,DOAF,false
2161,DOID:10763,ODbL 1.0,DisGeNET,false
1232,DOID:3393,ODbL 1.0,DisGeNET,false
7730,DOID:10534,ODbL 1.0,DisGeNET,false
29997,DOID:11612,ODbL 1.0,DisGeNET,false
100506742,DOID:9744,ODbL 1.0,DisGeNET,false
54880,DOID:184,ODbL 1.0,DisGeNET,false
8395,DOID:784,CC BY 4.0,GWAS Catalog,true
7349,DOID:10763,ODbL 1.0,DisGeNET,false
4124,DOID:9074,ODbL 1.0,DisGeNET,false
70,DOID:12930,,DISEASES|DisGeNET,false
10253,DOID:3953,CC BY 4.0,DISEASES,false
4851,DOID:10652,CC BY 4.0,DISEASES,false
4023,DOID:1312,ODbL 1.0,DisGeNET,false
162514,DOID:3310,ODbL 1.0,DisGeNET,false
4048,DOID:1936,ODbL 1.0,DisGeNET,false
8643,DOID:1319,ODbL 1.0,DisGeNET,false
3852,DOID:4159,ODbL 1.0,DisGeNET,false
8338,DOID:9074,CC BY 4.0,DISEASES,false
50617,DOID:2355,CC BY 4.0,DISEASES,false
3028,DOID:10652,,DOAF,false
2645,DOID:11714,ODbL 1.0,DOAF|DisGeNET,false
63892,DOID:10283,CC BY 4.0,GWAS Catalog,true
1213,DOID:1459,CC BY 4.0,DISEASES,false
9966,DOID:8778,CC BY 4.0,DISEASES|DOAF|GWAS Catalog,true
26047,DOID:1324,ODbL 1.0,DisGeNET,false
8398,DOID:1909,CC BY 4.0,GWAS Catalog,true
8615,DOID:10283,ODbL 1.0,DisGeNET,false
51684,DOID:1909,ODbL 1.0,DisGeNET,false
3572,DOID:10534,ODbL 1.0,DisGeNET,false
129563,DOID:263,CC BY 4.0,DISEASES,false
5473,DOID:3393,CC BY 4.0,DISEASES,false
127018,DOID:9970,CC BY 4.0,GWAS Catalog,true
3549,DOID:8398,CC BY 4.0,DISEASES,false
5743,DOID:9970,ODbL 1.0,DisGeNET,false
3791,DOID:1612,,DISEASES|DisGeNET,false
3159,DOID:9352,ODbL 1.0,DisGeNET,false
3038,DOID:10763,ODbL 1.0,DisGeNET,false
5265,DOID:10534,ODbL 1.0,DisGeNET,false
1201,DOID:8778,CC BY 4.0,GWAS Catalog,true
2898,DOID:12849,,DISEASES|DOAF|DisGeNET,false
1027,DOID:1612,ODbL 1.0,DisGeNET,false
6678,DOID:2531,ODbL 1.0,DisGeNET,false
959,DOID:3393,CC BY 4.0,DISEASES,false
4128,DOID:5419,CC BY 4.0,DISEASES|DOAF,false
5342,DOID:3393,CC BY 4.0,DISEASES,false
7048,DOID:1612,CC BY 4.0,GWAS Catalog,true
170589,DOID:1909,ODbL 1.0,DisGeNET,false
287015,DOID:3312,CC BY 4.0,GWAS Catalog,true
1138,DOID:0050742,CC BY 4.0,DISEASES,false
473,DOID:12306,CC BY 4.0,GWAS Catalog,true
3265,DOID:8850,ODbL 1.0,DisGeNET,false
355,DOID:2043,,DOAF,false
590,DOID:9970,ODbL 1.0,DisGeNET,false
3205,DOID:2531,,DISEASES|DisGeNET,false
84447,DOID:7148,ODbL 1.0,DOAF|DisGeNET,false
5925,DOID:2531,CC BY 4.0,DISEASES,false
4211,DOID:2531,CC BY 4.0,DISEASES,false
3142,DOID:2841,,DOAF,false
1121,DOID:14330,CC BY 4.0,DISEASES,false
218,DOID:5041,CC BY 4.0,DISEASES,false
973,DOID:3310,CC BY 4.0,DISEASES,false
5604,DOID:10283,ODbL 1.0,DisGeNET,false
1268,DOID:4045,ODbL 1.0,DisGeNET,false
51107,DOID:10652,CC BY 4.0,DISEASES,false
5159,DOID:2355,CC BY 4.0,DISEASES,false
3107,DOID:9008,,DISEASES|DOAF|DisGeNET,false
3351,DOID:1094,CC BY 4.0,DISEASES,false
5364,DOID:10283,CC BY 4.0,DISEASES,false
3383,DOID:13241,ODbL 1.0,DisGeNET,false
9623,DOID:2531,CC BY 4.0,DISEASES,false
4221,DOID:3953,ODbL 1.0,DisGeNET,false
5800,DOID:3571,ODbL 1.0,DisGeNET,false
596,DOID:3070,,DOAF,false
5009,DOID:9970,ODbL 1.0,DisGeNET,false
2811,DOID:3393,,DOAF,false
355,DOID:11054,ODbL 1.0,DisGeNET,false
6696,DOID:585,CC BY 4.0,DISEASES,false
1269,DOID:2531,ODbL 1.0,DisGeNET,false
4914,DOID:1686,ODbL 1.0,DisGeNET,false
718,DOID:7148,CC BY 4.0,DISEASES,false
51642,DOID:3953,CC BY 4.0,DISEASES,false
34,DOID:9970,ODbL 1.0,DisGeNET,false
1233,DOID:10608,,DisGeNET|GWAS Catalog,true
4915,DOID:3070,ODbL 1.0,DisGeNET,false
7531,DOID:363,CC BY 4.0,DISEASES,false
8687,DOID:4159,CC BY 4.0,DISEASES,false
4681,DOID:9835,CC BY 4.0,DISEASES,false
4085,DOID:2986,ODbL 1.0,DisGeNET,false
1191,DOID:1909,ODbL 1.0,DisGeNET,false
2950,DOID:3393,ODbL 1.0,DisGeNET,false
51132,DOID:10283,ODbL 1.0,DisGeNET,false
334,DOID:10652,,DISEASES|DisGeNET,false
6668,DOID:2531,CC BY 4.0,DISEASES,false
6715,DOID:9352,ODbL 1.0,DisGeNET,false
1493,DOID:2377,,DISEASES|DOAF|DisGeNET,false
4891,DOID:3571,ODbL 1.0,DisGeNET,false
50514,DOID:5041,ODbL 1.0,DisGeNET,false
4988,DOID:1826,ODbL 1.0,DisGeNET,false
1159,DOID:3393,CC BY 4.0,DISEASES,false
3880,DOID:5041,ODbL 1.0,DisGeNET,false
1588,DOID:5041,ODbL 1.0,DisGeNET,false
9180,DOID:2986,ODbL 1.0,DisGeNET,false
4790,DOID:12236,,DisGeNET|GWAS Catalog,true
6125,DOID:2355,CC BY 4.0,DISEASES,false
10318,DOID:418,,DisGeNET|GWAS Catalog,true
79698,DOID:9835,CC BY 4.0,GWAS Catalog,true
29091,DOID:12849,ODbL 1.0,DisGeNET,false
3046,DOID:3571,CC BY 4.0,DISEASES,false
7422,DOID:10763,CC BY 4.0,DISEASES|DOAF,false
5915,DOID:11934,ODbL 1.0,DisGeNET,false
4057,DOID:4989,CC BY 4.0,DISEASES,false
1584,DOID:10763,CC BY 4.0,DISEASES|DOAF,false
1030,DOID:2174,CC BY 4.0,DISEASES,false
3552,DOID:3393,ODbL 1.0,DisGeNET,false
429,DOID:1826,ODbL 1.0,DisGeNET,false
79841,DOID:7148,CC BY 4.0,DISEASES,false
9493,DOID:2986,ODbL 1.0,DisGeNET,false
558,DOID:9835,CC BY 4.0,DISEASES,false
5737,DOID:1686,CC BY 4.0,DISEASES,false
5914,DOID:332,ODbL 1.0,DisGeNET,false
6714,DOID:1612,,DISEASES|DisGeNET,false
9696,DOID:1319,CC BY 4.0,DISEASES,false
5595,DOID:11934,ODbL 1.0,DisGeNET,false
653361,DOID:784,ODbL 1.0,DisGeNET,false
7450,DOID:2355,CC BY 4.0,DISEASES,false
63826,DOID:9352,CC BY 4.0,GWAS Catalog,true
968,DOID:1936,CC BY 4.0,DISEASES,false
57449,DOID:11612,ODbL 1.0,DisGeNET,false
723961,DOID:9352,ODbL 1.0,DisGeNET,false
2646,DOID:784,CC BY 4.0,GWAS Catalog,true
4852,DOID:784,CC BY 4.0,DISEASES,false
5223,DOID:10534,ODbL 1.0,DisGeNET,false
805,DOID:10763,CC BY 4.0,DISEASES,false
60468,DOID:10608,,DisGeNET|GWAS Catalog,true
10320,DOID:9074,,DisGeNET|GWAS Catalog,true
2939,DOID:3571,CC BY 4.0,DISEASES,false
7124,DOID:9744,ODbL 1.0,DisGeNET,false
2944,DOID:1612,ODbL 1.0,DisGeNET,false
3676,DOID:2531,CC BY 4.0,DISEASES,false
921,DOID:2355,CC BY 4.0,DISEASES,false
3558,DOID:1612,CC BY 4.0,DISEASES,false
25976,DOID:10283,CC BY 4.0,DISEASES,false
3459,DOID:2043,ODbL 1.0,DisGeNET,false
84100,DOID:9970,CC BY 4.0,DISEASES,false
9353,DOID:1324,ODbL 1.0,DisGeNET,false
5243,DOID:2394,CC BY 4.0,DISEASES,false
1636,DOID:9352,,DISEASES|DisGeNET,false
1027,DOID:1686,ODbL 1.0,DisGeNET,false
10806,DOID:9970,CC BY 4.0,DISEASES,false
4958,DOID:14330,CC BY 4.0,DISEASES,false
923,DOID:1612,CC BY 4.0,DISEASES,false
3400,DOID:11476,ODbL 1.0,DisGeNET,false
7296,DOID:3393,ODbL 1.0,DisGeNET,false
1389,DOID:9074,CC BY 4.0,GWAS Catalog,true
4595,DOID:10534,ODbL 1.0,DisGeNET,false
6900,DOID:1826,CC BY 4.0,DISEASES,false
129787,DOID:9970,,DISEASES|DisGeNET|GWAS Catalog,true
2305,DOID:2986,ODbL 1.0,DisGeNET,false
55811,DOID:585,CC BY 4.0,DISEASES,false
6714,DOID:11054,ODbL 1.0,DisGeNET,false
552,DOID:3393,ODbL 1.0,DisGeNET,false
3489,DOID:10283,ODbL 1.0,DisGeNET,false
4846,DOID:1612,ODbL 1.0,DisGeNET,false
3558,DOID:9074,CC BY 4.0,DISEASES,false
4170,DOID:1909,,DOAF,false
2475,DOID:1612,CC BY 4.0,DISEASES,false
3554,DOID:2841,,DOAF,false
5444,DOID:2377,,DOAF,false
4311,DOID:2531,CC BY 4.0,DISEASES,false
952,DOID:3393,ODbL 1.0,DisGeNET,false
81671,DOID:2986,ODbL 1.0,DisGeNET,false
10672,DOID:2531,ODbL 1.0,DisGeNET,false
7421,DOID:2841,,DOAF,false
2309,DOID:1324,ODbL 1.0,DisGeNET,false
9817,DOID:263,ODbL 1.0,DisGeNET,false
2580,DOID:14330,,DISEASES|DisGeNET,false
915,DOID:12236,ODbL 1.0,DisGeNET,false
650,DOID:90,CC BY 4.0,DISEASES,false
123,DOID:4159,CC BY 4.0,DISEASES,false
6091,DOID:1324,ODbL 1.0,DisGeNET,false
974,DOID:2531,CC BY 4.0,DISEASES,false
3075,DOID:3070,CC BY 4.0,DISEASES,false
54443,DOID:11612,ODbL 1.0,DisGeNET,false
10076,DOID:10976,ODbL 1.0,DisGeNET,false
3119,DOID:11949,ODbL 1.0,DisGeNET,false
157,DOID:3312,ODbL 1.0,DOAF|DisGeNET,false
5582,DOID:10763,CC BY 4.0,DISEASES,false
240,DOID:10534,ODbL 1.0,DisGeNET,false
4313,DOID:14004,ODbL 1.0,DisGeNET,false
10215,DOID:3070,CC BY 4.0,DISEASES,false
5328,DOID:3083,ODbL 1.0,DisGeNET,false
3586,DOID:2043,CC BY 4.0,DISEASES|DOAF,false
7980,DOID:2394,CC BY 4.0,DISEASES,false
4729,DOID:5419,,DOAF,false
6462,DOID:14221,,DISEASES|DisGeNET,false
4968,DOID:1324,,DISEASES|DisGeNET,false
2944,DOID:10534,ODbL 1.0,DisGeNET,false
963,DOID:2986,ODbL 1.0,DisGeNET,false
185,DOID:12930,ODbL 1.0,DisGeNET,false
6774,DOID:1936,ODbL 1.0,DisGeNET,false
26471,DOID:4989,ODbL 1.0,DisGeNET,false
5873,DOID:2986,ODbL 1.0,DisGeNET,false
9846,DOID:10652,,DOAF,false
23617,DOID:418,CC BY 4.0,DISEASES,false
4878,DOID:10283,ODbL 1.0,DisGeNET,false
3363,DOID:3393,CC BY 4.0,DISEASES,false
56246,DOID:7148,CC BY 4.0,DISEASES,false
2620,DOID:8850,ODbL 1.0,DisGeNET,false
79084,DOID:2394,ODbL 1.0,DisGeNET,false
3280,DOID:1793,ODbL 1.0,DisGeNET,false
973,DOID:10763,CC BY 4.0,DISEASES,false
7153,DOID:3070,ODbL 1.0,DisGeNET,false
5728,DOID:1324,,DISEASES|DisGeNET,false
29,DOID:1319,ODbL 1.0,DisGeNET,false
1672,DOID:10283,ODbL 1.0,DisGeNET,false
5156,DOID:3070,CC BY 4.0,DISEASES,false
23022,DOID:1793,ODbL 1.0,DisGeNET,false
8635,DOID:12361,,DisGeNET|GWAS Catalog,true
7133,DOID:9008,CC BY 4.0,DISEASES,false
6794,DOID:1793,ODbL 1.0,DisGeNET,false
27232,DOID:3571,ODbL 1.0,DisGeNET,false
6518,DOID:1612,ODbL 1.0,DisGeNET,false
999,DOID:1909,CC BY 4.0,DISEASES|DOAF,false
250,DOID:2531,CC BY 4.0,DISEASES,false
59084,DOID:10283,ODbL 1.0,DisGeNET,false
55916,DOID:2986,ODbL 1.0,DisGeNET,false
2272,DOID:10534,ODbL 1.0,DisGeNET,false
598,DOID:1612,CC BY 4.0,DISEASES,false
8882,DOID:14221,CC BY 4.0,GWAS Catalog,true
64375,DOID:2841,CC BY 4.0,GWAS Catalog,true
2194,DOID:1612,ODbL 1.0,DisGeNET,false
57105,DOID:2841,CC BY 4.0,DISEASES,false
2572,DOID:5419,CC BY 4.0,DISEASES|DOAF,false
8660,DOID:9352,,DISEASES|DisGeNET,false
2645,DOID:9352,,DISEASES|DisGeNET|GWAS Catalog,true
54822,DOID:14330,CC BY 4.0,DISEASES,false
4745,DOID:5041,ODbL 1.0,DisGeNET,false
64127,DOID:8778,CC BY 4.0,DISEASES|DOAF|GWAS Catalog,true
251,DOID:1612,CC BY 4.0,DISEASES,false
7321,DOID:7148,CC BY 4.0,DISEASES,false
7490,DOID:1790,CC BY 4.0,DISEASES,false
8890,DOID:1324,ODbL 1.0,DisGeNET,false
11221,DOID:4989,ODbL 1.0,DisGeNET,false
1244,DOID:784,ODbL 1.0,DisGeNET,false
7057,DOID:10283,ODbL 1.0,DisGeNET,false
10945,DOID:10283,ODbL 1.0,DisGeNET,false
28998,DOID:10534,ODbL 1.0,DisGeNET,false
64221,DOID:12849,ODbL 1.0,DisGeNET,false
7124,DOID:3083,,DISEASES|DOAF|DisGeNET,false
55862,DOID:1909,ODbL 1.0,DisGeNET,false
3232,DOID:10283,ODbL 1.0,DisGeNET,false
115752,DOID:1319,CC BY 4.0,DISEASES,false
65986,DOID:4481,CC BY 4.0,GWAS Catalog,true
5880,DOID:2531,ODbL 1.0,DisGeNET,false
7534,DOID:11949,CC BY 4.0,DISEASES,false
57502,DOID:12849,,DISEASES|DOAF|DisGeNET,false
253943,DOID:2986,ODbL 1.0,DisGeNET,false
5925,DOID:5041,ODbL 1.0,DisGeNET,false
5744,DOID:10283,ODbL 1.0,DisGeNET,false
9846,DOID:1909,ODbL 1.0,DisGeNET,false
2169,DOID:9970,,DOAF,false
3162,DOID:10534,ODbL 1.0,DisGeNET,false
2969,DOID:2531,ODbL 1.0,DisGeNET,false
3952,DOID:8893,,DOAF,false
197,DOID:1936,CC BY 4.0,DISEASES,false
55829,DOID:10283,ODbL 1.0,DisGeNET,false
2203,DOID:10534,ODbL 1.0,DisGeNET,false
7157,DOID:219,,DISEASES|DisGeNET,false
7139,DOID:3083,ODbL 1.0,DisGeNET,false
10476,DOID:1324,ODbL 1.0,DisGeNET,false
7422,DOID:332,,DOAF,false
11009,DOID:1612,ODbL 1.0,DisGeNET,false
1027,DOID:2174,CC BY 4.0,DISEASES,false
5798,DOID:1793,CC BY 4.0,DISEASES,false
1499,DOID:1909,,DOAF,false
5141,DOID:10763,CC BY 4.0,DISEASES,false
5970,DOID:9352,ODbL 1.0,DisGeNET,false
7124,DOID:2355,,DISEASES|DOAF|DisGeNET,false
4803,DOID:1826,ODbL 1.0,DisGeNET,false
6504,DOID:9074,CC BY 4.0,DISEASES,false
5770,DOID:5559,ODbL 1.0,DisGeNET,false
968,DOID:7148,CC BY 4.0,DISEASES,false
9013,DOID:12849,ODbL 1.0,DisGeNET,false
4142,DOID:12930,ODbL 1.0,DisGeNET,false
1075,DOID:10534,ODbL 1.0,DisGeNET,false
3952,DOID:8398,,DOAF,false
652,DOID:1612,ODbL 1.0,DisGeNET,false
3181,DOID:1324,CC BY 4.0,DISEASES,false
3351,DOID:0050741,CC BY 4.0,DISEASES,false
348,DOID:1936,,DISEASES|DOAF|DisGeNET,false
25953,DOID:1826,CC BY 4.0,DISEASES,false
668,DOID:2394,CC BY 4.0,DISEASES,false
150,DOID:10763,ODbL 1.0,DisGeNET,false
4325,DOID:5419,CC BY 4.0,GWAS Catalog,true
5456,DOID:2994,CC BY 4.0,DISEASES,false
89866,DOID:9970,CC BY 4.0,DISEASES,false
4043,DOID:10976,ODbL 1.0,DisGeNET,false
8542,DOID:784,CC BY 4.0,DISEASES,false
9253,DOID:1192,CC BY 4.0,DISEASES,false
581,DOID:219,ODbL 1.0,DisGeNET,false
1508,DOID:263,ODbL 1.0,DisGeNET,false
157680,DOID:9835,CC BY 4.0,DISEASES,false
4313,DOID:7693,,DISEASES|DisGeNET,false
3552,DOID:8398,CC BY 4.0,DISEASES,false
2736,DOID:4159,,DISEASES|DisGeNET,false
3565,DOID:2531,,DISEASES|DisGeNET,false
85019,DOID:2531,CC BY 4.0,DISEASES,false
3586,DOID:8778,CC BY 4.0,DISEASES|DOAF|GWAS Catalog,true
79813,DOID:1319,ODbL 1.0,DisGeNET,false
54538,DOID:12849,ODbL 1.0,DisGeNET,false
2811,DOID:10763,ODbL 1.0,DisGeNET,false
384,DOID:10763,ODbL 1.0,DisGeNET,false
6752,DOID:1793,ODbL 1.0,DisGeNET,false
3569,DOID:9352,,DISEASES|DisGeNET,false
5771,DOID:10608,CC BY 4.0,GWAS Catalog,true
5429,DOID:4159,CC BY 4.0,DISEASES,false
1058,DOID:2986,ODbL 1.0,DisGeNET,false
4353,DOID:4989,,DISEASES|DisGeNET,false
3958,DOID:10534,ODbL 1.0,DisGeNET,false
80233,DOID:2355,CC BY 4.0,DISEASES,false
183,DOID:10763,,DISEASES|DOAF|DisGeNET,false
1116,DOID:5419,,DOAF,false
6714,DOID:9352,ODbL 1.0,DisGeNET,false
949,DOID:263,,DisGeNET|GWAS Catalog,true
673,DOID:2531,CC BY 4.0,DISEASES,false
213,DOID:4989,,DISEASES|DisGeNET,false
929,DOID:4989,,DOAF,false
6347,DOID:784,ODbL 1.0,DisGeNET,false
1436,DOID:1612,ODbL 1.0,DisGeNET,false
3725,DOID:2531,CC BY 4.0,DISEASES,false
6916,DOID:10763,ODbL 1.0,DisGeNET,false
8038,DOID:2986,ODbL 1.0,DisGeNET,false
9518,DOID:418,CC BY 4.0,DISEASES,false
6616,DOID:3312,ODbL 1.0,DisGeNET,false
6696,DOID:1612,ODbL 1.0,DisGeNET,false
708,DOID:7148,CC BY 4.0,GWAS Catalog,true
9627,DOID:14330,CC BY 4.0,DISEASES|DOAF,false
3990,DOID:14221,CC BY 4.0,GWAS Catalog,true
7380,DOID:11054,CC BY 4.0,DISEASES,false
7422,DOID:10871,,DISEASES|DOAF|DisGeNET|GWAS Catalog,true
3816,DOID:10763,ODbL 1.0,DOAF|DisGeNET,false
6774,DOID:3571,,DISEASES|DisGeNET,false
5342,DOID:1936,CC BY 4.0,DISEASES,false
7840,DOID:12930,,DISEASES|DisGeNET,false
64321,DOID:2994,CC BY 4.0,DISEASES,false
7498,DOID:4989,ODbL 1.0,DisGeNET,false
1499,DOID:4362,ODbL 1.0,DisGeNET,false
3949,DOID:7693,CC BY 4.0,GWAS Catalog,true
4853,DOID:1319,ODbL 1.0,DisGeNET,false
63027,DOID:8778,CC BY 4.0,GWAS Catalog,true
79602,DOID:9970,,DISEASES|DisGeNET,false
1027,DOID:2394,ODbL 1.0,DisGeNET,false
2625,DOID:1595,CC BY 4.0,DISEASES,false
2532,DOID:12365,,DISEASES|DOAF|DisGeNET,false
57096,DOID:1686,CC BY 4.0,DISEASES,false
4878,DOID:1324,ODbL 1.0,DisGeNET,false
3627,DOID:10763,ODbL 1.0,DisGeNET,false
5743,DOID:263,ODbL 1.0,DisGeNET,false
5727,DOID:9296,ODbL 1.0,DisGeNET,false
5495,DOID:3393,ODbL 1.0,DisGeNET,false
7157,DOID:0060119,CC BY 4.0,DISEASES,false
25992,DOID:3277,CC BY 4.0,DISEASES,false
4133,DOID:1826,ODbL 1.0,DisGeNET,false
1401,DOID:10763,,DISEASES|DOAF|DisGeNET,false
3373,DOID:10763,ODbL 1.0,DisGeNET,false
4086,DOID:10763,ODbL 1.0,DisGeNET,false
7337,DOID:12849,,DISEASES|DisGeNET,false
5617,DOID:11612,CC BY 4.0,DISEASES,false
4846,DOID:784,ODbL 1.0,DisGeNET,false
3482,DOID:10652,ODbL 1.0,DisGeNET,false
117178,DOID:2986,ODbL 1.0,DisGeNET,false
942,DOID:2377,CC BY 4.0,DISEASES|GWAS Catalog,true
9045,DOID:263,ODbL 1.0,DisGeNET,false
5996,DOID:2377,CC BY 4.0,GWAS Catalog,true
2752,DOID:9970,ODbL 1.0,DisGeNET,false
4015,DOID:184,ODbL 1.0,DisGeNET,false
5122,DOID:1793,ODbL 1.0,DisGeNET,false
4842,DOID:9744,ODbL 1.0,DisGeNET,false
3265,DOID:12849,ODbL 1.0,DisGeNET,false
3886,DOID:4159,CC BY 4.0,DISEASES,false
925,DOID:7148,CC BY 4.0,DISEASES,false
23435,DOID:332,,DISEASES|DOAF|DisGeNET,false
335,DOID:5419,,DOAF,false
132,DOID:1826,,DISEASES|DisGeNET,false
5800,DOID:1909,ODbL 1.0,DisGeNET,false
153,DOID:12930,,DISEASES|DOAF|DisGeNET,false
438,DOID:12849,ODbL 1.0,DisGeNET,false
6546,DOID:3393,ODbL 1.0,DisGeNET,false
3953,DOID:10763,ODbL 1.0,DisGeNET,false
1392,DOID:1595,CC BY 4.0,DISEASES,false
2289,DOID:7148,ODbL 1.0,DisGeNET,false
4600,DOID:1909,,DisGeNET|GWAS Catalog,true
896,DOID:2174,CC BY 4.0,DISEASES,false
340273,DOID:1909,ODbL 1.0,DOAF|DisGeNET,false
7150,DOID:219,CC BY 4.0,DISEASES,false
1182,DOID:10534,ODbL 1.0,DisGeNET,false
3265,DOID:1993,CC BY 4.0,DISEASES,false
797,DOID:1781,CC BY 4.0,DISEASES,false
3992,DOID:8778,CC BY 4.0,GWAS Catalog,true
4211,DOID:1612,ODbL 1.0,DisGeNET,false
2678,DOID:824,ODbL 1.0,DisGeNET,false
64324,DOID:2531,ODbL 1.0,DisGeNET,false
125,DOID:9970,ODbL 1.0,DisGeNET,false
9992,DOID:3393,CC BY 4.0,GWAS Catalog,true
54206,DOID:363,ODbL 1.0,DisGeNET,false
3356,DOID:12995,CC BY 4.0,DISEASES,false
9754,DOID:1612,ODbL 1.0,DisGeNET,false
5579,DOID:10763,ODbL 1.0,DisGeNET,false
8741,DOID:418,,DOAF,false
8600,DOID:11476,,DISEASES|DOAF|DisGeNET,false
6863,DOID:3312,ODbL 1.0,DisGeNET,false
3091,DOID:263,CC BY 4.0,DISEASES,false
3725,DOID:184,ODbL 1.0,DisGeNET,false
4846,DOID:10941,ODbL 1.0,DisGeNET,false
201475,DOID:3393,ODbL 1.0,DisGeNET,false
5579,DOID:12849,ODbL 1.0,DOAF|DisGeNET,false
973,DOID:824,CC BY 4.0,DISEASES,false
51094,DOID:784,ODbL 1.0,DisGeNET,false
56241,DOID:332,CC BY 4.0,GWAS Catalog,true
5594,DOID:263,ODbL 1.0,DisGeNET,false
5810,DOID:2531,CC BY 4.0,DISEASES,false
6440,DOID:11612,ODbL 1.0,DisGeNET,false
3110,DOID:2994,CC BY 4.0,DISEASES,false
1513,DOID:10941,ODbL 1.0,DisGeNET,false
6347,DOID:2377,CC BY 4.0,DISEASES|DOAF,false
59272,DOID:3393,ODbL 1.0,DisGeNET,false
8542,DOID:1312,CC BY 4.0,DISEASES|GWAS Catalog,true
10232,DOID:1793,,DISEASES|DisGeNET,false
2944,DOID:3571,ODbL 1.0,DisGeNET,false
6696,DOID:1319,ODbL 1.0,DisGeNET,false
947,DOID:2355,CC BY 4.0,DISEASES,false
389692,DOID:9352,ODbL 1.0,DisGeNET,false
595,DOID:1793,CC BY 4.0,DISEASES,false
7827,DOID:10976,ODbL 1.0,DisGeNET,false
6754,DOID:1826,ODbL 1.0,DisGeNET,false
494188,DOID:263,CC BY 4.0,DISEASES,false
8313,DOID:219,ODbL 1.0,DisGeNET,false
2263,DOID:1612,,DISEASES|DisGeNET|GWAS Catalog,true
3855,DOID:1324,CC BY 4.0,DISEASES,false
10369,DOID:1826,CC BY 4.0,DISEASES,false
1019,DOID:184,CC BY 4.0,DISEASES,false
1889,DOID:9352,ODbL 1.0,DisGeNET,false
2296,DOID:1686,CC BY 4.0,DISEASES|DOAF,false
999,DOID:11934,CC BY 4.0,DISEASES,false
8241,DOID:5612,CC BY 4.0,DISEASES,false
249,DOID:2531,CC BY 4.0,DISEASES,false
1995,DOID:11612,ODbL 1.0,DisGeNET,false
286077,DOID:1319,CC BY 4.0,DISEASES,false
841,DOID:1826,ODbL 1.0,DisGeNET,false
2876,DOID:9352,ODbL 1.0,DisGeNET,false
7157,DOID:1115,,DISEASES|DOAF|DisGeNET,false
10857,DOID:10283,ODbL 1.0,DisGeNET,false
6507,DOID:12849,ODbL 1.0,DisGeNET,false
23054,DOID:9352,ODbL 1.0,DisGeNET,false
7517,DOID:4159,ODbL 1.0,DisGeNET,false
1380,DOID:1115,CC BY 4.0,DISEASES,false
6775,DOID:13241,,DisGeNET|GWAS Catalog,true
471,DOID:11476,ODbL 1.0,DisGeNET,false
84133,DOID:1793,ODbL 1.0,DisGeNET,false
2952,DOID:1686,,DOAF,false
1869,DOID:9744,ODbL 1.0,DisGeNET,false
3490,DOID:1612,ODbL 1.0,DisGeNET,false
9180,DOID:1781,CC BY 4.0,DISEASES,false
5217,DOID:4481,CC BY 4.0,DISEASES,false
595,DOID:219,CC BY 4.0,DISEASES,false
6387,DOID:7148,,DOAF,false
2113,DOID:9074,,DOAF|DisGeNET|GWAS Catalog,true
64769,DOID:363,CC BY 4.0,DISEASES,false
2064,DOID:363,CC BY 4.0,DISEASES,false
2262,DOID:2377,,DOAF,false
149233,DOID:8577,,DISEASES|DOAF|DisGeNET|GWAS Catalog,true
2247,DOID:10763,ODbL 1.0,DisGeNET,false
2912,DOID:1826,,DISEASES|DisGeNET,false
7048,DOID:14004,,DISEASES|DisGeNET,false
28954,DOID:10534,CC BY 4.0,DISEASES,false
7292,DOID:418,CC BY 4.0,DISEASES,false
5458,DOID:1686,CC BY 4.0,DISEASES,false
898,DOID:1319,ODbL 1.0,DisGeNET,false
1906,DOID:9352,ODbL 1.0,DisGeNET,false
10484,DOID:2986,ODbL 1.0,DisGeNET,false
1232,DOID:10608,CC BY 4.0,GWAS Catalog,true
348,DOID:10652,,DISEASES|DOAF|DisGeNET|GWAS Catalog,true
8295,DOID:1909,ODbL 1.0,DisGeNET,false
133482,DOID:8778,CC BY 4.0,GWAS Catalog,true
10427,DOID:2355,CC BY 4.0,DISEASES,false
121260,DOID:9074,,DisGeNET|GWAS Catalog,true
3557,DOID:10763,ODbL 1.0,DOAF|DisGeNET,false
2019,DOID:8850,ODbL 1.0,DisGeNET,false
3115,DOID:4362,ODbL 1.0,DisGeNET,false
246,DOID:5041,ODbL 1.0,DisGeNET,false
5621,DOID:1826,ODbL 1.0,DOAF|DisGeNET,false
3558,DOID:11934,CC BY 4.0,DISEASES,false
27344,DOID:9970,ODbL 1.0,DisGeNET,false
11236,DOID:263,,DISEASES|DisGeNET,false
2146,DOID:1793,ODbL 1.0,DisGeNET,false
836,DOID:1324,CC BY 4.0,DISEASES,false
3903,DOID:2986,ODbL 1.0,DisGeNET,false
54899,DOID:9074,,DisGeNET|GWAS Catalog,true
2042,DOID:9296,CC BY 4.0,GWAS Catalog,true
7424,DOID:1115,ODbL 1.0,DisGeNET,false
847,DOID:10763,,DISEASES|DisGeNET,false
4638,DOID:3070,ODbL 1.0,DisGeNET,false
3014,DOID:3571,ODbL 1.0,DisGeNET,false
7099,DOID:9074,CC BY 4.0,DISEASES,false
3565,DOID:12849,ODbL 1.0,DisGeNET,false
2314,DOID:184,CC BY 4.0,DISEASES,false
4128,DOID:12849,ODbL 1.0,DisGeNET,false
10,DOID:11054,,DISEASES|DisGeNET|GWAS Catalog,true
1029,DOID:3277,ODbL 1.0,DisGeNET,false
7249,DOID:12849,,DISEASES|DisGeNET,false
23339,DOID:1612,ODbL 1.0,DisGeNET,false
2495,DOID:3070,ODbL 1.0,DisGeNET,false
4846,DOID:9970,,DISEASES|DisGeNET,false
6947,DOID:2355,ODbL 1.0,DisGeNET,false
4893,DOID:1115,CC BY 4.0,DISEASES,false
9248,DOID:3312,CC BY 4.0,DISEASES,false
3320,DOID:1612,,DISEASES|DisGeNET,false
2740,DOID:9970,,DISEASES|DisGeNET,false
27185,DOID:5419,,DOAF,false
4883,DOID:10283,ODbL 1.0,DisGeNET,false
9837,DOID:2986,ODbL 1.0,DisGeNET,false
8220,DOID:2394,CC BY 4.0,DISEASES,false
10772,DOID:363,ODbL 1.0,DisGeNET,false
3553,DOID:2841,,DISEASES|DisGeNET,false
10498,DOID:8893,ODbL 1.0,DisGeNET,false
973,DOID:10976,CC BY 4.0,DISEASES,false
1636,DOID:10283,ODbL 1.0,DisGeNET,false
81501,DOID:5408,,DisGeNET|GWAS Catalog,true
2938,DOID:3393,ODbL 1.0,DisGeNET,false
5444,DOID:10652,,DOAF,false
2260,DOID:1612,ODbL 1.0,DisGeNET,false
5925,DOID:3953,ODbL 1.0,DisGeNET,false
4487,DOID:10534,ODbL 1.0,DisGeNET,false
2213,DOID:12365,ODbL 1.0,DisGeNET,false
5618,DOID:12849,ODbL 1.0,DisGeNET,false
3065,DOID:2174,CC BY 4.0,DISEASES,false
201163,DOID:3571,ODbL 1.0,DisGeNET,false
3558,DOID:11054,ODbL 1.0,DisGeNET,false
23064,DOID:332,CC BY 4.0,DISEASES|DOAF,false
2897,DOID:5419,CC BY 4.0,DISEASES,false
3043,DOID:12365,,DOAF|DisGeNET|GWAS Catalog,true
7515,DOID:10283,ODbL 1.0,DisGeNET,false
6664,DOID:2531,CC BY 4.0,DISEASES,false
3958,DOID:10763,ODbL 1.0,DisGeNET,false
60495,DOID:13223,CC BY 4.0,DISEASES,false
3385,DOID:12236,ODbL 1.0,DisGeNET,false
8725,DOID:2394,ODbL 1.0,DisGeNET,false
4318,DOID:10941,ODbL 1.0,DisGeNET,false
5290,DOID:1909,CC BY 4.0,DISEASES,false
51338,DOID:10652,ODbL 1.0,DisGeNET,false
10228,DOID:2986,ODbL 1.0,DisGeNET,false
1029,DOID:1324,ODbL 1.0,DisGeNET,false
8624,DOID:8577,ODbL 1.0,DisGeNET,false
8648,DOID:9970,ODbL 1.0,DisGeNET,false
155,DOID:9970,,DISEASES|DOAF|DisGeNET,false
10113,DOID:2531,CC BY 4.0,DISEASES,false
4313,DOID:3571,CC BY 4.0,DISEASES,false
1647,DOID:9074,ODbL 1.0,DisGeNET,false
1586,DOID:13223,,DOAF,false
156,DOID:14330,ODbL 1.0,DisGeNET,false
25803,DOID:219,CC BY 4.0,DISEASES,false
6775,DOID:418,,DISEASES|DOAF|DisGeNET|GWAS Catalog,true
9874,DOID:8850,ODbL 1.0,DisGeNET,false
1839,DOID:1826,ODbL 1.0,DisGeNET,false
203,DOID:2355,CC BY 4.0,DISEASES,false
155061,DOID:2377,CC BY 4.0,GWAS Catalog,true
64399,DOID:3083,CC BY 4.0,DISEASES|DOAF|GWAS Catalog,true
999,DOID:219,CC BY 4.0,DISEASES,false
5860,DOID:10763,ODbL 1.0,DisGeNET,false
1201,DOID:10534,ODbL 1.0,DisGeNET,false
2395,DOID:2355,CC BY 4.0,DISEASES,false
3845,DOID:263,CC BY 4.0,DISEASES,false
59340,DOID:10534,ODbL 1.0,DisGeNET,false
387,DOID:10976,ODbL 1.0,DisGeNET,false
84651,DOID:5041,CC BY 4.0,DISEASES,false
5966,DOID:8893,,DisGeNET|GWAS Catalog,true
7297,DOID:9970,ODbL 1.0,DisGeNET,false
5291,DOID:2531,CC BY 4.0,DISEASES,false
3553,DOID:3312,,DOAF,false
51083,DOID:1826,CC BY 4.0,DISEASES,false
3574,DOID:2377,ODbL 1.0,DisGeNET,false
7132,DOID:12236,,DisGeNET|GWAS Catalog,true
8875,DOID:3310,ODbL 1.0,DisGeNET,false
249,DOID:2994,CC BY 4.0,DISEASES,false
1591,DOID:2377,CC BY 4.0,GWAS Catalog,true
3383,DOID:3393,,DISEASES|DisGeNET,false
4583,DOID:4606,CC BY 4.0,DISEASES,false
3240,DOID:3393,ODbL 1.0,DisGeNET,false
5734,DOID:8577,CC BY 4.0,GWAS Catalog,true
4322,DOID:10283,ODbL 1.0,DisGeNET,false
213,DOID:1612,CC BY 4.0,DISEASES,false
54205,DOID:2531,CC BY 4.0,DISEASES,false
1312,DOID:1094,CC BY 4.0,DISEASES,false
1237,DOID:2841,ODbL 1.0,DisGeNET,false
7534,DOID:10763,ODbL 1.0,DisGeNET,false
4780,DOID:3571,ODbL 1.0,DisGeNET,false
7040,DOID:9352,ODbL 1.0,DisGeNET,false
4843,DOID:14268,ODbL 1.0,DisGeNET,false
999,DOID:11054,,DISEASES|DisGeNET,false
6051,DOID:10763,ODbL 1.0,DisGeNET,false
3600,DOID:8398,CC BY 4.0,DISEASES,false
5054,DOID:13241,ODbL 1.0,DisGeNET,false
673,DOID:263,,DISEASES|DisGeNET,false
1439,DOID:2841,ODbL 1.0,DisGeNET,false
3280,DOID:4362,ODbL 1.0,DisGeNET,false
83857,DOID:5419,CC BY 4.0,GWAS Catalog,true
5443,DOID:12849,ODbL 1.0,DisGeNET,false
55215,DOID:2986,ODbL 1.0,DisGeNET,false
4215,DOID:5041,ODbL 1.0,DisGeNET,false
2022,DOID:10763,,DISEASES|DOAF|DisGeNET,false
100507436,DOID:10608,,DOAF,false
2890,DOID:5419,CC BY 4.0,DISEASES|GWAS Catalog,true
3303,DOID:14330,ODbL 1.0,DisGeNET,false
7391,DOID:1936,,DOAF,false
5376,DOID:1826,ODbL 1.0,DisGeNET,false
627,DOID:10652,,DISEASES|DOAF|DisGeNET,false
8741,DOID:9074,,DOAF,false
6725,DOID:263,CC BY 4.0,DISEASES,false
3479,DOID:10652,ODbL 1.0,DisGeNET,false
3416,DOID:10652,,DISEASES|DisGeNET,false
629,DOID:9074,ODbL 1.0,DisGeNET,false
239,DOID:10763,ODbL 1.0,DisGeNET,false
221357,DOID:10763,ODbL 1.0,DisGeNET,false
1585,DOID:10763,,DISEASES|DOAF|DisGeNET,false
1401,DOID:2355,CC BY 4.0,DISEASES,false
79781,DOID:3393,CC BY 4.0,DISEASES,false
51129,DOID:1612,ODbL 1.0,DisGeNET,false
251,DOID:2994,CC BY 4.0,DISEASES,false
4142,DOID:10763,ODbL 1.0,DisGeNET,false
5443,DOID:1459,CC BY 4.0,DISEASES,false
637,DOID:10534,ODbL 1.0,DisGeNET,false
7040,DOID:3393,ODbL 1.0,DisGeNET,false
10928,DOID:10763,ODbL 1.0,DisGeNET,false
374,DOID:2841,ODbL 1.0,DOAF|DisGeNET,false
11228,DOID:1324,ODbL 1.0,DisGeNET,false
3127,DOID:7148,CC BY 4.0,DISEASES,false
4607,DOID:12930,ODbL 1.0,DisGeNET,false
9611,DOID:1612,ODbL 1.0,DisGeNET,false
1604,DOID:2355,CC BY 4.0,DISEASES|DOAF,false
2878,DOID:10763,CC BY 4.0,DISEASES,false
4128,DOID:14330,,DISEASES|DisGeNET,false
641371,DOID:3571,ODbL 1.0,DisGeNET,false
1812,DOID:784,ODbL 1.0,DisGeNET,false
10959,DOID:3393,ODbL 1.0,DisGeNET,false
6790,DOID:1192,ODbL 1.0,DisGeNET,false
1232,DOID:2841,ODbL 1.0,DisGeNET,false
1268,DOID:0050741,CC BY 4.0,DISEASES,false
5340,DOID:10763,,DISEASES|DisGeNET,false
3635,DOID:10652,CC BY 4.0,GWAS Catalog,true
2066,DOID:1612,CC BY 4.0,DISEASES|GWAS Catalog,true
2230,DOID:4989,ODbL 1.0,DisGeNET,false
5880,DOID:1909,ODbL 1.0,DisGeNET,false
659,DOID:1612,ODbL 1.0,DisGeNET,false
5468,DOID:10652,ODbL 1.0,DOAF|DisGeNET,false
2597,DOID:5041,ODbL 1.0,DisGeNET,false
1401,DOID:3393,,DISEASES|DOAF|DisGeNET,false
8514,DOID:1826,ODbL 1.0,DisGeNET,false
57678,DOID:9970,ODbL 1.0,DisGeNET,false
2152,DOID:3393,,DISEASES|DisGeNET,false
240,DOID:7148,ODbL 1.0,DisGeNET,false
64135,DOID:12306,,DisGeNET|GWAS Catalog,true
2335,DOID:8398,CC BY 4.0,DISEASES,false
340024,DOID:10763,ODbL 1.0,DisGeNET,false
54620,DOID:9008,,DISEASES|DisGeNET,false
55120,DOID:2355,,DISEASES|DisGeNET,false
3683,DOID:8893,CC BY 4.0,DISEASES,false
84439,DOID:3393,CC BY 4.0,GWAS Catalog,true
6387,DOID:10283,ODbL 1.0,DisGeNET,false
7328,DOID:12849,ODbL 1.0,DisGeNET,false
5889,DOID:1612,,DISEASES|DisGeNET,false
5321,DOID:2841,ODbL 1.0,DisGeNET,false
80323,DOID:5419,CC BY 4.0,GWAS Catalog,true
2697,DOID:12849,ODbL 1.0,DisGeNET,false
3977,DOID:11612,ODbL 1.0,DisGeNET,false
4023,DOID:4989,,DISEASES|DOAF|DisGeNET,false
440836,DOID:2377,CC BY 4.0,GWAS Catalog,true
3123,DOID:2841,ODbL 1.0,DOAF|DisGeNET,false
6528,DOID:10283,ODbL 1.0,DisGeNET,false
7038,DOID:2394,CC BY 4.0,DISEASES,false
23406,DOID:1612,ODbL 1.0,DisGeNET,false
29108,DOID:10534,ODbL 1.0,DisGeNET,false
9365,DOID:11476,ODbL 1.0,DisGeNET,false
57099,DOID:1324,ODbL 1.0,DisGeNET,false
3156,DOID:784,ODbL 1.0,DisGeNET,false
6948,DOID:10283,ODbL 1.0,DisGeNET,false
472,DOID:8850,ODbL 1.0,DisGeNET,false
993,DOID:2174,CC BY 4.0,DISEASES,false
664,DOID:10534,ODbL 1.0,DisGeNET,false
11093,DOID:1909,ODbL 1.0,DisGeNET,false
10395,DOID:219,ODbL 1.0,DisGeNET,false
1030,DOID:9352,,DisGeNET|GWAS Catalog,true
23228,DOID:12236,CC BY 4.0,GWAS Catalog,true
2560,DOID:0050741,CC BY 4.0,DISEASES,false
125,DOID:5041,,DISEASES|DisGeNET|GWAS Catalog,true
816,DOID:5419,,DOAF,false
2011,DOID:8850,ODbL 1.0,DisGeNET,false
5071,DOID:90,CC BY 4.0,GWAS Catalog,true
5291,DOID:1909,CC BY 4.0,DISEASES,false
9473,DOID:1612,ODbL 1.0,DisGeNET,false
83844,DOID:14227,CC BY 4.0,DISEASES,false
222537,DOID:1909,ODbL 1.0,DisGeNET,false
5793,DOID:11555,CC BY 4.0,DISEASES,false
1003,DOID:12236,ODbL 1.0,DisGeNET,false
5728,DOID:3565,ODbL 1.0,DisGeNET,false
6540,DOID:784,CC BY 4.0,GWAS Catalog,true
25874,DOID:5419,CC BY 4.0,GWAS Catalog,true
3039,DOID:9352,,DISEASES|DisGeNET,false
84152,DOID:5419,CC BY 4.0,DISEASES|DOAF,false
6157,DOID:2355,ODbL 1.0,DisGeNET,false
117289,DOID:7148,,DISEASES|DisGeNET|GWAS Catalog,true
2950,DOID:3083,,DOAF,false
9734,DOID:3393,CC BY 4.0,GWAS Catalog,true
5594,DOID:2377,CC BY 4.0,GWAS Catalog,true
3481,DOID:3953,ODbL 1.0,DisGeNET,false
5468,DOID:1936,,DISEASES|DOAF|DisGeNET,false
6760,DOID:1115,,DOAF,false
140,DOID:2986,ODbL 1.0,DisGeNET,false
3759,DOID:9835,CC BY 4.0,GWAS Catalog,true
6648,DOID:9970,ODbL 1.0,DisGeNET,false
2678,DOID:14221,CC BY 4.0,DISEASES,false
1432,DOID:3393,ODbL 1.0,DisGeNET,false
3553,DOID:10534,ODbL 1.0,DisGeNET,false
5321,DOID:1612,ODbL 1.0,DisGeNET,false
5580,DOID:3393,ODbL 1.0,DisGeNET,false
25790,DOID:0060119,CC BY 4.0,DISEASES,false
3490,DOID:10534,ODbL 1.0,DisGeNET,false
164395,DOID:11612,ODbL 1.0,DisGeNET,false
10661,DOID:2355,,DISEASES|DisGeNET,false
8028,DOID:2394,CC BY 4.0,GWAS Catalog,true
56897,DOID:3393,CC BY 4.0,DISEASES,false
5290,DOID:10534,ODbL 1.0,DisGeNET,false
5789,DOID:0050425,,DISEASES|DisGeNET|GWAS Catalog,true
5720,DOID:5041,ODbL 1.0,DisGeNET,false
356,DOID:10283,ODbL 1.0,DisGeNET,false
501,DOID:10534,ODbL 1.0,DisGeNET,false
30845,DOID:2531,ODbL 1.0,DisGeNET,false
540,DOID:2394,ODbL 1.0,DisGeNET,false
4018,DOID:14221,CC BY 4.0,DISEASES,false
2067,DOID:2994,ODbL 1.0,DisGeNET,false
1950,DOID:3070,,DISEASES|DisGeNET,false
9021,DOID:9970,,DISEASES|DOAF|DisGeNET,false
142685,DOID:263,ODbL 1.0,DisGeNET,false
54790,DOID:2531,CC BY 4.0,DISEASES,false
22948,DOID:1612,ODbL 1.0,DisGeNET,false
5524,DOID:10534,ODbL 1.0,DisGeNET,false
1410,DOID:10652,,DOAF,false
290,DOID:2531,CC BY 4.0,DISEASES,false
2266,DOID:4989,ODbL 1.0,DisGeNET,false
338,DOID:3393,,DISEASES|DOAF|DisGeNET,false
56169,DOID:9296,CC BY 4.0,GWAS Catalog,true
79571,DOID:9352,CC BY 4.0,GWAS Catalog,true
6833,DOID:9352,,DISEASES|DisGeNET,false
5172,DOID:2841,,DOAF,false
3756,DOID:1612,ODbL 1.0,DisGeNET,false
23038,DOID:1936,CC BY 4.0,DISEASES,false
1137,DOID:14330,CC BY 4.0,DISEASES,false
51083,DOID:9970,,DOAF,false
2952,DOID:3070,ODbL 1.0,DisGeNET,false
2555,DOID:12995,CC BY 4.0,DISEASES,false
2264,DOID:8850,ODbL 1.0,DisGeNET,false
1544,DOID:3083,ODbL 1.0,DisGeNET,false
6880,DOID:2986,ODbL 1.0,DisGeNET,false
81603,DOID:10283,CC BY 4.0,GWAS Catalog,true
834,DOID:3310,ODbL 1.0,DisGeNET,false
55558,DOID:363,ODbL 1.0,DisGeNET,false
3488,DOID:1612,ODbL 1.0,DisGeNET,false
760,DOID:11476,ODbL 1.0,DisGeNET,false
4853,DOID:9352,,DisGeNET|GWAS Catalog,true
2776,DOID:1909,ODbL 1.0,DisGeNET,false
2572,DOID:9352,CC BY 4.0,DISEASES,false
5604,DOID:1324,ODbL 1.0,DisGeNET,false
5860,DOID:1826,ODbL 1.0,DisGeNET,false
29851,DOID:10608,CC BY 4.0,GWAS Catalog,true
4609,DOID:3571,,DISEASES|DisGeNET,false
653361,DOID:10763,,DISEASES|DisGeNET,false
7076,DOID:10941,ODbL 1.0,DisGeNET,false
90865,DOID:3310,ODbL 1.0,DisGeNET,false
916,DOID:7148,ODbL 1.0,DisGeNET,false
23424,DOID:1686,ODbL 1.0,DisGeNET,false
3439,DOID:635,,DISEASES|DisGeNET,false
4893,DOID:1192,ODbL 1.0,DisGeNET,false
164656,DOID:2355,,DISEASES|DOAF|DisGeNET,false
3290,DOID:10763,,DISEASES|DisGeNET,false
10666,DOID:9744,CC BY 4.0,GWAS Catalog,true
723961,DOID:14221,ODbL 1.0,DisGeNET,false
8893,DOID:1826,CC BY 4.0,DISEASES,false
2638,DOID:12361,ODbL 1.0,DisGeNET,false
4353,DOID:824,,DOAF,false
3952,DOID:10652,ODbL 1.0,DisGeNET,false
1436,DOID:2986,ODbL 1.0,DisGeNET,false
7030,DOID:263,,DISEASES|DisGeNET,false
23294,DOID:3393,CC BY 4.0,GWAS Catalog,true
3060,DOID:8986,,DISEASES|DOAF|DisGeNET,false
6285,DOID:3312,ODbL 1.0,DisGeNET,false
4908,DOID:12849,ODbL 1.0,DisGeNET,false
4357,DOID:9352,ODbL 1.0,DisGeNET,false
5159,DOID:1115,,DOAF,false
26191,DOID:9744,,DISEASES|DisGeNET|GWAS Catalog,true
22806,DOID:12236,CC BY 4.0,GWAS Catalog,true
6775,DOID:2377,ODbL 1.0,DisGeNET,false
1490,DOID:10763,ODbL 1.0,DisGeNET,false
6502,DOID:1319,ODbL 1.0,DisGeNET,false
4744,DOID:332,CC BY 4.0,DISEASES,false
4772,DOID:11476,CC BY 4.0,DISEASES,false
959,DOID:1024,CC BY 4.0,DISEASES,false
925,DOID:219,CC BY 4.0,DISEASES,false
5771,DOID:8577,ODbL 1.0,DisGeNET,false
5019,DOID:11476,ODbL 1.0,DisGeNET,false
5327,DOID:9352,ODbL 1.0,DisGeNET,false
11176,DOID:10283,ODbL 1.0,DisGeNET,false
2917,DOID:1094,CC BY 4.0,DISEASES,false
10630,DOID:2596,CC BY 4.0,DISEASES,false
3480,DOID:9352,ODbL 1.0,DisGeNET,false
7080,DOID:1459,CC BY 4.0,DISEASES,false
1311,DOID:7148,CC BY 4.0,DISEASES,false
9255,DOID:3393,ODbL 1.0,DisGeNET,false
221937,DOID:1781,CC BY 4.0,DISEASES,false
7490,DOID:4045,CC BY 4.0,DISEASES,false
64135,DOID:1909,CC BY 4.0,DISEASES|DOAF,false
2355,DOID:0050156,ODbL 1.0,DisGeNET,false
6194,DOID:1612,ODbL 1.0,DisGeNET,false
7161,DOID:4045,ODbL 1.0,DisGeNET,false
26291,DOID:9970,,DISEASES|DOAF|DisGeNET,false
1493,DOID:12306,,DOAF,false
1030,DOID:263,ODbL 1.0,DisGeNET,false
1107,DOID:1793,ODbL 1.0,DisGeNET,false
3329,DOID:7148,CC BY 4.0,DISEASES,false
928,DOID:2531,,DISEASES|DisGeNET,false
8289,DOID:1192,ODbL 1.0,DisGeNET,false
5788,DOID:2377,ODbL 1.0,DOAF|DisGeNET,false
54541,DOID:14330,ODbL 1.0,DisGeNET,false
3308,DOID:2531,CC BY 4.0,DISEASES,false
1978,DOID:263,ODbL 1.0,DisGeNET,false
7298,DOID:2394,ODbL 1.0,DisGeNET,false
2625,DOID:1612,CC BY 4.0,DISEASES,false
3030,DOID:3393,ODbL 1.0,DisGeNET,false
472,DOID:11054,ODbL 1.0,DisGeNET,false
7976,DOID:5419,,DOAF,false
6714,DOID:1793,CC BY 4.0,DISEASES,false
83795,DOID:9352,,DisGeNET|GWAS Catalog,true
4292,DOID:10283,ODbL 1.0,DisGeNET,false
56100,DOID:1612,ODbL 1.0,DisGeNET,false
3945,DOID:1612,ODbL 1.0,DisGeNET,false
7157,DOID:1781,,DISEASES|DisGeNET,false
4092,DOID:418,,DOAF,false
6232,DOID:9835,CC BY 4.0,DISEASES,false
51571,DOID:2986,ODbL 1.0,DisGeNET,false
545,DOID:2531,CC BY 4.0,DISEASES,false
645,DOID:10534,ODbL 1.0,DisGeNET,false
796,DOID:11476,CC BY 4.0,DISEASES,false
3570,DOID:7148,,DISEASES|DOAF|DisGeNET|GWAS Catalog,true
22808,DOID:3393,CC BY 4.0,GWAS Catalog,true
4803,DOID:10652,,DISEASES|DisGeNET,false
2331,DOID:8398,CC BY 4.0,DISEASES,false
5078,DOID:9744,ODbL 1.0,DisGeNET,false
8438,DOID:1612,ODbL 1.0,DisGeNET,false
9801,DOID:1612,ODbL 1.0,DisGeNET,false
3458,DOID:2355,ODbL 1.0,DOAF|DisGeNET,false
8797,DOID:9744,CC BY 4.0,DISEASES,false
213,DOID:1826,ODbL 1.0,DisGeNET,false
3600,DOID:3310,CC BY 4.0,DISEASES,false
1030,DOID:3070,ODbL 1.0,DisGeNET,false
64844,DOID:2986,ODbL 1.0,DisGeNET,false
3417,DOID:4606,ODbL 1.0,DisGeNET,false
5729,DOID:2841,CC BY 4.0,DISEASES|DOAF,false
4066,DOID:2531,,DISEASES|DisGeNET,false
91752,DOID:3312,CC BY 4.0,DISEASES,false
6528,DOID:4606,ODbL 1.0,DisGeNET,false
3576,DOID:2394,ODbL 1.0,DisGeNET,false
23293,DOID:5041,CC BY 4.0,GWAS Catalog,true
5515,DOID:9352,ODbL 1.0,DisGeNET,false
51727,DOID:2986,ODbL 1.0,DisGeNET,false
941,DOID:2531,,DISEASES|DisGeNET,false
213,DOID:2531,CC BY 4.0,DISEASES,false
26330,DOID:10652,ODbL 1.0,DisGeNET,false
3764,DOID:3393,ODbL 1.0,DisGeNET,false
57591,DOID:1612,CC BY 4.0,GWAS Catalog,true
7297,DOID:7148,,DISEASES|DisGeNET,false
775,DOID:12849,ODbL 1.0,DisGeNET,false
8842,DOID:3070,,DISEASES|DisGeNET,false
1232,DOID:3310,ODbL 1.0,DisGeNET,false
1410,DOID:10283,ODbL 1.0,DisGeNET,false
226,DOID:1612,ODbL 1.0,DisGeNET,false
2348,DOID:1826,ODbL 1.0,DisGeNET,false
29947,DOID:2998,CC BY 4.0,DISEASES,false
925,DOID:12306,CC BY 4.0,DISEASES,false
8875,DOID:8893,ODbL 1.0,DisGeNET,false
348,DOID:10976,ODbL 1.0,DisGeNET,false
51458,DOID:2355,CC BY 4.0,DISEASES,false
2776,DOID:2174,,DISEASES|DisGeNET,false
4313,DOID:3070,,DISEASES|DisGeNET,false
5277,DOID:2986,CC BY 4.0,DISEASES,false
939,DOID:2531,CC BY 4.0,DISEASES,false
5743,DOID:1793,ODbL 1.0,DisGeNET,false
1143,DOID:1324,CC BY 4.0,DISEASES,false
23274,DOID:4481,CC BY 4.0,GWAS Catalog,true
3178,DOID:2377,ODbL 1.0,DisGeNET,false
25896,DOID:3312,CC BY 4.0,GWAS Catalog,true
4803,DOID:14330,ODbL 1.0,DisGeNET,false
3600,DOID:8893,CC BY 4.0,DISEASES|DOAF,false
3426,DOID:10871,,DISEASES|DisGeNET|GWAS Catalog,true
6948,DOID:9296,ODbL 1.0,DisGeNET,false
221692,DOID:6364,,DisGeNET|GWAS Catalog,true
4843,DOID:10763,ODbL 1.0,DOAF|DisGeNET,false
3958,DOID:1909,ODbL 1.0,DOAF|DisGeNET,false
7046,DOID:10871,CC BY 4.0,GWAS Catalog,true
6319,DOID:9970,CC BY 4.0,DISEASES|DOAF,false
10948,DOID:10283,ODbL 1.0,DisGeNET,false
7040,DOID:824,,DOAF,false
6925,DOID:1826,CC BY 4.0,DISEASES,false
2876,DOID:12849,ODbL 1.0,DisGeNET,false
57158,DOID:824,CC BY 4.0,DISEASES,false
6720,DOID:784,ODbL 1.0,DisGeNET,false
1409,DOID:10871,CC BY 4.0,DISEASES,false
471,DOID:1826,CC BY 4.0,DISEASES,false
54499,DOID:1686,,DisGeNET|GWAS Catalog,true
929,DOID:824,ODbL 1.0,DOAF|DisGeNET,false
2475,DOID:263,,DISEASES|DisGeNET,false
7099,DOID:1936,,DISEASES|DOAF|DisGeNET,false
1773,DOID:9074,,DISEASES|DOAF|DisGeNET,false
81831,DOID:8850,ODbL 1.0,DisGeNET,false
4654,DOID:9970,ODbL 1.0,DisGeNET,false
2100,DOID:10763,ODbL 1.0,DisGeNET,false
27127,DOID:11054,ODbL 1.0,DisGeNET,false
57683,DOID:1324,ODbL 1.0,DisGeNET,false
6444,DOID:12930,CC BY 4.0,DISEASES,false
2029,DOID:3393,ODbL 1.0,DisGeNET,false
2952,DOID:11054,,DISEASES|DisGeNET,false
3383,DOID:9970,ODbL 1.0,DisGeNET,false
6622,DOID:2531,CC BY 4.0,DISEASES,false
22943,DOID:1612,ODbL 1.0,DisGeNET,false
55193,DOID:3277,ODbL 1.0,DisGeNET,false
10148,DOID:10534,ODbL 1.0,DisGeNET,false
9536,DOID:9206,ODbL 1.0,DisGeNET,false
10381,DOID:2394,ODbL 1.0,DisGeNET,false
4585,DOID:4606,ODbL 1.0,DisGeNET,false
2117,DOID:3393,CC BY 4.0,DISEASES,false
1576,DOID:9352,ODbL 1.0,DisGeNET,false
472,DOID:10283,ODbL 1.0,DisGeNET,false
4085,DOID:11612,ODbL 1.0,DisGeNET,false
51074,DOID:3083,CC BY 4.0,GWAS Catalog,true
4851,DOID:1612,,DISEASES|DisGeNET,false
10473,DOID:2986,ODbL 1.0,DisGeNET,false
3674,DOID:3393,CC BY 4.0,DISEASES,false
8854,DOID:8398,CC BY 4.0,GWAS Catalog,true
250,DOID:1612,CC BY 4.0,DISEASES,false
2898,DOID:14330,CC BY 4.0,DISEASES,false
1776,DOID:9074,,DISEASES|DisGeNET,false
27163,DOID:2355,CC BY 4.0,DISEASES,false
1360,DOID:10763,CC BY 4.0,DISEASES,false
55193,DOID:263,ODbL 1.0,DisGeNET,false
335,DOID:1324,ODbL 1.0,DisGeNET,false
2260,DOID:9296,ODbL 1.0,DOAF|DisGeNET,false
355,DOID:1909,,DOAF,false
1029,DOID:9352,ODbL 1.0,DisGeNET,false
3442,DOID:1909,ODbL 1.0,DisGeNET,false
3569,DOID:4159,ODbL 1.0,DisGeNET,false
18,DOID:10763,ODbL 1.0,DisGeNET,false
6950,DOID:10283,ODbL 1.0,DisGeNET,false
11182,DOID:2998,CC BY 4.0,DISEASES,false
9085,DOID:14227,CC BY 4.0,DISEASES,false
29851,DOID:7148,,DOAF,false
4082,DOID:2986,ODbL 1.0,DisGeNET,false
213,DOID:1909,ODbL 1.0,DisGeNET,false
51380,DOID:10283,CC BY 4.0,DISEASES,false
3606,DOID:9074,,DOAF,false
29127,DOID:11612,ODbL 1.0,DisGeNET,false
84962,DOID:5041,ODbL 1.0,DisGeNET,false
4846,DOID:9074,,DOAF,false
836,DOID:9352,ODbL 1.0,DisGeNET,false
5078,DOID:9352,,DisGeNET|GWAS Catalog,true
2520,DOID:1793,CC BY 4.0,DISEASES,false
6347,DOID:9352,ODbL 1.0,DisGeNET,false
4609,DOID:2174,CC BY 4.0,DISEASES,false
7039,DOID:3571,ODbL 1.0,DisGeNET,false
1514,DOID:3565,ODbL 1.0,DisGeNET,false
3482,DOID:332,ODbL 1.0,DisGeNET,false
5894,DOID:263,ODbL 1.0,DisGeNET,false
135,DOID:5419,,DOAF,false
5021,DOID:1324,ODbL 1.0,DisGeNET,false
3600,DOID:824,CC BY 4.0,DISEASES,false
23025,DOID:332,,DisGeNET|GWAS Catalog,true
4808,DOID:9970,ODbL 1.0,DisGeNET,false
2068,DOID:1324,CC BY 4.0,DISEASES,false
63826,DOID:5419,CC BY 4.0,DISEASES|DOAF,false
6514,DOID:9352,,DISEASES|DisGeNET,false
729230,DOID:1936,CC BY 4.0,DISEASES|DOAF,false
54187,DOID:9296,CC BY 4.0,DISEASES,false
338398,DOID:1909,ODbL 1.0,DisGeNET,false
3606,DOID:8778,CC BY 4.0,DISEASES|DOAF,false
57497,DOID:10534,CC BY 4.0,GWAS Catalog,true
5909,DOID:1781,ODbL 1.0,DisGeNET,false
920,DOID:2841,CC BY 4.0,DISEASES,false
9573,DOID:2994,ODbL 1.0,DisGeNET,false
1120,DOID:8986,,DISEASES|DisGeNET,false
7045,DOID:2986,ODbL 1.0,DisGeNET,false
6039,DOID:2986,ODbL 1.0,DisGeNET,false
4233,DOID:1909,,DOAF,false
3725,DOID:263,ODbL 1.0,DisGeNET,false
57610,DOID:10534,ODbL 1.0,DisGeNET,false
55503,DOID:11612,ODbL 1.0,DisGeNET,false
1806,DOID:12849,ODbL 1.0,DisGeNET,false
308,DOID:2986,ODbL 1.0,DisGeNET,false
2673,DOID:9970,ODbL 1.0,DisGeNET,false
3558,DOID:1024,CC BY 4.0,DISEASES,false
2651,DOID:2531,CC BY 4.0,DISEASES,false
1401,DOID:8778,CC BY 4.0,DISEASES,false
4879,DOID:7148,,DOAF,false
3105,DOID:2043,,DOAF,false
4055,DOID:12365,ODbL 1.0,DisGeNET,false
488,DOID:3393,ODbL 1.0,DisGeNET,false
7046,DOID:10763,ODbL 1.0,DisGeNET,false
79924,DOID:3393,ODbL 1.0,DisGeNET,false
51151,DOID:1909,ODbL 1.0,DisGeNET,false
6517,DOID:10763,ODbL 1.0,DisGeNET,false
53942,DOID:2531,CC BY 4.0,DISEASES,false
54535,DOID:8893,CC BY 4.0,DISEASES,false
10274,DOID:1115,CC BY 4.0,DISEASES,false
7412,DOID:10763,,DISEASES|DisGeNET,false
3105,DOID:8893,,DISEASES|DisGeNET,false
55165,DOID:2986,ODbL 1.0,DisGeNET,false
51700,DOID:2355,CC BY 4.0,DISEASES,false
1956,DOID:10534,ODbL 1.0,DisGeNET,false
5906,DOID:11476,CC BY 4.0,GWAS Catalog,true
7291,DOID:1612,CC BY 4.0,DISEASES,false
3676,DOID:1909,,DOAF,false
1656,DOID:7148,ODbL 1.0,DisGeNET,false
2697,DOID:3393,,DISEASES|DisGeNET,false
5224,DOID:10283,ODbL 1.0,DisGeNET,false
3992,DOID:9970,ODbL 1.0,DisGeNET,false
134218,DOID:10283,CC BY 4.0,DISEASES,false
12,DOID:10652,,DOAF,false
4879,DOID:12930,,DISEASES|DisGeNET,false
1128,DOID:1826,ODbL 1.0,DisGeNET,false
4048,DOID:2841,ODbL 1.0,DOAF|DisGeNET,false
3827,DOID:1936,CC BY 4.0,DISEASES,false
8648,DOID:10283,ODbL 1.0,DisGeNET,false
3569,DOID:10652,,DISEASES|DOAF|DisGeNET,false
5646,DOID:11054,ODbL 1.0,DisGeNET,false
5697,DOID:10652,ODbL 1.0,DisGeNET,false
10982,DOID:2531,CC BY 4.0,DISEASES,false
7422,DOID:2841,ODbL 1.0,DOAF|DisGeNET,false
920,DOID:12361,CC BY 4.0,DISEASES,false
1080,DOID:14268,,DOAF,false
4835,DOID:1612,ODbL 1.0,DisGeNET,false
1956,DOID:9352,ODbL 1.0,DisGeNET,false
3726,DOID:9074,ODbL 1.0,DisGeNET,false
1633,DOID:2531,CC BY 4.0,DISEASES,false
4314,DOID:7148,CC BY 4.0,DISEASES|DOAF,false
5629,DOID:9970,ODbL 1.0,DisGeNET,false
552,DOID:10763,ODbL 1.0,DisGeNET,false
1474,DOID:10283,ODbL 1.0,DisGeNET,false
268,DOID:11612,CC BY 4.0,DISEASES|DOAF,false
7365,DOID:1909,ODbL 1.0,DisGeNET,false
5294,DOID:3070,CC BY 4.0,DISEASES,false
4915,DOID:12849,ODbL 1.0,DisGeNET,false
57492,DOID:10763,ODbL 1.0,DisGeNET,false
7421,DOID:10763,ODbL 1.0,DisGeNET,false
10461,DOID:2986,ODbL 1.0,DisGeNET,false
3758,DOID:10763,ODbL 1.0,DisGeNET,false
1029,DOID:363,ODbL 1.0,DisGeNET,false
1843,DOID:10763,ODbL 1.0,DisGeNET,false
1746,DOID:1612,CC BY 4.0,GWAS Catalog,true
653,DOID:8398,,DOAF,false
4990,DOID:1686,CC BY 4.0,DISEASES|GWAS Catalog,true
8566,DOID:1826,ODbL 1.0,DisGeNET,false
653361,DOID:10941,ODbL 1.0,DisGeNET,false
6336,DOID:1612,CC BY 4.0,DISEASES,false
338442,DOID:8893,ODbL 1.0,DisGeNET,false
1813,DOID:1094,CC BY 4.0,DISEASES,false
9965,DOID:2531,CC BY 4.0,DISEASES,false
2805,DOID:2043,CC BY 4.0,DISEASES,false
29015,DOID:2986,ODbL 1.0,DisGeNET,false
7173,DOID:1459,ODbL 1.0,DOAF|DisGeNET,false
56729,DOID:9352,,DISEASES|DisGeNET,false
4922,DOID:1192,CC BY 4.0,DISEASES,false
4267,DOID:1192,CC BY 4.0,DISEASES,false
282617,DOID:11934,ODbL 1.0,DisGeNET,false
5054,DOID:784,ODbL 1.0,DisGeNET,false
1674,DOID:12930,CC BY 4.0,DISEASES|DOAF,false
285,DOID:4045,ODbL 1.0,DisGeNET,false
3630,DOID:594,ODbL 1.0,DisGeNET,false
154,DOID:12930,ODbL 1.0,DisGeNET,false
2678,DOID:3571,CC BY 4.0,DISEASES,false
3552,DOID:418,,DOAF,false
5932,DOID:1793,ODbL 1.0,DisGeNET,false
1545,DOID:2394,ODbL 1.0,DisGeNET,false
7157,DOID:332,ODbL 1.0,DisGeNET,false
2244,DOID:3393,ODbL 1.0,DisGeNET,false
7412,DOID:1936,,DISEASES|DOAF|DisGeNET,false
6531,DOID:1094,CC BY 4.0,DISEASES|DOAF,false
4323,DOID:7148,ODbL 1.0,DisGeNET,false
6532,DOID:12995,CC BY 4.0,DISEASES|DOAF,false
10933,DOID:8850,ODbL 1.0,DisGeNET,false
57412,DOID:1094,CC BY 4.0,GWAS Catalog,true
5367,DOID:9970,ODbL 1.0,DisGeNET,false
1017,DOID:1612,CC BY 4.0,DISEASES,false
274,DOID:10652,,DISEASES|DisGeNET|GWAS Catalog,true
6886,DOID:2531,CC BY 4.0,DISEASES,false
1111,DOID:2986,ODbL 1.0,DisGeNET,false
1808,DOID:5419,ODbL 1.0,DOAF|DisGeNET,false
8302,DOID:13241,,DisGeNET|GWAS Catalog,true
399979,DOID:5419,CC BY 4.0,GWAS Catalog,true
10492,DOID:2986,ODbL 1.0,DisGeNET,false
57561,DOID:1612,,DisGeNET|GWAS Catalog,true
51061,DOID:7148,CC BY 4.0,GWAS Catalog,true
759,DOID:1686,CC BY 4.0,DISEASES,false
3115,DOID:2043,CC BY 4.0,DISEASES,false
6348,DOID:3393,ODbL 1.0,DisGeNET,false
4437,DOID:10283,ODbL 1.0,DisGeNET,false
839,DOID:1826,ODbL 1.0,DisGeNET,false
27101,DOID:3393,ODbL 1.0,DisGeNET,false
3866,DOID:8850,ODbL 1.0,DisGeNET,false
6790,DOID:263,ODbL 1.0,DisGeNET,false
3326,DOID:4989,ODbL 1.0,DisGeNET,false
10735,DOID:2531,ODbL 1.0,DisGeNET,false
22806,DOID:9074,ODbL 1.0,DisGeNET,false
5468,DOID:3393,CC BY 4.0,DISEASES|DOAF,false
4524,DOID:1612,ODbL 1.0,DisGeNET,false
4363,DOID:1612,ODbL 1.0,DisGeNET,false
3557,DOID:824,,DOAF,false
2915,DOID:14330,CC BY 4.0,DISEASES,false
58508,DOID:8850,ODbL 1.0,DisGeNET,false
3005,DOID:2531,ODbL 1.0,DisGeNET,false
3659,DOID:3393,ODbL 1.0,DisGeNET,false
249,DOID:2355,CC BY 4.0,DISEASES,false
332,DOID:263,ODbL 1.0,DisGeNET,false
2746,DOID:1826,ODbL 1.0,DisGeNET,false
3002,DOID:7148,,DOAF,false
7536,DOID:1909,ODbL 1.0,DisGeNET,false
55754,DOID:2986,ODbL 1.0,DisGeNET,false
266,DOID:14227,CC BY 4.0,DISEASES,false
973,DOID:784,CC BY 4.0,DISEASES,false
7436,DOID:12849,ODbL 1.0,DisGeNET,false
1300,DOID:10871,CC BY 4.0,GWAS Catalog,true
7422,DOID:4045,ODbL 1.0,DisGeNET,false
339967,DOID:5041,CC BY 4.0,DISEASES,false
6376,DOID:10283,ODbL 1.0,DisGeNET,false
5592,DOID:9970,ODbL 1.0,DisGeNET,false
7124,DOID:3393,,DISEASES|DOAF|DisGeNET,false
118429,DOID:7147,ODbL 1.0,DisGeNET,false
1191,DOID:10283,ODbL 1.0,DisGeNET,false
5530,DOID:4989,ODbL 1.0,DisGeNET,false
51725,DOID:12849,ODbL 1.0,DisGeNET,false
5536,DOID:10652,CC BY 4.0,DISEASES,false
3106,DOID:12361,CC BY 4.0,DISEASES,false
10397,DOID:1324,ODbL 1.0,DisGeNET,false
7124,DOID:9970,,DISEASES|DOAF|DisGeNET,false
1075,DOID:3393,ODbL 1.0,DisGeNET,false
1756,DOID:12930,,DISEASES|DOAF|DisGeNET,false
64170,DOID:8577,,DisGeNET|GWAS Catalog,true
8651,DOID:8893,CC BY 4.0,GWAS Catalog,true
9436,DOID:10652,CC BY 4.0,GWAS Catalog,true
10411,DOID:3083,ODbL 1.0,DisGeNET,false
2672,DOID:2531,ODbL 1.0,DisGeNET,false
23345,DOID:1595,CC BY 4.0,GWAS Catalog,true
8174,DOID:8778,CC BY 4.0,DISEASES,false
3117,DOID:2531,CC BY 4.0,GWAS Catalog,true
5468,DOID:1909,ODbL 1.0,DOAF|DisGeNET,false
4854,DOID:1793,ODbL 1.0,DisGeNET,false
9985,DOID:10283,ODbL 1.0,DisGeNET,false
9185,DOID:1612,ODbL 1.0,DisGeNET,false
84969,DOID:1909,CC BY 4.0,DISEASES,false
3053,DOID:4362,CC BY 4.0,DISEASES,false
6528,DOID:2394,ODbL 1.0,DisGeNET,false
3133,DOID:8893,ODbL 1.0,DisGeNET,false
3356,DOID:1595,CC BY 4.0,DISEASES,false
361,DOID:10763,ODbL 1.0,DisGeNET,false
55568,DOID:5419,CC BY 4.0,GWAS Catalog,true
3576,DOID:1909,CC BY 4.0,DISEASES|DOAF,false
25797,DOID:1909,ODbL 1.0,DisGeNET,false
145270,DOID:2531,CC BY 4.0,DISEASES,false
2034,DOID:263,,DISEASES|DisGeNET|GWAS Catalog,true
7424,DOID:1612,,DISEASES|DisGeNET,false
4853,DOID:10763,ODbL 1.0,DisGeNET,false
8202,DOID:2531,ODbL 1.0,DisGeNET,false
675,DOID:3070,ODbL 1.0,DisGeNET,false
627,DOID:12849,,DISEASES|DOAF|DisGeNET,false
2834,DOID:1793,CC BY 4.0,GWAS Catalog,true
221037,DOID:12849,ODbL 1.0,DisGeNET,false
2695,DOID:9352,,DISEASES|DisGeNET,false
10468,DOID:1612,ODbL 1.0,DisGeNET,false
27346,DOID:3565,CC BY 4.0,DISEASES,false
921,DOID:2377,CC BY 4.0,GWAS Catalog,true
834,DOID:13189,CC BY 4.0,DISEASES,false
8626,DOID:11054,CC BY 4.0,GWAS Catalog,true
3565,DOID:9074,,DISEASES|DOAF|DisGeNET,false
3110,DOID:2531,CC BY 4.0,DISEASES,false
25913,DOID:1909,ODbL 1.0,DisGeNET,false
348,DOID:10871,,DISEASES|DOAF|DisGeNET,false
5076,DOID:784,ODbL 1.0,DisGeNET,false
1401,DOID:4989,CC BY 4.0,DISEASES,false
27429,DOID:1826,ODbL 1.0,DisGeNET,false
4088,DOID:8398,,DOAF,false
160364,DOID:7148,ODbL 1.0,DisGeNET,false
2898,DOID:10652,CC BY 4.0,DISEASES,false
2260,DOID:10763,ODbL 1.0,DisGeNET,false
5156,DOID:2531,CC BY 4.0,DISEASES,false
8450,DOID:2986,ODbL 1.0,DisGeNET,false
9370,DOID:10763,,DISEASES|DOAF|DisGeNET,false
10814,DOID:5419,CC BY 4.0,DISEASES,false
80323,DOID:3312,CC BY 4.0,GWAS Catalog,true
8842,DOID:1319,CC BY 4.0,DISEASES,false
56938,DOID:2986,ODbL 1.0,DisGeNET,false
6840,DOID:2531,ODbL 1.0,DisGeNET,false
1139,DOID:10652,ODbL 1.0,DOAF|DisGeNET,false
3554,DOID:9744,ODbL 1.0,DisGeNET,false
126306,DOID:11612,ODbL 1.0,DisGeNET,false
9928,DOID:2986,ODbL 1.0,DisGeNET,false
5341,DOID:7148,ODbL 1.0,DisGeNET,false
8266,DOID:9835,CC BY 4.0,DISEASES,false
6926,DOID:3393,ODbL 1.0,DisGeNET,false
5054,DOID:1936,,DISEASES|DisGeNET,false
6385,DOID:1324,ODbL 1.0,DisGeNET,false
2944,DOID:12306,,DOAF,false
51167,DOID:2986,ODbL 1.0,DisGeNET,false
367,DOID:9970,ODbL 1.0,DisGeNET,false
467,DOID:2394,ODbL 1.0,DisGeNET,false
64388,DOID:9835,CC BY 4.0,DISEASES,false
7421,DOID:2377,,DOAF,false
84433,DOID:3310,,DisGeNET|GWAS Catalog,true
2194,DOID:2394,ODbL 1.0,DisGeNET,false
177,DOID:2841,ODbL 1.0,DisGeNET,false
59338,DOID:10871,CC BY 4.0,DISEASES,false
5290,DOID:2531,CC BY 4.0,DISEASES,false
51738,DOID:9352,CC BY 4.0,DISEASES,false
26191,DOID:418,CC BY 4.0,DISEASES,false
56945,DOID:1612,ODbL 1.0,DisGeNET,false
2625,DOID:3312,CC BY 4.0,DISEASES,false
4843,DOID:9008,ODbL 1.0,DisGeNET,false
8835,DOID:8986,ODbL 1.0,DisGeNET,false
7040,DOID:1936,CC BY 4.0,DISEASES|DOAF,false
115004,DOID:12995,CC BY 4.0,DISEASES,false
4352,DOID:1319,ODbL 1.0,DisGeNET,false
3651,DOID:9352,,DISEASES|DisGeNET,false
51514,DOID:8850,ODbL 1.0,DisGeNET,false
51084,DOID:10283,ODbL 1.0,DisGeNET,false
6757,DOID:10283,ODbL 1.0,DisGeNET,false
2932,DOID:3312,,DISEASES|DOAF|DisGeNET,false
1394,DOID:784,CC BY 4.0,DISEASES|DOAF,false
3791,DOID:5041,ODbL 1.0,DisGeNET,false
38,DOID:784,ODbL 1.0,DisGeNET,false
54820,DOID:5419,CC BY 4.0,DISEASES,false
9445,DOID:10652,CC BY 4.0,DISEASES,false
3605,DOID:9008,CC BY 4.0,DISEASES,false
7097,DOID:824,,DOAF,false
5742,DOID:3070,ODbL 1.0,DisGeNET,false
7538,DOID:3393,ODbL 1.0,DisGeNET,false
29124,DOID:10763,CC BY 4.0,DISEASES,false
1581,DOID:1936,CC BY 4.0,DISEASES,false
718,DOID:2986,CC BY 4.0,DISEASES,false
6648,DOID:263,ODbL 1.0,DisGeNET,false
55809,DOID:1612,ODbL 1.0,DisGeNET,false
5334,DOID:8577,CC BY 4.0,GWAS Catalog,true
55103,DOID:10652,CC BY 4.0,DISEASES,false
8409,DOID:10283,ODbL 1.0,DisGeNET,false
6364,DOID:1612,ODbL 1.0,DisGeNET,false
54,DOID:11476,CC BY 4.0,DISEASES,false
1356,DOID:2986,ODbL 1.0,DisGeNET,false
60,DOID:3393,ODbL 1.0,DisGeNET,false
10059,DOID:3393,ODbL 1.0,DisGeNET,false
113452,DOID:9296,CC BY 4.0,DISEASES,false
10563,DOID:2531,CC BY 4.0,DISEASES,false
3791,DOID:3070,CC BY 4.0,DISEASES,false
3486,DOID:11054,ODbL 1.0,DisGeNET,false
718,DOID:10976,ODbL 1.0,DisGeNET,false
7037,DOID:2355,CC BY 4.0,DISEASES|DOAF,false
1026,DOID:5041,ODbL 1.0,DisGeNET,false
7157,DOID:3565,CC BY 4.0,DISEASES,false
7157,DOID:1612,,DISEASES|DOAF|DisGeNET,false
113235,DOID:2355,ODbL 1.0,DisGeNET,false
51341,DOID:10283,ODbL 1.0,DisGeNET,false
551,DOID:1459,CC BY 4.0,DISEASES,false
3586,DOID:9970,ODbL 1.0,DOAF|DisGeNET,false
1636,DOID:9970,,DISEASES|DOAF|DisGeNET,false
23175,DOID:9970,CC BY 4.0,DISEASES|DOAF,false
2155,DOID:9352,ODbL 1.0,DisGeNET,false
5320,DOID:3393,ODbL 1.0,DisGeNET,false
51067,DOID:2355,CC BY 4.0,DISEASES,false
9768,DOID:2986,ODbL 1.0,DisGeNET,false
374,DOID:1324,ODbL 1.0,DisGeNET,false
1029,DOID:1686,ODbL 1.0,DisGeNET,false
4179,DOID:2355,CC BY 4.0,DISEASES,false
3576,DOID:1324,ODbL 1.0,DisGeNET,false
114548,DOID:2986,ODbL 1.0,DisGeNET,false
81562,DOID:3312,CC BY 4.0,GWAS Catalog,true
439,DOID:332,CC BY 4.0,DISEASES,false
51554,DOID:1826,CC BY 4.0,DISEASES,false
2643,DOID:14330,CC BY 4.0,DISEASES,false
360,DOID:11054,ODbL 1.0,DisGeNET,false
7079,DOID:10283,ODbL 1.0,DisGeNET,false
10715,DOID:1826,CC BY 4.0,DISEASES,false
1137,DOID:0050742,CC BY 4.0,DISEASES,false
2662,DOID:1612,ODbL 1.0,DisGeNET,false
4893,DOID:1909,,DISEASES|DOAF|DisGeNET,false
324,DOID:10534,ODbL 1.0,DisGeNET,false
5566,DOID:3953,ODbL 1.0,DisGeNET,false
7112,DOID:12930,,DISEASES|DisGeNET,false
4852,DOID:9970,CC BY 4.0,DISEASES,false
961,DOID:2355,CC BY 4.0,DISEASES,false
220972,DOID:5041,ODbL 1.0,DisGeNET,false
7422,DOID:1115,,DISEASES|DOAF|DisGeNET,false
796,DOID:1612,CC BY 4.0,DISEASES,false
919,DOID:9074,,DOAF,false
8570,DOID:1324,ODbL 1.0,DisGeNET,false
3119,DOID:7148,CC BY 4.0,DISEASES,false
4968,DOID:1826,ODbL 1.0,DisGeNET,false
6469,DOID:1319,CC BY 4.0,DISEASES,false
64478,DOID:1094,CC BY 4.0,GWAS Catalog,true
26291,DOID:14221,CC BY 4.0,DISEASES,false
2589,DOID:2986,ODbL 1.0,DisGeNET,false
64326,DOID:12849,ODbL 1.0,DisGeNET,false
4332,DOID:2986,ODbL 1.0,DisGeNET,false
5743,DOID:8778,,DOAF,false
7462,DOID:2986,ODbL 1.0,DisGeNET,false
1029,DOID:9206,,DOAF,false
1775,DOID:0050425,CC BY 4.0,DISEASES,false
6916,DOID:10976,ODbL 1.0,DisGeNET,false
1996,DOID:1826,ODbL 1.0,DisGeNET,false
6750,DOID:10652,CC BY 4.0,DISEASES,false
3439,DOID:1793,ODbL 1.0,DisGeNET,false
6770,DOID:11612,ODbL 1.0,DisGeNET,false
345611,DOID:8577,ODbL 1.0,DisGeNET,false
4318,DOID:2377,CC BY 4.0,DISEASES|DOAF,false
6036,DOID:2841,CC BY 4.0,DISEASES,false
23373,DOID:8850,CC BY 4.0,DISEASES,false
2670,DOID:3070,CC BY 4.0,DISEASES,false
2034,DOID:3393,ODbL 1.0,DisGeNET,false
2324,DOID:11612,ODbL 1.0,DisGeNET,false
1548,DOID:5041,ODbL 1.0,DisGeNET,false
3106,DOID:9744,CC BY 4.0,DISEASES,false
11315,DOID:8577,CC BY 4.0,GWAS Catalog,true
23112,DOID:11612,ODbL 1.0,DisGeNET,false
3569,DOID:3310,ODbL 1.0,DisGeNET,false
7133,DOID:8986,CC BY 4.0,DISEASES,false
90,DOID:3070,ODbL 1.0,DisGeNET,false
3605,DOID:3083,ODbL 1.0,DisGeNET,false
1019,DOID:1909,CC BY 4.0,DISEASES|DOAF,false
1588,DOID:9970,,DOAF,false
8897,DOID:1324,CC BY 4.0,GWAS Catalog,true
885,DOID:594,CC BY 4.0,DISEASES,false
5290,DOID:263,ODbL 1.0,DisGeNET,false
4162,DOID:1790,ODbL 1.0,DisGeNET,false
64374,DOID:10283,ODbL 1.0,DisGeNET,false
10611,DOID:3393,ODbL 1.0,DisGeNET,false
4853,DOID:5041,ODbL 1.0,DisGeNET,false
3958,DOID:5041,ODbL 1.0,DisGeNET,false
51057,DOID:9970,CC BY 4.0,DISEASES,false
23411,DOID:14221,ODbL 1.0,DisGeNET,false
6296,DOID:10763,ODbL 1.0,DisGeNET,false
3399,DOID:3393,ODbL 1.0,DisGeNET,false
6356,DOID:4481,CC BY 4.0,DISEASES,false
1200,DOID:1826,CC BY 4.0,DISEASES,false
5595,DOID:1936,CC BY 4.0,DISEASES,false
26519,DOID:4045,ODbL 1.0,DisGeNET,false
7015,DOID:2355,ODbL 1.0,DOAF|DisGeNET,false
183,DOID:12236,ODbL 1.0,DisGeNET,false
7124,DOID:1826,ODbL 1.0,DisGeNET,false
66002,DOID:10763,ODbL 1.0,DisGeNET,false
100289087,DOID:2994,CC BY 4.0,DISEASES,false
6364,DOID:8893,CC BY 4.0,DISEASES,false
2272,DOID:263,CC BY 4.0,DISEASES,false
9538,DOID:10283,ODbL 1.0,DisGeNET,false
387357,DOID:10608,ODbL 1.0,DisGeNET,false
10100,DOID:6364,CC BY 4.0,GWAS Catalog,true
4312,DOID:1324,ODbL 1.0,DisGeNET,false
7980,DOID:7148,ODbL 1.0,DisGeNET,false
6690,DOID:1793,,DISEASES|DisGeNET,false
56924,DOID:5419,CC BY 4.0,GWAS Catalog,true
104,DOID:11612,ODbL 1.0,DisGeNET,false
5424,DOID:363,ODbL 1.0,DisGeNET,false
1742,DOID:12849,ODbL 1.0,DisGeNET,false
11284,DOID:1826,CC BY 4.0,DISEASES,false
1825,DOID:1612,ODbL 1.0,DisGeNET,false
4851,DOID:10763,CC BY 4.0,DISEASES,false
1141,DOID:5419,,DOAF,false
2033,DOID:5419,CC BY 4.0,DISEASES,false
4880,DOID:10763,CC BY 4.0,DISEASES,false
9555,DOID:2986,ODbL 1.0,DisGeNET,false
388552,DOID:11612,ODbL 1.0,DisGeNET,false
116519,DOID:9970,,DOAF,false
4988,DOID:12849,ODbL 1.0,DisGeNET,false
8660,DOID:9970,CC BY 4.0,DISEASES|DOAF,false
3383,DOID:8577,,DISEASES|DOAF|DisGeNET,false
3565,DOID:3310,,DISEASES|DOAF|DisGeNET,false
2954,DOID:11054,ODbL 1.0,DisGeNET,false
4609,DOID:11476,ODbL 1.0,DisGeNET,false
207,DOID:1936,CC BY 4.0,DISEASES,false
3683,DOID:13241,ODbL 1.0,DisGeNET,false
972,DOID:1612,ODbL 1.0,DisGeNET,false
6774,DOID:11934,CC BY 4.0,DISEASES,false
467,DOID:3571,ODbL 1.0,DisGeNET,false
5154,DOID:1612,ODbL 1.0,DisGeNET,false
7994,DOID:2531,CC BY 4.0,DISEASES,false
117289,DOID:8778,CC BY 4.0,GWAS Catalog,true
6850,DOID:1909,ODbL 1.0,DisGeNET,false
55277,DOID:332,CC BY 4.0,DISEASES|DOAF,false
8718,DOID:9074,CC BY 4.0,DISEASES,false
83593,DOID:9074,ODbL 1.0,DisGeNET,false
51292,DOID:10534,ODbL 1.0,DisGeNET,false
4303,DOID:4045,CC BY 4.0,DISEASES,false
4609,DOID:10763,ODbL 1.0,DisGeNET,false
3630,DOID:14330,ODbL 1.0,DisGeNET,false
1394,DOID:9352,ODbL 1.0,DisGeNET,false
116113,DOID:10283,ODbL 1.0,DisGeNET,false
124,DOID:0050741,CC BY 4.0,DISEASES,false
708,DOID:1612,ODbL 1.0,DisGeNET,false
23028,DOID:1612,ODbL 1.0,DisGeNET,false
3600,DOID:2841,CC BY 4.0,DISEASES,false
81031,DOID:1612,ODbL 1.0,DisGeNET,false
345,DOID:1936,CC BY 4.0,DISEASES,false
842,DOID:10283,ODbL 1.0,DisGeNET,false
400916,DOID:332,CC BY 4.0,DISEASES,false
5328,DOID:2986,ODbL 1.0,DisGeNET,false
144100,DOID:1686,,DISEASES|DisGeNET|GWAS Catalog,true
2548,DOID:10976,ODbL 1.0,DisGeNET,false
6855,DOID:10652,CC BY 4.0,DISEASES,false
155061,DOID:332,CC BY 4.0,GWAS Catalog,true
4887,DOID:1826,ODbL 1.0,DisGeNET,false
2982,DOID:8850,ODbL 1.0,DisGeNET,false
6366,DOID:7148,,DISEASES|DisGeNET|GWAS Catalog,true
1160,DOID:3393,CC BY 4.0,DISEASES,false
23646,DOID:10652,CC BY 4.0,DISEASES,false
2952,DOID:2355,,DOAF,false
3856,DOID:1612,,DISEASES|DisGeNET,false
3479,DOID:10283,,DISEASES|DisGeNET,false
2837,DOID:3393,ODbL 1.0,DisGeNET,false
5925,DOID:1612,,DISEASES|DisGeNET,false
4842,DOID:5419,,DOAF,false
8846,DOID:8850,CC BY 4.0,DISEASES,false
5077,DOID:4045,,DISEASES|DisGeNET,false
374955,DOID:11612,ODbL 1.0,DisGeNET,false
4267,DOID:4045,CC BY 4.0,DISEASES,false
2052,DOID:2531,ODbL 1.0,DisGeNET,false
2072,DOID:2998,ODbL 1.0,DisGeNET,false
5468,DOID:8577,,DOAF,false
1476,DOID:1826,,DISEASES|DisGeNET,false
3725,DOID:3571,,DISEASES|DisGeNET,false
672,DOID:10763,ODbL 1.0,DisGeNET,false
7852,DOID:635,CC BY 4.0,DISEASES,false
4318,DOID:7693,,DISEASES|DOAF|DisGeNET,false
2950,DOID:3571,CC BY 4.0,DISEASES,false
3642,DOID:4362,CC BY 4.0,DISEASES,false
4300,DOID:2531,CC BY 4.0,DISEASES,false
57369,DOID:9835,,DISEASES|DisGeNET|GWAS Catalog,true
2944,DOID:11934,,DISEASES|DOAF|DisGeNET,false
1610,DOID:12849,ODbL 1.0,DisGeNET,false
7098,DOID:1909,CC BY 4.0,DISEASES,false
3040,DOID:9744,CC BY 4.0,DISEASES,false
2621,DOID:8850,ODbL 1.0,DisGeNET,false
23493,DOID:1612,ODbL 1.0,DisGeNET,false
1728,DOID:1324,ODbL 1.0,DisGeNET,false
3458,DOID:3310,,DISEASES|DOAF|DisGeNET,false
706,DOID:2841,CC BY 4.0,DISEASES,false
347088,DOID:11612,ODbL 1.0,DisGeNET,false
6687,DOID:1312,CC BY 4.0,DISEASES,false
207,DOID:1324,CC BY 4.0,DISEASES,false
478,DOID:14330,CC BY 4.0,DISEASES,false
4638,DOID:1686,ODbL 1.0,DisGeNET,false
466,DOID:332,CC BY 4.0,DISEASES,false
5293,DOID:9970,CC BY 4.0,DISEASES,false
213,DOID:2355,,DISEASES|DisGeNET,false
11238,DOID:3393,CC BY 4.0,DISEASES,false
2806,DOID:0050741,CC BY 4.0,DISEASES,false
6401,DOID:7148,CC BY 4.0,DISEASES|DOAF,false
4852,DOID:0050741,CC BY 4.0,DISEASES,false
945,DOID:10652,,DisGeNET|GWAS Catalog,true
10330,DOID:10534,ODbL 1.0,DisGeNET,false
1499,DOID:2394,ODbL 1.0,DisGeNET,false
65018,DOID:14330,,DISEASES|DOAF|DisGeNET,false
9223,DOID:8850,ODbL 1.0,DisGeNET,false
7037,DOID:11054,ODbL 1.0,DisGeNET,false
5550,DOID:10608,CC BY 4.0,DISEASES,false
1901,DOID:2377,CC BY 4.0,DISEASES,false
1312,DOID:10283,ODbL 1.0,DisGeNET,false
23246,DOID:10534,ODbL 1.0,DisGeNET,false
1278,DOID:11476,ODbL 1.0,DisGeNET,false
2629,DOID:2531,CC BY 4.0,DISEASES,false
169792,DOID:10652,CC BY 4.0,GWAS Catalog,true
7054,DOID:11612,ODbL 1.0,DisGeNET,false
11255,DOID:9970,ODbL 1.0,DisGeNET,false
57104,DOID:9970,CC BY 4.0,DISEASES,false
3565,DOID:8893,,DISEASES|DisGeNET,false
4513,DOID:9352,ODbL 1.0,DisGeNET,false
7039,DOID:1324,ODbL 1.0,DisGeNET,false
5378,DOID:363,CC BY 4.0,DISEASES,false
1670,DOID:8778,CC BY 4.0,DISEASES,false
4583,DOID:11239,CC BY 4.0,DISEASES,false
2735,DOID:4159,CC BY 4.0,DISEASES,false
53335,DOID:11612,ODbL 1.0,DisGeNET,false
965,DOID:2377,,DisGeNET|GWAS Catalog,true
925,DOID:3083,,DISEASES|DisGeNET,false
356,DOID:9074,ODbL 1.0,DOAF|DisGeNET,false
6046,DOID:1826,,DOAF,false
3952,DOID:4989,,DOAF,false
3767,DOID:1826,CC BY 4.0,DISEASES|DOAF,false
203,DOID:9352,ODbL 1.0,DisGeNET,false
7222,DOID:10763,ODbL 1.0,DisGeNET,false
5926,DOID:2531,ODbL 1.0,DisGeNET,false
5105,DOID:9352,ODbL 1.0,DisGeNET,false
10401,DOID:4362,ODbL 1.0,DisGeNET,false
941,DOID:7148,CC BY 4.0,DISEASES,false
7040,DOID:784,,DISEASES|DisGeNET,false
2952,DOID:12306,,DOAF,false
925,DOID:12361,CC BY 4.0,DISEASES,false
6402,DOID:2986,ODbL 1.0,DisGeNET,false
4879,DOID:10763,,DISEASES|DOAF|DisGeNET,false
4683,DOID:2355,ODbL 1.0,DisGeNET,false
5335,DOID:1115,ODbL 1.0,DisGeNET,false
4851,DOID:3070,ODbL 1.0,DisGeNET,false
25825,DOID:10652,CC BY 4.0,DISEASES,false
5265,DOID:3571,CC BY 4.0,DISEASES,false
22933,DOID:3070,ODbL 1.0,DisGeNET,false
54823,DOID:263,CC BY 4.0,DISEASES,false
7124,DOID:2531,CC BY 4.0,DISEASES,false
6191,DOID:1612,ODbL 1.0,DisGeNET,false
6836,DOID:10283,ODbL 1.0,DisGeNET,false
81037,DOID:10283,ODbL 1.0,DisGeNET,false
4908,DOID:1826,ODbL 1.0,DisGeNET,false
9411,DOID:9296,CC BY 4.0,DISEASES,false
30011,DOID:3953,CC BY 4.0,DISEASES,false
2056,DOID:3393,,DISEASES|DisGeNET,false
10803,DOID:8778,CC BY 4.0,DISEASES,false
2796,DOID:3953,ODbL 1.0,DisGeNET,false
4437,DOID:1324,ODbL 1.0,DisGeNET,false
4638,DOID:14004,CC BY 4.0,DISEASES,false
23583,DOID:5041,CC BY 4.0,DISEASES,false
1540,DOID:1324,ODbL 1.0,DisGeNET,false
8517,DOID:2394,CC BY 4.0,DISEASES,false
28999,DOID:10283,ODbL 1.0,DisGeNET,false
5095,DOID:9835,CC BY 4.0,GWAS Catalog,true
1071,DOID:14221,CC BY 4.0,DISEASES|GWAS Catalog,true
4502,DOID:10283,ODbL 1.0,DisGeNET,false
11085,DOID:8778,CC BY 4.0,GWAS Catalog,true
7379,DOID:11054,CC BY 4.0,DISEASES,false
306,DOID:1686,ODbL 1.0,DisGeNET,false
3934,DOID:7148,ODbL 1.0,DisGeNET,false
51738,DOID:14221,CC BY 4.0,DISEASES,false
92140,DOID:1612,ODbL 1.0,DisGeNET,false
328,DOID:1826,ODbL 1.0,DisGeNET,false
959,DOID:2841,CC BY 4.0,DISEASES,false
6720,DOID:14221,CC BY 4.0,DISEASES,false
7490,DOID:10283,CC BY 4.0,DISEASES,false
6595,DOID:8850,ODbL 1.0,DisGeNET,false
10551,DOID:10283,ODbL 1.0,DisGeNET,false
4723,DOID:10534,ODbL 1.0,DisGeNET,false
2902,DOID:3312,,DOAF,false
55971,DOID:7148,ODbL 1.0,DisGeNET,false
8738,DOID:263,ODbL 1.0,DisGeNET,false
3350,DOID:6364,CC BY 4.0,DISEASES,false
2247,DOID:10283,ODbL 1.0,DisGeNET,false
8099,DOID:2986,ODbL 1.0,DisGeNET,false
3133,DOID:9744,CC BY 4.0,GWAS Catalog,true
23583,DOID:11934,CC BY 4.0,DISEASES,false
29072,DOID:8850,ODbL 1.0,DisGeNET,false
3627,DOID:2841,CC BY 4.0,DISEASES|DOAF,false
8743,DOID:2394,ODbL 1.0,DisGeNET,false
495,DOID:3393,CC BY 4.0,DISEASES,false
5443,DOID:9970,,DISEASES|DOAF|DisGeNET,false
285,DOID:3393,ODbL 1.0,DisGeNET,false
1233,DOID:3070,ODbL 1.0,DisGeNET,false
928,DOID:2994,ODbL 1.0,DisGeNET,false
2752,DOID:3571,CC BY 4.0,DISEASES,false
81930,DOID:2986,ODbL 1.0,DisGeNET,false
5352,DOID:184,ODbL 1.0,DisGeNET,false
2947,DOID:10283,ODbL 1.0,DisGeNET,false
6555,DOID:1245,CC BY 4.0,DISEASES,false
4311,DOID:363,CC BY 4.0,DISEASES,false
55328,DOID:9744,CC BY 4.0,GWAS Catalog,true
3990,DOID:1312,ODbL 1.0,DisGeNET,false
80324,DOID:10534,ODbL 1.0,DisGeNET,false
2805,DOID:2355,CC BY 4.0,DISEASES,false
3315,DOID:263,ODbL 1.0,DisGeNET,false
7422,DOID:11934,,DISEASES|DisGeNET,false
29126,DOID:2043,,DOAF,false
2064,DOID:1319,ODbL 1.0,DisGeNET,false
10911,DOID:3393,ODbL 1.0,DisGeNET,false
4599,DOID:1612,CC BY 4.0,DISEASES,false
1445,DOID:418,CC BY 4.0,GWAS Catalog,true
1639,DOID:332,CC BY 4.0,DISEASES|DOAF,false
7153,DOID:8850,ODbL 1.0,DisGeNET,false
388585,DOID:1319,ODbL 1.0,DisGeNET,false
3105,DOID:9744,,DISEASES|DisGeNET,false
3586,DOID:10763,ODbL 1.0,DisGeNET,false
10848,DOID:2531,ODbL 1.0,DisGeNET,false
8761,DOID:2986,ODbL 1.0,DisGeNET,false
6098,DOID:1909,ODbL 1.0,DisGeNET,false
4907,DOID:10534,ODbL 1.0,DisGeNET,false
10481,DOID:10283,,DISEASES|DisGeNET,false
27164,DOID:2531,ODbL 1.0,DisGeNET,false
1053,DOID:2531,CC BY 4.0,DISEASES|GWAS Catalog,true
57817,DOID:784,ODbL 1.0,DisGeNET,false
116442,DOID:1826,ODbL 1.0,DisGeNET,false
920,DOID:1612,CC BY 4.0,DISEASES,false
26585,DOID:10534,ODbL 1.0,DisGeNET,false
5617,DOID:2355,ODbL 1.0,DisGeNET,false
3956,DOID:1324,ODbL 1.0,DisGeNET,false
23418,DOID:2841,CC BY 4.0,GWAS Catalog,true
4297,DOID:10534,ODbL 1.0,DisGeNET,false
2152,DOID:1612,ODbL 1.0,DisGeNET,false
25,DOID:14330,ODbL 1.0,DisGeNET,false
5173,DOID:1826,CC BY 4.0,DISEASES|DOAF,false
183,DOID:2986,ODbL 1.0,DOAF|DisGeNET,false
79852,DOID:1909,ODbL 1.0,DisGeNET,false
83593,DOID:1192,ODbL 1.0,DisGeNET,false
8170,DOID:1993,CC BY 4.0,DISEASES,false
1131,DOID:1826,CC BY 4.0,GWAS Catalog,true
2893,DOID:1826,CC BY 4.0,DISEASES,false
3039,DOID:1612,CC BY 4.0,DISEASES,false
1956,DOID:9744,ODbL 1.0,DisGeNET,false
10006,DOID:2986,ODbL 1.0,DisGeNET,false
1958,DOID:263,CC BY 4.0,DISEASES,false
3929,DOID:824,ODbL 1.0,DisGeNET,false
1230,DOID:2986,ODbL 1.0,DisGeNET,false
26960,DOID:12849,,DISEASES|DisGeNET,false
3162,DOID:10652,,DISEASES|DOAF|DisGeNET,false
3169,DOID:1612,,DISEASES|DisGeNET,false
3039,DOID:175,CC BY 4.0,DISEASES,false
7274,DOID:1936,ODbL 1.0,DisGeNET,false
2646,DOID:14221,CC BY 4.0,GWAS Catalog,true
5176,DOID:8850,ODbL 1.0,DisGeNET,false
3593,DOID:9008,,DISEASES|DisGeNET|GWAS Catalog,true
5327,DOID:11612,,DOAF,false
6494,DOID:2531,ODbL 1.0,DisGeNET,false
5683,DOID:11476,ODbL 1.0,DisGeNET,false
8560,DOID:10283,ODbL 1.0,DisGeNET,false
8314,DOID:263,ODbL 1.0,DisGeNET,false
2152,DOID:10763,CC BY 4.0,DISEASES,false
2788,DOID:5041,ODbL 1.0,DisGeNET,false
6794,DOID:1324,CC BY 4.0,DISEASES,false
4218,DOID:1686,CC BY 4.0,DISEASES,false
3576,DOID:1936,CC BY 4.0,DISEASES,false
5348,DOID:3393,ODbL 1.0,DisGeNET,false
925,DOID:1024,CC BY 4.0,DISEASES,false
15,DOID:9352,ODbL 1.0,DisGeNET,false
3171,DOID:10283,ODbL 1.0,DisGeNET,false
8178,DOID:1612,CC BY 4.0,GWAS Catalog,true
10280,DOID:332,,DISEASES|DisGeNET,false
51422,DOID:784,CC BY 4.0,GWAS Catalog,true
5176,DOID:9352,ODbL 1.0,DisGeNET,false
627,DOID:332,CC BY 4.0,DISEASES,false
1482,DOID:3393,CC BY 4.0,DISEASES,false
5027,DOID:1826,ODbL 1.0,DisGeNET,false
3350,DOID:5419,CC BY 4.0,DISEASES|DOAF,false
1890,DOID:5041,ODbL 1.0,DisGeNET,false
7538,DOID:7148,ODbL 1.0,DOAF|DisGeNET,false
65010,DOID:585,CC BY 4.0,DISEASES,false
2212,DOID:10608,,DOAF,false
286,DOID:9352,CC BY 4.0,GWAS Catalog,true
2891,DOID:332,,DOAF,false
51561,DOID:8577,CC BY 4.0,DISEASES,false
6775,DOID:9970,ODbL 1.0,DisGeNET,false
2908,DOID:3312,ODbL 1.0,DisGeNET,false
8692,DOID:10763,ODbL 1.0,DisGeNET,false
1663,DOID:2355,CC BY 4.0,DISEASES,false
256933,DOID:11612,ODbL 1.0,DisGeNET,false
3054,DOID:3571,ODbL 1.0,DisGeNET,false
3558,DOID:2043,CC BY 4.0,DISEASES,false
168400,DOID:219,CC BY 4.0,DISEASES,false
5313,DOID:12365,,DOAF,false
950,DOID:14221,CC BY 4.0,DISEASES,false
6392,DOID:3953,CC BY 4.0,DISEASES,false
7849,DOID:1781,CC BY 4.0,DISEASES,false
154,DOID:9970,,DISEASES|DOAF|DisGeNET,false
7124,DOID:5419,,DOAF,false
55825,DOID:0050741,CC BY 4.0,GWAS Catalog,true
6608,DOID:4159,,DISEASES|DisGeNET,false
1815,DOID:5419,CC BY 4.0,DISEASES|DOAF,false
186,DOID:10763,,DISEASES|DOAF|DisGeNET,false
50943,DOID:1909,CC BY 4.0,DISEASES|DOAF,false
7422,DOID:9074,,DOAF,false
6620,DOID:14330,CC BY 4.0,DISEASES,false
3557,DOID:8398,,DOAF,false
2258,DOID:1793,ODbL 1.0,DisGeNET,false
3814,DOID:11934,ODbL 1.0,DisGeNET,false
2099,DOID:9970,ODbL 1.0,DOAF|DisGeNET,false
54205,DOID:14330,CC BY 4.0,DISEASES,false
251,DOID:12236,CC BY 4.0,DISEASES,false
56980,DOID:3565,CC BY 4.0,DISEASES,false
7298,DOID:1612,ODbL 1.0,DisGeNET,false
8813,DOID:2531,CC BY 4.0,DISEASES,false
10752,DOID:2531,CC BY 4.0,DISEASES,false
59067,DOID:10608,ODbL 1.0,DisGeNET,false
6347,DOID:1826,ODbL 1.0,DisGeNET,false
29015,DOID:8778,CC BY 4.0,GWAS Catalog,true
26135,DOID:2986,ODbL 1.0,DisGeNET,false
3189,DOID:0060073,CC BY 4.0,DISEASES,false
251,DOID:11476,CC BY 4.0,DISEASES,false
51251,DOID:184,CC BY 4.0,DISEASES,false
216,DOID:1612,CC BY 4.0,DISEASES,false
6863,DOID:6364,,DISEASES|DisGeNET,false
973,DOID:1312,CC BY 4.0,DISEASES,false
462,DOID:10763,CC BY 4.0,DISEASES,false
10125,DOID:8778,CC BY 4.0,GWAS Catalog,true
6194,DOID:10534,ODbL 1.0,DisGeNET,false
3576,DOID:1612,ODbL 1.0,DisGeNET,false
4306,DOID:12930,ODbL 1.0,DisGeNET,false
2335,DOID:2531,CC BY 4.0,DISEASES,false
6514,DOID:1793,CC BY 4.0,DISEASES,false
2168,DOID:784,ODbL 1.0,DisGeNET,false
959,DOID:9074,,DISEASES|DOAF|DisGeNET,false
3162,DOID:9970,ODbL 1.0,DisGeNET,false
4353,DOID:10283,ODbL 1.0,DisGeNET,false
5501,DOID:2394,ODbL 1.0,DisGeNET,false
8660,DOID:11612,,DOAF,false
285,DOID:1312,ODbL 1.0,DisGeNET,false
3586,DOID:12849,ODbL 1.0,DisGeNET,false
6279,DOID:2531,,DISEASES|DisGeNET,false
57731,DOID:263,ODbL 1.0,DisGeNET,false
1235,DOID:8778,CC BY 4.0,GWAS Catalog,true
63933,DOID:2986,ODbL 1.0,DisGeNET,false
5803,DOID:332,ODbL 1.0,DisGeNET,false
811,DOID:3393,ODbL 1.0,DisGeNET,false
767,DOID:13378,CC BY 4.0,DISEASES,false
27,DOID:2531,ODbL 1.0,DisGeNET,false
23743,DOID:9296,,DISEASES|DisGeNET,false
5619,DOID:14227,CC BY 4.0,DISEASES,false
358,DOID:585,CC BY 4.0,GWAS Catalog,true
7941,DOID:2841,,DISEASES|DisGeNET,false
2115,DOID:10283,ODbL 1.0,DisGeNET,false
1026,DOID:9074,ODbL 1.0,DisGeNET,false
4654,DOID:4045,,DISEASES|DisGeNET,false
4760,DOID:9352,ODbL 1.0,DisGeNET,false
240,DOID:1936,,DISEASES|DisGeNET,false
1381,DOID:263,ODbL 1.0,DisGeNET,false
8876,DOID:8893,ODbL 1.0,DisGeNET,false
1822,DOID:1826,,DISEASES|DisGeNET,false
7352,DOID:9352,ODbL 1.0,DisGeNET,false
3117,DOID:7148,CC BY 4.0,DISEASES,false
1044,DOID:219,CC BY 4.0,DISEASES,false
119180,DOID:216,CC BY 4.0,DISEASES,false
4057,DOID:8778,CC BY 4.0,DISEASES,false
3290,DOID:9970,,DISEASES|DOAF|DisGeNET,false
56942,DOID:1612,ODbL 1.0,DisGeNET,false
6595,DOID:5419,,DOAF,false
1544,DOID:9352,ODbL 1.0,DisGeNET,false
3350,DOID:14330,,DISEASES|DisGeNET,false
958,DOID:7148,,DISEASES|DisGeNET|GWAS Catalog,true
102,DOID:1826,ODbL 1.0,DisGeNET,false
8289,DOID:363,,DISEASES|DisGeNET,false
57623,DOID:10763,CC BY 4.0,GWAS Catalog,true
1956,DOID:1793,CC BY 4.0,DISEASES,false
548593,DOID:2355,CC BY 4.0,DISEASES,false
5868,DOID:332,CC BY 4.0,DISEASES,false
10125,DOID:7148,,DISEASES|DisGeNET|GWAS Catalog,true
6925,DOID:5419,CC BY 4.0,DOAF|GWAS Catalog,true
2729,DOID:3393,ODbL 1.0,DisGeNET,false
159296,DOID:8577,,DISEASES|DisGeNET|GWAS Catalog,true
7157,DOID:4606,,DISEASES|DisGeNET,false
57521,DOID:1686,CC BY 4.0,DISEASES,false
55314,DOID:184,CC BY 4.0,DISEASES,false
54474,DOID:4159,CC BY 4.0,DISEASES,false
201266,DOID:8577,CC BY 4.0,GWAS Catalog,true
1739,DOID:14330,ODbL 1.0,DisGeNET,false
5534,DOID:3393,ODbL 1.0,DisGeNET,false
2494,DOID:8577,CC BY 4.0,GWAS Catalog,true
10900,DOID:1826,CC BY 4.0,DISEASES,false
5590,DOID:10283,ODbL 1.0,DisGeNET,false
54829,DOID:8398,CC BY 4.0,DISEASES|DOAF,false
3845,DOID:4159,CC BY 4.0,DISEASES,false
7535,DOID:2531,CC BY 4.0,DISEASES,false
3845,DOID:2531,,DISEASES|DisGeNET,false
161514,DOID:1686,CC BY 4.0,DISEASES,false
81542,DOID:2986,ODbL 1.0,DisGeNET,false
9317,DOID:1909,ODbL 1.0,DisGeNET,false
51203,DOID:2986,ODbL 1.0,DisGeNET,false
10581,DOID:9835,CC BY 4.0,DISEASES,false
773,DOID:1826,,DISEASES|DOAF|DisGeNET,false
5919,DOID:9970,CC BY 4.0,DISEASES|DOAF,false
2876,DOID:11054,ODbL 1.0,DisGeNET,false
4314,DOID:1936,,DOAF,false
7421,DOID:9074,,DOAF,false
114792,DOID:11119,CC BY 4.0,DISEASES,false
4088,DOID:2841,CC BY 4.0,GWAS Catalog,true
5887,DOID:10283,,DisGeNET|GWAS Catalog,true
7280,DOID:2531,ODbL 1.0,DisGeNET,false
126133,DOID:13189,ODbL 1.0,DisGeNET,false
51133,DOID:2986,ODbL 1.0,DisGeNET,false
925,DOID:2394,CC BY 4.0,DISEASES,false
153,DOID:3393,ODbL 1.0,DisGeNET,false
3557,DOID:13189,CC BY 4.0,DISEASES,false
3070,DOID:11612,ODbL 1.0,DisGeNET,false
7122,DOID:5419,,DOAF,false
6678,DOID:1909,,DOAF,false
51651,DOID:10283,ODbL 1.0,DisGeNET,false
202559,DOID:1909,ODbL 1.0,DisGeNET,false
3562,DOID:2531,CC BY 4.0,DISEASES,false
783,DOID:3312,CC BY 4.0,GWAS Catalog,true
116832,DOID:2174,CC BY 4.0,DISEASES,false
4790,DOID:7148,,DOAF,false
250,DOID:12236,CC BY 4.0,DISEASES,false
4089,DOID:1612,ODbL 1.0,DisGeNET,false
4023,DOID:9970,,DISEASES|DOAF|DisGeNET,false
3906,DOID:1612,CC BY 4.0,DISEASES,false
1237,DOID:1826,ODbL 1.0,DisGeNET,false
7352,DOID:10283,ODbL 1.0,DisGeNET,false
6402,DOID:3393,ODbL 1.0,DisGeNET,false
8639,DOID:10941,ODbL 1.0,DisGeNET,false
1464,DOID:4159,CC BY 4.0,DISEASES,false
4613,DOID:2174,CC BY 4.0,DISEASES,false
10878,DOID:2986,ODbL 1.0,DisGeNET,false
3115,DOID:2377,ODbL 1.0,DisGeNET,false
4072,DOID:3571,CC BY 4.0,DISEASES,false
2555,DOID:12849,ODbL 1.0,DisGeNET,false
5567,DOID:10283,ODbL 1.0,DisGeNET,false
629,DOID:10871,,DISEASES|DOAF|DisGeNET,false
2194,DOID:9970,,DISEASES|DOAF|DisGeNET,false
51561,DOID:7148,CC BY 4.0,DISEASES|DOAF,false
55331,DOID:1909,ODbL 1.0,DisGeNET,false
3600,DOID:13189,CC BY 4.0,DISEASES,false
348,DOID:7693,CC BY 4.0,DISEASES,false
5340,DOID:9970,CC BY 4.0,DISEASES,false
5966,DOID:7148,,DISEASES|DOAF|DisGeNET|GWAS Catalog,true
5687,DOID:3393,ODbL 1.0,DisGeNET,false
4151,DOID:1319,CC BY 4.0,DISEASES,false
220323,DOID:2596,CC BY 4.0,DISEASES,false
3303,DOID:10283,ODbL 1.0,DisGeNET,false
1234,DOID:9352,ODbL 1.0,DisGeNET,false
973,DOID:8577,CC BY 4.0,DISEASES,false
348,DOID:14330,ODbL 1.0,DOAF|DisGeNET,false
1990,DOID:1793,CC BY 4.0,DISEASES,false
8463,DOID:11612,ODbL 1.0,DisGeNET,false
2099,DOID:3393,ODbL 1.0,DOAF|DisGeNET,false
60,DOID:5041,ODbL 1.0,DisGeNET,false
217,DOID:3393,ODbL 1.0,DisGeNET,false
2877,DOID:1612,ODbL 1.0,DisGeNET,false
5728,DOID:8850,ODbL 1.0,DisGeNET,false
7412,DOID:14221,ODbL 1.0,DisGeNET,false
1580,DOID:11054,ODbL 1.0,DisGeNET,false
169792,DOID:9352,,DisGeNET|GWAS Catalog,true
2805,DOID:14221,CC BY 4.0,DISEASES,false
2186,DOID:11054,ODbL 1.0,DisGeNET,false
2146,DOID:2531,,DISEASES|DisGeNET,false
7040,DOID:10283,,DISEASES|DisGeNET,false
7298,DOID:10283,ODbL 1.0,DisGeNET,false
5002,DOID:1324,ODbL 1.0,DisGeNET,false
7253,DOID:12361,,DISEASES|DOAF|DisGeNET|GWAS Catalog,true
121256,DOID:3571,ODbL 1.0,DisGeNET,false
114885,DOID:2986,ODbL 1.0,DisGeNET,false
5243,DOID:219,CC BY 4.0,DISEASES,false
2558,DOID:1826,CC BY 4.0,DISEASES,false
5462,DOID:2994,CC BY 4.0,DISEASES,false
55872,DOID:2986,ODbL 1.0,DisGeNET,false
54790,DOID:263,ODbL 1.0,DisGeNET,false
54149,DOID:2986,ODbL 1.0,DisGeNET,false
4780,DOID:5041,ODbL 1.0,DisGeNET,false
6198,DOID:9970,ODbL 1.0,DisGeNET,false
4261,DOID:824,ODbL 1.0,DisGeNET,false
6648,DOID:11934,ODbL 1.0,DisGeNET,false
1737,DOID:3393,ODbL 1.0,DisGeNET,false
2784,DOID:10763,,DISEASES|DOAF|DisGeNET,false
286077,DOID:9835,CC BY 4.0,DISEASES,false
3458,DOID:9074,CC BY 4.0,DISEASES|DOAF,false
4353,DOID:10652,ODbL 1.0,DisGeNET,false
9970,DOID:9970,ODbL 1.0,DisGeNET,false
2870,DOID:14330,ODbL 1.0,DisGeNET,false
3240,DOID:1936,ODbL 1.0,DisGeNET,false
800,DOID:363,CC BY 4.0,DISEASES,false
5595,DOID:1909,,DOAF,false
238,DOID:1612,ODbL 1.0,DisGeNET,false
7157,DOID:263,,DISEASES|DisGeNET,false
3481,DOID:9970,ODbL 1.0,DOAF|DisGeNET,false
26277,DOID:2355,ODbL 1.0,DisGeNET,false
6535,DOID:12849,ODbL 1.0,DisGeNET,false
2321,DOID:1324,CC BY 4.0,DISEASES,false
6256,DOID:9074,ODbL 1.0,DisGeNET,false
3858,DOID:8893,CC BY 4.0,DISEASES,false
3456,DOID:1192,ODbL 1.0,DisGeNET,false
3161,DOID:11612,ODbL 1.0,DisGeNET,false
25898,DOID:10763,CC BY 4.0,DISEASES,false
4846,DOID:13241,,DOAF,false
958,DOID:1826,ODbL 1.0,DisGeNET,false
954,DOID:12236,ODbL 1.0,DisGeNET,false
55198,DOID:10283,ODbL 1.0,DisGeNET,false
63892,DOID:8778,CC BY 4.0,GWAS Catalog,true
23167,DOID:2986,ODbL 1.0,DisGeNET,false
6794,DOID:10763,ODbL 1.0,DisGeNET,false
6376,DOID:4989,ODbL 1.0,DisGeNET,false
1295,DOID:10871,CC BY 4.0,GWAS Catalog,true
6424,DOID:3393,ODbL 1.0,DisGeNET,false
9768,DOID:2841,CC BY 4.0,DISEASES,false
367,DOID:1612,,DISEASES|DisGeNET,false
7157,DOID:2394,,DISEASES|DisGeNET,false
117289,DOID:8893,ODbL 1.0,DisGeNET,false
1588,DOID:363,CC BY 4.0,DISEASES,false
9705,DOID:1686,CC BY 4.0,DISEASES,false
9228,DOID:12849,ODbL 1.0,DisGeNET,false
2113,DOID:1909,,DOAF,false
1230,DOID:13241,,DisGeNET|GWAS Catalog,true
3315,DOID:1324,ODbL 1.0,DisGeNET,false
3294,DOID:363,ODbL 1.0,DisGeNET,false
3566,DOID:2841,,DISEASES|DOAF|DisGeNET,false
8644,DOID:10534,ODbL 1.0,DisGeNET,false
51079,DOID:1781,ODbL 1.0,DisGeNET,false
2247,DOID:2531,ODbL 1.0,DisGeNET,false
2100,DOID:2841,ODbL 1.0,DisGeNET,false
4613,DOID:1319,,DISEASES|DisGeNET,false
5290,DOID:8850,ODbL 1.0,DisGeNET,false
64241,DOID:1936,CC BY 4.0,DISEASES,false
23635,DOID:10283,ODbL 1.0,DisGeNET,false
6121,DOID:10871,CC BY 4.0,DISEASES,false
4035,DOID:10652,,DISEASES|DisGeNET,false
6235,DOID:2355,CC BY 4.0,DISEASES,false
1116,DOID:3070,ODbL 1.0,DisGeNET,false
3596,DOID:4989,ODbL 1.0,DisGeNET,false
4000,DOID:11612,ODbL 1.0,DisGeNET,false
55748,DOID:1324,CC BY 4.0,DISEASES,false
84648,DOID:8893,,DisGeNET|GWAS Catalog,true
55024,DOID:8778,CC BY 4.0,GWAS Catalog,true
27131,DOID:10534,ODbL 1.0,DisGeNET,false
28984,DOID:2174,CC BY 4.0,DISEASES,false
9725,DOID:10534,ODbL 1.0,DisGeNET,false
3265,DOID:10534,ODbL 1.0,DisGeNET,false
3778,DOID:1826,ODbL 1.0,DisGeNET,false
4843,DOID:9352,ODbL 1.0,DisGeNET,false
65985,DOID:9970,ODbL 1.0,DisGeNET,false
4609,DOID:1612,,DISEASES|DisGeNET|GWAS Catalog,true
3123,DOID:9074,,DOAF|DisGeNET|GWAS Catalog,true
10413,DOID:2394,ODbL 1.0,DisGeNET,false
7274,DOID:3571,ODbL 1.0,DisGeNET,false
54715,DOID:9835,CC BY 4.0,GWAS Catalog,true
79058,DOID:8398,CC BY 4.0,DISEASES,false
84433,DOID:263,ODbL 1.0,DisGeNET,false
4609,DOID:2531,,DISEASES|DisGeNET|GWAS Catalog,true
595,DOID:10283,,DISEASES|DisGeNET,false
8431,DOID:9970,,DISEASES|DisGeNET,false
84870,DOID:8778,CC BY 4.0,GWAS Catalog,true
199720,DOID:2998,CC BY 4.0,DISEASES,false
22861,DOID:12306,,DOAF,false
5295,DOID:9970,ODbL 1.0,DisGeNET,false
1536,DOID:10763,ODbL 1.0,DisGeNET,false
1956,DOID:0060119,CC BY 4.0,DISEASES,false
3725,DOID:1324,CC BY 4.0,DISEASES,false
5791,DOID:2986,ODbL 1.0,DisGeNET,false
65125,DOID:10763,,DISEASES|DOAF|DisGeNET,false
4233,DOID:1793,ODbL 1.0,DisGeNET,false
4781,DOID:8850,ODbL 1.0,DisGeNET,false
639,DOID:9074,ODbL 1.0,DisGeNET,false
5291,DOID:1793,CC BY 4.0,DISEASES,false
9388,DOID:10763,ODbL 1.0,DisGeNET,false
6401,DOID:1936,CC BY 4.0,DISEASES|DOAF,false
1266,DOID:10283,ODbL 1.0,DisGeNET,false
55210,DOID:10283,ODbL 1.0,DisGeNET,false
1536,DOID:784,ODbL 1.0,DisGeNET,false
26151,DOID:2994,CC BY 4.0,DISEASES,false
283130,DOID:1909,ODbL 1.0,DisGeNET,false
25902,DOID:10652,CC BY 4.0,GWAS Catalog,true
10135,DOID:14221,,DISEASES|DisGeNET,false
54928,DOID:2986,ODbL 1.0,DisGeNET,false
10840,DOID:9970,ODbL 1.0,DisGeNET,false
71,DOID:11476,ODbL 1.0,DisGeNET,false
8773,DOID:3393,ODbL 1.0,DisGeNET,false
9326,DOID:2986,ODbL 1.0,DisGeNET,false
1675,DOID:9970,,DISEASES|DisGeNET,false
920,DOID:1024,CC BY 4.0,DISEASES,false
3791,DOID:3393,,DISEASES|DisGeNET,false
231,DOID:2043,CC BY 4.0,DISEASES,false
7048,DOID:6364,,DisGeNET|GWAS Catalog,true
5796,DOID:10608,CC BY 4.0,GWAS Catalog,true
85465,DOID:3571,CC BY 4.0,DISEASES,false
29767,DOID:332,CC BY 4.0,DISEASES,false
120,DOID:10763,ODbL 1.0,DisGeNET,false
4583,DOID:219,CC BY 4.0,DISEASES,false
760,DOID:10534,ODbL 1.0,DisGeNET,false
24137,DOID:2986,ODbL 1.0,DisGeNET,false
9242,DOID:2531,CC BY 4.0,DISEASES,false
941,DOID:10608,ODbL 1.0,DisGeNET,false
5573,DOID:1781,ODbL 1.0,DisGeNET,false
2321,DOID:10763,,DISEASES|DisGeNET,false
3303,DOID:5419,,DOAF,false
10588,DOID:9296,ODbL 1.0,DisGeNET,false
7019,DOID:1826,ODbL 1.0,DisGeNET,false
8856,DOID:14221,ODbL 1.0,DisGeNET,false
3006,DOID:2531,ODbL 1.0,DisGeNET,false
170680,DOID:2531,ODbL 1.0,DisGeNET,false
5036,DOID:10534,ODbL 1.0,DisGeNET,false
2064,DOID:5041,ODbL 1.0,DisGeNET,false
2810,DOID:5041,ODbL 1.0,DisGeNET,false
23274,DOID:12236,,DisGeNET|GWAS Catalog,true
2213,DOID:9074,,DISEASES|DOAF|DisGeNET,false
8347,DOID:1612,ODbL 1.0,DisGeNET,false
4313,DOID:1793,CC BY 4.0,DISEASES,false
1956,DOID:3953,ODbL 1.0,DisGeNET,false
6529,DOID:5419,CC BY 4.0,DISEASES,false
4914,DOID:3070,ODbL 1.0,DisGeNET,false
7015,DOID:10283,,DisGeNET|GWAS Catalog,true
7157,DOID:8577,,DOAF,false
84159,DOID:7148,,DISEASES|DisGeNET|GWAS Catalog,true
6778,DOID:3310,,DISEASES|DisGeNET,false
6513,DOID:1826,CC BY 4.0,DISEASES|DOAF,false
9638,DOID:5419,,DOAF,false
124454,DOID:9835,CC BY 4.0,DISEASES,false
54899,DOID:418,CC BY 4.0,GWAS Catalog,true
3817,DOID:10283,,DISEASES|DisGeNET,false
3559,DOID:12306,CC BY 4.0,GWAS Catalog,true
2068,DOID:11054,ODbL 1.0,DisGeNET,false
155,DOID:9352,,DISEASES|DisGeNET,false
5727,DOID:1793,ODbL 1.0,DisGeNET,false
4986,DOID:0050741,CC BY 4.0,DISEASES,false
4040,DOID:11476,CC BY 4.0,DISEASES,false
150,DOID:9352,ODbL 1.0,DisGeNET,false
6531,DOID:11119,ODbL 1.0,DisGeNET,false
3240,DOID:2355,ODbL 1.0,DisGeNET,false
5108,DOID:1781,ODbL 1.0,DisGeNET,false
4088,DOID:0050156,CC BY 4.0,DISEASES,false
11262,DOID:2377,CC BY 4.0,GWAS Catalog,true
6401,DOID:10763,,DISEASES|DisGeNET,false
1471,DOID:10941,ODbL 1.0,DisGeNET,false
2701,DOID:10763,ODbL 1.0,DisGeNET,false
57761,DOID:14221,ODbL 1.0,DisGeNET,false
339479,DOID:824,CC BY 4.0,DISEASES,false
5066,DOID:2994,CC BY 4.0,DISEASES,false
3117,DOID:8986,CC BY 4.0,DISEASES,false
3313,DOID:14330,ODbL 1.0,DisGeNET,false
5788,DOID:7148,,DISEASES|DisGeNET,false
7099,DOID:5041,ODbL 1.0,DisGeNET,false
1393,DOID:784,CC BY 4.0,DISEASES,false
4436,DOID:3070,ODbL 1.0,DisGeNET,false
2981,DOID:784,ODbL 1.0,DisGeNET,false
26011,DOID:1595,CC BY 4.0,GWAS Catalog,true
501,DOID:10763,CC BY 4.0,DISEASES,false
8797,DOID:5041,ODbL 1.0,DisGeNET,false
255022,DOID:10652,CC BY 4.0,DISEASES|DOAF,false
8991,DOID:10763,CC BY 4.0,DISEASES,false
10658,DOID:10652,CC BY 4.0,GWAS Catalog,true
284098,DOID:332,CC BY 4.0,DISEASES,false
55904,DOID:2531,ODbL 1.0,DisGeNET,false
2182,DOID:10283,ODbL 1.0,DisGeNET,false
2520,DOID:10021,CC BY 4.0,DISEASES,false
7167,DOID:10652,ODbL 1.0,DisGeNET,false
2805,DOID:10763,CC BY 4.0,DISEASES,false
83552,DOID:9835,CC BY 4.0,DISEASES,false
27086,DOID:12306,ODbL 1.0,DisGeNET,false
6223,DOID:2355,ODbL 1.0,DOAF|DisGeNET,false
4323,DOID:7693,ODbL 1.0,DisGeNET,false
51528,DOID:1319,CC BY 4.0,DISEASES,false
199,DOID:1826,ODbL 1.0,DisGeNET,false
2264,DOID:10283,,DISEASES|DisGeNET,false
4524,DOID:10763,,DISEASES|DOAF|DisGeNET,false
10144,DOID:0050156,ODbL 1.0,DisGeNET,false
4057,DOID:824,CC BY 4.0,DISEASES|DOAF,false
6687,DOID:10976,CC BY 4.0,DISEASES,false
7337,DOID:1826,ODbL 1.0,DisGeNET,false
89795,DOID:263,ODbL 1.0,DisGeNET,false
7132,DOID:7148,CC BY 4.0,DISEASES|DOAF,false
2321,DOID:1909,ODbL 1.0,DOAF|DisGeNET,false
4792,DOID:1793,ODbL 1.0,DisGeNET,false
11130,DOID:2986,ODbL 1.0,DisGeNET,false
64919,DOID:5419,CC BY 4.0,GWAS Catalog,true
1392,DOID:9970,,DISEASES|DisGeNET,false
27255,DOID:8850,ODbL 1.0,DisGeNET,false
1234,DOID:784,ODbL 1.0,DisGeNET,false
5972,DOID:12236,ODbL 1.0,DisGeNET,false
8301,DOID:10652,,DOAF|DisGeNET|GWAS Catalog,true
5443,DOID:11476,ODbL 1.0,DisGeNET,false
2065,DOID:3121,ODbL 1.0,DisGeNET,false
51341,DOID:1826,CC BY 4.0,DISEASES,false
6925,DOID:3571,ODbL 1.0,DisGeNET,false
128611,DOID:1909,ODbL 1.0,DisGeNET,false
947,DOID:263,CC BY 4.0,DISEASES,false
6923,DOID:263,CC BY 4.0,DISEASES,false
3558,DOID:2355,,DISEASES|DisGeNET,false
11054,DOID:11934,CC BY 4.0,DISEASES,false
489,DOID:9352,ODbL 1.0,DisGeNET,false
4254,DOID:2531,CC BY 4.0,DISEASES,false
120892,DOID:10652,,DOAF,false
785,DOID:1826,ODbL 1.0,DisGeNET,false
51655,DOID:10283,,DISEASES|DisGeNET,false
201161,DOID:1115,CC BY 4.0,DISEASES,false
3663,DOID:418,,DISEASES|DOAF|DisGeNET|GWAS Catalog,true
948,DOID:10763,ODbL 1.0,DisGeNET,false
8204,DOID:1612,,DisGeNET|GWAS Catalog,true
4288,DOID:10283,ODbL 1.0,DisGeNET,false
2006,DOID:10763,,DISEASES|DisGeNET,false
7277,DOID:332,CC BY 4.0,DISEASES,false
1030,DOID:1909,,DOAF,false
3191,DOID:10534,ODbL 1.0,DisGeNET,false
4524,DOID:11476,,DOAF,false
836,DOID:332,ODbL 1.0,DisGeNET,false
5917,DOID:2355,CC BY 4.0,DISEASES,false
1000,DOID:1909,CC BY 4.0,DISEASES|DOAF,false
4544,DOID:9352,,DisGeNET|GWAS Catalog,true
10666,DOID:2377,,DOAF,false
6624,DOID:2531,CC BY 4.0,DISEASES,false
3284,DOID:10763,ODbL 1.0,DisGeNET,false
6559,DOID:10763,ODbL 1.0,DOAF|DisGeNET,false
2195,DOID:8850,ODbL 1.0,DisGeNET,false
3553,DOID:784,ODbL 1.0,DisGeNET,false
5294,DOID:10283,CC BY 4.0,DISEASES,false
151887,DOID:3310,,DisGeNET|GWAS Catalog,true
4893,DOID:4989,CC BY 4.0,DISEASES,false
54431,DOID:2986,ODbL 1.0,DisGeNET,false
650,DOID:8398,CC BY 4.0,DISEASES,false
23411,DOID:9352,ODbL 1.0,DisGeNET,false
6285,DOID:11054,ODbL 1.0,DisGeNET,false
23305,DOID:5419,,DOAF,false
23162,DOID:11612,ODbL 1.0,DisGeNET,false
2629,DOID:14330,,DISEASES|DOAF|DisGeNET|GWAS Catalog,true
220202,DOID:1686,CC BY 4.0,DISEASES,false
231,DOID:363,ODbL 1.0,DisGeNET,false
8202,DOID:10283,ODbL 1.0,DisGeNET,false
5743,DOID:14221,ODbL 1.0,DisGeNET,false
3480,DOID:1115,CC BY 4.0,DISEASES,false
335,DOID:13241,ODbL 1.0,DisGeNET,false
79602,DOID:11612,,DOAF,false
7225,DOID:1312,,DISEASES|DOAF|DisGeNET,false
8870,DOID:10763,ODbL 1.0,DisGeNET,false
4618,DOID:4045,CC BY 4.0,DISEASES,false
1524,DOID:1936,,DOAF,false
941,DOID:12306,,DisGeNET|GWAS Catalog,true
3033,DOID:9970,ODbL 1.0,DisGeNET,false
673,DOID:219,ODbL 1.0,DisGeNET,false
1234,DOID:2986,ODbL 1.0,DisGeNET,false
2623,DOID:2355,CC BY 4.0,DISEASES,false
5594,DOID:12849,ODbL 1.0,DisGeNET,false
51052,DOID:9970,ODbL 1.0,DisGeNET,false
11128,DOID:12995,CC BY 4.0,DISEASES,false
5562,DOID:9352,ODbL 1.0,DisGeNET,false
675,DOID:10283,,DISEASES|DisGeNET,false
1956,DOID:12930,ODbL 1.0,DisGeNET,false
207,DOID:1909,CC BY 4.0,DISEASES|DOAF,false
25994,DOID:2986,ODbL 1.0,DisGeNET,false
2023,DOID:10534,ODbL 1.0,DisGeNET,false
9745,DOID:5419,CC BY 4.0,GWAS Catalog,true
925,DOID:1612,CC BY 4.0,DISEASES,false
2053,DOID:10763,ODbL 1.0,DOAF|DisGeNET,false
861,DOID:10283,ODbL 1.0,DisGeNET,false
3600,DOID:10763,CC BY 4.0,DISEASES,false
337867,DOID:4159,CC BY 4.0,GWAS Catalog,true
81494,DOID:10871,CC BY 4.0,DISEASES,false
6567,DOID:1459,CC BY 4.0,DISEASES,false
6348,DOID:1826,ODbL 1.0,DisGeNET,false
822,DOID:263,ODbL 1.0,DisGeNET,false
133,DOID:12849,ODbL 1.0,DisGeNET,false
151742,DOID:9970,ODbL 1.0,DisGeNET,false
2205,DOID:3310,,DOAF,false
1499,DOID:263,ODbL 1.0,DisGeNET,false
7369,DOID:784,CC BY 4.0,GWAS Catalog,true
1059,DOID:418,CC BY 4.0,DISEASES,false
5241,DOID:363,,DISEASES|DisGeNET,false
50507,DOID:10763,,DISEASES|DisGeNET,false
1136,DOID:5419,CC BY 4.0,GWAS Catalog,true
5935,DOID:1612,ODbL 1.0,DisGeNET,false
10381,DOID:9835,CC BY 4.0,DISEASES,false
3953,DOID:9352,ODbL 1.0,DisGeNET,false
2791,DOID:1324,ODbL 1.0,DisGeNET,false
22925,DOID:10976,CC BY 4.0,DISEASES|DOAF|GWAS Catalog,true
1230,DOID:2377,CC BY 4.0,DISEASES,false
55315,DOID:9744,ODbL 1.0,DisGeNET,false
10381,DOID:1612,ODbL 1.0,DisGeNET,false
2065,DOID:5419,,DOAF,false
5770,DOID:9352,,DISEASES|DisGeNET,false
1728,DOID:2841,ODbL 1.0,DisGeNET,false
2099,DOID:10652,ODbL 1.0,DOAF|DisGeNET,false
9145,DOID:7148,CC BY 4.0,GWAS Catalog,true
1576,DOID:1612,ODbL 1.0,DisGeNET,false
3605,DOID:8577,CC BY 4.0,DISEASES,false
4968,DOID:10283,ODbL 1.0,DisGeNET,false
3394,DOID:7148,,DISEASES|DisGeNET|GWAS Catalog,true
3553,DOID:9970,ODbL 1.0,DOAF|DisGeNET,false
10266,DOID:3393,ODbL 1.0,DisGeNET,false
7412,DOID:824,ODbL 1.0,DisGeNET,false
23523,DOID:3310,CC BY 4.0,DISEASES,false
6517,DOID:9352,,DISEASES|DisGeNET,false
928,DOID:10283,ODbL 1.0,DisGeNET,false
3236,DOID:11934,ODbL 1.0,DisGeNET,false
10587,DOID:10283,ODbL 1.0,DisGeNET,false
1392,DOID:0050741,CC BY 4.0,DISEASES,false
8744,DOID:10534,ODbL 1.0,DisGeNET,false
3569,DOID:9744,CC BY 4.0,DISEASES,false
1956,DOID:1319,CC BY 4.0,DISEASES,false
95,DOID:263,ODbL 1.0,DisGeNET,false
3123,DOID:2986,CC BY 4.0,GWAS Catalog,true
1130,DOID:1686,ODbL 1.0,DisGeNET,false
999,DOID:10534,,DISEASES|DisGeNET,false
1508,DOID:10652,CC BY 4.0,DISEASES,false
58508,DOID:5041,ODbL 1.0,DisGeNET,false
1728,DOID:1612,ODbL 1.0,DisGeNET,false
11067,DOID:1612,ODbL 1.0,DisGeNET,false
5473,DOID:10763,,DISEASES|DisGeNET,false
2146,DOID:1612,ODbL 1.0,DisGeNET,false
8718,DOID:9744,CC BY 4.0,DISEASES,false
6774,DOID:8893,ODbL 1.0,DisGeNET,false
5362,DOID:5419,,DOAF,false
23705,DOID:1612,ODbL 1.0,DisGeNET,false
9235,DOID:7148,CC BY 4.0,DISEASES|DOAF,false
10462,DOID:3393,ODbL 1.0,DisGeNET,false
2944,DOID:10763,ODbL 1.0,DOAF|DisGeNET,false
2316,DOID:1826,,DISEASES|DisGeNET,false
7157,DOID:10652,,DOAF,false
9429,DOID:12236,ODbL 1.0,DisGeNET,false
139285,DOID:263,CC BY 4.0,DISEASES,false
4023,DOID:1936,CC BY 4.0,DISEASES|DOAF,false
85480,DOID:2841,,DISEASES|DOAF|DisGeNET|GWAS Catalog,true
8764,DOID:10608,ODbL 1.0,DisGeNET,false
5406,DOID:4989,CC BY 4.0,DISEASES,false
26585,DOID:9835,CC BY 4.0,DISEASES,false
54474,DOID:1993,CC BY 4.0,DISEASES,false
5055,DOID:1612,ODbL 1.0,DisGeNET,false
2813,DOID:4989,,DOAF,false
2914,DOID:14330,CC BY 4.0,DISEASES,false
5319,DOID:4989,CC BY 4.0,DISEASES,false
4846,DOID:5041,ODbL 1.0,DisGeNET,false
178,DOID:2986,ODbL 1.0,DisGeNET,false
23463,DOID:2986,ODbL 1.0,DisGeNET,false
7099,DOID:10283,ODbL 1.0,DisGeNET,false
85569,DOID:9970,ODbL 1.0,DisGeNET,false
238,DOID:1319,ODbL 1.0,DisGeNET,false
334,DOID:3393,ODbL 1.0,DisGeNET,false
1725,DOID:1686,CC BY 4.0,DISEASES,false
1634,DOID:363,ODbL 1.0,DisGeNET,false
1137,DOID:5419,CC BY 4.0,DISEASES|DOAF,false
10184,DOID:2986,ODbL 1.0,DisGeNET,false
4318,DOID:418,,DOAF,false
7006,DOID:7148,CC BY 4.0,GWAS Catalog,true
1723,DOID:12365,CC BY 4.0,DISEASES,false
4609,DOID:2394,,DisGeNET|GWAS Catalog,true
948,DOID:12930,ODbL 1.0,DisGeNET,false
83942,DOID:418,CC BY 4.0,DISEASES,false
5155,DOID:3070,CC BY 4.0,DISEASES,false
2641,DOID:9352,,DISEASES|DisGeNET,false
4035,DOID:7693,CC BY 4.0,GWAS Catalog,true
10159,DOID:1826,CC BY 4.0,DISEASES,false
3039,DOID:1115,CC BY 4.0,DISEASES,false
952,DOID:635,CC BY 4.0,DISEASES,false
3596,DOID:10763,ODbL 1.0,DisGeNET,false
25855,DOID:1612,CC BY 4.0,DISEASES,false
6955,DOID:8986,,DisGeNET|GWAS Catalog,true
1109,DOID:3312,ODbL 1.0,DisGeNET,false
53944,DOID:1826,CC BY 4.0,DISEASES,false
23619,DOID:8850,ODbL 1.0,DisGeNET,false
2067,DOID:1909,ODbL 1.0,DisGeNET,false
7804,DOID:3393,ODbL 1.0,DisGeNET,false
4864,DOID:9970,ODbL 1.0,DisGeNET,false
4973,DOID:10763,,DISEASES|DisGeNET,false
285761,DOID:1324,CC BY 4.0,GWAS Catalog,true
51719,DOID:2986,ODbL 1.0,DisGeNET,false
56623,DOID:9970,,DISEASES|DisGeNET,false
3123,DOID:1024,,DOAF,false
9132,DOID:1826,CC BY 4.0,DISEASES,false
983,DOID:1781,ODbL 1.0,DisGeNET,false
324,DOID:1324,ODbL 1.0,DisGeNET,false
7414,DOID:12930,,DISEASES|DisGeNET,false
729238,DOID:0050156,,DISEASES|DisGeNET,false
6900,DOID:2531,CC BY 4.0,DISEASES,false
10988,DOID:2986,ODbL 1.0,DisGeNET,false
5925,DOID:1909,,DOAF,false
8000,DOID:10534,ODbL 1.0,DisGeNET,false
5080,DOID:1909,ODbL 1.0,DisGeNET,false
1113,DOID:1324,,DISEASES|DisGeNET,false
3480,DOID:10283,CC BY 4.0,DISEASES,false
2026,DOID:1319,CC BY 4.0,DISEASES,false
3572,DOID:3393,ODbL 1.0,DisGeNET,false
55256,DOID:10283,ODbL 1.0,DisGeNET,false
4843,DOID:2841,ODbL 1.0,DisGeNET,false
146433,DOID:11612,ODbL 1.0,DisGeNET,false
326,DOID:12306,CC BY 4.0,DISEASES,false
3815,DOID:1115,CC BY 4.0,DISEASES|DOAF,false
387836,DOID:4159,CC BY 4.0,DISEASES,false
54901,DOID:8778,CC BY 4.0,GWAS Catalog,true
4293,DOID:1909,ODbL 1.0,DisGeNET,false
3481,DOID:9744,ODbL 1.0,DisGeNET,false
241,DOID:2986,ODbL 1.0,DisGeNET,false
10062,DOID:14221,CC BY 4.0,GWAS Catalog,true
2526,DOID:2986,ODbL 1.0,DisGeNET,false
50944,DOID:263,ODbL 1.0,DisGeNET,false
22974,DOID:263,CC BY 4.0,DISEASES,false
9640,DOID:11476,CC BY 4.0,DISEASES,false
1268,DOID:5419,CC BY 4.0,DISEASES|DOAF,false
2152,DOID:9074,CC BY 4.0,DISEASES,false
9805,DOID:10534,ODbL 1.0,DisGeNET,false
220929,DOID:7148,CC BY 4.0,GWAS Catalog,true
760,DOID:1686,CC BY 4.0,DISEASES,false
9189,DOID:10283,ODbL 1.0,DisGeNET,false
10135,DOID:9970,CC BY 4.0,DISEASES|DOAF,false
51196,DOID:10763,CC BY 4.0,GWAS Catalog,true
5156,DOID:1319,ODbL 1.0,DisGeNET,false
8805,DOID:1781,ODbL 1.0,DisGeNET,false
26137,DOID:10534,,DisGeNET|GWAS Catalog,true
6708,DOID:2355,CC BY 4.0,DISEASES,false
941,DOID:2986,ODbL 1.0,DisGeNET,false
6776,DOID:3393,ODbL 1.0,DisGeNET,false
6440,DOID:0050156,,DISEASES|DisGeNET,false
596,DOID:2841,ODbL 1.0,DisGeNET,false
10690,DOID:5419,CC BY 4.0,GWAS Catalog,true
4303,DOID:4159,CC BY 4.0,DISEASES,false
1545,DOID:1612,,DISEASES|DisGeNET,false
2328,DOID:14221,CC BY 4.0,DISEASES,false
6201,DOID:2355,CC BY 4.0,DISEASES,false
23560,DOID:784,ODbL 1.0,DisGeNET,false
64215,DOID:1909,ODbL 1.0,DisGeNET,false
85417,DOID:184,,DISEASES|DisGeNET,false
4056,DOID:2841,,DISEASES|DOAF|DisGeNET,false
675,DOID:184,ODbL 1.0,DisGeNET,false
84133,DOID:3953,ODbL 1.0,DisGeNET,false
79809,DOID:9970,CC BY 4.0,DISEASES,false
841,DOID:2531,CC BY 4.0,GWAS Catalog,true
1806,DOID:9970,ODbL 1.0,DisGeNET,false
9779,DOID:5419,CC BY 4.0,GWAS Catalog,true
3838,DOID:2986,ODbL 1.0,DisGeNET,false
3040,DOID:9352,CC BY 4.0,DISEASES,false
5781,DOID:2531,,DISEASES|DisGeNET,false
64423,DOID:1312,,DISEASES|DisGeNET,false
2941,DOID:1324,CC BY 4.0,DISEASES,false
92483,DOID:1612,ODbL 1.0,DisGeNET,false
2348,DOID:184,ODbL 1.0,DisGeNET,false
3481,DOID:1936,ODbL 1.0,DisGeNET,false
2312,DOID:8893,CC BY 4.0,DISEASES|DOAF,false
129880,DOID:9970,CC BY 4.0,DISEASES,false
1548,DOID:10283,ODbL 1.0,DisGeNET,false
1287,DOID:784,CC BY 4.0,DISEASES,false
79017,DOID:11714,CC BY 4.0,DISEASES,false
3363,DOID:10763,CC BY 4.0,DISEASES,false
3627,DOID:3310,ODbL 1.0,DisGeNET,false
966,DOID:3393,ODbL 1.0,DisGeNET,false
2260,DOID:3070,ODbL 1.0,DisGeNET,false
6721,DOID:10534,ODbL 1.0,DisGeNET,false
581,DOID:10283,ODbL 1.0,DisGeNET,false
89782,DOID:9835,CC BY 4.0,DISEASES,false
27436,DOID:1324,,DISEASES|DisGeNET,false
55364,DOID:1094,CC BY 4.0,DISEASES,false
3806,DOID:8893,,DOAF,false
94026,DOID:5419,CC BY 4.0,GWAS Catalog,true
5605,DOID:8850,ODbL 1.0,DisGeNET,false
6822,DOID:10283,ODbL 1.0,DisGeNET,false
7157,DOID:11054,,DISEASES|DisGeNET,false
3172,DOID:9352,,DisGeNET|GWAS Catalog,true
10397,DOID:1612,ODbL 1.0,DisGeNET,false
3667,DOID:14221,,DISEASES|DisGeNET,false
6790,DOID:2986,ODbL 1.0,DisGeNET,false
2162,DOID:3393,ODbL 1.0,DisGeNET,false
1490,DOID:3393,ODbL 1.0,DisGeNET,false
6876,DOID:5041,ODbL 1.0,DisGeNET,false
3569,DOID:1909,CC BY 4.0,DISEASES,false
163175,DOID:1826,CC BY 4.0,DISEASES,false
728,DOID:9970,ODbL 1.0,DisGeNET,false
64756,DOID:9970,ODbL 1.0,DisGeNET,false
1235,DOID:7148,,DISEASES|DOAF|DisGeNET|GWAS Catalog,true
57818,DOID:14221,CC BY 4.0,GWAS Catalog,true
226,DOID:2355,CC BY 4.0,DISEASES,false
55872,DOID:11612,ODbL 1.0,DisGeNET,false
9337,DOID:216,CC BY 4.0,DISEASES,false
4005,DOID:2531,,DISEASES|DisGeNET,false
5693,DOID:3393,ODbL 1.0,DisGeNET,false
811,DOID:5041,ODbL 1.0,DisGeNET,false
3237,DOID:11934,ODbL 1.0,DisGeNET,false
5594,DOID:2394,ODbL 1.0,DisGeNET,false
6926,DOID:1612,ODbL 1.0,DisGeNET,false
149233,DOID:10608,,DOAF,false
7113,DOID:10283,ODbL 1.0,DisGeNET,false
1381,DOID:2994,CC BY 4.0,DISEASES,false
81614,DOID:1826,CC BY 4.0,DISEASES,false
405754,DOID:2355,CC BY 4.0,DISEASES,false
50848,DOID:10763,ODbL 1.0,DisGeNET,false
3855,DOID:1245,CC BY 4.0,DISEASES,false
23205,DOID:2394,CC BY 4.0,DISEASES,false
161357,DOID:1826,CC BY 4.0,DISEASES,false
4208,DOID:10652,CC BY 4.0,GWAS Catalog,true
5328,DOID:3393,ODbL 1.0,DisGeNET,false
572,DOID:1686,ODbL 1.0,DisGeNET,false
3605,DOID:8893,CC BY 4.0,DISEASES|DOAF,false
9429,DOID:1826,ODbL 1.0,DisGeNET,false
222698,DOID:5419,CC BY 4.0,GWAS Catalog,true
8554,DOID:1312,ODbL 1.0,DisGeNET,false
55851,DOID:10652,CC BY 4.0,DISEASES,false
11315,DOID:14330,,DISEASES|DOAF|DisGeNET,false
26525,DOID:9008,CC BY 4.0,DISEASES,false
4851,DOID:8850,ODbL 1.0,DisGeNET,false
6855,DOID:1319,CC BY 4.0,DISEASES,false
7884,DOID:2986,ODbL 1.0,DisGeNET,false
2026,DOID:184,CC BY 4.0,DISEASES,false
29103,DOID:1909,ODbL 1.0,DisGeNET,false
2247,DOID:3393,ODbL 1.0,DisGeNET,false
2315,DOID:1909,CC BY 4.0,DISEASES|DOAF,false
8289,DOID:10534,ODbL 1.0,DisGeNET,false
196,DOID:1324,ODbL 1.0,DisGeNET,false
2615,DOID:2841,CC BY 4.0,GWAS Catalog,true
4321,DOID:3083,CC BY 4.0,DOAF|GWAS Catalog,true
5743,DOID:824,,DOAF,false
79156,DOID:2394,ODbL 1.0,DisGeNET,false
220929,DOID:1909,ODbL 1.0,DisGeNET,false
4233,DOID:1324,,DISEASES|DisGeNET,false
84817,DOID:5041,ODbL 1.0,DisGeNET,false
762,DOID:1826,CC BY 4.0,DISEASES,false
1138,DOID:1324,CC BY 4.0,DISEASES,false
133619,DOID:2986,ODbL 1.0,DisGeNET,false
5747,DOID:3070,ODbL 1.0,DisGeNET,false
5743,DOID:5041,,DISEASES|DisGeNET,false
2130,DOID:1319,ODbL 1.0,DisGeNET,false
221079,DOID:1909,ODbL 1.0,DisGeNET,false
7040,DOID:9074,,DOAF,false
949,DOID:12365,CC BY 4.0,DISEASES,false
7515,DOID:10534,ODbL 1.0,DisGeNET,false
3852,DOID:8850,ODbL 1.0,DisGeNET,false
5789,DOID:9352,CC BY 4.0,GWAS Catalog,true
5286,DOID:3393,CC BY 4.0,DISEASES,false
4128,DOID:1595,CC BY 4.0,DISEASES,false
55970,DOID:2986,ODbL 1.0,DisGeNET,false
211,DOID:10763,ODbL 1.0,DisGeNET,false
9700,DOID:11054,ODbL 1.0,DisGeNET,false
56946,DOID:3310,,DisGeNET|GWAS Catalog,true
5803,DOID:1826,ODbL 1.0,DisGeNET,false
102,DOID:2986,ODbL 1.0,DisGeNET,false
85440,DOID:1826,CC BY 4.0,DISEASES,false
6526,DOID:3312,ODbL 1.0,DisGeNET,false
598,DOID:2531,,DISEASES|DisGeNET,false
2939,DOID:1612,CC BY 4.0,DISEASES,false
466,DOID:184,CC BY 4.0,DISEASES,false
4796,DOID:11612,ODbL 1.0,DisGeNET,false
1906,DOID:3393,,DISEASES|DisGeNET,false
2993,DOID:12365,,DISEASES|DisGeNET,false
960,DOID:12306,,DisGeNET|GWAS Catalog,true
23095,DOID:2377,ODbL 1.0,DisGeNET,false
1021,DOID:2174,CC BY 4.0,DISEASES,false
8202,DOID:1612,,DISEASES|DisGeNET,false
959,DOID:9744,ODbL 1.0,DisGeNET,false
7157,DOID:11934,,DISEASES|DOAF|DisGeNET,false
3048,DOID:10283,ODbL 1.0,DisGeNET,false
7057,DOID:3393,ODbL 1.0,DisGeNET,false
840,DOID:2531,ODbL 1.0,DisGeNET,false
10613,DOID:2986,ODbL 1.0,DisGeNET,false
241,DOID:2841,CC BY 4.0,DISEASES,false
5649,DOID:12849,,DISEASES|DOAF|DisGeNET,false
6774,DOID:9744,ODbL 1.0,DisGeNET,false
7994,DOID:8850,ODbL 1.0,DisGeNET,false
1789,DOID:3070,CC BY 4.0,DISEASES,false
29028,DOID:2986,ODbL 1.0,DisGeNET,false
1499,DOID:1793,ODbL 1.0,DisGeNET,false
3593,DOID:7147,,DisGeNET|GWAS Catalog,true
6462,DOID:1612,CC BY 4.0,DISEASES,false
387,DOID:2841,ODbL 1.0,DisGeNET,false
6403,DOID:418,,DOAF,false
5478,DOID:10534,ODbL 1.0,DisGeNET,false
4009,DOID:2394,CC BY 4.0,DISEASES,false
1000,DOID:1826,ODbL 1.0,DisGeNET,false
836,DOID:2394,CC BY 4.0,DISEASES,false
551,DOID:2994,CC BY 4.0,DISEASES,false
7422,DOID:3070,,DISEASES|DisGeNET,false
3356,DOID:0050741,CC BY 4.0,DISEASES,false
57679,DOID:332,CC BY 4.0,DISEASES|DOAF,false
1356,DOID:10652,,DOAF,false
1880,DOID:2986,ODbL 1.0,DisGeNET,false
2931,DOID:3312,ODbL 1.0,DisGeNET,false
6709,DOID:2355,,DOAF,false
1378,DOID:10652,,DISEASES|DOAF|DisGeNET|GWAS Catalog,true
6462,DOID:10283,,DISEASES|DisGeNET,false
4893,DOID:2531,,DISEASES|DisGeNET,false
4599,DOID:2043,,DOAF,false
2932,DOID:10283,ODbL 1.0,DisGeNET,false
1215,DOID:3310,CC BY 4.0,DISEASES,false
10891,DOID:12236,ODbL 1.0,DisGeNET,false
1636,DOID:6364,,DOAF,false
1312,DOID:3312,,DISEASES|DOAF|DisGeNET,false
3071,DOID:2986,ODbL 1.0,DisGeNET,false
23042,DOID:2986,ODbL 1.0,DisGeNET,false
7994,DOID:1319,ODbL 1.0,DisGeNET,false
4312,DOID:9352,ODbL 1.0,DisGeNET,false
3791,DOID:1909,,DOAF,false
81607,DOID:2377,CC BY 4.0,DISEASES,false
10971,DOID:10652,CC BY 4.0,DISEASES,false
4133,DOID:10871,CC BY 4.0,DISEASES,false
2023,DOID:11476,ODbL 1.0,DisGeNET,false
8028,DOID:3565,ODbL 1.0,DisGeNET,false
10266,DOID:10763,ODbL 1.0,DisGeNET,false
55879,DOID:1094,CC BY 4.0,DISEASES,false
3766,DOID:332,ODbL 1.0,DisGeNET,false
7133,DOID:7148,,DISEASES|DOAF|DisGeNET,false
1670,DOID:8577,ODbL 1.0,DisGeNET,false
5328,DOID:2841,ODbL 1.0,DOAF|DisGeNET,false
1471,DOID:3393,CC BY 4.0,DISEASES,false
1588,DOID:11612,,DISEASES|DOAF|DisGeNET,false
6752,DOID:1826,ODbL 1.0,DisGeNET,false
6332,DOID:12849,ODbL 1.0,DisGeNET,false
54431,DOID:10283,ODbL 1.0,DisGeNET,false
6469,DOID:4159,CC BY 4.0,DISEASES,false
1277,DOID:12185,CC BY 4.0,DISEASES,false
1543,DOID:10283,ODbL 1.0,DisGeNET,false
114798,DOID:11119,,DISEASES|DOAF|DisGeNET,false
2041,DOID:10763,CC BY 4.0,DISEASES,false
7252,DOID:3565,CC BY 4.0,DISEASES,false
6496,DOID:1826,CC BY 4.0,DISEASES,false
4061,DOID:1793,ODbL 1.0,DisGeNET,false
1634,DOID:9970,ODbL 1.0,DisGeNET,false
8913,DOID:1826,ODbL 1.0,DOAF|DisGeNET,false
2557,DOID:0050742,CC BY 4.0,DISEASES,false
64764,DOID:1612,CC BY 4.0,DISEASES,false
3398,DOID:2174,CC BY 4.0,DISEASES,false
6648,DOID:10763,ODbL 1.0,DisGeNET,false
9369,DOID:9970,CC BY 4.0,GWAS Catalog,true
1375,DOID:8986,,DISEASES|DisGeNET,false
5999,DOID:2986,ODbL 1.0,DisGeNET,false
9623,DOID:1612,ODbL 1.0,DisGeNET,false
4929,DOID:14330,CC BY 4.0,DISEASES|DOAF,false
81533,DOID:2986,ODbL 1.0,DisGeNET,false
4282,DOID:9352,ODbL 1.0,DisGeNET,false
325,DOID:3571,ODbL 1.0,DisGeNET,false
590,DOID:3070,ODbL 1.0,DisGeNET,false
3082,DOID:14330,ODbL 1.0,DisGeNET,false
1401,DOID:1936,,DISEASES|DOAF|DisGeNET,false
3169,DOID:10283,,DISEASES|DisGeNET,false
249,DOID:3571,CC BY 4.0,DISEASES,false
3691,DOID:8850,ODbL 1.0,DisGeNET,false
5634,DOID:13189,CC BY 4.0,DISEASES,false
8823,DOID:8850,ODbL 1.0,DisGeNET,false
1520,DOID:9970,ODbL 1.0,DisGeNET,false
221294,DOID:1909,ODbL 1.0,DisGeNET,false
367,DOID:14227,,DOAF,false
5074,DOID:5419,,DOAF,false
51094,DOID:9970,,DISEASES|DOAF|DisGeNET,false
4151,DOID:3393,,DISEASES|DisGeNET,false
885,DOID:1793,CC BY 4.0,DISEASES,false
2878,DOID:3571,ODbL 1.0,DisGeNET,false
1179,DOID:2841,CC BY 4.0,DISEASES|DOAF,false
29929,DOID:2986,ODbL 1.0,DisGeNET,false
4524,DOID:1686,,DOAF,false
3567,DOID:2841,,DISEASES|DOAF|DisGeNET,false
1281,DOID:10763,ODbL 1.0,DisGeNET,false
5340,DOID:1612,CC BY 4.0,DISEASES,false
1364,DOID:1612,ODbL 1.0,DisGeNET,false
8856,DOID:184,ODbL 1.0,DisGeNET,false
7351,DOID:9352,ODbL 1.0,DisGeNET,false
4153,DOID:7148,,DOAF,false
2547,DOID:9074,CC BY 4.0,DISEASES,false
5345,DOID:824,CC BY 4.0,DISEASES,false
7301,DOID:1826,CC BY 4.0,DISEASES,false
221895,DOID:10283,ODbL 1.0,DisGeNET,false
7048,DOID:10283,ODbL 1.0,DisGeNET,false
477,DOID:6364,CC BY 4.0,DISEASES|DOAF,false
7076,DOID:2986,ODbL 1.0,DisGeNET,false
3596,DOID:3310,,DISEASES|DisGeNET|GWAS Catalog,true
5020,DOID:12849,,DISEASES|DisGeNET,false
2908,DOID:10763,,DISEASES|DOAF|DisGeNET,false
9896,DOID:332,CC BY 4.0,DISEASES,false
1824,DOID:2986,ODbL 1.0,DisGeNET,false
3630,DOID:9744,,DisGeNET|GWAS Catalog,true
135154,DOID:9352,CC BY 4.0,GWAS Catalog,true
4846,DOID:10652,ODbL 1.0,DOAF|DisGeNET,false
1605,DOID:10283,ODbL 1.0,DisGeNET,false
7124,DOID:9352,ODbL 1.0,DisGeNET,false
3725,DOID:1826,ODbL 1.0,DisGeNET,false
3603,DOID:3070,ODbL 1.0,DisGeNET,false
3929,DOID:14221,ODbL 1.0,DisGeNET,false
6926,DOID:10534,ODbL 1.0,DisGeNET,false
7296,DOID:1826,ODbL 1.0,DisGeNET,false
6165,DOID:2355,CC BY 4.0,DISEASES,false
4221,DOID:1781,,DISEASES|DisGeNET,false
55867,DOID:13189,CC BY 4.0,DISEASES,false
80310,DOID:3393,CC BY 4.0,GWAS Catalog,true
83482,DOID:1993,CC BY 4.0,DISEASES,false
356,DOID:7148,,DOAF,false
3593,DOID:8577,,DisGeNET|GWAS Catalog,true
6890,DOID:3393,ODbL 1.0,DisGeNET,false
3630,DOID:14221,ODbL 1.0,DisGeNET,false
2670,DOID:14330,ODbL 1.0,DisGeNET,false
6649,DOID:10763,ODbL 1.0,DisGeNET,false
973,DOID:2986,CC BY 4.0,DISEASES,false
29766,DOID:332,CC BY 4.0,DISEASES,false
7169,DOID:5041,ODbL 1.0,DisGeNET,false
5140,DOID:11612,ODbL 1.0,DisGeNET,false
3356,DOID:3393,CC BY 4.0,DISEASES,false
10855,DOID:2986,ODbL 1.0,DisGeNET,false
217,DOID:0050741,CC BY 4.0,DISEASES,false
60489,DOID:2043,,DOAF,false
182,DOID:11054,CC BY 4.0,GWAS Catalog,true
2806,DOID:12236,CC BY 4.0,DISEASES,false
54986,DOID:2531,,DisGeNET|GWAS Catalog,true
9881,DOID:3312,CC BY 4.0,GWAS Catalog,true
3481,DOID:12849,ODbL 1.0,DisGeNET,false
857,DOID:9970,ODbL 1.0,DisGeNET,false
160851,DOID:585,CC BY 4.0,GWAS Catalog,true
6258,DOID:3393,ODbL 1.0,DisGeNET,false
84444,DOID:2531,CC BY 4.0,DISEASES,false
3133,DOID:5419,CC BY 4.0,GWAS Catalog,true
55198,DOID:2986,ODbL 1.0,DisGeNET,false
57410,DOID:2531,CC BY 4.0,DISEASES,false
972,DOID:1324,ODbL 1.0,DisGeNET,false
81565,DOID:5419,CC BY 4.0,DISEASES|DOAF,false
3329,DOID:1936,CC BY 4.0,DISEASES,false
2253,DOID:9296,ODbL 1.0,DisGeNET,false
2057,DOID:2355,CC BY 4.0,DISEASES,false
9839,DOID:263,CC BY 4.0,GWAS Catalog,true
23245,DOID:12849,ODbL 1.0,DisGeNET,false
1843,DOID:4989,ODbL 1.0,DisGeNET,false
1234,DOID:10652,ODbL 1.0,DisGeNET,false
51733,DOID:1826,ODbL 1.0,DisGeNET,false
6906,DOID:12361,CC BY 4.0,DISEASES,false
958,DOID:10976,ODbL 1.0,DisGeNET,false
7124,DOID:11476,,DOAF,false
6774,DOID:8577,ODbL 1.0,DisGeNET,false
8828,DOID:12849,ODbL 1.0,DisGeNET,false
6774,DOID:1324,,DISEASES|DisGeNET,false
1490,DOID:9352,ODbL 1.0,DisGeNET,false
2166,DOID:9970,ODbL 1.0,DOAF|DisGeNET,false
8651,DOID:3393,ODbL 1.0,DisGeNET,false
894,DOID:2531,CC BY 4.0,DISEASES,false
154,DOID:8577,ODbL 1.0,DisGeNET,false
3123,DOID:2043,,DOAF,false
84938,DOID:14330,CC BY 4.0,DISEASES,false
1815,DOID:1094,CC BY 4.0,DISEASES|DOAF,false
183,DOID:9970,CC BY 4.0,DISEASES,false
282617,DOID:3310,ODbL 1.0,DisGeNET,false
2149,DOID:3393,CC BY 4.0,DISEASES,false
3565,DOID:4481,CC BY 4.0,DISEASES,false
5617,DOID:9970,CC BY 4.0,DISEASES,false
80324,DOID:2355,CC BY 4.0,DISEASES,false
2778,DOID:11612,ODbL 1.0,DisGeNET,false
3574,DOID:3070,ODbL 1.0,DisGeNET,false
5734,DOID:4159,CC BY 4.0,DISEASES,false
5979,DOID:1826,ODbL 1.0,DisGeNET,false
3119,DOID:2841,,DOAF|DisGeNET|GWAS Catalog,true
6387,DOID:9074,,DOAF,false
81858,DOID:3310,ODbL 1.0,DisGeNET,false
6231,DOID:2355,CC BY 4.0,DISEASES,false
7056,DOID:9352,ODbL 1.0,DisGeNET,false
3106,DOID:2377,CC BY 4.0,DISEASES,false
10296,DOID:10283,CC BY 4.0,DISEASES,false
2560,DOID:12849,ODbL 1.0,DisGeNET,false
10800,DOID:4481,CC BY 4.0,DISEASES,false
823,DOID:1826,CC BY 4.0,DISEASES,false
8148,DOID:184,ODbL 1.0,DisGeNET,false
2066,DOID:3121,ODbL 1.0,DisGeNET,false
4015,DOID:7693,ODbL 1.0,DisGeNET,false
119,DOID:11119,CC BY 4.0,DISEASES,false
8379,DOID:10283,ODbL 1.0,DisGeNET,false
8431,DOID:2043,,DOAF,false
306,DOID:10283,ODbL 1.0,DisGeNET,false
4036,DOID:10763,ODbL 1.0,DisGeNET,false
360,DOID:2394,ODbL 1.0,DisGeNET,false
4968,DOID:263,ODbL 1.0,DisGeNET,false
5460,DOID:2994,,DISEASES|DisGeNET,false
5933,DOID:2174,CC BY 4.0,DISEASES,false
5108,DOID:5419,,DOAF,false
1081,DOID:12995,CC BY 4.0,DISEASES,false
53826,DOID:5419,,DOAF,false
4318,DOID:7148,CC BY 4.0,DISEASES,false
6480,DOID:5041,CC BY 4.0,GWAS Catalog,true
933,DOID:2531,CC BY 4.0,DISEASES,false
9689,DOID:1909,ODbL 1.0,DisGeNET,false
5080,DOID:9835,CC BY 4.0,DISEASES,false
1118,DOID:2841,,DOAF,false
632,DOID:8398,CC BY 4.0,DISEASES,false
7366,DOID:10283,ODbL 1.0,DisGeNET,false
4313,DOID:2998,ODbL 1.0,DisGeNET,false
79068,DOID:1612,,DisGeNET|GWAS Catalog,true
9145,DOID:5419,,DOAF,false
4524,DOID:9352,ODbL 1.0,DisGeNET,false
2057,DOID:1781,ODbL 1.0,DisGeNET,false
6134,DOID:10283,ODbL 1.0,DisGeNET,false
120892,DOID:263,ODbL 1.0,DisGeNET,false
127,DOID:4989,CC BY 4.0,DISEASES,false
1879,DOID:1612,CC BY 4.0,GWAS Catalog,true
1380,DOID:9074,,DISEASES|DisGeNET,false
4325,DOID:3312,CC BY 4.0,GWAS Catalog,true
25780,DOID:9074,,DisGeNET|GWAS Catalog,true
55423,DOID:9744,CC BY 4.0,GWAS Catalog,true
23271,DOID:1826,CC BY 4.0,GWAS Catalog,true
54541,DOID:2531,ODbL 1.0,DisGeNET,false
6714,DOID:2531,CC BY 4.0,DISEASES,false
8842,DOID:3571,CC BY 4.0,DISEASES,false
149233,DOID:9008,CC BY 4.0,DISEASES,false
3596,DOID:12849,ODbL 1.0,DisGeNET,false
595,DOID:11934,CC BY 4.0,DISEASES,false
10451,DOID:2986,ODbL 1.0,DisGeNET,false
50604,DOID:784,ODbL 1.0,DisGeNET,false
699,DOID:2986,ODbL 1.0,DisGeNET,false
2492,DOID:11612,,DISEASES|DOAF|DisGeNET|GWAS Catalog,true
9900,DOID:1826,CC BY 4.0,DISEASES,false
267012,DOID:5419,CC BY 4.0,DISEASES|DOAF,false
2740,DOID:1793,CC BY 4.0,DISEASES,false
2886,DOID:10283,ODbL 1.0,DisGeNET,false
5798,DOID:9744,,DISEASES|DisGeNET,false
63897,DOID:1612,CC BY 4.0,DISEASES,false
2859,DOID:14268,CC BY 4.0,GWAS Catalog,true
83552,DOID:1686,CC BY 4.0,DISEASES,false
3596,DOID:418,,DOAF,false
7403,DOID:11054,ODbL 1.0,DisGeNET,false
5728,DOID:2841,ODbL 1.0,DisGeNET,false
51649,DOID:1612,ODbL 1.0,DisGeNET,false
6608,DOID:1686,ODbL 1.0,DisGeNET,false
943,DOID:1612,CC BY 4.0,DISEASES,false
113189,DOID:1781,CC BY 4.0,DISEASES,false
5144,DOID:10763,,DOAF,false
7035,DOID:2986,ODbL 1.0,DisGeNET,false
5972,DOID:11476,ODbL 1.0,DisGeNET,false
4313,DOID:1612,,DISEASES|DisGeNET,false
3091,DOID:1781,ODbL 1.0,DisGeNET,false
64127,DOID:1024,CC BY 4.0,GWAS Catalog,true
79783,DOID:6364,,DisGeNET|GWAS Catalog,true
23543,DOID:8850,ODbL 1.0,DisGeNET,false
5243,DOID:2531,,DISEASES|DisGeNET,false
5074,DOID:10283,ODbL 1.0,DisGeNET,false
2056,DOID:1909,ODbL 1.0,DisGeNET,false
5770,DOID:9970,CC BY 4.0,DISEASES|DOAF,false
7133,DOID:10652,,DOAF,false
3850,DOID:11612,ODbL 1.0,DisGeNET,false
3973,DOID:11612,CC BY 4.0,DISEASES|GWAS Catalog,true
6009,DOID:1324,ODbL 1.0,DisGeNET,false
6572,DOID:2841,ODbL 1.0,DisGeNET,false
1571,DOID:10283,ODbL 1.0,DisGeNET,false
10019,DOID:3393,,DisGeNET|GWAS Catalog,true
55133,DOID:1686,CC BY 4.0,DISEASES,false
11186,DOID:11054,ODbL 1.0,DisGeNET,false
5341,DOID:11476,ODbL 1.0,DisGeNET,false
241,DOID:10763,ODbL 1.0,DisGeNET,false
9341,DOID:8778,CC BY 4.0,GWAS Catalog,true
7045,DOID:10763,CC BY 4.0,DISEASES,false
9947,DOID:1909,ODbL 1.0,DisGeNET,false
5728,DOID:2986,ODbL 1.0,DisGeNET,false
6204,DOID:2355,CC BY 4.0,DISEASES,false
4741,DOID:1459,ODbL 1.0,DisGeNET,false
4193,DOID:4045,CC BY 4.0,DISEASES,false
4286,DOID:1909,,DISEASES|DOAF|DisGeNET,false
8224,DOID:5419,,DOAF,false
79633,DOID:5041,ODbL 1.0,DisGeNET,false
4817,DOID:1793,CC BY 4.0,DISEASES,false
10274,DOID:5419,CC BY 4.0,GWAS Catalog,true
4192,DOID:3070,ODbL 1.0,DisGeNET,false
2006,DOID:1936,CC BY 4.0,DISEASES,false
3956,DOID:2994,CC BY 4.0,DISEASES,false
6548,DOID:10763,,DISEASES|DisGeNET,false
355,DOID:9074,ODbL 1.0,DOAF|DisGeNET,false
466,DOID:11612,ODbL 1.0,DisGeNET,false
92912,DOID:784,CC BY 4.0,GWAS Catalog,true
6582,DOID:784,,DisGeNET|GWAS Catalog,true
1508,DOID:10283,ODbL 1.0,DisGeNET,false
3553,DOID:12365,,DOAF,false
3811,DOID:7147,CC BY 4.0,DISEASES|DOAF,false
2733,DOID:219,CC BY 4.0,DISEASES,false
4312,DOID:1686,ODbL 1.0,DisGeNET,false
643,DOID:12236,,DisGeNET|GWAS Catalog,true
7124,DOID:10534,ODbL 1.0,DisGeNET,false
4089,DOID:10534,ODbL 1.0,DisGeNET,false
7048,DOID:9352,ODbL 1.0,DisGeNET,false
4586,DOID:3083,ODbL 1.0,DisGeNET,false
121642,DOID:8850,CC BY 4.0,DISEASES,false
5728,DOID:11934,,DISEASES|DisGeNET,false
102,DOID:10652,CC BY 4.0,DISEASES,false
3312,DOID:14330,ODbL 1.0,DisGeNET,false
405753,DOID:1459,CC BY 4.0,DISEASES,false
873,DOID:10283,ODbL 1.0,DisGeNET,false
7841,DOID:184,CC BY 4.0,DISEASES,false
5657,DOID:8577,CC BY 4.0,DISEASES,false
2492,DOID:14227,CC BY 4.0,DISEASES,false
84062,DOID:3312,CC BY 4.0,DISEASES,false
5174,DOID:10283,ODbL 1.0,DisGeNET,false
10630,DOID:10283,CC BY 4.0,DISEASES,false
847,DOID:13241,ODbL 1.0,DisGeNET,false
25865,DOID:2531,CC BY 4.0,GWAS Catalog,true
221458,DOID:3393,,DISEASES|DisGeNET,false
7072,DOID:0060073,CC BY 4.0,DISEASES,false
10630,DOID:1612,CC BY 4.0,DISEASES,false
10758,DOID:8893,,DisGeNET|GWAS Catalog,true
348,DOID:5419,,DOAF,false
914,DOID:2531,CC BY 4.0,DISEASES,false
2048,DOID:10283,,DISEASES|DisGeNET,false
6236,DOID:1324,ODbL 1.0,DisGeNET,false
4485,DOID:14268,,DisGeNET|GWAS Catalog,true
4200,DOID:2986,ODbL 1.0,DisGeNET,false
7088,DOID:1115,,DOAF,false
1509,DOID:7148,ODbL 1.0,DisGeNET,false
546,DOID:1793,ODbL 1.0,DisGeNET,false
5578,DOID:10763,ODbL 1.0,DisGeNET,false
57216,DOID:9835,CC BY 4.0,DISEASES,false
1437,DOID:2531,,DISEASES|DisGeNET,false
5367,DOID:2841,CC BY 4.0,DISEASES,false
3881,DOID:4159,CC BY 4.0,DISEASES,false
864,DOID:5041,ODbL 1.0,DisGeNET,false
2186,DOID:1324,CC BY 4.0,GWAS Catalog,true
1586,DOID:10283,,DISEASES|DisGeNET,false
4654,DOID:1115,CC BY 4.0,DISEASES,false
226,DOID:1324,ODbL 1.0,DisGeNET,false
1823,DOID:1909,ODbL 1.0,DisGeNET,false
7273,DOID:12930,ODbL 1.0,DOAF|DisGeNET,false
5621,DOID:10283,ODbL 1.0,DisGeNET,false
132625,DOID:2994,CC BY 4.0,DISEASES,false
3958,DOID:9744,ODbL 1.0,DisGeNET,false
9088,DOID:1909,ODbL 1.0,DisGeNET,false
5795,DOID:2531,CC BY 4.0,DISEASES,false
5250,DOID:2986,ODbL 1.0,DisGeNET,false
26056,DOID:12849,ODbL 1.0,DisGeNET,false
4543,DOID:9352,ODbL 1.0,DisGeNET,false
6716,DOID:363,ODbL 1.0,DisGeNET,false
762,DOID:10652,CC BY 4.0,DISEASES,false
2678,DOID:14268,CC BY 4.0,DISEASES,false
6285,DOID:1826,ODbL 1.0,DisGeNET,false
207,DOID:10283,,DISEASES|DisGeNET,false
2271,DOID:263,CC BY 4.0,DISEASES,false
84467,DOID:11612,CC BY 4.0,DISEASES|DOAF,false
7515,DOID:11054,,DISEASES|DisGeNET,false
207,DOID:3070,CC BY 4.0,DISEASES,false
4633,DOID:3393,CC BY 4.0,GWAS Catalog,true
22800,DOID:2394,ODbL 1.0,DisGeNET,false
3952,DOID:12849,ODbL 1.0,DisGeNET,false
5592,DOID:14004,CC BY 4.0,DISEASES,false
6098,DOID:3070,ODbL 1.0,DisGeNET,false
841,DOID:3310,ODbL 1.0,DisGeNET,false
4736,DOID:2355,CC BY 4.0,DISEASES,false
4729,DOID:3312,,DISEASES|DOAF|DisGeNET,false
8932,DOID:4606,CC BY 4.0,DISEASES,false
5621,DOID:2377,,DOAF,false
3119,DOID:2377,ODbL 1.0,DOAF|DisGeNET,false
55967,DOID:184,CC BY 4.0,DISEASES,false
4594,DOID:9970,ODbL 1.0,DisGeNET,false
149233,DOID:1024,,DisGeNET|GWAS Catalog,true
28957,DOID:1612,ODbL 1.0,DisGeNET,false
1493,DOID:2841,,DOAF,false
7328,DOID:11612,ODbL 1.0,DisGeNET,false
2348,DOID:2394,,DISEASES|DisGeNET,false
3791,DOID:263,CC BY 4.0,DISEASES,false
2280,DOID:5041,ODbL 1.0,DisGeNET,false
9520,DOID:5419,CC BY 4.0,DISEASES,false
64858,DOID:2355,CC BY 4.0,DISEASES,false
93659,DOID:11612,ODbL 1.0,DisGeNET,false
6513,DOID:263,ODbL 1.0,DisGeNET,false
947,DOID:1115,CC BY 4.0,DISEASES,false
4514,DOID:1826,ODbL 1.0,DisGeNET,false
64478,DOID:8893,ODbL 1.0,DisGeNET,false
84152,DOID:14330,CC BY 4.0,DISEASES,false
4741,DOID:332,CC BY 4.0,DISEASES,false
348932,DOID:10763,ODbL 1.0,DisGeNET,false
1026,DOID:3571,CC BY 4.0,DISEASES,false
5506,DOID:9352,ODbL 1.0,DisGeNET,false
51477,DOID:11612,ODbL 1.0,DisGeNET,false
2072,DOID:11054,ODbL 1.0,DisGeNET,false
3265,DOID:363,CC BY 4.0,DISEASES,false
4157,DOID:12306,,DisGeNET|GWAS Catalog,true
718,DOID:10871,,DISEASES|DOAF|DisGeNET|GWAS Catalog,true
4233,DOID:3070,,DISEASES|DisGeNET,false
23492,DOID:2531,,DisGeNET|GWAS Catalog,true
1815,DOID:11119,CC BY 4.0,DISEASES,false
3586,DOID:3083,,DOAF,false
84529,DOID:2355,CC BY 4.0,DISEASES,false
604,DOID:0060073,CC BY 4.0,DISEASES,false
5268,DOID:1909,,DOAF,false
79728,DOID:3312,CC BY 4.0,GWAS Catalog,true
1408,DOID:2531,ODbL 1.0,DisGeNET,false
5468,DOID:11612,ODbL 1.0,DOAF|DisGeNET,false
6528,DOID:1459,CC BY 4.0,DISEASES|DOAF,false
3091,DOID:14268,ODbL 1.0,DisGeNET,false
56992,DOID:2986,ODbL 1.0,DisGeNET,false
1399,DOID:2531,CC BY 4.0,DISEASES,false
125972,DOID:8986,CC BY 4.0,DISEASES,false
3845,DOID:1993,CC BY 4.0,DISEASES,false
1573,DOID:10763,ODbL 1.0,DOAF|DisGeNET,false
8826,DOID:2986,ODbL 1.0,DisGeNET,false
1298,DOID:90,CC BY 4.0,DISEASES,false
2950,DOID:14330,ODbL 1.0,DisGeNET,false
6756,DOID:1115,,DOAF,false
2130,DOID:1115,,DOAF,false
6403,DOID:3393,,DISEASES|DisGeNET,false
1387,DOID:1324,ODbL 1.0,DisGeNET,false
8604,DOID:7148,ODbL 1.0,DisGeNET,false
4893,DOID:4159,CC BY 4.0,DISEASES,false
6648,DOID:10283,ODbL 1.0,DisGeNET,false
2923,DOID:10283,ODbL 1.0,DisGeNET,false
54474,DOID:10534,ODbL 1.0,DisGeNET,false
5457,DOID:4362,ODbL 1.0,DisGeNET,false
929,DOID:8577,,DOAF,false
4507,DOID:1909,ODbL 1.0,DisGeNET,false
648,DOID:184,ODbL 1.0,DisGeNET,false
3600,DOID:7148,CC BY 4.0,DISEASES|DOAF,false
4591,DOID:2986,ODbL 1.0,DisGeNET,false
1956,DOID:11934,,DISEASES|DOAF|DisGeNET,false
1524,DOID:1826,ODbL 1.0,DisGeNET,false
2678,DOID:3393,ODbL 1.0,DisGeNET,false
2867,DOID:9970,CC BY 4.0,DISEASES,false
3002,DOID:1612,ODbL 1.0,DisGeNET,false
7157,DOID:1319,,DISEASES|DisGeNET,false
5142,DOID:2841,ODbL 1.0,DisGeNET,false
1268,DOID:2377,,DISEASES|DOAF|DisGeNET,false
5350,DOID:3393,ODbL 1.0,DisGeNET,false
858,DOID:1686,,DISEASES|DisGeNET,false
958,DOID:12361,CC BY 4.0,DISEASES|DOAF,false
7490,DOID:3070,ODbL 1.0,DisGeNET,false
6402,DOID:7693,ODbL 1.0,DisGeNET,false
51072,DOID:0050425,CC BY 4.0,DISEASES,false
3586,DOID:3310,,DISEASES|DisGeNET,false
3265,DOID:4606,CC BY 4.0,DISEASES,false
6337,DOID:10763,ODbL 1.0,DisGeNET,false
29893,DOID:10283,ODbL 1.0,DisGeNET,false
116379,DOID:2377,CC BY 4.0,GWAS Catalog,true
563,DOID:11612,ODbL 1.0,DisGeNET,false
5792,DOID:9970,ODbL 1.0,DisGeNET,false
171023,DOID:2531,CC BY 4.0,DISEASES,false
9943,DOID:2986,ODbL 1.0,DisGeNET,false
596,DOID:2531,,DISEASES|DisGeNET|GWAS Catalog,true
3265,DOID:1612,,DISEASES|DisGeNET,false
57016,DOID:363,ODbL 1.0,DisGeNET,false
597,DOID:1612,ODbL 1.0,DisGeNET,false
9950,DOID:1781,ODbL 1.0,DisGeNET,false
3486,DOID:10534,ODbL 1.0,DisGeNET,false
6348,DOID:7148,CC BY 4.0,DISEASES,false
26235,DOID:2986,ODbL 1.0,DisGeNET,false
323,DOID:10652,ODbL 1.0,DisGeNET,false
1892,DOID:10534,ODbL 1.0,DisGeNET,false
3588,DOID:8986,CC BY 4.0,GWAS Catalog,true
6928,DOID:2394,CC BY 4.0,DISEASES|GWAS Catalog,true
22794,DOID:2531,CC BY 4.0,DISEASES,false
10133,DOID:5408,,DisGeNET|GWAS Catalog,true
3280,DOID:1319,ODbL 1.0,DisGeNET,false
5420,DOID:5419,CC BY 4.0,GWAS Catalog,true
4830,DOID:1192,ODbL 1.0,DisGeNET,false
1493,DOID:10608,ODbL 1.0,DOAF|DisGeNET,false
5599,DOID:1936,CC BY 4.0,DISEASES,false
9365,DOID:10763,ODbL 1.0,DisGeNET,false
2099,DOID:11054,ODbL 1.0,DisGeNET,false
515,DOID:2986,ODbL 1.0,DisGeNET,false
112476,DOID:6364,CC BY 4.0,DISEASES,false
1956,DOID:1324,,DISEASES|DisGeNET,false
1761,DOID:2994,,DISEASES|DisGeNET,false
27087,DOID:2531,CC BY 4.0,DISEASES,false
2192,DOID:10283,ODbL 1.0,DisGeNET,false
301,DOID:10283,ODbL 1.0,DisGeNET,false
3558,DOID:2377,CC BY 4.0,DISEASES|DOAF,false
3356,DOID:3312,,DISEASES|DOAF|DisGeNET,false
7049,DOID:2531,CC BY 4.0,DISEASES,false
5229,DOID:2986,ODbL 1.0,DisGeNET,false
100133941,DOID:2377,ODbL 1.0,DisGeNET,false
55690,DOID:9970,,DisGeNET|GWAS Catalog,true
3265,DOID:4159,CC BY 4.0,DISEASES,false
972,DOID:2531,CC BY 4.0,DISEASES,false
331,DOID:5041,ODbL 1.0,DisGeNET,false
54,DOID:2531,CC BY 4.0,DISEASES,false
3383,DOID:8893,CC BY 4.0,DISEASES,false
9582,DOID:4362,ODbL 1.0,DisGeNET,false
1300,DOID:8398,CC BY 4.0,DISEASES,false
847,DOID:1826,ODbL 1.0,DisGeNET,false
388697,DOID:3310,CC BY 4.0,DISEASES,false
6490,DOID:1909,,DOAF,false
79722,DOID:7148,,DisGeNET|GWAS Catalog,true
133,DOID:3393,CC BY 4.0,DISEASES,false
10215,DOID:1319,CC BY 4.0,DISEASES,false
10457,DOID:1612,ODbL 1.0,DisGeNET,false
80781,DOID:1115,ODbL 1.0,DisGeNET,false
10979,DOID:11054,ODbL 1.0,DisGeNET,false
5252,DOID:10652,CC BY 4.0,DISEASES,false
2272,DOID:10283,ODbL 1.0,DisGeNET,false
1522,DOID:2531,ODbL 1.0,DisGeNET,false
355,DOID:2531,,DISEASES|DisGeNET|GWAS Catalog,true
1366,DOID:263,CC BY 4.0,DISEASES,false
4804,DOID:10652,CC BY 4.0,DISEASES|DOAF,false
654,DOID:2355,ODbL 1.0,DisGeNET,false
3845,DOID:1115,,DISEASES|DisGeNET,false
5032,DOID:8986,ODbL 1.0,DisGeNET,false
3621,DOID:11934,ODbL 1.0,DisGeNET,false
3700,DOID:635,CC BY 4.0,DISEASES,false
7380,DOID:2394,CC BY 4.0,DISEASES,false
3812,DOID:2531,CC BY 4.0,DISEASES,false
31,DOID:9352,CC BY 4.0,DISEASES,false
7112,DOID:2986,ODbL 1.0,DisGeNET,false
8792,DOID:5408,,DOAF|DisGeNET|GWAS Catalog,true
11251,DOID:4481,CC BY 4.0,DISEASES,false
427,DOID:1826,CC BY 4.0,DISEASES,false
83879,DOID:1612,CC BY 4.0,GWAS Catalog,true
3600,DOID:635,CC BY 4.0,DISEASES,false
655,DOID:10283,ODbL 1.0,DisGeNET,false
8673,DOID:2986,ODbL 1.0,DisGeNET,false
51280,DOID:3571,CC BY 4.0,DISEASES,false
7133,DOID:9970,ODbL 1.0,DisGeNET,false
207,DOID:2531,CC BY 4.0,DISEASES,false
1535,DOID:1936,,DISEASES|DOAF|DisGeNET,false
3480,DOID:263,ODbL 1.0,DisGeNET,false
7252,DOID:3312,ODbL 1.0,DisGeNET,false
3084,DOID:1781,CC BY 4.0,GWAS Catalog,true
2993,DOID:2531,CC BY 4.0,DISEASES,false
5406,DOID:9970,,DISEASES|DisGeNET,false
6660,DOID:14227,CC BY 4.0,GWAS Catalog,true
6855,DOID:3070,CC BY 4.0,DISEASES,false
1827,DOID:10652,,DOAF,false
5771,DOID:9744,CC BY 4.0,GWAS Catalog,true
56606,DOID:585,CC BY 4.0,DISEASES,false
4524,DOID:10652,ODbL 1.0,DisGeNET,false
7040,DOID:8398,CC BY 4.0,DISEASES|DOAF,false
93034,DOID:11920,CC BY 4.0,DISEASES,false
3575,DOID:8577,,DisGeNET|GWAS Catalog,true
388336,DOID:9835,CC BY 4.0,DISEASES|GWAS Catalog,true
6580,DOID:10283,CC BY 4.0,GWAS Catalog,true
627,DOID:10534,ODbL 1.0,DisGeNET,false
5034,DOID:11476,ODbL 1.0,DisGeNET,false
10146,DOID:2986,ODbL 1.0,DisGeNET,false
2068,DOID:10283,ODbL 1.0,DisGeNET,false
123,DOID:10534,ODbL 1.0,DisGeNET,false
5744,DOID:4989,ODbL 1.0,DisGeNET,false
4846,DOID:3083,ODbL 1.0,DOAF|DisGeNET,false
8897,DOID:8778,CC BY 4.0,GWAS Catalog,true
1019,DOID:10534,ODbL 1.0,DisGeNET,false
2693,DOID:9970,CC BY 4.0,DISEASES|DOAF,false
495,DOID:5041,CC BY 4.0,DISEASES,false
920,DOID:12365,CC BY 4.0,DISEASES,false
213,DOID:3571,CC BY 4.0,DISEASES,false
64919,DOID:2531,,DISEASES|DisGeNET,false
324,DOID:1612,ODbL 1.0,DisGeNET,false
2081,DOID:1826,ODbL 1.0,DisGeNET,false
10867,DOID:1964,CC BY 4.0,DISEASES,false
147906,DOID:11612,ODbL 1.0,DisGeNET,false
5071,DOID:3070,ODbL 1.0,DisGeNET,false
5243,DOID:1612,,DISEASES|DisGeNET,false
6817,DOID:1612,ODbL 1.0,DisGeNET,false
8644,DOID:363,ODbL 1.0,DisGeNET,false
4893,DOID:3121,CC BY 4.0,DISEASES,false
7294,DOID:2531,CC BY 4.0,DISEASES,false
51218,DOID:2355,,DISEASES|DisGeNET,false
1728,DOID:2531,ODbL 1.0,DisGeNET,false
3240,DOID:1612,ODbL 1.0,DisGeNET,false
3158,DOID:3393,ODbL 1.0,DisGeNET,false
9348,DOID:5419,CC BY 4.0,GWAS Catalog,true
64137,DOID:10871,CC BY 4.0,DISEASES,false
7299,DOID:12306,CC BY 4.0,DISEASES|DOAF|GWAS Catalog,true
2952,DOID:2531,ODbL 1.0,DisGeNET,false
27020,DOID:10763,ODbL 1.0,DisGeNET,false
3553,DOID:14330,ODbL 1.0,DisGeNET,false
5837,DOID:3393,ODbL 1.0,DisGeNET,false
22871,DOID:12849,,DISEASES|DisGeNET,false
5504,DOID:2986,ODbL 1.0,DisGeNET,false
55355,DOID:2986,ODbL 1.0,DisGeNET,false
25816,DOID:5041,ODbL 1.0,DisGeNET,false
5054,DOID:10534,ODbL 1.0,DisGeNET,false
6775,DOID:3571,CC BY 4.0,GWAS Catalog,true
3362,DOID:10652,CC BY 4.0,DISEASES,false
5243,DOID:14330,ODbL 1.0,DOAF|DisGeNET,false
472,DOID:2355,CC BY 4.0,DISEASES,false
29126,DOID:263,CC BY 4.0,DISEASES,false
4524,DOID:4362,ODbL 1.0,DisGeNET,false
207,DOID:219,CC BY 4.0,DISEASES,false
7414,DOID:11476,ODbL 1.0,DisGeNET,false
6794,DOID:1612,CC BY 4.0,DISEASES,false
51290,DOID:2986,ODbL 1.0,DisGeNET,false
3570,DOID:11476,ODbL 1.0,DisGeNET,false
6524,DOID:10763,ODbL 1.0,DisGeNET,false
54826,DOID:7148,ODbL 1.0,DisGeNET,false
19,DOID:14221,CC BY 4.0,GWAS Catalog,true
5211,DOID:1826,CC BY 4.0,DISEASES,false
23317,DOID:11119,CC BY 4.0,DISEASES,false
53827,DOID:2531,CC BY 4.0,DISEASES,false
10516,DOID:10763,ODbL 1.0,DisGeNET,false
5293,DOID:10283,,DISEASES|DisGeNET,false
1562,DOID:10763,ODbL 1.0,DisGeNET,false
3283,DOID:10763,,DOAF,false
7157,DOID:3121,,DISEASES|DisGeNET,false
5138,DOID:7148,CC BY 4.0,GWAS Catalog,true
5329,DOID:10283,ODbL 1.0,DisGeNET,false
629,DOID:2355,CC BY 4.0,DISEASES,false
973,DOID:7147,CC BY 4.0,DISEASES,false
6403,DOID:1936,,DISEASES|DisGeNET,false
8660,DOID:1319,ODbL 1.0,DisGeNET,false
5015,DOID:1319,,DISEASES|DisGeNET,false
4317,DOID:1936,,DOAF,false
5967,DOID:4989,CC BY 4.0,DISEASES,false
8034,DOID:10941,CC BY 4.0,DISEASES,false
4204,DOID:1826,CC BY 4.0,DISEASES,false
9260,DOID:0060119,CC BY 4.0,DISEASES,false
4985,DOID:1826,ODbL 1.0,DisGeNET,false
4292,DOID:4159,CC BY 4.0,DISEASES,false
3791,DOID:1793,ODbL 1.0,DisGeNET,false
80332,DOID:2841,,DISEASES|DOAF|DisGeNET,false
2938,DOID:3571,CC BY 4.0,DISEASES,false
3605,DOID:2377,CC BY 4.0,DISEASES,false
5950,DOID:9970,,DISEASES|DOAF|DisGeNET,false
56246,DOID:8893,CC BY 4.0,DISEASES,false
5579,DOID:9970,ODbL 1.0,DisGeNET,false
729,DOID:784,ODbL 1.0,DisGeNET,false
3815,DOID:2994,CC BY 4.0,DISEASES,false
858,DOID:9970,ODbL 1.0,DisGeNET,false
2272,DOID:3571,ODbL 1.0,DisGeNET,false
10634,DOID:2531,ODbL 1.0,DisGeNET,false
11009,DOID:10283,ODbL 1.0,DisGeNET,false
22852,DOID:9970,ODbL 1.0,DisGeNET,false
3172,DOID:3571,CC BY 4.0,DISEASES,false
6900,DOID:11054,CC BY 4.0,DISEASES,false
11096,DOID:8398,CC BY 4.0,DISEASES|DOAF,false
3611,DOID:1826,ODbL 1.0,DisGeNET,false
3714,DOID:1793,ODbL 1.0,DisGeNET,false
6208,DOID:2531,CC BY 4.0,DISEASES,false
6346,DOID:10763,ODbL 1.0,DisGeNET,false
7048,DOID:184,ODbL 1.0,DisGeNET,false
2263,DOID:10283,,DISEASES|DisGeNET,false
1012,DOID:1324,ODbL 1.0,DisGeNET,false
4602,DOID:2531,,DISEASES|DisGeNET|GWAS Catalog,true
1812,DOID:14330,,DISEASES|DisGeNET,false
3117,DOID:2377,,DOAF,false
150,DOID:594,ODbL 1.0,DisGeNET,false
551,DOID:1324,,DISEASES|DisGeNET,false
361,DOID:12849,ODbL 1.0,DisGeNET,false
3996,DOID:1612,ODbL 1.0,DisGeNET,false
23436,DOID:4989,CC BY 4.0,DISEASES,false
7056,DOID:2355,CC BY 4.0,DISEASES,false
5609,DOID:1612,ODbL 1.0,DisGeNET,false
4846,DOID:9296,ODbL 1.0,DisGeNET,false
2876,DOID:11476,ODbL 1.0,DisGeNET,false
3486,DOID:1612,CC BY 4.0,DISEASES,false
358,DOID:8850,ODbL 1.0,DisGeNET,false
4049,DOID:6364,,DOAF,false
2950,DOID:12849,ODbL 1.0,DisGeNET,false
3697,DOID:3571,ODbL 1.0,DisGeNET,false
22854,DOID:5419,,DOAF,false
2038,DOID:2355,CC BY 4.0,DISEASES,false
1356,DOID:12849,ODbL 1.0,DisGeNET,false
3339,DOID:10763,ODbL 1.0,DisGeNET,false
10342,DOID:2986,ODbL 1.0,DisGeNET,false
54458,DOID:1324,ODbL 1.0,DisGeNET,false
338557,DOID:9970,CC BY 4.0,DISEASES,false
6311,DOID:14330,CC BY 4.0,DISEASES,false
721,DOID:9074,,DISEASES|DOAF|DisGeNET,false
25970,DOID:9970,ODbL 1.0,DisGeNET,false
168002,DOID:3571,ODbL 1.0,DisGeNET,false
2597,DOID:10652,,DOAF,false
25796,DOID:10534,CC BY 4.0,DISEASES,false
7345,DOID:2531,CC BY 4.0,DISEASES,false
836,DOID:3571,CC BY 4.0,DISEASES,false
1588,DOID:10763,ODbL 1.0,DisGeNET,false
2023,DOID:10652,ODbL 1.0,DisGeNET,false
163786,DOID:824,CC BY 4.0,DISEASES,false
8204,DOID:3393,ODbL 1.0,DisGeNET,false
7805,DOID:2986,ODbL 1.0,DisGeNET,false
353,DOID:1612,ODbL 1.0,DisGeNET,false
2056,DOID:10763,,DISEASES|DisGeNET,false
501,DOID:2841,CC BY 4.0,DISEASES,false
9317,DOID:3571,ODbL 1.0,DisGeNET,false
3875,DOID:3571,ODbL 1.0,DisGeNET,false
6651,DOID:8850,ODbL 1.0,DisGeNET,false
3576,DOID:3310,CC BY 4.0,DISEASES,false
3162,DOID:9352,ODbL 1.0,DisGeNET,false
4851,DOID:1909,,DOAF,false
4298,DOID:2531,CC BY 4.0,DISEASES,false
4318,DOID:1324,,DISEASES|DisGeNET,false
9021,DOID:363,ODbL 1.0,DisGeNET,false
8804,DOID:7147,CC BY 4.0,DISEASES,false
4437,DOID:363,ODbL 1.0,DisGeNET,false
1404,DOID:7148,ODbL 1.0,DisGeNET,false
4843,DOID:5041,ODbL 1.0,DisGeNET,false
3569,DOID:784,,DISEASES|DisGeNET,false
249,DOID:10283,CC BY 4.0,DISEASES,false
3596,DOID:8893,,DisGeNET|GWAS Catalog,true
701,DOID:4045,ODbL 1.0,DisGeNET,false
718,DOID:9352,ODbL 1.0,DisGeNET,false
5346,DOID:9970,,DISEASES|DOAF|DisGeNET,false
7124,DOID:1936,,DISEASES|DOAF|DisGeNET,false
2806,DOID:9970,CC BY 4.0,DISEASES,false
3082,DOID:4989,ODbL 1.0,DisGeNET,false
85363,DOID:635,CC BY 4.0,DISEASES,false
2778,DOID:1192,ODbL 1.0,DisGeNET,false
5621,DOID:11949,,DOAF|DisGeNET|GWAS Catalog,true
6531,DOID:10763,ODbL 1.0,DisGeNET,false
8266,DOID:1686,CC BY 4.0,DISEASES,false
160365,DOID:2377,CC BY 4.0,GWAS Catalog,true
476,DOID:3393,ODbL 1.0,DisGeNET,false
4502,DOID:10534,ODbL 1.0,DisGeNET,false
9314,DOID:3393,ODbL 1.0,DisGeNET,false
10285,DOID:8778,CC BY 4.0,GWAS Catalog,true
23532,DOID:1324,ODbL 1.0,DisGeNET,false
28,DOID:3393,CC BY 4.0,GWAS Catalog,true
6701,DOID:2841,ODbL 1.0,DisGeNET,false
3569,DOID:1936,,DISEASES|DOAF|DisGeNET,false
10550,DOID:2986,ODbL 1.0,DisGeNET,false
5734,DOID:1790,CC BY 4.0,DISEASES,false
4893,DOID:1793,CC BY 4.0,DISEASES,false
51368,DOID:2986,ODbL 1.0,DisGeNET,false
4311,DOID:263,CC BY 4.0,DISEASES,false
222546,DOID:9835,CC BY 4.0,DISEASES,false
652,DOID:1826,ODbL 1.0,DisGeNET,false
7224,DOID:10763,ODbL 1.0,DisGeNET,false
60526,DOID:10283,ODbL 1.0,DisGeNET,false
3630,DOID:11612,ODbL 1.0,DOAF|DisGeNET,false
23411,DOID:1612,ODbL 1.0,DisGeNET,false
8743,DOID:3070,ODbL 1.0,DOAF|DisGeNET,false
23028,DOID:1324,ODbL 1.0,DisGeNET,false
3635,DOID:5408,ODbL 1.0,DisGeNET,false
1861,DOID:9744,CC BY 4.0,DISEASES,false
6532,DOID:1094,CC BY 4.0,DISEASES|DOAF,false
1476,DOID:3070,ODbL 1.0,DisGeNET,false
871,DOID:10763,CC BY 4.0,DISEASES,false
229,DOID:5041,ODbL 1.0,DisGeNET,false
5997,DOID:1612,ODbL 1.0,DisGeNET,false
377677,DOID:1826,CC BY 4.0,DISEASES,false
2494,DOID:1793,,DisGeNET|GWAS Catalog,true
208,DOID:11612,ODbL 1.0,DisGeNET,false
5250,DOID:8850,CC BY 4.0,DISEASES,false
5321,DOID:5419,,DOAF,false
5052,DOID:1324,ODbL 1.0,DisGeNET,false
2113,DOID:7148,CC BY 4.0,GWAS Catalog,true
185,DOID:1312,ODbL 1.0,DisGeNET,false
84964,DOID:4045,CC BY 4.0,DISEASES,false
4855,DOID:1793,ODbL 1.0,DisGeNET,false
30061,DOID:12849,ODbL 1.0,DisGeNET,false
1642,DOID:2043,,DOAF,false
4603,DOID:8850,ODbL 1.0,DisGeNET,false
301,DOID:1324,ODbL 1.0,DisGeNET,false
929,DOID:2841,ODbL 1.0,DOAF|DisGeNET,false
5144,DOID:1612,CC BY 4.0,GWAS Catalog,true
57282,DOID:1826,ODbL 1.0,DisGeNET,false
8915,DOID:2998,ODbL 1.0,DisGeNET,false
114904,DOID:12361,CC BY 4.0,GWAS Catalog,true
632,DOID:784,ODbL 1.0,DisGeNET,false
29072,DOID:2531,ODbL 1.0,DisGeNET,false
338,DOID:13241,ODbL 1.0,DisGeNET,false
9927,DOID:9970,,DOAF,false
6647,DOID:2394,ODbL 1.0,DisGeNET,false
3569,DOID:9970,,DISEASES|DOAF|DisGeNET,false
6532,DOID:10652,,DOAF,false
23410,DOID:9970,ODbL 1.0,DisGeNET,false
3576,DOID:9206,ODbL 1.0,DisGeNET,false
672,DOID:8850,ODbL 1.0,DisGeNET,false
5270,DOID:3083,CC BY 4.0,DISEASES|DOAF,false
356,DOID:9744,ODbL 1.0,DisGeNET,false
4905,DOID:1826,ODbL 1.0,DisGeNET,false
29978,DOID:332,CC BY 4.0,DISEASES,false
85480,DOID:3310,,DISEASES|DOAF|DisGeNET,false
8743,DOID:10283,ODbL 1.0,DisGeNET,false
65266,DOID:10763,,DISEASES|DOAF|DisGeNET,false
54503,DOID:11476,ODbL 1.0,DisGeNET,false
1813,DOID:10763,ODbL 1.0,DisGeNET,false
63943,DOID:1612,ODbL 1.0,DisGeNET,false
1437,DOID:2355,,DISEASES|DisGeNET,false
348,DOID:2377,ODbL 1.0,DOAF|DisGeNET,false
6351,DOID:3393,ODbL 1.0,DisGeNET,false
6649,DOID:3393,ODbL 1.0,DisGeNET,false
92483,DOID:2531,CC BY 4.0,DISEASES,false
965,DOID:7148,CC BY 4.0,DISEASES,false
2833,DOID:3310,ODbL 1.0,DisGeNET,false
695,DOID:2986,ODbL 1.0,DisGeNET,false
4074,DOID:10283,ODbL 1.0,DisGeNET,false
53916,DOID:10283,ODbL 1.0,DisGeNET,false
2920,DOID:1612,ODbL 1.0,DisGeNET,false
10939,DOID:1826,ODbL 1.0,DisGeNET,false
602,DOID:9296,CC BY 4.0,DISEASES,false
10636,DOID:585,CC BY 4.0,GWAS Catalog,true
10135,DOID:1936,,DOAF,false
51738,DOID:1936,,DOAF,false
5290,DOID:363,CC BY 4.0,DISEASES,false
219833,DOID:11119,CC BY 4.0,DISEASES,false
7161,DOID:10652,,DOAF,false
2534,DOID:1826,ODbL 1.0,DisGeNET,false
10215,DOID:2377,CC BY 4.0,DISEASES,false
6173,DOID:2355,CC BY 4.0,DISEASES,false
3119,DOID:2986,ODbL 1.0,DisGeNET,false
80208,DOID:332,CC BY 4.0,DISEASES,false
10439,DOID:10283,ODbL 1.0,DisGeNET,false
1728,DOID:11054,ODbL 1.0,DisGeNET,false
10043,DOID:2531,CC BY 4.0,DISEASES,false
5671,DOID:2355,CC BY 4.0,DISEASES,false
158584,DOID:263,ODbL 1.0,DisGeNET,false
11200,DOID:10283,,DISEASES|DisGeNET,false
81494,DOID:2355,CC BY 4.0,DISEASES,false
694,DOID:2531,ODbL 1.0,DisGeNET,false
6774,DOID:8778,CC BY 4.0,GWAS Catalog,true
6352,DOID:12236,ODbL 1.0,DisGeNET,false
26053,DOID:12849,CC BY 4.0,DISEASES,false
826,DOID:10283,ODbL 1.0,DisGeNET,false
383,DOID:2841,ODbL 1.0,DOAF|DisGeNET,false
64478,DOID:5419,CC BY 4.0,GWAS Catalog,true
116071,DOID:1909,ODbL 1.0,DisGeNET,false
6531,DOID:5419,CC BY 4.0,DISEASES|DOAF,false
5264,DOID:2531,CC BY 4.0,DISEASES,false
57706,DOID:9835,CC BY 4.0,GWAS Catalog,true
4210,DOID:13241,,DOAF,false
2272,DOID:4362,CC BY 4.0,DISEASES,false
9760,DOID:9835,CC BY 4.0,GWAS Catalog,true
23593,DOID:3571,ODbL 1.0,DisGeNET,false
486,DOID:10763,ODbL 1.0,DisGeNET,false
7249,DOID:2531,ODbL 1.0,DisGeNET,false
4015,DOID:1909,CC BY 4.0,DISEASES,false
5972,DOID:10763,,DISEASES|DOAF|DisGeNET,false
140885,DOID:2355,,DOAF,false
5173,DOID:14330,CC BY 4.0,DISEASES,false
4973,DOID:2986,ODbL 1.0,DisGeNET,false
1435,DOID:5408,,DisGeNET|GWAS Catalog,true
150084,DOID:10283,ODbL 1.0,DisGeNET,false
7091,DOID:9352,CC BY 4.0,GWAS Catalog,true
6628,DOID:10534,ODbL 1.0,DisGeNET,false
950,DOID:1826,CC BY 4.0,DISEASES,false
3791,DOID:10871,CC BY 4.0,DISEASES,false
1124,DOID:3571,ODbL 1.0,DisGeNET,false
3558,DOID:263,,DISEASES|DisGeNET,false
7272,DOID:2986,ODbL 1.0,DisGeNET,false
3172,DOID:8577,,DisGeNET|GWAS Catalog,true
1142,DOID:0050742,CC BY 4.0,DISEASES|GWAS Catalog,true
336,DOID:3393,CC BY 4.0,DISEASES,false
4603,DOID:3070,ODbL 1.0,DisGeNET,false
7372,DOID:10283,ODbL 1.0,DisGeNET,false
8803,DOID:9970,ODbL 1.0,DisGeNET,false
30061,DOID:3571,ODbL 1.0,DisGeNET,false
145173,DOID:10871,CC BY 4.0,GWAS Catalog,true
84142,DOID:1612,ODbL 1.0,DisGeNET,false
5611,DOID:10283,ODbL 1.0,DisGeNET,false
9637,DOID:3393,ODbL 1.0,DisGeNET,false
177,DOID:1936,,DISEASES|DOAF|DisGeNET,false
3952,DOID:3393,CC BY 4.0,DISEASES|DOAF,false
4916,DOID:1826,ODbL 1.0,DisGeNET,false
7111,DOID:10283,ODbL 1.0,DisGeNET,false
3570,DOID:1324,ODbL 1.0,DisGeNET,false
1123,DOID:9835,,DISEASES|DisGeNET,false
7045,DOID:1612,CC BY 4.0,DISEASES,false
2189,DOID:2355,,DISEASES|DisGeNET,false
51629,DOID:1826,CC BY 4.0,DISEASES,false
92421,DOID:2394,,DisGeNET|GWAS Catalog,true
11255,DOID:1094,CC BY 4.0,DISEASES,false
10163,DOID:0050741,CC BY 4.0,DISEASES,false
4601,DOID:1192,ODbL 1.0,DisGeNET,false
9200,DOID:11612,ODbL 1.0,DisGeNET,false
4318,DOID:4606,ODbL 1.0,DisGeNET,false
2898,DOID:1826,CC BY 4.0,DISEASES,false
3815,DOID:2998,ODbL 1.0,DisGeNET,false
84283,DOID:3310,ODbL 1.0,DisGeNET,false
6135,DOID:2355,CC BY 4.0,DISEASES,false
5730,DOID:9352,ODbL 1.0,DisGeNET,false
1019,DOID:4159,CC BY 4.0,DISEASES,false
4261,DOID:2377,ODbL 1.0,DisGeNET,false
3356,DOID:6364,,DISEASES|DisGeNET,false
2165,DOID:10871,CC BY 4.0,DISEASES,false
5294,DOID:3571,CC BY 4.0,DISEASES,false
6296,DOID:10283,ODbL 1.0,DisGeNET,false
3726,DOID:263,ODbL 1.0,DisGeNET,false
5727,DOID:4045,,DISEASES|DisGeNET,false
3565,DOID:9744,ODbL 1.0,DisGeNET,false
389036,DOID:10763,ODbL 1.0,DisGeNET,false
1474,DOID:1324,ODbL 1.0,DisGeNET,false
4233,DOID:824,ODbL 1.0,DisGeNET,false
200942,DOID:2531,,DISEASES|DisGeNET,false
3276,DOID:2841,ODbL 1.0,DisGeNET,false
761,DOID:9970,ODbL 1.0,DisGeNET,false
136319,DOID:10763,ODbL 1.0,DisGeNET,false
3605,DOID:4481,,DOAF,false
3655,DOID:10283,CC BY 4.0,DISEASES|GWAS Catalog,true
5443,DOID:263,ODbL 1.0,DisGeNET,false
5172,DOID:2531,CC BY 4.0,DISEASES,false
5423,DOID:9074,ODbL 1.0,DisGeNET,false
4233,DOID:5041,ODbL 1.0,DisGeNET,false
2876,DOID:11934,ODbL 1.0,DisGeNET,false
53335,DOID:8850,ODbL 1.0,DisGeNET,false
10232,DOID:363,ODbL 1.0,DisGeNET,false
7124,DOID:12361,,DOAF,false
3161,DOID:2986,ODbL 1.0,DisGeNET,false
65084,DOID:2986,ODbL 1.0,DisGeNET,false
2921,DOID:824,ODbL 1.0,DisGeNET,false
5950,DOID:11714,CC BY 4.0,DISEASES|DOAF,false
4643,DOID:1312,CC BY 4.0,DISEASES,false
7015,DOID:0050156,,DISEASES|DOAF|DisGeNET|GWAS Catalog,true
338324,DOID:11612,ODbL 1.0,DisGeNET,false
202151,DOID:10763,CC BY 4.0,GWAS Catalog,true
6095,DOID:10534,ODbL 1.0,DisGeNET,false
4436,DOID:1909,,DOAF,false
1906,DOID:3083,,DOAF,false
157680,DOID:9970,CC BY 4.0,DISEASES,false
6720,DOID:9352,ODbL 1.0,DisGeNET,false
10368,DOID:1826,CC BY 4.0,DISEASES,false
4010,DOID:1686,CC BY 4.0,DISEASES,false
3249,DOID:10283,,DISEASES|DisGeNET,false
1636,DOID:8893,,DOAF,false
3162,DOID:1826,ODbL 1.0,DisGeNET,false
54805,DOID:3393,CC BY 4.0,GWAS Catalog,true
891,DOID:11612,ODbL 1.0,DisGeNET,false
2100,DOID:11054,ODbL 1.0,DisGeNET,false
7422,DOID:7148,,DISEASES|DOAF|DisGeNET,false
8493,DOID:1319,ODbL 1.0,DisGeNET,false
1041,DOID:9074,CC BY 4.0,DISEASES,false
728441,DOID:0050741,CC BY 4.0,DISEASES,false
9446,DOID:5041,ODbL 1.0,DisGeNET,false
2944,DOID:11054,,DISEASES|DisGeNET,false
4610,DOID:1324,ODbL 1.0,DisGeNET,false
8434,DOID:3070,ODbL 1.0,DisGeNET,false
8314,DOID:2174,,DISEASES|DisGeNET,false
7031,DOID:1612,CC BY 4.0,DISEASES,false
79728,DOID:1793,ODbL 1.0,DisGeNET,false
841,DOID:10534,ODbL 1.0,DisGeNET,false
1514,DOID:10534,ODbL 1.0,DisGeNET,false
4233,DOID:4606,ODbL 1.0,DisGeNET,false
3280,DOID:3070,ODbL 1.0,DisGeNET,false
6352,DOID:635,CC BY 4.0,DISEASES|DOAF,false
26040,DOID:2531,ODbL 1.0,DisGeNET,false
26053,DOID:1826,ODbL 1.0,DisGeNET,false
10051,DOID:2986,ODbL 1.0,DisGeNET,false
2996,DOID:14330,CC BY 4.0,DISEASES,false
2710,DOID:3393,ODbL 1.0,DisGeNET,false
55850,DOID:2355,CC BY 4.0,DISEASES,false
3575,DOID:2377,,DISEASES|DOAF|DisGeNET|GWAS Catalog,true
1616,DOID:1793,ODbL 1.0,DisGeNET,false
27241,DOID:9970,CC BY 4.0,DISEASES,false
2074,DOID:10871,,DISEASES|DisGeNET,false
978,DOID:2531,CC BY 4.0,DISEASES,false
213,DOID:1936,CC BY 4.0,DISEASES,false
6671,DOID:3312,,DISEASES|DisGeNET,false
3558,DOID:2841,CC BY 4.0,DISEASES,false
255189,DOID:8778,CC BY 4.0,DISEASES,false
90952,DOID:1936,CC BY 4.0,DISEASES,false
3663,DOID:7148,,DISEASES|DOAF|DisGeNET|GWAS Catalog,true
715,DOID:9074,CC BY 4.0,DISEASES,false
113451,DOID:1324,CC BY 4.0,DISEASES,false
2798,DOID:3953,ODbL 1.0,DisGeNET,false
5172,DOID:1459,CC BY 4.0,DISEASES,false
1411,DOID:1686,ODbL 1.0,DisGeNET,false
4504,DOID:1324,ODbL 1.0,DisGeNET,false
3563,DOID:2531,CC BY 4.0,DISEASES,false
6693,DOID:2531,CC BY 4.0,DISEASES,false
627,DOID:1094,CC BY 4.0,DISEASES,false
5019,DOID:9352,ODbL 1.0,DisGeNET,false
181,DOID:9970,,DISEASES|DisGeNET,false
9536,DOID:7148,,DOAF,false
1583,DOID:10763,ODbL 1.0,DisGeNET,false
64215,DOID:1612,CC BY 4.0,GWAS Catalog,true
10263,DOID:10283,ODbL 1.0,DisGeNET,false
1948,DOID:3571,ODbL 1.0,DisGeNET,false
2952,DOID:10283,ODbL 1.0,DisGeNET,false
3479,DOID:11054,ODbL 1.0,DisGeNET,false
64864,DOID:2531,CC BY 4.0,GWAS Catalog,true
81608,DOID:2531,CC BY 4.0,DISEASES,false
1401,DOID:12365,ODbL 1.0,DisGeNET,false
4054,DOID:1686,CC BY 4.0,DISEASES,false
7096,DOID:9074,CC BY 4.0,DISEASES,false
335,DOID:10976,ODbL 1.0,DisGeNET,false
4194,DOID:1612,,DisGeNET|GWAS Catalog,true
1549,DOID:1324,CC BY 4.0,DISEASES,false
1565,DOID:1826,ODbL 1.0,DisGeNET,false
81849,DOID:7148,ODbL 1.0,DisGeNET,false
158,DOID:1612,ODbL 1.0,DisGeNET,false
1066,DOID:9970,ODbL 1.0,DisGeNET,false
4267,DOID:2531,CC BY 4.0,DISEASES,false
8839,DOID:1612,,DOAF,false
1080,DOID:4989,,DISEASES|DOAF|DisGeNET,false
91662,DOID:263,ODbL 1.0,DisGeNET,false
7430,DOID:10283,ODbL 1.0,DisGeNET,false
959,DOID:10976,CC BY 4.0,DISEASES,false
3586,DOID:9074,,DISEASES|DOAF|DisGeNET,false
3600,DOID:1936,CC BY 4.0,DISEASES,false
3565,DOID:824,CC BY 4.0,DISEASES|DOAF,false
25803,DOID:2394,ODbL 1.0,DisGeNET,false
3082,DOID:9206,ODbL 1.0,DisGeNET,false
5348,DOID:0050425,CC BY 4.0,DISEASES,false
3091,DOID:5041,ODbL 1.0,DisGeNET,false
2321,DOID:1115,ODbL 1.0,DisGeNET,false
4868,DOID:784,CC BY 4.0,DISEASES,false
183,DOID:1936,ODbL 1.0,DisGeNET,false
627,DOID:14330,,DISEASES|DOAF|DisGeNET,false
7249,DOID:263,,DISEASES|DisGeNET,false
64805,DOID:9074,ODbL 1.0,DisGeNET,false
796,DOID:12849,ODbL 1.0,DisGeNET,false
127066,DOID:1319,CC BY 4.0,DISEASES,false
718,DOID:332,ODbL 1.0,DisGeNET,false
3117,DOID:8577,CC BY 4.0,GWAS Catalog,true
6648,DOID:9744,ODbL 1.0,DisGeNET,false
144165,DOID:1826,,DISEASES|DisGeNET,false
4869,DOID:2531,,DISEASES|DisGeNET,false
3673,DOID:1826,CC BY 4.0,DISEASES,false
3547,DOID:1459,ODbL 1.0,DisGeNET,false
2982,DOID:3393,CC BY 4.0,GWAS Catalog,true
1045,DOID:219,CC BY 4.0,DISEASES,false
335,DOID:1936,CC BY 4.0,DISEASES|DOAF,false
6568,DOID:13189,CC BY 4.0,DISEASES,false
9844,DOID:12236,CC BY 4.0,GWAS Catalog,true
22891,DOID:8986,CC BY 4.0,GWAS Catalog,true
57172,DOID:332,,DisGeNET|GWAS Catalog,true
3397,DOID:1909,,DOAF,false
56729,DOID:14221,,DISEASES|DisGeNET,false
6648,DOID:2355,ODbL 1.0,DisGeNET,false
51773,DOID:2394,CC BY 4.0,DISEASES,false
3265,DOID:219,CC BY 4.0,DISEASES,false
55511,DOID:2994,CC BY 4.0,DISEASES,false
27086,DOID:2531,CC BY 4.0,DISEASES,false
335,DOID:3393,CC BY 4.0,DISEASES|DOAF,false
253461,DOID:10283,CC BY 4.0,GWAS Catalog,true
2690,DOID:3393,ODbL 1.0,DisGeNET,false
332,DOID:10763,ODbL 1.0,DisGeNET,false
2908,DOID:14221,CC BY 4.0,DISEASES,false
1050,DOID:2531,ODbL 1.0,DisGeNET,false
9475,DOID:10763,,DOAF,false
7015,DOID:4159,,DisGeNET|GWAS Catalog,true
152273,DOID:1612,ODbL 1.0,DisGeNET,false
4771,DOID:1826,ODbL 1.0,DisGeNET,false
27086,DOID:1793,ODbL 1.0,DisGeNET,false
23237,DOID:10652,ODbL 1.0,DisGeNET,false
701,DOID:5041,ODbL 1.0,DisGeNET,false
6794,DOID:2998,ODbL 1.0,DisGeNET,false
22806,DOID:7148,ODbL 1.0,DisGeNET,false
10288,DOID:2986,ODbL 1.0,DisGeNET,false
30009,DOID:2841,,DISEASES|DOAF|DisGeNET,false
4846,DOID:9744,ODbL 1.0,DisGeNET,false
9370,DOID:3393,,DISEASES|DOAF|DisGeNET,false
2920,DOID:1826,ODbL 1.0,DisGeNET,false
632,DOID:7148,CC BY 4.0,DISEASES,false
114548,DOID:13189,CC BY 4.0,DISEASES,false
6528,DOID:1612,ODbL 1.0,DisGeNET,false
6721,DOID:784,ODbL 1.0,DisGeNET,false
1540,DOID:1024,CC BY 4.0,GWAS Catalog,true
2950,DOID:184,ODbL 1.0,DisGeNET,false
1612,DOID:2531,ODbL 1.0,DisGeNET,false
387,DOID:10534,ODbL 1.0,DisGeNET,false
7422,DOID:3571,CC BY 4.0,DISEASES,false
5444,DOID:10763,,DOAF,false
6007,DOID:4045,CC BY 4.0,DISEASES,false
7390,DOID:2355,CC BY 4.0,DISEASES,false
3586,DOID:824,,DISEASES|DOAF|DisGeNET,false
5273,DOID:10283,ODbL 1.0,DisGeNET,false
947,DOID:1192,CC BY 4.0,DISEASES,false
11187,DOID:10283,ODbL 1.0,DisGeNET,false
213,DOID:8577,CC BY 4.0,DISEASES,false
5413,DOID:14330,CC BY 4.0,DISEASES,false
55869,DOID:9970,CC BY 4.0,DISEASES,false
3280,DOID:2531,ODbL 1.0,DisGeNET,false
8654,DOID:12236,ODbL 1.0,DisGeNET,false
2646,DOID:8778,CC BY 4.0,GWAS Catalog,true
4353,DOID:11054,ODbL 1.0,DisGeNET,false
27010,DOID:332,CC BY 4.0,DISEASES,false
10454,DOID:12236,CC BY 4.0,GWAS Catalog,true
3442,DOID:1793,ODbL 1.0,DisGeNET,false
2878,DOID:363,ODbL 1.0,DisGeNET,false
5443,DOID:1324,CC BY 4.0,DISEASES,false
23462,DOID:1612,ODbL 1.0,DisGeNET,false
1813,DOID:14330,,DISEASES|DisGeNET,false
9414,DOID:9835,CC BY 4.0,GWAS Catalog,true
3855,DOID:1612,CC BY 4.0,DISEASES,false
646960,DOID:1686,ODbL 1.0,DisGeNET,false
2593,DOID:1826,CC BY 4.0,DISEASES,false
847,DOID:7148,ODbL 1.0,DisGeNET,false
3843,DOID:9835,CC BY 4.0,DISEASES,false
213,DOID:3393,CC BY 4.0,DISEASES,false
22854,DOID:3312,ODbL 1.0,DisGeNET,false
56978,DOID:1826,CC BY 4.0,DISEASES,false
3082,DOID:3393,ODbL 1.0,DisGeNET,false
11168,DOID:2531,ODbL 1.0,DisGeNET,false
2534,DOID:10534,ODbL 1.0,DisGeNET,false
9817,DOID:1324,ODbL 1.0,DisGeNET,false
1671,DOID:8577,ODbL 1.0,DisGeNET,false
5341,DOID:10608,CC BY 4.0,GWAS Catalog,true
3240,DOID:9744,ODbL 1.0,DisGeNET,false
113,DOID:2531,ODbL 1.0,DisGeNET,false
4504,DOID:11054,ODbL 1.0,DisGeNET,false
64805,DOID:3393,,DISEASES|DisGeNET,false
5155,DOID:1936,CC BY 4.0,DISEASES,false
6102,DOID:11612,ODbL 1.0,DisGeNET,false
2646,DOID:9352,ODbL 1.0,DisGeNET,false
6777,DOID:2531,CC BY 4.0,DISEASES,false
4609,DOID:219,CC BY 4.0,DISEASES,false
9940,DOID:5041,ODbL 1.0,DisGeNET,false
7534,DOID:1826,ODbL 1.0,DisGeNET,false
3576,DOID:13241,ODbL 1.0,DisGeNET,false
6921,DOID:263,,DISEASES|DisGeNET,false
582,DOID:9970,ODbL 1.0,DisGeNET,false
3119,DOID:418,ODbL 1.0,DisGeNET,false
54805,DOID:10941,CC BY 4.0,GWAS Catalog,true
6738,DOID:9074,,DISEASES|DisGeNET,false
4292,DOID:1909,,DOAF,false
22941,DOID:12849,,DISEASES|DisGeNET,false
3725,DOID:8893,,DOAF,false
51330,DOID:3393,ODbL 1.0,DisGeNET,false
3458,DOID:3070,ODbL 1.0,DisGeNET,false
173,DOID:10283,CC BY 4.0,GWAS Catalog,true
79728,DOID:2394,CC BY 4.0,DISEASES,false
1469,DOID:10534,ODbL 1.0,DisGeNET,false
4684,DOID:5419,,DOAF,false
3455,DOID:2043,ODbL 1.0,DisGeNET,false
2147,DOID:1936,ODbL 1.0,DisGeNET,false
6532,DOID:1595,CC BY 4.0,DISEASES,false
9619,DOID:784,ODbL 1.0,DisGeNET,false
8935,DOID:8778,CC BY 4.0,GWAS Catalog,true
3667,DOID:11476,ODbL 1.0,DisGeNET,false
10814,DOID:3312,ODbL 1.0,DisGeNET,false
4135,DOID:5419,CC BY 4.0,DISEASES,false
51684,DOID:4159,CC BY 4.0,DISEASES,false
3569,DOID:3571,CC BY 4.0,DISEASES,false
1767,DOID:2841,ODbL 1.0,DisGeNET,false
22868,DOID:2986,ODbL 1.0,DisGeNET,false
4853,DOID:1612,ODbL 1.0,DisGeNET,false
8412,DOID:1612,ODbL 1.0,DisGeNET,false
10461,DOID:2377,CC BY 4.0,GWAS Catalog,true
115761,DOID:2394,ODbL 1.0,DisGeNET,false
6569,DOID:784,,DisGeNET|GWAS Catalog,true
3479,DOID:332,,DOAF,false
3725,DOID:10534,ODbL 1.0,DisGeNET,false
302,DOID:3571,ODbL 1.0,DisGeNET,false
50943,DOID:2377,CC BY 4.0,DISEASES,false
5328,DOID:1793,ODbL 1.0,DisGeNET,false
28514,DOID:1319,ODbL 1.0,DisGeNET,false
551,DOID:10763,,DISEASES|DisGeNET,false
1902,DOID:10283,ODbL 1.0,DisGeNET,false
6185,DOID:10283,ODbL 1.0,DisGeNET,false
55743,DOID:363,ODbL 1.0,DisGeNET,false
134430,DOID:1686,ODbL 1.0,DOAF|DisGeNET,false
6556,DOID:7148,,DISEASES|DOAF|DisGeNET,false
318,DOID:1612,ODbL 1.0,DisGeNET,false
51185,DOID:2531,CC BY 4.0,DISEASES,false
3764,DOID:10763,ODbL 1.0,DisGeNET,false
4838,DOID:1324,CC BY 4.0,DISEASES,false
2936,DOID:332,ODbL 1.0,DisGeNET,false
5743,DOID:9206,ODbL 1.0,DOAF|DisGeNET,false
388,DOID:1909,ODbL 1.0,DisGeNET,false
3020,DOID:2531,CC BY 4.0,DISEASES,false
3212,DOID:1459,CC BY 4.0,DISEASES,false
28951,DOID:10652,ODbL 1.0,DisGeNET,false
1906,DOID:1936,CC BY 4.0,DISEASES|DOAF,false
6753,DOID:1793,ODbL 1.0,DisGeNET,false
79641,DOID:1826,CC BY 4.0,DISEASES,false
4282,DOID:2043,,DOAF,false
4982,DOID:7148,,DISEASES|DOAF|DisGeNET,false
2252,DOID:9296,ODbL 1.0,DisGeNET,false
2147,DOID:3393,,DISEASES|DisGeNET,false
3814,DOID:1909,,DOAF,false
64231,DOID:10652,CC BY 4.0,GWAS Catalog,true
57048,DOID:9970,ODbL 1.0,DisGeNET,false
10878,DOID:10871,CC BY 4.0,DISEASES|DOAF,false
10468,DOID:10534,ODbL 1.0,DisGeNET,false
159296,DOID:8778,CC BY 4.0,DISEASES|GWAS Catalog,true
6336,DOID:4159,CC BY 4.0,DISEASES,false
5082,DOID:4481,CC BY 4.0,DISEASES,false
6774,DOID:3070,CC BY 4.0,DISEASES,false
5997,DOID:594,CC BY 4.0,DISEASES,false
375611,DOID:2043,CC BY 4.0,DISEASES,false
3586,DOID:1595,ODbL 1.0,DisGeNET,false
1576,DOID:784,ODbL 1.0,DisGeNET,false
8140,DOID:2986,ODbL 1.0,DisGeNET,false
55351,DOID:3393,CC BY 4.0,GWAS Catalog,true
250,DOID:5408,CC BY 4.0,DISEASES,false
58508,DOID:4606,ODbL 1.0,DisGeNET,false
886,DOID:9352,ODbL 1.0,DisGeNET,false
6648,DOID:1612,ODbL 1.0,DisGeNET,false
7298,DOID:10534,ODbL 1.0,DisGeNET,false
1911,DOID:2994,,DISEASES|DisGeNET,false
598,DOID:1686,ODbL 1.0,DisGeNET,false
1297,DOID:9835,ODbL 1.0,DisGeNET,false
5579,DOID:10534,ODbL 1.0,DisGeNET,false
5111,DOID:8893,ODbL 1.0,DisGeNET,false
2313,DOID:184,ODbL 1.0,DisGeNET,false
64135,DOID:9744,CC BY 4.0,GWAS Catalog,true
308,DOID:2531,,DISEASES|DisGeNET,false
6347,DOID:4989,ODbL 1.0,DOAF|DisGeNET,false
91752,DOID:263,ODbL 1.0,DisGeNET,false
302,DOID:2531,ODbL 1.0,DisGeNET,false
80070,DOID:1909,ODbL 1.0,DisGeNET,false
10010,DOID:1612,ODbL 1.0,DisGeNET,false
4915,DOID:1192,,DISEASES|DisGeNET,false
2335,DOID:3393,ODbL 1.0,DisGeNET,false
9935,DOID:9296,ODbL 1.0,DisGeNET,false
355,DOID:12930,ODbL 1.0,DisGeNET,false
81,DOID:1312,,DISEASES|DOAF|DisGeNET,false
3315,DOID:2531,ODbL 1.0,DisGeNET,false
64094,DOID:12306,CC BY 4.0,DISEASES,false
4016,DOID:1686,,DISEASES|DOAF|DisGeNET|GWAS Catalog,true
406,DOID:2531,ODbL 1.0,DisGeNET,false
6774,DOID:1909,CC BY 4.0,DISEASES|DOAF,false
4684,DOID:1192,CC BY 4.0,DISEASES,false
4688,DOID:7148,ODbL 1.0,DisGeNET,false
399947,DOID:5419,CC BY 4.0,GWAS Catalog,true
4826,DOID:1192,ODbL 1.0,DisGeNET,false
2767,DOID:184,CC BY 4.0,DISEASES,false
83597,DOID:3571,ODbL 1.0,DisGeNET,false
2919,DOID:1909,CC BY 4.0,DISEASES,false
84159,DOID:8850,ODbL 1.0,DisGeNET,false
5155,DOID:3565,ODbL 1.0,DisGeNET,false
23418,DOID:10871,CC BY 4.0,DISEASES,false
9590,DOID:1612,ODbL 1.0,DisGeNET,false
2995,DOID:12365,ODbL 1.0,DisGeNET,false
213,DOID:2986,CC BY 4.0,DISEASES,false
6556,DOID:9744,ODbL 1.0,DisGeNET,false
11255,DOID:1826,ODbL 1.0,DisGeNET,false
154,DOID:10534,ODbL 1.0,DisGeNET,false
8701,DOID:2531,CC BY 4.0,GWAS Catalog,true
10718,DOID:5419,CC BY 4.0,DISEASES,false
9244,DOID:9835,CC BY 4.0,DISEASES,false
4282,DOID:10763,ODbL 1.0,DisGeNET,false
5444,DOID:9970,,DOAF,false
4780,DOID:363,ODbL 1.0,DisGeNET,false
2940,DOID:3571,CC BY 4.0,DISEASES,false
9562,DOID:2986,ODbL 1.0,DisGeNET,false
6462,DOID:9970,CC BY 4.0,DISEASES,false
94,DOID:10763,ODbL 1.0,DOAF|DisGeNET,false
7297,DOID:8893,,DisGeNET|GWAS Catalog,true
5077,DOID:1909,,DOAF,false
4216,DOID:363,ODbL 1.0,DisGeNET,false
973,DOID:2841,CC BY 4.0,DISEASES,false
6352,DOID:4989,ODbL 1.0,DisGeNET,false
4524,DOID:3312,ODbL 1.0,DOAF|DisGeNET,false
6774,DOID:1319,ODbL 1.0,DisGeNET,false
5309,DOID:14330,CC BY 4.0,DISEASES,false
9709,DOID:10283,ODbL 1.0,DisGeNET,false
10772,DOID:11612,ODbL 1.0,DisGeNET,false
4325,DOID:1094,CC BY 4.0,GWAS Catalog,true
4867,DOID:784,CC BY 4.0,DISEASES,false
594857,DOID:2841,CC BY 4.0,DISEASES,false
729230,DOID:2377,CC BY 4.0,DISEASES|DOAF,false
3350,DOID:10534,ODbL 1.0,DisGeNET,false
10,DOID:9074,,DOAF,false
7153,DOID:10283,ODbL 1.0,DisGeNET,false
23317,DOID:14330,ODbL 1.0,DisGeNET,false
4524,DOID:3393,,DISEASES|DOAF|DisGeNET,false
6201,DOID:1612,ODbL 1.0,DisGeNET,false
145741,DOID:9352,ODbL 1.0,DisGeNET,false
1889,DOID:332,CC BY 4.0,DISEASES,false
1312,DOID:10763,ODbL 1.0,DisGeNET,false
2944,DOID:1324,CC BY 4.0,DISEASES,false
2911,DOID:184,ODbL 1.0,DisGeNET,false
5617,DOID:1612,CC BY 4.0,DISEASES,false
6663,DOID:5419,,DOAF,false
3569,DOID:8778,CC BY 4.0,DISEASES|DOAF,false
3868,DOID:8893,CC BY 4.0,DISEASES,false
100996485,DOID:8577,CC BY 4.0,GWAS Catalog,true
6392,DOID:1909,ODbL 1.0,DisGeNET,false
117156,DOID:12361,CC BY 4.0,DISEASES,false
2026,DOID:1324,,DISEASES|DisGeNET,false
7097,DOID:2043,,DOAF,false
1234,DOID:13378,,DOAF,false
8314,DOID:4606,ODbL 1.0,DisGeNET,false
7421,DOID:1826,ODbL 1.0,DisGeNET,false
2246,DOID:1612,CC BY 4.0,DISEASES,false
1646,DOID:11612,ODbL 1.0,DisGeNET,false
7157,DOID:2994,CC BY 4.0,DISEASES,false
114822,DOID:11612,ODbL 1.0,DisGeNET,false
925,DOID:2841,CC BY 4.0,DISEASES,false
7018,DOID:12849,ODbL 1.0,DisGeNET,false
3643,DOID:14330,ODbL 1.0,DisGeNET,false
10060,DOID:363,ODbL 1.0,DisGeNET,false
7471,DOID:11476,ODbL 1.0,DisGeNET,false
6615,DOID:1793,CC BY 4.0,DISEASES,false
132789,DOID:9970,,DISEASES|DisGeNET,false
3383,DOID:2841,,DISEASES|DOAF|DisGeNET,false
7355,DOID:1826,CC BY 4.0,DISEASES,false
10487,DOID:11476,ODbL 1.0,DisGeNET,false
9968,DOID:1612,ODbL 1.0,DisGeNET,false
917,DOID:2986,ODbL 1.0,DisGeNET,false
64478,DOID:3312,CC BY 4.0,GWAS Catalog,true
1964,DOID:2174,,DISEASES|DisGeNET,false
4350,DOID:12365,CC BY 4.0,DISEASES,false
3640,DOID:2998,CC BY 4.0,DISEASES,false
10771,DOID:12849,ODbL 1.0,DisGeNET,false
43,DOID:1612,ODbL 1.0,DisGeNET,false
26278,DOID:1826,ODbL 1.0,DisGeNET,false
57142,DOID:332,,DOAF,false
9770,DOID:2986,ODbL 1.0,DisGeNET,false
332,DOID:10534,ODbL 1.0,DisGeNET,false
55294,DOID:2531,CC BY 4.0,DISEASES,false
2244,DOID:4989,ODbL 1.0,DisGeNET,false
3880,DOID:1781,CC BY 4.0,DISEASES,false
3479,DOID:1909,,DOAF,false
57555,DOID:12849,CC BY 4.0,DISEASES,false
7015,DOID:3571,CC BY 4.0,DISEASES,false
2261,DOID:11054,ODbL 1.0,DisGeNET,false
1203,DOID:1826,CC BY 4.0,DISEASES,false
55973,DOID:3393,CC BY 4.0,GWAS Catalog,true
57053,DOID:0050742,CC BY 4.0,DISEASES,false
1350,DOID:9970,ODbL 1.0,DisGeNET,false
51119,DOID:2355,CC BY 4.0,DISEASES,false
55367,DOID:263,ODbL 1.0,DisGeNET,false
1649,DOID:9744,ODbL 1.0,DisGeNET,false
7124,DOID:1909,,DISEASES|DisGeNET,false
3106,DOID:13241,,DISEASES|DOAF|DisGeNET,false
1440,DOID:2531,,DISEASES|DisGeNET,false
4240,DOID:1612,ODbL 1.0,DisGeNET,false
2670,DOID:5419,,DOAF,false
53353,DOID:263,ODbL 1.0,DisGeNET,false
973,DOID:2355,CC BY 4.0,DISEASES,false
2562,DOID:12849,,DISEASES|DOAF|DisGeNET,false
4887,DOID:9970,,DOAF,false
6856,DOID:2986,ODbL 1.0,DisGeNET,false
2539,DOID:9970,ODbL 1.0,DisGeNET,false
9920,DOID:2531,CC BY 4.0,DISEASES,false
23229,DOID:1826,CC BY 4.0,DISEASES,false
3476,DOID:1612,ODbL 1.0,DisGeNET,false
111,DOID:10763,ODbL 1.0,DisGeNET,false
6648,DOID:1793,ODbL 1.0,DisGeNET,false
3558,DOID:1909,,DISEASES|DisGeNET,false
1612,DOID:263,ODbL 1.0,DisGeNET,false
675,DOID:1319,ODbL 1.0,DisGeNET,false
283,DOID:332,CC BY 4.0,DISEASES|DOAF,false
27113,DOID:5041,ODbL 1.0,DisGeNET,false
3479,DOID:9970,CC BY 4.0,DISEASES|DOAF,false
5443,DOID:0050425,ODbL 1.0,DisGeNET,false
4318,DOID:3083,,DISEASES|DOAF|DisGeNET,false
4544,DOID:11714,CC BY 4.0,DISEASES|GWAS Catalog,true
2936,DOID:2355,ODbL 1.0,DisGeNET,false
6202,DOID:14330,ODbL 1.0,DisGeNET,false
682,DOID:1909,,DOAF,false
7031,DOID:1793,CC BY 4.0,GWAS Catalog,true
10678,DOID:7147,CC BY 4.0,GWAS Catalog,true
339896,DOID:3312,CC BY 4.0,DISEASES,false
4036,DOID:10283,,DISEASES|DisGeNET,false
5155,DOID:10763,ODbL 1.0,DisGeNET,false
10841,DOID:2531,ODbL 1.0,DisGeNET,false
1019,DOID:9744,ODbL 1.0,DisGeNET,false
7040,DOID:2531,,DISEASES|DisGeNET,false
551,DOID:1826,ODbL 1.0,DisGeNET,false
23405,DOID:1324,,DISEASES|DisGeNET,false
3059,DOID:7148,ODbL 1.0,DisGeNET,false
51659,DOID:8850,ODbL 1.0,DisGeNET,false
5077,DOID:1115,CC BY 4.0,DISEASES,false
7332,DOID:2043,CC BY 4.0,GWAS Catalog,true
6997,DOID:2994,CC BY 4.0,DISEASES,false
4311,DOID:10283,ODbL 1.0,DisGeNET,false
64321,DOID:4606,ODbL 1.0,DisGeNET,false
969,DOID:9744,,DisGeNET|GWAS Catalog,true
388125,DOID:9352,,DisGeNET|GWAS Catalog,true
7096,DOID:4481,CC BY 4.0,GWAS Catalog,true
3123,DOID:4989,ODbL 1.0,DisGeNET,false
2634,DOID:3393,ODbL 1.0,DisGeNET,false
114294,DOID:9970,ODbL 1.0,DisGeNET,false
2956,DOID:219,CC BY 4.0,DISEASES,false
3456,DOID:1612,ODbL 1.0,DisGeNET,false
5743,DOID:9074,ODbL 1.0,DisGeNET,false
7422,DOID:8893,ODbL 1.0,DOAF|DisGeNET,false
3397,DOID:3393,ODbL 1.0,DisGeNET,false
3119,DOID:4362,ODbL 1.0,DisGeNET,false
251,DOID:10283,CC BY 4.0,DISEASES,false
2876,DOID:12930,ODbL 1.0,DisGeNET,false
25816,DOID:2986,ODbL 1.0,DisGeNET,false
4893,DOID:4606,CC BY 4.0,DISEASES,false
581,DOID:5041,ODbL 1.0,DisGeNET,false
5971,DOID:3310,ODbL 1.0,DisGeNET,false
2068,DOID:1612,ODbL 1.0,DisGeNET,false
199713,DOID:2994,ODbL 1.0,DisGeNET,false
6664,DOID:8778,CC BY 4.0,GWAS Catalog,true
3565,DOID:12365,CC BY 4.0,DISEASES|DOAF,false
7436,DOID:1312,ODbL 1.0,DisGeNET,false
8404,DOID:1826,ODbL 1.0,DisGeNET,false
10911,DOID:10763,,DISEASES|DOAF|DisGeNET,false
9446,DOID:2531,ODbL 1.0,DisGeNET,false
6506,DOID:332,,DISEASES|DisGeNET,false
501,DOID:1826,CC BY 4.0,DISEASES,false
7022,DOID:10534,ODbL 1.0,DisGeNET,false
1471,DOID:784,CC BY 4.0,DISEASES|GWAS Catalog,true
3815,DOID:2355,CC BY 4.0,DISEASES,false
332,DOID:3393,ODbL 1.0,DisGeNET,false
6531,DOID:3312,CC BY 4.0,DISEASES,false
7364,DOID:11054,ODbL 1.0,DisGeNET,false
7018,DOID:9970,ODbL 1.0,DisGeNET,false
10077,DOID:2531,CC BY 4.0,GWAS Catalog,true
8869,DOID:1324,CC BY 4.0,DISEASES,false
7185,DOID:7148,,DISEASES|DOAF|DisGeNET|GWAS Catalog,true
3440,DOID:1793,ODbL 1.0,DisGeNET,false
43,DOID:10652,,DISEASES|DisGeNET,false
5196,DOID:3393,CC BY 4.0,DISEASES,false
259307,DOID:3393,CC BY 4.0,DISEASES,false
632,DOID:11476,,DISEASES|DisGeNET,false
3486,DOID:9970,CC BY 4.0,DISEASES,false
834,DOID:9970,ODbL 1.0,DisGeNET,false
23201,DOID:10534,ODbL 1.0,DisGeNET,false
3908,DOID:9835,,DisGeNET|GWAS Catalog,true
1075,DOID:10763,ODbL 1.0,DisGeNET,false
8930,DOID:12849,ODbL 1.0,DisGeNET,false
6280,DOID:11054,ODbL 1.0,DisGeNET,false
1152,DOID:1324,ODbL 1.0,DisGeNET,false
800,DOID:1115,CC BY 4.0,DISEASES,false
30000,DOID:11612,ODbL 1.0,DisGeNET,false
1513,DOID:7148,CC BY 4.0,DISEASES,false
4160,DOID:9970,,DISEASES|DOAF|DisGeNET|GWAS Catalog,true
6916,DOID:10283,ODbL 1.0,DisGeNET,false
3619,DOID:1909,ODbL 1.0,DisGeNET,false
2950,DOID:332,ODbL 1.0,DisGeNET,false
57703,DOID:1909,CC BY 4.0,DISEASES,false
9775,DOID:119,CC BY 4.0,DISEASES,false
84159,DOID:12361,ODbL 1.0,DisGeNET,false
57223,DOID:14221,CC BY 4.0,GWAS Catalog,true
7292,DOID:9744,ODbL 1.0,DisGeNET,false
23411,DOID:1936,ODbL 1.0,DisGeNET,false
10959,DOID:2986,ODbL 1.0,DisGeNET,false
1075,DOID:9970,ODbL 1.0,DisGeNET,false
2272,DOID:1612,ODbL 1.0,DisGeNET,false
8435,DOID:784,ODbL 1.0,DisGeNET,false
161424,DOID:1612,ODbL 1.0,DisGeNET,false
19,DOID:784,ODbL 1.0,DisGeNET,false
338567,DOID:6364,,DISEASES|DisGeNET,false
3606,DOID:3310,,DISEASES|DOAF|DisGeNET,false
4004,DOID:2531,,DISEASES|DisGeNET,false
2918,DOID:1826,ODbL 1.0,DisGeNET,false
800,DOID:263,CC BY 4.0,DISEASES,false
3673,DOID:1993,CC BY 4.0,DISEASES,false
54474,DOID:2994,CC BY 4.0,DISEASES,false
7298,DOID:1793,ODbL 1.0,DisGeNET,false
490,DOID:10763,,DISEASES|DisGeNET|GWAS Catalog,true
5621,DOID:2986,ODbL 1.0,DisGeNET,false
5142,DOID:3393,ODbL 1.0,DisGeNET,false
348,DOID:1686,,DOAF,false
255738,DOID:3393,CC BY 4.0,DISEASES|GWAS Catalog,true
4233,DOID:3571,,DISEASES|DisGeNET,false
28982,DOID:2355,CC BY 4.0,DISEASES,false
4016,DOID:11054,ODbL 1.0,DisGeNET,false
56729,DOID:10763,CC BY 4.0,DISEASES|DOAF,false
79039,DOID:3571,ODbL 1.0,DisGeNET,false
3284,DOID:9352,ODbL 1.0,DisGeNET,false
3569,DOID:8893,,DISEASES|DOAF|DisGeNET,false
6927,DOID:263,ODbL 1.0,DisGeNET,false
7295,DOID:2531,CC BY 4.0,DISEASES,false
1236,DOID:2531,CC BY 4.0,DISEASES,false
9420,DOID:10283,ODbL 1.0,DisGeNET,false
7162,DOID:10283,ODbL 1.0,DisGeNET,false
1559,DOID:1319,ODbL 1.0,DisGeNET,false
6608,DOID:3565,ODbL 1.0,DisGeNET,false
11186,DOID:1612,CC BY 4.0,DISEASES,false
25844,DOID:263,ODbL 1.0,DisGeNET,false
4698,DOID:8893,CC BY 4.0,DISEASES,false
10809,DOID:10283,ODbL 1.0,DisGeNET,false
5894,DOID:3571,ODbL 1.0,DisGeNET,false
23314,DOID:9296,CC BY 4.0,DISEASES,false
4794,DOID:7148,,DisGeNET|GWAS Catalog,true
5244,DOID:12236,,DISEASES|DisGeNET,false
6709,DOID:1826,CC BY 4.0,DISEASES,false
968,DOID:2531,CC BY 4.0,DISEASES,false
894,DOID:10283,ODbL 1.0,DisGeNET,false
6134,DOID:12849,ODbL 1.0,DisGeNET,false
5443,DOID:3393,ODbL 1.0,DisGeNET,false
6770,DOID:363,ODbL 1.0,DisGeNET,false
64324,DOID:12849,ODbL 1.0,DisGeNET,false
4613,DOID:3953,CC BY 4.0,DISEASES,false
3082,DOID:1192,ODbL 1.0,DisGeNET,false
367,DOID:2531,ODbL 1.0,DisGeNET,false
2745,DOID:9970,ODbL 1.0,DisGeNET,false
8521,DOID:10763,CC BY 4.0,DISEASES,false
3156,DOID:10763,ODbL 1.0,DisGeNET,false
1586,DOID:10763,,DISEASES|DisGeNET,false
5604,DOID:1909,ODbL 1.0,DOAF|DisGeNET,false
50945,DOID:9296,CC BY 4.0,DISEASES,false
2956,DOID:1324,ODbL 1.0,DisGeNET,false
6236,DOID:1612,ODbL 1.0,DisGeNET,false
54880,DOID:8850,ODbL 1.0,DisGeNET,false
3586,DOID:3393,,DISEASES|DisGeNET,false
7040,DOID:1793,,DISEASES|DisGeNET,false
85414,DOID:11054,CC BY 4.0,DISEASES,false
960,DOID:2531,ODbL 1.0,DisGeNET,false
3357,DOID:10763,ODbL 1.0,DisGeNET,false
4846,DOID:10534,ODbL 1.0,DisGeNET,false
3091,DOID:1793,ODbL 1.0,DisGeNET,false
210,DOID:1826,ODbL 1.0,DisGeNET,false
10892,DOID:10534,CC BY 4.0,DISEASES,false
595,DOID:2531,,DISEASES|DisGeNET,false
55905,DOID:8893,,DISEASES|DisGeNET,false
288,DOID:3312,,DISEASES|DOAF|DisGeNET|GWAS Catalog,true
207,DOID:1192,CC BY 4.0,DISEASES,false
3576,DOID:3070,ODbL 1.0,DisGeNET,false
26575,DOID:10283,CC BY 4.0,GWAS Catalog,true
6125,DOID:2377,CC BY 4.0,GWAS Catalog,true
6695,DOID:10283,ODbL 1.0,DisGeNET,false
5142,DOID:12849,ODbL 1.0,DisGeNET,false
11005,DOID:1793,CC BY 4.0,DISEASES,false
123264,DOID:12236,ODbL 1.0,DisGeNET,false
1499,DOID:1612,,DISEASES|DisGeNET,false
116135,DOID:10534,ODbL 1.0,DisGeNET,false
6999,DOID:12849,ODbL 1.0,DisGeNET,false
356,DOID:2043,,DOAF,false
7056,DOID:1790,CC BY 4.0,DISEASES,false
285335,DOID:3571,CC BY 4.0,DISEASES,false
3785,DOID:1826,,DISEASES|DOAF|DisGeNET,false
5645,DOID:4989,,DOAF,false
4683,DOID:1612,,DISEASES|DisGeNET,false
26508,DOID:1686,CC BY 4.0,DISEASES,false
7850,DOID:8577,,DisGeNET|GWAS Catalog,true
3600,DOID:8778,CC BY 4.0,DISEASES,false
5468,DOID:10763,,DISEASES|DOAF|DisGeNET,false
3363,DOID:594,CC BY 4.0,DISEASES,false
2925,DOID:10283,,DISEASES|DisGeNET,false
2068,DOID:1909,,DOAF,false
51094,DOID:11612,,DOAF,false
3569,DOID:2841,,DISEASES|DisGeNET,false
1265,DOID:263,ODbL 1.0,DisGeNET,false
3240,DOID:10763,ODbL 1.0,DisGeNET,false
490,DOID:2986,ODbL 1.0,DisGeNET,false
2944,DOID:14330,ODbL 1.0,DisGeNET,false
10892,DOID:2377,CC BY 4.0,GWAS Catalog,true
285761,DOID:1909,ODbL 1.0,DisGeNET,false
3357,DOID:6364,CC BY 4.0,DISEASES,false
10516,DOID:10871,CC BY 4.0,DISEASES,false
6696,DOID:11476,CC BY 4.0,DISEASES,false
143187,DOID:1324,CC BY 4.0,GWAS Catalog,true
7139,DOID:3393,ODbL 1.0,DisGeNET,false
3767,DOID:9744,ODbL 1.0,DisGeNET,false
9370,DOID:11612,CC BY 4.0,DISEASES|DOAF,false
3690,DOID:10283,ODbL 1.0,DisGeNET,false
2249,DOID:2994,CC BY 4.0,DISEASES,false
55914,DOID:8850,ODbL 1.0,DisGeNET,false
23293,DOID:3393,CC BY 4.0,GWAS Catalog,true
4925,DOID:10283,ODbL 1.0,DisGeNET,false
6356,DOID:9744,ODbL 1.0,DisGeNET,false
10981,DOID:1024,,DisGeNET|GWAS Catalog,true
9215,DOID:3571,ODbL 1.0,DisGeNET,false
10392,DOID:8778,CC BY 4.0,DISEASES,false
55876,DOID:8577,CC BY 4.0,GWAS Catalog,true
51035,DOID:10534,ODbL 1.0,DisGeNET,false
54551,DOID:12849,ODbL 1.0,DisGeNET,false
5378,DOID:219,CC BY 4.0,DISEASES,false
3304,DOID:1793,ODbL 1.0,DisGeNET,false
51561,DOID:8893,,DISEASES|DOAF|DisGeNET|GWAS Catalog,true
4893,DOID:2986,ODbL 1.0,DisGeNET,false
595,DOID:11054,CC BY 4.0,DISEASES,false
3280,DOID:1826,ODbL 1.0,DisGeNET,false
51131,DOID:2841,,DISEASES|DOAF|DisGeNET,false
3315,DOID:10534,ODbL 1.0,DisGeNET,false
199,DOID:14330,ODbL 1.0,DisGeNET,false
5999,DOID:5419,CC BY 4.0,DISEASES|DOAF,false
7157,DOID:1993,CC BY 4.0,DISEASES,false
3759,DOID:3393,ODbL 1.0,DisGeNET,false
6492,DOID:1612,ODbL 1.0,DisGeNET,false
4318,DOID:184,ODbL 1.0,DisGeNET,false
54738,DOID:3393,ODbL 1.0,DisGeNET,false
1586,DOID:11612,CC BY 4.0,DISEASES|DOAF,false
2641,DOID:9970,,DISEASES|DOAF|DisGeNET,false
56603,DOID:5419,CC BY 4.0,GWAS Catalog,true
1833,DOID:9835,CC BY 4.0,DISEASES,false
796,DOID:1781,CC BY 4.0,DISEASES,false
857,DOID:1936,ODbL 1.0,DisGeNET,false
4928,DOID:2531,,DISEASES|DisGeNET,false
5122,DOID:9970,,DISEASES|DOAF|DisGeNET,false
3600,DOID:9074,CC BY 4.0,DISEASES,false
2729,DOID:3083,,DOAF,false
30062,DOID:1909,ODbL 1.0,DisGeNET,false
1356,DOID:14330,ODbL 1.0,DOAF|DisGeNET,false
1571,DOID:9352,ODbL 1.0,DisGeNET,false
4023,DOID:10652,,DOAF,false
23539,DOID:10871,CC BY 4.0,GWAS Catalog,true
2944,DOID:2355,,DOAF,false
8477,DOID:2986,ODbL 1.0,DisGeNET,false
3091,DOID:3070,ODbL 1.0,DisGeNET,false
9970,DOID:3571,ODbL 1.0,DisGeNET,false
9149,DOID:9970,CC BY 4.0,DISEASES,false
595,DOID:3571,CC BY 4.0,DISEASES,false
5305,DOID:5419,CC BY 4.0,DISEASES|DOAF,false
3440,DOID:2043,,DISEASES|DisGeNET,false
7037,DOID:9970,ODbL 1.0,DisGeNET,false
6775,DOID:12236,,DisGeNET|GWAS Catalog,true
2353,DOID:1826,,DISEASES|DisGeNET,false
2315,DOID:175,CC BY 4.0,DISEASES,false
4843,DOID:12236,ODbL 1.0,DisGeNET,false
2023,DOID:1612,ODbL 1.0,DisGeNET,false
3383,DOID:10763,,DISEASES|DisGeNET,false
7124,DOID:6364,ODbL 1.0,DisGeNET,false
23658,DOID:11612,ODbL 1.0,DisGeNET,false
4221,DOID:1793,,DISEASES|DisGeNET,false
2182,DOID:2355,CC BY 4.0,DISEASES,false
29777,DOID:10534,ODbL 1.0,DisGeNET,false
5291,DOID:10283,CC BY 4.0,DISEASES,false
114771,DOID:1826,CC BY 4.0,DISEASES,false
7124,DOID:14330,ODbL 1.0,DOAF|DisGeNET,false
3240,DOID:9970,ODbL 1.0,DisGeNET,false
25978,DOID:332,,DISEASES|DOAF|DisGeNET,false
51305,DOID:1826,ODbL 1.0,DisGeNET,false
203068,DOID:12930,ODbL 1.0,DisGeNET,false
6532,DOID:5419,CC BY 4.0,DISEASES|DOAF,false
3485,DOID:10763,ODbL 1.0,DisGeNET,false
28,DOID:12361,CC BY 4.0,GWAS Catalog,true
4317,DOID:824,CC BY 4.0,DISEASES,false
5599,DOID:10534,ODbL 1.0,DisGeNET,false
2922,DOID:1324,CC BY 4.0,DISEASES,false
4695,DOID:10534,ODbL 1.0,DisGeNET,false
836,DOID:9744,ODbL 1.0,DisGeNET,false
1188,DOID:10763,,DOAF,false
2244,DOID:11476,ODbL 1.0,DisGeNET,false
627,DOID:2377,CC BY 4.0,DISEASES|DOAF,false
3845,DOID:219,CC BY 4.0,DISEASES,false
5396,DOID:10283,ODbL 1.0,DisGeNET,false
54778,DOID:9835,CC BY 4.0,DISEASES,false
596,DOID:11612,ODbL 1.0,DisGeNET,false
8639,DOID:9352,ODbL 1.0,DisGeNET,false
572,DOID:10283,ODbL 1.0,DisGeNET,false
80127,DOID:11612,ODbL 1.0,DisGeNET,false
26166,DOID:4159,CC BY 4.0,GWAS Catalog,true
7517,DOID:5041,ODbL 1.0,DisGeNET,false
2149,DOID:10534,ODbL 1.0,DisGeNET,false
3394,DOID:2377,,DisGeNET|GWAS Catalog,true
4804,DOID:11612,ODbL 1.0,DisGeNET,false
3295,DOID:1826,ODbL 1.0,DisGeNET,false
3039,DOID:9744,CC BY 4.0,DISEASES,false
5099,DOID:1826,CC BY 4.0,GWAS Catalog,true
4609,DOID:10283,,DISEASES|DisGeNET|GWAS Catalog,true
3762,DOID:3953,CC BY 4.0,DISEASES,false
4843,DOID:3393,ODbL 1.0,DisGeNET,false
4741,DOID:5419,,DOAF,false
23345,DOID:1094,CC BY 4.0,GWAS Catalog,true
2597,DOID:5419,,DOAF,false
5728,DOID:9835,ODbL 1.0,DisGeNET,false
675,DOID:1793,,DISEASES|DisGeNET,false
9369,DOID:12849,CC BY 4.0,DISEASES,false
79054,DOID:6364,,DISEASES|DisGeNET|GWAS Catalog,true
8091,DOID:9352,CC BY 4.0,GWAS Catalog,true
5395,DOID:363,CC BY 4.0,DISEASES,false
4719,DOID:10534,ODbL 1.0,DisGeNET,false
8165,DOID:9970,ODbL 1.0,DisGeNET,false
1410,DOID:5041,ODbL 1.0,DisGeNET,false
1286,DOID:1312,CC BY 4.0,DISEASES,false
7052,DOID:5041,ODbL 1.0,DisGeNET,false
2146,DOID:184,ODbL 1.0,DisGeNET,false
10891,DOID:10652,ODbL 1.0,DisGeNET,false
6405,DOID:363,ODbL 1.0,DisGeNET,false
3756,DOID:1826,,DISEASES|DisGeNET,false
4312,DOID:10763,ODbL 1.0,DisGeNET,false
56616,DOID:10283,ODbL 1.0,DisGeNET,false
2099,DOID:8398,,DOAF,false
4846,DOID:3393,,DISEASES|DisGeNET,false
60468,DOID:9744,,DisGeNET|GWAS Catalog,true
4318,DOID:1936,CC BY 4.0,DISEASES|DOAF,false
283092,DOID:263,ODbL 1.0,DisGeNET,false
79807,DOID:10283,ODbL 1.0,DisGeNET,false
652,DOID:9206,ODbL 1.0,DisGeNET,false
1164,DOID:11612,ODbL 1.0,DisGeNET,false
4436,DOID:219,CC BY 4.0,DISEASES,false
1235,DOID:12306,ODbL 1.0,DisGeNET,false
64170,DOID:2986,ODbL 1.0,DisGeNET,false
10159,DOID:2986,ODbL 1.0,DisGeNET,false
6774,DOID:2377,CC BY 4.0,GWAS Catalog,true
467,DOID:9352,ODbL 1.0,DisGeNET,false
153090,DOID:3393,ODbL 1.0,DisGeNET,false
3553,DOID:10763,ODbL 1.0,DOAF|DisGeNET,false
25,DOID:3571,ODbL 1.0,DisGeNET,false
5799,DOID:9744,ODbL 1.0,DisGeNET,false
64333,DOID:3393,ODbL 1.0,DisGeNET,false
83638,DOID:1909,ODbL 1.0,DisGeNET,false
2739,DOID:12849,ODbL 1.0,DisGeNET,false
5816,DOID:3312,ODbL 1.0,DisGeNET,false
6853,DOID:12849,ODbL 1.0,DisGeNET,false
1381,DOID:2531,CC BY 4.0,DISEASES,false
55340,DOID:9744,ODbL 1.0,DisGeNET,false
9231,DOID:8577,CC BY 4.0,DISEASES,false
7690,DOID:2986,ODbL 1.0,DisGeNET,false
5328,DOID:10283,,DISEASES|DisGeNET,false
3479,DOID:1459,CC BY 4.0,DISEASES,false
2065,DOID:10283,ODbL 1.0,DisGeNET,false
283742,DOID:7148,CC BY 4.0,GWAS Catalog,true
9474,DOID:7148,CC BY 4.0,GWAS Catalog,true
4524,DOID:12849,ODbL 1.0,DOAF|DisGeNET,false
8190,DOID:1909,,DOAF,false
4191,DOID:3393,ODbL 1.0,DisGeNET,false
8743,DOID:1192,ODbL 1.0,DisGeNET,false
2033,DOID:219,ODbL 1.0,DisGeNET,false
3481,DOID:14221,ODbL 1.0,DisGeNET,false
55294,DOID:363,ODbL 1.0,DisGeNET,false
8831,DOID:1826,ODbL 1.0,DisGeNET,false
169044,DOID:1324,ODbL 1.0,DisGeNET,false
25793,DOID:14330,CC BY 4.0,DISEASES,false
10630,DOID:1324,CC BY 4.0,DISEASES,false
7248,DOID:11054,CC BY 4.0,DISEASES,false
6700,DOID:10534,ODbL 1.0,DisGeNET,false
1995,DOID:11054,CC BY 4.0,DISEASES,false
7350,DOID:9970,,DISEASES|DOAF|DisGeNET,false
4602,DOID:2841,ODbL 1.0,DisGeNET,false
2897,DOID:10652,CC BY 4.0,DISEASES,false
6217,DOID:2355,CC BY 4.0,DISEASES,false
29123,DOID:10811,CC BY 4.0,DISEASES,false
635,DOID:9352,ODbL 1.0,DisGeNET,false
10333,DOID:2841,CC BY 4.0,DISEASES|DOAF,false
199,DOID:418,,DOAF,false
154,DOID:10763,,DISEASES|DOAF|DisGeNET,false
6935,DOID:2394,ODbL 1.0,DisGeNET,false
2532,DOID:635,,DOAF,false
51170,DOID:3953,CC BY 4.0,DISEASES,false
6349,DOID:635,CC BY 4.0,DISEASES|DOAF,false
8560,DOID:2986,ODbL 1.0,DisGeNET,false
3553,DOID:11476,ODbL 1.0,DisGeNET,false
4322,DOID:7148,CC BY 4.0,DISEASES,false
2335,DOID:3070,,DISEASES|DisGeNET,false
2702,DOID:9970,ODbL 1.0,DisGeNET,false
1490,DOID:12236,ODbL 1.0,DisGeNET,false
8301,DOID:2531,ODbL 1.0,DisGeNET,false
968,DOID:784,ODbL 1.0,DisGeNET,false
6532,DOID:1826,,DOAF,false
6647,DOID:1936,ODbL 1.0,DOAF|DisGeNET,false
1991,DOID:3083,CC BY 4.0,DISEASES,false
140,DOID:3393,ODbL 1.0,DisGeNET,false
4072,DOID:1790,CC BY 4.0,DISEASES,false
7128,DOID:8893,,DISEASES|DisGeNET|GWAS Catalog,true
1390,DOID:3393,ODbL 1.0,DisGeNET,false
1471,DOID:1936,CC BY 4.0,DISEASES,false
348,DOID:8893,ODbL 1.0,DisGeNET,false
6910,DOID:10283,CC BY 4.0,GWAS Catalog,true
9180,DOID:1324,ODbL 1.0,DisGeNET,false
79660,DOID:3393,CC BY 4.0,GWAS Catalog,true
338,DOID:10763,CC BY 4.0,DISEASES,false
4072,DOID:1324,CC BY 4.0,DISEASES,false
5054,DOID:1312,ODbL 1.0,DisGeNET,false
9782,DOID:332,CC BY 4.0,DISEASES,false
2890,DOID:10652,CC BY 4.0,DISEASES,false
2913,DOID:5419,CC BY 4.0,DISEASES|DOAF|GWAS Catalog,true
6753,DOID:1826,ODbL 1.0,DisGeNET,false
7272,DOID:11612,ODbL 1.0,DisGeNET,false
54602,DOID:2355,CC BY 4.0,DISEASES,false
6152,DOID:11476,CC BY 4.0,DISEASES,false
208,DOID:9970,ODbL 1.0,DisGeNET,false
921,DOID:3277,CC BY 4.0,DISEASES,false
3558,DOID:7148,CC BY 4.0,DISEASES|DOAF,false
10417,DOID:10283,ODbL 1.0,DisGeNET,false
11132,DOID:9970,,DOAF,false
5116,DOID:10283,CC BY 4.0,DISEASES,false
11214,DOID:263,ODbL 1.0,DisGeNET,false
5970,DOID:1319,ODbL 1.0,DisGeNET,false
5290,DOID:5041,ODbL 1.0,DisGeNET,false
6176,DOID:2531,CC BY 4.0,GWAS Catalog,true
3593,DOID:2841,ODbL 1.0,DOAF|DisGeNET,false
6546,DOID:1826,ODbL 1.0,DisGeNET,false
3269,DOID:1936,ODbL 1.0,DisGeNET,false
4843,DOID:2043,,DOAF,false
2147,DOID:9074,CC BY 4.0,DISEASES,false
3479,DOID:9352,,DISEASES|DisGeNET,false
1031,DOID:2174,CC BY 4.0,DISEASES,false
843,DOID:10534,ODbL 1.0,DisGeNET,false
4015,DOID:12236,ODbL 1.0,DisGeNET,false
2833,DOID:10763,ODbL 1.0,DisGeNET,false
54107,DOID:2986,ODbL 1.0,DisGeNET,false
83746,DOID:1319,ODbL 1.0,DisGeNET,false
5294,DOID:1793,CC BY 4.0,DISEASES,false
64170,DOID:7147,ODbL 1.0,DisGeNET,false
4879,DOID:3393,,DISEASES|DisGeNET,false
10928,DOID:10283,ODbL 1.0,DisGeNET,false
58490,DOID:5875,CC BY 4.0,DISEASES,false
1356,DOID:8893,ODbL 1.0,DisGeNET,false
6334,DOID:1826,,DISEASES|DisGeNET,false
959,DOID:2043,CC BY 4.0,DISEASES,false
3710,DOID:9744,,DISEASES|DisGeNET,false
6387,DOID:3393,,DisGeNET|GWAS Catalog,true
308,DOID:1612,CC BY 4.0,DISEASES,false
3684,DOID:418,CC BY 4.0,GWAS Catalog,true
2878,DOID:9970,ODbL 1.0,DisGeNET,false
598,DOID:3393,ODbL 1.0,DisGeNET,false
5265,DOID:2841,ODbL 1.0,DisGeNET,false
1848,DOID:1826,CC BY 4.0,DISEASES,false
5771,DOID:5041,CC BY 4.0,GWAS Catalog,true
6690,DOID:4989,,DISEASES|DOAF|DisGeNET,false
5319,DOID:10976,CC BY 4.0,DISEASES,false
4128,DOID:0050741,CC BY 4.0,DISEASES,false
6404,DOID:2377,,DOAF,false
1806,DOID:1094,CC BY 4.0,GWAS Catalog,true
925,DOID:3310,CC BY 4.0,DISEASES,false
4049,DOID:3393,ODbL 1.0,DisGeNET,false
8701,DOID:10534,CC BY 4.0,GWAS Catalog,true
1374,DOID:9352,ODbL 1.0,DisGeNET,false
8701,DOID:3393,ODbL 1.0,DisGeNET,false
55054,DOID:8577,CC BY 4.0,DISEASES|DOAF,false
2890,DOID:12849,ODbL 1.0,DisGeNET,false
7042,DOID:1686,,DISEASES|DisGeNET,false
10628,DOID:3393,ODbL 1.0,DisGeNET,false
5327,DOID:1826,ODbL 1.0,DisGeNET,false
793,DOID:5419,CC BY 4.0,DISEASES,false
596,DOID:10763,ODbL 1.0,DisGeNET,false
1360,DOID:4989,CC BY 4.0,DISEASES,false
5727,DOID:1319,,DISEASES|DisGeNET,false
26227,DOID:1909,ODbL 1.0,DisGeNET,false
6662,DOID:10283,CC BY 4.0,GWAS Catalog,true
5996,DOID:184,ODbL 1.0,DisGeNET,false
174,DOID:1612,ODbL 1.0,DisGeNET,false
1046,DOID:2531,CC BY 4.0,DISEASES,false
1548,DOID:10534,ODbL 1.0,DisGeNET,false
1746,DOID:12849,ODbL 1.0,DisGeNET,false
2535,DOID:3393,ODbL 1.0,DisGeNET,false
219844,DOID:2531,CC BY 4.0,DISEASES,false
3845,DOID:3121,,DISEASES|DisGeNET,false
5395,DOID:4045,ODbL 1.0,DisGeNET,false
1136,DOID:0050742,CC BY 4.0,DISEASES|GWAS Catalog,true
3667,DOID:9970,,DISEASES|DisGeNET|GWAS Catalog,true
730,DOID:3393,ODbL 1.0,DisGeNET,false
207,DOID:2394,,DISEASES|DisGeNET,false
10197,DOID:2986,ODbL 1.0,DisGeNET,false
1139,DOID:1826,ODbL 1.0,DisGeNET,false
7185,DOID:10283,ODbL 1.0,DisGeNET,false
4146,DOID:8398,CC BY 4.0,DISEASES,false
2908,DOID:9970,,DISEASES|DOAF|DisGeNET,false
3845,DOID:784,ODbL 1.0,DisGeNET,false
7054,DOID:10763,ODbL 1.0,DOAF|DisGeNET,false
941,DOID:1909,CC BY 4.0,DISEASES,false
5320,DOID:1936,ODbL 1.0,DisGeNET,false
6863,DOID:10763,,DISEASES|DisGeNET,false
22796,DOID:9352,CC BY 4.0,DISEASES,false
6499,DOID:10871,CC BY 4.0,DISEASES,false
2730,DOID:5419,,DOAF,false
3002,DOID:12849,ODbL 1.0,DisGeNET,false
55726,DOID:2394,CC BY 4.0,DISEASES,false
137735,DOID:12930,ODbL 1.0,DisGeNET,false
6591,DOID:1612,,DISEASES|DisGeNET,false
11005,DOID:3310,,DOAF,false
3717,DOID:8577,,DisGeNET|GWAS Catalog,true
1029,DOID:1192,ODbL 1.0,DisGeNET,false
2045,DOID:1324,ODbL 1.0,DisGeNET,false
3856,DOID:3571,ODbL 1.0,DisGeNET,false
4088,DOID:8778,CC BY 4.0,GWAS Catalog,true
1490,DOID:14330,ODbL 1.0,DisGeNET,false
3600,DOID:3083,CC BY 4.0,DISEASES,false
4144,DOID:2986,ODbL 1.0,DisGeNET,false
54894,DOID:4606,ODbL 1.0,DisGeNET,false
55504,DOID:1909,ODbL 1.0,DisGeNET,false
5734,DOID:8778,CC BY 4.0,GWAS Catalog,true
51085,DOID:784,ODbL 1.0,DisGeNET,false
4868,DOID:1312,,DISEASES|DisGeNET,false
2354,DOID:1826,ODbL 1.0,DisGeNET,false
11116,DOID:1686,CC BY 4.0,DISEASES,false
84628,DOID:3312,ODbL 1.0,DisGeNET,false
4015,DOID:2043,ODbL 1.0,DisGeNET,false
1636,DOID:2841,,DOAF,false
6271,DOID:263,CC BY 4.0,DISEASES,false
9685,DOID:5419,,DOAF,false
6352,DOID:2377,CC BY 4.0,DISEASES,false
1509,DOID:11949,,DOAF,false
1471,DOID:2531,ODbL 1.0,DisGeNET,false
2475,DOID:4362,ODbL 1.0,DisGeNET,false
348,DOID:10763,,DISEASES|DOAF|DisGeNET,false
3098,DOID:9970,ODbL 1.0,DisGeNET,false
125,DOID:0060119,ODbL 1.0,DisGeNET,false
5467,DOID:9970,ODbL 1.0,DOAF|DisGeNET,false
1375,DOID:3393,ODbL 1.0,DisGeNET,false
3553,DOID:10652,,DISEASES|DOAF|DisGeNET,false
5159,DOID:10283,ODbL 1.0,DisGeNET,false
2914,DOID:1826,,DISEASES|DisGeNET,false
6854,DOID:12849,ODbL 1.0,DisGeNET,false
4193,DOID:2174,CC BY 4.0,DISEASES,false
27098,DOID:1612,ODbL 1.0,DisGeNET,false
8795,DOID:2531,CC BY 4.0,DISEASES,false
3654,DOID:7148,,DISEASES|DisGeNET,false
920,DOID:3277,CC BY 4.0,DISEASES,false
2150,DOID:1909,ODbL 1.0,DisGeNET,false
4082,DOID:8850,ODbL 1.0,DisGeNET,false
8021,DOID:2531,,DISEASES|DisGeNET,false
1796,DOID:2394,ODbL 1.0,DisGeNET,false
7544,DOID:14227,CC BY 4.0,DISEASES,false
2526,DOID:2531,CC BY 4.0,DISEASES,false
7297,DOID:12236,ODbL 1.0,DisGeNET,false
373156,DOID:10283,ODbL 1.0,DisGeNET,false
7307,DOID:11476,ODbL 1.0,DisGeNET,false
1848,DOID:3070,ODbL 1.0,DisGeNET,false
177,DOID:3393,ODbL 1.0,DisGeNET,false
238,DOID:1324,,DISEASES|DisGeNET,false
1562,DOID:3070,ODbL 1.0,DisGeNET,false
5859,DOID:10283,ODbL 1.0,DisGeNET,false
3662,DOID:2531,,DISEASES|DisGeNET|GWAS Catalog,true
8844,DOID:8778,CC BY 4.0,GWAS Catalog,true
59067,DOID:7148,CC BY 4.0,DISEASES,false
1814,DOID:1094,CC BY 4.0,DISEASES,false
7046,DOID:10283,CC BY 4.0,DISEASES,false
4646,DOID:10763,,DisGeNET|GWAS Catalog,true
3479,DOID:784,ODbL 1.0,DisGeNET,false
2641,DOID:9744,CC BY 4.0,DISEASES,false
181,DOID:9352,ODbL 1.0,DisGeNET,false
2740,DOID:10763,ODbL 1.0,DisGeNET,false
6662,DOID:90,CC BY 4.0,DISEASES,false
3667,DOID:11612,CC BY 4.0,DISEASES|DOAF,false
7412,DOID:2377,,DISEASES|DisGeNET,false
3291,DOID:9970,ODbL 1.0,DisGeNET,false
5728,DOID:10283,,DISEASES|DisGeNET,false
131,DOID:0060119,ODbL 1.0,DisGeNET,false
6919,DOID:2531,ODbL 1.0,DisGeNET,false
2915,DOID:5419,CC BY 4.0,DISEASES,false
7040,DOID:1612,,DISEASES|DisGeNET,false
50700,DOID:10871,CC BY 4.0,DISEASES,false
3265,DOID:1909,CC BY 4.0,DISEASES,false
2308,DOID:2531,ODbL 1.0,DisGeNET,false
23197,DOID:10283,ODbL 1.0,DisGeNET,false
55572,DOID:184,CC BY 4.0,DISEASES,false
90,DOID:1612,ODbL 1.0,DisGeNET,false
941,DOID:9744,ODbL 1.0,DisGeNET,false
1187,DOID:10763,ODbL 1.0,DisGeNET,false
6581,DOID:2994,CC BY 4.0,DISEASES,false
5917,DOID:2986,ODbL 1.0,DisGeNET,false
1910,DOID:1612,ODbL 1.0,DisGeNET,false
4314,DOID:8398,CC BY 4.0,DISEASES,false
23345,DOID:3312,CC BY 4.0,GWAS Catalog,true
4881,DOID:10763,,DISEASES|DOAF|DisGeNET,false
2212,DOID:824,,DOAF,false
4318,DOID:3393,,DISEASES|DOAF|DisGeNET,false
2147,DOID:10763,CC BY 4.0,DISEASES,false
57468,DOID:1826,,DISEASES|DisGeNET,false
2313,DOID:9835,CC BY 4.0,GWAS Catalog,true
864,DOID:2531,,DISEASES|DisGeNET,false
6865,DOID:2841,CC BY 4.0,DISEASES,false
120892,DOID:14330,,DISEASES|DOAF|DisGeNET|GWAS Catalog,true
7417,DOID:1826,ODbL 1.0,DisGeNET,false
3021,DOID:2531,CC BY 4.0,DISEASES,false
10018,DOID:14268,,DisGeNET|GWAS Catalog,true
3067,DOID:11119,ODbL 1.0,DisGeNET,false
23586,DOID:1909,CC BY 4.0,DISEASES,false
440275,DOID:10763,,DISEASES|DisGeNET,false
57628,DOID:3571,ODbL 1.0,DisGeNET,false
1909,DOID:10763,,DISEASES|DisGeNET,false
124359,DOID:1612,CC BY 4.0,GWAS Catalog,true
3304,DOID:1936,ODbL 1.0,DisGeNET,false
6783,DOID:3393,CC BY 4.0,DISEASES,false
221687,DOID:1612,ODbL 1.0,DisGeNET,false
5816,DOID:1826,CC BY 4.0,DISEASES,false
4478,DOID:3393,ODbL 1.0,DisGeNET,false
146059,DOID:2355,,DISEASES|DisGeNET,false
