source_id,target_id,license,source,unbiased
D007383,DOID:7693,CC0 1.0,MEDLINE cooccurrence,False
D021501,DOID:2994,CC0 1.0,MEDLINE cooccurrence,False
D010146,DOID:7148,CC0 1.0,MEDLINE cooccurrence,False
D013064,DOID:1319,CC0 1.0,MEDLINE cooccurrence,False
D003248,DOID:1324,CC0 1.0,MEDLINE cooccurrence,False
D059373,DOID:1612,CC0 1.0,MEDLINE cooccurrence,False
D009437,DOID:1192,CC0 1.0,MEDLINE cooccurrence,False
D006396,DOID:13499,CC0 1.0,MEDLINE cooccurrence,False
D004433,DOID:2994,CC0 1.0,MEDLINE cooccurrence,False
D006732,DOID:5559,CC0 1.0,MEDLINE cooccurrence,False
D053608,DOID:1595,CC0 1.0,MEDLINE cooccurrence,False
D012877,DOID:1024,CC0 1.0,MEDLINE cooccurrence,False
D004417,DOID:2596,CC0 1.0,MEDLINE cooccurrence,False
D000381,DOID:1319,CC0 1.0,MEDLINE cooccurrence,False
D011596,DOID:5419,CC0 1.0,MEDLINE cooccurrence,False
D006356,DOID:10534,CC0 1.0,MEDLINE cooccurrence,False
D006816,DOID:2377,CC0 1.0,MEDLINE cooccurrence,False
D003639,DOID:0060119,CC0 1.0,MEDLINE cooccurrence,False
D054058,DOID:784,CC0 1.0,MEDLINE cooccurrence,False
D000377,DOID:5419,CC0 1.0,MEDLINE cooccurrence,False
D005158,DOID:8850,CC0 1.0,MEDLINE cooccurrence,False
D010148,DOID:263,CC0 1.0,MEDLINE cooccurrence,False
D009133,DOID:1024,CC0 1.0,MEDLINE cooccurrence,False
D001750,DOID:13241,CC0 1.0,MEDLINE cooccurrence,False
D003655,DOID:1826,CC0 1.0,MEDLINE cooccurrence,False
D012893,DOID:1595,CC0 1.0,MEDLINE cooccurrence,False
D010264,DOID:1115,CC0 1.0,MEDLINE cooccurrence,False
D011693,DOID:9074,CC0 1.0,MEDLINE cooccurrence,False
D006469,DOID:5559,CC0 1.0,MEDLINE cooccurrence,False
D004417,DOID:1115,CC0 1.0,MEDLINE cooccurrence,False
D012021,DOID:11119,CC0 1.0,MEDLINE cooccurrence,False
D002637,DOID:2994,CC0 1.0,MEDLINE cooccurrence,False
D009058,DOID:824,CC0 1.0,MEDLINE cooccurrence,False
D020181,DOID:3393,CC0 1.0,MEDLINE cooccurrence,False
D014839,DOID:4989,CC0 1.0,MEDLINE cooccurrence,False
D005132,DOID:2377,CC0 1.0,MEDLINE cooccurrence,False
D005334,DOID:1993,CC0 1.0,MEDLINE cooccurrence,False
D006930,DOID:0050742,CC0 1.0,MEDLINE cooccurrence,False
D003085,DOID:4606,CC0 1.0,MEDLINE cooccurrence,False
D009325,DOID:1909,CC0 1.0,MEDLINE cooccurrence,False
D006319,DOID:12930,CC0 1.0,MEDLINE cooccurrence,False
D002389,DOID:1595,CC0 1.0,MEDLINE cooccurrence,False
D006314,DOID:0060119,CC0 1.0,MEDLINE cooccurrence,False
D000849,DOID:10652,CC0 1.0,MEDLINE cooccurrence,False
D056865,DOID:10534,CC0 1.0,MEDLINE cooccurrence,False
D007040,DOID:1324,CC0 1.0,MEDLINE cooccurrence,False
D003085,DOID:1725,CC0 1.0,MEDLINE cooccurrence,False
D014786,DOID:13241,CC0 1.0,MEDLINE cooccurrence,False
D000472,DOID:594,CC0 1.0,MEDLINE cooccurrence,False
D009133,DOID:7148,CC0 1.0,MEDLINE cooccurrence,False
D005130,DOID:10871,CC0 1.0,MEDLINE cooccurrence,False
D015746,DOID:14004,CC0 1.0,MEDLINE cooccurrence,False
D001259,DOID:2994,CC0 1.0,MEDLINE cooccurrence,False
D011538,DOID:986,CC0 1.0,MEDLINE cooccurrence,False
D000006,DOID:263,CC0 1.0,MEDLINE cooccurrence,False
D002303,DOID:7693,CC0 1.0,MEDLINE cooccurrence,False
D004421,DOID:1826,CC0 1.0,MEDLINE cooccurrence,False
D004417,DOID:418,CC0 1.0,MEDLINE cooccurrence,False
D015875,DOID:1192,CC0 1.0,MEDLINE cooccurrence,False
D006985,DOID:2841,CC0 1.0,MEDLINE cooccurrence,False
D000006,DOID:635,CC0 1.0,MEDLINE cooccurrence,False
D005262,DOID:2998,CC0 1.0,MEDLINE cooccurrence,False
D005334,DOID:1024,CC0 1.0,MEDLINE cooccurrence,False
D009461,DOID:1324,CC0 1.0,MEDLINE cooccurrence,False
D012135,DOID:4481,CC0 1.0,MEDLINE cooccurrence,False
D011696,DOID:2043,CC0 1.0,MEDLINE cooccurrence,False
D007706,DOID:10652,CC0 1.0,MEDLINE cooccurrence,False
D015746,DOID:8778,CC0 1.0,MEDLINE cooccurrence,False
D006212,DOID:6364,CC0 1.0,MEDLINE cooccurrence,False
D019954,DOID:1595,CC0 1.0,MEDLINE cooccurrence,False
D010149,DOID:7693,CC0 1.0,MEDLINE cooccurrence,False
D011595,DOID:12995,CC0 1.0,MEDLINE cooccurrence,False
D002524,DOID:12365,CC0 1.0,MEDLINE cooccurrence,False
D053584,DOID:585,CC0 1.0,MEDLINE cooccurrence,False
D009290,DOID:8986,CC0 1.0,MEDLINE cooccurrence,False
D006985,DOID:3083,CC0 1.0,MEDLINE cooccurrence,False
D010146,DOID:1115,CC0 1.0,MEDLINE cooccurrence,False
D005221,DOID:1909,CC0 1.0,MEDLINE cooccurrence,False
D012607,DOID:10941,CC0 1.0,MEDLINE cooccurrence,False
D002639,DOID:12930,CC0 1.0,MEDLINE cooccurrence,False
D014786,DOID:184,CC0 1.0,MEDLINE cooccurrence,False
D000787,DOID:784,CC0 1.0,MEDLINE cooccurrence,False
D005132,DOID:418,CC0 1.0,MEDLINE cooccurrence,False
D005334,DOID:7148,CC0 1.0,MEDLINE cooccurrence,False
D046089,DOID:11934,CC0 1.0,MEDLINE cooccurrence,False
D001072,DOID:2994,CC0 1.0,MEDLINE cooccurrence,False
D006987,DOID:3565,CC0 1.0,MEDLINE cooccurrence,False
D018908,DOID:184,CC0 1.0,MEDLINE cooccurrence,False
D006606,DOID:10534,CC0 1.0,MEDLINE cooccurrence,False
D014840,DOID:5041,CC0 1.0,MEDLINE cooccurrence,False
D000860,DOID:1793,CC0 1.0,MEDLINE cooccurrence,False
D016553,DOID:10608,CC0 1.0,MEDLINE cooccurrence,False
D009207,DOID:5559,CC0 1.0,MEDLINE cooccurrence,False
D003128,DOID:5408,CC0 1.0,MEDLINE cooccurrence,False
D003967,DOID:8778,CC0 1.0,MEDLINE cooccurrence,False
D010291,DOID:1319,CC0 1.0,MEDLINE cooccurrence,False
D013746,DOID:4989,CC0 1.0,MEDLINE cooccurrence,False
D001926,DOID:784,CC0 1.0,MEDLINE cooccurrence,False
D012892,DOID:3312,CC0 1.0,MEDLINE cooccurrence,False
D010292,DOID:3070,CC0 1.0,MEDLINE cooccurrence,False
D000787,DOID:10763,CC0 1.0,MEDLINE cooccurrence,False
D002389,DOID:12849,CC0 1.0,MEDLINE cooccurrence,False
D002524,DOID:10608,CC0 1.0,MEDLINE cooccurrence,False
D005926,DOID:1595,CC0 1.0,MEDLINE cooccurrence,False
D003128,DOID:10941,CC0 1.0,MEDLINE cooccurrence,False
D005862,DOID:2994,CC0 1.0,MEDLINE cooccurrence,False
D007565,DOID:14268,CC0 1.0,MEDLINE cooccurrence,False
D011693,DOID:8577,CC0 1.0,MEDLINE cooccurrence,False
D020238,DOID:12849,CC0 1.0,MEDLINE cooccurrence,False
D005222,DOID:12236,CC0 1.0,MEDLINE cooccurrence,False
D012166,DOID:13241,CC0 1.0,MEDLINE cooccurrence,False
D004314,DOID:9296,CC0 1.0,MEDLINE cooccurrence,False
D053202,DOID:11054,CC0 1.0,MEDLINE cooccurrence,False
D006930,DOID:1115,CC0 1.0,MEDLINE cooccurrence,False
D010146,DOID:13189,CC0 1.0,MEDLINE cooccurrence,False
D017699,DOID:1245,CC0 1.0,MEDLINE cooccurrence,False
D020234,DOID:11949,CC0 1.0,MEDLINE cooccurrence,False
D011782,DOID:11054,CC0 1.0,MEDLINE cooccurrence,False
D014202,DOID:3312,CC0 1.0,MEDLINE cooccurrence,False
D000849,DOID:1319,CC0 1.0,MEDLINE cooccurrence,False
D018589,DOID:418,CC0 1.0,MEDLINE cooccurrence,False
D006396,DOID:2998,CC0 1.0,MEDLINE cooccurrence,False
D008607,DOID:263,CC0 1.0,MEDLINE cooccurrence,False
D005335,DOID:8778,CC0 1.0,MEDLINE cooccurrence,False
D014839,DOID:6364,CC0 1.0,MEDLINE cooccurrence,False
D009058,DOID:9296,CC0 1.0,MEDLINE cooccurrence,False
D008607,DOID:2043,CC0 1.0,MEDLINE cooccurrence,False
D004314,DOID:10652,CC0 1.0,MEDLINE cooccurrence,False
D005414,DOID:219,CC0 1.0,MEDLINE cooccurrence,False
D019575,DOID:1826,CC0 1.0,MEDLINE cooccurrence,False
D017109,DOID:1094,CC0 1.0,MEDLINE cooccurrence,False
D014008,DOID:1909,CC0 1.0,MEDLINE cooccurrence,False
D003248,DOID:13223,CC0 1.0,MEDLINE cooccurrence,False
D010149,DOID:8398,CC0 1.0,MEDLINE cooccurrence,False
D012891,DOID:8986,CC0 1.0,MEDLINE cooccurrence,False
D005483,DOID:5041,CC0 1.0,MEDLINE cooccurrence,False
D003085,DOID:3121,CC0 1.0,MEDLINE cooccurrence,False
D011602,DOID:4481,CC0 1.0,MEDLINE cooccurrence,False
D012640,DOID:3070,CC0 1.0,MEDLINE cooccurrence,False
D014826,DOID:332,CC0 1.0,MEDLINE cooccurrence,False
D004438,DOID:3571,CC0 1.0,MEDLINE cooccurrence,False
D001750,DOID:9074,CC0 1.0,MEDLINE cooccurrence,False
D014717,DOID:3070,CC0 1.0,MEDLINE cooccurrence,False
D005414,DOID:1993,CC0 1.0,MEDLINE cooccurrence,False
D003967,DOID:1993,CC0 1.0,MEDLINE cooccurrence,False
D003085,DOID:13223,CC0 1.0,MEDLINE cooccurrence,False
D009122,DOID:2377,CC0 1.0,MEDLINE cooccurrence,False
D006942,DOID:12361,CC0 1.0,MEDLINE cooccurrence,False
D050177,DOID:10763,CC0 1.0,MEDLINE cooccurrence,False
D006261,DOID:1192,CC0 1.0,MEDLINE cooccurrence,False
D013494,DOID:14330,CC0 1.0,MEDLINE cooccurrence,False
D006472,DOID:9296,CC0 1.0,MEDLINE cooccurrence,False
D014832,DOID:1781,CC0 1.0,MEDLINE cooccurrence,False
D004244,DOID:12185,CC0 1.0,MEDLINE cooccurrence,False
D006311,DOID:12306,CC0 1.0,MEDLINE cooccurrence,False
D059411,DOID:10283,CC0 1.0,MEDLINE cooccurrence,False
D011782,DOID:7148,CC0 1.0,MEDLINE cooccurrence,False
D011537,DOID:784,CC0 1.0,MEDLINE cooccurrence,False
D050177,DOID:1936,CC0 1.0,MEDLINE cooccurrence,False
D006685,DOID:2841,CC0 1.0,MEDLINE cooccurrence,False
D010291,DOID:2994,CC0 1.0,MEDLINE cooccurrence,False
D017593,DOID:8986,CC0 1.0,MEDLINE cooccurrence,False
D000381,DOID:10652,CC0 1.0,MEDLINE cooccurrence,False
D018908,DOID:13241,CC0 1.0,MEDLINE cooccurrence,False
D012585,DOID:90,CC0 1.0,MEDLINE cooccurrence,False
D006312,DOID:12185,CC0 1.0,MEDLINE cooccurrence,False
D006935,DOID:3083,CC0 1.0,MEDLINE cooccurrence,False
D019547,DOID:11934,CC0 1.0,MEDLINE cooccurrence,False
D007806,DOID:5419,CC0 1.0,MEDLINE cooccurrence,False
D011304,DOID:12185,CC0 1.0,MEDLINE cooccurrence,False
D005158,DOID:1024,CC0 1.0,MEDLINE cooccurrence,False
D010243,DOID:3070,CC0 1.0,MEDLINE cooccurrence,False
D013651,DOID:7148,CC0 1.0,MEDLINE cooccurrence,False
D007040,DOID:3083,CC0 1.0,MEDLINE cooccurrence,False
D013575,DOID:2994,CC0 1.0,MEDLINE cooccurrence,False
D014474,DOID:10941,CC0 1.0,MEDLINE cooccurrence,False
D002375,DOID:5419,CC0 1.0,MEDLINE cooccurrence,False
D006212,DOID:11949,CC0 1.0,MEDLINE cooccurrence,False
D003221,DOID:10941,CC0 1.0,MEDLINE cooccurrence,False
D006606,DOID:1319,CC0 1.0,MEDLINE cooccurrence,False
D034062,DOID:11949,CC0 1.0,MEDLINE cooccurrence,False
D003638,DOID:9835,CC0 1.0,MEDLINE cooccurrence,False
D004487,DOID:2394,CC0 1.0,MEDLINE cooccurrence,False
D003128,DOID:1790,CC0 1.0,MEDLINE cooccurrence,False
D014839,DOID:2531,CC0 1.0,MEDLINE cooccurrence,False
D009222,DOID:2377,CC0 1.0,MEDLINE cooccurrence,False
D005221,DOID:1459,CC0 1.0,MEDLINE cooccurrence,False
D003967,DOID:1909,CC0 1.0,MEDLINE cooccurrence,False
D006963,DOID:1595,CC0 1.0,MEDLINE cooccurrence,False
D059226,DOID:8398,CC0 1.0,MEDLINE cooccurrence,False
D004417,DOID:5559,CC0 1.0,MEDLINE cooccurrence,False
D002524,DOID:3070,CC0 1.0,MEDLINE cooccurrence,False
D010291,DOID:3070,CC0 1.0,MEDLINE cooccurrence,False
D005334,DOID:3953,CC0 1.0,MEDLINE cooccurrence,False
D053158,DOID:14330,CC0 1.0,MEDLINE cooccurrence,False
D004244,DOID:2377,CC0 1.0,MEDLINE cooccurrence,False
D008569,DOID:10652,CC0 1.0,MEDLINE cooccurrence,False
D016553,DOID:2986,CC0 1.0,MEDLINE cooccurrence,False
D006315,DOID:2994,CC0 1.0,MEDLINE cooccurrence,False
D011696,DOID:635,CC0 1.0,MEDLINE cooccurrence,False
D001049,DOID:2841,CC0 1.0,MEDLINE cooccurrence,False
D015877,DOID:1686,CC0 1.0,MEDLINE cooccurrence,False
D000860,DOID:363,CC0 1.0,MEDLINE cooccurrence,False
D009325,DOID:14330,CC0 1.0,MEDLINE cooccurrence,False
D009041,DOID:594,CC0 1.0,MEDLINE cooccurrence,False
D038901,DOID:1826,CC0 1.0,MEDLINE cooccurrence,False
D011782,DOID:12361,CC0 1.0,MEDLINE cooccurrence,False
D002524,DOID:1459,CC0 1.0,MEDLINE cooccurrence,False
D003693,DOID:14330,CC0 1.0,MEDLINE cooccurrence,False
D041781,DOID:4606,CC0 1.0,MEDLINE cooccurrence,False
D001072,DOID:12849,CC0 1.0,MEDLINE cooccurrence,False
D000550,DOID:2174,CC0 1.0,MEDLINE cooccurrence,False
D009133,DOID:784,CC0 1.0,MEDLINE cooccurrence,False
D004614,DOID:1319,CC0 1.0,MEDLINE cooccurrence,False
D034381,DOID:1319,CC0 1.0,MEDLINE cooccurrence,False
D011696,DOID:10534,CC0 1.0,MEDLINE cooccurrence,False
D009903,DOID:6364,CC0 1.0,MEDLINE cooccurrence,False
D006311,DOID:986,CC0 1.0,MEDLINE cooccurrence,False
D014012,DOID:2994,CC0 1.0,MEDLINE cooccurrence,False
D009325,DOID:1790,CC0 1.0,MEDLINE cooccurrence,False
D003128,DOID:1826,CC0 1.0,MEDLINE cooccurrence,False
D011538,DOID:8893,CC0 1.0,MEDLINE cooccurrence,False
D007383,DOID:175,CC0 1.0,MEDLINE cooccurrence,False
D006423,DOID:2377,CC0 1.0,MEDLINE cooccurrence,False
D003371,DOID:5041,CC0 1.0,MEDLINE cooccurrence,False
D014549,DOID:363,CC0 1.0,MEDLINE cooccurrence,False
D002819,DOID:1319,CC0 1.0,MEDLINE cooccurrence,False
D014012,DOID:10941,CC0 1.0,MEDLINE cooccurrence,False
D004401,DOID:2377,CC0 1.0,MEDLINE cooccurrence,False
D002032,DOID:11612,CC0 1.0,MEDLINE cooccurrence,False
D012585,DOID:8398,CC0 1.0,MEDLINE cooccurrence,False
D006963,DOID:9970,CC0 1.0,MEDLINE cooccurrence,False
D020336,DOID:332,CC0 1.0,MEDLINE cooccurrence,False
D009765,DOID:9970,CC0 1.0,MEDLINE cooccurrence,False
D058447,DOID:1686,CC0 1.0,MEDLINE cooccurrence,False
D015160,DOID:2994,CC0 1.0,MEDLINE cooccurrence,False
D000860,DOID:1936,CC0 1.0,MEDLINE cooccurrence,False
D002100,DOID:3083,CC0 1.0,MEDLINE cooccurrence,False
D009755,DOID:1909,CC0 1.0,MEDLINE cooccurrence,False
D004172,DOID:1909,CC0 1.0,MEDLINE cooccurrence,False
D003635,DOID:8577,CC0 1.0,MEDLINE cooccurrence,False
D000377,DOID:12849,CC0 1.0,MEDLINE cooccurrence,False
D005483,DOID:9352,CC0 1.0,MEDLINE cooccurrence,False
D001766,DOID:9835,CC0 1.0,MEDLINE cooccurrence,False
D004487,DOID:4989,CC0 1.0,MEDLINE cooccurrence,False
D006469,DOID:3277,CC0 1.0,MEDLINE cooccurrence,False
D008065,DOID:594,CC0 1.0,MEDLINE cooccurrence,False
D019591,DOID:9835,CC0 1.0,MEDLINE cooccurrence,False
D020069,DOID:1324,CC0 1.0,MEDLINE cooccurrence,False
D004401,DOID:3070,CC0 1.0,MEDLINE cooccurrence,False
D004487,DOID:1909,CC0 1.0,MEDLINE cooccurrence,False
D020182,DOID:2994,CC0 1.0,MEDLINE cooccurrence,False
D054058,DOID:9352,CC0 1.0,MEDLINE cooccurrence,False
D004401,DOID:11949,CC0 1.0,MEDLINE cooccurrence,False
D009207,DOID:1826,CC0 1.0,MEDLINE cooccurrence,False
D020069,DOID:184,CC0 1.0,MEDLINE cooccurrence,False
D006311,DOID:1459,CC0 1.0,MEDLINE cooccurrence,False
D009123,DOID:3277,CC0 1.0,MEDLINE cooccurrence,False
D006337,DOID:13378,CC0 1.0,MEDLINE cooccurrence,False
D007565,DOID:2355,CC0 1.0,MEDLINE cooccurrence,False
D014823,DOID:10871,CC0 1.0,MEDLINE cooccurrence,False
D001247,DOID:1612,CC0 1.0,MEDLINE cooccurrence,False
D002032,DOID:594,CC0 1.0,MEDLINE cooccurrence,False
D005157,DOID:2994,CC0 1.0,MEDLINE cooccurrence,False
D054972,DOID:2377,CC0 1.0,MEDLINE cooccurrence,False
D010845,DOID:9970,CC0 1.0,MEDLINE cooccurrence,False
D009437,DOID:0060119,CC0 1.0,MEDLINE cooccurrence,False
D001072,DOID:1094,CC0 1.0,MEDLINE cooccurrence,False
D019584,DOID:1612,CC0 1.0,MEDLINE cooccurrence,False
D001750,DOID:363,CC0 1.0,MEDLINE cooccurrence,False
D015746,DOID:4989,CC0 1.0,MEDLINE cooccurrence,False
D012135,DOID:1324,CC0 1.0,MEDLINE cooccurrence,False
D004421,DOID:12306,CC0 1.0,MEDLINE cooccurrence,False
D011537,DOID:1993,CC0 1.0,MEDLINE cooccurrence,False
D009912,DOID:11934,CC0 1.0,MEDLINE cooccurrence,False
D010845,DOID:8986,CC0 1.0,MEDLINE cooccurrence,False
D007319,DOID:0050425,CC0 1.0,MEDLINE cooccurrence,False
D004487,DOID:1115,CC0 1.0,MEDLINE cooccurrence,False
D002637,DOID:175,CC0 1.0,MEDLINE cooccurrence,False
D002637,DOID:5041,CC0 1.0,MEDLINE cooccurrence,False
D006469,DOID:13241,CC0 1.0,MEDLINE cooccurrence,False
D014786,DOID:11555,CC0 1.0,MEDLINE cooccurrence,False
D017827,DOID:0050425,CC0 1.0,MEDLINE cooccurrence,False
D010291,DOID:175,CC0 1.0,MEDLINE cooccurrence,False
D004438,DOID:3953,CC0 1.0,MEDLINE cooccurrence,False
D011696,DOID:13378,CC0 1.0,MEDLINE cooccurrence,False
D050177,DOID:14221,CC0 1.0,MEDLINE cooccurrence,False
D002637,DOID:2355,CC0 1.0,MEDLINE cooccurrence,False
D001416,DOID:1115,CC0 1.0,MEDLINE cooccurrence,False
D009755,DOID:9835,CC0 1.0,MEDLINE cooccurrence,False
D017116,DOID:8398,CC0 1.0,MEDLINE cooccurrence,False
D004487,DOID:7148,CC0 1.0,MEDLINE cooccurrence,False
D018908,DOID:6364,CC0 1.0,MEDLINE cooccurrence,False
D005221,DOID:2377,CC0 1.0,MEDLINE cooccurrence,False
D009155,DOID:12849,CC0 1.0,MEDLINE cooccurrence,False
D004415,DOID:784,CC0 1.0,MEDLINE cooccurrence,False
D018908,DOID:332,CC0 1.0,MEDLINE cooccurrence,False
D001037,DOID:1319,CC0 1.0,MEDLINE cooccurrence,False
D006319,DOID:0060119,CC0 1.0,MEDLINE cooccurrence,False
D003968,DOID:2994,CC0 1.0,MEDLINE cooccurrence,False
D003967,DOID:10153,CC0 1.0,MEDLINE cooccurrence,False
D041781,DOID:14268,CC0 1.0,MEDLINE cooccurrence,False
D015746,DOID:3953,CC0 1.0,MEDLINE cooccurrence,False
D048949,DOID:1595,CC0 1.0,MEDLINE cooccurrence,False
D001750,DOID:9744,CC0 1.0,MEDLINE cooccurrence,False
D003221,DOID:3565,CC0 1.0,MEDLINE cooccurrence,False
D006606,DOID:3070,CC0 1.0,MEDLINE cooccurrence,False
D010243,DOID:1115,CC0 1.0,MEDLINE cooccurrence,False
D005334,DOID:1612,CC0 1.0,MEDLINE cooccurrence,False
D005183,DOID:1595,CC0 1.0,MEDLINE cooccurrence,False
D003248,DOID:8778,CC0 1.0,MEDLINE cooccurrence,False
D009912,DOID:5408,CC0 1.0,MEDLINE cooccurrence,False
D012877,DOID:8577,CC0 1.0,MEDLINE cooccurrence,False
D006396,DOID:13223,CC0 1.0,MEDLINE cooccurrence,False
D000472,DOID:0050741,CC0 1.0,MEDLINE cooccurrence,False
D014012,DOID:184,CC0 1.0,MEDLINE cooccurrence,False
D006963,DOID:0050741,CC0 1.0,MEDLINE cooccurrence,False
D001247,DOID:1595,CC0 1.0,MEDLINE cooccurrence,False
D014840,DOID:363,CC0 1.0,MEDLINE cooccurrence,False
D007319,DOID:0050741,CC0 1.0,MEDLINE cooccurrence,False
D019569,DOID:2994,CC0 1.0,MEDLINE cooccurrence,False
D005335,DOID:2531,CC0 1.0,MEDLINE cooccurrence,False
D005132,DOID:0060119,CC0 1.0,MEDLINE cooccurrence,False
D007859,DOID:1094,CC0 1.0,MEDLINE cooccurrence,False
D016553,DOID:12306,CC0 1.0,MEDLINE cooccurrence,False
D007383,DOID:3393,CC0 1.0,MEDLINE cooccurrence,False
D003371,DOID:4481,CC0 1.0,MEDLINE cooccurrence,False
D013651,DOID:12185,CC0 1.0,MEDLINE cooccurrence,False
D012893,DOID:0050741,CC0 1.0,MEDLINE cooccurrence,False
D000419,DOID:9352,CC0 1.0,MEDLINE cooccurrence,False
D006948,DOID:12849,CC0 1.0,MEDLINE cooccurrence,False
D009461,DOID:2377,CC0 1.0,MEDLINE cooccurrence,False
D020754,DOID:1826,CC0 1.0,MEDLINE cooccurrence,False
D006313,DOID:1192,CC0 1.0,MEDLINE cooccurrence,False
D000377,DOID:10652,CC0 1.0,MEDLINE cooccurrence,False
D015875,DOID:10941,CC0 1.0,MEDLINE cooccurrence,False
D007806,DOID:11119,CC0 1.0,MEDLINE cooccurrence,False
D010148,DOID:1324,CC0 1.0,MEDLINE cooccurrence,False
D011602,DOID:594,CC0 1.0,MEDLINE cooccurrence,False
D004408,DOID:1324,CC0 1.0,MEDLINE cooccurrence,False
D005130,DOID:4045,CC0 1.0,MEDLINE cooccurrence,False
D011507,DOID:7148,CC0 1.0,MEDLINE cooccurrence,False
D003635,DOID:12849,CC0 1.0,MEDLINE cooccurrence,False
D000006,DOID:3571,CC0 1.0,MEDLINE cooccurrence,False
D010291,DOID:1115,CC0 1.0,MEDLINE cooccurrence,False
D012607,DOID:12361,CC0 1.0,MEDLINE cooccurrence,False
D005335,DOID:3571,CC0 1.0,MEDLINE cooccurrence,False
D010146,DOID:7147,CC0 1.0,MEDLINE cooccurrence,False
D005158,DOID:10941,CC0 1.0,MEDLINE cooccurrence,False
D038921,DOID:8986,CC0 1.0,MEDLINE cooccurrence,False
D000857,DOID:0060119,CC0 1.0,MEDLINE cooccurrence,False
D016532,DOID:12185,CC0 1.0,MEDLINE cooccurrence,False
D006469,DOID:2596,CC0 1.0,MEDLINE cooccurrence,False
D020335,DOID:7693,CC0 1.0,MEDLINE cooccurrence,False
D010146,DOID:90,CC0 1.0,MEDLINE cooccurrence,False
D006948,DOID:14330,CC0 1.0,MEDLINE cooccurrence,False
D005183,DOID:9296,CC0 1.0,MEDLINE cooccurrence,False
D001041,DOID:11949,CC0 1.0,MEDLINE cooccurrence,False
D006685,DOID:11934,CC0 1.0,MEDLINE cooccurrence,False
D002100,DOID:1324,CC0 1.0,MEDLINE cooccurrence,False
D011782,DOID:10941,CC0 1.0,MEDLINE cooccurrence,False
D019591,DOID:1686,CC0 1.0,MEDLINE cooccurrence,False
D059607,DOID:5419,CC0 1.0,MEDLINE cooccurrence,False
D011141,DOID:784,CC0 1.0,MEDLINE cooccurrence,False
D019873,DOID:7148,CC0 1.0,MEDLINE cooccurrence,False
D018908,DOID:11949,CC0 1.0,MEDLINE cooccurrence,False
D005483,DOID:3571,CC0 1.0,MEDLINE cooccurrence,False
D015746,DOID:175,CC0 1.0,MEDLINE cooccurrence,False
D000006,DOID:2994,CC0 1.0,MEDLINE cooccurrence,False
D015746,DOID:1790,CC0 1.0,MEDLINE cooccurrence,False
D006212,DOID:594,CC0 1.0,MEDLINE cooccurrence,False
D003967,DOID:2355,CC0 1.0,MEDLINE cooccurrence,False
D006970,DOID:1094,CC0 1.0,MEDLINE cooccurrence,False
D014098,DOID:11934,CC0 1.0,MEDLINE cooccurrence,False
D013035,DOID:1826,CC0 1.0,MEDLINE cooccurrence,False
D006469,DOID:175,CC0 1.0,MEDLINE cooccurrence,False
D002524,DOID:6364,CC0 1.0,MEDLINE cooccurrence,False
D015746,DOID:1793,CC0 1.0,MEDLINE cooccurrence,False
D020069,DOID:4045,CC0 1.0,MEDLINE cooccurrence,False
D046088,DOID:12306,CC0 1.0,MEDLINE cooccurrence,False
D002303,DOID:14004,CC0 1.0,MEDLINE cooccurrence,False
D012135,DOID:11934,CC0 1.0,MEDLINE cooccurrence,False
D056128,DOID:9352,CC0 1.0,MEDLINE cooccurrence,False
D010292,DOID:8850,CC0 1.0,MEDLINE cooccurrence,False
D000006,DOID:219,CC0 1.0,MEDLINE cooccurrence,False
D004487,DOID:13378,CC0 1.0,MEDLINE cooccurrence,False
D004172,DOID:10941,CC0 1.0,MEDLINE cooccurrence,False
D014840,DOID:219,CC0 1.0,MEDLINE cooccurrence,False
D018476,DOID:11949,CC0 1.0,MEDLINE cooccurrence,False
D009325,DOID:1324,CC0 1.0,MEDLINE cooccurrence,False
D004438,DOID:2994,CC0 1.0,MEDLINE cooccurrence,False
D015746,DOID:10021,CC0 1.0,MEDLINE cooccurrence,False
D010146,DOID:2531,CC0 1.0,MEDLINE cooccurrence,False
D059411,DOID:11054,CC0 1.0,MEDLINE cooccurrence,False
D020886,DOID:14330,CC0 1.0,MEDLINE cooccurrence,False
D017699,DOID:1993,CC0 1.0,MEDLINE cooccurrence,False
D010148,DOID:4362,CC0 1.0,MEDLINE cooccurrence,False
D004438,DOID:184,CC0 1.0,MEDLINE cooccurrence,False
D004438,DOID:14004,CC0 1.0,MEDLINE cooccurrence,False
D013575,DOID:3953,CC0 1.0,MEDLINE cooccurrence,False
D014839,DOID:4362,CC0 1.0,MEDLINE cooccurrence,False
D017288,DOID:1595,CC0 1.0,MEDLINE cooccurrence,False
D015354,DOID:184,CC0 1.0,MEDLINE cooccurrence,False
D011681,DOID:2174,CC0 1.0,MEDLINE cooccurrence,False
D011782,DOID:9074,CC0 1.0,MEDLINE cooccurrence,False
D006930,DOID:4159,CC0 1.0,MEDLINE cooccurrence,False
D003639,DOID:2994,CC0 1.0,MEDLINE cooccurrence,False
D007035,DOID:4989,CC0 1.0,MEDLINE cooccurrence,False
D014840,DOID:2394,CC0 1.0,MEDLINE cooccurrence,False
D009120,DOID:784,CC0 1.0,MEDLINE cooccurrence,False
D000006,DOID:13223,CC0 1.0,MEDLINE cooccurrence,False
D005157,DOID:184,CC0 1.0,MEDLINE cooccurrence,False
D005157,DOID:1324,CC0 1.0,MEDLINE cooccurrence,False
D001835,DOID:14221,CC0 1.0,MEDLINE cooccurrence,False
D017116,DOID:5408,CC0 1.0,MEDLINE cooccurrence,False
D010149,DOID:3953,CC0 1.0,MEDLINE cooccurrence,False
D007088,DOID:1094,CC0 1.0,MEDLINE cooccurrence,False
D006987,DOID:1115,CC0 1.0,MEDLINE cooccurrence,False
D012133,DOID:332,CC0 1.0,MEDLINE cooccurrence,False
D003128,DOID:0050741,CC0 1.0,MEDLINE cooccurrence,False
D012133,DOID:2377,CC0 1.0,MEDLINE cooccurrence,False
D004454,DOID:11119,CC0 1.0,MEDLINE cooccurrence,False
D010292,DOID:2998,CC0 1.0,MEDLINE cooccurrence,False
D010146,DOID:635,CC0 1.0,MEDLINE cooccurrence,False
D001416,DOID:90,CC0 1.0,MEDLINE cooccurrence,False
D004172,DOID:10871,CC0 1.0,MEDLINE cooccurrence,False
D011681,DOID:1319,CC0 1.0,MEDLINE cooccurrence,False
D017699,DOID:1964,CC0 1.0,MEDLINE cooccurrence,False
D004487,DOID:8778,CC0 1.0,MEDLINE cooccurrence,False
D006970,DOID:14330,CC0 1.0,MEDLINE cooccurrence,False
D014786,DOID:3070,CC0 1.0,MEDLINE cooccurrence,False
D005334,DOID:13223,CC0 1.0,MEDLINE cooccurrence,False
D014826,DOID:11920,CC0 1.0,MEDLINE cooccurrence,False
D015430,DOID:14221,CC0 1.0,MEDLINE cooccurrence,False
D007088,DOID:6364,CC0 1.0,MEDLINE cooccurrence,False
D009886,DOID:0060119,CC0 1.0,MEDLINE cooccurrence,False
D010149,DOID:8778,CC0 1.0,MEDLINE cooccurrence,False
D017699,DOID:5875,CC0 1.0,MEDLINE cooccurrence,False
D017699,DOID:5408,CC0 1.0,MEDLINE cooccurrence,False
D009325,DOID:2531,CC0 1.0,MEDLINE cooccurrence,False
D011782,DOID:585,CC0 1.0,MEDLINE cooccurrence,False
D012166,DOID:10871,CC0 1.0,MEDLINE cooccurrence,False
D011602,DOID:6364,CC0 1.0,MEDLINE cooccurrence,False
D010591,DOID:7148,CC0 1.0,MEDLINE cooccurrence,False
D010243,DOID:10941,CC0 1.0,MEDLINE cooccurrence,False
D006316,DOID:784,CC0 1.0,MEDLINE cooccurrence,False
D001037,DOID:3070,CC0 1.0,MEDLINE cooccurrence,False
D006732,DOID:6364,CC0 1.0,MEDLINE cooccurrence,False
D018908,DOID:12361,CC0 1.0,MEDLINE cooccurrence,False
D010149,DOID:90,CC0 1.0,MEDLINE cooccurrence,False
D004417,DOID:5041,CC0 1.0,MEDLINE cooccurrence,False
D058447,DOID:10871,CC0 1.0,MEDLINE cooccurrence,False
D006316,DOID:9744,CC0 1.0,MEDLINE cooccurrence,False
D005132,DOID:10941,CC0 1.0,MEDLINE cooccurrence,False
D004421,DOID:3312,CC0 1.0,MEDLINE cooccurrence,False
D007859,DOID:9296,CC0 1.0,MEDLINE cooccurrence,False
D004489,DOID:3393,CC0 1.0,MEDLINE cooccurrence,False
D006429,DOID:1319,CC0 1.0,MEDLINE cooccurrence,False
D006396,DOID:5559,CC0 1.0,MEDLINE cooccurrence,False
D009437,DOID:184,CC0 1.0,MEDLINE cooccurrence,False
D020567,DOID:11714,CC0 1.0,MEDLINE cooccurrence,False
D006312,DOID:5408,CC0 1.0,MEDLINE cooccurrence,False
D010243,DOID:8850,CC0 1.0,MEDLINE cooccurrence,False
D020385,DOID:0060119,CC0 1.0,MEDLINE cooccurrence,False
D006942,DOID:14268,CC0 1.0,MEDLINE cooccurrence,False
D001750,DOID:11054,CC0 1.0,MEDLINE cooccurrence,False
D006939,DOID:363,CC0 1.0,MEDLINE cooccurrence,False
D005130,DOID:9835,CC0 1.0,MEDLINE cooccurrence,False
D009846,DOID:418,CC0 1.0,MEDLINE cooccurrence,False
D059246,DOID:3083,CC0 1.0,MEDLINE cooccurrence,False
D053158,DOID:10283,CC0 1.0,MEDLINE cooccurrence,False
D053578,DOID:5559,CC0 1.0,MEDLINE cooccurrence,False
D015746,DOID:1115,CC0 1.0,MEDLINE cooccurrence,False
D002559,DOID:184,CC0 1.0,MEDLINE cooccurrence,False
D000648,DOID:10941,CC0 1.0,MEDLINE cooccurrence,False
D055154,DOID:11934,CC0 1.0,MEDLINE cooccurrence,False
D001037,DOID:12849,CC0 1.0,MEDLINE cooccurrence,False
D006930,DOID:7148,CC0 1.0,MEDLINE cooccurrence,False
D012415,DOID:4159,CC0 1.0,MEDLINE cooccurrence,False
D060545,DOID:10283,CC0 1.0,MEDLINE cooccurrence,False
D018771,DOID:13189,CC0 1.0,MEDLINE cooccurrence,False
D020234,DOID:2377,CC0 1.0,MEDLINE cooccurrence,False
D018980,DOID:10608,CC0 1.0,MEDLINE cooccurrence,False
D006429,DOID:3565,CC0 1.0,MEDLINE cooccurrence,False
D006987,DOID:418,CC0 1.0,MEDLINE cooccurrence,False
D012893,DOID:0050742,CC0 1.0,MEDLINE cooccurrence,False
D023341,DOID:1909,CC0 1.0,MEDLINE cooccurrence,False
D014786,DOID:1192,CC0 1.0,MEDLINE cooccurrence,False
D002100,DOID:1909,CC0 1.0,MEDLINE cooccurrence,False
D009128,DOID:332,CC0 1.0,MEDLINE cooccurrence,False
D007805,DOID:12849,CC0 1.0,MEDLINE cooccurrence,False
D006319,DOID:1192,CC0 1.0,MEDLINE cooccurrence,False
D034381,DOID:3070,CC0 1.0,MEDLINE cooccurrence,False
D001260,DOID:11934,CC0 1.0,MEDLINE cooccurrence,False
D003244,DOID:12365,CC0 1.0,MEDLINE cooccurrence,False
D004438,DOID:11934,CC0 1.0,MEDLINE cooccurrence,False
D006942,DOID:4159,CC0 1.0,MEDLINE cooccurrence,False
D010243,DOID:1192,CC0 1.0,MEDLINE cooccurrence,False
D006311,DOID:9296,CC0 1.0,MEDLINE cooccurrence,False
D002819,DOID:14330,CC0 1.0,MEDLINE cooccurrence,False
D002100,DOID:2994,CC0 1.0,MEDLINE cooccurrence,False
D020189,DOID:8986,CC0 1.0,MEDLINE cooccurrence,False
D005262,DOID:0050741,CC0 1.0,MEDLINE cooccurrence,False
D004417,DOID:1781,CC0 1.0,MEDLINE cooccurrence,False
D001259,DOID:0050741,CC0 1.0,MEDLINE cooccurrence,False
D003248,DOID:10283,CC0 1.0,MEDLINE cooccurrence,False
D014839,DOID:1793,CC0 1.0,MEDLINE cooccurrence,False
D004172,DOID:0060119,CC0 1.0,MEDLINE cooccurrence,False
D020238,DOID:1826,CC0 1.0,MEDLINE cooccurrence,False
D011595,DOID:10652,CC0 1.0,MEDLINE cooccurrence,False
D000855,DOID:635,CC0 1.0,MEDLINE cooccurrence,False
D012021,DOID:2377,CC0 1.0,MEDLINE cooccurrence,False
D053201,DOID:9352,CC0 1.0,MEDLINE cooccurrence,False
D005335,DOID:263,CC0 1.0,MEDLINE cooccurrence,False
D003221,DOID:6364,CC0 1.0,MEDLINE cooccurrence,False
D059350,DOID:1595,CC0 1.0,MEDLINE cooccurrence,False
D006472,DOID:184,CC0 1.0,MEDLINE cooccurrence,False
D004489,DOID:12930,CC0 1.0,MEDLINE cooccurrence,False
D050177,DOID:14227,CC0 1.0,MEDLINE cooccurrence,False
D006942,DOID:12365,CC0 1.0,MEDLINE cooccurrence,False
D053578,DOID:2994,CC0 1.0,MEDLINE cooccurrence,False
D014839,DOID:3953,CC0 1.0,MEDLINE cooccurrence,False
D009912,DOID:7148,CC0 1.0,MEDLINE cooccurrence,False
D003693,DOID:3312,CC0 1.0,MEDLINE cooccurrence,False
D011694,DOID:2355,CC0 1.0,MEDLINE cooccurrence,False
D012678,DOID:6364,CC0 1.0,MEDLINE cooccurrence,False
D004614,DOID:3070,CC0 1.0,MEDLINE cooccurrence,False
D002100,DOID:635,CC0 1.0,MEDLINE cooccurrence,False
D059350,DOID:7148,CC0 1.0,MEDLINE cooccurrence,False
D004487,DOID:1612,CC0 1.0,MEDLINE cooccurrence,False
D012913,DOID:10763,CC0 1.0,MEDLINE cooccurrence,False
D000857,DOID:5419,CC0 1.0,MEDLINE cooccurrence,False
D006311,DOID:784,CC0 1.0,MEDLINE cooccurrence,False
D003248,DOID:363,CC0 1.0,MEDLINE cooccurrence,False
D006429,DOID:2994,CC0 1.0,MEDLINE cooccurrence,False
D010468,DOID:12849,CC0 1.0,MEDLINE cooccurrence,False
D014823,DOID:2994,CC0 1.0,MEDLINE cooccurrence,False
D001039,DOID:10652,CC0 1.0,MEDLINE cooccurrence,False
D041781,DOID:4989,CC0 1.0,MEDLINE cooccurrence,False
D014823,DOID:2355,CC0 1.0,MEDLINE cooccurrence,False
D005132,DOID:9074,CC0 1.0,MEDLINE cooccurrence,False
D020335,DOID:175,CC0 1.0,MEDLINE cooccurrence,False
D005132,DOID:8577,CC0 1.0,MEDLINE cooccurrence,False
D014786,DOID:1686,CC0 1.0,MEDLINE cooccurrence,False
D020182,DOID:1826,CC0 1.0,MEDLINE cooccurrence,False
D007926,DOID:11119,CC0 1.0,MEDLINE cooccurrence,False
D020820,DOID:5419,CC0 1.0,MEDLINE cooccurrence,False
D011697,DOID:4989,CC0 1.0,MEDLINE cooccurrence,False
D003244,DOID:0050741,CC0 1.0,MEDLINE cooccurrence,False
D020886,DOID:8398,CC0 1.0,MEDLINE cooccurrence,False
D004410,DOID:12995,CC0 1.0,MEDLINE cooccurrence,False
D006319,DOID:8577,CC0 1.0,MEDLINE cooccurrence,False
D015430,DOID:3312,CC0 1.0,MEDLINE cooccurrence,False
D011695,DOID:2986,CC0 1.0,MEDLINE cooccurrence,False
D009461,DOID:1115,CC0 1.0,MEDLINE cooccurrence,False
D001264,DOID:1826,CC0 1.0,MEDLINE cooccurrence,False
D005311,DOID:2841,CC0 1.0,MEDLINE cooccurrence,False
D016857,DOID:594,CC0 1.0,MEDLINE cooccurrence,False
D010148,DOID:1595,CC0 1.0,MEDLINE cooccurrence,False
D053201,DOID:10283,CC0 1.0,MEDLINE cooccurrence,False
D014826,DOID:11934,CC0 1.0,MEDLINE cooccurrence,False
D012891,DOID:0050156,CC0 1.0,MEDLINE cooccurrence,False
D001416,DOID:1324,CC0 1.0,MEDLINE cooccurrence,False
D009886,DOID:4045,CC0 1.0,MEDLINE cooccurrence,False
D000855,DOID:1993,CC0 1.0,MEDLINE cooccurrence,False
D006469,DOID:5041,CC0 1.0,MEDLINE cooccurrence,False
D006316,DOID:12306,CC0 1.0,MEDLINE cooccurrence,False
D003638,DOID:2994,CC0 1.0,MEDLINE cooccurrence,False
D011693,DOID:2355,CC0 1.0,MEDLINE cooccurrence,False
D014770,DOID:2998,CC0 1.0,MEDLINE cooccurrence,False
D004417,DOID:4045,CC0 1.0,MEDLINE cooccurrence,False
D014549,DOID:1245,CC0 1.0,MEDLINE cooccurrence,False
D010149,DOID:5041,CC0 1.0,MEDLINE cooccurrence,False
D004410,DOID:9835,CC0 1.0,MEDLINE cooccurrence,False
D015746,DOID:7693,CC0 1.0,MEDLINE cooccurrence,False
D009461,DOID:10941,CC0 1.0,MEDLINE cooccurrence,False
D004421,DOID:14330,CC0 1.0,MEDLINE cooccurrence,False
D011596,DOID:10652,CC0 1.0,MEDLINE cooccurrence,False
D003147,DOID:10652,CC0 1.0,MEDLINE cooccurrence,False
D001260,DOID:4159,CC0 1.0,MEDLINE cooccurrence,False
D003967,DOID:8577,CC0 1.0,MEDLINE cooccurrence,False
D020335,DOID:1115,CC0 1.0,MEDLINE cooccurrence,False
D005132,DOID:10763,CC0 1.0,MEDLINE cooccurrence,False
D009437,DOID:635,CC0 1.0,MEDLINE cooccurrence,False
D000006,DOID:585,CC0 1.0,MEDLINE cooccurrence,False
D006311,DOID:12849,CC0 1.0,MEDLINE cooccurrence,False
D011537,DOID:8893,CC0 1.0,MEDLINE cooccurrence,False
D007806,DOID:1094,CC0 1.0,MEDLINE cooccurrence,False
D005334,DOID:7693,CC0 1.0,MEDLINE cooccurrence,False
D059352,DOID:11476,CC0 1.0,MEDLINE cooccurrence,False
D034381,DOID:2174,CC0 1.0,MEDLINE cooccurrence,False
D006396,DOID:1115,CC0 1.0,MEDLINE cooccurrence,False
D010291,DOID:1826,CC0 1.0,MEDLINE cooccurrence,False
D004409,DOID:1595,CC0 1.0,MEDLINE cooccurrence,False
D006316,DOID:12185,CC0 1.0,MEDLINE cooccurrence,False
D020189,DOID:0050425,CC0 1.0,MEDLINE cooccurrence,False
D017288,DOID:7148,CC0 1.0,MEDLINE cooccurrence,False
D003221,DOID:1319,CC0 1.0,MEDLINE cooccurrence,False
D055948,DOID:9970,CC0 1.0,MEDLINE cooccurrence,False
D023341,DOID:8893,CC0 1.0,MEDLINE cooccurrence,False
D020567,DOID:2355,CC0 1.0,MEDLINE cooccurrence,False
D006356,DOID:11934,CC0 1.0,MEDLINE cooccurrence,False
D000425,DOID:10941,CC0 1.0,MEDLINE cooccurrence,False
D011696,DOID:7148,CC0 1.0,MEDLINE cooccurrence,False
D003638,DOID:9744,CC0 1.0,MEDLINE cooccurrence,False
D008569,DOID:1826,CC0 1.0,MEDLINE cooccurrence,False
D010146,DOID:119,CC0 1.0,MEDLINE cooccurrence,False
D002819,DOID:12361,CC0 1.0,MEDLINE cooccurrence,False
D010243,DOID:332,CC0 1.0,MEDLINE cooccurrence,False
D008998,DOID:7148,CC0 1.0,MEDLINE cooccurrence,False
D020189,DOID:14330,CC0 1.0,MEDLINE cooccurrence,False
D006319,DOID:7147,CC0 1.0,MEDLINE cooccurrence,False
D053448,DOID:14221,CC0 1.0,MEDLINE cooccurrence,False
D002375,DOID:8986,CC0 1.0,MEDLINE cooccurrence,False
D018589,DOID:10153,CC0 1.0,MEDLINE cooccurrence,False
D008569,DOID:14330,CC0 1.0,MEDLINE cooccurrence,False
D012893,DOID:4481,CC0 1.0,MEDLINE cooccurrence,False
D017566,DOID:10763,CC0 1.0,MEDLINE cooccurrence,False
D001037,DOID:6364,CC0 1.0,MEDLINE cooccurrence,False
D003371,DOID:11920,CC0 1.0,MEDLINE cooccurrence,False
D006606,DOID:5041,CC0 1.0,MEDLINE cooccurrence,False
D003639,DOID:1319,CC0 1.0,MEDLINE cooccurrence,False
D020187,DOID:8986,CC0 1.0,MEDLINE cooccurrence,False
D004487,DOID:5875,CC0 1.0,MEDLINE cooccurrence,False
D006469,DOID:1115,CC0 1.0,MEDLINE cooccurrence,False
D020250,DOID:363,CC0 1.0,MEDLINE cooccurrence,False
D014839,DOID:5041,CC0 1.0,MEDLINE cooccurrence,False
D006472,DOID:11934,CC0 1.0,MEDLINE cooccurrence,False
D015430,DOID:9744,CC0 1.0,MEDLINE cooccurrence,False
D054068,DOID:3953,CC0 1.0,MEDLINE cooccurrence,False
D005414,DOID:10608,CC0 1.0,MEDLINE cooccurrence,False
D004172,DOID:1115,CC0 1.0,MEDLINE cooccurrence,False
D003638,DOID:1319,CC0 1.0,MEDLINE cooccurrence,False
D010146,DOID:11615,CC0 1.0,MEDLINE cooccurrence,False
D005483,DOID:5419,CC0 1.0,MEDLINE cooccurrence,False
D004487,DOID:11934,CC0 1.0,MEDLINE cooccurrence,False
D013575,DOID:175,CC0 1.0,MEDLINE cooccurrence,False
D011782,DOID:3565,CC0 1.0,MEDLINE cooccurrence,False
D020757,DOID:2174,CC0 1.0,MEDLINE cooccurrence,False
D003638,DOID:4159,CC0 1.0,MEDLINE cooccurrence,False
D011537,DOID:4606,CC0 1.0,MEDLINE cooccurrence,False
D012166,DOID:1909,CC0 1.0,MEDLINE cooccurrence,False
D006685,DOID:5559,CC0 1.0,MEDLINE cooccurrence,False
D003967,DOID:13241,CC0 1.0,MEDLINE cooccurrence,False
D018589,DOID:5041,CC0 1.0,MEDLINE cooccurrence,False
D009207,DOID:10652,CC0 1.0,MEDLINE cooccurrence,False
D019080,DOID:1192,CC0 1.0,MEDLINE cooccurrence,False
D000334,DOID:11119,CC0 1.0,MEDLINE cooccurrence,False
D010149,DOID:7148,CC0 1.0,MEDLINE cooccurrence,False
D034381,DOID:5408,CC0 1.0,MEDLINE cooccurrence,False
D002524,DOID:1319,CC0 1.0,MEDLINE cooccurrence,False
D014826,DOID:9074,CC0 1.0,MEDLINE cooccurrence,False
D001416,DOID:5408,CC0 1.0,MEDLINE cooccurrence,False
D013575,DOID:1115,CC0 1.0,MEDLINE cooccurrence,False
D053159,DOID:10283,CC0 1.0,MEDLINE cooccurrence,False
D002100,DOID:2998,CC0 1.0,MEDLINE cooccurrence,False
D009123,DOID:12849,CC0 1.0,MEDLINE cooccurrence,False
D006685,DOID:5041,CC0 1.0,MEDLINE cooccurrence,False
D051346,DOID:8398,CC0 1.0,MEDLINE cooccurrence,False
D003967,DOID:13499,CC0 1.0,MEDLINE cooccurrence,False
D003221,DOID:5419,CC0 1.0,MEDLINE cooccurrence,False
D004314,DOID:824,CC0 1.0,MEDLINE cooccurrence,False
D009437,DOID:11934,CC0 1.0,MEDLINE cooccurrence,False
D012021,DOID:418,CC0 1.0,MEDLINE cooccurrence,False
D007806,DOID:1826,CC0 1.0,MEDLINE cooccurrence,False
D001259,DOID:1826,CC0 1.0,MEDLINE cooccurrence,False
D011596,DOID:12849,CC0 1.0,MEDLINE cooccurrence,False
D014786,DOID:2174,CC0 1.0,MEDLINE cooccurrence,False
D009325,DOID:1612,CC0 1.0,MEDLINE cooccurrence,False
D018908,DOID:2994,CC0 1.0,MEDLINE cooccurrence,False
D014012,DOID:3565,CC0 1.0,MEDLINE cooccurrence,False
D005221,DOID:418,CC0 1.0,MEDLINE cooccurrence,False
D007859,DOID:0050741,CC0 1.0,MEDLINE cooccurrence,False
D006316,DOID:1192,CC0 1.0,MEDLINE cooccurrence,False
D018771,DOID:9074,CC0 1.0,MEDLINE cooccurrence,False
D001835,DOID:1115,CC0 1.0,MEDLINE cooccurrence,False
D006987,DOID:8850,CC0 1.0,MEDLINE cooccurrence,False
D003371,DOID:3083,CC0 1.0,MEDLINE cooccurrence,False
D004412,DOID:2394,CC0 1.0,MEDLINE cooccurrence,False
D005334,DOID:8893,CC0 1.0,MEDLINE cooccurrence,False
D018476,DOID:14330,CC0 1.0,MEDLINE cooccurrence,False
D011697,DOID:10534,CC0 1.0,MEDLINE cooccurrence,False
D002524,DOID:2377,CC0 1.0,MEDLINE cooccurrence,False
D008998,DOID:8893,CC0 1.0,MEDLINE cooccurrence,False
D002389,DOID:3312,CC0 1.0,MEDLINE cooccurrence,False
D053158,DOID:10763,CC0 1.0,MEDLINE cooccurrence,False
D038901,DOID:12849,CC0 1.0,MEDLINE cooccurrence,False
D006261,DOID:3953,CC0 1.0,MEDLINE cooccurrence,False
D019591,DOID:10871,CC0 1.0,MEDLINE cooccurrence,False
D011782,DOID:5612,CC0 1.0,MEDLINE cooccurrence,False
D006261,DOID:1319,CC0 1.0,MEDLINE cooccurrence,False
D000860,DOID:10763,CC0 1.0,MEDLINE cooccurrence,False
D000550,DOID:0050742,CC0 1.0,MEDLINE cooccurrence,False
D005221,DOID:3083,CC0 1.0,MEDLINE cooccurrence,False
D018908,DOID:1459,CC0 1.0,MEDLINE cooccurrence,False
D055154,DOID:2596,CC0 1.0,MEDLINE cooccurrence,False
D009041,DOID:6364,CC0 1.0,MEDLINE cooccurrence,False
D012678,DOID:11949,CC0 1.0,MEDLINE cooccurrence,False
D003638,DOID:12185,CC0 1.0,MEDLINE cooccurrence,False
D000857,DOID:14330,CC0 1.0,MEDLINE cooccurrence,False
D006319,DOID:11934,CC0 1.0,MEDLINE cooccurrence,False
D001041,DOID:1826,CC0 1.0,MEDLINE cooccurrence,False
D006942,DOID:9074,CC0 1.0,MEDLINE cooccurrence,False
D011697,DOID:418,CC0 1.0,MEDLINE cooccurrence,False
D014839,DOID:12365,CC0 1.0,MEDLINE cooccurrence,False
D013851,DOID:11612,CC0 1.0,MEDLINE cooccurrence,False
D034381,DOID:184,CC0 1.0,MEDLINE cooccurrence,False
D021501,DOID:1725,CC0 1.0,MEDLINE cooccurrence,False
D062706,DOID:1595,CC0 1.0,MEDLINE cooccurrence,False
D019080,DOID:184,CC0 1.0,MEDLINE cooccurrence,False
D059606,DOID:11934,CC0 1.0,MEDLINE cooccurrence,False
D003147,DOID:14330,CC0 1.0,MEDLINE cooccurrence,False
D011602,DOID:8778,CC0 1.0,MEDLINE cooccurrence,False
D005334,DOID:8778,CC0 1.0,MEDLINE cooccurrence,False
D004172,DOID:2994,CC0 1.0,MEDLINE cooccurrence,False
D009846,DOID:10763,CC0 1.0,MEDLINE cooccurrence,False
D010243,DOID:1319,CC0 1.0,MEDLINE cooccurrence,False
D000006,DOID:3953,CC0 1.0,MEDLINE cooccurrence,False
D004408,DOID:3277,CC0 1.0,MEDLINE cooccurrence,False
D015875,DOID:2994,CC0 1.0,MEDLINE cooccurrence,False
D006942,DOID:3277,CC0 1.0,MEDLINE cooccurrence,False
D010243,DOID:13241,CC0 1.0,MEDLINE cooccurrence,False
D020184,DOID:594,CC0 1.0,MEDLINE cooccurrence,False
D007565,DOID:8577,CC0 1.0,MEDLINE cooccurrence,False
D006988,DOID:1909,CC0 1.0,MEDLINE cooccurrence,False
D001766,DOID:2377,CC0 1.0,MEDLINE cooccurrence,False
D004487,DOID:9074,CC0 1.0,MEDLINE cooccurrence,False
D000647,DOID:0050741,CC0 1.0,MEDLINE cooccurrence,False
D007331,DOID:1793,CC0 1.0,MEDLINE cooccurrence,False
D020181,DOID:4481,CC0 1.0,MEDLINE cooccurrence,False
D000860,DOID:3571,CC0 1.0,MEDLINE cooccurrence,False
D004454,DOID:11949,CC0 1.0,MEDLINE cooccurrence,False
D009325,DOID:263,CC0 1.0,MEDLINE cooccurrence,False
D020886,DOID:5419,CC0 1.0,MEDLINE cooccurrence,False
D010148,DOID:219,CC0 1.0,MEDLINE cooccurrence,False
D007035,DOID:1459,CC0 1.0,MEDLINE cooccurrence,False
D000860,DOID:2841,CC0 1.0,MEDLINE cooccurrence,False
D006816,DOID:10652,CC0 1.0,MEDLINE cooccurrence,False
D006987,DOID:3070,CC0 1.0,MEDLINE cooccurrence,False
D009886,DOID:6364,CC0 1.0,MEDLINE cooccurrence,False
D012912,DOID:2841,CC0 1.0,MEDLINE cooccurrence,False
D006816,DOID:14330,CC0 1.0,MEDLINE cooccurrence,False
D054058,DOID:1595,CC0 1.0,MEDLINE cooccurrence,False
D003639,DOID:11934,CC0 1.0,MEDLINE cooccurrence,False
D011537,DOID:4159,CC0 1.0,MEDLINE cooccurrence,False
D012021,DOID:2994,CC0 1.0,MEDLINE cooccurrence,False
D005158,DOID:0060119,CC0 1.0,MEDLINE cooccurrence,False
D004415,DOID:7148,CC0 1.0,MEDLINE cooccurrence,False
D009886,DOID:9835,CC0 1.0,MEDLINE cooccurrence,False
D011602,DOID:11119,CC0 1.0,MEDLINE cooccurrence,False
D004418,DOID:3083,CC0 1.0,MEDLINE cooccurrence,False
D056128,DOID:9206,CC0 1.0,MEDLINE cooccurrence,False
D009133,DOID:5612,CC0 1.0,MEDLINE cooccurrence,False
D011782,DOID:0050741,CC0 1.0,MEDLINE cooccurrence,False
D001766,DOID:1192,CC0 1.0,MEDLINE cooccurrence,False
D003693,DOID:0050741,CC0 1.0,MEDLINE cooccurrence,False
D014717,DOID:2377,CC0 1.0,MEDLINE cooccurrence,False
D008998,DOID:2355,CC0 1.0,MEDLINE cooccurrence,False
D017109,DOID:0050425,CC0 1.0,MEDLINE cooccurrence,False
D010146,DOID:418,CC0 1.0,MEDLINE cooccurrence,False
D006314,DOID:12185,CC0 1.0,MEDLINE cooccurrence,False
D010468,DOID:3312,CC0 1.0,MEDLINE cooccurrence,False
D001039,DOID:1319,CC0 1.0,MEDLINE cooccurrence,False
D000860,DOID:3083,CC0 1.0,MEDLINE cooccurrence,False
D054058,DOID:1936,CC0 1.0,MEDLINE cooccurrence,False
D001308,DOID:3312,CC0 1.0,MEDLINE cooccurrence,False
D011695,DOID:7148,CC0 1.0,MEDLINE cooccurrence,False
D004412,DOID:6364,CC0 1.0,MEDLINE cooccurrence,False
D017246,DOID:12361,CC0 1.0,MEDLINE cooccurrence,False
D009325,DOID:2998,CC0 1.0,MEDLINE cooccurrence,False
D005311,DOID:2355,CC0 1.0,MEDLINE cooccurrence,False
D009755,DOID:2994,CC0 1.0,MEDLINE cooccurrence,False
D014313,DOID:824,CC0 1.0,MEDLINE cooccurrence,False
D010149,DOID:4989,CC0 1.0,MEDLINE cooccurrence,False
D001835,DOID:3571,CC0 1.0,MEDLINE cooccurrence,False
D006816,DOID:11949,CC0 1.0,MEDLINE cooccurrence,False
D012585,DOID:5408,CC0 1.0,MEDLINE cooccurrence,False
D020233,DOID:332,CC0 1.0,MEDLINE cooccurrence,False
D002637,DOID:1115,CC0 1.0,MEDLINE cooccurrence,False
D059787,DOID:3393,CC0 1.0,MEDLINE cooccurrence,False
D011595,DOID:3312,CC0 1.0,MEDLINE cooccurrence,False
D010146,DOID:1964,CC0 1.0,MEDLINE cooccurrence,False
D020234,DOID:0050741,CC0 1.0,MEDLINE cooccurrence,False
D015746,DOID:219,CC0 1.0,MEDLINE cooccurrence,False
D015430,DOID:11714,CC0 1.0,MEDLINE cooccurrence,False
D054068,DOID:9074,CC0 1.0,MEDLINE cooccurrence,False
D006319,DOID:5408,CC0 1.0,MEDLINE cooccurrence,False
D051346,DOID:1936,CC0 1.0,MEDLINE cooccurrence,False
D055154,DOID:2841,CC0 1.0,MEDLINE cooccurrence,False
D007805,DOID:1094,CC0 1.0,MEDLINE cooccurrence,False
D017699,DOID:2394,CC0 1.0,MEDLINE cooccurrence,False
D005157,DOID:8850,CC0 1.0,MEDLINE cooccurrence,False
D006732,DOID:2174,CC0 1.0,MEDLINE cooccurrence,False
D012891,DOID:10763,CC0 1.0,MEDLINE cooccurrence,False
D013651,DOID:1781,CC0 1.0,MEDLINE cooccurrence,False
D010292,DOID:5612,CC0 1.0,MEDLINE cooccurrence,False
D014823,DOID:1909,CC0 1.0,MEDLINE cooccurrence,False
D001260,DOID:2394,CC0 1.0,MEDLINE cooccurrence,False
D004415,DOID:418,CC0 1.0,MEDLINE cooccurrence,False
D001260,DOID:2994,CC0 1.0,MEDLINE cooccurrence,False
D002100,DOID:3070,CC0 1.0,MEDLINE cooccurrence,False
D006337,DOID:14004,CC0 1.0,MEDLINE cooccurrence,False
D006212,DOID:14330,CC0 1.0,MEDLINE cooccurrence,False
D003221,DOID:11949,CC0 1.0,MEDLINE cooccurrence,False
D009207,DOID:0050425,CC0 1.0,MEDLINE cooccurrence,False
D020336,DOID:10652,CC0 1.0,MEDLINE cooccurrence,False
D014832,DOID:14330,CC0 1.0,MEDLINE cooccurrence,False
D004421,DOID:1595,CC0 1.0,MEDLINE cooccurrence,False
D006319,DOID:2994,CC0 1.0,MEDLINE cooccurrence,False
D003147,DOID:332,CC0 1.0,MEDLINE cooccurrence,False
D000648,DOID:10652,CC0 1.0,MEDLINE cooccurrence,False
D001072,DOID:14330,CC0 1.0,MEDLINE cooccurrence,False
D010149,DOID:10534,CC0 1.0,MEDLINE cooccurrence,False
D003128,DOID:3565,CC0 1.0,MEDLINE cooccurrence,False
D011695,DOID:2043,CC0 1.0,MEDLINE cooccurrence,False
D004614,DOID:1192,CC0 1.0,MEDLINE cooccurrence,False
D004410,DOID:9296,CC0 1.0,MEDLINE cooccurrence,False
D004244,DOID:594,CC0 1.0,MEDLINE cooccurrence,False
D009437,DOID:1612,CC0 1.0,MEDLINE cooccurrence,False
D003967,DOID:1324,CC0 1.0,MEDLINE cooccurrence,False
D005334,DOID:263,CC0 1.0,MEDLINE cooccurrence,False
D003221,DOID:14330,CC0 1.0,MEDLINE cooccurrence,False
D000006,DOID:10608,CC0 1.0,MEDLINE cooccurrence,False
D013035,DOID:2377,CC0 1.0,MEDLINE cooccurrence,False
D009325,DOID:8577,CC0 1.0,MEDLINE cooccurrence,False
D006987,DOID:12361,CC0 1.0,MEDLINE cooccurrence,False
D011602,DOID:10763,CC0 1.0,MEDLINE cooccurrence,False
D007565,DOID:4989,CC0 1.0,MEDLINE cooccurrence,False
D015354,DOID:10941,CC0 1.0,MEDLINE cooccurrence,False
D011693,DOID:8893,CC0 1.0,MEDLINE cooccurrence,False
D005334,DOID:1790,CC0 1.0,MEDLINE cooccurrence,False
D010243,DOID:12361,CC0 1.0,MEDLINE cooccurrence,False
D004487,DOID:11476,CC0 1.0,MEDLINE cooccurrence,False
D013035,DOID:1319,CC0 1.0,MEDLINE cooccurrence,False
D011782,DOID:332,CC0 1.0,MEDLINE cooccurrence,False
D050177,DOID:9970,CC0 1.0,MEDLINE cooccurrence,False
D011537,DOID:14268,CC0 1.0,MEDLINE cooccurrence,False
D011693,DOID:7148,CC0 1.0,MEDLINE cooccurrence,False
D007024,DOID:1595,CC0 1.0,MEDLINE cooccurrence,False
D004314,DOID:986,CC0 1.0,MEDLINE cooccurrence,False
D006816,DOID:5419,CC0 1.0,MEDLINE cooccurrence,False
D004409,DOID:3312,CC0 1.0,MEDLINE cooccurrence,False
D009846,DOID:4362,CC0 1.0,MEDLINE cooccurrence,False
D012585,DOID:7148,CC0 1.0,MEDLINE cooccurrence,False
D010149,DOID:184,CC0 1.0,MEDLINE cooccurrence,False
D006732,DOID:10941,CC0 1.0,MEDLINE cooccurrence,False
D000381,DOID:1094,CC0 1.0,MEDLINE cooccurrence,False
D020181,DOID:0050425,CC0 1.0,MEDLINE cooccurrence,False
D020335,DOID:2994,CC0 1.0,MEDLINE cooccurrence,False
D006606,DOID:2377,CC0 1.0,MEDLINE cooccurrence,False
D006312,DOID:3565,CC0 1.0,MEDLINE cooccurrence,False
D006685,DOID:4045,CC0 1.0,MEDLINE cooccurrence,False
D009886,DOID:12361,CC0 1.0,MEDLINE cooccurrence,False
D046088,DOID:11934,CC0 1.0,MEDLINE cooccurrence,False
D011695,DOID:8577,CC0 1.0,MEDLINE cooccurrence,False
D003967,DOID:2531,CC0 1.0,MEDLINE cooccurrence,False
D007319,DOID:14330,CC0 1.0,MEDLINE cooccurrence,False
D000006,DOID:2355,CC0 1.0,MEDLINE cooccurrence,False
D002032,DOID:9744,CC0 1.0,MEDLINE cooccurrence,False
D005183,DOID:2355,CC0 1.0,MEDLINE cooccurrence,False
D059606,DOID:1781,CC0 1.0,MEDLINE cooccurrence,False
D010243,DOID:4045,CC0 1.0,MEDLINE cooccurrence,False
D012585,DOID:1192,CC0 1.0,MEDLINE cooccurrence,False
D004487,DOID:10283,CC0 1.0,MEDLINE cooccurrence,False
D006319,DOID:8850,CC0 1.0,MEDLINE cooccurrence,False
D006319,DOID:3070,CC0 1.0,MEDLINE cooccurrence,False
D004244,DOID:6364,CC0 1.0,MEDLINE cooccurrence,False
D001835,DOID:11054,CC0 1.0,MEDLINE cooccurrence,False
D003085,DOID:10021,CC0 1.0,MEDLINE cooccurrence,False
D019588,DOID:0050741,CC0 1.0,MEDLINE cooccurrence,False
D000419,DOID:784,CC0 1.0,MEDLINE cooccurrence,False
D021501,DOID:11054,CC0 1.0,MEDLINE cooccurrence,False
D002637,DOID:1790,CC0 1.0,MEDLINE cooccurrence,False
D013575,DOID:1826,CC0 1.0,MEDLINE cooccurrence,False
D017699,DOID:1115,CC0 1.0,MEDLINE cooccurrence,False
D019547,DOID:3565,CC0 1.0,MEDLINE cooccurrence,False
D019080,DOID:3070,CC0 1.0,MEDLINE cooccurrence,False
D009133,DOID:332,CC0 1.0,MEDLINE cooccurrence,False
D010146,DOID:1595,CC0 1.0,MEDLINE cooccurrence,False
D010243,DOID:5612,CC0 1.0,MEDLINE cooccurrence,False
D006930,DOID:4989,CC0 1.0,MEDLINE cooccurrence,False
D001750,DOID:2377,CC0 1.0,MEDLINE cooccurrence,False
D009886,DOID:2377,CC0 1.0,MEDLINE cooccurrence,False
D010291,DOID:184,CC0 1.0,MEDLINE cooccurrence,False
D010292,DOID:7148,CC0 1.0,MEDLINE cooccurrence,False
D017109,DOID:594,CC0 1.0,MEDLINE cooccurrence,False
D001037,DOID:10941,CC0 1.0,MEDLINE cooccurrence,False
D009325,DOID:3571,CC0 1.0,MEDLINE cooccurrence,False
D001750,DOID:4045,CC0 1.0,MEDLINE cooccurrence,False
D014098,DOID:6364,CC0 1.0,MEDLINE cooccurrence,False
D002637,DOID:9206,CC0 1.0,MEDLINE cooccurrence,False
D004438,DOID:1115,CC0 1.0,MEDLINE cooccurrence,False
D006317,DOID:1192,CC0 1.0,MEDLINE cooccurrence,False
D004433,DOID:8850,CC0 1.0,MEDLINE cooccurrence,False
D012585,DOID:263,CC0 1.0,MEDLINE cooccurrence,False
D001416,DOID:3565,CC0 1.0,MEDLINE cooccurrence,False
D012585,DOID:7147,CC0 1.0,MEDLINE cooccurrence,False
D011693,DOID:2043,CC0 1.0,MEDLINE cooccurrence,False
D010149,DOID:363,CC0 1.0,MEDLINE cooccurrence,False
D005311,DOID:10763,CC0 1.0,MEDLINE cooccurrence,False
D015354,DOID:1909,CC0 1.0,MEDLINE cooccurrence,False
D015875,DOID:6364,CC0 1.0,MEDLINE cooccurrence,False
D009886,DOID:184,CC0 1.0,MEDLINE cooccurrence,False
D006261,DOID:11934,CC0 1.0,MEDLINE cooccurrence,False
D006319,DOID:13378,CC0 1.0,MEDLINE cooccurrence,False
D012607,DOID:10871,CC0 1.0,MEDLINE cooccurrence,False
D001766,DOID:10871,CC0 1.0,MEDLINE cooccurrence,False
D001750,DOID:2994,CC0 1.0,MEDLINE cooccurrence,False
D010292,DOID:2377,CC0 1.0,MEDLINE cooccurrence,False
D001926,DOID:2994,CC0 1.0,MEDLINE cooccurrence,False
D014839,DOID:10534,CC0 1.0,MEDLINE cooccurrence,False
D001247,DOID:1459,CC0 1.0,MEDLINE cooccurrence,False
D006311,DOID:3565,CC0 1.0,MEDLINE cooccurrence,False
D012913,DOID:2841,CC0 1.0,MEDLINE cooccurrence,False
D004172,DOID:2174,CC0 1.0,MEDLINE cooccurrence,False
D004314,DOID:12306,CC0 1.0,MEDLINE cooccurrence,False
D045262,DOID:2355,CC0 1.0,MEDLINE cooccurrence,False
D059352,DOID:184,CC0 1.0,MEDLINE cooccurrence,False
D034381,DOID:9296,CC0 1.0,MEDLINE cooccurrence,False
D014839,DOID:3121,CC0 1.0,MEDLINE cooccurrence,False
D000472,DOID:2355,CC0 1.0,MEDLINE cooccurrence,False
D011218,DOID:9970,CC0 1.0,MEDLINE cooccurrence,False
D012893,DOID:594,CC0 1.0,MEDLINE cooccurrence,False
D004487,DOID:1245,CC0 1.0,MEDLINE cooccurrence,False
D006396,DOID:7693,CC0 1.0,MEDLINE cooccurrence,False
D006469,DOID:1781,CC0 1.0,MEDLINE cooccurrence,False
D012166,DOID:2994,CC0 1.0,MEDLINE cooccurrence,False
D013746,DOID:10608,CC0 1.0,MEDLINE cooccurrence,False
D002389,DOID:9074,CC0 1.0,MEDLINE cooccurrence,False
D003638,DOID:2174,CC0 1.0,MEDLINE cooccurrence,False
D006337,DOID:12930,CC0 1.0,MEDLINE cooccurrence,False
D006261,DOID:4481,CC0 1.0,MEDLINE cooccurrence,False
D006948,DOID:11119,CC0 1.0,MEDLINE cooccurrence,False
D012893,DOID:14330,CC0 1.0,MEDLINE cooccurrence,False
D004487,DOID:184,CC0 1.0,MEDLINE cooccurrence,False
D005221,DOID:2355,CC0 1.0,MEDLINE cooccurrence,False
D009846,DOID:263,CC0 1.0,MEDLINE cooccurrence,False
D014103,DOID:1319,CC0 1.0,MEDLINE cooccurrence,False
D006685,DOID:0060119,CC0 1.0,MEDLINE cooccurrence,False
D004487,DOID:2174,CC0 1.0,MEDLINE cooccurrence,False
D003968,DOID:5875,CC0 1.0,MEDLINE cooccurrence,False
D001044,DOID:2596,CC0 1.0,MEDLINE cooccurrence,False
D000857,DOID:10941,CC0 1.0,MEDLINE cooccurrence,False
D019584,DOID:363,CC0 1.0,MEDLINE cooccurrence,False
D014474,DOID:1826,CC0 1.0,MEDLINE cooccurrence,False
D007625,DOID:12930,CC0 1.0,MEDLINE cooccurrence,False
D015431,DOID:10534,CC0 1.0,MEDLINE cooccurrence,False
D014549,DOID:5612,CC0 1.0,MEDLINE cooccurrence,False
D004433,DOID:184,CC0 1.0,MEDLINE cooccurrence,False
D055948,DOID:11054,CC0 1.0,MEDLINE cooccurrence,False
D011596,DOID:3070,CC0 1.0,MEDLINE cooccurrence,False
D009437,DOID:7148,CC0 1.0,MEDLINE cooccurrence,False
D005158,DOID:3070,CC0 1.0,MEDLINE cooccurrence,False
D007806,DOID:9296,CC0 1.0,MEDLINE cooccurrence,False
D000006,DOID:7693,CC0 1.0,MEDLINE cooccurrence,False
D006319,DOID:1319,CC0 1.0,MEDLINE cooccurrence,False
D015430,DOID:1595,CC0 1.0,MEDLINE cooccurrence,False
D010468,DOID:3070,CC0 1.0,MEDLINE cooccurrence,False
D020270,DOID:0050741,CC0 1.0,MEDLINE cooccurrence,False
D015746,DOID:13241,CC0 1.0,MEDLINE cooccurrence,False
D005221,DOID:1993,CC0 1.0,MEDLINE cooccurrence,False
D002558,DOID:3565,CC0 1.0,MEDLINE cooccurrence,False
D020324,DOID:1319,CC0 1.0,MEDLINE cooccurrence,False
D010243,DOID:1781,CC0 1.0,MEDLINE cooccurrence,False
D010243,DOID:7148,CC0 1.0,MEDLINE cooccurrence,False
D003248,DOID:1459,CC0 1.0,MEDLINE cooccurrence,False
D018888,DOID:10652,CC0 1.0,MEDLINE cooccurrence,False
D003410,DOID:2355,CC0 1.0,MEDLINE cooccurrence,False
D014474,DOID:1319,CC0 1.0,MEDLINE cooccurrence,False
D012678,DOID:3070,CC0 1.0,MEDLINE cooccurrence,False
D001766,DOID:9744,CC0 1.0,MEDLINE cooccurrence,False
D012001,DOID:12849,CC0 1.0,MEDLINE cooccurrence,False
D009325,DOID:7148,CC0 1.0,MEDLINE cooccurrence,False
D004487,DOID:4362,CC0 1.0,MEDLINE cooccurrence,False
D003967,DOID:263,CC0 1.0,MEDLINE cooccurrence,False
D002524,DOID:5559,CC0 1.0,MEDLINE cooccurrence,False
D054971,DOID:2377,CC0 1.0,MEDLINE cooccurrence,False
D011697,DOID:635,CC0 1.0,MEDLINE cooccurrence,False
D011507,DOID:10976,CC0 1.0,MEDLINE cooccurrence,False
D005335,DOID:14004,CC0 1.0,MEDLINE cooccurrence,False
D011537,DOID:12306,CC0 1.0,MEDLINE cooccurrence,False
D058447,DOID:9835,CC0 1.0,MEDLINE cooccurrence,False
D010149,DOID:1993,CC0 1.0,MEDLINE cooccurrence,False
D006816,DOID:1595,CC0 1.0,MEDLINE cooccurrence,False
D020240,DOID:14330,CC0 1.0,MEDLINE cooccurrence,False
D011697,DOID:2355,CC0 1.0,MEDLINE cooccurrence,False
D006942,DOID:8893,CC0 1.0,MEDLINE cooccurrence,False
D002637,DOID:3953,CC0 1.0,MEDLINE cooccurrence,False
D005132,DOID:3953,CC0 1.0,MEDLINE cooccurrence,False
D019547,DOID:0060119,CC0 1.0,MEDLINE cooccurrence,False
D020078,DOID:2377,CC0 1.0,MEDLINE cooccurrence,False
D013035,DOID:418,CC0 1.0,MEDLINE cooccurrence,False
D003967,DOID:3953,CC0 1.0,MEDLINE cooccurrence,False
D001724,DOID:4362,CC0 1.0,MEDLINE cooccurrence,False
D005311,DOID:12365,CC0 1.0,MEDLINE cooccurrence,False
D018908,DOID:5612,CC0 1.0,MEDLINE cooccurrence,False
D007859,DOID:5419,CC0 1.0,MEDLINE cooccurrence,False
D008569,DOID:10941,CC0 1.0,MEDLINE cooccurrence,False
D000789,DOID:784,CC0 1.0,MEDLINE cooccurrence,False
D013035,DOID:5408,CC0 1.0,MEDLINE cooccurrence,False
D014717,DOID:1319,CC0 1.0,MEDLINE cooccurrence,False
D014839,DOID:1324,CC0 1.0,MEDLINE cooccurrence,False
D015746,DOID:3121,CC0 1.0,MEDLINE cooccurrence,False
D009120,DOID:14330,CC0 1.0,MEDLINE cooccurrence,False
D004172,DOID:12361,CC0 1.0,MEDLINE cooccurrence,False
D004415,DOID:2355,CC0 1.0,MEDLINE cooccurrence,False
D004454,DOID:12849,CC0 1.0,MEDLINE cooccurrence,False
D000006,DOID:11239,CC0 1.0,MEDLINE cooccurrence,False
D014717,DOID:11934,CC0 1.0,MEDLINE cooccurrence,False
D001766,DOID:1024,CC0 1.0,MEDLINE cooccurrence,False
D000550,DOID:10871,CC0 1.0,MEDLINE cooccurrence,False
D004314,DOID:10608,CC0 1.0,MEDLINE cooccurrence,False
D003638,DOID:3565,CC0 1.0,MEDLINE cooccurrence,False
D003221,DOID:1595,CC0 1.0,MEDLINE cooccurrence,False
D014840,DOID:1993,CC0 1.0,MEDLINE cooccurrence,False
D062706,DOID:5419,CC0 1.0,MEDLINE cooccurrence,False
D051346,DOID:7147,CC0 1.0,MEDLINE cooccurrence,False
D014313,DOID:184,CC0 1.0,MEDLINE cooccurrence,False
D005158,DOID:3565,CC0 1.0,MEDLINE cooccurrence,False
D010146,DOID:363,CC0 1.0,MEDLINE cooccurrence,False
D000472,DOID:2841,CC0 1.0,MEDLINE cooccurrence,False
D005221,DOID:7148,CC0 1.0,MEDLINE cooccurrence,False
D020886,DOID:12849,CC0 1.0,MEDLINE cooccurrence,False
D004314,DOID:12361,CC0 1.0,MEDLINE cooccurrence,False
D006319,DOID:3565,CC0 1.0,MEDLINE cooccurrence,False
D005862,DOID:3070,CC0 1.0,MEDLINE cooccurrence,False
D009437,DOID:8398,CC0 1.0,MEDLINE cooccurrence,False
D034381,DOID:2994,CC0 1.0,MEDLINE cooccurrence,False
D005183,DOID:2994,CC0 1.0,MEDLINE cooccurrence,False
D000550,DOID:9835,CC0 1.0,MEDLINE cooccurrence,False
D059373,DOID:10283,CC0 1.0,MEDLINE cooccurrence,False
D011507,DOID:263,CC0 1.0,MEDLINE cooccurrence,False
D000419,DOID:14221,CC0 1.0,MEDLINE cooccurrence,False
D001247,DOID:2355,CC0 1.0,MEDLINE cooccurrence,False
D012021,DOID:12185,CC0 1.0,MEDLINE cooccurrence,False
D019569,DOID:3565,CC0 1.0,MEDLINE cooccurrence,False
D001724,DOID:1612,CC0 1.0,MEDLINE cooccurrence,False
D002819,DOID:11119,CC0 1.0,MEDLINE cooccurrence,False
D015845,DOID:3953,CC0 1.0,MEDLINE cooccurrence,False
D014770,DOID:2394,CC0 1.0,MEDLINE cooccurrence,False
D002100,DOID:1319,CC0 1.0,MEDLINE cooccurrence,False
D008998,DOID:184,CC0 1.0,MEDLINE cooccurrence,False
D006628,DOID:2394,CC0 1.0,MEDLINE cooccurrence,False
D002032,DOID:1094,CC0 1.0,MEDLINE cooccurrence,False
D009325,DOID:1993,CC0 1.0,MEDLINE cooccurrence,False
D004411,DOID:2994,CC0 1.0,MEDLINE cooccurrence,False
D004415,DOID:1793,CC0 1.0,MEDLINE cooccurrence,False
D003371,DOID:2596,CC0 1.0,MEDLINE cooccurrence,False
D020754,DOID:332,CC0 1.0,MEDLINE cooccurrence,False
D010146,DOID:2355,CC0 1.0,MEDLINE cooccurrence,False
D011596,DOID:14330,CC0 1.0,MEDLINE cooccurrence,False
D014826,DOID:2994,CC0 1.0,MEDLINE cooccurrence,False
D014103,DOID:2377,CC0 1.0,MEDLINE cooccurrence,False
D065634,DOID:3565,CC0 1.0,MEDLINE cooccurrence,False
D014826,DOID:0060119,CC0 1.0,MEDLINE cooccurrence,False
D004487,DOID:418,CC0 1.0,MEDLINE cooccurrence,False
D012607,DOID:1686,CC0 1.0,MEDLINE cooccurrence,False
D004487,DOID:10976,CC0 1.0,MEDLINE cooccurrence,False
D011695,DOID:8778,CC0 1.0,MEDLINE cooccurrence,False
D011141,DOID:9744,CC0 1.0,MEDLINE cooccurrence,False
D007926,DOID:13189,CC0 1.0,MEDLINE cooccurrence,False
D011696,DOID:8577,CC0 1.0,MEDLINE cooccurrence,False
D003128,DOID:12365,CC0 1.0,MEDLINE cooccurrence,False
D009123,DOID:5612,CC0 1.0,MEDLINE cooccurrence,False
D007035,DOID:7693,CC0 1.0,MEDLINE cooccurrence,False
D002303,DOID:2355,CC0 1.0,MEDLINE cooccurrence,False
D013494,DOID:10652,CC0 1.0,MEDLINE cooccurrence,False
D010146,DOID:5041,CC0 1.0,MEDLINE cooccurrence,False
D007706,DOID:11476,CC0 1.0,MEDLINE cooccurrence,False
D004314,DOID:2043,CC0 1.0,MEDLINE cooccurrence,False
D012893,DOID:3312,CC0 1.0,MEDLINE cooccurrence,False
D012166,DOID:10763,CC0 1.0,MEDLINE cooccurrence,False
D020920,DOID:0050425,CC0 1.0,MEDLINE cooccurrence,False
D005157,DOID:8893,CC0 1.0,MEDLINE cooccurrence,False
D000787,DOID:1459,CC0 1.0,MEDLINE cooccurrence,False
D034381,DOID:1459,CC0 1.0,MEDLINE cooccurrence,False
D005311,DOID:11714,CC0 1.0,MEDLINE cooccurrence,False
D019462,DOID:1826,CC0 1.0,MEDLINE cooccurrence,False
D000855,DOID:1725,CC0 1.0,MEDLINE cooccurrence,False
D000647,DOID:3565,CC0 1.0,MEDLINE cooccurrence,False
D004172,DOID:9835,CC0 1.0,MEDLINE cooccurrence,False
D004487,DOID:13189,CC0 1.0,MEDLINE cooccurrence,False
D003638,DOID:11934,CC0 1.0,MEDLINE cooccurrence,False
D016553,DOID:9074,CC0 1.0,MEDLINE cooccurrence,False
D008607,DOID:2355,CC0 1.0,MEDLINE cooccurrence,False
D013651,DOID:11934,CC0 1.0,MEDLINE cooccurrence,False
D000787,DOID:7693,CC0 1.0,MEDLINE cooccurrence,False
D004487,DOID:13223,CC0 1.0,MEDLINE cooccurrence,False
D000855,DOID:2394,CC0 1.0,MEDLINE cooccurrence,False
D015431,DOID:1793,CC0 1.0,MEDLINE cooccurrence,False
D010291,DOID:7693,CC0 1.0,MEDLINE cooccurrence,False
D053202,DOID:10652,CC0 1.0,MEDLINE cooccurrence,False
D001766,DOID:635,CC0 1.0,MEDLINE cooccurrence,False
D057178,DOID:11949,CC0 1.0,MEDLINE cooccurrence,False
D015746,DOID:2994,CC0 1.0,MEDLINE cooccurrence,False
D015746,DOID:10608,CC0 1.0,MEDLINE cooccurrence,False
D003117,DOID:9744,CC0 1.0,MEDLINE cooccurrence,False
D010148,DOID:11934,CC0 1.0,MEDLINE cooccurrence,False
D053584,DOID:11054,CC0 1.0,MEDLINE cooccurrence,False
D015746,DOID:1964,CC0 1.0,MEDLINE cooccurrence,False
D005221,DOID:14330,CC0 1.0,MEDLINE cooccurrence,False
D000857,DOID:4481,CC0 1.0,MEDLINE cooccurrence,False
D003371,DOID:1790,CC0 1.0,MEDLINE cooccurrence,False
D002637,DOID:2841,CC0 1.0,MEDLINE cooccurrence,False
D020250,DOID:1612,CC0 1.0,MEDLINE cooccurrence,False
D009461,DOID:5875,CC0 1.0,MEDLINE cooccurrence,False
D003147,DOID:1094,CC0 1.0,MEDLINE cooccurrence,False
D006313,DOID:2994,CC0 1.0,MEDLINE cooccurrence,False
D006948,DOID:1094,CC0 1.0,MEDLINE cooccurrence,False
D001926,DOID:1319,CC0 1.0,MEDLINE cooccurrence,False
D005183,DOID:216,CC0 1.0,MEDLINE cooccurrence,False
D002100,DOID:10534,CC0 1.0,MEDLINE cooccurrence,False
D009912,DOID:13241,CC0 1.0,MEDLINE cooccurrence,False
D011304,DOID:1595,CC0 1.0,MEDLINE cooccurrence,False
D012877,DOID:2043,CC0 1.0,MEDLINE cooccurrence,False
D014202,DOID:0050741,CC0 1.0,MEDLINE cooccurrence,False
D006337,DOID:1115,CC0 1.0,MEDLINE cooccurrence,False
D004487,DOID:8893,CC0 1.0,MEDLINE cooccurrence,False
D012893,DOID:784,CC0 1.0,MEDLINE cooccurrence,False
D054068,DOID:2355,CC0 1.0,MEDLINE cooccurrence,False
D014839,DOID:2994,CC0 1.0,MEDLINE cooccurrence,False
D020336,DOID:5612,CC0 1.0,MEDLINE cooccurrence,False
D020828,DOID:332,CC0 1.0,MEDLINE cooccurrence,False
D000370,DOID:1192,CC0 1.0,MEDLINE cooccurrence,False
D001184,DOID:11934,CC0 1.0,MEDLINE cooccurrence,False
D005600,DOID:1094,CC0 1.0,MEDLINE cooccurrence,False
D003967,DOID:10021,CC0 1.0,MEDLINE cooccurrence,False
D014550,DOID:4362,CC0 1.0,MEDLINE cooccurrence,False
D020235,DOID:14330,CC0 1.0,MEDLINE cooccurrence,False
D000860,DOID:784,CC0 1.0,MEDLINE cooccurrence,False
D000270,DOID:7148,CC0 1.0,MEDLINE cooccurrence,False
D010146,DOID:585,CC0 1.0,MEDLINE cooccurrence,False
D006942,DOID:4989,CC0 1.0,MEDLINE cooccurrence,False
D003085,DOID:4989,CC0 1.0,MEDLINE cooccurrence,False
D020181,DOID:10763,CC0 1.0,MEDLINE cooccurrence,False
D020233,DOID:5612,CC0 1.0,MEDLINE cooccurrence,False
D007331,DOID:5419,CC0 1.0,MEDLINE cooccurrence,False
D012148,DOID:0050425,CC0 1.0,MEDLINE cooccurrence,False
D006314,DOID:184,CC0 1.0,MEDLINE cooccurrence,False
D001037,DOID:11949,CC0 1.0,MEDLINE cooccurrence,False
D006988,DOID:2994,CC0 1.0,MEDLINE cooccurrence,False
D000860,DOID:263,CC0 1.0,MEDLINE cooccurrence,False
D009755,DOID:2174,CC0 1.0,MEDLINE cooccurrence,False
D003967,DOID:12365,CC0 1.0,MEDLINE cooccurrence,False
D051346,DOID:14330,CC0 1.0,MEDLINE cooccurrence,False
D003967,DOID:635,CC0 1.0,MEDLINE cooccurrence,False
D012893,DOID:2841,CC0 1.0,MEDLINE cooccurrence,False
D010264,DOID:5559,CC0 1.0,MEDLINE cooccurrence,False
D016534,DOID:2994,CC0 1.0,MEDLINE cooccurrence,False
D010146,DOID:11819,CC0 1.0,MEDLINE cooccurrence,False
D006312,DOID:11934,CC0 1.0,MEDLINE cooccurrence,False
D004487,DOID:1964,CC0 1.0,MEDLINE cooccurrence,False
D019080,DOID:2994,CC0 1.0,MEDLINE cooccurrence,False
D004409,DOID:5419,CC0 1.0,MEDLINE cooccurrence,False
D001926,DOID:10941,CC0 1.0,MEDLINE cooccurrence,False
D003638,DOID:9296,CC0 1.0,MEDLINE cooccurrence,False
D002819,DOID:3312,CC0 1.0,MEDLINE cooccurrence,False
D020233,DOID:14330,CC0 1.0,MEDLINE cooccurrence,False
D009886,DOID:2174,CC0 1.0,MEDLINE cooccurrence,False
D001416,DOID:5875,CC0 1.0,MEDLINE cooccurrence,False
D000855,DOID:3571,CC0 1.0,MEDLINE cooccurrence,False
D002422,DOID:986,CC0 1.0,MEDLINE cooccurrence,False
D009912,DOID:4159,CC0 1.0,MEDLINE cooccurrence,False
D011595,DOID:1094,CC0 1.0,MEDLINE cooccurrence,False
D011537,DOID:1909,CC0 1.0,MEDLINE cooccurrence,False
D010291,DOID:10941,CC0 1.0,MEDLINE cooccurrence,False
D005207,DOID:2377,CC0 1.0,MEDLINE cooccurrence,False
D002100,DOID:1612,CC0 1.0,MEDLINE cooccurrence,False
D014549,DOID:11054,CC0 1.0,MEDLINE cooccurrence,False
D006429,DOID:6364,CC0 1.0,MEDLINE cooccurrence,False
D006212,DOID:10871,CC0 1.0,MEDLINE cooccurrence,False
D015518,DOID:12849,CC0 1.0,MEDLINE cooccurrence,False
D009461,DOID:5612,CC0 1.0,MEDLINE cooccurrence,False
D016553,DOID:12236,CC0 1.0,MEDLINE cooccurrence,False
D001072,DOID:2377,CC0 1.0,MEDLINE cooccurrence,False
D014550,DOID:13223,CC0 1.0,MEDLINE cooccurrence,False
D006469,DOID:1790,CC0 1.0,MEDLINE cooccurrence,False
D018771,DOID:8398,CC0 1.0,MEDLINE cooccurrence,False
D006941,DOID:0050741,CC0 1.0,MEDLINE cooccurrence,False
D000647,DOID:6364,CC0 1.0,MEDLINE cooccurrence,False
D003085,DOID:1909,CC0 1.0,MEDLINE cooccurrence,False
D011538,DOID:3310,CC0 1.0,MEDLINE cooccurrence,False
D018908,DOID:1909,CC0 1.0,MEDLINE cooccurrence,False
D009437,DOID:7147,CC0 1.0,MEDLINE cooccurrence,False
D053448,DOID:10283,CC0 1.0,MEDLINE cooccurrence,False
D006941,DOID:6364,CC0 1.0,MEDLINE cooccurrence,False
D020189,DOID:1094,CC0 1.0,MEDLINE cooccurrence,False
D012607,DOID:9835,CC0 1.0,MEDLINE cooccurrence,False
D020757,DOID:9074,CC0 1.0,MEDLINE cooccurrence,False
D020178,DOID:1595,CC0 1.0,MEDLINE cooccurrence,False
D003244,DOID:10941,CC0 1.0,MEDLINE cooccurrence,False
D001037,DOID:10652,CC0 1.0,MEDLINE cooccurrence,False
D003693,DOID:10652,CC0 1.0,MEDLINE cooccurrence,False
D005335,DOID:219,CC0 1.0,MEDLINE cooccurrence,False
D013494,DOID:332,CC0 1.0,MEDLINE cooccurrence,False
D059350,DOID:8398,CC0 1.0,MEDLINE cooccurrence,False
D006948,DOID:3312,CC0 1.0,MEDLINE cooccurrence,False
D006985,DOID:1826,CC0 1.0,MEDLINE cooccurrence,False
D013035,DOID:10941,CC0 1.0,MEDLINE cooccurrence,False
D018771,DOID:11476,CC0 1.0,MEDLINE cooccurrence,False
D018496,DOID:3083,CC0 1.0,MEDLINE cooccurrence,False
D011539,DOID:1245,CC0 1.0,MEDLINE cooccurrence,False
D006261,DOID:2994,CC0 1.0,MEDLINE cooccurrence,False
D002819,DOID:7148,CC0 1.0,MEDLINE cooccurrence,False
D009207,DOID:3277,CC0 1.0,MEDLINE cooccurrence,False
D015746,DOID:5875,CC0 1.0,MEDLINE cooccurrence,False
D009222,DOID:1459,CC0 1.0,MEDLINE cooccurrence,False
D020078,DOID:4481,CC0 1.0,MEDLINE cooccurrence,False
D019954,DOID:10652,CC0 1.0,MEDLINE cooccurrence,False
D001037,DOID:1826,CC0 1.0,MEDLINE cooccurrence,False
D000647,DOID:2994,CC0 1.0,MEDLINE cooccurrence,False
D012877,DOID:418,CC0 1.0,MEDLINE cooccurrence,False
D000860,DOID:2355,CC0 1.0,MEDLINE cooccurrence,False
D006930,DOID:6364,CC0 1.0,MEDLINE cooccurrence,False
D010243,DOID:2994,CC0 1.0,MEDLINE cooccurrence,False
D009325,DOID:1725,CC0 1.0,MEDLINE cooccurrence,False
D007088,DOID:5419,CC0 1.0,MEDLINE cooccurrence,False
D053591,DOID:7693,CC0 1.0,MEDLINE cooccurrence,False
D011507,DOID:784,CC0 1.0,MEDLINE cooccurrence,False
D005158,DOID:1319,CC0 1.0,MEDLINE cooccurrence,False
D005884,DOID:9744,CC0 1.0,MEDLINE cooccurrence,False
D005334,DOID:10534,CC0 1.0,MEDLINE cooccurrence,False
D004487,DOID:10763,CC0 1.0,MEDLINE cooccurrence,False
D020920,DOID:1612,CC0 1.0,MEDLINE cooccurrence,False
D013064,DOID:0060119,CC0 1.0,MEDLINE cooccurrence,False
D011507,DOID:9074,CC0 1.0,MEDLINE cooccurrence,False
D009058,DOID:4481,CC0 1.0,MEDLINE cooccurrence,False
D020186,DOID:1595,CC0 1.0,MEDLINE cooccurrence,False
D001750,DOID:184,CC0 1.0,MEDLINE cooccurrence,False
D015877,DOID:10871,CC0 1.0,MEDLINE cooccurrence,False
D007926,DOID:585,CC0 1.0,MEDLINE cooccurrence,False
D010291,DOID:5612,CC0 1.0,MEDLINE cooccurrence,False
D009461,DOID:12361,CC0 1.0,MEDLINE cooccurrence,False
D011782,DOID:2377,CC0 1.0,MEDLINE cooccurrence,False
D001766,DOID:1909,CC0 1.0,MEDLINE cooccurrence,False
D004415,DOID:10021,CC0 1.0,MEDLINE cooccurrence,False
D011596,DOID:0050741,CC0 1.0,MEDLINE cooccurrence,False
D008569,DOID:1319,CC0 1.0,MEDLINE cooccurrence,False
D015845,DOID:7148,CC0 1.0,MEDLINE cooccurrence,False
D055154,DOID:1909,CC0 1.0,MEDLINE cooccurrence,False
D020234,DOID:1319,CC0 1.0,MEDLINE cooccurrence,False
D019588,DOID:635,CC0 1.0,MEDLINE cooccurrence,False
D051346,DOID:184,CC0 1.0,MEDLINE cooccurrence,False
D014012,DOID:5408,CC0 1.0,MEDLINE cooccurrence,False
D005222,DOID:1595,CC0 1.0,MEDLINE cooccurrence,False
D013035,DOID:6364,CC0 1.0,MEDLINE cooccurrence,False
D001264,DOID:14330,CC0 1.0,MEDLINE cooccurrence,False
D012678,DOID:3565,CC0 1.0,MEDLINE cooccurrence,False
D012913,DOID:1094,CC0 1.0,MEDLINE cooccurrence,False
D017699,DOID:2994,CC0 1.0,MEDLINE cooccurrence,False
D001264,DOID:2377,CC0 1.0,MEDLINE cooccurrence,False
D002524,DOID:11949,CC0 1.0,MEDLINE cooccurrence,False
D004421,DOID:11949,CC0 1.0,MEDLINE cooccurrence,False
D015430,DOID:1612,CC0 1.0,MEDLINE cooccurrence,False
D011507,DOID:9744,CC0 1.0,MEDLINE cooccurrence,False
D015878,DOID:9835,CC0 1.0,MEDLINE cooccurrence,False
D000419,DOID:9074,CC0 1.0,MEDLINE cooccurrence,False
D008607,DOID:1595,CC0 1.0,MEDLINE cooccurrence,False
D002524,DOID:1826,CC0 1.0,MEDLINE cooccurrence,False
D019080,DOID:1319,CC0 1.0,MEDLINE cooccurrence,False
D009912,DOID:1024,CC0 1.0,MEDLINE cooccurrence,False
D006311,DOID:2377,CC0 1.0,MEDLINE cooccurrence,False
D021501,DOID:11819,CC0 1.0,MEDLINE cooccurrence,False
D014839,DOID:10608,CC0 1.0,MEDLINE cooccurrence,False
D009461,DOID:0060119,CC0 1.0,MEDLINE cooccurrence,False
D019588,DOID:12306,CC0 1.0,MEDLINE cooccurrence,False
D016553,DOID:3277,CC0 1.0,MEDLINE cooccurrence,False
D010149,DOID:1612,CC0 1.0,MEDLINE cooccurrence,False
D014008,DOID:8893,CC0 1.0,MEDLINE cooccurrence,False
D059350,DOID:1612,CC0 1.0,MEDLINE cooccurrence,False
D010146,DOID:184,CC0 1.0,MEDLINE cooccurrence,False
D005183,DOID:1459,CC0 1.0,MEDLINE cooccurrence,False
D018771,DOID:8778,CC0 1.0,MEDLINE cooccurrence,False
D006970,DOID:8986,CC0 1.0,MEDLINE cooccurrence,False
D006261,DOID:13241,CC0 1.0,MEDLINE cooccurrence,False
D013064,DOID:3070,CC0 1.0,MEDLINE cooccurrence,False
D006685,DOID:1115,CC0 1.0,MEDLINE cooccurrence,False
D000855,DOID:4362,CC0 1.0,MEDLINE cooccurrence,False
D012678,DOID:12849,CC0 1.0,MEDLINE cooccurrence,False
D006313,DOID:1319,CC0 1.0,MEDLINE cooccurrence,False
D001259,DOID:14330,CC0 1.0,MEDLINE cooccurrence,False
D008607,DOID:12995,CC0 1.0,MEDLINE cooccurrence,False
D053609,DOID:1319,CC0 1.0,MEDLINE cooccurrence,False
D006312,DOID:13241,CC0 1.0,MEDLINE cooccurrence,False
D020915,DOID:0050741,CC0 1.0,MEDLINE cooccurrence,False
D005335,DOID:4362,CC0 1.0,MEDLINE cooccurrence,False
D001260,DOID:2355,CC0 1.0,MEDLINE cooccurrence,False
D000006,DOID:3121,CC0 1.0,MEDLINE cooccurrence,False
D014008,DOID:4159,CC0 1.0,MEDLINE cooccurrence,False
D014474,DOID:3565,CC0 1.0,MEDLINE cooccurrence,False
D002100,DOID:11934,CC0 1.0,MEDLINE cooccurrence,False
D003085,DOID:13499,CC0 1.0,MEDLINE cooccurrence,False
D007565,DOID:12365,CC0 1.0,MEDLINE cooccurrence,False
D016553,DOID:10534,CC0 1.0,MEDLINE cooccurrence,False
D014826,DOID:5559,CC0 1.0,MEDLINE cooccurrence,False
D012607,DOID:2174,CC0 1.0,MEDLINE cooccurrence,False
D010148,DOID:6364,CC0 1.0,MEDLINE cooccurrence,False
D004487,DOID:175,CC0 1.0,MEDLINE cooccurrence,False
D014202,DOID:14330,CC0 1.0,MEDLINE cooccurrence,False
D003221,DOID:1324,CC0 1.0,MEDLINE cooccurrence,False
D009325,DOID:11054,CC0 1.0,MEDLINE cooccurrence,False
D000006,DOID:2394,CC0 1.0,MEDLINE cooccurrence,False
D012678,DOID:8850,CC0 1.0,MEDLINE cooccurrence,False
D011694,DOID:9074,CC0 1.0,MEDLINE cooccurrence,False
D017699,DOID:11054,CC0 1.0,MEDLINE cooccurrence,False
D003490,DOID:9296,CC0 1.0,MEDLINE cooccurrence,False
D002375,DOID:14330,CC0 1.0,MEDLINE cooccurrence,False
D003085,DOID:8577,CC0 1.0,MEDLINE cooccurrence,False
D010149,DOID:13223,CC0 1.0,MEDLINE cooccurrence,False
D004438,DOID:4159,CC0 1.0,MEDLINE cooccurrence,False
D011602,DOID:119,CC0 1.0,MEDLINE cooccurrence,False
D000860,DOID:332,CC0 1.0,MEDLINE cooccurrence,False
D015354,DOID:11555,CC0 1.0,MEDLINE cooccurrence,False
D013342,DOID:1826,CC0 1.0,MEDLINE cooccurrence,False
D017699,DOID:10283,CC0 1.0,MEDLINE cooccurrence,False
D003968,DOID:8577,CC0 1.0,MEDLINE cooccurrence,False
D005334,DOID:1115,CC0 1.0,MEDLINE cooccurrence,False
D017116,DOID:90,CC0 1.0,MEDLINE cooccurrence,False
D009912,DOID:418,CC0 1.0,MEDLINE cooccurrence,False
D012607,DOID:3565,CC0 1.0,MEDLINE cooccurrence,False
D015354,DOID:3565,CC0 1.0,MEDLINE cooccurrence,False
D011681,DOID:9835,CC0 1.0,MEDLINE cooccurrence,False
D004401,DOID:332,CC0 1.0,MEDLINE cooccurrence,False
D000550,DOID:1686,CC0 1.0,MEDLINE cooccurrence,False
D005334,DOID:219,CC0 1.0,MEDLINE cooccurrence,False
D020757,DOID:1686,CC0 1.0,MEDLINE cooccurrence,False
D006337,DOID:2355,CC0 1.0,MEDLINE cooccurrence,False
D013575,DOID:0060119,CC0 1.0,MEDLINE cooccurrence,False
D001247,DOID:1324,CC0 1.0,MEDLINE cooccurrence,False
D011537,DOID:1245,CC0 1.0,MEDLINE cooccurrence,False
D013651,DOID:216,CC0 1.0,MEDLINE cooccurrence,False
D062706,DOID:14330,CC0 1.0,MEDLINE cooccurrence,False
D002637,DOID:9074,CC0 1.0,MEDLINE cooccurrence,False
D004487,DOID:11615,CC0 1.0,MEDLINE cooccurrence,False
D014840,DOID:1612,CC0 1.0,MEDLINE cooccurrence,False
D001750,DOID:5612,CC0 1.0,MEDLINE cooccurrence,False
D004314,DOID:1459,CC0 1.0,MEDLINE cooccurrence,False
D004417,DOID:12930,CC0 1.0,MEDLINE cooccurrence,False
D017699,DOID:4045,CC0 1.0,MEDLINE cooccurrence,False
D011696,DOID:418,CC0 1.0,MEDLINE cooccurrence,False
D005132,DOID:2994,CC0 1.0,MEDLINE cooccurrence,False
D020335,DOID:5559,CC0 1.0,MEDLINE cooccurrence,False
D018980,DOID:10763,CC0 1.0,MEDLINE cooccurrence,False
D005335,DOID:175,CC0 1.0,MEDLINE cooccurrence,False
D057178,DOID:10652,CC0 1.0,MEDLINE cooccurrence,False
D005183,DOID:635,CC0 1.0,MEDLINE cooccurrence,False
D014474,DOID:1793,CC0 1.0,MEDLINE cooccurrence,False
D006396,DOID:2994,CC0 1.0,MEDLINE cooccurrence,False
D010264,DOID:175,CC0 1.0,MEDLINE cooccurrence,False
D006939,DOID:10534,CC0 1.0,MEDLINE cooccurrence,False
D006315,DOID:1192,CC0 1.0,MEDLINE cooccurrence,False
D010243,DOID:8986,CC0 1.0,MEDLINE cooccurrence,False
D003371,DOID:1324,CC0 1.0,MEDLINE cooccurrence,False
D005926,DOID:11934,CC0 1.0,MEDLINE cooccurrence,False
D001037,DOID:2377,CC0 1.0,MEDLINE cooccurrence,False
D019547,DOID:9008,CC0 1.0,MEDLINE cooccurrence,False
D000381,DOID:3070,CC0 1.0,MEDLINE cooccurrence,False
D014103,DOID:5612,CC0 1.0,MEDLINE cooccurrence,False
D007565,DOID:3571,CC0 1.0,MEDLINE cooccurrence,False
D008607,DOID:3312,CC0 1.0,MEDLINE cooccurrence,False
D011538,DOID:4159,CC0 1.0,MEDLINE cooccurrence,False
D002100,DOID:1725,CC0 1.0,MEDLINE cooccurrence,False
D034381,DOID:0060119,CC0 1.0,MEDLINE cooccurrence,False
D004172,DOID:2377,CC0 1.0,MEDLINE cooccurrence,False
D018908,DOID:2377,CC0 1.0,MEDLINE cooccurrence,False
D006311,DOID:3070,CC0 1.0,MEDLINE cooccurrence,False
D005311,DOID:1826,CC0 1.0,MEDLINE cooccurrence,False
D051346,DOID:3083,CC0 1.0,MEDLINE cooccurrence,False
D012877,DOID:8893,CC0 1.0,MEDLINE cooccurrence,False
D018496,DOID:1319,CC0 1.0,MEDLINE cooccurrence,False
D012001,DOID:6364,CC0 1.0,MEDLINE cooccurrence,False
D006930,DOID:13189,CC0 1.0,MEDLINE cooccurrence,False
D041781,DOID:1725,CC0 1.0,MEDLINE cooccurrence,False
D014839,DOID:219,CC0 1.0,MEDLINE cooccurrence,False
D009155,DOID:2994,CC0 1.0,MEDLINE cooccurrence,False
D012913,DOID:11934,CC0 1.0,MEDLINE cooccurrence,False
D005158,DOID:13241,CC0 1.0,MEDLINE cooccurrence,False
D006606,DOID:14330,CC0 1.0,MEDLINE cooccurrence,False
D018771,DOID:7147,CC0 1.0,MEDLINE cooccurrence,False
D006356,DOID:7148,CC0 1.0,MEDLINE cooccurrence,False
D014012,DOID:1192,CC0 1.0,MEDLINE cooccurrence,False
D000787,DOID:13378,CC0 1.0,MEDLINE cooccurrence,False
D013746,DOID:1781,CC0 1.0,MEDLINE cooccurrence,False
D010291,DOID:1192,CC0 1.0,MEDLINE cooccurrence,False
D001308,DOID:1094,CC0 1.0,MEDLINE cooccurrence,False
D009886,DOID:1115,CC0 1.0,MEDLINE cooccurrence,False
D003371,DOID:175,CC0 1.0,MEDLINE cooccurrence,False
D000860,DOID:1612,CC0 1.0,MEDLINE cooccurrence,False
D002558,DOID:1192,CC0 1.0,MEDLINE cooccurrence,False
D000006,DOID:1964,CC0 1.0,MEDLINE cooccurrence,False
D005157,DOID:1319,CC0 1.0,MEDLINE cooccurrence,False
D010243,DOID:0060119,CC0 1.0,MEDLINE cooccurrence,False
D010243,DOID:3565,CC0 1.0,MEDLINE cooccurrence,False
D010264,DOID:585,CC0 1.0,MEDLINE cooccurrence,False
D004410,DOID:1094,CC0 1.0,MEDLINE cooccurrence,False
D002559,DOID:4481,CC0 1.0,MEDLINE cooccurrence,False
D005132,DOID:13241,CC0 1.0,MEDLINE cooccurrence,False
D014474,DOID:0050741,CC0 1.0,MEDLINE cooccurrence,False
D013851,DOID:3083,CC0 1.0,MEDLINE cooccurrence,False
D011596,DOID:1595,CC0 1.0,MEDLINE cooccurrence,False
D014826,DOID:12361,CC0 1.0,MEDLINE cooccurrence,False
D012166,DOID:635,CC0 1.0,MEDLINE cooccurrence,False
D010149,DOID:1324,CC0 1.0,MEDLINE cooccurrence,False
D056844,DOID:7693,CC0 1.0,MEDLINE cooccurrence,False
D002637,DOID:12930,CC0 1.0,MEDLINE cooccurrence,False
D004172,DOID:9074,CC0 1.0,MEDLINE cooccurrence,False
D016534,DOID:7693,CC0 1.0,MEDLINE cooccurrence,False
D014717,DOID:2994,CC0 1.0,MEDLINE cooccurrence,False
D002524,DOID:332,CC0 1.0,MEDLINE cooccurrence,False
D010146,DOID:2377,CC0 1.0,MEDLINE cooccurrence,False
D019547,DOID:184,CC0 1.0,MEDLINE cooccurrence,False
D018908,DOID:1024,CC0 1.0,MEDLINE cooccurrence,False
D004314,DOID:8893,CC0 1.0,MEDLINE cooccurrence,False
D009846,DOID:12365,CC0 1.0,MEDLINE cooccurrence,False
D006212,DOID:8986,CC0 1.0,MEDLINE cooccurrence,False
D015431,DOID:9970,CC0 1.0,MEDLINE cooccurrence,False
D004415,DOID:8778,CC0 1.0,MEDLINE cooccurrence,False
D007035,DOID:2377,CC0 1.0,MEDLINE cooccurrence,False
D001041,DOID:1319,CC0 1.0,MEDLINE cooccurrence,False
D010468,DOID:1319,CC0 1.0,MEDLINE cooccurrence,False
D006337,DOID:2994,CC0 1.0,MEDLINE cooccurrence,False
D000550,DOID:11934,CC0 1.0,MEDLINE cooccurrence,False
D009437,DOID:4045,CC0 1.0,MEDLINE cooccurrence,False
D009123,DOID:8986,CC0 1.0,MEDLINE cooccurrence,False
D013746,DOID:585,CC0 1.0,MEDLINE cooccurrence,False
D020178,DOID:10652,CC0 1.0,MEDLINE cooccurrence,False
D017116,DOID:3070,CC0 1.0,MEDLINE cooccurrence,False
D010468,DOID:5419,CC0 1.0,MEDLINE cooccurrence,False
D004314,DOID:216,CC0 1.0,MEDLINE cooccurrence,False
D009437,DOID:6364,CC0 1.0,MEDLINE cooccurrence,False
D011537,DOID:635,CC0 1.0,MEDLINE cooccurrence,False
D004438,DOID:263,CC0 1.0,MEDLINE cooccurrence,False
D006356,DOID:0050156,CC0 1.0,MEDLINE cooccurrence,False
D014012,DOID:12185,CC0 1.0,MEDLINE cooccurrence,False
D012678,DOID:5612,CC0 1.0,MEDLINE cooccurrence,False
D003967,DOID:10283,CC0 1.0,MEDLINE cooccurrence,False
D005157,DOID:8398,CC0 1.0,MEDLINE cooccurrence,False
D020886,DOID:0050425,CC0 1.0,MEDLINE cooccurrence,False
D000849,DOID:3070,CC0 1.0,MEDLINE cooccurrence,False
D004417,DOID:594,CC0 1.0,MEDLINE cooccurrence,False
D003221,DOID:0050741,CC0 1.0,MEDLINE cooccurrence,False
D015746,DOID:4362,CC0 1.0,MEDLINE cooccurrence,False
D020188,DOID:594,CC0 1.0,MEDLINE cooccurrence,False
D019080,DOID:4159,CC0 1.0,MEDLINE cooccurrence,False
D009133,DOID:1459,CC0 1.0,MEDLINE cooccurrence,False
D003248,DOID:1595,CC0 1.0,MEDLINE cooccurrence,False
D019547,DOID:7148,CC0 1.0,MEDLINE cooccurrence,False
D020183,DOID:1826,CC0 1.0,MEDLINE cooccurrence,False
D006985,DOID:6364,CC0 1.0,MEDLINE cooccurrence,False
D003371,DOID:2841,CC0 1.0,MEDLINE cooccurrence,False
D004244,DOID:1595,CC0 1.0,MEDLINE cooccurrence,False
D014786,DOID:1909,CC0 1.0,MEDLINE cooccurrence,False
D041781,DOID:10534,CC0 1.0,MEDLINE cooccurrence,False
D016532,DOID:2355,CC0 1.0,MEDLINE cooccurrence,False
D002637,DOID:11920,CC0 1.0,MEDLINE cooccurrence,False
D014826,DOID:1192,CC0 1.0,MEDLINE cooccurrence,False
D014786,DOID:1024,CC0 1.0,MEDLINE cooccurrence,False
D019462,DOID:0060119,CC0 1.0,MEDLINE cooccurrence,False
D006423,DOID:1686,CC0 1.0,MEDLINE cooccurrence,False
D053159,DOID:11054,CC0 1.0,MEDLINE cooccurrence,False
D001926,DOID:3070,CC0 1.0,MEDLINE cooccurrence,False
D003968,DOID:10608,CC0 1.0,MEDLINE cooccurrence,False
D001766,DOID:11934,CC0 1.0,MEDLINE cooccurrence,False
D006988,DOID:1686,CC0 1.0,MEDLINE cooccurrence,False
D004244,DOID:3070,CC0 1.0,MEDLINE cooccurrence,False
D020919,DOID:14330,CC0 1.0,MEDLINE cooccurrence,False
D005334,DOID:1909,CC0 1.0,MEDLINE cooccurrence,False
D001750,DOID:784,CC0 1.0,MEDLINE cooccurrence,False
D005130,DOID:1686,CC0 1.0,MEDLINE cooccurrence,False
D018908,DOID:418,CC0 1.0,MEDLINE cooccurrence,False
D013851,DOID:216,CC0 1.0,MEDLINE cooccurrence,False
D005335,DOID:3121,CC0 1.0,MEDLINE cooccurrence,False
D014832,DOID:11934,CC0 1.0,MEDLINE cooccurrence,False
D015746,DOID:10153,CC0 1.0,MEDLINE cooccurrence,False
D020795,DOID:9835,CC0 1.0,MEDLINE cooccurrence,False
D006312,DOID:1319,CC0 1.0,MEDLINE cooccurrence,False
D001416,DOID:8893,CC0 1.0,MEDLINE cooccurrence,False
D020757,DOID:6364,CC0 1.0,MEDLINE cooccurrence,False
D004412,DOID:1964,CC0 1.0,MEDLINE cooccurrence,False
D005334,DOID:12365,CC0 1.0,MEDLINE cooccurrence,False
D019080,DOID:3953,CC0 1.0,MEDLINE cooccurrence,False
D000857,DOID:3565,CC0 1.0,MEDLINE cooccurrence,False
D006261,DOID:6364,CC0 1.0,MEDLINE cooccurrence,False
D001926,DOID:9744,CC0 1.0,MEDLINE cooccurrence,False
D014717,DOID:1192,CC0 1.0,MEDLINE cooccurrence,False
D006316,DOID:11934,CC0 1.0,MEDLINE cooccurrence,False
D005335,DOID:9074,CC0 1.0,MEDLINE cooccurrence,False
D041781,DOID:12236,CC0 1.0,MEDLINE cooccurrence,False
D019547,DOID:1781,CC0 1.0,MEDLINE cooccurrence,False
D003117,DOID:2174,CC0 1.0,MEDLINE cooccurrence,False
D015431,DOID:5041,CC0 1.0,MEDLINE cooccurrence,False
D004401,DOID:10941,CC0 1.0,MEDLINE cooccurrence,False
D005334,DOID:13378,CC0 1.0,MEDLINE cooccurrence,False
D058447,DOID:2174,CC0 1.0,MEDLINE cooccurrence,False
D020238,DOID:6364,CC0 1.0,MEDLINE cooccurrence,False
D019547,DOID:90,CC0 1.0,MEDLINE cooccurrence,False
D003117,DOID:10871,CC0 1.0,MEDLINE cooccurrence,False
D010292,DOID:11949,CC0 1.0,MEDLINE cooccurrence,False
D003147,DOID:12995,CC0 1.0,MEDLINE cooccurrence,False
D002559,DOID:3070,CC0 1.0,MEDLINE cooccurrence,False
D013342,DOID:1094,CC0 1.0,MEDLINE cooccurrence,False
D006732,DOID:184,CC0 1.0,MEDLINE cooccurrence,False
D001835,DOID:11476,CC0 1.0,MEDLINE cooccurrence,False
D011141,DOID:5419,CC0 1.0,MEDLINE cooccurrence,False
D012678,DOID:1024,CC0 1.0,MEDLINE cooccurrence,False
D020447,DOID:0050425,CC0 1.0,MEDLINE cooccurrence,False
D004314,DOID:12849,CC0 1.0,MEDLINE cooccurrence,False
D001044,DOID:11934,CC0 1.0,MEDLINE cooccurrence,False
D003248,DOID:8577,CC0 1.0,MEDLINE cooccurrence,False
D010292,DOID:1612,CC0 1.0,MEDLINE cooccurrence,False
D009461,DOID:2994,CC0 1.0,MEDLINE cooccurrence,False
D011696,DOID:1115,CC0 1.0,MEDLINE cooccurrence,False
D055955,DOID:2377,CC0 1.0,MEDLINE cooccurrence,False
D007383,DOID:10763,CC0 1.0,MEDLINE cooccurrence,False
D004489,DOID:784,CC0 1.0,MEDLINE cooccurrence,False
D020754,DOID:14330,CC0 1.0,MEDLINE cooccurrence,False
D003655,DOID:10763,CC0 1.0,MEDLINE cooccurrence,False
D005158,DOID:2994,CC0 1.0,MEDLINE cooccurrence,False
D006987,DOID:11934,CC0 1.0,MEDLINE cooccurrence,False
D020181,DOID:0050156,CC0 1.0,MEDLINE cooccurrence,False
D006319,DOID:13241,CC0 1.0,MEDLINE cooccurrence,False
D010243,DOID:7693,CC0 1.0,MEDLINE cooccurrence,False
D001835,DOID:0050742,CC0 1.0,MEDLINE cooccurrence,False
D006970,DOID:0050425,CC0 1.0,MEDLINE cooccurrence,False
D004417,DOID:332,CC0 1.0,MEDLINE cooccurrence,False
D015875,DOID:1686,CC0 1.0,MEDLINE cooccurrence,False
D006935,DOID:2841,CC0 1.0,MEDLINE cooccurrence,False
D015746,DOID:585,CC0 1.0,MEDLINE cooccurrence,False
D010243,DOID:11476,CC0 1.0,MEDLINE cooccurrence,False
D020178,DOID:8986,CC0 1.0,MEDLINE cooccurrence,False
D011681,DOID:10941,CC0 1.0,MEDLINE cooccurrence,False
D002524,DOID:2994,CC0 1.0,MEDLINE cooccurrence,False
D012893,DOID:10652,CC0 1.0,MEDLINE cooccurrence,False
D012607,DOID:6364,CC0 1.0,MEDLINE cooccurrence,False
D006429,DOID:9074,CC0 1.0,MEDLINE cooccurrence,False
D003221,DOID:9074,CC0 1.0,MEDLINE cooccurrence,False
D003490,DOID:1324,CC0 1.0,MEDLINE cooccurrence,False
D004314,DOID:4159,CC0 1.0,MEDLINE cooccurrence,False
D006314,DOID:11934,CC0 1.0,MEDLINE cooccurrence,False
D018771,DOID:7148,CC0 1.0,MEDLINE cooccurrence,False
D014826,DOID:14004,CC0 1.0,MEDLINE cooccurrence,False
D006423,DOID:10941,CC0 1.0,MEDLINE cooccurrence,False
D005132,DOID:3565,CC0 1.0,MEDLINE cooccurrence,False
D010149,DOID:4362,CC0 1.0,MEDLINE cooccurrence,False
D012877,DOID:1459,CC0 1.0,MEDLINE cooccurrence,False
D054546,DOID:1826,CC0 1.0,MEDLINE cooccurrence,False
D001072,DOID:10652,CC0 1.0,MEDLINE cooccurrence,False
D001416,DOID:3070,CC0 1.0,MEDLINE cooccurrence,False
D001039,DOID:2377,CC0 1.0,MEDLINE cooccurrence,False
D006948,DOID:12995,CC0 1.0,MEDLINE cooccurrence,False
D001259,DOID:5612,CC0 1.0,MEDLINE cooccurrence,False
D014832,DOID:9296,CC0 1.0,MEDLINE cooccurrence,False
D000648,DOID:1826,CC0 1.0,MEDLINE cooccurrence,False
D014839,DOID:13499,CC0 1.0,MEDLINE cooccurrence,False
D004401,DOID:13241,CC0 1.0,MEDLINE cooccurrence,False
D009120,DOID:0050425,CC0 1.0,MEDLINE cooccurrence,False
D003085,DOID:219,CC0 1.0,MEDLINE cooccurrence,False
D018437,DOID:5612,CC0 1.0,MEDLINE cooccurrence,False
D010167,DOID:1686,CC0 1.0,MEDLINE cooccurrence,False
D006988,DOID:2355,CC0 1.0,MEDLINE cooccurrence,False
D009325,DOID:219,CC0 1.0,MEDLINE cooccurrence,False
D009461,DOID:1793,CC0 1.0,MEDLINE cooccurrence,False
D014313,DOID:0060119,CC0 1.0,MEDLINE cooccurrence,False
D004401,DOID:2994,CC0 1.0,MEDLINE cooccurrence,False
D000647,DOID:10941,CC0 1.0,MEDLINE cooccurrence,False
D011538,DOID:8778,CC0 1.0,MEDLINE cooccurrence,False
D006311,DOID:12185,CC0 1.0,MEDLINE cooccurrence,False
D005926,DOID:2355,CC0 1.0,MEDLINE cooccurrence,False
D020336,DOID:2377,CC0 1.0,MEDLINE cooccurrence,False
D001724,DOID:11612,CC0 1.0,MEDLINE cooccurrence,False
D000860,DOID:5041,CC0 1.0,MEDLINE cooccurrence,False
D000419,DOID:10763,CC0 1.0,MEDLINE cooccurrence,False
D003967,DOID:8893,CC0 1.0,MEDLINE cooccurrence,False
D000381,DOID:2994,CC0 1.0,MEDLINE cooccurrence,False
D001835,DOID:8778,CC0 1.0,MEDLINE cooccurrence,False
D010291,DOID:4045,CC0 1.0,MEDLINE cooccurrence,False
D012135,DOID:3083,CC0 1.0,MEDLINE cooccurrence,False
D006456,DOID:2355,CC0 1.0,MEDLINE cooccurrence,False
D006261,DOID:184,CC0 1.0,MEDLINE cooccurrence,False
D019547,DOID:8398,CC0 1.0,MEDLINE cooccurrence,False
D034381,DOID:12185,CC0 1.0,MEDLINE cooccurrence,False
D003128,DOID:3312,CC0 1.0,MEDLINE cooccurrence,False
D011602,DOID:7148,CC0 1.0,MEDLINE cooccurrence,False
D011693,DOID:12365,CC0 1.0,MEDLINE cooccurrence,False
D012678,DOID:7148,CC0 1.0,MEDLINE cooccurrence,False
D002637,DOID:5559,CC0 1.0,MEDLINE cooccurrence,False
D012877,DOID:1793,CC0 1.0,MEDLINE cooccurrence,False
D002637,DOID:3393,CC0 1.0,MEDLINE cooccurrence,False
D003967,DOID:4989,CC0 1.0,MEDLINE cooccurrence,False
D011596,DOID:1319,CC0 1.0,MEDLINE cooccurrence,False
D007024,DOID:9744,CC0 1.0,MEDLINE cooccurrence,False
D000860,DOID:1909,CC0 1.0,MEDLINE cooccurrence,False
D011141,DOID:3312,CC0 1.0,MEDLINE cooccurrence,False
D010148,DOID:10283,CC0 1.0,MEDLINE cooccurrence,False
D014840,DOID:1793,CC0 1.0,MEDLINE cooccurrence,False
D017116,DOID:5875,CC0 1.0,MEDLINE cooccurrence,False
D005132,DOID:1319,CC0 1.0,MEDLINE cooccurrence,False
D010146,DOID:4045,CC0 1.0,MEDLINE cooccurrence,False
D003117,DOID:2377,CC0 1.0,MEDLINE cooccurrence,False
D013342,DOID:14330,CC0 1.0,MEDLINE cooccurrence,False
D000419,DOID:1936,CC0 1.0,MEDLINE cooccurrence,False
D020335,DOID:5612,CC0 1.0,MEDLINE cooccurrence,False
D000377,DOID:3070,CC0 1.0,MEDLINE cooccurrence,False
D014839,DOID:1993,CC0 1.0,MEDLINE cooccurrence,False
D019575,DOID:10941,CC0 1.0,MEDLINE cooccurrence,False
D006317,DOID:12185,CC0 1.0,MEDLINE cooccurrence,False
D012877,DOID:1324,CC0 1.0,MEDLINE cooccurrence,False
D015160,DOID:363,CC0 1.0,MEDLINE cooccurrence,False
D005334,DOID:585,CC0 1.0,MEDLINE cooccurrence,False
D000849,DOID:14330,CC0 1.0,MEDLINE cooccurrence,False
D006311,DOID:11934,CC0 1.0,MEDLINE cooccurrence,False
D010146,DOID:5875,CC0 1.0,MEDLINE cooccurrence,False
D006628,DOID:2998,CC0 1.0,MEDLINE cooccurrence,False
D011304,DOID:5408,CC0 1.0,MEDLINE cooccurrence,False
D006261,DOID:10763,CC0 1.0,MEDLINE cooccurrence,False
D001926,DOID:3571,CC0 1.0,MEDLINE cooccurrence,False
D007805,DOID:12995,CC0 1.0,MEDLINE cooccurrence,False
D006970,DOID:3312,CC0 1.0,MEDLINE cooccurrence,False
D005334,DOID:5559,CC0 1.0,MEDLINE cooccurrence,False
D006311,DOID:5408,CC0 1.0,MEDLINE cooccurrence,False
D012891,DOID:0050425,CC0 1.0,MEDLINE cooccurrence,False
D053201,DOID:11054,CC0 1.0,MEDLINE cooccurrence,False
D007319,DOID:1612,CC0 1.0,MEDLINE cooccurrence,False
D045262,DOID:12365,CC0 1.0,MEDLINE cooccurrence,False
D007319,DOID:5419,CC0 1.0,MEDLINE cooccurrence,False
D001037,DOID:2994,CC0 1.0,MEDLINE cooccurrence,False
D003967,DOID:219,CC0 1.0,MEDLINE cooccurrence,False
D013575,DOID:6364,CC0 1.0,MEDLINE cooccurrence,False
D006685,DOID:1192,CC0 1.0,MEDLINE cooccurrence,False
D011596,DOID:1459,CC0 1.0,MEDLINE cooccurrence,False
D006356,DOID:5041,CC0 1.0,MEDLINE cooccurrence,False
D037061,DOID:8398,CC0 1.0,MEDLINE cooccurrence,False
D053202,DOID:2377,CC0 1.0,MEDLINE cooccurrence,False
D012133,DOID:3277,CC0 1.0,MEDLINE cooccurrence,False
D018908,DOID:7693,CC0 1.0,MEDLINE cooccurrence,False
D003248,DOID:2994,CC0 1.0,MEDLINE cooccurrence,False
D014839,DOID:1115,CC0 1.0,MEDLINE cooccurrence,False
D006930,DOID:184,CC0 1.0,MEDLINE cooccurrence,False
D014786,DOID:2994,CC0 1.0,MEDLINE cooccurrence,False
D002819,DOID:1826,CC0 1.0,MEDLINE cooccurrence,False
D006628,DOID:3953,CC0 1.0,MEDLINE cooccurrence,False
D018458,DOID:10652,CC0 1.0,MEDLINE cooccurrence,False
D007088,DOID:1826,CC0 1.0,MEDLINE cooccurrence,False
D006312,DOID:2994,CC0 1.0,MEDLINE cooccurrence,False
D010146,DOID:263,CC0 1.0,MEDLINE cooccurrence,False
D005334,DOID:2043,CC0 1.0,MEDLINE cooccurrence,False
D002558,DOID:1319,CC0 1.0,MEDLINE cooccurrence,False
D008607,DOID:1826,CC0 1.0,MEDLINE cooccurrence,False
D005483,DOID:3953,CC0 1.0,MEDLINE cooccurrence,False
D005183,DOID:8778,CC0 1.0,MEDLINE cooccurrence,False
D006472,DOID:824,CC0 1.0,MEDLINE cooccurrence,False
D014839,DOID:1612,CC0 1.0,MEDLINE cooccurrence,False
D001260,DOID:2174,CC0 1.0,MEDLINE cooccurrence,False
D003085,DOID:11819,CC0 1.0,MEDLINE cooccurrence,False
D004487,DOID:7147,CC0 1.0,MEDLINE cooccurrence,False
D004314,DOID:2174,CC0 1.0,MEDLINE cooccurrence,False
D018589,DOID:1793,CC0 1.0,MEDLINE cooccurrence,False
D012892,DOID:1595,CC0 1.0,MEDLINE cooccurrence,False
D005414,DOID:8577,CC0 1.0,MEDLINE cooccurrence,False
D006313,DOID:3070,CC0 1.0,MEDLINE cooccurrence,False
D017593,DOID:3312,CC0 1.0,MEDLINE cooccurrence,False
D006396,DOID:2355,CC0 1.0,MEDLINE cooccurrence,False
D020182,DOID:12930,CC0 1.0,MEDLINE cooccurrence,False
D011602,DOID:2841,CC0 1.0,MEDLINE cooccurrence,False
D010292,DOID:1192,CC0 1.0,MEDLINE cooccurrence,False
D002819,DOID:635,CC0 1.0,MEDLINE cooccurrence,False
D004412,DOID:13223,CC0 1.0,MEDLINE cooccurrence,False
D009437,DOID:5612,CC0 1.0,MEDLINE cooccurrence,False
D012678,DOID:2377,CC0 1.0,MEDLINE cooccurrence,False
D000006,DOID:1115,CC0 1.0,MEDLINE cooccurrence,False
D011141,DOID:1459,CC0 1.0,MEDLINE cooccurrence,False
D012021,DOID:3070,CC0 1.0,MEDLINE cooccurrence,False
D014202,DOID:2377,CC0 1.0,MEDLINE cooccurrence,False
D001259,DOID:2377,CC0 1.0,MEDLINE cooccurrence,False
D056865,DOID:14221,CC0 1.0,MEDLINE cooccurrence,False
D006319,DOID:12306,CC0 1.0,MEDLINE cooccurrence,False
D002100,DOID:219,CC0 1.0,MEDLINE cooccurrence,False
D005158,DOID:4159,CC0 1.0,MEDLINE cooccurrence,False
D006319,DOID:2377,CC0 1.0,MEDLINE cooccurrence,False
D012913,DOID:0060119,CC0 1.0,MEDLINE cooccurrence,False
D010292,DOID:1319,CC0 1.0,MEDLINE cooccurrence,False
D014786,DOID:9835,CC0 1.0,MEDLINE cooccurrence,False
D015845,DOID:6364,CC0 1.0,MEDLINE cooccurrence,False
D011537,DOID:4481,CC0 1.0,MEDLINE cooccurrence,False
D014202,DOID:2841,CC0 1.0,MEDLINE cooccurrence,False
D007319,DOID:10652,CC0 1.0,MEDLINE cooccurrence,False
D003147,DOID:9296,CC0 1.0,MEDLINE cooccurrence,False
D015354,DOID:2994,CC0 1.0,MEDLINE cooccurrence,False
D014717,DOID:12185,CC0 1.0,MEDLINE cooccurrence,False
D062026,DOID:6364,CC0 1.0,MEDLINE cooccurrence,False
D010845,DOID:3083,CC0 1.0,MEDLINE cooccurrence,False
D008569,DOID:5419,CC0 1.0,MEDLINE cooccurrence,False
D019588,DOID:10652,CC0 1.0,MEDLINE cooccurrence,False
D010149,DOID:824,CC0 1.0,MEDLINE cooccurrence,False
D000006,DOID:1793,CC0 1.0,MEDLINE cooccurrence,False
D003490,DOID:5559,CC0 1.0,MEDLINE cooccurrence,False
D011602,DOID:8577,CC0 1.0,MEDLINE cooccurrence,False
D009325,DOID:4159,CC0 1.0,MEDLINE cooccurrence,False
D003490,DOID:2355,CC0 1.0,MEDLINE cooccurrence,False
D053608,DOID:1826,CC0 1.0,MEDLINE cooccurrence,False
D020335,DOID:4159,CC0 1.0,MEDLINE cooccurrence,False
D053578,DOID:3953,CC0 1.0,MEDLINE cooccurrence,False
D006314,DOID:8850,CC0 1.0,MEDLINE cooccurrence,False
D008607,DOID:1459,CC0 1.0,MEDLINE cooccurrence,False
D017246,DOID:1826,CC0 1.0,MEDLINE cooccurrence,False
D000006,DOID:5875,CC0 1.0,MEDLINE cooccurrence,False
D000860,DOID:4362,CC0 1.0,MEDLINE cooccurrence,False
D011602,DOID:0050741,CC0 1.0,MEDLINE cooccurrence,False
D003085,DOID:7693,CC0 1.0,MEDLINE cooccurrence,False
D006948,DOID:1826,CC0 1.0,MEDLINE cooccurrence,False
D014549,DOID:4362,CC0 1.0,MEDLINE cooccurrence,False
D013064,DOID:2596,CC0 1.0,MEDLINE cooccurrence,False
D002637,DOID:13223,CC0 1.0,MEDLINE cooccurrence,False
D005483,DOID:10283,CC0 1.0,MEDLINE cooccurrence,False
D001049,DOID:2355,CC0 1.0,MEDLINE cooccurrence,False
D001766,DOID:1686,CC0 1.0,MEDLINE cooccurrence,False
D014103,DOID:3070,CC0 1.0,MEDLINE cooccurrence,False
D020335,DOID:3565,CC0 1.0,MEDLINE cooccurrence,False
D020250,DOID:0050742,CC0 1.0,MEDLINE cooccurrence,False
D005884,DOID:216,CC0 1.0,MEDLINE cooccurrence,False
D006429,DOID:7148,CC0 1.0,MEDLINE cooccurrence,False
D059226,DOID:184,CC0 1.0,MEDLINE cooccurrence,False
D003638,DOID:12849,CC0 1.0,MEDLINE cooccurrence,False
D009123,DOID:9835,CC0 1.0,MEDLINE cooccurrence,False
D011695,DOID:418,CC0 1.0,MEDLINE cooccurrence,False
D020234,DOID:14330,CC0 1.0,MEDLINE cooccurrence,False
D006423,DOID:3565,CC0 1.0,MEDLINE cooccurrence,False
D020069,DOID:7148,CC0 1.0,MEDLINE cooccurrence,False
D007926,DOID:3312,CC0 1.0,MEDLINE cooccurrence,False
D006685,DOID:7148,CC0 1.0,MEDLINE cooccurrence,False
D012166,DOID:2174,CC0 1.0,MEDLINE cooccurrence,False
D009120,DOID:2377,CC0 1.0,MEDLINE cooccurrence,False
D013851,DOID:11476,CC0 1.0,MEDLINE cooccurrence,False
D015354,DOID:1192,CC0 1.0,MEDLINE cooccurrence,False
D013064,DOID:332,CC0 1.0,MEDLINE cooccurrence,False
D002559,DOID:1192,CC0 1.0,MEDLINE cooccurrence,False
D017699,DOID:1725,CC0 1.0,MEDLINE cooccurrence,False
D004415,DOID:8398,CC0 1.0,MEDLINE cooccurrence,False
D009461,DOID:2355,CC0 1.0,MEDLINE cooccurrence,False
D008569,DOID:1094,CC0 1.0,MEDLINE cooccurrence,False
D011681,DOID:2994,CC0 1.0,MEDLINE cooccurrence,False
D006970,DOID:2377,CC0 1.0,MEDLINE cooccurrence,False
D009133,DOID:1192,CC0 1.0,MEDLINE cooccurrence,False
D005158,DOID:4045,CC0 1.0,MEDLINE cooccurrence,False
D003639,DOID:2377,CC0 1.0,MEDLINE cooccurrence,False
D004244,DOID:3565,CC0 1.0,MEDLINE cooccurrence,False
D005335,DOID:13223,CC0 1.0,MEDLINE cooccurrence,False
D000647,DOID:1595,CC0 1.0,MEDLINE cooccurrence,False
D009912,DOID:824,CC0 1.0,MEDLINE cooccurrence,False
D004172,DOID:184,CC0 1.0,MEDLINE cooccurrence,False
D020335,DOID:184,CC0 1.0,MEDLINE cooccurrence,False
D013746,DOID:11934,CC0 1.0,MEDLINE cooccurrence,False
D020182,DOID:332,CC0 1.0,MEDLINE cooccurrence,False
D004614,DOID:635,CC0 1.0,MEDLINE cooccurrence,False
D020183,DOID:0050425,CC0 1.0,MEDLINE cooccurrence,False
D015431,DOID:635,CC0 1.0,MEDLINE cooccurrence,False
D005334,DOID:4159,CC0 1.0,MEDLINE cooccurrence,False
D005316,DOID:10763,CC0 1.0,MEDLINE cooccurrence,False
D020324,DOID:2994,CC0 1.0,MEDLINE cooccurrence,False
D005262,DOID:10283,CC0 1.0,MEDLINE cooccurrence,False
D059390,DOID:1324,CC0 1.0,MEDLINE cooccurrence,False
D019575,DOID:3565,CC0 1.0,MEDLINE cooccurrence,False
D003248,DOID:418,CC0 1.0,MEDLINE cooccurrence,False
D050177,DOID:216,CC0 1.0,MEDLINE cooccurrence,False
D019547,DOID:8893,CC0 1.0,MEDLINE cooccurrence,False
D010468,DOID:14330,CC0 1.0,MEDLINE cooccurrence,False
D020181,DOID:8986,CC0 1.0,MEDLINE cooccurrence,False
D003085,DOID:263,CC0 1.0,MEDLINE cooccurrence,False
D006942,DOID:7148,CC0 1.0,MEDLINE cooccurrence,False
D010264,DOID:184,CC0 1.0,MEDLINE cooccurrence,False
D004433,DOID:11934,CC0 1.0,MEDLINE cooccurrence,False
D010146,DOID:11476,CC0 1.0,MEDLINE cooccurrence,False
D020240,DOID:10652,CC0 1.0,MEDLINE cooccurrence,False
D002637,DOID:7693,CC0 1.0,MEDLINE cooccurrence,False
D009755,DOID:10871,CC0 1.0,MEDLINE cooccurrence,False
D020181,DOID:0060119,CC0 1.0,MEDLINE cooccurrence,False
D000006,DOID:4989,CC0 1.0,MEDLINE cooccurrence,False
D006311,DOID:2998,CC0 1.0,MEDLINE cooccurrence,False
D014103,DOID:2994,CC0 1.0,MEDLINE cooccurrence,False
D015430,DOID:9970,CC0 1.0,MEDLINE cooccurrence,False
D013009,DOID:3312,CC0 1.0,MEDLINE cooccurrence,False
D005158,DOID:12185,CC0 1.0,MEDLINE cooccurrence,False
D015746,DOID:1909,CC0 1.0,MEDLINE cooccurrence,False
D006942,DOID:635,CC0 1.0,MEDLINE cooccurrence,False
D006356,DOID:418,CC0 1.0,MEDLINE cooccurrence,False
D014839,DOID:8778,CC0 1.0,MEDLINE cooccurrence,False
D005158,DOID:1192,CC0 1.0,MEDLINE cooccurrence,False
D010292,DOID:2394,CC0 1.0,MEDLINE cooccurrence,False
D010292,DOID:594,CC0 1.0,MEDLINE cooccurrence,False
D003967,DOID:11054,CC0 1.0,MEDLINE cooccurrence,False
D001835,DOID:10608,CC0 1.0,MEDLINE cooccurrence,False
D013035,DOID:3070,CC0 1.0,MEDLINE cooccurrence,False
D056128,DOID:5041,CC0 1.0,MEDLINE cooccurrence,False
D017288,DOID:6364,CC0 1.0,MEDLINE cooccurrence,False
D001049,DOID:1826,CC0 1.0,MEDLINE cooccurrence,False
D046088,DOID:1192,CC0 1.0,MEDLINE cooccurrence,False
D011782,DOID:3070,CC0 1.0,MEDLINE cooccurrence,False
D010148,DOID:1612,CC0 1.0,MEDLINE cooccurrence,False
D005221,DOID:8893,CC0 1.0,MEDLINE cooccurrence,False
D019462,DOID:12930,CC0 1.0,MEDLINE cooccurrence,False
D011681,DOID:12361,CC0 1.0,MEDLINE cooccurrence,False
D059265,DOID:1793,CC0 1.0,MEDLINE cooccurrence,False
D003221,DOID:1793,CC0 1.0,MEDLINE cooccurrence,False
D019575,DOID:11949,CC0 1.0,MEDLINE cooccurrence,False
D015354,DOID:2174,CC0 1.0,MEDLINE cooccurrence,False
D001247,DOID:5419,CC0 1.0,MEDLINE cooccurrence,False
D003968,DOID:3953,CC0 1.0,MEDLINE cooccurrence,False
D013494,DOID:11949,CC0 1.0,MEDLINE cooccurrence,False
D053201,DOID:14330,CC0 1.0,MEDLINE cooccurrence,False
D005334,DOID:8577,CC0 1.0,MEDLINE cooccurrence,False
D006423,DOID:2998,CC0 1.0,MEDLINE cooccurrence,False
D015430,DOID:0050742,CC0 1.0,MEDLINE cooccurrence,False
D008607,DOID:1094,CC0 1.0,MEDLINE cooccurrence,False
D012148,DOID:1094,CC0 1.0,MEDLINE cooccurrence,False
D020078,DOID:2841,CC0 1.0,MEDLINE cooccurrence,False
D006319,DOID:418,CC0 1.0,MEDLINE cooccurrence,False
D034381,DOID:12306,CC0 1.0,MEDLINE cooccurrence,False
D000855,DOID:2998,CC0 1.0,MEDLINE cooccurrence,False
D020078,DOID:8893,CC0 1.0,MEDLINE cooccurrence,False
D005335,DOID:8577,CC0 1.0,MEDLINE cooccurrence,False
D006396,DOID:10021,CC0 1.0,MEDLINE cooccurrence,False
D012585,DOID:5875,CC0 1.0,MEDLINE cooccurrence,False
D005132,DOID:3070,CC0 1.0,MEDLINE cooccurrence,False
D006423,DOID:1192,CC0 1.0,MEDLINE cooccurrence,False
D009133,DOID:1324,CC0 1.0,MEDLINE cooccurrence,False
D006396,DOID:1793,CC0 1.0,MEDLINE cooccurrence,False
D005183,DOID:10608,CC0 1.0,MEDLINE cooccurrence,False
D004487,DOID:10534,CC0 1.0,MEDLINE cooccurrence,False
D065634,DOID:1192,CC0 1.0,MEDLINE cooccurrence,False
D006212,DOID:10652,CC0 1.0,MEDLINE cooccurrence,False
D015875,DOID:184,CC0 1.0,MEDLINE cooccurrence,False
D017109,DOID:5419,CC0 1.0,MEDLINE cooccurrence,False
D014008,DOID:3310,CC0 1.0,MEDLINE cooccurrence,False
D004415,DOID:1595,CC0 1.0,MEDLINE cooccurrence,False
D006337,DOID:784,CC0 1.0,MEDLINE cooccurrence,False
D003639,DOID:13241,CC0 1.0,MEDLINE cooccurrence,False
D004487,DOID:784,CC0 1.0,MEDLINE cooccurrence,False
D006423,DOID:6364,CC0 1.0,MEDLINE cooccurrence,False
D006930,DOID:8398,CC0 1.0,MEDLINE cooccurrence,False
D004417,DOID:14004,CC0 1.0,MEDLINE cooccurrence,False
D000855,DOID:1909,CC0 1.0,MEDLINE cooccurrence,False
D005335,DOID:1115,CC0 1.0,MEDLINE cooccurrence,False
D003968,DOID:12365,CC0 1.0,MEDLINE cooccurrence,False
D011697,DOID:2531,CC0 1.0,MEDLINE cooccurrence,False
D015746,DOID:2394,CC0 1.0,MEDLINE cooccurrence,False
D059445,DOID:0050742,CC0 1.0,MEDLINE cooccurrence,False
D001416,DOID:7147,CC0 1.0,MEDLINE cooccurrence,False
D003968,DOID:2355,CC0 1.0,MEDLINE cooccurrence,False
D014839,DOID:363,CC0 1.0,MEDLINE cooccurrence,False
D004410,DOID:5419,CC0 1.0,MEDLINE cooccurrence,False
D020447,DOID:1826,CC0 1.0,MEDLINE cooccurrence,False
D020236,DOID:6364,CC0 1.0,MEDLINE cooccurrence,False
D007331,DOID:9744,CC0 1.0,MEDLINE cooccurrence,False
D000647,DOID:10652,CC0 1.0,MEDLINE cooccurrence,False
D004172,DOID:1192,CC0 1.0,MEDLINE cooccurrence,False
D017116,DOID:1595,CC0 1.0,MEDLINE cooccurrence,False
D008607,DOID:12306,CC0 1.0,MEDLINE cooccurrence,False
D014313,DOID:216,CC0 1.0,MEDLINE cooccurrence,False
D005316,DOID:9744,CC0 1.0,MEDLINE cooccurrence,False
D002032,DOID:9970,CC0 1.0,MEDLINE cooccurrence,False
D005183,DOID:3070,CC0 1.0,MEDLINE cooccurrence,False
D004487,DOID:3310,CC0 1.0,MEDLINE cooccurrence,False
D004487,DOID:11555,CC0 1.0,MEDLINE cooccurrence,False
D010243,DOID:1024,CC0 1.0,MEDLINE cooccurrence,False
D014839,DOID:4159,CC0 1.0,MEDLINE cooccurrence,False
D006472,DOID:0060119,CC0 1.0,MEDLINE cooccurrence,False
D006315,DOID:0060119,CC0 1.0,MEDLINE cooccurrence,False
D012166,DOID:4989,CC0 1.0,MEDLINE cooccurrence,False
D015431,DOID:11612,CC0 1.0,MEDLINE cooccurrence,False
D046088,DOID:1319,CC0 1.0,MEDLINE cooccurrence,False
D001835,DOID:784,CC0 1.0,MEDLINE cooccurrence,False
D011602,DOID:1595,CC0 1.0,MEDLINE cooccurrence,False
D053565,DOID:11476,CC0 1.0,MEDLINE cooccurrence,False
D018980,DOID:12849,CC0 1.0,MEDLINE cooccurrence,False
D010264,DOID:11476,CC0 1.0,MEDLINE cooccurrence,False
D006987,DOID:1612,CC0 1.0,MEDLINE cooccurrence,False
D001416,DOID:1595,CC0 1.0,MEDLINE cooccurrence,False
D063766,DOID:14221,CC0 1.0,MEDLINE cooccurrence,False
D007088,DOID:14330,CC0 1.0,MEDLINE cooccurrence,False
D001259,DOID:11949,CC0 1.0,MEDLINE cooccurrence,False
D005262,DOID:2394,CC0 1.0,MEDLINE cooccurrence,False
D018589,DOID:10534,CC0 1.0,MEDLINE cooccurrence,False
D015325,DOID:1826,CC0 1.0,MEDLINE cooccurrence,False
D018886,DOID:1319,CC0 1.0,MEDLINE cooccurrence,False
D016553,DOID:2531,CC0 1.0,MEDLINE cooccurrence,False
D006606,DOID:10941,CC0 1.0,MEDLINE cooccurrence,False
D004487,DOID:2355,CC0 1.0,MEDLINE cooccurrence,False
D013342,DOID:11119,CC0 1.0,MEDLINE cooccurrence,False
D010243,DOID:2377,CC0 1.0,MEDLINE cooccurrence,False
D005334,DOID:13189,CC0 1.0,MEDLINE cooccurrence,False
D020184,DOID:1826,CC0 1.0,MEDLINE cooccurrence,False
D003967,DOID:363,CC0 1.0,MEDLINE cooccurrence,False
D005157,DOID:6364,CC0 1.0,MEDLINE cooccurrence,False
D003248,DOID:5875,CC0 1.0,MEDLINE cooccurrence,False
D010146,DOID:8398,CC0 1.0,MEDLINE cooccurrence,False
D001416,DOID:263,CC0 1.0,MEDLINE cooccurrence,False
D000006,DOID:8778,CC0 1.0,MEDLINE cooccurrence,False
D006429,DOID:3070,CC0 1.0,MEDLINE cooccurrence,False
D000860,DOID:0050156,CC0 1.0,MEDLINE cooccurrence,False
D002100,DOID:263,CC0 1.0,MEDLINE cooccurrence,False
D007024,DOID:14330,CC0 1.0,MEDLINE cooccurrence,False
D003117,DOID:9835,CC0 1.0,MEDLINE cooccurrence,False
D009325,DOID:10534,CC0 1.0,MEDLINE cooccurrence,False
D020238,DOID:10652,CC0 1.0,MEDLINE cooccurrence,False
D014839,DOID:1725,CC0 1.0,MEDLINE cooccurrence,False
D014823,DOID:9835,CC0 1.0,MEDLINE cooccurrence,False
D053201,DOID:2377,CC0 1.0,MEDLINE cooccurrence,False
D053565,DOID:585,CC0 1.0,MEDLINE cooccurrence,False
D009122,DOID:14330,CC0 1.0,MEDLINE cooccurrence,False
D009846,DOID:784,CC0 1.0,MEDLINE cooccurrence,False
D000647,DOID:1319,CC0 1.0,MEDLINE cooccurrence,False
D002100,DOID:784,CC0 1.0,MEDLINE cooccurrence,False
D010146,DOID:11934,CC0 1.0,MEDLINE cooccurrence,False
D009325,DOID:2994,CC0 1.0,MEDLINE cooccurrence,False
D004487,DOID:4159,CC0 1.0,MEDLINE cooccurrence,False
D012877,DOID:7148,CC0 1.0,MEDLINE cooccurrence,False
D055154,DOID:1781,CC0 1.0,MEDLINE cooccurrence,False
D020236,DOID:1826,CC0 1.0,MEDLINE cooccurrence,False
D009437,DOID:2994,CC0 1.0,MEDLINE cooccurrence,False
D009325,DOID:363,CC0 1.0,MEDLINE cooccurrence,False
D004417,DOID:0060119,CC0 1.0,MEDLINE cooccurrence,False
D004417,DOID:175,CC0 1.0,MEDLINE cooccurrence,False
D000370,DOID:2377,CC0 1.0,MEDLINE cooccurrence,False
D002303,DOID:3953,CC0 1.0,MEDLINE cooccurrence,False
D003638,DOID:12306,CC0 1.0,MEDLINE cooccurrence,False
D004172,DOID:1319,CC0 1.0,MEDLINE cooccurrence,False
D001037,DOID:3565,CC0 1.0,MEDLINE cooccurrence,False
D059350,DOID:4989,CC0 1.0,MEDLINE cooccurrence,False
D001259,DOID:1459,CC0 1.0,MEDLINE cooccurrence,False
D001247,DOID:263,CC0 1.0,MEDLINE cooccurrence,False
D010149,DOID:9296,CC0 1.0,MEDLINE cooccurrence,False
D000006,DOID:363,CC0 1.0,MEDLINE cooccurrence,False
D014549,DOID:119,CC0 1.0,MEDLINE cooccurrence,False
D012148,DOID:784,CC0 1.0,MEDLINE cooccurrence,False
D010146,DOID:9008,CC0 1.0,MEDLINE cooccurrence,False
D003693,DOID:5419,CC0 1.0,MEDLINE cooccurrence,False
D010146,DOID:5612,CC0 1.0,MEDLINE cooccurrence,False
D004401,DOID:14330,CC0 1.0,MEDLINE cooccurrence,False
D006987,DOID:11555,CC0 1.0,MEDLINE cooccurrence,False
D046088,DOID:2994,CC0 1.0,MEDLINE cooccurrence,False
D014770,DOID:5875,CC0 1.0,MEDLINE cooccurrence,False
D000855,DOID:2531,CC0 1.0,MEDLINE cooccurrence,False
D018458,DOID:1595,CC0 1.0,MEDLINE cooccurrence,False
D007859,DOID:12849,CC0 1.0,MEDLINE cooccurrence,False
D001308,DOID:12849,CC0 1.0,MEDLINE cooccurrence,False
D009128,DOID:2377,CC0 1.0,MEDLINE cooccurrence,False
D013746,DOID:8778,CC0 1.0,MEDLINE cooccurrence,False
D041781,DOID:1115,CC0 1.0,MEDLINE cooccurrence,False
D055948,DOID:11476,CC0 1.0,MEDLINE cooccurrence,False
D014103,DOID:9835,CC0 1.0,MEDLINE cooccurrence,False
D001724,DOID:12365,CC0 1.0,MEDLINE cooccurrence,False
D006732,DOID:1781,CC0 1.0,MEDLINE cooccurrence,False
D004244,DOID:1319,CC0 1.0,MEDLINE cooccurrence,False
D014826,DOID:1781,CC0 1.0,MEDLINE cooccurrence,False
D006942,DOID:2043,CC0 1.0,MEDLINE cooccurrence,False
D018589,DOID:13499,CC0 1.0,MEDLINE cooccurrence,False
D053159,DOID:11615,CC0 1.0,MEDLINE cooccurrence,False
D003085,DOID:2994,CC0 1.0,MEDLINE cooccurrence,False
D014839,DOID:3565,CC0 1.0,MEDLINE cooccurrence,False
D001766,DOID:12361,CC0 1.0,MEDLINE cooccurrence,False
D014313,DOID:7147,CC0 1.0,MEDLINE cooccurrence,False
D001835,DOID:1459,CC0 1.0,MEDLINE cooccurrence,False
D020233,DOID:11949,CC0 1.0,MEDLINE cooccurrence,False
D003967,DOID:418,CC0 1.0,MEDLINE cooccurrence,False
D012021,DOID:1319,CC0 1.0,MEDLINE cooccurrence,False
D013064,DOID:12849,CC0 1.0,MEDLINE cooccurrence,False
D020886,DOID:594,CC0 1.0,MEDLINE cooccurrence,False
D011694,DOID:8577,CC0 1.0,MEDLINE cooccurrence,False
D006314,DOID:1192,CC0 1.0,MEDLINE cooccurrence,False
D007859,DOID:10652,CC0 1.0,MEDLINE cooccurrence,False
D063766,DOID:9970,CC0 1.0,MEDLINE cooccurrence,False
D007024,DOID:10763,CC0 1.0,MEDLINE cooccurrence,False
D006319,DOID:2355,CC0 1.0,MEDLINE cooccurrence,False
D012585,DOID:4045,CC0 1.0,MEDLINE cooccurrence,False
D065634,DOID:11934,CC0 1.0,MEDLINE cooccurrence,False
D020234,DOID:5612,CC0 1.0,MEDLINE cooccurrence,False
D002558,DOID:2994,CC0 1.0,MEDLINE cooccurrence,False
D004411,DOID:3565,CC0 1.0,MEDLINE cooccurrence,False
D005320,DOID:11714,CC0 1.0,MEDLINE cooccurrence,False
D007805,DOID:9296,CC0 1.0,MEDLINE cooccurrence,False
D020795,DOID:1686,CC0 1.0,MEDLINE cooccurrence,False
D014770,DOID:11612,CC0 1.0,MEDLINE cooccurrence,False
D005132,DOID:11934,CC0 1.0,MEDLINE cooccurrence,False
D007565,DOID:13378,CC0 1.0,MEDLINE cooccurrence,False
D000377,DOID:1319,CC0 1.0,MEDLINE cooccurrence,False
D000855,DOID:11934,CC0 1.0,MEDLINE cooccurrence,False
D014717,DOID:3565,CC0 1.0,MEDLINE cooccurrence,False
D000860,DOID:219,CC0 1.0,MEDLINE cooccurrence,False
D004487,DOID:2596,CC0 1.0,MEDLINE cooccurrence,False
D005334,DOID:635,CC0 1.0,MEDLINE cooccurrence,False
D059411,DOID:2377,CC0 1.0,MEDLINE cooccurrence,False
D020233,DOID:8398,CC0 1.0,MEDLINE cooccurrence,False
D010146,DOID:10283,CC0 1.0,MEDLINE cooccurrence,False
D006313,DOID:2377,CC0 1.0,MEDLINE cooccurrence,False
D011538,DOID:1993,CC0 1.0,MEDLINE cooccurrence,False
D006469,DOID:1324,CC0 1.0,MEDLINE cooccurrence,False
D019584,DOID:11476,CC0 1.0,MEDLINE cooccurrence,False
D007040,DOID:2994,CC0 1.0,MEDLINE cooccurrence,False
D014840,DOID:3571,CC0 1.0,MEDLINE cooccurrence,False
D006985,DOID:3070,CC0 1.0,MEDLINE cooccurrence,False
D006685,DOID:11920,CC0 1.0,MEDLINE cooccurrence,False
D002832,DOID:2174,CC0 1.0,MEDLINE cooccurrence,False
D014098,DOID:824,CC0 1.0,MEDLINE cooccurrence,False
D001259,DOID:10608,CC0 1.0,MEDLINE cooccurrence,False
D010591,DOID:1192,CC0 1.0,MEDLINE cooccurrence,False
D004172,DOID:3070,CC0 1.0,MEDLINE cooccurrence,False
D011539,DOID:8893,CC0 1.0,MEDLINE cooccurrence,False
D014012,DOID:0060119,CC0 1.0,MEDLINE cooccurrence,False
D000425,DOID:0050741,CC0 1.0,MEDLINE cooccurrence,False
D004438,DOID:9074,CC0 1.0,MEDLINE cooccurrence,False
D001766,DOID:3070,CC0 1.0,MEDLINE cooccurrence,False
D001926,DOID:12930,CC0 1.0,MEDLINE cooccurrence,False
D011595,DOID:5419,CC0 1.0,MEDLINE cooccurrence,False
D001041,DOID:5419,CC0 1.0,MEDLINE cooccurrence,False
D007859,DOID:1826,CC0 1.0,MEDLINE cooccurrence,False
D015160,DOID:5559,CC0 1.0,MEDLINE cooccurrence,False
D014786,DOID:2377,CC0 1.0,MEDLINE cooccurrence,False
D006319,DOID:7148,CC0 1.0,MEDLINE cooccurrence,False
D006209,DOID:11934,CC0 1.0,MEDLINE cooccurrence,False
D006469,DOID:9074,CC0 1.0,MEDLINE cooccurrence,False
D007040,DOID:2841,CC0 1.0,MEDLINE cooccurrence,False
D009325,DOID:3070,CC0 1.0,MEDLINE cooccurrence,False
D011693,DOID:175,CC0 1.0,MEDLINE cooccurrence,False
D021501,DOID:7693,CC0 1.0,MEDLINE cooccurrence,False
D019588,DOID:11476,CC0 1.0,MEDLINE cooccurrence,False
D001184,DOID:9296,CC0 1.0,MEDLINE cooccurrence,False
D005334,DOID:2531,CC0 1.0,MEDLINE cooccurrence,False
D034381,DOID:1192,CC0 1.0,MEDLINE cooccurrence,False
D002819,DOID:9074,CC0 1.0,MEDLINE cooccurrence,False
D010149,DOID:11054,CC0 1.0,MEDLINE cooccurrence,False
D003967,DOID:2994,CC0 1.0,MEDLINE cooccurrence,False
D013342,DOID:5419,CC0 1.0,MEDLINE cooccurrence,False
D002819,DOID:1459,CC0 1.0,MEDLINE cooccurrence,False
D015877,DOID:6364,CC0 1.0,MEDLINE cooccurrence,False
D006313,DOID:3565,CC0 1.0,MEDLINE cooccurrence,False
D001259,DOID:3565,CC0 1.0,MEDLINE cooccurrence,False
D007035,DOID:0050741,CC0 1.0,MEDLINE cooccurrence,False
D000855,DOID:219,CC0 1.0,MEDLINE cooccurrence,False
D018771,DOID:9008,CC0 1.0,MEDLINE cooccurrence,False
D005862,DOID:1319,CC0 1.0,MEDLINE cooccurrence,False
D006816,DOID:11119,CC0 1.0,MEDLINE cooccurrence,False
D006311,DOID:1192,CC0 1.0,MEDLINE cooccurrence,False
D001260,DOID:3277,CC0 1.0,MEDLINE cooccurrence,False
D003128,DOID:1319,CC0 1.0,MEDLINE cooccurrence,False
D009133,DOID:11476,CC0 1.0,MEDLINE cooccurrence,False
D006311,DOID:1319,CC0 1.0,MEDLINE cooccurrence,False
D065634,DOID:184,CC0 1.0,MEDLINE cooccurrence,False
D012021,DOID:1459,CC0 1.0,MEDLINE cooccurrence,False
D041781,DOID:4045,CC0 1.0,MEDLINE cooccurrence,False
D004314,DOID:14268,CC0 1.0,MEDLINE cooccurrence,False
D004487,DOID:4045,CC0 1.0,MEDLINE cooccurrence,False
D003490,DOID:418,CC0 1.0,MEDLINE cooccurrence,False
D012607,DOID:1909,CC0 1.0,MEDLINE cooccurrence,False
D001835,DOID:9744,CC0 1.0,MEDLINE cooccurrence,False
D005157,DOID:7148,CC0 1.0,MEDLINE cooccurrence,False
D014008,DOID:2994,CC0 1.0,MEDLINE cooccurrence,False
D003085,DOID:585,CC0 1.0,MEDLINE cooccurrence,False
D020447,DOID:8986,CC0 1.0,MEDLINE cooccurrence,False
D006423,DOID:11949,CC0 1.0,MEDLINE cooccurrence,False
D005600,DOID:12849,CC0 1.0,MEDLINE cooccurrence,False
D006396,DOID:3571,CC0 1.0,MEDLINE cooccurrence,False
D007319,DOID:3312,CC0 1.0,MEDLINE cooccurrence,False
D054058,DOID:14221,CC0 1.0,MEDLINE cooccurrence,False
D010148,DOID:1793,CC0 1.0,MEDLINE cooccurrence,False
D010591,DOID:14330,CC0 1.0,MEDLINE cooccurrence,False
D012913,DOID:4481,CC0 1.0,MEDLINE cooccurrence,False
D006685,DOID:1324,CC0 1.0,MEDLINE cooccurrence,False
D020178,DOID:1094,CC0 1.0,MEDLINE cooccurrence,False
D020324,DOID:10941,CC0 1.0,MEDLINE cooccurrence,False
D004421,DOID:5419,CC0 1.0,MEDLINE cooccurrence,False
D010292,DOID:332,CC0 1.0,MEDLINE cooccurrence,False
D004487,DOID:4481,CC0 1.0,MEDLINE cooccurrence,False
D011782,DOID:2994,CC0 1.0,MEDLINE cooccurrence,False
D034381,DOID:3565,CC0 1.0,MEDLINE cooccurrence,False
D046089,DOID:12185,CC0 1.0,MEDLINE cooccurrence,False
D005262,DOID:3571,CC0 1.0,MEDLINE cooccurrence,False
D014012,DOID:11934,CC0 1.0,MEDLINE cooccurrence,False
D014929,DOID:9744,CC0 1.0,MEDLINE cooccurrence,False
D005207,DOID:332,CC0 1.0,MEDLINE cooccurrence,False
D013064,DOID:9296,CC0 1.0,MEDLINE cooccurrence,False
D001750,DOID:14330,CC0 1.0,MEDLINE cooccurrence,False
D009123,DOID:1826,CC0 1.0,MEDLINE cooccurrence,False
D005221,DOID:9074,CC0 1.0,MEDLINE cooccurrence,False
D004433,DOID:1324,CC0 1.0,MEDLINE cooccurrence,False
D058447,DOID:184,CC0 1.0,MEDLINE cooccurrence,False
D006423,DOID:3070,CC0 1.0,MEDLINE cooccurrence,False
D020179,DOID:12365,CC0 1.0,MEDLINE cooccurrence,False
D053159,DOID:1115,CC0 1.0,MEDLINE cooccurrence,False
D010591,DOID:184,CC0 1.0,MEDLINE cooccurrence,False
D020078,DOID:4989,CC0 1.0,MEDLINE cooccurrence,False
D005132,DOID:7148,CC0 1.0,MEDLINE cooccurrence,False
D006456,DOID:12365,CC0 1.0,MEDLINE cooccurrence,False
D006319,DOID:12185,CC0 1.0,MEDLINE cooccurrence,False
D010149,DOID:1781,CC0 1.0,MEDLINE cooccurrence,False
D001724,DOID:824,CC0 1.0,MEDLINE cooccurrence,False
D009461,DOID:1459,CC0 1.0,MEDLINE cooccurrence,False
D000006,DOID:2998,CC0 1.0,MEDLINE cooccurrence,False
D001247,DOID:0050741,CC0 1.0,MEDLINE cooccurrence,False
D001835,DOID:5041,CC0 1.0,MEDLINE cooccurrence,False
D011537,DOID:12365,CC0 1.0,MEDLINE cooccurrence,False
D010292,DOID:11934,CC0 1.0,MEDLINE cooccurrence,False
D003244,DOID:6364,CC0 1.0,MEDLINE cooccurrence,False
D003248,DOID:10608,CC0 1.0,MEDLINE cooccurrence,False
D004409,DOID:11119,CC0 1.0,MEDLINE cooccurrence,False
D000855,DOID:1793,CC0 1.0,MEDLINE cooccurrence,False
D014549,DOID:14330,CC0 1.0,MEDLINE cooccurrence,False
D020795,DOID:10871,CC0 1.0,MEDLINE cooccurrence,False
D006212,DOID:3312,CC0 1.0,MEDLINE cooccurrence,False
D000270,DOID:6364,CC0 1.0,MEDLINE cooccurrence,False
D006316,DOID:2998,CC0 1.0,MEDLINE cooccurrence,False
D000857,DOID:10652,CC0 1.0,MEDLINE cooccurrence,False
D014550,DOID:363,CC0 1.0,MEDLINE cooccurrence,False
D001416,DOID:1192,CC0 1.0,MEDLINE cooccurrence,False
D020385,DOID:11934,CC0 1.0,MEDLINE cooccurrence,False
D011696,DOID:3277,CC0 1.0,MEDLINE cooccurrence,False
D004417,DOID:2841,CC0 1.0,MEDLINE cooccurrence,False
D055665,DOID:12365,CC0 1.0,MEDLINE cooccurrence,False
D002032,DOID:0050741,CC0 1.0,MEDLINE cooccurrence,False
D006987,DOID:184,CC0 1.0,MEDLINE cooccurrence,False
D005884,DOID:9296,CC0 1.0,MEDLINE cooccurrence,False
D017116,DOID:3565,CC0 1.0,MEDLINE cooccurrence,False
D006316,DOID:2377,CC0 1.0,MEDLINE cooccurrence,False
D004417,DOID:1324,CC0 1.0,MEDLINE cooccurrence,False
D014839,DOID:11239,CC0 1.0,MEDLINE cooccurrence,False
D008569,DOID:11949,CC0 1.0,MEDLINE cooccurrence,False
D006212,DOID:0050741,CC0 1.0,MEDLINE cooccurrence,False
D009325,DOID:1793,CC0 1.0,MEDLINE cooccurrence,False
D006987,DOID:7147,CC0 1.0,MEDLINE cooccurrence,False
D006261,DOID:3070,CC0 1.0,MEDLINE cooccurrence,False
D018908,DOID:3565,CC0 1.0,MEDLINE cooccurrence,False
D000860,DOID:2994,CC0 1.0,MEDLINE cooccurrence,False
D020886,DOID:6364,CC0 1.0,MEDLINE cooccurrence,False
D015746,DOID:10534,CC0 1.0,MEDLINE cooccurrence,False
D011537,DOID:986,CC0 1.0,MEDLINE cooccurrence,False
D018771,DOID:8893,CC0 1.0,MEDLINE cooccurrence,False
D014549,DOID:4045,CC0 1.0,MEDLINE cooccurrence,False
D005221,DOID:12236,CC0 1.0,MEDLINE cooccurrence,False
D006970,DOID:1595,CC0 1.0,MEDLINE cooccurrence,False
D013342,DOID:9296,CC0 1.0,MEDLINE cooccurrence,False
D014012,DOID:1319,CC0 1.0,MEDLINE cooccurrence,False
D009903,DOID:5419,CC0 1.0,MEDLINE cooccurrence,False
D008998,DOID:2531,CC0 1.0,MEDLINE cooccurrence,False
D004244,DOID:7147,CC0 1.0,MEDLINE cooccurrence,False
D005132,DOID:1686,CC0 1.0,MEDLINE cooccurrence,False
D007040,DOID:9970,CC0 1.0,MEDLINE cooccurrence,False
D016857,DOID:2841,CC0 1.0,MEDLINE cooccurrence,False
D020181,DOID:3083,CC0 1.0,MEDLINE cooccurrence,False
D010591,DOID:0050425,CC0 1.0,MEDLINE cooccurrence,False
D001416,DOID:1793,CC0 1.0,MEDLINE cooccurrence,False
D050177,DOID:11714,CC0 1.0,MEDLINE cooccurrence,False
D004411,DOID:2377,CC0 1.0,MEDLINE cooccurrence,False
D012585,DOID:184,CC0 1.0,MEDLINE cooccurrence,False
D006942,DOID:3310,CC0 1.0,MEDLINE cooccurrence,False
D014717,DOID:594,CC0 1.0,MEDLINE cooccurrence,False
D004401,DOID:1319,CC0 1.0,MEDLINE cooccurrence,False
D011537,DOID:3310,CC0 1.0,MEDLINE cooccurrence,False
D018437,DOID:184,CC0 1.0,MEDLINE cooccurrence,False
D002559,DOID:0060119,CC0 1.0,MEDLINE cooccurrence,False
D021501,DOID:5875,CC0 1.0,MEDLINE cooccurrence,False
D010292,DOID:418,CC0 1.0,MEDLINE cooccurrence,False
D010146,DOID:6364,CC0 1.0,MEDLINE cooccurrence,False
D016553,DOID:8778,CC0 1.0,MEDLINE cooccurrence,False
D003635,DOID:9206,CC0 1.0,MEDLINE cooccurrence,False
D012607,DOID:2377,CC0 1.0,MEDLINE cooccurrence,False
D018771,DOID:184,CC0 1.0,MEDLINE cooccurrence,False
D018908,DOID:1192,CC0 1.0,MEDLINE cooccurrence,False
D014103,DOID:6364,CC0 1.0,MEDLINE cooccurrence,False
D009767,DOID:9970,CC0 1.0,MEDLINE cooccurrence,False
D005222,DOID:1612,CC0 1.0,MEDLINE cooccurrence,False
D053578,DOID:1324,CC0 1.0,MEDLINE cooccurrence,False
D005221,DOID:14268,CC0 1.0,MEDLINE cooccurrence,False
D006319,DOID:9074,CC0 1.0,MEDLINE cooccurrence,False
D005320,DOID:9744,CC0 1.0,MEDLINE cooccurrence,False
D015354,DOID:10871,CC0 1.0,MEDLINE cooccurrence,False
D009325,DOID:5041,CC0 1.0,MEDLINE cooccurrence,False
D056128,DOID:11612,CC0 1.0,MEDLINE cooccurrence,False
D010149,DOID:585,CC0 1.0,MEDLINE cooccurrence,False
D007565,DOID:0050741,CC0 1.0,MEDLINE cooccurrence,False
D020335,DOID:1192,CC0 1.0,MEDLINE cooccurrence,False
D020078,DOID:3310,CC0 1.0,MEDLINE cooccurrence,False
D011693,DOID:3571,CC0 1.0,MEDLINE cooccurrence,False
D018908,DOID:1319,CC0 1.0,MEDLINE cooccurrence,False
D020178,DOID:3312,CC0 1.0,MEDLINE cooccurrence,False
D000857,DOID:11934,CC0 1.0,MEDLINE cooccurrence,False
D002032,DOID:1595,CC0 1.0,MEDLINE cooccurrence,False
D002832,DOID:9835,CC0 1.0,MEDLINE cooccurrence,False
D005221,DOID:10283,CC0 1.0,MEDLINE cooccurrence,False
D017288,DOID:8398,CC0 1.0,MEDLINE cooccurrence,False
D001766,DOID:0060119,CC0 1.0,MEDLINE cooccurrence,False
D000787,DOID:3393,CC0 1.0,MEDLINE cooccurrence,False
D015354,DOID:2377,CC0 1.0,MEDLINE cooccurrence,False
D000788,DOID:6364,CC0 1.0,MEDLINE cooccurrence,False
D002637,DOID:3277,CC0 1.0,MEDLINE cooccurrence,False
D002819,DOID:2377,CC0 1.0,MEDLINE cooccurrence,False
D009886,DOID:10941,CC0 1.0,MEDLINE cooccurrence,False
D015746,DOID:263,CC0 1.0,MEDLINE cooccurrence,False
D014786,DOID:6364,CC0 1.0,MEDLINE cooccurrence,False
D009058,DOID:2841,CC0 1.0,MEDLINE cooccurrence,False
D006948,DOID:5419,CC0 1.0,MEDLINE cooccurrence,False
D008580,DOID:10941,CC0 1.0,MEDLINE cooccurrence,False
D012166,DOID:1686,CC0 1.0,MEDLINE cooccurrence,False
D001416,DOID:11476,CC0 1.0,MEDLINE cooccurrence,False
D008998,DOID:3277,CC0 1.0,MEDLINE cooccurrence,False
D009461,DOID:12365,CC0 1.0,MEDLINE cooccurrence,False
D014550,DOID:119,CC0 1.0,MEDLINE cooccurrence,False
D059787,DOID:8398,CC0 1.0,MEDLINE cooccurrence,False
D001724,DOID:11714,CC0 1.0,MEDLINE cooccurrence,False
D003638,DOID:0060119,CC0 1.0,MEDLINE cooccurrence,False
D006987,DOID:5612,CC0 1.0,MEDLINE cooccurrence,False
D003639,DOID:1192,CC0 1.0,MEDLINE cooccurrence,False
D014839,DOID:263,CC0 1.0,MEDLINE cooccurrence,False
D054221,DOID:1826,CC0 1.0,MEDLINE cooccurrence,False
D005316,DOID:2355,CC0 1.0,MEDLINE cooccurrence,False
D014839,DOID:119,CC0 1.0,MEDLINE cooccurrence,False
D019547,DOID:7147,CC0 1.0,MEDLINE cooccurrence,False
D010264,DOID:5408,CC0 1.0,MEDLINE cooccurrence,False
D014786,DOID:3565,CC0 1.0,MEDLINE cooccurrence,False
D006685,DOID:1781,CC0 1.0,MEDLINE cooccurrence,False
D001184,DOID:0060119,CC0 1.0,MEDLINE cooccurrence,False
D003248,DOID:219,CC0 1.0,MEDLINE cooccurrence,False
D012135,DOID:11920,CC0 1.0,MEDLINE cooccurrence,False
D009912,DOID:1459,CC0 1.0,MEDLINE cooccurrence,False
D012877,DOID:3310,CC0 1.0,MEDLINE cooccurrence,False
D014717,DOID:7147,CC0 1.0,MEDLINE cooccurrence,False
D004688,DOID:1094,CC0 1.0,MEDLINE cooccurrence,False
D001766,DOID:10941,CC0 1.0,MEDLINE cooccurrence,False
D011693,DOID:418,CC0 1.0,MEDLINE cooccurrence,False
D006429,DOID:13241,CC0 1.0,MEDLINE cooccurrence,False
D038901,DOID:2355,CC0 1.0,MEDLINE cooccurrence,False
D001247,DOID:1725,CC0 1.0,MEDLINE cooccurrence,False
D009461,DOID:332,CC0 1.0,MEDLINE cooccurrence,False
D001039,DOID:2994,CC0 1.0,MEDLINE cooccurrence,False
D005221,DOID:1324,CC0 1.0,MEDLINE cooccurrence,False
D053608,DOID:3312,CC0 1.0,MEDLINE cooccurrence,False
D005483,DOID:10153,CC0 1.0,MEDLINE cooccurrence,False
D012001,DOID:1192,CC0 1.0,MEDLINE cooccurrence,False
D014549,DOID:10283,CC0 1.0,MEDLINE cooccurrence,False
D012913,DOID:0050425,CC0 1.0,MEDLINE cooccurrence,False
D000647,DOID:1826,CC0 1.0,MEDLINE cooccurrence,False
D010292,DOID:184,CC0 1.0,MEDLINE cooccurrence,False
D059606,DOID:9744,CC0 1.0,MEDLINE cooccurrence,False
D020795,DOID:6364,CC0 1.0,MEDLINE cooccurrence,False
D005132,DOID:1024,CC0 1.0,MEDLINE cooccurrence,False
D012891,DOID:1094,CC0 1.0,MEDLINE cooccurrence,False
D003371,DOID:5559,CC0 1.0,MEDLINE cooccurrence,False
D005335,DOID:635,CC0 1.0,MEDLINE cooccurrence,False
D013651,DOID:0060119,CC0 1.0,MEDLINE cooccurrence,False
D012893,DOID:11119,CC0 1.0,MEDLINE cooccurrence,False
D014103,DOID:11119,CC0 1.0,MEDLINE cooccurrence,False
D010264,DOID:10283,CC0 1.0,MEDLINE cooccurrence,False
D000855,DOID:1790,CC0 1.0,MEDLINE cooccurrence,False
D001750,DOID:5875,CC0 1.0,MEDLINE cooccurrence,False
D006319,DOID:9744,CC0 1.0,MEDLINE cooccurrence,False
D019569,DOID:11949,CC0 1.0,MEDLINE cooccurrence,False
D008569,DOID:0050741,CC0 1.0,MEDLINE cooccurrence,False
D055948,DOID:14221,CC0 1.0,MEDLINE cooccurrence,False
D010148,DOID:5612,CC0 1.0,MEDLINE cooccurrence,False
D005157,DOID:10941,CC0 1.0,MEDLINE cooccurrence,False
D015160,DOID:2355,CC0 1.0,MEDLINE cooccurrence,False
D014832,DOID:2841,CC0 1.0,MEDLINE cooccurrence,False
D000855,DOID:5041,CC0 1.0,MEDLINE cooccurrence,False
D005157,DOID:11934,CC0 1.0,MEDLINE cooccurrence,False
D011507,DOID:9352,CC0 1.0,MEDLINE cooccurrence,False
D014549,DOID:3565,CC0 1.0,MEDLINE cooccurrence,False
D019547,DOID:3070,CC0 1.0,MEDLINE cooccurrence,False
D014786,DOID:11949,CC0 1.0,MEDLINE cooccurrence,False
D065634,DOID:1319,CC0 1.0,MEDLINE cooccurrence,False
D013746,DOID:986,CC0 1.0,MEDLINE cooccurrence,False
D006732,DOID:2994,CC0 1.0,MEDLINE cooccurrence,False
D062706,DOID:7148,CC0 1.0,MEDLINE cooccurrence,False
D010292,DOID:3565,CC0 1.0,MEDLINE cooccurrence,False
D008607,DOID:11119,CC0 1.0,MEDLINE cooccurrence,False
D008569,DOID:2377,CC0 1.0,MEDLINE cooccurrence,False
D001260,DOID:3070,CC0 1.0,MEDLINE cooccurrence,False
D012893,DOID:1094,CC0 1.0,MEDLINE cooccurrence,False
D009912,DOID:9074,CC0 1.0,MEDLINE cooccurrence,False
D020754,DOID:10871,CC0 1.0,MEDLINE cooccurrence,False
D000788,DOID:3393,CC0 1.0,MEDLINE cooccurrence,False
D003638,DOID:5408,CC0 1.0,MEDLINE cooccurrence,False
D014549,DOID:2377,CC0 1.0,MEDLINE cooccurrence,False
D014717,DOID:5408,CC0 1.0,MEDLINE cooccurrence,False
D001416,DOID:175,CC0 1.0,MEDLINE cooccurrence,False
D011537,DOID:418,CC0 1.0,MEDLINE cooccurrence,False
D018908,DOID:1324,CC0 1.0,MEDLINE cooccurrence,False
D020233,DOID:3070,CC0 1.0,MEDLINE cooccurrence,False
D004415,DOID:11934,CC0 1.0,MEDLINE cooccurrence,False
D020919,DOID:1826,CC0 1.0,MEDLINE cooccurrence,False
D005158,DOID:2377,CC0 1.0,MEDLINE cooccurrence,False
D017116,DOID:263,CC0 1.0,MEDLINE cooccurrence,False
D016534,DOID:2355,CC0 1.0,MEDLINE cooccurrence,False
D003371,DOID:11934,CC0 1.0,MEDLINE cooccurrence,False
D009207,DOID:11949,CC0 1.0,MEDLINE cooccurrence,False
D001724,DOID:2841,CC0 1.0,MEDLINE cooccurrence,False
D004614,DOID:2355,CC0 1.0,MEDLINE cooccurrence,False
D000419,DOID:1312,CC0 1.0,MEDLINE cooccurrence,False
D001766,DOID:1319,CC0 1.0,MEDLINE cooccurrence,False
D010292,DOID:1024,CC0 1.0,MEDLINE cooccurrence,False
D009755,DOID:12236,CC0 1.0,MEDLINE cooccurrence,False
D009325,DOID:635,CC0 1.0,MEDLINE cooccurrence,False
D005335,DOID:1790,CC0 1.0,MEDLINE cooccurrence,False
D010149,DOID:3571,CC0 1.0,MEDLINE cooccurrence,False
D001835,DOID:216,CC0 1.0,MEDLINE cooccurrence,False
D002100,DOID:1793,CC0 1.0,MEDLINE cooccurrence,False
D012678,DOID:14330,CC0 1.0,MEDLINE cooccurrence,False
D018908,DOID:8850,CC0 1.0,MEDLINE cooccurrence,False
D019569,DOID:1319,CC0 1.0,MEDLINE cooccurrence,False
D010243,DOID:11934,CC0 1.0,MEDLINE cooccurrence,False
D006732,DOID:5612,CC0 1.0,MEDLINE cooccurrence,False
D006472,DOID:2355,CC0 1.0,MEDLINE cooccurrence,False
D010243,DOID:7147,CC0 1.0,MEDLINE cooccurrence,False
D006935,DOID:594,CC0 1.0,MEDLINE cooccurrence,False
D002100,DOID:3571,CC0 1.0,MEDLINE cooccurrence,False
D014832,DOID:2596,CC0 1.0,MEDLINE cooccurrence,False
D009437,DOID:1024,CC0 1.0,MEDLINE cooccurrence,False
D009461,DOID:13241,CC0 1.0,MEDLINE cooccurrence,False
D001724,DOID:10763,CC0 1.0,MEDLINE cooccurrence,False
D002559,DOID:1319,CC0 1.0,MEDLINE cooccurrence,False
D012877,DOID:4159,CC0 1.0,MEDLINE cooccurrence,False
D041781,DOID:10021,CC0 1.0,MEDLINE cooccurrence,False
D010264,DOID:263,CC0 1.0,MEDLINE cooccurrence,False
D001416,DOID:5559,CC0 1.0,MEDLINE cooccurrence,False
D000006,DOID:1790,CC0 1.0,MEDLINE cooccurrence,False
D005334,DOID:11054,CC0 1.0,MEDLINE cooccurrence,False
D012415,DOID:1686,CC0 1.0,MEDLINE cooccurrence,False
D020335,DOID:14004,CC0 1.0,MEDLINE cooccurrence,False
D004417,DOID:3083,CC0 1.0,MEDLINE cooccurrence,False
D003967,DOID:3571,CC0 1.0,MEDLINE cooccurrence,False
D003244,DOID:3565,CC0 1.0,MEDLINE cooccurrence,False
D001049,DOID:11920,CC0 1.0,MEDLINE cooccurrence,False
D006732,DOID:1192,CC0 1.0,MEDLINE cooccurrence,False
D011694,DOID:7148,CC0 1.0,MEDLINE cooccurrence,False
D020233,DOID:3565,CC0 1.0,MEDLINE cooccurrence,False
D002559,DOID:10941,CC0 1.0,MEDLINE cooccurrence,False
D020181,DOID:2841,CC0 1.0,MEDLINE cooccurrence,False
D000326,DOID:2377,CC0 1.0,MEDLINE cooccurrence,False
D006732,DOID:1324,CC0 1.0,MEDLINE cooccurrence,False
D005221,DOID:263,CC0 1.0,MEDLINE cooccurrence,False
D010243,DOID:184,CC0 1.0,MEDLINE cooccurrence,False
D059226,DOID:10283,CC0 1.0,MEDLINE cooccurrence,False
D015746,DOID:3571,CC0 1.0,MEDLINE cooccurrence,False
D015746,DOID:2355,CC0 1.0,MEDLINE cooccurrence,False
D015746,DOID:1725,CC0 1.0,MEDLINE cooccurrence,False
D012678,DOID:1094,CC0 1.0,MEDLINE cooccurrence,False
D010264,DOID:2377,CC0 1.0,MEDLINE cooccurrence,False
D007806,DOID:1319,CC0 1.0,MEDLINE cooccurrence,False
D012135,DOID:5559,CC0 1.0,MEDLINE cooccurrence,False
D013009,DOID:1826,CC0 1.0,MEDLINE cooccurrence,False
D014770,DOID:3953,CC0 1.0,MEDLINE cooccurrence,False
D000855,DOID:10021,CC0 1.0,MEDLINE cooccurrence,False
D008580,DOID:1319,CC0 1.0,MEDLINE cooccurrence,False
D015160,DOID:3571,CC0 1.0,MEDLINE cooccurrence,False
D013651,DOID:784,CC0 1.0,MEDLINE cooccurrence,False
D011602,DOID:1826,CC0 1.0,MEDLINE cooccurrence,False
D001259,DOID:1319,CC0 1.0,MEDLINE cooccurrence,False
D011693,DOID:1115,CC0 1.0,MEDLINE cooccurrence,False
D013064,DOID:5419,CC0 1.0,MEDLINE cooccurrence,False
D011141,DOID:11054,CC0 1.0,MEDLINE cooccurrence,False
D001416,DOID:184,CC0 1.0,MEDLINE cooccurrence,False
D037061,DOID:7148,CC0 1.0,MEDLINE cooccurrence,False
D003490,DOID:2841,CC0 1.0,MEDLINE cooccurrence,False
D020915,DOID:1319,CC0 1.0,MEDLINE cooccurrence,False
D012585,DOID:2994,CC0 1.0,MEDLINE cooccurrence,False
D009461,DOID:418,CC0 1.0,MEDLINE cooccurrence,False
D020187,DOID:0050425,CC0 1.0,MEDLINE cooccurrence,False
D010146,DOID:1612,CC0 1.0,MEDLINE cooccurrence,False
D006396,DOID:4989,CC0 1.0,MEDLINE cooccurrence,False
D012640,DOID:1319,CC0 1.0,MEDLINE cooccurrence,False
D015878,DOID:10941,CC0 1.0,MEDLINE cooccurrence,False
D001184,DOID:14330,CC0 1.0,MEDLINE cooccurrence,False
D008569,DOID:3070,CC0 1.0,MEDLINE cooccurrence,False
D006337,DOID:3277,CC0 1.0,MEDLINE cooccurrence,False
D005132,DOID:12361,CC0 1.0,MEDLINE cooccurrence,False
D015845,DOID:1324,CC0 1.0,MEDLINE cooccurrence,False
D006209,DOID:216,CC0 1.0,MEDLINE cooccurrence,False
D015746,DOID:13499,CC0 1.0,MEDLINE cooccurrence,False
D012585,DOID:3070,CC0 1.0,MEDLINE cooccurrence,False
D010264,DOID:3070,CC0 1.0,MEDLINE cooccurrence,False
D059390,DOID:184,CC0 1.0,MEDLINE cooccurrence,False
D013064,DOID:3312,CC0 1.0,MEDLINE cooccurrence,False
D053578,DOID:2394,CC0 1.0,MEDLINE cooccurrence,False
D001750,DOID:4362,CC0 1.0,MEDLINE cooccurrence,False
D020923,DOID:8986,CC0 1.0,MEDLINE cooccurrence,False
D011141,DOID:10763,CC0 1.0,MEDLINE cooccurrence,False
D005335,DOID:3953,CC0 1.0,MEDLINE cooccurrence,False
D034381,DOID:11934,CC0 1.0,MEDLINE cooccurrence,False
D003371,DOID:635,CC0 1.0,MEDLINE cooccurrence,False
D002558,DOID:11934,CC0 1.0,MEDLINE cooccurrence,False
D010149,DOID:263,CC0 1.0,MEDLINE cooccurrence,False
D012607,DOID:2994,CC0 1.0,MEDLINE cooccurrence,False
D004244,DOID:2994,CC0 1.0,MEDLINE cooccurrence,False
D001184,DOID:1094,CC0 1.0,MEDLINE cooccurrence,False
D009886,DOID:1319,CC0 1.0,MEDLINE cooccurrence,False
D004433,DOID:0060119,CC0 1.0,MEDLINE cooccurrence,False
D000377,DOID:1826,CC0 1.0,MEDLINE cooccurrence,False
D018771,DOID:418,CC0 1.0,MEDLINE cooccurrence,False
D009325,DOID:1319,CC0 1.0,MEDLINE cooccurrence,False
D003371,DOID:332,CC0 1.0,MEDLINE cooccurrence,False
D007319,DOID:594,CC0 1.0,MEDLINE cooccurrence,False
D006685,DOID:1459,CC0 1.0,MEDLINE cooccurrence,False
D010146,DOID:8893,CC0 1.0,MEDLINE cooccurrence,False
D001259,DOID:332,CC0 1.0,MEDLINE cooccurrence,False
D013651,DOID:1192,CC0 1.0,MEDLINE cooccurrence,False
D004487,DOID:2994,CC0 1.0,MEDLINE cooccurrence,False
D012892,DOID:8986,CC0 1.0,MEDLINE cooccurrence,False
D005335,DOID:13241,CC0 1.0,MEDLINE cooccurrence,False
D020069,DOID:8398,CC0 1.0,MEDLINE cooccurrence,False
D000381,DOID:0050741,CC0 1.0,MEDLINE cooccurrence,False
D005335,DOID:12365,CC0 1.0,MEDLINE cooccurrence,False
D014550,DOID:1245,CC0 1.0,MEDLINE cooccurrence,False
D006732,DOID:0060119,CC0 1.0,MEDLINE cooccurrence,False
D000006,DOID:1725,CC0 1.0,MEDLINE cooccurrence,False
D004487,DOID:1024,CC0 1.0,MEDLINE cooccurrence,False
D011602,DOID:4362,CC0 1.0,MEDLINE cooccurrence,False
D002375,DOID:11119,CC0 1.0,MEDLINE cooccurrence,False
D012135,DOID:2596,CC0 1.0,MEDLINE cooccurrence,False
D009325,DOID:4362,CC0 1.0,MEDLINE cooccurrence,False
D020886,DOID:5612,CC0 1.0,MEDLINE cooccurrence,False
D002100,DOID:7148,CC0 1.0,MEDLINE cooccurrence,False
D012678,DOID:5419,CC0 1.0,MEDLINE cooccurrence,False
D010264,DOID:14004,CC0 1.0,MEDLINE cooccurrence,False
D002832,DOID:10871,CC0 1.0,MEDLINE cooccurrence,False
D003967,DOID:1612,CC0 1.0,MEDLINE cooccurrence,False
D012893,DOID:2377,CC0 1.0,MEDLINE cooccurrence,False
D064250,DOID:14221,CC0 1.0,MEDLINE cooccurrence,False
D012678,DOID:1192,CC0 1.0,MEDLINE cooccurrence,False
D015354,DOID:9835,CC0 1.0,MEDLINE cooccurrence,False
D013064,DOID:11934,CC0 1.0,MEDLINE cooccurrence,False
D005132,DOID:4159,CC0 1.0,MEDLINE cooccurrence,False
D005132,DOID:2174,CC0 1.0,MEDLINE cooccurrence,False
D010146,DOID:13223,CC0 1.0,MEDLINE cooccurrence,False
D017699,DOID:1595,CC0 1.0,MEDLINE cooccurrence,False
D009886,DOID:11934,CC0 1.0,MEDLINE cooccurrence,False
D011602,DOID:3310,CC0 1.0,MEDLINE cooccurrence,False
D000860,DOID:3070,CC0 1.0,MEDLINE cooccurrence,False
D016553,DOID:12361,CC0 1.0,MEDLINE cooccurrence,False
D051474,DOID:2531,CC0 1.0,MEDLINE cooccurrence,False
D019462,DOID:11934,CC0 1.0,MEDLINE cooccurrence,False
D005221,DOID:2531,CC0 1.0,MEDLINE cooccurrence,False
D014786,DOID:12361,CC0 1.0,MEDLINE cooccurrence,False
D010291,DOID:6364,CC0 1.0,MEDLINE cooccurrence,False
D008580,DOID:2994,CC0 1.0,MEDLINE cooccurrence,False
D011697,DOID:9074,CC0 1.0,MEDLINE cooccurrence,False
D002524,DOID:1964,CC0 1.0,MEDLINE cooccurrence,False
D001766,DOID:2174,CC0 1.0,MEDLINE cooccurrence,False
D017116,DOID:7693,CC0 1.0,MEDLINE cooccurrence,False
D018458,DOID:10941,CC0 1.0,MEDLINE cooccurrence,False
D013575,DOID:12930,CC0 1.0,MEDLINE cooccurrence,False
D006261,DOID:9074,CC0 1.0,MEDLINE cooccurrence,False
D020177,DOID:8986,CC0 1.0,MEDLINE cooccurrence,False
D005183,DOID:8577,CC0 1.0,MEDLINE cooccurrence,False
D020922,DOID:6364,CC0 1.0,MEDLINE cooccurrence,False
D008569,DOID:1595,CC0 1.0,MEDLINE cooccurrence,False
D009207,DOID:1319,CC0 1.0,MEDLINE cooccurrence,False
D011782,DOID:11476,CC0 1.0,MEDLINE cooccurrence,False
D004172,DOID:4045,CC0 1.0,MEDLINE cooccurrence,False
D013851,DOID:9970,CC0 1.0,MEDLINE cooccurrence,False
D007806,DOID:332,CC0 1.0,MEDLINE cooccurrence,False
D014839,DOID:0050741,CC0 1.0,MEDLINE cooccurrence,False
D010146,DOID:1324,CC0 1.0,MEDLINE cooccurrence,False
D020335,DOID:263,CC0 1.0,MEDLINE cooccurrence,False
D010243,DOID:5559,CC0 1.0,MEDLINE cooccurrence,False
D018908,DOID:3070,CC0 1.0,MEDLINE cooccurrence,False
D009461,DOID:5408,CC0 1.0,MEDLINE cooccurrence,False
D018437,DOID:1324,CC0 1.0,MEDLINE cooccurrence,False
D053159,DOID:13223,CC0 1.0,MEDLINE cooccurrence,False
D011304,DOID:9835,CC0 1.0,MEDLINE cooccurrence,False
D013575,DOID:14004,CC0 1.0,MEDLINE cooccurrence,False
D014103,DOID:7147,CC0 1.0,MEDLINE cooccurrence,False
D011507,DOID:2986,CC0 1.0,MEDLINE cooccurrence,False
D019080,DOID:12306,CC0 1.0,MEDLINE cooccurrence,False
D004688,DOID:12849,CC0 1.0,MEDLINE cooccurrence,False
D020182,DOID:3083,CC0 1.0,MEDLINE cooccurrence,False
D001416,DOID:2998,CC0 1.0,MEDLINE cooccurrence,False
D020385,DOID:332,CC0 1.0,MEDLINE cooccurrence,False
D009207,DOID:11119,CC0 1.0,MEDLINE cooccurrence,False
D018771,DOID:1612,CC0 1.0,MEDLINE cooccurrence,False
D002558,DOID:0060119,CC0 1.0,MEDLINE cooccurrence,False
D015746,DOID:635,CC0 1.0,MEDLINE cooccurrence,False
D012021,DOID:14330,CC0 1.0,MEDLINE cooccurrence,False
D006930,DOID:1909,CC0 1.0,MEDLINE cooccurrence,False
D012877,DOID:13241,CC0 1.0,MEDLINE cooccurrence,False
D002100,DOID:1115,CC0 1.0,MEDLINE cooccurrence,False
D020323,DOID:11119,CC0 1.0,MEDLINE cooccurrence,False
D014786,DOID:10941,CC0 1.0,MEDLINE cooccurrence,False
D003967,DOID:10534,CC0 1.0,MEDLINE cooccurrence,False
D007565,DOID:12306,CC0 1.0,MEDLINE cooccurrence,False
D006319,DOID:1459,CC0 1.0,MEDLINE cooccurrence,False
D010148,DOID:11615,CC0 1.0,MEDLINE cooccurrence,False
D000855,DOID:363,CC0 1.0,MEDLINE cooccurrence,False
D003244,DOID:1319,CC0 1.0,MEDLINE cooccurrence,False
D005158,DOID:13378,CC0 1.0,MEDLINE cooccurrence,False
D011596,DOID:1826,CC0 1.0,MEDLINE cooccurrence,False
D009155,DOID:1319,CC0 1.0,MEDLINE cooccurrence,False
D005207,DOID:3070,CC0 1.0,MEDLINE cooccurrence,False
D003085,DOID:6364,CC0 1.0,MEDLINE cooccurrence,False
D000787,DOID:12930,CC0 1.0,MEDLINE cooccurrence,False
D003638,DOID:1459,CC0 1.0,MEDLINE cooccurrence,False
D005311,DOID:5419,CC0 1.0,MEDLINE cooccurrence,False
D012148,DOID:14330,CC0 1.0,MEDLINE cooccurrence,False
D020820,DOID:14330,CC0 1.0,MEDLINE cooccurrence,False
D006942,DOID:418,CC0 1.0,MEDLINE cooccurrence,False
D000006,DOID:13499,CC0 1.0,MEDLINE cooccurrence,False
D004487,DOID:5559,CC0 1.0,MEDLINE cooccurrence,False
D004415,DOID:13223,CC0 1.0,MEDLINE cooccurrence,False
D005221,DOID:9008,CC0 1.0,MEDLINE cooccurrence,False
D002385,DOID:8986,CC0 1.0,MEDLINE cooccurrence,False
D019954,DOID:5419,CC0 1.0,MEDLINE cooccurrence,False
D011696,DOID:2355,CC0 1.0,MEDLINE cooccurrence,False
D018908,DOID:11476,CC0 1.0,MEDLINE cooccurrence,False
D006423,DOID:1319,CC0 1.0,MEDLINE cooccurrence,False
D010264,DOID:5612,CC0 1.0,MEDLINE cooccurrence,False
D009127,DOID:14330,CC0 1.0,MEDLINE cooccurrence,False
D009120,DOID:1459,CC0 1.0,MEDLINE cooccurrence,False
D021501,DOID:263,CC0 1.0,MEDLINE cooccurrence,False
D003693,DOID:635,CC0 1.0,MEDLINE cooccurrence,False
D017116,DOID:5612,CC0 1.0,MEDLINE cooccurrence,False
D001835,DOID:1612,CC0 1.0,MEDLINE cooccurrence,False
D010146,DOID:1245,CC0 1.0,MEDLINE cooccurrence,False
D014823,DOID:2174,CC0 1.0,MEDLINE cooccurrence,False
D059606,DOID:3953,CC0 1.0,MEDLINE cooccurrence,False
D012678,DOID:2994,CC0 1.0,MEDLINE cooccurrence,False
D010167,DOID:2355,CC0 1.0,MEDLINE cooccurrence,False
D009325,DOID:8778,CC0 1.0,MEDLINE cooccurrence,False
D001037,DOID:1595,CC0 1.0,MEDLINE cooccurrence,False
D000370,DOID:1024,CC0 1.0,MEDLINE cooccurrence,False
D005335,DOID:363,CC0 1.0,MEDLINE cooccurrence,False
D001835,DOID:10763,CC0 1.0,MEDLINE cooccurrence,False
D017566,DOID:3393,CC0 1.0,MEDLINE cooccurrence,False
D005335,DOID:5875,CC0 1.0,MEDLINE cooccurrence,False
D012891,DOID:0060119,CC0 1.0,MEDLINE cooccurrence,False
D015746,DOID:13223,CC0 1.0,MEDLINE cooccurrence,False
D003655,DOID:10941,CC0 1.0,MEDLINE cooccurrence,False
D050177,DOID:11612,CC0 1.0,MEDLINE cooccurrence,False
D005221,DOID:784,CC0 1.0,MEDLINE cooccurrence,False
D001724,DOID:1459,CC0 1.0,MEDLINE cooccurrence,False
D006337,DOID:10763,CC0 1.0,MEDLINE cooccurrence,False
D009846,DOID:2355,CC0 1.0,MEDLINE cooccurrence,False
D004244,DOID:5408,CC0 1.0,MEDLINE cooccurrence,False
D009127,DOID:10652,CC0 1.0,MEDLINE cooccurrence,False
D017288,DOID:4989,CC0 1.0,MEDLINE cooccurrence,False
D005335,DOID:7148,CC0 1.0,MEDLINE cooccurrence,False
D002832,DOID:1686,CC0 1.0,MEDLINE cooccurrence,False
D009461,DOID:9074,CC0 1.0,MEDLINE cooccurrence,False
D001835,DOID:1936,CC0 1.0,MEDLINE cooccurrence,False
D000647,DOID:3070,CC0 1.0,MEDLINE cooccurrence,False
D003967,DOID:1725,CC0 1.0,MEDLINE cooccurrence,False
D011693,DOID:2531,CC0 1.0,MEDLINE cooccurrence,False
D009461,DOID:784,CC0 1.0,MEDLINE cooccurrence,False
D000860,DOID:175,CC0 1.0,MEDLINE cooccurrence,False
D013064,DOID:1094,CC0 1.0,MEDLINE cooccurrence,False
D017116,DOID:3953,CC0 1.0,MEDLINE cooccurrence,False
D010292,DOID:0050425,CC0 1.0,MEDLINE cooccurrence,False
D001416,DOID:7148,CC0 1.0,MEDLINE cooccurrence,False
D006316,DOID:2994,CC0 1.0,MEDLINE cooccurrence,False
D018589,DOID:9352,CC0 1.0,MEDLINE cooccurrence,False
D002559,DOID:2994,CC0 1.0,MEDLINE cooccurrence,False
D003248,DOID:12849,CC0 1.0,MEDLINE cooccurrence,False
D010292,DOID:1115,CC0 1.0,MEDLINE cooccurrence,False
D004433,DOID:2596,CC0 1.0,MEDLINE cooccurrence,False
D012135,DOID:0060119,CC0 1.0,MEDLINE cooccurrence,False
D000860,DOID:10283,CC0 1.0,MEDLINE cooccurrence,False
D014839,DOID:0060119,CC0 1.0,MEDLINE cooccurrence,False
D004172,DOID:11934,CC0 1.0,MEDLINE cooccurrence,False
D005414,DOID:11054,CC0 1.0,MEDLINE cooccurrence,False
D009133,DOID:2377,CC0 1.0,MEDLINE cooccurrence,False
D006987,DOID:2994,CC0 1.0,MEDLINE cooccurrence,False
D003635,DOID:9835,CC0 1.0,MEDLINE cooccurrence,False
D001766,DOID:2994,CC0 1.0,MEDLINE cooccurrence,False
D016553,DOID:2043,CC0 1.0,MEDLINE cooccurrence,False
D010292,DOID:2355,CC0 1.0,MEDLINE cooccurrence,False
D041781,DOID:1793,CC0 1.0,MEDLINE cooccurrence,False
D006261,DOID:1595,CC0 1.0,MEDLINE cooccurrence,False
D001724,DOID:9296,CC0 1.0,MEDLINE cooccurrence,False
D003117,DOID:1686,CC0 1.0,MEDLINE cooccurrence,False
D001072,DOID:11949,CC0 1.0,MEDLINE cooccurrence,False
D004487,DOID:1686,CC0 1.0,MEDLINE cooccurrence,False
D014839,DOID:2998,CC0 1.0,MEDLINE cooccurrence,False
D004415,DOID:4989,CC0 1.0,MEDLINE cooccurrence,False
D012893,DOID:8986,CC0 1.0,MEDLINE cooccurrence,False
D003221,DOID:3070,CC0 1.0,MEDLINE cooccurrence,False
D014839,DOID:10021,CC0 1.0,MEDLINE cooccurrence,False
D018589,DOID:9744,CC0 1.0,MEDLINE cooccurrence,False
D065634,DOID:2994,CC0 1.0,MEDLINE cooccurrence,False
D000006,DOID:10021,CC0 1.0,MEDLINE cooccurrence,False
D055154,DOID:14330,CC0 1.0,MEDLINE cooccurrence,False
D006942,DOID:7147,CC0 1.0,MEDLINE cooccurrence,False
D006396,DOID:14004,CC0 1.0,MEDLINE cooccurrence,False
D009765,DOID:14221,CC0 1.0,MEDLINE cooccurrence,False
D020181,DOID:1936,CC0 1.0,MEDLINE cooccurrence,False
D005311,DOID:12930,CC0 1.0,MEDLINE cooccurrence,False
D010146,DOID:1790,CC0 1.0,MEDLINE cooccurrence,False
D005157,DOID:3565,CC0 1.0,MEDLINE cooccurrence,False
D002100,DOID:5041,CC0 1.0,MEDLINE cooccurrence,False
D062706,DOID:332,CC0 1.0,MEDLINE cooccurrence,False
D012893,DOID:3083,CC0 1.0,MEDLINE cooccurrence,False
D012021,DOID:332,CC0 1.0,MEDLINE cooccurrence,False
D009128,DOID:11949,CC0 1.0,MEDLINE cooccurrence,False
D051346,DOID:11476,CC0 1.0,MEDLINE cooccurrence,False
D003410,DOID:12849,CC0 1.0,MEDLINE cooccurrence,False
D004438,DOID:2174,CC0 1.0,MEDLINE cooccurrence,False
D007319,DOID:8986,CC0 1.0,MEDLINE cooccurrence,False
D011693,DOID:4159,CC0 1.0,MEDLINE cooccurrence,False
D006337,DOID:5559,CC0 1.0,MEDLINE cooccurrence,False
D001724,DOID:216,CC0 1.0,MEDLINE cooccurrence,False
D001835,DOID:10534,CC0 1.0,MEDLINE cooccurrence,False
D005414,DOID:10283,CC0 1.0,MEDLINE cooccurrence,False
D006311,DOID:13241,CC0 1.0,MEDLINE cooccurrence,False
D014832,DOID:332,CC0 1.0,MEDLINE cooccurrence,False
D006314,DOID:9296,CC0 1.0,MEDLINE cooccurrence,False
D023341,DOID:12365,CC0 1.0,MEDLINE cooccurrence,False
D006942,DOID:2355,CC0 1.0,MEDLINE cooccurrence,False
D053609,DOID:1826,CC0 1.0,MEDLINE cooccurrence,False
D015431,DOID:1790,CC0 1.0,MEDLINE cooccurrence,False
D010264,DOID:2998,CC0 1.0,MEDLINE cooccurrence,False
D007625,DOID:1312,CC0 1.0,MEDLINE cooccurrence,False
D017116,DOID:8778,CC0 1.0,MEDLINE cooccurrence,False
D006685,DOID:2596,CC0 1.0,MEDLINE cooccurrence,False
D012166,DOID:12365,CC0 1.0,MEDLINE cooccurrence,False
D011596,DOID:11119,CC0 1.0,MEDLINE cooccurrence,False
D001416,DOID:14004,CC0 1.0,MEDLINE cooccurrence,False
D009133,DOID:3083,CC0 1.0,MEDLINE cooccurrence,False
D014832,DOID:0060119,CC0 1.0,MEDLINE cooccurrence,False
D041781,DOID:2355,CC0 1.0,MEDLINE cooccurrence,False
D014313,DOID:4045,CC0 1.0,MEDLINE cooccurrence,False
D006314,DOID:5408,CC0 1.0,MEDLINE cooccurrence,False
D001259,DOID:7148,CC0 1.0,MEDLINE cooccurrence,False
D010264,DOID:11054,CC0 1.0,MEDLINE cooccurrence,False
D005311,DOID:0050742,CC0 1.0,MEDLINE cooccurrence,False
D009912,DOID:8778,CC0 1.0,MEDLINE cooccurrence,False
D009155,DOID:5419,CC0 1.0,MEDLINE cooccurrence,False
D020233,DOID:1024,CC0 1.0,MEDLINE cooccurrence,False
D012585,DOID:5612,CC0 1.0,MEDLINE cooccurrence,False
D012877,DOID:1245,CC0 1.0,MEDLINE cooccurrence,False
D014549,DOID:1993,CC0 1.0,MEDLINE cooccurrence,False
D009222,DOID:332,CC0 1.0,MEDLINE cooccurrence,False
D004244,DOID:1192,CC0 1.0,MEDLINE cooccurrence,False
D002832,DOID:2994,CC0 1.0,MEDLINE cooccurrence,False
D000472,DOID:784,CC0 1.0,MEDLINE cooccurrence,False
D018908,DOID:14004,CC0 1.0,MEDLINE cooccurrence,False
D007024,DOID:3953,CC0 1.0,MEDLINE cooccurrence,False
D000860,DOID:11934,CC0 1.0,MEDLINE cooccurrence,False
D001247,DOID:13223,CC0 1.0,MEDLINE cooccurrence,False
D004415,DOID:5041,CC0 1.0,MEDLINE cooccurrence,False
D007806,DOID:12849,CC0 1.0,MEDLINE cooccurrence,False
D020078,DOID:6364,CC0 1.0,MEDLINE cooccurrence,False
D004314,DOID:9744,CC0 1.0,MEDLINE cooccurrence,False
D009461,DOID:11934,CC0 1.0,MEDLINE cooccurrence,False
D003967,DOID:11934,CC0 1.0,MEDLINE cooccurrence,False
D011695,DOID:4989,CC0 1.0,MEDLINE cooccurrence,False
D010146,DOID:1993,CC0 1.0,MEDLINE cooccurrence,False
D012678,DOID:1612,CC0 1.0,MEDLINE cooccurrence,False
D004614,DOID:10534,CC0 1.0,MEDLINE cooccurrence,False
D011602,DOID:8893,CC0 1.0,MEDLINE cooccurrence,False
D054058,DOID:3393,CC0 1.0,MEDLINE cooccurrence,False
D041781,DOID:3571,CC0 1.0,MEDLINE cooccurrence,False
D005183,DOID:12930,CC0 1.0,MEDLINE cooccurrence,False
D006941,DOID:1024,CC0 1.0,MEDLINE cooccurrence,False
D006312,DOID:1192,CC0 1.0,MEDLINE cooccurrence,False
D001766,DOID:13241,CC0 1.0,MEDLINE cooccurrence,False
D059411,DOID:14221,CC0 1.0,MEDLINE cooccurrence,False
D059352,DOID:1612,CC0 1.0,MEDLINE cooccurrence,False
D012135,DOID:0050156,CC0 1.0,MEDLINE cooccurrence,False
D001259,DOID:3070,CC0 1.0,MEDLINE cooccurrence,False
D002637,DOID:11934,CC0 1.0,MEDLINE cooccurrence,False
D003371,DOID:0050156,CC0 1.0,MEDLINE cooccurrence,False
D003117,DOID:0050741,CC0 1.0,MEDLINE cooccurrence,False
D015746,DOID:14268,CC0 1.0,MEDLINE cooccurrence,False
D005158,DOID:184,CC0 1.0,MEDLINE cooccurrence,False
D007565,DOID:12236,CC0 1.0,MEDLINE cooccurrence,False
D018771,DOID:8577,CC0 1.0,MEDLINE cooccurrence,False
D010146,DOID:5408,CC0 1.0,MEDLINE cooccurrence,False
D018908,DOID:3277,CC0 1.0,MEDLINE cooccurrence,False
D005130,DOID:2174,CC0 1.0,MEDLINE cooccurrence,False
D009128,DOID:5612,CC0 1.0,MEDLINE cooccurrence,False
D005334,DOID:2994,CC0 1.0,MEDLINE cooccurrence,False
D017288,DOID:0050742,CC0 1.0,MEDLINE cooccurrence,False
D000857,DOID:1319,CC0 1.0,MEDLINE cooccurrence,False
D055964,DOID:11949,CC0 1.0,MEDLINE cooccurrence,False
D006314,DOID:7148,CC0 1.0,MEDLINE cooccurrence,False
D001416,DOID:2994,CC0 1.0,MEDLINE cooccurrence,False
D037061,DOID:1192,CC0 1.0,MEDLINE cooccurrence,False
D014826,DOID:5041,CC0 1.0,MEDLINE cooccurrence,False
D011595,DOID:11119,CC0 1.0,MEDLINE cooccurrence,False
D010468,DOID:1094,CC0 1.0,MEDLINE cooccurrence,False
D009461,DOID:7147,CC0 1.0,MEDLINE cooccurrence,False
D009133,DOID:0050741,CC0 1.0,MEDLINE cooccurrence,False
D012877,DOID:2994,CC0 1.0,MEDLINE cooccurrence,False
D004172,DOID:3565,CC0 1.0,MEDLINE cooccurrence,False
D020233,DOID:10652,CC0 1.0,MEDLINE cooccurrence,False
D003128,DOID:1459,CC0 1.0,MEDLINE cooccurrence,False
D008607,DOID:12849,CC0 1.0,MEDLINE cooccurrence,False
D004314,DOID:2998,CC0 1.0,MEDLINE cooccurrence,False
D009461,DOID:184,CC0 1.0,MEDLINE cooccurrence,False
D006985,DOID:594,CC0 1.0,MEDLINE cooccurrence,False
D010292,DOID:1324,CC0 1.0,MEDLINE cooccurrence,False
D053159,DOID:1993,CC0 1.0,MEDLINE cooccurrence,False
D060050,DOID:3393,CC0 1.0,MEDLINE cooccurrence,False
D004417,DOID:11934,CC0 1.0,MEDLINE cooccurrence,False
D020188,DOID:8986,CC0 1.0,MEDLINE cooccurrence,False
D056128,DOID:14221,CC0 1.0,MEDLINE cooccurrence,False
D005132,DOID:184,CC0 1.0,MEDLINE cooccurrence,False
D014884,DOID:2355,CC0 1.0,MEDLINE cooccurrence,False
D018888,DOID:11949,CC0 1.0,MEDLINE cooccurrence,False
D010146,DOID:1793,CC0 1.0,MEDLINE cooccurrence,False
D015875,DOID:3565,CC0 1.0,MEDLINE cooccurrence,False
D020078,DOID:10652,CC0 1.0,MEDLINE cooccurrence,False
D003085,DOID:5875,CC0 1.0,MEDLINE cooccurrence,False
D005334,DOID:363,CC0 1.0,MEDLINE cooccurrence,False
D020323,DOID:1094,CC0 1.0,MEDLINE cooccurrence,False
D010149,DOID:4159,CC0 1.0,MEDLINE cooccurrence,False
D011507,DOID:10763,CC0 1.0,MEDLINE cooccurrence,False
D018980,DOID:1459,CC0 1.0,MEDLINE cooccurrence,False
D001835,DOID:0050741,CC0 1.0,MEDLINE cooccurrence,False
D001724,DOID:9352,CC0 1.0,MEDLINE cooccurrence,False
D004421,DOID:11119,CC0 1.0,MEDLINE cooccurrence,False
D006942,DOID:2986,CC0 1.0,MEDLINE cooccurrence,False
D009325,DOID:1115,CC0 1.0,MEDLINE cooccurrence,False
D005335,DOID:2355,CC0 1.0,MEDLINE cooccurrence,False
D000381,DOID:332,CC0 1.0,MEDLINE cooccurrence,False
D000006,DOID:9074,CC0 1.0,MEDLINE cooccurrence,False
D005132,DOID:7147,CC0 1.0,MEDLINE cooccurrence,False
D004884,DOID:10534,CC0 1.0,MEDLINE cooccurrence,False
D004487,DOID:10871,CC0 1.0,MEDLINE cooccurrence,False
D005221,DOID:1612,CC0 1.0,MEDLINE cooccurrence,False
D013746,DOID:5408,CC0 1.0,MEDLINE cooccurrence,False
D007565,DOID:3121,CC0 1.0,MEDLINE cooccurrence,False
D014717,DOID:10941,CC0 1.0,MEDLINE cooccurrence,False
D020233,DOID:2377,CC0 1.0,MEDLINE cooccurrence,False
D010291,DOID:3565,CC0 1.0,MEDLINE cooccurrence,False
D007859,DOID:1595,CC0 1.0,MEDLINE cooccurrence,False
D002303,DOID:12930,CC0 1.0,MEDLINE cooccurrence,False
D006311,DOID:2994,CC0 1.0,MEDLINE cooccurrence,False
D004411,DOID:3070,CC0 1.0,MEDLINE cooccurrence,False
D014839,DOID:1909,CC0 1.0,MEDLINE cooccurrence,False
D007859,DOID:11119,CC0 1.0,MEDLINE cooccurrence,False
D012166,DOID:10941,CC0 1.0,MEDLINE cooccurrence,False
D005414,DOID:10534,CC0 1.0,MEDLINE cooccurrence,False
D017566,DOID:9352,CC0 1.0,MEDLINE cooccurrence,False
D052120,DOID:12930,CC0 1.0,MEDLINE cooccurrence,False
D004417,DOID:11920,CC0 1.0,MEDLINE cooccurrence,False
D014717,DOID:6364,CC0 1.0,MEDLINE cooccurrence,False
D011696,DOID:3571,CC0 1.0,MEDLINE cooccurrence,False
D011539,DOID:4159,CC0 1.0,MEDLINE cooccurrence,False
D059352,DOID:8398,CC0 1.0,MEDLINE cooccurrence,False
D006396,DOID:11934,CC0 1.0,MEDLINE cooccurrence,False
D015430,DOID:5419,CC0 1.0,MEDLINE cooccurrence,False
D010149,DOID:10283,CC0 1.0,MEDLINE cooccurrence,False
D014770,DOID:2994,CC0 1.0,MEDLINE cooccurrence,False
D005483,DOID:2994,CC0 1.0,MEDLINE cooccurrence,False
D055154,DOID:2994,CC0 1.0,MEDLINE cooccurrence,False
D058568,DOID:1793,CC0 1.0,MEDLINE cooccurrence,False
D001259,DOID:12849,CC0 1.0,MEDLINE cooccurrence,False
D004244,DOID:10941,CC0 1.0,MEDLINE cooccurrence,False
D009325,DOID:11934,CC0 1.0,MEDLINE cooccurrence,False
D006469,DOID:11920,CC0 1.0,MEDLINE cooccurrence,False
D010291,DOID:11949,CC0 1.0,MEDLINE cooccurrence,False
D005221,DOID:10534,CC0 1.0,MEDLINE cooccurrence,False
D014098,DOID:216,CC0 1.0,MEDLINE cooccurrence,False
D020828,DOID:1826,CC0 1.0,MEDLINE cooccurrence,False
D015746,DOID:13378,CC0 1.0,MEDLINE cooccurrence,False
D012166,DOID:9835,CC0 1.0,MEDLINE cooccurrence,False
D058447,DOID:2994,CC0 1.0,MEDLINE cooccurrence,False
D056128,DOID:1936,CC0 1.0,MEDLINE cooccurrence,False
D003371,DOID:3277,CC0 1.0,MEDLINE cooccurrence,False
D053591,DOID:6364,CC0 1.0,MEDLINE cooccurrence,False
D000419,DOID:9744,CC0 1.0,MEDLINE cooccurrence,False
D010292,DOID:2994,CC0 1.0,MEDLINE cooccurrence,False
D009155,DOID:3070,CC0 1.0,MEDLINE cooccurrence,False
D006429,DOID:1826,CC0 1.0,MEDLINE cooccurrence,False
D020923,DOID:14330,CC0 1.0,MEDLINE cooccurrence,False
D007806,DOID:10652,CC0 1.0,MEDLINE cooccurrence,False
D010292,DOID:4159,CC0 1.0,MEDLINE cooccurrence,False
D014823,DOID:10941,CC0 1.0,MEDLINE cooccurrence,False
D000006,DOID:8577,CC0 1.0,MEDLINE cooccurrence,False
D005158,DOID:11934,CC0 1.0,MEDLINE cooccurrence,False
D010148,DOID:4045,CC0 1.0,MEDLINE cooccurrence,False
D015746,DOID:11054,CC0 1.0,MEDLINE cooccurrence,False
D006212,DOID:5419,CC0 1.0,MEDLINE cooccurrence,False
D005222,DOID:2377,CC0 1.0,MEDLINE cooccurrence,False
D008998,DOID:11476,CC0 1.0,MEDLINE cooccurrence,False
D018437,DOID:14004,CC0 1.0,MEDLINE cooccurrence,False
D010291,DOID:14004,CC0 1.0,MEDLINE cooccurrence,False
D054068,DOID:7693,CC0 1.0,MEDLINE cooccurrence,False
D017109,DOID:3312,CC0 1.0,MEDLINE cooccurrence,False
D054160,DOID:175,CC0 1.0,MEDLINE cooccurrence,False
D006396,DOID:5041,CC0 1.0,MEDLINE cooccurrence,False
D007926,DOID:784,CC0 1.0,MEDLINE cooccurrence,False
D005334,DOID:1826,CC0 1.0,MEDLINE cooccurrence,False
D014839,DOID:2394,CC0 1.0,MEDLINE cooccurrence,False
D003693,DOID:1595,CC0 1.0,MEDLINE cooccurrence,False
D012021,DOID:1024,CC0 1.0,MEDLINE cooccurrence,False
D011507,DOID:2355,CC0 1.0,MEDLINE cooccurrence,False
D001260,DOID:12306,CC0 1.0,MEDLINE cooccurrence,False
D015518,DOID:1826,CC0 1.0,MEDLINE cooccurrence,False
D001260,DOID:10534,CC0 1.0,MEDLINE cooccurrence,False
D002389,DOID:5419,CC0 1.0,MEDLINE cooccurrence,False
D001835,DOID:9352,CC0 1.0,MEDLINE cooccurrence,False
D020828,DOID:2377,CC0 1.0,MEDLINE cooccurrence,False
D010148,DOID:1115,CC0 1.0,MEDLINE cooccurrence,False
D007319,DOID:11949,CC0 1.0,MEDLINE cooccurrence,False
D005483,DOID:5559,CC0 1.0,MEDLINE cooccurrence,False
D009461,DOID:0050741,CC0 1.0,MEDLINE cooccurrence,False
D010292,DOID:1909,CC0 1.0,MEDLINE cooccurrence,False
D059787,DOID:2355,CC0 1.0,MEDLINE cooccurrence,False
D007565,DOID:1793,CC0 1.0,MEDLINE cooccurrence,False
D004614,DOID:2994,CC0 1.0,MEDLINE cooccurrence,False
D010243,DOID:1324,CC0 1.0,MEDLINE cooccurrence,False
D018496,DOID:2355,CC0 1.0,MEDLINE cooccurrence,False
D006685,DOID:2994,CC0 1.0,MEDLINE cooccurrence,False
D010591,DOID:1115,CC0 1.0,MEDLINE cooccurrence,False
D001044,DOID:5041,CC0 1.0,MEDLINE cooccurrence,False
D020921,DOID:1826,CC0 1.0,MEDLINE cooccurrence,False
D012891,DOID:4481,CC0 1.0,MEDLINE cooccurrence,False
D005158,DOID:1115,CC0 1.0,MEDLINE cooccurrence,False
D009120,DOID:332,CC0 1.0,MEDLINE cooccurrence,False
D003967,DOID:1781,CC0 1.0,MEDLINE cooccurrence,False
D002637,DOID:594,CC0 1.0,MEDLINE cooccurrence,False
D020233,DOID:1319,CC0 1.0,MEDLINE cooccurrence,False
D011507,DOID:1312,CC0 1.0,MEDLINE cooccurrence,False
D016553,DOID:2355,CC0 1.0,MEDLINE cooccurrence,False
D001416,DOID:7693,CC0 1.0,MEDLINE cooccurrence,False
D004408,DOID:11934,CC0 1.0,MEDLINE cooccurrence,False
D013746,DOID:8893,CC0 1.0,MEDLINE cooccurrence,False
D012001,DOID:12185,CC0 1.0,MEDLINE cooccurrence,False
D001724,DOID:9744,CC0 1.0,MEDLINE cooccurrence,False
D015746,DOID:1993,CC0 1.0,MEDLINE cooccurrence,False
D006429,DOID:11476,CC0 1.0,MEDLINE cooccurrence,False
D000855,DOID:10534,CC0 1.0,MEDLINE cooccurrence,False
D009123,DOID:12930,CC0 1.0,MEDLINE cooccurrence,False
D019547,DOID:2994,CC0 1.0,MEDLINE cooccurrence,False
D000550,DOID:0050741,CC0 1.0,MEDLINE cooccurrence,False
D005483,DOID:0050741,CC0 1.0,MEDLINE cooccurrence,False
D004489,DOID:418,CC0 1.0,MEDLINE cooccurrence,False
D003147,DOID:5419,CC0 1.0,MEDLINE cooccurrence,False
D059265,DOID:4989,CC0 1.0,MEDLINE cooccurrence,False
D013746,DOID:1826,CC0 1.0,MEDLINE cooccurrence,False
D009325,DOID:1595,CC0 1.0,MEDLINE cooccurrence,False
D000855,DOID:263,CC0 1.0,MEDLINE cooccurrence,False
D000006,DOID:418,CC0 1.0,MEDLINE cooccurrence,False
D001724,DOID:2355,CC0 1.0,MEDLINE cooccurrence,False
D001766,DOID:3565,CC0 1.0,MEDLINE cooccurrence,False
D011507,DOID:585,CC0 1.0,MEDLINE cooccurrence,False
D004244,DOID:10763,CC0 1.0,MEDLINE cooccurrence,False
D006319,DOID:184,CC0 1.0,MEDLINE cooccurrence,False
D012892,DOID:594,CC0 1.0,MEDLINE cooccurrence,False
D000860,DOID:4045,CC0 1.0,MEDLINE cooccurrence,False
D010149,DOID:1793,CC0 1.0,MEDLINE cooccurrence,False
D011695,DOID:784,CC0 1.0,MEDLINE cooccurrence,False
D020754,DOID:11949,CC0 1.0,MEDLINE cooccurrence,False
D003248,DOID:10534,CC0 1.0,MEDLINE cooccurrence,False
D019588,DOID:0050156,CC0 1.0,MEDLINE cooccurrence,False
D060486,DOID:6364,CC0 1.0,MEDLINE cooccurrence,False
D012021,DOID:10763,CC0 1.0,MEDLINE cooccurrence,False
D002558,DOID:184,CC0 1.0,MEDLINE cooccurrence,False
D016553,DOID:1324,CC0 1.0,MEDLINE cooccurrence,False
D001416,DOID:4045,CC0 1.0,MEDLINE cooccurrence,False
D011507,DOID:418,CC0 1.0,MEDLINE cooccurrence,False
D005157,DOID:1192,CC0 1.0,MEDLINE cooccurrence,False
D001072,DOID:3070,CC0 1.0,MEDLINE cooccurrence,False
D012893,DOID:1826,CC0 1.0,MEDLINE cooccurrence,False
D015878,DOID:1686,CC0 1.0,MEDLINE cooccurrence,False
D009437,DOID:2377,CC0 1.0,MEDLINE cooccurrence,False
D011681,DOID:1686,CC0 1.0,MEDLINE cooccurrence,False
D006261,DOID:3565,CC0 1.0,MEDLINE cooccurrence,False
D011141,DOID:3953,CC0 1.0,MEDLINE cooccurrence,False
D015518,DOID:11119,CC0 1.0,MEDLINE cooccurrence,False
D007806,DOID:3070,CC0 1.0,MEDLINE cooccurrence,False
D020754,DOID:0050425,CC0 1.0,MEDLINE cooccurrence,False
D009207,DOID:5612,CC0 1.0,MEDLINE cooccurrence,False
D009765,DOID:9206,CC0 1.0,MEDLINE cooccurrence,False
D012415,DOID:9835,CC0 1.0,MEDLINE cooccurrence,False
D009461,DOID:7148,CC0 1.0,MEDLINE cooccurrence,False
D009437,DOID:5875,CC0 1.0,MEDLINE cooccurrence,False
D018771,DOID:13241,CC0 1.0,MEDLINE cooccurrence,False
D014012,DOID:1595,CC0 1.0,MEDLINE cooccurrence,False
D005221,DOID:7147,CC0 1.0,MEDLINE cooccurrence,False
D001308,DOID:0050741,CC0 1.0,MEDLINE cooccurrence,False
D000855,DOID:1115,CC0 1.0,MEDLINE cooccurrence,False
D003967,DOID:5041,CC0 1.0,MEDLINE cooccurrence,False
D000648,DOID:1319,CC0 1.0,MEDLINE cooccurrence,False
D017116,DOID:7147,CC0 1.0,MEDLINE cooccurrence,False
D003248,DOID:14330,CC0 1.0,MEDLINE cooccurrence,False
D019584,DOID:13223,CC0 1.0,MEDLINE cooccurrence,False
D003221,DOID:1826,CC0 1.0,MEDLINE cooccurrence,False
D005335,DOID:13378,CC0 1.0,MEDLINE cooccurrence,False
D006942,DOID:3571,CC0 1.0,MEDLINE cooccurrence,False
D003967,DOID:3277,CC0 1.0,MEDLINE cooccurrence,False
D015845,DOID:1686,CC0 1.0,MEDLINE cooccurrence,False
D012135,DOID:2841,CC0 1.0,MEDLINE cooccurrence,False
D019547,DOID:6364,CC0 1.0,MEDLINE cooccurrence,False
D011693,DOID:10608,CC0 1.0,MEDLINE cooccurrence,False
D019569,DOID:10941,CC0 1.0,MEDLINE cooccurrence,False
D020757,DOID:1936,CC0 1.0,MEDLINE cooccurrence,False
D054078,DOID:13378,CC0 1.0,MEDLINE cooccurrence,False
D055948,DOID:3571,CC0 1.0,MEDLINE cooccurrence,False
D012893,DOID:1612,CC0 1.0,MEDLINE cooccurrence,False
D009765,DOID:9352,CC0 1.0,MEDLINE cooccurrence,False
D014103,DOID:14330,CC0 1.0,MEDLINE cooccurrence,False
D003117,DOID:2355,CC0 1.0,MEDLINE cooccurrence,False
D015746,DOID:2998,CC0 1.0,MEDLINE cooccurrence,False
D002524,DOID:0050741,CC0 1.0,MEDLINE cooccurrence,False
D000648,DOID:1595,CC0 1.0,MEDLINE cooccurrence,False
D013035,DOID:9835,CC0 1.0,MEDLINE cooccurrence,False
D007859,DOID:3312,CC0 1.0,MEDLINE cooccurrence,False
D001835,DOID:219,CC0 1.0,MEDLINE cooccurrence,False
D010291,DOID:3312,CC0 1.0,MEDLINE cooccurrence,False
D009912,DOID:8893,CC0 1.0,MEDLINE cooccurrence,False
D015746,DOID:9074,CC0 1.0,MEDLINE cooccurrence,False
D012893,DOID:12849,CC0 1.0,MEDLINE cooccurrence,False
D000787,DOID:1936,CC0 1.0,MEDLINE cooccurrence,False
D003248,DOID:1993,CC0 1.0,MEDLINE cooccurrence,False
D018908,DOID:3083,CC0 1.0,MEDLINE cooccurrence,False
D010264,DOID:7147,CC0 1.0,MEDLINE cooccurrence,False
D009912,DOID:184,CC0 1.0,MEDLINE cooccurrence,False
D004410,DOID:12849,CC0 1.0,MEDLINE cooccurrence,False
D012893,DOID:0050425,CC0 1.0,MEDLINE cooccurrence,False
D004412,DOID:363,CC0 1.0,MEDLINE cooccurrence,False
D000550,DOID:184,CC0 1.0,MEDLINE cooccurrence,False
D001247,DOID:11476,CC0 1.0,MEDLINE cooccurrence,False
D010291,DOID:13241,CC0 1.0,MEDLINE cooccurrence,False
D010291,DOID:2377,CC0 1.0,MEDLINE cooccurrence,False
D006469,DOID:2994,CC0 1.0,MEDLINE cooccurrence,False
D012912,DOID:4481,CC0 1.0,MEDLINE cooccurrence,False
D009912,DOID:216,CC0 1.0,MEDLINE cooccurrence,False
D002032,DOID:3312,CC0 1.0,MEDLINE cooccurrence,False
D002032,DOID:216,CC0 1.0,MEDLINE cooccurrence,False
D012585,DOID:3565,CC0 1.0,MEDLINE cooccurrence,False
D014549,DOID:1964,CC0 1.0,MEDLINE cooccurrence,False
D001835,DOID:11612,CC0 1.0,MEDLINE cooccurrence,False
D007040,DOID:332,CC0 1.0,MEDLINE cooccurrence,False
D017699,DOID:4362,CC0 1.0,MEDLINE cooccurrence,False
D012891,DOID:3083,CC0 1.0,MEDLINE cooccurrence,False
D007565,DOID:4606,CC0 1.0,MEDLINE cooccurrence,False
D005130,DOID:2994,CC0 1.0,MEDLINE cooccurrence,False
D017116,DOID:11476,CC0 1.0,MEDLINE cooccurrence,False
D001416,DOID:585,CC0 1.0,MEDLINE cooccurrence,False
D012166,DOID:2355,CC0 1.0,MEDLINE cooccurrence,False
D018980,DOID:1094,CC0 1.0,MEDLINE cooccurrence,False
D013064,DOID:2377,CC0 1.0,MEDLINE cooccurrence,False
D006469,DOID:11934,CC0 1.0,MEDLINE cooccurrence,False
D006685,DOID:14004,CC0 1.0,MEDLINE cooccurrence,False
D009325,DOID:8893,CC0 1.0,MEDLINE cooccurrence,False
D004487,DOID:0060119,CC0 1.0,MEDLINE cooccurrence,False
D005334,DOID:1725,CC0 1.0,MEDLINE cooccurrence,False
D000855,DOID:11054,CC0 1.0,MEDLINE cooccurrence,False
D000425,DOID:10652,CC0 1.0,MEDLINE cooccurrence,False
D012877,DOID:12361,CC0 1.0,MEDLINE cooccurrence,False
D009133,DOID:8398,CC0 1.0,MEDLINE cooccurrence,False
D014839,DOID:8577,CC0 1.0,MEDLINE cooccurrence,False
D017109,DOID:11119,CC0 1.0,MEDLINE cooccurrence,False
D005334,DOID:2394,CC0 1.0,MEDLINE cooccurrence,False
D020069,DOID:11934,CC0 1.0,MEDLINE cooccurrence,False
D003248,DOID:4362,CC0 1.0,MEDLINE cooccurrence,False
D006469,DOID:14004,CC0 1.0,MEDLINE cooccurrence,False
D003490,DOID:3083,CC0 1.0,MEDLINE cooccurrence,False
D041781,DOID:263,CC0 1.0,MEDLINE cooccurrence,False
D004314,DOID:2994,CC0 1.0,MEDLINE cooccurrence,False
D051346,DOID:11555,CC0 1.0,MEDLINE cooccurrence,False
D062706,DOID:3312,CC0 1.0,MEDLINE cooccurrence,False
D004415,DOID:9744,CC0 1.0,MEDLINE cooccurrence,False
D009325,DOID:6364,CC0 1.0,MEDLINE cooccurrence,False
D010149,DOID:9835,CC0 1.0,MEDLINE cooccurrence,False
D001072,DOID:1319,CC0 1.0,MEDLINE cooccurrence,False
D011782,DOID:184,CC0 1.0,MEDLINE cooccurrence,False
D015878,DOID:6364,CC0 1.0,MEDLINE cooccurrence,False
D020250,DOID:1319,CC0 1.0,MEDLINE cooccurrence,False
D006472,DOID:216,CC0 1.0,MEDLINE cooccurrence,False
D014840,DOID:10534,CC0 1.0,MEDLINE cooccurrence,False
D006317,DOID:10763,CC0 1.0,MEDLINE cooccurrence,False
D015746,DOID:11239,CC0 1.0,MEDLINE cooccurrence,False
D013064,DOID:10652,CC0 1.0,MEDLINE cooccurrence,False
D021501,DOID:3953,CC0 1.0,MEDLINE cooccurrence,False
D004415,DOID:10608,CC0 1.0,MEDLINE cooccurrence,False
D002832,DOID:1909,CC0 1.0,MEDLINE cooccurrence,False
D012891,DOID:1459,CC0 1.0,MEDLINE cooccurrence,False
D002637,DOID:14004,CC0 1.0,MEDLINE cooccurrence,False
D005483,DOID:11934,CC0 1.0,MEDLINE cooccurrence,False
D010468,DOID:9835,CC0 1.0,MEDLINE cooccurrence,False
D010167,DOID:12365,CC0 1.0,MEDLINE cooccurrence,False
D001416,DOID:9008,CC0 1.0,MEDLINE cooccurrence,False
D005158,DOID:635,CC0 1.0,MEDLINE cooccurrence,False
D020069,DOID:1115,CC0 1.0,MEDLINE cooccurrence,False
D010468,DOID:11949,CC0 1.0,MEDLINE cooccurrence,False
D002303,DOID:3393,CC0 1.0,MEDLINE cooccurrence,False
D012607,DOID:1319,CC0 1.0,MEDLINE cooccurrence,False
D014098,DOID:184,CC0 1.0,MEDLINE cooccurrence,False
D001750,DOID:585,CC0 1.0,MEDLINE cooccurrence,False
D034381,DOID:2998,CC0 1.0,MEDLINE cooccurrence,False
D014832,DOID:4481,CC0 1.0,MEDLINE cooccurrence,False
D007319,DOID:1094,CC0 1.0,MEDLINE cooccurrence,False
D011681,DOID:3070,CC0 1.0,MEDLINE cooccurrence,False
D005334,DOID:5875,CC0 1.0,MEDLINE cooccurrence,False
D009058,DOID:216,CC0 1.0,MEDLINE cooccurrence,False
D018908,DOID:8398,CC0 1.0,MEDLINE cooccurrence,False
D055154,DOID:0060119,CC0 1.0,MEDLINE cooccurrence,False
D009903,DOID:9835,CC0 1.0,MEDLINE cooccurrence,False
D002559,DOID:3565,CC0 1.0,MEDLINE cooccurrence,False
D003248,DOID:2394,CC0 1.0,MEDLINE cooccurrence,False
D011595,DOID:0050742,CC0 1.0,MEDLINE cooccurrence,False
D002524,DOID:1324,CC0 1.0,MEDLINE cooccurrence,False
D009461,DOID:3070,CC0 1.0,MEDLINE cooccurrence,False
D009461,DOID:3565,CC0 1.0,MEDLINE cooccurrence,False
D000789,DOID:1936,CC0 1.0,MEDLINE cooccurrence,False
D013575,DOID:11934,CC0 1.0,MEDLINE cooccurrence,False
D012877,DOID:9074,CC0 1.0,MEDLINE cooccurrence,False
D006314,DOID:2994,CC0 1.0,MEDLINE cooccurrence,False
D020181,DOID:9970,CC0 1.0,MEDLINE cooccurrence,False
D014839,DOID:3571,CC0 1.0,MEDLINE cooccurrence,False
D005221,DOID:5041,CC0 1.0,MEDLINE cooccurrence,False
D005157,DOID:216,CC0 1.0,MEDLINE cooccurrence,False
D058568,DOID:2994,CC0 1.0,MEDLINE cooccurrence,False
D009207,DOID:2994,CC0 1.0,MEDLINE cooccurrence,False
D019569,DOID:1192,CC0 1.0,MEDLINE cooccurrence,False
D007319,DOID:0050742,CC0 1.0,MEDLINE cooccurrence,False
D012877,DOID:8778,CC0 1.0,MEDLINE cooccurrence,False
D001416,DOID:8398,CC0 1.0,MEDLINE cooccurrence,False
D008998,DOID:10976,CC0 1.0,MEDLINE cooccurrence,False
D059350,DOID:0050742,CC0 1.0,MEDLINE cooccurrence,False
D014103,DOID:184,CC0 1.0,MEDLINE cooccurrence,False
D003967,DOID:1793,CC0 1.0,MEDLINE cooccurrence,False
D013009,DOID:6364,CC0 1.0,MEDLINE cooccurrence,False
D004415,DOID:10534,CC0 1.0,MEDLINE cooccurrence,False
D017624,DOID:263,CC0 1.0,MEDLINE cooccurrence,False
D000855,DOID:1324,CC0 1.0,MEDLINE cooccurrence,False
D009325,DOID:2394,CC0 1.0,MEDLINE cooccurrence,False
D007565,DOID:10021,CC0 1.0,MEDLINE cooccurrence,False
D006988,DOID:2174,CC0 1.0,MEDLINE cooccurrence,False
D005130,DOID:12365,CC0 1.0,MEDLINE cooccurrence,False
D055111,DOID:90,CC0 1.0,MEDLINE cooccurrence,False
D063806,DOID:1612,CC0 1.0,MEDLINE cooccurrence,False
D011595,DOID:12849,CC0 1.0,MEDLINE cooccurrence,False
D004244,DOID:11934,CC0 1.0,MEDLINE cooccurrence,False
D050177,DOID:9352,CC0 1.0,MEDLINE cooccurrence,False
D006261,DOID:10941,CC0 1.0,MEDLINE cooccurrence,False
D003244,DOID:1826,CC0 1.0,MEDLINE cooccurrence,False
D005483,DOID:8893,CC0 1.0,MEDLINE cooccurrence,False
D012891,DOID:12930,CC0 1.0,MEDLINE cooccurrence,False
D019584,DOID:10283,CC0 1.0,MEDLINE cooccurrence,False
D007319,DOID:1595,CC0 1.0,MEDLINE cooccurrence,False
D002637,DOID:1324,CC0 1.0,MEDLINE cooccurrence,False
D007926,DOID:12849,CC0 1.0,MEDLINE cooccurrence,False
D021501,DOID:585,CC0 1.0,MEDLINE cooccurrence,False
D004415,DOID:8577,CC0 1.0,MEDLINE cooccurrence,False
D012585,DOID:1115,CC0 1.0,MEDLINE cooccurrence,False
D019080,DOID:11934,CC0 1.0,MEDLINE cooccurrence,False
D011782,DOID:1319,CC0 1.0,MEDLINE cooccurrence,False
D019569,DOID:3070,CC0 1.0,MEDLINE cooccurrence,False
D065635,DOID:6364,CC0 1.0,MEDLINE cooccurrence,False
D001766,DOID:184,CC0 1.0,MEDLINE cooccurrence,False
D014550,DOID:11054,CC0 1.0,MEDLINE cooccurrence,False
D018908,DOID:10941,CC0 1.0,MEDLINE cooccurrence,False
D003147,DOID:12849,CC0 1.0,MEDLINE cooccurrence,False
D015354,DOID:13241,CC0 1.0,MEDLINE cooccurrence,False
D012021,DOID:5612,CC0 1.0,MEDLINE cooccurrence,False
D003490,DOID:2994,CC0 1.0,MEDLINE cooccurrence,False
D008607,DOID:216,CC0 1.0,MEDLINE cooccurrence,False
D012891,DOID:332,CC0 1.0,MEDLINE cooccurrence,False
D056128,DOID:9970,CC0 1.0,MEDLINE cooccurrence,False
D010291,DOID:1909,CC0 1.0,MEDLINE cooccurrence,False
D015431,DOID:9352,CC0 1.0,MEDLINE cooccurrence,False
D012135,DOID:3310,CC0 1.0,MEDLINE cooccurrence,False
D020069,DOID:1612,CC0 1.0,MEDLINE cooccurrence,False
D014840,DOID:1324,CC0 1.0,MEDLINE cooccurrence,False
D009325,DOID:10283,CC0 1.0,MEDLINE cooccurrence,False
D019547,DOID:5612,CC0 1.0,MEDLINE cooccurrence,False
D006985,DOID:1319,CC0 1.0,MEDLINE cooccurrence,False
D006942,DOID:12236,CC0 1.0,MEDLINE cooccurrence,False
D006935,DOID:332,CC0 1.0,MEDLINE cooccurrence,False
D004487,DOID:8398,CC0 1.0,MEDLINE cooccurrence,False
D009765,DOID:11612,CC0 1.0,MEDLINE cooccurrence,False
D018908,DOID:4045,CC0 1.0,MEDLINE cooccurrence,False
D051346,DOID:2377,CC0 1.0,MEDLINE cooccurrence,False
D004487,DOID:9008,CC0 1.0,MEDLINE cooccurrence,False
D009133,DOID:418,CC0 1.0,MEDLINE cooccurrence,False
D005334,DOID:9074,CC0 1.0,MEDLINE cooccurrence,False
D014840,DOID:11934,CC0 1.0,MEDLINE cooccurrence,False
D011141,DOID:263,CC0 1.0,MEDLINE cooccurrence,False
D020886,DOID:1024,CC0 1.0,MEDLINE cooccurrence,False
D059411,DOID:13223,CC0 1.0,MEDLINE cooccurrence,False
D011782,DOID:7147,CC0 1.0,MEDLINE cooccurrence,False
D009886,DOID:1192,CC0 1.0,MEDLINE cooccurrence,False
D007706,DOID:1826,CC0 1.0,MEDLINE cooccurrence,False
D004487,DOID:824,CC0 1.0,MEDLINE cooccurrence,False
D004411,DOID:1319,CC0 1.0,MEDLINE cooccurrence,False
D010264,DOID:332,CC0 1.0,MEDLINE cooccurrence,False
D004412,DOID:11612,CC0 1.0,MEDLINE cooccurrence,False
D008607,DOID:4159,CC0 1.0,MEDLINE cooccurrence,False
D006315,DOID:1094,CC0 1.0,MEDLINE cooccurrence,False
D002559,DOID:11934,CC0 1.0,MEDLINE cooccurrence,False
D006469,DOID:3083,CC0 1.0,MEDLINE cooccurrence,False
D011681,DOID:9744,CC0 1.0,MEDLINE cooccurrence,False
D006816,DOID:332,CC0 1.0,MEDLINE cooccurrence,False
D011696,DOID:9074,CC0 1.0,MEDLINE cooccurrence,False
D005334,DOID:1324,CC0 1.0,MEDLINE cooccurrence,False
D014826,DOID:2596,CC0 1.0,MEDLINE cooccurrence,False
D015746,DOID:4606,CC0 1.0,MEDLINE cooccurrence,False
D006311,DOID:0060119,CC0 1.0,MEDLINE cooccurrence,False
D004412,DOID:4362,CC0 1.0,MEDLINE cooccurrence,False
D000860,DOID:1324,CC0 1.0,MEDLINE cooccurrence,False
D011695,DOID:13378,CC0 1.0,MEDLINE cooccurrence,False
D014839,DOID:1319,CC0 1.0,MEDLINE cooccurrence,False
D017699,DOID:13223,CC0 1.0,MEDLINE cooccurrence,False
D014826,DOID:1324,CC0 1.0,MEDLINE cooccurrence,False
D010264,DOID:3565,CC0 1.0,MEDLINE cooccurrence,False
D005335,DOID:1725,CC0 1.0,MEDLINE cooccurrence,False
D005262,DOID:3953,CC0 1.0,MEDLINE cooccurrence,False
D056844,DOID:585,CC0 1.0,MEDLINE cooccurrence,False
D018908,DOID:175,CC0 1.0,MEDLINE cooccurrence,False
D010264,DOID:4159,CC0 1.0,MEDLINE cooccurrence,False
D011602,DOID:986,CC0 1.0,MEDLINE cooccurrence,False
D005334,DOID:13241,CC0 1.0,MEDLINE cooccurrence,False
D005130,DOID:1909,CC0 1.0,MEDLINE cooccurrence,False
D007625,DOID:1826,CC0 1.0,MEDLINE cooccurrence,False
D014839,DOID:11054,CC0 1.0,MEDLINE cooccurrence,False
D004438,DOID:4989,CC0 1.0,MEDLINE cooccurrence,False
D006209,DOID:824,CC0 1.0,MEDLINE cooccurrence,False
D018886,DOID:3070,CC0 1.0,MEDLINE cooccurrence,False
D059350,DOID:7147,CC0 1.0,MEDLINE cooccurrence,False
D010292,DOID:6364,CC0 1.0,MEDLINE cooccurrence,False
D009207,DOID:3953,CC0 1.0,MEDLINE cooccurrence,False
D019569,DOID:10763,CC0 1.0,MEDLINE cooccurrence,False
D002524,DOID:14330,CC0 1.0,MEDLINE cooccurrence,False
D005316,DOID:11714,CC0 1.0,MEDLINE cooccurrence,False
D004884,DOID:8778,CC0 1.0,MEDLINE cooccurrence,False
D004418,DOID:2841,CC0 1.0,MEDLINE cooccurrence,False
D009912,DOID:2355,CC0 1.0,MEDLINE cooccurrence,False
D008569,DOID:3312,CC0 1.0,MEDLINE cooccurrence,False
D002558,DOID:12185,CC0 1.0,MEDLINE cooccurrence,False
D006970,DOID:4481,CC0 1.0,MEDLINE cooccurrence,False
D006732,DOID:1319,CC0 1.0,MEDLINE cooccurrence,False
D005221,DOID:2394,CC0 1.0,MEDLINE cooccurrence,False
D002100,DOID:2394,CC0 1.0,MEDLINE cooccurrence,False
D004487,DOID:11054,CC0 1.0,MEDLINE cooccurrence,False
D053201,DOID:14221,CC0 1.0,MEDLINE cooccurrence,False
D005335,DOID:7693,CC0 1.0,MEDLINE cooccurrence,False
D011596,DOID:3312,CC0 1.0,MEDLINE cooccurrence,False
D006732,DOID:11934,CC0 1.0,MEDLINE cooccurrence,False
D015354,DOID:1319,CC0 1.0,MEDLINE cooccurrence,False
D001926,DOID:2043,CC0 1.0,MEDLINE cooccurrence,False
D017109,DOID:1595,CC0 1.0,MEDLINE cooccurrence,False
D005157,DOID:824,CC0 1.0,MEDLINE cooccurrence,False
D038901,DOID:9296,CC0 1.0,MEDLINE cooccurrence,False
D018886,DOID:11949,CC0 1.0,MEDLINE cooccurrence,False
D004409,DOID:14330,CC0 1.0,MEDLINE cooccurrence,False
D013064,DOID:184,CC0 1.0,MEDLINE cooccurrence,False
D003371,DOID:1115,CC0 1.0,MEDLINE cooccurrence,False
D001416,DOID:13189,CC0 1.0,MEDLINE cooccurrence,False
D007806,DOID:14330,CC0 1.0,MEDLINE cooccurrence,False
D010148,DOID:184,CC0 1.0,MEDLINE cooccurrence,False
D060050,DOID:1936,CC0 1.0,MEDLINE cooccurrence,False
D005183,DOID:1319,CC0 1.0,MEDLINE cooccurrence,False
D053584,DOID:11819,CC0 1.0,MEDLINE cooccurrence,False
D005207,DOID:3277,CC0 1.0,MEDLINE cooccurrence,False
D009461,DOID:1024,CC0 1.0,MEDLINE cooccurrence,False
D020270,DOID:1826,CC0 1.0,MEDLINE cooccurrence,False
D019591,DOID:11555,CC0 1.0,MEDLINE cooccurrence,False
D001037,DOID:5041,CC0 1.0,MEDLINE cooccurrence,False
D003967,DOID:4362,CC0 1.0,MEDLINE cooccurrence,False
D011602,DOID:3312,CC0 1.0,MEDLINE cooccurrence,False
D005334,DOID:4362,CC0 1.0,MEDLINE cooccurrence,False
D007565,DOID:2043,CC0 1.0,MEDLINE cooccurrence,False
D011507,DOID:2043,CC0 1.0,MEDLINE cooccurrence,False
D011696,DOID:4159,CC0 1.0,MEDLINE cooccurrence,False
D006209,DOID:9296,CC0 1.0,MEDLINE cooccurrence,False
D010146,DOID:4362,CC0 1.0,MEDLINE cooccurrence,False
D011141,DOID:585,CC0 1.0,MEDLINE cooccurrence,False
D012893,DOID:3310,CC0 1.0,MEDLINE cooccurrence,False
D009133,DOID:7147,CC0 1.0,MEDLINE cooccurrence,False
D020240,DOID:332,CC0 1.0,MEDLINE cooccurrence,False
D001041,DOID:10652,CC0 1.0,MEDLINE cooccurrence,False
D012021,DOID:1192,CC0 1.0,MEDLINE cooccurrence,False
D015430,DOID:9352,CC0 1.0,MEDLINE cooccurrence,False
D014103,DOID:0060119,CC0 1.0,MEDLINE cooccurrence,False
D004415,DOID:9206,CC0 1.0,MEDLINE cooccurrence,False
D009886,DOID:2994,CC0 1.0,MEDLINE cooccurrence,False
D006212,DOID:1595,CC0 1.0,MEDLINE cooccurrence,False
D015160,DOID:263,CC0 1.0,MEDLINE cooccurrence,False
D058447,DOID:1909,CC0 1.0,MEDLINE cooccurrence,False
D011141,DOID:2994,CC0 1.0,MEDLINE cooccurrence,False
D000006,DOID:10534,CC0 1.0,MEDLINE cooccurrence,False
D016534,DOID:784,CC0 1.0,MEDLINE cooccurrence,False
D011595,DOID:1595,CC0 1.0,MEDLINE cooccurrence,False
D065634,DOID:10941,CC0 1.0,MEDLINE cooccurrence,False
D001260,DOID:3571,CC0 1.0,MEDLINE cooccurrence,False
D059350,DOID:90,CC0 1.0,MEDLINE cooccurrence,False
D004487,DOID:12361,CC0 1.0,MEDLINE cooccurrence,False
D006987,DOID:1192,CC0 1.0,MEDLINE cooccurrence,False
D020238,DOID:5419,CC0 1.0,MEDLINE cooccurrence,False
D011696,DOID:12361,CC0 1.0,MEDLINE cooccurrence,False
D001049,DOID:1319,CC0 1.0,MEDLINE cooccurrence,False
D005157,DOID:0060119,CC0 1.0,MEDLINE cooccurrence,False
D016553,DOID:7148,CC0 1.0,MEDLINE cooccurrence,False
D013064,DOID:11119,CC0 1.0,MEDLINE cooccurrence,False
D052245,DOID:2174,CC0 1.0,MEDLINE cooccurrence,False
D002375,DOID:1826,CC0 1.0,MEDLINE cooccurrence,False
D017116,DOID:2994,CC0 1.0,MEDLINE cooccurrence,False
D007625,DOID:9744,CC0 1.0,MEDLINE cooccurrence,False
D017699,DOID:1790,CC0 1.0,MEDLINE cooccurrence,False
D010243,DOID:5408,CC0 1.0,MEDLINE cooccurrence,False
D020189,DOID:784,CC0 1.0,MEDLINE cooccurrence,False
D017288,DOID:184,CC0 1.0,MEDLINE cooccurrence,False
D006356,DOID:9206,CC0 1.0,MEDLINE cooccurrence,False
D007040,DOID:1459,CC0 1.0,MEDLINE cooccurrence,False
D014823,DOID:1686,CC0 1.0,MEDLINE cooccurrence,False
D057896,DOID:3070,CC0 1.0,MEDLINE cooccurrence,False
D013746,DOID:11476,CC0 1.0,MEDLINE cooccurrence,False
D000855,DOID:1612,CC0 1.0,MEDLINE cooccurrence,False
D010148,DOID:363,CC0 1.0,MEDLINE cooccurrence,False
D009886,DOID:3070,CC0 1.0,MEDLINE cooccurrence,False
D007859,DOID:12995,CC0 1.0,MEDLINE cooccurrence,False
D002524,DOID:3312,CC0 1.0,MEDLINE cooccurrence,False
D004411,DOID:10941,CC0 1.0,MEDLINE cooccurrence,False
D001416,DOID:5612,CC0 1.0,MEDLINE cooccurrence,False
D014103,DOID:11934,CC0 1.0,MEDLINE cooccurrence,False
D005334,DOID:2355,CC0 1.0,MEDLINE cooccurrence,False
D008607,DOID:9296,CC0 1.0,MEDLINE cooccurrence,False
D015430,DOID:784,CC0 1.0,MEDLINE cooccurrence,False
D012892,DOID:1826,CC0 1.0,MEDLINE cooccurrence,False
D006987,DOID:2377,CC0 1.0,MEDLINE cooccurrence,False
D011141,DOID:1319,CC0 1.0,MEDLINE cooccurrence,False
D056128,DOID:10763,CC0 1.0,MEDLINE cooccurrence,False
D004417,DOID:1790,CC0 1.0,MEDLINE cooccurrence,False
D005884,DOID:824,CC0 1.0,MEDLINE cooccurrence,False
D017699,DOID:363,CC0 1.0,MEDLINE cooccurrence,False
D010264,DOID:2994,CC0 1.0,MEDLINE cooccurrence,False
D009755,DOID:4159,CC0 1.0,MEDLINE cooccurrence,False
D019547,DOID:1115,CC0 1.0,MEDLINE cooccurrence,False
D052245,DOID:10871,CC0 1.0,MEDLINE cooccurrence,False
D004487,DOID:1459,CC0 1.0,MEDLINE cooccurrence,False
D020078,DOID:824,CC0 1.0,MEDLINE cooccurrence,False
D020324,DOID:1826,CC0 1.0,MEDLINE cooccurrence,False
D059445,DOID:1595,CC0 1.0,MEDLINE cooccurrence,False
D014313,DOID:8850,CC0 1.0,MEDLINE cooccurrence,False
D010146,DOID:4989,CC0 1.0,MEDLINE cooccurrence,False
D060486,DOID:2994,CC0 1.0,MEDLINE cooccurrence,False
D020922,DOID:0050425,CC0 1.0,MEDLINE cooccurrence,False
D020069,DOID:7147,CC0 1.0,MEDLINE cooccurrence,False
D004421,DOID:2377,CC0 1.0,MEDLINE cooccurrence,False
D013746,DOID:1459,CC0 1.0,MEDLINE cooccurrence,False
D014103,DOID:4045,CC0 1.0,MEDLINE cooccurrence,False
D005414,DOID:2394,CC0 1.0,MEDLINE cooccurrence,False
D059445,DOID:14330,CC0 1.0,MEDLINE cooccurrence,False
D020324,DOID:3070,CC0 1.0,MEDLINE cooccurrence,False
D001750,DOID:1993,CC0 1.0,MEDLINE cooccurrence,False
D004417,DOID:0050156,CC0 1.0,MEDLINE cooccurrence,False
D000006,DOID:10153,CC0 1.0,MEDLINE cooccurrence,False
D012133,DOID:5559,CC0 1.0,MEDLINE cooccurrence,False
D013575,DOID:10941,CC0 1.0,MEDLINE cooccurrence,False
D010149,DOID:11934,CC0 1.0,MEDLINE cooccurrence,False
D041781,DOID:3121,CC0 1.0,MEDLINE cooccurrence,False
D003248,DOID:2377,CC0 1.0,MEDLINE cooccurrence,False
D003221,DOID:10652,CC0 1.0,MEDLINE cooccurrence,False
D000789,DOID:3393,CC0 1.0,MEDLINE cooccurrence,False
D010243,DOID:14004,CC0 1.0,MEDLINE cooccurrence,False
D059445,DOID:5419,CC0 1.0,MEDLINE cooccurrence,False
D001247,DOID:10534,CC0 1.0,MEDLINE cooccurrence,False
D014839,DOID:11934,CC0 1.0,MEDLINE cooccurrence,False
D001260,DOID:1781,CC0 1.0,MEDLINE cooccurrence,False
D015431,DOID:14221,CC0 1.0,MEDLINE cooccurrence,False
D006429,DOID:10941,CC0 1.0,MEDLINE cooccurrence,False
D001039,DOID:3070,CC0 1.0,MEDLINE cooccurrence,False
D010468,DOID:2377,CC0 1.0,MEDLINE cooccurrence,False
D006429,DOID:2377,CC0 1.0,MEDLINE cooccurrence,False
D005334,DOID:175,CC0 1.0,MEDLINE cooccurrence,False
D010148,DOID:1993,CC0 1.0,MEDLINE cooccurrence,False
D000326,DOID:3312,CC0 1.0,MEDLINE cooccurrence,False
D013064,DOID:14330,CC0 1.0,MEDLINE cooccurrence,False
D013746,DOID:12361,CC0 1.0,MEDLINE cooccurrence,False
D011596,DOID:1094,CC0 1.0,MEDLINE cooccurrence,False
D020181,DOID:14221,CC0 1.0,MEDLINE cooccurrence,False
D001259,DOID:6364,CC0 1.0,MEDLINE cooccurrence,False
D019080,DOID:11615,CC0 1.0,MEDLINE cooccurrence,False
D004417,DOID:3277,CC0 1.0,MEDLINE cooccurrence,False
D009207,DOID:3070,CC0 1.0,MEDLINE cooccurrence,False
D001260,DOID:1612,CC0 1.0,MEDLINE cooccurrence,False
D012021,DOID:3565,CC0 1.0,MEDLINE cooccurrence,False
D001184,DOID:332,CC0 1.0,MEDLINE cooccurrence,False
D001247,DOID:3312,CC0 1.0,MEDLINE cooccurrence,False
D012415,DOID:216,CC0 1.0,MEDLINE cooccurrence,False
D009886,DOID:332,CC0 1.0,MEDLINE cooccurrence,False
D010146,DOID:4159,CC0 1.0,MEDLINE cooccurrence,False
D010149,DOID:219,CC0 1.0,MEDLINE cooccurrence,False
D015354,DOID:3070,CC0 1.0,MEDLINE cooccurrence,False
D014839,DOID:3070,CC0 1.0,MEDLINE cooccurrence,False
D009903,DOID:12849,CC0 1.0,MEDLINE cooccurrence,False
D014474,DOID:12365,CC0 1.0,MEDLINE cooccurrence,False
D017116,DOID:1115,CC0 1.0,MEDLINE cooccurrence,False
D010264,DOID:7693,CC0 1.0,MEDLINE cooccurrence,False
D006337,DOID:3393,CC0 1.0,MEDLINE cooccurrence,False
D006939,DOID:2994,CC0 1.0,MEDLINE cooccurrence,False
D019080,DOID:10021,CC0 1.0,MEDLINE cooccurrence,False
D014786,DOID:10871,CC0 1.0,MEDLINE cooccurrence,False
D009461,DOID:1319,CC0 1.0,MEDLINE cooccurrence,False
D012640,DOID:1826,CC0 1.0,MEDLINE cooccurrence,False
D007383,DOID:1936,CC0 1.0,MEDLINE cooccurrence,False
D010468,DOID:10652,CC0 1.0,MEDLINE cooccurrence,False
D004314,DOID:9835,CC0 1.0,MEDLINE cooccurrence,False
D062706,DOID:10652,CC0 1.0,MEDLINE cooccurrence,False
D015354,DOID:1686,CC0 1.0,MEDLINE cooccurrence,False
D003221,DOID:3312,CC0 1.0,MEDLINE cooccurrence,False
D000857,DOID:6364,CC0 1.0,MEDLINE cooccurrence,False
D005157,DOID:2174,CC0 1.0,MEDLINE cooccurrence,False
D014313,DOID:11934,CC0 1.0,MEDLINE cooccurrence,False
D003639,DOID:3565,CC0 1.0,MEDLINE cooccurrence,False
D012877,DOID:2355,CC0 1.0,MEDLINE cooccurrence,False
D017116,DOID:1192,CC0 1.0,MEDLINE cooccurrence,False
D007625,DOID:2355,CC0 1.0,MEDLINE cooccurrence,False
D002303,DOID:10763,CC0 1.0,MEDLINE cooccurrence,False
D017116,DOID:184,CC0 1.0,MEDLINE cooccurrence,False
D012891,DOID:784,CC0 1.0,MEDLINE cooccurrence,False
D003248,DOID:1725,CC0 1.0,MEDLINE cooccurrence,False
D014550,DOID:10283,CC0 1.0,MEDLINE cooccurrence,False
D009886,DOID:3565,CC0 1.0,MEDLINE cooccurrence,False
D006628,DOID:11612,CC0 1.0,MEDLINE cooccurrence,False
D014313,DOID:418,CC0 1.0,MEDLINE cooccurrence,False
D006987,DOID:1319,CC0 1.0,MEDLINE cooccurrence,False
D015875,DOID:9835,CC0 1.0,MEDLINE cooccurrence,False
D006423,DOID:2994,CC0 1.0,MEDLINE cooccurrence,False
D000855,DOID:784,CC0 1.0,MEDLINE cooccurrence,False
D010146,DOID:8778,CC0 1.0,MEDLINE cooccurrence,False
D009325,DOID:10021,CC0 1.0,MEDLINE cooccurrence,False
D003085,DOID:8778,CC0 1.0,MEDLINE cooccurrence,False
D004411,DOID:10652,CC0 1.0,MEDLINE cooccurrence,False
D004487,DOID:363,CC0 1.0,MEDLINE cooccurrence,False
D006396,DOID:10534,CC0 1.0,MEDLINE cooccurrence,False
D005221,DOID:1595,CC0 1.0,MEDLINE cooccurrence,False
D014786,DOID:1319,CC0 1.0,MEDLINE cooccurrence,False
D005334,DOID:3571,CC0 1.0,MEDLINE cooccurrence,False
D017827,DOID:14330,CC0 1.0,MEDLINE cooccurrence,False
D005132,DOID:2355,CC0 1.0,MEDLINE cooccurrence,False
D016553,DOID:8577,CC0 1.0,MEDLINE cooccurrence,False
D001835,DOID:9970,CC0 1.0,MEDLINE cooccurrence,False
D000377,DOID:11949,CC0 1.0,MEDLINE cooccurrence,False
D003967,DOID:10608,CC0 1.0,MEDLINE cooccurrence,False
D001835,DOID:12930,CC0 1.0,MEDLINE cooccurrence,False
D004614,DOID:11476,CC0 1.0,MEDLINE cooccurrence,False
D015877,DOID:9835,CC0 1.0,MEDLINE cooccurrence,False
D006987,DOID:1024,CC0 1.0,MEDLINE cooccurrence,False
D003117,DOID:3312,CC0 1.0,MEDLINE cooccurrence,False
D009133,DOID:1115,CC0 1.0,MEDLINE cooccurrence,False
D011507,DOID:11054,CC0 1.0,MEDLINE cooccurrence,False
D008607,DOID:0050741,CC0 1.0,MEDLINE cooccurrence,False
D001308,DOID:5419,CC0 1.0,MEDLINE cooccurrence,False
D000381,DOID:2377,CC0 1.0,MEDLINE cooccurrence,False
D000860,DOID:1115,CC0 1.0,MEDLINE cooccurrence,False
D015746,DOID:8577,CC0 1.0,MEDLINE cooccurrence,False
D056865,DOID:9970,CC0 1.0,MEDLINE cooccurrence,False
D011681,DOID:11555,CC0 1.0,MEDLINE cooccurrence,False
D015746,DOID:363,CC0 1.0,MEDLINE cooccurrence,False
D006316,DOID:1319,CC0 1.0,MEDLINE cooccurrence,False
D008607,DOID:5419,CC0 1.0,MEDLINE cooccurrence,False
D011695,DOID:9074,CC0 1.0,MEDLINE cooccurrence,False
D011537,DOID:12236,CC0 1.0,MEDLINE cooccurrence,False
D057774,DOID:10763,CC0 1.0,MEDLINE cooccurrence,False
D003638,DOID:1192,CC0 1.0,MEDLINE cooccurrence,False
D010148,DOID:4989,CC0 1.0,MEDLINE cooccurrence,False
D020187,DOID:14330,CC0 1.0,MEDLINE cooccurrence,False
